config,seed,pid,side,role,arch,heroId,strategy,won,k,d,a,dmg,taken_approx,gold,goldPerMin,t3_1_min,t3_2_min,t3_3_min,t3Count,completed10,completed15,completed20,completedEnd,unspent10,unspent15,unspent20,unspentEnd,earned10,earned15,earned20,earned20_passive,earned20_minion,earned20_kill,earned20_assist,earned20_tower,earned20_camp,earned20_objective,earned20_tithe,counterPlanned
standard,1,b1,blue,top,戰士,embercoil,standard,0,1,1,1,8028,20557,8573,437.2,9.5,17.01,,2,1,1,,2,405,327,,943,3555,5857,,,,,,,,,,t3_shieldbreaker|t3_finalstring
standard,1,b2,blue,jungle,戰士,cinderfist,standard,0,0,3,1,6451,13699,7819,398.8,9.25,17.07,,2,1,1,,2,682,697,,719,3782,5877,,,,,,,,,,t3_shieldbreaker|t3_finalstring
standard,1,b3,blue,mid,法師,auralith,standard,0,1,4,0,11001,12190,8390,427.9,11.47,18.21,,2,0,1,,2,1409,491,,259,3669,5341,,,,,,,,,,t3_psyward
standard,1,b4,blue,adc,射手,liangzicz,standard,0,2,3,0,12212,9797,8432,430,10.51,17.13,,2,0,1,,2,1357,441,,282,3517,5821,,,,,,,,,,t3_shieldbreaker|t3_rendspear
standard,1,b5,blue,sup,坦克,tixue,standard,0,0,1,3,4799,16686,9843,502,7.34,13.45,17.51,3,1,2,,3,549,161,,863,4449,7241,,,,,,,,,,t3_calmveil|t3_thornmail
standard,1,r1,red,top,戰士,embercoil,standard,1,1,0,1,10651,18982,9292,473.9,8.96,16.06,,2,1,1,,2,747,1322,,642,3897,6852,,,,,,,,,,t3_shieldbreaker|t3_finalstring
standard,1,r2,red,jungle,戰士,cinderfist,standard,1,4,1,0,8287,10954,11337,578.2,7.88,13.57,17.9,3,1,2,,3,286,889,,357,4386,7989,,,,,,,,,,t3_shieldbreaker|t3_finalstring
standard,1,r3,red,mid,法師,auralith,standard,1,2,1,2,13417,10266,9938,506.8,10.28,18.64,,2,0,1,,2,1542,276,,538,3802,6776,,,,,,,,,,t3_psyward
standard,1,r4,red,adc,射手,liangzicz,standard,1,4,2,2,17194,6950,10451,533,9.38,17.9,,2,1,1,,2,348,507,,1551,3698,6187,,,,,,,,,,t3_shieldbreaker|t3_rendspear
standard,1,r5,red,sup,坦克,tixue,standard,1,1,0,5,6999,13935,11511,587.1,8.61,14.11,17.84,4,1,2,,4,717,759,,211,4617,7999,,,,,,,,,,t3_calmveil|t3_thornmail
standard,2,b1,blue,top,戰士,cinderfist,standard,1,0,6,0,11503,27366,9653,415.9,9.93,18.38,,2,1,1,2,2,443,298,132,1422,3593,5778,8362,6253,627,,,1330,,152,,t3_shieldbreaker|t3_finalstring
standard,2,b2,blue,jungle,戰士,chichuan,standard,1,0,3,0,8116,18236,9348,402.8,9.98,16.98,,2,1,1,2,2,22,747,500,1167,3772,6177,8030,6253,209,,,380,1036,152,,t3_shieldbreaker|t3_finalstring
standard,2,b3,blue,mid,法師,ronghuo,standard,1,2,8,0,14909,13195,9945,428.5,11.27,18.3,,2,0,1,2,2,1333,356,310,1344,3593,5956,8160,6253,779,570,,380,26,152,,t3_psyward
standard,2,b4,blue,adc,射手,leiting,standard,1,2,3,0,15159,9358,10147,437.2,9.98,19.46,,2,1,1,2,2,129,341,317,1246,3479,5721,7317,6253,532,,,380,,152,,t3_shieldbreaker|t3_rendspear
standard,2,b5,blue,sup,輔助,linghun,standard,1,0,4,0,7098,17400,9910,427,6.39,12.41,17.91,3,1,2,3,3,1330,331,415,870,4430,7061,8695,6253,133,,,380,,152,1777,t3_calmveil
standard,2,r1,red,top,戰士,cinderfist,standard,0,9,0,1,20369,26515,14802,637.8,9.05,14.37,18.03,4,1,2,3,4,44,373,509,1822,4144,7773,11909,6253,570,3420,285,950,51,380,,t3_shieldbreaker|t3_finalstring
standard,2,r2,red,jungle,戰士,chichuan,standard,0,6,0,3,15169,16199,13512,582.2,9.02,13.56,16.33,4,1,2,3,4,999,201,838,581,4099,8451,12188,6253,316,3420,665,475,678,380,,t3_shieldbreaker|t3_finalstring
standard,2,r3,red,mid,法師,ronghuo,standard,0,3,0,2,19267,11629,10904,469.8,11.21,18.96,,2,0,1,2,2,1276,596,958,1503,3536,5626,8508,6253,544,570,285,475,,380,,t3_psyward
standard,2,r4,red,adc,射手,leiting,standard,0,5,4,2,21857,10380,12078,520.4,10.7,18.94,21.5,3,0,1,2,3,1395,466,1711,878,3555,5366,9331,6253,703,1140,380,475,,380,,t3_shieldbreaker|t3_rendspear
standard,2,r5,red,sup,輔助,linghun,standard,0,1,0,4,4733,14350,12357,532.4,6.68,12.25,18.96,4,1,2,3,4,825,1020,952,1396,4525,6900,10182,6253,183,570,665,,,380,2130,t3_calmveil
standard,3,b1,blue,top,戰士,leimingcf,standard,1,2,0,0,10579,26143,11299,457,9.9,16.94,21.93,3,1,1,2,3,348,1067,845,499,3498,6247,9075,6253,731,1140,,475,,475,,t3_shieldbreaker|t3_finalstring
standard,3,b2,blue,jungle,戰士,jufeng,standard,1,1,3,2,9737,17114,11235,454.4,9.89,17.07,21.71,3,1,1,2,3,612,1686,565,304,3712,6336,8815,6253,402,,285,475,924,475,,t3_shieldbreaker|t3_finalstring
standard,3,b3,blue,mid,法師,gambler,standard,1,1,4,1,22658,15088,10524,425.6,11.33,19.36,,2,0,1,2,2,1546,70,293,1123,3806,6000,8793,6253,1016,570,142,475,51,285,,t3_psyward
standard,3,b4,blue,adc,射手,liangzi,standard,1,7,9,0,27119,12254,13285,537.3,9.88,18.8,23.23,3,1,1,2,3,129,218,1166,1484,3479,5598,8166,6253,487,570,,475,,380,,t3_shieldbreaker|t3_rendspear
standard,3,b5,blue,sup,輔助,shiguang,standard,1,0,3,2,8047,19192,12279,496.6,6.06,11.6,15.99,4,1,2,3,4,740,648,829,1318,4440,7678,10059,6253,212,,427,950,,285,1931,t3_calmveil
standard,3,r1,red,top,戰士,leimingcf,standard,0,2,2,0,11749,33661,10906,441.1,9.07,15.99,21.69,3,1,1,2,3,519,1011,532,406,3669,6491,9132,6253,636,1140,,950,,152,,t3_shieldbreaker|t3_finalstring
standard,3,r2,red,jungle,戰士,jufeng,standard,0,4,0,2,17469,20465,13053,527.9,8.39,16.72,20.98,4,1,1,2,4,797,844,971,303,3897,6274,9521,6253,323,1140,142,,1510,152,,t3_shieldbreaker|t3_finalstring
standard,3,r3,red,mid,法師,gambler,standard,0,4,1,1,23971,15460,12373,500.4,10.85,15.52,22.53,3,0,1,2,3,1517,678,704,292,3777,7178,10104,6253,753,1710,285,950,,152,,t3_psyward
standard,3,r4,red,adc,射手,liangzi,standard,0,8,6,1,23321,12652,13728,555.2,10.75,17.13,21.08,4,0,1,2,4,1481,155,929,827,3641,5835,9179,6253,684,1710,142,237,,152,,t3_shieldbreaker|t3_rendspear
standard,3,r5,red,sup,輔助,shiguang,standard,0,1,2,4,7026,16431,12373,500.4,6.61,11.59,15.78,4,1,2,3,4,841,889,608,993,4541,7919,9838,6253,224,570,570,237,,152,1830,t3_calmveil
standard,4,b1,blue,top,戰士,dadi2,standard,0,0,5,0,11750,24929,8943,383.1,10.18,19.42,,2,0,1,2,2,1410,365,174,662,3460,5595,7324,6253,513,,,380,26,152,,t3_shieldbreaker|t3_finalstring
standard,4,b2,blue,jungle,戰士,langwang,standard,0,0,4,0,9921,17204,9246,396.1,8.69,17.4,,2,1,1,2,2,622,571,865,1016,3722,6051,8145,6253,247,,,380,986,278,,t3_shieldbreaker|t3_finalstring
standard,4,b3,blue,mid,法師,ronghuo,standard,0,0,8,0,12821,14717,8736,374.3,11.49,20.92,,2,0,1,1,2,1438,264,1093,235,3698,5864,7593,6253,807,,,380,,152,,t3_psyward
standard,4,b4,blue,adc,射手,shengyan,standard,0,3,5,0,19379,11042,10468,448.5,10.25,18.61,,2,0,1,2,2,1348,597,235,1617,3508,5797,8185,6253,465,570,,617,,278,,t3_shieldbreaker|t3_rendspear
standard,4,b5,blue,sup,坦克,dadi,standard,0,0,4,0,4122,21270,11724,502.3,6.78,12.68,18.13,4,1,2,3,4,963,776,200,523,4563,7556,10580,6253,285,,,1092,,278,2671,t3_calmveil|t3_thornmail
standard,4,r1,red,top,戰士,dadi2,standard,1,3,0,2,12357,17576,11861,508.2,9.19,16.2,22.05,3,1,1,2,3,313,932,1270,831,4163,6462,9920,6253,608,1710,570,475,,304,,t3_shieldbreaker|t3_finalstring
standard,4,r2,red,jungle,戰士,langwang,standard,1,8,0,3,21492,17815,15550,666.2,7.58,15.08,18.13,4,1,1,3,4,872,1791,354,2100,3972,7271,11154,6253,503,2280,712,,1101,304,,t3_shieldbreaker|t3_finalstring
standard,4,r3,red,mid,法師,ronghuo,standard,1,5,2,2,16392,13223,12571,538.5,11.21,18.11,23.11,3,0,1,2,3,1311,127,13,490,3571,5727,9413,6253,813,1140,427,475,,304,,t3_psyward
standard,4,r4,red,adc,射手,shengyan,standard,1,4,1,1,19140,10734,12542,537.3,9.52,18.68,20.88,3,1,1,2,3,382,832,550,1342,3732,6212,9100,6253,880,570,142,950,,304,,t3_shieldbreaker|t3_rendspear
standard,4,r5,red,sup,坦克,dadi,standard,1,6,0,5,9035,20849,15042,644.4,7.54,12.38,16.05,5,1,2,4,5,1112,1006,825,1441,4712,8246,13025,6253,196,3420,712,,,304,2138,t3_calmveil|t3_thornmail
standard,5,b1,blue,top,戰士,ronggang,standard,0,1,2,0,8402,22389,8667,398.8,9.61,16.28,,2,1,1,2,2,462,887,364,437,3612,6367,8114,6253,722,570,,475,17,76,,t3_shieldbreaker|t3_finalstring
standard,5,b2,blue,jungle,戰士,tielian,standard,0,2,3,1,10923,16487,10638,489.5,9.74,16.08,20.68,3,1,1,2,3,598,475,1326,487,3698,5905,9506,6253,285,1140,285,475,992,76,,t3_shieldbreaker|t3_finalstring
standard,5,b3,blue,mid,法師,gambler,standard,0,1,5,0,11428,14761,8340,383.8,10.98,19.76,,2,0,1,2,2,1441,580,80,410,3701,5430,7710,6253,760,570,,,51,76,,t3_psyward
standard,5,b4,blue,adc,射手,mirrorshot,standard,0,3,3,1,15352,9091,10406,478.8,9.75,19,,2,1,1,2,2,120,280,192,1555,3470,5180,8712,6253,560,570,285,950,17,76,,t3_shieldbreaker|t3_rendspear
standard,5,b5,blue,sup,輔助,mantra,standard,0,0,4,1,5119,17974,9386,431.9,6.89,12.38,17.29,3,1,2,3,3,2054,319,372,345,4554,6799,8832,6253,294,,285,,,76,1923,t3_calmveil
standard,5,r1,red,top,戰士,ronggang,standard,1,3,1,2,14537,23279,12033,553.6,8.9,15.45,19.12,3,1,1,3,3,538,1489,1119,1232,3688,6969,10719,6253,741,1140,570,1488,51,475,,t3_shieldbreaker|t3_finalstring
standard,5,r2,red,jungle,戰士,tielian,standard,1,5,1,2,12350,14668,13043,600.2,6.79,17.48,19.08,4,1,1,3,4,872,3224,847,113,5102,8654,12197,6253,228,2850,570,538,1282,475,,t3_shieldbreaker|t3_finalstring
standard,5,r3,red,mid,法師,gambler,standard,1,2,3,1,13738,11416,10550,485.4,10.98,18.98,,2,0,1,2,2,1314,199,906,1149,3574,5949,9236,6253,893,570,285,855,,380,,t3_psyward
standard,5,r4,red,adc,射手,mirrorshot,standard,1,7,2,3,24449,10329,13280,611,10.46,17.23,20.28,3,0,1,2,3,1379,420,2496,1479,3539,5800,11396,6253,487,2850,712,617,,475,,t3_shieldbreaker|t3_rendspear
standard,5,r5,red,sup,輔助,mantra,standard,1,0,0,1,4662,12757,10487,482.5,7.18,12.95,16.07,3,1,2,3,3,598,661,513,1256,4598,7391,9743,6253,82,,142,775,,475,2014,t3_calmveil
standard,6,b1,blue,top,戰士,jingci,standard,1,2,0,2,18331,27058,11518,473,9.93,17.32,23.63,3,1,1,2,3,386,593,419,1018,3536,6073,8419,6253,665,,427,617,,456,,t3_shieldbreaker|t3_finalstring
standard,6,b2,blue,jungle,戰士,greymantle,standard,1,2,0,2,14465,16972,12051,494.9,8.54,17.21,21.38,3,1,1,2,3,165,907,974,1300,3915,6337,9524,6253,506,1140,,380,787,456,,t3_shieldbreaker|t3_finalstring
standard,6,b3,blue,mid,法師,ronghuo,standard,1,7,5,1,20904,15500,14024,575.9,10.37,18.44,21.24,4,0,1,2,4,1466,280,670,193,3726,6180,10070,6253,696,1710,285,617,51,456,,t3_psyward
standard,6,b4,blue,adc,射手,hanbing,standard,1,7,4,0,20911,11708,14102,579.1,9.56,17.25,21.53,3,1,1,2,3,281,155,838,2302,3631,5835,9388,6253,589,1710,,380,,456,,t3_shieldbreaker|t3_rendspear
standard,6,b5,blue,sup,輔助,xuemai,standard,1,1,1,4,6410,13762,13238,543.6,6.91,12.88,18.07,4,1,2,4,4,282,278,199,1857,4582,7308,10699,6253,240,570,427,855,,456,1896,t3_calmveil
standard,6,r1,red,top,戰士,jingci,standard,0,1,1,0,13427,24120,9866,405.2,9.01,19.35,23.62,3,1,1,2,3,367,271,344,265,3517,5151,7444,6253,570,570,,,51,0,,t3_shieldbreaker|t3_finalstring
standard,6,r2,red,jungle,戰士,greymantle,standard,0,2,2,0,11370,18448,10874,446.6,9.37,16.74,21.32,3,1,1,2,3,672,728,746,424,3772,5858,8926,6253,418,1140,,,1114,0,,t3_shieldbreaker|t3_finalstring
standard,6,r3,red,mid,法師,ronghuo,standard,0,3,7,1,16660,16626,11262,462.5,10.28,17.24,22.62,3,0,1,2,3,1533,67,270,311,3793,5997,8600,6253,1016,570,285,475,,0,,t3_psyward
standard,6,r4,red,adc,射手,hanbing,standard,0,4,7,0,18924,10837,10825,444.5,9.85,20.25,,2,1,1,1,2,177,233,1343,1924,3527,5313,7023,6253,769,,,,,0,,t3_shieldbreaker|t3_rendspear
standard,6,r5,red,sup,輔助,xuemai,standard,0,0,2,1,7783,18248,11764,483.1,7.08,12.75,17.35,4,1,2,3,4,1406,1057,233,313,4506,7307,9273,6253,228,,285,475,26,0,2005,t3_calmveil
standard,7,b1,blue,top,戰士,longyi,standard,0,0,4,0,11294,33688,9331,371.5,9.42,19.22,,2,1,1,2,2,348,443,534,1000,3498,5493,7184,6253,551,,,380,,0,,t3_shieldbreaker|t3_finalstring
standard,7,b2,blue,jungle,刺客,jingxiang,standard,0,0,7,1,3407,10901,10634,423.4,8.93,16.62,23.04,3,1,1,2,3,746,1009,477,533,3946,6639,8607,6253,256,,285,380,1179,253,,t3_finalstring
standard,7,b3,blue,mid,法師,haixiao,standard,0,5,8,1,19783,17020,12938,515.1,11.54,14.32,20.88,3,0,2,2,3,1485,702,1341,1587,3745,7352,10221,6253,912,2280,142,380,,253,,t3_psyward
standard,7,b4,blue,adc,射手,xuanfeng,standard,0,8,8,1,26149,10934,14337,570.8,10.52,16.12,20.11,4,0,1,2,4,1319,1225,953,737,3479,6905,9803,6253,589,1710,142,855,,253,,t3_shieldbreaker|t3_rendspear
standard,7,b5,blue,sup,坦克,longji,standard,0,1,3,2,7206,25746,11413,454.4,7.43,13.65,17.29,4,1,2,3,4,583,214,114,212,4483,7154,9614,6253,161,570,285,380,14,0,1950,t3_calmveil|t3_thornmail
standard,7,r1,red,top,戰士,longyi,standard,1,7,1,0,13896,26976,14898,593.1,8.73,13.37,17.6,4,1,2,3,4,595,540,609,1867,3745,8590,11459,6253,988,3420,,475,,323,,t3_shieldbreaker|t3_finalstring
standard,7,r2,red,jungle,刺客,jingxiang,standard,1,4,2,1,12095,12857,13671,544.3,8.72,14.74,17.61,4,1,2,3,4,979,104,871,1171,4179,7584,10871,6253,506,1710,285,475,1317,323,,t3_finalstring
standard,7,r3,red,mid,法師,haixiao,standard,1,6,3,7,31360,14823,15867,631.7,10.65,16.63,21.58,3,0,1,2,3,1523,1204,714,3386,3783,6804,9464,6253,893,570,1425,,,323,,t3_psyward
standard,7,r4,red,adc,射手,xuanfeng,standard,1,10,5,3,34005,13196,15652,623.2,10.36,16.23,19.56,4,0,1,3,4,1614,605,370,1801,3774,6285,10370,6253,801,2280,712,,,323,,t3_shieldbreaker|t3_rendspear
standard,7,r5,red,sup,坦克,longji,standard,1,3,3,3,9115,22647,13850,551.4,6.64,12.94,17.19,4,1,2,3,4,641,150,735,1649,4541,7390,10715,6253,193,1140,142,950,,228,1808,t3_calmveil|t3_thornmail
standard,8,b1,blue,top,戰士,chichuan,standard,0,1,5,1,11514,21878,8550,413.5,8.8,16.57,,2,1,1,2,2,975,894,1004,269,4125,6424,8334,6253,598,570,285,475,,152,,t3_shieldbreaker|t3_finalstring
standard,8,b2,blue,jungle,刺客,guihuo,standard,0,1,4,1,6621,9989,8458,409.1,9.41,17.43,,2,1,1,2,2,394,777,554,327,3594,5757,8204,6253,259,570,285,,684,152,,t3_finalstring
standard,8,b3,blue,mid,法師,leiming,standard,0,1,1,1,9658,12707,8958,433.3,10.53,18.04,,2,0,1,2,2,1742,272,884,78,4002,5902,8714,6253,978,570,285,475,,152,,t3_psyward
standard,8,b4,blue,adc,射手,dawnstrike,standard,0,5,1,0,10867,9620,10644,514.8,10.49,17.23,20.35,3,0,1,2,3,1447,125,1708,744,3607,5925,9858,6253,698,2280,,475,,152,,t3_shieldbreaker|t3_rendspear
standard,8,b5,blue,sup,坦克,thornwall,standard,0,0,2,0,6624,16724,10041,485.7,8.82,14.56,17.82,3,1,2,3,3,646,635,823,541,4546,7415,9723,6253,163,,,475,,152,2680,t3_calmveil|t3_thornmail
standard,8,r1,red,top,戰士,chichuan,standard,1,4,0,0,10448,17882,11322,547.6,8.11,16.85,19.75,3,1,1,3,3,758,1320,140,291,4608,6850,10270,6253,596,1710,,1330,,380,,t3_shieldbreaker|t3_finalstring
standard,8,r2,red,jungle,刺客,guihuo,standard,1,1,2,4,10255,11543,10196,493.2,8.11,15.72,20.27,3,1,1,2,3,224,1134,1308,496,4124,6764,9688,6253,159,570,855,380,1089,380,,t3_finalstring
standard,8,r3,red,mid,法師,leiming,standard,1,4,2,1,12235,12102,10904,527.4,11.24,17.5,,2,0,1,2,2,1455,251,1060,1503,3715,6451,10460,6253,881,2280,285,380,,380,,t3_psyward
standard,8,r4,red,adc,射手,dawnstrike,standard,1,2,4,1,12381,8007,9141,442.1,9.81,19.21,,2,1,1,2,2,122,248,1115,590,3472,5628,8735,6253,438,1140,142,380,,380,,t3_shieldbreaker|t3_rendspear
standard,8,r5,red,sup,坦克,thornwall,standard,1,2,0,3,5781,14157,12311,595.4,6.67,12.05,16.08,4,1,2,3,4,630,861,1925,710,5080,8101,11905,6253,203,1140,712,855,,380,2360,t3_calmveil|t3_thornmail
standard,9,b1,blue,top,戰士,xueyue,standard,1,0,2,0,17981,30790,10324,392.8,9.18,17.73,24.98,3,1,1,2,3,367,503,449,723,3517,5683,7849,6253,608,,,760,,228,,t3_shieldbreaker|t3_finalstring
standard,9,b2,blue,jungle,刺客,jiansheng,standard,1,2,5,1,12129,13595,12126,461.3,8.66,18.13,21.36,3,1,1,2,3,653,785,965,1045,3853,6365,8815,6253,285,570,285,285,908,228,,t3_finalstring
standard,9,b3,blue,mid,法師,haixiao,standard,1,7,9,0,16609,16962,14444,549.5,11.18,16.28,22.76,4,0,1,2,4,1409,599,1068,613,3669,7099,9398,6253,1016,1140,,760,,228,,t3_psyward
standard,9,b4,blue,adc,射手,yanfeng,standard,1,10,7,0,28518,13438,15859,603.4,10.17,17.43,20.46,4,0,1,2,4,1471,379,1305,2009,3631,5759,10205,6253,684,2280,,760,,228,,t3_shieldbreaker|t3_rendspear
standard,9,b5,blue,sup,輔助,shengming,standard,1,0,2,2,8792,19709,12181,463.5,7.58,13.13,17.73,4,1,2,3,4,825,605,196,731,4525,7085,8776,6253,104,,,285,,228,1904,t3_calmveil
standard,9,r1,red,top,戰士,xueyue,standard,0,4,1,1,20805,30461,12512,476,8.88,17.15,22.98,3,1,1,2,3,462,1145,286,1112,3612,6025,8286,6253,741,570,,475,,247,,t3_shieldbreaker|t3_finalstring
standard,9,r2,red,jungle,刺客,jiansheng,standard,0,4,0,1,12041,14951,13325,507,8.85,15.86,20.45,4,1,1,2,4,908,586,1299,575,4108,6166,9629,6253,57,1140,142,,1789,247,,t3_finalstring
standard,9,r3,red,mid,法師,haixiao,standard,0,8,7,3,24952,16419,15327,583.2,11.1,18.69,20.46,4,0,1,2,4,1561,543,1914,927,3821,5873,10414,6253,1016,1710,712,475,,247,,t3_psyward
standard,9,r4,red,adc,射手,yanfeng,standard,0,9,8,0,22252,11860,14358,546.3,10.96,19.45,21.7,4,0,1,2,4,1319,531,1487,508,3479,5911,9407,6253,627,2280,,,,247,,t3_shieldbreaker|t3_rendspear
standard,9,r5,red,sup,輔助,shengming,standard,0,0,3,3,10235,19682,12834,488.3,6.47,12.24,16.5,4,1,2,3,4,468,1434,1358,1383,4468,6834,9938,6253,218,,285,950,,152,2079,t3_calmveil
standard,10,b1,blue,top,戰士,langwang,standard,1,0,1,0,15359,22533,8520,392.9,10.76,18.52,,2,0,1,2,2,1543,267,642,469,3593,5797,7792,6253,798,,,285,,456,,t3_shieldbreaker|t3_finalstring
standard,10,b2,blue,jungle,刺客,youming,standard,1,2,2,0,4861,9266,10304,475.2,8.38,17.88,21.37,3,1,1,2,3,654,1030,1094,604,3854,6660,9474,6253,209,1140,,285,1130,456,,t3_finalstring
standard,10,b3,blue,mid,法師,leiming,standard,1,4,3,2,15137,12421,12491,576.1,11.61,15.58,20.32,3,0,1,2,3,1517,716,2443,590,3777,7216,11193,6253,969,1710,570,1235,,456,,t3_psyward
standard,10,b4,blue,adc,射手,siwang,standard,1,11,1,2,27152,8775,16012,738.5,10.71,15.34,18.02,5,0,1,4,5,1490,1314,278,412,3650,6994,13498,6253,899,4560,570,760,,456,,t3_shieldbreaker|t3_rendspear
standard,10,b5,blue,sup,坦克,tiemu,standard,1,1,0,0,4896,16879,11508,530.7,7.2,13.67,18.73,3,1,2,3,3,32,549,801,1528,4532,7209,10781,6253,202,570,,760,34,456,2504,t3_calmveil|t3_thornmail
standard,10,r1,red,top,戰士,langwang,standard,0,2,1,0,13027,24165,9776,450.8,9.14,16.43,21.3,3,1,1,2,3,355,996,939,125,3505,6526,9219,6253,722,1140,,950,77,76,,t3_shieldbreaker|t3_finalstring
standard,10,r2,red,jungle,刺客,youming,standard,0,1,5,3,8981,10413,9736,449,7.99,15.57,21.32,3,1,1,2,3,953,967,890,236,4153,6597,9020,6253,411,570,712,,996,76,,t3_finalstring
standard,10,r3,red,mid,法師,leiming,standard,0,0,7,1,11521,14060,8355,385.3,10.55,20.21,,2,0,1,1,2,1637,252,1279,325,3897,5702,7779,6253,1007,,285,158,,76,,t3_psyward
standard,10,r4,red,adc,射手,siwang,standard,0,3,4,0,12079,9327,9799,451.9,10.7,19.27,,2,0,1,2,2,1158,308,821,949,3318,5208,8121,6253,589,570,,633,,76,,t3_shieldbreaker|t3_rendspear
standard,10,r5,red,sup,坦克,tiemu,standard,0,1,1,2,5833,18192,11117,512.7,6.78,12.27,17.43,4,1,2,3,4,197,379,142,217,4997,7619,10522,6253,234,570,427,633,,76,2327,t3_calmveil|t3_thornmail
standard,11,b1,blue,top,戰士,rongyan,standard,0,0,7,0,13396,34549,9500,367,9.03,18.51,,2,1,1,2,2,405,411,395,1219,3555,5341,7545,6253,817,,,475,,0,,t3_shieldbreaker|t3_finalstring
standard,11,b2,blue,jungle,刺客,yueying,standard,0,0,7,0,5581,13096,9601,370.9,8.48,19.11,25.68,3,1,1,2,3,551,510,107,101,3751,5490,7407,6253,380,,,,774,0,,t3_finalstring
standard,11,b3,blue,mid,法師,haixiao,standard,0,1,6,0,20339,16595,10678,412.5,11.38,19.06,25.65,3,0,1,2,3,1485,182,180,227,3745,5512,7830,6253,1007,570,,,,0,,t3_psyward
standard,11,b4,blue,adc,射手,maestro,standard,0,9,6,0,30908,12081,14411,556.8,10.02,17.86,21.06,4,0,1,2,4,1433,403,441,1411,3593,5303,8391,6253,760,1140,,237,,0,,t3_shieldbreaker|t3_rendspear
standard,11,b5,blue,sup,坦克,suishan,standard,0,0,5,0,7454,28421,11720,452.8,7.25,13.52,19.19,4,1,2,3,4,287,324,372,359,4487,6824,8872,6253,228,,,237,,0,2153,t3_calmveil|t3_thornmail
standard,11,r1,red,top,戰士,rongyan,standard,1,12,1,0,28345,30479,17727,684.9,9.32,14.46,17.92,5,1,2,3,5,329,395,771,2376,3479,7545,11801,6253,817,3420,,855,,456,,t3_shieldbreaker|t3_finalstring
standard,11,r2,red,jungle,刺客,yueying,standard,1,2,2,1,10670,13247,13251,511.9,8.42,16.4,21.64,3,1,1,2,3,221,1522,1002,2600,4121,7152,9382,6253,218,570,,380,1504,456,,t3_finalstring
standard,11,r3,red,mid,法師,haixiao,standard,1,5,3,1,17488,15566,13490,521.2,11.16,19.76,22.94,4,0,1,2,4,1466,254,284,139,3726,5854,8134,6253,760,,285,380,,456,,t3_psyward
standard,11,r4,red,adc,射手,maestro,standard,1,11,4,2,38687,12087,17201,664.6,10.42,17.86,19.9,5,0,1,3,5,1414,1834,300,1600,3574,6614,10300,6253,646,2280,285,380,,456,,t3_shieldbreaker|t3_rendspear
standard,11,r5,red,sup,坦克,suishan,standard,1,1,0,5,7638,20503,14814,572.3,6.48,13.45,16.69,5,1,2,3,5,363,1057,1315,1214,4563,8297,11295,6253,256,570,570,855,,456,2334,t3_calmveil|t3_thornmail
standard,12,b1,blue,top,戰士,embercoil,standard,0,1,4,1,14971,26671,10363,435.1,9.18,19.43,22.78,3,1,1,2,3,415,270,336,763,3565,5750,7916,6253,541,570,,475,,76,,t3_shieldbreaker|t3_finalstring
standard,12,b2,blue,jungle,刺客,yeiren,standard,0,1,4,0,4679,10591,10029,421.1,8.72,17.82,23.08,3,1,1,2,3,677,417,400,99,3877,5697,8480,6253,193,570,,,1387,76,,t3_finalstring
standard,12,b3,blue,mid,法師,leiming,standard,0,0,6,1,17460,14724,9152,384.3,11.12,19.26,,2,0,1,2,2,1385,319,364,351,3645,5469,7914,6253,824,,285,475,,76,,t3_psyward
standard,12,b4,blue,adc,射手,liuxing,standard,0,7,4,0,22368,11469,13739,576.9,9.11,18.49,20.84,3,1,1,2,3,462,442,175,2138,3812,5522,7795,6253,896,570,,,,76,,t3_shieldbreaker|t3_rendspear
standard,12,b5,blue,sup,輔助,mingyunyindao,standard,0,2,1,0,5712,17687,11814,496,7.4,12.18,16.66,4,1,2,3,4,211,929,1182,364,4511,7479,10222,6253,166,1140,,475,51,76,2059,t3_calmveil
standard,12,r1,red,top,戰士,embercoil,standard,1,7,1,0,18332,27675,14055,590.2,9.51,14.9,19.49,4,1,2,3,4,595,84,582,1255,3745,7184,11982,6253,988,3420,,1092,,228,,t3_shieldbreaker|t3_finalstring
standard,12,r2,red,jungle,刺客,yeiren,standard,1,2,3,1,6746,14254,11532,484.2,8.02,14.82,22.67,3,1,2,2,3,848,66,444,452,4048,6716,8774,6253,152,,285,380,1476,228,,t3_finalstring
standard,12,r3,red,mid,法師,leiming,standard,1,4,4,1,14824,14764,11880,498.8,11.23,18.27,22.77,3,0,1,2,3,1400,414,261,1329,3660,5864,8761,6253,807,570,285,617,,228,,t3_psyward
standard,12,r4,red,adc,射手,liuxing,standard,1,6,1,0,16264,10719,12592,528.7,10.92,17.68,21.27,3,0,1,2,3,1376,284,279,792,3536,5664,9179,6253,608,1710,,380,,228,,t3_shieldbreaker|t3_rendspear
standard,12,r5,red,sup,輔助,mingyunyindao,standard,1,0,2,5,7179,14687,12570,527.8,6.68,12.14,16.13,4,1,2,3,4,490,1230,1276,1870,4440,7480,10316,6253,104,,855,855,,228,2020,t3_calmveil
standard,13,b1,blue,top,坦克,ironclad,standard,0,0,3,0,8628,21672,7946,363.7,8.73,15.63,,2,1,1,2,2,567,440,586,616,3517,5740,7336,6253,608,,,475,,0,,t3_calmveil|t3_thornmail
standard,13,b2,blue,jungle,刺客,sting,standard,0,1,4,0,5650,11541,8792,402.4,9.66,18.1,,2,1,1,2,2,487,420,445,712,3687,5700,8045,6253,228,570,,,994,0,,t3_finalstring
standard,13,b3,blue,mid,法師,mingyun2,standard,0,1,5,0,11886,14041,9146,418.6,11.35,18.51,,2,0,1,2,2,1286,433,342,966,3546,5363,8042,6253,744,570,,475,,0,,t3_psyward
standard,13,b4,blue,adc,射手,shensheng,standard,0,0,2,1,8600,12186,7813,357.6,9.34,19.3,,2,1,1,2,2,224,103,322,133,3574,5303,7222,6253,684,,285,,,0,,t3_shieldbreaker|t3_rendspear
standard,13,b5,blue,sup,輔助,mingyun,standard,0,0,2,0,3605,16265,10526,481.8,6.31,12.86,17.37,3,1,2,3,3,535,270,1437,1486,4535,7300,9897,6253,205,,,1425,51,0,1961,t3_calmveil
standard,13,r1,red,top,坦克,ironclad,standard,1,1,0,2,8998,20620,10454,478.5,9.23,14.13,19.24,3,1,2,3,3,605,403,272,1004,3555,6253,9122,6253,703,,570,1140,,456,,t3_calmveil|t3_thornmail
standard,13,r2,red,jungle,刺客,sting,standard,1,4,0,0,7916,10663,11648,533.1,9.16,12.53,18.77,3,1,2,3,3,487,446,603,567,4637,7996,10553,6253,50,2280,,190,1323,456,,t3_finalstring
standard,13,r3,red,mid,法師,mingyun2,standard,1,3,1,2,14661,10764,12256,560.9,9.98,15.78,19.84,3,1,1,3,3,329,899,117,1706,4179,7399,10667,6253,1108,1140,570,1140,,456,,t3_psyward
standard,13,r4,red,adc,射手,shensheng,standard,1,8,1,1,24952,8899,14314,655.1,10.09,18.02,20.15,4,0,1,2,4,1550,420,947,464,3710,5800,9847,6253,763,1710,,665,,456,,t3_shieldbreaker|t3_rendspear
standard,13,r5,red,sup,輔助,mingyun,standard,1,0,0,1,6002,9177,10572,483.9,6.86,12.73,18.93,3,1,2,3,3,1489,651,736,1532,4589,7131,9316,6253,338,,285,190,,456,1793,t3_calmveil
standard,14,b1,blue,top,坦克,tieshixin,standard,,5,20,2,43774,105289,25611,426.9,9.8,15.77,21.43,5,1,1,2,5,586,441,850,11961,3536,5841,8140,6253,532,,570,285,,500,,t3_calmveil|t3_thornmail
standard,14,b2,blue,jungle,刺客,binghe,standard,,8,19,2,38003,46236,28602,476.7,9.78,17.52,26.81,5,1,1,2,5,545,930,289,13301,3745,5910,7769,6253,171,,,285,907,152,,t3_finalstring
standard,14,b3,blue,mid,法師,bingshuang,standard,,52,36,1,225214,63065,52012,866.9,11.5,19.12,25.64,5,0,1,2,5,1371,334,527,35861,3631,6234,8077,6253,817,,,760,,247,,t3_psyward
standard,14,b4,blue,adc,射手,mori,standard,,55,24,2,472510,44441,53700,895,9.93,18.13,21.85,5,1,1,2,5,471,269,88,38099,3821,6069,8368,6253,760,570,,285,,500,,t3_shieldbreaker|t3_rendspear
standard,14,b5,blue,sup,坦克,tixue,standard,,1,20,4,22767,99211,25645,427.4,8.92,13.11,17.02,5,1,2,3,5,63,436,151,12045,4563,7376,10131,6253,152,570,,760,,500,1895,t3_calmveil|t3_thornmail
standard,14,r1,red,top,坦克,tieshixin,standard,,8,21,3,50700,111488,27753,462.6,9.07,15.08,19.57,5,1,1,3,5,814,1157,225,14103,3764,6557,8875,6253,855,1140,,475,,152,,t3_calmveil|t3_thornmail
standard,14,r2,red,jungle,刺客,binghe,standard,,15,22,2,47993,55958,32855,547.6,9.82,17.08,20.88,5,1,1,2,5,720,982,120,17555,3920,5962,8550,6253,364,570,,,1210,152,,t3_finalstring
standard,14,r3,red,mid,法師,bingshuang,standard,,29,28,1,123836,51805,39602,660,10.74,21.11,26.61,5,0,1,1,5,1466,809,1777,23451,3726,5959,8277,6253,921,,,950,,152,,t3_psyward
standard,14,r4,red,adc,射手,mori,standard,,64,29,4,533036,43511,59146,985.8,9.89,18.39,23.01,5,1,1,2,5,243,212,1771,43546,3593,5712,9151,6253,703,1140,427,475,,152,,t3_shieldbreaker|t3_rendspear
standard,14,r5,red,sup,坦克,tixue,standard,,3,21,10,22204,94663,27648,460.8,7.76,12.56,18.51,5,1,2,3,5,256,686,378,14048,4456,7926,10358,6253,348,1140,142,475,,152,1846,t3_calmveil|t3_thornmail
standard,15,b1,blue,top,坦克,bingshouweis,standard,1,2,1,0,7880,18989,10513,479.7,8.36,14.11,20.24,3,1,2,2,3,909,350,1436,1483,3859,6500,8666,6253,1026,570,,285,,532,,t3_calmveil|t3_thornmail
standard,15,b2,blue,jungle,刺客,shanying,standard,1,1,0,2,3618,7489,9841,449,9.32,16.1,,2,1,1,2,2,511,1579,974,1810,3711,6679,9004,6253,323,570,237,285,803,532,,t3_finalstring
standard,15,b3,blue,mid,法師,mingyun2,standard,1,0,2,1,16408,13403,9164,418.2,11,18.7,,2,0,1,2,2,1409,372,332,414,3669,6272,8362,6253,722,,95,760,,532,,t3_psyward
standard,15,b4,blue,adc,射手,leiting,standard,1,5,4,0,18453,10214,11492,524.3,10.03,17.68,21.32,3,0,1,2,3,1329,427,1600,1011,3489,5807,9550,6253,532,1710,,522,,532,,t3_shieldbreaker|t3_rendspear
standard,15,b5,blue,sup,輔助,linghun,standard,1,0,0,3,6753,13719,12327,562.5,7,12.3,14.58,4,1,3,4,4,459,338,360,877,4459,8038,11240,6253,133,,237,1472,17,532,2594,t3_calmveil
standard,15,r1,red,top,坦克,bingshouweis,standard,0,1,1,1,6902,21545,9194,419.5,6.63,14.94,19.78,3,1,2,3,3,275,65,362,264,4125,6215,8512,6253,520,570,142,950,,76,,t3_calmveil|t3_thornmail
standard,15,r2,red,jungle,刺客,shanying,standard,0,0,2,0,3444,11011,8394,383,9.26,18.51,,2,1,1,2,2,503,719,880,844,3703,5649,7530,6253,140,,,,1060,76,,t3_finalstring
standard,15,r3,red,mid,法師,mingyun2,standard,0,1,1,0,15510,13107,8444,385.3,11,20.17,,2,0,1,1,2,1599,220,1320,313,3859,5550,7800,6253,900,570,,,,76,,t3_psyward
standard,15,r4,red,adc,射手,leiting,standard,0,5,3,1,16888,14203,11899,542.9,10.12,16.5,20.28,3,0,1,2,3,1490,140,1396,918,3650,5940,10146,6253,872,1710,285,950,,76,,t3_shieldbreaker|t3_rendspear
standard,15,r5,red,sup,輔助,linghun,standard,0,0,1,1,6143,15928,9296,424.1,6.73,12.27,18.35,3,1,2,3,3,225,274,595,255,4525,6754,8595,6253,226,,142,,,76,1896,t3_calmveil
standard,16,b1,blue,top,坦克,tiebi,standard,1,1,2,1,10913,24578,11564,464.4,9.01,15.39,19.68,4,1,1,3,4,833,687,220,313,3783,5987,9550,6253,874,570,142,1330,,380,,t3_calmveil|t3_thornmail
standard,16,b2,blue,jungle,刺客,dianguang,standard,1,1,7,2,6830,14079,11183,449.1,9.84,17.26,21.68,3,1,1,2,3,429,1094,764,753,3629,6674,9094,6253,304,570,427,380,779,380,,t3_finalstring
standard,16,b3,blue,mid,法師,bingshuang,standard,1,5,3,1,23611,15561,12873,517,11.19,15.07,21.75,3,0,1,2,3,1371,1318,1462,392,3631,7818,10212,6253,608,2280,285,380,26,380,,t3_psyward
standard,16,b4,blue,adc,射手,liangzi,standard,1,10,7,2,31287,12132,15570,625.3,10.2,16.31,20.41,4,0,1,2,4,1357,1395,1970,1719,3517,6595,10870,6253,579,2850,427,380,,380,,t3_shieldbreaker|t3_rendspear
standard,16,b5,blue,sup,輔助,huanjing,standard,1,0,1,1,8121,18221,12236,491.4,7.57,12.4,15.8,4,1,2,3,4,551,1224,270,786,4501,7474,9310,6253,104,,142,380,51,380,1998,t3_calmveil
standard,16,r1,red,top,坦克,tiebi,standard,0,5,2,1,15679,31704,13492,541.9,8.21,13.52,19.23,4,1,2,3,4,184,297,409,1742,4334,6747,9559,6253,950,2280,,,,76,,t3_calmveil|t3_thornmail
standard,16,r2,red,jungle,刺客,dianguang,standard,0,4,0,2,10050,14325,12490,501.6,8.68,13.31,19.51,3,1,2,3,3,135,431,291,1410,4465,7861,9941,6253,418,1710,427,,1056,76,,t3_finalstring
standard,16,r3,red,mid,法師,bingshuang,standard,0,3,4,1,20793,16324,11630,467.1,11.22,19.44,24.78,3,0,1,2,3,1485,11,280,200,3745,5341,7830,6253,741,,285,475,,76,,t3_psyward
standard,16,r4,red,adc,射手,liangzi,standard,0,8,7,1,23312,12167,13416,538.8,9.88,18.08,21.56,3,1,1,2,3,205,413,1825,1616,3555,5313,9445,6253,693,2280,142,,,76,,t3_shieldbreaker|t3_rendspear
standard,16,r5,red,sup,輔助,huanjing,standard,0,0,4,2,5333,18106,11906,478.1,11.48,12.53,16.52,4,0,2,3,4,2583,161,275,1025,4563,6891,9315,6253,161,,285,475,,76,2064,t3_calmveil
standard,17,b1,blue,top,坦克,shengdun,standard,1,2,3,0,14939,32891,13024,454.2,8.95,14.44,18.35,4,1,2,3,4,776,303,122,774,3726,6253,9552,6253,665,1140,,1140,11,342,,t3_calmveil|t3_thornmail
standard,17,b2,blue,jungle,戰士,tielian,standard,1,0,5,1,11640,21393,11514,401.5,8.61,17.74,24.35,3,1,1,2,3,127,1126,427,483,3927,6126,8127,6253,437,,142,190,951,152,,t3_finalstring|t3_shieldbreaker
standard,17,b3,blue,mid,法師,mingyun2,standard,1,10,8,2,32798,21426,17316,603.9,11.28,17.08,23.7,5,0,1,2,5,1390,429,287,1166,3650,6329,9037,6253,779,570,427,665,,342,,t3_psyward
standard,17,b4,blue,adc,射手,shengyan,standard,1,7,6,0,33304,16803,15191,529.8,10.73,17.93,22.68,4,0,1,2,4,1427,259,660,1341,3587,5639,8460,6253,630,570,,665,,342,,t3_shieldbreaker|t3_rendspear
standard,17,b5,blue,sup,坦克,dadi,standard,1,0,4,5,9818,26839,14180,494.5,6.62,13.2,18.97,5,1,2,3,5,427,85,772,579,4627,7325,10272,6253,224,,570,190,11,342,2680,t3_calmveil|t3_thornmail
standard,17,r1,red,top,坦克,shengdun,standard,0,2,3,2,14691,31790,12054,420.4,9.59,14.75,21.9,4,1,2,2,4,567,360,863,404,3517,6310,8153,6253,608,570,,570,,152,,t3_calmveil|t3_thornmail
standard,17,r2,red,jungle,戰士,tielian,standard,0,4,2,0,14463,17580,14261,497.3,10.06,19.18,20.78,4,0,1,2,4,1717,1646,859,961,3717,5926,8859,6253,253,570,,95,1345,342,,t3_finalstring|t3_shieldbreaker
standard,17,r3,red,mid,法師,mingyun2,standard,0,8,6,1,25270,21517,16260,567,10.79,18.56,22.05,4,0,1,2,4,1599,475,531,1859,3859,6225,9331,6253,1121,570,,1045,,342,,t3_psyward
standard,17,r4,red,adc,射手,shengyan,standard,0,11,6,1,47520,15666,17417,607.4,9.33,17.97,22.68,5,1,1,2,5,313,282,508,1817,3663,5482,8788,6253,946,1140,,95,11,342,,t3_shieldbreaker|t3_rendspear
standard,17,r5,red,sup,坦克,dadi,standard,0,1,2,3,10443,30673,15289,533.2,6.91,12.13,16.6,5,1,2,3,5,306,723,1829,1689,4506,7963,11809,6253,262,570,285,1520,11,342,2565,t3_calmveil|t3_thornmail
standard,18,b1,blue,top,坦克,shiqiang,standard,0,1,0,0,7580,22651,8871,414.8,8.85,17.39,20.73,3,1,1,2,3,672,293,224,40,3622,5693,7954,6253,503,570,,475,,152,,t3_calmveil|t3_thornmail
standard,18,b2,blue,jungle,戰士,greymantle,standard,0,0,3,0,6368,13861,8119,379.7,8.91,17.69,,2,1,1,2,2,674,502,177,319,3774,5732,7677,6253,313,,,,958,152,,t3_finalstring|t3_shieldbreaker
standard,18,b3,blue,mid,法師,bingshuang,standard,0,0,4,0,9603,13953,8101,378.9,10.94,17.62,,2,0,1,2,2,1504,536,229,371,3764,5436,7659,6253,779,,,475,,152,,t3_psyward
standard,18,b4,blue,adc,射手,mirrorshot,standard,0,1,5,1,20819,12170,8358,390.9,10.11,18.88,,2,0,1,2,2,1595,208,28,507,3755,5408,7878,6253,617,570,285,,,152,,t3_shieldbreaker|t3_rendspear
standard,18,b5,blue,sup,坦克,ironclad,standard,0,0,1,0,3981,18206,11023,515.5,6.79,12.95,16.89,4,1,2,3,4,829,237,651,123,4729,7037,9631,6253,180,,,475,51,152,2519,t3_calmveil|t3_thornmail
standard,18,r1,red,top,坦克,shiqiang,standard,1,4,0,0,8846,18106,12218,571.4,9.78,14.87,19.93,3,1,2,3,3,909,52,201,2187,3859,6462,9331,6253,798,1140,,665,,475,,t3_calmveil|t3_thornmail
standard,18,r2,red,jungle,戰士,greymantle,standard,1,5,0,1,9074,13445,12285,574.5,7.67,12.61,16.68,3,1,2,3,3,1128,634,437,1255,5408,8034,11467,6253,152,2850,285,190,1261,475,,t3_finalstring|t3_shieldbreaker
standard,18,r3,red,mid,法師,bingshuang,standard,1,2,1,1,19340,12000,10720,501.3,10.37,15.83,,2,0,1,2,2,1447,2240,314,1320,3707,7270,9714,6253,943,1140,,902,,475,,t3_psyward
standard,18,r4,red,adc,射手,mirrorshot,standard,1,0,1,3,18710,8750,9666,452,11.08,16.92,,2,0,1,2,2,1433,459,156,1085,3593,6139,8736,6253,630,,570,902,,380,,t3_shieldbreaker|t3_rendspear
standard,18,r5,red,sup,坦克,ironclad,standard,1,2,0,3,6293,16295,11981,560.3,7.71,11.91,16.68,4,1,2,3,4,1815,1438,552,681,4715,8378,10532,6253,250,570,570,665,51,475,1697,t3_calmveil|t3_thornmail
standard,19,b1,blue,top,坦克,tiemu,standard,1,0,2,0,11129,24880,10371,420.1,8.83,15.98,21.23,3,1,1,2,3,605,383,391,440,3555,5683,7621,6253,760,,,285,,323,,t3_calmveil|t3_thornmail
standard,19,b2,blue,jungle,戰士,chichuan,standard,1,1,4,0,8028,16064,10718,434.2,9.57,16.52,23.08,3,1,1,2,3,524,1313,492,388,3624,6743,8742,6253,76,570,,760,855,228,,t3_shieldbreaker|t3_finalstring
standard,19,b3,blue,mid,法師,lieyan,standard,1,3,6,1,16942,15908,11549,467.9,10.54,19.65,23.51,3,0,1,2,3,1523,389,151,1198,3783,6139,8001,6253,855,,285,285,,323,,t3_psyward
standard,19,b4,blue,adc,射手,hanbing,standard,1,7,3,0,25036,10530,13477,546,9.19,18.31,22.73,3,1,1,2,3,481,203,643,1877,3831,5883,9493,6253,921,1710,,285,,323,,t3_shieldbreaker|t3_rendspear
standard,19,b5,blue,sup,輔助,xuemai,standard,1,0,3,1,6297,21014,12299,498.3,6.28,12.44,15.66,4,1,2,3,4,516,427,1041,918,4516,7157,10271,6253,199,,,1235,,323,2260,t3_calmveil
standard,19,r1,red,top,坦克,tiemu,standard,0,1,0,3,12103,24548,10438,422.9,9.74,15.56,19.71,3,1,1,3,3,434,596,101,1107,3384,5896,8651,6253,646,570,427,475,51,228,,t3_calmveil|t3_thornmail
standard,19,r2,red,jungle,戰士,chichuan,standard,0,9,0,1,22005,18070,16188,655.8,8.98,12.59,18.39,5,1,2,3,5,676,1758,1105,937,4726,8508,12455,6253,639,3420,285,237,1391,228,,t3_shieldbreaker|t3_finalstring
standard,19,r3,red,mid,法師,lieyan,standard,0,2,5,0,15476,15797,10225,414.2,11.55,21.18,,2,0,1,1,2,1476,223,852,1174,3736,5553,7352,6253,870,,,,,228,,t3_psyward
standard,19,r4,red,adc,射手,hanbing,standard,0,6,4,2,23315,11730,12682,513.8,10.24,18.79,21.34,3,0,1,2,3,1338,309,1543,1302,3498,5389,9163,6253,544,1710,427,,,228,,t3_shieldbreaker|t3_rendspear
standard,19,r5,red,sup,輔助,xuemai,standard,0,0,2,3,3921,18656,13318,539.6,7.05,13.25,15.24,4,1,2,3,4,566,1003,1352,1938,4516,7733,10582,6253,300,,570,712,,228,2517,t3_calmveil
standard,20,b1,blue,top,坦克,longji,standard,0,0,0,0,8393,19717,7992,377.9,8.95,16.18,,2,1,1,2,2,491,226,603,561,3441,5626,7453,6253,573,,,475,,152,,t3_calmveil|t3_thornmail
standard,20,b2,blue,jungle,戰士,dadi2,standard,0,1,1,0,5234,11816,8891,420.4,9.38,16.97,,2,1,1,2,2,815,615,826,490,3915,5845,8326,6253,202,570,,,1147,152,,t3_finalstring|t3_shieldbreaker
standard,20,b3,blue,mid,法師,shikong,standard,0,1,2,1,12481,12904,9423,445.5,10.15,19.48,,2,0,1,2,2,1675,121,218,413,3935,5721,8448,6253,1092,570,142,237,,152,,t3_psyward
standard,20,b4,blue,adc,射手,tianfa,standard,0,1,3,0,11835,11111,8153,385.5,9.81,19.06,,2,1,1,2,2,284,106,316,953,3634,5306,7216,6253,573,,,237,,152,,t3_shieldbreaker|t3_rendspear
standard,20,b5,blue,sup,坦克,tiemu,standard,0,0,3,2,5431,19462,10562,499.4,7.51,13.35,17.95,3,1,2,3,3,347,297,520,982,4547,7397,10100,6253,180,,427,475,,152,2611,t3_calmveil|t3_thornmail
standard,20,r1,red,top,坦克,longji,standard,1,2,1,0,9126,17969,9822,464.4,8.76,15.68,20.27,3,1,1,2,3,1033,521,1405,1172,3983,5921,8695,6253,427,570,,1140,,304,,t3_calmveil|t3_thornmail
standard,20,r2,red,jungle,戰士,dadi2,standard,1,3,1,0,8043,12522,10559,499.2,8.99,14.38,20.11,3,1,2,2,3,1310,240,1299,658,4410,7340,9899,6253,66,1710,,190,1374,304,,t3_finalstring|t3_shieldbreaker
standard,20,r3,red,mid,法師,shikong,standard,1,0,0,1,13316,11069,9689,458.1,10.89,18.34,,2,0,1,2,2,1352,452,484,1659,3612,6652,8514,6253,817,,,1140,,304,,t3_psyward
standard,20,r4,red,adc,射手,tianfa,standard,1,4,1,2,24223,9232,11793,557.6,10.14,16.21,,2,0,1,2,2,1571,914,2086,3213,3731,6714,10666,6253,688,1710,570,1140,,304,,t3_shieldbreaker|t3_rendspear
standard,20,r5,red,sup,坦克,tiemu,standard,1,0,0,3,3360,14190,10202,482.4,6.87,12.48,18.41,3,1,2,3,3,900,402,122,822,4800,7342,9502,6253,166,,570,190,102,304,1916,t3_calmveil|t3_thornmail
standard,21,b1,blue,top,坦克,tixue,standard,0,0,4,0,6322,17568,6817,359.4,9.13,18.55,,2,1,1,,2,529,225,,266,3479,5075,,,,,,,,,,t3_calmveil|t3_thornmail
standard,21,b2,blue,jungle,戰士,fengbao,standard,0,1,3,0,6512,12484,7670,404.4,9.13,18.47,,2,1,1,,2,425,693,,169,3525,5923,,,,,,,,,,t3_finalstring|t3_shieldbreaker
standard,21,b3,blue,mid,法師,lieyan,standard,0,0,4,0,9567,11914,6608,348.4,11.1,,,1,0,1,,1,1295,403,,1227,3555,5303,,,,,,,,,,t3_psyward
standard,21,b4,blue,adc,射手,dawnstrike,standard,0,0,5,0,8096,9435,6969,367.4,9.96,,,1,1,1,,1,129,513,,1168,3479,5113,,,,,,,,,,t3_shieldbreaker|t3_rendspear
standard,21,b5,blue,sup,坦克,stoneguard,standard,0,0,3,0,5080,16654,8962,472.5,7.04,13.42,18.43,3,1,2,,3,306,518,,281,4506,7318,,,,,,,,,,t3_calmveil|t3_thornmail
standard,21,r1,red,top,坦克,tixue,standard,1,2,1,3,8916,15226,11028,581.5,8.74,12.88,16.8,3,1,2,,3,662,129,,998,3612,6959,,,,,,,,,,t3_calmveil|t3_thornmail
standard,21,r2,red,jungle,戰士,fengbao,standard,1,3,0,3,6420,8385,10806,569.7,9.71,15.18,,2,1,1,,2,99,2604,,2806,4379,8084,,,,,,,,,,t3_finalstring|t3_shieldbreaker
standard,21,r3,red,mid,法師,lieyan,standard,1,6,0,1,13707,8851,11557,609.3,12.08,16.75,18.94,3,0,1,,3,1333,1026,,47,3593,7526,,,,,,,,,,t3_psyward
standard,21,r4,red,adc,射手,dawnstrike,standard,1,3,0,4,15889,8081,10028,528.7,9.76,16.68,,2,1,1,,2,281,1196,,1447,3631,6396,,,,,,,,,,t3_shieldbreaker|t3_rendspear
standard,21,r5,red,sup,坦克,stoneguard,standard,1,5,0,4,7990,13400,13423,707.7,8.32,11.04,13.27,4,1,3,,4,963,609,,1222,4563,10589,,,,,,,,,,t3_calmveil|t3_thornmail
standard,22,b1,blue,top,坦克,suishan,standard,0,1,0,0,8205,17949,8799,421.2,10.73,16.66,20.59,3,0,1,2,3,1984,496,1284,249,3574,5246,8514,6253,589,570,,950,,152,,t3_calmveil|t3_thornmail
standard,22,b2,blue,jungle,戰士,anliuyouXia,standard,0,1,0,1,6746,15688,9046,433,9.53,17.74,,2,1,1,2,2,581,518,670,495,3681,5648,8620,6253,323,570,142,237,941,152,,t3_shieldbreaker|t3_finalstring
standard,22,b3,blue,mid,法師,shikong,standard,0,2,5,2,16624,14093,9360,448,10.8,18.15,,2,0,1,2,2,1381,378,337,659,3641,5978,9037,6253,826,1140,427,237,,152,,t3_psyward
standard,22,b4,blue,adc,射手,yanfeng,standard,0,3,2,0,12627,8841,9379,448.9,10.18,19.12,,2,0,1,2,2,1471,1188,866,828,3631,5968,8486,6253,703,1140,,237,,152,,t3_shieldbreaker|t3_rendspear
standard,22,b5,blue,sup,輔助,shengming,standard,0,0,1,0,4359,14232,10095,483.2,7.7,12.75,16.7,3,1,2,3,3,516,579,542,865,4516,7309,9772,6253,142,,,1187,,152,2037,t3_calmveil
standard,22,r1,red,top,坦克,suishan,standard,1,2,0,1,11734,21368,10443,499.9,6.9,14.39,19.13,3,1,2,3,3,237,217,68,512,4087,6367,9398,6253,665,570,142,1330,,437,,t3_calmveil|t3_thornmail
standard,22,r2,red,jungle,戰士,anliuyouXia,standard,1,3,1,0,10346,13319,11163,534.3,8.1,15.23,18.02,3,1,1,3,3,334,1678,1138,412,4384,7108,10688,6253,209,1710,,380,1698,437,,t3_shieldbreaker|t3_finalstring
standard,22,r3,red,mid,法師,shikong,standard,1,1,3,1,12278,10602,9540,456.7,11.8,19.03,,2,0,1,2,2,1371,387,360,1390,3631,5987,8210,6253,950,,,855,,152,,t3_psyward
standard,22,r4,red,adc,射手,yanfeng,standard,1,2,2,0,11997,7564,9626,460.7,9.89,19.33,,2,1,1,2,2,139,370,901,725,3489,5750,9151,6253,465,1140,,855,,437,,t3_shieldbreaker|t3_rendspear
standard,22,r5,red,sup,輔助,shengming,standard,1,0,1,2,3219,10212,10047,480.9,6.89,12.8,16.15,3,1,2,3,3,459,329,342,817,4459,7359,9572,6253,104,,427,380,,437,1969,t3_calmveil
standard,23,b1,blue,top,坦克,thornwall,standard,0,0,0,0,9866,21765,8514,395.5,9.86,15.61,21.03,3,1,1,2,3,62,323,202,363,3612,5373,7532,6253,525,,,475,,278,,t3_calmveil|t3_thornmail
standard,23,b2,blue,jungle,戰士,embercoil,standard,0,1,1,0,7392,19102,9289,431.5,9.04,17.87,,2,1,1,2,2,549,441,770,1308,3649,5691,8750,6253,297,570,,475,875,278,,t3_shieldbreaker|t3_finalstring
standard,23,b3,blue,mid,法師,lieyan,standard,0,1,5,0,13391,14692,8558,397.6,11.34,19.68,,2,0,1,2,2,1257,235,151,908,3517,5265,7501,6253,620,,,475,,152,,t3_psyward
standard,23,b4,blue,adc,射手,siwang,standard,0,4,2,1,14982,11366,11319,525.9,11.63,16.47,20.13,3,0,1,2,3,1319,320,1117,939,3479,5170,9217,6253,437,1140,285,950,,152,,t3_shieldbreaker|t3_rendspear
standard,23,b5,blue,sup,輔助,mingyun,standard,0,0,1,0,4459,13348,9341,433.9,7.87,13.88,17.33,3,1,2,3,3,225,221,203,760,4525,6951,8783,6253,133,,,,,278,2118,t3_calmveil
standard,23,r1,red,top,坦克,thornwall,standard,1,4,0,0,13242,20850,10819,502.6,8.57,12.83,18.48,3,1,2,3,3,1131,229,136,889,4081,7159,10066,6253,525,2280,,665,,342,,t3_calmveil|t3_thornmail
standard,23,r2,red,jungle,戰士,embercoil,standard,1,1,1,1,11211,15457,10186,473.2,8.01,15.43,,2,1,1,2,2,357,1249,404,1936,4107,6679,8654,6253,354,,285,190,1228,342,,t3_shieldbreaker|t3_finalstring
standard,23,r3,red,mid,法師,lieyan,standard,1,0,1,2,16201,11449,10021,465.6,10.41,17.47,,2,0,1,2,2,1441,417,64,621,3701,6617,9344,6253,943,,427,1377,,342,,t3_psyward
standard,23,r4,red,adc,射手,siwang,standard,1,3,3,2,16136,7593,10626,493.7,10.84,18.02,,2,0,1,2,2,1329,332,716,1725,3489,5712,8666,6253,503,570,285,902,,152,,t3_shieldbreaker|t3_rendspear
standard,23,r5,red,sup,輔助,mingyun,standard,1,1,1,3,7140,14143,11091,515.2,7.51,14.09,15.23,3,1,2,3,3,497,790,756,1860,4497,7820,9986,6253,142,570,142,665,,342,1870,t3_calmveil
standard,24,b1,blue,top,坦克,ironclad,standard,0,1,0,0,8371,25135,10429,445.5,9.24,16.54,20.19,3,1,1,2,3,586,41,628,899,3536,5341,8258,6253,570,,,1187,,247,,t3_calmveil|t3_thornmail
standard,24,b2,blue,jungle,戰士,hunpo,standard,0,0,6,0,6938,12532,9020,385.3,9.73,20.21,,2,1,1,1,2,118,235,1270,819,3918,5785,7700,6253,190,,,,1010,247,,t3_psyward
standard,24,b3,blue,mid,法師,shikong,standard,0,3,5,0,19673,14901,10116,432.1,11.68,18.36,23.18,3,0,1,2,3,1362,170,187,665,3622,5370,7887,6253,674,570,,237,,152,,t3_psyward
standard,24,b4,blue,adc,射手,maestro,standard,0,9,6,1,23986,13582,14328,612.1,9.96,16.36,19.35,4,1,1,3,4,300,333,979,1247,3650,6133,11529,6253,798,3420,285,475,51,247,,t3_shieldbreaker|t3_rendspear
standard,24,b5,blue,sup,坦克,tixue,standard,0,0,4,0,7594,25319,10917,466.4,6.63,13.36,17.93,3,1,2,3,3,211,343,349,1437,4611,7043,9829,6253,237,,,475,,247,2616,t3_calmveil|t3_thornmail
standard,24,r1,red,top,坦克,ironclad,standard,1,8,0,0,14419,23066,14030,599.4,8.48,12.82,16.52,4,1,2,3,4,1106,369,637,1880,4056,7299,10567,6253,633,2850,,475,51,304,,t3_calmveil|t3_thornmail
standard,24,r2,red,jungle,戰士,hunpo,standard,1,5,3,0,11640,12087,12658,540.8,11,16.53,21.77,3,0,1,2,3,1448,769,685,828,3658,7219,10035,6253,275,1710,,475,1016,304,,t3_psyward
standard,24,r3,red,mid,法師,shikong,standard,1,2,2,3,21376,11847,11040,471.6,10.97,17.62,,2,0,1,2,2,1257,506,124,1640,3517,6256,8574,6253,687,570,285,475,,304,,t3_psyward
standard,24,r4,red,adc,射手,maestro,standard,1,6,7,2,23831,13100,12972,554.2,10.54,17.19,20.38,3,0,1,2,3,1398,402,1403,1171,3558,6202,9983,6253,481,1710,285,950,,304,,t3_shieldbreaker|t3_rendspear
standard,24,r5,red,sup,坦克,tixue,standard,1,0,1,10,7795,20344,13014,555.9,6.78,12.21,17.23,4,1,2,3,4,233,246,573,913,4633,7426,10453,6253,164,,855,475,,304,2400,t3_calmveil|t3_thornmail
standard,25,b1,blue,top,坦克,tieshixin,standard,0,0,1,2,7174,21765,9837,438.8,8.79,15.09,20.48,3,1,1,2,3,719,915,790,507,3669,6215,8020,6253,836,,380,475,,76,,t3_calmveil|t3_thornmail
standard,25,b2,blue,jungle,戰士,ravager,standard,0,2,2,0,9778,20134,9561,426.5,9.13,16.99,,2,1,1,2,2,663,552,1120,1011,3763,5682,8770,6253,323,1140,,,978,76,,t3_shieldbreaker|t3_finalstring
standard,25,b3,blue,mid,法師,xingjie,standard,0,3,2,3,18402,13313,10664,475.7,11,17.02,22.33,3,0,1,2,3,1314,275,214,113,3574,6025,8714,6253,817,570,522,475,,76,,t3_psyward
standard,25,b4,blue,adc,射手,liuxing,standard,0,8,4,1,20423,11158,13704,611.3,9.23,16.36,20.38,4,1,1,2,4,471,170,232,803,3821,5550,9132,6253,950,1710,142,,,76,,t3_shieldbreaker|t3_rendspear
standard,25,b5,blue,sup,輔助,mingyunyindao,standard,0,1,0,4,5045,14383,11539,514.8,6.26,12.47,14.69,4,1,3,3,4,149,207,1253,579,4449,7907,10483,6253,152,570,380,475,,76,2576,t3_calmveil
standard,25,r1,red,top,坦克,tieshixin,standard,1,0,0,0,11415,21951,9400,419.3,8.38,15.78,21.23,3,1,1,2,3,157,440,1075,370,3707,5740,8305,6253,627,,,950,,475,,t3_calmveil|t3_thornmail
standard,25,r2,red,jungle,戰士,ravager,standard,1,2,2,1,7176,11601,11477,512,8.88,16.35,22.14,3,1,1,2,3,1149,1635,1540,547,4249,7065,10090,6253,171,1140,285,475,1290,475,,t3_shieldbreaker|t3_finalstring
standard,25,r3,red,mid,法師,xingjie,standard,1,2,5,0,18268,11766,10629,474.1,10.99,17.26,,2,0,1,2,2,1422,242,340,1228,3682,6142,8840,6253,1162,570,,475,,380,,t3_psyward
standard,25,r4,red,adc,射手,liuxing,standard,1,5,6,1,19747,10537,11880,530,10.57,18.62,21.9,3,0,1,2,3,1415,118,370,980,3575,5798,8620,6253,677,570,142,475,26,475,,t3_shieldbreaker|t3_rendspear
standard,25,r5,red,sup,輔助,mingyunyindao,standard,1,0,1,1,7627,14263,11307,504.4,5.83,12.84,16.86,4,1,2,3,4,1176,591,863,346,4576,7321,9613,6253,212,,142,475,,475,2055,t3_calmveil
standard,26,b1,blue,top,坦克,tiankong,standard,0,0,2,0,8027,23449,9065,413.8,8.2,15.7,21.46,3,1,1,2,3,643,516,476,435,3593,5816,7506,6253,760,,,475,17,0,,t3_calmveil|t3_thornmail
standard,26,b2,blue,jungle,戰士,xueyue,standard,0,0,2,0,8653,18450,8441,385.3,9.16,17.43,,2,1,1,2,2,124,1056,179,260,3874,5886,7709,6253,411,,,,1044,0,,t3_shieldbreaker|t3_finalstring
standard,26,b3,blue,mid,法師,auralith,standard,0,0,3,0,15532,14040,8166,372.7,11.04,19.98,,2,0,1,2,2,1314,273,187,335,3574,5873,7537,6253,791,,,475,17,0,,t3_psyward
standard,26,b4,blue,adc,射手,guangsu,standard,0,3,3,0,17882,11452,9931,453.3,9.32,18.43,,2,1,1,2,2,424,273,602,1181,3774,6073,8752,6253,883,1140,,475,,0,,t3_shieldbreaker|t3_rendspear
standard,26,b5,blue,sup,輔助,shiguang,standard,0,0,3,1,4539,15827,9989,455.9,6.15,12.58,17.44,3,1,2,3,3,1473,285,596,948,4573,7315,9056,6253,383,,,475,,0,1944,t3_calmveil
standard,26,r1,red,top,坦克,tiankong,standard,1,8,0,1,17604,22340,13760,628.1,8.86,12.83,17.69,4,1,2,3,4,43,478,1653,1609,3593,7108,11583,6253,684,3420,142,475,,608,,t3_calmveil|t3_thornmail
standard,26,r2,red,jungle,戰士,xueyue,standard,1,2,0,2,11582,15417,11248,513.4,9.54,16.47,19.41,3,1,1,3,3,768,1944,282,918,3868,6594,10312,6253,123,1140,427,475,1284,608,,t3_shieldbreaker|t3_finalstring
standard,26,r3,red,mid,法師,auralith,standard,1,0,0,2,14423,10644,10587,483.2,10.78,17.13,,2,0,1,2,2,1599,642,1204,1186,3859,6842,9654,6253,1083,,285,1425,,608,,t3_psyward
standard,26,r4,red,adc,射手,guangsu,standard,1,3,2,1,15761,8300,11195,511,10.32,18.06,,2,0,1,2,2,1376,674,726,2294,3536,6054,8676,6253,769,570,,475,,608,,t3_shieldbreaker|t3_rendspear
standard,26,r5,red,sup,輔助,shiguang,standard,1,0,1,1,7397,13861,10546,481.4,5.86,11.06,15.59,3,1,2,3,3,649,665,479,1316,4649,7695,9709,6253,228,,285,475,,608,1859,t3_calmveil
standard,27,b1,blue,top,坦克,tiebi,standard,0,1,2,0,8218,20846,9196,439.5,7.6,14.7,20.58,3,1,2,2,3,267,256,1610,246,4217,6506,8900,6253,956,570,,950,,171,,t3_calmveil|t3_thornmail
standard,27,b2,blue,jungle,戰士,ronggang,standard,0,0,2,1,10881,15663,8594,410.7,8.54,17.42,,2,1,1,2,2,136,1239,616,364,3936,5939,8196,6253,509,,285,,976,171,,t3_finalstring|t3_shieldbreaker
standard,27,b3,blue,mid,法師,xingjie,standard,0,2,3,0,14137,12641,9402,449.3,10.54,18.64,,2,0,1,2,2,1431,217,206,322,3691,5667,8536,6253,1067,570,,475,,171,,t3_psyward
standard,27,b4,blue,adc,射手,mori,standard,0,1,3,2,17174,11093,8530,407.7,10.11,17.56,,2,0,1,2,2,1587,308,249,380,3747,5508,7769,6253,818,570,,,51,76,,t3_shieldbreaker|t3_rendspear
standard,27,b5,blue,sup,坦克,tixue,standard,0,1,0,2,4732,18631,11812,564.5,8.73,12.84,17.73,4,1,2,3,4,134,131,824,211,4584,6911,10804,6253,182,,285,1425,,171,2487,t3_calmveil|t3_thornmail
standard,27,r1,red,top,坦克,tiebi,standard,1,5,1,1,9580,22055,11166,533.6,8.82,16.18,18.66,3,1,1,3,3,757,416,1130,1135,3707,5816,10680,6253,779,2850,285,285,,228,,t3_calmveil|t3_thornmail
standard,27,r2,red,jungle,戰士,ronggang,standard,1,0,1,1,7759,11475,9547,456.3,8.85,16.59,,2,1,1,2,2,179,1942,761,947,3979,6342,9061,6253,323,,285,522,1259,418,,t3_finalstring|t3_shieldbreaker
standard,27,r3,red,mid,法師,xingjie,standard,1,3,2,0,17597,11480,10757,514.1,10.73,16.04,,2,0,1,2,2,1504,361,872,1357,3764,6861,10272,6253,893,1710,,997,,418,,t3_psyward
standard,27,r4,red,adc,射手,mori,standard,1,1,0,0,14069,7879,10320,493.2,9.25,19.3,20.84,3,1,1,2,3,291,121,510,420,3641,5921,8790,6253,883,,,1235,,418,,t3_shieldbreaker|t3_rendspear
standard,27,r5,red,sup,坦克,tixue,standard,1,1,1,3,8055,18495,11034,527.3,6.99,13.28,17.44,3,1,2,3,3,354,303,569,1054,4554,7243,10549,6253,237,570,855,285,,418,1930,t3_calmveil|t3_thornmail
standard,28,b1,blue,top,坦克,xukong,standard,0,1,2,0,5555,19123,8387,417.8,9.2,16.38,19.67,3,1,1,3,3,548,1057,112,136,3498,5607,8362,6253,589,570,,950,,0,,t3_calmveil|t3_thornmail
standard,28,b2,blue,jungle,刺客,yueying,standard,0,0,4,0,4114,9289,8023,399.6,9.03,17.4,,2,1,1,2,2,696,474,219,242,3896,5804,7999,6253,342,,,,1403,0,,t3_finalstring
standard,28,b3,blue,mid,法師,auralith,standard,0,1,3,0,12501,13018,8615,429.1,11.18,18.33,,2,0,1,2,2,1447,315,940,964,3707,6225,8590,6253,1054,570,,712,,0,,t3_psyward
standard,28,b4,blue,adc,射手,leiting,standard,0,1,0,1,8659,10343,9394,467.9,11.03,19.15,,2,0,1,2,2,1642,178,1219,643,3802,5978,9369,6253,836,570,285,1425,,0,,t3_shieldbreaker|t3_rendspear
standard,28,b5,blue,sup,坦克,ironclad,standard,0,0,2,1,6089,17050,9638,480.1,6.8,12.9,18.64,3,1,2,3,3,606,271,634,657,4506,7071,9614,6253,180,,285,237,,0,2657,t3_calmveil|t3_thornmail
standard,28,r1,red,top,坦克,xukong,standard,1,3,0,0,9823,17110,10217,508.9,9.39,14.24,18.83,3,1,2,3,3,668,480,642,666,3618,6430,10192,6253,652,1710,,1045,,532,,t3_calmveil|t3_thornmail
standard,28,r2,red,jungle,刺客,yueying,standard,1,3,0,0,6488,6216,10922,544.1,9.03,16.17,18.52,3,1,1,3,3,521,1874,1098,1122,4901,7204,10898,6253,177,1710,,570,1655,532,,t3_finalstring
standard,28,r3,red,mid,法師,auralith,standard,1,2,1,0,16768,9739,10027,499.5,11.25,16.73,,2,0,1,2,2,1624,914,602,626,3884,7114,10002,6253,1032,1140,,1045,,532,,t3_psyward
standard,28,r4,red,adc,射手,leiting,standard,1,3,2,0,12156,9241,10062,501.2,11.88,15.08,,2,0,1,2,2,1398,1083,1457,1481,3558,6883,10037,6253,497,1710,,1045,,532,,t3_shieldbreaker|t3_rendspear
standard,28,r5,red,sup,坦克,ironclad,standard,1,0,0,1,5953,13980,10217,508.9,8.27,12.2,19.08,3,1,2,3,3,903,288,692,716,4503,7228,10192,6253,186,,285,1045,,532,1890,t3_calmveil|t3_thornmail
standard,29,b1,blue,top,坦克,shiqiang,standard,1,1,0,0,9324,18994,9263,450.6,8.59,15.53,19.48,3,1,1,3,3,605,592,344,712,3555,5892,8894,6253,703,570,,855,,513,,t3_calmveil|t3_thornmail
standard,29,b2,blue,jungle,刺客,leisuhunter,standard,1,1,2,0,3825,11188,9268,450.8,9.02,16.48,,2,1,1,2,2,519,603,835,938,3719,6183,8865,6253,155,570,,380,994,513,,t3_finalstring
standard,29,b3,blue,mid,法師,xingjie,standard,1,1,3,0,9771,9598,8525,414.7,11.53,20.28,,2,0,1,1,2,1143,261,1656,495,3403,5591,8156,6253,535,570,,380,,418,,t3_psyward
standard,29,b4,blue,adc,射手,liangzi,standard,1,11,2,1,23049,9248,15432,750.6,9.16,15.16,17.98,3,1,1,3,3,281,1403,3263,3631,3631,7083,15063,6253,886,6270,285,855,,513,,t3_shieldbreaker|t3_rendspear
standard,29,b5,blue,sup,輔助,huanjing,standard,1,0,1,0,4155,11813,9930,483,6.79,12.68,15.8,3,1,2,3,3,499,669,1121,890,4449,7699,9561,6253,190,,,855,,323,1940,t3_calmveil
standard,29,r1,red,top,坦克,shiqiang,standard,0,0,2,0,9176,19158,7667,372.9,8.38,17.67,,2,1,1,2,2,605,291,158,36,3555,5341,7488,6253,684,,,475,,76,,t3_calmveil|t3_thornmail
standard,29,r2,red,jungle,刺客,leisuhunter,standard,0,0,4,0,3891,10058,7882,383.4,8.48,18.02,,2,1,1,2,2,519,158,273,452,3719,5738,7703,6253,250,,,,1124,76,,t3_finalstring
standard,29,r3,red,mid,法師,xingjie,standard,0,0,3,1,10637,10932,7933,385.9,10.74,19.98,,2,0,1,2,2,1371,292,166,382,3631,5322,7716,6253,627,,285,475,,76,,t3_psyward
standard,29,r4,red,adc,射手,liangzi,standard,0,8,3,0,19709,8075,12349,600.7,9.62,16.38,19.39,3,1,1,3,3,338,834,920,1098,3688,6514,12170,6253,805,4560,,475,,76,,t3_shieldbreaker|t3_rendspear
standard,29,r5,red,sup,輔助,huanjing,standard,0,0,2,3,6484,14222,9772,475.3,6.6,12.59,17.41,3,1,2,3,3,301,741,1014,732,4601,6991,9594,6253,368,,855,,,76,2040,t3_calmveil
standard,30,b1,blue,top,坦克,tiemu,standard,1,1,2,1,8264,20427,9853,420.9,8.44,14.95,22.94,3,1,2,2,3,884,31,682,422,3834,5981,7672,6253,867,,,380,,171,,t3_calmveil|t3_thornmail
standard,30,b2,blue,jungle,刺客,duskblade,standard,1,0,4,0,6377,11224,9740,416.1,8.74,16.88,,2,1,1,2,2,576,829,806,1959,3776,6159,7986,6253,221,,,380,770,361,,t3_finalstring
standard,30,b3,blue,mid,法師,gambler,standard,1,10,3,1,28010,13662,15838,676.6,10.58,16.43,20.03,4,0,1,2,4,1564,706,1283,2007,3824,7206,10683,6253,839,2850,,380,,361,,t3_psyward
standard,30,b4,blue,adc,射手,shengyan,standard,1,5,6,1,24044,12735,12959,553.6,9.73,17.73,20.48,3,1,1,2,3,218,449,1296,1159,3568,5829,9876,6253,696,1140,285,855,,646,,t3_shieldbreaker|t3_rendspear
standard,30,b5,blue,sup,坦克,dadi,standard,1,0,0,2,6621,19186,12554,536.3,6.62,12.42,18.12,4,1,2,3,4,679,953,1012,974,4579,7733,10392,6253,148,,285,380,,741,2584,t3_calmveil|t3_thornmail
standard,30,r1,red,top,坦克,tiemu,standard,0,5,0,0,10541,24910,12339,527.1,8.7,13.55,17.27,4,1,2,3,4,909,312,1163,708,3859,6842,11193,6253,1140,2850,,950,,0,,t3_calmveil|t3_thornmail
standard,30,r2,red,jungle,刺客,duskblade,standard,0,1,3,2,8427,11773,10403,444.4,8.38,15.87,21.95,3,1,1,2,3,819,1804,710,903,4019,7134,9140,6253,380,570,570,,1366,0,,t3_finalstring
standard,30,r3,red,mid,法師,gambler,standard,0,2,5,1,13816,13520,10758,459.6,10.6,19.92,,2,0,1,2,2,1403,498,49,1358,3663,5528,8549,6253,965,570,285,475,,0,,t3_psyward
standard,30,r4,red,adc,射手,shengyan,standard,0,6,5,3,23039,12532,13191,563.5,9.72,17.54,20.48,3,1,1,2,3,158,128,1813,1391,3508,5928,10393,6253,598,1710,855,950,26,0,,t3_shieldbreaker|t3_rendspear
standard,30,r5,red,sup,坦克,dadi,standard,0,1,3,0,7682,22713,10051,429.4,6.71,12.48,19.18,3,1,2,3,3,235,331,305,70,5035,7271,8905,6253,221,570,,,,0,1860,t3_calmveil|t3_thornmail
standard,31,b1,blue,top,坦克,dadi,standard,1,0,1,0,6631,17866,7718,392.4,8.94,16.18,,2,1,1,,2,605,467,,427,3555,5867,,,,,,,,,,t3_calmveil|t3_thornmail
standard,31,b2,blue,jungle,刺客,binghe,standard,1,1,2,0,6096,8355,8869,451,8.14,17.02,,2,1,1,,2,174,1487,,739,4374,6817,,,,,,,,,,t3_finalstring
standard,31,b3,blue,mid,法師,ronghuo,standard,1,0,3,0,10487,10775,7708,392,11.28,,,1,0,1,,1,1390,295,,1208,3650,5895,,,,,,,,,,t3_psyward
standard,31,b4,blue,adc,射手,mirrorshot,standard,1,3,3,1,10749,9658,9551,485.7,8.95,16.73,,2,1,1,,2,386,779,,1271,3736,6579,,,,,,,,,,t3_shieldbreaker|t3_rendspear
standard,31,b5,blue,sup,坦克,thornwall,standard,1,0,1,1,3658,15256,10776,548,7.03,12.82,16.38,3,1,2,,3,1882,401,,796,4782,7641,,,,,,,,,,t3_calmveil|t3_thornmail
standard,31,r1,red,top,坦克,dadi,standard,0,1,0,0,6695,15193,8351,424.6,7.13,14.26,,2,1,2,,2,88,413,,1061,4638,6823,,,,,,,,,,t3_calmveil|t3_thornmail
standard,31,r2,red,jungle,刺客,binghe,standard,0,3,0,0,6162,10358,9516,483.9,8.79,17.02,,2,1,1,,2,804,754,,1085,4004,6084,,,,,,,,,,t3_finalstring
standard,31,r3,red,mid,法師,ronghuo,standard,0,3,1,1,11273,10630,9273,471.5,10.83,17.57,,2,0,1,,2,1390,306,,292,3650,6206,,,,,,,,,,t3_psyward
standard,31,r4,red,adc,射手,mirrorshot,standard,0,3,3,1,13430,8169,10118,514.5,9.68,17.51,,2,1,1,,2,386,227,,2318,3736,5607,,,,,,,,,,t3_shieldbreaker|t3_rendspear
standard,31,r5,red,sup,坦克,thornwall,standard,0,0,0,3,4163,13897,9831,499.9,7.8,13.55,18.36,3,1,2,,3,297,468,,930,4497,6828,,,,,,,,,,t3_calmveil|t3_thornmail
standard,32,b1,blue,top,坦克,tixue,standard,1,2,4,2,10620,27303,11044,455.7,8.67,15.48,20.18,3,1,1,2,3,757,383,1949,1113,3707,5683,9179,6253,665,1140,285,760,,76,,t3_calmveil|t3_thornmail
standard,32,b2,blue,jungle,刺客,jueying,standard,1,0,4,0,3348,11888,9658,398.5,9.38,17.13,,2,1,1,2,2,517,752,181,1327,3717,5982,7911,6253,174,,,285,805,392,,t3_finalstring
standard,32,b3,blue,mid,法師,gambler,standard,1,1,3,1,14623,16238,10249,422.9,10.5,20.08,,2,0,1,1,2,1523,406,1561,1199,3783,6006,8061,6253,988,,142,285,,392,,t3_psyward
standard,32,b4,blue,adc,射手,hanbing,standard,1,13,2,2,44224,11496,18349,757.2,10.44,16.06,19.21,5,0,1,3,5,1405,668,1200,2749,3565,6348,12400,6253,703,3990,427,760,,266,,t3_shieldbreaker|t3_rendspear
standard,32,b5,blue,sup,輔助,xuemai,standard,1,0,4,3,5703,20044,11509,474.9,6.83,11.94,15.99,4,1,2,3,4,551,604,643,809,4551,7334,9683,6253,129,,285,285,51,392,2285,t3_calmveil
standard,32,r1,red,top,坦克,tixue,standard,0,1,2,1,10915,24335,10955,452.1,9.74,14.89,20.18,3,1,2,2,3,214,270,1613,1025,3764,6120,8843,6253,931,570,285,475,,329,,t3_calmveil|t3_thornmail
standard,32,r2,red,jungle,刺客,jueying,standard,0,5,4,0,8756,14442,12633,521.3,8.75,15.4,20.2,3,1,1,2,3,864,1841,1382,1552,4064,7421,9712,6253,228,1710,,,1444,76,,t3_finalstring
standard,32,r3,red,mid,法師,gambler,standard,0,1,3,0,18239,16226,10746,443.5,11.06,18.28,,2,0,1,2,2,1571,235,172,1346,3831,5835,8672,6253,1140,,,950,,329,,t3_psyward
standard,32,r4,red,adc,射手,hanbing,standard,0,9,3,4,34615,11033,14891,614.5,9.38,19.21,22.22,4,1,1,2,4,338,436,1661,1991,3688,5636,9911,6253,874,2280,427,,,76,,t3_shieldbreaker|t3_rendspear
standard,32,r5,red,sup,輔助,xuemai,standard,0,1,4,1,3046,18565,11989,494.7,5.83,12.16,16.37,4,1,2,4,4,740,409,85,1109,4440,7439,10485,6253,323,570,142,950,,329,1917,t3_calmveil
standard,33,b1,blue,top,坦克,stoneguard,standard,0,1,4,0,13246,45874,13305,418.5,8.92,15.27,22.2,4,1,1,2,4,833,687,733,1154,3783,5987,7963,6253,855,,,380,,475,,t3_calmveil|t3_thornmail
standard,33,b2,blue,jungle,刺客,anye,standard,0,0,9,0,10129,18915,12646,397.8,9.91,16.2,23.33,4,1,1,2,4,49,610,440,195,3899,6190,8170,6253,95,,,380,1061,380,,t3_finalstring
standard,33,b3,blue,mid,法師,ronghuo,standard,0,14,12,0,35610,23340,19803,622.9,10.45,18.02,21.51,5,0,1,2,5,1485,273,2047,3652,3745,5873,9597,6253,779,1710,,380,,475,,t3_psyward
standard,33,b4,blue,adc,射手,tianfa,standard,0,14,8,0,63252,16163,19774,622,9.67,18.63,21.68,5,1,1,2,5,319,184,806,4174,3669,5864,9056,6253,807,1140,,380,,475,,t3_shieldbreaker|t3_rendspear
standard,33,b5,blue,sup,輔助,fengshen,standard,0,0,8,4,11973,29996,15342,482.6,7.66,11.68,15.79,5,1,2,3,5,620,335,1023,2141,4620,7365,10063,6253,237,,285,855,,475,1957,t3_calmveil
standard,33,r1,red,top,坦克,stoneguard,standard,1,7,1,1,20516,39700,17397,547.2,8.73,13.8,20.96,5,1,2,2,5,41,301,1387,3847,3591,6451,8617,6253,750,570,,950,17,76,,t3_calmveil|t3_thornmail
standard,33,r2,red,jungle,刺客,anye,standard,1,2,5,1,15002,19794,14949,470.2,9.08,15.95,22.1,4,1,1,2,4,24,1546,567,1599,4174,7126,8897,6253,560,570,,,1437,76,,t3_finalstring
standard,33,r3,red,mid,法師,ronghuo,standard,1,15,10,3,38135,24799,22539,708.9,10.48,17.16,21.68,5,0,1,2,5,1504,437,203,6388,3764,6937,9483,6253,969,1140,570,475,,76,,t3_psyward
standard,33,r4,red,adc,射手,tianfa,standard,1,17,10,2,71580,17742,22342,702.8,10.57,17.81,21.51,5,0,1,2,5,1908,743,879,6742,4068,5943,9429,6253,677,1710,,712,,76,,t3_shieldbreaker|t3_rendspear
standard,33,r5,red,sup,輔助,fengshen,standard,1,0,3,7,10655,24347,15703,493.9,6.85,13.04,16.05,5,1,2,3,5,201,557,1014,2502,4801,7287,9474,6253,310,,570,237,,76,2026,t3_calmveil
standard,34,b1,blue,top,坦克,thornwall,standard,0,0,3,1,7766,20468,9313,401.2,8.93,16.15,,2,1,1,2,2,567,552,381,1583,3517,5702,7811,6253,608,,285,380,,285,,t3_calmveil|t3_thornmail
standard,34,b2,blue,jungle,刺客,wuxing,standard,0,0,4,0,6169,10860,9472,408,8.73,16.48,,2,1,1,2,2,785,900,828,1042,3985,6230,8308,6253,209,,,380,1181,285,,t3_finalstring
standard,34,b3,blue,mid,法師,gambler,standard,0,1,2,1,14951,13231,9921,427.3,11.7,20.13,,2,0,1,1,2,1257,140,1064,521,3517,5740,7564,6253,741,,,380,,190,,t3_psyward
standard,34,b4,blue,adc,射手,dawnstrike,standard,0,8,3,1,24294,13418,13398,577.1,9.57,16.85,20.02,4,1,1,2,4,196,269,1769,478,3546,5769,10519,6253,750,2850,,380,,285,,t3_shieldbreaker|t3_rendspear
standard,34,b5,blue,sup,坦克,suishan,standard,0,1,6,1,5351,20721,11765,506.7,9.34,12.43,17.22,4,1,2,3,4,316,357,445,404,4516,7157,10025,6253,275,,,1330,,95,2071,t3_calmveil|t3_thornmail
standard,34,r1,red,top,坦克,thornwall,standard,1,6,0,0,10339,22489,13712,590.6,9.68,14.28,16.71,4,1,2,4,4,757,307,237,1461,3707,6557,11887,6253,779,2850,,1662,,342,,t3_calmveil|t3_thornmail
standard,34,r2,red,jungle,刺客,wuxing,standard,1,6,2,4,13178,13739,14255,614,7.97,12.68,17.27,4,1,2,3,4,367,1909,972,854,5047,8609,11852,6253,332,2850,855,,1409,152,,t3_finalstring
standard,34,r3,red,mid,法師,gambler,standard,1,2,3,1,20147,13530,11422,492,10.89,18.49,22.68,3,0,1,2,3,1561,484,446,392,3821,6234,8476,6253,1026,,142,712,,342,,t3_psyward
standard,34,r4,red,adc,射手,dawnstrike,standard,1,4,4,0,16480,11367,12002,517,9.79,17.84,21.23,3,1,1,2,3,291,360,1883,851,3641,5560,9683,6253,902,1710,,475,,342,,t3_shieldbreaker|t3_rendspear
standard,34,r5,red,sup,坦克,suishan,standard,1,0,1,3,7258,20798,11693,503.7,6.95,12.8,17.93,3,1,2,3,3,401,496,141,1713,4601,7736,10121,6253,228,,427,475,,342,2395,t3_calmveil|t3_thornmail
standard,35,b1,blue,top,戰士,ravager,standard,1,2,0,0,9139,19834,9023,441.4,10.13,16.3,,2,0,1,2,2,1480,228,121,422,3530,5708,8121,6253,766,570,,285,,247,,t3_shieldbreaker|t3_finalstring
standard,35,b2,blue,jungle,刺客,voidrift,standard,1,0,2,2,4448,8807,9032,441.8,8.68,17.43,,2,1,1,2,2,1011,1277,268,701,4211,6557,8598,6253,285,,570,285,957,247,,t3_finalstring
standard,35,b3,blue,mid,法師,ronghuo,standard,1,3,4,1,13346,12534,10147,496.4,9.07,16.76,,2,1,1,2,2,984,399,353,1397,4834,6899,9103,6253,702,1140,,760,,247,,t3_psyward
standard,35,b4,blue,adc,射手,yanfeng,standard,1,7,4,0,13106,8787,11848,579.6,9.3,15.77,19.93,3,1,1,3,3,319,820,136,467,3669,6500,11516,6253,836,3990,,285,,152,,t3_shieldbreaker|t3_rendspear
standard,35,b5,blue,sup,輔助,shengming,standard,1,0,0,4,5497,14057,11571,566,6.58,12.97,16.07,4,1,2,4,4,800,571,412,1170,4500,7601,10812,6253,183,,570,1710,,247,1847,t3_calmveil
standard,35,r1,red,top,戰士,ravager,standard,0,1,1,0,6901,18397,8244,403.3,9.94,18.51,,2,1,1,2,2,380,292,102,243,3530,5772,8102,6253,538,570,,475,,266,,t3_shieldbreaker|t3_finalstring
standard,35,r2,red,jungle,刺客,voidrift,standard,0,1,2,0,8162,10039,9083,444.3,8.68,16.56,,2,1,1,2,2,861,1011,489,752,4061,6591,8819,6253,532,570,,,1071,392,,t3_finalstring
standard,35,r3,red,mid,法師,ronghuo,standard,0,0,4,0,13780,10566,7712,377.3,10.36,,,1,0,1,1,1,1428,81,1070,1211,3688,5531,7570,6253,924,,,,,392,,t3_psyward
standard,35,r4,red,adc,射手,yanfeng,standard,0,8,4,0,14978,8313,12126,593.2,9.16,15.77,19.93,3,1,1,3,3,500,554,196,326,3850,6234,11396,6253,1076,3990,,,,76,,t3_shieldbreaker|t3_rendspear
standard,35,r5,red,sup,輔助,shengming,standard,0,0,1,2,6077,14717,10073,492.8,5.81,13.85,16.32,3,1,2,3,3,591,300,606,1032,4541,6850,9646,6253,196,,285,475,,392,2044,t3_calmveil
standard,36,b1,blue,top,戰士,dadi2,standard,1,1,2,0,14661,20017,8585,445.6,9.76,15.23,,2,1,1,,2,386,887,,284,3536,6367,,,,,,,,,,t3_shieldbreaker|t3_finalstring
standard,36,b2,blue,jungle,刺客,jingxiang,standard,1,3,1,0,3688,9263,9801,508.7,9.32,14.63,,2,1,2,,2,585,159,,1471,3785,7289,,,,,,,,,,t3_finalstring
standard,36,b3,blue,mid,法師,haixiao,standard,1,1,3,0,8167,9923,8040,417.3,11.34,18.83,,2,0,1,,2,1434,849,,489,3694,5879,,,,,,,,,,t3_psyward
standard,36,b4,blue,adc,射手,siwang,standard,1,2,3,1,9261,7450,8965,465.3,9.81,17.5,,2,1,1,,2,91,301,,1644,3441,5981,,,,,,,,,,t3_shieldbreaker|t3_rendspear
standard,36,b5,blue,sup,輔助,mingyun,standard,1,0,1,1,4122,10582,10887,565.1,6.81,13.81,15.21,3,1,2,,3,1208,1257,,1846,4608,7807,,,,,,,,,,t3_calmveil
standard,36,r1,red,top,戰士,dadi2,standard,0,2,0,0,12452,19608,8746,453.9,8.66,15.63,,2,1,1,,2,1232,859,,446,4382,6339,,,,,,,,,,t3_shieldbreaker|t3_finalstring
standard,36,r2,red,jungle,刺客,jingxiang,standard,0,2,1,1,7367,9745,8894,461.6,8.92,17.19,,2,1,1,,2,292,904,,864,4622,6484,,,,,,,,,,t3_finalstring
standard,36,r3,red,mid,法師,haixiao,standard,0,1,3,1,9674,10088,7939,412,12.14,18.64,,2,0,1,,2,1352,382,,388,3612,6282,,,,,,,,,,t3_psyward
standard,36,r4,red,adc,射手,siwang,standard,0,4,1,1,8299,7722,9848,511.1,9.37,16.65,,2,1,1,,2,405,621,,948,3755,6301,,,,,,,,,,t3_shieldbreaker|t3_rendspear
standard,36,r5,red,sup,輔助,mingyun,standard,0,1,2,2,3688,11291,9439,489.9,6.18,12.26,18.11,3,1,2,,3,1103,335,,859,4503,7365,,,,,,,,,,t3_calmveil
standard,37,b1,blue,top,戰士,ronggang,standard,0,0,3,0,9520,24639,8395,375.1,9.13,17.82,,2,1,1,2,2,519,261,365,315,3669,5911,7615,6253,734,,,475,,152,,t3_shieldbreaker|t3_finalstring
standard,37,b2,blue,jungle,刺客,guihuo,standard,0,0,7,0,5357,12377,8569,382.8,9.6,17.77,,2,1,1,2,2,549,224,472,439,3749,5854,7652,6253,202,,,,1044,152,,t3_finalstring
standard,37,b3,blue,mid,法師,leiming,standard,0,3,6,0,14843,15476,10305,460.4,11.38,17.02,21.91,3,0,1,2,3,1355,353,185,154,3615,5553,8365,6253,915,570,,475,,152,,t3_psyward
standard,37,b4,blue,adc,射手,maestro,standard,0,3,7,0,12013,13525,10102,451.3,9.51,18.91,21.68,3,1,1,2,3,253,170,420,501,3603,5370,9170,6253,579,1710,,475,,152,,t3_shieldbreaker|t3_rendspear
standard,37,b5,blue,sup,坦克,suishan,standard,0,0,5,0,5240,22271,10357,462.7,7.53,13.07,17.26,3,1,2,3,3,651,301,596,776,4551,7401,9576,6253,227,,,475,,152,2468,t3_calmveil|t3_thornmail
standard,37,r1,red,top,戰士,ronggang,standard,1,5,0,1,13943,21284,13284,593.5,9.13,13.91,18.38,4,1,2,3,4,1089,389,280,734,4239,7539,11130,6253,886,2280,285,1045,,380,,t3_shieldbreaker|t3_finalstring
standard,37,r2,red,jungle,刺客,guihuo,standard,1,6,2,1,8150,11887,13207,590.1,8.93,14.3,17.77,4,1,2,3,4,604,368,236,707,3804,7068,11366,6253,342,2850,285,95,1160,380,,t3_finalstring
standard,37,r3,red,mid,法師,leiming,standard,1,3,2,4,17122,12130,11147,498,12.13,17.76,,2,0,1,2,2,1390,334,271,2346,3650,6234,8771,6253,760,570,712,95,,380,,t3_psyward
standard,37,r4,red,adc,射手,maestro,standard,1,13,2,5,40785,9642,18544,828.5,10.84,14.84,17.19,5,0,2,4,5,1557,263,633,2944,3717,7263,14483,6253,582,5130,855,1282,,380,,t3_shieldbreaker|t3_rendspear
standard,37,r5,red,sup,坦克,suishan,standard,1,1,0,4,5770,15841,11701,522.8,6.67,12.23,18.81,4,1,2,3,4,323,336,422,401,4523,7276,10402,6253,240,570,712,332,26,380,1886,t3_calmveil|t3_thornmail
standard,38,b1,blue,top,戰士,jingci,standard,0,0,0,1,5765,19334,7946,419.7,10.15,17.06,,2,0,1,,2,1638,356,,346,3688,6006,,,,,,,,,,t3_shieldbreaker|t3_finalstring
standard,38,b2,blue,jungle,戰士,fengbao,standard,0,0,5,0,6337,11434,7251,383,8.89,18.27,,2,1,1,,2,644,867,,351,3744,5567,,,,,,,,,,t3_shieldbreaker|t3_finalstring
standard,38,b3,blue,mid,法師,haixiao,standard,0,2,2,0,12188,10953,8345,440.8,9.62,,,1,1,1,,1,446,368,,2265,4296,5968,,,,,,,,,,t3_psyward
standard,38,b4,blue,adc,射手,liuxing,standard,0,1,7,0,8527,10715,7794,411.7,9.65,18.33,,2,1,1,,2,319,318,,894,3669,5398,,,,,,,,,,t3_shieldbreaker|t3_rendspear
standard,38,b5,blue,sup,坦克,tieshixin,standard,0,0,1,0,4126,14579,8763,462.8,6.86,12.38,18.41,3,1,2,,3,568,513,,263,4468,7313,,,,,,,,,,t3_calmveil|t3_thornmail
standard,38,r1,red,top,戰士,jingci,standard,1,4,0,0,12934,18699,10687,564.5,7.91,15.8,18.8,3,1,1,,3,579,1787,,256,4429,7317,,,,,,,,,,t3_shieldbreaker|t3_finalstring
standard,38,r2,red,jungle,戰士,fengbao,standard,1,6,0,2,8767,10392,12483,659.3,7.72,11.39,14.79,3,1,3,,3,1218,176,,1083,5318,10076,,,,,,,,,,t3_shieldbreaker|t3_finalstring
standard,38,r3,red,mid,法師,haixiao,standard,1,2,1,1,9381,8844,9062,478.6,10.73,17.05,,2,0,1,,2,1533,276,,1512,3793,6776,,,,,,,,,,t3_psyward
standard,38,r4,red,adc,射手,liuxing,standard,1,3,2,3,13965,7626,10624,561.1,9.53,15.37,,2,1,1,,2,357,757,,1723,3707,6437,,,,,,,,,,t3_shieldbreaker|t3_rendspear
standard,38,r5,red,sup,坦克,tieshixin,standard,1,0,0,3,4226,11465,10403,549.4,6.64,13.66,17.48,3,1,2,,3,1202,908,,902,5102,8148,,,,,,,,,,t3_calmveil|t3_thornmail
standard,39,b1,blue,top,戰士,longyi,standard,0,0,3,0,13462,29295,8970,372.6,9.57,17.33,,2,1,1,2,2,453,127,450,939,3603,5427,7650,6253,750,,,475,,171,,t3_shieldbreaker|t3_finalstring
standard,39,b2,blue,jungle,戰士,ronggang,standard,0,3,3,0,8754,20607,10805,448.8,9.68,18.48,23.13,3,1,1,2,3,626,147,276,655,3726,5577,7626,6253,389,,,,907,76,,t3_shieldbreaker|t3_finalstring
standard,39,b3,blue,mid,法師,leiming,standard,0,2,6,1,16185,17339,10984,456.2,10.98,18.5,22.98,3,0,1,2,3,1428,75,257,533,3688,5455,8087,6253,807,570,285,,,171,,t3_psyward
standard,39,b4,blue,adc,射手,guangsu,standard,0,3,1,5,24094,11966,11861,492.7,9.5,18.51,20.4,3,1,1,2,3,367,218,260,881,3717,5598,8410,6253,893,570,285,237,,171,,t3_shieldbreaker|t3_rendspear
standard,39,b5,blue,sup,輔助,shiguang,standard,0,0,5,1,6698,21232,10884,452.1,8.38,12.33,16.9,4,1,2,3,4,863,815,369,484,4563,6995,9409,6253,199,,,712,,171,2072,t3_calmveil
standard,39,r1,red,top,戰士,longyi,standard,1,2,0,1,13992,23426,11735,487.4,10.57,16.17,22.24,3,0,1,2,3,1442,387,580,755,3492,5867,9180,6253,785,1140,,570,51,380,,t3_shieldbreaker|t3_finalstring
standard,39,r2,red,jungle,戰士,ronggang,standard,1,7,3,0,13364,18872,14471,601.1,9.49,13.54,19.52,4,1,2,3,4,714,177,484,1070,3814,8427,11414,6253,373,2850,,570,987,380,,t3_shieldbreaker|t3_finalstring
standard,39,r3,red,mid,法師,leiming,standard,1,3,2,1,20441,12894,12203,506.9,9.81,17.77,22.43,3,1,1,2,3,446,184,389,1173,4296,6684,9439,6253,953,1140,142,570,,380,,t3_psyward
standard,39,r4,red,adc,射手,guangsu,standard,1,6,2,1,32755,10534,13156,546.5,9.7,18.1,21.69,3,1,1,2,3,151,556,1058,1356,3501,5636,8378,6253,604,570,,570,,380,,t3_shieldbreaker|t3_rendspear
standard,39,r5,red,sup,輔助,shiguang,standard,1,0,1,3,7077,13272,12281,510.1,10.97,10.97,15.88,4,0,2,3,4,2529,1009,1370,1481,4509,7739,10600,6253,360,,712,570,,380,2323,t3_calmveil
standard,40,b1,blue,top,戰士,chichuan,standard,0,0,2,0,14515,25829,8995,377.5,9.59,17.58,,2,1,1,2,2,405,242,409,914,3555,5892,7659,6253,836,,,380,,190,,t3_shieldbreaker|t3_finalstring
standard,40,b2,blue,jungle,戰士,kuangfeng,standard,0,0,6,0,8989,23349,9127,383.1,8.63,18.02,,2,1,1,2,2,603,220,473,1096,3703,5820,7853,6253,228,,,380,991,0,,t3_shieldbreaker|t3_finalstring
standard,40,b3,blue,mid,法師,haixiao,standard,0,3,5,1,20145,16784,11161,468.4,10.61,17.35,23.29,3,0,1,2,3,1504,349,79,530,3764,5949,8609,6253,931,570,285,380,,190,,t3_psyward
standard,40,b4,blue,adc,射手,mori,standard,0,2,5,1,15068,12709,10534,442.1,9.69,18.66,22.08,3,1,1,2,3,148,303,269,453,3498,5683,8419,6253,551,570,,855,,190,,t3_shieldbreaker|t3_rendspear
standard,40,b5,blue,sup,坦克,tixue,standard,0,0,3,0,8329,20617,10642,446.7,6.79,13.3,17.59,3,1,2,3,3,158,632,213,1062,4658,7432,9193,6253,304,,,380,,190,2065,t3_calmveil|t3_thornmail
standard,40,r1,red,top,戰士,chichuan,standard,1,3,1,3,14726,25296,12437,522,9.82,15.71,19.09,3,1,1,3,3,405,1097,391,986,3555,6627,10341,6253,525,1140,855,1187,,380,,t3_shieldbreaker|t3_finalstring
standard,40,r2,red,jungle,戰士,kuangfeng,standard,1,7,0,3,17620,19410,14763,619.6,6.99,12.55,17.66,4,1,2,3,4,1952,191,386,1783,5052,8191,11786,6253,513,2850,855,,934,380,,t3_shieldbreaker|t3_finalstring
standard,40,r3,red,mid,法師,haixiao,standard,1,4,2,1,19683,13278,12019,504.5,10.83,19.08,23.13,3,0,1,2,3,1533,495,416,988,3793,5525,8916,6253,763,1140,142,237,,380,,t3_psyward
standard,40,r4,red,adc,射手,mori,standard,1,6,2,0,26720,9546,12491,524.3,9.75,17.34,22.17,3,1,1,2,3,414,284,963,690,3764,5664,9863,6253,950,2280,,,,380,,t3_shieldbreaker|t3_rendspear
standard,40,r5,red,sup,坦克,tixue,standard,1,1,0,3,11541,21282,13808,579.6,6.63,12.25,17.33,4,1,2,3,4,396,870,1143,1607,4896,8110,11123,6253,440,570,427,475,,380,2577,t3_calmveil|t3_thornmail
standard,41,b1,blue,top,戰士,xueyue,standard,0,0,4,0,9341,20738,7813,365.2,10.18,19.6,,2,0,1,2,2,1524,229,205,182,3574,5759,7355,6253,551,,,475,,76,,t3_shieldbreaker|t3_finalstring
standard,41,b2,blue,jungle,戰士,longyi,standard,0,2,1,0,11015,15458,9515,444.8,9.31,16.83,,2,1,1,2,2,350,1043,355,914,4150,6523,8955,6253,408,1140,,,1077,76,,t3_shieldbreaker|t3_finalstring
standard,41,b3,blue,mid,法師,leiming,standard,0,2,0,0,12062,13774,10067,470.6,10.3,17.79,,2,0,1,2,2,1555,751,946,987,3815,5601,9546,6253,1000,1140,,950,,202,,t3_psyward
standard,41,b4,blue,adc,射手,leiting,standard,0,4,5,0,21131,10147,10466,489.3,9.31,17.59,,2,1,1,2,2,395,113,319,1566,3745,5493,8869,6253,798,1140,,475,,202,,t3_shieldbreaker|t3_rendspear
standard,41,b5,blue,sup,坦克,ironclad,standard,0,0,2,2,5680,16967,11401,533,7.93,13.18,18.21,4,1,2,3,4,370,359,274,41,4570,6859,9854,6253,167,,570,,,202,2660,t3_calmveil|t3_thornmail
standard,41,r1,red,top,戰士,xueyue,standard,1,2,2,0,12259,24475,10507,491.2,9.43,17.07,19.5,3,1,1,3,3,595,495,223,257,3745,6025,9873,6253,1064,1140,,997,,418,,t3_shieldbreaker|t3_finalstring
standard,41,r2,red,jungle,戰士,longyi,standard,1,4,0,0,9738,12110,12194,570,8.65,16.91,17.88,3,1,1,3,3,1267,2550,924,794,4367,8030,11424,6253,228,2280,,285,1959,418,,t3_shieldbreaker|t3_finalstring
standard,41,r3,red,mid,法師,leiming,standard,1,3,4,0,11959,12810,10868,508.1,11.55,17.78,,2,0,1,2,2,1381,532,1164,1468,3641,6282,9664,6253,807,1140,,1235,,228,,t3_psyward
standard,41,r4,red,adc,射手,leiting,standard,1,2,1,1,12457,8912,10479,489.9,9.92,18.73,21.1,3,1,1,2,3,253,431,89,478,3603,6111,8989,6253,750,570,,997,,418,,t3_shieldbreaker|t3_rendspear
standard,41,r5,red,sup,坦克,ironclad,standard,1,1,1,3,7485,18450,11994,560.7,8.13,13.01,17.7,4,1,2,3,4,1039,677,525,694,4639,7337,10505,6253,304,,570,285,,418,2674,t3_calmveil|t3_thornmail
standard,42,b1,blue,top,戰士,fengbao,standard,1,2,0,0,15186,21628,10735,468.6,9.23,16.85,22.64,3,1,1,2,3,519,469,442,235,3669,5949,8742,6253,608,570,,855,,456,,t3_shieldbreaker|t3_finalstring
standard,42,b2,blue,jungle,戰士,ravager,standard,1,1,0,0,8831,15048,9791,427.4,8.66,17.5,,2,1,1,2,2,553,986,505,1241,3653,6116,8155,6253,209,,,380,857,456,,t3_shieldbreaker|t3_finalstring
standard,42,b3,blue,mid,法師,mingyun2,standard,1,6,2,2,25307,14548,13116,572.6,10.71,17.77,21.08,3,0,1,2,3,1605,426,295,1036,3865,6326,9575,6253,918,1140,427,380,,456,,t3_psyward
standard,42,b4,blue,adc,射手,liangzi,standard,1,8,4,0,23722,9647,13889,606.3,10.41,16.57,20.02,3,0,1,2,3,1623,953,1780,2088,3783,6633,10680,6253,835,2280,,855,,456,,t3_shieldbreaker|t3_rendspear
standard,42,b5,blue,sup,輔助,huanjing,standard,1,0,0,5,9166,14129,13106,572.1,9.62,12.3,16.17,4,1,2,3,4,257,330,638,2145,4557,7360,9868,6253,316,,712,380,,456,1749,t3_calmveil
standard,42,r1,red,top,戰士,fengbao,standard,0,0,1,0,13148,25723,8728,381,9.48,18.66,,2,1,1,2,2,405,430,253,497,3555,5310,7533,6253,753,,,475,51,0,,t3_shieldbreaker|t3_finalstring
standard,42,r2,red,jungle,戰士,ravager,standard,0,0,3,1,11556,20750,8934,390,8.1,18.15,,2,1,1,2,2,338,531,183,754,4088,5961,7713,6253,278,,142,,1038,0,,t3_shieldbreaker|t3_finalstring
standard,42,r3,red,mid,法師,mingyun2,standard,0,1,5,0,13492,14074,9608,419.4,8.94,18.17,,2,1,1,2,2,484,476,349,527,4334,6076,8679,6253,905,570,,950,,0,,t3_psyward
standard,42,r4,red,adc,射手,liangzi,standard,0,5,6,0,16316,11156,11381,496.8,9.33,18.73,22.15,3,1,1,2,3,319,261,1103,1061,3669,5341,8723,6253,855,1140,,475,,0,,t3_shieldbreaker|t3_rendspear
standard,42,r5,red,sup,輔助,huanjing,standard,0,0,2,1,8771,15236,9805,428,6.59,11.88,17.02,3,1,2,3,3,406,294,397,764,4706,7024,8857,6253,285,,142,,,0,2176,t3_calmveil
standard,43,b1,blue,top,戰士,rongyan,standard,0,1,4,0,7223,26029,9472,408.7,10.22,17.22,,2,0,1,2,2,1360,761,158,1242,3410,6241,8388,6253,589,570,,760,26,190,,t3_shieldbreaker|t3_finalstring
standard,43,b2,blue,jungle,戰士,dushe,standard,0,0,5,0,9073,14180,9205,397.2,8.75,17.31,,2,1,1,2,2,766,1232,283,1025,3866,6062,7813,6253,323,,,285,951,0,,t3_shieldbreaker|t3_finalstring
standard,43,b3,blue,mid,法師,bingshuang,standard,0,0,7,1,10332,14223,9845,424.8,11.61,18.16,,2,0,1,2,2,1447,205,949,764,3707,6405,8799,6253,836,,285,1235,,190,,t3_psyward
standard,43,b4,blue,adc,射手,shengyan,standard,0,6,6,0,21920,11253,12315,531.4,9.73,17.74,21.02,3,1,1,2,3,167,483,82,714,3517,5683,8932,6253,589,1140,,760,,190,,t3_shieldbreaker|t3_rendspear
standard,43,b5,blue,sup,輔助,zhanchang,standard,0,0,6,0,4620,15215,10059,434,6.93,13.31,17.08,3,1,2,3,3,749,531,490,1018,4449,7261,8950,6253,133,,,285,,190,2088,t3_calmveil
standard,43,r1,red,top,戰士,rongyan,standard,1,10,1,0,14285,23252,16004,690.6,8.8,13.38,18.33,5,1,2,3,5,115,210,2767,703,4695,8210,14167,6253,703,5130,,1662,,418,,t3_shieldbreaker|t3_finalstring
standard,43,r2,red,jungle,戰士,dushe,standard,1,5,0,2,13060,13871,13801,595.5,8.98,15.47,19.27,4,1,1,3,4,321,1367,468,870,4071,6797,10798,6253,649,1710,142,158,1467,418,,t3_shieldbreaker|t3_finalstring
standard,43,r3,red,mid,法師,bingshuang,standard,1,3,4,2,11364,15143,11903,513.6,10.43,17.59,22.06,3,0,1,2,3,1466,356,239,303,3726,5686,8989,6253,1067,,570,870,,228,,t3_psyward
standard,43,r4,red,adc,射手,shengyan,standard,1,10,2,3,35382,10694,15766,680.3,9.86,17.7,19.79,4,1,1,3,4,94,85,327,1916,3444,5765,10807,6253,557,2280,427,870,,418,,t3_shieldbreaker|t3_rendspear
standard,43,r5,red,sup,輔助,zhanchang,standard,1,0,0,2,5943,16123,11502,496.3,5.85,11.3,17.28,4,1,2,3,4,570,250,1716,1001,4570,7280,10196,6253,253,,570,712,,418,1989,t3_calmveil
standard,44,b1,blue,top,戰士,embercoil,standard,0,0,6,0,9290,20228,7143,359,9.38,18.76,,2,1,1,,2,472,464,,513,3622,5294,,,,,,,,,,t3_shieldbreaker|t3_finalstring
standard,44,b2,blue,jungle,戰士,jufeng,standard,0,1,1,0,8895,12656,8488,426.5,9,16.3,,2,1,1,,2,815,754,,458,3915,6354,,,,,,,,,,t3_shieldbreaker|t3_finalstring
standard,44,b3,blue,mid,法師,mingyun2,standard,0,2,0,0,14221,12089,8609,432.6,11.54,17.21,,2,0,1,,2,1333,221,,299,3593,5601,,,,,,,,,,t3_psyward
standard,44,b4,blue,adc,射手,mirrorshot,standard,0,0,3,0,11590,9243,7384,371.1,10.11,19.83,,2,0,1,,2,1452,334,,163,3612,5534,,,,,,,,,,t3_shieldbreaker|t3_rendspear
standard,44,b5,blue,sup,坦克,thornwall,standard,0,0,1,1,5655,17105,10187,511.9,7.06,12.58,17.13,3,1,2,,3,149,623,,607,4649,7423,,,,,,,,,,t3_calmveil|t3_thornmail
standard,44,r1,red,top,戰士,embercoil,standard,1,3,0,0,14197,20436,9535,479.1,9.7,14.33,,2,1,2,,2,237,220,,884,4087,7070,,,,,,,,,,t3_shieldbreaker|t3_finalstring
standard,44,r2,red,jungle,戰士,jufeng,standard,1,6,0,0,14071,13594,12096,607.8,7.88,11.25,16.17,3,1,2,,3,166,427,,695,5646,9027,,,,,,,,,,t3_shieldbreaker|t3_finalstring
standard,44,r3,red,mid,法師,mingyun2,standard,1,1,0,1,10789,10407,9395,472.1,10.59,17.12,,2,0,1,,2,1400,558,,644,3660,6158,,,,,,,,,,t3_psyward
standard,44,r4,red,adc,射手,mirrorshot,standard,1,0,3,0,6779,7080,7583,381.1,11.1,19.43,,2,0,1,,2,1474,73,,583,3634,5753,,,,,,,,,,t3_shieldbreaker|t3_rendspear
standard,44,r5,red,sup,坦克,thornwall,standard,1,1,0,1,5733,12390,10058,505.4,6.73,12.13,17.02,3,1,2,,3,1185,303,,677,4785,7543,,,,,,,,,,t3_calmveil|t3_thornmail
standard,45,b1,blue,top,戰士,cinderfist,standard,1,0,0,0,11232,17611,8294,450.4,10.06,18.23,,2,0,1,,2,1486,355,,294,3536,5835,,,,,,,,,,t3_shieldbreaker|t3_finalstring
standard,45,b2,blue,jungle,戰士,langwang,standard,1,0,1,0,4527,10285,8047,436.9,9.18,,,1,1,1,,1,900,1081,,2616,4000,6511,,,,,,,,,,t3_shieldbreaker|t3_finalstring
standard,45,b3,blue,mid,法師,bingshuang,standard,1,1,0,0,9120,8437,8465,459.7,10.77,,,1,0,1,,1,1409,349,,1965,3669,5949,,,,,,,,,,t3_psyward
standard,45,b4,blue,adc,射手,dujian,standard,1,0,2,0,12965,7345,7867,427.2,10.24,17.85,,2,0,1,,2,1585,740,,546,3745,6120,,,,,,,,,,t3_shieldbreaker|t3_rendspear
standard,45,b5,blue,sup,輔助,xuemai,standard,1,0,1,0,3406,8678,9128,495.7,6.85,15.13,16.66,3,1,1,,3,516,2592,,948,4516,7442,,,,,,,,,,t3_calmveil
standard,45,r1,red,top,戰士,cinderfist,standard,0,1,0,0,12797,18367,7936,430.9,8.01,17.39,,2,1,1,,2,135,270,,1136,3935,5750,,,,,,,,,,t3_shieldbreaker|t3_finalstring
standard,45,r2,red,jungle,戰士,langwang,standard,0,3,0,0,4785,9759,8672,470.9,10.04,15.17,,2,0,1,,2,1753,1237,,421,3753,6667,,,,,,,,,,t3_shieldbreaker|t3_finalstring
standard,45,r3,red,mid,法師,bingshuang,standard,0,0,1,0,8702,9063,7268,394.7,10.06,,,1,0,1,,1,1694,495,,1038,3954,5645,,,,,,,,,,t3_psyward
standard,45,r4,red,adc,射手,dujian,standard,0,0,0,0,7417,7091,6670,362.2,9.7,,,1,1,1,,1,319,223,,989,3669,5303,,,,,,,,,,t3_shieldbreaker|t3_rendspear
standard,45,r5,red,sup,輔助,xuemai,standard,0,0,0,1,3724,11269,8651,469.7,6.22,11.9,17.31,3,1,2,,3,601,1053,,471,4601,7233,,,,,,,,,,t3_calmveil
standard,46,b1,blue,top,戰士,leimingcf,standard,0,0,4,0,9421,23939,8170,369.1,10.07,17.44,,2,0,1,2,2,1505,140,408,489,3555,5740,7488,6253,760,,,475,,0,,t3_shieldbreaker|t3_finalstring
standard,46,b2,blue,jungle,戰士,tielian,standard,0,0,2,0,8216,18538,8824,398.7,9.26,16.77,,2,1,1,2,2,571,865,460,844,3671,5515,8090,6253,316,,,475,1045,0,,t3_shieldbreaker|t3_finalstring
standard,46,b3,blue,mid,法師,mingyun2,standard,0,1,5,0,13478,16536,9880,446.4,10.65,17.79,,2,0,1,2,2,1609,379,647,1299,3869,5759,8647,6253,1349,570,,475,,0,,t3_psyward
standard,46,b4,blue,adc,射手,tianfa,standard,0,0,3,1,13237,11111,8331,376.4,10.36,17.77,,2,0,1,2,2,1367,131,336,231,3527,5161,7536,6253,522,,285,475,,0,,t3_shieldbreaker|t3_rendspear
standard,46,b5,blue,sup,輔助,fengshen,standard,0,0,5,0,7367,17218,9653,436.1,6.05,12.98,16.17,3,1,2,3,3,506,585,392,613,4506,7315,8972,6253,243,,,475,,0,1999,t3_calmveil
standard,46,r1,red,top,戰士,leimingcf,standard,1,2,0,0,13548,21649,10298,465.3,8.73,14.81,20.43,3,1,2,2,3,1051,137,864,397,4201,6937,9464,6253,589,1140,,950,,532,,t3_shieldbreaker|t3_finalstring
standard,46,r2,red,jungle,戰士,tielian,standard,1,2,0,2,10005,13723,11726,529.8,9.25,14.83,21.83,3,1,2,2,3,512,256,1355,376,4262,7606,9905,6253,133,570,570,475,1371,532,,t3_shieldbreaker|t3_finalstring
standard,46,r3,red,mid,法師,mingyun2,standard,1,1,0,1,17172,10739,10991,496.6,10.58,18.14,,2,0,1,2,2,1533,386,663,1941,3793,6586,9113,6253,1092,,285,950,,532,,t3_psyward
standard,46,r4,red,adc,射手,tianfa,standard,1,14,1,0,33791,10394,17147,774.7,8.38,16.76,18.84,5,1,1,3,5,154,773,562,1547,4154,6453,12362,6253,636,3990,,950,,532,,t3_shieldbreaker|t3_rendspear
standard,46,r5,red,sup,輔助,fengshen,standard,1,0,0,1,5542,15056,10613,479.5,6.6,11.66,17.43,3,1,2,3,3,901,683,550,1383,4601,7413,9780,6253,209,,285,475,,532,2025,t3_calmveil
standard,47,b1,blue,top,戰士,jufeng,standard,1,1,3,0,8161,25790,9191,410,9.34,17.41,,2,1,1,2,2,253,181,504,1111,3403,5531,7754,6253,456,570,,475,,0,,t3_shieldbreaker|t3_finalstring
standard,47,b2,blue,jungle,戰士,greymantle,standard,1,1,5,0,6778,16013,9341,416.7,10.38,17.19,,2,0,1,2,2,1776,938,405,1111,3776,6418,8155,6253,228,570,,,1008,95,,t3_shieldbreaker|t3_finalstring
standard,47,b3,blue,mid,法師,bingshuang,standard,1,1,5,0,11268,14670,10056,448.6,11.14,19.2,,2,0,1,2,2,1295,392,964,775,3555,5902,9094,6253,750,570,,1425,,95,,t3_psyward
standard,47,b4,blue,adc,射手,dawnstrike,standard,1,3,4,2,20556,10911,11560,515.7,9.48,16.64,20.5,3,1,1,2,3,424,843,1402,1240,3774,6523,9952,6253,893,1140,570,950,51,95,,t3_shieldbreaker|t3_rendspear
standard,47,b5,blue,sup,坦克,stoneguard,standard,1,0,1,0,3528,19535,10817,482.5,8.26,12.91,18.27,3,1,2,3,3,354,757,622,1236,4554,6957,9722,6253,218,,,475,,95,2680,t3_calmveil|t3_thornmail
standard,47,r1,red,top,戰士,jufeng,standard,0,1,1,0,7996,20416,10122,451.5,10.23,17.93,22.33,3,0,1,2,3,1543,628,373,172,3593,6158,8723,6253,665,570,,665,,570,,t3_shieldbreaker|t3_finalstring
standard,47,r2,red,jungle,戰士,greymantle,standard,0,5,0,1,8403,13837,12406,553.4,9.13,14.18,19.06,3,1,2,3,3,1020,119,392,1606,4820,7519,10772,6253,212,2280,285,190,981,570,,t3_shieldbreaker|t3_finalstring
standard,47,r3,red,mid,法師,bingshuang,standard,0,3,3,4,19704,11091,11376,507.5,11.73,17.56,,2,0,1,2,2,1381,306,872,1976,3641,6206,10272,6253,693,1710,570,665,,380,,t3_psyward
standard,47,r4,red,adc,射手,dawnstrike,standard,0,8,2,2,30985,11036,14359,640.6,9.86,16.64,20.01,4,1,1,2,4,462,421,1115,1139,3812,6101,10015,6253,722,1140,427,902,,570,,t3_shieldbreaker|t3_rendspear
standard,47,r5,red,sup,坦克,stoneguard,standard,0,1,0,5,6897,18788,12164,542.6,7.5,13.16,15.43,4,1,2,3,4,797,636,1117,863,4997,7876,11097,6253,139,570,712,427,,570,2424,t3_calmveil|t3_thornmail
standard,48,b1,blue,top,戰士,anliuyouXia,standard,1,1,1,0,10203,26666,11112,446.6,9.12,18.78,24.32,3,1,1,2,3,443,191,255,82,3593,5721,8305,6253,551,,,950,,551,,t3_shieldbreaker|t3_finalstring
standard,48,b2,blue,jungle,刺客,miwu,standard,1,2,1,1,7613,12753,11907,478.5,9.43,16.22,22.23,3,1,1,2,3,598,1109,729,777,3798,6739,9109,6253,316,570,285,475,753,456,,t3_finalstring
standard,48,b3,blue,mid,法師,lieyan,standard,1,9,3,3,28356,15001,16060,645.4,10.79,16.33,19.58,4,0,1,3,4,1360,521,873,1660,3620,7021,11423,6253,723,2850,570,475,,551,,t3_psyward
standard,48,b4,blue,adc,射手,yanfeng,standard,1,10,0,1,35422,12155,16692,670.8,9.84,17.43,19.78,4,1,1,3,4,427,624,137,2841,3777,6304,10617,6253,772,2280,285,475,,551,,t3_shieldbreaker|t3_rendspear
standard,48,b5,blue,sup,坦克,bingshouweis,standard,1,3,1,0,6684,23310,13892,558.3,8.72,12.68,16.21,4,1,2,3,4,744,824,1181,1692,4644,8064,11161,6253,372,1140,,475,,551,2370,t3_calmveil|t3_thornmail
standard,48,r1,red,top,戰士,anliuyouXia,standard,0,3,5,0,10673,31468,10581,425.2,10.03,16.44,22.92,3,0,1,2,3,1961,1160,703,330,4011,6690,8983,6253,494,1710,,475,51,0,,t3_shieldbreaker|t3_finalstring
standard,48,r2,red,jungle,刺客,miwu,standard,0,0,4,2,8412,12965,10338,415.5,8.16,16.84,23.78,3,1,1,2,3,863,407,456,837,4063,6037,8106,6253,237,,427,,1187,0,,t3_finalstring
standard,48,r3,red,mid,法師,lieyan,standard,0,1,6,1,24789,15677,10466,420.6,10.58,20.31,24.73,3,0,1,1,3,1371,204,1629,116,3631,5354,8109,6253,810,570,,475,,0,,t3_psyward
standard,48,r4,red,adc,射手,yanfeng,standard,0,2,5,0,18506,12515,9750,391.8,10.12,20.33,,2,0,1,1,2,1272,289,1137,1170,3432,5189,6937,6253,684,,,,,0,,t3_shieldbreaker|t3_rendspear
standard,48,r5,red,sup,坦克,bingshouweis,standard,0,0,5,1,4947,27025,11982,481.5,6.82,13.39,17.55,4,1,2,3,4,382,263,335,202,4582,7363,9435,6253,91,,142,475,,0,2472,t3_calmveil|t3_thornmail
standard,49,b1,blue,top,戰士,tielian,standard,1,0,4,0,13909,24914,9949,411.7,9.18,18.11,23.79,3,1,1,2,3,386,265,161,349,3536,5265,8391,6253,589,,,1282,,266,,t3_shieldbreaker|t3_finalstring
standard,49,b2,blue,jungle,刺客,jueying,standard,1,0,8,0,3936,11153,9535,394.5,10.18,17.83,,2,0,1,2,2,1787,462,345,1454,3717,5742,7775,6253,304,,,95,1046,76,,t3_finalstring
standard,49,b3,blue,mid,法師,shikong,standard,1,1,3,0,15173,14716,9835,407,9.28,18.66,,2,1,1,2,2,370,133,228,755,4220,6063,8258,6253,836,570,,332,,266,,t3_psyward
standard,49,b4,blue,adc,射手,siwang,standard,1,6,4,0,22783,12400,12581,520.6,8.77,17.79,20.98,3,1,1,2,3,452,227,443,1630,3802,5607,9293,6253,969,1710,,95,,266,,t3_shieldbreaker|t3_rendspear
standard,49,b5,blue,sup,輔助,mingyun,standard,1,0,3,0,6519,18485,11859,490.7,6.51,12.74,16.43,4,1,2,3,4,768,325,1260,978,4468,7355,10300,6253,266,,,1520,,266,1995,t3_calmveil
standard,49,r1,red,top,戰士,tielian,standard,0,8,0,0,18263,27421,14256,589.9,10.25,15.16,18.14,4,0,1,3,4,1543,1391,337,1275,3593,6871,10417,6253,706,2850,,285,,323,,t3_shieldbreaker|t3_finalstring
standard,49,r2,red,jungle,刺客,jueying,standard,0,3,1,1,11841,12877,12549,519.3,8.65,15.61,19.77,3,1,1,3,3,804,1867,398,1468,4004,7447,10048,6253,152,1140,285,285,1609,323,,t3_finalstring
standard,49,r3,red,mid,法師,shikong,standard,0,3,2,0,11917,12460,11092,459,10.49,18.18,23.26,3,0,1,2,3,1447,197,27,542,3707,5797,8527,6253,620,570,,760,,323,,t3_psyward
standard,49,r4,red,adc,射手,siwang,standard,0,8,4,0,23419,10571,13534,560,10.18,18.27,22.58,3,0,1,2,3,1443,602,343,1733,3603,6282,8593,6253,687,1140,,285,,228,,t3_shieldbreaker|t3_rendspear
standard,49,r5,red,sup,輔助,mingyun,standard,0,0,0,4,5309,16011,12043,498.3,5.97,12.24,16.83,4,1,2,3,4,2092,91,817,592,4592,7121,9857,6253,152,,570,760,,323,1798,t3_calmveil
standard,50,b1,blue,top,戰士,longyi,standard,0,1,3,0,12651,25757,8859,396.4,9.51,17.92,,2,1,1,2,2,253,314,303,779,3403,5664,8033,6253,658,570,,475,,76,,t3_shieldbreaker|t3_finalstring
standard,50,b2,blue,jungle,刺客,anye,standard,0,0,6,0,5808,10383,8494,380,9.65,18.16,,2,1,1,2,2,385,1025,286,713,3585,5525,7466,6253,313,,,,823,76,,t3_finalstring
standard,50,b3,blue,mid,法師,lieyan,standard,0,1,6,0,12851,15693,9610,430,10.82,17.54,,2,0,1,2,2,1552,792,346,1429,3812,5522,7776,6253,972,,,475,,76,,t3_psyward
standard,50,b4,blue,adc,射手,maestro,standard,0,2,5,1,12324,13503,9303,416.2,9.02,18.63,,2,1,1,2,2,395,217,747,552,3745,5417,8267,6253,798,1140,,,,76,,t3_shieldbreaker|t3_rendspear
standard,50,b5,blue,sup,坦克,suishan,standard,0,0,3,0,4708,18945,10910,488.2,7.17,13.53,18.03,3,1,2,3,3,616,180,667,1330,4516,7280,9647,6253,259,,,950,,76,2107,t3_calmveil|t3_thornmail
standard,50,r1,red,top,戰士,longyi,standard,1,8,1,2,17265,23963,15107,675.9,8.36,12.97,17.69,4,1,2,4,4,728,817,72,2257,3878,8267,12922,6253,665,3990,570,950,,494,,t3_shieldbreaker|t3_finalstring
standard,50,r2,red,jungle,刺客,anye,standard,1,4,2,0,8197,9437,12422,555.8,8.49,12.41,20.35,3,1,2,2,3,332,1407,2410,1291,4712,8407,10790,6253,193,1710,,475,1664,494,,t3_finalstring
standard,50,r3,red,mid,法師,lieyan,standard,1,4,1,1,15105,11282,12583,563,10.13,14.94,19.87,3,0,2,3,3,2049,198,86,2033,4309,7748,10636,6253,1038,2280,285,475,,304,,t3_psyward
standard,50,r4,red,adc,射手,maestro,standard,1,7,0,3,21346,8403,14075,629.8,9.63,17.59,19.87,3,1,1,3,3,189,462,341,2274,3539,6142,10341,6253,554,1710,855,475,,494,,t3_shieldbreaker|t3_rendspear
standard,50,r5,red,sup,坦克,suishan,standard,1,0,0,5,8643,17577,12380,553.9,7.48,12.4,16.2,3,1,2,3,3,411,838,975,2400,4611,8078,10955,6253,208,,1140,475,,494,2383,t3_calmveil|t3_thornmail
standard,51,b1,blue,top,戰士,chichuan,standard,0,0,2,1,10643,29645,9903,440.1,8.79,17.68,21.77,3,1,1,2,3,595,174,833,202,3745,5474,8863,6253,722,,285,1425,26,152,,t3_shieldbreaker|t3_finalstring
standard,51,b2,blue,jungle,刺客,hundun,standard,0,2,6,0,6923,12905,9744,433.1,10.75,17.91,,2,0,1,2,2,1606,518,446,913,3816,5798,8796,6253,411,1140,,,839,152,,t3_psyward
standard,51,b3,blue,mid,法師,shikong,standard,0,1,5,0,14717,15154,9610,427.1,10.18,19.13,,2,0,1,2,2,1517,413,873,310,3777,5563,8223,6253,867,,,950,,152,,t3_psyward
standard,51,b4,blue,adc,射手,huanying,standard,0,2,3,0,13629,12441,9189,408.4,10.41,18.79,,2,0,1,2,2,1395,1055,325,439,3555,5835,7545,6253,570,570,,,,152,,t3_shieldbreaker|t3_rendspear
standard,51,b5,blue,sup,坦克,tieshixin,standard,0,0,0,0,5167,17924,10472,465.4,7.34,13.73,18.83,3,1,2,3,3,1674,258,116,992,4574,6958,8816,6253,278,,,,26,152,2105,t3_calmveil|t3_thornmail
standard,51,r1,red,top,戰士,chichuan,standard,1,5,0,2,10646,21928,13341,592.9,9.39,14.9,18.25,4,1,2,3,4,496,236,401,840,4296,7336,11801,6253,750,2850,427,1140,,380,,t3_shieldbreaker|t3_finalstring
standard,51,r2,red,jungle,刺客,hundun,standard,1,5,2,2,8113,9182,13126,583.4,8.18,12.53,17.95,3,1,2,3,3,364,1471,362,1575,5914,8971,11912,6253,259,2850,285,190,1694,380,,t3_psyward
standard,51,r3,red,mid,法師,shikong,standard,1,1,0,2,20072,12765,10323,458.8,11.2,18.2,,2,0,1,2,2,1631,442,271,922,3891,6342,9021,6253,582,570,570,665,,380,,t3_psyward
standard,51,r4,red,adc,射手,huanying,standard,1,5,3,0,26123,8911,12083,537,10.07,18.61,22.39,3,0,1,2,3,1382,438,113,703,3542,5518,8663,6253,557,570,,902,,380,,t3_shieldbreaker|t3_rendspear
standard,51,r5,red,sup,坦克,tieshixin,standard,1,0,0,3,6457,17359,10779,479.1,8.22,12.2,18.78,3,1,2,3,3,1250,355,159,899,4750,7235,9439,6253,91,,427,427,,380,1859,t3_calmveil|t3_thornmail
standard,52,b1,blue,top,戰士,xueyue,standard,0,0,3,0,7712,23831,7796,373.3,9.72,18.03,,2,1,1,2,2,424,140,275,245,3574,5740,7475,6253,620,,,475,,126,,t3_shieldbreaker|t3_finalstring
standard,52,b2,blue,jungle,刺客,razorwing,standard,0,0,5,0,4073,11213,8155,390.5,9.23,18.02,,2,1,1,2,2,675,243,622,74,3875,5823,7872,6253,354,,,,1264,0,,t3_finalstring
standard,52,b3,blue,mid,法師,lieyan,standard,0,0,3,0,9675,13986,7840,375.4,11.32,18.8,,2,0,1,2,2,1257,254,90,140,3517,5284,7520,6253,665,,,475,,126,,t3_psyward
standard,52,b4,blue,adc,射手,guangsu,standard,0,0,6,0,9023,10415,7799,373.5,10.84,18.01,,2,0,1,2,2,1348,140,647,299,3508,5170,7517,6253,551,,,712,,0,,t3_shieldbreaker|t3_rendspear
standard,52,b5,blue,sup,輔助,shiguang,standard,0,0,3,0,4781,16315,9229,441.9,7.06,12.63,18.43,3,1,2,3,3,197,113,666,188,4497,6843,8946,6253,202,,,237,,126,2126,t3_calmveil
standard,52,r1,red,top,戰士,xueyue,standard,1,6,0,1,15823,21265,12388,593.2,6.88,12.68,18.02,3,1,2,3,3,37,148,515,987,5037,8448,11915,6253,931,3420,142,712,,456,,t3_shieldbreaker|t3_finalstring
standard,52,r2,red,jungle,刺客,razorwing,standard,1,4,0,1,5870,9008,11395,545.6,7.34,13.05,17.27,3,1,2,3,3,668,1043,792,1264,4518,8173,10922,6253,277,2280,142,475,1038,456,,t3_finalstring
standard,52,r3,red,mid,法師,lieyan,standard,1,2,0,1,14336,9777,10608,508,11.05,16.08,,2,0,1,2,2,1786,852,735,1207,4046,7352,10135,6253,813,1140,285,1187,,456,,t3_psyward
standard,52,r4,red,adc,射手,guangsu,standard,1,8,0,2,20211,7075,13122,628.4,10.03,17.55,19.38,3,0,1,3,3,1303,358,332,3122,3463,6038,10332,6253,440,2280,427,475,,456,,t3_shieldbreaker|t3_rendspear
standard,52,r5,red,sup,輔助,shiguang,standard,1,0,0,4,5804,10223,11368,544.4,8.19,12.83,15.82,3,1,2,3,3,903,731,1058,2328,4603,7761,10098,6253,349,,712,475,,456,1851,t3_calmveil
standard,53,b1,blue,top,戰士,langwang,standard,0,0,3,0,10908,29327,9786,410.8,9.84,18.71,,2,1,1,2,2,453,298,183,1556,3603,5778,7463,6253,582,,,475,,152,,t3_shieldbreaker|t3_finalstring
standard,53,b2,blue,jungle,刺客,jingxiang,standard,0,0,5,0,8147,13410,9616,403.6,8.57,17.13,,2,1,1,2,2,626,225,430,1536,3826,5805,7680,6253,418,,,,857,152,,t3_finalstring
standard,53,b3,blue,mid,法師,auralith,standard,0,2,6,1,19674,15868,10268,431,11.29,19.31,,2,0,1,2,2,1527,647,915,968,3787,5497,8265,6253,763,570,,475,51,152,,t3_psyward
standard,53,b4,blue,adc,射手,mori,standard,0,6,4,1,15295,11243,12220,512.9,9.82,18.03,21.34,3,1,1,2,3,389,259,624,1269,3739,5639,8574,6253,886,1140,142,,,152,,t3_shieldbreaker|t3_rendspear
standard,53,b5,blue,sup,輔助,fuwenbianzhi,standard,0,0,3,4,5565,17699,11716,491.7,7.19,12.83,16.34,4,1,2,3,4,251,841,957,265,4551,7391,9997,6253,161,,427,950,17,152,2036,t3_calmveil
standard,53,r1,red,top,戰士,langwang,standard,1,3,1,1,15165,25610,11596,486.7,9.64,18.32,20.61,3,1,1,2,3,386,735,597,1396,3536,6215,9197,6253,646,1140,,760,17,380,,t3_shieldbreaker|t3_finalstring
standard,53,r2,red,jungle,刺客,jingxiang,standard,1,5,1,1,10581,12531,13321,559.1,9.14,13.62,17.15,4,1,2,3,4,709,1386,824,571,3909,8816,11074,6253,342,2280,142,285,1391,380,,t3_finalstring
standard,53,r3,red,mid,法師,auralith,standard,1,1,3,0,12968,13325,9793,411,10.78,20.35,,2,0,1,1,2,1314,524,1178,1292,3574,5854,7678,6253,760,,,285,,380,,t3_psyward
standard,53,r4,red,adc,射手,mori,standard,1,12,3,1,40028,10764,16994,713.3,9.49,16.21,20.43,5,1,1,2,5,300,1067,1552,1393,3650,6747,10452,6253,969,2280,285,285,,380,,t3_shieldbreaker|t3_rendspear
standard,53,r5,red,sup,輔助,fuwenbianzhi,standard,1,0,0,3,5084,12161,11955,501.8,7.46,13.61,16.71,4,1,2,3,4,449,954,850,1075,4449,7204,9290,6253,171,,142,285,17,380,2040,t3_calmveil
standard,54,b1,blue,top,戰士,kuangfeng,standard,1,0,2,1,7511,21412,9410,440.2,10.28,18.33,,2,0,1,2,2,1524,542,605,1329,3574,5892,8685,6253,760,,95,1235,,342,,t3_shieldbreaker|t3_finalstring
standard,54,b2,blue,jungle,刺客,sting,standard,1,0,4,1,6319,9740,9089,425.2,8.81,16.77,,2,1,1,2,2,478,757,577,959,3678,6387,8357,6253,152,,95,760,945,152,,t3_finalstring
standard,54,b3,blue,mid,法師,xingjie,standard,1,6,2,0,17294,12458,11661,545.5,9.33,17.51,20.34,3,1,1,2,3,266,428,967,331,4116,6928,10367,6253,636,2850,,285,,342,,t3_psyward
standard,54,b4,blue,adc,射手,leiting,standard,1,1,5,0,13684,8883,8612,402.9,9.65,19.54,,2,1,1,2,2,129,246,267,361,3479,5626,7887,6253,627,570,,285,,152,,t3_shieldbreaker|t3_rendspear
standard,54,b5,blue,sup,坦克,ironclad,standard,1,0,3,1,6869,17900,10163,475.5,6.52,12.67,18.23,3,1,2,3,3,155,295,239,663,4605,7235,9439,6253,142,,95,760,51,152,1984,t3_calmveil|t3_thornmail
standard,54,r1,red,top,戰士,kuangfeng,standard,0,8,0,1,15498,24710,13476,630.4,8.47,14.63,17.12,4,1,2,3,4,199,137,1111,925,4049,7887,12561,6253,722,4560,285,475,,266,,t3_shieldbreaker|t3_finalstring
standard,54,r2,red,jungle,刺客,sting,standard,0,3,3,2,7504,11547,10791,504.9,7.31,13.96,20.3,3,1,2,2,3,192,423,1288,1091,4572,7423,9668,6253,304,1140,427,,1467,76,,t3_finalstring
standard,54,r3,red,mid,法師,xingjie,standard,0,0,0,1,11242,12363,9267,433.5,11.51,19.28,,2,0,1,2,2,1609,195,265,1417,3869,5645,8115,6253,978,,142,475,,266,,t3_psyward
standard,54,r4,red,adc,射手,leiting,standard,0,3,2,1,13101,7994,9932,464.7,10.74,19.54,,2,0,1,2,2,1272,261,172,1032,3432,5341,7792,6253,465,570,,237,,266,,t3_shieldbreaker|t3_rendspear
standard,54,r5,red,sup,坦克,ironclad,standard,0,2,2,6,8220,18521,12290,575,7.03,12.98,15,4,1,3,3,4,458,78,1396,89,4658,8678,11376,6253,190,1140,1425,237,,266,1863,t3_calmveil|t3_thornmail
standard,55,b1,blue,top,戰士,greymantle,standard,0,0,2,0,9337,24591,8019,396.3,9.66,16.21,,2,1,1,2,2,443,972,394,469,3593,6272,7944,6253,741,,,950,,0,,t3_shieldbreaker|t3_finalstring
standard,55,b2,blue,jungle,刺客,yingsi,standard,0,0,4,0,2305,10011,8181,404.3,9.36,17.57,,2,1,1,2,2,506,752,676,751,3706,5682,8106,6253,247,,,475,1130,0,,t3_finalstring
standard,55,b3,blue,mid,法師,auralith,standard,0,0,2,0,13111,12556,7886,389.8,10.78,18.12,,2,0,1,2,2,1409,612,281,356,3669,5512,7811,6253,1083,,,475,,0,,t3_psyward
standard,55,b4,blue,adc,射手,liangzi,standard,0,0,4,0,7034,11355,7326,362.1,10,19.43,,2,1,1,2,2,481,41,351,425,3831,5541,7251,6253,997,,,,,0,,t3_shieldbreaker|t3_rendspear
standard,55,b5,blue,sup,輔助,huanjing,standard,0,1,1,0,3729,14957,10289,508.5,7.04,12.62,16.21,3,1,2,3,3,554,334,1136,1249,4554,7364,10176,6253,427,570,,950,,0,1975,t3_calmveil
standard,55,r1,red,top,戰士,greymantle,standard,1,1,1,0,8847,20586,9150,452.2,9.99,15.94,,2,1,1,2,2,361,710,285,549,3511,6190,8885,6253,513,570,,1092,,456,,t3_shieldbreaker|t3_finalstring
standard,55,r2,red,jungle,刺客,yingsi,standard,1,3,0,2,7253,9772,11950,590.6,7.71,11.37,17.45,3,1,2,3,3,217,676,1255,870,5147,9006,11685,6253,285,1710,427,617,1841,551,,t3_finalstring
standard,55,r3,red,mid,法師,auralith,standard,1,0,0,1,13209,8445,8608,425.4,11.6,18.7,,2,0,1,2,2,1707,375,193,458,3967,6275,8343,6253,873,,285,380,,551,,t3_psyward
standard,55,r4,red,adc,射手,liangzi,standard,1,8,0,2,25894,9030,13947,689.3,9.59,15.86,18.13,4,1,1,4,4,376,1238,462,727,3726,6918,13682,6253,893,4560,570,855,,551,,t3_shieldbreaker|t3_rendspear
standard,55,r5,red,sup,輔助,huanjing,standard,1,1,0,1,2968,10292,11351,561,6.08,12.25,15.57,3,1,2,3,3,225,759,1571,2311,4525,7489,10611,6253,209,570,142,380,,551,2505,t3_calmveil
standard,56,b1,blue,top,戰士,ravager,standard,0,3,2,0,12603,22322,11394,482.3,9.48,16.03,21.52,3,1,1,2,3,557,444,1491,614,3707,6044,9521,6253,703,1140,,1045,,380,,t3_shieldbreaker|t3_finalstring
standard,56,b2,blue,jungle,刺客,youming,standard,0,2,5,0,6648,12335,10331,437.3,9.26,17.06,22.23,3,1,1,2,3,475,572,402,281,3675,5852,8482,6253,380,570,,95,803,380,,t3_finalstring
standard,56,b3,blue,mid,法師,xingjie,standard,0,1,5,2,11686,14157,9874,418,12.04,18.47,,2,0,1,2,2,1428,429,190,994,3688,5759,8590,6253,722,570,570,95,,380,,t3_psyward
standard,56,b4,blue,adc,射手,shengyan,standard,0,9,8,0,25871,12675,13799,584.1,9.28,16.49,20.25,4,1,1,2,4,418,482,1511,798,3768,6162,10361,6253,731,2850,,95,51,380,,t3_shieldbreaker|t3_rendspear
standard,56,b5,blue,sup,輔助,zhanchang,standard,0,0,3,2,4235,19505,11766,498.1,5.94,11.69,16.53,4,1,2,3,4,835,317,1442,316,4535,7347,10482,6253,275,,570,1045,,380,1958,t3_calmveil
standard,56,r1,red,top,戰士,ravager,standard,1,4,2,2,11444,24687,12946,548,8.36,15.28,19.64,4,1,1,3,4,1013,1267,263,446,4163,6747,9863,6253,1083,1140,285,950,,152,,t3_shieldbreaker|t3_finalstring
standard,56,r2,red,jungle,刺客,youming,standard,1,2,2,1,5830,9427,11480,485.9,8.82,16.63,22.23,3,1,1,2,3,990,856,955,880,4190,6436,9285,6253,152,570,285,,1873,152,,t3_finalstring
standard,56,r3,red,mid,法師,xingjie,standard,1,8,3,2,19173,14170,15445,653.7,10.88,14.73,18.96,4,0,2,3,4,1751,161,1128,1044,4011,8011,11678,6253,1187,2850,285,950,,152,,t3_psyward
standard,56,r4,red,adc,射手,shengyan,standard,1,9,8,0,24820,10944,14213,601.6,9.33,17.43,21.09,4,1,1,2,4,870,725,317,992,4220,6405,9217,6253,627,1710,,475,,152,,t3_shieldbreaker|t3_rendspear
standard,56,r5,red,sup,輔助,zhanchang,standard,1,0,0,2,5061,15093,12303,520.8,6.82,12.27,15.81,4,1,2,3,4,658,237,864,853,4658,6967,9904,6253,218,,285,475,,152,2520,t3_calmveil
standard,57,b1,blue,top,戰士,leimingcf,standard,0,0,6,2,18226,46264,13507,400,9.91,17.63,24.09,4,1,1,2,4,595,324,106,157,3745,5854,7906,6253,817,,285,475,,76,,t3_shieldbreaker|t3_finalstring
standard,57,b2,blue,jungle,刺客,yueying,standard,0,0,15,1,11184,20839,13416,397.3,7.77,17.45,27.11,3,1,1,2,3,783,278,179,2536,3983,5908,7659,6253,237,,285,,807,76,,t3_finalstring
standard,57,b3,blue,mid,法師,auralith,standard,0,18,13,0,53370,28618,23695,701.7,9.96,16.36,20.08,5,1,1,2,5,86,184,1274,7544,4936,6684,10674,6253,1019,2850,,475,,76,,t3_psyward
standard,57,b4,blue,adc,射手,xingchen,standard,0,17,14,1,85203,20568,21731,643.6,9.74,19.33,23.97,5,1,1,2,5,325,286,893,6131,3675,5366,7893,6253,709,570,285,,,76,,t3_shieldbreaker|t3_rendspear
standard,57,b5,blue,sup,坦克,thornwall,standard,0,0,8,1,13302,41050,15487,458.7,8.27,12.43,18.18,5,1,2,3,5,344,605,203,1887,4544,7385,9703,6253,218,,,475,,76,2680,t3_calmveil|t3_thornmail
standard,57,r1,red,top,戰士,leimingcf,standard,1,7,6,2,29296,47955,18071,535.2,8.75,17,20.86,5,1,1,2,5,671,375,504,2720,3821,5905,9154,6253,829,1140,,475,,456,,t3_shieldbreaker|t3_finalstring
standard,57,r2,red,jungle,刺客,yueying,standard,1,13,3,4,30825,24769,23430,693.9,6.24,12.66,16.63,5,1,2,3,5,346,269,2268,8130,5026,8649,13398,6253,247,3420,855,712,1454,456,,t3_finalstring
standard,57,r3,red,mid,法師,auralith,standard,1,14,12,1,39509,23724,21253,629.4,12.03,18.37,22.9,5,0,1,2,5,1105,552,238,5103,3365,6152,8688,6253,649,570,285,475,,456,,t3_psyward
standard,57,r4,red,adc,射手,xingchen,standard,1,20,12,2,89854,18655,24825,735.2,11.88,17.6,20.31,5,0,1,2,5,1310,867,1888,9225,3470,6247,10788,6253,801,2280,285,712,,456,,t3_shieldbreaker|t3_rendspear
standard,57,r5,red,sup,坦克,thornwall,standard,1,2,2,3,12340,32545,17860,528.9,7.03,13.3,17.73,5,1,2,3,5,521,339,1300,4260,4421,7119,11280,6253,57,1140,285,475,,456,2614,t3_calmveil|t3_thornmail
standard,58,b1,blue,top,坦克,tiankong,standard,0,0,0,0,6881,21789,8585,420.9,9.52,15.23,19.92,3,1,1,3,3,757,606,207,35,3707,6006,8457,6253,940,,,1187,,76,,t3_calmveil|t3_thornmail
standard,58,b2,blue,jungle,戰士,tielian,standard,0,0,1,0,6809,14463,7471,366.2,9.66,18.43,,2,1,1,2,2,410,143,443,271,3510,5373,7343,6253,351,,,,662,76,,t3_finalstring|t3_shieldbreaker
standard,58,b3,blue,mid,法師,xingjie,standard,0,2,2,0,15000,12800,8571,420.2,11.26,16.98,,2,0,1,2,2,1428,387,513,41,3688,5987,8443,6253,736,1140,,237,,76,,t3_psyward
standard,58,b4,blue,adc,射手,dujian,standard,0,2,2,0,9543,10827,9849,482.8,10.44,18.7,,2,0,1,2,2,1538,170,131,1098,3698,5370,8581,6253,826,,,1425,,76,,t3_shieldbreaker|t3_rendspear
standard,58,b5,blue,sup,坦克,tiebi,standard,0,0,1,0,3904,17852,9289,455.4,7.78,13.2,18.19,3,1,2,3,3,711,448,361,189,4611,6948,9161,6253,261,,,,,76,2570,t3_calmveil|t3_thornmail
standard,58,r1,red,top,坦克,tiankong,standard,1,4,1,0,10084,17834,10736,526.3,8.93,14.44,20.13,3,1,2,2,3,637,259,3080,705,3587,6209,10370,6253,715,2280,,665,,456,,t3_calmveil|t3_thornmail
standard,58,r2,red,jungle,戰士,tielian,standard,1,0,0,0,4655,8968,9124,447.3,7.73,15.13,,2,1,1,2,2,380,1373,1596,1723,4180,6853,8996,6253,345,,,427,1513,456,,t3_finalstring|t3_shieldbreaker
standard,58,r3,red,mid,法師,xingjie,standard,1,1,1,0,19148,10952,9887,484.6,12.53,16.27,,2,0,1,2,2,1504,865,359,486,3764,7365,9759,6253,1102,570,,1377,,456,,t3_psyward
standard,58,r4,red,adc,射手,dujian,standard,1,1,1,4,20563,9212,10812,530,10.35,17.45,,2,0,1,2,2,1436,623,826,2711,3596,6123,8926,6253,839,,712,665,,456,,t3_shieldbreaker|t3_rendspear
standard,58,r5,red,sup,坦克,tiebi,standard,1,0,1,3,6094,14147,9577,469.5,7.43,12.34,19.17,3,1,2,3,3,249,200,69,197,4449,7140,9449,6253,190,,427,190,,456,1932,t3_calmveil|t3_thornmail
standard,59,b1,blue,top,坦克,tiebi,standard,0,0,4,0,3844,22335,8689,396.5,8.66,15.33,20.75,3,1,1,2,3,605,554,1027,539,3555,5854,8077,6253,874,,,950,,0,,t3_calmveil|t3_thornmail
standard,59,b2,blue,jungle,戰士,cinderfist,standard,0,2,3,0,6636,14268,9667,441.1,8.66,18.39,,2,1,1,2,2,203,807,734,1487,3953,5937,8914,6253,494,1140,,,1027,0,,t3_shieldbreaker|t3_finalstring
standard,59,b3,blue,mid,法師,gambler,standard,0,0,6,1,14409,14784,7901,360.5,10.78,20.63,,2,0,1,1,2,1371,387,1209,550,3631,5417,7289,6253,893,,142,,,0,,t3_psyward
standard,59,b4,blue,adc,射手,tianfa,standard,0,0,2,1,15212,11356,7600,346.8,9.52,20.06,,2,1,1,1,2,158,393,1131,400,3508,5173,6931,6253,535,,142,,,0,,t3_shieldbreaker|t3_rendspear
standard,59,b5,blue,sup,輔助,fengshen,standard,0,0,2,0,4508,14546,10177,464.3,6.63,12.88,16.38,3,1,2,3,3,225,120,467,1136,4525,6850,9507,6253,243,,,475,,0,2535,t3_calmveil
standard,59,r1,red,top,坦克,tiebi,standard,1,7,0,2,14516,20530,13720,626,8.27,11.78,13.88,4,1,3,4,4,340,434,417,1569,4790,8984,11967,6253,665,3420,142,878,,608,,t3_calmveil|t3_thornmail
standard,59,r2,red,jungle,戰士,cinderfist,standard,1,3,0,3,9605,15150,12210,557.1,8.98,13.63,19.11,3,1,2,3,3,54,926,471,859,4104,7676,10321,6253,245,1140,380,403,1290,608,,t3_shieldbreaker|t3_finalstring
standard,59,r3,red,mid,法師,gambler,standard,1,2,0,1,14837,11161,10341,471.8,9.96,17.93,,2,1,1,2,2,50,1241,637,940,3900,6841,9387,6253,886,1140,95,403,,608,,t3_psyward
standard,59,r4,red,adc,射手,tianfa,standard,1,5,1,2,19778,8854,12542,572.2,10.43,17.82,20.68,3,0,1,2,3,1495,682,1585,741,3655,6362,10485,6253,726,1710,427,760,,608,,t3_shieldbreaker|t3_rendspear
standard,59,r5,red,sup,輔助,fengshen,standard,1,0,1,1,4386,12456,10512,479.6,7.18,14.79,15.88,3,1,2,3,3,66,685,789,1761,4666,7715,9539,6253,212,,95,403,,608,1966,t3_calmveil
standard,60,b1,blue,top,坦克,shengdun,standard,0,1,1,0,8127,19523,8790,417.8,7.65,14.79,,2,1,2,2,2,890,284,1167,1500,3840,6234,8457,6253,988,570,,475,,171,,t3_calmveil|t3_thornmail
standard,60,b2,blue,jungle,戰士,dushe,standard,0,0,4,0,9427,14946,7951,377.9,9.25,18.81,,2,1,1,2,2,779,774,38,70,3879,5654,7618,6253,278,,,,1010,76,,t3_finalstring|t3_shieldbreaker
standard,60,b3,blue,mid,法師,ronghuo,standard,0,2,2,0,12242,12921,9905,470.7,10.78,16.74,,2,0,1,2,2,1574,85,96,504,3834,6285,9496,6253,981,1140,,950,,171,,t3_psyward
standard,60,b4,blue,adc,射手,dawnstrike,standard,0,2,1,0,10853,11043,9447,449,9.4,19.08,,2,1,1,2,2,254,166,94,696,3604,5846,8544,6253,582,570,,950,17,171,,t3_shieldbreaker|t3_rendspear
standard,60,b5,blue,sup,坦克,stoneguard,standard,0,0,1,0,4195,12892,9137,434.3,6.61,14.18,,2,1,2,2,2,515,154,1564,1897,4715,7094,8804,6253,399,,,,,171,1981,t3_calmveil|t3_thornmail
standard,60,r1,red,top,坦克,shengdun,standard,1,3,0,0,10130,18090,10595,503.5,8.74,13.85,18.48,3,1,2,3,3,38,550,566,1165,3688,6500,9996,6253,741,1710,,950,,342,,t3_calmveil|t3_thornmail
standard,60,r2,red,jungle,戰士,dushe,standard,1,3,1,1,9079,12264,11058,525.5,9.35,16.43,20,3,1,1,3,3,600,1693,27,678,3700,7173,10407,6253,266,1710,285,475,1265,152,,t3_finalstring|t3_shieldbreaker
standard,60,r3,red,mid,法師,ronghuo,standard,1,1,3,1,14984,10976,9683,460.2,11.05,18.93,,2,0,1,2,2,1523,91,584,403,3783,6291,9084,6253,1159,570,285,475,,342,,t3_psyward
standard,60,r4,red,adc,射手,dawnstrike,standard,1,2,1,0,12381,8649,10424,495.4,10.22,16.72,20.93,3,0,1,2,3,1395,1063,675,204,3555,6443,9255,6253,665,570,,1425,,342,,t3_shieldbreaker|t3_rendspear
standard,60,r5,red,sup,坦克,stoneguard,standard,1,0,0,1,6017,14207,10830,514.7,7.2,12.68,18.38,3,1,2,3,3,306,192,251,849,4506,7432,10231,6253,209,,285,475,,342,2666,t3_calmveil|t3_thornmail
standard,61,b1,blue,top,坦克,shiqiang,standard,0,1,10,1,23844,53327,15085,409.1,8.21,16.84,20.07,5,1,1,2,5,1200,479,562,1435,4150,5879,8292,6253,481,570,,570,,418,,t3_calmveil|t3_thornmail
standard,61,b2,blue,jungle,戰士,jufeng,standard,0,0,13,1,20127,37813,14472,392.5,8.65,17.67,24.77,4,1,1,2,4,556,425,144,1172,3656,5655,7644,6253,114,,,95,763,418,,t3_finalstring|t3_shieldbreaker
standard,61,b3,blue,mid,法師,gambler,standard,0,15,9,1,57006,28440,22970,622.9,10.27,18.5,22.54,5,0,1,2,5,1545,100,259,6820,3805,5610,8489,6253,772,570,142,332,,418,,t3_psyward
standard,61,b4,blue,adc,射手,yanfeng,standard,0,18,18,3,108861,26635,24276,658.3,10.11,19.42,22.78,5,0,1,2,5,1706,581,503,8675,3866,5481,7723,6253,668,,427,95,51,228,,t3_shieldbreaker|t3_rendspear
standard,61,b5,blue,sup,坦克,bingshouweis,standard,0,0,8,2,13073,46649,16401,444.8,7.62,12.65,16.98,5,1,2,3,5,711,238,389,2801,4611,7038,9969,6253,205,,,807,153,418,2130,t3_calmveil|t3_thornmail
standard,61,r1,red,top,坦克,shiqiang,standard,1,9,3,3,36151,51691,20738,562.4,9.32,12.53,17.58,5,1,2,3,5,719,164,948,7088,3669,6874,10978,6253,772,2850,285,665,,152,,t3_calmveil|t3_thornmail
standard,61,r2,red,jungle,戰士,jufeng,standard,1,7,8,2,23901,34515,20504,556.1,9.44,16.92,21.22,5,1,1,2,5,847,1206,1278,5204,3947,6686,9278,6253,224,570,285,190,1602,152,,t3_finalstring|t3_shieldbreaker
standard,61,r3,red,mid,法師,gambler,standard,1,9,8,4,37915,24448,20903,566.9,11.28,18.57,23.01,5,0,1,2,5,1346,315,427,4752,3606,6215,8457,6253,658,,570,823,,152,,t3_psyward
standard,61,r4,red,adc,射手,yanfeng,standard,1,30,12,1,141069,22842,31460,853.2,10.18,13.17,20.23,5,0,2,2,5,2101,348,1248,15860,4261,7548,9828,6253,794,2280,,348,,152,,t3_shieldbreaker|t3_rendspear
standard,61,r5,red,sup,坦克,bingshouweis,standard,1,3,3,6,16945,42156,19747,535.5,8.23,11.55,15.22,5,1,2,3,5,206,1396,1102,6146,4706,8636,11082,6253,171,570,855,823,,152,2257,t3_calmveil|t3_thornmail
standard,62,b1,blue,top,坦克,tiemu,standard,1,0,0,0,4570,19499,8935,418,9.03,15.67,20.68,3,1,1,2,3,624,421,1265,384,3574,5721,8495,6253,570,,,1140,,532,,t3_calmveil|t3_thornmail
standard,62,b2,blue,jungle,戰士,langwang,standard,1,1,0,0,7544,14165,9435,441.4,8.38,18.17,,2,1,1,2,2,844,756,446,885,3944,6186,8996,6253,440,570,,427,772,532,,t3_shieldbreaker|t3_finalstring
standard,62,b3,blue,mid,法師,ronghuo,standard,1,7,3,0,15308,14156,14125,660.8,9.82,14.94,19.54,3,1,2,3,3,307,31,1315,2044,4157,8061,12165,6253,820,3420,,1140,,532,,t3_psyward
standard,62,b4,blue,adc,射手,siwang,standard,1,9,1,1,30533,8202,14049,657.3,11.45,16.17,18.44,3,0,1,3,3,1417,690,129,2848,3577,6370,11329,6253,744,2850,285,665,,532,,t3_shieldbreaker|t3_rendspear
standard,62,b5,blue,sup,輔助,mingyun,standard,1,0,0,2,2965,13761,11250,526.3,6.84,12.09,14.57,4,1,3,3,4,229,236,1580,449,4829,7936,10810,6253,313,,570,902,,532,2238,t3_calmveil
standard,62,r1,red,top,坦克,tiemu,standard,0,1,2,0,4681,18440,9353,437.5,11.36,14.32,20.41,3,0,2,2,3,2421,422,295,422,4011,6272,7925,6253,627,570,,475,,0,,t3_calmveil|t3_thornmail
standard,62,r2,red,jungle,戰士,langwang,standard,0,0,2,1,7294,15971,9112,426.3,8.63,16.58,,2,1,1,2,2,302,1090,1040,932,4352,6520,8570,6253,418,,285,,1614,0,,t3_shieldbreaker|t3_finalstring
standard,62,r3,red,mid,法師,ronghuo,standard,0,0,4,2,12298,12684,8479,396.7,11.09,20.52,,2,0,1,1,2,1295,197,1539,148,3555,5797,8039,6253,741,,570,475,,0,,t3_psyward
standard,62,r4,red,adc,射手,siwang,standard,0,3,5,0,15641,8987,9486,443.8,11.07,19.54,,2,0,1,2,2,1281,333,856,935,3441,5113,8476,6253,607,1140,,475,,0,,t3_shieldbreaker|t3_rendspear
standard,62,r5,red,sup,輔助,mingyun,standard,0,0,4,1,6277,14915,9367,438.2,5.76,12.79,18.44,3,1,2,3,3,844,331,183,327,4544,6881,8643,6253,342,,,,,0,2047,t3_calmveil
standard,63,b1,blue,top,坦克,dadi,standard,0,0,1,1,9438,22619,8563,382.6,9.29,16.82,21.29,3,1,1,2,3,624,222,301,112,3574,5522,7631,6253,589,,142,475,,171,,t3_calmveil|t3_thornmail
standard,63,b2,blue,jungle,戰士,jingci,standard,0,1,0,0,6640,17648,8765,391.6,9.52,17.45,,2,1,1,2,2,430,531,456,514,3530,5361,7806,6253,228,570,,,583,171,,t3_shieldbreaker|t3_finalstring
standard,63,b3,blue,mid,法師,gambler,standard,0,1,4,0,16024,13987,8553,382.1,11.72,18.74,,2,0,1,2,2,1381,359,404,153,3641,5959,7754,6253,760,570,,,,171,,t3_psyward
standard,63,b4,blue,adc,射手,phantom,standard,0,7,2,1,16301,10173,12862,574.6,11.15,16.23,19.84,4,0,1,3,4,1314,184,210,261,3474,5384,10390,6253,498,2850,142,475,,171,,t3_shieldbreaker|t3_rendspear
standard,63,b5,blue,sup,輔助,tianshi,standard,0,0,3,2,4781,18332,10085,450.6,6.83,12.68,17.11,3,1,2,3,3,211,560,189,1045,4511,6810,9229,6253,166,,570,,,76,2163,t3_calmveil
standard,63,r1,red,top,坦克,dadi,standard,1,3,1,0,10170,22235,11246,502.4,8.69,14.3,18.73,3,1,2,3,3,1213,582,261,1315,4163,6912,9591,6253,665,1710,,760,51,152,,t3_calmveil|t3_thornmail
standard,63,r2,red,jungle,戰士,jingci,standard,1,3,1,2,10720,14414,11956,534.2,8.09,16.05,19.77,3,1,1,3,3,302,2901,129,1026,4052,8031,10579,6253,133,1710,570,443,1317,152,,t3_shieldbreaker|t3_finalstring
standard,63,r3,red,mid,法師,gambler,standard,1,2,1,2,18912,12536,10543,471,9.52,18.23,,2,1,1,2,2,256,420,527,1143,4106,6620,8557,6253,693,570,427,443,17,152,,t3_psyward
standard,63,r4,red,adc,射手,phantom,standard,1,2,5,1,16266,8420,9779,436.9,9.88,18.85,,2,1,1,2,2,424,484,216,878,3774,5864,7536,6253,560,,285,285,,152,,t3_shieldbreaker|t3_rendspear
standard,63,r5,red,sup,輔助,tianshi,standard,1,0,1,3,6786,14573,11934,533.2,7.6,13.45,16.04,4,1,2,3,4,478,447,603,973,4478,7477,9833,6253,152,,427,918,,152,1930,t3_calmveil
standard,64,b1,blue,top,坦克,tixue,standard,0,0,2,0,10452,25373,10192,414.3,8.92,16.19,19.64,3,1,1,3,3,529,491,136,601,3479,5341,8666,6253,627,,,1425,,361,,t3_calmveil|t3_thornmail
standard,64,b2,blue,jungle,戰士,greymantle,standard,0,1,4,1,11573,19642,10186,414,8.58,17.32,23.96,3,1,1,2,3,761,584,350,285,3861,5764,8580,6253,332,570,285,,873,266,,t3_finalstring|t3_shieldbreaker
standard,64,b3,blue,mid,法師,ronghuo,standard,0,3,4,2,20741,16499,11911,484.2,11.11,16.62,21.53,3,0,1,2,3,1409,159,555,411,3669,5759,9835,6253,1035,1140,570,475,,361,,t3_psyward
standard,64,b4,blue,adc,射手,huanying,standard,0,5,6,0,24474,13787,12595,512,9.72,18.84,20.6,3,1,1,2,3,471,282,410,1615,3821,6082,9160,6253,931,1140,,475,,361,,t3_shieldbreaker|t3_rendspear
standard,64,b5,blue,sup,坦克,tieshixin,standard,0,1,6,0,6118,22825,11611,472,6.41,12.82,18.6,4,1,2,3,4,411,467,274,410,4611,6967,9354,6253,190,570,,,,171,2169,t3_calmveil|t3_thornmail
standard,64,r1,red,top,坦克,tixue,standard,1,5,0,1,13075,23346,13108,532.9,8.08,15.39,19.26,4,1,1,3,4,729,1200,957,1458,3679,5750,9607,6253,513,1710,142,760,,228,,t3_calmveil|t3_thornmail
standard,64,r2,red,jungle,戰士,greymantle,standard,1,5,1,1,12327,19300,14369,584.1,9.03,13.92,20.13,4,1,2,2,4,557,555,2002,1069,4357,7355,10602,6253,247,1710,142,760,1260,228,,t3_finalstring|t3_shieldbreaker
standard,64,r3,red,mid,法師,ronghuo,standard,1,5,3,3,23350,13363,13074,531.4,9.37,17.13,21.61,3,1,1,2,3,250,459,343,2223,4100,6959,9743,6253,839,1710,427,285,,228,,t3_psyward
standard,64,r4,red,adc,射手,huanying,standard,1,6,5,1,21461,12329,13944,566.8,10.57,18.68,21.53,3,0,1,2,3,1424,193,723,2794,3584,5693,9303,6253,636,1140,285,760,,228,,t3_shieldbreaker|t3_rendspear
standard,64,r5,red,sup,坦克,tieshixin,standard,1,1,1,4,7242,21868,13224,537.6,7.28,12.09,18.43,4,1,2,3,4,215,151,247,1023,4665,7391,9747,6253,158,,142,285,,228,2680,t3_calmveil|t3_thornmail
standard,65,b1,blue,top,坦克,suishan,standard,1,0,1,0,7787,14848,8124,424.4,8.79,15.6,,2,1,1,,2,643,853,,844,3593,5953,,,,,,,,,,t3_calmveil|t3_thornmail
standard,65,b2,blue,jungle,戰士,hunpo,standard,1,0,0,0,2813,5951,7909,413.2,11.04,,,1,0,1,,1,1479,775,,1508,3689,6005,,,,,,,,,,t3_psyward
standard,65,b3,blue,mid,法師,haixiao,standard,1,1,0,0,13689,8755,8956,467.9,10.45,16.12,,2,0,1,,2,1495,707,,556,3755,6557,,,,,,,,,,t3_psyward
standard,65,b4,blue,adc,射手,guangsu,standard,1,2,0,0,10019,6825,8709,455,10.43,17.98,,2,0,1,,2,1395,687,,459,3555,6367,,,,,,,,,,t3_shieldbreaker|t3_rendspear
standard,65,b5,blue,sup,輔助,huanjing,standard,1,1,0,0,3831,9814,10653,556.6,6.45,13.49,15.18,3,1,2,,3,1116,1610,,1613,4516,7860,,,,,,,,,,t3_calmveil
standard,65,r1,red,top,坦克,suishan,standard,0,1,0,0,8344,17408,7868,411.1,8.53,15,,2,1,2,,2,789,171,,588,3739,6071,,,,,,,,,,t3_calmveil|t3_thornmail
standard,65,r2,red,jungle,戰士,hunpo,standard,0,0,0,0,5680,9584,7235,378,11.21,,,1,0,1,,1,1552,546,,834,3762,5776,,,,,,,,,,t3_psyward
standard,65,r3,red,mid,法師,haixiao,standard,0,0,2,0,7122,10844,7386,385.8,10.87,,,1,0,1,,1,1466,55,,935,3726,5455,,,,,,,,,,t3_psyward
standard,65,r4,red,adc,射手,guangsu,standard,0,0,2,0,8365,7391,7120,371.9,9.81,19.02,,2,1,1,,2,357,542,,119,3707,5322,,,,,,,,,,t3_shieldbreaker|t3_rendspear
standard,65,r5,red,sup,輔助,huanjing,standard,0,0,0,0,3309,9310,8207,428.8,7.94,13.31,18.4,3,1,2,,3,1087,310,,507,4487,6790,,,,,,,,,,t3_calmveil
standard,66,b1,blue,top,坦克,thornwall,standard,0,0,2,0,7362,22311,8621,398.3,9.88,16.09,20.63,3,1,1,2,3,605,952,396,470,3555,5702,8026,6253,665,,,1108,,0,,t3_calmveil|t3_thornmail
standard,66,b2,blue,jungle,戰士,leimingcf,standard,0,0,3,0,4737,18264,8074,373.1,8.74,19.27,,2,1,1,2,2,110,532,397,373,3860,5662,7447,6253,114,,,,1079,0,,t3_shieldbreaker|t3_finalstring
standard,66,b3,blue,mid,法師,leiming,standard,0,1,3,1,13021,13682,8782,405.8,11.77,19.59,,2,0,1,2,2,1438,454,415,382,3698,5484,8245,6253,978,570,285,158,,0,,t3_psyward
standard,66,b4,blue,adc,射手,mori,standard,0,4,4,0,13436,10406,10340,477.8,9.88,18.8,21.3,3,1,1,2,3,310,569,996,320,3660,5769,9246,6253,807,1710,,475,,0,,t3_shieldbreaker|t3_rendspear
standard,66,b5,blue,sup,輔助,fuwenbianzhi,standard,0,0,3,0,5386,15106,9717,449,7.61,12.82,18,3,1,2,3,3,506,262,121,676,4506,7292,9161,6253,285,,,633,,0,1989,t3_calmveil
standard,66,r1,red,top,坦克,thornwall,standard,1,1,1,1,7123,18435,9951,459.8,9.08,15.25,18.7,3,1,1,3,3,596,716,168,20,3546,6016,9198,6253,560,570,142,1140,,532,,t3_calmveil|t3_thornmail
standard,66,r2,red,jungle,戰士,leimingcf,standard,1,9,0,1,17219,16203,14638,676.4,8.2,12.68,15.83,4,1,2,4,4,1546,689,789,1238,4646,8639,13239,6253,437,4560,142,190,1124,532,,t3_shieldbreaker|t3_finalstring
standard,66,r3,red,mid,法師,leiming,standard,1,2,2,3,18192,11665,11081,512,10.71,16.21,21.3,3,0,1,2,3,1666,1074,378,531,3926,7574,9778,6253,855,570,427,1140,,532,,t3_psyward
standard,66,r4,red,adc,射手,mori,standard,1,3,2,1,14785,9143,11189,517,9.57,17.55,20.57,3,1,1,2,3,370,158,1536,708,3720,5838,10436,6253,896,1710,142,902,,532,,t3_shieldbreaker|t3_rendspear
standard,66,r5,red,sup,輔助,fuwenbianzhi,standard,1,0,0,3,6816,11662,10631,491.2,6.64,12.14,17.32,3,1,2,3,3,2203,511,629,1400,4703,7541,9859,6253,177,,570,427,,532,1899,t3_calmveil
standard,67,b1,blue,top,坦克,ironclad,standard,1,1,0,0,10394,19736,9969,459.4,8.32,16,20.76,3,1,1,2,3,757,492,1338,539,3707,5892,8628,6253,741,,,1140,,494,,t3_calmveil|t3_thornmail
standard,67,b2,blue,jungle,戰士,fengbao,standard,1,0,1,0,7057,14290,8992,414.4,8.23,17.1,,2,1,1,2,2,639,2081,456,691,3739,6181,8156,6253,123,,,190,1095,494,,t3_finalstring|t3_shieldbreaker
standard,67,b3,blue,mid,法師,haixiao,standard,1,1,1,0,17068,13133,9456,435.8,10.91,18.62,,2,0,1,2,2,1656,144,273,406,3916,6044,8723,6253,931,570,,665,,304,,t3_psyward
standard,67,b4,blue,adc,射手,leiting,standard,1,3,1,1,14018,10226,11461,528.1,10.3,17.93,21.63,3,0,1,2,3,1386,121,780,310,3546,5921,9360,6253,570,1140,,902,,494,,t3_shieldbreaker|t3_rendspear
standard,67,b5,blue,sup,坦克,thornwall,standard,1,0,2,0,8199,15011,10974,505.7,7.15,14.38,17.39,3,1,2,3,3,142,325,993,994,4592,7565,10073,6253,218,,,427,,494,2680,t3_calmveil|t3_thornmail
standard,67,r1,red,top,坦克,ironclad,standard,0,2,1,1,11916,20308,9418,434,8.78,14.4,20.76,3,1,2,2,3,605,265,1490,468,3555,6215,8780,6253,627,1140,285,475,,0,,t3_calmveil|t3_thornmail
standard,67,r2,red,jungle,戰士,fengbao,standard,0,1,1,1,9630,14631,9855,454.2,9.27,16.12,,2,1,1,2,2,351,1893,357,1255,4151,6473,8357,6253,361,,142,,1600,0,,t3_finalstring|t3_shieldbreaker
standard,67,r3,red,mid,法師,haixiao,standard,0,0,2,1,14025,13312,8753,403.4,11.03,19.69,,2,0,1,2,2,1390,182,109,423,3650,5512,7659,6253,931,,,475,,0,,t3_psyward
standard,67,r4,red,adc,射手,leiting,standard,0,2,1,2,14414,7629,8677,399.9,10.91,19.45,,2,0,1,2,2,1224,318,184,97,3384,5218,7564,6253,456,570,285,,,0,,t3_shieldbreaker|t3_rendspear
standard,67,r5,red,sup,坦克,thornwall,standard,0,0,0,2,5618,15752,11135,513.1,8.5,13.28,18.8,3,1,2,3,3,849,145,193,1754,4449,6805,9273,6253,171,,142,,26,0,2680,t3_calmveil|t3_thornmail
standard,68,b1,blue,top,坦克,bingshouweis,standard,1,1,3,0,15204,37549,11569,422.7,8.73,15.05,18.69,4,1,1,3,4,228,1214,363,619,3878,6614,8913,6253,1064,570,,950,,76,,t3_calmveil|t3_thornmail
standard,68,b2,blue,jungle,戰士,anliuyouXia,standard,1,0,6,0,9702,23683,10550,385.5,8.84,18.33,25.97,3,1,1,2,3,677,790,698,949,3777,5670,7498,6253,313,,,,855,76,,t3_finalstring|t3_shieldbreaker
standard,68,b3,blue,mid,法師,leiming,standard,1,5,9,0,25247,20341,13828,505.3,12.27,15.93,23.65,3,0,1,2,3,1314,474,310,1728,3574,5854,8590,6253,646,1140,,475,,76,,t3_psyward
standard,68,b4,blue,adc,射手,liangzi,standard,1,8,11,1,34223,17441,14980,547.4,9.9,18.13,23.09,4,1,1,2,4,395,417,506,1429,3745,5617,7726,6253,779,,142,475,,76,,t3_shieldbreaker|t3_rendspear
standard,68,b5,blue,sup,坦克,shengdun,standard,1,0,6,1,9140,31952,12453,455,7.97,13.16,18.05,4,1,2,3,4,430,609,621,672,4630,7109,9721,6253,275,,142,475,,76,2498,t3_calmveil|t3_thornmail
standard,68,r1,red,top,坦克,bingshouweis,standard,0,5,1,3,20682,27471,14657,535.6,9.47,14.12,19.32,5,1,2,3,5,643,427,1166,1006,3593,6377,9816,6253,760,1710,427,285,,380,,t3_calmveil|t3_thornmail
standard,68,r2,red,jungle,戰士,anliuyouXia,standard,0,9,0,1,21892,21889,17391,635.5,6.74,12.98,16.79,5,1,2,3,5,583,356,1064,2090,5763,8656,12094,6253,373,2850,142,760,1208,506,,t3_finalstring|t3_shieldbreaker
standard,68,r3,red,mid,法師,leiming,standard,0,5,4,5,35732,17722,14850,542.6,11.3,18.68,24.63,4,0,1,2,4,1276,499,1223,619,3536,6399,9553,6253,798,1140,570,285,,506,,t3_psyward
standard,68,r4,red,adc,射手,liangzi,standard,0,15,7,1,51863,14661,19660,718.4,10.83,15.53,18.68,5,0,1,3,5,1443,1596,1955,4059,3603,7396,11855,6253,772,3420,142,760,,506,,t3_shieldbreaker|t3_rendspear
standard,68,r5,red,sup,坦克,shengdun,standard,0,1,2,4,10412,22743,14491,529.5,7.5,11.68,15.83,5,1,2,4,5,343,1275,160,890,5143,8515,11740,6253,259,570,997,760,,380,2519,t3_calmveil|t3_thornmail
standard,69,b1,blue,top,坦克,tiankong,standard,0,1,4,1,9117,26993,9829,420.2,8.77,15.3,19.74,3,1,1,3,3,1356,704,233,299,4306,6004,8683,6253,665,570,142,950,26,76,,t3_calmveil|t3_thornmail
standard,69,b2,blue,jungle,刺客,yueying,standard,0,1,7,0,4824,10780,9262,395.9,9.27,17.43,,2,1,1,2,2,1088,926,792,1181,4288,6206,8042,6253,123,570,,,1019,76,,t3_finalstring
standard,69,b3,blue,mid,法師,haixiao,standard,0,0,6,0,14809,15233,9056,387.1,11.44,18.33,,2,0,1,2,2,1457,158,105,655,3717,5788,7935,6253,1130,,,475,,76,,t3_psyward
standard,69,b4,blue,adc,射手,shengyan,standard,0,9,6,0,19453,13514,14297,611.2,10.88,16.28,19.5,4,0,1,3,4,1433,512,270,1216,3593,5892,10490,6253,741,3420,,,,76,,t3_shieldbreaker|t3_rendspear
standard,69,b5,blue,sup,輔助,zhanchang,standard,0,0,4,2,6334,17218,10632,454.5,7.13,12.09,16.39,4,1,2,3,4,706,403,778,231,4706,7433,9238,6253,380,,142,475,,76,1911,t3_calmveil
standard,69,r1,red,top,坦克,tiankong,standard,1,11,1,0,17923,24775,16279,695.9,10.13,12.67,17.96,5,0,2,5,5,2098,1029,278,2728,3688,7659,13828,6253,893,5700,,475,,506,,t3_calmveil|t3_thornmail
standard,69,r2,red,jungle,刺客,yueying,standard,1,5,1,3,10036,10528,13758,588.2,8.63,13.32,23.18,4,1,2,2,4,799,220,2210,408,3999,7770,10540,6253,218,1140,522,475,1423,506,,t3_finalstring
standard,69,r3,red,mid,法師,haixiao,standard,1,1,3,3,15246,11387,10764,460.2,11.3,18.23,23.28,3,0,1,2,3,1219,325,900,214,3479,5925,8750,6253,470,,570,950,,506,,t3_psyward
standard,69,r4,red,adc,射手,shengyan,standard,1,10,5,3,25765,11345,15984,683.3,12.63,16.28,19.5,4,0,1,3,4,1452,671,165,2134,3612,6351,10645,6253,734,2280,522,475,,380,,t3_shieldbreaker|t3_rendspear
standard,69,r5,red,sup,輔助,zhanchang,standard,1,0,1,10,6166,12273,13737,587.3,8.15,12.38,15.99,3,1,2,3,3,1068,408,1372,4697,4468,7438,10412,6253,153,,1235,475,,380,1915,t3_calmveil
standard,70,b1,blue,top,坦克,tiebi,standard,0,1,0,0,4772,18940,8341,405.7,9.28,14.62,,2,1,2,2,2,567,203,854,1051,3517,6453,8144,6253,693,570,,475,,152,,t3_calmveil|t3_thornmail
standard,70,b2,blue,jungle,刺客,yeiren,standard,0,0,2,1,6092,9560,8152,396.5,8.28,17.25,,2,1,1,2,2,624,1110,372,371,3824,5960,7852,6253,202,,285,,958,152,,t3_finalstring
standard,70,b3,blue,mid,法師,bingshuang,standard,0,1,2,0,16955,12302,8237,400.7,10.56,18.92,,2,0,1,2,2,1523,385,208,386,3783,5835,8058,6253,1083,570,,,,152,,t3_psyward
standard,70,b4,blue,adc,射手,xingchen,standard,0,2,2,0,15088,10474,8474,412.2,9.56,17.71,,2,1,1,2,2,291,227,1076,324,3641,5427,8296,6253,750,1140,,,,152,,t3_shieldbreaker|t3_rendspear
standard,70,b5,blue,sup,坦克,thornwall,standard,0,0,0,0,4710,17586,10876,529,6.55,12.7,17.79,3,1,2,3,3,117,256,318,496,4617,7496,10698,6253,310,,,1425,,152,2557,t3_calmveil|t3_thornmail
standard,70,r1,red,top,坦克,tiebi,standard,1,1,0,0,7465,17944,9098,442.6,9.13,16.48,20.08,3,1,1,2,3,624,321,1439,448,3574,5721,8729,6253,665,570,,760,,481,,t3_calmveil|t3_thornmail
standard,70,r2,red,jungle,刺客,yeiren,standard,1,0,1,1,6476,9532,9199,447.5,8.7,16.38,,2,1,1,2,2,857,1352,400,769,4057,6682,8830,6253,133,,142,285,1788,228,,t3_finalstring
standard,70,r3,red,mid,法師,bingshuang,standard,1,1,1,2,14157,11918,9899,481.5,10.98,17.34,,2,0,1,2,2,1333,205,251,499,3593,6405,9531,6253,912,570,570,997,,228,,t3_psyward
standard,70,r4,red,adc,射手,xingchen,standard,1,2,1,0,12704,10497,9431,458.7,10.38,17.71,,2,0,1,2,2,1452,121,962,850,3612,5921,9062,6253,665,1140,,522,,481,,t3_shieldbreaker|t3_rendspear
standard,70,r5,red,sup,坦克,thornwall,standard,1,2,1,1,5862,16608,11778,572.9,6.95,12.71,17.52,4,1,2,3,4,530,145,1429,477,4430,7385,11409,6253,57,1140,142,760,,481,2575,t3_calmveil|t3_thornmail
standard,71,b1,blue,top,坦克,xukong,standard,0,1,1,0,9612,21613,8670,412.1,8.46,15.36,,2,1,1,2,2,542,429,1028,1380,3492,5829,8318,6253,893,570,,475,51,76,,t3_calmveil|t3_thornmail
standard,71,b2,blue,jungle,刺客,sting,standard,0,1,2,1,5038,9504,9062,430.7,10.59,16.81,,2,0,1,2,2,1655,499,497,932,3585,5829,8627,6253,373,570,142,475,736,76,,t3_finalstring
standard,71,b3,blue,mid,法師,mingyun2,standard,0,1,1,0,12535,14380,8547,406.2,11.18,19.69,,2,0,1,2,2,1504,176,184,216,3764,5626,8214,6253,1026,570,,237,51,76,,t3_psyward
standard,71,b4,blue,adc,射手,dujian,standard,0,4,3,2,19162,10664,10538,500.8,10.58,17.92,,2,0,1,2,2,1348,198,1055,1958,3508,5398,9635,6253,598,1710,285,712,,76,,t3_shieldbreaker|t3_rendspear
standard,71,b5,blue,sup,坦克,tiankong,standard,0,1,1,1,6209,20086,10486,498.4,7.22,11.78,16.68,3,1,2,3,3,641,740,154,506,4541,7980,10134,6253,224,570,142,475,,76,2392,t3_calmveil|t3_thornmail
standard,71,r1,red,top,坦克,xukong,standard,1,3,0,0,11413,20423,10019,476.1,9.97,14.68,17.97,3,1,2,3,3,567,160,366,588,3517,6570,9496,6253,487,1710,,570,,475,,t3_calmveil|t3_thornmail
standard,71,r2,red,jungle,刺客,sting,standard,1,0,0,1,7699,8233,9387,446.1,9.98,16.13,,2,1,1,2,2,112,1323,631,956,4012,6653,8761,6253,202,,142,95,1592,475,,t3_finalstring
standard,71,r3,red,mid,法師,mingyun2,standard,1,0,2,1,16978,10853,9477,450.4,11.33,18.36,,2,0,1,2,2,1238,398,1404,497,3498,6598,8954,6253,563,,142,1520,,475,,t3_psyward
standard,71,r4,red,adc,射手,dujian,standard,1,4,4,0,16722,10690,10662,506.7,9.53,18.21,,2,1,1,2,2,196,265,899,2081,3546,5465,8999,6253,560,1140,,570,,475,,t3_shieldbreaker|t3_rendspear
standard,71,r5,red,sup,坦克,tiankong,standard,1,1,2,3,5971,18194,11628,552.6,8.32,12.08,16.64,3,1,2,3,3,916,620,840,1647,4516,7860,10820,6253,123,570,570,570,,380,2352,t3_calmveil|t3_thornmail
standard,72,b1,blue,top,坦克,shiqiang,standard,1,2,2,0,8728,18239,10436,512,8.91,16.01,19.04,3,1,1,3,3,732,418,1022,505,3682,5468,9572,6253,886,1140,,950,,342,,t3_calmveil|t3_thornmail
standard,72,b2,blue,jungle,刺客,yingsi,standard,1,2,4,0,6908,11233,8857,434.5,9.75,17.9,,2,1,1,2,2,402,770,214,526,3602,5570,8544,6253,228,1140,,,770,152,,t3_finalstring
standard,72,b3,blue,mid,法師,bingshuang,standard,1,2,0,1,14597,12161,10452,512.7,10.57,15.85,,2,0,1,2,2,1498,1008,739,1051,3758,6608,10139,6253,930,1140,285,1187,,342,,t3_psyward
standard,72,b4,blue,adc,射手,tianfa,standard,1,3,1,0,13097,8946,9426,462.4,10.43,17.94,,2,0,1,2,2,1614,341,1163,1475,3774,5541,9113,6253,807,1710,,,,342,,t3_shieldbreaker|t3_rendspear
standard,72,b5,blue,sup,輔助,fengshen,standard,1,0,0,3,3712,12227,11073,543.2,8.53,12.18,16.02,4,1,2,3,4,235,85,1245,372,4535,7115,10285,6253,148,,855,712,,342,1973,t3_calmveil
standard,72,r1,red,top,坦克,shiqiang,standard,0,0,1,1,9489,20865,9150,448.9,8.56,15,,2,1,2,2,2,605,232,1322,1920,3555,6082,8552,6253,627,,285,1235,,152,,t3_calmveil|t3_thornmail
standard,72,r2,red,jungle,刺客,yingsi,standard,0,2,3,0,6724,10066,9365,459.4,7.33,17.23,,2,1,1,2,2,283,1042,912,1034,4433,6622,9242,6253,152,1140,,285,1259,152,,t3_finalstring
standard,72,r3,red,mid,法師,bingshuang,standard,0,3,2,0,11062,10099,9179,450.3,11.25,17.7,,2,0,1,2,2,1343,325,306,128,3603,6225,9056,6253,655,1710,,285,,152,,t3_psyward
standard,72,r4,red,adc,射手,tianfa,standard,0,1,2,1,9268,7822,8409,412.5,10.41,19.28,,2,0,1,2,2,1338,370,1049,1409,3498,5750,8049,6253,503,570,285,285,,152,,t3_shieldbreaker|t3_rendspear
standard,72,r5,red,sup,輔助,fengshen,standard,0,1,1,0,5191,12581,10626,521.3,6.5,12.1,17.04,3,1,2,3,3,1059,540,1187,1585,4459,7090,10227,6253,114,570,,760,,152,2378,t3_calmveil
standard,73,b1,blue,top,坦克,longji,standard,0,0,2,1,5467,20336,8035,413.1,9.4,14.68,,2,1,2,,2,757,289,,405,3707,6139,,,,,,,,,,t3_calmveil|t3_thornmail
standard,73,b2,blue,jungle,刺客,shanying,standard,0,0,6,0,3587,9457,7573,389.4,8.91,18.55,,2,1,1,,2,38,242,,443,3888,5822,,,,,,,,,,t3_finalstring
standard,73,b3,blue,mid,法師,mingyun2,standard,0,2,4,0,9186,12433,8035,413.1,11.17,17.32,,2,0,1,,2,1390,420,,1085,3650,5930,,,,,,,,,,t3_psyward
standard,73,b4,blue,adc,射手,dawnstrike,standard,0,2,1,1,9390,9091,8862,455.6,10.26,18.27,,2,0,1,,2,1348,375,,111,3508,5275,,,,,,,,,,t3_shieldbreaker|t3_rendspear
standard,73,b5,blue,sup,輔助,shengguang,standard,0,0,4,1,5097,17745,9023,463.9,8.65,12.33,17.32,3,1,2,,3,892,218,,562,4592,6948,,,,,,,,,,t3_calmveil
standard,73,r1,red,top,坦克,longji,standard,1,3,0,3,8484,16085,10917,561.3,9.86,12.81,18.58,3,1,2,,3,322,1126,,986,3872,8356,,,,,,,,,,t3_calmveil|t3_thornmail
standard,73,r2,red,jungle,刺客,shanying,standard,1,6,0,2,13198,9145,12507,643,7.68,12.85,16.31,3,1,2,,3,66,1790,,1907,4866,9220,,,,,,,,,,t3_finalstring
standard,73,r3,red,mid,法師,mingyun2,standard,1,3,1,1,17586,9763,10686,549.4,9.51,15.78,,2,1,1,,2,171,428,,1285,4021,6928,,,,,,,,,,t3_psyward
standard,73,r4,red,adc,射手,dawnstrike,standard,1,5,3,2,16036,7605,11531,592.9,9.48,15.81,,2,1,1,,2,718,516,,2631,4068,6196,,,,,,,,,,t3_shieldbreaker|t3_rendspear
standard,73,r5,red,sup,輔助,shengguang,standard,1,0,0,2,3200,10130,9565,491.8,6.53,12.88,16.62,3,1,2,,3,1271,374,,525,4671,7404,,,,,,,,,,t3_calmveil
standard,74,b1,blue,top,坦克,dadi,standard,0,0,1,0,13404,23052,8808,384.9,8.6,15.58,21.68,3,1,1,2,3,662,378,362,558,3612,5778,7792,6253,874,,,475,,190,,t3_calmveil|t3_thornmail
standard,74,b2,blue,jungle,刺客,dianguang,standard,0,1,6,0,8733,12536,9852,430.5,8.98,16.57,,2,1,1,2,2,615,421,445,1722,3815,5751,8225,6253,323,570,,,1078,0,,t3_finalstring
standard,74,b3,blue,mid,法師,bingshuang,standard,0,1,2,1,14130,13051,9720,424.8,11.3,16.86,,2,0,1,2,2,1390,1053,434,1540,3650,5683,8134,6253,931,,285,475,,190,,t3_psyward
standard,74,b4,blue,adc,射手,yanfeng,standard,0,5,9,0,16964,13391,11041,482.5,9.85,18.89,22.55,3,1,1,2,3,53,383,1190,960,3403,5883,8410,6253,589,1140,,237,,190,,t3_shieldbreaker|t3_rendspear
standard,74,b5,blue,sup,坦克,bingshouweis,standard,0,0,2,0,5627,21711,10821,472.9,6.82,13.49,17.57,3,1,2,3,3,335,281,508,1240,4535,7081,9608,6253,247,,,237,,190,2680,t3_calmveil|t3_thornmail
standard,74,r1,red,top,坦克,dadi,standard,1,5,0,1,17687,24278,12842,561.2,9.98,13.98,18.39,4,1,2,3,4,605,145,1068,592,3555,6975,11098,6253,665,2280,285,1235,,380,,t3_calmveil|t3_thornmail
standard,74,r2,red,jungle,刺客,dianguang,standard,1,3,1,1,8935,10151,11863,518.4,7.83,15.08,20.88,3,1,1,2,3,1107,2383,1309,1463,4307,7713,9739,6253,307,1140,95,285,1279,380,,t3_finalstring
standard,74,r3,red,mid,法師,bingshuang,standard,1,1,3,3,18706,10468,10600,463.2,10.73,18.55,,2,0,1,2,2,1409,539,1072,1200,3669,6139,8622,6253,848,,380,760,,380,,t3_psyward
standard,74,r4,red,adc,射手,yanfeng,standard,1,6,3,1,18616,10294,12804,559.5,9.33,16.47,20.44,3,1,1,2,3,256,667,1973,1004,3606,5867,10553,6253,785,2280,95,760,,380,,t3_shieldbreaker|t3_rendspear
standard,74,r5,red,sup,坦克,bingshouweis,standard,1,5,0,2,11564,20160,13967,610.3,7.68,12.04,14.43,5,1,3,4,5,655,344,546,366,4855,9424,12146,6253,281,2280,570,285,,380,2096,t3_calmveil|t3_thornmail
standard,75,b1,blue,top,坦克,tixue,standard,0,0,1,0,8304,26311,9109,397.6,9.11,15.99,21.6,3,1,1,2,3,719,156,810,258,3669,5456,8040,6253,734,,,950,26,76,,t3_calmveil|t3_thornmail
standard,75,b2,blue,jungle,刺客,leisuhunter,standard,0,1,4,0,8060,12160,9012,393.4,9.7,16.83,,2,1,1,2,2,455,831,567,931,3655,5631,7997,6253,266,570,,,832,76,,t3_finalstring
standard,75,b3,blue,mid,法師,mingyun2,standard,0,1,3,0,15128,14207,9196,401.4,11.54,19.51,,2,0,1,2,2,1419,435,418,316,3679,5465,8248,6253,874,570,,475,,76,,t3_psyward
standard,75,b4,blue,adc,射手,siwang,standard,0,3,2,1,18292,13433,10552,460.6,10.15,18.62,22.07,3,0,1,2,3,1579,211,145,171,3739,5411,7995,6253,760,570,285,,51,76,,t3_shieldbreaker|t3_rendspear
standard,75,b5,blue,sup,輔助,shiguang,standard,0,1,4,2,5322,18195,12024,524.9,7.63,12.52,14.92,4,1,3,3,4,1211,261,940,1623,4611,7961,9980,6253,215,570,,475,,76,2390,t3_calmveil
standard,75,r1,red,top,坦克,tixue,standard,1,3,1,1,12189,23062,11432,499,8.92,13.51,18.93,3,1,2,3,3,627,439,155,1501,3577,6589,10085,6253,706,1710,142,855,,418,,t3_calmveil|t3_thornmail
standard,75,r2,red,jungle,刺客,leisuhunter,standard,1,3,1,2,11066,12332,12234,534.1,8.92,15.73,19.93,3,1,1,3,3,581,1513,108,1804,3781,7093,10538,6253,107,1710,427,380,1241,418,,t3_finalstring
standard,75,r3,red,mid,法師,mingyun2,standard,1,1,1,0,15746,11259,9741,425.2,11.63,19.23,,2,0,1,2,2,1260,436,506,760,3520,5886,8356,6253,734,570,,380,,418,,t3_psyward
standard,75,r4,red,adc,射手,siwang,standard,1,6,2,2,28523,9253,13281,579.7,11.62,18.79,21.41,3,0,1,2,3,1300,402,1213,1481,3460,6082,8533,6253,437,,570,855,,418,,t3_shieldbreaker|t3_rendspear
standard,75,r5,red,sup,輔助,shiguang,standard,1,1,1,3,5993,14590,11546,504,6.62,13.08,14.34,4,1,3,3,4,187,224,1159,666,4487,8204,10199,6253,180,570,855,380,,228,1732,t3_calmveil
standard,76,b1,blue,top,坦克,stoneguard,standard,0,0,0,0,11423,21979,9682,417.3,8.06,13.33,20.52,3,1,2,2,3,227,287,1354,351,3777,6437,8584,6253,962,,,1140,,228,,t3_calmveil|t3_thornmail
standard,76,b2,blue,jungle,刺客,voidrift,standard,0,2,3,0,5026,9622,10324,445,9.52,17.03,22.73,3,1,1,2,3,669,1717,1407,373,3869,6047,8957,6253,117,1140,,190,1028,228,,t3_finalstring
standard,76,b3,blue,mid,法師,shikong,standard,0,5,1,0,16856,13804,11876,511.9,11.78,17.5,21.78,3,0,1,2,3,1308,356,339,1326,3568,6256,9619,6253,763,1710,,665,,228,,t3_psyward
standard,76,b4,blue,adc,射手,phantom,standard,0,8,5,0,19237,10558,13336,574.8,9.74,15.38,20.23,4,1,1,2,4,186,991,1590,136,3536,6671,10490,6253,494,2850,,665,,228,,t3_shieldbreaker|t3_rendspear
standard,76,b5,blue,sup,輔助,tianshi,standard,0,0,2,1,5664,14279,10196,439.5,7.83,13.89,18.59,3,1,2,3,3,254,654,638,1155,4554,7204,9098,6253,133,,285,190,,228,2008,t3_calmveil
standard,76,r1,red,top,坦克,stoneguard,standard,1,4,0,0,13165,25036,12548,540.8,8.7,17.3,19.89,4,1,1,3,4,510,537,42,1297,3460,5237,9372,6253,636,570,,1520,,392,,t3_calmveil|t3_thornmail
standard,76,r2,red,jungle,刺客,voidrift,standard,1,1,2,1,5661,10327,10592,456.5,10.38,16.59,21.55,3,0,1,2,3,1708,494,442,241,3638,5774,8522,6253,76,570,,95,1135,392,,t3_finalstring
standard,76,r3,red,mid,法師,shikong,standard,1,1,6,0,16467,14546,9454,407.5,10.35,19.93,,2,0,1,2,2,1593,286,27,473,3853,5886,7577,6253,1152,,,95,,76,,t3_psyward
standard,76,r4,red,adc,射手,phantom,standard,1,5,6,0,18688,9349,11408,491.7,10.63,19.18,22.31,3,0,1,2,3,1205,347,866,1107,3365,5427,8486,6253,494,1140,,332,,266,,t3_shieldbreaker|t3_rendspear
standard,76,r5,red,sup,輔助,tianshi,standard,1,0,1,1,5177,14390,11433,492.8,9.28,12.75,17.29,4,1,2,3,4,475,585,909,1032,4475,7135,9949,6253,186,,285,807,,392,2023,t3_calmveil
standard,77,b1,blue,top,坦克,thornwall,standard,0,0,1,0,6499,20160,7236,372.7,8.71,16.68,,2,1,1,,2,491,331,,385,3441,5731,,,,,,,,,,t3_calmveil|t3_thornmail
standard,77,b2,blue,jungle,刺客,miwu,standard,0,1,3,0,4113,10065,7710,397.1,9.11,17.43,,2,1,1,,2,375,469,,229,3575,6099,,,,,,,,,,t3_finalstring
standard,77,b3,blue,mid,法師,lieyan,standard,0,0,2,0,11855,10915,7055,363.4,11.74,,,1,0,1,,1,1371,144,,575,3631,5474,,,,,,,,,,t3_psyward
standard,77,b4,blue,adc,射手,huanying,standard,0,2,2,1,13519,11264,8773,451.8,9.52,17.88,,2,1,1,,2,186,164,,922,3536,5664,,,,,,,,,,t3_shieldbreaker|t3_rendspear
standard,77,b5,blue,sup,坦克,tieshixin,standard,0,0,2,1,3973,14333,9185,473,6.84,13.4,17.87,3,1,2,,3,597,400,,204,4497,6900,,,,,,,,,,t3_calmveil|t3_thornmail
standard,77,r1,red,top,坦克,thornwall,standard,1,3,0,0,8356,16145,9548,491.8,9.1,13.6,17.93,3,1,2,,3,523,159,,298,4173,6409,,,,,,,,,,t3_calmveil|t3_thornmail
standard,77,r2,red,jungle,刺客,miwu,standard,1,3,1,2,8240,8304,10813,556.9,9.29,15.46,19.1,3,1,1,,3,917,2072,,412,4817,7402,,,,,,,,,,t3_finalstring
standard,77,r3,red,mid,法師,lieyan,standard,1,1,0,1,11826,9799,9377,482.9,10.57,17.95,,2,0,1,,2,1574,214,,576,3834,6114,,,,,,,,,,t3_psyward
standard,77,r4,red,adc,射手,huanying,standard,1,2,2,2,15862,8808,9500,489.3,9.64,18.77,,2,1,1,,2,161,200,,1220,3511,6000,,,,,,,,,,t3_shieldbreaker|t3_rendspear
standard,77,r5,red,sup,坦克,tieshixin,standard,1,1,0,4,6125,12833,10512,541.4,8.11,12.59,16.85,3,1,2,,3,935,475,,532,4535,7715,,,,,,,,,,t3_calmveil|t3_thornmail
standard,78,b1,blue,top,坦克,tieshixin,standard,0,0,4,1,7092,22020,8491,393.2,8.34,16.49,21.25,3,1,1,2,3,643,286,476,240,3593,5436,7906,6253,798,,285,475,,95,,t3_calmveil|t3_thornmail
standard,78,b2,blue,jungle,刺客,jueying,standard,0,0,8,0,7525,12839,8367,387.5,9.94,17.66,,2,1,1,2,2,615,435,441,237,3815,5765,7621,6253,247,,,,1026,95,,t3_finalstring
standard,78,b3,blue,mid,法師,shikong,standard,0,1,5,0,11574,13200,8719,403.8,11.31,19.69,,2,0,1,2,2,1409,182,385,168,3669,5512,7735,6253,817,570,,,,95,,t3_psyward
standard,78,b4,blue,adc,射手,guangsu,standard,0,4,3,0,14447,12766,10419,482.6,10.84,18.02,,2,0,1,2,2,1234,284,621,1669,3394,5484,8771,6253,427,1140,,950,,0,,t3_shieldbreaker|t3_rendspear
standard,78,b5,blue,sup,坦克,xukong,standard,0,0,4,0,4754,17689,9468,438.5,7.38,13.08,19.38,3,1,2,3,3,1597,110,484,808,4497,6910,8684,6253,180,,,,17,95,2138,t3_calmveil|t3_thornmail
standard,78,r1,red,top,坦克,tieshixin,standard,1,8,0,1,12728,20244,14409,667.4,9.55,12.85,16,4,1,2,4,4,738,687,1107,2159,3688,7517,12457,6253,712,4560,95,380,,456,,t3_calmveil|t3_thornmail
standard,78,r2,red,jungle,刺客,jueying,standard,1,4,2,0,9846,11026,11982,554.9,8.29,13.42,19.37,3,1,2,3,3,665,168,407,1102,3865,7648,10387,6253,467,1710,,380,1120,456,,t3_finalstring
standard,78,r3,red,mid,法師,shikong,standard,1,4,2,2,14802,11880,12069,559,10.51,14.39,21.26,3,0,2,2,3,1415,381,1970,469,3675,7931,11370,6253,766,2280,285,1330,,456,,t3_psyward
standard,78,r4,red,adc,射手,guangsu,standard,1,4,1,3,19063,9205,11990,555.3,10.2,16.65,21.04,3,0,1,2,3,1379,969,1381,1139,3539,6769,9961,6253,592,1140,665,855,,456,,t3_shieldbreaker|t3_rendspear
standard,78,r5,red,sup,坦克,xukong,standard,1,4,0,7,8689,15603,14191,657.3,8.33,12.08,16.06,5,1,2,4,5,959,1530,818,591,5159,8770,13018,6253,273,2280,1235,380,,456,2139,t3_calmveil|t3_thornmail
standard,79,b1,blue,top,坦克,bingshouweis,standard,0,1,1,0,7777,20263,9101,419.1,8.68,16.33,20.63,3,1,1,2,3,605,177,1303,250,3555,5227,8533,6253,494,570,,950,,266,,t3_calmveil|t3_thornmail
standard,79,b2,blue,jungle,戰士,langwang,standard,0,2,3,0,7944,15505,9358,430.9,7.93,18.27,,2,1,1,2,2,123,830,357,1177,4353,6260,8187,6253,190,570,,,907,266,,t3_shieldbreaker|t3_finalstring
standard,79,b3,blue,mid,法師,lieyan,standard,0,2,3,2,9812,13454,10222,470.7,11.17,18.94,,2,0,1,2,2,1675,482,242,921,3935,6082,8942,6253,950,570,142,950,,76,,t3_psyward
standard,79,b4,blue,adc,射手,mori,standard,0,5,2,2,21309,10959,11694,538.5,9.55,17.78,20.33,3,1,1,2,3,405,208,317,314,3755,5408,9217,6253,940,1140,142,475,,266,,t3_shieldbreaker|t3_rendspear
standard,79,b5,blue,sup,輔助,fuwenbianzhi,standard,0,0,1,1,5696,13436,10043,462.4,6.53,11.93,17.1,3,1,2,3,3,1211,279,749,1002,4611,7309,9209,6253,313,,,475,,266,1901,t3_calmveil
standard,79,r1,red,top,坦克,bingshouweis,standard,1,2,1,0,7254,19444,10177,468.6,9.36,16.52,20.19,3,1,1,2,3,415,462,2133,727,3365,5512,9363,6253,430,1140,,1235,,304,,t3_calmveil|t3_thornmail
standard,79,r2,red,jungle,戰士,langwang,standard,1,4,3,0,9604,15361,11501,529.6,8.78,15.37,19.02,3,1,1,3,3,685,1550,506,751,3785,6980,10056,6253,240,1710,,285,1263,304,,t3_shieldbreaker|t3_finalstring
standard,79,r3,red,mid,法師,lieyan,standard,1,2,3,2,19451,13352,10462,481.8,10.92,17.11,,2,0,1,2,2,1238,361,421,1062,3498,6861,9401,6253,658,1140,285,760,,304,,t3_psyward
standard,79,r4,red,adc,射手,mori,standard,1,2,2,0,13250,8150,10592,487.7,11.23,18.38,21.19,3,0,1,2,3,1519,298,384,592,3679,5978,9284,6253,921,570,,1235,,304,,t3_shieldbreaker|t3_rendspear
standard,79,r5,red,sup,輔助,fuwenbianzhi,standard,1,0,1,3,5374,13127,10426,480.1,5.88,12.34,15.27,3,1,2,3,3,2035,700,1207,1195,4535,7730,9687,6253,218,,855,285,,304,1771,t3_calmveil
standard,80,b1,blue,top,坦克,tiankong,standard,0,0,4,1,11168,25899,9344,387.3,8.44,17.81,21.33,3,1,1,2,3,919,634,1069,333,3869,5484,7919,6253,608,,142,712,,202,,t3_calmveil|t3_thornmail
standard,80,b2,blue,jungle,戰士,anliuyouXia,standard,0,0,4,0,12450,19155,8984,372.4,8.79,18.78,,2,1,1,2,2,554,381,673,383,3654,5561,7473,6253,199,,,,943,76,,t3_finalstring|t3_shieldbreaker
standard,80,b3,blue,mid,法師,shikong,standard,0,1,5,0,14915,15091,9980,413.7,9.96,18.8,,2,1,1,2,2,389,387,506,900,4239,5987,8536,6253,798,570,,712,,202,,t3_psyward
standard,80,b4,blue,adc,射手,leiting,standard,0,5,4,1,27521,12612,12238,507.3,9.48,20.18,21.68,3,1,1,1,3,310,656,1878,438,3660,5256,7678,6253,399,570,142,237,,76,,t3_shieldbreaker|t3_rendspear
standard,80,b5,blue,sup,坦克,thornwall,standard,0,0,4,0,5476,21972,10515,435.9,6.56,13.02,18.29,3,1,2,3,3,730,1010,442,935,4630,6910,9122,6253,275,,,237,,202,2153,t3_calmveil|t3_thornmail
standard,80,r1,red,top,坦克,tiankong,standard,1,8,0,2,14959,25496,14927,618.7,9.49,13.89,19.68,4,1,2,3,4,548,766,147,2696,3498,7016,10177,6253,820,2280,95,348,,380,,t3_calmveil|t3_thornmail
standard,80,r2,red,jungle,戰士,anliuyouXia,standard,1,4,1,1,15531,19370,12684,525.8,8.78,17.7,19.12,4,1,1,3,4,778,1308,941,283,3878,6788,10841,6253,297,2280,95,348,1186,380,,t3_finalstring|t3_shieldbreaker
standard,80,r3,red,mid,法師,shikong,standard,1,1,2,1,16739,12240,10278,426,11.49,18.57,,2,0,1,2,2,1333,1138,271,877,3593,6168,8771,6253,617,570,285,665,,380,,t3_psyward
standard,80,r4,red,adc,射手,leiting,standard,1,8,3,3,29196,12177,15086,625.3,9.73,16.3,20.1,4,1,1,2,4,191,990,1579,1236,3541,6790,10159,6253,707,1710,285,823,,380,,t3_shieldbreaker|t3_rendspear
standard,80,r5,red,sup,坦克,thornwall,standard,1,0,0,3,7818,20488,12046,499.3,6.9,12.37,17.29,4,1,2,3,4,641,1593,509,746,4541,7953,10489,6253,216,,665,665,,380,2308,t3_calmveil|t3_thornmail
standard,81,b1,blue,top,戰士,jingci,standard,0,0,1,0,12335,26420,8844,402.5,9.23,18.77,,2,1,1,2,2,557,291,245,564,3707,5341,8175,6253,706,,,950,,266,,t3_shieldbreaker|t3_finalstring
standard,81,b2,blue,jungle,戰士,embercoil,standard,0,0,1,0,6840,15797,8564,389.7,9.17,18.27,,2,1,1,2,2,748,360,374,533,3848,5660,7754,6253,335,,,,899,266,,t3_shieldbreaker|t3_finalstring
standard,81,b3,blue,mid,法師,lieyan,standard,0,1,3,0,11736,13604,8690,395.4,11.48,20.48,,2,0,1,1,2,1485,87,1960,289,3745,5417,8040,6253,924,570,,,26,266,,t3_psyward
standard,81,b4,blue,adc,射手,liangzi,standard,0,1,5,2,20365,11863,8775,399.3,10.03,19.13,,2,0,1,2,2,1367,723,335,324,3527,5503,7555,6253,655,,570,,,76,,t3_shieldbreaker|t3_rendspear
standard,81,b5,blue,sup,坦克,tiebi,standard,0,2,1,0,7125,17981,10714,487.6,7.23,13.73,17.77,3,1,2,3,3,635,904,427,1134,4535,7404,10007,6253,304,1140,,,,266,2044,t3_calmveil|t3_thornmail
standard,81,r1,red,top,戰士,jingci,standard,1,2,0,1,13266,21978,9956,453,9.92,15.69,,2,1,1,2,2,437,964,439,1305,3587,6494,8489,6253,709,570,285,443,,228,,t3_shieldbreaker|t3_finalstring
standard,81,r2,red,jungle,戰士,embercoil,standard,1,2,0,1,9680,13717,10717,487.7,8.04,15.83,20.2,3,1,1,2,3,972,1827,1027,1117,4072,7007,9627,6253,367,1140,142,285,1210,228,,t3_shieldbreaker|t3_finalstring
standard,81,r3,red,mid,法師,lieyan,standard,1,2,1,1,18288,11204,10887,495.4,10.36,18.45,21.71,3,0,1,2,3,1479,404,140,336,3739,6304,9420,6253,1165,570,285,918,,228,,t3_psyward
standard,81,r4,red,adc,射手,liangzi,standard,1,4,3,2,20377,7822,11169,508.2,10.98,17.5,21.84,3,0,1,2,3,1272,559,1452,268,3432,5759,9702,6253,465,1710,285,760,,228,,t3_shieldbreaker|t3_rendspear
standard,81,r5,red,sup,坦克,tiebi,standard,1,1,0,3,9085,19996,11599,527.8,7.19,12.08,15.83,3,1,2,3,3,840,773,589,1619,4440,7553,10569,6253,294,570,427,443,,228,2352,t3_calmveil|t3_thornmail
standard,82,b1,blue,top,戰士,longyi,standard,1,6,3,0,10500,23700,12707,547.9,9.98,17.43,19.25,3,1,1,3,3,329,596,122,1307,3479,6076,10022,6253,392,2280,,665,51,380,,t3_shieldbreaker|t3_finalstring
standard,82,b2,blue,jungle,戰士,hunpo,standard,1,0,0,2,6142,8824,10308,444.5,11.77,18.12,,2,0,1,2,2,1572,250,196,1908,3782,6650,8596,6253,332,,380,427,823,380,,t3_psyward
standard,82,b3,blue,mid,法師,auralith,standard,1,7,4,0,18536,14950,13552,584.3,9.32,15.18,19.92,3,1,1,3,3,456,611,57,1121,4306,7061,10557,6253,978,2280,,665,,380,,t3_psyward
standard,82,b4,blue,adc,射手,liangzicz,standard,1,5,1,5,27355,8092,13390,577.4,10.24,18.13,22.06,3,0,1,2,3,1490,155,1992,2610,3650,5835,9312,6253,779,570,665,665,,380,,t3_shieldbreaker|t3_rendspear
standard,82,b5,blue,sup,輔助,zhanchang,standard,1,1,0,5,6977,13902,12550,541.2,7.54,11.87,16.83,4,1,2,4,4,216,494,263,2150,4516,7224,10663,6253,139,570,665,902,51,380,1702,t3_calmveil
standard,82,r1,red,top,戰士,longyi,standard,0,2,2,0,10239,26546,10027,432.4,9.26,16.18,,2,1,1,2,2,291,159,1028,1747,3441,5759,9008,6253,570,1140,,1045,,0,,t3_shieldbreaker|t3_finalstring
standard,82,r2,red,jungle,戰士,hunpo,standard,0,3,5,0,7056,12939,10885,469.4,10.2,18.6,22.04,3,0,1,2,3,2249,575,849,535,4459,6555,9729,6253,237,1710,,95,1243,190,,t3_psyward
standard,82,r3,red,mid,法師,auralith,standard,0,0,3,0,15393,13486,9091,392,11,19.74,,2,0,1,2,2,1409,475,220,740,3669,5455,7520,6253,931,,,95,51,190,,t3_psyward
standard,82,r4,red,adc,射手,liangzicz,standard,0,3,5,0,13000,12531,10350,446.3,10.33,19.02,,2,0,1,2,2,1243,551,401,1600,3403,5151,7621,6253,608,,,570,,190,,t3_shieldbreaker|t3_rendspear
standard,82,r5,red,sup,輔助,zhanchang,standard,0,0,4,0,4394,17564,10302,444.2,9.06,12.56,16.93,3,1,2,3,3,449,201,167,1262,4449,7231,9207,6253,237,,,570,,190,1956,t3_calmveil
standard,83,b1,blue,top,戰士,chichuan,standard,0,0,2,0,12023,25481,7785,361.7,9.71,17.95,,2,1,1,2,2,291,326,698,285,3441,5626,7298,6253,494,,,475,,76,,t3_shieldbreaker|t3_finalstring
standard,83,b2,blue,jungle,戰士,leimingcf,standard,0,0,5,0,5453,20209,8184,380.2,10.03,18.39,,2,0,1,2,2,1808,318,467,354,3808,5748,7697,6253,256,,,,1111,76,,t3_shieldbreaker|t3_finalstring
standard,83,b3,blue,mid,法師,xingjie,standard,0,4,3,0,14185,14179,11148,517.9,10.78,17.05,20.53,3,0,1,2,3,1409,116,811,98,3669,6196,10091,6253,1102,1710,,950,,76,,t3_psyward
standard,83,b4,blue,adc,射手,xingchen,standard,0,2,3,0,11621,10759,9052,420.5,10.33,18.78,,2,0,1,2,2,1433,454,240,302,3593,5354,8090,6253,620,1140,,,,76,,t3_shieldbreaker|t3_rendspear
standard,83,b5,blue,sup,輔助,hexweave,standard,0,0,3,1,5308,14095,9936,461.6,7.01,12.33,17.53,3,1,2,3,3,1087,309,191,896,4487,6859,8651,6253,148,,,,,76,2172,t3_calmveil
standard,83,r1,red,top,戰士,chichuan,standard,1,5,0,0,15587,21242,12336,573.1,9.7,17.05,20.22,3,1,1,2,3,348,1020,2175,935,3498,6500,10775,6253,627,2280,,1140,,475,,t3_shieldbreaker|t3_finalstring
standard,83,r2,red,jungle,戰士,leimingcf,standard,1,3,0,4,12167,12634,12328,572.7,8.04,14.57,19.04,3,1,2,3,3,191,285,129,977,3941,7935,11479,6253,323,1710,712,665,1340,475,,t3_shieldbreaker|t3_finalstring
standard,83,r3,red,mid,法師,xingjie,standard,1,2,2,1,18659,11993,10122,470.3,10.69,18.66,,2,0,1,2,2,2074,162,420,722,4334,6662,9170,6253,969,1140,142,190,,475,,t3_psyward
standard,83,r4,red,adc,射手,xingchen,standard,1,6,3,1,21442,8648,11671,542.2,11.45,17.53,21.27,3,0,1,2,3,1547,716,384,290,3707,6396,9284,6253,608,1710,142,190,,380,,t3_shieldbreaker|t3_rendspear
standard,83,r5,red,sup,輔助,hexweave,standard,1,0,1,4,6115,11875,11409,530,7.68,12,17.52,4,1,2,3,4,886,462,1507,449,4886,7492,10257,6253,171,,712,665,,475,1980,t3_calmveil
standard,84,b1,blue,top,戰士,xueyue,standard,0,0,4,2,13467,29980,9787,397.4,9.29,16.74,24.38,3,1,1,2,3,76,505,522,136,3926,6035,8272,6253,674,,356,760,,228,,t3_shieldbreaker|t3_finalstring
standard,84,b2,blue,jungle,戰士,fengbao,standard,0,1,2,0,6928,17212,10208,414.5,8.86,17.21,,2,1,1,2,2,670,805,577,1607,3770,5985,8577,6253,247,570,,285,803,418,,t3_shieldbreaker|t3_finalstring
standard,84,b3,blue,mid,法師,auralith,standard,0,2,4,1,23199,16188,10547,428.3,10.52,16.8,,2,0,1,2,2,1903,504,320,1146,4163,7004,9070,6253,665,1140,71,522,,418,,t3_psyward
standard,84,b4,blue,adc,射手,dujian,standard,0,4,9,1,22343,12045,11981,486.5,9.28,19.45,22.34,3,1,1,2,3,243,379,391,381,3593,5759,7711,6253,684,,71,285,,418,,t3_shieldbreaker|t3_rendspear
standard,84,b5,blue,sup,坦克,tiankong,standard,0,0,3,2,8035,23477,11134,452.1,7.65,12.91,17.92,3,1,2,3,3,749,410,222,1154,4649,7650,9602,6253,237,,356,522,,418,1814,t3_calmveil|t3_thornmail
standard,84,r1,red,top,戰士,xueyue,standard,1,5,0,2,17979,27580,13683,555.7,9.09,17.55,20.52,4,1,1,2,4,424,261,1207,653,3574,5791,9857,6253,677,1710,570,475,,171,,t3_shieldbreaker|t3_finalstring
standard,84,r2,red,jungle,戰士,fengbao,standard,1,2,0,2,9510,17755,11923,484.2,9.43,16.71,20.91,3,1,1,2,3,228,1299,1268,522,4028,6779,9868,6253,399,1140,570,,1334,171,,t3_shieldbreaker|t3_finalstring
standard,84,r3,red,mid,法師,auralith,standard,1,5,2,2,30622,13548,13544,550,9.88,16.77,24.28,3,1,1,2,3,351,325,405,1463,4201,6525,9385,6253,633,1710,142,475,,171,,t3_psyward
standard,84,r4,red,adc,射手,dujian,standard,1,7,3,2,24638,11377,13525,549.2,9.82,18.04,22.34,4,1,1,2,4,148,769,783,324,3498,6149,8733,6253,740,1140,427,,,171,,t3_shieldbreaker|t3_rendspear
standard,84,r5,red,sup,坦克,tiankong,standard,1,3,2,6,9572,22350,14834,602.4,7.93,12.83,17.51,5,1,2,4,5,287,434,866,1233,4487,7214,12166,6253,171,1710,570,950,,76,2436,t3_calmveil|t3_thornmail
standard,85,b1,blue,top,戰士,langwang,standard,0,0,1,0,7288,14243,6667,361.2,9.6,,,1,1,1,,1,462,325,,1067,3612,5325,,,,,,,,,,t3_shieldbreaker|t3_finalstring
standard,85,b2,blue,jungle,戰士,ronggang,standard,0,1,2,1,6840,12059,7915,428.8,8.12,14.26,,2,1,2,,2,1067,270,,734,4467,6370,,,,,,,,,,t3_shieldbreaker|t3_finalstring
standard,85,b3,blue,mid,法師,xingjie,standard,0,1,4,1,8735,10806,7551,409.1,9.75,,,1,1,1,,1,199,248,,1470,4049,5848,,,,,,,,,,t3_psyward
standard,85,b4,blue,adc,射手,tianfa,standard,0,1,2,1,10251,8078,7339,397.6,9.73,17.84,,2,1,1,,2,642,227,,338,3992,5607,,,,,,,,,,t3_shieldbreaker|t3_rendspear
standard,85,b5,blue,sup,輔助,mingyun,standard,0,0,0,0,3845,11114,8630,467.5,5.96,12.58,17.2,3,1,2,,3,468,277,,929,4468,6827,,,,,,,,,,t3_calmveil
standard,85,r1,red,top,戰士,langwang,standard,1,1,1,0,10614,16745,7902,428.1,9.74,16.97,,2,1,1,,2,456,592,,802,3606,5772,,,,,,,,,,t3_shieldbreaker|t3_finalstring
standard,85,r2,red,jungle,戰士,ronggang,standard,1,5,0,1,9518,11156,11271,610.6,7.27,12.79,17.24,3,1,2,,3,478,1407,,1420,5128,8757,,,,,,,,,,t3_shieldbreaker|t3_finalstring
standard,85,r3,red,mid,法師,xingjie,standard,1,2,1,0,7883,9025,9660,523.3,10.38,16.55,,2,0,1,,2,1476,592,,679,3736,7092,,,,,,,,,,t3_psyward
standard,85,r4,red,adc,射手,tianfa,standard,1,1,1,2,10644,6737,9218,499.4,8.66,16.6,,2,1,1,,2,565,971,,1267,3915,6651,,,,,,,,,,t3_shieldbreaker|t3_rendspear
standard,85,r5,red,sup,輔助,mingyun,standard,1,0,0,1,4401,8822,9239,500.5,6.53,11.88,17.38,3,1,2,,3,559,401,,758,4559,7431,,,,,,,,,,t3_calmveil
standard,86,b1,blue,top,戰士,kuangfeng,standard,0,0,1,0,12485,24927,7641,383.2,8.96,17.88,,2,1,1,,2,462,360,,361,3612,5360,,,,,,,,,,t3_shieldbreaker|t3_finalstring
standard,86,b2,blue,jungle,戰士,rongyan,standard,0,0,2,0,5801,12704,7836,393,9.13,17.77,,2,1,1,,2,891,805,,136,3991,5935,,,,,,,,,,t3_shieldbreaker|t3_finalstring
standard,86,b3,blue,mid,法師,auralith,standard,0,0,4,0,10650,14112,8268,414.6,10.06,,,1,0,1,,1,1675,277,,2188,3935,5607,,,,,,,,,,t3_psyward
standard,86,b4,blue,adc,射手,dawnstrike,standard,0,1,3,0,8627,8002,7641,383.2,9.21,19.47,,2,1,1,,2,414,356,,321,3764,5436,,,,,,,,,,t3_shieldbreaker|t3_rendspear
standard,86,b5,blue,sup,輔助,shengguang,standard,0,0,2,0,4093,14463,9940,498.4,6.48,12.37,15.63,3,1,2,,3,658,246,,899,4658,6976,,,,,,,,,,t3_calmveil
standard,86,r1,red,top,戰士,kuangfeng,standard,1,0,0,0,10816,17086,8518,427.2,9.02,16.71,,2,1,1,,2,443,548,,518,3593,6028,,,,,,,,,,t3_shieldbreaker|t3_finalstring
standard,86,r2,red,jungle,戰士,rongyan,standard,1,4,0,0,11019,11794,11051,554.2,9.13,16.36,17.31,3,1,1,,3,332,2792,,300,4562,8222,,,,,,,,,,t3_shieldbreaker|t3_finalstring
standard,86,r3,red,mid,法師,auralith,standard,1,3,0,1,17875,10802,11067,555,10.75,17.43,,2,0,1,,2,1571,76,,1666,3831,6576,,,,,,,,,,t3_psyward
standard,86,r4,red,adc,射手,dawnstrike,standard,1,5,1,2,15763,7783,11032,553.2,9.83,16.25,19.47,3,1,1,,3,101,985,,551,3451,6665,,,,,,,,,,t3_shieldbreaker|t3_rendspear
standard,86,r5,red,sup,輔助,shengguang,standard,1,0,0,5,5402,10433,10442,523.6,7.15,12.34,15.55,3,1,2,,3,225,684,,1211,4525,7714,,,,,,,,,,t3_calmveil
standard,87,b1,blue,top,戰士,greymantle,standard,0,3,7,0,20944,41756,12681,432.2,9.69,17.92,24.17,4,1,1,2,4,361,384,392,130,3511,5734,7342,6253,557,,,285,,247,,t3_shieldbreaker|t3_finalstring
standard,87,b2,blue,jungle,戰士,tielian,standard,0,0,5,0,8128,21280,11385,388,9.23,17.88,25.13,3,1,1,2,3,578,505,377,585,3678,5985,7957,6253,231,,,285,940,247,,t3_shieldbreaker|t3_finalstring
standard,87,b3,blue,mid,法師,xingjie,standard,0,4,9,2,28161,20719,14277,486.6,10.83,17.1,25.33,4,0,1,2,4,1504,1261,216,446,3764,6291,8546,6253,810,570,,760,,152,,t3_psyward
standard,87,b4,blue,adc,射手,yanfeng,standard,0,20,10,3,84837,17904,22970,782.8,9.27,15.88,19.68,5,1,1,3,5,399,1065,322,7369,3749,6865,10222,6253,820,2280,285,285,51,247,,t3_shieldbreaker|t3_rendspear
standard,87,b5,blue,sup,坦克,bingshouweis,standard,0,1,1,0,10416,27491,13961,475.8,7.95,12.7,16.33,5,1,2,3,5,543,489,400,361,4443,7869,9940,6253,240,570,,760,,247,1869,t3_calmveil|t3_thornmail
standard,87,r1,red,top,戰士,greymantle,standard,1,5,7,1,19314,43638,14712,501.4,8.43,15.51,20.4,4,1,1,2,4,505,1184,1617,1682,3655,6714,10267,6253,682,1710,285,1108,,228,,t3_shieldbreaker|t3_finalstring
standard,87,r2,red,jungle,戰士,tielian,standard,1,2,0,1,17109,21405,13772,469.4,7.08,15.08,22.92,4,1,1,2,4,303,1649,686,791,4403,7129,9286,6253,359,1140,142,158,1004,228,,t3_shieldbreaker|t3_finalstring
standard,87,r3,red,mid,法師,xingjie,standard,1,6,8,1,27583,20244,15848,540.1,10.43,18.31,23.48,4,0,1,2,4,1770,556,571,1447,4030,6006,9021,6253,956,1140,285,158,,228,,t3_psyward
standard,87,r4,red,adc,射手,yanfeng,standard,1,17,8,1,64352,15804,20485,698.1,10.18,18.21,20.44,5,0,1,2,5,1443,298,622,4884,3603,5978,9522,6253,744,2280,,,17,228,,t3_shieldbreaker|t3_rendspear
standard,87,r5,red,sup,坦克,bingshouweis,standard,1,2,5,4,13162,31752,15699,535,6.64,12.91,17.77,5,1,2,3,5,63,969,602,2098,4563,7909,10582,6253,221,1140,427,475,,228,1836,t3_calmveil|t3_thornmail
standard,88,b1,blue,top,戰士,cinderfist,standard,0,1,4,1,10711,24157,9408,410.5,9,19.73,,2,1,1,2,2,443,500,391,1127,3593,5550,8191,6253,532,570,,760,,76,,t3_shieldbreaker|t3_finalstring
standard,88,b2,blue,jungle,戰士,greymantle,standard,0,0,3,1,12008,17301,9763,426,8.43,17.1,,2,1,1,2,2,824,1071,216,1162,3924,6251,8216,6253,326,,142,285,942,266,,t3_shieldbreaker|t3_finalstring
standard,88,b3,blue,mid,法師,gambler,standard,0,1,2,0,16671,14521,9382,409.4,10.05,19.48,,2,0,1,2,2,1618,290,331,752,3878,6190,7881,6253,1076,,,285,,266,,t3_psyward
standard,88,b4,blue,adc,射手,xuanfeng,standard,0,2,4,0,20637,10267,9819,428.5,10.85,16.64,,2,0,1,2,2,1519,1446,368,969,3679,6646,8318,6253,706,570,,522,,266,,t3_shieldbreaker|t3_rendspear
standard,88,b5,blue,sup,坦克,xukong,standard,0,0,1,1,8261,20420,11633,507.6,7.17,12.18,16.57,4,1,2,3,4,682,335,246,332,4582,7575,10226,6253,133,,142,997,,266,2433,t3_calmveil|t3_thornmail
standard,88,r1,red,top,戰士,cinderfist,standard,1,1,1,2,10610,23585,11387,496.9,10.01,18.03,,2,0,1,2,2,1553,410,296,2736,3603,5940,8346,6253,687,570,285,475,,76,,t3_shieldbreaker|t3_finalstring
standard,88,r2,red,jungle,戰士,greymantle,standard,1,8,0,0,18902,21878,14281,623.2,8.17,15.23,18.02,4,1,1,3,4,924,1776,259,830,4024,7256,11659,6253,335,3420,,,1574,76,,t3_shieldbreaker|t3_finalstring
standard,88,r3,red,mid,法師,gambler,standard,1,1,1,2,19200,14183,10997,479.9,10.61,18.34,,2,0,1,2,2,1428,710,248,1597,3688,6310,8698,6253,848,,570,950,,76,,t3_psyward
standard,88,r4,red,adc,射手,xuanfeng,standard,1,4,2,0,16314,10240,11507,502.1,9.38,18.81,21.64,3,1,1,2,3,234,609,498,1207,3584,5389,7498,6253,693,,,475,,76,,t3_shieldbreaker|t3_rendspear
standard,88,r5,red,sup,坦克,xukong,standard,1,0,0,1,7968,19044,11166,487.2,7.26,12.68,17.43,3,1,2,3,3,935,481,531,1185,4535,7261,9911,6253,247,,285,475,,76,2575,t3_calmveil|t3_thornmail
standard,89,b1,blue,top,戰士,leimingcf,standard,0,0,2,0,7009,19813,7461,365.6,8.99,19.02,,2,1,1,2,2,367,284,230,60,3517,5164,7330,6253,525,,,475,,76,,t3_shieldbreaker|t3_finalstring
standard,89,b2,blue,jungle,刺客,binghe,standard,0,0,6,0,4931,11172,7615,373.1,8.53,18.15,,2,1,1,2,2,552,306,316,184,3752,5586,7446,6253,133,,,,983,76,,t3_finalstring
standard,89,b3,blue,mid,法師,ronghuo,standard,0,0,3,0,8267,12559,7733,378.9,11.58,,,1,0,1,1,1,1428,229,647,1253,3688,5379,7127,6253,798,,,,,76,,t3_psyward
standard,89,b4,blue,adc,射手,phantom,standard,0,3,4,0,13440,9770,9918,486,10.37,17.27,,2,0,1,2,2,1471,269,397,1668,3631,5949,8647,6253,798,570,,950,,76,,t3_shieldbreaker|t3_rendspear
standard,89,b5,blue,sup,輔助,tianshi,standard,0,0,2,1,5960,13180,9188,450.2,6.69,12.53,16.98,3,1,2,3,3,852,469,477,147,4552,7199,9057,6253,329,,285,,77,76,2036,t3_calmveil
standard,89,r1,red,top,戰士,leimingcf,standard,1,6,0,1,11860,19051,11507,563.9,9.43,14.59,18.29,3,1,2,3,3,576,253,877,107,3726,7653,11377,6253,582,3420,285,380,,456,,t3_shieldbreaker|t3_finalstring
standard,89,r2,red,jungle,刺客,binghe,standard,1,1,2,3,5882,9425,9947,487.4,8.51,14.28,,2,1,2,2,2,592,432,1486,1616,3792,7082,9816,6253,344,570,522,380,1289,456,,t3_finalstring
standard,89,r3,red,mid,法師,ronghuo,standard,1,6,1,1,17444,11994,12855,629.9,10.94,15.99,18.63,3,0,1,3,3,2150,867,1305,2005,4410,7367,12155,6253,1122,2850,142,1330,,456,,t3_psyward
standard,89,r4,red,adc,射手,phantom,standard,1,4,0,1,11060,7381,11180,547.8,10.3,19.35,,2,0,1,2,2,1167,282,866,2279,3327,5662,9766,6253,397,1710,95,855,,456,,t3_shieldbreaker|t3_rendspear
standard,89,r5,red,sup,輔助,tianshi,standard,1,0,0,4,5882,10444,10810,529.7,6.68,12.69,18.78,3,1,2,3,3,1011,723,927,1770,4411,7753,9967,6253,250,,665,380,,456,1961,t3_calmveil
standard,90,b1,blue,top,戰士,jufeng,standard,1,2,1,1,10158,22269,10242,457.7,9.73,16.09,21.18,3,1,1,2,3,291,1369,643,591,3441,6899,9293,6253,646,1140,285,475,,494,,t3_shieldbreaker|t3_finalstring
standard,90,b2,blue,jungle,刺客,shanying,standard,1,2,5,0,6358,11586,10825,483.8,8.96,16.42,20.83,3,1,1,2,3,565,720,1394,825,3765,6350,9774,6253,237,1140,,475,1079,589,,t3_finalstring
standard,90,b3,blue,mid,法師,gambler,standard,1,2,3,1,13368,13105,10074,450.2,11.05,19.69,,2,0,1,2,2,1390,411,105,1323,3650,6161,8555,6253,715,570,142,475,,399,,t3_psyward
standard,90,b4,blue,adc,射手,huanying,standard,1,2,3,1,15928,9264,10052,449.2,10.49,18.48,22.33,3,0,1,2,3,1319,303,1213,51,3479,5683,8533,6253,361,570,285,475,,589,,t3_shieldbreaker|t3_rendspear
standard,90,b5,blue,sup,坦克,ironclad,standard,1,0,0,1,9767,19286,12138,542.5,7.05,13.46,17.77,4,1,2,3,4,382,427,1210,538,4582,7667,11190,6253,205,,142,1425,,589,2574,t3_calmveil|t3_thornmail
standard,90,r1,red,top,戰士,jufeng,standard,0,1,1,0,10913,22386,9717,434.3,10.5,17.98,,2,0,1,2,2,1997,1220,426,1067,4047,6270,7876,6253,560,570,,475,17,0,,t3_shieldbreaker|t3_finalstring
standard,90,r2,red,jungle,刺客,shanying,standard,0,2,1,2,6312,12051,11224,501.7,9.09,14.25,20.38,3,1,2,2,3,717,451,1104,94,4617,7151,9484,6253,418,570,570,,1672,0,,t3_finalstring
standard,90,r3,red,mid,法師,gambler,standard,0,5,1,3,22994,13792,11705,523.1,12.23,17.93,20.34,3,0,1,2,3,1257,135,954,674,3517,6035,9284,6253,655,1710,427,237,,0,,t3_psyward
standard,90,r4,red,adc,射手,huanying,standard,0,2,5,3,19536,9762,9805,438.2,11.51,19.7,,2,0,1,2,2,1272,599,621,904,3432,5379,7621,6253,703,,427,237,,0,,t3_shieldbreaker|t3_rendspear
standard,90,r5,red,sup,坦克,ironclad,standard,0,2,0,0,6633,19164,11263,503.4,7.24,12.18,16.73,3,1,2,3,3,221,563,392,1283,4421,7803,10372,6253,171,1140,,475,,0,2332,t3_calmveil|t3_thornmail
standard,91,b1,blue,top,戰士,anliuyouXia,standard,0,0,3,0,7966,21392,8068,386.2,9.43,18.23,,2,1,1,2,2,329,305,353,637,3479,5655,7783,6253,579,,,950,,0,,t3_shieldbreaker|t3_finalstring
standard,91,b2,blue,jungle,刺客,anye,standard,0,0,4,1,4173,9662,8295,397,8.47,17.83,,2,1,1,2,2,597,152,360,164,3797,5782,8010,6253,373,,285,,1097,0,,t3_finalstring
standard,91,b3,blue,mid,法師,ronghuo,standard,0,2,4,0,18533,14354,9116,436.3,10.72,16.38,,2,0,1,2,2,1352,233,393,715,3612,6443,8793,6253,924,1140,,475,,0,,t3_psyward
standard,91,b4,blue,adc,射手,guangsu,standard,0,3,2,0,11843,11169,9220,441.3,9.63,17.73,,2,1,1,2,2,417,247,215,470,3767,6047,8365,6253,972,1140,,,,0,,t3_shieldbreaker|t3_rendspear
standard,91,b5,blue,sup,坦克,shengdun,standard,0,0,1,0,5037,18443,9981,477.8,7.03,13.53,17.96,3,1,2,3,3,698,899,116,401,4598,7399,9696,6253,455,,,950,17,0,2020,t3_calmveil|t3_thornmail
standard,91,r1,red,top,戰士,anliuyouXia,standard,1,4,0,2,10667,19195,11345,543.1,9.63,14.41,18.33,3,1,2,3,3,175,129,320,795,4505,7279,10870,6253,836,2280,285,665,,551,,t3_shieldbreaker|t3_finalstring
standard,91,r2,red,jungle,刺客,anye,standard,1,3,1,2,8199,9633,11732,561.5,8.44,13.74,17.72,3,1,2,3,3,1041,587,606,601,4241,7287,11256,6253,152,1710,237,585,1767,551,,t3_finalstring
standard,91,r3,red,mid,法師,ronghuo,standard,1,1,1,2,17671,10665,9243,442.4,11.38,19.93,,2,0,1,2,2,1495,103,167,492,3755,6003,8197,6253,665,,237,585,,456,,t3_psyward
standard,91,r4,red,adc,射手,guangsu,standard,1,2,2,1,13589,8044,10025,479.8,9.44,18.07,,2,1,1,2,2,310,550,430,1124,3660,5750,8980,6253,655,570,285,665,,551,,t3_shieldbreaker|t3_rendspear
standard,91,r5,red,sup,坦克,shengdun,standard,1,4,1,4,9249,18223,13516,647,6.6,13.13,13.13,4,1,3,4,4,439,564,586,1316,5789,9944,12186,6253,275,1710,665,823,,551,1908,t3_calmveil|t3_thornmail
standard,92,b1,blue,top,戰士,tielian,standard,0,0,2,0,9562,23092,7793,376.9,9.93,18.8,,2,1,1,2,2,405,436,183,513,3555,5316,7463,6253,532,,,475,51,152,,t3_shieldbreaker|t3_finalstring
standard,92,b2,blue,jungle,刺客,wuxing,standard,0,0,1,0,3803,9693,8244,398.7,8.77,17.22,,2,1,1,2,2,134,313,560,164,3984,5893,7990,6253,608,,,,976,152,,t3_finalstring
standard,92,b3,blue,mid,法師,gambler,standard,0,0,3,0,10032,12047,7609,368,11.07,,,1,0,1,1,1,1523,577,893,1109,3783,5607,7393,6253,988,,,,,152,,t3_psyward
standard,92,b4,blue,adc,射手,mori,standard,0,4,4,0,13990,9633,10139,490.4,8.44,16.92,,2,1,1,2,2,166,310,1103,1289,4166,5990,9353,6253,763,1710,,475,,152,,t3_shieldbreaker|t3_rendspear
standard,92,b5,blue,sup,輔助,fuwenbianzhi,standard,0,0,0,0,5968,14217,9626,465.6,7.61,12.27,16.94,3,1,2,3,3,330,512,332,586,4630,7062,9372,6253,338,,,475,51,152,2102,t3_calmveil
standard,92,r1,red,top,戰士,tielian,standard,1,2,0,1,11120,20575,10345,500.4,9.32,17.78,,2,1,1,2,2,405,332,1069,1745,3555,5512,9369,6253,722,570,285,1140,,399,,t3_shieldbreaker|t3_finalstring
standard,92,r2,red,jungle,刺客,wuxing,standard,1,4,0,0,6579,8942,11461,554.3,7.96,15.22,18.32,3,1,1,3,3,289,1587,925,1330,4139,7167,11055,6253,266,2280,,190,1666,399,,t3_finalstring
standard,92,r3,red,mid,法師,gambler,standard,1,2,1,0,15927,12047,10830,523.8,11.06,17.74,,2,0,1,2,2,1457,498,454,1429,3717,6728,9854,6253,1016,570,,1615,,399,,t3_psyward
standard,92,r4,red,adc,射手,mori,standard,1,2,3,2,14637,7249,9557,462.2,9.84,19.18,,2,1,1,2,2,129,540,1058,656,3479,5740,9008,6253,598,1140,285,427,,304,,t3_shieldbreaker|t3_rendspear
standard,92,r5,red,sup,輔助,fuwenbianzhi,standard,1,0,0,4,5652,11050,11227,543,6.44,12.5,15.4,3,1,2,3,3,478,854,1639,2187,4478,7584,10679,6253,209,,855,427,,399,2535,t3_calmveil
standard,93,b1,blue,top,戰士,hunpo,standard,1,1,4,0,8216,17529,9307,406.4,11.61,18.51,,2,0,1,2,2,1124,437,201,557,3384,5417,8001,6253,380,570,,475,,323,,t3_psyward
standard,93,b2,blue,jungle,刺客,voidrift,standard,1,1,3,0,4290,10466,10029,437.9,7.45,15.4,,2,1,1,2,2,480,1026,392,1698,4330,6606,8722,6253,133,570,,475,873,418,,t3_finalstring
standard,93,b3,blue,mid,法師,leiming,standard,1,2,4,0,14345,13459,11321,494.4,11.38,16.71,21.62,3,0,1,2,3,1333,198,232,821,3593,6348,8932,6253,646,570,,950,,513,,t3_psyward
standard,93,b4,blue,adc,射手,leiting,standard,1,9,5,0,23826,11332,14133,617.2,10,16.95,19.81,3,1,1,3,3,91,717,129,2333,3441,5797,10129,6253,608,2280,,475,,513,,t3_shieldbreaker|t3_rendspear
standard,93,b5,blue,sup,輔助,luminary,standard,1,0,2,0,4858,14760,11033,481.8,6.35,11.83,17.31,3,1,2,3,3,749,207,1146,1992,4449,7237,9726,6253,95,,,950,,513,1915,t3_calmveil
standard,93,r1,red,top,戰士,hunpo,standard,0,3,1,1,10990,21597,11483,501.4,10.87,16.66,21.62,3,0,1,2,3,1352,451,694,982,3612,6301,10044,6253,769,1710,285,950,,76,,t3_psyward
standard,93,r2,red,jungle,刺客,voidrift,standard,0,1,5,1,7824,11881,9837,429.6,8.33,15.2,,2,1,1,2,2,678,1108,687,1507,3878,6688,8717,6253,171,570,285,,1362,76,,t3_finalstring
standard,93,r3,red,mid,法師,leiming,standard,0,2,3,1,13895,12272,9697,423.4,11.7,20.65,,2,0,1,1,2,1314,279,943,946,3574,5379,7393,6253,779,,285,,,76,,t3_psyward
standard,93,r4,red,adc,射手,leiting,standard,0,11,3,1,21395,11201,14950,652.9,10.69,16.13,18.7,4,0,1,3,4,1490,1257,210,1100,3650,6937,12010,6253,646,4560,,475,,76,,t3_shieldbreaker|t3_rendspear
standard,93,r5,red,sup,輔助,luminary,standard,0,1,1,0,4593,18293,10995,480.1,6.23,11.58,17.33,4,1,2,3,4,264,179,421,294,5114,7209,8881,6253,218,570,,,,76,1763,t3_calmveil
standard,94,b1,blue,top,戰士,dushe,standard,0,0,3,0,11041,27521,9602,387.6,9.82,19.35,,2,1,1,2,2,348,458,82,1521,3498,5208,7032,6253,513,,,,,266,,t3_shieldbreaker|t3_finalstring
standard,94,b2,blue,jungle,刺客,miwu,standard,0,0,4,0,10126,13742,9578,386.6,8.06,17.43,,2,1,1,2,2,763,658,330,1448,3963,5988,7810,6253,351,,,,1129,76,,t3_finalstring
standard,94,b3,blue,mid,法師,haixiao,standard,0,0,6,0,13276,16927,9013,363.8,10.8,20.38,,2,0,1,1,2,1580,476,989,312,3840,5626,7469,6253,950,,,,,266,,t3_psyward
standard,94,b4,blue,adc,射手,shensheng,standard,0,5,3,0,21241,13780,12319,497.2,9.13,17.22,21.01,3,1,1,2,3,376,301,220,1518,3726,6101,8970,6253,836,1140,,475,,266,,t3_shieldbreaker|t3_rendspear
standard,94,b5,blue,sup,坦克,tiebi,standard,0,1,4,1,9601,26205,12109,488.7,8.27,12.37,15.93,4,1,2,3,4,428,683,890,908,5228,8363,10470,6253,313,570,285,475,,266,2307,t3_calmveil|t3_thornmail
standard,94,r1,red,top,戰士,dushe,standard,1,5,0,1,13888,26996,13605,549.1,8.96,14.65,20.49,4,1,2,2,4,1014,347,1321,574,5164,7197,9971,6253,639,1710,285,760,,323,,t3_shieldbreaker|t3_finalstring
standard,94,r2,red,jungle,刺客,miwu,standard,1,3,1,5,12059,12251,13655,551.2,8.98,15.68,19.11,4,1,1,3,4,1171,1648,625,854,4371,6978,10325,6253,304,1140,855,285,1165,323,,t3_finalstring
standard,94,r3,red,mid,法師,haixiao,standard,1,6,2,3,27085,13977,14460,583.6,11.03,15.71,22.71,4,0,1,2,4,2220,706,1245,1109,4480,7206,9695,6253,1029,1140,285,760,,228,,t3_psyward
standard,94,r4,red,adc,射手,shensheng,standard,1,4,3,0,18130,10126,12009,484.7,10.14,18.27,21.88,3,0,1,2,3,1579,686,243,1108,3739,5886,8793,6253,791,1140,,285,,323,,t3_shieldbreaker|t3_rendspear
standard,94,r5,red,sup,坦克,tiebi,standard,1,2,0,2,10196,23327,14494,585,6.71,12.43,17.38,5,1,2,3,5,853,240,1250,893,4753,7480,11230,6253,313,570,570,760,,323,2440,t3_calmveil|t3_thornmail
standard,95,b1,blue,top,戰士,fengbao,standard,0,0,5,0,7737,22286,7861,370.4,9.23,18.42,,2,1,1,2,2,367,265,351,180,3517,5265,7431,6253,703,,,475,,0,,t3_shieldbreaker|t3_finalstring
standard,95,b2,blue,jungle,刺客,guihuo,standard,0,0,5,0,3563,10125,8073,380.3,10.03,17.52,,2,0,1,2,2,1743,1104,329,472,3673,5734,7579,6253,503,,,,821,0,,t3_finalstring
standard,95,b3,blue,mid,法師,leiming,standard,0,0,2,0,9711,13215,7893,371.9,10.9,18.41,,2,0,1,2,2,1314,46,371,462,3574,5246,7501,6253,722,,,475,51,0,,t3_psyward
standard,95,b4,blue,adc,射手,liangzicz,standard,0,2,5,0,12535,11274,9058,426.7,10.72,16.38,,2,0,1,2,2,1338,216,1052,957,3498,5246,8552,6253,684,1140,,475,,0,,t3_shieldbreaker|t3_rendspear
standard,95,b5,blue,sup,輔助,fengshen,standard,0,0,3,0,3820,15151,8857,417.3,7.53,13.32,18.41,3,1,2,3,3,1368,276,306,397,4468,6756,8466,6253,275,,,,,0,1936,t3_calmveil
standard,95,r1,red,top,戰士,fengbao,standard,1,7,0,0,12396,20985,13390,630.8,9.73,12.38,17.18,4,1,2,4,4,519,142,308,409,3669,8742,12808,6253,703,3990,,1330,,532,,t3_shieldbreaker|t3_finalstring
standard,95,r2,red,jungle,刺客,guihuo,standard,1,6,0,1,8699,8983,13407,631.7,6.43,12.43,15.93,4,1,2,3,4,603,2326,1175,656,4933,9276,12255,6253,199,2850,285,380,1755,532,,t3_finalstring
standard,95,r3,red,mid,法師,leiming,standard,1,3,0,3,22831,10760,11015,518.9,10.88,17.54,,2,0,1,2,2,1390,847,1033,1614,3650,6747,10433,6253,703,1710,855,380,,532,,t3_psyward
standard,95,r4,red,adc,射手,liangzicz,standard,1,4,2,0,10586,8948,10749,506.4,9.76,17.77,20.87,3,1,1,2,3,243,436,1047,448,3593,5816,9597,6253,722,1710,,380,,532,,t3_shieldbreaker|t3_rendspear
standard,95,r5,red,sup,輔助,fengshen,standard,1,0,0,4,5179,10219,12027,566.7,6.89,12.03,17.75,4,1,2,4,4,1511,693,281,1147,4611,7423,11161,6253,294,,855,855,,532,2371,t3_calmveil
standard,96,b1,blue,top,戰士,langwang,standard,0,1,1,0,9314,20709,8556,430.1,9.11,17.74,,2,1,1,,2,443,294,,326,3593,5474,,,,,,,,,,t3_shieldbreaker|t3_finalstring
standard,96,b2,blue,jungle,刺客,jiansheng,standard,0,0,4,0,3690,9871,7784,391.3,9.32,17.52,,2,1,1,,2,625,494,,353,3825,5774,,,,,,,,,,t3_finalstring
standard,96,b3,blue,mid,法師,haixiao,standard,0,1,2,0,6749,12166,7910,397.7,11.07,18.53,,2,0,1,,2,1257,167,,560,3517,5797,,,,,,,,,,t3_psyward
standard,96,b4,blue,adc,射手,xingchen,standard,0,1,4,0,11985,10412,7597,381.9,9.03,18.83,,2,1,1,,2,367,271,,76,3717,5351,,,,,,,,,,t3_shieldbreaker|t3_rendspear
standard,96,b5,blue,sup,輔助,hexweave,standard,0,0,2,1,4944,15347,9656,485.4,6.9,11.47,15.77,3,1,2,,3,544,247,,616,4544,7277,,,,,,,,,,t3_calmveil
standard,96,r1,red,top,戰士,langwang,standard,1,2,0,0,13128,19517,10396,522.6,9.35,16.56,19.37,3,1,1,,3,696,846,,495,3846,6326,,,,,,,,,,t3_shieldbreaker|t3_finalstring
standard,96,r2,red,jungle,刺客,jiansheng,standard,1,0,0,2,7308,9412,9426,473.8,9.3,15.17,,2,1,1,,2,875,1089,,1095,4075,6669,,,,,,,,,,t3_finalstring
standard,96,r3,red,mid,法師,haixiao,standard,1,2,2,0,11783,9069,9506,477.9,11.42,18.33,,2,0,1,,2,1371,385,,526,3631,5835,,,,,,,,,,t3_psyward
standard,96,r4,red,adc,射手,xingchen,standard,1,9,1,0,18053,8171,13088,657.9,8.52,14.23,17.33,3,1,2,,3,344,49,,1287,4344,7669,,,,,,,,,,t3_shieldbreaker|t3_rendspear
standard,96,r5,red,sup,輔助,hexweave,standard,1,0,0,2,5004,10189,10347,520.2,6.54,12.05,17.87,3,1,2,,3,828,629,,1306,4528,7359,,,,,,,,,,t3_calmveil
standard,97,b1,blue,top,戰士,kuangfeng,standard,1,1,10,0,15111,47467,13217,416.6,7.62,16.34,23.25,4,1,1,2,4,1051,1068,319,416,4201,6548,8619,6253,712,570,,855,,228,,t3_shieldbreaker|t3_finalstring
standard,97,b2,blue,jungle,刺客,hundun,standard,1,2,11,0,7826,18830,14103,444.5,9.66,17.62,23.55,4,1,1,2,4,114,655,482,503,3914,6805,8762,6253,133,570,,380,1198,228,,t3_psyward
standard,97,b3,blue,mid,法師,leiming,standard,1,2,14,0,30124,23108,13220,416.7,11.26,19.21,27.53,3,0,1,2,3,1384,43,373,1019,3644,5943,8223,6253,791,570,,380,,228,,t3_psyward
standard,97,b4,blue,adc,射手,dujian,standard,1,17,10,0,75249,16725,21871,689.4,9.62,16.96,20.18,5,1,1,2,5,357,763,1951,6271,3707,6443,10851,6253,665,2850,,855,,228,,t3_shieldbreaker|t3_rendspear
standard,97,b5,blue,sup,坦克,tiankong,standard,1,1,10,0,8066,39888,14522,457.7,6.67,12.42,16.51,5,1,2,3,5,527,762,739,1021,4627,7942,10019,6253,281,,,855,,228,2400,t3_calmveil|t3_thornmail
standard,97,r1,red,top,戰士,kuangfeng,standard,0,12,0,1,31284,45322,20294,639.7,7.7,13.5,18.86,5,1,2,3,5,153,202,334,4994,4733,7602,10414,6253,817,2280,285,475,,304,,t3_shieldbreaker|t3_finalstring
standard,97,r2,red,jungle,刺客,hundun,standard,0,6,6,0,15334,19333,16552,521.7,10.24,16.96,23.55,5,0,1,2,5,1670,455,19,451,3880,6605,9249,6253,228,1140,,,1323,304,,t3_psyward
standard,97,r3,red,mid,法師,leiming,standard,0,11,11,1,25671,23150,19240,606.5,11.21,18.17,22.06,5,0,1,2,5,1447,306,36,3089,3707,5636,9436,6253,978,1140,285,475,,304,,t3_psyward
standard,97,r4,red,adc,射手,dujian,standard,0,26,5,1,119811,15349,27486,866.4,10.5,18.17,20.18,5,0,1,2,5,1291,393,1695,11885,3451,6073,10595,6253,665,2850,285,237,,304,,t3_shieldbreaker|t3_rendspear
standard,97,r5,red,sup,坦克,tiankong,standard,0,0,1,4,6898,32054,15664,493.7,7.34,12.96,18.7,5,1,2,3,5,678,747,235,2163,4478,7147,10115,6253,237,,,712,,304,2608,t3_calmveil|t3_thornmail
standard,98,b1,blue,top,戰士,greymantle,standard,1,0,3,1,13990,26087,9491,414.3,9.31,18.33,,2,1,1,2,2,633,476,156,1140,3783,6006,7906,6253,855,,,380,,418,,t3_shieldbreaker|t3_finalstring
standard,98,b2,blue,jungle,刺客,yueying,standard,1,1,4,0,9202,12811,10493,458.1,9.34,16.43,22.55,3,1,1,2,3,653,746,470,493,3853,6376,8850,6253,240,570,,380,988,418,,t3_finalstring
standard,98,b3,blue,mid,法師,haixiao,standard,1,8,3,1,21251,13575,14339,625.9,10.61,16.11,20.4,4,0,1,2,4,1574,1168,1825,508,3834,7368,11225,6253,848,2850,285,380,,608,,t3_psyward
standard,98,b4,blue,adc,射手,tianfa,standard,1,7,3,0,22950,10160,13455,587.3,8.99,16.52,21.28,3,1,1,2,3,455,595,871,2255,3805,6275,9771,6253,820,1710,,380,,608,,t3_shieldbreaker|t3_rendspear
standard,98,b5,blue,sup,坦克,shiqiang,standard,1,0,1,2,7300,20559,11881,518.6,7.48,13.9,17.42,4,1,2,3,4,768,411,70,281,4668,7651,10050,6253,275,,,380,,608,2533,t3_calmveil|t3_thornmail
standard,98,r1,red,top,戰士,greymantle,standard,0,6,1,0,18778,28593,12246,534.5,8.53,14.24,18.25,3,1,2,3,3,614,752,626,1215,3764,7602,10576,6253,997,2850,,475,,0,,t3_shieldbreaker|t3_finalstring
standard,98,r2,red,jungle,刺客,yueying,standard,0,3,5,2,8430,14135,11740,512.5,8.33,14.56,19.83,3,1,2,3,3,389,193,297,610,4289,7373,10477,6253,294,1710,570,,1649,0,,t3_finalstring
standard,98,r3,red,mid,法師,haixiao,standard,0,0,6,2,13483,14172,8474,369.9,11.15,21.91,,2,0,1,1,2,1352,292,418,444,3612,5322,6918,6253,665,,,,,0,,t3_psyward
standard,98,r4,red,adc,射手,tianfa,standard,0,3,3,0,15259,10186,11001,480.2,9.83,17.94,22.19,3,1,1,2,3,120,146,412,1001,3470,5826,8362,6253,826,570,,712,,0,,t3_shieldbreaker|t3_rendspear
standard,98,r5,red,sup,坦克,shiqiang,standard,0,2,1,0,7134,21176,11956,521.9,8.2,14.1,17.68,4,1,2,3,4,306,221,963,355,4506,6881,10343,6253,294,570,,712,,0,2512,t3_calmveil|t3_thornmail
standard,99,b1,blue,top,戰士,ravager,standard,0,0,5,0,8381,25026,8745,390.1,9.57,17.56,,2,1,1,2,2,405,131,255,714,3555,5731,7935,6253,731,,,950,,0,,t3_shieldbreaker|t3_finalstring
standard,99,b2,blue,jungle,戰士,longyi,standard,0,0,3,0,6288,15499,8243,367.7,8.7,18.42,,2,1,1,2,2,511,112,339,613,3611,5362,7369,6253,190,,,,925,0,,t3_shieldbreaker|t3_finalstring
standard,99,b3,blue,mid,法師,bingshuang,standard,0,0,8,1,11685,16172,8393,374.4,10.87,18.87,,2,0,1,2,2,1362,470,149,663,3622,5370,7279,6253,788,,,237,,0,,t3_psyward
standard,99,b4,blue,adc,射手,dawnstrike,standard,0,3,9,0,14938,14939,10132,452,11.03,17.94,21.98,3,0,1,2,3,1471,153,150,1181,3631,5303,7650,6253,684,,,712,,0,,t3_shieldbreaker|t3_rendspear
standard,99,b5,blue,sup,輔助,shengguang,standard,0,0,4,0,6278,18044,10238,456.7,6.97,12.63,15.89,3,1,2,3,3,478,255,331,1198,4478,6805,9371,6253,190,,,475,,0,2453,t3_calmveil
standard,99,r1,red,top,戰士,ravager,standard,1,3,0,0,11442,23751,11338,505.8,8.58,16.73,20.34,3,1,1,2,3,684,1090,1105,838,3834,6570,9705,6253,943,1140,,760,,608,,t3_shieldbreaker|t3_finalstring
standard,99,r2,red,jungle,戰士,longyi,standard,1,11,0,1,19332,16585,16208,723,6.92,13.5,16.58,5,1,2,4,5,194,905,1230,957,5024,9155,14630,6253,158,5700,285,285,1340,608,,t3_shieldbreaker|t3_finalstring
standard,99,r3,red,mid,法師,bingshuang,standard,1,6,2,6,19540,13070,14521,647.8,9.82,15.01,20.61,3,1,1,2,3,196,1390,1302,2440,4746,7890,10702,6253,848,1140,1567,285,,608,,t3_psyward
standard,99,r4,red,adc,射手,dawnstrike,standard,1,9,1,3,25315,8755,15958,711.9,9.88,13.98,18.51,4,1,2,3,4,424,73,844,2738,3774,7393,11744,6253,703,2850,570,760,,608,,t3_shieldbreaker|t3_rendspear
standard,99,r5,red,sup,輔助,shengguang,standard,1,0,0,5,5235,10335,11768,525,8.11,13.11,17.9,4,1,2,3,4,336,657,965,808,4636,7687,9625,6253,120,,427,285,,608,1931,t3_calmveil
standard,100,b1,blue,top,戰士,dadi2,standard,0,0,3,0,13080,29656,9649,412.8,9.21,19.75,,2,1,1,2,2,329,291,296,1368,3479,5341,8096,6253,893,,,950,,0,,t3_shieldbreaker|t3_finalstring
standard,100,b2,blue,jungle,戰士,ravager,standard,0,0,6,0,7764,19022,8506,363.9,9,19.45,,2,1,1,2,2,481,216,492,806,3581,5396,7292,6253,285,,,,753,0,,t3_shieldbreaker|t3_finalstring
standard,100,b3,blue,mid,法師,mingyun2,standard,0,2,4,0,17041,16319,10086,431.5,11.51,18.73,,2,0,1,2,2,1314,396,170,805,3574,5246,8400,6253,627,570,,950,,0,,t3_psyward
standard,100,b4,blue,adc,射手,hanbing,standard,0,0,4,0,17029,13441,9041,386.8,11.05,18.98,,2,0,1,2,2,1433,441,550,460,3593,5341,7450,6253,722,,,475,,0,,t3_shieldbreaker|t3_rendspear
standard,100,b5,blue,sup,坦克,tieshixin,standard,0,0,2,0,7271,20073,10507,449.5,7.58,13.23,18.02,3,1,2,3,3,549,600,412,927,4449,6800,9392,6253,95,,,475,51,0,2517,t3_calmveil|t3_thornmail
standard,100,r1,red,top,戰士,dadi2,standard,1,3,0,1,18970,23874,12534,536.2,8.88,14.92,18.95,3,1,2,3,3,1083,250,558,1083,4233,7700,10208,6253,1086,1710,,855,,304,,t3_shieldbreaker|t3_finalstring
standard,100,r2,red,jungle,戰士,ravager,standard,1,4,0,3,14504,17570,12892,551.5,9.53,14.08,18.04,3,1,2,3,3,352,746,349,1492,4152,7546,10429,6253,104,1710,570,380,1106,304,,t3_shieldbreaker|t3_finalstring
standard,100,r3,red,mid,法師,mingyun2,standard,1,1,2,2,19712,12761,11167,477.7,11.24,19.26,22.3,3,0,1,2,3,1472,230,305,317,3732,6430,8805,6253,870,570,427,380,,304,,t3_psyward
standard,100,r4,red,adc,射手,hanbing,standard,1,9,0,3,29074,8854,15427,660,10.98,16.52,19.55,4,0,1,3,4,1484,1061,262,1577,3644,6741,11162,6253,753,2850,570,380,51,304,,t3_shieldbreaker|t3_rendspear
standard,100,r5,red,sup,坦克,tieshixin,standard,1,2,0,4,7907,18550,13606,582.1,7.64,12.82,16.43,4,1,2,3,4,1708,332,909,1405,4608,7572,10889,6253,262,570,712,380,,304,2406,t3_calmveil|t3_thornmail
standard,101,b1,blue,top,戰士,ronggang,standard,0,0,3,0,13028,25361,8099,362.4,10.99,17.31,,2,0,1,2,2,1518,613,319,719,3568,5563,7349,6253,810,,,285,,0,,t3_shieldbreaker|t3_finalstring
standard,101,b2,blue,jungle,戰士,xueyue,standard,0,1,3,0,8163,16645,9725,435.1,9.08,15.52,22.28,3,1,1,2,3,619,897,238,24,3719,6497,8268,6253,190,,,760,874,190,,t3_shieldbreaker|t3_finalstring
standard,101,b3,blue,mid,法師,bingshuang,standard,0,1,5,1,12501,12058,8992,402.3,11.24,19.84,,2,0,1,2,2,1257,172,88,392,3517,5772,7938,6253,639,570,,285,,190,,t3_psyward
standard,101,b4,blue,adc,射手,xuanfeng,standard,0,3,5,1,18852,9952,10621,475.2,9.64,18.28,,2,1,1,2,2,237,405,1141,1720,3587,5785,8141,6253,601,,285,760,51,190,,t3_shieldbreaker|t3_rendspear
standard,101,b5,blue,sup,坦克,xukong,standard,0,0,4,0,5484,19402,9610,430,6.63,12.93,19.4,3,1,2,3,3,581,323,259,529,4481,7263,8859,6253,151,,,285,,190,1979,t3_calmveil|t3_thornmail
standard,101,r1,red,top,戰士,ronggang,standard,1,4,0,1,12918,24617,12143,543.3,10.05,16.7,19.33,3,0,1,3,3,1410,634,584,693,3460,5864,10234,6253,560,2280,285,475,,380,,t3_shieldbreaker|t3_finalstring
standard,101,r2,red,jungle,戰士,xueyue,standard,1,5,1,3,14507,16960,12877,576.2,7.62,14.53,20.68,3,1,2,2,3,374,485,2611,1477,4174,7285,11211,6253,408,2280,712,,1176,380,,t3_shieldbreaker|t3_finalstring
standard,101,r3,red,mid,法師,bingshuang,standard,1,7,2,3,21976,13953,14062,629.2,9.2,15.64,20.26,3,1,1,2,3,570,1036,1423,1982,4420,7536,10823,6253,817,1710,712,950,,380,,t3_psyward
standard,101,r4,red,adc,射手,xuanfeng,standard,1,3,2,1,18741,8798,11269,504.2,10.46,18.25,22.28,3,0,1,2,3,1481,294,961,69,3641,5674,8581,6253,712,,285,950,,380,,t3_shieldbreaker|t3_rendspear
standard,101,r5,red,sup,坦克,xukong,standard,1,1,0,2,6228,17501,11934,534,6.28,11.2,16.78,4,1,2,3,4,1252,506,1271,333,5152,7746,10651,6253,199,570,285,475,,380,2488,t3_calmveil|t3_thornmail
standard,102,b1,blue,top,戰士,jingci,standard,1,0,2,0,10928,30501,10244,387.9,8.84,18.6,25.47,3,1,1,2,3,443,560,1106,644,3593,5740,7906,6253,589,,,760,,304,,t3_shieldbreaker|t3_finalstring
standard,102,b2,blue,jungle,戰士,jufeng,standard,1,0,6,0,10751,21919,10583,400.7,9.67,18.13,25.18,3,1,1,2,3,662,539,336,433,3762,5969,8036,6253,114,,,285,1079,304,,t3_shieldbreaker|t3_finalstring
standard,102,b3,blue,mid,法師,mingyun2,standard,1,3,7,0,29830,15725,12698,480.8,10.64,18.94,24.29,3,0,1,2,3,1523,722,632,617,3783,6472,8182,6253,864,,,760,,304,,t3_psyward
standard,102,b4,blue,adc,射手,phantom,standard,1,9,4,0,34719,10243,15671,593.4,10.1,17.73,20.91,4,0,1,2,4,1576,493,310,2071,3736,5873,9160,6253,703,1140,,760,,304,,t3_shieldbreaker|t3_rendspear
standard,102,b5,blue,sup,輔助,tianshi,standard,1,1,6,1,7232,18507,12643,478.8,8.93,11.74,16.85,4,1,2,3,4,535,280,892,1193,4535,7310,9932,6253,275,570,285,285,,304,1959,t3_calmveil
standard,102,r1,red,top,戰士,jingci,standard,0,4,1,1,14491,32788,13166,498.6,8.52,16.35,20.67,4,1,1,2,4,662,1068,1110,186,3812,6548,9410,6253,696,1140,142,950,,228,,t3_shieldbreaker|t3_finalstring
standard,102,r2,red,jungle,戰士,jufeng,standard,0,7,2,0,18847,24390,14658,555,9.03,14.95,18.85,4,1,2,3,4,940,106,687,1257,4040,7156,10237,6253,285,2280,,,1191,228,,t3_shieldbreaker|t3_finalstring
standard,102,r3,red,mid,法師,mingyun2,standard,0,7,4,2,27766,17335,14496,548.9,10.04,17.16,22.76,4,0,1,2,4,2464,386,124,266,4724,6586,9524,6253,858,1710,,475,,228,,t3_psyward
standard,102,r4,red,adc,射手,phantom,standard,0,7,3,1,26703,11478,14734,557.9,10.39,19.93,23.43,4,0,1,2,4,1433,656,30,883,3593,5436,7330,6253,563,,285,,,228,,t3_shieldbreaker|t3_rendspear
standard,102,r5,red,sup,輔助,tianshi,standard,0,0,3,8,7664,22308,13816,523.2,7.87,12.78,14.9,5,1,3,4,5,1201,74,301,616,4601,7774,10801,6253,142,,1282,475,,228,2420,t3_calmveil
standard,103,b1,blue,top,戰士,tielian,standard,0,1,2,0,8706,21284,8575,423.5,9.57,17.43,,2,1,1,2,2,329,364,465,545,3479,5664,8495,6253,570,570,,950,,152,,t3_shieldbreaker|t3_finalstring
standard,103,b2,blue,jungle,戰士,rongyan,standard,0,1,4,0,4593,13853,8363,413,9.57,17.69,,2,1,1,2,2,673,523,200,383,3773,5773,8180,6253,297,570,,,907,152,,t3_shieldbreaker|t3_finalstring
standard,103,b3,blue,mid,法師,bingshuang,standard,0,0,4,0,10161,12767,7942,392.2,10.88,19.21,,2,0,1,2,2,1485,637,512,112,3745,5487,7862,6253,981,,,475,,152,,t3_psyward
standard,103,b4,blue,adc,射手,huanying,standard,0,1,3,2,14482,11826,9285,458.5,9.26,17.4,,2,1,1,2,2,541,284,454,534,3891,5784,9204,6253,1184,570,570,475,,152,,t3_shieldbreaker|t3_rendspear
standard,103,b5,blue,sup,輔助,mantra,standard,0,0,1,0,3638,15668,9778,482.9,7.35,12.93,17.43,3,1,2,3,3,437,467,658,738,4437,6717,9698,6253,158,,,950,51,152,2132,t3_calmveil
standard,103,r1,red,top,戰士,tielian,standard,1,2,0,0,9482,19842,9842,486,9.56,16.63,,2,1,1,2,2,342,254,402,1242,3492,5734,9002,6253,563,570,,1235,,380,,t3_shieldbreaker|t3_finalstring
standard,103,r2,red,jungle,戰士,rongyan,standard,1,7,0,1,10390,12506,13312,657.4,9.83,12.08,16.07,3,1,2,3,3,120,525,1654,1962,4650,9075,13004,6253,266,3990,142,285,1687,380,,t3_shieldbreaker|t3_finalstring
standard,103,r3,red,mid,法師,bingshuang,standard,1,3,3,2,18019,12364,10688,527.8,11.83,15.13,,2,0,1,2,2,1428,675,1017,1287,3688,7175,10417,6253,981,1710,570,522,,380,,t3_psyward
standard,103,r4,red,adc,射手,huanying,standard,1,2,0,1,17599,7513,9605,474.3,10.31,18.13,,2,0,1,2,2,1519,478,292,704,3679,6158,9192,6253,896,1140,,522,,380,,t3_shieldbreaker|t3_rendspear
standard,103,r5,red,sup,輔助,mantra,standard,1,0,0,2,3728,10486,10152,501.4,6.76,11.42,16.18,3,1,2,3,3,279,455,990,1402,4579,7485,9740,6253,294,,142,760,,380,1909,t3_calmveil
standard,104,b1,blue,top,坦克,shiqiang,standard,0,0,2,0,6738,20107,7526,366.5,9.22,16.5,,2,1,1,2,2,624,283,505,95,3574,5683,7355,6253,551,,,475,,76,,t3_calmveil|t3_thornmail
standard,104,b2,blue,jungle,戰士,tielian,standard,0,0,2,0,5393,19138,7978,388.5,9.11,18.6,,2,1,1,2,2,590,344,229,578,3690,5824,7629,6253,256,,,,1043,76,,t3_finalstring|t3_shieldbreaker
standard,104,b3,blue,mid,法師,mingyun2,standard,0,1,6,0,11463,14944,8922,434.5,11.09,19.02,,2,0,1,2,2,1504,530,352,222,3764,6130,8752,6253,902,570,,950,,76,,t3_psyward
standard,104,b4,blue,adc,射手,guangsu,standard,0,2,3,0,12028,11230,8333,405.8,10.37,18.13,,2,0,1,2,2,1481,489,313,483,3641,5389,8163,6253,693,1140,,,,76,,t3_shieldbreaker|t3_rendspear
standard,104,b5,blue,sup,坦克,tiebi,standard,0,0,2,1,4702,17340,10504,511.5,6.43,12.16,16.94,3,1,2,3,3,1663,300,753,923,4563,7680,10333,6253,256,,285,1425,68,76,1968,t3_calmveil|t3_thornmail
standard,104,r1,red,top,坦克,shiqiang,standard,1,5,0,1,10337,16706,11769,573.2,8.44,14.97,18.02,3,1,2,3,3,934,210,2126,1739,3884,6620,11256,6253,937,2850,285,475,,456,,t3_calmveil|t3_thornmail
standard,104,r2,red,jungle,戰士,tielian,standard,1,5,0,2,10425,9304,12629,615,7.24,16.27,19.14,3,1,1,3,3,726,1426,996,2078,4526,6906,11546,6253,342,2280,285,475,1454,456,,t3_finalstring|t3_shieldbreaker
standard,104,r3,red,mid,法師,mingyun2,standard,1,2,2,1,18175,10987,10845,528.1,11.35,16.42,,2,0,1,2,2,1346,1027,932,1444,3606,6627,10332,6253,772,1140,285,1425,,456,,t3_psyward
standard,104,r4,red,adc,射手,guangsu,standard,1,2,0,3,21732,7425,10290,501.2,10.27,16.87,,2,0,1,2,2,1414,231,913,1710,3574,5911,9493,6253,883,1140,285,475,,456,,t3_shieldbreaker|t3_rendspear
standard,104,r5,red,sup,坦克,tiebi,standard,1,1,1,6,6412,14337,12109,589.7,7.17,12.08,16.84,4,1,2,3,4,935,743,1617,509,4535,7983,11597,6253,332,570,1140,475,,456,2370,t3_calmveil|t3_thornmail
standard,105,b1,blue,top,坦克,longji,standard,1,1,1,0,11175,18729,9864,483.1,8.6,14.73,,2,1,2,2,2,624,130,1360,2633,3574,6880,8590,6253,703,570,,665,,399,,t3_calmveil|t3_thornmail
standard,105,b2,blue,jungle,戰士,cinderfist,standard,1,2,0,0,6157,12960,9826,481.3,9.54,14.55,20.19,3,1,2,2,3,832,344,953,276,3932,7394,9503,6253,475,1140,,190,1045,399,,t3_shieldbreaker|t3_finalstring
standard,105,b3,blue,mid,法師,shikong,standard,1,4,6,1,9644,11817,11384,557.6,10.89,15.61,20.2,3,0,1,2,3,1466,1178,1660,353,3726,7678,11060,6253,798,2280,285,1140,,304,,t3_psyward
standard,105,b4,blue,adc,射手,mori,standard,1,2,4,0,10823,8219,9322,456.6,10.38,18.78,,2,0,1,2,2,1490,632,99,422,3650,5712,8999,6253,541,1140,,665,,399,,t3_shieldbreaker|t3_rendspear
standard,105,b5,blue,sup,輔助,zhanchang,standard,1,0,1,2,4613,14596,10337,506.3,8.42,12,16.27,3,1,2,3,3,282,513,783,1106,4582,7543,10013,6253,256,,570,665,,399,1869,t3_calmveil
standard,105,r1,red,top,坦克,longji,standard,0,1,1,1,8506,17679,9341,457.5,9.03,15.14,19.69,3,1,1,3,3,290,896,178,311,3840,6196,9208,6253,760,570,285,1187,,152,,t3_calmveil|t3_thornmail
standard,105,r2,red,jungle,戰士,cinderfist,standard,0,6,2,0,11967,13671,11880,581.9,9.03,14.62,19.27,3,1,2,3,3,1223,329,996,529,4323,8579,11746,6253,171,3420,,712,1037,152,,t3_shieldbreaker|t3_finalstring
standard,105,r3,red,mid,法師,shikong,standard,0,1,3,1,9396,10115,8043,393.9,11.86,20.27,,2,0,1,1,2,1286,192,1409,192,3546,6092,7909,6253,649,570,285,,,152,,t3_psyward
standard,105,r4,red,adc,射手,mori,standard,0,4,3,2,12139,8765,10655,521.9,10.71,16.24,20.2,3,0,1,2,3,1566,801,1622,175,3726,6481,10522,6253,791,2280,570,475,,152,,t3_shieldbreaker|t3_rendspear
standard,105,r5,red,sup,輔助,zhanchang,standard,0,0,0,1,5636,10782,9527,466.7,7.26,12.43,17.38,3,1,2,3,3,1397,260,126,297,4497,6740,9356,6253,288,,285,475,,152,1902,t3_calmveil
standard,106,b1,blue,top,坦克,dadi,standard,0,0,3,0,8207,20185,7541,388.9,9.08,16.45,,2,1,1,,2,776,250,,491,3726,5550,,,,,,,,,,t3_calmveil|t3_thornmail
standard,106,b2,blue,jungle,戰士,chichuan,standard,0,1,3,0,5707,13492,7959,410.4,8.98,18.29,,2,1,1,,2,654,326,,129,3754,5756,,,,,,,,,,t3_shieldbreaker|t3_finalstring
standard,106,b3,blue,mid,法師,lieyan,standard,0,0,2,0,6659,11664,7427,383,10.81,19.35,,2,0,1,,2,1390,106,,77,3650,5436,,,,,,,,,,t3_psyward
standard,106,b4,blue,adc,射手,leiting,standard,0,2,1,1,9697,10199,9033,465.8,9.53,16.61,,2,1,1,,2,186,250,,582,3536,5930,,,,,,,,,,t3_shieldbreaker|t3_rendspear
standard,106,b5,blue,sup,輔助,luminary,standard,0,0,1,1,3066,13163,9342,481.7,6.73,12.78,16.83,3,1,2,,3,1106,559,,301,4506,7109,,,,,,,,,,t3_calmveil
standard,106,r1,red,top,坦克,dadi,standard,1,2,0,1,8620,16064,9840,507.5,7.79,13.63,18.8,3,1,2,,3,161,198,,1290,4011,6348,,,,,,,,,,t3_calmveil|t3_thornmail
standard,106,r2,red,jungle,戰士,chichuan,standard,1,5,0,0,13107,11290,11606,598.5,8.12,14.23,17.58,3,1,2,,3,273,490,,675,4023,9040,,,,,,,,,,t3_shieldbreaker|t3_finalstring
standard,106,r3,red,mid,法師,lieyan,standard,1,0,0,4,13277,9968,9175,473.2,10.4,17.08,,2,0,1,,2,1561,215,,1145,3821,6415,,,,,,,,,,t3_psyward
standard,106,r4,red,adc,射手,leiting,standard,1,3,2,0,11821,7201,9337,481.5,10.73,17.79,,2,0,1,,2,1538,351,,786,3698,5731,,,,,,,,,,t3_shieldbreaker|t3_rendspear
standard,106,r5,red,sup,輔助,luminary,standard,1,0,1,2,4456,11211,10863,560.2,6.43,13.13,14.84,3,1,3,,3,573,107,,1633,4573,8107,,,,,,,,,,t3_calmveil
standard,107,b1,blue,top,坦克,tixue,standard,0,0,4,0,10535,21465,9123,436,8.79,16.19,20.8,3,1,1,2,3,928,476,1398,113,3878,5626,8828,6253,921,,,1425,,228,,t3_calmveil|t3_thornmail
standard,107,b2,blue,jungle,戰士,dadi2,standard,0,1,3,1,8261,12148,9254,442.2,9.04,18.58,,2,1,1,2,2,795,629,254,1153,3895,5859,8354,6253,494,,285,237,856,228,,t3_finalstring|t3_shieldbreaker
standard,107,b3,blue,mid,法師,shikong,standard,0,0,2,0,10761,13522,8196,391.7,10.33,19.02,,2,0,1,2,2,1542,277,212,245,3802,5607,7862,6253,905,,,475,,228,,t3_psyward
standard,107,b4,blue,adc,射手,shensheng,standard,0,3,4,0,14134,10603,9801,468.4,9.52,18.19,20.52,3,1,1,2,3,177,261,1985,201,3527,5341,9505,6253,601,1710,,712,,228,,t3_shieldbreaker|t3_rendspear
standard,107,b5,blue,sup,坦克,tiankong,standard,0,0,2,0,3982,16427,9978,476.8,7.04,13.37,17.67,3,1,2,3,3,335,1232,102,397,4535,7432,9682,6253,269,,,475,,228,2456,t3_calmveil|t3_thornmail
standard,107,r1,red,top,坦克,tixue,standard,1,4,0,1,9308,18834,11812,564.5,8.71,13.49,17.92,4,1,2,3,4,57,217,1776,461,3707,6747,11326,6253,969,2280,285,1235,,304,,t3_calmveil|t3_thornmail
standard,107,r2,red,jungle,戰士,dadi2,standard,1,6,0,2,12527,14377,13050,623.7,8.67,15.21,17.21,4,1,1,4,4,321,2988,164,649,4121,8468,12564,6253,133,3420,570,760,1124,304,,t3_finalstring|t3_shieldbreaker
standard,107,r3,red,mid,法師,shikong,standard,1,2,2,2,12879,10883,9836,470.1,11.23,17.9,,2,0,1,2,2,1409,437,450,435,3669,6937,8780,6253,798,570,570,285,,304,,t3_psyward
standard,107,r4,red,adc,射手,shensheng,standard,1,1,1,1,15143,8123,8718,416.6,11.38,18.5,,2,0,1,2,2,1310,296,162,1218,3470,5496,7662,6253,535,,285,285,,304,,t3_shieldbreaker|t3_rendspear
standard,107,r5,red,sup,坦克,tiankong,standard,1,2,1,2,5071,14608,12511,597.9,5.5,12.32,16.02,4,1,2,4,4,529,892,425,910,5029,8132,12025,6253,110,1140,570,1235,,304,2412,t3_calmveil|t3_thornmail
standard,108,b1,blue,top,坦克,stoneguard,standard,0,0,2,0,6332,17259,7389,375.9,9.3,17.68,,2,1,1,,2,596,239,,239,3546,5389,,,,,,,,,,t3_calmveil|t3_thornmail
standard,108,b2,blue,jungle,戰士,langwang,standard,0,1,1,0,6831,14165,8121,413.1,10.83,18.47,,2,0,1,,2,1888,372,,240,3888,5852,,,,,,,,,,t3_finalstring|t3_shieldbreaker
standard,108,b3,blue,mid,法師,lieyan,standard,0,0,0,0,12045,11610,7659,389.6,11.64,19.19,,2,0,1,,2,1485,239,,308,3745,5569,,,,,,,,,,t3_psyward
standard,108,b4,blue,adc,射手,liangzicz,standard,0,0,2,0,5885,9040,7237,368.1,10.78,19.3,,2,0,1,,2,1224,80,,337,3384,4980,,,,,,,,,,t3_shieldbreaker|t3_rendspear
standard,108,b5,blue,sup,坦克,tiemu,standard,0,0,2,0,4398,15303,9263,471.2,6.86,13.74,18.23,3,1,2,,3,568,362,,162,4468,6862,,,,,,,,,,t3_calmveil|t3_thornmail
standard,108,r1,red,top,坦克,stoneguard,standard,1,1,0,1,7084,16548,9675,492.2,8.84,16.88,19.14,3,1,1,,3,865,479,,545,3815,5879,,,,,,,,,,t3_calmveil|t3_thornmail
standard,108,r2,red,jungle,戰士,langwang,standard,1,5,0,0,11668,12135,11556,587.8,8.82,15.29,18.1,3,1,1,,3,748,1537,,1005,3848,7017,,,,,,,,,,t3_finalstring|t3_shieldbreaker
standard,108,r3,red,mid,法師,lieyan,standard,1,0,0,0,15274,9113,8662,440.6,10.96,19.13,,2,0,1,,2,1647,173,,632,3907,6073,,,,,,,,,,t3_psyward
standard,108,r4,red,adc,射手,liangzicz,standard,1,0,1,1,10748,7486,8839,449.7,10.08,17.32,,2,0,1,,2,1522,784,,1939,3682,6164,,,,,,,,,,t3_shieldbreaker|t3_rendspear
standard,108,r5,red,sup,坦克,tiemu,standard,1,1,0,4,5905,13409,11033,561.3,6.47,12.75,17.33,3,1,2,,3,430,601,,1053,4630,7841,,,,,,,,,,t3_calmveil|t3_thornmail
standard,109,b1,blue,top,坦克,thornwall,standard,0,0,4,0,9784,28489,9965,409.7,8.91,16.31,20.45,3,1,1,2,3,795,250,403,434,3745,5550,8033,6253,867,,,570,,342,,t3_calmveil|t3_thornmail
standard,109,b2,blue,jungle,戰士,anliuyouXia,standard,0,0,6,0,6884,20687,9660,397.1,9.26,18.33,,2,1,1,2,2,818,410,844,1479,3918,5840,8074,6253,304,,,95,1079,342,,t3_shieldbreaker|t3_finalstring
standard,109,b3,blue,mid,法師,shikong,standard,0,0,7,0,17751,16367,8834,363.2,11.83,20.45,,2,0,1,1,2,1457,230,1373,134,3717,5560,7453,6253,763,,,95,,342,,t3_psyward
standard,109,b4,blue,adc,射手,xingchen,standard,0,3,3,0,14603,13715,11263,463,9.94,18.63,21.41,3,1,1,2,3,177,236,930,283,3527,5436,8780,6253,665,1140,,570,,152,,t3_shieldbreaker|t3_rendspear
standard,109,b5,blue,sup,輔助,hexweave,standard,0,0,1,1,4888,19993,11299,464.5,6.77,12.75,16.2,4,1,2,3,4,244,693,859,899,4544,7423,9899,6253,440,,285,570,,342,2008,t3_calmveil
standard,109,r1,red,top,坦克,thornwall,standard,1,3,0,1,10476,24299,12118,498.2,8.22,13.86,18.71,4,1,2,3,4,81,107,267,568,3631,6557,9597,6253,788,1140,142,1045,,228,,t3_calmveil|t3_thornmail
standard,109,r2,red,jungle,戰士,anliuyouXia,standard,1,9,0,1,14952,18757,15664,643.9,8.38,14.45,17.23,4,1,2,3,4,663,281,524,2263,3763,7631,11874,6253,114,3420,285,95,1478,228,,t3_shieldbreaker|t3_finalstring
standard,109,r3,red,mid,法師,shikong,standard,1,2,2,1,24171,13727,11562,475.3,10.73,18.58,,2,0,1,2,2,1536,124,243,2162,3796,6624,8693,6253,1086,570,285,253,17,228,,t3_psyward
standard,109,r4,red,adc,射手,xingchen,standard,1,6,1,5,34955,9440,14230,585,10.74,17.02,21.21,4,0,1,2,4,1281,513,1059,1010,3441,6193,9309,6253,722,1140,712,253,,228,,t3_shieldbreaker|t3_rendspear
standard,109,r5,red,sup,輔助,hexweave,standard,1,1,0,2,4106,10371,13805,567.5,7.31,12.98,14.69,5,1,3,4,5,1394,277,470,605,4494,7977,11430,6253,253,570,285,1203,,228,2636,t3_calmveil
standard,110,b1,blue,top,坦克,tieshixin,standard,1,3,2,1,12761,26523,12101,491.9,10.51,15.08,20.82,4,0,1,2,4,1925,1185,360,451,3555,6035,7650,6253,665,,142,285,,304,,t3_calmveil|t3_thornmail
standard,110,b2,blue,jungle,刺客,razorwing,standard,1,1,1,0,4637,9890,11507,467.8,9.8,17.97,,2,1,1,2,2,446,1280,365,3076,3646,6610,8495,6253,209,,,760,969,304,,t3_finalstring
standard,110,b3,blue,mid,法師,xingjie,standard,1,2,5,2,24012,14971,11174,454.2,9.38,18.68,24.26,3,1,1,2,3,402,322,597,323,4252,6522,8147,6253,734,570,,285,,304,,t3_psyward
standard,110,b4,blue,adc,射手,dujian,standard,1,7,2,1,27713,13371,14400,585.4,8.83,15.01,19.14,4,1,1,3,4,547,1614,562,550,3897,6994,10462,6253,817,2280,285,522,,304,,t3_shieldbreaker|t3_rendspear
standard,110,b5,blue,sup,坦克,tiankong,standard,1,0,1,1,5752,21583,11939,485.3,6.67,13.72,18.22,4,1,2,3,4,989,560,653,638,4589,7800,10033,6253,234,,142,522,,304,2576,t3_calmveil|t3_thornmail
standard,110,r1,red,top,坦克,tieshixin,standard,0,2,0,2,11748,24048,11180,454.5,8.3,14.42,19.66,3,1,2,3,3,1023,303,282,2049,3973,6253,8932,6253,494,1140,570,475,,0,,t3_calmveil|t3_thornmail
standard,110,r2,red,jungle,刺客,razorwing,standard,0,2,3,0,5167,12959,11056,449.4,8.82,15.85,20.53,3,1,1,2,3,153,1286,796,1076,4053,6616,9226,6253,399,1140,,,1434,0,,t3_finalstring
standard,110,r3,red,mid,法師,xingjie,standard,0,4,5,0,26731,17246,12149,493.9,9.58,16.29,21.68,3,1,1,2,3,1035,190,520,248,4885,6690,9920,6253,1007,1710,,950,,0,,t3_psyward
standard,110,r4,red,adc,射手,dujian,standard,0,3,5,0,14542,14032,10591,430.5,10.07,19.65,24.26,3,0,1,2,3,1367,498,208,370,3527,5398,7108,6253,617,,,237,,0,,t3_shieldbreaker|t3_rendspear
standard,110,r5,red,sup,坦克,tiankong,standard,0,0,0,2,7898,22850,11474,466.4,6.63,11.92,18.56,3,1,2,3,3,306,368,164,1494,4506,7308,9664,6253,218,,570,712,,0,1909,t3_calmveil|t3_thornmail
standard,111,b1,blue,top,坦克,bingshouweis,standard,1,1,0,1,11954,22519,10890,460.8,9.39,14.69,21.23,3,1,2,2,3,846,265,730,860,3796,6215,8020,6253,864,,142,380,,380,,t3_calmveil|t3_thornmail
standard,111,b2,blue,jungle,刺客,jingxiang,standard,1,0,5,0,5459,11671,9873,417.7,9.03,17.88,,2,1,1,2,2,625,795,1193,1492,3825,6125,8373,6253,335,,,617,786,380,,t3_finalstring
standard,111,b3,blue,mid,法師,auralith,standard,1,3,3,2,18556,13688,11511,487.1,11.46,17.39,22.62,3,0,1,2,3,1561,519,843,361,3821,6719,9293,6253,760,1140,142,617,,380,,t3_psyward
standard,111,b4,blue,adc,射手,tianfa,standard,1,6,8,1,21091,13406,12860,544.2,9.47,15.87,21.16,3,1,1,2,3,215,817,1220,1060,3565,6617,9800,6253,554,1710,285,617,,380,,t3_shieldbreaker|t3_rendspear
standard,111,b5,blue,sup,坦克,shiqiang,standard,1,0,1,1,6467,19998,11428,483.5,6.74,13.33,18.45,3,1,2,3,3,622,322,1465,1447,4522,7262,10065,6253,145,,285,1092,,380,1908,t3_calmveil|t3_thornmail
standard,111,r1,red,top,坦克,bingshouweis,standard,0,4,0,0,13114,23729,12512,529.4,8.98,13.66,18.73,4,1,2,3,4,909,223,876,261,3859,6633,10306,6253,1045,1710,,1108,,190,,t3_calmveil|t3_thornmail
standard,111,r2,red,jungle,刺客,jingxiang,standard,0,2,2,1,5578,10126,11418,483.1,7.47,14.68,22.38,3,1,2,2,3,182,188,1663,537,4382,6888,9793,6253,427,1140,285,237,1259,190,,t3_finalstring
standard,111,r3,red,mid,法師,auralith,standard,0,1,2,0,15614,14788,10286,435.2,11.33,18.51,,2,0,1,2,2,1390,233,494,886,3650,5563,8524,6253,1064,570,,395,51,190,,t3_psyward
standard,111,r4,red,adc,射手,tianfa,standard,0,9,5,0,25406,14358,13500,571.2,10.63,17.5,20.78,3,0,1,2,3,1224,289,795,1699,3384,5189,9375,6253,684,2280,,158,,0,,t3_shieldbreaker|t3_rendspear
standard,111,r5,red,sup,坦克,shiqiang,standard,0,1,1,1,6697,22213,11617,491.6,7.46,12.44,17.98,4,1,2,3,4,810,426,1202,317,5010,7366,10102,6253,237,570,,950,,190,1901,t3_calmveil|t3_thornmail
standard,112,b1,blue,top,坦克,tiankong,standard,0,1,3,0,9474,21790,8354,400.4,9.57,15.02,20.84,3,1,1,2,3,700,592,447,204,3650,5892,8077,6253,703,570,,475,,76,,t3_calmveil|t3_thornmail
standard,112,b2,blue,jungle,刺客,guihuo,standard,0,1,4,0,3750,8907,8628,413.5,11.36,15.93,,2,0,1,2,2,2714,982,271,548,4644,6562,8351,6253,304,570,,,1147,76,,t3_finalstring
standard,112,b3,blue,mid,法師,xingjie,standard,0,0,6,1,9868,13577,8240,394.9,10.73,19.7,,2,0,1,2,2,1523,311,328,110,3783,5911,7678,6253,874,,,475,,76,,t3_psyward
standard,112,b4,blue,adc,射手,dawnstrike,standard,0,4,5,0,12344,9612,10302,493.7,9.84,18.05,20.67,3,1,1,2,3,243,480,605,281,3593,5560,9455,6253,703,1710,,712,,76,,t3_shieldbreaker|t3_rendspear
standard,112,b5,blue,sup,輔助,tianshi,standard,0,1,2,0,4221,15016,9366,448.9,6.48,11.43,17.15,3,1,2,3,3,301,406,509,326,4601,7436,9089,6253,304,570,,237,,76,1648,t3_calmveil
standard,112,r1,red,top,坦克,tiankong,standard,1,6,0,0,13264,18331,12895,618,8.87,12.31,16.7,4,1,2,3,4,974,980,1776,745,4524,8210,11706,6253,874,3420,,475,,684,,t3_calmveil|t3_thornmail
standard,112,r2,red,jungle,刺客,guihuo,standard,1,2,0,3,7661,9589,11305,541.8,8.65,13.71,20.59,3,1,2,2,3,1959,660,2413,705,5159,7790,10743,6253,361,1140,712,475,1117,684,,t3_finalstring
standard,112,r3,red,mid,法師,xingjie,standard,1,3,3,2,11174,12205,11641,557.9,9.9,16.83,20.67,3,1,1,2,3,418,767,1109,311,4268,6367,10509,6253,1054,1140,427,950,,684,,t3_psyward
standard,112,r4,red,adc,射手,dawnstrike,standard,1,9,3,1,20981,8333,14349,687.6,10.18,16.19,18.12,3,0,1,3,3,1604,1257,533,2548,3764,6937,12333,6253,646,3990,285,475,,684,,t3_shieldbreaker|t3_rendspear
standard,112,r5,red,sup,輔助,tianshi,standard,1,0,1,3,6380,10003,11172,535.4,7.86,13.14,16.2,3,1,2,3,3,201,512,1470,2592,4801,7542,10050,6253,218,,570,475,,684,1849,t3_calmveil
standard,113,b1,blue,top,坦克,shengdun,standard,1,0,0,1,12933,19512,8623,422.7,8.86,14.06,,2,1,2,2,2,518,331,1075,1393,4068,6481,8305,6253,931,,285,380,,456,,t3_calmveil|t3_thornmail
standard,113,b2,blue,jungle,刺客,yingsi,standard,1,5,1,0,7415,11538,12057,591,8.32,14.92,19.22,3,1,2,3,3,654,63,569,977,4504,7613,11169,6253,399,2280,,855,925,456,,t3_finalstring
standard,113,b3,blue,mid,法師,auralith,standard,1,0,2,0,10428,11298,8072,395.7,10.88,19.45,,2,0,1,2,2,1295,292,204,522,3555,5892,7754,6253,665,,,380,,456,,t3_psyward
standard,113,b4,blue,adc,射手,hanbing,standard,1,2,2,0,12717,7841,9051,443.7,11.58,19.41,,2,0,1,2,2,1405,165,783,1100,3565,5845,8733,6253,503,1140,,380,,456,,t3_shieldbreaker|t3_rendspear
standard,113,b5,blue,sup,輔助,linghun,standard,1,0,0,0,5438,11988,9932,486.8,7.58,11.44,15.74,3,1,2,3,3,1192,836,574,891,4592,7866,9614,6253,161,,,855,,456,1887,t3_calmveil
standard,113,r1,red,top,坦克,shengdun,standard,0,0,0,0,12821,21775,8072,395.7,7.89,14.74,,2,1,2,2,2,871,308,676,842,3821,6158,7906,6253,1026,,,475,,152,,t3_calmveil|t3_thornmail
standard,113,r2,red,jungle,刺客,yingsi,standard,0,1,4,0,8008,10117,8841,433.4,8.62,17.72,,2,1,1,2,2,203,458,683,811,4053,6038,8713,6253,266,570,,,1471,152,,t3_finalstring
standard,113,r3,red,mid,法師,auralith,standard,0,1,1,0,12167,12618,8547,419,10.41,18.11,,2,0,1,2,2,1637,490,269,397,3897,6690,8419,6253,969,570,,475,,152,,t3_psyward
standard,113,r4,red,adc,射手,hanbing,standard,0,2,2,0,8546,8308,8956,439,9.74,18.43,,2,1,1,2,2,91,47,878,1005,3441,5427,8828,6253,570,1140,,712,,152,,t3_shieldbreaker|t3_rendspear
standard,113,r5,red,sup,輔助,linghun,standard,0,1,0,0,5382,11518,9773,479.1,6.36,11.22,16.77,3,1,2,3,3,620,1296,605,733,4620,7176,9645,6253,361,570,,237,,152,2071,t3_calmveil
standard,114,b1,blue,top,坦克,xukong,standard,0,2,3,0,12991,24318,11131,450.9,8.71,14.28,20.88,3,1,2,2,3,871,455,768,1100,3821,6405,8058,6253,779,570,,190,,266,,t3_calmveil|t3_thornmail
standard,114,b2,blue,jungle,刺客,youming,standard,0,0,2,1,5144,10159,9866,399.7,9.44,17.56,23.98,3,1,1,2,3,583,805,313,366,3783,6135,7913,6253,202,,,190,1000,266,,t3_finalstring
standard,114,b3,blue,mid,法師,xingjie,standard,0,1,4,0,16742,15429,11086,449.1,11.28,17.89,23.93,3,0,1,2,3,1599,285,1035,536,3859,6785,9065,6253,1026,570,,1140,,76,,t3_psyward
standard,114,b4,blue,adc,射手,xuanfeng,standard,0,8,2,1,35903,14102,14544,589.2,8.9,17.18,20.32,4,1,1,2,4,471,354,1972,1324,3821,5854,10072,6253,893,1710,285,665,,266,,t3_shieldbreaker|t3_rendspear
standard,114,b5,blue,sup,坦克,shengdun,standard,0,1,2,1,6441,24521,11971,485,7.8,12.13,18.27,4,1,2,3,4,497,136,276,371,4697,7376,9656,6253,291,,,190,77,266,2577,t3_calmveil|t3_thornmail
standard,114,r1,red,top,坦克,xukong,standard,1,3,2,0,10411,26275,12511,506.9,8.54,13.68,19.11,4,1,2,3,4,719,316,565,861,3669,7026,9515,6253,848,1710,,475,,228,,t3_calmveil|t3_thornmail
standard,114,r2,red,jungle,刺客,youming,standard,1,2,1,1,11710,14573,11810,478.5,7.88,13.48,20.09,3,1,2,2,3,791,193,1254,930,4691,7373,9684,6253,551,1140,285,,1226,228,,t3_finalstring
standard,114,r3,red,mid,法師,xingjie,standard,1,3,5,0,16340,15117,11808,478.4,12.34,20.13,24.53,3,0,1,1,3,1257,352,1248,378,3517,5382,7748,6253,791,,,475,,228,,t3_psyward
standard,114,r4,red,adc,射手,xuanfeng,standard,1,4,3,0,24236,12127,11818,478.8,9.98,19.93,23.99,3,1,1,2,3,44,49,82,1297,3394,5249,7282,6253,801,,,,,228,,t3_shieldbreaker|t3_rendspear
standard,114,r5,red,sup,坦克,shengdun,standard,1,1,1,1,6812,22710,13327,539.9,7.29,13.49,18.21,4,1,2,3,4,259,576,438,1127,4459,7356,9818,6253,237,,,475,,228,2624,t3_calmveil|t3_thornmail
standard,115,b1,blue,top,坦克,tiemu,standard,0,0,4,1,29357,68735,16797,384.7,8.62,14.79,21.21,5,1,2,2,5,776,289,999,3247,3726,6139,8229,6253,627,,,1045,,304,,t3_calmveil|t3_thornmail
standard,115,b2,blue,jungle,刺客,yueying,standard,0,5,12,0,24490,34445,20205,462.7,9.18,17.08,23.88,5,1,1,2,5,732,789,689,4955,3932,6369,8239,6253,133,,,332,1216,304,,t3_finalstring
standard,115,b3,blue,mid,法師,auralith,standard,0,19,13,1,69099,34760,27270,624.5,10.17,17.11,22.61,5,0,1,2,5,1675,67,344,11119,3935,6567,9094,6253,779,1140,285,332,,304,,t3_psyward
standard,115,b4,blue,adc,射手,phantom,standard,0,26,16,1,146490,29146,31149,713.3,11.36,17.16,20.9,5,0,1,2,5,1623,427,232,15548,3783,5807,9132,6253,627,1140,,807,,304,,t3_shieldbreaker|t3_rendspear
standard,115,b5,blue,sup,輔助,fuwenbianzhi,standard,0,0,8,7,27167,45413,19436,445.1,6.48,12.02,16.13,5,1,2,3,5,996,352,280,6236,4696,7382,9320,6253,190,,285,332,,304,1955,t3_calmveil
standard,115,r1,red,top,坦克,tiemu,standard,1,6,5,2,38211,72578,21321,488.3,9.57,15.48,20.27,5,1,1,2,5,637,681,1732,7770,3587,5981,8962,6253,639,570,285,950,17,247,,t3_calmveil|t3_thornmail
standard,115,r2,red,jungle,刺客,yueying,standard,1,8,7,1,29598,32170,22788,521.9,9,15.94,22.05,5,1,1,2,5,820,959,1030,7537,4020,6539,9360,6253,440,1140,,,1374,152,,t3_finalstring
standard,115,r3,red,mid,法師,auralith,standard,1,16,17,1,71156,33513,26161,599.1,11.52,18.93,26.79,5,0,1,2,5,1339,109,366,10011,3599,5309,7716,6253,740,,,475,,247,,t3_psyward
standard,115,r4,red,adc,射手,phantom,standard,1,23,16,2,150924,26823,30484,698.1,9.5,18.43,22.61,5,1,1,2,5,215,341,167,14883,3565,5541,8147,6253,696,,,950,,247,,t3_shieldbreaker|t3_rendspear
standard,115,r5,red,sup,輔助,fuwenbianzhi,standard,1,0,5,6,25100,38394,20279,464.4,6.01,12.39,19.27,5,1,2,3,5,775,790,613,7079,4475,7040,9653,6253,218,,285,475,,247,2173,t3_calmveil
standard,116,b1,blue,top,坦克,longji,standard,0,0,3,0,7175,27243,8985,361.3,9.8,15.66,22.93,3,1,1,2,3,529,364,101,55,3479,5664,7431,6253,627,,,475,,76,,t3_calmveil|t3_thornmail
standard,116,b2,blue,jungle,刺客,yeiren,standard,0,1,6,0,8697,13990,10270,413,8.85,17.61,,2,1,1,2,2,511,631,346,2189,3711,5911,7776,6253,468,,,,978,76,,t3_finalstring
standard,116,b3,blue,mid,法師,ronghuo,standard,0,2,4,3,17060,15737,11408,458.8,11.03,18.83,23.33,3,0,1,2,3,1333,625,157,1257,3593,5455,9037,6253,760,1140,570,237,,76,,t3_psyward
standard,116,b4,blue,adc,射手,huanying,standard,0,6,1,0,25434,10212,12405,498.9,10.82,16.68,21.88,3,0,1,2,3,1652,246,215,2385,3812,5446,9065,6253,788,1710,,237,,76,,t3_shieldbreaker|t3_rendspear
standard,116,b5,blue,sup,輔助,mantra,standard,0,0,5,0,5356,20686,11601,466.5,6.26,12.01,16.45,4,1,2,3,4,617,321,990,151,4617,7351,10030,6253,319,,,1425,,76,1956,t3_calmveil
standard,116,r1,red,top,坦克,longji,standard,1,4,1,0,11064,27652,12405,498.9,8.52,12.53,17.49,4,1,2,3,4,548,231,628,855,3498,6861,9958,6253,589,2280,,380,,456,,t3_calmveil|t3_thornmail
standard,116,r2,red,jungle,刺客,yeiren,standard,1,4,3,1,8053,14171,13606,547.2,8.93,15.38,18.83,4,1,1,3,4,648,2003,842,856,3848,7583,10972,6253,152,1710,285,855,1260,456,,t3_finalstring
standard,116,r3,red,mid,法師,ronghuo,standard,1,3,4,1,18682,13175,11886,478,11.24,18.93,,2,0,1,2,2,1384,341,445,2485,3644,5791,7995,6253,620,,285,380,,456,,t3_psyward
standard,116,r4,red,adc,射手,huanying,standard,1,7,1,2,26917,10093,15046,605.1,10.04,17.13,21.42,4,0,1,2,4,1433,459,317,1196,3593,6139,9217,6253,798,570,285,855,,456,,t3_shieldbreaker|t3_rendspear
standard,116,r5,red,sup,輔助,mantra,standard,1,1,0,5,7582,15612,13855,557.2,8.12,13.67,16.15,5,1,2,3,5,1037,483,1836,655,4437,7513,10876,6253,196,,1140,855,,456,1975,t3_calmveil
standard,117,b1,blue,top,坦克,dadi,standard,0,0,3,0,8704,21095,7893,377.5,7.68,16.78,,2,1,1,2,2,757,267,172,462,3707,5417,7602,6253,798,,,475,,76,,t3_calmveil|t3_thornmail
standard,117,b2,blue,jungle,刺客,duskblade,standard,0,0,5,0,4681,10262,7867,376.3,9.09,18.23,,2,1,1,2,2,581,723,397,387,3781,5703,7577,6253,408,,,,839,76,,t3_finalstring
standard,117,b3,blue,mid,法師,gambler,standard,0,0,3,1,13684,12107,8200,392.2,11.33,19.08,,2,0,1,2,2,1403,409,559,369,3663,5439,7909,6253,820,,285,475,,76,,t3_psyward
standard,117,b4,blue,adc,射手,guangsu,standard,0,1,3,0,10061,10504,8827,422.2,9.39,18.1,,2,1,1,2,2,380,221,212,377,3730,5421,8062,6253,636,570,,475,51,76,,t3_shieldbreaker|t3_rendspear
standard,117,b5,blue,sup,坦克,tiebi,standard,0,1,2,0,5743,16444,10191,487.4,8.28,13.05,15.85,3,1,2,3,3,370,386,320,610,4570,7486,9900,6253,186,570,,475,,76,2339,t3_calmveil|t3_thornmail
standard,117,r1,red,top,坦克,dadi,standard,1,5,0,2,13431,19195,12538,599.7,7.68,12.02,18.23,4,1,2,3,4,441,582,1885,888,4391,7412,11915,6253,1216,2850,285,855,,456,,t3_calmveil|t3_thornmail
standard,117,r2,red,jungle,刺客,duskblade,standard,1,2,0,1,6860,7827,10199,487.8,8.28,16.71,,2,1,1,2,2,658,1370,1152,1768,3858,6700,9582,6253,152,1140,142,380,1057,456,,t3_finalstring
standard,117,r3,red,mid,法師,gambler,standard,1,2,1,2,10244,10422,10163,486.1,9.72,16.78,,2,1,1,2,2,218,213,703,763,4068,6443,9683,6253,551,1140,427,855,,456,,t3_psyward
standard,117,r4,red,adc,射手,guangsu,standard,1,7,1,2,17029,8636,12586,601.9,9.48,14.98,19.02,3,1,2,3,3,243,213,745,785,3593,7593,10965,6253,503,2850,285,617,,456,,t3_shieldbreaker|t3_rendspear
standard,117,r5,red,sup,坦克,tiebi,standard,1,0,0,5,5921,15687,11828,565.7,7.24,13.29,15.85,3,1,2,3,3,705,905,750,1847,4905,8145,10730,6253,123,,855,617,,456,2424,t3_calmveil|t3_thornmail
standard,118,b1,blue,top,坦克,suishan,standard,1,1,0,0,10291,22856,10379,456.9,9.92,16.63,19.38,3,1,1,3,3,691,298,254,749,3641,5398,9284,6253,731,570,,1425,,304,,t3_calmveil|t3_thornmail
standard,118,b2,blue,jungle,刺客,binghe,standard,1,0,3,1,5236,11005,9071,399.3,9.72,18.33,,2,1,1,2,2,500,749,363,641,3700,5729,7843,6253,430,,142,,712,304,,t3_finalstring
standard,118,b3,blue,mid,法師,ronghuo,standard,1,1,5,1,16498,16024,10351,455.6,10.28,17.02,,2,0,1,2,2,1789,292,308,1270,4049,5892,8818,6253,931,570,285,475,,304,,t3_psyward
standard,118,b4,blue,adc,射手,mori,standard,1,4,3,0,18161,12754,11535,507.8,10.22,16.84,21.32,3,0,1,2,3,2003,601,385,554,4163,6101,8235,6253,836,570,,237,34,304,,t3_shieldbreaker|t3_rendspear
standard,118,b5,blue,sup,坦克,tiemu,standard,1,0,2,1,7070,22243,11024,485.3,6.77,13.49,18.11,3,1,2,3,3,161,624,148,644,4611,7104,9948,6253,300,,142,237,60,304,2649,t3_calmveil|t3_thornmail
standard,118,r1,red,top,坦克,suishan,standard,0,4,0,1,12014,20253,11209,493.4,9.11,14.79,19.13,3,1,2,3,3,643,136,477,1178,3593,6966,9607,6253,684,1710,142,665,,152,,t3_calmveil|t3_thornmail
standard,118,r2,red,jungle,刺客,binghe,standard,0,2,2,0,7145,10999,10612,467.1,8.55,17.29,21.45,3,1,1,2,3,665,1392,976,631,3865,6722,9406,6253,114,1140,,190,1557,152,,t3_finalstring
standard,118,r3,red,mid,法師,ronghuo,standard,0,2,1,0,15740,12913,10897,479.7,10.94,15.46,22.48,3,0,1,2,3,1479,887,285,347,3739,7387,9685,6253,931,1140,,1140,68,152,,t3_psyward
standard,118,r4,red,adc,射手,mori,standard,0,5,3,2,22818,11893,11757,517.5,10.19,17.42,21.32,3,0,1,2,3,1604,326,1993,606,3764,6006,9673,6253,1083,1710,285,190,,152,,t3_shieldbreaker|t3_rendspear
standard,118,r5,red,sup,坦克,tiemu,standard,0,0,0,5,6310,18485,11387,501.3,6.6,12.21,17.82,3,1,2,3,3,606,517,313,1407,4506,7457,9813,6253,152,,712,665,,152,1878,t3_calmveil|t3_thornmail
standard,119,b1,blue,top,坦克,stoneguard,standard,1,0,2,0,7748,27283,9790,405.7,8.81,15.6,23.11,3,1,1,2,3,681,535,404,459,3631,5835,7634,6253,817,,,285,,278,,t3_calmveil|t3_thornmail
standard,119,b2,blue,jungle,刺客,shanying,standard,1,0,5,0,6922,12844,9763,404.6,9.66,17.21,,2,1,1,2,2,476,391,501,1683,3676,5971,7931,6253,247,,,285,994,152,,t3_finalstring
standard,119,b3,blue,mid,法師,gambler,standard,1,2,4,0,20419,14428,10930,452.9,10.33,18.63,23.89,3,0,1,2,3,1400,235,387,279,3660,5835,8717,6253,855,570,,760,,278,,t3_psyward
standard,119,b4,blue,adc,射手,liuxing,standard,1,5,7,0,23474,11267,11994,497,10.36,19.19,23.57,3,0,1,2,3,1357,546,181,1673,3517,5626,7501,6253,684,,,285,,278,,t3_shieldbreaker|t3_rendspear
standard,119,b5,blue,sup,輔助,luminary,standard,1,1,2,0,6297,17904,12064,499.9,6,11.22,15.19,4,1,2,3,4,1135,731,1267,1183,4535,7761,10307,6253,209,570,,1235,,152,1887,t3_calmveil
standard,119,r1,red,top,坦克,stoneguard,standard,0,8,0,1,14563,24419,14473,599.7,9.3,15.6,18.72,5,1,1,3,5,624,516,470,923,3574,5816,9920,6253,608,2280,,475,,304,,t3_calmveil|t3_thornmail
standard,119,r2,red,jungle,刺客,shanying,standard,0,1,2,2,8384,13471,11604,480.8,7.95,16.39,22.38,3,1,1,2,3,211,829,324,523,4061,6409,8654,6253,411,,,237,1447,304,,t3_finalstring
standard,119,r3,red,mid,法師,gambler,standard,0,5,3,2,20504,16049,12630,523.4,10.83,17.75,23.57,3,0,1,2,3,1333,362,267,1030,3593,5512,8717,6253,829,570,285,475,,304,,t3_psyward
standard,119,r4,red,adc,射手,liuxing,standard,0,5,3,1,22780,10762,12136,502.9,9.07,17.34,22.68,3,1,1,2,3,405,473,309,336,3755,5553,8859,6253,877,1140,285,,,304,,t3_shieldbreaker|t3_rendspear
standard,119,r5,red,sup,輔助,luminary,standard,0,1,0,7,7569,15799,13679,566.8,5.99,11.66,15.81,4,1,2,3,4,254,895,1986,2228,4554,7925,11026,6253,199,570,570,1187,,304,1941,t3_calmveil
standard,120,b1,blue,top,坦克,ironclad,standard,0,0,2,0,9636,22534,7489,349,9.13,17.93,,2,1,1,2,2,662,163,754,358,3612,5313,7004,6253,750,,,,,0,,t3_calmveil|t3_thornmail
standard,120,b2,blue,jungle,戰士,langwang,standard,0,0,4,0,4850,17337,8156,380.1,8.69,18.1,,2,1,1,2,2,649,568,187,406,3749,5748,7587,6253,256,,,,1077,0,,t3_finalstring|t3_shieldbreaker
standard,120,b3,blue,mid,法師,ronghuo,standard,0,0,3,0,14410,14006,8027,374.1,11.3,20.01,,2,0,1,1,2,1476,59,1456,196,3736,5389,7536,6253,807,,,475,,0,,t3_psyward
standard,120,b4,blue,adc,射手,shensheng,standard,0,0,4,0,9294,9791,7577,353.1,10.89,20.02,,2,0,1,1,2,1224,308,1280,197,3384,5208,7080,6253,589,,,237,,0,,t3_shieldbreaker|t3_rendspear
standard,120,b5,blue,sup,坦克,tiankong,standard,0,0,1,0,4358,18455,10321,481,7.68,13.51,17.35,3,1,2,3,3,625,286,212,741,4525,7366,9792,6253,294,,,1187,,0,2056,t3_calmveil|t3_thornmail
standard,120,r1,red,top,坦克,ironclad,standard,1,2,0,1,10682,18270,10931,509.4,9.39,13.96,19.33,3,1,2,3,3,713,415,370,1501,3663,6665,9800,6253,826,1140,142,855,51,532,,t3_calmveil|t3_thornmail
standard,120,r2,red,jungle,戰士,langwang,standard,1,6,0,0,13451,11997,12807,596.8,8.06,13.11,18.29,3,1,2,3,3,542,1216,1567,2256,4342,8016,12117,6253,351,3420,,380,1179,532,,t3_finalstring|t3_shieldbreaker
standard,120,r3,red,mid,法師,ronghuo,standard,1,1,0,3,17357,10056,9940,463.2,10.6,18.45,,2,0,1,2,2,1314,264,1696,659,3574,5864,9246,6253,513,570,522,855,,532,,t3_psyward
standard,120,r4,red,adc,射手,shensheng,standard,1,4,0,3,22731,9174,12429,579.2,10.1,16.47,19.5,3,0,1,3,3,1547,263,163,628,3707,6063,10063,6253,855,570,522,1330,,532,,t3_shieldbreaker|t3_rendspear
standard,120,r5,red,sup,坦克,tiankong,standard,1,1,0,5,6565,15902,12155,566.4,7.23,13.09,16.67,4,1,2,4,4,377,800,199,554,4877,8040,11499,6253,228,570,1092,380,,532,2443,t3_calmveil|t3_thornmail
standard,121,b1,blue,top,坦克,tieshixin,standard,0,0,1,0,9794,22773,8452,390.8,9.24,17.58,21.2,3,1,1,2,3,555,327,164,201,3505,5177,7894,6253,570,,,950,26,95,,t3_calmveil|t3_thornmail
standard,121,b2,blue,jungle,戰士,jingci,standard,0,1,1,0,7355,14472,8923,412.6,9.24,18.15,,2,1,1,2,2,681,789,113,692,3781,5789,7693,6253,361,,,,983,95,,t3_finalstring|t3_shieldbreaker
standard,121,b3,blue,mid,法師,gambler,standard,0,1,3,0,10129,15033,9337,431.8,10.58,17.89,,2,0,1,2,2,1428,439,113,807,3688,5949,8343,6253,950,570,,475,,95,,t3_psyward
standard,121,b4,blue,adc,射手,liangzicz,standard,0,0,3,1,9146,11506,7817,361.5,9.32,20.17,,2,1,1,1,2,272,122,1213,17,3622,5322,7013,6253,665,,,,,95,,t3_shieldbreaker|t3_rendspear
standard,121,b5,blue,sup,坦克,tiemu,standard,0,0,1,0,4739,16642,10536,487.2,7.59,13.52,18.91,3,1,2,3,3,335,274,1479,955,4535,7354,9979,6253,228,,,1425,17,0,2055,t3_calmveil|t3_thornmail
standard,121,r1,red,top,坦克,tieshixin,standard,1,3,0,0,15232,19993,11104,513.5,8.57,14.43,18.62,3,1,2,3,3,662,303,224,1074,3612,6253,9654,6253,665,1140,,1140,,456,,t3_calmveil|t3_thornmail
standard,121,r2,red,jungle,戰士,jingci,standard,1,2,0,2,6925,11463,11213,518.5,8.94,16,20.41,3,1,1,2,3,953,1130,2868,833,4053,6610,9668,6253,202,570,427,190,1568,456,,t3_finalstring|t3_shieldbreaker
standard,121,r3,red,mid,法師,gambler,standard,1,2,2,2,12765,12447,10791,499,10.34,17.89,21.6,3,0,1,2,3,1542,448,361,240,3802,6348,9341,6253,969,570,427,665,,456,,t3_psyward
standard,121,r4,red,adc,射手,liangzicz,standard,1,2,0,2,19011,9469,10031,463.9,11.44,17.94,,2,0,1,2,2,1367,379,162,1450,3527,5759,8742,6253,465,1140,,427,,456,,t3_shieldbreaker|t3_rendspear
standard,121,r5,red,sup,坦克,tiemu,standard,1,0,0,2,6418,14346,11517,532.6,7.14,12.86,18.92,3,1,2,3,3,682,458,534,1537,4582,7398,10514,6253,243,,285,1377,,456,1898,t3_calmveil|t3_thornmail
standard,122,b1,blue,top,坦克,bingshouweis,standard,0,0,4,0,6431,22332,8394,392.1,9.64,17.04,20.83,3,1,1,2,3,415,344,314,244,3365,5094,7944,6253,741,,,950,,0,,t3_calmveil|t3_thornmail
standard,122,b2,blue,jungle,戰士,greymantle,standard,0,0,3,0,7226,15690,8113,379,9.08,17.69,,2,1,1,2,2,633,156,231,483,3733,5706,7561,6253,329,,,,978,0,,t3_shieldbreaker|t3_finalstring
standard,122,b3,blue,mid,法師,leiming,standard,0,1,4,0,12290,15208,8730,407.8,10.57,19.15,,2,0,1,2,2,1485,325,322,329,3745,5655,7672,6253,1181,,,237,,0,,t3_psyward
standard,122,b4,blue,adc,射手,xingchen,standard,0,1,5,1,14006,12317,8461,395.2,11.55,17.7,,2,0,1,2,2,1186,535,286,360,3346,5085,7156,6253,427,,,475,,0,,t3_shieldbreaker|t3_rendspear
standard,122,b5,blue,sup,輔助,shengguang,standard,0,0,4,0,2733,15306,10189,476,7.98,13.05,17.47,3,1,2,3,3,130,543,329,1729,4430,6793,8789,6253,208,,,237,,0,2089,t3_calmveil
standard,122,r1,red,top,坦克,bingshouweis,standard,1,1,0,1,10326,17843,10057,469.8,9.06,14.58,18.39,3,1,2,3,3,567,394,87,726,3517,6244,9417,6253,636,570,285,1140,,532,,t3_calmveil|t3_thornmail
standard,122,r2,red,jungle,戰士,greymantle,standard,1,9,0,0,12729,14641,14739,688.5,8.67,12.19,15.2,4,1,2,4,4,294,2075,562,1338,4644,10325,13962,6253,228,5130,,665,1153,532,,t3_shieldbreaker|t3_finalstring
standard,122,r3,red,mid,法師,leiming,standard,1,1,1,1,15035,9982,9943,464.4,11.47,16.12,,2,0,1,2,2,1409,258,803,542,3669,6158,9303,6253,760,570,285,902,,532,,t3_psyward
standard,122,r4,red,adc,射手,xingchen,standard,1,9,1,2,26566,8627,14408,673,8.14,16.51,19.51,4,1,1,3,4,173,1115,258,1187,4173,6795,12058,6253,617,3420,570,665,,532,,t3_shieldbreaker|t3_rendspear
standard,122,r5,red,sup,輔助,shengguang,standard,1,0,0,0,4169,12626,10547,492.6,6.82,12.48,18.75,3,1,2,3,3,311,302,771,1316,4611,7332,9431,6253,266,,,427,,532,1952,t3_calmveil
standard,123,b1,blue,top,坦克,tiebi,standard,0,0,2,1,7976,24920,8859,395.3,9.92,15.88,,2,1,1,2,2,472,453,822,1629,3422,5753,8052,6253,598,,285,712,,202,,t3_calmveil|t3_thornmail
standard,123,b2,blue,jungle,戰士,chichuan,standard,0,0,1,0,7585,13442,8566,382.3,8.57,19.12,,2,1,1,2,2,676,408,394,615,3776,5838,7744,6253,399,,,,889,202,,t3_shieldbreaker|t3_finalstring
standard,123,b3,blue,mid,法師,haixiao,standard,0,1,4,0,11161,12681,9182,409.8,11.3,19.18,,2,0,1,2,2,1390,242,388,202,3650,5392,7938,6253,801,570,,237,,76,,t3_psyward
standard,123,b4,blue,adc,射手,dujian,standard,0,10,6,0,23070,9865,13900,620.3,9.39,15.92,18.04,4,1,1,3,4,823,754,965,300,4173,6434,11915,6253,788,4560,,237,,76,,t3_shieldbreaker|t3_rendspear
standard,123,b5,blue,sup,輔助,mingyunyindao,standard,0,0,1,3,9153,18897,10995,490.6,6.07,12.18,15.9,4,1,2,3,4,482,535,1147,114,4782,7565,10187,6253,338,,855,712,,202,1825,t3_calmveil
standard,123,r1,red,top,坦克,tiebi,standard,1,4,0,0,11925,21516,11174,498.6,8.6,13.04,19.15,3,1,2,3,3,558,383,905,1243,3508,6833,9455,6253,636,1710,,475,,380,,t3_calmveil|t3_thornmail
standard,123,r2,red,jungle,戰士,chichuan,standard,1,2,0,0,11676,14171,11261,502.5,8.93,15.88,21.48,3,1,1,2,3,189,1231,1485,330,3939,6361,8835,6253,209,,,475,1517,380,,t3_shieldbreaker|t3_finalstring
standard,123,r3,red,mid,法師,haixiao,standard,1,2,3,1,18292,12195,10721,478.4,11.28,17.48,,2,0,1,2,2,1384,651,339,1321,3644,6551,8489,6253,668,570,142,475,,380,,t3_psyward
standard,123,r4,red,adc,射手,dujian,standard,1,6,7,2,19904,10046,13368,596.6,10.77,16.85,19.1,4,0,1,3,4,1357,744,969,468,3517,6424,11269,6253,836,2280,570,950,,380,,t3_shieldbreaker|t3_rendspear
standard,123,r5,red,sup,輔助,mingyunyindao,standard,1,0,1,2,6328,12224,10735,479.1,6.87,12.02,16.18,3,1,2,3,3,503,295,1106,1505,4503,7325,9586,6253,120,,427,475,,380,1930,t3_calmveil
standard,124,b1,blue,top,坦克,shengdun,standard,1,0,0,0,8875,23294,9456,414,9.13,15.18,21.64,3,1,1,2,3,795,587,920,505,3745,5987,8210,6253,912,,,665,,380,,t3_calmveil|t3_thornmail
standard,124,b2,blue,jungle,戰士,leimingcf,standard,1,1,5,0,7174,14842,9817,429.8,8.77,18.27,,2,1,1,2,2,843,978,455,1586,3943,6158,8685,6253,266,570,,190,1026,380,,t3_finalstring|t3_shieldbreaker
standard,124,b3,blue,mid,法師,leiming,standard,1,4,3,1,22470,13963,11850,518.8,9.68,15.75,21.68,3,1,1,2,3,541,1045,748,519,4391,7545,10148,6253,855,1710,285,665,,380,,t3_psyward
standard,124,b4,blue,adc,射手,tianfa,standard,1,3,4,0,21176,10504,11654,510.2,10.08,16.45,20.68,3,0,1,2,3,1424,197,97,674,3584,5997,8847,6253,598,,,1615,,380,,t3_shieldbreaker|t3_rendspear
standard,124,b5,blue,sup,坦克,shiqiang,standard,1,0,3,0,6473,20723,10195,446.4,6.69,12.91,18.83,3,1,2,3,3,673,258,198,695,4573,7198,9098,6253,294,,,190,,380,1980,t3_calmveil|t3_thornmail
standard,124,r1,red,top,坦克,shengdun,standard,0,3,0,0,13884,25790,10783,472.1,8.05,14.55,20.75,3,1,2,2,3,757,189,1262,1653,3707,6139,8552,6253,1102,570,,475,,152,,t3_calmveil|t3_thornmail
standard,124,r2,red,jungle,戰士,leimingcf,standard,0,7,1,2,12224,18225,14507,635.1,8.07,13.98,18.36,4,1,2,3,4,823,168,799,1207,3923,7868,11829,6253,570,3420,,,1434,152,,t3_finalstring|t3_shieldbreaker
standard,124,r3,red,mid,法師,leiming,standard,0,1,4,1,17043,13660,9539,417.6,10.82,17.78,,2,0,1,2,2,1466,783,105,488,3726,5933,8555,6253,820,570,285,475,,152,,t3_psyward
standard,124,r4,red,adc,射手,tianfa,standard,0,2,3,2,14281,11987,10628,465.3,10.85,17.33,22.03,3,0,1,2,3,1405,75,248,408,3565,5275,8828,6253,617,570,285,950,,152,,t3_shieldbreaker|t3_rendspear
standard,124,r5,red,sup,坦克,shiqiang,standard,0,2,0,2,7996,20514,11163,488.7,7.72,11.73,18.69,3,1,2,3,3,16,125,513,1183,4516,7365,9113,6253,272,570,,,,152,1865,t3_calmveil|t3_thornmail
standard,125,b1,blue,top,坦克,shiqiang,standard,0,1,4,1,10311,28521,9667,400.9,8.69,14.35,21.18,3,1,2,2,3,51,246,1085,337,4201,6396,8315,6253,655,570,285,475,,76,,t3_calmveil|t3_thornmail
standard,125,b2,blue,jungle,戰士,fengbao,standard,0,0,3,0,10785,16380,9208,381.8,9.74,17.84,,2,1,1,2,2,554,1109,536,1028,3654,5759,7586,6253,433,,,,823,76,,t3_shieldbreaker|t3_finalstring
standard,125,b3,blue,mid,法師,haixiao,standard,0,4,7,0,15925,15217,11422,473.6,10.83,21.3,23.42,3,0,1,1,3,1517,122,757,871,3777,5572,7257,6253,927,,,,,76,,t3_psyward
standard,125,b4,blue,adc,射手,mirrorshot,standard,0,5,5,0,17761,11558,11167,463,9.81,19.22,22.88,3,1,1,2,3,281,275,484,216,3631,5355,8104,6253,634,1140,,,,76,,t3_shieldbreaker|t3_rendspear
standard,125,b5,blue,sup,輔助,tianshi,standard,0,0,4,0,7543,19395,10945,453.9,7.51,12.25,16.43,4,1,2,3,4,194,283,382,545,4494,7313,9422,6253,197,,,950,,76,1944,t3_calmveil
standard,125,r1,red,top,坦克,shiqiang,standard,1,5,0,0,17642,23440,12907,535.2,9.27,13.63,18.43,4,1,2,3,4,681,94,161,756,3631,6424,10091,6253,950,1710,,760,,418,,t3_calmveil|t3_thornmail
standard,125,r2,red,jungle,戰士,fengbao,standard,1,6,0,0,17304,19375,13765,570.8,7.71,14.69,18.56,4,1,2,3,4,1177,146,147,835,4277,7196,10897,6253,475,2280,,285,1185,418,,t3_shieldbreaker|t3_finalstring
standard,125,r3,red,mid,法師,haixiao,standard,1,6,3,0,17260,14394,13116,543.8,11.62,17.58,21.79,3,0,1,2,3,1352,904,349,1035,3612,6234,9749,6253,608,1710,,760,,418,,t3_psyward
standard,125,r4,red,adc,射手,mirrorshot,standard,1,6,7,1,22364,11201,12809,531.1,10.98,17.51,21.3,3,0,1,2,3,1462,165,430,1009,3622,5845,8980,6253,788,1140,285,285,,228,,t3_shieldbreaker|t3_rendspear
standard,125,r5,red,sup,輔助,tianshi,standard,1,0,0,2,6784,14025,12398,514.1,8.07,12.1,17.01,3,1,2,3,3,911,291,257,3167,4611,7321,9487,6253,256,,285,285,,418,1989,t3_calmveil
standard,126,b1,blue,top,坦克,tiemu,standard,1,0,1,1,11095,22939,9660,417.6,9.58,14.88,21.07,3,1,2,2,3,195,232,971,630,3745,6082,8201,6253,836,,,522,,589,,t3_calmveil|t3_thornmail
standard,126,b2,blue,jungle,戰士,anliuyouXia,standard,1,2,0,0,6647,13497,10951,473.4,9.21,16.37,,2,1,1,2,2,646,1192,428,2401,3746,6322,8978,6253,57,570,,285,1223,589,,t3_shieldbreaker|t3_finalstring
standard,126,b3,blue,mid,法師,leiming,standard,1,1,2,1,13696,12372,9714,419.9,11.26,18.41,,2,0,1,2,2,1485,106,237,314,3745,6006,8267,6253,760,570,,285,,399,,t3_psyward
standard,126,b4,blue,adc,射手,hanbing,standard,1,13,2,1,43415,10495,17678,764.2,9.73,16.37,19.19,4,1,1,3,4,376,725,901,3828,3726,6405,11801,6253,684,2850,285,1235,,494,,t3_shieldbreaker|t3_rendspear
standard,126,b5,blue,sup,輔助,linghun,standard,1,0,0,0,4626,14027,11287,487.9,6.98,11.63,16.58,4,1,2,3,4,568,308,1181,786,4568,7338,9931,6253,95,,,997,42,589,1953,t3_calmveil
standard,126,r1,red,top,坦克,tiemu,standard,0,0,3,0,9289,24404,9380,405.5,8.69,15.91,19.97,3,1,1,3,3,643,495,229,449,3593,5795,8379,6253,608,,,1425,17,76,,t3_calmveil|t3_thornmail
standard,126,r2,red,jungle,戰士,anliuyouXia,standard,0,0,3,0,9347,18297,8971,387.8,8.54,17.88,,2,1,1,2,2,197,454,518,790,3947,5884,7868,6253,278,,,,1259,76,,t3_shieldbreaker|t3_finalstring
standard,126,r3,red,mid,法師,leiming,standard,0,1,5,0,14321,15484,10104,436.8,11.58,19.19,,2,0,1,2,2,1428,349,1339,823,3688,5379,8989,6253,665,570,,1425,,76,,t3_psyward
standard,126,r4,red,adc,射手,hanbing,standard,0,4,3,0,18211,11501,10417,450.3,10.48,18,21.88,3,0,1,2,3,1262,552,1019,517,3422,5332,8239,6253,532,1140,,237,,76,,t3_shieldbreaker|t3_rendspear
standard,126,r5,red,sup,輔助,linghun,standard,0,0,2,1,6002,13527,10716,463.2,7.86,12.81,17.66,4,1,2,3,4,301,945,315,316,4601,7125,9355,6253,158,,,712,,76,2154,t3_calmveil
standard,127,b1,blue,top,戰士,xueyue,standard,0,1,2,1,9813,20571,8880,425.1,9.79,17.38,,2,1,1,2,2,443,610,1445,230,3593,5360,8595,6253,665,570,285,593,,228,,t3_shieldbreaker|t3_finalstring
standard,127,b2,blue,jungle,戰士,embercoil,standard,0,0,2,1,8112,15389,8455,404.7,9.22,17.37,,2,1,1,2,2,755,673,170,455,3855,5853,8170,6253,494,,285,,909,228,,t3_shieldbreaker|t3_finalstring
standard,127,b3,blue,mid,法師,haixiao,standard,0,3,3,1,11383,11728,9871,472.5,10.79,17.87,,2,0,1,2,2,1982,430,1166,891,4242,6180,9016,6253,896,1140,142,356,,228,,t3_psyward
standard,127,b4,blue,adc,射手,xuanfeng,standard,0,2,1,3,16257,8490,9602,459.6,9.68,17.38,,2,1,1,2,2,414,622,842,1352,3764,5702,8462,6253,769,570,285,356,,228,,t3_shieldbreaker|t3_rendspear
standard,127,b5,blue,sup,坦克,shengdun,standard,0,0,0,1,5872,17388,10434,499.5,7.72,13.06,16.88,3,1,2,3,3,512,606,571,894,4712,7106,10111,6253,329,,142,1068,,228,2089,t3_calmveil|t3_thornmail
standard,127,r1,red,top,戰士,xueyue,standard,1,1,1,1,10127,21104,9512,455.3,8.75,15.91,,2,1,1,2,2,1032,1189,387,861,4182,6719,9037,6253,674,570,285,950,,304,,t3_shieldbreaker|t3_finalstring
standard,127,r2,red,jungle,戰士,embercoil,standard,1,1,2,1,7316,12703,10049,481,8.74,17.82,,2,1,1,2,2,733,1275,906,1449,3833,6755,9506,6253,142,570,285,475,1476,304,,t3_shieldbreaker|t3_finalstring
standard,127,r3,red,mid,法師,haixiao,standard,1,2,0,0,19648,10723,9781,468.2,12.33,18.74,,2,0,1,2,2,1352,452,806,380,3612,6652,9306,6253,1133,1140,,475,,304,,t3_psyward
standard,127,r4,red,adc,射手,xuanfeng,standard,1,4,2,0,14480,8722,10291,492.6,11.32,18.9,,2,0,1,2,2,1310,313,156,2340,3470,5693,8106,6253,503,570,,475,,304,,t3_shieldbreaker|t3_rendspear
standard,127,r5,red,sup,坦克,shengdun,standard,1,0,1,0,4851,15090,10829,518.3,7.96,13.24,18.98,3,1,2,3,3,559,939,817,848,4459,7299,10317,6253,129,,,950,,304,2680,t3_calmveil|t3_thornmail
standard,128,b1,blue,top,戰士,langwang,standard,0,0,2,0,9533,24950,8337,364.6,9.78,18.89,,2,1,1,2,2,329,363,244,257,3479,5113,7374,6253,646,,,475,,0,,t3_shieldbreaker|t3_finalstring
standard,128,b2,blue,jungle,戰士,longyi,standard,0,1,2,0,8556,19783,9341,408.5,9.03,16.44,,2,1,1,2,2,127,825,434,1111,3927,6305,8314,6253,392,570,,,1097,0,,t3_shieldbreaker|t3_finalstring
standard,128,b3,blue,mid,法師,bingshuang,standard,0,0,4,1,14547,14769,8994,393.3,11.72,19.44,,2,0,1,2,2,1388,218,358,293,3648,5548,7708,6253,962,,,475,17,0,,t3_psyward
standard,128,b4,blue,adc,射手,phantom,standard,0,4,8,0,16424,13471,10373,453.6,10.03,19.11,,2,0,1,2,2,1329,138,1022,1623,3489,5218,8242,6253,611,1140,,237,,0,,t3_shieldbreaker|t3_rendspear
standard,128,b5,blue,sup,坦克,dadi,standard,0,1,3,0,5429,23337,11248,491.9,6.96,12.8,16.89,4,1,2,3,4,663,218,173,48,4563,7318,9753,6253,237,,,712,,0,2550,t3_calmveil|t3_thornmail
standard,128,r1,red,top,戰士,langwang,standard,1,2,0,1,13418,20508,10627,464.7,8.74,16.41,21.85,3,1,1,2,3,424,866,795,676,3574,6396,9445,6253,617,1140,142,760,,532,,t3_shieldbreaker|t3_finalstring
standard,128,r2,red,jungle,戰士,longyi,standard,1,5,0,0,11577,13153,13013,569.1,7.25,13.92,19.49,3,1,2,3,3,984,691,717,2032,4084,8391,11697,6253,275,2850,,443,1342,532,,t3_shieldbreaker|t3_finalstring
standard,128,r3,red,mid,法師,bingshuang,standard,1,4,2,3,24097,13299,12786,559.2,10.26,19.43,21.76,3,0,1,2,3,1571,223,647,706,3831,6123,10047,6253,1124,1140,712,285,,532,,t3_psyward
standard,128,r4,red,adc,射手,phantom,standard,1,8,4,4,34478,11408,14398,629.7,9.83,16.26,19.11,4,1,1,3,4,120,1039,1013,1178,3470,6719,11013,6253,554,2280,712,680,,532,,t3_shieldbreaker|t3_rendspear
standard,128,r5,red,sup,坦克,dadi,standard,1,0,0,4,6906,17182,12411,542.8,6.73,12.73,16.28,4,1,2,3,4,954,990,1041,811,4554,8230,11021,6253,240,,712,680,,532,2601,t3_calmveil|t3_thornmail
standard,129,b1,blue,top,戰士,kuangfeng,standard,0,1,1,1,9675,28795,10548,456.1,9.75,16.32,20.74,3,1,1,2,3,415,973,224,467,3565,6453,8524,6253,769,570,285,475,,171,,t3_shieldbreaker|t3_finalstring
standard,129,b2,blue,jungle,戰士,ravager,standard,0,2,2,0,7147,18603,10194,440.8,8.19,17.32,21.81,3,1,1,2,3,700,585,418,643,3800,6015,8968,6253,266,1140,,,1232,76,,t3_shieldbreaker|t3_finalstring
standard,129,b3,blue,mid,法師,mingyun2,standard,0,0,3,2,14429,14612,10063,435.2,10.21,18.76,,2,0,1,2,2,1580,372,258,663,3840,5702,9008,6253,1064,,570,950,,171,,t3_psyward
standard,129,b4,blue,adc,射手,huanying,standard,0,8,3,1,25294,11081,13265,573.6,10.21,16.98,21.09,3,0,1,2,3,1414,309,973,1464,3574,5389,9873,6253,551,2280,142,475,,171,,t3_shieldbreaker|t3_rendspear
standard,129,b5,blue,sup,輔助,mantra,standard,0,0,2,1,6640,16513,10235,442.6,6.94,13.2,16.98,3,1,2,3,3,478,364,373,1005,4478,7394,9123,6253,199,,142,475,,171,1882,t3_calmveil
standard,129,r1,red,top,戰士,kuangfeng,standard,1,2,0,0,10519,22561,10842,468.9,9.12,16.65,22.5,3,1,1,2,3,320,507,138,462,3470,5987,8438,6253,532,,,1045,,608,,t3_shieldbreaker|t3_finalstring
standard,129,r2,red,jungle,戰士,ravager,standard,1,3,2,0,10894,17417,11558,499.8,8.71,15.54,19.54,3,1,1,3,3,619,2032,166,628,3719,7462,10196,6253,57,1710,,570,997,608,,t3_shieldbreaker|t3_finalstring
standard,129,r3,red,mid,法師,mingyun2,standard,1,3,4,1,17731,13419,11180,483.5,10.58,19.93,22.73,3,0,1,2,3,1485,296,147,330,3745,6196,7997,6253,912,,,570,34,228,,t3_psyward
standard,129,r4,red,adc,射手,huanying,standard,1,3,3,3,23435,9372,11992,518.6,9.84,18.13,22.16,3,1,1,2,3,357,212,365,1091,3707,5892,9265,6253,741,570,427,1045,,228,,t3_shieldbreaker|t3_rendspear
standard,129,r5,red,sup,輔助,mantra,standard,1,0,2,4,6711,16274,11549,499.4,6.67,12.1,16.27,4,1,2,3,4,554,379,276,588,4554,7109,9506,6253,190,,142,95,,228,2596,t3_calmveil
standard,130,b1,blue,top,戰士,greymantle,standard,1,1,0,0,12536,22067,9348,408.1,9.28,18.15,,2,1,1,2,2,500,267,479,698,3650,5797,8229,6253,627,570,,285,,494,,t3_shieldbreaker|t3_finalstring
standard,130,b2,blue,jungle,刺客,yingsi,standard,1,0,2,1,7943,10384,9853,430.1,9.45,17.31,,2,1,1,2,2,595,728,314,1472,3795,6058,8394,6253,177,,285,285,899,494,,t3_finalstring
standard,130,b3,blue,mid,法師,bingshuang,standard,1,5,3,0,22917,14322,12550,547.8,10.2,16.98,20.43,3,0,1,2,3,1523,224,1003,1119,3783,6424,10053,6253,836,1710,,760,,494,,t3_psyward
standard,130,b4,blue,adc,射手,guangsu,standard,1,6,4,1,18025,9968,12920,564,9.2,16.17,20.39,3,1,1,2,3,842,602,954,1120,4192,6282,9854,6253,541,1710,285,760,,304,,t3_shieldbreaker|t3_rendspear
standard,130,b5,blue,sup,坦克,tiebi,standard,1,0,1,1,6786,18536,11754,513.1,6.38,12.85,17.5,4,1,2,3,4,392,146,1194,454,4592,7386,10274,6253,250,,285,285,26,494,2680,t3_calmveil|t3_thornmail
standard,130,r1,red,top,戰士,greymantle,standard,0,1,0,0,15435,25407,9712,424,8.73,19.19,22.89,3,1,1,2,3,513,276,475,62,3663,5506,7805,6253,905,570,,,,76,,t3_shieldbreaker|t3_finalstring
standard,130,r2,red,jungle,刺客,yingsi,standard,0,2,3,0,6901,13087,10411,454.4,8.93,15.83,21.28,3,1,1,2,3,662,831,889,710,3862,6461,9269,6253,202,1140,,,1597,76,,t3_finalstring
standard,130,r3,red,mid,法師,bingshuang,standard,0,2,3,1,14580,13381,9874,431,11.67,18.63,,2,0,1,2,2,1308,343,240,793,3568,5373,8090,6253,905,570,285,,,76,,t3_psyward
standard,130,r4,red,adc,射手,guangsu,standard,0,5,6,0,19090,9727,11790,514.6,10.09,18.11,22.53,3,0,1,2,3,1177,313,460,839,3337,5693,8410,6253,465,1140,,475,,76,,t3_shieldbreaker|t3_rendspear
standard,130,r5,red,sup,坦克,tiebi,standard,0,0,0,3,5930,20485,11168,487.5,6.65,13.15,17.79,4,1,2,3,4,297,358,22,267,4497,7138,9802,6253,180,,570,,51,76,2671,t3_calmveil|t3_thornmail
standard,131,b1,blue,top,戰士,ravager,standard,0,1,3,1,9281,20042,8710,426.3,9.68,18.07,,2,1,1,2,2,386,495,291,429,3536,6025,8571,6253,437,570,285,950,,76,,t3_shieldbreaker|t3_finalstring
standard,131,b2,blue,jungle,刺客,shanying,standard,0,1,5,0,5567,10901,8050,394,8.68,17.81,,2,1,1,2,2,456,485,493,69,3656,6065,7873,6253,152,570,,,821,76,,t3_finalstring
standard,131,b3,blue,mid,法師,mingyun2,standard,0,1,1,0,11811,11781,8767,429.1,11.22,18.54,,2,0,1,2,2,1495,359,318,156,3755,5959,8628,6253,1016,570,,712,,76,,t3_psyward
standard,131,b4,blue,adc,射手,maestro,standard,0,3,3,0,9950,9933,9270,453.7,10.17,18.94,,2,0,1,2,2,1471,293,112,520,3631,5493,8562,6253,855,1140,,237,,76,,t3_shieldbreaker|t3_rendspear
standard,131,b5,blue,sup,坦克,longji,standard,0,0,0,0,7810,17153,9684,473.9,6.93,12.83,18.44,3,1,2,3,3,692,129,565,704,4592,6929,9545,6253,275,,,475,,76,2465,t3_calmveil|t3_thornmail
standard,131,r1,red,top,戰士,ravager,standard,1,7,0,0,15849,18940,13042,638.3,10.56,12.95,17.08,3,0,2,3,3,2626,213,1168,1591,4676,7963,12618,6253,855,3990,,1140,,380,,t3_shieldbreaker|t3_finalstring
standard,131,r2,red,jungle,刺客,shanying,standard,1,2,1,3,7649,9111,10609,519.2,8.43,16.49,19.33,3,1,1,3,3,354,1496,485,909,4734,7126,10185,6253,272,1140,522,190,1427,380,,t3_finalstring
standard,131,r3,red,mid,法師,mingyun2,standard,1,0,2,0,14188,11918,9052,443,10.22,18.58,,2,0,1,2,2,1523,125,273,601,3783,6025,8723,6253,950,,,1140,,380,,t3_psyward
standard,131,r4,red,adc,射手,maestro,standard,1,3,2,2,11428,7942,10002,489.5,10.27,16.98,,2,0,1,2,2,1338,611,678,1101,3498,6291,9578,6253,665,1710,380,190,,380,,t3_shieldbreaker|t3_rendspear
standard,131,r5,red,sup,坦克,longji,standard,1,0,1,3,7746,13888,10613,519.4,7,12.78,17.86,3,1,2,3,3,1388,461,633,633,4988,7701,10133,6253,107,,522,190,,380,2680,t3_calmveil|t3_thornmail
standard,132,b1,blue,top,戰士,dadi2,standard,0,0,3,0,8014,20652,8632,400.4,8.73,17.37,,2,1,1,2,2,595,292,565,602,3745,5892,8115,6253,760,,,950,,152,,t3_shieldbreaker|t3_finalstring
standard,132,b2,blue,jungle,刺客,dianguang,standard,0,1,2,0,4339,10132,9122,423.1,8.82,18.49,,2,1,1,2,2,669,469,222,1042,3869,5749,7952,6253,361,,,158,1027,152,,t3_finalstring
standard,132,b3,blue,mid,法師,bingshuang,standard,0,1,4,0,14592,12473,8733,405.1,9.82,17.9,,2,1,1,2,2,123,467,405,333,3973,5797,8235,6253,1102,570,,158,,152,,t3_psyward
standard,132,b4,blue,adc,射手,liuxing,standard,0,5,5,0,15709,12603,10209,473.6,9.75,17.48,21.31,3,1,1,2,3,186,859,121,129,3536,5759,8571,6253,456,1710,,,,152,,t3_shieldbreaker|t3_rendspear
standard,132,b5,blue,sup,輔助,hexweave,standard,0,0,2,0,4005,15012,9997,463.7,7.42,10.93,16.48,3,1,2,3,3,1501,676,440,957,4601,7156,9480,6253,209,,,1108,,152,1757,t3_calmveil
standard,132,r1,red,top,戰士,dadi2,standard,1,3,0,0,11572,22084,11647,540.3,9,13.34,20.01,3,1,2,2,3,1127,663,1504,1567,4277,7463,10104,6253,760,1710,,950,51,380,,t3_shieldbreaker|t3_finalstring
standard,132,r2,red,jungle,刺客,dianguang,standard,1,3,1,1,7909,11389,11302,524.2,7.84,14.36,20.01,3,1,2,2,3,610,357,1524,1651,4760,7007,9854,6253,38,1140,285,475,1282,380,,t3_finalstring
standard,132,r3,red,mid,法師,bingshuang,standard,1,1,3,2,12006,12483,10276,476.6,10.62,17.27,,2,0,1,2,2,1447,292,391,1225,3707,5892,9141,6253,893,570,570,475,,380,,t3_psyward
standard,132,r4,red,adc,射手,liuxing,standard,1,8,3,1,17083,8267,13211,612.8,9.3,15.59,18.63,3,1,1,3,3,357,1044,153,1411,3707,6424,11953,6253,712,3990,142,475,,380,,t3_shieldbreaker|t3_rendspear
standard,132,r5,red,sup,輔助,hexweave,standard,1,1,0,1,3828,10345,12466,578.2,7.75,11.24,16.14,4,1,2,4,4,282,1068,718,2065,4582,7318,11118,6253,142,570,142,950,,380,2680,t3_calmveil
standard,133,b1,blue,top,戰士,ronggang,standard,0,0,2,1,10497,21271,9185,429.7,9.45,18.74,,2,1,1,2,2,342,183,715,1504,3492,5183,7795,6253,582,,285,332,,342,,t3_shieldbreaker|t3_finalstring
standard,133,b2,blue,jungle,刺客,leisuhunter,standard,0,0,4,0,5019,11890,8430,394.4,9.08,17.83,,2,1,1,2,2,393,247,406,399,3593,5527,7956,6253,361,,,332,857,152,,t3_finalstring
standard,133,b3,blue,mid,法師,lieyan,standard,0,5,3,0,10935,13193,10930,511.3,10.73,17.2,,2,0,1,2,2,1409,501,840,1849,3669,6101,9920,6253,950,2280,,95,,342,,t3_psyward
standard,133,b4,blue,adc,射手,shensheng,standard,0,7,3,1,20695,10658,12621,590.4,9.13,17.34,19.29,3,1,1,3,3,471,788,353,1020,3821,6168,11003,6253,940,2850,285,332,,342,,t3_shieldbreaker|t3_rendspear
standard,133,b5,blue,sup,輔助,shengming,standard,0,0,3,2,5507,15664,10717,501.4,6.23,13.22,16.24,3,1,2,3,3,551,699,1495,1677,4551,7429,9955,6253,243,,285,807,,342,2023,t3_calmveil
standard,133,r1,red,top,戰士,ronggang,standard,1,2,1,1,12469,22815,10458,489.3,9.81,16.24,20.8,3,1,1,2,3,396,365,931,857,3546,5845,9531,6253,579,1140,,1330,,228,,t3_shieldbreaker|t3_finalstring
standard,133,r2,red,jungle,刺客,leisuhunter,standard,1,1,2,0,4870,9305,10116,473.3,9.04,15.71,,2,1,1,2,2,924,1455,468,1786,4124,6735,8798,6253,304,,,380,1632,228,,t3_finalstring
standard,133,r3,red,mid,法師,lieyan,standard,1,5,3,0,11422,12383,11110,519.8,10.8,15.48,21.16,3,0,1,2,3,1343,1207,511,280,3603,7707,9911,6253,769,2280,,380,,228,,t3_psyward
standard,133,r4,red,adc,射手,shensheng,standard,1,7,4,2,21328,8118,12697,594,9.89,18.31,20.58,3,1,1,2,3,110,592,2027,1796,3460,6272,10927,6253,646,2850,570,380,,228,,t3_shieldbreaker|t3_rendspear
standard,133,r5,red,sup,輔助,shengming,standard,1,0,2,0,6450,14285,9812,459.1,6.45,12.75,16.94,3,1,2,3,3,244,702,130,772,4544,7432,9170,6253,247,,,380,,228,2062,t3_calmveil
standard,134,b1,blue,top,戰士,anliuyouXia,standard,1,1,2,0,11713,23973,10752,460.5,8.5,17.08,23.14,3,1,1,2,3,538,462,693,322,3688,5512,8543,6253,845,570,,475,,399,,t3_shieldbreaker|t3_finalstring
standard,134,b2,blue,jungle,刺客,duskblade,standard,1,0,4,0,6057,10208,9158,392.2,9.03,18.05,,2,1,1,2,2,475,402,1074,778,3675,5682,7774,6253,202,,,,918,399,,t3_finalstring
standard,134,b3,blue,mid,法師,shikong,standard,1,1,2,1,19898,14451,10873,465.7,10.48,17.31,,2,0,1,2,2,1422,927,268,1573,3682,6127,8968,6253,1029,,285,950,51,399,,t3_psyward
standard,134,b4,blue,adc,射手,liangzicz,standard,1,7,5,0,19092,12401,12469,534,10.78,16.65,20.86,3,0,1,2,3,1284,664,882,669,3444,5814,9462,6253,478,2280,,,51,399,,t3_shieldbreaker|t3_rendspear
standard,134,b5,blue,sup,坦克,tiemu,standard,1,1,2,1,9076,25205,12376,530,6.83,12.73,17.25,4,1,2,3,4,992,60,1576,576,4592,7440,11116,6253,294,570,285,1425,,304,1984,t3_calmveil|t3_thornmail
standard,134,r1,red,top,戰士,anliuyouXia,standard,0,5,0,0,13296,21485,12367,529.7,9.43,15.14,19.69,3,1,1,3,3,785,1303,318,917,3935,6833,9968,6253,475,1710,,1377,,152,,t3_shieldbreaker|t3_finalstring
standard,134,r2,red,jungle,刺客,duskblade,standard,0,2,2,0,9430,14954,10505,449.9,7.38,15.85,22.39,3,1,1,2,3,122,956,243,205,4322,6586,8623,6253,114,570,,190,1344,152,,t3_finalstring
standard,134,r3,red,mid,法師,shikong,standard,0,2,3,1,15818,11701,10524,450.7,10.17,16.98,,2,0,1,2,2,1561,410,289,1124,3821,6310,8619,6253,836,570,142,665,,152,,t3_psyward
standard,134,r4,red,adc,射手,liangzicz,standard,0,5,5,0,18280,8903,11284,483.3,11.01,18.52,21.98,3,0,1,2,3,1101,637,255,384,3261,5237,8505,6253,294,1140,,665,,152,,t3_shieldbreaker|t3_rendspear
standard,134,r5,red,sup,坦克,tiemu,standard,0,1,0,3,8405,18355,11429,489.5,7.07,10.88,16.61,4,1,2,3,4,533,678,384,129,5333,7918,9884,6253,370,570,427,427,,152,1683,t3_calmveil|t3_thornmail
standard,135,b1,blue,top,戰士,tielian,standard,0,0,1,0,7955,23477,8297,396.5,9.97,18.92,,2,1,1,2,2,215,175,83,416,3365,5655,7963,6253,522,,,1187,,0,,t3_shieldbreaker|t3_finalstring
standard,135,b2,blue,jungle,刺客,miwu,standard,0,0,4,0,3011,8539,7787,372.1,10.18,18.31,,2,0,1,2,2,1637,670,841,236,3567,5600,7491,6253,228,,,,1010,0,,t3_finalstring
standard,135,b3,blue,mid,法師,lieyan,standard,0,0,2,0,11195,11529,7515,359.1,10.99,20.84,,2,0,1,1,2,1238,358,739,164,3498,5208,7219,6253,570,,,395,,0,,t3_psyward
standard,135,b4,blue,adc,射手,xingchen,standard,0,7,2,0,12545,9067,11752,561.6,9.96,16.64,18.27,3,1,1,3,3,177,602,856,251,3527,6282,11456,6253,579,3990,,633,,0,,t3_shieldbreaker|t3_rendspear
standard,135,b5,blue,sup,輔助,shengguang,standard,0,0,3,2,4811,15449,9449,451.6,6.73,12.38,16.63,3,1,2,3,3,854,292,574,869,4554,6772,9154,6253,266,,570,158,,0,1906,t3_calmveil
standard,135,r1,red,top,戰士,tielian,standard,1,4,0,0,12323,21042,11905,569,9.19,14.45,19.27,3,1,2,3,3,481,220,147,1525,3631,7620,10527,6253,658,2280,,783,,551,,t3_shieldbreaker|t3_finalstring
standard,135,r2,red,jungle,刺客,miwu,standard,1,3,0,1,5193,9525,11114,531.1,7.95,14.8,18.18,3,1,2,3,3,178,217,122,683,4028,7347,10552,6253,142,1710,95,665,1135,551,,t3_finalstring
standard,135,r3,red,mid,法師,lieyan,standard,1,1,3,2,15361,11586,10284,491.5,10.48,17.08,,2,0,1,2,2,1542,448,913,884,3802,6948,9893,6253,880,570,380,1258,,551,,t3_psyward
standard,135,r4,red,adc,射手,xingchen,standard,1,4,4,0,15736,7373,10541,503.7,9.56,19.48,20.56,3,1,1,2,3,243,390,784,240,3593,5770,8734,6253,576,1140,,308,,456,,t3_shieldbreaker|t3_rendspear
standard,135,r5,red,sup,輔助,shengguang,standard,1,0,0,1,4345,9544,10007,478.2,7.21,13.9,16.19,3,1,2,3,3,882,430,761,1426,4582,7460,9341,6253,288,,95,308,,551,1844,t3_calmveil
standard,136,b1,blue,top,戰士,hunpo,standard,0,0,3,0,7560,17550,7836,374.8,12.24,17.27,,2,0,1,2,2,1333,449,415,225,3593,5379,7545,6253,665,,,475,,152,,t3_psyward
standard,136,b2,blue,jungle,刺客,jueying,standard,0,1,4,0,2798,9077,8716,416.9,9.72,18.35,,2,1,1,2,2,606,768,308,636,3806,6348,8388,6253,351,570,,,1061,152,,t3_finalstring
standard,136,b3,blue,mid,法師,shikong,standard,0,2,2,0,11685,14078,9850,471.1,10.37,18.58,,2,0,1,2,2,1409,46,639,1019,3669,5626,8989,6253,1064,570,,950,,152,,t3_psyward
standard,136,b4,blue,adc,射手,dujian,standard,0,4,2,0,10027,10715,10110,483.5,10.08,18.19,20.49,3,0,1,2,3,1503,492,1069,209,3663,5392,9819,6253,608,2280,,475,51,152,,t3_shieldbreaker|t3_rendspear
standard,136,b5,blue,sup,輔助,mingyunyindao,standard,0,0,2,1,4654,14272,9622,460.2,7.79,12.13,17.64,3,1,2,3,3,343,419,871,1161,4643,6899,9331,6253,199,,285,475,51,152,1915,t3_calmveil
standard,136,r1,red,top,戰士,hunpo,standard,1,9,0,0,13017,15306,14448,691,10.11,13.21,16.15,4,0,2,3,4,2511,258,2231,667,4771,9008,13511,6253,456,5130,,1140,,532,,t3_psyward
standard,136,r2,red,jungle,刺客,jueying,standard,1,0,1,4,5250,10062,9747,466.2,8.68,14.14,,2,1,2,2,2,269,428,1031,1416,4119,7078,9361,6253,228,,855,190,1303,532,,t3_finalstring
standard,136,r3,red,mid,法師,shikong,standard,1,0,3,0,12107,11566,9479,453.4,11.78,19.23,,2,0,1,2,2,1428,479,644,1499,3688,6329,8144,6253,693,,,665,,532,,t3_psyward
standard,136,r4,red,adc,射手,dujian,standard,1,4,3,1,13414,7546,10429,498.8,10.37,17.49,20.49,3,0,1,2,3,1728,906,2094,429,3888,6586,10044,6253,646,2280,142,190,,532,,t3_shieldbreaker|t3_rendspear
standard,136,r5,red,sup,輔助,mingyunyindao,standard,1,0,0,3,3723,9265,11104,531.1,7.48,11.14,15.7,3,1,2,3,3,708,1129,1678,2063,4658,7679,10718,6253,218,,712,665,,532,2337,t3_calmveil
standard,137,b1,blue,top,戰士,dushe,standard,0,0,2,0,6507,20639,8474,413.9,9.52,19.15,,2,1,1,2,2,253,308,897,393,3403,5658,7847,6253,497,,,950,51,95,,t3_shieldbreaker|t3_finalstring
standard,137,b2,blue,jungle,刺客,anye,standard,0,1,4,0,3069,9989,8049,393.1,9.48,18.68,,2,1,1,2,2,454,138,1095,449,3654,5468,7795,6253,183,570,,,787,0,,t3_finalstring
standard,137,b3,blue,mid,法師,lieyan,standard,0,2,6,0,10557,13411,9407,459.5,11.4,16.5,,2,0,1,2,2,1390,334,1075,1227,3650,6114,9255,6253,1133,1140,,633,,95,,t3_psyward
standard,137,b4,blue,adc,射手,tianfa,standard,0,1,4,1,11397,10503,8514,415.8,10.28,18.89,,2,0,1,2,2,1300,340,892,714,3460,5240,7792,6253,525,,285,633,,95,,t3_shieldbreaker|t3_rendspear
standard,137,b5,blue,sup,坦克,xukong,standard,0,0,2,0,5612,17192,9830,480.1,7.7,13.33,16.74,3,1,2,3,3,75,582,698,850,4525,7382,9678,6253,205,,,633,,95,2490,t3_calmveil|t3_thornmail
standard,137,r1,red,top,戰士,dushe,standard,1,4,0,0,10023,19904,11136,543.9,9.23,16.06,18.75,3,1,1,3,3,975,1312,94,286,4125,6842,10224,6253,456,1710,,1235,,570,,t3_shieldbreaker|t3_finalstring
standard,137,r2,red,jungle,刺客,anye,standard,1,3,1,2,5017,8847,11477,560.5,9.04,13.73,20.1,3,1,2,2,3,745,782,2721,346,3945,7962,11101,6253,278,1710,427,760,1101,570,,t3_finalstring
standard,137,r3,red,mid,法師,lieyan,standard,1,1,1,2,11460,7742,9651,471.4,11.03,17.43,,2,0,1,2,2,1466,499,1759,371,3726,5949,9309,6253,760,570,427,918,,380,,t3_psyward
standard,137,r4,red,adc,射手,tianfa,standard,1,8,2,3,23987,9090,13888,678.3,10.75,16.08,19.4,3,0,1,3,3,1652,977,606,2088,3812,6177,12406,6253,912,3420,570,680,,570,,t3_shieldbreaker|t3_rendspear
standard,137,r5,red,sup,坦克,xukong,standard,1,2,0,1,4619,11450,12059,589,7.39,12.88,16.88,4,1,2,3,4,1670,592,1452,459,4570,7372,11432,6253,177,1140,,680,,570,2610,t3_calmveil|t3_thornmail
standard,138,b1,blue,top,戰士,fengbao,standard,0,1,3,0,11942,27634,8761,407,8.98,17.59,,2,1,1,2,2,652,438,442,480,3802,5968,8242,6253,791,570,,475,,152,,t3_shieldbreaker|t3_finalstring
standard,138,b2,blue,jungle,刺客,wuxing,standard,0,1,4,1,3998,10190,9531,442.8,8.18,16.99,,2,1,1,2,2,832,548,561,1150,4032,5878,8941,6253,383,570,285,237,1060,152,,t3_finalstring
standard,138,b3,blue,mid,法師,shikong,standard,0,2,5,1,13114,15312,9850,457.6,10.73,19.98,,2,0,1,2,2,1548,297,61,970,3808,5727,8191,6253,1026,,285,475,,152,,t3_psyward
standard,138,b4,blue,adc,射手,mirrorshot,standard,0,4,1,0,12192,9647,10860,504.5,10.43,17.46,21.21,3,0,1,2,3,1496,465,757,210,3656,6145,8707,6253,924,1140,,237,,152,,t3_shieldbreaker|t3_rendspear
standard,138,b5,blue,sup,坦克,tixue,standard,0,0,4,2,6821,18251,11257,523,6.43,12.78,16.53,3,1,2,3,3,1123,298,582,1677,4723,7098,10162,6253,294,,,950,17,152,2495,t3_calmveil|t3_thornmail
standard,138,r1,red,top,戰士,fengbao,standard,1,2,0,0,10143,21637,10919,507.3,9.06,15.61,20.43,3,1,1,2,3,689,1064,1022,969,3839,6594,9672,6253,1057,1140,,760,43,418,,t3_shieldbreaker|t3_finalstring
standard,138,r2,red,jungle,刺客,wuxing,standard,1,4,2,1,8202,9540,12039,559.3,8.03,12.81,20.8,3,1,2,2,3,406,879,2853,909,4606,8059,11233,6253,193,2280,285,285,1518,418,,t3_finalstring
standard,138,r3,red,mid,法師,shikong,standard,1,3,4,0,14390,12708,10572,491.2,11.68,17.8,,2,0,1,2,2,1270,374,480,1172,3530,6874,9230,6253,848,1140,,760,,228,,t3_psyward
standard,138,r4,red,adc,射手,mirrorshot,standard,1,6,1,2,21607,8477,12877,598.3,10.41,17.56,,2,0,1,2,2,1424,431,1229,4927,3584,6111,9179,6253,750,570,427,760,,418,,t3_shieldbreaker|t3_rendspear
standard,138,r5,red,sup,坦克,tixue,standard,1,2,1,2,5632,14302,12737,591.7,6.93,12.88,17.46,4,1,2,3,4,568,249,2713,537,4468,7489,11793,6253,114,1140,427,760,,418,2680,t3_calmveil|t3_thornmail
standard,139,b1,blue,top,戰士,rongyan,standard,0,0,3,0,8867,22516,7418,363,9.82,,,1,1,1,1,1,367,151,1679,1817,3517,5151,7279,6253,551,,,475,,0,,t3_shieldbreaker|t3_finalstring
standard,139,b2,blue,jungle,刺客,razorwing,standard,0,0,3,0,3060,9600,7745,379,10.14,17.98,,2,0,1,2,2,1819,445,622,314,3749,5725,7572,6253,275,,,,1043,0,,t3_finalstring
standard,139,b3,blue,mid,法師,xingjie,standard,0,2,6,0,11882,13143,8776,429.5,11.02,18.6,,2,0,1,2,2,1305,482,808,376,3565,5332,8638,6253,769,1140,,475,,0,,t3_psyward
standard,139,b4,blue,adc,射手,hanbing,standard,0,0,4,1,6861,10942,7860,384.7,9.78,18.54,,2,1,1,2,2,134,376,501,39,3484,5156,7721,6253,707,,285,475,,0,,t3_shieldbreaker|t3_rendspear
standard,139,b5,blue,sup,輔助,linghun,standard,0,0,4,0,3272,14326,9065,443.6,8.78,13.11,16.89,3,1,2,3,3,726,167,466,605,4426,7197,8926,6253,204,,,475,,0,1993,t3_calmveil
standard,139,r1,red,top,戰士,rongyan,standard,1,5,1,0,11450,19736,11560,565.7,9.73,16.58,18.96,3,1,1,3,3,386,1248,1631,579,3536,6728,11231,6253,456,2850,,1140,,532,,t3_shieldbreaker|t3_finalstring
standard,139,r2,red,jungle,刺客,razorwing,standard,1,7,0,2,10880,8707,13810,675.8,10.12,14.6,17.3,3,0,2,3,3,2801,325,1831,2729,4731,8355,12911,6253,361,3420,427,190,1727,532,,t3_finalstring
standard,139,r3,red,mid,法師,xingjie,standard,1,2,1,2,14420,10352,11303,553.2,10.38,15.63,,2,0,1,2,2,1495,941,1290,1903,3755,7441,10690,6253,864,1140,285,1615,,532,,t3_psyward
standard,139,r4,red,adc,射手,hanbing,standard,1,6,0,3,21542,8176,12139,594.1,9.07,16.18,18.94,3,1,1,3,3,300,1310,431,759,3650,6510,11811,6253,703,3420,712,190,,532,,t3_shieldbreaker|t3_rendspear
standard,139,r5,red,sup,輔助,linghun,standard,1,0,0,2,3706,10344,10884,532.7,6.83,12.76,16.24,3,1,2,3,3,197,561,1516,1844,4497,7041,10556,6253,237,,570,1140,,532,1822,t3_calmveil
standard,140,b1,blue,top,戰士,embercoil,standard,0,0,2,0,14231,24731,8501,406.6,9.97,19.24,,2,1,1,2,2,443,275,935,500,3593,5455,7735,6253,779,,,475,,228,,t3_shieldbreaker|t3_finalstring
standard,140,b2,blue,jungle,戰士,hunpo,standard,0,0,3,0,7027,10486,8253,394.7,10.74,19.75,,2,0,1,2,2,1642,448,360,272,3852,5848,7860,6253,199,,,237,941,228,,t3_psyward
standard,140,b3,blue,mid,法師,auralith,standard,0,1,2,0,12329,13946,9416,450.3,10.23,18.23,,2,0,1,2,2,1716,181,705,1085,3976,5781,8555,6253,1124,,,950,,228,,t3_psyward
standard,140,b4,blue,adc,射手,xuanfeng,standard,0,2,3,0,9636,8888,8529,407.9,10.03,18.37,,2,0,1,2,2,1348,485,349,279,3508,5265,7669,6253,617,570,,,,228,,t3_shieldbreaker|t3_rendspear
standard,140,b5,blue,sup,坦克,shengdun,standard,0,0,2,0,5696,16771,10033,479.9,8.08,13.16,18.07,3,1,2,3,3,239,1202,187,553,4589,7002,9667,6253,281,,,237,,228,2666,t3_calmveil|t3_thornmail
standard,140,r1,red,top,戰士,embercoil,standard,1,3,0,0,16061,21453,10952,523.8,8.93,18.05,20.44,3,1,1,2,3,424,507,1263,1051,3574,5987,9863,6253,931,1140,,1235,,304,,t3_shieldbreaker|t3_finalstring
standard,140,r2,red,jungle,戰士,hunpo,standard,1,0,1,1,7930,9276,9285,444.1,10.23,18.37,,2,0,1,2,2,1772,127,902,534,3982,6577,8702,6253,142,,285,285,1431,304,,t3_psyward
standard,140,r3,red,mid,法師,auralith,standard,1,7,1,0,14237,9997,13023,622.8,11.16,15.99,19.04,3,0,1,3,3,1238,741,942,542,3498,7241,11972,6253,760,3420,,1235,,304,,t3_psyward
standard,140,r4,red,adc,射手,xuanfeng,standard,1,1,1,2,18628,7416,9568,457.6,10.34,19.68,,2,0,1,2,2,1360,44,267,1317,3520,5724,8517,6253,630,,570,760,,304,,t3_shieldbreaker|t3_rendspear
standard,140,r5,red,sup,坦克,shengdun,standard,1,1,0,2,5900,16291,10417,498.2,7.18,13.03,17.43,3,1,2,3,3,1556,723,251,536,4456,7903,9651,6253,82,570,285,285,,304,1871,t3_calmveil|t3_thornmail
standard,141,b1,blue,top,戰士,greymantle,standard,1,1,5,0,15344,22987,9275,412.2,9.57,18.66,,2,1,1,2,2,443,595,376,1474,3593,5645,7526,6253,589,,,285,,399,,t3_shieldbreaker|t3_finalstring
standard,141,b2,blue,jungle,戰士,leimingcf,standard,1,1,1,0,9162,16572,9660,429.3,9.6,17.59,,2,1,1,2,2,546,581,529,1430,3646,6061,7809,6253,256,,,285,615,399,,t3_shieldbreaker|t3_finalstring
standard,141,b3,blue,mid,法師,xingjie,standard,1,0,5,0,14079,11534,8724,387.7,10.89,20.15,,2,0,1,1,2,1314,271,1045,393,3574,5721,7545,6253,703,,,285,,304,,t3_psyward
standard,141,b4,blue,adc,射手,phantom,standard,1,5,2,0,22058,10210,12438,552.8,9.57,16.16,19.94,3,1,1,3,3,215,507,120,938,3565,6187,10120,6253,522,1710,,1235,,399,,t3_shieldbreaker|t3_rendspear
standard,141,b5,blue,sup,坦克,dadi,standard,1,1,3,1,7881,19572,11757,522.5,7.57,12.68,16.64,4,1,2,3,4,354,557,493,556,4554,7337,10293,6253,171,570,,285,,399,2615,t3_calmveil|t3_thornmail
standard,141,r1,red,top,戰士,greymantle,standard,0,3,1,2,13081,25481,10954,486.9,8.65,14.64,20.8,3,1,2,2,3,437,304,860,404,4287,7154,9510,6253,560,1140,427,950,102,76,,t3_shieldbreaker|t3_finalstring
standard,141,r2,red,jungle,戰士,leimingcf,standard,0,7,0,1,20386,17697,13455,598,8.73,14.21,17.88,4,1,2,3,4,166,458,287,474,4266,7558,11687,6253,256,3420,,712,969,76,,t3_shieldbreaker|t3_finalstring
standard,141,r3,red,mid,法師,xingjie,standard,0,2,4,2,11541,13755,10016,445.1,11.27,17.1,,2,0,1,2,2,1352,391,383,615,3612,6291,8533,6253,826,570,570,237,,76,,t3_psyward
standard,141,r4,red,adc,射手,phantom,standard,0,3,3,1,12333,9032,10062,447.2,11.53,19.05,,2,0,1,2,2,1234,411,534,2441,3394,5311,7534,6253,492,570,142,,,76,,t3_shieldbreaker|t3_rendspear
standard,141,r5,red,sup,坦克,dadi,standard,0,1,0,3,9903,19251,11510,511.6,7.23,12.94,16.89,3,1,2,3,3,401,441,656,1530,4601,7681,10636,6253,220,570,570,475,,76,2471,t3_calmveil|t3_thornmail
standard,142,b1,blue,top,戰士,ravager,standard,0,1,3,0,10244,29790,9731,402.6,10.03,17.7,,2,0,1,2,2,1695,545,373,1130,3745,6025,7773,6253,750,,,427,,342,,t3_shieldbreaker|t3_finalstring
standard,142,b2,blue,jungle,戰士,xueyue,standard,0,2,3,0,8452,20883,10823,447.9,7.98,15.74,21.44,3,1,1,2,3,797,890,737,73,3897,6320,9287,6253,342,1140,,190,1020,342,,t3_shieldbreaker|t3_finalstring
standard,142,b3,blue,mid,法師,auralith,standard,0,1,8,1,17844,15436,9370,387.7,10.77,19.92,,2,0,1,2,2,1447,334,151,319,3707,6234,8001,6253,741,570,95,190,,152,,t3_psyward
standard,142,b4,blue,adc,射手,huanying,standard,0,5,4,1,18688,10182,12303,509.1,9.45,19.36,21.78,3,1,1,2,3,269,648,1034,1102,3619,5728,8654,6253,703,570,95,665,26,342,,t3_shieldbreaker|t3_rendspear
standard,142,b5,blue,sup,輔助,luminary,standard,0,0,3,1,6113,16306,11584,479.3,7.63,13.68,16.08,4,1,2,3,4,575,810,966,623,4525,7840,10196,6253,313,,95,1377,,342,1814,t3_calmveil
standard,142,r1,red,top,戰士,ravager,standard,1,1,1,1,10551,22124,11263,466.1,9.69,17.84,21.86,3,1,1,2,3,510,415,470,763,3660,5895,8470,6253,725,570,142,475,,304,,t3_shieldbreaker|t3_finalstring
standard,142,r2,red,jungle,戰士,xueyue,standard,1,2,2,0,11352,18089,11068,458,9.04,17.38,23.1,3,1,1,2,3,704,656,769,1218,3804,6086,8119,6253,259,,,,1301,304,,t3_shieldbreaker|t3_finalstring
standard,142,r3,red,mid,法師,auralith,standard,1,5,3,1,20331,14246,13138,543.6,12.12,20.09,22.88,3,0,1,1,3,1333,179,2001,1057,3593,5509,8501,6253,851,,142,950,,304,,t3_psyward
standard,142,r4,red,adc,射手,huanying,standard,1,13,3,1,41351,10975,17799,736.5,9.74,15.81,18.99,5,1,1,3,5,281,1384,1533,2199,3631,7064,12013,6253,753,3990,,712,,304,,t3_shieldbreaker|t3_rendspear
standard,142,r5,red,sup,輔助,luminary,standard,1,0,0,1,6587,13914,11566,478.6,5.9,12.57,17.37,3,1,2,3,3,835,221,1428,2335,4535,6951,9428,6253,259,,285,237,,304,2088,t3_calmveil
standard,143,b1,blue,top,戰士,dadi2,standard,1,2,6,0,9992,22391,9359,435.5,9.78,16.43,,2,1,1,2,2,355,799,424,1129,3505,6279,8654,6253,551,1140,,380,26,304,,t3_shieldbreaker|t3_finalstring
standard,143,b2,blue,jungle,戰士,anliuyouXia,standard,1,0,3,2,9220,15932,9186,427.4,8.64,16.54,,2,1,1,2,2,182,966,989,1005,3932,6396,8519,6253,234,,285,380,1062,304,,t3_shieldbreaker|t3_finalstring
standard,143,b3,blue,mid,法師,xingjie,standard,1,2,6,0,7291,12158,9967,463.8,12.5,19.52,,2,0,1,2,2,1333,430,752,887,3593,5880,9262,6253,684,1140,,855,26,304,,t3_psyward
standard,143,b4,blue,adc,射手,guangsu,standard,1,3,5,0,16901,9062,10432,485.4,10.12,17.39,,2,0,1,2,2,1538,531,75,1581,3698,5731,8625,6253,642,570,,855,,304,,t3_shieldbreaker|t3_rendspear
standard,143,b5,blue,sup,輔助,xuemai,standard,1,0,4,3,5430,16121,10909,507.6,6.25,12.58,16.01,4,1,2,3,4,1435,333,917,508,4535,7363,9957,6253,281,,285,855,51,304,1926,t3_calmveil
standard,143,r1,red,top,戰士,dadi2,standard,0,2,0,0,10163,20994,10245,476.7,9.73,16.68,21.09,3,1,1,2,3,329,887,693,164,3479,6367,9293,6253,684,1140,,950,,266,,t3_shieldbreaker|t3_finalstring
standard,143,r2,red,jungle,戰士,anliuyouXia,standard,0,10,1,0,15432,15279,14447,672.2,8.95,13.77,16.41,4,1,2,3,4,344,940,1428,1046,4874,8890,12778,6253,342,4560,,,1356,266,,t3_shieldbreaker|t3_finalstring
standard,143,r3,red,mid,法師,xingjie,standard,0,3,3,2,8976,12724,11014,512.5,10.61,17.18,,2,0,1,2,2,1390,272,530,1614,3650,6472,9930,6253,893,1140,427,950,,266,,t3_psyward
standard,143,r4,red,adc,射手,guangsu,standard,0,9,2,2,27050,8585,14387,669.4,9.29,17,19.9,3,1,1,3,3,443,820,190,4086,3793,6500,10490,6253,883,1710,427,950,,266,,t3_shieldbreaker|t3_rendspear
standard,143,r5,red,sup,輔助,xuemai,standard,0,0,1,2,3532,14755,10015,466,5.95,12.76,18.29,3,1,2,3,3,721,266,788,784,4421,7296,9538,6253,199,,570,475,,76,1964,t3_calmveil
standard,144,b1,blue,top,戰士,ronggang,standard,0,0,2,0,14263,28101,9460,397.1,9.88,19.21,,2,1,1,2,2,519,286,144,810,3669,5816,8194,6253,858,,,760,,323,,t3_shieldbreaker|t3_finalstring
standard,144,b2,blue,jungle,戰士,kuangfeng,standard,0,0,3,0,6880,16356,9547,400.7,10.01,17.73,,2,0,1,2,2,1753,620,934,947,3753,6100,8034,6253,342,,,285,925,228,,t3_shieldbreaker|t3_finalstring
standard,144,b3,blue,mid,法師,auralith,standard,0,2,3,1,15289,14456,10423,437.5,10.74,18.58,,2,0,1,2,2,1447,140,175,1022,3707,5740,8505,6253,788,570,285,285,,323,,t3_psyward
standard,144,b4,blue,adc,射手,maestro,standard,0,9,7,0,30706,13032,14994,629.3,9.8,17.72,20.23,4,1,1,2,4,416,537,1383,1144,3766,6217,10283,6253,693,1710,,1235,68,323,,t3_shieldbreaker|t3_rendspear
standard,144,b5,blue,sup,坦克,longji,standard,0,2,2,1,5030,19657,12477,523.7,6.72,13.26,16.33,4,1,2,3,4,886,468,790,277,5086,7708,10770,6253,129,1140,,285,,323,2639,t3_calmveil|t3_thornmail
standard,144,r1,red,top,戰士,ronggang,standard,1,3,1,0,14278,23371,11998,503.6,9.03,17.85,22.35,3,1,1,2,3,728,418,866,547,3878,5648,8916,6253,915,570,,950,,228,,t3_shieldbreaker|t3_finalstring
standard,144,r2,red,jungle,戰士,kuangfeng,standard,1,2,1,2,11663,14368,11380,477.7,8.47,16.6,22.36,3,1,1,2,3,644,1000,422,580,3744,6480,8722,6253,399,570,,,1272,228,,t3_shieldbreaker|t3_finalstring
standard,144,r3,red,mid,法師,auralith,standard,1,4,3,4,26951,15630,13479,565.7,11.42,17.72,22.99,3,0,1,2,3,1495,399,188,1398,3755,6329,9588,6253,921,1140,570,475,,228,,t3_psyward
standard,144,r4,red,adc,射手,maestro,standard,1,6,6,3,26019,11115,13089,549.4,11.05,18.11,21.31,3,0,1,2,3,1462,328,1825,1289,3622,5408,9445,6253,779,1710,,475,,228,,t3_shieldbreaker|t3_rendspear
standard,144,r5,red,sup,坦克,longji,standard,1,2,2,2,6502,21492,12519,525.5,7.43,12.57,16.17,4,1,2,3,4,1195,560,510,918,5095,7800,10490,6253,291,1140,285,,,228,2292,t3_calmveil|t3_thornmail
standard,145,b1,blue,top,戰士,jingci,standard,0,0,8,1,11202,26057,8386,384.7,9.07,17.44,,2,1,1,2,2,371,625,426,806,3821,5455,7526,6253,798,,,475,,0,,t3_shieldbreaker|t3_finalstring
standard,145,b2,blue,jungle,戰士,longyi,standard,0,1,3,0,7046,16172,8957,410.9,8.42,18.48,,2,1,1,2,2,752,263,749,776,3852,5693,8279,6253,342,570,,,1113,0,,t3_shieldbreaker|t3_finalstring
standard,145,b3,blue,mid,法師,ronghuo,standard,0,1,3,0,10927,14753,8646,396.6,11.45,17.74,,2,0,1,2,2,1314,436,341,365,3574,5816,8071,6253,772,570,,475,,0,,t3_psyward
standard,145,b4,blue,adc,射手,liuxing,standard,0,2,3,0,11804,11373,9140,419.3,10.23,19.29,,2,0,1,2,2,1414,341,1095,559,3574,5721,7995,6253,696,570,,475,,0,,t3_shieldbreaker|t3_rendspear
standard,145,b5,blue,sup,輔助,hexweave,standard,0,0,3,0,4484,14436,9070,416,8.63,12.21,18.46,3,1,2,3,3,768,292,795,319,4468,6772,8495,6253,240,,,,51,0,1949,t3_calmveil
standard,145,r1,red,top,戰士,jingci,standard,1,9,0,1,19043,22535,15189,696.8,7.63,13.21,18.28,4,1,2,4,4,287,268,252,1739,4867,8268,13702,6253,818,4560,285,1235,,551,,t3_shieldbreaker|t3_finalstring
standard,145,r2,red,jungle,戰士,longyi,standard,1,4,0,1,12657,13238,12269,562.8,8.07,15.29,17.48,3,1,1,3,3,849,2261,602,919,3949,7691,11352,6253,210,2280,142,443,1471,551,,t3_shieldbreaker|t3_finalstring
standard,145,r3,red,mid,法師,ronghuo,standard,1,1,1,2,15793,11466,9804,449.7,10.38,17.55,,2,0,1,2,2,1623,460,137,753,3883,6360,8887,6253,625,570,427,443,16,551,,t3_psyward
standard,145,r4,red,adc,射手,liuxing,standard,1,6,2,3,18470,8875,13277,609,9.84,17.01,18.48,3,1,1,3,3,612,353,920,1476,3962,6033,11220,6253,900,2280,712,522,,551,,t3_shieldbreaker|t3_rendspear
standard,145,r5,red,sup,輔助,hexweave,standard,1,0,1,2,2787,9610,10946,502.1,6.88,13.16,17.93,3,1,2,3,3,2216,368,723,1716,4716,7398,9953,6253,257,,427,680,,456,1878,t3_calmveil
standard,146,b1,blue,top,戰士,longyi,standard,0,0,2,0,9034,20358,7880,366.1,10.36,17.96,,2,0,1,2,2,1391,421,313,200,3441,5721,7393,6253,589,,,475,,76,,t3_shieldbreaker|t3_finalstring
standard,146,b2,blue,jungle,戰士,cinderfist,standard,0,0,3,0,8280,16312,8360,388.4,10.27,19.23,,2,0,1,2,2,1708,285,92,830,3708,5715,7622,6253,266,,,,1027,76,,t3_shieldbreaker|t3_finalstring
standard,146,b3,blue,mid,法師,gambler,standard,0,0,4,0,11855,12441,8184,380.2,11.16,19.83,,2,0,1,2,2,1257,453,90,334,3517,5303,7640,6253,836,,,475,,76,,t3_psyward
standard,146,b4,blue,adc,射手,shensheng,standard,0,2,4,0,17640,11303,8806,409.1,9.99,20.16,,2,1,1,1,2,104,192,1302,1425,3454,5392,7102,6253,722,,,,51,76,,t3_shieldbreaker|t3_rendspear
standard,146,b5,blue,sup,輔助,shengming,standard,0,0,2,1,6647,17739,10299,478.5,6.17,13.32,17.63,3,1,2,3,3,168,644,452,1258,4468,6824,9032,6253,133,,,475,,76,2095,t3_calmveil
standard,146,r1,red,top,戰士,longyi,standard,1,2,0,1,13276,20996,9875,458.8,9.43,20.54,,2,1,1,1,2,386,484,3148,1275,3536,5664,8628,6253,589,570,142,617,,456,,t3_shieldbreaker|t3_finalstring
standard,146,r2,red,jungle,戰士,cinderfist,standard,1,4,1,1,15039,14964,12605,585.6,8.76,14.8,18.74,3,1,2,3,3,126,219,356,1674,4176,6969,11286,6253,380,1710,285,855,1346,456,,t3_shieldbreaker|t3_finalstring
standard,146,r3,red,mid,法師,gambler,standard,1,2,0,0,14038,11820,9898,459.8,11.03,18.62,,2,0,1,2,2,1447,178,240,497,3707,5778,9220,6253,753,1140,,617,,456,,t3_psyward
standard,146,r4,red,adc,射手,shensheng,standard,1,7,1,2,20222,9199,13299,617.8,10.58,16.98,19.64,3,0,1,3,3,1490,497,131,1918,3650,6177,10911,6253,639,2280,427,855,,456,,t3_shieldbreaker|t3_rendspear
standard,146,r5,red,sup,輔助,shengming,standard,1,0,0,5,5644,12118,10942,508.3,5.93,12.64,17.63,4,1,2,3,4,263,292,750,441,4563,7022,9980,6253,221,,855,380,,456,1813,t3_calmveil
standard,147,b1,blue,top,戰士,chichuan,standard,1,0,3,0,11382,24041,8334,384.5,9.42,18.38,,2,1,1,2,2,310,282,458,283,3460,5512,7608,6253,519,,,380,,456,,t3_shieldbreaker|t3_finalstring
standard,147,b2,blue,jungle,戰士,xueyue,standard,1,1,3,0,7488,16047,10254,473.1,8.16,15,21.03,3,1,2,2,3,727,242,774,653,3827,7042,9374,6253,367,570,,855,872,456,,t3_shieldbreaker|t3_finalstring
standard,147,b3,blue,mid,法師,ronghuo,standard,1,1,4,0,14796,12718,9239,426.3,10.32,19.47,,2,0,1,2,2,1523,304,470,439,3783,6234,8020,6253,741,570,,380,,76,,t3_psyward
standard,147,b4,blue,adc,射手,liangzicz,standard,1,3,2,0,14058,9178,10788,497.7,9.57,17.96,21.5,3,1,1,2,3,443,716,1087,307,3793,6396,9987,6253,712,1710,,855,,456,,t3_shieldbreaker|t3_rendspear
standard,147,b5,blue,sup,坦克,shiqiang,standard,1,0,1,0,5848,18206,10552,486.8,6.59,12.13,18.19,3,1,2,3,3,199,316,352,572,4649,7256,9732,6253,243,,,855,,456,1924,t3_calmveil|t3_thornmail
standard,147,r1,red,top,戰士,chichuan,standard,0,5,0,1,12941,22730,12080,557.3,9.29,16.41,20.17,3,1,1,2,3,367,742,1033,2429,3517,6272,9683,6253,551,1140,142,1425,,171,,t3_shieldbreaker|t3_finalstring
standard,147,r2,red,jungle,戰士,xueyue,standard,0,1,0,2,10146,13981,9679,446.5,7.93,16.13,,2,1,1,2,2,228,1157,502,1078,4028,6637,8802,6253,392,570,,,1414,171,,t3_shieldbreaker|t3_finalstring
standard,147,r3,red,mid,法師,ronghuo,standard,0,2,3,1,17323,12267,10294,474.9,11.34,18.38,,2,0,1,2,2,1485,220,327,1663,3745,6120,8657,6253,1045,1140,142,,,76,,t3_psyward
standard,147,r4,red,adc,射手,liangzicz,standard,0,1,2,5,15362,8925,9591,442.5,10.38,19.18,,2,0,1,2,2,1528,385,809,1340,3688,5465,8429,6253,864,570,570,,,171,,t3_shieldbreaker|t3_rendspear
standard,147,r5,red,sup,坦克,shiqiang,standard,0,4,0,3,6353,18704,12868,593.7,6.56,10.59,15.48,4,1,2,4,4,1172,1084,391,1267,5672,8324,11991,6253,376,2280,285,950,,171,1674,t3_calmveil|t3_thornmail
standard,148,b1,blue,top,戰士,xueyue,standard,0,0,2,0,8886,19760,7553,367.4,10.14,17.9,,2,0,1,2,2,1410,333,244,422,3460,5683,7374,6253,570,,,475,,76,,t3_shieldbreaker|t3_finalstring
standard,148,b2,blue,jungle,戰士,jufeng,standard,0,0,4,0,6743,16265,7955,386.9,8,17.97,,2,1,1,2,2,747,635,496,674,3847,5815,7776,6253,342,,,,1104,76,,t3_shieldbreaker|t3_finalstring
standard,148,b3,blue,mid,法師,gambler,standard,0,1,1,1,11334,12294,9196,447.3,10.85,19.18,,2,0,1,2,2,1400,511,238,1366,3660,5541,8068,6253,883,570,285,,,76,,t3_psyward
standard,148,b4,blue,adc,射手,xingchen,standard,0,3,3,1,15234,11560,9432,458.8,9.96,18.39,,2,1,1,2,2,158,161,1403,681,3508,5541,9253,6253,665,1710,285,237,26,76,,t3_shieldbreaker|t3_rendspear
standard,148,b5,blue,sup,坦克,suishan,standard,0,0,2,0,4309,18141,9492,461.7,7.61,13.82,18.37,3,1,2,3,3,849,271,213,392,4449,7071,9313,6253,161,,,712,,76,2110,t3_calmveil|t3_thornmail
standard,148,r1,red,top,戰士,xueyue,standard,1,5,0,0,14028,19862,11125,541.1,9.58,16.53,19.08,3,1,1,3,3,199,932,206,574,4049,6462,10756,6253,437,2850,,760,,456,,t3_shieldbreaker|t3_finalstring
standard,148,r2,red,jungle,戰士,jufeng,standard,1,2,0,2,8881,10494,10664,518.7,6.93,15.13,,2,1,1,2,2,686,1416,2181,2663,4486,6896,10181,6253,304,1140,427,443,1157,456,,t3_shieldbreaker|t3_finalstring
standard,148,r3,red,mid,法師,gambler,standard,1,0,1,4,14314,11158,9386,456.6,10.63,17.85,,2,0,1,2,2,1666,458,688,406,3926,6358,9018,6253,836,,712,760,,456,,t3_psyward
standard,148,r4,red,adc,射手,xingchen,standard,1,4,3,1,14609,7727,10542,512.8,9.95,17.52,20.39,3,1,1,2,3,186,570,1273,542,3536,6250,10173,6253,598,2280,142,443,,456,,t3_shieldbreaker|t3_rendspear
standard,148,r5,red,sup,坦克,suishan,standard,1,1,0,4,5911,14219,11753,571.7,8.62,12.04,17.18,4,1,2,3,4,787,484,1404,452,4687,7724,11384,6253,180,570,712,918,,456,2293,t3_calmveil|t3_thornmail
standard,149,b1,blue,top,戰士,fengbao,standard,0,0,4,0,11814,25695,9453,412.8,9.74,18.63,,2,1,1,2,2,310,85,265,1573,3460,5265,7545,6253,646,,,475,,171,,t3_shieldbreaker|t3_finalstring
standard,149,b2,blue,jungle,戰士,rongyan,standard,0,1,4,0,8586,16905,9631,420.6,8.93,16.68,22.69,3,1,1,2,3,101,977,384,81,3851,6407,8564,6253,465,570,,,1104,171,,t3_shieldbreaker|t3_finalstring
standard,149,b3,blue,mid,法師,ronghuo,standard,0,1,4,0,15315,14187,9933,433.7,10.41,17.7,,2,0,1,2,2,1642,175,238,532,3902,5625,8988,6253,1138,570,,950,,76,,t3_psyward
standard,149,b4,blue,adc,射手,dujian,standard,0,10,7,0,27480,10114,13830,603.9,10.06,18.09,19.34,3,0,1,3,3,1469,344,892,2230,3629,5424,10592,6253,722,3420,,,26,171,,t3_shieldbreaker|t3_rendspear
standard,149,b5,blue,sup,輔助,linghun,standard,0,0,4,2,5776,18840,11532,503.6,8.85,12.15,15.28,4,1,2,3,4,635,616,1212,652,4635,7346,10252,6253,220,,285,950,17,171,2355,t3_calmveil
standard,149,r1,red,top,戰士,fengbao,standard,1,4,1,0,11073,23359,12094,528.1,9.55,15.68,19.6,3,1,1,3,3,253,1261,166,1294,3403,6741,10066,6253,715,2280,,665,,152,,t3_shieldbreaker|t3_finalstring
standard,149,r2,red,jungle,戰士,rongyan,standard,1,8,0,1,18661,18035,14005,611.6,8.72,13.58,19.56,4,1,2,3,4,154,396,342,1255,4384,8346,10792,6253,114,2850,142,190,1089,152,,t3_shieldbreaker|t3_finalstring
standard,149,r3,red,mid,法師,ronghuo,standard,1,5,3,2,20887,15572,13658,596.4,10.41,15.88,20.54,3,0,1,2,3,1618,513,672,1578,3878,7013,10072,6253,817,1140,570,1140,,152,,t3_psyward
standard,149,r4,red,adc,射手,dujian,standard,1,6,6,0,16606,9347,11787,514.7,9.95,18.17,21.43,3,1,1,2,3,72,217,1011,406,3422,5417,8961,6253,418,1710,,427,,152,,t3_shieldbreaker|t3_rendspear
standard,149,r5,red,sup,輔助,linghun,standard,1,0,2,5,4274,14265,12242,534.6,6.17,13.55,16.24,4,1,2,3,4,563,182,1578,1742,4563,7212,10328,6253,253,,1282,427,,152,1959,t3_calmveil
standard,150,b1,blue,top,坦克,suishan,standard,1,3,0,0,9603,20388,10506,481.2,9.16,14.13,18.19,3,1,2,3,3,605,360,281,475,3555,6310,9711,6253,532,1710,,760,,456,,t3_calmveil|t3_thornmail
standard,150,b2,blue,jungle,戰士,jingci,standard,1,0,0,0,6334,12240,9494,434.8,8.82,16.33,,2,1,1,2,2,948,936,680,893,4048,6416,8680,6253,351,,,522,1096,456,,t3_finalstring|t3_shieldbreaker
standard,150,b3,blue,mid,法師,gambler,standard,1,1,1,1,16862,10344,10211,467.7,11.58,18.03,,2,0,1,2,2,1409,437,686,811,3669,6937,9436,6253,874,570,285,997,,456,,t3_psyward
standard,150,b4,blue,adc,射手,shengyan,standard,1,4,0,2,19853,8812,11412,522.7,9.41,17.63,19.65,3,1,1,3,3,338,694,166,561,3688,6494,10066,6253,934,1710,427,285,,456,,t3_shieldbreaker|t3_rendspear
standard,150,b5,blue,sup,坦克,xukong,standard,1,2,0,1,8115,18287,13000,595.4,6.55,12.08,15.46,4,1,2,4,4,71,1453,453,800,5171,8693,12053,6253,234,1140,142,1235,,456,2592,t3_calmveil|t3_thornmail
standard,150,r1,red,top,坦克,suishan,standard,0,1,0,0,8841,20185,9212,421.9,10.07,16.01,20.45,3,0,1,2,3,1913,328,151,81,3543,5728,7581,6253,750,,,475,26,76,,t3_calmveil|t3_thornmail
standard,150,r2,red,jungle,戰士,jingci,standard,0,0,1,0,6585,13224,8692,398.1,8.81,18.86,,2,1,1,2,2,821,708,798,291,3921,5938,7998,6253,161,,,,1507,76,,t3_finalstring|t3_shieldbreaker
standard,150,r3,red,mid,法師,gambler,standard,0,0,3,1,16381,13634,9043,414.2,11.26,19.05,,2,0,1,2,2,1333,536,496,342,3593,5436,7146,6253,817,,,,,76,,t3_psyward
standard,150,r4,red,adc,射手,shengyan,standard,0,0,5,0,9560,11899,8672,397.2,10.89,20.15,,2,0,1,1,2,1386,289,1337,1292,3546,5189,7137,6253,570,,,237,,76,,t3_shieldbreaker|t3_rendspear
standard,150,r5,red,sup,坦克,xukong,standard,0,0,1,0,6135,19659,9654,442.2,8.93,13.63,18.78,3,1,2,3,3,568,277,160,553,4468,6777,8960,6253,209,,,237,,76,2184,t3_calmveil|t3_thornmail
standard,151,b1,blue,top,坦克,stoneguard,standard,0,0,2,1,6498,21716,9551,425.6,9.93,16.58,20.64,3,1,1,2,3,643,381,531,300,3593,5531,7821,6253,779,,142,475,,171,,t3_calmveil|t3_thornmail
standard,151,b2,blue,jungle,刺客,voidrift,standard,0,1,6,0,6388,14314,8968,399.6,9.85,16.13,,2,1,1,2,2,462,1019,408,537,3662,6349,8188,6253,342,570,,,851,171,,t3_finalstring
standard,151,b3,blue,mid,法師,leiming,standard,0,0,5,0,11881,13198,8610,383.7,11.83,20.83,,2,0,1,1,2,1276,358,836,160,3536,5208,7336,6253,532,,,475,,76,,t3_psyward
standard,151,b4,blue,adc,射手,mirrorshot,standard,0,10,2,0,21219,12899,15108,673.2,9.47,14.88,18.22,4,1,2,3,4,338,284,1182,1558,3688,7184,12162,6253,703,4560,,475,,171,,t3_shieldbreaker|t3_rendspear
standard,151,b5,blue,sup,坦克,dadi,standard,0,0,1,1,7150,21466,10265,457.4,6.72,13.03,18.48,3,1,2,3,3,101,367,266,464,4601,7147,9466,6253,228,,142,,,171,2671,t3_calmveil|t3_thornmail
standard,151,r1,red,top,坦克,stoneguard,standard,1,4,2,1,10722,20714,11523,513.5,8.42,14.47,19.51,3,1,2,3,3,605,341,178,1973,3555,6291,9128,6253,760,1140,285,285,,405,,t3_calmveil|t3_thornmail
standard,151,r2,red,jungle,刺客,voidrift,standard,1,0,2,1,4814,9385,9347,416.5,8.83,17.75,,2,1,1,2,2,605,852,397,917,3805,6182,8047,6253,228,,142,285,986,152,,t3_finalstring
standard,151,r3,red,mid,法師,leiming,standard,1,0,3,3,18711,11519,9940,442.9,11.48,19.58,,2,0,1,2,2,1200,558,375,960,3460,6158,7925,6253,570,,427,522,,152,,t3_psyward
standard,151,r4,red,adc,射手,mirrorshot,standard,1,9,3,1,28115,10812,15314,682.4,9.27,15.28,18.61,4,1,1,3,4,243,1479,1256,1463,3593,7279,12406,6253,807,3420,285,1235,,405,,t3_shieldbreaker|t3_rendspear
standard,151,r5,red,sup,坦克,dadi,standard,1,3,1,2,8007,17242,13309,593,6.95,11.04,15.46,4,1,2,4,4,56,1608,226,1708,4506,8848,11826,6253,218,1710,285,522,,405,2431,t3_calmveil|t3_thornmail
standard,152,b1,blue,top,坦克,thornwall,standard,0,1,3,0,5997,22366,9259,423.4,7.4,13.42,20.41,3,1,2,2,3,332,277,1033,329,4182,6427,8663,6253,763,570,,950,,126,,t3_calmveil|t3_thornmail
standard,152,b2,blue,jungle,刺客,miwu,standard,0,0,6,1,5498,11613,8145,372.5,9.01,20.66,,2,1,1,1,2,493,306,1968,114,3693,5586,7548,6253,164,,71,,932,126,,t3_finalstring
standard,152,b3,blue,mid,法師,haixiao,standard,0,1,7,1,11901,14400,8985,410.9,11.21,19.33,,2,0,1,2,2,1366,166,393,855,3626,5596,7743,6253,943,,71,475,,0,,t3_psyward
standard,152,b4,blue,adc,射手,hanbing,standard,0,3,4,1,12212,12604,10148,464.1,9.01,19.38,,2,1,1,2,2,333,302,891,1397,3683,5382,8411,6253,855,570,71,475,60,126,,t3_shieldbreaker|t3_rendspear
standard,152,b5,blue,sup,輔助,mantra,standard,0,0,3,4,4849,16354,10294,470.8,8.36,12.05,16.99,3,1,2,3,3,367,463,548,1254,4667,7013,9128,6253,313,,356,,85,0,2119,t3_calmveil
standard,152,r1,red,top,坦克,thornwall,standard,1,2,0,0,7542,21341,10830,495.3,8.17,13.01,19.38,3,1,2,3,3,138,112,456,900,3688,6562,9906,6253,684,1140,,1353,,475,,t3_calmveil|t3_thornmail
standard,152,r2,red,jungle,刺客,miwu,standard,1,3,2,1,9038,12179,11840,541.5,7.54,13.13,18.61,3,1,2,3,3,364,938,1144,2190,4694,8488,10794,6253,228,1710,285,403,1534,380,,t3_finalstring
standard,152,r3,red,mid,法師,haixiao,standard,1,7,1,0,17253,12816,13072,597.8,10.79,17.51,21.03,3,0,1,2,3,1523,309,831,1642,3783,6809,9811,6253,969,1710,,403,,475,,t3_psyward
standard,152,r4,red,adc,射手,hanbing,standard,1,11,2,1,31139,8773,15385,703.6,9.04,14.78,19.03,4,1,2,3,4,1098,132,2319,1535,4448,7132,12319,6253,912,3990,285,403,,475,,t3_shieldbreaker|t3_rendspear
standard,152,r5,red,sup,輔助,mantra,standard,1,0,0,3,3799,13166,11913,544.8,8.55,11.76,16.64,4,1,2,3,4,901,349,1341,463,4601,7379,10381,6253,171,,285,1235,,475,1961,t3_calmveil
standard,153,b1,blue,top,坦克,tieshixin,standard,0,0,1,0,7255,16187,7459,388.6,8.15,15.8,,2,1,1,,2,233,307,,408,3783,5607,,,,,,,,,,t3_calmveil|t3_thornmail
standard,153,b2,blue,jungle,刺客,guihuo,standard,0,2,4,0,2897,9485,8488,442.3,8.38,15.91,,2,1,1,,2,592,289,,888,3792,5869,,,,,,,,,,t3_finalstring
standard,153,b3,blue,mid,法師,leiming,standard,0,0,2,1,8907,10966,7202,375.3,11.09,,,1,0,1,,1,1637,121,,722,3897,5721,,,,,,,,,,t3_psyward
standard,153,b4,blue,adc,射手,xuanfeng,standard,0,1,2,0,11992,10316,7586,395.3,10.96,18.22,,2,0,1,,2,1528,363,,365,3688,5563,,,,,,,,,,t3_shieldbreaker|t3_rendspear
standard,153,b5,blue,sup,輔助,huanjing,standard,0,0,1,2,4423,14063,8723,454.5,6.05,12.3,17.06,3,1,2,,3,168,104,,142,4468,6834,,,,,,,,,,t3_calmveil
standard,153,r1,red,top,坦克,tieshixin,standard,1,2,0,2,8069,19057,10195,531.2,9.25,12.85,17.68,3,1,2,,3,881,484,,744,3831,6814,,,,,,,,,,t3_calmveil|t3_thornmail
standard,153,r2,red,jungle,刺客,guihuo,standard,1,3,1,2,5563,8388,10320,537.8,8.72,15.64,,2,1,1,,2,672,2052,,1990,3872,7632,,,,,,,,,,t3_finalstring
standard,153,r3,red,mid,法師,leiming,standard,1,2,1,1,9639,10340,9381,488.8,11.19,17.61,,2,0,1,,2,1466,310,,1530,3726,6510,,,,,,,,,,t3_psyward
standard,153,r4,red,adc,射手,xuanfeng,standard,1,3,0,0,14799,7060,9229,480.9,11.03,17.06,,2,0,1,,2,1519,32,,1608,3679,5712,,,,,,,,,,t3_shieldbreaker|t3_rendspear
standard,153,r5,red,sup,輔助,huanjing,standard,1,0,1,3,6050,11151,9959,518.9,5.91,12.22,17.18,3,1,2,,3,282,666,,1379,4582,7696,,,,,,,,,,t3_calmveil
standard,154,b1,blue,top,坦克,bingshouweis,standard,0,0,4,1,7126,20849,7867,391.9,9.97,16.34,,2,1,1,2,2,700,416,113,137,3650,5816,7843,6253,829,,285,475,,0,,t3_calmveil|t3_thornmail
standard,154,b2,blue,jungle,刺客,jiansheng,standard,0,0,3,0,3827,9224,7740,385.6,8.34,18.04,,2,1,1,2,2,729,482,536,560,3929,5812,7716,6253,212,,,,1250,0,,t3_finalstring
standard,154,b3,blue,mid,法師,haixiao,standard,0,0,3,0,10525,12424,7646,380.9,11.03,19.31,,2,0,1,2,2,1270,485,271,295,3530,5335,7621,6253,766,,,475,,126,,t3_psyward
standard,154,b4,blue,adc,射手,phantom,standard,0,3,4,0,11260,12308,9549,475.7,7.75,18.23,,2,1,1,2,2,870,668,1074,1098,4220,6168,9524,6253,722,1710,,712,,126,,t3_shieldbreaker|t3_rendspear
standard,154,b5,blue,sup,坦克,dadi,standard,0,0,2,0,3377,16919,9538,475.1,7.46,13.06,18.11,3,1,2,3,3,44,859,403,437,4494,7059,9503,6253,205,,,237,,126,2680,t3_calmveil|t3_thornmail
standard,154,r1,red,top,坦克,bingshouweis,standard,1,4,0,1,6175,16159,11512,573.5,9.25,14.92,18.37,3,1,2,3,3,586,42,1458,1482,3536,6272,11488,6253,551,2280,285,1662,,456,,t3_calmveil|t3_thornmail
standard,154,r2,red,jungle,刺客,jiansheng,standard,1,5,0,2,8865,9173,12002,597.8,9.07,12.98,17.81,3,1,2,3,3,1489,614,1697,1721,4689,7794,11977,6253,123,2850,427,475,1391,456,,t3_finalstring
standard,154,r3,red,mid,法師,haixiao,standard,1,2,1,4,16778,10401,10344,515.2,10.43,17.17,,2,0,1,2,2,1447,492,919,943,3707,6092,10319,6253,902,1140,855,712,,456,,t3_psyward
standard,154,r4,red,adc,射手,phantom,standard,1,4,2,3,18473,9418,11588,577.2,9.92,17.58,18.99,3,1,1,3,3,253,767,1664,1688,3603,6567,11564,6253,579,2280,570,1425,,456,,t3_shieldbreaker|t3_rendspear
standard,154,r5,red,sup,坦克,dadi,standard,1,1,0,4,4798,11966,11005,548.2,7.1,12.82,17.89,3,1,2,3,3,918,876,1001,1025,5418,8116,10981,6253,123,570,712,475,,456,2390,t3_calmveil|t3_thornmail
standard,155,b1,blue,top,坦克,tiebi,standard,1,0,1,0,9101,17001,7750,390.1,8.62,15.09,,2,1,1,,2,183,580,,470,3783,5930,,,,,,,,,,t3_calmveil|t3_thornmail
standard,155,b2,blue,jungle,刺客,hundun,standard,1,0,3,0,2186,7548,8089,407.2,11.53,17.15,,2,0,1,,2,1676,317,,539,3886,6047,,,,,,,,,,t3_psyward
standard,155,b3,blue,mid,法師,leiming,standard,1,0,3,0,10044,11205,8425,424.1,12.31,16.27,,2,0,1,,2,1371,540,,344,3631,5740,,,,,,,,,,t3_psyward
standard,155,b4,blue,adc,射手,huanying,standard,1,2,2,0,9394,9280,9211,463.7,9.81,17.04,,2,1,1,,2,262,79,,631,3612,5759,,,,,,,,,,t3_shieldbreaker|t3_rendspear
standard,155,b5,blue,sup,輔助,luminary,standard,1,0,0,0,3268,13421,9323,469.3,7.33,12.76,16.15,3,1,2,,3,1425,235,,862,4525,7265,,,,,,,,,,t3_calmveil
standard,155,r1,red,top,坦克,tiebi,standard,0,5,0,0,10366,18187,11097,558.6,8.35,14.21,18.03,3,1,2,,3,1128,413,,1117,4078,6313,,,,,,,,,,t3_calmveil|t3_thornmail
standard,155,r2,red,jungle,刺客,hundun,standard,0,3,0,1,6605,9204,9874,497,7.59,16.13,,2,1,1,,2,769,772,,573,5219,7172,,,,,,,,,,t3_psyward
standard,155,r3,red,mid,法師,leiming,standard,0,1,1,1,9505,9629,9118,459,10.56,17.18,,2,0,1,,2,2264,517,,838,4524,6367,,,,,,,,,,t3_psyward
standard,155,r4,red,adc,射手,huanying,standard,0,0,1,1,6723,7351,7636,384.4,10.16,19.38,,2,0,1,,2,1234,81,,316,3394,5161,,,,,,,,,,t3_shieldbreaker|t3_rendspear
standard,155,r5,red,sup,輔助,luminary,standard,0,0,0,2,4462,10183,9488,477.6,7.97,11.69,17.13,3,1,2,,3,1277,272,,1028,4677,7002,,,,,,,,,,t3_calmveil
standard,156,b1,blue,top,坦克,shengdun,standard,0,0,3,0,6361,23640,8564,365.1,10.2,15.33,,2,0,1,2,2,1927,469,972,934,3517,5769,7422,6253,617,,,475,,76,,t3_calmveil|t3_thornmail
standard,156,b2,blue,jungle,刺客,razorwing,standard,0,0,5,0,3961,10742,8943,381.2,10.36,18.78,,2,0,1,2,2,1761,841,568,863,3691,5641,7698,6253,155,,,,1214,76,,t3_finalstring
standard,156,b3,blue,mid,法師,mingyun2,standard,0,0,5,0,12825,15766,9163,390.6,11.41,19.36,,2,0,1,2,2,1352,349,351,282,3612,5379,8001,6253,722,,,950,,76,,t3_psyward
standard,156,b4,blue,adc,射手,siwang,standard,0,3,3,0,15801,9845,10613,452.4,9.19,19.68,23.19,3,1,1,2,3,439,656,235,292,3789,5556,7855,6253,956,570,,,,76,,t3_shieldbreaker|t3_rendspear
standard,156,b5,blue,sup,輔助,xuemai,standard,0,0,2,0,4883,16337,10760,458.7,7.38,12.77,16.24,4,1,2,3,4,1397,1157,588,360,4497,7337,9048,6253,208,,,475,,76,2034,t3_calmveil
standard,156,r1,red,top,坦克,shengdun,standard,1,2,0,1,11375,21272,11899,507.2,9.54,12.91,19.23,3,1,2,3,3,1156,98,413,1968,4106,6728,9863,6253,494,1140,285,1140,,551,,t3_calmveil|t3_thornmail
standard,156,r2,red,jungle,刺客,razorwing,standard,1,4,1,2,6512,11013,13123,559.4,8.41,13.13,18.88,4,1,2,3,4,987,1090,1171,673,4187,7740,11301,6253,304,2280,570,190,1152,551,,t3_finalstring
standard,156,r3,red,mid,法師,mingyun2,standard,1,5,0,1,15468,12316,13577,578.8,10.13,17.61,22.17,3,0,1,2,3,1713,154,1269,1676,3973,6354,9299,6253,1054,570,285,585,,551,,t3_psyward
standard,156,r4,red,adc,射手,siwang,standard,1,6,2,1,20672,8295,12785,545,9.9,16.79,21.69,3,1,1,2,3,205,259,691,2305,3555,5639,9591,6253,538,1710,285,348,,456,,t3_shieldbreaker|t3_rendspear
standard,156,r5,red,sup,輔助,xuemai,standard,1,1,0,3,7718,13476,13224,563.7,6.5,12.65,17.74,4,1,2,4,4,225,740,617,1773,4525,7470,11017,6253,117,570,570,585,,551,2370,t3_calmveil
standard,157,b1,blue,top,坦克,xukong,standard,1,0,1,0,11695,21501,9284,419.3,8.08,14.57,21.36,3,1,2,2,3,795,227,597,633,3745,6177,7887,6253,646,,,665,,323,,t3_calmveil|t3_thornmail
standard,157,b2,blue,jungle,刺客,yeiren,standard,1,0,0,1,5913,9542,9429,425.8,8.42,16.36,,2,1,1,2,2,564,1221,765,998,3764,6201,8545,6253,294,,285,190,1199,323,,t3_finalstring
standard,157,b3,blue,mid,法師,bingshuang,standard,1,2,1,0,14053,12614,9496,428.9,12.03,19.13,,2,0,1,2,2,1450,75,192,515,3710,6275,8042,6253,706,570,,190,,323,,t3_psyward
standard,157,b4,blue,adc,射手,maestro,standard,1,3,4,0,14093,11576,10465,472.6,9.79,16.93,21.13,3,1,1,2,3,389,553,1311,244,3739,5753,9591,6253,734,1710,,665,,228,,t3_shieldbreaker|t3_rendspear
standard,157,b5,blue,sup,坦克,longji,standard,1,0,0,0,4980,19709,10586,478.1,7.65,12.76,18.41,3,1,2,3,3,1666,297,323,606,4566,7537,9703,6253,164,,,1140,,323,1821,t3_calmveil|t3_thornmail
standard,157,r1,red,top,坦克,xukong,standard,0,0,0,0,9848,20678,8904,402.1,8.79,17.28,,2,1,1,2,2,567,279,844,1613,3517,5379,8134,6253,703,,,950,,228,,t3_calmveil|t3_thornmail
standard,157,r2,red,jungle,刺客,yeiren,standard,0,1,0,0,6772,9193,10179,459.7,9.23,16.49,20.5,3,1,1,2,3,764,921,928,378,3964,6251,9358,6253,342,570,,237,1727,228,,t3_finalstring
standard,157,r3,red,mid,法師,bingshuang,standard,0,0,0,0,13882,13148,8736,394.5,10.67,20.58,,2,0,1,1,2,1400,167,941,1185,3660,5617,7441,6253,959,,,,,228,,t3_psyward
standard,157,r4,red,adc,射手,maestro,standard,0,5,3,0,16331,11712,10672,482,10.08,17.73,21.81,3,0,1,2,3,1279,437,1145,151,3439,5937,8825,6253,608,1710,,,26,228,,t3_shieldbreaker|t3_rendspear
standard,157,r5,red,sup,坦克,longji,standard,0,0,2,1,7212,20438,11429,516.2,7.69,13.28,18,3,1,2,3,3,249,567,457,1448,4449,7347,10437,6253,161,,,1187,,228,2607,t3_calmveil|t3_thornmail
standard,158,b1,blue,top,坦克,tiemu,standard,0,0,1,0,6499,19829,8083,395.6,8.6,15.72,,2,1,1,2,2,567,359,214,352,3517,5759,7944,6253,665,,,950,,76,,t3_calmveil|t3_thornmail
standard,158,b2,blue,jungle,刺客,sting,standard,0,0,4,0,3250,9870,7562,370.1,9.09,17.95,,2,1,1,2,2,507,262,124,262,3707,5592,7424,6253,342,,,,752,76,,t3_finalstring
standard,158,b3,blue,mid,法師,mingyun2,standard,0,2,3,0,13186,13006,9223,451.4,9.82,17.11,,2,1,1,2,2,180,1018,474,342,4030,6348,9084,6253,1140,1140,,475,,76,,t3_psyward
standard,158,b4,blue,adc,射手,liuxing,standard,0,2,3,1,10919,9778,8729,427.2,9.39,19.6,,2,1,1,2,2,272,199,140,278,3622,5579,8590,6253,598,1140,285,237,,76,,t3_shieldbreaker|t3_rendspear
standard,158,b5,blue,sup,坦克,stoneguard,standard,0,1,2,2,3859,16682,10959,536.3,6.51,11.73,15.75,3,1,2,3,3,711,598,1240,1378,4611,8278,10820,6253,294,570,570,712,,76,2343,t3_calmveil|t3_thornmail
standard,158,r1,red,top,坦克,tiemu,standard,1,4,0,0,7514,16635,11568,566.1,9.28,13.78,17.83,3,1,2,3,3,662,484,1209,1537,3612,6434,11239,6253,741,2280,,1472,17,475,,t3_calmveil|t3_thornmail
standard,158,r2,red,jungle,刺客,sting,standard,1,2,2,1,6772,8702,10224,500.4,8.5,14.03,,2,1,2,2,2,237,399,1465,1794,4437,7579,9895,6253,247,1140,285,285,1305,380,,t3_finalstring
standard,158,r3,red,mid,法師,mingyun2,standard,1,1,1,2,15756,9898,9612,470.4,11.05,16.87,,2,0,1,2,2,1561,587,304,632,3821,6187,9284,6253,608,570,380,997,,475,,t3_psyward
standard,158,r4,red,adc,射手,liuxing,standard,1,5,1,4,18048,9540,12576,615.5,9.47,16.47,18.37,3,1,1,3,3,348,763,528,1426,3698,6263,11678,6253,959,2280,950,760,,475,,t3_shieldbreaker|t3_rendspear
standard,158,r5,red,sup,坦克,stoneguard,standard,1,1,1,1,4908,14350,11306,553.3,6.73,11.17,16.73,3,1,2,3,3,316,544,1476,1325,4516,7784,10976,6253,142,570,95,760,,475,2680,t3_calmveil|t3_thornmail
standard,159,b1,blue,top,坦克,longji,standard,0,0,2,0,7198,20057,7445,355.6,9.67,17.72,,2,1,1,2,2,119,253,396,394,3669,5303,7146,6253,608,,,,,285,,t3_calmveil|t3_thornmail
standard,159,b2,blue,jungle,刺客,yingsi,standard,0,1,4,0,5853,10259,8838,422.2,8.85,17.7,,2,1,1,2,2,646,534,239,757,3846,5814,7969,6253,326,,,,1010,380,,t3_finalstring
standard,159,b3,blue,mid,法師,bingshuang,standard,0,1,3,1,10450,12466,8630,412.3,11.71,18.5,,2,0,1,2,2,1290,69,632,450,3550,5279,8332,6253,938,570,285,,,285,,t3_psyward
standard,159,b4,blue,adc,射手,shensheng,standard,0,5,4,1,11575,11372,11299,539.8,9.21,17.38,19.83,3,1,1,3,3,383,470,226,449,3733,6270,10146,6253,658,2280,,712,51,190,,t3_shieldbreaker|t3_rendspear
standard,159,b5,blue,sup,輔助,mingyunyindao,standard,0,0,1,0,3335,13060,10064,480.8,7.18,12.36,17.89,3,1,2,3,3,1522,177,1606,1024,4622,7207,9766,6253,432,,,712,,380,1988,t3_calmveil
standard,159,r1,red,top,坦克,longji,standard,1,3,1,1,9212,17034,10798,515.8,6.58,12.51,19.06,3,1,2,3,3,670,492,1475,868,4220,7422,10025,6253,693,1710,,1140,,228,,t3_calmveil|t3_thornmail
standard,159,r2,red,jungle,刺客,yingsi,standard,1,4,0,1,8288,9544,11346,542,8.82,15.58,19.53,3,1,1,3,3,310,2166,121,746,4460,7746,10721,6253,190,2280,285,190,1295,228,,t3_finalstring
standard,159,r3,red,mid,法師,bingshuang,standard,1,1,3,2,12953,11970,9848,470.4,10.44,17.38,,2,0,1,2,2,1523,405,560,448,3783,6605,9360,6253,788,570,380,1140,,228,,t3_psyward
standard,159,r4,red,adc,射手,shensheng,standard,1,6,3,1,16055,8305,11886,567.8,10.52,17.16,20.74,3,0,1,2,3,1405,663,1357,505,3565,6343,10257,6253,736,2280,95,665,,228,,t3_shieldbreaker|t3_rendspear
standard,159,r5,red,sup,輔助,mingyunyindao,standard,1,0,0,1,4425,12151,10376,495.7,6.25,13.23,16.86,3,1,2,3,3,547,217,1728,1336,4497,7247,9888,6253,251,,95,1140,,228,1919,t3_calmveil
standard,160,b1,blue,top,坦克,tixue,standard,0,2,3,0,18953,34540,13314,449.7,7.79,13.93,21.03,4,1,2,2,4,238,412,1246,1063,3888,6662,8536,6253,1124,570,,285,,304,,t3_calmveil|t3_thornmail
standard,160,b2,blue,jungle,刺客,youming,standard,0,2,5,1,15730,17302,13010,439.4,9.2,16.66,22.62,4,1,1,2,4,524,1273,643,209,3724,6253,8773,6253,294,570,142,285,923,304,,t3_finalstring
standard,160,b3,blue,mid,法師,mingyun2,standard,0,8,8,1,36732,19580,16667,562.9,11.5,17.72,23.63,4,0,1,2,4,1409,463,533,2267,3669,6063,8983,6253,953,570,142,760,,304,,t3_psyward
standard,160,b4,blue,adc,射手,liangzicz,standard,0,14,9,1,52583,20733,19194,648.3,10.07,16.87,20.35,5,0,1,2,5,1481,675,1182,3594,3641,6475,9762,6253,924,1710,285,285,,304,,t3_shieldbreaker|t3_rendspear
standard,160,b5,blue,sup,坦克,shiqiang,standard,0,0,2,2,12851,30850,13899,469.4,8.52,12.28,17.23,4,1,2,3,4,749,664,729,1698,4649,7904,10109,6253,351,,,760,,304,2440,t3_calmveil|t3_thornmail
standard,160,r1,red,top,坦克,tixue,standard,1,8,0,0,31685,37955,17529,592,8.01,12.3,16.61,5,1,2,3,5,228,935,1847,3878,3878,7925,11877,6253,988,2850,,1425,,361,,t3_calmveil|t3_thornmail
standard,160,r2,red,jungle,刺客,youming,standard,1,0,6,1,9825,17498,12050,407,9.51,16.86,24.17,3,1,1,2,3,576,1341,91,1169,3776,6021,8221,6253,342,,285,,1169,171,,t3_finalstring
standard,160,r3,red,mid,法師,mingyun2,standard,1,7,7,0,26334,21420,16702,564.1,10.44,17.55,22.72,4,0,1,2,4,1523,599,715,2302,3783,6199,8745,6253,1086,570,,475,,361,,t3_psyward
standard,160,r4,red,adc,射手,liangzicz,standard,1,12,11,2,47633,20405,17766,600,9.41,17,21.83,5,1,1,2,5,272,425,240,2166,3622,6225,8220,6253,845,570,285,,,266,,t3_shieldbreaker|t3_rendspear
standard,160,r5,red,sup,坦克,shiqiang,standard,1,0,2,4,13523,33251,15502,523.6,7.66,13.07,17.44,5,1,2,3,5,430,598,156,1902,4630,7838,10136,6253,348,,285,475,,361,2413,t3_calmveil|t3_thornmail
standard,161,b1,blue,top,坦克,suishan,standard,,4,20,1,48162,122913,25188,419.8,9.09,13.73,18.68,5,1,2,3,5,1278,258,167,11538,4228,6508,9757,6253,634,1140,,1425,,304,,t3_calmveil|t3_thornmail
standard,161,b2,blue,jungle,戰士,rongyan,standard,,12,15,0,58347,65919,31229,520.5,9.36,16.28,21.86,5,1,1,2,5,747,1035,1347,15929,3847,6515,9577,6253,315,1710,,,994,304,,t3_finalstring|t3_shieldbreaker
standard,161,b3,blue,mid,法師,bingshuang,standard,,42,31,4,208709,61774,47213,786.9,10.89,17.48,22.36,5,0,1,2,5,1573,361,238,31063,3833,5961,9238,6253,1157,570,427,475,51,304,,t3_psyward
standard,161,b4,blue,adc,射手,xingchen,standard,,56,27,2,492697,43469,53812,896.9,10.83,17.87,22.04,5,0,1,2,5,1441,345,979,38211,3601,5425,8959,6253,786,1140,,475,,304,,t3_shieldbreaker|t3_rendspear
standard,161,b5,blue,sup,坦克,tixue,standard,,0,25,14,19660,94478,26748,445.8,6.98,13.2,17.36,5,1,2,3,5,77,437,320,13148,4577,7237,9860,6253,222,,997,,,304,2082,t3_calmveil|t3_thornmail
standard,161,r1,red,top,坦克,suishan,standard,,8,16,5,54683,109003,29333,488.9,9.38,13.33,14.88,5,1,3,3,5,510,48,1423,15682,3460,8698,11453,6253,741,2850,95,1235,51,228,,t3_calmveil|t3_thornmail
standard,161,r2,red,jungle,戰士,rongyan,standard,,11,16,4,58090,64282,32373,539.6,8.74,15.69,22.25,5,1,1,2,5,720,1211,894,17073,3820,6691,8594,6253,161,,285,285,1381,228,,t3_finalstring|t3_shieldbreaker
standard,161,r3,red,mid,法師,bingshuang,standard,,37,31,0,149312,52796,42743,712.4,12.09,18.23,23.83,5,0,1,2,5,1476,329,689,26593,3736,6529,8239,6253,902,570,,285,,228,,t3_psyward
standard,161,r4,red,adc,射手,xingchen,standard,,59,29,5,505017,46921,57227,953.8,10.19,17.88,20.8,5,0,1,2,5,1449,345,586,41627,3609,6145,9166,6253,737,,712,1235,,228,,t3_shieldbreaker|t3_rendspear
standard,161,r5,red,sup,坦克,tixue,standard,,3,22,11,21827,98432,27479,458,7.64,12,18.55,5,1,2,3,5,890,561,139,13879,4490,7801,10119,6253,193,1140,332,285,,228,1687,t3_calmveil|t3_thornmail
standard,162,b1,blue,top,坦克,stoneguard,standard,1,1,0,1,13875,22841,11101,488.8,7.83,14.42,19.95,3,1,2,3,3,719,422,82,1950,3669,6272,8932,6253,722,,285,1140,,532,,t3_calmveil|t3_thornmail
standard,162,b2,blue,jungle,戰士,tielian,standard,1,5,0,1,13162,11750,12548,552.6,9.8,16.17,19.3,3,1,1,3,3,651,996,868,1198,3751,6426,10718,6253,152,2280,285,190,1026,532,,t3_shieldbreaker|t3_finalstring
standard,162,b3,blue,mid,法師,lieyan,standard,1,5,5,1,12980,14237,12467,549,11.53,15.78,21.26,3,0,1,2,3,1438,523,902,956,3698,7023,9702,6253,826,1140,285,665,,532,,t3_psyward
standard,162,b4,blue,adc,射手,liangzi,standard,1,4,2,0,11914,10247,11298,497.5,10.08,16.98,22.52,3,0,1,2,3,1604,155,203,398,3764,5835,9103,6253,750,1140,,427,,532,,t3_shieldbreaker|t3_rendspear
standard,162,b5,blue,sup,輔助,linghun,standard,1,3,0,0,7438,15135,13314,586.3,8.24,12.07,16.17,4,1,2,4,4,892,579,841,1933,4592,7309,12221,6253,209,1710,,902,51,532,2562,t3_calmveil
standard,162,r1,red,top,坦克,stoneguard,standard,0,0,2,0,10050,21641,9221,406.1,8.79,18.06,20.06,3,1,1,2,3,542,171,1568,170,3492,5221,8318,6253,639,,,1425,,0,,t3_calmveil|t3_thornmail
standard,162,r2,red,jungle,戰士,tielian,standard,0,0,3,0,12893,16190,9140,402.5,9.05,17.35,,2,1,1,2,2,904,531,351,960,4004,5961,8051,6253,240,,,,1557,0,,t3_shieldbreaker|t3_finalstring
standard,162,r3,red,mid,法師,lieyan,standard,0,1,4,1,10485,13439,9512,418.9,11.09,19.14,,2,0,1,2,2,1447,662,209,232,3707,5512,8039,6253,1026,,285,475,,0,,t3_psyward
standard,162,r4,red,adc,射手,liangzi,standard,0,6,7,0,19027,10287,11596,510.6,9.28,17.88,21.26,3,1,1,2,3,883,529,995,945,4233,6209,8945,6253,744,1710,,237,,0,,t3_shieldbreaker|t3_rendspear
standard,162,r5,red,sup,輔助,linghun,standard,0,0,2,0,6305,15932,10103,444.9,7.33,12.47,16.84,3,1,2,3,3,468,303,1238,1063,4468,7033,9238,6253,161,,,712,,0,2111,t3_calmveil
standard,163,b1,blue,top,坦克,ironclad,standard,0,1,3,0,7260,19723,8305,387.6,9.53,16.01,21.06,3,1,1,2,3,1061,434,200,154,4011,5734,7830,6253,532,570,,475,,0,,t3_calmveil|t3_thornmail
standard,163,b2,blue,jungle,戰士,cinderfist,standard,0,0,3,0,6497,16621,8056,376,8.41,19.19,,2,1,1,2,2,693,625,129,356,3793,5755,7479,6253,335,,,,890,0,,t3_shieldbreaker|t3_finalstring
standard,163,b3,blue,mid,法師,shikong,standard,0,3,5,1,17754,14794,10075,470.2,11.3,17.48,,2,0,1,2,2,1485,379,501,994,3745,6579,9581,6253,858,1710,285,475,,0,,t3_psyward
standard,163,b4,blue,adc,射手,shengyan,standard,0,3,3,0,13564,10799,9362,437,10.47,18.75,,2,0,1,2,2,1338,194,187,912,3498,5094,8337,6253,468,1140,,475,,0,,t3_shieldbreaker|t3_rendspear
standard,163,b5,blue,sup,輔助,shiguang,standard,0,0,2,2,4808,15708,10178,475,6.58,12.33,14.75,3,1,3,3,3,1087,141,682,1137,4487,7841,9722,6253,237,,570,475,,0,2186,t3_calmveil
standard,163,r1,red,top,坦克,ironclad,standard,1,0,1,0,8315,19345,8856,413.3,8.55,16.71,,2,1,1,2,2,529,307,847,1625,3479,5607,8077,6253,494,,,760,,570,,t3_calmveil|t3_thornmail
standard,163,r2,red,jungle,戰士,cinderfist,standard,1,7,1,0,17213,15080,13620,635.7,8.16,13.61,19.91,3,1,2,3,3,196,749,355,2269,4246,7799,11705,6253,247,2850,,285,1500,570,,t3_shieldbreaker|t3_finalstring
standard,163,r3,red,mid,法師,shikong,standard,1,7,2,1,17885,13438,13359,623.5,10.84,16.37,20.57,3,0,1,2,3,1466,357,938,1278,3726,6557,10338,6253,855,1710,285,760,,475,,t3_psyward
standard,163,r4,red,adc,射手,shengyan,standard,1,2,3,4,19241,8303,11468,535.3,9.93,17.82,,2,1,1,2,2,281,398,650,2568,3631,5778,9550,6253,684,570,570,997,,475,,t3_shieldbreaker|t3_rendspear
standard,163,r5,red,sup,輔助,shiguang,standard,1,0,0,2,3542,13453,10850,506.4,6.74,11.84,17.02,3,1,2,3,3,525,1087,518,1619,4525,7337,9748,6253,76,,285,522,,570,2041,t3_calmveil
standard,164,b1,blue,top,坦克,tieshixin,standard,0,0,4,0,8701,19122,7591,369.2,9.63,17.43,,2,1,1,2,2,491,415,543,160,3441,5265,7393,6253,665,,,475,,0,,t3_calmveil|t3_thornmail
standard,164,b2,blue,jungle,戰士,chichuan,standard,0,0,1,1,8231,15707,8045,391.3,9.14,19.09,,2,1,1,2,2,700,167,529,165,3800,5647,7809,6253,411,,285,,859,0,,t3_finalstring|t3_shieldbreaker
standard,164,b3,blue,mid,法師,lieyan,standard,0,2,5,0,13212,12555,8854,430.7,11.26,18.56,,2,0,1,2,2,1257,339,1326,454,3517,5189,8676,6253,570,1140,,712,,0,,t3_psyward
standard,164,b4,blue,adc,射手,mirrorshot,standard,0,1,2,1,9928,11265,8921,433.9,10.08,18.33,,2,0,1,2,2,1338,265,892,170,3498,5645,8742,6253,589,570,142,1187,,0,,t3_shieldbreaker|t3_rendspear
standard,164,b5,blue,sup,坦克,tixue,standard,0,0,1,1,3846,17574,8958,435.7,7.71,13.45,19.5,3,1,2,3,3,549,229,241,157,4449,6729,8741,6253,82,,142,,,0,2262,t3_calmveil|t3_thornmail
standard,164,r1,red,top,坦克,tieshixin,standard,1,0,0,1,7441,18222,9206,447.8,8.83,14.67,20.4,3,1,2,2,3,624,155,1433,255,3574,6405,8723,6253,798,,285,855,,532,,t3_calmveil|t3_thornmail
standard,164,r2,red,jungle,戰士,chichuan,standard,1,5,0,1,13599,11430,12198,593.4,8.84,15.3,17.68,3,1,1,3,3,812,2749,651,1168,3912,8229,11681,6253,304,2850,142,380,1219,532,,t3_finalstring|t3_shieldbreaker
standard,164,r3,red,mid,法師,lieyan,standard,1,5,1,0,12108,10964,11676,567.9,11.71,17.81,19.68,3,0,1,3,3,1371,292,187,1125,3631,5892,10737,6253,817,2280,,855,,532,,t3_psyward
standard,164,r4,red,adc,射手,mirrorshot,standard,1,3,1,1,18108,8185,11014,535.7,10.19,19.18,19.67,3,0,1,3,3,1623,531,175,494,3783,5911,10075,6253,772,1140,285,1092,,532,,t3_shieldbreaker|t3_rendspear
standard,164,r5,red,sup,坦克,tixue,standard,1,0,1,2,6225,15076,11045,537.2,6.7,13.23,17.02,3,1,2,3,3,344,1000,696,1064,4544,7660,10676,6253,196,,427,617,,532,2649,t3_calmveil|t3_thornmail
standard,165,b1,blue,top,坦克,tiankong,standard,0,2,0,0,8828,24803,10127,446.1,9.36,15.61,19.06,3,1,1,3,3,529,564,245,597,3479,5864,8695,6253,617,570,,950,,304,,t3_calmveil|t3_thornmail
standard,165,b2,blue,jungle,戰士,dadi2,standard,0,1,1,0,7636,16394,9232,406.7,9.36,18,,2,1,1,2,2,698,367,382,682,3798,5797,8332,6253,418,570,,,786,304,,t3_shieldbreaker|t3_finalstring
standard,165,b3,blue,mid,法師,shikong,standard,0,3,6,0,12020,13694,10830,477.1,10.73,19.72,,2,0,1,2,2,1438,296,228,1430,3698,5446,8258,6253,750,,,950,,304,,t3_psyward
standard,165,b4,blue,adc,射手,hanbing,standard,0,3,1,0,17175,10850,10346,455.7,10.1,17.38,21.73,3,0,1,2,3,1528,168,333,445,3688,5968,8913,6253,741,1140,,475,,304,,t3_shieldbreaker|t3_rendspear
standard,165,b5,blue,sup,輔助,mantra,standard,0,0,4,3,7509,17721,10478,461.6,6.12,11.9,17.63,3,1,2,3,3,2054,419,258,1248,4554,6899,9008,6253,247,,285,,,304,1918,t3_calmveil
standard,165,r1,red,top,坦克,tiankong,standard,1,2,0,1,8903,22453,10855,478.2,9.11,14.49,19.23,3,1,2,3,3,586,341,296,925,3536,6491,9746,6253,554,1140,285,1235,,278,,t3_calmveil|t3_thornmail
standard,165,r2,red,jungle,戰士,dadi2,standard,1,3,2,2,15623,15915,11772,518.6,9.48,14.52,21.76,3,1,2,2,3,834,390,1174,1322,3934,7140,9724,6253,95,1140,142,285,1529,278,,t3_shieldbreaker|t3_finalstring
standard,165,r3,red,mid,法師,shikong,standard,1,1,1,1,17214,11080,9912,436.6,11.53,19.1,,2,0,1,2,2,1419,447,135,931,3679,6377,7985,6253,820,,,760,,152,,t3_psyward
standard,165,r4,red,adc,射手,hanbing,standard,1,6,5,0,18531,9137,11847,521.9,10.19,17.62,21.85,3,0,1,2,3,1281,554,458,1366,3441,6234,9008,6253,608,1710,,285,,152,,t3_shieldbreaker|t3_rendspear
standard,165,r5,red,sup,輔助,mantra,standard,1,0,1,2,5672,10997,10940,481.9,7.73,12.68,18.68,3,1,2,3,3,1378,286,1100,1710,4478,7316,9850,6253,202,,427,760,,278,1927,t3_calmveil
standard,166,b1,blue,top,坦克,tiebi,standard,0,0,2,0,9350,23907,8966,408.5,8.24,17.76,19.68,3,1,1,3,3,119,358,136,516,3669,5408,8286,6253,769,,,1187,,76,,t3_calmveil|t3_thornmail
standard,166,b2,blue,jungle,戰士,langwang,standard,0,0,3,0,6786,15905,8393,382.4,8.58,19.38,,2,1,1,2,2,668,429,404,563,3768,5559,7634,6253,465,,,,839,76,,t3_shieldbreaker|t3_finalstring
standard,166,b3,blue,mid,法師,lieyan,standard,0,1,5,0,19214,14047,8729,397.7,10.62,18.34,,2,0,1,2,2,1466,220,256,128,3726,6120,8106,6253,969,570,,237,,76,,t3_psyward
standard,166,b4,blue,adc,射手,xuanfeng,standard,0,6,6,0,13128,10791,11702,533.1,11.25,16.51,20.45,3,0,1,2,3,1585,345,1089,1052,3745,6025,9939,6253,855,2280,,475,,76,,t3_shieldbreaker|t3_rendspear
standard,166,b5,blue,sup,輔助,huanjing,standard,0,0,2,1,4842,15568,10038,457.3,5.66,12.52,17.05,3,1,2,3,3,206,314,356,997,4506,7344,9396,6253,323,,285,475,,76,1983,t3_calmveil
standard,166,r1,red,top,坦克,tiebi,standard,1,4,0,1,13117,21536,11759,535.7,8.69,15.03,20.1,4,1,1,2,4,605,896,2538,509,3555,6196,9768,6253,997,1140,142,760,,475,,t3_calmveil|t3_thornmail
standard,166,r2,red,jungle,戰士,langwang,standard,1,3,0,0,9443,12759,10954,499,8.71,17.65,19.01,3,1,1,3,3,562,1249,116,623,3662,6679,9966,6253,228,1710,,285,1014,475,,t3_shieldbreaker|t3_finalstring
standard,166,r3,red,mid,法師,lieyan,standard,1,4,3,4,18050,11185,12329,561.7,10.53,17.72,21.21,3,0,1,2,3,1523,196,1401,1299,3783,6396,9901,6253,988,1140,855,285,,380,,t3_psyward
standard,166,r4,red,adc,射手,xuanfeng,standard,1,7,4,2,23130,9190,13612,620.1,10.58,16.34,20.45,3,0,1,2,3,1395,830,1619,2231,3555,6510,10519,6253,750,2280,,760,,475,,t3_shieldbreaker|t3_rendspear
standard,166,r5,red,sup,輔助,huanjing,standard,1,0,0,1,5348,11108,11214,510.9,5.95,12.33,15.9,4,1,2,3,4,111,682,1708,713,4411,7712,9888,6253,342,,142,760,,475,1915,t3_calmveil
standard,167,b1,blue,top,坦克,shengdun,standard,0,0,2,0,12789,26091,9338,390.6,8.83,16.15,22.52,3,1,1,2,3,605,391,90,1087,3555,5791,7520,6253,563,,,475,,228,,t3_calmveil|t3_thornmail
standard,167,b2,blue,jungle,戰士,jingci,standard,0,2,1,0,9636,18470,10389,434.5,9.23,16.56,22.23,3,1,1,2,3,773,863,581,189,3873,6343,8811,6253,280,1140,,,909,228,,t3_finalstring|t3_shieldbreaker
standard,167,b3,blue,mid,法師,shikong,standard,0,1,3,1,18512,17135,9829,411.1,10.83,18.43,,2,0,1,2,2,1590,454,181,548,3850,6054,8011,6253,1007,,285,237,,228,,t3_psyward
standard,167,b4,blue,adc,射手,phantom,standard,0,2,3,0,17842,11930,9772,408.7,10.07,19.33,,2,0,1,2,2,1614,379,275,1191,3774,5579,7175,6253,693,,,,,228,,t3_shieldbreaker|t3_rendspear
standard,167,b5,blue,sup,坦克,dadi,standard,0,0,4,0,8812,25793,11532,482.3,6.75,12.25,17.18,4,1,2,3,4,1706,282,496,631,4606,7662,9296,6253,153,,,712,,228,1948,t3_calmveil|t3_thornmail
standard,167,r1,red,top,坦克,shengdun,standard,1,4,0,1,15641,25023,12376,517.6,9.89,13.62,18.65,4,1,2,3,4,605,126,240,725,3555,6836,9370,6253,696,1140,285,665,26,304,,t3_calmveil|t3_thornmail
standard,167,r2,red,jungle,戰士,jingci,standard,1,4,0,1,14048,17105,12920,540.4,7.79,14.76,19.06,3,1,2,3,3,908,340,145,1890,4708,7740,10225,6253,278,1710,95,190,1394,304,,t3_finalstring|t3_shieldbreaker
standard,167,r3,red,mid,法師,shikong,standard,1,1,3,2,13483,13607,9917,414.8,10.91,19.6,,2,0,1,2,2,1314,352,188,517,3574,5952,7738,6253,753,,237,190,,304,,t3_psyward
standard,167,r4,red,adc,射手,phantom,standard,1,3,1,4,29154,11600,12080,505.3,10.71,18.61,22.28,3,0,1,2,3,1253,522,1035,930,3413,5902,7935,6253,522,,427,427,,304,,t3_shieldbreaker|t3_rendspear
standard,167,r5,red,sup,坦克,dadi,standard,1,1,1,3,9869,22040,13196,551.9,7.31,13.22,15.27,4,1,2,3,4,549,1427,1284,995,4449,8667,11264,6253,142,570,380,1377,,304,2236,t3_calmveil|t3_thornmail
standard,168,b1,blue,top,坦克,shiqiang,standard,0,0,1,1,9850,28253,8976,390.4,9.55,14.96,21.28,3,1,2,2,3,738,75,129,425,3688,6025,7859,6253,1054,,,475,,76,,t3_calmveil|t3_thornmail
standard,168,b2,blue,jungle,戰士,embercoil,standard,0,0,1,1,8340,21379,9057,393.9,8.05,18.02,,2,1,1,2,2,785,470,469,827,3885,5950,7869,6253,478,,,,1061,76,,t3_finalstring|t3_shieldbreaker
standard,168,b3,blue,mid,法師,xingjie,standard,0,0,4,1,18028,14793,8342,362.8,11.08,20.7,,2,0,1,1,2,1333,472,1250,212,3593,5322,7330,6253,715,,285,,,76,,t3_psyward
standard,168,b4,blue,adc,射手,yanfeng,standard,0,8,4,0,21671,14364,13498,587.1,9.91,16.81,19.98,3,1,1,3,3,239,392,149,2517,4239,5892,9749,6253,665,2280,,475,,76,,t3_shieldbreaker|t3_rendspear
standard,168,b5,blue,sup,坦克,thornwall,standard,0,1,2,4,6712,21782,11955,520,7.16,13,16.63,4,1,2,3,4,477,377,850,595,4677,8057,10430,6253,392,570,285,475,17,76,2360,t3_calmveil|t3_thornmail
standard,168,r1,red,top,坦克,shiqiang,standard,1,2,0,0,13054,22679,10163,442,8.53,14.45,19.43,3,1,2,3,3,567,446,368,733,3517,6396,9018,6253,693,1140,,475,,456,,t3_calmveil|t3_thornmail
standard,168,r2,red,jungle,戰士,embercoil,standard,1,1,1,2,7903,16005,11208,487.5,7.68,15.69,20.89,3,1,1,2,3,607,1948,1622,828,4707,7428,9922,6253,185,570,237,475,1745,456,,t3_finalstring|t3_shieldbreaker
standard,168,r3,red,mid,法師,xingjie,standard,1,2,3,2,21638,12580,11294,491.2,11.52,16.73,,2,0,1,2,2,1371,596,353,2243,3631,6196,9103,6253,969,570,380,475,,456,,t3_psyward
standard,168,r4,red,adc,射手,yanfeng,standard,1,6,2,1,29254,10414,13336,580,9.98,16.38,19.68,4,1,1,3,4,386,216,163,436,3736,6016,11013,6253,788,2280,285,950,,456,,t3_shieldbreaker|t3_rendspear
standard,168,r5,red,sup,坦克,thornwall,standard,1,1,3,3,9446,19488,13049,567.6,7.12,11.8,16.46,4,1,2,4,4,233,1166,266,849,5333,8406,11866,6253,479,570,522,950,,456,2634,t3_calmveil|t3_thornmail
standard,169,b1,blue,top,坦克,tiemu,standard,1,4,0,0,9582,20036,11412,542.4,8.97,13.77,16.91,3,1,2,3,3,719,280,814,1432,3669,7260,10794,6253,817,2280,,950,,494,,t3_calmveil|t3_thornmail
standard,169,b2,blue,jungle,戰士,hunpo,standard,1,1,2,1,6122,9283,9843,467.8,10.59,16.67,,2,0,1,2,2,1683,819,837,1493,3893,6619,9187,6253,190,570,142,475,1062,494,,t3_psyward
standard,169,b3,blue,mid,法師,auralith,standard,1,2,4,0,13253,11948,9731,462.4,10.63,18.19,,2,0,1,2,2,1419,485,282,380,3679,6035,8562,6253,769,570,,475,,494,,t3_psyward
standard,169,b4,blue,adc,射手,siwang,standard,1,5,2,2,19628,9077,12096,574.9,9.47,16.93,20.02,3,1,1,2,3,376,763,2377,1196,3726,6443,10927,6253,855,2280,570,475,,494,,t3_shieldbreaker|t3_rendspear
standard,169,b5,blue,sup,輔助,shengming,standard,1,0,2,2,3338,12085,11585,550.6,6.37,12.49,15.03,4,1,2,3,4,873,1215,1471,704,4573,7945,10511,6253,218,,427,950,,304,2357,t3_calmveil
standard,169,r1,red,top,坦克,tiemu,standard,0,2,2,1,10027,20571,9325,443.2,8.03,13.98,19.54,3,1,2,3,3,251,389,392,245,4451,6769,8992,6253,905,1140,142,475,,76,,t3_calmveil|t3_thornmail
standard,169,r2,red,jungle,戰士,hunpo,standard,0,4,3,0,9220,11870,10781,512.4,8.4,16.67,19.97,3,1,1,3,3,705,776,38,230,4505,7176,10288,6253,202,2280,,,1476,76,,t3_psyward
standard,169,r3,red,mid,法師,auralith,standard,0,1,4,3,11143,12514,9458,449.5,10.55,19.73,,2,0,1,2,2,1602,197,195,908,3862,6047,8175,6253,943,,427,475,,76,,t3_psyward
standard,169,r4,red,adc,射手,siwang,standard,0,3,3,0,9207,10201,8942,425,10.01,19.06,,2,0,1,2,2,1395,109,1001,392,3555,5189,8001,6253,532,1140,,,,76,,t3_shieldbreaker|t3_rendspear
standard,169,r5,red,sup,輔助,shengming,standard,0,0,0,1,3660,13580,10556,501.7,6.21,13.16,17.03,3,1,2,3,3,1444,305,233,1516,4544,7335,9273,6253,190,,285,475,,76,1993,t3_calmveil
standard,170,b1,blue,top,坦克,dadi,standard,0,0,2,0,5235,19973,8340,390.5,8.5,16.22,,2,1,1,2,2,662,425,776,610,3612,5275,7906,6253,627,,,950,,76,,t3_calmveil|t3_thornmail
standard,170,b2,blue,jungle,戰士,leimingcf,standard,0,0,4,0,5806,13898,8316,389.4,8.81,17.26,,2,1,1,2,2,633,532,279,215,3733,5762,7779,6253,285,,,,1165,76,,t3_finalstring|t3_shieldbreaker
standard,170,b3,blue,mid,法師,xingjie,standard,0,2,3,0,15587,15239,9813,459.4,10.8,17.1,,2,0,1,2,2,1466,246,315,1232,3726,5626,8315,6253,940,570,,475,,76,,t3_psyward
standard,170,b4,blue,adc,射手,maestro,standard,0,0,2,0,14704,11232,8022,375.6,11.67,18.28,,2,0,1,2,2,1490,153,224,221,3650,5303,7094,6253,764,,,,,76,,t3_shieldbreaker|t3_rendspear
standard,170,b5,blue,sup,坦克,shiqiang,standard,0,1,3,0,5467,19661,10521,492.6,7.54,12.32,16.43,3,1,2,3,3,1701,734,849,720,4601,7974,10049,6253,232,570,,475,,76,2441,t3_calmveil|t3_thornmail
standard,170,r1,red,top,坦克,dadi,standard,1,4,0,0,11170,19022,11038,516.8,9.43,12.73,17.81,3,1,2,3,3,757,679,224,1608,3707,7089,9654,6253,760,1710,,475,,456,,t3_calmveil|t3_thornmail
standard,170,r2,red,jungle,戰士,leimingcf,standard,1,4,0,1,9186,12682,12022,562.9,7.66,17.79,17.79,3,1,1,3,3,637,1959,494,1642,4437,7439,10574,6253,171,1710,95,475,1413,456,,t3_finalstring|t3_shieldbreaker
standard,170,r3,red,mid,法師,xingjie,standard,1,1,1,2,11476,10545,10240,479.4,11.26,18.46,,2,0,1,2,2,1485,748,184,960,3745,6348,9464,6253,855,570,380,950,,456,,t3_psyward
standard,170,r4,red,adc,射手,maestro,standard,1,4,2,1,20261,11033,11117,520.5,9.69,18.23,20.79,3,1,1,2,3,291,288,621,1217,3641,5788,9201,6253,592,1140,285,475,,456,,t3_shieldbreaker|t3_rendspear
standard,170,r5,red,sup,坦克,shiqiang,standard,1,1,0,3,5711,12403,12033,563.4,7.34,12.53,16.31,4,1,2,3,4,711,624,992,732,4611,7404,10972,6253,91,570,380,950,,456,2270,t3_calmveil|t3_thornmail
standard,171,b1,blue,top,坦克,tixue,standard,0,0,2,1,11367,24881,9002,376.5,8.78,16.08,21.59,3,1,1,2,3,491,172,444,752,3441,5322,7574,6253,769,,,475,,76,,t3_calmveil|t3_thornmail
standard,171,b2,blue,jungle,刺客,jiansheng,standard,0,3,3,0,9128,14167,10817,452.4,9.27,17.53,20.69,3,1,1,2,3,698,881,695,116,3898,6211,8825,6253,481,1140,,,874,76,,t3_finalstring
standard,171,b3,blue,mid,法師,auralith,standard,0,0,6,2,16978,15427,9753,407.9,10.82,18.75,,2,0,1,2,2,1485,372,13,672,3745,5702,8343,6253,779,,285,950,,76,,t3_psyward
standard,171,b4,blue,adc,射手,liuxing,standard,0,7,7,0,19887,14169,12907,539.8,10.53,17.26,19.97,4,0,1,3,4,1576,260,29,306,3736,5940,9949,6253,864,2280,,475,,76,,t3_shieldbreaker|t3_rendspear
standard,171,b5,blue,sup,坦克,stoneguard,standard,0,0,3,0,5574,22101,11500,481,6.43,13.29,17.8,4,1,2,3,4,156,194,857,599,4656,6974,9757,6253,221,,,475,51,76,2680,t3_calmveil|t3_thornmail
standard,171,r1,red,top,坦克,tixue,standard,1,3,1,2,9720,21741,12717,531.9,8.14,15.36,18.59,4,1,1,3,4,795,758,1143,466,3745,6158,9793,6253,804,1140,570,760,,266,,t3_calmveil|t3_thornmail
standard,171,r2,red,jungle,刺客,jiansheng,standard,1,4,0,3,13027,11344,13048,545.8,9.63,17.65,19.95,4,1,1,3,4,586,1049,51,248,3786,6379,9851,6253,475,1140,285,285,1146,266,,t3_finalstring
standard,171,r3,red,mid,法師,auralith,standard,1,2,4,1,23260,14074,11593,484.9,11.19,16.01,23.45,3,0,1,2,3,1542,452,321,162,3802,6652,9071,6253,1269,570,142,760,,76,,t3_psyward
standard,171,r4,red,adc,射手,liuxing,standard,1,9,5,1,25734,12457,15212,636.3,10.33,17.11,21.11,3,0,1,2,3,1221,138,954,3412,3381,5518,9534,6253,449,2280,,285,,266,,t3_shieldbreaker|t3_rendspear
standard,171,r5,red,sup,坦克,stoneguard,standard,1,3,0,3,7944,20988,14050,587.7,7.76,13.28,15.58,5,1,2,4,5,1581,1174,278,450,4481,8414,11878,6253,231,1140,712,760,,266,2514,t3_calmveil|t3_thornmail
standard,172,b1,blue,top,坦克,suishan,standard,1,0,4,0,14137,33442,11963,433.3,8.82,14.63,21.22,4,1,2,2,4,909,327,1322,712,3859,6177,8552,6253,1064,,,855,,380,,t3_calmveil|t3_thornmail
standard,172,b2,blue,jungle,刺客,youming,standard,1,1,3,0,3910,11647,11974,433.7,9.09,16.72,22.77,3,1,1,2,3,454,764,292,1843,3654,6044,8622,6253,114,570,,380,924,380,,t3_finalstring
standard,172,b3,blue,mid,法師,xingjie,standard,1,11,6,1,36945,17900,17812,645.2,10.96,18.5,22.64,5,0,1,2,5,1628,230,252,1661,3888,6130,8752,6253,883,570,285,380,,380,,t3_psyward
standard,172,b4,blue,adc,射手,shensheng,standard,1,10,4,0,27857,12477,16907,612.4,10.18,17,19.6,5,0,1,3,5,1471,987,760,1306,3631,6367,10760,6253,608,2850,,617,51,380,,t3_shieldbreaker|t3_rendspear
standard,172,b5,blue,sup,輔助,mingyunyindao,standard,1,1,5,0,9441,22341,13183,477.5,6.13,12.65,15.53,4,1,2,3,4,1211,1282,1296,1732,4611,8012,10336,6253,180,570,,617,,380,2334,t3_calmveil
standard,172,r1,red,top,坦克,suishan,standard,0,3,3,4,14126,34341,13081,473.8,8.58,14.74,18.02,4,1,2,3,4,1270,175,218,930,4220,6025,10148,6253,779,1710,380,950,,76,,t3_calmveil|t3_thornmail
standard,172,r2,red,jungle,刺客,youming,standard,0,3,5,1,13287,17822,12936,468.6,9.32,17.33,22.64,3,1,1,2,3,761,711,754,1855,3961,5941,8604,6253,399,570,95,,1210,76,,t3_finalstring
standard,172,r3,red,mid,法師,xingjie,standard,0,3,8,0,16509,17253,12444,450.7,11.88,19.21,24.63,3,0,1,2,3,1428,505,347,534,3688,5655,7897,6253,997,570,,,,76,,t3_psyward
standard,172,r4,red,adc,射手,shensheng,standard,0,13,5,3,50542,16399,19436,704,10.58,17.62,20.56,5,0,1,2,5,1680,208,1419,3836,3840,5588,10319,6253,665,2280,570,475,,76,,t3_shieldbreaker|t3_rendspear
standard,172,r5,red,sup,輔助,mingyunyindao,standard,0,0,2,2,7003,19557,12317,446.1,6.86,12.38,15.97,4,1,2,3,4,449,303,449,866,4449,6853,9489,6253,275,,380,475,,76,2029,t3_calmveil
standard,173,b1,blue,top,戰士,greymantle,standard,1,0,2,0,11794,25239,9736,408.6,9.59,18.79,,2,1,1,2,2,367,298,274,1135,3517,5778,7374,6253,532,,,285,,304,,t3_shieldbreaker|t3_finalstring
standard,173,b2,blue,jungle,刺客,yueying,standard,1,3,2,2,7060,10269,12257,514.5,9.17,16.47,21.38,3,1,1,2,3,769,1627,1392,1177,3969,6907,9722,6253,256,1140,285,285,1198,304,,t3_finalstring
standard,173,b3,blue,mid,法師,gambler,standard,1,6,3,2,17926,14841,13270,557,11.72,16.9,22.36,3,0,1,2,3,1485,209,579,1359,3745,6709,9559,6253,1007,1140,570,285,,304,,t3_psyward
standard,173,b4,blue,adc,射手,liangzicz,standard,1,10,5,0,23295,11091,15521,651.5,10.28,17.99,20.35,4,0,1,2,4,1319,602,2892,1671,3479,6282,11792,6253,579,3420,,1235,,304,,t3_shieldbreaker|t3_rendspear
standard,173,b5,blue,sup,輔助,mingyun,standard,1,0,3,0,7062,16568,11125,467,6.68,13.91,16.93,4,1,2,3,4,642,778,722,725,4592,7508,9182,6253,323,,,285,,304,2016,t3_calmveil
standard,173,r1,red,top,戰士,greymantle,standard,0,2,4,1,10576,25828,11075,464.9,10.04,17.66,22.54,3,0,1,2,3,1391,735,601,575,3441,6215,8001,6253,513,570,,475,,190,,t3_shieldbreaker|t3_finalstring
standard,173,r2,red,jungle,刺客,yueying,standard,0,5,1,0,12548,12766,12480,523.8,8.73,15.8,20.35,3,1,1,2,3,627,796,1261,1399,3827,6376,9591,6253,114,1710,,,1323,190,,t3_finalstring
standard,173,r3,red,mid,法師,gambler,standard,0,2,6,2,13780,15086,10733,450.5,9.95,18.46,23.51,3,1,1,2,3,161,372,308,183,4011,5702,8638,6253,864,570,285,475,,190,,t3_psyward
standard,173,r4,red,adc,射手,liangzicz,standard,0,5,6,0,16485,11014,11503,482.8,10.78,19.14,22.36,3,0,1,2,3,1262,147,286,852,3422,5227,7906,6253,608,570,,475,,0,,t3_shieldbreaker|t3_rendspear
standard,173,r5,red,sup,輔助,mingyun,standard,0,1,2,1,7774,17187,11488,482.2,10.28,11.35,15.19,4,0,2,3,4,3058,588,932,607,5038,7318,9972,6253,104,570,,475,,190,2379,t3_calmveil
standard,174,b1,blue,top,戰士,ravager,standard,0,0,6,0,8854,22504,7594,362.9,9.75,18.06,,2,1,1,2,2,291,276,168,463,3441,5626,7298,6253,570,,,475,,0,,t3_shieldbreaker|t3_finalstring
standard,174,b2,blue,jungle,刺客,yeiren,standard,0,2,5,0,5974,11011,8691,415.3,10.23,17.61,,2,0,1,2,2,1623,729,1395,560,3553,5879,8395,6253,247,1140,,,754,0,,t3_finalstring
standard,174,b3,blue,mid,法師,ronghuo,standard,0,0,3,1,11041,11803,8696,415.6,11.56,19.27,,2,0,1,2,2,1466,144,575,295,3726,5474,7925,6253,912,,285,475,,0,,t3_psyward
standard,174,b4,blue,adc,射手,xingchen,standard,0,4,3,1,12280,12120,10748,513.6,12.07,15.31,19.85,3,0,1,3,3,1500,1208,62,847,3660,6358,9312,6253,921,1140,285,712,,0,,t3_shieldbreaker|t3_rendspear
standard,174,b5,blue,sup,坦克,tixue,standard,0,1,3,0,5006,17470,9647,461,7.21,13.38,18.72,3,1,2,3,3,329,111,371,667,4529,6891,9351,6253,237,570,,237,102,0,1950,t3_calmveil|t3_thornmail
standard,174,r1,red,top,戰士,ravager,standard,1,9,0,1,15606,20377,13861,662.4,8.73,12.53,16.79,4,1,2,4,4,1596,458,255,360,4746,8508,12805,6253,633,4560,142,665,,551,,t3_shieldbreaker|t3_finalstring
standard,174,r2,red,jungle,刺客,yeiren,standard,1,8,2,2,11771,10605,14028,670.4,8.74,13.14,17.57,4,1,2,3,4,1099,734,1740,1227,4299,8334,12870,6253,186,3990,427,190,1271,551,,t3_finalstring
standard,174,r3,red,mid,法師,ronghuo,standard,1,0,2,2,11602,11361,9212,440.2,11.71,18.66,,2,0,1,2,2,1346,151,276,762,3606,6351,8726,6253,782,,570,665,,456,,t3_psyward
standard,174,r4,red,adc,射手,xingchen,standard,1,2,3,2,14156,8691,9557,456.7,9.77,19.1,,2,1,1,2,2,183,243,251,1307,3533,5623,8501,6253,509,570,427,190,,551,,t3_shieldbreaker|t3_rendspear
standard,174,r5,red,sup,坦克,tixue,standard,1,1,0,3,6883,12718,12572,600.8,6.38,12.45,17.64,4,1,2,3,4,146,903,1821,972,4596,7683,11801,6253,319,570,427,1140,51,551,2488,t3_calmveil|t3_thornmail
standard,175,b1,blue,top,戰士,dadi2,standard,0,2,3,0,10562,26457,10197,445.1,8.44,17.22,21.66,3,1,1,2,3,500,488,290,116,3650,5968,8590,6253,665,570,,950,,152,,t3_shieldbreaker|t3_finalstring
standard,175,b2,blue,jungle,刺客,duskblade,standard,0,0,5,0,8462,13147,9083,396.5,9.43,17.54,,2,1,1,2,2,756,196,355,1003,3956,5776,7785,6253,370,,,,1008,152,,t3_finalstring
standard,175,b3,blue,mid,法師,gambler,standard,0,2,2,1,14636,13063,10168,443.9,11.08,19.18,,2,0,1,2,2,1333,277,275,1088,3593,5607,8125,6253,627,570,285,237,,152,,t3_psyward
standard,175,b4,blue,adc,射手,liangzi,standard,0,5,3,1,19505,10463,11524,503,10.09,18.73,21.93,3,0,1,2,3,1519,318,102,1503,3679,5398,7422,6253,779,,,237,,152,,t3_shieldbreaker|t3_rendspear
standard,175,b5,blue,sup,輔助,linghun,standard,0,0,2,0,6437,18900,11458,500.2,7.14,12.54,15.95,4,1,2,3,4,349,265,539,577,4649,6995,9579,6253,294,,,475,,152,2404,t3_calmveil
standard,175,r1,red,top,戰士,dadi2,standard,1,6,2,1,19624,25655,13050,569.7,8.05,15.8,19.48,3,1,1,3,3,95,1112,861,1649,4195,6592,11361,6253,880,2850,142,855,,380,,t3_shieldbreaker|t3_finalstring
standard,175,r2,red,jungle,刺客,duskblade,standard,1,2,3,0,7175,12333,10689,466.6,9.51,14.79,22.52,3,1,2,2,3,503,89,507,558,3703,6739,8837,6253,231,570,,380,1022,380,,t3_finalstring
standard,175,r3,red,mid,法師,gambler,standard,1,0,0,2,16900,11100,9850,430,10.65,20,,2,0,1,2,2,1423,314,150,449,3683,6214,8180,6253,881,,285,380,,380,,t3_psyward
standard,175,r4,red,adc,射手,liangzi,standard,1,7,3,1,20979,9586,13699,598,9.91,20.85,22,3,1,1,1,3,300,550,2910,1899,3650,5930,8590,6253,817,,285,855,,380,,t3_shieldbreaker|t3_rendspear
standard,175,r5,red,sup,輔助,linghun,standard,1,0,1,1,5001,13146,11611,506.8,8.24,13.23,15.7,4,1,2,3,4,227,685,951,730,4527,7415,9991,6253,381,,142,380,,380,2453,t3_calmveil
standard,176,b1,blue,top,戰士,ronggang,standard,1,1,1,0,10209,26145,9712,401,9.43,17.86,,2,1,1,2,2,424,573,165,1681,3574,5873,7545,6253,570,,,475,,247,,t3_shieldbreaker|t3_finalstring
standard,176,b2,blue,jungle,刺客,binghe,standard,1,1,4,0,3740,11385,10587,437.2,8.68,15.1,23.42,3,1,1,2,3,143,1177,801,657,4473,6757,8531,6253,247,570,,,1214,247,,t3_finalstring
standard,176,b3,blue,mid,法師,ronghuo,standard,1,7,3,0,22818,16995,13965,576.7,10.9,16.02,21.3,3,0,1,2,3,1476,831,701,1864,3736,6731,9581,6253,896,1710,,475,,247,,t3_psyward
standard,176,b4,blue,adc,射手,shengyan,standard,1,4,4,0,22739,12396,11145,460.2,11.52,18.43,22.38,3,0,1,2,3,1319,696,583,765,3479,5476,8383,6253,494,1140,,237,11,247,,t3_shieldbreaker|t3_rendspear
standard,176,b5,blue,sup,輔助,shiguang,standard,1,0,7,1,6970,20839,11858,489.6,7.77,12.67,17.39,4,1,2,3,4,235,858,1715,977,4535,7108,9995,6253,224,,,1187,11,152,2166,t3_calmveil
standard,176,r1,red,top,戰士,ronggang,standard,0,7,1,1,16637,31627,13277,548.3,8.72,14.46,18.18,3,1,2,3,3,576,242,381,1877,3726,7042,11361,6253,760,3420,142,380,,405,,t3_shieldbreaker|t3_finalstring
standard,176,r2,red,jungle,刺客,binghe,standard,0,4,1,1,9622,11230,12795,528.3,9.17,15.16,18.18,3,1,1,3,3,889,1583,1134,1714,4089,7163,11084,6253,152,2280,142,380,1470,405,,t3_finalstring
standard,176,r3,red,mid,法師,ronghuo,standard,0,3,7,0,17970,16270,11153,460.5,9.48,15.44,23.79,3,1,1,2,3,370,1136,256,302,4220,7336,9236,6253,836,1140,,855,,152,,t3_psyward
standard,176,r4,red,adc,射手,shengyan,standard,0,4,4,4,22234,10300,11941,493.1,10.44,18.92,22.38,3,0,1,2,3,1310,598,259,561,3470,5978,8809,6253,266,570,712,855,,152,,t3_shieldbreaker|t3_rendspear
standard,176,r5,red,sup,輔助,shiguang,standard,0,1,0,3,5306,12588,11781,486.5,5.99,11.58,14.61,4,1,3,3,4,1087,258,1280,900,4487,7958,10320,6253,190,570,712,380,,405,1809,t3_calmveil
standard,177,b1,blue,top,戰士,jingci,standard,0,0,5,1,14018,33648,10895,398.1,9.53,17.47,24.75,3,1,1,2,3,386,685,629,344,3536,6215,8429,6253,741,,285,997,,152,,t3_shieldbreaker|t3_finalstring
standard,177,b2,blue,jungle,刺客,shanying,standard,0,0,8,0,6991,14679,11338,414.3,9,16.41,24.18,3,1,1,2,3,108,597,934,457,4008,6227,8414,6253,354,,,285,1369,152,,t3_finalstring
standard,177,b3,blue,mid,法師,gambler,standard,0,2,8,0,22268,15983,11417,417.2,12.03,19.77,,2,0,1,2,2,1333,989,318,2017,3593,6139,7868,6253,608,570,,285,,152,,t3_psyward
standard,177,b4,blue,adc,射手,mirrorshot,standard,0,16,10,0,63722,15132,19600,716.2,9.24,17.48,19.88,5,1,1,3,5,271,567,152,3999,4271,6247,10332,6253,791,2850,,285,,152,,t3_shieldbreaker|t3_rendspear
standard,177,b5,blue,sup,坦克,dadi,standard,0,0,3,1,7574,27865,12132,443.3,7.31,13.58,18.08,4,1,2,3,4,1885,361,204,332,4785,7301,9704,6253,126,,285,997,,152,1890,t3_calmveil|t3_thornmail
standard,177,r1,red,top,戰士,jingci,standard,1,7,3,1,17771,36968,15578,569.2,8.92,15.73,18.66,4,1,1,3,4,405,1027,806,2548,3555,6557,10756,6253,684,2280,285,950,,304,,t3_shieldbreaker|t3_finalstring
standard,177,r2,red,jungle,刺客,shanying,standard,1,5,2,1,11783,15715,14920,545.2,8.63,13.42,19.11,4,1,2,3,4,378,868,112,1520,4758,7868,10292,6253,630,1710,,,1299,399,,t3_finalstring
standard,177,r3,red,mid,法師,gambler,standard,1,12,9,1,31043,19699,18827,688,10.88,16,20.63,5,0,1,2,5,1447,862,653,2677,3707,6462,10053,6253,931,1710,285,475,,399,,t3_psyward
standard,177,r4,red,adc,射手,mirrorshot,standard,1,7,3,4,29688,11783,15759,575.8,9.57,17.54,21.25,4,1,1,2,4,424,317,240,1958,3774,5997,8790,6253,570,570,997,,,399,,t3_shieldbreaker|t3_rendspear
standard,177,r5,red,sup,坦克,dadi,standard,1,3,1,8,12983,30763,17123,625.7,8.18,13.09,15.93,5,1,2,4,5,344,902,436,3523,4544,8142,12016,6253,224,1140,712,950,,399,2337,t3_calmveil|t3_thornmail
standard,178,b1,blue,top,戰士,longyi,standard,0,1,3,0,11926,28470,10433,422.4,8.99,16.93,22.48,3,1,1,2,3,424,571,160,482,3574,6101,8210,6253,570,,,1140,,247,,t3_shieldbreaker|t3_finalstring
standard,178,b2,blue,jungle,刺客,dianguang,standard,0,0,6,1,10179,12927,9935,402.2,9.04,17.38,,2,1,1,2,2,652,1214,354,1555,3852,6064,7834,6253,142,,,190,1096,152,,t3_finalstring
standard,178,b3,blue,mid,法師,ronghuo,standard,0,1,6,1,17707,13856,10655,431.4,11.21,18.15,,2,0,1,2,2,1450,345,306,1254,3710,6275,8156,6253,706,,285,665,,247,,t3_psyward
standard,178,b4,blue,adc,射手,hanbing,standard,0,11,5,0,29407,11990,15240,617,9.77,14.32,19.47,4,1,2,3,4,167,336,205,1389,3517,7336,10205,6253,665,2850,,190,,247,,t3_shieldbreaker|t3_rendspear
standard,178,b5,blue,sup,坦克,ironclad,standard,0,2,3,0,8020,23402,12347,499.9,6.63,13.18,16.55,4,1,2,3,4,484,306,515,147,4684,7246,10495,6253,272,1140,,665,17,247,1900,t3_calmveil|t3_thornmail
standard,178,r1,red,top,戰士,longyi,standard,1,5,5,0,17205,32443,12255,496.2,7.78,16.34,21.43,3,1,1,2,3,256,778,238,805,4106,6308,8588,6253,627,1140,,475,17,76,,t3_shieldbreaker|t3_finalstring
standard,178,r2,red,jungle,刺客,dianguang,standard,1,5,1,0,11005,16241,12886,521.7,8.32,14.23,21.42,3,1,2,2,3,514,292,1135,1755,4414,6992,9515,6253,456,1710,,,1020,76,,t3_finalstring
standard,178,r3,red,mid,法師,ronghuo,standard,1,6,1,3,22575,14165,14822,600.1,10.25,16.59,21.43,3,0,1,2,3,1713,333,313,2911,3973,6833,9113,6253,883,1140,285,475,,76,,t3_psyward
standard,178,r4,red,adc,射手,hanbing,standard,1,7,7,1,25248,10957,13349,540.5,11.09,19.33,22.9,3,0,1,2,3,1272,294,258,1969,3432,5674,7878,6253,503,570,,475,,76,,t3_shieldbreaker|t3_rendspear
standard,178,r5,red,sup,坦克,ironclad,standard,1,0,1,5,5340,18427,12853,520.4,7.03,13.82,19.18,4,1,2,3,4,635,14,596,1553,4535,6954,9196,6253,304,,570,,,76,1992,t3_calmveil|t3_thornmail
standard,179,b1,blue,top,戰士,chichuan,standard,1,1,3,0,10153,24792,9356,403.3,8.64,15.93,,2,1,1,2,2,595,498,394,1125,3745,5978,8144,6253,712,570,,380,,228,,t3_shieldbreaker|t3_finalstring
standard,179,b2,blue,jungle,刺客,wuxing,standard,1,0,3,0,4313,10933,9560,412.1,9.04,16.63,23.18,3,1,1,2,3,454,1167,713,110,3654,6097,8143,6253,152,,,380,1129,228,,t3_finalstring
standard,179,b3,blue,mid,法師,haixiao,standard,1,3,5,1,15988,13487,11013,474.7,11.17,17.57,23.08,3,0,1,2,3,1504,458,773,363,3764,6058,8623,6253,907,570,285,380,,228,,t3_psyward
standard,179,b4,blue,adc,射手,xuanfeng,standard,1,5,8,1,20844,10503,11845,510.5,9.51,18.63,20.88,3,1,1,2,3,215,408,365,894,3565,5788,8315,6253,598,570,285,380,,228,,t3_shieldbreaker|t3_rendspear
standard,179,b5,blue,sup,輔助,xuemai,standard,1,0,5,1,5484,16942,11644,501.9,6.52,12.58,16.61,4,1,2,3,4,235,305,993,763,4535,7335,10033,6253,251,,,1330,,228,1969,t3_calmveil
standard,179,r1,red,top,戰士,chichuan,standard,0,11,1,2,18582,27753,16579,714.6,7.5,15.48,17.68,5,1,1,3,5,263,1267,1877,1279,4543,6747,13277,6253,988,3990,570,1045,51,380,,t3_shieldbreaker|t3_finalstring
standard,179,r2,red,jungle,刺客,wuxing,standard,0,2,1,1,7630,12753,11055,476.5,9.39,15.58,21.36,3,1,1,2,3,739,430,869,455,3939,6010,9199,6253,190,570,285,95,1426,380,,t3_finalstring
standard,179,r3,red,mid,法師,haixiao,standard,0,2,2,2,15859,14453,10503,452.7,11.6,19.61,,2,0,1,2,2,1578,195,292,1103,3838,5795,8322,6253,1007,570,,95,17,380,,t3_psyward
standard,179,r4,red,adc,射手,xuanfeng,standard,0,9,4,2,23335,12112,14479,624.1,8.9,15.93,17.92,4,1,1,3,4,461,1023,280,679,4461,6703,12080,6253,601,3990,285,570,,380,,t3_shieldbreaker|t3_rendspear
standard,179,r5,red,sup,輔助,xuemai,standard,0,0,1,4,6363,18245,11577,499,6.28,12.38,16.19,4,1,2,3,4,289,512,1372,876,4589,6992,10412,6253,443,,855,570,,380,1910,t3_calmveil
standard,180,b1,blue,top,戰士,dushe,standard,0,1,2,0,9318,21417,9090,424.5,10.31,19.18,,2,0,1,2,2,1591,320,58,810,3641,5370,7688,6253,788,570,,,,76,,t3_shieldbreaker|t3_finalstring
standard,180,b2,blue,jungle,刺客,voidrift,standard,0,0,4,0,5925,9837,8104,378.4,9.56,17.93,,2,1,1,2,2,570,304,811,323,3770,5634,7511,6253,351,,,,829,76,,t3_finalstring
standard,180,b3,blue,mid,法師,leiming,standard,0,0,5,2,15320,13867,8245,385,10.91,20.58,,2,0,1,1,2,1390,316,1027,594,3650,5626,7507,6253,893,,285,,,76,,t3_psyward
standard,180,b4,blue,adc,射手,phantom,standard,0,4,4,0,13269,11926,10567,493.4,9.94,15.24,20.68,3,1,1,2,3,418,533,224,966,3768,6333,8974,6253,741,1140,,712,51,76,,t3_shieldbreaker|t3_rendspear
standard,180,b5,blue,sup,坦克,longji,standard,0,0,2,2,5803,19387,10284,480.2,8.21,12.53,16.04,3,1,2,3,3,730,431,175,703,4630,7531,9755,6253,228,,570,237,77,76,2313,t3_calmveil|t3_thornmail
standard,180,r1,red,top,戰士,dushe,standard,1,3,1,1,11811,20791,10800,504.3,9.66,17.81,,2,1,1,2,2,443,510,491,2150,3593,5740,9141,6253,779,1140,285,285,,399,,t3_shieldbreaker|t3_finalstring
standard,180,r2,red,jungle,刺客,voidrift,standard,1,4,1,0,7178,10624,11683,545.5,9.21,15.65,20.05,3,1,1,2,3,1288,1455,1927,1503,4488,7085,10307,6253,114,1710,,285,1545,399,,t3_finalstring
standard,180,r3,red,mid,法師,leiming,standard,1,8,2,1,20977,13334,14315,668.4,10.72,15.92,18.17,3,0,1,3,3,1409,44,363,1835,3669,6244,11963,6253,940,2850,285,1235,,399,,t3_psyward
standard,180,r4,red,adc,射手,phantom,standard,1,1,1,4,11659,8308,11256,525.6,10.88,15.83,19.88,3,0,1,3,3,1680,668,281,1256,3840,6348,10281,6253,779,570,1140,1235,,304,,t3_shieldbreaker|t3_rendspear
standard,180,r5,red,sup,坦克,longji,standard,1,1,0,2,6153,16343,12067,563.5,6.86,11.59,16.86,4,1,2,3,4,75,639,875,467,4525,7879,10855,6253,237,570,570,285,,399,2539,t3_calmveil|t3_thornmail
standard,181,b1,blue,top,戰士,fengbao,standard,0,1,3,0,9292,24823,9531,435.7,9.43,18.6,,2,1,1,2,2,367,85,1652,1301,3517,5265,8932,6253,684,570,,1425,,0,,t3_shieldbreaker|t3_finalstring
standard,181,b2,blue,jungle,戰士,hunpo,standard,0,1,5,0,5797,10341,8731,399.1,10.98,18.68,,2,0,1,2,2,1581,318,430,651,3791,5598,8030,6253,266,570,,,940,0,,t3_psyward
standard,181,b3,blue,mid,法師,haixiao,standard,0,3,6,1,12222,13636,10035,458.7,10.98,18.32,,2,0,1,2,2,1390,435,428,1154,3650,5465,8828,6253,864,1140,95,475,,0,,t3_psyward
standard,181,b4,blue,adc,射手,yanfeng,standard,0,2,2,3,16961,11745,10162,464.5,9.93,18.32,,2,1,1,2,2,53,492,900,1411,3403,5392,9050,6253,703,1140,665,237,51,0,,t3_shieldbreaker|t3_rendspear
standard,181,b5,blue,sup,坦克,thornwall,standard,0,0,3,1,5678,21561,9552,436.6,6.63,13.06,18.08,3,1,2,3,3,182,529,373,71,4582,6929,8953,6253,294,,95,237,,0,2072,t3_calmveil|t3_thornmail
standard,181,r1,red,top,戰士,fengbao,standard,1,4,1,3,13681,23370,12242,559.6,8.89,14.65,20.45,3,1,2,2,3,690,477,2359,841,3840,7577,10959,6253,696,2280,570,855,,304,,t3_shieldbreaker|t3_finalstring
standard,181,r2,red,jungle,戰士,hunpo,standard,1,7,2,3,15716,10180,14490,662.4,8.38,15.23,,2,1,1,2,2,603,2193,2432,5139,5103,8643,11782,6253,449,2280,712,380,1402,304,,t3_psyward
standard,181,r3,red,mid,法師,haixiao,standard,1,4,2,3,20619,12556,13040,596.1,10.25,16.58,20.69,3,0,1,2,3,1745,1506,465,2489,4005,6836,9515,6253,867,1140,570,380,,304,,t3_psyward
standard,181,r4,red,adc,射手,yanfeng,standard,1,2,2,0,9328,8039,10513,480.6,9.32,18.68,21.64,3,1,1,2,3,303,796,1154,212,3653,5876,8774,6253,696,1140,,380,,304,,t3_shieldbreaker|t3_rendspear
standard,181,r5,red,sup,坦克,thornwall,standard,1,2,0,4,7472,16861,12601,576,6.59,12.88,16.24,4,1,2,3,4,215,1011,602,501,4615,8191,10482,6253,177,570,427,380,68,304,2301,t3_calmveil|t3_thornmail
standard,182,b1,blue,top,戰士,rongyan,standard,0,0,4,1,9834,30288,9553,376.5,10.03,18.63,,2,0,1,2,2,1429,442,300,1322,3479,5142,7580,6253,598,,,475,,253,,t3_shieldbreaker|t3_finalstring
standard,182,b2,blue,jungle,戰士,leimingcf,standard,0,1,6,0,8651,22240,10443,411.5,10.06,18.64,23.41,3,0,1,2,3,1654,235,932,113,3654,5665,7682,6253,456,,,,719,253,,t3_shieldbreaker|t3_finalstring
standard,182,b3,blue,mid,法師,leiming,standard,0,0,7,1,13782,15441,9733,383.6,10.99,21.78,,2,0,1,1,2,1298,154,909,333,3558,5604,7409,6253,870,,285,,,0,,t3_psyward
standard,182,b4,blue,adc,射手,siwang,standard,0,11,6,1,31276,13001,15383,606.2,9.76,16.8,19.6,4,1,1,3,4,215,225,841,1783,3565,5905,10541,6253,817,3420,,,51,0,,t3_shieldbreaker|t3_rendspear
standard,182,b5,blue,sup,輔助,shengming,standard,0,0,3,2,8349,19799,12048,474.8,7.81,14.08,16.38,4,1,2,3,4,513,287,884,597,4513,6837,9344,6253,297,,,475,,253,2064,t3_calmveil
standard,182,r1,red,top,戰士,rongyan,standard,1,10,1,2,27649,27755,16880,665.2,10.11,14.63,17.26,4,0,2,3,4,1809,293,477,3900,3859,7393,11877,6253,921,3420,142,760,,380,,t3_shieldbreaker|t3_finalstring
standard,182,r2,red,jungle,戰士,leimingcf,standard,1,1,0,1,9123,13082,12109,477.2,8.92,17.61,20.92,3,1,1,2,3,102,971,392,2559,4152,6401,8942,6253,513,,142,285,1368,380,,t3_shieldbreaker|t3_finalstring
standard,182,r3,red,mid,法師,leiming,standard,1,6,5,1,28846,15744,14154,557.8,8.98,15.38,20.43,3,1,1,2,3,484,969,1622,2073,4334,7469,11022,6253,779,2850,,760,,380,,t3_psyward
standard,182,r4,red,adc,射手,siwang,standard,1,9,5,1,32851,11880,15360,605.3,11.06,17.88,21.55,4,0,1,2,4,1433,265,154,1510,3593,5645,8704,6253,456,570,285,760,,380,,t3_shieldbreaker|t3_rendspear
standard,182,r5,red,sup,輔助,shengming,standard,1,0,1,7,7552,15178,13724,540.9,7.45,12,16.12,4,1,2,3,4,1296,513,1310,2344,4696,7543,10060,6253,294,,855,285,,380,1992,t3_calmveil
standard,183,b1,blue,top,戰士,embercoil,standard,0,4,2,2,17825,27585,11720,474.8,8.93,18.63,22.96,3,1,1,2,3,443,123,155,319,3593,5303,7555,6253,532,,427,,,342,,t3_shieldbreaker|t3_finalstring
standard,183,b2,blue,jungle,戰士,fengbao,standard,0,2,1,2,7555,15614,11235,455.2,9.46,15.72,21.85,3,1,1,2,3,186,540,667,484,3936,5970,9217,6253,259,1140,142,,1079,342,,t3_shieldbreaker|t3_finalstring
standard,183,b3,blue,mid,法師,haixiao,standard,0,3,0,2,24102,15592,13119,531.5,11.18,18.43,22.89,3,0,1,2,3,1507,309,354,1039,3767,5639,8204,6253,1133,,,475,,342,,t3_psyward
standard,183,b4,blue,adc,射手,maestro,standard,0,7,4,2,27075,11630,13535,548.3,10.33,17.72,21.49,4,0,1,2,4,1512,247,194,314,3672,5627,9094,6253,927,1710,,,51,152,,t3_shieldbreaker|t3_rendspear
standard,183,b5,blue,sup,輔助,fengshen,standard,0,0,2,3,6252,17121,11667,472.7,6.8,11.86,18.38,4,1,2,3,4,263,272,220,867,4563,7002,9450,6253,262,,,475,,342,2116,t3_calmveil
standard,183,r1,red,top,戰士,embercoil,standard,1,2,3,0,14818,24744,10865,440.2,8.38,15.73,24.08,3,1,1,2,3,377,1324,328,484,4657,6804,8628,6253,608,1140,,380,,247,,t3_shieldbreaker|t3_finalstring
standard,183,r2,red,jungle,戰士,fengbao,standard,1,3,2,0,13823,20018,12095,490,8.7,15.72,20.18,3,1,1,2,3,634,952,1480,745,3734,6082,10030,6253,190,1710,,380,1249,247,,t3_shieldbreaker|t3_finalstring
standard,183,r3,red,mid,法師,haixiao,standard,1,0,5,1,17112,14999,10155,411.4,10.76,19.94,,2,0,1,2,2,1390,309,318,755,3650,5759,7868,6253,703,,285,380,,247,,t3_psyward
standard,183,r4,red,adc,射手,maestro,standard,1,4,4,1,15506,10069,12350,500.3,10.87,19.02,22.15,3,0,1,2,3,1319,470,809,549,3479,5550,8429,6253,456,570,142,855,,152,,t3_shieldbreaker|t3_rendspear
standard,183,r5,red,sup,輔助,fengshen,standard,1,0,2,2,7458,16098,11476,464.9,6.77,12.56,15.72,4,1,2,3,4,430,417,510,516,4430,7147,9740,6253,133,,427,380,,247,2299,t3_calmveil
standard,184,b1,blue,top,戰士,cinderfist,standard,0,1,2,0,10269,28187,10542,431.8,9.33,18.07,24.38,3,1,1,2,3,434,457,324,191,3584,5807,7574,6253,693,,,475,,152,,t3_shieldbreaker|t3_finalstring
standard,184,b2,blue,jungle,戰士,anliuyouXia,standard,0,0,4,0,8714,17159,9171,375.6,8.63,17.96,,2,1,1,2,2,676,636,420,1140,3776,5636,7620,6253,237,,,,976,152,,t3_shieldbreaker|t3_finalstring
standard,184,b3,blue,mid,法師,leiming,standard,0,8,4,0,20652,17685,14000,573.4,11.7,16.2,19.81,4,0,1,3,4,1371,636,80,549,3631,6016,10880,6253,674,2850,,950,,152,,t3_psyward
standard,184,b4,blue,adc,射手,liuxing,standard,0,6,4,3,30246,12001,12674,519.1,10.48,18.42,21.32,3,0,1,2,3,1253,464,891,1073,3413,5544,8841,6253,579,1140,427,237,51,152,,t3_shieldbreaker|t3_rendspear
standard,184,b5,blue,sup,坦克,suishan,standard,0,0,1,3,8806,23983,11653,477.3,8.85,12.87,16.71,4,1,2,3,4,142,472,520,453,4592,7252,10100,6253,209,,427,712,,152,2346,t3_calmveil|t3_thornmail
standard,184,r1,red,top,戰士,cinderfist,standard,1,3,1,1,15475,29776,12141,497.2,6.98,15.12,20.11,3,1,1,2,3,313,1464,979,691,4163,6994,9629,6253,760,1140,285,760,,430,,t3_shieldbreaker|t3_finalstring
standard,184,r2,red,jungle,戰士,anliuyouXia,standard,1,3,0,1,8561,16736,12596,515.9,8.03,15,20.11,3,1,2,2,3,76,239,1153,1195,3876,7639,9753,6253,196,1140,285,285,1162,430,,t3_shieldbreaker|t3_finalstring
standard,184,r3,red,mid,法師,leiming,standard,1,1,5,0,22642,14719,10156,415.9,10.1,18.98,,2,0,1,2,2,1922,360,354,755,4182,6560,8384,6253,734,570,,522,,304,,t3_psyward
standard,184,r4,red,adc,射手,liuxing,standard,1,7,8,1,30018,11725,14355,587.9,9.98,18.99,20.85,4,1,1,2,4,405,515,719,1134,3755,5895,9619,6253,877,1140,285,760,,304,,t3_shieldbreaker|t3_rendspear
standard,184,r5,red,sup,坦克,suishan,standard,1,1,1,2,7924,19495,12918,529.1,6.76,13.76,16.99,4,1,2,3,4,265,465,748,717,4465,7705,10728,6253,91,570,285,522,,430,2575,t3_calmveil|t3_thornmail
standard,185,b1,blue,top,戰士,leimingcf,standard,1,1,4,2,10588,26274,10372,418.8,9.4,17.63,24.32,3,1,1,2,3,405,792,263,471,3555,6272,7963,6253,627,570,,285,,228,,t3_shieldbreaker|t3_finalstring
standard,185,b2,blue,jungle,戰士,embercoil,standard,1,0,2,0,6619,20131,10216,412.5,8.83,17.71,24.29,3,1,1,2,3,650,886,117,666,3750,6316,8067,6253,171,,,403,1011,228,,t3_shieldbreaker|t3_finalstring
standard,185,b3,blue,mid,法師,mingyun2,standard,1,3,7,0,23125,14637,11369,459.1,11.45,18.08,24.33,3,0,1,2,3,1295,379,35,539,3555,6579,8365,6253,910,570,,403,,228,,t3_psyward
standard,185,b4,blue,adc,射手,shensheng,standard,1,8,7,0,23512,12923,14096,569.1,9.59,17.52,21.2,4,1,1,2,4,186,478,1271,1195,3536,6158,9521,6253,688,1710,,641,,228,,t3_shieldbreaker|t3_rendspear
standard,185,b5,blue,sup,輔助,mingyunyindao,standard,1,1,1,1,8132,18597,12511,505.2,6.08,13.89,16.16,4,1,2,3,4,430,903,341,1551,4430,7633,9571,6253,148,,285,641,,228,2014,t3_calmveil
standard,185,r1,red,top,戰士,leimingcf,standard,0,2,0,1,13397,27006,12089,488.1,9.4,17.83,21.93,3,1,1,2,3,456,117,193,2008,3606,5297,8793,6253,741,570,,950,51,228,,t3_shieldbreaker|t3_finalstring
standard,185,r2,red,jungle,戰士,embercoil,standard,0,7,1,3,15069,17046,15015,606.2,9.05,15.27,19.27,4,1,1,3,4,711,1539,613,1614,3811,6969,11543,6253,380,2850,570,,1261,228,,t3_shieldbreaker|t3_finalstring
standard,185,r3,red,mid,法師,mingyun2,standard,0,4,3,0,24333,14355,12066,487.2,10.5,17.53,23.12,3,0,1,2,3,1447,382,133,466,3707,5712,9113,6253,779,1140,,712,,228,,t3_psyward
standard,185,r4,red,adc,射手,shensheng,standard,0,8,8,2,29378,12944,14596,589.3,10.02,17.46,20.11,4,0,1,2,4,1490,142,1784,746,3650,5522,10034,6253,703,1710,427,712,,228,,t3_shieldbreaker|t3_rendspear
standard,185,r5,red,sup,輔助,mingyunyindao,standard,0,0,1,2,5580,19327,11473,463.2,6.11,12.74,16.42,4,1,2,3,4,506,312,890,512,4506,6862,9640,6253,133,,427,475,,228,2123,t3_calmveil
standard,186,b1,blue,top,戰士,jufeng,standard,0,1,1,1,13209,24362,10143,442.8,9.87,17.3,22.5,3,1,1,2,3,373,334,188,242,3523,5214,8188,6253,595,570,142,475,,152,,t3_shieldbreaker|t3_finalstring
standard,186,b2,blue,jungle,戰士,hunpo,standard,0,1,5,2,9121,12987,9591,418.7,11.33,18.49,,2,0,1,2,2,1431,440,472,291,3641,5940,8522,6253,348,570,427,,770,152,,t3_psyward
standard,186,b3,blue,mid,法師,bingshuang,standard,0,0,4,0,16530,14418,8911,389,12.09,18.85,,2,0,1,2,2,1352,465,344,411,3612,5265,7944,6253,589,,,950,,152,,t3_psyward
standard,186,b4,blue,adc,射手,liangzicz,standard,0,7,4,0,21036,12508,12765,557.2,8.93,17.8,21.18,3,1,1,2,3,468,298,1136,1784,3818,6098,9556,6253,965,1710,,475,,152,,t3_shieldbreaker|t3_rendspear
standard,186,b5,blue,sup,輔助,mingyun,standard,0,0,3,2,5781,18434,10294,449.4,6.38,12.79,16.48,3,1,2,3,3,216,1059,325,1254,4516,7309,9365,6253,199,,285,475,,152,2000,t3_calmveil
standard,186,r1,red,top,戰士,jufeng,standard,1,4,1,0,16908,27675,11419,498.5,9.08,16.06,20.7,3,1,1,2,3,557,1172,860,1219,3707,6652,9160,6253,912,1140,,475,,380,,t3_shieldbreaker|t3_finalstring
standard,186,r2,red,jungle,戰士,hunpo,standard,1,1,2,0,7955,12128,10016,437.2,10.48,17.66,,2,0,1,2,2,1569,179,530,716,3779,6579,8760,6253,95,570,,475,987,380,,t3_psyward
standard,186,r3,red,mid,法師,bingshuang,standard,1,1,3,0,12827,12942,10346,451.6,11.13,17.06,,2,0,1,2,2,1324,358,501,995,3584,6538,8951,6253,798,570,,950,,380,,t3_psyward
standard,186,r4,red,adc,射手,liangzicz,standard,1,11,1,1,24833,10214,15257,666,11.29,16.67,19.43,4,0,1,3,4,1243,744,380,1407,3403,6424,10680,6253,437,2850,285,475,,380,,t3_shieldbreaker|t3_rendspear
standard,186,r5,red,sup,輔助,mingyun,standard,1,0,2,1,8366,15539,10849,473.6,8.78,13.11,17.67,3,1,2,3,3,740,163,91,1808,4440,7193,9131,6253,76,,,475,,380,1947,t3_calmveil
standard,187,b1,blue,top,戰士,ronggang,standard,0,0,4,0,11513,23793,8574,398.3,9.94,19.42,,2,1,1,2,2,500,339,487,1443,3650,5389,7137,6253,883,,,,,0,,t3_shieldbreaker|t3_finalstring
standard,187,b2,blue,jungle,戰士,ravager,standard,0,0,1,0,5735,17560,7844,364.4,10.27,16.49,,2,0,1,2,2,1564,503,404,513,3564,5403,7254,6253,316,,,,684,0,,t3_shieldbreaker|t3_finalstring
standard,187,b3,blue,mid,法師,mingyun2,standard,0,1,4,1,13475,15882,8887,412.9,10.84,17.27,,2,0,1,2,2,1295,189,276,307,3555,5569,8286,6253,703,570,285,475,,0,,t3_psyward
standard,187,b4,blue,adc,射手,leiting,standard,0,1,5,0,13330,10701,7871,365.7,11.23,19.63,,2,0,1,2,2,1234,336,206,1000,3394,5066,6776,6253,522,,,,,0,,t3_shieldbreaker|t3_rendspear
standard,187,b5,blue,sup,坦克,tixue,standard,0,1,1,0,5428,18949,10921,507.4,7.39,13.81,16.97,3,1,2,3,3,303,282,384,1341,4503,7382,9484,6253,196,570,,,,0,2464,t3_calmveil|t3_thornmail
standard,187,r1,red,top,戰士,ronggang,standard,1,6,0,0,16623,20116,13330,619.3,8.99,15.8,19.42,3,1,1,3,3,475,1394,366,1880,4625,6924,10496,6253,576,2280,,855,,532,,t3_shieldbreaker|t3_finalstring
standard,187,r2,red,jungle,戰士,ravager,standard,1,5,0,3,12764,10971,13239,615,9.59,13.52,16.39,3,1,2,3,3,140,917,1215,1838,4840,8917,12615,6253,316,2850,570,855,1238,532,,t3_shieldbreaker|t3_finalstring
standard,187,r3,red,mid,法師,mingyun2,standard,1,0,0,4,18779,10282,9977,463.5,10.7,18.73,,2,0,1,2,2,1786,293,638,1176,4046,6193,8188,6253,595,,427,380,,532,,t3_psyward
standard,187,r4,red,adc,射手,leiting,standard,1,4,3,1,21900,8685,10781,500.9,10.07,18.41,20.97,3,0,1,2,3,1607,339,2154,781,3767,6019,9154,6253,706,1140,142,380,,532,,t3_shieldbreaker|t3_rendspear
standard,187,r5,red,sup,坦克,tixue,standard,1,0,0,0,5950,15466,10220,474.8,7.23,12.68,20.46,3,1,2,2,3,363,323,1942,240,4563,7263,9182,6253,123,,,380,,532,1893,t3_calmveil|t3_thornmail
standard,188,b1,blue,top,戰士,jingci,standard,1,2,1,0,12487,16896,8440,462.1,9.13,15.43,,2,1,1,,2,415,1436,,390,3565,6966,,,,,,,,,,t3_shieldbreaker|t3_finalstring
standard,188,b2,blue,jungle,戰士,xueyue,standard,1,0,2,2,5517,11121,7863,430.4,9.34,16.3,,2,1,1,,2,712,931,,462,3812,6411,,,,,,,,,,t3_shieldbreaker|t3_finalstring
standard,188,b3,blue,mid,法師,bingshuang,standard,1,0,2,2,8670,9053,8414,460.6,11.34,18.06,,2,0,1,,2,1390,299,,384,3650,6529,,,,,,,,,,t3_psyward
standard,188,b4,blue,adc,射手,liangzi,standard,1,5,2,2,13277,7107,10856,594.3,11.02,15.88,,2,0,1,,2,1310,1044,,1955,3470,6424,,,,,,,,,,t3_shieldbreaker|t3_rendspear
standard,188,b5,blue,sup,坦克,tieshixin,standard,1,1,1,1,4823,13367,10731,587.5,6.37,12.71,15.97,3,1,2,,3,149,1019,,751,4649,8259,,,,,,,,,,t3_calmveil|t3_thornmail
standard,188,r1,red,top,戰士,jingci,standard,0,2,2,0,10735,18806,8170,447.3,8.33,16.23,,2,1,1,,2,652,187,,420,3802,5417,,,,,,,,,,t3_shieldbreaker|t3_finalstring
standard,188,r2,red,jungle,戰士,xueyue,standard,0,0,0,1,6991,9973,7539,412.7,8.71,16.68,,2,1,1,,2,805,1684,,738,3905,6264,,,,,,,,,,t3_shieldbreaker|t3_finalstring
standard,188,r3,red,mid,法師,bingshuang,standard,0,2,3,0,7995,10415,8341,456.6,10.83,16.07,,2,0,1,,2,1485,1565,,211,3745,7165,,,,,,,,,,t3_psyward
standard,188,r4,red,adc,射手,liangzi,standard,0,3,3,0,12240,8267,8218,449.9,10.78,17.59,,2,0,1,,2,1414,413,,837,3574,5313,,,,,,,,,,t3_shieldbreaker|t3_rendspear
standard,188,r5,red,sup,坦克,tieshixin,standard,0,1,0,1,5805,12664,9304,509.3,7.09,13.53,16.63,3,1,2,,3,606,748,,323,4506,8128,,,,,,,,,,t3_calmveil|t3_thornmail
standard,189,b1,blue,top,戰士,longyi,standard,0,0,7,1,10939,34478,10604,398.3,9.57,17.04,24.04,3,1,1,2,3,481,241,587,104,3631,5721,8337,6253,772,,285,950,,76,,t3_shieldbreaker|t3_finalstring
standard,189,b2,blue,jungle,戰士,jufeng,standard,0,0,5,1,6694,20188,10048,377.4,8.85,18.6,,2,1,1,2,2,664,142,311,1868,3764,5572,7361,6253,278,,,,753,76,,t3_shieldbreaker|t3_finalstring
standard,189,b3,blue,mid,法師,mingyun2,standard,0,3,8,0,20651,19576,12631,474.4,11.06,18.06,23.35,3,0,1,2,3,1460,214,371,1130,3720,5544,8501,6253,1032,1140,,,,76,,t3_psyward
standard,189,b4,blue,adc,射手,shengyan,standard,0,9,6,1,29793,12898,15110,567.5,9.63,17.01,21.2,4,1,1,2,4,151,496,436,1510,3501,5876,8986,6253,661,1710,285,,,76,,t3_shieldbreaker|t3_rendspear
standard,189,b5,blue,sup,輔助,huanjing,standard,0,0,3,2,7763,23014,12023,451.6,6.21,13.48,16.8,4,1,2,3,4,854,778,422,573,4554,7258,9462,6253,294,,,950,,76,1887,t3_calmveil
standard,189,r1,red,top,戰士,longyi,standard,1,9,1,1,19841,26324,16659,625.7,9.03,14.75,19.96,5,1,2,3,5,386,313,70,1358,3536,7713,9670,6253,766,1710,142,285,,513,,t3_shieldbreaker|t3_finalstring
standard,189,r2,red,jungle,戰士,jufeng,standard,1,3,0,1,10809,17349,14132,530.8,8.7,14.73,21.18,4,1,2,2,4,202,130,1008,1201,3952,7180,9558,6253,345,570,285,285,1306,513,,t3_shieldbreaker|t3_finalstring
standard,189,r3,red,mid,法師,mingyun2,standard,1,8,5,2,25963,17068,16063,603.3,10.63,18.06,21.2,4,0,1,2,4,1428,310,674,1663,3688,6510,9474,6253,807,1710,,285,,418,,t3_psyward
standard,189,r4,red,adc,射手,shengyan,standard,1,9,5,0,40995,12363,15687,589.2,9.95,20.13,22.43,4,1,1,1,4,63,410,2362,1836,3413,5610,8042,6253,516,,,760,,513,,t3_shieldbreaker|t3_rendspear
standard,189,r5,red,sup,輔助,huanjing,standard,1,0,1,4,10231,14519,13638,512.2,5.83,13.06,15.48,4,1,2,3,4,1387,2091,601,2257,4487,7971,9831,6253,186,,142,760,,323,2166,t3_calmveil
standard,190,b1,blue,top,戰士,chichuan,standard,1,2,4,0,9739,19530,10195,481.9,10.73,17.54,21.11,3,0,1,2,3,1429,704,377,65,3479,6234,9027,6253,513,570,,1235,,456,,t3_shieldbreaker|t3_finalstring
standard,190,b2,blue,jungle,戰士,kuangfeng,standard,1,0,0,2,6659,11540,9426,445.5,8.12,15.63,,2,1,1,2,2,87,1218,463,1125,3887,6698,8763,6253,275,,427,443,907,456,,t3_shieldbreaker|t3_finalstring
standard,190,b3,blue,mid,法師,bingshuang,standard,1,5,1,1,21690,12738,12091,571.4,8.98,16.9,,2,1,1,2,2,536,71,344,2690,4386,6571,9744,6253,755,1710,285,285,,456,,t3_psyward
standard,190,b4,blue,adc,射手,mirrorshot,standard,1,8,0,0,22507,9196,13717,648.3,9.8,16.17,18.58,3,1,1,3,3,348,1016,197,1916,3698,6696,11997,6253,950,3420,,918,,456,,t3_shieldbreaker|t3_rendspear
standard,190,b5,blue,sup,坦克,dadi,standard,1,1,2,4,9350,18303,11140,526.5,6.88,11.74,17.47,3,1,2,3,3,349,537,592,1159,4549,7777,9972,6253,166,570,427,443,,456,1655,t3_calmveil|t3_thornmail
standard,190,r1,red,top,戰士,chichuan,standard,0,2,2,3,13988,23553,9420,445.2,9.94,14.83,,2,1,2,2,2,367,110,713,1339,3517,6760,8793,6253,563,1140,285,475,,76,,t3_shieldbreaker|t3_finalstring
standard,190,r2,red,jungle,戰士,kuangfeng,standard,0,5,2,1,9869,14866,11042,521.9,8.91,15.56,21.16,3,1,1,2,3,627,842,1502,262,3727,6442,9532,6253,209,1710,142,,1141,76,,t3_shieldbreaker|t3_finalstring
standard,190,r3,red,mid,法師,bingshuang,standard,0,0,8,0,9624,14757,7985,377.4,10.62,19.94,,2,0,1,2,2,1447,229,227,155,3707,5829,7577,6253,772,,,475,,76,,t3_psyward
standard,190,r4,red,adc,射手,mirrorshot,standard,0,0,3,2,13115,10719,8029,379.5,10.93,17.54,,2,0,1,2,2,1386,581,533,829,3546,5731,7403,6253,598,,,475,,76,,t3_shieldbreaker|t3_rendspear
standard,190,r5,red,sup,坦克,dadi,standard,0,0,1,3,6540,17619,9660,456.6,7.57,13.52,19.12,3,1,2,3,3,9,94,139,80,4459,6894,9119,6253,212,,427,,,76,2150,t3_calmveil|t3_thornmail
standard,191,b1,blue,top,戰士,xueyue,standard,0,0,3,0,9638,28682,7902,361,10.35,18.11,,2,0,1,2,2,1467,952,348,302,3517,5702,7298,6253,570,,,475,,0,,t3_shieldbreaker|t3_finalstring
standard,191,b2,blue,jungle,戰士,tielian,standard,0,0,5,0,7677,16918,8362,381.9,9.7,18.44,,2,1,1,2,2,700,321,375,481,3800,5801,7655,6253,237,,,,1163,0,,t3_shieldbreaker|t3_finalstring
standard,191,b3,blue,mid,法師,lieyan,standard,0,2,4,0,16067,15369,9878,451.2,10.72,18.52,,2,0,1,2,2,1390,368,241,898,3650,5398,8191,6253,893,570,,475,,0,,t3_psyward
standard,191,b4,blue,adc,射手,hanbing,standard,0,0,9,1,11934,13139,7665,350.1,11.55,19.03,,2,0,1,2,2,1367,330,206,464,3527,5180,6776,6253,522,,,,,0,,t3_shieldbreaker|t3_rendspear
standard,191,b5,blue,sup,坦克,ironclad,standard,0,0,1,0,7341,19550,9996,456.6,7.07,12.6,18.53,3,1,2,3,3,287,427,374,416,4487,7207,9354,6253,247,,,950,17,0,1886,t3_calmveil|t3_thornmail
standard,191,r1,red,top,戰士,xueyue,standard,1,6,0,0,17092,22921,12843,586.7,7.87,14.27,17.43,3,1,2,3,3,804,406,352,1393,3954,7856,11802,6253,1070,3420,,475,51,532,,t3_shieldbreaker|t3_finalstring
standard,191,r2,red,jungle,戰士,tielian,standard,1,4,0,2,10665,16001,13205,603.2,9.93,13.34,17.88,3,1,2,3,3,58,445,288,1804,4338,7845,11688,6253,424,1710,285,870,1613,532,,t3_shieldbreaker|t3_finalstring
standard,191,r3,red,mid,法師,lieyan,standard,1,5,0,1,15984,11214,12684,579.4,11.43,16.43,21.13,3,0,1,2,3,1507,1070,1065,604,3767,7270,10465,6253,813,1710,285,870,,532,,t3_psyward
standard,191,r4,red,adc,射手,hanbing,standard,1,7,2,3,31226,8814,14039,641.3,9.88,17.68,19.52,3,1,1,3,3,386,991,333,2659,3736,6671,10813,6253,972,1710,712,633,,532,,t3_shieldbreaker|t3_rendspear
standard,191,r5,red,sup,坦克,ironclad,standard,1,0,0,4,9182,15505,11879,542.6,6.63,11.97,16.51,3,1,2,3,3,1008,522,668,1899,4608,7762,10648,6253,329,,712,475,,532,2346,t3_calmveil|t3_thornmail
standard,192,b1,blue,top,戰士,langwang,standard,1,0,1,0,11683,26204,8730,408.7,10.32,17.91,,2,0,1,2,2,1543,408,231,1329,3593,5408,7631,6253,750,,,475,,152,,t3_shieldbreaker|t3_finalstring
standard,192,b2,blue,jungle,刺客,duskblade,standard,1,1,5,0,4857,11091,9199,430.7,8.31,17.01,,2,1,1,2,2,796,218,784,868,3996,5798,7914,6253,361,,,,1147,152,,t3_finalstring
standard,192,b3,blue,mid,法師,shikong,standard,1,3,2,0,10071,11430,10886,509.7,11.08,17.71,,2,0,1,2,2,1561,524,1605,1486,3821,5674,9455,6253,959,1140,,950,,152,,t3_psyward
standard,192,b4,blue,adc,射手,xuanfeng,standard,1,5,1,0,11175,9184,11418,534.6,7.91,16.78,20.37,3,1,1,2,3,766,298,1087,938,4116,5978,9987,6253,826,2280,,475,,152,,t3_shieldbreaker|t3_rendspear
standard,192,b5,blue,sup,輔助,xuemai,standard,1,0,2,2,6517,13511,11074,518.5,6.97,12.38,17.52,3,1,2,3,3,311,474,1547,2033,4611,7024,10127,6253,370,,285,950,,152,2115,t3_calmveil
standard,192,r1,red,top,戰士,langwang,standard,0,1,0,1,7765,20414,10020,469.1,11.16,16.1,21.23,3,0,1,2,3,1353,716,168,120,3403,6196,8768,6253,551,570,285,855,26,228,,t3_shieldbreaker|t3_finalstring
standard,192,r2,red,jungle,刺客,duskblade,standard,0,5,3,0,12298,13168,12104,566.7,7.03,13.96,19.39,3,1,2,3,3,801,391,811,1504,5131,7821,10761,6253,297,2280,,380,1322,228,,t3_finalstring
standard,192,r3,red,mid,法師,shikong,standard,0,3,2,1,13051,10048,10115,473.6,10.01,16.81,,2,0,1,2,2,1863,323,1143,714,4123,6223,9643,6253,769,1710,285,380,17,228,,t3_psyward
standard,192,r4,red,adc,射手,xuanfeng,standard,0,2,3,0,10875,9320,10041,470.1,10.36,18.48,,2,0,1,2,2,1341,729,358,1790,3501,5629,8308,6253,877,570,,380,,228,,t3_shieldbreaker|t3_rendspear
standard,192,r5,red,sup,輔助,xuemai,standard,0,0,1,0,6647,10906,10164,475.9,7.07,12.78,17.23,3,1,2,3,3,509,240,690,1123,4509,6970,9730,6253,278,,,855,,228,2114,t3_calmveil
standard,193,b1,blue,top,戰士,kuangfeng,standard,0,0,1,0,8217,21349,7945,377.6,8.93,19.16,,2,1,1,2,2,424,837,332,364,3574,5417,7612,6253,712,,,475,,171,,t3_shieldbreaker|t3_finalstring
standard,193,b2,blue,jungle,刺客,binghe,standard,0,0,6,0,6504,11784,8209,390.1,8.54,17.75,,2,1,1,2,2,57,732,343,478,3907,5832,7773,6253,278,,,,1165,76,,t3_finalstring
standard,193,b3,blue,mid,法師,lieyan,standard,0,1,4,0,11923,13125,8401,399.2,11.04,19.32,,2,0,1,2,2,1305,359,518,370,3565,5959,8068,6253,598,570,,475,,171,,t3_psyward
standard,193,b4,blue,adc,射手,dawnstrike,standard,0,3,5,0,9315,9684,9161,435.4,9.66,19.15,,2,1,1,2,2,310,336,232,310,3660,6016,8182,6253,617,1140,,,,171,,t3_shieldbreaker|t3_rendspear
standard,193,b5,blue,sup,輔助,zhanchang,standard,0,1,2,0,6572,16170,10371,492.9,5.69,10.93,15.14,3,1,2,3,3,283,1386,960,1331,5133,8116,10000,6253,338,570,,475,17,171,2175,t3_calmveil
standard,193,r1,red,top,戰士,kuangfeng,standard,1,6,0,1,16675,21750,11830,562.2,9,15.26,18.82,3,1,1,3,3,500,1305,289,430,3650,6785,11269,6253,646,3420,285,285,,380,,t3_shieldbreaker|t3_finalstring
standard,193,r2,red,jungle,刺客,binghe,standard,1,2,0,0,4693,9179,10079,479,8.88,16.72,,2,1,1,2,2,630,552,1089,1748,3830,6132,9419,6253,190,1140,,285,1170,380,,t3_finalstring
standard,193,r3,red,mid,法師,lieyan,standard,1,4,1,1,13999,11086,12033,571.9,10.68,16.27,19.87,3,0,1,3,3,1428,298,52,302,3688,6798,10902,6253,1038,1710,285,1235,,380,,t3_psyward
standard,193,r4,red,adc,射手,dawnstrike,standard,1,6,4,2,19106,8420,12666,602,9.75,15.66,19.67,3,1,1,3,3,110,1238,193,866,3460,6918,11573,6253,760,2850,570,760,,380,,t3_shieldbreaker|t3_rendspear
standard,193,r5,red,sup,輔助,zhanchang,standard,1,0,0,2,3942,10638,11656,553.9,5.82,13.25,16.09,3,1,2,3,3,449,386,1333,2615,4449,7116,10373,6253,177,,285,760,,380,2517,t3_calmveil
standard,194,b1,blue,top,戰士,greymantle,standard,0,4,1,2,21246,35345,14817,505.4,9.31,15.92,20.92,4,1,1,2,4,614,1065,643,1316,3764,6595,9293,6253,570,1140,570,380,,380,,t3_shieldbreaker|t3_finalstring
standard,194,b2,blue,jungle,刺客,jueying,standard,0,0,5,2,6937,15694,12374,422.1,9.82,16.73,25.25,3,1,1,2,3,630,445,110,1244,3830,6075,8190,6253,351,,,380,825,380,,t3_finalstring
standard,194,b3,blue,mid,法師,shikong,standard,0,21,7,2,52491,22419,23414,798.7,10.65,15.08,18.89,5,0,1,3,5,1960,1045,2334,7264,4220,7545,12884,6253,741,4560,570,380,,380,,t3_psyward
standard,194,b4,blue,adc,射手,yanfeng,standard,0,10,6,3,41657,13622,18186,620.3,10.85,17.91,21.48,5,0,1,2,5,1300,336,1015,2586,3460,6016,9265,6253,494,570,712,855,,380,,t3_shieldbreaker|t3_rendspear
standard,194,b5,blue,sup,坦克,stoneguard,standard,0,1,6,4,7797,26381,15101,515.1,6.92,13.18,17.66,5,1,2,3,5,1616,595,1734,1501,4516,7375,10814,6253,123,570,427,380,,380,2680,t3_calmveil|t3_thornmail
standard,194,r1,red,top,戰士,greymantle,standard,1,1,5,1,17999,40515,13081,446.2,9.24,15.93,24.26,4,1,1,2,4,481,1094,398,531,3631,6624,8448,6253,912,570,142,475,,95,,t3_shieldbreaker|t3_finalstring
standard,194,r2,red,jungle,刺客,jueying,standard,1,6,6,0,13983,16238,15949,544,8.54,14.48,20.63,4,1,2,2,4,600,441,1800,2548,3800,7441,10180,6253,133,2280,,,1419,95,,t3_finalstring
standard,194,r3,red,mid,法師,shikong,standard,1,3,11,4,22824,20580,13990,477.2,11.05,18.01,25.57,4,0,1,2,4,1257,157,146,640,3517,5607,8476,6253,608,,570,950,,95,,t3_psyward
standard,194,r4,red,adc,射手,yanfeng,standard,1,15,10,1,47442,13873,19757,673.9,8.2,18.1,21.48,5,1,1,2,5,671,294,935,4156,4021,5674,8885,6253,446,1710,,475,,0,,t3_shieldbreaker|t3_rendspear
standard,194,r5,red,sup,坦克,stoneguard,standard,1,0,4,5,7522,30450,13955,476,8.25,13.37,19.33,5,1,2,3,5,597,673,250,354,4497,7033,9150,6253,180,,142,475,,95,2004,t3_calmveil|t3_thornmail
standard,195,b1,blue,top,戰士,cinderfist,standard,1,1,1,2,17276,28689,10955,449,9.34,17.78,22.38,3,1,1,2,3,633,393,434,454,3783,5873,8134,6253,779,,570,285,,247,,t3_shieldbreaker|t3_finalstring
standard,195,b2,blue,jungle,刺客,anye,standard,1,1,5,1,8317,14402,11050,452.9,8.78,16.5,21.9,3,1,1,2,3,567,630,658,620,3767,6210,8688,6253,278,570,,285,958,342,,t3_finalstring
standard,195,b3,blue,mid,法師,lieyan,standard,1,9,5,0,27160,14459,15252,625.1,11.01,15.73,21.38,4,0,1,2,4,1479,1058,1027,1901,3739,7558,10427,6253,696,2280,,760,,437,,t3_psyward
standard,195,b4,blue,adc,射手,siwang,standard,1,12,7,0,29308,13423,16506,676.5,9.39,15.48,18.58,4,1,1,3,4,242,937,766,2655,4242,6617,11966,6253,763,3990,,522,,437,,t3_shieldbreaker|t3_rendspear
standard,195,b5,blue,sup,輔助,shengming,standard,1,0,2,4,8020,14863,12601,516.4,6.13,12.64,15.29,4,1,2,3,4,854,575,1064,1151,4554,7605,10104,6253,142,,855,522,,437,1893,t3_calmveil
standard,195,r1,red,top,戰士,cinderfist,standard,0,4,3,1,20116,34128,12373,507.1,9.22,14.45,20.83,3,1,2,2,3,481,444,278,973,3631,7244,8878,6253,725,1140,285,475,,0,,t3_shieldbreaker|t3_finalstring
standard,195,r2,red,jungle,刺客,anye,standard,0,1,2,0,8815,15980,10545,432.2,8.78,15.63,22.46,3,1,1,2,3,112,870,541,594,4442,6450,8871,6253,323,570,,475,1249,0,,t3_finalstring
standard,195,r3,red,mid,法師,lieyan,standard,0,2,5,1,13380,14381,10417,426.9,11.52,19.87,,2,0,1,2,2,1267,138,341,1016,3527,5288,7891,6253,731,570,285,,51,0,,t3_psyward
standard,195,r4,red,adc,射手,siwang,standard,0,12,9,3,32917,12793,16085,659.2,11.02,16.5,19.58,4,0,1,3,4,1509,193,989,2234,3669,5873,11469,6253,655,3990,570,,,0,,t3_shieldbreaker|t3_rendspear
standard,195,r5,red,sup,輔助,shengming,standard,0,1,4,0,6014,19063,11646,477.3,7.83,12.74,15.08,4,1,2,3,4,1059,1108,1163,765,4459,7838,10203,6253,224,570,,950,,0,2204,t3_calmveil
standard,196,b1,blue,top,坦克,tieshixin,standard,1,0,0,1,9687,20453,8635,397.6,9.07,16.26,,2,1,1,2,2,472,212,192,1405,3422,5512,7422,6253,513,,142,190,,323,,t3_calmveil|t3_thornmail
standard,196,b2,blue,jungle,刺客,wuxing,standard,1,0,3,0,4002,10295,9350,430.5,8.38,15.37,,2,1,1,2,2,658,1135,479,1019,3858,6715,8509,6253,308,,,665,958,323,,t3_finalstring
standard,196,b3,blue,mid,法師,auralith,standard,1,2,5,0,10913,11157,10317,475.1,11.1,18.82,,2,0,1,2,2,1257,467,170,916,3517,5797,8020,6253,779,570,,190,,228,,t3_psyward
standard,196,b4,blue,adc,射手,maestro,standard,1,8,3,0,16130,9167,13490,621.2,10.07,16.34,19.08,4,0,1,3,4,1576,782,1131,289,3736,6462,11611,6253,950,3420,,665,,323,,t3_shieldbreaker|t3_rendspear
standard,196,b5,blue,sup,輔助,mingyun,standard,1,0,1,2,5844,13639,10706,493,7.68,13.01,16.77,3,1,2,3,3,487,489,852,1666,4487,7219,9892,6253,147,,427,665,,323,2075,t3_calmveil
standard,196,r1,red,top,坦克,tieshixin,standard,0,0,1,0,10586,19862,8854,407.7,8.75,16.18,,2,1,1,2,2,643,554,999,1623,3593,5854,8229,6253,798,,,950,,228,,t3_calmveil|t3_thornmail
standard,196,r2,red,jungle,刺客,wuxing,standard,0,5,2,0,9653,11932,11775,542.2,8.69,16.34,20.04,3,1,1,2,3,712,807,2659,1175,3912,6387,10989,6253,351,2850,,,1306,228,,t3_finalstring
standard,196,r3,red,mid,法師,auralith,standard,0,1,3,2,11017,11782,8683,399.8,11.46,20.06,,2,0,1,1,2,1295,182,1064,182,3555,5332,7564,6253,655,,427,,,228,,t3_psyward
standard,196,r4,red,adc,射手,maestro,standard,0,6,3,0,15374,9554,12571,578.9,10.75,17.38,20.38,3,0,1,2,3,1433,92,1802,771,3593,5772,10702,6253,658,2850,,712,,228,,t3_shieldbreaker|t3_rendspear
standard,196,r5,red,sup,輔助,mingyun,standard,0,0,1,2,4465,12093,9997,460.3,6.68,12.73,17.4,3,1,2,3,3,2006,262,868,956,4506,6812,9448,6253,196,,427,237,,228,2105,t3_calmveil
standard,197,b1,blue,top,坦克,bingshouweis,standard,0,1,12,0,21596,65073,15143,384.1,9.25,14.19,19.48,5,1,2,3,5,637,40,171,1492,3587,6750,8821,6253,630,570,,1140,,228,,t3_calmveil|t3_thornmail
standard,197,b2,blue,jungle,刺客,razorwing,standard,0,0,17,1,16935,27958,15978,405.3,11.53,17.27,24.12,5,0,1,2,5,1867,641,596,677,3797,5971,7776,6253,316,,,190,787,228,,t3_finalstring
standard,197,b3,blue,mid,法師,xingjie,standard,0,10,17,0,46322,26546,19940,505.8,12.42,19.62,26.78,5,0,1,2,5,1422,271,255,3790,3682,6171,7805,6253,658,,,665,,228,,t3_psyward
standard,197,b4,blue,adc,射手,liuxing,standard,0,19,12,0,97967,22947,25083,636.2,11.53,17.3,22.28,5,0,1,2,5,1455,437,313,9482,3615,6237,7833,6253,592,570,,190,,228,,t3_shieldbreaker|t3_rendspear
standard,197,b5,blue,sup,坦克,suishan,standard,0,1,16,2,12845,55635,17648,447.6,8.66,13.05,18.13,5,1,2,3,5,941,450,237,4048,4541,7230,9437,6253,158,,,190,,228,2607,t3_calmveil|t3_thornmail
standard,197,r1,red,top,坦克,bingshouweis,standard,1,16,4,1,27592,52870,26242,665.6,7.86,12.53,16.14,5,1,2,4,5,1403,1224,645,12591,4353,8514,12295,6253,1026,3990,,950,,76,,t3_calmveil|t3_thornmail
standard,197,r2,red,jungle,刺客,razorwing,standard,1,11,6,3,28976,28832,24181,613.3,8.38,16.2,21.18,5,1,1,2,5,689,641,279,8880,3889,5971,8409,6253,285,,,237,1557,76,,t3_finalstring
standard,197,r3,red,mid,法師,xingjie,standard,1,21,7,3,67541,28063,28344,718.9,10.53,17.72,20.93,5,0,1,2,5,1485,961,473,12194,3745,6861,9873,6253,1121,2280,142,,,76,,t3_psyward
standard,197,r4,red,adc,射手,liuxing,standard,1,24,10,7,134890,23262,30276,767.9,10.03,16.88,22.28,5,0,1,2,5,1500,816,1321,14676,3660,6016,9901,6253,864,1140,855,712,,76,,t3_shieldbreaker|t3_rendspear
standard,197,r5,red,sup,坦克,suishan,standard,1,2,4,10,17848,48480,20229,513.1,7.65,13.13,18.65,5,1,2,3,5,297,550,254,6628,4497,6910,9154,6253,199,,142,475,,76,2007,t3_calmveil|t3_thornmail
standard,198,b1,blue,top,坦克,tiebi,standard,0,0,1,0,8650,25246,9443,404.8,8.43,15.53,22.04,3,1,1,2,3,719,191,850,193,3669,5341,8140,6253,608,,,950,,329,,t3_calmveil|t3_thornmail
standard,198,b2,blue,jungle,刺客,jingxiang,standard,0,0,4,1,5292,12825,8952,383.8,9.68,18.12,,2,1,1,2,2,601,484,171,522,3801,5814,7651,6253,323,,142,,856,76,,t3_finalstring
standard,198,b3,blue,mid,法師,auralith,standard,0,3,5,0,22971,15989,10222,438.2,12.16,19.51,,2,0,1,2,2,1257,140,260,822,3517,5740,8590,6253,646,1140,,475,,76,,t3_psyward
standard,198,b4,blue,adc,射手,shensheng,standard,0,6,2,0,17531,11546,12740,546.2,9.9,17.29,19.81,3,1,1,3,3,196,539,273,939,3546,6339,10173,6253,598,2280,,712,,329,,t3_shieldbreaker|t3_rendspear
standard,198,b5,blue,sup,坦克,bingshouweis,standard,0,1,1,2,5226,22042,12080,517.9,7.13,13.66,17.08,4,1,2,3,4,654,325,913,479,4554,7565,10293,6253,180,570,142,237,17,329,2562,t3_calmveil|t3_thornmail
standard,198,r1,red,top,坦克,tiebi,standard,1,4,0,1,9457,24483,12341,529.1,9.67,13.64,18.64,4,1,2,3,4,510,345,266,710,3460,7175,9816,6253,760,1140,142,1235,,285,,t3_calmveil|t3_thornmail
standard,198,r2,red,jungle,刺客,jingxiang,standard,1,1,4,0,9280,12445,10233,438.7,8.95,17.07,,2,1,1,2,2,617,1364,415,1803,3817,6694,8845,6253,266,570,,285,1185,285,,t3_finalstring
standard,198,r3,red,mid,法師,auralith,standard,1,1,4,3,18027,11055,10634,455.9,11.97,17.29,,2,0,1,2,2,1295,357,43,1233,3555,5807,8543,6253,722,570,142,760,,95,,t3_psyward
standard,198,r4,red,adc,射手,shensheng,standard,1,7,1,0,24272,11589,13240,567.6,9.89,18.33,20.81,4,1,1,2,4,158,363,412,39,3508,5743,8992,6253,649,1140,,760,,190,,t3_shieldbreaker|t3_rendspear
standard,198,r5,red,sup,坦克,bingshouweis,standard,1,0,1,2,5464,19309,11881,509.4,6.73,13.47,17.51,4,1,2,3,4,597,398,581,581,4497,7638,9961,6253,186,,285,285,,285,2666,t3_calmveil|t3_thornmail
standard,199,b1,blue,top,坦克,shengdun,standard,0,0,0,0,5942,19457,7845,384,8.42,15.43,,2,1,1,2,2,748,241,58,215,3698,5541,7688,6253,788,,,475,,171,,t3_calmveil|t3_thornmail
standard,199,b2,blue,jungle,刺客,guihuo,standard,0,1,1,0,6700,10465,8546,418.2,8.78,16.72,,2,1,1,2,2,545,316,807,465,3745,5896,8407,6253,608,570,,,804,171,,t3_finalstring
standard,199,b3,blue,mid,法師,xingjie,standard,0,2,2,2,11554,12053,9147,447.6,10.85,18.93,,2,0,1,2,2,1295,444,166,446,3555,5294,8866,6253,636,1140,285,475,,76,,t3_psyward
standard,199,b4,blue,adc,射手,mori,standard,0,3,2,0,13143,8963,9498,464.9,9.87,18.79,,2,1,1,2,2,243,161,270,1548,3593,5541,8220,6253,513,570,,712,,171,,t3_shieldbreaker|t3_rendspear
standard,199,b5,blue,sup,輔助,shiguang,standard,0,0,2,2,4906,11843,9560,467.9,6.13,12.3,17.07,3,1,2,3,3,1135,446,220,520,4535,7176,9260,6253,228,,285,237,,171,2085,t3_calmveil
standard,199,r1,red,top,坦克,shengdun,standard,1,2,0,0,8630,20151,10262,502.2,7.47,13.26,18.83,3,1,2,3,3,398,168,333,332,3948,6798,9363,6253,950,570,,1045,51,494,,t3_calmveil|t3_thornmail
standard,199,r2,red,jungle,刺客,guihuo,standard,1,1,1,0,8118,9204,9871,483.1,8.18,16.07,,2,1,1,2,2,249,996,1110,1541,4099,6576,9440,6253,285,570,,570,1267,494,,t3_finalstring
standard,199,r3,red,mid,法師,xingjie,standard,1,0,1,0,11757,9872,8396,410.9,11.23,19.99,,2,0,1,2,2,1419,266,38,366,3679,6016,8068,6253,940,,,570,,304,,t3_psyward
standard,199,r4,red,adc,射手,mori,standard,1,4,2,0,11207,7715,10306,504.4,10.31,17.63,,2,0,1,2,2,1357,535,507,1405,3517,6215,9407,6253,380,1710,,570,,494,,t3_shieldbreaker|t3_rendspear
standard,199,r5,red,sup,輔助,shiguang,standard,1,0,2,1,6944,13180,10092,493.9,5.96,11.87,17.92,3,1,2,3,3,661,396,438,1051,4611,7426,9478,6253,180,,,570,,494,1980,t3_calmveil
standard,200,b1,blue,top,坦克,shiqiang,standard,0,2,4,0,13351,23888,10424,439.8,9.08,14.84,21.02,3,1,2,2,3,529,58,1477,394,3479,6468,8767,6253,646,1140,,380,,348,,t3_calmveil|t3_thornmail
standard,200,b2,blue,jungle,刺客,jiansheng,standard,0,1,5,0,7292,11539,9908,418,9.36,16.68,22.8,3,1,1,2,3,509,699,183,407,3709,6029,7963,6253,313,,,380,668,348,,t3_finalstring
standard,200,b3,blue,mid,法師,auralith,standard,0,2,5,1,14844,14634,10228,431.5,11.61,17.65,23.5,3,0,1,2,3,1409,496,318,77,3669,6396,8448,6253,864,570,285,380,,95,,t3_psyward
standard,200,b4,blue,adc,射手,leiting,standard,0,3,5,0,14560,12984,11507,485.5,9.78,17.79,21.2,3,1,1,2,3,196,471,85,527,3546,5851,8235,6253,684,570,,380,,348,,t3_shieldbreaker|t3_rendspear
standard,200,b5,blue,sup,坦克,tixue,standard,0,0,4,0,7010,20837,11164,471.1,7.03,14.05,18.66,4,1,2,3,4,325,987,755,264,4525,7347,9655,6253,342,,,380,,0,2680,t3_calmveil|t3_thornmail
standard,200,r1,red,top,坦克,shiqiang,standard,1,8,1,1,14728,24190,15035,634.4,8.6,14.07,16.82,4,1,2,4,4,719,1177,907,2784,3669,7127,12257,6253,703,3990,285,950,,76,,t3_calmveil|t3_thornmail
standard,200,r2,red,jungle,刺客,jiansheng,standard,1,4,3,3,13828,13605,12746,537.8,9.1,15.95,20.48,3,1,1,2,3,648,452,540,1866,3848,5782,8970,6253,361,570,570,,1140,76,,t3_finalstring
standard,200,r3,red,mid,法師,auralith,standard,1,1,1,3,16482,13454,11301,476.8,10.73,19.15,,2,0,1,2,2,1542,205,513,1901,3802,6405,8543,6253,931,,570,712,,76,,t3_psyward
standard,200,r4,red,adc,射手,leiting,standard,1,7,3,0,17383,12041,14012,591.2,9.48,16.89,19.87,4,1,1,3,4,243,105,315,791,3593,5905,10835,6253,943,2850,,712,,76,,t3_shieldbreaker|t3_rendspear
standard,200,r5,red,sup,坦克,tixue,standard,1,3,0,2,9781,18889,12881,543.5,6.63,12.58,15.26,4,1,2,3,4,448,1776,979,681,5798,9016,10959,6253,367,1710,285,,,76,2267,t3_calmveil|t3_thornmail
