config,seed,pid,side,role,arch,heroId,strategy,won,k,d,a,dmg,taken_approx,gold,goldPerMin,t3_1_min,t3_2_min,t3_3_min,t3Count,completed10,completed15,completed20,completedEnd,unspent10,unspent15,unspent20,unspentEnd,earned10,earned15,earned20,earned20_passive,earned20_minion,earned20_kill,earned20_assist,earned20_tower,earned20_camp,earned20_objective,earned20_tithe,counterPlanned
standard,1,b1,blue,top,戰士,embercoil,standard,0,0,8,0,16962,38103,11860,404.1,9.1,17.39,25.72,3,1,1,2,3,519,415,124,410,3669,5645,7754,6253,931,,,475,,95,,t3_shieldbreaker|t3_finalstring
standard,1,b2,blue,jungle,戰士,cinderfist,standard,0,1,7,1,11068,24898,12145,413.8,8.02,16.78,23.68,3,1,1,2,3,210,1275,395,745,4490,6755,8625,6253,462,570,285,,959,95,,t3_shieldbreaker|t3_finalstring
standard,1,b3,blue,mid,法師,auralith,standard,0,7,11,0,34950,24001,15318,521.9,10.44,18.93,23.46,4,0,1,2,4,1428,234,189,1268,3688,6044,8419,6253,931,1140,,,,95,,t3_psyward
standard,1,b4,blue,adc,射手,liangzicz,standard,0,11,10,0,41606,14163,16563,564.3,9.35,18.18,21.29,5,1,1,2,5,975,374,878,962,4325,6054,8828,6253,769,1710,,,,95,,t3_shieldbreaker|t3_rendspear
standard,1,b5,blue,sup,坦克,tixue,standard,0,0,8,0,6585,35043,13571,462.4,7.33,13.76,17.27,4,1,2,3,4,584,602,447,1791,4484,6802,9427,6253,174,,,475,,0,2525,t3_calmveil|t3_thornmail
standard,1,r1,red,top,戰士,embercoil,standard,1,5,3,2,21778,37741,16845,573.9,7.78,14.51,20.21,5,1,2,2,5,418,161,1944,1495,4268,7311,10294,6253,1567,570,285,1092,51,475,,t3_shieldbreaker|t3_finalstring
standard,1,r2,red,jungle,戰士,cinderfist,standard,1,11,2,3,31528,24383,20545,700,7.98,12.6,16.88,5,1,2,3,5,367,1085,1408,5244,4467,8785,12808,6253,370,3420,142,380,1766,475,,t3_shieldbreaker|t3_finalstring
standard,1,r3,red,mid,法師,auralith,standard,1,11,6,1,33027,20500,18149,618.4,10.88,20.02,22.12,5,0,1,1,5,1618,323,2195,1999,3878,6073,8695,6253,1111,570,,380,,380,,t3_psyward
standard,1,r4,red,adc,射手,liangzicz,standard,1,17,7,2,58140,14601,22494,766.4,8.93,15.22,19.33,5,1,1,3,5,376,1162,1274,6893,3726,6842,11754,6253,845,3420,142,617,,475,,t3_shieldbreaker|t3_rendspear
standard,1,r5,red,sup,坦克,tixue,standard,1,0,1,8,10941,27496,15931,542.8,6.95,12.98,17.32,5,1,2,3,5,454,368,789,2330,4654,7608,10769,6253,247,,855,380,14,475,2544,t3_calmveil|t3_thornmail
standard,2,b1,blue,top,戰士,cinderfist,standard,1,1,4,0,14805,31549,10169,416.6,8.95,16.5,23.87,3,1,1,2,3,548,982,396,568,3698,6462,8096,6253,931,570,,190,,152,,t3_shieldbreaker|t3_finalstring
standard,2,b2,blue,jungle,戰士,chichuan,standard,1,1,2,1,8057,19811,10791,442.1,8.74,14.23,23.08,3,1,2,2,3,688,42,400,760,3788,7092,8950,6253,421,570,285,190,1078,152,,t3_shieldbreaker|t3_finalstring
standard,2,b3,blue,mid,法師,ronghuo,standard,1,0,5,1,17046,15314,10558,432.6,10.75,18.52,,2,0,1,2,2,1409,196,304,1158,3669,6396,8334,6253,741,,285,902,,152,,t3_psyward
standard,2,b4,blue,adc,射手,leiting,standard,1,12,9,0,31860,13188,16182,663,9.17,15.26,18.44,4,1,1,3,4,338,1438,917,2332,3688,7118,11697,6253,874,3990,,427,,152,,t3_shieldbreaker|t3_rendspear
standard,2,b5,blue,sup,輔助,linghun,standard,1,0,5,0,7884,19294,11713,479.9,6.62,12.03,16.95,4,1,2,3,4,484,945,695,752,4484,7125,9925,6253,262,,,1140,,152,2116,t3_calmveil
standard,2,r1,red,top,戰士,cinderfist,standard,0,5,0,2,20869,30237,13218,541.5,8.43,16.64,19.87,3,1,1,3,3,595,792,311,1818,3745,6272,9911,6253,950,1710,142,475,,380,,t3_shieldbreaker|t3_finalstring
standard,2,r2,red,jungle,戰士,chichuan,standard,0,6,2,1,16916,20297,14010,574,9.6,15.82,19.23,4,1,1,3,4,325,769,461,609,4075,6199,10011,6253,430,1710,,,1236,380,,t3_shieldbreaker|t3_finalstring
standard,2,r3,red,mid,法師,ronghuo,standard,0,6,8,3,21017,17855,14114,578.3,10.07,17.58,20.42,4,0,1,2,4,1707,313,1103,764,3967,6513,10503,6253,1114,1710,570,475,,380,,t3_psyward
standard,2,r4,red,adc,射手,leiting,standard,0,8,3,0,28476,10086,14887,609.9,7.96,15.83,23.45,4,1,1,2,4,164,1092,1205,1037,4464,6772,9755,6253,937,1710,,475,,380,,t3_shieldbreaker|t3_rendspear
standard,2,r5,red,sup,輔助,linghun,standard,0,0,1,7,9620,15118,12760,522.8,7.12,11.92,18.32,4,1,2,3,4,279,445,231,1379,4579,6925,9461,6253,215,,712,,,380,1900,t3_calmveil
standard,3,b1,blue,top,戰士,leimingcf,standard,1,1,1,0,16023,32819,11179,432.3,9.23,17.31,23.3,3,1,1,2,3,595,826,590,979,3745,6006,8590,6253,931,570,,475,,361,,t3_shieldbreaker|t3_finalstring
standard,3,b2,blue,jungle,戰士,jufeng,standard,1,1,2,0,8533,19932,11656,450.8,9.12,17.52,21.59,3,1,1,2,3,759,390,1719,1206,3859,5820,9069,6253,484,570,,237,1162,361,,t3_shieldbreaker|t3_finalstring
standard,3,b3,blue,mid,法師,gambler,standard,1,5,4,1,21360,18681,13995,541.2,10.58,17.47,23.28,3,0,1,2,3,1523,353,1068,1914,3783,5683,9398,6253,1121,1140,285,237,,361,,t3_psyward
standard,3,b4,blue,adc,射手,liangzi,standard,1,12,8,1,42669,14753,16954,655.6,9.5,17.1,20.55,4,1,1,2,4,240,182,1944,3103,3590,5982,9744,6253,927,1710,285,475,17,76,,t3_shieldbreaker|t3_rendspear
standard,3,b5,blue,sup,輔助,shiguang,standard,1,0,1,3,6830,17274,12081,467.2,6.64,12.42,19.34,4,1,2,3,4,285,380,599,1120,4585,6860,8779,6253,259,,,,,361,1904,t3_calmveil
standard,3,r1,red,top,戰士,leimingcf,standard,0,3,2,0,17885,30577,12355,477.8,7.06,16.21,23.23,3,1,1,2,3,648,1223,318,954,4448,6703,8318,6253,931,570,,285,51,228,,t3_shieldbreaker|t3_finalstring
standard,3,r2,red,jungle,戰士,jufeng,standard,0,0,4,1,10161,21305,10969,424.2,9.07,17.02,23.29,3,1,1,2,3,837,1526,424,39,3937,6356,8374,6253,199,,,285,1407,228,,t3_shieldbreaker|t3_finalstring
standard,3,r3,red,mid,法師,gambler,standard,0,4,6,1,16312,18596,12969,501.5,8.88,17.32,22.36,3,1,1,2,3,674,399,336,1368,4524,6899,9616,6253,950,1140,285,760,,228,,t3_psyward
standard,3,r4,red,adc,射手,liangzi,standard,0,7,5,0,30321,11170,13472,521,10.48,18.93,22.34,3,0,1,2,3,1272,184,1030,1672,3432,5864,8030,6253,693,570,,285,,228,,t3_shieldbreaker|t3_rendspear
standard,3,r5,red,sup,輔助,shiguang,standard,0,2,2,1,9763,17953,12884,498.2,5.93,12,14.03,4,1,3,3,4,1695,477,947,1923,5095,8477,10177,6253,228,1140,,285,,228,2042,t3_calmveil
standard,4,b1,blue,top,戰士,dadi2,standard,0,0,1,0,11266,23389,9508,424.1,9.07,18.56,,2,1,1,2,2,937,343,329,1227,4087,5873,8609,6253,1330,,,950,,76,,t3_shieldbreaker|t3_finalstring
standard,4,b2,blue,jungle,戰士,langwang,standard,0,1,2,0,5707,12705,9407,419.6,8.22,16.88,,2,1,1,2,2,734,1228,778,1177,3834,6408,8358,6253,364,570,,,1094,76,,t3_shieldbreaker|t3_finalstring
standard,4,b3,blue,mid,法師,ronghuo,standard,0,1,2,0,17213,15324,9544,425.8,10.53,18.39,,2,0,1,2,2,1708,240,416,534,3968,5840,8646,6253,1271,570,,475,,76,,t3_psyward
standard,4,b4,blue,adc,射手,shengyan,standard,0,5,5,0,21150,12751,11615,518.1,9.79,17.07,21.83,3,1,1,2,3,203,240,983,814,3553,5320,9133,6253,696,1140,,950,17,76,,t3_shieldbreaker|t3_rendspear
standard,4,b5,blue,sup,坦克,dadi,standard,0,0,5,1,3660,20624,10525,469.5,6.59,13.23,18.68,3,1,2,3,3,665,485,646,944,4565,6985,9626,6253,327,,285,475,17,76,2192,t3_calmveil|t3_thornmail
standard,4,r1,red,top,戰士,dadi2,standard,1,1,0,1,14009,24579,10806,482.1,8.38,15.38,21.54,3,1,1,2,3,351,723,130,376,4201,6253,8780,6253,1197,570,,285,,475,,t3_shieldbreaker|t3_finalstring
standard,4,r2,red,jungle,戰士,langwang,standard,1,4,0,0,9165,14840,12831,572.4,8.42,14.65,17.52,3,1,2,3,3,1029,191,416,1431,4129,7291,10916,6253,437,1710,,285,1755,475,,t3_shieldbreaker|t3_finalstring
standard,4,r3,red,mid,法師,ronghuo,standard,1,4,3,1,14609,13417,12250,546.5,10.86,17.07,21.76,3,0,1,2,3,1523,513,1071,650,3783,7013,10471,6253,1083,1710,285,760,,380,,t3_psyward
standard,4,r4,red,adc,射手,shengyan,standard,1,6,4,2,21049,9937,13317,594.1,7.62,17.83,20.48,3,1,1,2,3,233,643,1221,1937,4233,6323,9771,6253,715,1140,427,760,,475,,t3_shieldbreaker|t3_rendspear
standard,4,r5,red,sup,坦克,dadi,standard,1,0,0,3,6679,16894,11216,500.4,7.3,12.42,17.48,3,1,2,3,3,803,284,342,1236,4703,7224,9722,6253,405,,427,285,,475,1876,t3_calmveil|t3_thornmail
standard,5,b1,blue,top,戰士,ronggang,standard,0,2,4,1,15749,38140,12252,427.8,8.01,16.39,21.78,3,1,1,2,3,149,583,338,851,4429,6063,8638,6253,912,570,142,570,,190,,t3_shieldbreaker|t3_finalstring
standard,5,b2,blue,jungle,戰士,tielian,standard,0,1,4,1,8208,21304,11757,410.5,9.75,17.48,23.46,3,1,1,2,3,638,3220,600,1007,3738,6320,8250,6253,152,570,,95,1179,0,,t3_shieldbreaker|t3_finalstring
standard,5,b3,blue,mid,法師,gambler,standard,0,8,7,1,27813,21392,15869,554,9.25,16.14,22.82,4,1,1,2,4,389,143,285,1468,4239,6643,9265,6253,1111,1140,,570,,190,,t3_psyward
standard,5,b4,blue,adc,射手,mirrorshot,standard,0,15,15,0,43838,16878,18873,658.9,11.54,17.82,20.38,5,0,1,2,5,1281,398,1514,3273,3441,5778,10414,6253,551,2850,,570,,190,,t3_shieldbreaker|t3_rendspear
standard,5,b5,blue,sup,輔助,mantra,standard,0,1,3,4,13920,28095,13776,481,6.58,12.43,16.48,5,1,2,3,5,544,349,652,576,4544,7379,9402,6253,275,,142,570,,190,1971,t3_calmveil
standard,5,r1,red,top,戰士,ronggang,standard,1,1,2,1,17030,33904,12768,445.8,9.47,17.42,26.05,3,1,1,2,3,576,636,506,1367,3726,5816,7906,6253,855,,285,95,,418,,t3_shieldbreaker|t3_finalstring
standard,5,r2,red,jungle,戰士,tielian,standard,1,5,2,0,14824,21840,15681,547.5,8.04,14.19,18.37,4,1,2,3,4,114,534,784,2281,4164,7584,10814,6253,389,1710,,570,1472,418,,t3_shieldbreaker|t3_finalstring
standard,5,r3,red,mid,法師,gambler,standard,1,5,7,0,29759,19086,14354,501.2,11.09,17.53,25.59,4,0,1,2,4,1441,1224,92,524,3701,6674,8422,6253,848,570,,332,,418,,t3_psyward
standard,5,r4,red,adc,射手,mirrorshot,standard,1,20,13,1,68356,17021,22090,771.3,10.42,17.46,19.33,5,0,1,3,5,2079,624,1125,6490,4239,6304,11605,6253,753,3990,285,95,,228,,t3_shieldbreaker|t3_rendspear
standard,5,r5,red,sup,輔助,mantra,standard,1,2,3,3,11646,22139,14903,520.3,7.02,11.65,13.93,5,1,3,4,5,925,427,279,1703,5225,8427,11239,6253,383,1140,570,807,,418,1666,t3_calmveil
standard,6,b1,blue,top,戰士,jingci,standard,1,2,2,0,8960,21986,10224,428.4,9.23,18.81,22.96,3,1,1,2,3,443,265,863,323,3593,5265,7963,6253,608,570,,190,,342,,t3_shieldbreaker|t3_finalstring
standard,6,b2,blue,jungle,戰士,greymantle,standard,1,1,0,0,7045,13721,10960,459.2,9.24,16.66,21.07,3,1,1,2,3,150,593,583,1110,3900,6023,9133,6253,513,570,,427,1027,342,,t3_shieldbreaker|t3_finalstring
standard,6,b3,blue,mid,法師,ronghuo,standard,1,9,5,1,27384,15748,15183,636.2,9.34,16.19,18.88,4,1,1,3,4,406,684,757,1352,5436,7184,11307,6253,817,3420,285,190,,342,,t3_psyward
standard,6,b4,blue,adc,射手,hanbing,standard,1,6,6,1,19350,10151,12789,535.8,7.72,16.81,21.28,3,1,1,2,3,842,830,1104,988,4192,6510,9654,6253,636,1710,285,427,,342,,t3_shieldbreaker|t3_rendspear
standard,6,b5,blue,sup,輔助,xuemai,standard,1,1,3,0,4725,18880,12235,512.6,6.78,10.75,15.05,4,1,2,3,4,179,702,1067,1534,5029,7732,10107,6253,123,570,,1140,51,152,1817,t3_calmveil
standard,6,r1,red,top,戰士,jingci,standard,0,6,2,0,14266,29734,12190,510.8,9.03,15.07,19.2,3,1,1,3,3,1213,1448,61,790,4363,6928,10861,6253,864,3420,,95,,228,,t3_shieldbreaker|t3_finalstring
standard,6,r2,red,jungle,戰士,greymantle,standard,0,1,2,2,10487,16503,10711,448.8,8.87,14.77,22.54,3,1,2,2,3,1175,211,752,261,4275,7261,9302,6253,171,570,570,95,1414,228,,t3_shieldbreaker|t3_finalstring
standard,6,r3,red,mid,法師,ronghuo,standard,0,4,7,2,16199,15240,12732,533.5,10.94,16.48,22.41,3,0,1,2,3,1428,769,161,1131,3688,6519,9141,6253,950,570,570,570,,228,,t3_psyward
standard,6,r4,red,adc,射手,hanbing,standard,0,4,7,0,10195,10212,10965,459.4,10.09,17.77,23.48,3,0,1,2,3,1376,151,507,184,3536,5531,8457,6253,741,1140,,95,,228,,t3_shieldbreaker|t3_rendspear
standard,6,r5,red,sup,輔助,xuemai,standard,0,1,1,3,6911,16208,11881,497.8,6.19,11.58,17.06,4,1,2,3,4,1492,367,1036,501,4592,7397,10266,6253,351,570,570,570,,228,1723,t3_calmveil
standard,7,b1,blue,top,戰士,longyi,standard,0,1,2,1,15848,35504,11461,435.4,8.69,16.53,22.74,3,1,1,2,3,677,307,343,611,3827,5537,8273,6253,899,570,,475,,76,,t3_shieldbreaker|t3_finalstring
standard,7,b2,blue,jungle,刺客,jingxiang,standard,0,2,5,0,7088,12487,12014,456.4,8.67,17.29,20.93,3,1,1,2,3,745,1609,1066,1313,3945,6589,9196,6253,465,1140,,,1260,76,,t3_finalstring
standard,7,b3,blue,mid,法師,haixiao,standard,0,3,7,0,18831,17955,11765,446.9,10.8,18.71,24.33,3,0,1,2,3,1510,374,461,215,3770,5974,8311,6253,842,1140,,,,76,,t3_psyward
standard,7,b4,blue,adc,射手,xuanfeng,standard,0,4,7,2,21525,12457,12169,462.3,10.2,18.76,24.07,3,0,1,2,3,1496,119,296,1218,3656,5499,7616,6253,842,,427,,17,76,,t3_shieldbreaker|t3_rendspear
standard,7,b5,blue,sup,坦克,longji,standard,0,0,3,2,8865,30326,13174,500.4,7.17,12.89,16.52,4,1,2,3,4,177,252,229,1394,4677,7052,9809,6253,446,,142,475,,76,2415,t3_calmveil|t3_thornmail
standard,7,r1,red,top,戰士,longyi,standard,1,5,0,0,17510,28248,13995,531.6,8.87,15.99,20.35,4,1,1,2,4,627,1211,865,1444,3777,6741,9515,6253,1133,1140,,760,,228,,t3_shieldbreaker|t3_finalstring
standard,7,r2,red,jungle,刺客,jingxiang,standard,1,2,2,2,9393,12169,13335,506.6,8.84,15.48,24.67,4,1,1,2,4,200,1606,1298,535,4100,7236,9678,6253,289,570,427,285,1624,228,,t3_finalstring
standard,7,r3,red,mid,法師,haixiao,standard,1,5,2,1,31017,16870,13968,530.6,10.64,19.25,22.52,4,0,1,2,4,1594,210,868,617,3854,6410,8718,6253,1239,570,142,285,,228,,t3_psyward
standard,7,r4,red,adc,射手,xuanfeng,standard,1,7,5,2,29534,12586,15461,587.3,10.05,17.74,22.63,4,0,1,2,4,1623,630,439,1610,3783,6310,8989,6253,1178,570,,760,,228,,t3_shieldbreaker|t3_rendspear
standard,7,r5,red,sup,坦克,longji,standard,1,5,1,1,13496,25253,15471,587.7,6.58,12.63,15.78,5,1,2,4,5,484,1434,102,1870,4684,8674,11402,6253,414,1710,285,285,17,228,2209,t3_calmveil|t3_thornmail
standard,8,b1,blue,top,戰士,chichuan,standard,0,0,6,1,12474,31342,9821,393.4,9.11,19.7,,2,1,1,2,2,468,136,397,1541,3618,5366,8197,6253,633,,285,950,,76,,t3_shieldbreaker|t3_finalstring
standard,8,b2,blue,jungle,刺客,guihuo,standard,0,0,6,2,6952,12442,9898,396.4,8.75,19.35,23.84,3,1,1,2,3,717,330,674,397,3917,5660,8154,6253,430,,570,,824,76,,t3_finalstring
standard,8,b3,blue,mid,法師,leiming,standard,0,0,4,0,18760,17122,8814,353,10.49,20.75,,2,0,1,1,2,1479,330,710,414,3739,5480,7190,6253,861,,,,,76,,t3_psyward
standard,8,b4,blue,adc,射手,dawnstrike,standard,0,9,6,0,30470,13223,14908,597.1,8.7,17.42,19.51,4,1,1,3,4,569,543,778,1358,3919,5743,10778,6253,1124,2850,,475,,76,,t3_shieldbreaker|t3_rendspear
standard,8,b5,blue,sup,坦克,thornwall,standard,0,1,5,1,7396,25940,12309,493,6.51,12.82,16.81,4,1,2,3,4,761,505,717,529,4661,7005,9697,6253,370,,,475,51,76,2471,t3_calmveil|t3_thornmail
standard,8,r1,red,top,戰士,chichuan,standard,1,12,2,2,26985,29314,17558,703.2,8.68,13.98,18.12,5,1,2,3,5,332,1579,2215,2207,4182,8429,13065,6253,874,4560,427,475,,475,,t3_shieldbreaker|t3_finalstring
standard,8,r2,red,jungle,刺客,guihuo,standard,1,3,2,3,10921,11803,13765,551.3,8.6,13.89,19.45,4,1,2,3,4,1218,1046,458,965,4418,7746,11108,6253,582,1710,570,475,1041,475,,t3_finalstring
standard,8,r3,red,mid,法師,leiming,standard,1,3,3,0,16335,13649,12086,484.1,11.08,18.73,,2,0,1,2,2,1352,67,665,2685,3612,5997,8695,6253,1016,570,,475,,380,,t3_psyward
standard,8,r4,red,adc,射手,dawnstrike,standard,1,7,3,4,33941,10981,15677,627.9,9.45,15.76,20.41,4,1,1,2,4,424,1105,2160,1826,3774,6785,10110,6253,1054,1140,712,475,,475,,t3_shieldbreaker|t3_rendspear
standard,8,r5,red,sup,坦克,thornwall,standard,1,2,0,8,9909,22424,15206,609,7.59,12.42,15.3,5,1,2,3,5,379,1586,2414,1605,4579,8826,12394,6253,272,1140,1140,950,,475,2163,t3_calmveil|t3_thornmail
standard,9,b1,blue,top,戰士,xueyue,standard,0,0,4,0,10953,31990,10075,389.9,9.53,19.58,24.5,3,1,1,2,3,443,79,527,195,3593,5379,8077,6253,874,,,950,,0,,t3_shieldbreaker|t3_finalstring
standard,9,b2,blue,jungle,刺客,jiansheng,standard,0,0,8,0,3683,11789,9593,371.2,8.93,19.93,,2,1,1,2,2,570,1148,119,1512,3770,5778,7549,6253,133,,,,1162,0,,t3_finalstring
standard,9,b3,blue,mid,法師,haixiao,standard,0,0,8,0,18494,18209,9562,370,11.23,17.88,,2,0,1,2,2,1371,245,453,1382,3631,5455,7583,6253,855,,,475,,0,,t3_psyward
standard,9,b4,blue,adc,射手,yanfeng,standard,0,4,11,0,17795,15211,11607,449.1,9.13,18.75,24.31,3,1,1,2,3,291,238,980,1086,3641,5438,7880,6253,750,570,,237,68,0,,t3_shieldbreaker|t3_rendspear
standard,9,b5,blue,sup,輔助,shengming,standard,0,0,6,1,3758,21259,12049,466.3,6.78,12.41,16.63,4,1,2,3,4,178,1129,1087,599,4478,7309,10127,6253,389,,285,1187,,0,2012,t3_calmveil
standard,9,r1,red,top,戰士,xueyue,standard,1,9,1,0,23548,30114,16485,637.9,7.63,14.36,18.01,5,1,2,3,5,155,485,190,1184,4435,7285,10990,6253,1165,2280,,760,,532,,t3_shieldbreaker|t3_finalstring
standard,9,r2,red,jungle,刺客,jiansheng,standard,1,6,0,0,11976,11309,15593,603.4,9.13,14.93,18.03,3,1,2,3,3,534,107,724,4513,4864,7957,11324,6253,164,2280,,285,1809,532,,t3_finalstring
standard,9,r3,red,mid,法師,haixiao,standard,1,2,1,2,14153,14292,12260,474.4,10.41,18.26,23.55,3,0,1,2,3,1485,287,1038,830,3745,6187,8888,6253,820,570,427,285,,532,,t3_psyward
standard,9,r4,red,adc,射手,yanfeng,standard,1,20,2,0,53781,12494,22533,872,7.44,12.32,16.74,5,1,2,3,5,90,521,1325,6932,4990,8771,13125,6253,782,4560,,997,,532,,t3_shieldbreaker|t3_rendspear
standard,9,r5,red,sup,輔助,shengming,standard,1,0,0,5,3568,14487,13750,532.1,6.62,12.57,17.92,4,1,2,3,4,299,295,1414,2300,4599,7325,10454,6253,487,,712,522,26,532,1919,t3_calmveil
standard,10,b1,blue,top,戰士,langwang,standard,1,1,1,0,6976,22157,10063,454.5,9.81,16.34,21.78,3,1,1,2,3,576,20,282,412,3726,5550,8932,6253,931,570,,950,,228,,t3_shieldbreaker|t3_finalstring
standard,10,b2,blue,jungle,刺客,youming,standard,1,0,3,0,5555,11806,9140,412.8,9.53,16.75,,2,1,1,2,2,268,546,640,760,4168,6176,8240,6253,731,,,,1027,228,,t3_finalstring
standard,10,b3,blue,mid,法師,leiming,standard,1,1,3,0,13541,13164,9792,442.2,10.78,18.43,,2,0,1,2,2,1423,471,279,992,3683,5621,8129,6253,1078,570,,,,228,,t3_psyward
standard,10,b4,blue,adc,射手,siwang,standard,1,7,4,0,16171,9656,12485,563.9,7.71,15.93,21.16,3,1,1,2,3,287,1115,963,685,4287,6795,9863,6253,864,2280,,237,,228,,t3_shieldbreaker|t3_rendspear
standard,10,b5,blue,sup,坦克,tiemu,standard,1,0,1,1,5538,21134,11643,525.9,7.49,12.58,18.01,4,1,2,3,4,763,259,1146,743,4663,7359,10686,6253,308,,285,1187,17,228,2406,t3_calmveil|t3_thornmail
standard,10,r1,red,top,戰士,langwang,standard,0,3,0,0,8452,18628,11074,500.2,9.62,14.86,19.81,3,1,2,3,3,368,82,165,224,4218,6932,10295,6253,832,1710,,1140,17,342,,t3_shieldbreaker|t3_finalstring
standard,10,r2,red,jungle,刺客,youming,standard,0,4,1,1,8935,11385,13367,603.7,8.63,14.33,19.07,4,1,2,3,4,504,567,596,567,4404,7747,10776,6253,418,570,285,665,2242,342,,t3_finalstring
standard,10,r3,red,mid,法師,leiming,standard,0,2,4,0,13026,13127,10120,457,11.53,18.55,,2,0,1,2,2,1552,86,351,1139,3812,6016,8201,6253,1130,,,665,,152,,t3_psyward
standard,10,r4,red,adc,射手,siwang,standard,0,3,1,2,21230,8982,10367,468.2,9.42,17.08,21.16,3,1,1,2,3,234,583,278,366,3584,6263,8828,6253,902,1140,,190,,342,,t3_shieldbreaker|t3_rendspear
standard,10,r5,red,sup,坦克,tiemu,standard,0,0,3,4,5341,17348,11218,506.6,8.03,13.03,17.29,3,1,2,3,3,363,623,489,1237,4563,7283,9869,6253,288,,285,190,,342,2510,t3_calmveil|t3_thornmail
standard,11,b1,blue,top,戰士,rongyan,standard,0,0,5,0,12015,24743,9101,402,8.98,18.61,,2,1,1,2,2,709,567,1589,771,3859,5617,8239,6253,959,,,950,,76,,t3_shieldbreaker|t3_finalstring
standard,11,b2,blue,jungle,刺客,yueying,standard,0,0,5,0,5521,11921,8877,392.1,9.38,18.08,,2,1,1,2,2,913,391,434,746,4113,6021,7914,6253,402,,,,1182,76,,t3_finalstring
standard,11,b3,blue,mid,法師,haixiao,standard,0,3,3,0,19405,14363,10562,466.5,8.98,16.34,22.16,3,1,1,2,3,541,91,694,412,4391,6301,9094,6253,1149,1140,,475,,76,,t3_psyward
standard,11,b4,blue,adc,射手,maestro,standard,0,2,6,0,12219,12040,9358,413.3,11.09,17.41,,2,0,1,2,2,1405,315,174,1257,3565,5465,7374,6253,807,,,237,,76,,t3_shieldbreaker|t3_rendspear
standard,11,b5,blue,sup,坦克,suishan,standard,0,0,5,1,4912,20785,10688,472.1,6.98,13.2,18.83,3,1,2,3,3,41,202,1302,1148,4541,7002,9502,6253,291,,,712,,76,2169,t3_calmveil|t3_thornmail
standard,11,r1,red,top,戰士,rongyan,standard,1,7,0,1,14770,25454,14679,648.3,9.02,14.56,18.13,4,1,2,3,4,140,214,732,1649,3990,7964,12182,6253,1181,2850,,1425,17,456,,t3_shieldbreaker|t3_finalstring
standard,11,r2,red,jungle,刺客,yueying,standard,1,8,1,2,12877,12395,15148,669,6.15,12.74,17.49,4,1,2,4,4,986,302,271,1747,5666,8202,12771,6253,326,3420,237,475,1602,456,,t3_finalstring
standard,11,r3,red,mid,法師,haixiao,standard,1,1,3,2,13728,12362,9814,433.4,11.08,18.57,,2,0,1,2,2,1523,406,273,763,3783,6006,8723,6253,779,570,190,475,,456,,t3_psyward
standard,11,r4,red,adc,射手,maestro,standard,1,8,1,6,27421,9046,14672,648,9.08,15.8,19.83,3,1,1,3,3,367,1260,184,2871,3717,6940,10484,6253,829,1710,760,475,,456,,t3_shieldbreaker|t3_rendspear
standard,11,r5,red,sup,坦克,suishan,standard,1,0,0,5,5566,17568,11744,518.7,7.2,13.11,18.39,3,1,2,3,3,506,498,445,1763,4706,7438,10425,6253,494,,807,475,51,456,1887,t3_calmveil|t3_thornmail
standard,12,b1,blue,top,戰士,embercoil,standard,1,2,3,2,13983,27562,11066,477,8.59,16.22,21.66,3,1,1,2,3,551,653,476,685,3701,6133,8476,6253,855,,570,475,,323,,t3_shieldbreaker|t3_finalstring
standard,12,b2,blue,jungle,刺客,yeiren,standard,1,0,1,2,3711,10938,9979,430.1,8.86,15.93,,2,1,1,2,2,124,813,875,1649,3974,6393,8605,6253,582,,427,,923,418,,t3_finalstring
standard,12,b3,blue,mid,法師,leiming,standard,1,9,2,0,20977,14736,15527,669.3,8.05,13.98,18.5,4,1,2,3,4,784,88,562,1126,4634,8238,12462,6253,1292,3990,,475,34,418,,t3_psyward
standard,12,b4,blue,adc,射手,liuxing,standard,1,11,6,0,29047,10687,14986,645.9,9.11,17.01,20.53,4,1,1,2,4,370,173,2594,1765,3720,5553,11494,6253,927,3990,,,,323,,t3_shieldbreaker|t3_rendspear
standard,12,b5,blue,sup,輔助,mingyunyindao,standard,1,1,3,2,5887,15833,12674,546.3,6.98,12.53,15.24,4,1,2,3,4,320,620,2023,1224,4620,7650,11063,6253,332,570,142,1425,,418,1922,t3_calmveil
standard,12,r1,red,top,戰士,embercoil,standard,0,2,0,1,11606,26481,10695,461,9.62,16.23,22.29,3,1,1,2,3,747,1020,227,195,3897,6500,8457,6253,1102,,285,665,,152,,t3_shieldbreaker|t3_finalstring
standard,12,r2,red,jungle,刺客,yeiren,standard,0,1,5,0,5933,14050,10300,444,8.58,15.94,22.03,3,1,1,2,3,233,1557,773,169,4083,7137,9103,6253,114,570,,190,1824,152,,t3_finalstring
standard,12,r3,red,mid,法師,leiming,standard,0,1,7,2,11248,15075,10572,455.7,9.83,19.42,,2,1,1,2,2,66,325,204,1491,3916,6225,8714,6253,1263,570,285,190,,152,,t3_psyward
standard,12,r4,red,adc,射手,liuxing,standard,0,10,7,1,24388,9958,14166,610.6,8.37,17.01,20.53,4,1,1,2,4,680,626,1653,986,4030,6006,10503,6253,437,3420,,190,51,152,,t3_shieldbreaker|t3_rendspear
standard,12,r5,red,sup,輔助,mingyunyindao,standard,0,1,4,0,5850,17898,10948,471.9,6.46,12.98,16.52,4,1,2,3,4,1125,683,411,548,4525,7233,9451,6253,237,570,,190,,152,2048,t3_calmveil
standard,13,b1,blue,top,坦克,ironclad,standard,0,0,9,0,4542,28358,9724,406.7,8.35,17.04,19.48,3,1,1,3,3,81,272,307,794,3631,5322,8457,6253,703,,,1425,,76,,t3_calmveil|t3_thornmail
standard,13,b2,blue,jungle,刺客,sting,standard,0,0,4,0,5556,13196,9322,389.9,9.1,16.86,,2,1,1,2,2,617,348,189,1241,3817,5928,7919,6253,579,,,,1010,76,,t3_finalstring
standard,13,b3,blue,mid,法師,mingyun2,standard,0,1,7,0,15807,17423,9746,407.7,10.73,16.89,23.08,3,0,1,2,3,1479,53,95,296,3739,5563,7795,6253,991,,,475,,76,,t3_psyward
standard,13,b4,blue,adc,射手,shensheng,standard,0,7,7,0,25418,16003,12926,540.6,9.87,18.52,21.18,3,1,1,2,3,348,104,610,1945,3698,5484,9360,6253,845,1710,,475,,76,,t3_shieldbreaker|t3_rendspear
standard,13,b5,blue,sup,輔助,mingyun,standard,0,0,3,3,4498,18458,11667,488,7.25,12.05,16.01,4,1,2,3,4,784,101,1094,217,4484,6831,10134,6253,224,,570,475,,76,2535,t3_calmveil
standard,13,r1,red,top,坦克,ironclad,standard,1,6,1,0,8562,23458,13952,583.6,9.63,11.33,18.61,5,1,2,3,5,435,239,258,402,4885,7469,9588,6253,690,1710,,427,51,456,,t3_calmveil|t3_thornmail
standard,13,r2,red,jungle,刺客,sting,standard,1,4,2,1,7920,13728,13484,564,8.05,13.89,18.13,4,1,2,3,4,17,1041,475,1033,4647,8171,10605,6253,465,1140,285,665,1340,456,,t3_finalstring
standard,13,r3,red,mid,法師,mingyun2,standard,1,7,2,1,18133,13564,14968,626.1,10.73,14.18,22.5,4,0,2,2,4,1713,432,1033,568,3973,7982,10433,6253,1206,1710,142,665,,456,,t3_psyward
standard,13,r4,red,adc,射手,shensheng,standard,1,12,3,4,47297,11039,17065,713.7,11.29,16.96,19.38,5,0,1,3,5,1509,1224,477,1464,3669,6424,10477,6253,585,2850,142,190,,456,,t3_shieldbreaker|t3_rendspear
standard,13,r5,red,sup,輔助,mingyun,standard,1,1,0,8,9329,15240,13744,574.9,5.96,11.43,15.38,4,1,2,3,4,1277,1405,2392,2294,4677,7955,11432,6253,281,570,1140,427,,456,2303,t3_calmveil
standard,14,b1,blue,top,坦克,tieshixin,standard,1,1,3,0,8952,27963,11347,451.5,7.98,15.61,19.64,4,1,1,3,4,770,498,284,397,3720,5898,8834,6253,766,,,1662,,152,,t3_calmveil|t3_thornmail
standard,14,b2,blue,jungle,刺客,binghe,standard,1,0,4,0,5790,12138,10013,398.4,9.14,17.22,24.64,3,1,1,2,3,655,1121,480,513,3855,5971,7960,6253,361,,,,1193,152,,t3_finalstring
standard,14,b3,blue,mid,法師,bingshuang,standard,1,2,6,0,12204,17245,10543,419.5,10.73,19.84,,2,0,1,2,2,1542,324,148,1242,3802,5474,7498,6253,855,,,237,,152,,t3_psyward
standard,14,b4,blue,adc,射手,mori,standard,1,6,5,1,28329,14101,13317,529.8,9.75,17.76,20.82,4,1,1,2,4,386,284,298,396,3736,5484,8448,6253,902,1140,,,,152,,t3_shieldbreaker|t3_rendspear
standard,14,b5,blue,sup,坦克,tixue,standard,1,0,4,0,7356,26333,11381,452.8,7.25,12.98,18.38,4,1,2,3,4,360,821,220,480,4560,7321,9020,6253,117,,,475,,152,2022,t3_calmveil|t3_thornmail
standard,14,r1,red,top,坦克,tieshixin,standard,0,6,0,0,16136,24128,14352,571,8.26,13.45,18.73,5,1,2,3,5,903,255,1011,702,3853,6785,11041,6253,1178,2850,,380,,380,,t3_calmveil|t3_thornmail
standard,14,r2,red,jungle,刺客,binghe,standard,0,1,3,1,7233,11394,11876,472.5,9.26,15.19,20.03,3,1,1,2,3,737,1415,1241,995,3937,6745,9671,6253,199,570,285,380,1602,380,,t3_finalstring
standard,14,r3,red,mid,法師,bingshuang,standard,0,6,4,1,20953,15097,14221,565.8,10.79,15.82,21.37,4,0,1,2,4,1506,1085,237,390,3766,7585,9637,6253,1198,1140,285,380,,380,,t3_psyward
standard,14,r4,red,adc,射手,mori,standard,0,8,2,0,29320,11460,14466,575.6,10.28,14.52,20.85,3,0,2,2,3,2222,313,1245,2666,4382,7213,9825,6253,1102,1710,,380,,380,,t3_shieldbreaker|t3_rendspear
standard,14,r5,red,sup,坦克,tixue,standard,0,1,0,4,9302,22117,13930,554.2,7.09,14.09,17,4,1,2,3,4,1044,670,791,1729,4644,7450,10771,6253,387,,855,380,,380,2514,t3_calmveil|t3_thornmail
standard,15,b1,blue,top,坦克,bingshouweis,standard,0,1,4,0,9833,24121,9578,422.4,8.88,17.24,20.05,3,1,1,2,3,202,219,511,648,3752,5519,8141,6253,760,,,950,26,152,,t3_calmveil|t3_thornmail
standard,15,b2,blue,jungle,刺客,shanying,standard,0,0,7,0,5964,11183,8733,385.2,8.83,17.81,,2,1,1,2,2,571,272,214,653,3771,5852,7814,6253,288,,,,1120,152,,t3_finalstring
standard,15,b3,blue,mid,法師,mingyun2,standard,0,1,5,0,11795,15486,9749,429.9,9.98,18.71,,2,1,1,2,2,9,391,194,868,3859,5721,8324,6253,969,,,950,,152,,t3_psyward
standard,15,b4,blue,adc,射手,leiting,standard,0,4,4,0,14422,12000,11880,523.9,9.48,17.68,21.79,3,1,1,2,3,272,227,941,1379,3622,5427,9391,6253,801,1710,,475,,152,,t3_shieldbreaker|t3_rendspear
standard,15,b5,blue,sup,輔助,linghun,standard,0,1,2,2,3865,17065,10571,466.2,7.93,10.67,16.06,3,1,2,3,3,331,495,959,1530,5181,7525,9419,6253,221,570,285,,,152,1936,t3_calmveil
standard,15,r1,red,top,坦克,bingshouweis,standard,1,3,0,2,10749,19372,11630,512.9,7.56,12.64,18.18,3,1,2,3,3,260,873,400,1699,4410,7203,9730,6253,836,1140,285,760,,456,,t3_calmveil|t3_thornmail
standard,15,r2,red,jungle,刺客,shanying,standard,1,7,0,1,13580,12909,14304,630.8,8.85,11.81,16.79,4,1,2,3,4,194,142,1648,1553,4824,8472,12728,6253,209,3420,285,285,1819,456,,t3_finalstring
standard,15,r3,red,mid,法師,mingyun2,standard,1,7,2,0,15120,14004,14714,648.9,10.46,16.05,21.23,3,0,1,2,3,2055,690,602,3283,4315,7190,10002,6253,1139,1710,,443,,456,,t3_psyward
standard,15,r4,red,adc,射手,leiting,standard,1,4,5,1,21445,9655,11284,497.7,9.48,18.01,21.79,3,1,1,2,3,167,556,888,1284,3517,5936,9138,6253,703,1140,142,443,,456,,t3_shieldbreaker|t3_rendspear
standard,15,r5,red,sup,輔助,linghun,standard,1,1,0,2,3049,11363,12110,534.1,5.93,10.75,15.66,4,1,2,3,4,400,644,1988,660,5000,7674,11028,6253,114,570,427,1393,,456,1813,t3_calmveil
standard,16,b1,blue,top,坦克,tiebi,standard,0,0,2,0,6773,24343,9981,417.5,8.08,16.13,20.12,3,1,1,2,3,414,355,1664,450,3964,5655,8714,6253,959,,,1425,,76,,t3_calmveil|t3_thornmail
standard,16,b2,blue,jungle,刺客,dianguang,standard,0,0,3,1,6545,11825,9477,396.4,9.47,17.68,,2,1,1,2,2,538,1275,310,1397,3738,5725,7910,6253,475,,285,,820,76,,t3_finalstring
standard,16,b3,blue,mid,法師,bingshuang,standard,0,1,5,0,13385,14286,9221,385.7,11.36,21.97,,2,0,1,1,2,1371,406,865,420,3631,5436,7365,6253,798,,,237,,76,,t3_psyward
standard,16,b4,blue,adc,射手,liangzi,standard,0,10,6,0,25190,11511,15016,628.1,7.87,15.69,18.52,4,1,1,3,4,63,1362,336,1415,4363,7042,10956,6253,731,3420,,475,,76,,t3_shieldbreaker|t3_rendspear
standard,16,b5,blue,sup,輔助,huanjing,standard,0,0,2,0,4185,18238,10099,422.4,6.74,11.93,17.02,3,1,2,3,3,563,310,277,1059,4563,6790,8737,6253,228,,,237,,76,1942,t3_calmveil
standard,16,r1,red,top,坦克,tiebi,standard,1,1,0,0,11358,24984,11517,481.7,8.58,15.15,18.68,3,1,1,3,3,66,795,466,1587,3916,6095,9496,6253,969,570,,1140,51,513,,t3_calmveil|t3_thornmail
standard,16,r2,red,jungle,刺客,dianguang,standard,1,2,4,0,3479,10500,11915,498.4,9.06,16.71,21.38,3,1,1,2,3,826,2081,2195,834,4026,6411,9325,6253,228,570,,190,1761,323,,t3_finalstring
standard,16,r3,red,mid,法師,bingshuang,standard,1,5,3,0,15077,14316,13296,556.1,12.72,17.77,22.96,3,0,1,2,3,1238,391,148,816,3498,6291,9198,6253,817,570,,1140,,418,,t3_psyward
standard,16,r4,red,adc,射手,liangzi,standard,1,7,3,1,19323,11140,13594,568.6,10,16.86,21.43,3,1,1,2,3,72,151,287,1793,3422,5531,8837,6253,456,1140,285,190,,513,,t3_shieldbreaker|t3_rendspear
standard,16,r5,red,sup,輔助,huanjing,standard,1,3,1,2,6618,13868,13428,561.7,7.06,12.88,15.11,4,1,2,4,4,844,1280,1045,1978,4544,8310,11445,6253,342,1710,570,190,,513,1867,t3_calmveil
standard,17,b1,blue,top,坦克,shengdun,standard,1,2,0,0,14811,21638,11428,482.4,7.25,10.76,19.68,3,1,2,3,3,2739,337,376,1398,5689,7627,9926,6253,1678,1140,,475,,380,,t3_calmveil|t3_thornmail
standard,17,b2,blue,jungle,戰士,tielian,standard,1,0,3,0,4873,13599,9889,417.4,9.17,17.84,23.57,3,1,1,2,3,816,778,589,289,3916,5958,8289,6253,552,,,237,865,380,,t3_finalstring|t3_shieldbreaker
standard,17,b3,blue,mid,法師,mingyun2,standard,1,0,4,0,18314,16323,9449,398.8,10.07,20.39,,2,0,1,1,2,1827,174,1485,699,4087,5924,7985,6253,1352,,,,,380,,t3_psyward
standard,17,b4,blue,adc,射手,shengyan,standard,1,8,2,1,29642,12244,14263,602,10.22,17.23,20.53,4,0,1,2,4,1667,364,1255,1362,3827,5864,9835,6253,968,1710,285,237,,380,,t3_shieldbreaker|t3_rendspear
standard,17,b5,blue,sup,坦克,dadi,standard,1,1,1,0,4705,19656,13162,555.6,7.13,13.15,17.93,4,1,2,3,4,483,534,2533,961,4683,7314,11133,6253,273,570,,950,26,380,2680,t3_calmveil|t3_thornmail
standard,17,r1,red,top,坦克,shengdun,standard,0,3,2,0,7913,25452,10412,439.5,8.82,15.83,18.51,3,1,1,3,3,114,413,507,381,3764,5813,9157,6253,851,1710,,190,,152,,t3_calmveil|t3_thornmail
standard,17,r2,red,jungle,戰士,tielian,standard,0,1,1,2,10830,15874,11195,472.5,9.11,15.82,19.89,3,1,1,3,3,1049,1665,110,814,4149,7145,9710,6253,104,570,570,190,1870,152,,t3_finalstring|t3_shieldbreaker
standard,17,r3,red,mid,法師,mingyun2,standard,0,0,3,1,15710,16149,9693,409.1,10.57,17.67,,2,0,1,2,2,1447,731,326,293,3707,6481,8476,6253,1121,,285,665,,152,,t3_psyward
standard,17,r4,red,adc,射手,shengyan,standard,0,6,4,0,24501,12373,12287,518.6,9.93,18.98,22.03,3,1,1,2,3,196,398,1609,486,3546,5598,8809,6253,598,1140,,665,,152,,t3_shieldbreaker|t3_rendspear
standard,17,r5,red,sup,坦克,dadi,standard,0,0,1,0,5505,20343,10964,462.8,6.67,12.06,18.67,3,1,2,3,3,354,503,63,983,4554,7283,9563,6253,288,,,190,,152,2680,t3_calmveil|t3_thornmail
standard,18,b1,blue,top,坦克,shiqiang,standard,1,1,0,0,11538,23849,10426,435.8,8.29,16.63,19.8,3,1,1,3,3,719,410,200,996,3669,5810,8850,6253,734,570,,760,,532,,t3_calmveil|t3_thornmail
standard,18,b2,blue,jungle,戰士,greymantle,standard,1,0,1,0,10619,14151,10216,427,8.78,17.2,22.92,3,1,1,2,3,789,1179,1734,616,3889,6359,8534,6253,421,,,285,1043,532,,t3_finalstring|t3_shieldbreaker
standard,18,b3,blue,mid,法師,bingshuang,standard,1,5,0,0,24394,13535,12979,542.5,10.34,18.74,,2,0,1,2,2,1681,501,235,3578,3941,6101,8685,6253,1044,570,,285,,532,,t3_psyward
standard,18,b4,blue,adc,射手,mirrorshot,standard,1,4,2,1,20530,12193,12821,535.9,10.23,18.2,21.16,3,0,1,2,3,1408,352,1334,1020,3568,6152,9914,6253,703,1140,,1235,51,532,,t3_shieldbreaker|t3_rendspear
standard,18,b5,blue,sup,坦克,ironclad,standard,1,1,2,1,7662,20664,12180,509.1,6.43,12.68,16.98,4,1,2,3,4,723,708,433,579,4623,7948,10413,6253,250,570,,285,17,532,2505,t3_calmveil|t3_thornmail
standard,18,r1,red,top,坦克,shiqiang,standard,0,0,1,0,8249,21722,9768,408.3,8.34,17.82,21.2,3,1,1,2,3,719,453,338,757,3669,5303,7488,6253,760,,,475,,0,,t3_calmveil|t3_thornmail
standard,18,r2,red,jungle,戰士,greymantle,standard,0,2,1,1,14156,21235,11460,479,7.97,15.66,20.58,3,1,1,2,3,326,1371,595,1379,4606,6851,8895,6253,589,,142,,1910,0,,t3_finalstring|t3_shieldbreaker
standard,18,r3,red,mid,法師,bingshuang,standard,0,1,4,1,18408,15028,10334,431.9,10.32,21.35,,2,0,1,1,2,1609,530,808,1054,3869,5560,7308,6253,912,,142,,,0,,t3_psyward
standard,18,r4,red,adc,射手,mirrorshot,standard,0,1,3,2,15593,11045,10268,429.2,10,19.38,,2,1,1,2,2,139,204,389,1687,3489,5104,7289,6253,560,,,475,,0,,t3_shieldbreaker|t3_rendspear
standard,18,r5,red,sup,坦克,ironclad,standard,0,1,2,2,7785,25721,11148,466,7.26,11.76,18.98,3,1,2,3,3,905,431,219,768,5105,7371,9119,6253,370,570,,,,0,1925,t3_calmveil|t3_thornmail
standard,19,b1,blue,top,坦克,tiemu,standard,0,1,2,0,7594,23226,9329,398.9,8.41,16.58,21.58,3,1,1,2,3,719,386,618,398,3669,5436,8248,6253,855,570,,475,,95,,t3_calmveil|t3_thornmail
standard,19,b2,blue,jungle,戰士,chichuan,standard,0,1,5,0,7113,13084,9666,413.4,8.8,19.24,,2,1,1,2,2,83,610,680,1486,3833,5740,8380,6253,247,570,,,1215,95,,t3_shieldbreaker|t3_finalstring
standard,19,b3,blue,mid,法師,lieyan,standard,0,7,2,1,20962,15123,13252,566.7,7.06,16.26,20.43,3,1,1,2,3,1010,884,774,1052,5560,7384,9854,6253,1130,1710,285,475,,0,,t3_psyward
standard,19,b4,blue,adc,射手,hanbing,standard,0,4,5,0,13881,12681,10529,450.3,9.54,17.81,23.19,3,1,1,2,3,284,515,458,148,3634,5895,8308,6253,820,1140,,,,95,,t3_shieldbreaker|t3_rendspear
standard,19,b5,blue,sup,輔助,xuemai,standard,0,0,1,4,5835,17645,11881,508.1,7.18,11.72,16.68,4,1,2,3,4,179,405,868,1181,4779,7135,9908,6253,253,,285,950,,95,2071,t3_calmveil
standard,19,r1,red,top,坦克,tiemu,standard,1,6,0,3,15550,25474,14443,617.7,7.15,11.56,16.22,5,1,2,4,5,1888,439,308,893,4838,7669,11558,6253,1054,2280,427,997,51,494,,t3_calmveil|t3_thornmail
standard,19,r2,red,jungle,戰士,chichuan,standard,1,3,2,4,12549,15394,12839,549.1,8.79,14.98,20.27,4,1,2,2,4,738,206,1837,89,4488,7556,10387,6253,361,1140,427,285,1426,494,,t3_shieldbreaker|t3_finalstring
standard,19,r3,red,mid,法師,lieyan,standard,1,1,6,0,15709,13807,10412,445.3,10.84,19.73,,2,0,1,2,2,1447,173,208,1011,3707,6073,8058,6253,978,,,522,,304,,t3_psyward
standard,19,r4,red,adc,射手,hanbing,standard,1,3,5,0,12309,9986,10671,456.4,10.69,19.55,23.19,3,0,1,2,3,1560,240,751,191,3720,5620,8071,6253,468,570,,285,,494,,t3_shieldbreaker|t3_rendspear
standard,19,r5,red,sup,輔助,xuemai,standard,1,2,0,5,7867,12704,13697,585.8,6.19,13.95,13.95,5,1,3,4,5,2082,703,534,496,5482,8883,11914,6253,139,1140,570,760,,494,2557,t3_calmveil
standard,20,b1,blue,top,坦克,longji,standard,0,0,4,1,10068,23158,9122,401.4,8.88,16.69,22.23,3,1,1,2,3,634,372,930,471,3584,5522,8220,6253,703,,142,950,,171,,t3_calmveil|t3_thornmail
standard,20,b2,blue,jungle,戰士,dadi2,standard,0,1,4,0,11301,15970,9198,404.8,9.37,16.41,,2,1,1,2,2,769,950,391,968,3869,6430,8271,6253,300,570,,,975,171,,t3_finalstring|t3_shieldbreaker
standard,20,b3,blue,mid,法師,shikong,standard,0,1,5,1,14740,13269,9511,418.5,9.78,18.87,,2,1,1,2,2,155,324,221,1181,4005,5924,8071,6253,1124,,142,475,,76,,t3_psyward
standard,20,b4,blue,adc,射手,tianfa,standard,0,5,3,0,13846,12681,11269,495.9,9.28,17.15,21.27,3,1,1,2,3,658,313,488,769,4008,5813,8638,6253,1022,1140,,,51,171,,t3_shieldbreaker|t3_rendspear
standard,20,b5,blue,sup,坦克,tiemu,standard,0,0,2,0,5896,20258,11045,486,6.62,13.27,17.79,4,1,2,3,4,742,290,362,144,4642,7530,10162,6253,269,,,950,,171,2518,t3_calmveil|t3_thornmail
standard,20,r1,red,top,坦克,longji,standard,1,1,0,3,8354,20558,11112,489,9.37,15.55,20.52,3,1,1,2,3,556,424,1878,1081,3506,5824,9168,6253,712,,570,1235,17,380,,t3_calmveil|t3_thornmail
standard,20,r2,red,jungle,戰士,dadi2,standard,1,7,0,1,11867,15412,14163,623.3,9.23,15.28,18.39,4,1,1,3,4,961,1141,2055,1763,4061,6621,11655,6253,152,2850,285,285,1450,380,,t3_finalstring|t3_shieldbreaker
standard,20,r3,red,mid,法師,shikong,standard,1,3,3,1,16411,11986,11351,499.5,11.06,19.47,,2,0,1,2,2,1333,254,256,3020,3593,5854,8286,6253,798,570,,285,,380,,t3_psyward
standard,20,r4,red,adc,射手,tianfa,standard,1,6,4,2,20879,11565,12814,563.9,10.65,16.6,21.27,3,0,1,2,3,1414,501,1008,1663,3574,6301,9588,6253,674,1710,285,285,,380,,t3_shieldbreaker|t3_rendspear
standard,20,r5,red,sup,坦克,tiemu,standard,1,1,0,2,7755,17930,13151,578.7,7.07,12.49,18.37,4,1,2,3,4,878,563,1886,951,4478,7223,10966,6253,133,,285,1235,,380,2680,t3_calmveil|t3_thornmail
standard,21,b1,blue,top,坦克,tixue,standard,0,0,4,0,13230,31207,10155,392.1,8.7,15.53,21.03,3,1,1,2,3,95,353,409,565,3745,5453,8139,6253,918,,,950,17,0,,t3_calmveil|t3_thornmail
standard,21,b2,blue,jungle,戰士,fengbao,standard,0,1,4,0,5868,17519,10568,408,9.43,17.86,24.2,3,1,1,2,3,770,634,305,868,3870,5864,7805,6253,234,,,,1317,0,,t3_finalstring|t3_shieldbreaker
standard,21,b3,blue,mid,法師,lieyan,standard,0,0,7,0,21149,18439,10208,394.1,11.13,17.53,24.51,3,0,1,2,3,1504,227,599,757,3764,5607,7849,6253,1121,,,475,,0,,t3_psyward
standard,21,b4,blue,adc,射手,dawnstrike,standard,0,4,6,1,26308,15686,11595,447.7,9.12,19.73,25.43,3,1,1,2,3,351,135,132,744,3701,5335,7032,6253,779,,,,,0,,t3_shieldbreaker|t3_rendspear
standard,21,b5,blue,sup,坦克,stoneguard,standard,0,0,4,0,4900,24785,11540,445.5,7.18,13.09,17.9,4,1,2,3,4,56,1099,564,339,4506,7299,9544,6253,329,,,475,,0,2486,t3_calmveil|t3_thornmail
standard,21,r1,red,top,坦克,tixue,standard,1,3,0,5,16333,27126,14714,568.1,7.76,12,15.88,5,1,2,3,5,551,474,577,1064,4201,7764,10607,6253,1323,1140,427,855,,608,,t3_calmveil|t3_thornmail
standard,21,r2,red,jungle,戰士,fengbao,standard,1,10,0,2,20487,17224,17801,687.3,9.05,13.69,20.99,5,1,2,2,5,209,754,4073,2501,4009,8154,12673,6253,323,3420,285,380,1403,608,,t3_finalstring|t3_shieldbreaker
standard,21,r3,red,mid,法師,lieyan,standard,1,2,1,5,20211,14662,13660,527.4,11.43,16.93,24.49,4,0,1,2,4,1542,376,383,309,3802,6576,9363,6253,1266,570,285,380,,608,,t3_psyward
standard,21,r4,red,adc,射手,dawnstrike,standard,1,10,4,1,37226,12986,16871,651.4,9.55,16.09,19.84,5,1,1,3,5,709,1194,185,1270,4059,6994,10085,6253,1086,1140,142,855,,608,,t3_shieldbreaker|t3_rendspear
standard,21,r5,red,sup,坦克,stoneguard,standard,1,0,0,8,10233,21207,14060,542.9,7.21,12.1,18.88,4,1,2,3,4,468,338,904,1860,4668,7578,10884,6253,446,,1425,380,,608,1771,t3_calmveil|t3_thornmail
standard,22,b1,blue,top,坦克,suishan,standard,0,0,3,0,8112,25215,9123,390.3,9.38,17.72,22.82,3,1,1,2,3,516,426,425,493,3466,5176,7475,6253,671,,,475,,76,,t3_calmveil|t3_thornmail
standard,22,b2,blue,jungle,戰士,anliuyouXia,standard,0,1,4,0,7121,15766,9314,398.5,10.8,17.55,,2,0,1,2,2,1778,260,293,1133,3778,5690,7993,6253,229,570,,,864,76,,t3_shieldbreaker|t3_finalstring
standard,22,b3,blue,mid,法師,shikong,standard,0,2,3,0,12981,15328,9444,404,10.75,19.32,,2,0,1,2,2,1529,167,233,463,3789,5617,7783,6253,832,570,,,51,76,,t3_psyward
standard,22,b4,blue,adc,射手,yanfeng,standard,0,2,3,1,19946,10136,10343,442.5,9.47,18.38,,2,1,1,2,2,421,339,170,1493,3771,5719,7790,6253,959,,,475,26,76,,t3_shieldbreaker|t3_rendspear
standard,22,b5,blue,sup,輔助,shengming,standard,0,1,1,1,4123,15967,10578,452.5,7.35,11.52,15.99,3,1,2,3,3,302,802,723,1537,5152,7532,9183,6253,270,570,,,,76,2013,t3_calmveil
standard,22,r1,red,top,坦克,suishan,standard,1,3,0,0,8138,21125,11752,502.8,6.43,13.54,19.24,4,1,2,3,4,668,306,261,502,4518,6456,9591,6253,798,1710,,285,51,494,,t3_calmveil|t3_thornmail
standard,22,r2,red,jungle,戰士,anliuyouXia,standard,1,3,0,0,11856,13389,12151,519.8,9.07,15.27,21.48,3,1,1,2,3,735,1289,1122,1221,3835,6719,9672,6253,221,1140,,285,1277,494,,t3_shieldbreaker|t3_finalstring
standard,22,r3,red,mid,法師,shikong,standard,1,2,2,0,12360,14308,11232,480.5,10.89,18.42,23.13,3,0,1,2,3,1472,162,76,382,3732,6392,8406,6253,899,,,760,,494,,t3_psyward
standard,22,r4,red,adc,射手,yanfeng,standard,1,6,3,2,24688,9254,13734,587.5,10.95,18.54,22.39,3,0,1,2,3,1424,237,426,1933,3584,5617,8676,6253,788,570,285,285,,494,,t3_shieldbreaker|t3_rendspear
standard,22,r5,red,sup,輔助,shengming,standard,1,0,1,3,6036,15577,12828,548.8,5.92,11.73,16.68,4,1,2,3,4,1192,964,820,1448,4592,7214,10050,6253,256,,,760,,304,2476,t3_calmveil
standard,23,b1,blue,top,坦克,thornwall,standard,0,1,6,0,7974,35032,11372,410.5,7.9,17.08,20.4,4,1,1,2,4,738,155,561,521,3688,5455,8191,6253,836,,,950,,152,,t3_calmveil|t3_thornmail
standard,23,b2,blue,jungle,戰士,embercoil,standard,0,2,5,0,10063,28066,11838,427.4,8.32,16.13,21.89,3,1,1,2,3,145,1028,938,1088,3895,6458,9118,6253,237,1140,,,1334,152,,t3_shieldbreaker|t3_finalstring
standard,23,b3,blue,mid,法師,lieyan,standard,0,3,9,2,24262,19644,12825,463,10.85,19.17,24.03,3,0,1,2,3,1476,737,484,1275,3736,6187,8334,6253,1073,570,285,,,152,,t3_psyward
standard,23,b4,blue,adc,射手,siwang,standard,0,8,9,0,33475,15635,14640,528.5,10.18,18.36,21.25,4,0,1,2,4,1509,441,296,1089,3669,5341,8096,6253,646,570,,475,,152,,t3_shieldbreaker|t3_rendspear
standard,23,b5,blue,sup,輔助,mingyun,standard,0,0,1,0,7471,23792,11771,424.9,7.03,11.87,16.29,4,1,2,3,4,349,388,600,320,4649,7418,9180,6253,285,,,475,51,152,1963,t3_calmveil
standard,23,r1,red,top,坦克,thornwall,standard,1,2,0,0,14923,30954,12528,452.3,8.78,13.91,17.96,4,1,2,3,4,567,498,873,977,3517,6348,9423,6253,665,1140,,878,68,418,,t3_calmveil|t3_thornmail
standard,23,r2,red,jungle,戰士,embercoil,standard,1,5,1,2,13241,22289,15801,570.4,8.85,14.05,16.93,4,1,2,3,4,420,670,282,2870,4170,8320,11632,6253,304,2280,427,403,1545,418,,t3_shieldbreaker|t3_finalstring
standard,23,r3,red,mid,法師,lieyan,standard,1,4,4,0,30842,17628,13681,493.9,10.22,18.01,24.28,4,0,1,2,4,1542,758,343,330,3802,6358,8373,6253,1026,,,641,34,418,,t3_psyward
standard,23,r4,red,adc,射手,siwang,standard,1,18,7,1,68212,13929,21546,777.8,9.21,15.97,19.84,5,1,1,3,5,287,1324,81,5946,4287,7004,10861,6253,769,2850,285,285,,418,,t3_shieldbreaker|t3_rendspear
standard,23,r5,red,sup,輔助,mingyun,standard,1,1,2,3,5937,17890,13237,477.9,6.63,12.98,17.59,4,1,2,3,4,1686,1150,807,2276,5086,8180,10037,6253,199,570,427,641,,228,1717,t3_calmveil
standard,24,b1,blue,top,坦克,ironclad,standard,1,2,13,4,26051,61143,18136,454.7,8.5,15.78,21.4,5,1,1,2,5,233,326,603,4585,3783,5626,7833,6253,953,,,475,,152,,t3_calmveil|t3_thornmail
standard,24,b2,blue,jungle,戰士,hunpo,standard,1,6,11,0,25396,27124,19628,492.1,10.83,17.55,24.41,5,0,1,2,5,1617,905,255,3528,3827,5885,8705,6253,278,570,,475,975,152,,t3_psyward
standard,24,b3,blue,mid,法師,shikong,standard,1,10,15,0,45419,31147,21106,529.2,10.22,20.18,26.98,5,0,1,1,5,1656,226,1131,4956,3916,5826,7631,6253,1225,,,,,152,,t3_psyward
standard,24,b4,blue,adc,射手,maestro,standard,1,30,16,2,164780,28853,32474,814.2,9.49,17.18,20.49,5,1,1,2,5,319,193,1293,16874,3669,5693,9873,6253,760,1710,285,712,,152,,t3_shieldbreaker|t3_rendspear
standard,24,b5,blue,sup,坦克,tixue,standard,1,2,4,2,13011,42755,18526,464.5,7.12,11.85,15.25,5,1,2,3,5,779,1273,629,5025,5779,8453,10509,6253,240,1140,,237,51,152,2433,t3_calmveil|t3_thornmail
standard,24,r1,red,top,坦克,ironclad,standard,0,4,9,1,20334,55450,18009,451.5,9.37,16.57,22.66,5,1,1,2,5,586,193,87,4459,3536,5493,7317,6253,627,,,95,,342,,t3_calmveil|t3_thornmail
standard,24,r2,red,jungle,戰士,hunpo,standard,0,15,8,1,44617,28811,25635,642.7,10.93,15.9,20.88,5,0,1,2,5,1757,811,1111,9534,3967,7261,10461,6253,418,1710,,95,1642,342,,t3_psyward
standard,24,r3,red,mid,法師,shikong,standard,0,18,12,3,57943,32022,26540,665.4,11.31,16.08,23.21,5,0,1,2,5,1447,874,207,10390,3707,7374,9607,6253,969,1140,285,807,,152,,t3_psyward
standard,24,r4,red,adc,射手,maestro,standard,0,21,17,3,123979,24823,28849,723.3,10.28,16.47,20.94,5,0,1,2,5,1462,605,1327,13248,3622,6405,9607,6253,779,1140,285,807,,342,,t3_shieldbreaker|t3_rendspear
standard,24,r5,red,sup,坦克,tixue,standard,0,1,4,5,14417,49113,18313,459.2,7.24,12.51,19.47,5,1,2,3,5,397,250,544,4812,4497,7130,9524,6253,285,570,,95,,342,1979,t3_calmveil|t3_thornmail
standard,25,b1,blue,top,坦克,tieshixin,standard,1,0,2,1,10265,22379,8892,401.7,7.73,15.23,21.98,3,1,1,2,3,442,687,752,341,3992,5987,7982,6253,1121,,285,95,,228,,t3_calmveil|t3_thornmail
standard,25,b2,blue,jungle,戰士,ravager,standard,1,0,4,0,6218,16163,9107,411.4,9.42,17.42,,2,1,1,2,2,791,802,109,556,3891,6232,8059,6253,304,,,332,941,228,,t3_shieldbreaker|t3_finalstring
standard,25,b3,blue,mid,法師,xingjie,standard,1,3,3,0,10607,14054,10165,459.2,10.8,17.48,,2,0,1,2,2,2065,205,235,764,4325,6405,8685,6253,969,1140,,95,,228,,t3_psyward
standard,25,b4,blue,adc,射手,liuxing,standard,1,7,4,0,16418,9102,13309,601.3,8.49,16.43,20.67,4,1,1,2,4,163,991,1790,409,4163,6671,10690,6253,646,2280,,1282,,228,,t3_shieldbreaker|t3_rendspear
standard,25,b5,blue,sup,輔助,mingyunyindao,standard,1,0,2,0,2450,16247,10011,452.3,6.63,11.43,16.88,3,1,2,3,3,544,538,351,780,4544,7268,9101,6253,266,,,570,,228,1784,t3_calmveil
standard,25,r1,red,top,坦克,tieshixin,standard,0,1,0,2,10219,19039,10985,496.3,7.28,13.58,18.56,3,1,2,3,3,31,603,1428,1054,4781,6453,10278,6253,1244,570,427,1377,,405,,t3_calmveil|t3_thornmail
standard,25,r2,red,jungle,戰士,ravager,standard,0,1,2,0,8863,13002,9966,450.3,8.87,16.63,21.97,3,1,1,2,3,604,854,1463,115,4354,6284,9113,6253,285,570,,348,1504,152,,t3_shieldbreaker|t3_finalstring
standard,25,r3,red,mid,法師,xingjie,standard,0,1,2,1,13714,12599,10149,458.5,9.35,18.17,,2,1,1,2,2,408,351,984,748,4258,6101,8834,6253,1304,,285,585,,405,,t3_psyward
standard,25,r4,red,adc,射手,liuxing,standard,0,11,4,1,26342,10434,15906,718.6,7.94,15.57,18.7,5,1,1,4,5,842,1267,256,305,4192,6947,13476,6253,674,4560,285,1298,,405,,t3_shieldbreaker|t3_rendspear
standard,25,r5,red,sup,輔助,mingyunyindao,standard,0,1,2,2,5625,15804,11330,511.9,6.09,12.37,16.63,4,1,2,3,4,446,341,1393,370,4696,7071,10623,6253,405,570,427,190,26,152,2599,t3_calmveil
standard,26,b1,blue,top,坦克,tiankong,standard,1,3,0,0,11682,20892,11958,506.2,8.52,14.62,20,4,1,2,3,4,157,128,490,708,3707,6278,10420,6253,1064,1710,,918,,475,,t3_calmveil|t3_thornmail
standard,26,b2,blue,jungle,戰士,xueyue,standard,1,2,1,4,6897,14781,12063,510.6,8.18,14.38,21.56,3,1,2,2,3,918,349,1341,712,4018,7099,9891,6253,266,570,855,443,1028,475,,t3_shieldbreaker|t3_finalstring
standard,26,b3,blue,mid,法師,auralith,standard,1,5,4,0,15557,14150,12433,526.3,10.35,16.34,20.49,3,0,1,2,3,1713,367,393,353,3973,6867,9793,6253,1007,1710,,443,,380,,t3_psyward
standard,26,b4,blue,adc,射手,guangsu,standard,1,11,1,3,34203,9546,16312,690.5,7.65,13.85,18.98,5,1,2,3,5,899,187,88,712,4249,7507,11288,6253,855,2850,570,285,,475,,t3_shieldbreaker|t3_rendspear
standard,26,b5,blue,sup,輔助,shiguang,standard,1,1,0,4,7291,14775,12899,546,5.82,11.23,15.28,4,1,2,4,4,407,1415,50,1939,5257,8445,11010,6253,342,570,285,1235,,475,1850,t3_calmveil
standard,26,r1,red,top,坦克,tiankong,standard,0,1,2,0,8515,25451,10664,451.4,9.03,15.24,20.64,3,1,1,2,3,151,719,612,1133,3701,6019,8242,6253,893,570,,475,51,0,,t3_calmveil|t3_thornmail
standard,26,r2,red,jungle,戰士,xueyue,standard,0,0,3,0,8347,18637,9668,409.2,8.61,16.93,23.53,3,1,1,2,3,712,762,665,117,3812,6192,8195,6253,494,,,,1447,0,,t3_shieldbreaker|t3_finalstring
standard,26,r3,red,mid,法師,auralith,standard,0,1,5,0,13714,15950,9852,417,10.4,18.1,,2,0,1,2,2,1504,291,332,572,3764,6101,7982,6253,921,570,,237,,0,,t3_psyward
standard,26,r4,red,adc,射手,guangsu,standard,0,4,8,1,15406,11423,11629,492.2,9.73,18.12,22.33,3,1,1,2,3,158,85,98,648,3508,5465,8248,6253,665,570,285,475,,0,,t3_shieldbreaker|t3_rendspear
standard,26,r5,red,sup,輔助,shiguang,standard,0,0,4,0,5191,18774,10106,427.8,5.79,12.08,17.01,3,1,2,3,3,816,408,413,1066,4516,7138,8873,6253,294,,,237,,0,2087,t3_calmveil
standard,27,b1,blue,top,坦克,tiebi,standard,0,0,0,0,9560,25913,9171,397.6,8.63,17.29,20.94,3,1,1,2,3,795,220,1508,340,3745,5370,8058,6253,684,,,950,,171,,t3_calmveil|t3_thornmail
standard,27,b2,blue,jungle,戰士,ronggang,standard,0,2,4,0,8880,16945,10050,435.7,9.54,17.22,,2,1,1,2,2,655,748,881,1820,3755,6228,8161,6253,395,570,,,770,171,,t3_finalstring|t3_shieldbreaker
standard,27,b3,blue,mid,法師,xingjie,standard,0,1,4,0,14227,13830,9699,420.5,9.07,17.72,,2,1,1,2,2,633,407,295,619,4483,6307,8625,6253,1155,570,,475,,171,,t3_psyward
standard,27,b4,blue,adc,射手,mori,standard,0,3,7,1,18998,12735,10763,466.6,8.16,16.76,22.54,3,1,1,2,3,306,934,218,863,4606,6734,8368,6253,709,570,285,475,,76,,t3_shieldbreaker|t3_rendspear
standard,27,b5,blue,sup,坦克,tixue,standard,0,1,1,0,6032,19527,11407,494.5,6.58,13.5,18.63,4,1,2,3,4,187,214,278,47,4687,7014,9858,6253,323,,,475,,171,2635,t3_calmveil|t3_thornmail
standard,27,r1,red,top,坦克,tiebi,standard,1,5,0,2,14441,22605,12486,541.3,8.93,12.69,16.35,4,1,2,3,4,1356,174,949,836,4306,7004,10379,6253,753,2280,427,285,,380,,t3_calmveil|t3_thornmail
standard,27,r2,red,jungle,戰士,ronggang,standard,1,3,2,1,10902,14234,12222,529.8,8.99,15.74,19.2,3,1,1,3,3,1534,1947,402,1191,4634,7427,10482,6253,307,1140,142,285,1974,380,,t3_finalstring|t3_shieldbreaker
standard,27,r3,red,mid,法師,xingjie,standard,1,2,1,5,17208,13600,12375,536.5,11.18,17.32,22.08,3,0,1,2,3,1457,674,666,775,3717,6424,10066,6253,1057,570,570,1235,,380,,t3_psyward
standard,27,r4,red,adc,射手,mori,standard,1,5,4,0,20843,10366,11922,516.9,8.03,16.61,21.88,3,1,1,2,3,794,501,510,2022,4144,6301,8790,6253,731,1140,,285,,380,,t3_shieldbreaker|t3_rendspear
standard,27,r5,red,sup,坦克,tixue,standard,1,1,0,5,8301,18127,13172,571,6.71,13.23,16.98,4,1,2,3,4,701,876,1769,972,4601,8116,11749,6253,190,570,855,1235,,380,2266,t3_calmveil|t3_thornmail
standard,28,b1,blue,top,坦克,xukong,standard,0,0,1,1,12870,24417,10294,454.1,7.34,15.86,19.31,3,1,1,3,3,1023,473,459,663,3973,5873,9189,6253,1301,,285,1045,,304,,t3_calmveil|t3_thornmail
standard,28,b2,blue,jungle,刺客,yueying,standard,0,1,4,0,5251,11387,9938,438.4,9.13,17.71,,2,1,1,2,2,646,218,627,1808,3846,5848,8757,6253,266,570,,95,1268,304,,t3_finalstring
standard,28,b3,blue,mid,法師,auralith,standard,0,0,5,0,13607,14331,8793,387.9,10.53,19.38,,2,0,1,2,2,1441,299,291,392,3701,5449,7941,6253,813,,,570,,304,,t3_psyward
standard,28,b4,blue,adc,射手,leiting,standard,0,6,2,0,20028,12340,12454,549.4,7.52,15.45,20.23,3,1,1,2,3,1032,444,1142,1473,4382,6244,9892,6253,1003,1710,,570,51,304,,t3_shieldbreaker|t3_rendspear
standard,28,b5,blue,sup,坦克,ironclad,standard,0,0,3,0,5678,20822,10491,462.8,7.19,13.2,17.99,3,1,2,3,3,938,569,286,910,4538,7369,9386,6253,224,,,570,,304,2033,t3_calmveil|t3_thornmail
standard,28,r1,red,top,坦克,xukong,standard,1,2,0,1,10358,19143,11465,505.8,9.95,14.4,19.15,3,1,2,3,3,247,389,363,1435,3897,6339,9493,6253,921,570,,1520,,228,,t3_calmveil|t3_thornmail
standard,28,r2,red,jungle,刺客,yueying,standard,1,2,2,1,8885,10565,11312,499.1,8.07,13.07,19.3,3,1,2,3,3,95,1582,389,431,4945,8282,10189,6253,307,1140,285,95,1881,228,,t3_finalstring
standard,28,r3,red,mid,法師,auralith,standard,1,5,1,0,18485,14148,12846,566.7,11.4,15.53,20.21,3,0,1,2,3,1697,1172,628,1246,3957,7672,10028,6253,1361,1140,,1045,,228,,t3_psyward
standard,28,r4,red,adc,射手,leiting,standard,1,4,4,1,20134,11318,11119,490.5,9.8,18.48,21.66,3,1,1,2,3,181,165,857,268,3531,5545,8357,6253,593,570,142,570,,228,,t3_shieldbreaker|t3_rendspear
standard,28,r5,red,sup,坦克,ironclad,standard,1,2,0,6,8007,20293,12388,546.5,7.05,11.21,15.22,3,1,2,3,3,428,1247,749,2407,5778,8487,10729,6253,425,1140,997,95,,228,1589,t3_calmveil|t3_thornmail
standard,29,b1,blue,top,坦克,shiqiang,standard,1,1,1,1,9134,17258,10508,480.9,9.17,15.27,18.96,3,1,1,3,3,605,1213,507,578,3555,6513,9537,6253,861,570,142,1330,,380,,t3_calmveil|t3_thornmail
standard,29,b2,blue,jungle,刺客,leisuhunter,standard,1,2,2,0,6763,8951,10954,501.3,8.92,16.5,,2,1,1,2,2,152,1617,903,2624,4002,6717,9233,6253,614,570,,380,1035,380,,t3_finalstring
standard,29,b3,blue,mid,法師,xingjie,standard,1,3,1,1,12851,13056,11157,510.6,9.22,17,20.93,3,1,1,2,3,338,306,406,607,4188,6506,9806,6253,893,1140,285,855,,380,,t3_psyward
standard,29,b4,blue,adc,射手,liangzi,standard,1,13,3,0,26438,9948,15893,727.4,11.07,14.45,18.29,5,0,2,3,5,1256,480,1032,292,3416,7480,12832,6253,671,5130,,380,17,380,,t3_shieldbreaker|t3_rendspear
standard,29,b5,blue,sup,輔助,huanjing,standard,1,1,0,1,4613,14988,11238,514.3,5.98,12,16.28,4,1,2,4,4,238,358,57,537,4538,7388,10457,6253,341,570,142,855,26,380,1887,t3_calmveil
standard,29,r1,red,top,坦克,shiqiang,standard,0,0,2,0,10054,22070,8308,380.2,9.03,17.45,,2,1,1,2,2,665,406,311,678,3615,5456,7641,6253,744,,,475,17,152,,t3_calmveil|t3_thornmail
standard,29,r2,red,jungle,刺客,leisuhunter,standard,0,1,4,0,9079,12103,9559,437.5,8.92,16.12,,2,1,1,2,2,244,635,228,1478,4094,6215,8308,6253,278,,,,1624,152,,t3_finalstring
standard,29,r3,red,mid,法師,xingjie,standard,0,1,4,0,11381,13414,9647,441.5,9.19,17.63,,2,1,1,2,2,684,439,361,566,4534,6339,8961,6253,1035,570,,950,,152,,t3_psyward
standard,29,r4,red,adc,射手,liangzi,standard,0,4,8,0,9331,9739,10286,470.8,10.03,18.3,21.83,3,0,1,2,3,1446,492,286,266,3606,5392,8536,6253,753,1140,,237,,152,,t3_shieldbreaker|t3_rendspear
standard,29,r5,red,sup,輔助,huanjing,standard,0,1,2,1,6087,14966,11316,517.9,6.78,11.36,15.78,4,1,2,3,4,881,400,1925,615,5181,7430,10385,6253,341,570,,1187,,152,1879,t3_calmveil
standard,30,b1,blue,top,坦克,tiemu,standard,0,0,3,0,8227,27866,10891,398.6,8.88,15.91,22.13,3,1,1,2,3,510,1114,271,1300,3460,5664,8001,6253,570,,,950,,228,,t3_calmveil|t3_thornmail
standard,30,b2,blue,jungle,刺客,duskblade,standard,0,0,7,1,9358,16711,10737,393,8.86,18.12,26.08,3,1,1,2,3,573,404,935,257,3773,5734,7635,6253,383,,,,770,228,,t3_finalstring
standard,30,b3,blue,mid,法師,gambler,standard,0,3,7,0,25042,20812,11929,436.6,9.28,16.91,23.9,3,1,1,2,3,389,396,545,579,4239,6576,8945,6253,848,1140,,475,,228,,t3_psyward
standard,30,b4,blue,adc,射手,shengyan,standard,0,8,10,1,39475,17426,14713,538.4,9.96,19.04,22.58,4,1,1,2,4,243,569,234,1162,3593,5769,8384,6253,573,570,285,475,,228,,t3_shieldbreaker|t3_rendspear
standard,30,b5,blue,sup,坦克,dadi,standard,0,2,4,0,5422,26202,13659,499.9,7.2,13.43,18.27,5,1,2,3,5,316,100,662,58,4516,6900,9762,6253,171,570,,,,228,2539,t3_calmveil|t3_thornmail
standard,30,r1,red,top,坦克,tiemu,standard,1,1,1,1,13713,31410,11790,431.5,7.98,14.13,21.92,4,1,2,2,4,190,436,1066,440,3840,6386,8356,6253,753,,285,760,,304,,t3_calmveil|t3_thornmail
standard,30,r2,red,jungle,刺客,duskblade,standard,1,6,2,3,16110,15854,16166,591.6,6.5,14.53,17.48,5,1,2,3,5,346,313,152,865,5196,7963,10852,6253,300,1710,380,285,1618,304,,t3_finalstring
standard,30,r3,red,mid,法師,gambler,standard,1,6,4,3,22684,16050,15137,554,11.28,18.13,21.82,4,0,1,2,4,1580,124,907,737,3840,6624,9407,6253,950,1140,,760,,304,,t3_psyward
standard,30,r4,red,adc,射手,shengyan,standard,1,12,6,3,43339,14266,17838,652.8,9.25,17.92,22.01,5,1,1,2,5,291,389,647,2238,3641,5769,9227,6253,579,1710,95,285,,304,,t3_shieldbreaker|t3_rendspear
standard,30,r5,red,sup,坦克,dadi,standard,1,6,0,3,10208,28594,17480,639.7,6.48,11.73,16.14,5,1,2,4,5,55,436,545,3879,4855,7676,12145,6253,227,1710,380,760,,304,2510,t3_calmveil|t3_thornmail
standard,31,b1,blue,top,坦克,dadi,standard,1,1,2,0,8021,19098,9320,426.2,8.58,14.53,19.19,3,1,2,3,3,1175,155,283,609,4125,6405,8533,6253,1064,570,,190,,456,,t3_calmveil|t3_thornmail
standard,31,b2,blue,jungle,刺客,binghe,standard,1,1,3,0,7850,8355,9771,446.8,7.92,16.98,,2,1,1,2,2,883,479,232,1640,4083,6109,8362,6253,367,,,190,1095,456,,t3_finalstring
standard,31,b3,blue,mid,法師,ronghuo,standard,1,1,2,0,14028,14250,9472,433.1,10.01,18.55,,2,0,1,2,2,1618,296,235,721,3878,5626,8685,6253,741,570,,665,,456,,t3_psyward
standard,31,b4,blue,adc,射手,mirrorshot,standard,1,3,4,1,12778,10642,10377,474.6,9.29,18.12,21.78,3,1,1,2,3,408,369,171,157,3758,5449,8451,6253,696,570,285,190,,456,,t3_shieldbreaker|t3_rendspear
standard,31,b5,blue,sup,坦克,thornwall,standard,1,1,1,1,6818,18614,12525,572.8,7.74,11.55,17.04,4,1,2,4,4,466,876,253,724,5266,8116,11453,6253,284,570,,1615,,456,2274,t3_calmveil|t3_thornmail
standard,31,r1,red,top,坦克,dadi,standard,0,1,0,1,7889,20391,10339,472.8,7.8,14.38,19.43,3,1,2,3,3,1118,250,237,309,4068,6500,9667,6253,886,570,285,1520,,152,,t3_calmveil|t3_thornmail
standard,31,r2,red,jungle,刺客,binghe,standard,0,2,1,0,6902,9505,10324,472.1,8.09,13.54,20.82,3,1,2,2,3,1035,365,1298,43,5415,7845,9728,6253,199,1140,,95,1887,152,,t3_finalstring
standard,31,r3,red,mid,法師,ronghuo,standard,0,2,0,2,12246,13765,10966,501.5,10.47,17.23,21.84,3,0,1,2,3,1694,528,255,116,3954,6728,8755,6253,1352,,427,570,,152,,t3_psyward
standard,31,r4,red,adc,射手,mirrorshot,standard,0,6,6,2,16237,11509,11812,540.2,9.39,17.45,19.52,3,1,1,3,3,291,1128,422,661,3641,6928,10322,6253,687,2850,285,95,,152,,t3_shieldbreaker|t3_rendspear
standard,31,r5,red,sup,坦克,thornwall,standard,0,1,0,1,6000,17668,11174,511,7.33,12.76,16.67,3,1,2,3,3,992,519,598,1194,4592,7759,10578,6253,294,570,142,570,51,152,2544,t3_calmveil|t3_thornmail
standard,32,b1,blue,top,坦克,tixue,standard,0,0,2,0,6865,22554,8317,388,8.67,15.62,21.13,3,1,1,2,3,347,868,529,166,3897,6168,7859,6253,1130,,,475,,0,,t3_calmveil|t3_thornmail
standard,32,b2,blue,jungle,刺客,jueying,standard,0,0,6,0,6105,11166,8328,388.6,9.64,17.27,,2,1,1,2,2,755,292,134,728,3955,5872,7734,6253,304,,,,1176,0,,t3_finalstring
standard,32,b3,blue,mid,法師,gambler,standard,0,2,4,1,12308,11433,9447,440.8,11.48,18.23,,2,0,1,2,2,1257,115,221,147,3517,5265,8951,6253,798,1140,285,475,,0,,t3_psyward
standard,32,b4,blue,adc,射手,hanbing,standard,0,12,4,0,23526,10344,14362,670.1,7.46,13.41,16.98,4,1,2,3,4,1440,884,1534,512,4790,8204,13334,6253,760,6270,,,51,0,,t3_shieldbreaker|t3_rendspear
standard,32,b5,blue,sup,輔助,xuemai,standard,0,1,2,1,4983,15868,10095,471,6.13,11.17,15.38,3,1,2,3,3,245,631,597,1055,5095,7661,9637,6253,275,570,285,475,,0,1778,t3_calmveil
standard,32,r1,red,top,坦克,tixue,standard,1,7,0,1,14619,24481,13156,613.8,8.91,12.62,17.58,4,1,2,3,4,881,460,2008,1006,3831,7210,11938,6253,836,3420,142,570,26,690,,t3_calmveil|t3_thornmail
standard,32,r2,red,jungle,刺客,jueying,standard,1,5,2,1,9698,10331,12447,580.7,8.58,12.95,18.23,3,1,2,3,3,301,1056,702,1366,5101,7706,11782,6253,228,2850,142,570,1047,690,,t3_finalstring
standard,32,r3,red,mid,法師,gambler,standard,1,3,4,5,11942,11752,11822,551.6,11.21,15.98,20.13,3,0,1,2,3,1685,257,1624,392,3945,6757,10604,6253,874,1140,855,1045,,437,,t3_psyward
standard,32,r4,red,adc,射手,hanbing,standard,1,3,7,0,9330,9244,10356,483.2,9.9,19.29,,2,1,1,2,2,272,902,1006,1456,3622,6282,9556,6253,617,1710,,570,,405,,t3_shieldbreaker|t3_rendspear
standard,32,r5,red,sup,輔助,xuemai,standard,1,0,2,6,6609,12303,12066,563,5.83,12.56,15.02,4,1,2,4,4,1063,1572,378,1366,4763,7822,11078,6253,256,,1140,570,,437,2421,t3_calmveil
standard,33,b1,blue,top,坦克,stoneguard,standard,0,0,0,0,7155,20666,7954,393.6,8.46,15.53,,2,1,1,2,2,66,402,257,324,3916,5702,7887,6253,1159,,,475,,0,,t3_calmveil|t3_thornmail
standard,33,b2,blue,jungle,刺客,anye,standard,0,0,3,0,5521,9657,7899,390.9,8.78,17.19,,2,1,1,2,2,110,591,402,468,3960,5871,7832,6253,361,,,,1217,0,,t3_finalstring
standard,33,b3,blue,mid,法師,ronghuo,standard,0,1,6,0,9366,12511,8268,409.1,10.52,18.72,,2,0,1,2,2,1438,29,171,237,3698,6529,8201,6253,902,570,,475,,0,,t3_psyward
standard,33,b4,blue,adc,射手,tianfa,standard,0,0,4,0,10104,10363,6909,341.9,9.73,,,1,1,1,1,1,148,166,1042,1109,3498,5246,6842,6253,589,,,,,0,,t3_shieldbreaker|t3_rendspear
standard,33,b5,blue,sup,輔助,fengshen,standard,0,0,3,0,3041,14303,9073,449,7.31,12.99,18,3,1,2,3,3,197,211,546,613,4497,7241,9006,6253,294,,,475,17,0,1966,t3_calmveil
standard,33,r1,red,top,坦克,stoneguard,standard,1,2,0,1,8929,16778,9839,486.9,8.45,14.88,,2,1,2,2,2,700,90,1877,2608,3650,5940,9107,6253,874,1140,142,190,51,456,,t3_calmveil|t3_thornmail
standard,33,r2,red,jungle,刺客,anye,standard,1,2,0,0,7850,8500,9901,489.9,6.79,15.67,,2,1,1,2,2,197,1575,1314,1570,4527,7155,9644,6253,332,1140,,190,1272,456,,t3_finalstring
standard,33,r3,red,mid,法師,ronghuo,standard,1,3,0,0,13648,9203,11301,559.2,11.48,16.36,,2,0,1,2,2,1536,1029,1074,1901,3796,7529,10474,6253,1247,1140,,1377,,456,,t3_psyward
standard,33,r4,red,adc,射手,tianfa,standard,1,8,1,1,17567,8904,12606,623.8,9.07,15.45,19.11,3,1,1,3,3,433,1463,399,805,3783,7143,11779,6253,747,3990,142,190,,456,,t3_shieldbreaker|t3_rendspear
standard,33,r5,red,sup,輔助,fengshen,standard,1,1,0,0,4420,12004,10077,498.6,7.72,13.43,14.83,3,1,3,3,3,627,334,780,1036,4627,8034,9820,6253,332,570,,427,,456,1780,t3_calmveil
standard,34,b1,blue,top,坦克,thornwall,standard,1,2,1,2,11755,23626,11561,477.4,8.01,13.84,19.67,4,1,2,3,4,922,383,221,611,3872,7073,9771,6253,706,1140,570,950,,152,,t3_calmveil|t3_thornmail
standard,34,b2,blue,jungle,刺客,wuxing,standard,1,0,6,1,6418,12884,9763,403.1,8.73,18.18,,2,1,1,2,2,64,576,198,1382,3964,5906,7798,6253,449,,,,942,152,,t3_finalstring
standard,34,b3,blue,mid,法師,gambler,standard,1,4,5,0,14465,16529,11742,484.9,10.08,18.37,23.27,3,0,1,2,3,1859,550,313,411,4119,6000,9363,6253,772,1710,,475,,152,,t3_psyward
standard,34,b4,blue,adc,射手,dawnstrike,standard,1,6,2,1,17862,12441,13053,539,8.48,14.62,21.25,3,1,2,2,3,633,373,992,1252,3983,7273,9572,6253,1314,1710,142,,,152,,t3_shieldbreaker|t3_rendspear
standard,34,b5,blue,sup,坦克,suishan,standard,1,0,4,2,8828,24423,12859,531,7.83,13.06,17.43,4,1,2,3,4,768,702,1691,658,4668,7942,11191,6253,253,,427,1425,,152,2680,t3_calmveil|t3_thornmail
standard,34,r1,red,top,坦克,thornwall,standard,0,5,0,1,12622,22494,13154,543.2,7.67,12.94,17.53,4,1,2,3,4,49,242,1594,903,4549,7532,10724,6253,1089,2280,285,380,,437,,t3_calmveil|t3_thornmail
standard,34,r2,red,jungle,刺客,wuxing,standard,0,5,4,3,14834,13086,13606,561.9,8.94,16.13,17.86,4,1,1,3,4,897,1572,810,206,4097,6902,11690,6253,281,2850,427,380,1345,152,,t3_finalstring
standard,34,r3,red,mid,法師,gambler,standard,0,1,4,1,16605,13495,10187,420.7,10.07,20.27,,2,0,1,1,2,1583,250,2226,786,3843,6180,8726,6253,943,570,142,380,,437,,t3_psyward
standard,34,r4,red,adc,射手,dawnstrike,standard,0,5,3,2,19770,11299,12733,525.8,9.57,17.19,20.53,3,1,1,2,3,265,705,1058,932,3615,5905,9638,6253,763,1140,427,617,,437,,t3_shieldbreaker|t3_rendspear
standard,34,r5,red,sup,坦克,suishan,standard,0,2,1,2,7470,18757,12398,511.9,6.52,12.69,18.45,4,1,2,3,4,363,154,1311,797,4563,7394,9911,6253,304,,427,617,,437,1871,t3_calmveil|t3_thornmail
standard,35,b1,blue,top,戰士,ravager,standard,0,1,6,0,12276,46043,12242,420.4,8.21,15.86,24.28,3,1,1,2,3,253,1058,134,841,4353,6538,8134,6253,874,570,,285,,152,,t3_shieldbreaker|t3_finalstring
standard,35,b2,blue,jungle,刺客,voidrift,standard,0,1,9,0,12464,16649,12256,420.9,8.13,15.81,23.04,3,1,1,2,3,1058,1190,1022,1176,4258,6770,8572,6253,285,570,,285,1027,152,,t3_finalstring
standard,35,b3,blue,mid,法師,ronghuo,standard,0,4,11,0,21393,19461,13850,475.7,12.24,20.21,24.55,4,0,1,1,4,1403,138,1134,200,3663,6038,7634,6253,943,,,285,,152,,t3_psyward
standard,35,b4,blue,adc,射手,yanfeng,standard,0,14,14,0,46511,17344,18559,637.4,10,15.6,20.85,5,1,1,2,5,291,1191,745,2959,3641,6871,9645,6253,674,2280,,285,,152,,t3_shieldbreaker|t3_rendspear
standard,35,b5,blue,sup,輔助,shengming,standard,0,1,4,2,9626,28155,13348,458.4,6.31,10.79,15.25,4,1,2,3,4,2030,692,296,1898,5130,7722,9336,6253,262,570,,285,17,152,1795,t3_calmveil
standard,35,r1,red,top,戰士,ravager,standard,1,9,1,0,29167,32588,17119,587.9,8.87,16.6,20.08,5,1,1,2,5,443,602,1561,1819,3593,6082,10161,6253,627,2280,,475,51,475,,t3_shieldbreaker|t3_finalstring
standard,35,r2,red,jungle,刺客,voidrift,standard,1,3,1,3,10569,17545,15057,517.1,8.39,14.44,19.1,4,1,2,3,4,949,247,691,1706,4149,7197,10341,6253,266,1710,285,,1352,475,,t3_finalstring
standard,35,r3,red,mid,法師,ronghuo,standard,1,13,6,2,34845,21408,20516,704.6,10.07,16.73,20.65,5,0,1,2,5,1618,295,454,4366,3878,6795,9854,6253,940,1140,570,475,,475,,t3_psyward
standard,35,r4,red,adc,射手,yanfeng,standard,1,17,13,1,68912,15730,21162,726.8,9.73,16.01,19.8,5,1,1,3,5,424,763,253,5562,3774,6443,10253,6253,817,2280,285,237,,380,,t3_shieldbreaker|t3_rendspear
standard,35,r5,red,sup,輔助,shengming,standard,1,2,0,5,8255,19767,16203,556.5,5.61,10.97,14.65,5,1,3,3,5,407,301,1946,3003,5257,8001,10386,6253,199,1140,285,237,,475,1795,t3_calmveil
standard,36,b1,blue,top,戰士,dadi2,standard,0,0,3,0,7395,25830,9008,390.1,9.84,18.52,,2,1,1,2,2,386,208,107,777,3536,5208,7507,6253,703,,,475,,76,,t3_shieldbreaker|t3_finalstring
standard,36,b2,blue,jungle,刺客,jingxiang,standard,0,1,5,0,3161,8153,9254,400.7,9.81,16.68,,2,1,1,2,2,490,655,593,1173,3690,6235,8023,6253,215,570,,,908,76,,t3_finalstring
standard,36,b3,blue,mid,法師,haixiao,standard,0,4,7,0,11790,14304,11041,478.1,10.42,18.13,,2,0,1,2,2,1466,408,275,1960,3726,6158,8875,6253,931,1140,,475,,76,,t3_psyward
standard,36,b4,blue,adc,射手,siwang,standard,0,7,5,1,20299,11027,12612,546.2,9.84,18.01,21.53,3,1,1,2,3,291,231,1116,1011,3641,5911,8736,6253,693,1140,285,237,51,76,,t3_shieldbreaker|t3_rendspear
standard,36,b5,blue,sup,輔助,mingyun,standard,0,1,2,2,3832,15368,11929,516.6,6.18,12.63,16.73,4,1,2,3,4,528,644,1256,479,4528,7674,10296,6253,231,570,,1187,,76,1977,t3_calmveil
standard,36,r1,red,top,戰士,dadi2,standard,1,9,2,1,14411,22935,16229,702.8,8.03,14.69,18.68,4,1,2,3,4,112,183,314,2778,3912,6983,11714,6253,912,2280,,1710,102,456,,t3_shieldbreaker|t3_finalstring
standard,36,r2,red,jungle,刺客,jingxiang,standard,1,1,1,0,5376,9255,11173,483.8,9.82,15.58,20.22,3,1,1,2,3,62,1440,1031,1042,4212,6720,9061,6253,247,,,285,1819,456,,t3_finalstring
standard,36,r3,red,mid,法師,haixiao,standard,1,6,4,2,17295,16495,13986,605.7,9.03,15.43,20.31,3,1,1,2,3,655,874,1660,1505,4505,7374,11060,6253,1311,1710,570,760,,456,,t3_psyward
standard,36,r4,red,adc,射手,siwang,standard,1,6,5,2,21747,10837,13061,565.6,10.63,18.13,21.14,3,0,1,2,3,1446,316,501,1680,3606,5696,9401,6253,696,1710,,285,,456,,t3_shieldbreaker|t3_rendspear
standard,36,r5,red,sup,輔助,mingyun,standard,1,0,1,2,4427,11395,11354,491.7,6.84,12.37,18.06,3,1,2,3,3,589,481,459,2314,4589,7211,9499,6253,139,,285,285,,456,2080,t3_calmveil
standard,37,b1,blue,top,戰士,ronggang,standard,1,0,6,0,14185,36045,11972,411.1,9.03,17.71,25.23,3,1,1,2,3,760,931,261,1322,3910,5981,7691,6253,962,,,475,,0,,t3_shieldbreaker|t3_finalstring
standard,37,b2,blue,jungle,刺客,guihuo,standard,1,0,9,1,7888,13615,11099,381.1,9.61,19.02,27.58,3,1,1,2,3,375,409,112,818,3575,5559,7292,6253,251,,,,786,0,,t3_finalstring
standard,37,b3,blue,mid,法師,leiming,standard,1,8,8,1,34159,23760,16510,566.9,9.44,17.24,23.61,4,1,1,2,4,494,295,1168,2109,4344,6795,9018,6253,1244,570,,950,,0,,t3_psyward
standard,37,b4,blue,adc,射手,maestro,standard,1,18,9,1,57321,15947,21238,729.2,10.18,15.68,20.21,5,0,1,2,5,1705,978,1634,5637,3865,6658,10534,6253,813,2850,142,475,,0,,t3_shieldbreaker|t3_rendspear
standard,37,b5,blue,sup,坦克,suishan,standard,1,0,8,2,9437,34236,13440,461.5,7.07,12.77,18.92,4,1,2,3,4,239,257,558,2080,4739,7057,10138,6253,261,,142,950,,0,2530,t3_calmveil|t3_thornmail
standard,37,r1,red,top,戰士,ronggang,standard,0,6,2,1,19375,36601,16027,550.3,8.98,15.57,20.07,5,1,1,2,5,738,1180,1506,676,3888,6710,10156,6253,902,1140,285,902,102,570,,t3_shieldbreaker|t3_finalstring
standard,37,r2,red,jungle,刺客,guihuo,standard,0,7,4,3,16493,18969,17190,590.2,8.77,14.91,19.38,5,1,2,3,5,812,32,1074,1889,4012,7632,11724,6253,148,2850,427,190,1379,475,,t3_finalstring
standard,37,r3,red,mid,法師,leiming,standard,0,10,11,1,29144,21603,17406,597.6,10.25,18.38,22.15,4,0,1,2,4,1485,277,2079,3006,3745,6177,9629,6253,937,1140,142,585,,570,,t3_psyward
standard,37,r4,red,adc,射手,maestro,standard,0,12,6,1,45059,13935,19333,663.8,9.42,18.6,21.2,5,1,1,2,5,444,603,876,3732,3794,6283,9776,6253,752,1140,,1060,,570,,t3_shieldbreaker|t3_rendspear
standard,37,r5,red,sup,坦克,suishan,standard,0,5,3,5,13672,28436,18524,636,7,12.18,16.22,5,1,2,3,5,371,1112,2826,4924,4571,8352,12326,6253,337,1140,855,585,,475,2680,t3_calmveil|t3_thornmail
standard,38,b1,blue,top,戰士,jingci,standard,0,0,4,1,15671,37213,12633,415.8,9.31,17.43,22.6,4,1,1,2,4,662,391,230,183,3812,5921,8030,6253,1149,,,475,,152,,t3_shieldbreaker|t3_finalstring
standard,38,b2,blue,jungle,戰士,fengbao,standard,0,1,6,0,15313,26286,12862,423.3,8.9,16.25,23.75,4,1,1,2,4,823,502,412,461,3923,5982,8292,6253,418,,,475,994,152,,t3_shieldbreaker|t3_finalstring
standard,38,b3,blue,mid,法師,haixiao,standard,0,6,10,0,31825,22733,14400,474,9.93,19.13,26.28,4,1,1,2,4,104,148,189,1050,3954,6348,8039,6253,1064,570,,,,152,,t3_psyward
standard,38,b4,blue,adc,射手,liuxing,standard,0,20,15,0,90401,18812,23011,757.3,9.55,17.68,20.71,5,1,1,2,5,433,583,719,7410,3783,6263,9569,6253,978,1710,,475,,152,,t3_shieldbreaker|t3_rendspear
standard,38,b5,blue,sup,坦克,tieshixin,standard,0,0,8,3,9909,35161,13515,444.8,6.98,12.88,21.05,4,1,2,2,4,449,692,2007,1314,4649,7052,9247,6253,342,,,475,,152,2024,t3_calmveil|t3_thornmail
standard,38,r1,red,top,戰士,jingci,standard,1,10,6,2,21731,43248,19059,627.3,9.31,13.38,17.92,5,1,2,3,5,690,946,788,3708,3840,8096,12238,6253,1045,3420,285,855,,380,,t3_shieldbreaker|t3_finalstring
standard,38,r2,red,jungle,戰士,fengbao,standard,1,9,1,4,27580,24278,19321,635.9,9.07,15.13,19.04,5,1,1,3,5,953,1423,632,4020,4053,6903,10532,6253,152,1140,570,380,1656,380,,t3_shieldbreaker|t3_finalstring
standard,38,r3,red,mid,法師,haixiao,standard,1,9,8,6,36634,22372,18321,603,11.57,17.93,21.85,5,0,1,2,5,1403,352,468,2170,3663,5952,9448,6253,867,570,997,380,,380,,t3_psyward
standard,38,r4,red,adc,射手,liuxing,standard,1,14,12,0,53176,16757,19910,655.3,10.18,18.47,21.78,5,0,1,2,5,1414,218,165,4310,3574,5598,9065,6253,674,1140,,617,,380,,t3_shieldbreaker|t3_rendspear
standard,38,r5,red,sup,坦克,tieshixin,standard,1,1,0,5,12908,28890,14904,490.5,7.65,13.56,18.07,5,1,2,3,5,632,321,246,1304,4532,7261,9626,6253,300,,142,617,,380,1932,t3_calmveil|t3_thornmail
standard,39,b1,blue,top,戰士,longyi,standard,1,0,5,0,9667,25498,9818,425,8.45,17.67,,2,1,1,2,2,709,437,408,1587,3859,5617,8638,6253,959,,,1425,,0,,t3_shieldbreaker|t3_finalstring
standard,39,b2,blue,jungle,戰士,ronggang,standard,1,0,3,1,5759,16472,9138,395.6,9.05,18.27,,2,1,1,2,2,624,662,303,958,3724,5792,7653,6253,228,,142,,1029,0,,t3_shieldbreaker|t3_finalstring
standard,39,b3,blue,mid,法師,leiming,standard,1,1,5,1,16973,15590,9407,407.2,11.29,19.54,,2,0,1,2,2,1409,387,180,697,3669,5987,7830,6253,1007,570,,,,0,,t3_psyward
standard,39,b4,blue,adc,射手,guangsu,standard,1,4,8,0,16390,11487,10749,465.3,8.58,18.43,,2,1,1,2,2,163,431,957,1898,4163,6111,8277,6253,646,1140,,237,,0,,t3_shieldbreaker|t3_rendspear
standard,39,b5,blue,sup,輔助,shiguang,standard,1,0,3,1,5244,17369,11068,479.1,6.12,12.61,16.93,4,1,2,3,4,839,497,848,668,4539,7227,9888,6253,199,,142,1187,51,0,2054,t3_calmveil
standard,39,r1,red,top,戰士,longyi,standard,0,0,0,1,9298,22413,9167,396.8,8.77,18.63,,2,1,1,2,2,576,426,120,566,3726,5906,8120,6253,812,,142,380,,532,,t3_shieldbreaker|t3_finalstring
standard,39,r2,red,jungle,戰士,ronggang,standard,0,6,0,1,14113,15326,13431,581.4,9.09,15.77,20.08,3,1,1,2,3,55,738,2512,2081,3805,6168,11062,6253,253,2280,142,380,1220,532,,t3_shieldbreaker|t3_finalstring
standard,39,r3,red,mid,法師,leiming,standard,0,4,3,2,18078,13928,12579,544.5,10.28,17.97,21.37,3,0,1,2,3,1688,185,937,1729,3948,6085,9917,6253,1041,1140,570,380,,532,,t3_psyward
standard,39,r4,red,adc,射手,guangsu,standard,0,13,2,0,27409,9786,16822,728.2,9.72,13.78,17.61,5,1,2,3,5,294,289,1657,1222,3644,7909,13457,6253,687,5130,,855,,532,,t3_shieldbreaker|t3_rendspear
standard,39,r5,red,sup,輔助,shiguang,standard,0,1,0,5,6048,11754,12522,542.1,7.41,11.31,18.83,4,1,2,4,4,495,670,690,1561,5095,7700,11190,6253,283,570,855,855,,532,1841,t3_calmveil
standard,40,b1,blue,top,戰士,chichuan,standard,1,1,0,0,16407,32131,12088,487.1,8.31,16.39,22.35,3,1,1,2,3,709,1084,371,638,3859,6614,9021,6253,1254,570,,665,,278,,t3_shieldbreaker|t3_finalstring
standard,40,b2,blue,jungle,戰士,kuangfeng,standard,1,0,5,1,9135,16747,10216,411.7,8.8,17.23,24.78,3,1,1,2,3,508,483,128,16,3608,5963,7878,6253,332,,142,190,808,152,,t3_shieldbreaker|t3_finalstring
standard,40,b3,blue,mid,法師,haixiao,standard,1,5,3,0,20725,16882,12652,509.8,9.46,18.72,23.23,3,1,1,2,3,598,219,615,451,4448,6719,9695,6253,1263,1710,,190,,278,,t3_psyward
standard,40,b4,blue,adc,射手,mori,standard,1,7,9,1,21956,11336,13160,530.3,10.2,18.39,21.93,3,0,1,2,3,1519,524,262,1559,3679,6204,8512,6253,617,1140,142,190,17,152,,t3_shieldbreaker|t3_rendspear
standard,40,b5,blue,sup,坦克,tixue,standard,1,1,5,0,7458,21628,12841,517.4,7.12,12.89,16.83,4,1,2,3,4,1543,582,161,1461,5143,7822,9961,6253,256,570,,190,,278,2412,t3_calmveil|t3_thornmail
standard,40,r1,red,top,戰士,chichuan,standard,0,3,0,0,15404,26410,12604,507.9,7.1,16.18,19.53,3,1,1,3,3,213,894,371,1154,4543,6424,10021,6253,1178,1710,,475,,405,,t3_shieldbreaker|t3_finalstring
standard,40,r2,red,jungle,戰士,kuangfeng,standard,0,7,0,1,21102,17276,14681,591.6,8.71,15.03,19.1,4,1,1,3,4,168,1590,396,1701,3968,7070,10476,6253,608,1710,142,,1356,405,,t3_shieldbreaker|t3_finalstring
standard,40,r3,red,mid,法師,haixiao,standard,0,2,5,5,22892,16647,11933,480.9,11.12,18.72,23.26,3,0,1,2,3,1371,224,256,333,3631,5674,9236,6253,836,570,712,712,,152,,t3_psyward
standard,40,r4,red,adc,射手,mori,standard,0,8,8,1,20467,12736,13852,558.2,8.07,15.34,20.81,4,1,1,2,4,1355,1115,545,952,4705,6795,9445,6253,807,1710,285,237,,152,,t3_shieldbreaker|t3_rendspear
standard,40,r5,red,sup,坦克,tixue,standard,0,2,1,3,8296,23273,14006,564.4,6.93,12.87,14.8,5,1,3,3,5,392,312,1899,405,4592,8912,11879,6253,332,1140,285,950,77,405,2435,t3_calmveil|t3_thornmail
standard,41,b1,blue,top,戰士,xueyue,standard,0,0,3,0,12014,21719,8704,414.3,8.44,18.89,,2,1,1,2,2,633,339,1531,353,3783,5569,8381,6253,1026,,,950,,152,,t3_shieldbreaker|t3_finalstring
standard,41,b2,blue,jungle,戰士,longyi,standard,0,1,2,1,5574,11421,9182,437.1,9.21,15.78,,2,1,1,2,2,1031,1977,1057,1482,4131,6677,8757,6253,338,570,142,,1300,152,,t3_shieldbreaker|t3_finalstring
standard,41,b3,blue,mid,法師,leiming,standard,0,8,3,0,13330,14089,13416,638.6,9.11,15.99,19.38,4,1,1,3,4,503,323,923,65,4353,6823,11953,6253,1178,3420,,950,,152,,t3_psyward
standard,41,b4,blue,adc,射手,leiting,standard,0,4,3,1,15584,9767,10520,500.7,9.57,16.08,20.34,3,1,1,2,3,549,1126,1259,519,3899,6806,10159,6253,951,2280,285,237,,152,,t3_shieldbreaker|t3_rendspear
standard,41,b5,blue,sup,坦克,ironclad,standard,0,0,0,1,5487,17324,10886,518.2,7.21,13.01,17.54,3,1,2,3,3,210,391,986,1346,4660,7491,10526,6253,305,,142,1187,,152,2485,t3_calmveil|t3_thornmail
standard,41,r1,red,top,戰士,xueyue,standard,1,2,1,0,12505,20309,10827,515.4,9.49,16,19.41,3,1,1,3,3,685,1231,364,396,3835,6761,10314,6253,1349,1140,,1140,14,418,,t3_shieldbreaker|t3_finalstring
standard,41,r2,red,jungle,戰士,longyi,standard,1,1,0,2,6758,10024,10041,477.9,9.79,15.16,20.23,3,1,1,2,3,210,2159,358,440,4310,6859,8958,6253,133,,237,190,1726,418,,t3_shieldbreaker|t3_finalstring
standard,41,r3,red,mid,法師,leiming,standard,1,5,5,2,13162,13359,13454,640.4,8.99,14.93,18.98,3,1,2,3,3,427,218,471,1853,4277,8248,11801,6253,1425,1710,380,1615,,418,,t3_psyward
standard,41,r4,red,adc,射手,leiting,standard,1,1,7,1,11341,8636,8409,400.3,9.69,19.87,,2,1,1,2,2,234,531,327,459,3584,5731,7327,6253,560,,95,190,,228,,t3_shieldbreaker|t3_rendspear
standard,41,r5,red,sup,坦克,ironclad,standard,1,2,0,3,7244,19583,11959,569.2,6.8,12.58,15.71,4,1,2,3,4,660,1245,896,358,5160,8485,10876,6253,370,1140,142,190,17,418,2344,t3_calmveil|t3_thornmail
standard,42,b1,blue,top,戰士,fengbao,standard,0,0,2,0,13063,24530,10132,424.4,8.42,18.01,23.23,3,1,1,2,3,988,387,316,231,4138,5867,8546,6253,1190,,,950,,152,,t3_shieldbreaker|t3_finalstring
standard,42,b2,blue,jungle,戰士,ravager,standard,0,1,3,1,7645,17910,10320,432.2,8.69,16.8,23.22,3,1,1,2,3,675,564,409,469,3775,5994,8589,6253,456,570,285,,873,152,,t3_shieldbreaker|t3_finalstring
standard,42,b3,blue,mid,法師,mingyun2,standard,0,1,8,0,13075,15492,9562,400.5,10.55,17.83,,2,0,1,2,2,1542,277,417,481,3802,6177,8267,6253,817,570,,475,,152,,t3_psyward
standard,42,b4,blue,adc,射手,liangzi,standard,0,6,7,0,21486,11317,11864,496.9,10.06,18.58,21.86,3,0,1,2,3,1481,385,346,263,3641,5465,8296,6253,750,1140,,,,152,,t3_shieldbreaker|t3_rendspear
standard,42,b5,blue,sup,輔助,huanjing,standard,0,0,3,1,4588,16453,11685,489.4,6.42,11.79,16.93,4,1,2,3,4,879,402,806,234,4579,6882,9846,6253,319,,285,950,,152,1885,t3_calmveil
standard,42,r1,red,top,戰士,fengbao,standard,1,5,1,2,13617,26018,13605,569.9,9.36,15.43,19.62,4,1,1,3,4,1042,941,393,625,4192,6421,9993,6253,927,1710,285,380,,437,,t3_shieldbreaker|t3_finalstring
standard,42,r2,red,jungle,戰士,ravager,standard,1,4,0,1,11396,15332,13220,553.7,9.42,15.07,20.22,4,1,1,2,4,381,1774,2307,289,4131,7204,10257,6253,348,1140,142,380,1556,437,,t3_shieldbreaker|t3_finalstring
standard,42,r3,red,mid,法師,mingyun2,standard,1,6,3,2,16014,13105,13048,546.5,10.81,16.79,21.86,3,0,1,2,3,1276,657,368,968,3536,6557,9768,6253,703,1710,285,380,,437,,t3_psyward
standard,42,r4,red,adc,射手,liangzi,standard,1,8,3,0,25902,10557,14764,618.4,9.98,15.93,20.83,4,1,1,2,4,129,560,827,1864,3479,6240,9727,6253,804,1710,,617,,342,,t3_shieldbreaker|t3_rendspear
standard,42,r5,red,sup,輔助,huanjing,standard,1,0,1,5,6082,13623,12090,506.4,7.22,11.86,16.79,4,1,2,3,4,708,308,702,1130,4658,7338,9932,6253,180,,712,617,,247,1920,t3_calmveil
standard,43,b1,blue,top,戰士,rongyan,standard,0,0,1,0,10175,25110,8847,389.6,9.13,18.57,,2,1,1,2,2,633,602,430,547,3783,6082,7830,6253,874,,,475,,228,,t3_shieldbreaker|t3_finalstring
standard,43,b2,blue,jungle,戰士,dushe,standard,0,1,0,1,8428,14090,9902,436,8.53,17.13,22.63,3,1,1,2,3,166,1666,65,51,3916,6016,8615,6253,475,570,,,1088,228,,t3_shieldbreaker|t3_finalstring
standard,43,b3,blue,mid,法師,bingshuang,standard,0,2,5,1,12724,14576,10073,443.6,11.17,19.58,,2,0,1,2,2,1523,220,180,1092,3783,6120,8030,6253,931,,142,475,,228,,t3_psyward
standard,43,b4,blue,adc,射手,shengyan,standard,0,5,4,0,17207,10169,11040,486.2,9.07,18.49,22.37,3,1,1,2,3,424,235,845,139,3774,5615,8465,6253,826,1140,,,17,228,,t3_shieldbreaker|t3_rendspear
standard,43,b5,blue,sup,輔助,zhanchang,standard,0,1,1,1,4529,14846,11681,514.4,6.4,11.08,15.13,4,1,2,3,4,657,926,636,720,5257,7956,9866,6253,351,570,142,475,,228,1845,t3_calmveil
standard,43,r1,red,top,戰士,rongyan,standard,1,1,0,0,7575,23593,10750,473.4,8.7,17.14,20.51,3,1,1,2,3,757,681,1505,250,3907,6161,9505,6253,1143,570,,1235,,304,,t3_shieldbreaker|t3_finalstring
standard,43,r2,red,jungle,戰士,dushe,standard,1,1,0,0,10756,13907,10802,475.7,8.44,15.04,21.63,3,1,1,2,3,317,2003,1178,351,4067,6833,9428,6253,218,570,,285,1797,304,,t3_shieldbreaker|t3_finalstring
standard,43,r3,red,mid,法師,bingshuang,standard,1,4,4,1,18567,15116,12166,535.7,11.27,16.13,20.36,3,0,1,2,3,1542,359,476,655,3802,6589,9876,6253,1133,1140,285,760,,304,,t3_psyward
standard,43,r4,red,adc,射手,shengyan,standard,1,3,4,0,10897,10379,10342,455.4,10.12,19.38,,2,0,1,2,2,1395,278,1052,1441,3555,5658,8052,6253,639,570,,285,,304,,t3_shieldbreaker|t3_rendspear
standard,43,r5,red,sup,輔助,zhanchang,standard,1,2,1,1,6034,15402,11514,507.1,6.24,13.53,14.48,4,1,3,3,4,525,198,754,554,4525,8198,9984,6253,209,1140,,285,,304,1793,t3_calmveil
standard,44,b1,blue,top,戰士,embercoil,standard,0,0,4,0,7692,24689,8411,374.8,9.63,17.73,,2,1,1,2,2,386,472,501,330,3536,5522,7631,6253,712,,,475,,190,,t3_shieldbreaker|t3_finalstring
standard,44,b2,blue,jungle,戰士,jufeng,standard,0,1,4,0,10105,16771,9364,417.2,9.09,16.93,,2,1,1,2,2,797,1040,655,1133,3897,6520,8405,6253,389,570,,,907,285,,t3_shieldbreaker|t3_finalstring
standard,44,b3,blue,mid,法師,mingyun2,standard,0,2,4,0,17059,14383,10463,466.2,10.32,17.23,21.58,3,0,1,2,3,1514,701,413,312,3774,5731,9113,6253,1054,570,,950,,285,,t3_psyward
standard,44,b4,blue,adc,射手,mirrorshot,standard,0,5,5,0,18941,9769,11698,521.2,9.69,16.81,20.26,3,1,1,2,3,576,1048,890,1047,3926,6728,9740,6253,874,1710,,712,,190,,t3_shieldbreaker|t3_rendspear
standard,44,b5,blue,sup,坦克,thornwall,standard,0,0,3,0,7442,19538,10221,455.5,7.22,13.96,18.2,3,1,2,3,3,682,182,341,641,4582,6962,9441,6253,313,,,712,,190,1972,t3_calmveil|t3_thornmail
standard,44,r1,red,top,戰士,embercoil,standard,1,5,0,0,13075,24225,11771,524.5,7.68,14.78,19.21,3,1,2,3,3,218,243,340,921,4068,7393,9990,6253,962,2280,,190,,304,,t3_shieldbreaker|t3_finalstring
standard,44,r2,red,jungle,戰士,jufeng,standard,1,7,0,2,15541,14731,14299,637.2,6.83,13.63,16.93,4,1,2,3,4,1022,150,229,849,5722,8750,11629,6253,644,2850,142,190,1244,304,,t3_shieldbreaker|t3_finalstring
standard,44,r3,red,mid,法師,mingyun2,standard,1,5,3,2,16224,12208,13531,602.9,11.18,15.21,20.23,3,0,1,2,3,1457,1207,1214,1451,3717,7707,10614,6253,921,1710,285,1140,,304,,t3_psyward
standard,44,r4,red,adc,射手,mirrorshot,standard,1,2,5,2,14833,9108,9874,440,9.13,17.81,,2,1,1,2,2,386,336,444,1323,3736,6016,7764,6253,731,,285,190,,304,,t3_shieldbreaker|t3_rendspear
standard,44,r5,red,sup,坦克,thornwall,standard,1,1,0,5,7438,18737,11396,507.8,7.37,11.16,16.92,3,1,2,3,3,424,666,429,1416,5224,7906,9809,6253,311,570,427,190,,304,1752,t3_calmveil|t3_thornmail
standard,45,b1,blue,top,戰士,cinderfist,standard,0,1,0,0,18518,29597,10640,439.5,8.44,18.49,23.53,3,1,1,2,3,703,121,76,1040,3853,5601,7776,6253,848,,,332,,342,,t3_shieldbreaker|t3_finalstring
standard,45,b2,blue,jungle,戰士,langwang,standard,0,4,2,0,9915,16549,12289,507.6,8.73,16.9,20.91,3,1,1,2,3,1067,700,1124,939,4167,6130,9674,6253,405,1140,,95,1438,342,,t3_shieldbreaker|t3_finalstring
standard,45,b3,blue,mid,法師,bingshuang,standard,0,7,7,1,13762,17264,14149,584.5,9.85,16.96,20.88,4,1,1,2,4,202,586,1125,318,4052,7086,10525,6253,1269,1710,142,807,,342,,t3_psyward
standard,45,b4,blue,adc,射手,dujian,standard,0,10,9,3,31098,11835,15407,636.4,9.76,18.41,20.39,4,1,1,2,4,300,578,2313,1557,3650,5658,11213,6253,658,2850,712,570,17,152,,t3_shieldbreaker|t3_rendspear
standard,45,b5,blue,sup,輔助,xuemai,standard,0,0,1,4,8664,18207,12037,497.2,6.58,12.22,16.25,4,1,2,3,4,2130,911,646,586,4630,7461,9686,6253,199,,285,570,,342,2036,t3_calmveil
standard,45,r1,red,top,戰士,cinderfist,standard,1,2,1,0,23177,26533,11004,454.6,8.79,16.29,22.01,3,1,1,2,3,842,1058,503,624,3992,6538,9103,6253,1178,1140,,190,,342,,t3_shieldbreaker|t3_finalstring
standard,45,r2,red,jungle,戰士,langwang,standard,1,1,2,0,7080,17033,10817,446.8,9.28,16.52,22.13,3,1,1,2,3,139,769,354,1266,3889,6199,8604,6253,224,570,,190,1214,152,,t3_shieldbreaker|t3_finalstring
standard,45,r3,red,mid,法師,bingshuang,standard,1,9,7,0,17799,17957,14757,609.6,9.54,16.29,20.39,4,1,1,2,4,1076,947,1467,1106,4926,7447,10867,6253,946,2850,,665,,152,,t3_psyward
standard,45,r4,red,adc,射手,dujian,standard,1,7,7,2,22061,10855,13405,553.7,9.67,17.89,20.88,4,1,1,2,4,186,472,615,504,3536,6152,9515,6253,734,1710,285,190,,342,,t3_shieldbreaker|t3_rendspear
standard,45,r5,red,sup,輔助,xuemai,standard,1,0,5,2,8191,17624,12468,515,6.71,11.48,17.16,4,1,2,3,4,509,468,501,1507,4509,7198,9731,6253,221,,285,190,,152,2628,t3_calmveil
standard,46,b1,blue,top,戰士,leimingcf,standard,1,1,2,0,8925,22954,10580,457.7,9.78,16.25,21.8,3,1,1,2,3,500,450,491,979,3650,5930,8191,6253,931,570,,285,,152,,t3_shieldbreaker|t3_finalstring
standard,46,b2,blue,jungle,戰士,tielian,standard,1,1,2,0,6742,14993,10136,438.5,9.84,17.35,22.43,3,1,1,2,3,155,1104,161,586,3905,6234,8111,6253,291,,,285,1129,152,,t3_shieldbreaker|t3_finalstring
standard,46,b3,blue,mid,法師,mingyun2,standard,1,1,7,0,12705,15844,9434,408.1,11.05,19.83,,2,0,1,2,2,1580,87,71,453,3840,5987,7621,6253,931,,,285,,152,,t3_psyward
standard,46,b4,blue,adc,射手,tianfa,standard,1,11,2,1,30749,10750,15653,677.1,9.19,15.33,18.88,4,1,1,3,4,851,1238,411,1802,4201,6918,11611,6253,931,3990,,285,,152,,t3_shieldbreaker|t3_rendspear
standard,46,b5,blue,sup,輔助,fengshen,standard,1,1,2,0,5121,16670,11686,505.5,6.23,12.01,15.64,4,1,2,3,4,527,633,1587,1185,5127,7663,10247,6253,259,570,,1235,,152,1777,t3_calmveil
standard,46,r1,red,top,戰士,leimingcf,standard,0,4,0,0,18824,24033,12770,552.4,9.16,15.33,20.16,3,1,1,2,3,433,1165,1997,1369,4233,6645,10597,6253,1273,1140,,1425,68,437,,t3_shieldbreaker|t3_finalstring
standard,46,r2,red,jungle,戰士,tielian,standard,0,3,3,1,9646,18337,11332,490.2,8.81,15.63,20.66,3,1,1,2,3,1274,999,1477,401,4374,6429,10027,6253,275,1710,285,,1161,342,,t3_shieldbreaker|t3_finalstring
standard,46,r3,red,mid,法師,mingyun2,standard,0,5,4,0,14021,14042,12515,541.4,10.47,18.5,21.72,3,0,1,2,3,1666,302,247,914,3926,5902,9227,6253,1206,570,,950,,247,,t3_psyward
standard,46,r4,red,adc,射手,tianfa,standard,0,3,5,0,13234,10114,10184,440.5,9.73,18.93,22.75,3,1,1,2,3,186,104,61,184,3536,5484,8011,6253,750,570,,,,437,,t3_shieldbreaker|t3_rendspear
standard,46,r5,red,sup,輔助,fengshen,standard,0,0,3,0,6048,15535,10515,454.9,7.48,12.31,18.87,3,1,2,3,3,573,445,165,1284,4573,6925,9395,6253,332,,,475,,437,1896,t3_calmveil
standard,47,b1,blue,top,戰士,jufeng,standard,0,4,0,1,10892,26583,12158,518.3,7.97,15.73,19.26,3,1,1,3,3,554,1477,473,708,4404,7007,10123,6253,981,1710,285,665,,228,,t3_shieldbreaker|t3_finalstring
standard,47,b2,blue,jungle,戰士,greymantle,standard,0,1,4,0,11396,18510,10179,433.9,10.33,16.27,23.29,3,0,1,2,3,2150,592,391,98,4150,6072,8691,6253,372,570,,190,1077,228,,t3_shieldbreaker|t3_finalstring
standard,47,b3,blue,mid,法師,bingshuang,standard,0,2,1,0,17486,13843,10284,438.4,10.75,18.44,,2,0,1,2,2,1466,290,307,883,3726,5740,8457,6253,741,570,,665,,228,,t3_psyward
standard,47,b4,blue,adc,射手,dawnstrike,standard,0,4,4,1,16614,11164,11488,489.7,9.38,18.38,21.04,3,1,1,2,3,564,438,628,1007,3914,6118,9528,6253,810,1710,285,190,51,228,,t3_shieldbreaker|t3_rendspear
standard,47,b5,blue,sup,坦克,stoneguard,standard,0,0,2,3,5646,19443,11745,500.7,7.33,11.93,17.62,4,1,2,3,4,1240,70,414,145,4840,7310,10394,6253,286,,855,190,,228,2580,t3_calmveil|t3_thornmail
standard,47,r1,red,top,戰士,jufeng,standard,1,1,0,1,10616,25309,11737,500.3,8.24,16.34,21.26,3,1,1,2,3,709,277,622,1787,3859,5807,8372,6253,1178,,142,475,,323,,t3_shieldbreaker|t3_finalstring
standard,47,r2,red,jungle,戰士,greymantle,standard,1,2,3,1,9708,15742,11688,498.3,8.07,16.35,20.21,3,1,1,2,3,874,926,993,1308,3974,6406,9593,6253,275,1140,285,,1411,228,,t3_shieldbreaker|t3_finalstring
standard,47,r3,red,mid,法師,bingshuang,standard,1,1,3,0,18335,13525,9989,425.8,10.52,19.93,,2,0,1,2,2,1466,45,114,589,3726,5645,8144,6253,997,570,,,,323,,t3_psyward
standard,47,r4,red,adc,射手,dawnstrike,standard,1,6,4,1,22335,9697,12918,550.7,8.79,16.67,22.32,3,1,1,2,3,1073,472,444,1718,4423,6152,9344,6253,867,1140,285,475,,323,,t3_shieldbreaker|t3_rendspear
standard,47,r5,red,sup,坦克,stoneguard,standard,1,1,1,1,6041,21233,11578,493.6,6.92,14.64,17.54,3,1,2,3,3,622,260,904,1598,4522,7040,10284,6253,177,570,142,475,,323,2342,t3_calmveil|t3_thornmail
standard,48,b1,blue,top,戰士,anliuyouXia,standard,0,0,2,1,5885,24297,8823,397.1,8.73,17.85,,2,1,1,2,2,500,362,185,543,3650,5892,8115,6253,684,,285,570,,323,,t3_shieldbreaker|t3_finalstring
standard,48,b2,blue,jungle,刺客,miwu,standard,0,2,4,0,5860,9156,10368,466.7,8.65,15.91,21.43,3,1,1,2,3,175,966,869,387,4075,6116,8999,6253,541,570,,95,1216,323,,t3_finalstring
standard,48,b3,blue,mid,法師,lieyan,standard,0,3,2,1,21354,13928,11559,520.3,8.98,17.19,21.35,3,1,1,2,3,579,495,1216,1409,4429,6975,9616,6253,1235,1710,,95,,323,,t3_psyward
standard,48,b4,blue,adc,射手,yanfeng,standard,0,4,9,0,12371,10039,10334,465.1,10.06,18.19,20.98,3,0,1,2,3,2184,298,168,633,4344,5978,9018,6253,731,1710,,95,,228,,t3_shieldbreaker|t3_rendspear
standard,48,b5,blue,sup,坦克,bingshouweis,standard,0,0,2,2,5584,17706,10834,487.6,7.22,13.13,17.92,3,1,2,3,3,796,202,508,1253,4696,7582,10088,6253,380,,570,570,17,323,1974,t3_calmveil|t3_thornmail
standard,48,r1,red,top,戰士,anliuyouXia,standard,1,1,0,2,7521,22275,10954,493.1,9.84,16.88,19.52,3,1,1,3,3,367,999,242,404,3517,6529,9892,6253,712,570,570,1520,,266,,t3_shieldbreaker|t3_finalstring
standard,48,r2,red,jungle,刺客,miwu,standard,1,0,2,1,6136,11049,9811,441.6,8.23,15.89,,2,1,1,2,2,790,1105,378,1431,3990,6435,8758,6253,171,,142,253,1672,266,,t3_finalstring
standard,48,r3,red,mid,法師,lieyan,standard,1,1,4,1,13276,12216,9273,417.4,12.2,20.01,,2,0,1,1,2,1466,220,1140,1422,3726,5550,7640,6253,931,,285,95,,76,,t3_psyward
standard,48,r4,red,adc,射手,yanfeng,standard,1,14,3,0,27062,10946,16762,754.5,9.11,13.26,16.23,5,1,2,4,5,149,143,364,1162,4629,9043,13584,6253,636,5700,,728,,266,,t3_shieldbreaker|t3_rendspear
standard,48,r5,red,sup,坦克,bingshouweis,standard,1,3,0,1,5698,18978,11537,519.3,7.71,11.6,15.5,3,1,2,3,3,297,1382,494,1557,4497,8622,10474,6253,209,1710,142,253,,266,1640,t3_calmveil|t3_thornmail
standard,49,b1,blue,top,戰士,tielian,standard,0,13,31,1,70704,111780,29085,507.1,8.4,19,24.4,5,1,1,2,5,192,778,612,13784,3992,5778,8362,6253,1083,,,950,,76,,t3_shieldbreaker|t3_finalstring
standard,49,b2,blue,jungle,刺客,jueying,standard,0,8,21,1,31295,49900,27627,481.7,9.38,18.13,26.75,5,1,1,2,5,611,1241,525,12376,3811,5871,7675,6253,351,,,,994,76,,t3_finalstring
standard,49,b3,blue,mid,法師,shikong,standard,0,33,27,2,144004,56080,40741,710.4,8.95,16.97,24.39,5,1,1,2,5,389,646,132,24591,4239,7146,8932,6253,988,1140,,475,,76,,t3_psyward
standard,49,b4,blue,adc,射手,siwang,standard,0,54,27,2,513826,40800,51514,898.2,10.13,19.07,22.14,5,0,1,2,5,1443,309,1163,35914,3603,5389,8163,6253,693,1140,,,,76,,t3_shieldbreaker|t3_rendspear
standard,49,b5,blue,sup,輔助,mingyun,standard,0,3,15,10,37666,67001,26619,464.2,5.98,10.03,14.85,5,1,3,3,5,872,134,1021,13419,5722,8294,10061,6253,532,1140,,475,,76,1584,t3_calmveil
standard,49,r1,red,top,戰士,tielian,standard,1,28,26,1,95233,122754,37898,660.8,8.62,14.09,19.12,5,1,2,3,5,804,460,441,22597,3954,7260,11421,6253,1197,2850,,665,,456,,t3_shieldbreaker|t3_finalstring
standard,49,r2,red,jungle,刺客,jueying,standard,1,10,13,0,41820,50724,29972,522.6,9.41,15.92,20.93,5,1,1,2,5,386,1787,1076,14721,4536,7067,9406,6253,209,570,,427,1489,456,,t3_finalstring
standard,49,r3,red,mid,法師,shikong,standard,1,36,34,3,133759,58534,42866,747.5,11.5,16.33,20.95,5,0,1,2,5,1504,95,796,26716,3764,6595,10196,6253,1064,1710,285,427,,456,,t3_psyward
standard,49,r4,red,adc,射手,siwang,standard,1,44,23,2,403241,36792,46521,811.2,10.02,18.77,22.26,5,0,1,2,5,1481,256,995,30920,3641,5636,8315,6253,560,570,285,190,,456,,t3_shieldbreaker|t3_rendspear
standard,49,r5,red,sup,輔助,mingyun,standard,1,3,15,12,33471,60593,28960,505,6.82,12.78,16.91,5,1,2,3,5,292,560,1134,15759,4592,7590,10174,6253,199,,285,1140,,456,1839,t3_calmveil
standard,50,b1,blue,top,戰士,longyi,standard,1,2,6,4,17134,40524,14422,466.2,9.13,17.74,22.17,4,1,1,2,4,481,210,505,921,3631,5740,8555,6253,677,570,427,285,,342,,t3_shieldbreaker|t3_finalstring
standard,50,b2,blue,jungle,刺客,anye,standard,1,0,6,2,12960,17724,13281,429.3,9.32,16.81,24.72,4,1,1,2,4,728,1247,393,480,3928,6227,8293,6253,297,,142,285,1162,152,,t3_finalstring
standard,50,b3,blue,mid,法師,lieyan,standard,1,16,12,0,34901,25413,21954,709.7,10.11,17.23,20.7,5,0,1,2,5,1561,429,875,5804,3821,6329,10275,6253,1209,1710,,760,,342,,t3_psyward
standard,50,b4,blue,adc,射手,maestro,standard,1,17,9,0,81079,16213,21676,700.7,8.95,18.29,22.08,5,1,1,2,5,490,550,363,6075,3840,5930,8913,6253,893,1140,,285,,342,,t3_shieldbreaker|t3_rendspear
standard,50,b5,blue,sup,坦克,suishan,standard,1,2,5,3,8030,33184,16807,543.3,6.48,12.63,17.2,5,1,2,3,5,477,192,721,3207,4677,7432,10701,6253,228,570,,760,,342,2547,t3_calmveil|t3_thornmail
standard,50,r1,red,top,戰士,longyi,standard,0,2,4,0,12814,33912,13031,421.2,9.38,15.83,23.16,4,1,1,2,4,329,1065,301,480,3479,6595,8951,6253,722,1140,,570,,266,,t3_shieldbreaker|t3_finalstring
standard,50,r2,red,jungle,刺客,anye,standard,0,5,5,3,13195,18781,16944,547.7,9.03,15.8,18.71,5,1,1,3,5,868,1317,910,1643,4068,6647,11090,6253,468,1710,570,332,1489,266,,t3_finalstring
standard,50,r3,red,mid,法師,lieyan,standard,0,13,12,1,36621,25539,19218,621.3,10.38,17.23,22.08,5,0,1,2,5,1526,246,1338,3068,3786,6446,9838,6253,1323,1710,142,332,,76,,t3_psyward
standard,50,r4,red,adc,射手,maestro,standard,0,18,12,1,69838,14978,22483,726.8,10.36,19.68,22.84,5,0,1,2,5,1424,271,175,6883,3584,5351,8125,6253,655,570,285,95,,266,,t3_shieldbreaker|t3_rendspear
standard,50,r5,red,sup,坦克,suishan,standard,0,0,4,6,11503,41779,15395,497.7,6.54,13.62,17.83,5,1,2,3,5,657,272,377,1795,4557,6932,10357,6253,212,,427,570,,266,2627,t3_calmveil|t3_thornmail
standard,51,b1,blue,top,戰士,chichuan,standard,0,0,3,0,11959,27840,9171,392.5,9.3,17.15,,2,1,1,2,2,842,241,358,571,3992,5721,8058,6253,1083,,,475,,247,,t3_shieldbreaker|t3_finalstring
standard,51,b2,blue,jungle,刺客,hundun,standard,0,1,5,1,9249,11614,9912,424.2,10.46,19.15,,2,0,1,2,2,1664,228,448,882,3874,5778,8248,6253,437,,285,,1026,247,,t3_psyward
standard,51,b3,blue,mid,法師,shikong,standard,0,5,6,0,16244,15626,12525,536,9.48,16.08,20.62,3,1,1,2,3,465,429,1105,1274,4315,6909,10405,6253,1244,2280,,475,,152,,t3_psyward
standard,51,b4,blue,adc,射手,huanying,standard,0,12,9,1,28265,14266,16040,686.4,9.44,16.12,17.91,4,1,1,3,4,405,919,615,2539,3755,6719,12115,6253,864,3990,285,475,,247,,t3_shieldbreaker|t3_rendspear
standard,51,b5,blue,sup,坦克,tieshixin,standard,0,0,4,2,7473,22169,10763,460.6,7.31,12.73,18.41,3,1,2,3,3,211,253,504,1283,4611,6933,9384,6253,208,,285,475,,247,1915,t3_calmveil|t3_thornmail
standard,51,r1,red,top,戰士,chichuan,standard,1,5,2,2,15066,29200,12702,543.6,8.87,17.62,19.63,3,1,1,3,3,719,912,174,1301,3869,6392,9774,6253,936,1710,285,285,,304,,t3_shieldbreaker|t3_finalstring
standard,51,r2,red,jungle,刺客,hundun,standard,1,3,2,3,7393,13106,12807,548.1,10.43,15.8,22.13,3,0,1,2,3,1767,1266,782,957,3977,6816,9712,6253,213,570,380,285,1706,304,,t3_psyward
standard,51,r3,red,mid,法師,shikong,standard,1,9,4,2,21662,14983,15381,658.2,9.45,15.12,19.52,4,1,1,3,4,240,1602,725,1550,4790,8102,11275,6253,775,2850,95,997,,304,,t3_psyward
standard,51,r4,red,adc,射手,huanying,standard,1,9,7,0,27609,12193,14841,635.1,9.51,16.58,18.89,4,1,1,3,4,299,581,149,991,3649,6261,11049,6253,644,2850,,997,,304,,t3_shieldbreaker|t3_rendspear
standard,51,r5,red,sup,坦克,tieshixin,standard,1,1,3,5,7818,18955,13285,568.5,6.53,12.81,17.08,4,1,2,3,4,470,499,325,1805,4570,7199,10205,6253,203,,665,285,,304,2494,t3_calmveil|t3_thornmail
standard,52,b1,blue,top,戰士,xueyue,standard,0,1,4,0,4857,23574,8686,396.3,8.89,18.52,,2,1,1,2,2,516,851,156,456,3666,5851,8036,6253,661,570,,475,,76,,t3_shieldbreaker|t3_finalstring
standard,52,b2,blue,jungle,刺客,razorwing,standard,0,0,3,0,2149,10340,8691,396.5,9.01,16.44,,2,1,1,2,2,794,580,512,610,3994,6160,7942,6253,475,,,,1137,76,,t3_finalstring
standard,52,b3,blue,mid,法師,lieyan,standard,0,0,4,1,13981,13261,8775,400.4,10.49,18.34,,2,0,1,2,2,1428,263,494,374,3688,5693,8144,6253,1054,,285,475,,76,,t3_psyward
standard,52,b4,blue,adc,射手,guangsu,standard,0,5,5,0,9147,9931,10371,473.2,11.1,16.95,,2,0,1,2,2,1329,465,350,1520,3489,5845,8600,6253,560,1710,,,,76,,t3_shieldbreaker|t3_rendspear
standard,52,b5,blue,sup,輔助,shiguang,standard,0,1,1,0,6386,16799,11439,521.9,6.28,11.63,14.85,4,1,3,3,4,652,288,798,558,4652,7988,9838,6253,592,570,,475,26,76,1845,t3_calmveil
standard,52,r1,red,top,戰士,xueyue,standard,1,4,0,0,8682,18054,11444,522.2,7.88,17.19,19.75,3,1,1,3,3,149,1058,182,644,4249,6538,10262,6253,655,2280,,427,,646,,t3_shieldbreaker|t3_finalstring
standard,52,r2,red,jungle,刺客,razorwing,standard,1,1,1,1,4477,9629,10300,470,8.28,16.12,,2,1,1,2,2,378,961,1126,1969,4228,6541,9456,6253,323,570,285,190,1283,551,,t3_finalstring
standard,52,r3,red,mid,法師,lieyan,standard,1,2,2,0,13040,13577,11454,522.6,8.88,16.17,,2,1,1,2,2,684,333,139,2053,4534,6833,9189,6253,1102,570,,902,,361,,t3_psyward
standard,52,r4,red,adc,射手,guangsu,standard,1,10,3,1,24042,8355,14712,671.3,9.13,14.86,21.02,4,1,2,2,4,500,87,3745,1812,3850,7707,12295,6253,693,3990,285,427,,646,,t3_shieldbreaker|t3_rendspear
standard,52,r5,red,sup,輔助,shiguang,standard,1,0,1,2,5912,11778,11300,515.6,5.81,11.88,16.32,4,1,2,3,4,801,647,2133,900,4801,7677,10593,6253,494,,570,902,,456,1917,t3_calmveil
standard,53,b1,blue,top,戰士,langwang,standard,0,2,4,1,9385,27418,9983,438.2,9.38,17.53,21.93,3,1,1,2,3,614,659,826,382,3764,6139,9056,6253,1045,1140,142,475,,0,,t3_shieldbreaker|t3_finalstring
standard,53,b2,blue,jungle,刺客,jingxiang,standard,0,0,5,1,2287,8966,8662,380.2,8.73,19.95,,2,1,1,2,2,513,59,152,582,3713,5639,7582,6253,294,,142,,891,0,,t3_finalstring
standard,53,b3,blue,mid,法師,auralith,standard,0,2,5,2,14777,16210,11522,505.7,9.66,16.69,21.6,3,1,1,2,3,769,57,907,871,4619,6557,9987,6253,1406,570,427,950,,380,,t3_psyward
standard,53,b4,blue,adc,射手,mori,standard,0,6,7,0,17916,10629,11826,519,7.27,17.7,20.85,3,1,1,2,3,353,659,871,225,4353,6339,9721,6253,950,2280,,237,,0,,t3_shieldbreaker|t3_rendspear
standard,53,b5,blue,sup,輔助,fuwenbianzhi,standard,0,1,7,1,3379,17293,10427,457.7,6.34,12.73,17.34,3,1,2,3,3,216,303,447,1386,4516,7033,9487,6253,142,570,142,237,,0,2140,t3_calmveil
standard,53,r1,red,top,戰士,langwang,standard,1,6,0,0,9148,22575,14169,621.9,9.16,13.16,16.67,4,1,2,3,4,785,248,816,1188,3935,8248,12216,6253,988,2850,,1567,,557,,t3_shieldbreaker|t3_finalstring
standard,53,r2,red,jungle,刺客,jingxiang,standard,1,6,2,2,10395,10027,14100,618.9,9.17,12.62,18.66,4,1,2,4,4,575,1325,115,1349,4425,8275,12565,6253,76,3420,427,380,1704,304,,t3_finalstring
standard,53,r3,red,mid,法師,auralith,standard,1,2,1,2,14124,12173,10800,474,11.24,17.77,,2,0,1,2,2,1447,248,950,1400,3707,5848,8980,6253,741,570,427,380,51,557,,t3_psyward
standard,53,r4,red,adc,射手,mori,standard,1,14,7,4,37311,12048,17788,780.8,9.43,14.03,18.76,4,1,2,3,4,206,564,151,3938,4686,7564,11351,6253,598,2850,712,380,,557,,t3_shieldbreaker|t3_rendspear
standard,53,r5,red,sup,輔助,fuwenbianzhi,standard,1,0,1,6,5566,12085,11960,524.9,6.15,13.6,16.27,4,1,2,3,4,630,526,1290,1559,4630,7556,10330,6253,218,,997,617,,304,1939,t3_calmveil
standard,54,b1,blue,top,戰士,kuangfeng,standard,0,2,2,0,8837,19814,8792,421,9.04,16.37,,2,1,1,2,2,405,248,721,441,3555,5298,8471,6253,584,1140,,95,,399,,t3_shieldbreaker|t3_finalstring
standard,54,b2,blue,jungle,刺客,sting,standard,0,1,4,1,5758,10130,8617,412.6,9.41,17.12,,2,1,1,2,2,456,464,1155,237,3656,6094,8335,6253,232,570,142,95,737,304,,t3_finalstring
standard,54,b3,blue,mid,法師,xingjie,standard,0,0,1,0,11291,11729,8246,394.8,11,19.53,,2,0,1,2,2,1438,205,413,215,3698,5655,7963,6253,978,,,332,,399,,t3_psyward
standard,54,b4,blue,adc,射手,leiting,standard,0,9,0,3,26793,9697,15165,726.2,7.87,15.12,17.4,4,1,1,4,4,167,2065,368,2265,4467,7745,13268,6253,1054,3990,712,807,51,399,,t3_shieldbreaker|t3_rendspear
standard,54,b5,blue,sup,坦克,ironclad,standard,0,3,1,0,4869,18938,11252,538.8,6.57,9.88,14.61,3,2,3,3,3,183,200,990,1272,6383,8800,10970,6253,342,1710,,95,,399,2170,t3_calmveil|t3_thornmail
standard,54,r1,red,top,戰士,kuangfeng,standard,1,4,1,0,14140,23526,11590,555,8.46,12.73,18.15,3,1,2,3,3,465,1106,267,739,4315,8856,11117,6253,1691,2280,,665,,228,,t3_shieldbreaker|t3_finalstring
standard,54,r2,red,jungle,刺客,sting,standard,1,1,3,1,4421,10346,10175,487.2,7.26,16.24,20.87,3,1,1,2,3,1021,1602,1322,174,4221,7232,9702,6253,114,570,142,665,1729,228,,t3_finalstring
standard,54,r3,red,mid,法師,xingjie,standard,1,1,4,0,10375,11581,9462,453.1,10.39,16.43,,2,0,1,2,2,1789,422,239,411,4049,6652,8989,6253,1273,570,,665,,228,,t3_psyward
standard,54,r4,red,adc,射手,leiting,standard,1,2,6,0,15196,7963,9072,434.4,9.91,19.07,,2,1,1,2,2,262,651,1030,1122,3612,5731,8030,6253,788,570,,190,,228,,t3_shieldbreaker|t3_rendspear
standard,54,r5,red,sup,坦克,ironclad,standard,1,0,1,2,6369,17898,10385,497.3,6.27,12.17,17.3,3,1,2,3,3,196,534,532,404,4696,7774,9912,6253,313,,427,190,,228,2500,t3_calmveil|t3_thornmail
standard,55,b1,blue,top,戰士,greymantle,standard,1,3,1,2,10323,27593,11980,491.6,8.44,16.03,21.64,3,1,1,2,3,595,1087,419,579,3745,6567,8419,6253,893,570,285,190,,228,,t3_shieldbreaker|t3_finalstring
standard,55,b2,blue,jungle,刺客,yingsi,standard,1,3,0,1,6123,12741,12135,498,8.71,15.16,20.8,3,1,1,2,3,788,1839,1011,1705,3988,7419,9341,6253,459,1140,,190,1070,228,,t3_finalstring
standard,55,b3,blue,mid,法師,auralith,standard,1,6,2,1,15704,14811,15197,623.7,10.38,16.31,20.43,4,0,1,2,4,1593,184,1020,796,3853,6684,10420,6253,1374,1140,285,1140,,228,,t3_psyward
standard,55,b4,blue,adc,射手,liangzi,standard,1,11,6,1,32063,11937,15995,656.4,8.02,17.08,20.81,4,1,1,2,4,816,605,874,2774,4166,6285,9774,6253,775,1710,142,665,,228,,t3_shieldbreaker|t3_rendspear
standard,55,b5,blue,sup,輔助,huanjing,standard,1,2,1,6,6832,18624,13370,548.7,5.98,12.52,16.77,5,1,2,3,5,207,772,1558,170,5057,7802,10598,6253,259,1140,712,190,,228,1814,t3_calmveil
standard,55,r1,red,top,戰士,greymantle,standard,0,0,3,1,8340,26583,10061,412.9,8.35,16.71,23.24,3,1,1,2,3,747,1177,441,160,3897,6177,8191,6253,931,,285,570,,152,,t3_shieldbreaker|t3_finalstring
standard,55,r2,red,jungle,刺客,yingsi,standard,0,1,5,0,10581,12173,10790,442.8,8.73,14.48,21.35,3,1,2,2,3,296,452,955,140,4146,7102,9035,6253,304,570,,95,1660,152,,t3_finalstring
standard,55,r3,red,mid,法師,auralith,standard,0,1,5,0,18319,14960,10450,428.9,10.97,18.44,,2,0,1,2,2,1504,306,86,1570,3764,5636,8486,6253,1130,,,570,,532,,t3_psyward
standard,55,r4,red,adc,射手,liangzi,standard,0,8,7,0,24012,12673,14231,584,10.2,16.8,19.21,4,0,1,3,4,1566,655,311,1311,3726,6035,9911,6253,845,1710,,570,,532,,t3_shieldbreaker|t3_rendspear
standard,55,r5,red,sup,輔助,huanjing,standard,0,0,5,1,4264,18558,10344,424.5,6.68,12.68,18.23,3,1,2,3,3,601,398,346,1303,4601,6878,8626,6253,285,,,95,,152,1841,t3_calmveil
standard,56,b1,blue,top,戰士,ravager,standard,0,8,1,0,28444,38428,18252,564.2,8.34,17.5,20.39,5,1,1,2,5,684,976,1143,2951,3834,6456,9743,6253,1019,1140,,665,,665,,t3_shieldbreaker|t3_finalstring
standard,56,b2,blue,jungle,刺客,youming,standard,0,1,4,4,11532,19169,14868,459.6,8.63,17.08,22,4,1,1,2,4,602,1864,886,1517,3802,6194,9216,6253,171,570,427,190,1129,475,,t3_finalstring
standard,56,b3,blue,mid,法師,xingjie,standard,0,22,10,0,53552,23938,25535,789.3,9.47,16.15,17.94,5,1,1,3,5,497,636,764,9385,4347,6836,12194,6253,810,3420,,1140,,570,,t3_psyward
standard,56,b4,blue,adc,射手,shengyan,standard,0,17,14,0,76249,18655,22074,682.3,10.09,18.13,21.33,5,0,1,2,5,1332,587,860,6473,3492,5667,9410,6253,687,1140,,665,,665,,t3_shieldbreaker|t3_rendspear
standard,56,b5,blue,sup,輔助,zhanchang,standard,0,1,3,3,9260,22671,14696,454.3,6.88,12.28,19.05,5,1,2,3,5,20,756,1188,1495,4620,7786,10228,6253,351,570,427,190,,665,1770,t3_calmveil
standard,56,r1,red,top,戰士,ravager,standard,1,4,8,1,18356,45775,15312,473.3,7.75,17.12,21.73,4,1,1,2,4,815,613,717,1861,3965,6093,9317,6253,1190,570,285,950,68,0,,t3_shieldbreaker|t3_finalstring
standard,56,r2,red,jungle,刺客,youming,standard,1,6,6,2,16962,23851,17065,527.5,8.98,15.23,20.29,5,1,1,2,5,113,2011,1630,1814,4563,7591,9960,6253,228,1710,285,,1484,0,,t3_finalstring
standard,56,r3,red,mid,法師,xingjie,standard,1,9,13,1,27172,23836,18328,566.5,10.7,17.9,22.67,5,0,1,2,5,1542,252,1424,2177,3802,5702,9274,6253,1121,1140,285,475,,0,,t3_psyward
standard,56,r4,red,adc,射手,shengyan,standard,1,12,15,1,49625,17915,18983,586.8,10.27,19.48,22.38,5,0,1,2,5,1433,423,944,3383,3593,5503,7944,6253,646,570,,475,,0,,t3_shieldbreaker|t3_rendspear
standard,56,r5,red,sup,輔助,zhanchang,standard,1,1,7,5,13111,30783,15626,483,7.38,12.33,16.38,5,1,2,3,5,456,469,692,2425,4456,7499,9732,6253,272,570,285,475,,0,1876,t3_calmveil
standard,57,b1,blue,top,戰士,leimingcf,standard,0,1,3,0,10846,28879,9345,402.4,9.36,16.9,,2,1,1,2,2,519,1037,189,694,3669,6567,8239,6253,788,570,,285,,342,,t3_shieldbreaker|t3_finalstring
standard,57,b2,blue,jungle,刺客,yueying,standard,0,2,3,0,7489,13939,10625,457.5,8.9,16.13,22.1,3,1,1,2,3,831,787,452,144,4031,6417,8832,6253,440,570,,285,941,342,,t3_finalstring
standard,57,b3,blue,mid,法師,auralith,standard,0,9,4,0,19152,15209,14361,618.3,9.09,15.24,19.19,4,1,1,3,4,440,1112,1641,1010,4990,7612,12191,6253,1035,3990,,760,,152,,t3_psyward
standard,57,b4,blue,adc,射手,xingchen,standard,0,6,7,1,22612,10374,12670,545.5,10.11,16.1,20.16,3,0,1,2,3,1553,769,1600,1290,3713,6449,10500,6253,766,2280,285,522,51,342,,t3_shieldbreaker|t3_rendspear
standard,57,b5,blue,sup,坦克,thornwall,standard,0,0,2,1,6591,20749,11042,475.4,6.82,12.14,19.7,4,1,2,3,4,143,311,136,141,4943,7551,9936,6253,237,,285,997,,342,1820,t3_calmveil|t3_thornmail
standard,57,r1,red,top,戰士,leimingcf,standard,1,2,1,0,13398,28282,11397,490.7,7.42,16.44,20.13,3,1,1,2,3,503,1160,1527,546,4353,6690,10177,6253,997,1140,,1520,,266,,t3_shieldbreaker|t3_finalstring
standard,57,r2,red,jungle,刺客,yueying,standard,1,3,3,0,10434,14212,12263,528,9.12,15.18,20.37,3,1,1,2,3,41,1288,2391,1132,4241,6918,10771,6253,437,1710,,570,1534,266,,t3_finalstring
standard,57,r3,red,mid,法師,auralith,standard,1,2,7,1,18855,13183,9877,425.3,10.86,19.63,,2,0,1,2,2,1457,154,199,476,3717,6054,8049,6253,769,570,285,95,,76,,t3_psyward
standard,57,r4,red,adc,射手,xingchen,standard,1,10,6,3,29340,10476,15624,672.7,8.69,13.68,18.03,4,1,2,3,4,718,434,2694,1774,4068,7754,12694,6253,760,3990,855,570,,266,,t3_shieldbreaker|t3_rendspear
standard,57,r5,red,sup,坦克,thornwall,standard,1,2,1,1,4848,25450,13124,565.1,7.36,11.75,16.53,4,1,2,4,4,344,791,190,924,4544,8031,11790,6253,342,1140,285,1045,51,266,2407,t3_calmveil|t3_thornmail
standard,58,b1,blue,top,坦克,tiankong,standard,0,1,1,3,17357,38879,14109,457.3,7.02,12.75,19.73,5,1,2,3,5,365,451,168,459,4315,6861,8818,6253,779,570,285,665,,266,,t3_calmveil|t3_thornmail
standard,58,b2,blue,jungle,戰士,tielian,standard,0,0,5,0,14035,25518,12827,415.8,7.8,16.24,24.02,4,1,1,2,4,273,1289,234,426,4073,6469,8234,6253,788,,,190,736,266,,t3_finalstring|t3_shieldbreaker
standard,58,b3,blue,mid,法師,xingjie,standard,0,9,7,0,36104,21393,16715,541.8,10.71,19.09,24.7,5,0,1,2,5,1545,124,369,565,3805,5724,7919,6253,829,570,,190,,76,,t3_psyward
standard,58,b4,blue,adc,射手,dujian,standard,0,22,7,0,76742,18817,24132,782.2,8.79,16.25,19.73,5,1,1,3,5,1111,770,283,8531,4461,6570,10503,6253,943,2850,,190,,266,,t3_shieldbreaker|t3_rendspear
standard,58,b5,blue,sup,坦克,tiebi,standard,0,0,4,2,8517,31840,14945,484.4,7.73,13.38,18.07,5,1,2,3,5,490,176,1134,1345,4690,7416,9734,6253,345,,,190,,266,2680,t3_calmveil|t3_thornmail
standard,58,r1,red,top,坦克,tiankong,standard,1,3,3,0,12741,37584,15675,508.1,8.57,14.38,19.08,5,1,2,3,5,789,253,1123,2025,3739,6203,9773,6253,937,1140,,1045,68,329,,t3_calmveil|t3_thornmail
standard,58,r2,red,jungle,戰士,tielian,standard,1,0,1,2,18223,22272,14224,461.1,8.39,15.89,23.68,3,1,1,2,3,267,1469,483,3194,4067,6649,9083,6253,414,,570,95,1420,329,,t3_finalstring|t3_shieldbreaker
standard,58,r3,red,mid,法師,xingjie,standard,1,2,12,0,36661,21729,12244,396.9,11.34,21.43,28.59,3,0,1,1,3,1238,229,741,733,3498,5379,7241,6253,817,,,95,,76,,t3_psyward
standard,58,r4,red,adc,射手,dujian,standard,1,18,11,1,76123,18871,22463,728.1,9.75,17.88,20.81,5,1,1,2,5,455,345,829,6862,3805,6145,9109,6253,1070,1140,,570,,76,,t3_shieldbreaker|t3_rendspear
standard,58,r5,red,sup,坦克,tiebi,standard,1,1,5,4,8059,34020,15576,504.9,7.38,13.68,18.11,5,1,2,3,5,746,102,265,1975,4646,7042,9645,6253,408,570,,95,,329,1989,t3_calmveil|t3_thornmail
standard,59,b1,blue,top,坦克,tiebi,standard,1,5,0,1,13738,25980,12769,550.4,8.78,13.65,16.73,4,1,2,3,4,643,227,874,619,3593,6377,10804,6253,769,2850,285,190,,456,,t3_calmveil|t3_thornmail
standard,59,b2,blue,jungle,戰士,cinderfist,standard,1,0,1,1,3817,14645,10089,434.9,8.54,16.88,,2,1,1,2,2,654,1940,22,1538,3754,6170,8572,6253,247,,142,427,1045,456,,t3_shieldbreaker|t3_finalstring
standard,59,b3,blue,mid,法師,gambler,standard,1,5,3,0,14933,15179,12538,540.4,10.96,17.17,20.85,3,0,1,2,3,1523,338,596,938,3783,6538,9996,6253,1102,1710,,665,,266,,t3_psyward
standard,59,b4,blue,adc,射手,tianfa,standard,1,4,5,3,20758,9403,11626,501.1,10.27,18.75,23.03,3,0,1,2,3,1367,385,754,246,3527,5465,8704,6253,617,570,570,427,,266,,t3_shieldbreaker|t3_rendspear
standard,59,b5,blue,sup,輔助,fengshen,standard,1,0,1,2,6407,18574,11772,507.4,7.03,11.63,17.03,4,1,2,3,4,478,293,1128,972,4478,7023,10358,6253,266,,427,1140,,456,1814,t3_calmveil
standard,59,r1,red,top,坦克,tiebi,standard,0,1,0,0,9709,23262,10220,440.5,8.02,17.11,20.47,3,1,1,2,3,195,250,1360,770,3745,5550,8590,6253,760,,,1425,,152,,t3_calmveil|t3_thornmail
standard,59,r2,red,jungle,戰士,cinderfist,standard,0,2,3,0,13113,17325,10924,470.9,8.69,16.03,22.27,3,1,1,2,3,1110,1447,1005,593,4210,6877,9555,6253,437,1140,,,1573,152,,t3_shieldbreaker|t3_finalstring
standard,59,r3,red,mid,法師,gambler,standard,0,3,3,0,13017,15001,11256,485.2,10.3,17.08,23.03,3,0,1,2,3,1561,927,251,225,3821,6377,8581,6253,1130,570,,475,,152,,t3_psyward
standard,59,r4,red,adc,射手,tianfa,standard,0,4,5,0,21184,10549,10790,465.1,8.79,17.4,22.35,3,1,1,2,3,585,630,830,10,3935,6310,9730,6253,1045,2280,,,,152,,t3_shieldbreaker|t3_rendspear
standard,59,r5,red,sup,輔助,fengshen,standard,0,0,3,1,6985,18323,10973,473,6.26,12.62,15.53,4,1,2,3,4,582,432,246,173,4582,7462,9476,6253,351,,285,475,,152,1959,t3_calmveil
standard,60,b1,blue,top,坦克,shengdun,standard,0,2,1,2,9307,26123,10962,472.7,7.77,13.58,18.99,3,1,2,3,3,74,225,128,931,4024,6475,9258,6253,1304,570,427,475,,228,,t3_calmveil|t3_thornmail
standard,60,b2,blue,jungle,戰士,dushe,standard,0,1,1,0,10457,17755,9973,430,8.54,16.97,22.88,3,1,1,2,3,1099,566,295,373,4199,6046,8595,6253,551,570,,,992,228,,t3_finalstring|t3_shieldbreaker
standard,60,b3,blue,mid,法師,ronghuo,standard,0,1,3,0,15919,13004,9983,430.5,10.04,19.48,,2,0,1,2,2,2210,582,358,583,4470,6332,8688,6253,1162,570,,475,,228,,t3_psyward
standard,60,b4,blue,adc,射手,dawnstrike,standard,0,6,4,1,19523,13618,12219,526.9,9.69,15.76,21.63,3,1,1,2,3,259,716,833,418,3609,6516,9413,6253,604,1710,142,475,,228,,t3_shieldbreaker|t3_rendspear
standard,60,b5,blue,sup,坦克,stoneguard,standard,0,1,1,0,5933,22475,11418,492.3,6.74,13.03,16.31,3,1,2,3,3,503,332,362,1438,4703,7572,10342,6253,329,570,,475,,228,2486,t3_calmveil|t3_thornmail
standard,60,r1,red,top,坦克,shengdun,standard,1,2,1,0,9289,20365,11089,478.1,8.01,15.45,22.24,3,1,1,2,3,745,442,880,1538,3695,5842,8170,6253,668,570,,285,51,342,,t3_calmveil|t3_thornmail
standard,60,r2,red,jungle,戰士,dushe,standard,1,1,0,0,10423,17699,10524,453.8,8.89,16.54,22.18,3,1,1,2,3,875,862,399,923,3975,6342,8399,6253,408,,,443,951,342,,t3_finalstring|t3_shieldbreaker
standard,60,r3,red,mid,法師,ronghuo,standard,1,1,5,2,21447,14887,10141,437.3,10.29,18.87,,2,0,1,2,2,1514,135,527,741,3774,6035,8077,6253,1054,,142,285,,342,,t3_psyward
standard,60,r4,red,adc,射手,dawnstrike,standard,1,6,4,2,24923,10741,12832,553.3,9.93,16.97,21.63,3,1,1,2,3,220,358,211,1981,4220,6158,8791,6253,802,1140,,443,,152,,t3_shieldbreaker|t3_rendspear
standard,60,r5,red,sup,坦克,stoneguard,standard,1,0,1,3,6198,19497,13055,562.9,7.28,12.73,18.13,4,1,2,3,4,755,208,695,1454,4655,7448,10195,6253,334,,142,443,,342,2680,t3_calmveil|t3_thornmail
standard,61,b1,blue,top,坦克,shiqiang,standard,1,0,2,0,11365,23557,9191,402.4,9.07,17.28,20.82,3,1,1,2,3,710,551,363,360,3660,5401,8093,6253,687,,,950,,202,,t3_calmveil|t3_thornmail
standard,61,b2,blue,jungle,戰士,jufeng,standard,1,2,4,0,10136,17038,10080,441.3,9.28,17.34,22.84,3,1,1,2,3,626,773,540,179,4426,6253,8770,6253,239,1140,,,1061,76,,t3_finalstring|t3_shieldbreaker
standard,61,b3,blue,mid,法師,gambler,standard,1,4,2,1,22469,12883,11670,510.9,11.18,16.73,20.52,3,0,1,2,3,1457,97,282,1220,3717,5477,8862,6253,839,570,285,712,,202,,t3_psyward
standard,61,b4,blue,adc,射手,yanfeng,standard,1,6,6,0,20747,13626,12503,547.4,9.76,16.74,21.07,3,1,1,2,3,414,626,375,1522,3764,6006,9125,6253,943,1140,,712,,76,,t3_shieldbreaker|t3_rendspear
standard,61,b5,blue,sup,坦克,bingshouweis,standard,1,0,2,4,7931,19789,12351,540.7,7.63,13.72,17.13,4,1,2,3,4,627,153,818,990,4527,6953,10398,6253,178,,285,950,,202,2528,t3_calmveil|t3_thornmail
standard,61,r1,red,top,坦克,shiqiang,standard,0,3,0,1,11909,23708,11474,502.3,7.09,13.67,18.38,3,1,2,3,3,160,193,376,1443,4410,6443,9806,6253,950,1140,285,760,,418,,t3_calmveil|t3_thornmail
standard,61,r2,red,jungle,戰士,jufeng,standard,0,2,2,1,12613,16235,11221,491.3,8.92,14.59,20.38,3,1,2,2,3,499,258,1497,841,4299,7658,10097,6253,323,1140,285,285,1393,418,,t3_finalstring|t3_shieldbreaker
standard,61,r3,red,mid,法師,gambler,standard,0,4,4,1,19205,14559,12769,559,10.88,15.94,21.93,3,0,1,2,3,1697,1067,770,1438,3957,7567,10170,6253,1314,1140,285,760,,418,,t3_psyward
standard,61,r4,red,adc,射手,yanfeng,standard,0,4,5,0,16033,11326,11160,488.6,9.23,17.18,21.07,3,1,1,2,3,367,427,833,310,3717,5807,9113,6253,731,1140,,760,,228,,t3_shieldbreaker|t3_rendspear
standard,61,r5,red,sup,坦克,bingshouweis,standard,0,3,1,1,10490,22256,12471,546,8.18,11.7,15.08,4,1,2,3,4,359,1681,1261,271,5159,8921,11241,6253,177,1710,,285,,418,2397,t3_calmveil|t3_thornmail
standard,62,b1,blue,top,坦克,tiemu,standard,0,0,2,0,4453,22152,8082,376.9,8.6,17.23,,2,1,1,2,2,814,348,272,451,3764,5398,7602,6253,874,,,475,,0,,t3_calmveil|t3_thornmail
standard,62,b2,blue,jungle,戰士,langwang,standard,0,0,4,0,6691,14800,8220,383.4,8.65,17.61,,2,1,1,2,2,764,502,450,720,3864,5752,7600,6253,250,,,,1096,0,,t3_shieldbreaker|t3_finalstring
standard,62,b3,blue,mid,法師,ronghuo,standard,0,0,4,2,12477,13963,8228,383.7,11.06,20.66,,2,0,1,1,2,1409,201,1402,397,3669,5531,7482,6253,943,,285,,,0,,t3_psyward
standard,62,b4,blue,adc,射手,siwang,standard,0,4,5,0,8711,9877,9763,455.3,7.73,18.46,,2,1,1,2,2,230,279,183,913,4230,5959,8733,6253,769,1710,,,,0,,t3_shieldbreaker|t3_rendspear
standard,62,b5,blue,sup,輔助,mingyun,standard,0,0,2,0,4002,16659,9980,465.5,5.92,12.52,18.48,3,1,2,3,3,1106,329,442,940,4506,6809,9482,6253,316,,,950,,0,1961,t3_calmveil
standard,62,r1,red,top,坦克,tiemu,standard,1,2,0,1,7661,15946,11013,513.6,8.68,14.05,19.98,3,1,2,3,3,119,474,190,1562,3669,6804,9640,6253,1026,570,285,973,,532,,t3_calmveil|t3_thornmail
standard,62,r2,red,jungle,戰士,langwang,standard,1,2,0,1,10194,12660,11337,528.7,7.84,14.86,19.83,3,1,2,3,3,1180,284,220,1307,4930,7334,10250,6253,364,1140,,498,1461,532,,t3_shieldbreaker|t3_finalstring
standard,62,r3,red,mid,法師,ronghuo,standard,1,6,2,0,13151,12787,12965,604.7,10.88,16.52,20.68,3,0,1,2,3,1571,485,1052,884,3831,6985,10452,6253,864,1710,,1092,,532,,t3_psyward
standard,62,r4,red,adc,射手,siwang,standard,1,6,2,1,23918,8702,12650,590,8.97,16.02,19.82,3,1,1,3,3,398,766,170,849,3748,6446,10650,6253,801,2280,285,498,,532,,t3_shieldbreaker|t3_rendspear
standard,62,r5,red,sup,輔助,mingyun,standard,1,1,0,0,4669,10507,11123,518.8,6.36,13.03,17.27,3,1,2,3,3,604,787,1071,1892,4604,7817,10301,6253,364,570,,736,,532,1845,t3_calmveil
standard,63,b1,blue,top,坦克,dadi,standard,1,0,0,0,11695,28660,11113,422.2,7.81,15.62,21.07,3,1,1,2,3,814,611,676,1183,3764,5911,7906,6253,779,,,475,,399,,t3_calmveil|t3_thornmail
standard,63,b2,blue,jungle,戰士,jingci,standard,1,3,1,0,9473,16458,13522,513.7,8.39,14.73,21.92,4,1,2,2,4,1274,284,1596,591,4374,7034,10146,6253,273,1140,,950,1129,399,,t3_shieldbreaker|t3_finalstring
standard,63,b3,blue,mid,法師,gambler,standard,1,3,4,0,20163,15603,12275,466.3,10.42,20.3,25.03,3,0,1,1,3,1536,284,1210,675,3796,5734,7710,6253,1152,,,,,304,,t3_psyward
standard,63,b4,blue,adc,射手,phantom,standard,1,16,3,0,52732,15042,19008,722,9.21,17.42,18.84,5,1,1,3,5,319,440,316,3407,3669,6120,11516,6253,874,3990,,,,399,,t3_shieldbreaker|t3_rendspear
standard,63,b5,blue,sup,輔助,tianshi,standard,1,0,1,4,6447,21280,14054,533.9,5.73,12.45,16.35,5,1,2,3,5,879,435,1693,853,4579,7465,10923,6253,302,,570,1425,17,399,1956,t3_calmveil
standard,63,r1,red,top,坦克,dadi,standard,0,0,2,0,12287,29699,10461,397.4,7.75,15.25,21.75,3,1,1,2,3,786,602,952,530,3736,5902,8182,6253,1111,,,665,,152,,t3_calmveil|t3_thornmail
standard,63,r2,red,jungle,戰士,jingci,standard,0,1,1,0,9280,17642,12028,456.9,9.4,17.24,21.09,3,1,1,2,3,435,1252,1003,678,4185,6682,9253,6253,285,570,,190,1802,152,,t3_shieldbreaker|t3_finalstring
standard,63,r3,red,mid,法師,gambler,standard,0,2,6,0,16064,17212,11361,431.6,10.42,18.85,25.58,3,0,1,2,3,1409,218,136,1010,3669,5968,7986,6253,1102,,,427,51,152,,t3_psyward
standard,63,r4,red,adc,射手,phantom,standard,0,6,9,0,24192,12855,13225,502.4,10.23,19.15,25.03,4,0,1,2,4,1405,499,507,325,3565,5579,7507,6253,674,,,427,,152,,t3_shieldbreaker|t3_rendspear
standard,63,r5,red,sup,輔助,tianshi,standard,0,0,4,2,9003,17941,12691,482.1,6.59,11.64,16.48,4,1,2,3,4,2025,417,453,1311,4525,7147,9203,6253,209,,285,190,,152,2113,t3_calmveil
standard,64,b1,blue,top,坦克,tixue,standard,1,0,0,1,7151,22619,9481,428.5,8.79,15.51,20.88,3,1,1,2,3,155,609,1170,831,3805,6009,8460,6253,858,,285,665,,399,,t3_calmveil|t3_thornmail
standard,64,b2,blue,jungle,戰士,greymantle,standard,1,5,0,1,9535,13286,12312,556.5,9.57,15.79,19.03,3,1,1,3,3,685,2189,641,2232,3785,7669,10721,6253,422,2280,285,190,891,399,,t3_finalstring|t3_shieldbreaker
standard,64,b3,blue,mid,法師,ronghuo,standard,1,4,1,2,24895,13228,12477,563.9,9.09,16.44,21.48,3,1,1,2,3,718,671,878,396,4568,7171,10278,6253,1250,1140,570,665,,399,,t3_psyward
standard,64,b4,blue,adc,射手,huanying,standard,1,6,2,1,16118,11401,13071,590.8,8.36,14.78,19.03,3,1,2,3,3,185,116,1543,1271,4185,7016,11443,6253,1051,2850,285,665,34,304,,t3_shieldbreaker|t3_rendspear
standard,64,b5,blue,sup,坦克,tieshixin,standard,1,1,1,2,5046,15111,12884,582.3,6.83,12.1,15.59,4,1,2,4,4,182,1526,263,683,5232,8766,11863,6253,292,570,570,1140,34,399,2603,t3_calmveil|t3_thornmail
standard,64,r1,red,top,坦克,tixue,standard,0,0,0,0,6396,22441,9725,439.5,8.09,14.84,19.27,3,1,2,3,3,757,56,283,894,3707,6006,8533,6253,1140,,,950,,190,,t3_calmveil|t3_thornmail
standard,64,r2,red,jungle,戰士,greymantle,standard,0,0,3,0,7804,15859,9188,415.3,7.73,16.95,,2,1,1,2,2,579,869,657,958,4379,6349,8407,6253,411,,,,1741,0,,t3_finalstring|t3_shieldbreaker
standard,64,r3,red,mid,法師,ronghuo,standard,0,0,4,1,12001,14227,9326,421.5,11.31,17.35,,2,0,1,2,2,1390,444,232,625,3650,6044,8362,6253,969,,,950,,190,,t3_psyward
standard,64,r4,red,adc,射手,huanying,standard,0,3,5,0,15678,10912,9753,440.8,9.66,18.47,,2,1,1,2,2,281,360,415,1003,3631,5560,7935,6253,684,570,,237,,190,,t3_shieldbreaker|t3_rendspear
standard,64,r5,red,sup,坦克,tieshixin,standard,0,1,4,0,5010,19157,10710,484.1,6.95,13.68,17.13,3,1,2,3,3,351,278,413,1130,4551,7078,9993,6253,215,570,,237,,190,2527,t3_calmveil|t3_thornmail
standard,65,b1,blue,top,坦克,suishan,standard,0,2,0,0,9043,23719,10323,454.6,7.98,14.63,21.59,3,1,2,2,3,947,410,905,342,3897,6310,8185,6253,1228,,,190,,513,,t3_calmveil|t3_thornmail
standard,65,b2,blue,jungle,戰士,hunpo,standard,0,1,2,0,7774,10023,10085,444.1,10.73,18.98,,2,0,1,2,2,1594,1351,565,784,3804,6281,8315,6253,297,,,190,1061,513,,t3_psyward
standard,65,b3,blue,mid,法師,haixiao,standard,0,2,3,2,14359,14535,11691,514.8,10.93,16.68,21.4,3,0,1,2,3,1656,145,203,1190,3916,6595,9553,6253,1266,570,,1140,,323,,t3_psyward
standard,65,b4,blue,adc,射手,guangsu,standard,0,9,4,0,20462,11160,14357,632.2,7.3,16.5,19,4,1,1,3,4,1060,991,364,507,4410,6671,11744,6253,893,3420,,665,,513,,t3_shieldbreaker|t3_rendspear
standard,65,b5,blue,sup,輔助,huanjing,standard,0,0,2,0,5332,13987,10144,446.7,5.75,13.3,16.5,3,1,2,3,3,320,569,68,1104,4620,7299,9108,6253,228,,,190,,418,2018,t3_calmveil
standard,65,r1,red,top,坦克,suishan,standard,1,2,0,0,8310,19243,11010,484.8,9.13,14.5,19,3,1,2,3,3,950,280,417,1029,3900,6180,9917,6253,972,1140,,1425,,126,,t3_calmveil|t3_thornmail
standard,65,r2,red,jungle,戰士,hunpo,standard,1,1,3,0,6159,11252,9991,440,9.54,17.55,,2,1,1,2,2,288,308,395,691,4088,6708,8795,6253,240,570,,,1731,0,,t3_psyward
standard,65,r3,red,mid,法師,haixiao,standard,1,1,4,1,11641,13766,9430,415.3,11.68,18.13,,2,0,1,2,2,1314,475,357,429,3574,6025,8337,6253,769,570,142,475,,126,,t3_psyward
standard,65,r4,red,adc,射手,guangsu,standard,1,7,5,1,16888,9944,12809,564.1,9.31,17.4,20,3,1,1,3,3,329,417,134,1428,3679,5617,10614,6253,750,2850,285,475,,0,,t3_shieldbreaker|t3_rendspear
standard,65,r5,red,sup,輔助,huanjing,standard,1,0,2,1,5783,15719,10183,448.4,6.11,12.06,17.54,3,1,2,3,3,781,348,930,1142,4481,6828,9090,6253,193,,142,475,26,126,1873,t3_calmveil
standard,66,b1,blue,top,坦克,thornwall,standard,0,0,0,1,9456,22568,9865,417.4,9.48,16.69,21.42,3,1,1,2,3,605,383,1037,415,3555,5683,8267,6253,931,,,665,,418,,t3_calmveil|t3_thornmail
standard,66,b2,blue,jungle,戰士,leimingcf,standard,0,1,2,1,9619,18180,10000,423.1,8.61,16.63,22.64,3,1,1,2,3,505,789,492,449,3605,5919,8742,6253,228,570,142,190,940,418,,t3_shieldbreaker|t3_finalstring
standard,66,b3,blue,mid,法師,leiming,standard,0,8,2,1,18553,14341,14418,610.1,10.69,15.84,20.05,4,0,1,2,4,1438,243,1413,188,3698,6443,10813,6253,1102,2280,95,665,,418,,t3_psyward
standard,66,b4,blue,adc,射手,mori,standard,0,10,6,2,27818,10727,14738,623.6,10.13,16.03,20.9,4,0,1,2,4,1813,934,688,887,3973,6614,9588,6253,969,1710,237,190,,228,,t3_shieldbreaker|t3_rendspear
standard,66,b5,blue,sup,輔助,fuwenbianzhi,standard,0,3,0,3,7431,15814,12649,535.2,7.02,11.58,16.14,4,1,2,3,4,1940,969,1410,1689,4440,7999,10640,6253,114,1140,380,665,,418,1670,t3_calmveil
standard,66,r1,red,top,坦克,thornwall,standard,1,0,4,1,7179,25049,10167,430.2,9.28,16.37,19.45,3,1,1,3,3,698,308,186,636,3648,5358,8816,6253,684,,285,1425,17,152,,t3_calmveil|t3_thornmail
standard,66,r2,red,jungle,戰士,leimingcf,standard,1,0,2,0,10547,17361,9920,419.7,8.85,17.35,23.28,3,1,1,2,3,909,863,937,369,4009,6293,8467,6253,563,,,,1497,152,,t3_shieldbreaker|t3_finalstring
standard,66,r3,red,mid,法師,leiming,standard,1,2,5,0,17284,14421,10717,453.5,11.03,17.88,23.62,3,0,1,2,3,1321,298,254,67,3581,6498,8854,6253,807,1140,,475,26,152,,t3_psyward
standard,66,r4,red,adc,射手,mori,standard,1,7,7,1,20787,10886,12752,539.6,10.53,18.8,21.42,3,0,1,2,3,1357,451,226,1152,3517,5531,8476,6253,646,1140,285,,,152,,t3_shieldbreaker|t3_rendspear
standard,66,r5,red,sup,輔助,fuwenbianzhi,standard,1,1,4,1,7798,16621,11983,507,6.44,12.41,17.88,4,1,2,3,4,601,723,1270,533,4601,6973,10310,6253,300,570,,950,,152,2083,t3_calmveil
standard,67,b1,blue,top,坦克,ironclad,standard,0,0,3,0,7439,21495,8697,396.4,8.88,15.37,20.69,3,1,1,2,3,662,1023,347,147,3612,5873,8077,6253,722,,,950,,152,,t3_calmveil|t3_thornmail
standard,67,b2,blue,jungle,戰士,fengbao,standard,0,2,1,0,6386,13092,9965,454.2,8.52,16.07,21.86,3,1,1,2,3,221,1148,978,64,4021,6628,9208,6253,242,1140,,,1420,152,,t3_finalstring|t3_shieldbreaker
standard,67,b3,blue,mid,法師,haixiao,standard,0,1,5,0,10711,13707,9019,411,10.3,18.1,,2,0,1,2,2,1560,314,331,418,3820,6214,8361,6253,910,570,,475,,152,,t3_psyward
standard,67,b4,blue,adc,射手,leiting,standard,0,5,6,1,19381,13243,11760,535.9,9.18,16.92,20.35,3,1,1,2,3,462,171,641,779,3812,5971,9391,6253,991,1140,142,712,,152,,t3_shieldbreaker|t3_rendspear
standard,67,b5,blue,sup,坦克,thornwall,standard,0,0,4,1,5216,19560,10371,472.6,6.52,12.46,16.98,3,1,2,3,3,98,259,577,790,4598,7359,9677,6253,212,,142,237,,152,2680,t3_calmveil|t3_thornmail
standard,67,r1,red,top,坦克,ironclad,standard,1,4,0,0,9498,19434,12434,566.7,7.38,14.31,17.16,3,1,2,3,3,116,880,644,2404,4366,7710,10674,6253,1019,2280,,665,,456,,t3_calmveil|t3_thornmail
standard,67,r2,red,jungle,戰士,fengbao,standard,1,5,0,2,11053,12455,13228,602.9,8.43,15.68,20.44,4,1,1,2,4,277,1483,2575,528,4077,6963,11175,6253,221,1710,427,190,1916,456,,t3_finalstring|t3_shieldbreaker
standard,67,r3,red,mid,法師,haixiao,standard,1,5,4,1,12622,14044,12856,585.9,10.41,14.99,20.75,3,0,2,2,3,2315,211,793,2005,4575,7761,10193,6253,1190,1140,,1140,13,456,,t3_psyward
standard,67,r4,red,adc,射手,leiting,standard,1,4,4,4,18717,9960,12333,562.1,10.18,17.44,19.67,3,0,1,3,3,1598,431,198,533,3758,6231,10098,6253,858,1140,712,665,13,456,,t3_shieldbreaker|t3_rendspear
standard,67,r5,red,sup,坦克,thornwall,standard,1,1,0,3,5241,17361,11092,505.5,7.31,11.11,16.83,3,1,2,3,3,735,391,474,1112,5235,7631,9854,6253,357,570,285,190,13,456,1729,t3_calmveil|t3_thornmail
standard,68,b1,blue,top,坦克,bingshouweis,standard,0,1,1,0,7422,27490,9641,403.1,7.76,14.61,21.87,3,1,2,2,3,371,142,72,511,4021,6092,7802,6253,1073,,,475,,0,,t3_calmveil|t3_thornmail
standard,68,b2,blue,jungle,戰士,anliuyouXia,standard,0,0,8,0,7052,15744,9254,386.9,9.03,18.48,,2,1,1,2,2,616,401,661,854,3716,5631,7561,6253,313,,,,994,0,,t3_finalstring|t3_shieldbreaker
standard,68,b3,blue,mid,法師,leiming,standard,0,0,7,0,15656,17939,9480,396.4,10.18,17.52,,2,0,1,2,2,1599,113,248,899,3859,5493,7678,6253,950,,,475,,0,,t3_psyward
standard,68,b4,blue,adc,射手,liangzi,standard,0,2,4,0,19256,14228,10116,423,9.26,18,23.08,3,1,1,2,3,405,292,408,516,3755,6092,8258,6253,959,570,,475,,0,,t3_shieldbreaker|t3_rendspear
standard,68,b5,blue,sup,坦克,shengdun,standard,0,0,5,1,4635,24928,11011,460.4,7.43,12.86,17.98,4,1,2,3,4,749,205,239,110,4649,7005,9219,6253,351,,,,,0,2614,t3_calmveil|t3_thornmail
standard,68,r1,red,top,坦克,bingshouweis,standard,1,5,0,2,12693,25881,13441,562,7.26,12.35,16.77,4,1,2,4,4,242,303,404,1191,4192,7593,11754,6253,931,2850,427,760,,532,,t3_calmveil|t3_thornmail
standard,68,r2,red,jungle,戰士,anliuyouXia,standard,1,5,0,5,12413,14095,15037,628.7,7.03,13.48,17.52,4,1,2,4,4,1218,1213,243,1737,5318,8913,12643,6253,351,2280,1140,285,1801,532,,t3_finalstring|t3_shieldbreaker
standard,68,r3,red,mid,法師,leiming,standard,1,3,3,2,20678,15020,13109,548.1,9.89,16.17,21.28,3,1,1,2,3,551,751,501,1028,4401,7251,9901,6253,1216,570,570,760,,532,,t3_psyward
standard,68,r4,red,adc,射手,liangzi,standard,1,10,0,2,33222,11152,16054,671.2,8.38,14.86,18.06,4,1,2,3,4,965,155,1772,2833,4315,7355,12922,6253,864,4560,427,285,,532,,t3_shieldbreaker|t3_rendspear
standard,68,r5,red,sup,坦克,shengdun,standard,1,2,0,2,7803,18122,13254,554.2,7.03,12.02,14.83,4,1,3,4,4,747,90,228,1053,5247,8990,11528,6253,475,1140,285,760,,532,2082,t3_calmveil|t3_thornmail
standard,69,b1,blue,top,坦克,tiankong,standard,0,0,1,0,3980,22485,8495,378.3,9.32,15.64,,2,1,1,2,2,586,478,285,865,3536,5778,7615,6253,886,,,475,,0,,t3_calmveil|t3_thornmail
standard,69,b2,blue,jungle,刺客,yueying,standard,0,0,5,0,2292,11649,8579,382,9.27,17.8,,2,1,1,2,2,728,466,493,499,3928,5746,7623,6253,275,,,,1094,0,,t3_finalstring
standard,69,b3,blue,mid,法師,haixiao,standard,0,1,3,0,8760,13212,9033,402.2,10.97,19.73,,2,0,1,2,2,1390,68,195,633,3650,5398,7545,6253,817,,,475,,0,,t3_psyward
standard,69,b4,blue,adc,射手,shengyan,standard,0,10,5,0,20824,12026,14066,626.3,8.53,15.15,19.67,4,1,1,3,4,918,1356,213,1465,4268,7036,10393,6253,763,2850,,475,51,0,,t3_shieldbreaker|t3_rendspear
standard,69,b5,blue,sup,輔助,zhanchang,standard,0,0,4,1,2052,16524,10436,464.7,6.73,12.21,17.5,3,1,2,3,3,263,132,976,1396,4563,6862,9556,6253,373,,285,475,,0,2169,t3_calmveil
standard,69,r1,red,top,坦克,tiankong,standard,1,0,1,0,5336,18890,10848,483,7.3,13.8,20.38,3,1,2,2,3,594,584,2263,1397,4144,6434,9493,6253,1330,,,1377,,532,,t3_calmveil|t3_thornmail
standard,69,r2,red,jungle,刺客,yueying,standard,1,3,0,0,5044,7804,12272,546.4,8.93,18.87,18.87,3,1,1,3,3,357,1175,594,1191,4207,6755,10244,6253,221,1140,,190,1907,532,,t3_finalstring
standard,69,r3,red,mid,法師,haixiao,standard,1,2,5,1,16165,13049,10857,483.4,10.03,17,,2,0,1,2,2,1637,268,403,1457,3897,6168,8733,6253,950,570,,427,,532,,t3_psyward
standard,69,r4,red,adc,射手,shengyan,standard,1,12,4,1,30759,9881,16000,712.4,8.26,14.31,17.39,4,1,2,3,4,778,257,375,2150,4128,7577,12175,6253,687,3990,285,427,,532,,t3_shieldbreaker|t3_rendspear
standard,69,r5,red,sup,輔助,zhanchang,standard,1,1,1,0,3633,11776,11638,518.2,6.06,11.76,16.87,4,1,2,3,4,356,792,1366,757,5206,7822,10406,6253,421,570,,902,,532,1727,t3_calmveil
standard,70,b1,blue,top,坦克,tiebi,standard,0,0,1,1,9896,21518,9598,405,8.57,15.38,23.48,3,1,1,2,3,82,536,575,167,3732,5936,7865,6253,880,,142,285,,304,,t3_calmveil|t3_thornmail
standard,70,b2,blue,jungle,刺客,yeiren,standard,0,2,3,0,6073,11137,11063,466.8,9.44,15.64,21.18,3,1,1,2,3,834,1711,1212,182,4034,6561,9642,6253,513,1140,,285,1146,304,,t3_finalstring
standard,70,b3,blue,mid,法師,bingshuang,standard,0,8,1,0,25662,14530,14161,597.5,10.33,16.72,20.01,3,0,1,2,3,1561,228,1185,1680,3821,6728,10585,6253,988,2280,,760,,304,,t3_psyward
standard,70,b4,blue,adc,射手,xingchen,standard,0,5,6,2,18523,12348,12632,533,9.1,16.73,20.87,3,1,1,2,3,434,150,1084,831,3784,5950,9664,6253,728,1140,427,760,51,304,,t3_shieldbreaker|t3_rendspear
standard,70,b5,blue,sup,坦克,thornwall,standard,0,0,3,1,6259,19879,10464,441.5,6.91,12.8,20.63,3,1,2,2,3,184,85,2042,1083,4684,7325,9282,6253,310,,285,285,,304,1844,t3_calmveil|t3_thornmail
standard,70,r1,red,top,坦克,tiebi,standard,1,2,2,1,9233,25191,11707,493.9,7.83,15.07,18.95,3,1,1,3,3,906,967,321,1676,3856,6117,9271,6253,946,1140,285,570,,76,,t3_calmveil|t3_thornmail
standard,70,r2,red,jungle,刺客,yeiren,standard,1,3,2,1,7233,11819,12312,519.5,8.69,14.28,19.41,3,1,2,3,3,1211,369,388,1432,4411,7069,9888,6253,129,1140,142,95,1861,266,,t3_finalstring
standard,70,r3,red,mid,法師,bingshuang,standard,1,4,6,0,19346,14829,11323,477.8,10.46,18.47,23.01,3,0,1,2,3,1384,362,411,493,3644,5962,9211,6253,886,1710,,95,,266,,t3_psyward
standard,70,r4,red,adc,射手,xingchen,standard,1,5,3,0,15569,11399,12243,516.6,10.83,18.35,22.39,3,0,1,2,3,1568,413,51,443,3728,5913,7851,6253,761,,,570,,266,,t3_shieldbreaker|t3_rendspear
standard,70,r5,red,sup,坦克,thornwall,standard,1,0,2,4,8950,21960,11494,485,8.2,12.95,17.73,3,1,2,3,3,598,194,343,1513,4498,6854,9723,6253,277,,712,95,51,266,2067,t3_calmveil|t3_thornmail
standard,71,b1,blue,top,坦克,xukong,standard,0,0,5,0,8375,26505,9559,380.6,8.4,16.58,22.9,3,1,1,2,3,567,776,1095,128,3517,5626,7925,6253,646,,,570,,456,,t3_calmveil|t3_thornmail
standard,71,b2,blue,jungle,刺客,sting,standard,0,0,2,0,5393,10553,10050,400.1,8.88,17.14,24.8,3,1,1,2,3,104,838,709,250,4004,6168,8189,6253,342,,,95,1043,456,,t3_finalstring
standard,71,b3,blue,mid,法師,mingyun2,standard,0,7,6,1,26515,18059,14562,579.8,9.61,18.92,22.29,4,1,1,2,4,237,511,608,162,4087,6411,8938,6253,1374,,285,570,,456,,t3_psyward
standard,71,b4,blue,adc,射手,dujian,standard,0,6,4,0,22896,11084,13720,546.2,10.01,14.98,20.25,3,0,2,2,3,1718,256,2039,1919,3878,7156,10319,6253,1092,1710,,807,,456,,t3_shieldbreaker|t3_rendspear
standard,71,b5,blue,sup,坦克,tiankong,standard,0,0,2,0,5499,24424,12313,490.2,7.02,14.98,16.48,4,1,2,3,4,525,670,1080,712,4725,7910,10580,6253,383,,,807,,456,2680,t3_calmveil|t3_thornmail
standard,71,r1,red,top,坦克,xukong,standard,1,2,0,1,8613,24332,11777,468.9,8.95,16.23,21.39,4,1,1,2,4,662,267,668,426,3612,5417,7958,6253,804,570,142,,17,171,,t3_calmveil|t3_thornmail
standard,71,r2,red,jungle,刺客,sting,standard,1,2,3,0,8779,13099,11240,447.5,9.69,15.98,21.42,3,1,1,2,3,668,548,584,539,3868,5878,9014,6253,190,1140,,,1259,171,,t3_finalstring
standard,71,r3,red,mid,法師,mingyun2,standard,1,2,6,1,12413,16527,11174,444.9,10.33,19.9,,2,0,1,2,2,1548,211,90,1773,3808,5661,7640,6253,1010,,142,158,,76,,t3_psyward
standard,71,r4,red,adc,射手,dujian,standard,1,11,3,1,41444,13549,16655,663.1,10.29,18.6,20.28,5,0,1,2,5,1636,82,3087,1055,3796,5582,9987,6253,886,2280,,395,,171,,t3_shieldbreaker|t3_rendspear
standard,71,r5,red,sup,坦克,tiankong,standard,1,2,1,4,5791,22260,13735,546.8,6.53,11.78,16.95,4,1,2,4,4,435,911,41,1534,5235,8151,11341,6253,300,1140,570,395,,171,2510,t3_calmveil|t3_thornmail
standard,72,b1,blue,top,坦克,shiqiang,standard,1,0,2,0,11407,24529,10513,425.9,8.14,14.99,21.35,3,1,2,2,3,243,90,572,583,3793,5940,7802,6253,826,,,380,,342,,t3_calmveil|t3_thornmail
standard,72,b2,blue,jungle,刺客,yingsi,standard,1,4,5,1,9439,13206,13071,529.5,8.91,15.1,21.05,3,1,1,2,3,362,1842,1410,2470,4212,7122,9740,6253,164,1710,,380,890,342,,t3_finalstring
standard,72,b3,blue,mid,法師,bingshuang,standard,1,9,8,2,19708,17915,15330,621,9.88,14.94,19.54,4,1,2,3,4,66,147,814,929,3916,7697,11364,6253,1159,2850,570,380,,152,,t3_psyward
standard,72,b4,blue,adc,射手,tianfa,standard,1,12,7,2,33782,12037,17391,704.6,9.53,15.43,18.68,5,1,1,3,5,186,1362,543,1791,3536,7042,12343,6253,807,3990,570,380,,342,,t3_shieldbreaker|t3_rendspear
standard,72,b5,blue,sup,輔助,fengshen,standard,1,0,3,2,5447,17392,11963,484.6,6.53,13.84,18.6,4,1,2,3,4,520,264,914,512,4520,7294,9954,6253,234,,285,855,17,342,1967,t3_calmveil
standard,72,r1,red,top,坦克,shiqiang,standard,0,3,3,0,12447,28317,11998,486.1,7.73,15.54,20.83,3,1,1,2,3,884,434,419,2068,3834,5734,7349,6253,943,,,,,152,,t3_calmveil|t3_thornmail
standard,72,r2,red,jungle,刺客,yingsi,standard,0,5,1,2,11137,11084,14001,567.2,8.34,13.85,19.69,4,1,2,3,4,287,185,299,651,4137,7735,10429,6253,456,2280,,,1288,152,,t3_finalstring
standard,72,r3,red,mid,法師,bingshuang,standard,0,8,8,1,16853,18483,14674,594.5,9.19,16.38,21.42,4,1,1,2,4,503,817,710,844,4353,7317,10110,6253,950,2280,,475,,152,,t3_psyward
standard,72,r4,red,adc,射手,tianfa,standard,0,9,8,1,26856,12914,15168,614.5,8.09,16.57,20.58,4,1,1,2,4,766,868,1467,1318,4116,6548,10367,6253,636,2850,,475,,152,,t3_shieldbreaker|t3_rendspear
standard,72,r5,red,sup,輔助,fengshen,standard,0,0,5,5,7143,19316,12570,509.3,6.7,14.16,17.25,4,1,2,3,4,598,511,819,1870,4598,7541,9859,6253,319,,1140,,,152,1993,t3_calmveil
standard,73,b1,blue,top,坦克,longji,standard,1,0,2,1,9443,20010,9516,443.8,8.78,15.53,20.45,3,1,1,2,3,157,621,610,666,3707,5921,7840,6253,703,,142,285,,456,,t3_calmveil|t3_thornmail
standard,73,b2,blue,jungle,刺客,shanying,standard,1,4,1,0,5713,9856,11306,527.3,8.63,14.79,18.14,3,1,2,3,3,737,124,423,1176,3937,7254,10553,6253,133,2280,,285,1145,456,,t3_finalstring
standard,73,b3,blue,mid,法師,mingyun2,standard,1,6,3,2,11754,12349,13405,625.2,9.89,15.04,19.04,3,1,1,3,3,503,1739,1634,1505,4353,8239,12184,6253,962,2850,427,1235,,456,,t3_psyward
standard,73,b4,blue,adc,射手,dawnstrike,standard,1,3,1,0,13518,9067,10318,481.2,9.03,17.93,,2,1,1,2,2,547,307,159,1417,3897,5987,9059,6253,924,1140,,285,,456,,t3_shieldbreaker|t3_rendspear
standard,73,b5,blue,sup,輔助,shengguang,standard,1,3,1,0,4741,12354,11970,558.2,7.01,11.5,18.87,4,1,2,3,4,282,1178,1234,1089,4582,7658,10274,6253,354,1140,,285,,456,1785,t3_calmveil
standard,73,r1,red,top,坦克,longji,standard,0,3,1,0,10227,19920,11323,528.1,9.07,14.48,18.99,4,1,2,3,4,214,247,1043,172,4364,6397,9893,6253,1361,1710,,475,17,76,,t3_calmveil|t3_thornmail
standard,73,r2,red,jungle,刺客,shanying,standard,0,0,4,3,5711,10993,9620,448.7,8.98,16.18,,2,1,1,2,2,135,1036,977,1540,4585,6616,9057,6253,313,,855,,1559,76,,t3_finalstring
standard,73,r3,red,mid,法師,mingyun2,standard,0,1,5,0,12115,11861,8861,413.3,10.52,17.46,,2,0,1,2,2,1371,457,370,260,3631,5607,8400,6253,1026,570,,475,,76,,t3_psyward
standard,73,r4,red,adc,射手,dawnstrike,standard,0,3,3,0,11771,9020,9934,463.3,10.21,18.03,,2,0,1,2,2,1452,317,878,1084,3612,5997,8828,6253,883,1140,,475,,76,,t3_shieldbreaker|t3_rendspear
standard,73,r5,red,sup,輔助,shengguang,standard,0,1,3,0,4516,13480,10108,471.4,6.49,12.54,16.22,3,1,2,3,3,1975,1297,1048,1067,4475,7477,9628,6253,253,570,,475,,76,2000,t3_calmveil
standard,74,b1,blue,top,坦克,dadi,standard,0,0,1,0,7759,16566,8226,407.9,9.08,16.63,,2,1,1,2,2,152,112,442,495,3802,5512,8172,6253,817,,,950,,152,,t3_calmveil|t3_thornmail
standard,74,b2,blue,jungle,刺客,dianguang,standard,0,0,6,1,5502,9452,8022,397.8,8.92,17.08,,2,1,1,2,2,690,270,788,841,3890,5900,7968,6253,427,,142,,992,152,,t3_finalstring
standard,74,b3,blue,mid,法師,bingshuang,standard,0,1,2,0,9259,13358,9024,447.5,9.99,17.36,,2,1,1,2,2,180,148,570,623,4030,5778,8970,6253,1045,570,,950,,152,,t3_psyward
standard,74,b4,blue,adc,射手,yanfeng,standard,0,4,4,0,14910,9709,9841,488,10.09,18.42,,2,0,1,2,2,1376,618,467,1090,3536,5398,9217,6253,627,1710,,475,,152,,t3_shieldbreaker|t3_rendspear
standard,74,b5,blue,sup,坦克,bingshouweis,standard,0,1,1,1,4266,16616,10865,538.7,7.13,11.64,16.43,3,1,2,3,3,400,513,1231,1284,5200,7613,10811,6253,351,570,142,950,,152,2391,t3_calmveil|t3_thornmail
standard,74,r1,red,top,坦克,dadi,standard,1,3,0,0,8505,15588,10458,518.6,8.7,13.49,17.48,3,1,2,3,3,1280,113,185,428,4230,7403,10215,6253,617,1710,,1235,,399,,t3_calmveil|t3_thornmail
standard,74,r2,red,jungle,刺客,dianguang,standard,1,4,0,1,6835,10434,11313,561,8.99,14.6,18.12,3,1,2,3,3,132,307,369,612,4032,7307,11069,6253,242,2280,285,285,1324,399,,t3_finalstring
standard,74,r3,red,mid,法師,bingshuang,standard,1,1,2,1,10717,12107,9584,475.3,10.6,17.63,,2,0,1,2,2,1637,1033,291,184,3897,6633,9341,6253,1216,570,142,760,,399,,t3_psyward
standard,74,r4,red,adc,射手,yanfeng,standard,1,4,2,1,12765,8956,10971,544,11,16.19,19.88,3,0,1,3,3,1937,387,208,451,4097,6187,10728,6253,845,2280,285,760,,304,,t3_shieldbreaker|t3_rendspear
standard,74,r5,red,sup,坦克,bingshouweis,standard,1,2,2,3,6291,17212,11508,570.7,7.31,11.41,14.5,3,1,3,3,3,695,452,1285,1528,5195,9052,11265,6253,346,1140,712,285,,399,2128,t3_calmveil|t3_thornmail
standard,75,b1,blue,top,坦克,tixue,standard,1,1,2,1,9108,25529,11328,459.7,8.41,16.56,20.52,3,1,1,2,3,252,229,2053,1397,3802,5529,8683,6253,836,,,1425,17,152,,t3_calmveil|t3_thornmail
standard,75,b2,blue,jungle,刺客,leisuhunter,standard,1,3,2,2,9221,12706,12049,489,8.16,16.6,22.58,3,1,1,2,3,193,876,790,968,4043,6156,9120,6253,456,1140,142,,975,152,,t3_finalstring
standard,75,b3,blue,mid,法師,mingyun2,standard,1,7,5,1,17293,17058,14547,590.3,8.82,16.7,20.4,4,1,1,2,4,79,627,1527,716,4629,7127,10927,6253,1149,2280,142,950,,152,,t3_psyward
standard,75,b4,blue,adc,射手,siwang,standard,1,9,7,0,24629,12674,14670,595.3,9.84,17.86,21.22,4,1,1,2,4,604,364,914,1450,3954,6044,9464,6253,1111,1710,,237,,152,,t3_shieldbreaker|t3_rendspear
standard,75,b5,blue,sup,輔助,shiguang,standard,1,2,2,3,7072,17297,13812,560.5,6.48,11.33,16.43,5,1,2,3,5,1171,1250,931,611,5171,8280,9971,6253,323,1140,,237,51,152,1813,t3_calmveil
standard,75,r1,red,top,坦克,tixue,standard,0,3,1,0,11246,26381,11605,470.9,9.26,14.82,18.2,4,1,2,3,4,43,346,960,354,3593,6196,9990,6253,836,1710,,760,,430,,t3_calmveil|t3_thornmail
standard,75,r2,red,jungle,刺客,leisuhunter,standard,0,3,1,1,7306,11586,12843,521.2,7.21,15.95,19.2,3,1,1,3,3,325,1485,838,1763,4475,7065,10488,6253,204,1710,285,285,1320,430,,t3_finalstring
standard,75,r3,red,mid,法師,mingyun2,standard,0,5,7,0,14005,16912,13090,531.2,10.94,17.84,22.29,3,0,1,2,3,1485,166,1050,610,3745,6396,9550,6253,1092,1140,,760,,304,,t3_psyward
standard,75,r4,red,adc,射手,siwang,standard,0,7,10,0,23323,11979,13242,537.4,10.98,18.25,21.48,3,0,1,2,3,1376,461,882,1442,3536,5541,9132,6253,579,1710,,285,,304,,t3_shieldbreaker|t3_rendspear
standard,75,r5,red,sup,輔助,shiguang,standard,0,0,3,2,5803,16671,12172,493.9,6.15,11.62,18.98,4,1,2,3,4,525,318,1027,1771,4525,7048,9607,6253,251,,570,285,,430,1816,t3_calmveil
standard,76,b1,blue,top,坦克,stoneguard,standard,1,1,1,0,14484,35427,11796,435,7.4,14.74,20.4,4,1,2,2,4,274,163,469,466,3824,6313,8099,6253,1219,,,475,,152,,t3_calmveil|t3_thornmail
standard,76,b2,blue,jungle,刺客,voidrift,standard,1,1,5,1,9024,14205,11855,437.2,8.68,16.33,23.78,3,1,1,2,3,443,639,594,1024,3643,6219,8324,6253,323,570,,,1026,152,,t3_finalstring
standard,76,b3,blue,mid,法師,shikong,standard,1,5,8,1,17348,18493,13399,494.1,8.88,18.28,24.73,3,1,1,2,3,389,247,408,1198,4239,6177,8438,6253,988,570,,475,,152,,t3_psyward
standard,76,b4,blue,adc,射手,phantom,standard,1,11,6,0,36014,12974,17177,633.4,8.94,16.58,20.18,5,1,1,2,5,490,497,1108,1576,3840,6177,9958,6253,893,1710,,950,,152,,t3_shieldbreaker|t3_rendspear
standard,76,b5,blue,sup,輔助,tianshi,standard,1,1,4,3,7453,21518,13493,497.6,6.85,12.57,16.68,4,1,2,3,4,784,224,284,2042,4484,6954,9324,6253,224,,285,,,152,2408,t3_calmveil
standard,76,r1,red,top,坦克,stoneguard,standard,0,3,1,0,13838,23184,12674,467.4,8.47,13.77,19.63,4,1,2,3,4,871,536,314,524,3821,6386,9344,6253,855,1140,,665,51,380,,t3_calmveil|t3_thornmail
standard,76,r2,red,jungle,刺客,voidrift,standard,0,4,1,0,14959,16217,13782,508.2,8.93,14.36,20.46,4,1,2,2,4,157,358,1735,431,4007,7308,10065,6253,294,1710,,190,1236,380,,t3_finalstring
standard,76,r3,red,mid,法師,shikong,standard,0,5,5,3,25363,17309,14342,528.9,11.48,18.02,23.08,4,0,1,2,4,1523,209,421,512,3783,6709,8571,6253,988,,285,665,,380,,t3_psyward
standard,76,r4,red,adc,射手,phantom,standard,0,12,8,1,33782,14251,16971,625.8,10.07,15.55,19.48,5,0,1,3,5,1528,697,1013,1370,3688,6377,11013,6253,627,3420,142,190,,380,,t3_shieldbreaker|t3_rendspear
standard,76,r5,red,sup,輔助,tianshi,standard,0,0,4,7,8866,21191,13979,515.5,7.28,13.01,15.42,5,1,2,3,5,939,1291,1061,778,4639,8021,10101,6253,237,,712,190,,380,2327,t3_calmveil
standard,77,b1,blue,top,坦克,thornwall,standard,1,1,3,0,10405,34176,11982,433.1,9.4,15.69,19.31,4,1,1,3,4,757,761,230,731,3707,5911,8780,6253,703,570,,950,,304,,t3_calmveil|t3_thornmail
standard,77,b2,blue,jungle,刺客,miwu,standard,1,1,6,0,9666,16317,11649,421,8.65,17.8,24,3,1,1,2,3,625,250,221,768,3825,5880,7871,6253,304,,,,1010,304,,t3_finalstring
standard,77,b3,blue,mid,法師,lieyan,standard,1,5,5,1,23996,18423,14403,520.6,9.07,17.79,21.08,4,1,1,2,4,573,209,1068,303,4423,6389,9948,6253,1219,1140,285,712,34,304,,t3_psyward
standard,77,b4,blue,adc,射手,huanying,standard,1,10,7,1,43958,17557,17226,622.6,9.83,18.57,20.62,5,1,1,2,5,446,247,404,1625,3796,6047,9154,6253,839,570,,1187,,304,,t3_shieldbreaker|t3_rendspear
standard,77,b5,blue,sup,坦克,tieshixin,standard,1,0,6,2,9432,29390,12167,439.8,7.44,12.87,17.81,4,1,2,3,4,714,565,147,807,4614,7065,8947,6253,278,,,,,304,2111,t3_calmveil|t3_thornmail
standard,77,r1,red,top,坦克,thornwall,standard,0,5,1,1,15770,31415,14135,510.9,8.23,12.54,18.79,5,1,2,3,5,308,312,490,484,4258,7602,9920,6253,893,2280,,190,,304,,t3_calmveil|t3_thornmail
standard,77,r2,red,jungle,刺客,miwu,standard,0,7,3,1,17331,15945,16282,588.5,8.56,15.66,19.76,5,1,1,3,5,265,2046,431,982,4165,7376,11311,6253,408,2280,285,427,1353,304,,t3_finalstring
standard,77,r3,red,mid,法師,lieyan,standard,0,8,8,0,25677,20140,16035,579.6,10.08,17.23,22.31,4,0,1,2,4,1941,456,717,1634,4201,6956,9217,6253,950,570,,1140,,304,,t3_psyward
standard,77,r4,red,adc,射手,huanying,standard,0,6,5,2,31496,13666,14201,513.3,9.72,17.48,23.04,4,1,1,2,4,348,368,457,351,3698,6168,9037,6253,864,1140,285,190,,304,,t3_shieldbreaker|t3_rendspear
standard,77,r5,red,sup,坦克,tieshixin,standard,0,1,0,5,8323,26284,14923,539.4,6.84,13.02,16.98,5,1,2,3,5,587,867,595,1322,4487,7527,10575,6253,190,,855,427,,304,2545,t3_calmveil|t3_thornmail
standard,78,b1,blue,top,坦克,tieshixin,standard,1,1,1,1,10592,23328,10764,454.7,8.02,15.23,20.63,3,1,1,2,3,950,790,1199,734,3900,6190,8489,6253,1010,570,,427,,228,,t3_calmveil|t3_thornmail
standard,78,b2,blue,jungle,刺客,jueying,standard,1,1,3,0,5692,10891,10453,441.5,8.69,17.33,22.23,3,1,1,2,3,700,829,421,652,3900,6159,8071,6253,373,,,190,1026,228,,t3_finalstring
standard,78,b3,blue,mid,法師,shikong,standard,1,4,2,0,15708,15805,12455,526.1,9.95,17.55,22.77,3,1,1,2,3,114,437,400,1425,3964,6937,9800,6253,1276,1140,,902,,228,,t3_psyward
standard,78,b4,blue,adc,射手,guangsu,standard,1,5,3,2,19662,12059,12333,520.9,10.59,17.33,21.63,3,0,1,2,3,1405,449,1085,532,3565,5649,8765,6253,617,1140,285,190,51,228,,t3_shieldbreaker|t3_rendspear
standard,78,b5,blue,sup,坦克,xukong,standard,1,1,1,0,6821,20915,12443,525.6,7.78,11.49,16.87,4,1,2,3,4,685,575,1072,842,4585,7815,10452,6253,256,570,,665,,228,2479,t3_calmveil|t3_thornmail
standard,78,r1,red,top,坦克,tieshixin,standard,0,2,2,0,11068,23130,11787,497.9,8.46,16.23,19.57,4,1,1,3,4,323,283,267,157,3973,5683,9217,6253,912,570,,1140,,342,,t3_calmveil|t3_thornmail
standard,78,r2,red,jungle,刺客,jueying,standard,0,0,3,0,5061,10787,9697,409.6,8.61,17.07,,2,1,1,2,2,859,639,791,1266,4059,5969,8271,6253,259,,,190,1226,342,,t3_finalstring
standard,78,r3,red,mid,法師,shikong,standard,0,5,2,1,19736,15291,12455,526.1,9.95,18.43,23.12,3,1,1,2,3,50,466,320,855,3900,6066,8650,6253,1152,570,142,190,,342,,t3_psyward
standard,78,r4,red,adc,射手,guangsu,standard,0,3,3,1,15200,12576,11249,475.1,9.64,17.17,23.65,3,1,1,2,3,256,599,1050,98,3606,6399,8850,6253,639,1140,,665,,152,,t3_shieldbreaker|t3_rendspear
standard,78,r5,red,sup,坦克,xukong,standard,0,0,2,2,8587,21542,10603,447.9,7.96,12.18,18.67,3,1,2,3,3,265,295,169,623,4715,7235,9249,6253,380,,142,190,,342,1941,t3_calmveil|t3_thornmail
standard,79,b1,blue,top,坦克,bingshouweis,standard,1,2,6,3,9365,33711,13174,511.5,8.39,16.32,20.56,4,1,1,2,4,290,1051,1169,1424,3840,6101,8799,6253,1026,570,,950,,0,,t3_calmveil|t3_thornmail
standard,79,b2,blue,jungle,戰士,langwang,standard,1,2,4,0,7607,19196,11077,430,6.95,15.31,22.33,3,1,1,2,3,578,1357,522,626,4328,6787,8702,6253,437,1140,,,872,0,,t3_shieldbreaker|t3_finalstring
standard,79,b3,blue,mid,法師,lieyan,standard,1,7,7,2,24862,19200,14697,570.6,8.98,17.08,20.57,4,1,1,2,4,1038,288,1261,1047,4888,6788,10341,6253,1048,2280,285,475,,0,,t3_psyward
standard,79,b4,blue,adc,射手,mori,standard,1,6,6,1,28053,11673,12779,496.1,9.24,19.51,24.43,3,1,1,2,3,367,474,188,979,3717,5554,7188,6253,883,,,,51,0,,t3_shieldbreaker|t3_rendspear
standard,79,b5,blue,sup,輔助,fuwenbianzhi,standard,1,1,6,2,6468,23576,12190,473.2,5.73,12.07,16.96,4,1,2,3,4,541,1202,704,739,4541,7382,9164,6253,405,,,475,,0,2030,t3_calmveil
standard,79,r1,red,top,坦克,bingshouweis,standard,0,4,1,2,15759,29332,14647,568.6,7.97,11.88,17.76,5,1,2,3,5,333,207,841,1096,4483,7137,10291,6253,1187,1140,285,855,,570,,t3_calmveil|t3_thornmail
standard,79,r2,red,jungle,戰士,langwang,standard,0,9,4,0,18768,19872,16092,624.7,9.33,16.6,18.92,5,1,1,3,5,877,2557,1626,841,3977,7087,11476,6253,202,2850,,380,1219,570,,t3_shieldbreaker|t3_finalstring
standard,79,r3,red,mid,法師,lieyan,standard,0,2,7,1,20183,16820,11445,444.3,10.29,18.52,24.43,3,0,1,2,3,1666,177,266,595,3926,6377,8296,6253,1187,,95,380,,380,,t3_psyward
standard,79,r4,red,adc,射手,mori,standard,0,14,4,3,44610,12169,18896,733.6,9.53,15.29,18.32,5,1,1,3,5,424,1412,1268,3296,3774,7092,13068,6253,687,4560,380,617,,570,,t3_shieldbreaker|t3_rendspear
standard,79,r5,red,sup,輔助,fuwenbianzhi,standard,0,0,2,7,7345,16729,13909,540,7.41,12.51,15.86,5,1,2,4,5,323,747,364,709,4623,7777,10864,6253,231,,1235,617,,570,1957,t3_calmveil
standard,80,b1,blue,top,坦克,tiankong,standard,0,0,2,0,11399,24066,8299,380.1,8.96,17.3,,2,1,1,2,2,729,283,226,568,3679,5433,7656,6253,680,,,475,,247,,t3_calmveil|t3_thornmail
standard,80,b2,blue,jungle,戰士,anliuyouXia,standard,0,2,0,0,7003,14858,9706,444.6,8.64,16.04,,2,1,1,2,2,709,1008,323,1106,3809,6488,8923,6253,323,1140,,,959,247,,t3_finalstring|t3_shieldbreaker
standard,80,b3,blue,mid,法師,shikong,standard,0,1,3,1,14419,13144,9090,416.4,10.47,18.65,,2,0,1,2,2,1751,262,175,490,4011,6462,8505,6253,1292,570,142,,,247,,t3_psyward
standard,80,b4,blue,adc,射手,leiting,standard,0,4,2,0,19075,11578,10382,475.5,10.33,18.03,,2,0,1,2,2,2060,244,431,1632,4220,6044,8581,6253,703,1140,,237,,247,,t3_shieldbreaker|t3_rendspear
standard,80,b5,blue,sup,坦克,thornwall,standard,0,0,3,1,4150,18617,11283,516.8,6.46,13.33,19.55,4,1,2,3,4,168,237,318,383,4668,7017,10698,6253,345,,142,1187,,152,2617,t3_calmveil|t3_thornmail
standard,80,r1,red,top,坦克,tiankong,standard,1,4,0,1,12087,19952,12100,554.2,8.87,13.09,17.48,4,1,2,3,4,1954,357,1275,449,4904,7647,11305,6253,874,2280,142,1425,26,304,,t3_calmveil|t3_thornmail
standard,80,r2,red,jungle,戰士,anliuyouXia,standard,1,2,1,1,8099,13262,10826,495.9,9.2,16.72,21.66,3,1,1,2,3,1101,1554,1166,276,4201,7034,9766,6253,215,1140,142,475,1235,304,,t3_finalstring|t3_shieldbreaker
standard,80,r3,red,mid,法師,shikong,standard,1,1,2,1,14853,11278,9752,446.7,10.5,18.58,,2,0,1,2,2,1390,241,488,352,3650,5841,8938,6253,1051,570,285,475,,304,,t3_psyward
standard,80,r4,red,adc,射手,leiting,standard,1,3,4,0,18499,10645,10059,460.7,9.93,17.57,,2,1,1,2,2,101,322,164,1479,3451,5522,8144,6253,541,570,,475,,304,,t3_shieldbreaker|t3_rendspear
standard,80,r5,red,sup,坦克,thornwall,standard,1,0,0,5,7883,17272,11276,516.5,6.83,12.98,16.85,3,1,2,3,3,796,420,464,1296,4696,7660,10444,6253,433,,1140,475,,304,1837,t3_calmveil|t3_thornmail
standard,81,b1,blue,top,戰士,jingci,standard,0,1,3,0,9664,24830,10145,457.7,10.4,16.68,21.7,3,0,1,2,3,1764,548,753,195,3814,6078,9403,6253,810,570,,1377,68,323,,t3_shieldbreaker|t3_finalstring
standard,81,b2,blue,jungle,戰士,embercoil,standard,0,0,3,0,3844,12632,8958,404.1,9.86,17.38,,2,1,1,2,2,147,767,1153,357,3947,6247,8253,6253,392,,,190,1094,323,,t3_shieldbreaker|t3_finalstring
standard,81,b3,blue,mid,法師,lieyan,standard,0,1,3,1,12964,14401,9637,434.7,9.64,18.17,,2,1,1,2,2,446,212,377,586,4296,6712,8707,6253,943,570,285,427,,228,,t3_psyward
standard,81,b4,blue,adc,射手,liangzi,standard,0,10,4,0,23672,10668,14257,643.2,8.64,16.66,19.6,3,1,1,3,3,990,1244,161,2457,4340,6924,11541,6253,785,3990,,190,,323,,t3_shieldbreaker|t3_rendspear
standard,81,b5,blue,sup,坦克,tiebi,standard,0,0,3,0,5296,20439,10803,487.3,7.53,12.38,18.57,3,1,2,3,3,733,595,680,822,4633,7255,10060,6253,335,,,665,,323,2482,t3_calmveil|t3_thornmail
standard,81,r1,red,top,戰士,jingci,standard,1,2,0,0,8263,20545,11113,501.3,8.13,17.13,20.23,3,1,1,2,3,275,1008,1580,262,4125,6538,10230,6253,1273,1140,,1235,,329,,t3_shieldbreaker|t3_finalstring
standard,81,r2,red,jungle,戰士,embercoil,standard,1,3,1,1,6707,15600,11462,517.1,9.03,15.84,21.14,3,1,1,2,3,978,1353,1165,661,4778,6833,9765,6253,294,1140,,285,1462,329,,t3_shieldbreaker|t3_finalstring
standard,81,r3,red,mid,法師,lieyan,standard,1,2,6,0,14771,14153,10204,460.3,11.14,18.77,,2,0,1,2,2,1599,587,332,923,3859,6187,8182,6253,1092,,,760,,76,,t3_psyward
standard,81,r4,red,adc,射手,liangzi,standard,1,8,4,3,29934,8616,13355,602.5,9.95,16.66,19.6,3,1,1,3,3,226,845,814,2874,4226,6525,11294,6253,690,3990,,285,,76,,t3_shieldbreaker|t3_rendspear
standard,81,r5,red,sup,坦克,tiebi,standard,1,1,1,4,5463,19178,12927,583.2,7.13,12.9,18.52,4,1,2,3,4,28,553,1067,726,4528,6913,11047,6253,183,,570,1235,,329,2476,t3_calmveil|t3_thornmail
standard,82,b1,blue,top,戰士,longyi,standard,1,2,0,0,19555,35517,13163,463.9,8.61,16.06,22.4,3,1,1,2,3,700,1163,209,1763,3850,6643,8809,6253,826,1140,,285,,304,,t3_shieldbreaker|t3_finalstring
standard,82,b2,blue,jungle,戰士,hunpo,standard,1,1,4,1,9886,16453,12989,457.8,10.26,18.68,23.87,3,0,1,2,3,1611,795,761,1179,3821,6295,8211,6253,513,,,285,856,304,,t3_psyward
standard,82,b3,blue,mid,法師,auralith,standard,1,12,8,0,28996,20282,18449,650.2,10.24,19.48,22.82,5,0,1,2,5,1561,280,416,2349,3821,6130,7916,6253,1073,,,285,,304,,t3_psyward
standard,82,b4,blue,adc,射手,liangzicz,standard,1,10,2,0,40851,10493,17040,600.5,10.28,16.7,20.28,4,0,1,2,4,1671,345,1622,3819,3831,6025,10522,6253,779,2850,,285,51,304,,t3_shieldbreaker|t3_rendspear
standard,82,b5,blue,sup,輔助,zhanchang,standard,1,0,3,1,6323,22784,13660,481.4,6.13,12.25,16.23,4,1,2,3,4,658,482,933,2209,4658,7512,9393,6253,303,,285,285,,304,1961,t3_calmveil
standard,82,r1,red,top,戰士,longyi,standard,0,2,2,0,18396,40810,12134,427.6,8.53,16.76,22.44,3,1,1,2,3,671,144,178,734,3821,5624,8778,6253,988,570,,950,17,0,,t3_shieldbreaker|t3_finalstring
standard,82,r2,red,jungle,戰士,hunpo,standard,0,5,7,1,11748,16266,15025,529.5,9.23,17,22.06,4,1,1,2,4,475,383,386,1294,4275,6783,9686,6253,313,1140,285,,1694,0,,t3_psyward
standard,82,r3,red,mid,法師,auralith,standard,0,1,6,0,18642,18829,11306,398.4,11.29,20.64,25.96,3,0,1,1,3,1409,80,582,505,3669,5360,7032,6253,779,,,,,0,,t3_psyward
standard,82,r4,red,adc,射手,liangzicz,standard,0,9,8,1,35717,13541,15371,541.7,9.91,18.2,22.82,4,1,1,2,4,186,447,973,1521,3536,5227,8923,6253,722,1710,,237,,0,,t3_shieldbreaker|t3_rendspear
standard,82,r5,red,sup,輔助,zhanchang,standard,0,0,2,1,10495,22522,13239,466.6,6.59,12.86,17.38,5,1,2,3,5,244,749,563,39,4544,6929,9023,6253,389,,,237,,0,2143,t3_calmveil
standard,83,b1,blue,top,戰士,chichuan,standard,1,0,2,0,13781,23618,9087,392.8,9.77,18.1,,2,1,1,2,2,510,403,326,487,3660,5883,7726,6253,807,,,285,,380,,t3_shieldbreaker|t3_finalstring
standard,83,b2,blue,jungle,戰士,leimingcf,standard,1,0,2,0,5804,17962,9441,408.1,8.1,16.71,,2,1,1,2,2,666,890,281,890,3766,6320,8231,6253,133,,,285,1179,380,,t3_shieldbreaker|t3_finalstring
standard,83,b3,blue,mid,法師,xingjie,standard,1,3,1,0,18098,15158,11005,475.7,8.65,15.58,22.6,3,1,1,2,3,625,901,243,454,4475,7401,9643,6253,1014,1710,,285,,380,,t3_psyward
standard,83,b4,blue,adc,射手,xingchen,standard,1,6,3,0,15717,10492,12643,546.5,8.83,17.89,20.14,3,1,1,2,3,465,301,1261,843,3815,5981,10161,6253,962,2280,,285,,380,,t3_shieldbreaker|t3_rendspear
standard,83,b5,blue,sup,輔助,hexweave,standard,1,1,3,0,6461,15112,12367,534.6,6.53,12.18,14.22,4,1,3,3,4,928,67,1851,1406,4628,8067,11081,6253,273,570,,1235,,380,2368,t3_calmveil
standard,83,r1,red,top,戰士,chichuan,standard,0,5,0,1,15663,24454,12474,539.2,9.33,16.47,20.63,3,1,1,2,3,538,429,1695,1073,3688,5909,10295,6253,912,1710,142,1108,17,152,,t3_shieldbreaker|t3_finalstring
standard,83,r2,red,jungle,戰士,leimingcf,standard,0,2,2,1,10871,17339,10479,453,8.76,17.63,21.93,3,1,1,2,3,757,654,1079,148,3857,5784,9329,6253,164,1140,285,158,1175,152,,t3_shieldbreaker|t3_finalstring
standard,83,r3,red,mid,法師,xingjie,standard,0,1,3,2,15771,12951,9366,404.9,11.44,18.28,,2,0,1,2,2,1251,476,335,385,3511,6076,8365,6253,962,570,427,,,152,,t3_psyward
standard,83,r4,red,adc,射手,xingchen,standard,0,3,5,1,15881,9843,10259,443.5,9.82,18.37,,2,1,1,2,2,360,416,1068,1358,3710,5496,8688,6253,858,1140,285,,,152,,t3_shieldbreaker|t3_rendspear
standard,83,r5,red,sup,輔助,hexweave,standard,0,0,0,0,6249,15378,10314,445.9,7.08,12.61,16.9,3,1,2,3,3,554,244,654,1084,4554,7274,9314,6253,332,,,633,,152,1942,t3_calmveil
standard,84,b1,blue,top,戰士,xueyue,standard,1,0,4,1,17870,28991,11357,458.5,9.07,17.02,21.08,3,1,1,2,3,975,885,533,506,4125,6415,8163,6253,1548,,285,,,76,,t3_shieldbreaker|t3_finalstring
standard,84,b2,blue,jungle,戰士,fengbao,standard,1,1,2,0,8925,19051,10429,421.1,8.65,16.81,23.39,3,1,1,2,3,780,866,704,528,3880,6346,8284,6253,342,570,,,1043,76,,t3_shieldbreaker|t3_finalstring
standard,84,b3,blue,mid,法師,auralith,standard,1,8,8,0,14454,18217,14064,567.9,9.88,17.96,21.18,3,1,1,2,3,446,239,1039,1864,4296,6139,9369,6253,855,1710,,475,,76,,t3_psyward
standard,84,b4,blue,adc,射手,dujian,standard,1,3,9,0,21489,12178,10961,442.6,9.97,18.44,22.01,3,1,1,2,3,386,450,470,310,3736,6130,8090,6253,953,570,,237,,76,,t3_shieldbreaker|t3_rendspear
standard,84,b5,blue,sup,坦克,tiankong,standard,1,1,2,0,8876,24056,12753,514.9,6.53,13.63,18.52,4,1,2,3,4,362,287,570,953,5162,7527,10070,6253,253,570,,237,,76,2680,t3_calmveil|t3_thornmail
standard,84,r1,red,top,戰士,xueyue,standard,0,4,1,1,21528,26269,12734,514.2,9.07,16.34,20.17,3,1,1,2,3,614,989,1631,1284,3764,6519,10281,6253,893,1710,95,855,,475,,t3_shieldbreaker|t3_finalstring
standard,84,r2,red,jungle,戰士,fengbao,standard,0,4,0,2,12568,19418,13609,549.5,8.23,14.88,19.35,4,1,2,3,4,97,211,736,629,4377,7311,10336,6253,361,1140,380,380,1346,475,,t3_shieldbreaker|t3_finalstring
standard,84,r3,red,mid,法師,auralith,standard,0,6,1,1,23425,12366,13722,554.1,10.71,16.52,22.01,3,0,1,2,3,1998,57,351,3172,4258,6557,9331,6253,988,1140,95,380,,475,,t3_psyward
standard,84,r4,red,adc,射手,dujian,standard,0,8,10,1,22530,12231,14501,585.5,10.07,17.31,21.18,4,0,1,2,4,1414,345,1970,1281,3574,6025,9920,6253,912,1710,285,380,,380,,t3_shieldbreaker|t3_rendspear
standard,84,r5,red,sup,坦克,tiankong,standard,0,3,1,3,10861,21337,14848,599.5,7.2,12.24,16.35,4,1,2,4,4,345,971,320,2647,5095,8211,11920,6253,190,1710,285,380,,475,2626,t3_calmveil|t3_thornmail
standard,85,b1,blue,top,戰士,langwang,standard,0,0,2,0,7180,22604,8340,406.3,9.08,18.53,,2,1,1,2,2,595,161,292,110,3745,5341,8172,6253,893,,,950,,76,,t3_shieldbreaker|t3_finalstring
standard,85,b2,blue,jungle,戰士,ronggang,standard,0,0,4,0,2525,12075,7779,379,9.68,18.35,,2,1,1,2,2,805,1166,381,248,3905,5816,7611,6253,323,,,,958,76,,t3_shieldbreaker|t3_finalstring
standard,85,b3,blue,mid,法師,xingjie,standard,0,2,2,0,10542,12581,8948,436,10.78,18.19,,2,0,1,2,2,1352,349,250,418,3612,5949,8780,6253,836,1140,,475,,76,,t3_psyward
standard,85,b4,blue,adc,射手,tianfa,standard,0,2,5,0,14023,9410,8321,405.4,9.84,18.41,,2,1,1,2,2,281,231,253,421,3631,5911,8153,6253,684,1140,,,,76,,t3_shieldbreaker|t3_rendspear
standard,85,b5,blue,sup,輔助,mingyun,standard,0,0,2,0,4372,13104,9848,479.8,5.88,13.21,18.52,3,1,2,3,3,582,374,640,807,4582,6854,9680,6253,418,,,950,51,76,1931,t3_calmveil
standard,85,r1,red,top,戰士,langwang,standard,1,3,0,0,9688,19449,11459,558.3,9.88,16.21,19.63,3,1,1,3,3,627,1118,151,1079,3777,6598,10531,6253,734,1140,,1947,,456,,t3_shieldbreaker|t3_finalstring
standard,85,r2,red,jungle,戰士,ronggang,standard,1,0,0,1,6975,11634,9406,458.2,9.23,16.77,,2,1,1,2,2,253,1027,1412,855,4003,6457,8762,6253,318,,,285,1450,456,,t3_shieldbreaker|t3_finalstring
standard,85,r3,red,mid,法師,xingjie,standard,1,2,1,0,15784,10571,10378,505.6,10.43,17.55,,2,0,1,2,2,1613,301,1520,977,3873,6201,10020,6253,1410,1140,,760,,456,,t3_psyward
standard,85,r4,red,adc,射手,tianfa,standard,1,9,2,1,20738,8590,13708,667.9,9.6,13.8,17.93,4,1,2,3,4,144,406,1550,487,4144,7726,13350,6253,703,5130,285,522,,456,,t3_shieldbreaker|t3_rendspear
standard,85,r5,red,sup,輔助,mingyun,standard,1,1,1,2,4819,12450,11264,548.8,7.08,14.02,14.02,4,1,3,4,4,318,180,126,483,5168,8180,10906,6253,253,570,570,285,,456,2518,t3_calmveil
standard,86,b1,blue,top,戰士,kuangfeng,standard,0,0,6,0,11025,27327,8377,374.5,9.64,18.87,,2,1,1,2,2,595,336,265,497,3745,5816,7545,6253,760,,,285,,247,,t3_shieldbreaker|t3_finalstring
standard,86,b2,blue,jungle,戰士,rongyan,standard,0,0,5,0,4869,15707,9068,405.4,8.51,17.23,,2,1,1,2,2,815,1325,471,887,3915,6275,8171,6253,171,,,285,1215,247,,t3_shieldbreaker|t3_finalstring
standard,86,b3,blue,mid,法師,auralith,standard,0,0,5,0,11383,13894,9194,411.1,10.98,20.23,,2,0,1,1,2,1542,220,1463,214,3802,6120,7963,6253,1178,,,285,,247,,t3_psyward
standard,86,b4,blue,adc,射手,dawnstrike,standard,0,2,4,0,15540,9407,9118,407.7,9.74,19.78,,2,1,1,2,2,139,170,222,218,3489,5550,7222,6253,532,,,285,,152,,t3_shieldbreaker|t3_rendspear
standard,86,b5,blue,sup,輔助,shengguang,standard,0,1,3,0,5919,17330,10161,454.3,6.95,11.77,15.81,3,1,2,3,3,535,684,945,1121,4535,7714,9405,6253,209,570,,285,,247,1841,t3_calmveil
standard,86,r1,red,top,戰士,kuangfeng,standard,1,5,0,4,17799,22609,12690,567.4,9.15,16.51,19.27,3,1,1,3,3,614,317,410,1890,3764,5797,10490,6253,798,1710,855,570,,304,,t3_shieldbreaker|t3_finalstring
standard,86,r2,red,jungle,戰士,rongyan,standard,1,6,0,3,13897,14550,14338,641,7.65,15.39,17.04,4,1,1,3,4,180,2583,1604,1408,4410,8013,12954,6253,446,3420,285,570,1675,304,,t3_shieldbreaker|t3_finalstring
standard,86,r3,red,mid,法師,auralith,standard,1,3,2,0,12127,13905,10540,471.2,10.78,18.63,,2,0,1,2,2,1542,196,285,1139,3802,6396,8315,6253,855,570,,332,,304,,t3_psyward
standard,86,r4,red,adc,射手,dawnstrike,standard,1,7,1,1,21796,8733,13640,609.8,8.85,17.58,20.21,3,1,1,2,3,120,766,1964,1840,4420,6446,10864,6253,934,2280,285,807,,304,,t3_shieldbreaker|t3_rendspear
standard,86,r5,red,sup,輔助,shengguang,standard,1,2,0,4,6404,12484,12662,566.1,6.02,12.49,16.27,4,1,2,4,4,1530,439,222,1861,4630,7469,11022,6253,272,1140,570,570,,304,1912,t3_calmveil
standard,87,b1,blue,top,戰士,greymantle,standard,0,0,3,0,7776,19530,8315,410.3,9.57,17.69,,2,1,1,2,2,595,481,324,884,3745,5531,7754,6253,1026,,,475,,0,,t3_shieldbreaker|t3_finalstring
standard,87,b2,blue,jungle,戰士,tielian,standard,0,1,4,1,7191,13734,8676,428.1,8.63,16.95,,2,1,1,2,2,653,79,910,995,3753,5679,8590,6253,471,570,285,,1010,0,,t3_shieldbreaker|t3_finalstring
standard,87,b3,blue,mid,法師,xingjie,standard,0,1,3,0,12219,12850,8353,412.1,11.05,17.92,,2,0,1,2,2,1409,151,399,522,3669,5531,8229,6253,931,570,,475,,0,,t3_psyward
standard,87,b4,blue,adc,射手,yanfeng,standard,0,1,6,1,6913,11049,8381,413.6,9.2,19.78,,2,1,1,2,2,272,252,776,231,3622,5332,8296,6253,712,570,285,475,,0,,t3_shieldbreaker|t3_rendspear
standard,87,b5,blue,sup,坦克,bingshouweis,standard,0,0,2,0,5981,17844,9410,464.3,7.16,12.81,17.16,3,1,2,3,3,414,326,344,429,4614,7426,9324,6253,582,,,475,,0,2013,t3_calmveil|t3_thornmail
standard,87,r1,red,top,戰士,greymantle,standard,1,5,0,1,11482,17336,13065,644.6,8.61,13.1,17.73,4,1,2,4,4,76,414,239,514,3926,7564,12789,6253,1073,2850,142,1900,,570,,t3_shieldbreaker|t3_finalstring
standard,87,r2,red,jungle,戰士,tielian,standard,1,3,0,5,16396,11997,11925,588.4,7.64,14.22,17.73,3,1,2,3,3,292,309,670,945,4392,7109,11650,6253,617,1710,855,,1643,570,,t3_shieldbreaker|t3_finalstring
standard,87,r3,red,mid,法師,xingjie,standard,1,4,2,0,10996,11884,10731,529.5,8.97,16.93,,2,1,1,2,2,1130,592,1175,1450,4980,7092,10455,6253,1067,2280,,475,,380,,t3_psyward
standard,87,r4,red,adc,射手,yanfeng,standard,1,5,1,1,11933,7786,11280,556.6,9.96,15.47,19.27,3,1,1,3,3,112,1316,525,800,4412,6996,11005,6253,1046,2850,285,,,570,,t3_shieldbreaker|t3_rendspear
standard,87,r5,red,sup,坦克,bingshouweis,standard,1,1,0,5,6748,14426,11953,589.8,7.86,11.93,15.74,3,1,2,3,3,195,1204,1697,1973,4695,8444,11677,6253,299,570,997,475,,570,2512,t3_calmveil|t3_thornmail
standard,88,b1,blue,top,戰士,cinderfist,standard,1,0,4,0,11128,28403,10962,418.4,9.44,19.93,23.42,3,1,1,2,3,709,172,38,412,3859,5702,7368,6253,943,,,,,171,,t3_shieldbreaker|t3_finalstring
standard,88,b2,blue,jungle,戰士,greymantle,standard,1,2,3,0,14647,18575,11674,445.6,9.26,15.63,21.75,3,1,1,2,3,788,2519,347,694,3888,7099,8947,6253,202,1140,,,1179,171,,t3_shieldbreaker|t3_finalstring
standard,88,b3,blue,mid,法師,gambler,standard,1,6,5,1,30522,18745,14826,565.9,9.59,20.01,22.31,4,1,1,1,4,218,366,1197,1475,4068,5816,7697,6253,1083,,285,,,76,,t3_psyward
standard,88,b4,blue,adc,射手,xuanfeng,standard,1,9,7,1,35785,13200,15244,581.8,10.17,17.29,20.83,4,0,1,2,4,1595,136,116,1643,3755,5816,8666,6253,864,1140,,237,,171,,t3_shieldbreaker|t3_rendspear
standard,88,b5,blue,sup,坦克,xukong,standard,1,1,3,1,7280,26414,13258,506,6.35,12.64,18.66,4,1,2,3,4,149,317,330,1457,4649,7257,9530,6253,364,570,,237,,171,1934,t3_calmveil|t3_thornmail
standard,88,r1,red,top,戰士,cinderfist,standard,0,3,2,0,14964,29061,12088,461.4,8.78,17.23,22.39,3,1,1,2,3,519,647,333,637,3669,6177,8683,6253,684,570,,760,17,399,,t3_shieldbreaker|t3_finalstring
standard,88,r2,red,jungle,戰士,greymantle,standard,0,3,1,2,15006,19062,14043,536,8.6,15.44,18.45,4,1,1,3,4,308,1914,1331,1062,4408,7394,10931,6253,221,1140,570,522,1825,399,,t3_shieldbreaker|t3_finalstring
standard,88,r3,red,mid,法師,gambler,standard,0,6,8,0,19243,18063,13733,524.2,11.4,18.35,23.17,3,0,1,2,3,1390,264,416,1653,3650,5864,8866,6253,978,570,,760,,304,,t3_psyward
standard,88,r4,red,adc,射手,xuanfeng,standard,0,7,7,0,27028,13027,13755,525,10.93,18.93,22.31,4,0,1,2,4,1408,382,178,855,3568,5582,8128,6253,620,570,,285,,399,,t3_shieldbreaker|t3_rendspear
standard,88,r5,red,sup,坦克,xukong,standard,0,3,0,3,11536,27112,14849,566.8,7.08,12.26,15.85,5,1,2,4,5,638,803,453,1249,4538,8043,12053,6253,193,1710,285,997,,399,2215,t3_calmveil|t3_thornmail
standard,89,b1,blue,top,戰士,leimingcf,standard,0,2,0,1,10658,24441,11543,466.9,8.93,16,20.44,3,1,1,2,3,1057,893,1098,142,4207,6373,9698,6253,1013,1140,285,475,,532,,t3_shieldbreaker|t3_finalstring
standard,89,b2,blue,jungle,刺客,binghe,standard,0,3,2,0,5651,10979,12154,491.6,8.72,17.01,21.05,3,1,1,2,3,108,1095,1791,1073,3958,6375,9641,6253,316,1140,,475,924,532,,t3_finalstring
standard,89,b3,blue,mid,法師,ronghuo,standard,0,7,5,1,17751,16237,14279,577.5,10.58,18.18,21.88,4,0,1,2,4,1495,177,444,448,3755,6377,9844,6253,826,1140,142,950,,532,,t3_psyward
standard,89,b4,blue,adc,射手,phantom,standard,0,15,1,1,45252,12386,18574,751.2,8.19,13.97,18.81,5,1,2,3,5,406,114,866,2974,5306,7434,11346,6253,649,3420,,475,17,532,,t3_shieldbreaker|t3_rendspear
standard,89,b5,blue,sup,輔助,tianshi,standard,0,0,0,5,6317,13244,12440,503.1,7.06,11.53,16.22,4,1,2,3,4,1755,459,1807,1560,4855,7489,10387,6253,234,,997,475,,532,1894,t3_calmveil
standard,89,r1,red,top,戰士,leimingcf,standard,1,0,4,0,6611,26315,11096,448.8,8.38,18.45,23.91,3,1,1,2,3,709,775,1040,596,3859,5655,7840,6253,1111,,,475,,0,,t3_shieldbreaker|t3_finalstring
standard,89,r2,red,jungle,刺客,binghe,standard,1,2,6,1,5209,11720,11252,455.1,9.11,18.18,22.17,3,1,1,2,3,718,549,759,902,3918,5829,8359,6253,199,570,,,1336,0,,t3_finalstring
standard,89,r3,red,mid,法師,ronghuo,standard,1,2,6,1,17525,16454,11571,468,10.32,18.15,23.95,3,0,1,2,3,1599,399,171,441,3859,6149,8771,6253,1187,570,285,475,,0,,t3_psyward
standard,89,r4,red,adc,射手,phantom,standard,1,4,7,0,18103,13460,11989,484.9,9.97,19.71,23.2,3,1,1,2,3,148,56,123,839,3498,5256,7023,6253,769,,,,,0,,t3_shieldbreaker|t3_rendspear
standard,89,r5,red,sup,輔助,tianshi,standard,1,0,4,2,5714,17027,11766,475.9,6.65,13.68,16.05,4,1,2,3,4,475,329,942,886,4475,6879,9402,6253,266,,,475,16,0,2391,t3_calmveil
standard,90,b1,blue,top,戰士,jufeng,standard,1,2,3,1,14008,27210,11210,482.7,8.61,16.77,21.38,3,1,1,2,3,614,419,954,1259,3764,5949,8704,6253,836,,285,665,,665,,t3_shieldbreaker|t3_finalstring
standard,90,b2,blue,jungle,刺客,shanying,standard,1,6,5,2,10635,12166,13570,584.3,8.8,15.61,16.81,4,1,1,3,4,605,3868,665,1070,3805,7768,11795,6253,196,3420,285,190,975,475,,t3_finalstring
standard,90,b3,blue,mid,法師,gambler,standard,1,4,3,2,19215,14270,12119,521.8,10.23,17.71,23.03,3,0,1,2,3,1523,387,359,518,3783,5987,8809,6253,988,570,142,190,,665,,t3_psyward
standard,90,b4,blue,adc,射手,huanying,standard,1,8,5,1,28784,11162,14444,621.9,9.13,16.62,18.73,4,1,1,3,4,541,976,168,593,3891,6656,11368,6253,836,2850,142,665,51,570,,t3_shieldbreaker|t3_rendspear
standard,90,b5,blue,sup,坦克,ironclad,standard,1,0,0,3,5299,17328,12121,521.9,7.26,13.28,18.3,4,1,2,3,4,357,405,403,521,4557,7345,9483,6253,183,,285,190,,665,1906,t3_calmveil|t3_thornmail
standard,90,r1,red,top,戰士,jufeng,standard,0,3,3,1,13910,26257,11768,506.7,8.73,16.53,21.62,3,1,1,2,3,15,952,693,917,3865,6482,8743,6253,1013,1140,285,,51,0,,t3_shieldbreaker|t3_finalstring
standard,90,r2,red,jungle,刺客,shanying,standard,0,4,3,3,11665,12988,12824,552.2,6.13,12.93,17.7,4,1,2,3,4,182,1120,726,324,4862,7820,11376,6253,459,2280,712,,1671,0,,t3_finalstring
standard,90,r3,red,mid,法師,gambler,standard,0,0,4,0,11868,15678,8961,385.9,10.13,20.02,,2,0,1,1,2,1612,284,1343,211,3872,5734,7843,6253,1114,,,475,,0,,t3_psyward
standard,90,r4,red,adc,射手,huanying,standard,0,8,8,2,24651,10473,13319,573.5,9.08,16.78,20.83,4,1,1,2,4,357,284,431,98,3707,5664,9331,6253,845,1710,285,237,,0,,t3_shieldbreaker|t3_rendspear
standard,90,r5,red,sup,坦克,ironclad,standard,0,1,2,3,7461,21993,11571,498.2,7.12,12.75,16.93,3,1,2,3,3,664,170,485,1590,4864,7410,10465,6253,253,570,712,237,,0,2438,t3_calmveil|t3_thornmail
standard,91,b1,blue,top,戰士,anliuyouXia,standard,0,1,4,0,11352,30722,10833,452.1,9.08,16.58,23.24,3,1,1,2,3,662,748,174,282,3812,5978,8524,6253,1035,570,,475,,190,,t3_shieldbreaker|t3_finalstring
standard,91,b2,blue,jungle,刺客,anye,standard,0,3,4,1,9843,14236,11258,469.9,8.83,14.54,21.22,3,1,2,2,3,160,280,1330,777,4360,7460,9710,6253,380,1710,285,,891,190,,t3_finalstring
standard,91,b3,blue,mid,法師,ronghuo,standard,0,2,4,1,25298,17105,10696,446.5,9.98,18.16,23.79,3,1,1,2,3,34,329,336,146,3884,6259,8786,6253,1108,1140,285,,,0,,t3_psyward
standard,91,b4,blue,adc,射手,guangsu,standard,0,8,7,0,20331,10319,13635,569.1,10.32,17.05,21.03,4,0,1,2,4,1319,117,1400,935,3479,5797,9350,6253,722,1710,,475,,190,,t3_shieldbreaker|t3_rendspear
standard,91,b5,blue,sup,坦克,shengdun,standard,0,0,3,1,4893,21975,11404,476,6.7,12.48,20.24,3,1,2,2,3,666,255,1817,1423,4566,7195,9057,6253,364,,285,,,190,1964,t3_calmveil|t3_thornmail
standard,91,r1,red,top,戰士,anliuyouXia,standard,1,7,1,1,17078,26857,14500,605.2,7.08,13.63,18.55,4,1,2,3,4,370,445,345,1469,4220,8495,10775,6253,940,2850,,427,,304,,t3_shieldbreaker|t3_finalstring
standard,91,r2,red,jungle,刺客,anye,standard,1,0,3,1,11997,14473,10379,433.2,9.73,15.84,22.74,3,1,1,2,3,390,989,275,679,4290,6619,8655,6253,259,,285,190,1363,304,,t3_finalstring
standard,91,r3,red,mid,法師,ronghuo,standard,1,7,2,1,27297,14005,14861,620.3,10.31,16.84,20.2,4,0,1,2,4,1599,101,1451,460,3859,6301,10851,6253,1064,2280,285,665,,304,,t3_psyward
standard,91,r4,red,adc,射手,guangsu,standard,1,5,8,1,17571,10137,12115,505.7,9.22,17.69,22.28,3,1,1,2,3,376,136,431,1215,3726,5816,8381,6253,778,570,285,190,,304,,t3_shieldbreaker|t3_rendspear
standard,91,r5,red,sup,坦克,shengdun,standard,1,3,0,1,6845,21327,12786,533.7,7.23,13.3,17.88,4,1,2,3,4,784,469,687,586,4684,7409,10667,6253,338,1140,285,427,,304,1918,t3_calmveil|t3_thornmail
standard,92,b1,blue,top,戰士,tielian,standard,1,2,1,0,9393,24549,11633,483,8.84,16.36,20.53,3,1,1,2,3,833,1125,1311,232,3983,6605,9911,6253,1168,1140,,1045,,304,,t3_shieldbreaker|t3_finalstring
standard,92,b2,blue,jungle,刺客,wuxing,standard,1,1,3,0,6862,13647,10047,417.2,9.88,16.23,,2,1,1,2,2,177,983,498,1717,4507,6563,8348,6253,304,570,,95,821,304,,t3_finalstring
standard,92,b3,blue,mid,法師,gambler,standard,1,3,2,0,19150,13156,12155,504.7,10.93,17.86,,2,0,1,2,2,1447,262,459,2755,3707,6462,8609,6253,1007,,,1045,,304,,t3_psyward
standard,92,b4,blue,adc,射手,mori,standard,1,12,5,0,31460,12283,16525,686.2,10.75,15.27,18.33,4,0,1,3,4,1490,1181,723,2675,3650,6861,12523,6253,836,4560,,570,,304,,t3_shieldbreaker|t3_rendspear
standard,92,b5,blue,sup,輔助,fuwenbianzhi,standard,1,3,0,0,6117,18970,12952,537.8,7.13,10.96,14.08,4,1,3,3,4,535,376,1202,1501,4535,8076,10242,6253,142,1710,,95,,304,1737,t3_calmveil
standard,92,r1,red,top,戰士,tielian,standard,0,2,2,1,11094,24913,11427,474.5,9.2,17.16,20.78,3,1,1,2,3,861,465,943,627,4011,5645,9173,6253,1064,1140,285,95,51,285,,t3_shieldbreaker|t3_finalstring
standard,92,r2,red,jungle,刺客,wuxing,standard,0,0,3,0,8749,13033,9615,399.2,9.06,17.13,23.88,3,1,1,2,3,688,240,968,164,3888,5820,8098,6253,373,,,95,1090,285,,t3_finalstring
standard,92,r3,red,mid,法師,gambler,standard,0,4,5,0,21797,14783,11832,491.3,10.56,19.18,23,3,0,1,2,3,1504,139,470,1682,3764,5569,9350,6253,1102,1140,,570,,285,,t3_psyward
standard,92,r4,red,adc,射手,mori,standard,0,5,9,2,15730,12375,13127,545.1,10.17,18.33,19.87,3,0,1,3,3,1433,558,323,2327,3593,5458,9923,6253,677,1710,285,807,,190,,t3_shieldbreaker|t3_rendspear
standard,92,r5,red,sup,輔助,fuwenbianzhi,standard,0,0,2,0,4999,17510,10307,428,6.59,13.09,17.73,3,1,2,3,3,449,509,347,1266,4449,6989,8927,6253,392,,,332,,95,1853,t3_calmveil
standard,93,b1,blue,top,戰士,hunpo,standard,0,0,5,0,7692,21164,10106,406.4,11.28,18.88,,2,0,1,2,2,1276,279,382,1276,3536,5379,7982,6253,703,,,950,,76,,t3_psyward
standard,93,b2,blue,jungle,刺客,voidrift,standard,0,0,5,0,3446,10877,9685,389.5,8.69,17.35,24.83,3,1,1,2,3,585,1069,458,234,3785,5999,7888,6253,541,,,,1016,76,,t3_finalstring
standard,93,b3,blue,mid,法師,leiming,standard,0,3,5,0,13413,16106,11493,462.2,10.61,18.56,23.16,3,0,1,2,3,1599,308,1005,713,3859,5588,8305,6253,931,570,,475,,76,,t3_psyward
standard,93,b4,blue,adc,射手,leiting,standard,0,6,7,2,21721,14090,13471,541.7,10.07,17.69,20.87,3,0,1,2,3,1655,933,298,2490,3815,6133,9048,6253,1026,1140,,475,77,76,,t3_shieldbreaker|t3_rendspear
standard,93,b5,blue,sup,輔助,luminary,standard,0,0,3,1,6657,19271,11365,457.1,6.73,12.11,18.33,4,1,2,3,4,263,155,576,485,4563,6885,8576,6253,408,,,,,76,1838,t3_calmveil
standard,93,r1,red,top,戰士,hunpo,standard,1,12,2,0,21804,23580,17111,688.1,9.1,14.53,17.88,5,1,2,3,5,522,387,410,1010,4372,7887,12840,6253,1007,4560,,538,,481,,t3_psyward
standard,93,r2,red,jungle,刺客,voidrift,standard,1,1,1,1,4582,10539,11301,454.5,8.56,15.68,21.47,3,1,1,2,3,813,2113,805,870,4013,6563,9135,6253,161,570,285,380,1257,228,,t3_finalstring
standard,93,r3,red,mid,法師,leiming,standard,1,5,0,1,18449,15875,13520,543.7,10.68,17.6,21.99,3,0,1,2,3,1561,420,450,1089,3821,6120,8850,6253,1007,570,,538,,481,,t3_psyward
standard,93,r4,red,adc,射手,leiting,standard,1,6,5,3,24774,11039,14210,571.5,9.82,17.33,20.87,3,1,1,2,3,433,497,834,2410,3783,6177,9084,6253,1083,570,570,380,,228,,t3_shieldbreaker|t3_rendspear
standard,93,r5,red,sup,輔助,luminary,standard,1,1,1,1,3438,12548,12869,517.5,7.53,12.15,14.88,4,1,3,3,4,1193,88,2039,1419,5143,7788,10479,6253,313,570,,1013,,481,1847,t3_calmveil
standard,94,b1,blue,top,戰士,dushe,standard,1,1,1,0,12361,25237,11154,472.1,8.93,17.94,,2,1,1,2,2,66,229,160,2503,3916,5759,8210,6253,1045,,,475,,437,,t3_shieldbreaker|t3_finalstring
standard,94,b2,blue,jungle,刺客,miwu,standard,1,2,0,0,7224,10306,11245,476,8.97,16.73,22.31,3,1,1,2,3,707,863,636,764,3907,5843,9016,6253,408,570,,475,872,437,,t3_finalstring
standard,94,b3,blue,mid,法師,haixiao,standard,1,2,3,0,18480,15175,10090,427.1,9.84,20.62,,2,1,1,1,2,66,214,1045,1289,3916,5664,7545,6253,1045,,,,,247,,t3_psyward
standard,94,b4,blue,adc,射手,shensheng,standard,1,3,3,1,20739,8845,11607,491.3,9.73,16.64,22.47,3,1,1,2,3,544,456,713,406,3894,6136,9613,6253,1117,1140,285,475,,342,,t3_shieldbreaker|t3_rendspear
standard,94,b5,blue,sup,坦克,tiebi,standard,1,1,2,1,7847,20775,13060,552.8,6.49,13.93,16.39,4,1,2,3,4,211,414,2146,859,4661,7654,11226,6253,335,570,,950,,437,2680,t3_calmveil|t3_thornmail
standard,94,r1,red,top,戰士,dushe,standard,0,0,0,0,13936,27027,10641,450.4,8.39,16.39,21.23,3,1,1,2,3,294,1217,350,90,4144,6747,8400,6253,1330,,,665,,152,,t3_shieldbreaker|t3_finalstring
standard,94,r2,red,jungle,刺客,miwu,standard,0,0,3,0,6793,11047,9732,411.9,9.29,17.18,,2,1,1,2,2,175,672,606,1351,4075,6302,8206,6253,304,,,190,1306,152,,t3_finalstring
standard,94,r3,red,mid,法師,haixiao,standard,0,2,3,0,16474,14907,10166,430.3,10.1,17.95,,2,0,1,2,2,1580,114,269,1365,3840,6614,8419,6253,1254,570,,190,,152,,t3_psyward
standard,94,r4,red,adc,射手,shensheng,standard,0,7,3,0,14495,9062,12474,528,9.83,17.29,22.47,3,1,1,2,3,215,256,688,1094,3565,5636,9588,6253,712,2280,,190,,152,,t3_shieldbreaker|t3_rendspear
standard,94,r5,red,sup,坦克,tiebi,standard,0,0,0,1,7617,22145,11182,473.3,7.33,13.54,17.22,3,1,2,3,3,730,354,412,1201,4630,7594,9912,6253,351,,285,190,,152,2680,t3_calmveil|t3_thornmail
standard,95,b1,blue,top,戰士,fengbao,standard,0,2,5,0,13191,32451,11640,434.7,8.53,15.08,23.57,3,1,1,2,3,728,1495,666,239,3878,6975,8666,6253,1026,570,,665,,152,,t3_shieldbreaker|t3_finalstring
standard,95,b2,blue,jungle,刺客,guihuo,standard,0,0,5,0,8353,16986,10766,402.1,9.53,17.24,24.45,3,1,1,2,3,557,601,208,335,3757,6181,8058,6253,437,,,190,1026,152,,t3_finalstring
standard,95,b3,blue,mid,法師,leiming,standard,0,2,9,0,15580,17655,11437,427.2,11.26,19.99,25.72,3,0,1,2,3,1466,311,123,607,3726,5911,8153,6253,988,570,,190,,152,,t3_psyward
standard,95,b4,blue,adc,射手,liangzicz,standard,0,14,10,1,43204,13380,18163,678.4,10.07,15.28,19.64,5,0,1,3,5,2089,1761,697,2563,4249,7441,11317,6253,731,3990,,190,,152,,t3_shieldbreaker|t3_rendspear
standard,95,b5,blue,sup,輔助,fengshen,standard,0,1,5,2,7879,21241,13103,489.4,6.03,12.17,16.05,4,1,2,3,4,178,588,757,1653,4478,7138,9797,6253,161,570,,190,,152,2470,t3_calmveil
standard,95,r1,red,top,戰士,fengbao,standard,1,5,2,1,18449,29746,14845,554.4,9.61,15.58,20.63,4,1,1,2,4,747,925,2099,1864,3897,6405,10699,6253,1102,2280,285,475,,304,,t3_shieldbreaker|t3_finalstring
standard,95,r2,red,jungle,刺客,guihuo,standard,1,8,1,1,14608,16698,16656,622.1,8.81,14.57,18.1,5,1,2,3,5,998,33,540,1406,4198,7163,11620,6253,316,2850,142,,1753,304,,t3_finalstring
standard,95,r3,red,mid,法師,leiming,standard,1,6,5,3,23654,18115,15468,577.7,10.07,18.07,21,4,0,1,2,4,1656,461,188,1068,3916,5911,9588,6253,1273,570,712,475,,304,,t3_psyward
standard,95,r4,red,adc,射手,liangzicz,standard,1,14,10,0,40397,14128,18325,684.4,9.38,17.58,20.73,5,1,1,2,5,351,576,890,2724,3701,6256,9790,6253,715,2280,,237,,304,,t3_shieldbreaker|t3_rendspear
standard,95,r5,red,sup,輔助,fengshen,standard,1,1,1,4,6964,18938,13821,516.2,5.65,10.69,14.93,5,1,3,3,5,296,31,1231,621,5146,7731,10271,6253,392,570,570,237,51,304,1892,t3_calmveil
standard,96,b1,blue,top,戰士,langwang,standard,0,2,4,0,17448,38308,11274,401.1,8.94,18.86,25.18,3,1,1,2,3,576,279,331,293,3726,5759,7431,6253,741,,,285,,152,,t3_shieldbreaker|t3_finalstring
standard,96,b2,blue,jungle,刺客,jiansheng,standard,0,3,4,0,7029,14327,13438,478.1,9.18,16.21,21.28,4,1,1,2,4,852,1029,2117,88,4052,6609,10447,6253,468,1710,,285,1198,532,,t3_finalstring
standard,96,b3,blue,mid,法師,haixiao,standard,0,10,5,0,28419,20599,17012,605.2,8.95,18.89,21.91,5,1,1,2,5,446,162,150,861,4296,6662,9550,6253,959,1710,,285,,342,,t3_psyward
standard,96,b4,blue,adc,射手,xingchen,standard,0,16,7,2,46290,13508,19735,702.1,8.07,14.18,17.02,5,1,2,3,5,838,482,1033,4135,4188,8102,12833,6253,538,5130,285,285,,342,,t3_shieldbreaker|t3_rendspear
standard,96,b5,blue,sup,輔助,hexweave,standard,0,0,1,1,6538,18933,13502,480.3,7.03,13.11,16,4,1,2,3,4,282,606,1446,2051,4582,7636,10486,6253,332,,285,1235,,532,1847,t3_calmveil
standard,96,r1,red,top,戰士,langwang,standard,1,4,3,1,22563,39323,14631,520.5,8.77,16.56,20.38,4,1,1,2,4,110,1109,1361,1330,3910,6589,9591,6253,1095,1140,285,665,,152,,t3_shieldbreaker|t3_finalstring
standard,96,r2,red,jungle,刺客,jiansheng,standard,1,3,4,0,9043,13961,14069,500.5,8.74,15.29,21.36,4,1,1,2,4,233,1159,825,1319,4083,6739,8905,6253,297,570,,190,1442,152,,t3_finalstring
standard,96,r3,red,mid,法師,haixiao,standard,1,6,12,0,20885,21096,14526,516.8,9.28,18.23,24.67,4,1,1,2,4,411,523,529,1176,4261,6123,8859,6253,1124,1140,,190,,152,,t3_psyward
standard,96,r4,red,adc,射手,xingchen,standard,1,8,10,3,26110,11629,16122,573.6,9.63,16.99,21.63,5,1,1,2,5,265,443,864,522,3615,6123,9714,6253,791,1140,712,665,,152,,t3_shieldbreaker|t3_rendspear
standard,96,r5,red,sup,輔助,hexweave,standard,1,0,2,5,11321,19312,14721,523.7,6.55,12.18,19.23,5,1,2,3,5,270,158,1097,1521,4570,6888,10137,6253,262,,712,665,,152,2091,t3_calmveil
standard,97,b1,blue,top,戰士,kuangfeng,standard,0,0,2,0,6737,23942,8460,385.7,9.16,16.9,,2,1,1,2,2,779,852,293,430,3929,6152,7843,6253,1038,,,475,,76,,t3_shieldbreaker|t3_finalstring
standard,97,b2,blue,jungle,刺客,hundun,standard,0,0,6,0,8733,11629,8508,387.9,9.9,18.69,,2,1,1,2,2,252,225,257,428,4052,5905,7857,6253,430,,,,1096,76,,t3_psyward
standard,97,b3,blue,mid,法師,leiming,standard,0,1,6,0,11496,14025,8999,410.3,10.22,17.68,,2,0,1,2,2,2074,73,251,118,4334,6253,8381,6253,1007,570,,475,,76,,t3_psyward
standard,97,b4,blue,adc,射手,dujian,standard,0,2,6,0,9660,10523,9825,448,9.88,18.68,21.58,3,1,1,2,3,253,432,275,225,3603,5332,8125,6253,750,570,,475,,76,,t3_shieldbreaker|t3_rendspear
standard,97,b5,blue,sup,坦克,tiankong,standard,0,0,3,0,6549,20304,9907,451.7,7.19,12.95,17.87,3,1,2,3,3,290,608,409,426,4690,7008,9289,6253,307,,,,,76,2652,t3_calmveil|t3_thornmail
standard,97,r1,red,top,戰士,kuangfeng,standard,1,6,0,0,11508,17210,13775,628.1,8.81,15.95,17.56,4,1,1,3,4,633,2234,1170,325,3783,7714,11970,6253,1349,2850,,1045,17,456,,t3_shieldbreaker|t3_finalstring
standard,97,r2,red,jungle,刺客,hundun,standard,1,5,0,1,10720,11141,12907,588.5,8.86,13.93,19.27,3,1,2,3,3,49,560,564,477,5329,8360,11064,6253,475,2280,142,95,1362,456,,t3_psyward
standard,97,r3,red,mid,法師,leiming,standard,1,2,0,1,12872,12205,11089,505.6,11.82,15.48,21.35,3,0,1,2,3,1523,627,159,538,3783,7127,9559,6253,950,570,285,1045,,456,,t3_psyward
standard,97,r4,red,adc,射手,dujian,standard,1,8,3,2,19509,8542,13721,625.6,9.49,17.24,19.6,4,1,1,3,4,753,1168,195,500,4103,6848,10975,6253,604,2850,427,332,51,456,,t3_shieldbreaker|t3_rendspear
standard,97,r5,red,sup,坦克,tiankong,standard,1,2,0,1,6616,14911,12050,549.4,7.1,12.01,16.36,4,1,2,3,4,473,1224,926,550,4573,8404,10806,6253,345,1140,,332,,456,2278,t3_calmveil|t3_thornmail
standard,98,b1,blue,top,戰士,greymantle,standard,0,0,2,0,6161,24081,8425,384,8.77,17.72,,2,1,1,2,2,481,318,75,345,3631,5968,7805,6253,874,,,475,,202,,t3_shieldbreaker|t3_finalstring
standard,98,b2,blue,jungle,刺客,yueying,standard,0,0,5,0,6793,9694,8870,404.2,8.03,17.08,,2,1,1,2,2,762,676,329,739,3962,6006,8109,6253,370,,,,1282,202,,t3_finalstring
standard,98,b3,blue,mid,法師,haixiao,standard,0,0,5,0,12662,13368,8995,410,10.13,19.6,,2,0,1,2,2,1707,328,212,1345,3967,6228,7862,6253,1057,,,475,,76,,t3_psyward
standard,98,b4,blue,adc,射手,tianfa,standard,0,5,6,0,16541,11473,10426,475.2,9.32,17.15,21.33,3,1,1,2,3,262,384,778,346,3612,5284,8628,6253,589,1710,,,,76,,t3_shieldbreaker|t3_rendspear
standard,98,b5,blue,sup,坦克,shiqiang,standard,0,0,2,2,3998,18827,10363,472.3,6.87,14.28,17.88,3,1,2,3,3,108,591,357,782,4608,7391,9457,6253,224,,285,475,,202,2016,t3_calmveil|t3_thornmail
standard,98,r1,red,top,戰士,greymantle,standard,1,3,0,0,8893,23004,10901,496.8,7.59,15.25,19.49,3,1,1,3,3,899,1977,251,951,4049,7507,9901,6253,1254,1710,,190,,494,,t3_shieldbreaker|t3_finalstring
standard,98,r2,red,jungle,刺客,yueying,standard,1,1,1,3,5112,9291,11399,519.5,8.13,14.43,19.33,3,1,2,3,3,180,233,452,749,4380,7233,10152,6253,332,570,380,190,2122,304,,t3_finalstring
standard,98,r3,red,mid,法師,haixiao,standard,1,5,2,0,15335,13046,13257,604.2,9.9,14.59,21.13,3,1,2,2,3,66,261,1147,1357,3916,7811,10547,6253,1045,1140,,1615,,494,,t3_psyward
standard,98,r4,red,adc,射手,tianfa,standard,1,10,2,2,24120,9480,14997,683.5,9.24,15.28,17.74,4,1,1,3,4,364,2322,2264,1146,3714,8002,13464,6253,763,5130,380,427,16,494,,t3_shieldbreaker|t3_rendspear
standard,98,r5,red,sup,坦克,shiqiang,standard,1,1,0,3,5868,16490,12775,582.2,7.11,12.2,16.98,4,1,2,3,4,401,579,1262,574,4601,7819,11242,6253,367,,665,902,,494,2560,t3_calmveil|t3_thornmail
standard,99,b1,blue,top,戰士,ravager,standard,0,2,3,1,15082,32747,12201,491.1,9.57,17.02,20.87,3,1,1,2,3,211,1096,1888,800,4011,6576,9768,6253,1349,570,,1425,,171,,t3_shieldbreaker|t3_finalstring
standard,99,b2,blue,jungle,戰士,longyi,standard,0,0,4,1,7243,17955,9404,378.6,8.68,19.61,,2,1,1,2,2,544,548,319,1224,3644,5498,7549,6253,98,,95,,1027,76,,t3_shieldbreaker|t3_finalstring
standard,99,b3,blue,mid,法師,bingshuang,standard,0,6,5,0,20602,18032,13575,546.5,10.05,18.27,22.06,3,0,1,2,3,1618,254,541,1375,3878,5854,9141,6253,1197,570,,950,,171,,t3_psyward
standard,99,b4,blue,adc,射手,dawnstrike,standard,0,5,7,1,20792,11658,12149,489,9.27,16.81,21.19,3,1,1,2,3,481,179,1178,548,3831,5859,8798,6253,1138,1140,95,,,171,,t3_shieldbreaker|t3_rendspear
standard,99,b5,blue,sup,輔助,shengguang,standard,0,0,3,2,6063,16383,12586,506.7,6.94,13.93,15.49,4,1,2,3,4,491,508,695,1136,4491,7058,9735,6253,283,,95,475,51,171,2406,t3_calmveil
standard,99,r1,red,top,戰士,ravager,standard,1,3,0,0,13911,24708,12809,515.6,9.29,17.24,20.49,3,1,1,2,3,798,786,668,1408,3948,6266,9268,6253,1304,570,,760,,380,,t3_shieldbreaker|t3_finalstring
standard,99,r2,red,jungle,戰士,longyi,standard,1,4,1,0,10207,20629,12936,520.8,9.76,15.35,17.94,3,1,1,3,3,169,1445,269,1586,3919,6875,10719,6253,316,2280,,285,1203,380,,t3_shieldbreaker|t3_finalstring
standard,99,r3,red,mid,法師,bingshuang,standard,1,1,5,0,16320,14343,11146,448.7,11.05,20.2,24.23,3,0,1,1,3,1365,240,2135,596,3625,5990,8365,6253,972,,,760,,380,,t3_psyward
standard,99,r4,red,adc,射手,dawnstrike,standard,1,13,7,2,42532,11788,17967,723.3,9.47,15.8,20.12,5,1,1,2,5,332,1612,1498,2367,3682,7292,10398,6253,772,2280,427,285,,380,,t3_shieldbreaker|t3_rendspear
standard,99,r5,red,sup,輔助,shengguang,standard,1,1,0,2,7571,17010,12408,499.5,6.09,10.5,15.74,4,1,2,3,4,897,708,967,1447,5197,7738,10197,6253,281,570,142,760,17,380,1792,t3_calmveil
standard,100,b1,blue,top,戰士,dadi2,standard,0,0,4,1,11442,22502,8296,394.3,9.77,17.94,,2,1,1,2,2,519,400,163,496,3669,5930,7963,6253,874,,285,475,,76,,t3_shieldbreaker|t3_finalstring
standard,100,b2,blue,jungle,戰士,ravager,standard,0,0,3,0,6966,14949,8436,400.9,8.03,18.01,,2,1,1,2,2,747,631,686,555,3847,5811,7966,6253,399,,,158,1079,76,,t3_shieldbreaker|t3_finalstring
standard,100,b3,blue,mid,法師,mingyun2,standard,0,0,3,0,14560,13210,8397,399.1,10.14,18.97,,2,0,1,2,2,1599,334,376,167,3859,5664,8026,6253,1064,,,633,,76,,t3_psyward
standard,100,b4,blue,adc,射手,hanbing,standard,0,2,2,0,13291,9341,9794,465.5,10.28,16.63,20.66,3,0,1,2,3,1519,197,441,193,3679,5997,8891,6253,883,570,,1108,,76,,t3_shieldbreaker|t3_rendspear
standard,100,b5,blue,sup,坦克,tieshixin,standard,0,0,3,0,4228,17125,9327,443.3,7.38,13.65,17.96,3,1,2,3,3,673,391,118,527,4573,6891,8918,6253,427,,,,,76,2161,t3_calmveil|t3_thornmail
standard,100,r1,red,top,戰士,dadi2,standard,1,5,0,2,13860,25838,11717,556.9,8.96,14.08,19.58,3,1,2,3,3,557,573,352,687,3707,7423,10482,6253,810,2280,142,522,17,456,,t3_shieldbreaker|t3_finalstring
standard,100,r2,red,jungle,戰士,ravager,standard,1,0,0,7,12122,13033,11094,527.2,8.16,15.74,20.16,3,1,1,2,3,220,1684,1441,594,4320,7164,10041,6253,446,,855,285,1745,456,,t3_shieldbreaker|t3_finalstring
standard,100,r3,red,mid,法師,mingyun2,standard,1,5,0,2,15872,11408,12818,609.2,10.84,15.47,20.66,3,0,1,2,3,1504,456,2937,738,3764,6956,11687,6253,1035,2280,427,1235,,456,,t3_psyward
standard,100,r4,red,adc,射手,hanbing,standard,1,3,2,0,10366,8105,10082,479.2,10.18,17.98,,2,0,1,2,2,1528,512,439,1182,3688,5892,8989,6253,855,1140,,285,,456,,t3_shieldbreaker|t3_rendspear
standard,100,r5,red,sup,坦克,tieshixin,standard,1,2,0,3,6314,18505,12193,579.5,6.92,13.62,15.3,4,1,2,3,4,411,1462,1690,593,4611,8702,11670,6253,348,1140,570,522,,456,2380,t3_calmveil|t3_thornmail
standard,101,b1,blue,top,戰士,ronggang,standard,0,0,4,0,12638,27541,9159,376,9.26,17.21,,2,1,1,2,2,589,641,617,878,3739,6171,7767,6253,1000,,,285,,228,,t3_shieldbreaker|t3_finalstring
standard,101,b2,blue,jungle,戰士,xueyue,standard,0,1,4,0,7941,19073,10234,420.1,7.99,16.03,23.12,3,1,1,2,3,494,1757,664,33,4294,6637,8544,6253,126,570,,285,1080,228,,t3_shieldbreaker|t3_finalstring
standard,101,b3,blue,mid,法師,bingshuang,standard,0,1,5,0,17492,16514,10615,435.8,10.52,18.82,,2,0,1,2,2,1567,74,533,1215,3827,5974,8083,6253,842,,,760,,228,,t3_psyward
standard,101,b4,blue,adc,射手,xuanfeng,standard,0,7,11,0,22478,11708,13373,549,9.3,17.35,20.73,3,1,1,2,3,272,446,282,1773,3622,5826,9132,6253,655,1710,,285,,228,,t3_shieldbreaker|t3_rendspear
standard,101,b5,blue,sup,坦克,xukong,standard,0,1,2,0,7014,26488,10754,441.5,7.58,12.22,18.03,3,1,2,3,3,725,471,407,374,5225,7711,9307,6253,224,570,,285,,228,1746,t3_calmveil|t3_thornmail
standard,101,r1,red,top,戰士,ronggang,standard,1,4,1,2,19065,24668,13044,535.5,8.32,16.88,19.63,4,1,1,3,4,288,1002,444,494,4138,6532,10094,6253,886,1710,427,475,,342,,t3_shieldbreaker|t3_finalstring
standard,101,r2,red,jungle,戰士,xueyue,standard,1,6,0,2,13995,16401,14355,589.3,9.26,14.07,17.2,3,1,2,3,3,440,1193,268,2955,4240,7993,11668,6253,145,3420,285,,1222,342,,t3_shieldbreaker|t3_finalstring
standard,101,r3,red,mid,法師,bingshuang,standard,1,5,4,1,17859,15338,13525,555.3,11.01,18.03,22.77,3,0,1,2,3,1485,119,575,1445,3745,5569,9075,6253,912,570,285,712,,342,,t3_psyward
standard,101,r4,red,adc,射手,xuanfeng,standard,1,8,5,0,31447,10266,13937,572.2,11.2,18.79,23.18,3,0,1,2,3,1284,107,343,2137,3444,5487,8593,6253,573,1140,,475,,152,,t3_shieldbreaker|t3_rendspear
standard,101,r5,red,sup,坦克,xukong,standard,1,3,0,4,7341,20737,13983,574.1,6.74,10.45,17.11,4,1,2,3,4,344,1124,1643,1783,5694,8364,11623,6253,446,1710,997,237,,342,1635,t3_calmveil|t3_thornmail
standard,102,b1,blue,top,戰士,jingci,standard,1,0,4,0,8758,25014,8426,376.1,10.01,18.04,,2,0,1,2,2,1429,1169,155,875,3479,5569,7355,6253,532,,,475,,95,,t3_shieldbreaker|t3_finalstring
standard,102,b2,blue,jungle,戰士,jufeng,standard,1,0,3,0,7780,14079,8898,397.2,8.68,18.93,,2,1,1,2,2,726,1336,389,918,3826,5686,7889,6253,288,,,,1252,95,,t3_shieldbreaker|t3_finalstring
standard,102,b3,blue,mid,法師,mingyun2,standard,1,1,5,0,9026,15231,9687,432.5,11.38,17.62,,2,0,1,2,2,1378,557,155,1106,3638,5937,7685,6253,931,,,475,26,0,,t3_psyward
standard,102,b4,blue,adc,射手,phantom,standard,1,3,7,0,17424,11416,10367,462.8,10.43,17.89,,2,0,1,2,2,1493,392,420,1616,3653,5772,8270,6253,639,570,,712,,95,,t3_shieldbreaker|t3_rendspear
standard,102,b5,blue,sup,輔助,tianshi,standard,1,1,3,0,4532,15257,10907,486.9,6.2,11.52,16.18,4,1,2,3,4,808,937,911,507,5108,7487,9951,6253,269,570,,712,51,95,1999,t3_calmveil
standard,102,r1,red,top,戰士,jingci,standard,0,4,0,1,13648,26085,12330,550.5,8.82,15.47,20.75,3,1,1,2,3,135,1334,684,1350,3935,6814,9284,6253,959,1140,285,190,,456,,t3_shieldbreaker|t3_finalstring
standard,102,r2,red,jungle,戰士,jufeng,standard,0,7,0,1,13740,16634,13978,624,6.91,14.99,17.16,4,1,2,3,4,134,210,252,1527,5264,8160,11602,6253,209,2850,,190,1643,456,,t3_shieldbreaker|t3_finalstring
standard,102,r3,red,mid,法師,mingyun2,standard,0,5,2,3,19568,14512,12622,563.5,10.48,16.11,19.93,3,0,1,3,3,1672,1228,146,1021,3932,7428,10696,6253,899,1710,712,665,,456,,t3_psyward
standard,102,r4,red,adc,射手,phantom,standard,0,5,3,1,12177,9260,12017,536.5,9.63,17.53,20.45,3,1,1,2,3,386,1134,944,636,3736,6814,9844,6253,617,1710,142,665,,456,,t3_shieldbreaker|t3_rendspear
standard,102,r5,red,sup,輔助,tianshi,standard,0,1,0,6,4243,9283,12162,542.9,6.24,12.43,14.58,4,1,3,4,4,2160,389,221,1661,5260,8089,10721,6253,278,570,855,665,,456,1642,t3_calmveil
standard,103,b1,blue,top,戰士,tielian,standard,1,0,5,3,15387,34343,10444,406.1,8.84,18.18,24.88,3,1,1,2,3,576,32,825,543,3726,5512,7925,6253,760,,285,475,,152,,t3_shieldbreaker|t3_finalstring
standard,103,b2,blue,jungle,戰士,rongyan,standard,1,0,3,1,6699,20157,10151,394.7,9.07,17.28,24.65,3,1,1,2,3,770,765,103,600,3870,5895,7753,6253,304,,,,1044,152,,t3_shieldbreaker|t3_finalstring
standard,103,b3,blue,mid,法師,bingshuang,standard,1,5,5,0,23083,19112,14044,546.1,9.75,16.73,22.48,3,1,1,2,3,161,275,539,1964,4011,6025,9939,6253,1349,1710,,475,,152,,t3_psyward
standard,103,b4,blue,adc,射手,huanying,standard,1,9,8,1,28662,12994,14785,574.9,9.48,18.22,21.4,4,1,1,2,4,424,464,1460,1185,3774,5664,8780,6253,950,1140,285,,,152,,t3_shieldbreaker|t3_rendspear
standard,103,b5,blue,sup,輔助,mantra,standard,1,2,6,1,10846,23258,13440,522.6,6.53,12.2,14.9,4,1,3,3,4,581,210,599,2060,5181,7910,9829,6253,247,570,285,475,,152,1846,t3_calmveil
standard,103,r1,red,top,戰士,tielian,standard,0,7,1,1,26575,30796,14735,573,8.82,16.64,20.16,4,1,1,2,4,538,1001,1827,1285,3688,6481,10427,6253,798,1710,285,950,51,380,,t3_shieldbreaker|t3_finalstring
standard,103,r2,red,jungle,戰士,rongyan,standard,0,6,1,1,19428,19748,14697,571.5,9.98,13.44,19.47,4,1,2,3,4,39,900,552,1296,4689,7650,11302,6253,430,2280,142,475,1340,380,,t3_shieldbreaker|t3_finalstring
standard,103,r3,red,mid,法師,bingshuang,standard,0,5,6,3,16069,16760,13737,534.2,11.81,20.33,22.34,4,0,1,1,4,1447,108,2369,87,3707,6038,8869,6253,1190,570,,475,,380,,t3_psyward
standard,103,r4,red,adc,射手,huanying,standard,0,8,5,1,30764,10724,14611,568.2,10.03,20.34,21.4,3,0,1,1,3,1503,66,2888,3231,3663,5746,8568,6253,747,570,142,475,,380,,t3_shieldbreaker|t3_rendspear
standard,103,r5,red,sup,輔助,mantra,standard,0,1,3,9,7517,17983,14178,551.3,5.84,14.24,16.62,4,1,2,3,4,1432,481,744,3217,4532,7211,9974,6253,253,,570,475,,380,2042,t3_calmveil
standard,104,b1,blue,top,坦克,shiqiang,standard,0,0,4,1,10216,27438,8913,375.8,8.47,15.85,22.34,3,1,1,2,3,719,454,481,202,3669,5854,7631,6253,665,,142,475,,95,,t3_calmveil|t3_thornmail
standard,104,b2,blue,jungle,戰士,tielian,standard,0,2,3,0,12181,17252,9954,419.7,9.15,16.73,23.05,3,1,1,2,3,588,978,565,254,3688,6208,8665,6253,342,1140,,,929,0,,t3_finalstring|t3_shieldbreaker
standard,104,b3,blue,mid,法師,mingyun2,standard,0,0,3,0,13281,14793,9625,405.8,11.03,20.78,,2,0,1,1,2,1694,391,1313,325,3954,5721,7393,6253,1045,,,,,95,,t3_psyward
standard,104,b4,blue,adc,射手,guangsu,standard,0,4,8,0,11593,13865,11421,481.5,9.33,16.98,22.23,3,1,1,2,3,452,174,336,920,3802,5674,8486,6253,855,570,,712,,95,,t3_shieldbreaker|t3_rendspear
standard,104,b5,blue,sup,坦克,tiebi,standard,0,0,2,1,6492,23049,10463,441.2,6.77,13.25,17.29,3,1,2,3,3,515,752,259,883,4715,7252,9239,6253,361,,142,237,40,95,2109,t3_calmveil|t3_thornmail
standard,104,r1,red,top,坦克,shiqiang,standard,1,2,0,1,14882,21026,12476,526,7.91,13.6,18.33,3,1,2,3,3,1010,138,202,2445,3960,7128,9332,6253,1526,570,285,190,51,456,,t3_calmveil|t3_thornmail
standard,104,r2,red,jungle,戰士,tielian,standard,1,3,1,3,12937,15095,13563,571.9,8.18,15.83,18.8,4,1,1,3,4,879,3004,602,683,4679,8484,11152,6253,297,1140,855,427,1722,456,,t3_finalstring|t3_shieldbreaker
standard,104,r3,red,mid,法師,mingyun2,standard,1,2,2,2,12501,12407,11791,497.2,9.23,15.18,22.14,3,1,1,2,3,389,1007,349,191,4239,7507,9749,6253,950,1140,285,665,,456,,t3_psyward
standard,104,r4,red,adc,射手,guangsu,standard,1,11,3,0,32854,12164,16038,676.2,8.09,15.29,19.48,4,1,1,3,4,937,1109,1044,2187,4287,6909,11564,6253,769,3420,,665,,456,,t3_shieldbreaker|t3_rendspear
standard,104,r5,red,sup,坦克,tiebi,standard,1,2,0,1,7409,18931,12857,542.1,7.48,12.23,17.13,4,1,2,3,4,925,876,379,657,4525,8116,10359,6253,256,570,,427,,456,2396,t3_calmveil|t3_thornmail
standard,105,b1,blue,top,坦克,longji,standard,0,3,5,0,12690,40989,13227,458.5,8.62,15.08,18.82,4,1,1,3,4,662,1048,137,1896,3612,6348,8767,6253,633,1140,,475,,266,,t3_calmveil|t3_thornmail
standard,105,b2,blue,jungle,戰士,cinderfist,standard,0,0,6,1,7955,24008,11378,394.4,8.98,17.84,25.91,3,1,1,2,3,657,878,262,927,3757,5828,7792,6253,190,,142,,940,266,,t3_shieldbreaker|t3_finalstring
standard,105,b3,blue,mid,法師,shikong,standard,0,2,13,0,15541,20035,12214,423.3,10.42,19.77,25.48,3,0,1,2,3,1542,144,309,663,3802,5474,7659,6253,855,,,475,,76,,t3_psyward
standard,105,b4,blue,adc,射手,mori,standard,0,8,10,0,44315,17530,16398,568.4,9.63,18.08,20.75,4,1,1,2,4,488,956,301,2848,3838,6156,9051,6253,994,570,,950,17,266,,t3_shieldbreaker|t3_rendspear
standard,105,b5,blue,sup,輔助,zhanchang,standard,0,0,8,1,11695,28306,12544,434.8,6.83,12.66,16.77,4,1,2,3,4,563,311,1183,1094,4563,7041,9643,6253,481,,142,475,17,266,2007,t3_calmveil
standard,105,r1,red,top,坦克,longji,standard,1,2,1,3,14084,33623,13765,477.1,9.08,13.34,19.62,4,1,2,3,4,643,227,191,1615,3593,6557,9521,6253,665,570,570,1140,,323,,t3_calmveil|t3_thornmail
standard,105,r2,red,jungle,戰士,cinderfist,standard,1,8,2,0,23324,22562,17100,592.7,9.07,15.65,18.79,5,1,1,3,5,885,2146,849,1850,3985,7576,10399,6253,399,1710,,190,1524,323,,t3_shieldbreaker|t3_finalstring
standard,105,r3,red,mid,法師,shikong,standard,1,18,5,1,52635,19823,23243,805.7,9.73,14.58,19.15,5,1,2,3,5,617,299,1440,7093,4467,7849,12770,6253,1254,3420,,1615,,228,,t3_psyward
standard,105,r4,red,adc,射手,mori,standard,1,12,4,5,56658,14995,18962,657.3,9.38,16.74,19.6,5,1,1,3,5,272,412,276,3361,3622,6092,10576,6253,484,2280,570,665,,323,,t3_shieldbreaker|t3_rendspear
standard,105,r5,red,sup,輔助,zhanchang,standard,1,2,1,8,13447,18189,15964,553.4,6.08,12.74,14.13,5,1,3,3,5,255,458,1246,2764,5105,8158,10476,6253,313,1140,570,190,,323,1686,t3_calmveil
standard,106,b1,blue,top,坦克,dadi,standard,0,2,2,0,9579,25228,9557,427.7,7.53,14.13,21.58,3,1,2,2,3,389,555,1009,226,4239,6405,8239,6253,684,570,,427,,304,,t3_calmveil|t3_thornmail
standard,106,b2,blue,jungle,戰士,chichuan,standard,0,0,1,0,7320,13756,9421,421.7,8.67,16.69,,2,1,1,2,2,219,872,1303,1241,3969,6302,8533,6253,427,,,427,1120,304,,t3_shieldbreaker|t3_finalstring
standard,106,b3,blue,mid,法師,lieyan,standard,0,3,7,1,13699,13565,10355,463.5,10.83,18.66,,2,0,1,2,2,1438,196,152,1274,3698,6396,8752,6253,864,1140,,190,,304,,t3_psyward
standard,106,b4,blue,adc,射手,leiting,standard,0,3,6,1,16915,10201,10374,464.3,9.34,18.76,21.46,3,1,1,2,3,243,341,1486,373,3593,5721,8486,6253,646,570,285,427,,304,,t3_shieldbreaker|t3_rendspear
standard,106,b5,blue,sup,輔助,luminary,standard,0,0,4,3,5072,16456,11642,521.1,7.1,12.48,16.19,4,1,2,3,4,339,701,1574,262,4639,7731,10324,6253,228,,285,1377,26,304,1850,t3_calmveil
standard,106,r1,red,top,坦克,dadi,standard,1,3,0,0,11840,22634,11504,514.9,8.98,13.88,17.7,3,1,2,3,3,693,92,484,1574,4543,6842,10414,6253,1178,1710,,1045,,228,,t3_calmveil|t3_thornmail
standard,106,r2,red,jungle,戰士,chichuan,standard,1,2,1,1,9762,16022,10724,480,8.75,16.66,21.07,3,1,1,2,3,686,603,1058,874,3786,6033,9608,6253,509,1140,142,95,1239,228,,t3_shieldbreaker|t3_finalstring
standard,106,r3,red,mid,法師,lieyan,standard,1,6,3,1,13213,12331,12859,575.6,10.53,16.79,21.08,3,0,1,2,3,2074,290,1381,779,4334,6190,10781,6253,1070,2280,142,807,,228,,t3_psyward
standard,106,r4,red,adc,射手,leiting,standard,1,8,3,1,22041,9654,13496,604.1,9.21,17.1,20.25,3,1,1,2,3,405,543,1690,1695,3755,5623,10240,6253,1098,2280,285,95,,228,,t3_shieldbreaker|t3_rendspear
standard,106,r5,red,sup,輔助,luminary,standard,1,1,1,5,6116,13857,13233,592.3,6.26,12.84,16.07,4,1,2,4,4,497,417,766,2273,4497,7447,11726,6253,360,570,570,1757,,228,1985,t3_calmveil
standard,107,b1,blue,top,坦克,tixue,standard,0,0,2,0,6131,23053,8893,406.1,9.02,16.1,20.53,3,1,1,2,3,795,169,499,183,3745,5569,8229,6253,950,,,950,,76,,t3_calmveil|t3_thornmail
standard,107,b2,blue,jungle,戰士,dadi2,standard,0,1,1,0,7747,17113,8815,402.5,8.74,16.38,,2,1,1,2,2,700,906,328,585,3800,6386,8208,6253,266,570,,,1043,76,,t3_finalstring|t3_shieldbreaker
standard,107,b3,blue,mid,法師,shikong,standard,0,0,3,0,10530,13019,7924,361.8,10.33,20.77,,2,0,1,1,2,1599,233,817,74,3859,5683,7317,6253,988,,,,,76,,t3_psyward
standard,107,b4,blue,adc,射手,shensheng,standard,0,6,5,0,16413,11200,11813,539.4,9.32,15.66,19.18,3,1,1,3,3,417,969,542,1012,3767,6769,10142,6253,962,2850,,,,76,,t3_shieldbreaker|t3_rendspear
standard,107,b5,blue,sup,坦克,tiankong,standard,0,0,3,1,6853,20383,10461,477.7,6.6,13.73,20.05,3,1,2,2,3,641,237,2614,480,4541,6897,9854,6253,177,,285,950,51,76,2061,t3_calmveil|t3_thornmail
standard,107,r1,red,top,坦克,tixue,standard,1,3,1,1,6898,19370,11647,531.8,7.85,15.63,20.07,3,1,1,2,3,822,538,1888,2516,3772,5938,9178,6253,900,1140,142,285,,456,,t3_calmveil|t3_thornmail
standard,107,r2,red,jungle,戰士,dadi2,standard,1,1,0,2,9064,11375,11626,530.9,9.08,15.53,20.52,3,1,1,2,3,568,2588,1974,1075,4368,7768,10574,6253,446,570,427,760,1660,456,,t3_finalstring|t3_shieldbreaker
standard,107,r3,red,mid,法師,shikong,standard,1,2,1,3,24804,11372,11368,519.1,10.33,16.27,,2,0,1,2,2,1566,267,734,1967,3826,6467,10134,6253,954,1140,570,760,,456,,t3_psyward
standard,107,r4,red,adc,射手,shensheng,standard,1,7,5,0,19889,9833,13133,599.7,10.18,16.61,20.09,3,0,1,2,3,1474,399,1780,2913,3634,6199,10360,6253,611,2280,,760,,456,,t3_shieldbreaker|t3_rendspear
standard,107,r5,red,sup,坦克,tiankong,standard,1,1,0,2,8726,16871,11050,504.6,7.22,11.87,17.54,3,1,2,3,3,714,672,721,1069,4614,7612,10101,6253,240,570,570,285,,456,1725,t3_calmveil|t3_thornmail
standard,108,b1,blue,top,坦克,stoneguard,standard,1,0,4,0,10576,27104,9730,387.4,9.13,14.37,22.33,3,1,2,2,3,643,208,438,719,3593,6158,7868,6253,646,,,665,,304,,t3_calmveil|t3_thornmail
standard,108,b2,blue,jungle,戰士,langwang,standard,1,0,5,0,10501,17712,10326,411.1,9.29,16.89,23.95,3,1,1,2,3,957,997,227,326,4057,6227,8027,6253,342,,,190,938,304,,t3_finalstring|t3_shieldbreaker
standard,108,b3,blue,mid,法師,lieyan,standard,1,0,9,0,15485,15992,9369,373,11.63,21.34,,2,0,1,1,2,1257,410,969,568,3517,5740,7469,6253,722,,,190,,304,,t3_psyward
standard,108,b4,blue,adc,射手,liangzicz,standard,1,5,5,0,19668,13065,13139,523.1,9.52,19.23,22.03,4,1,1,2,4,232,248,178,538,3582,5748,8028,6253,693,570,,190,17,304,,t3_shieldbreaker|t3_rendspear
standard,108,b5,blue,sup,坦克,tiemu,standard,1,0,5,0,7845,25085,11583,461.2,7.03,12.53,17.88,4,1,2,3,4,335,69,184,382,4535,7309,9684,6253,256,,,190,,304,2680,t3_calmveil|t3_thornmail
standard,108,r1,red,top,坦克,stoneguard,standard,0,5,1,1,14011,22294,13978,556.5,6.67,12.42,17.18,5,1,2,3,5,458,1627,1270,328,4408,8037,11300,6253,1045,2850,285,570,68,228,,t3_calmveil|t3_thornmail
standard,108,r2,red,jungle,戰士,langwang,standard,0,5,0,2,14981,15977,14201,565.4,9.48,13.98,18.46,4,1,2,3,4,562,32,640,900,4842,7732,11670,6253,617,2850,285,95,1341,228,,t3_finalstring|t3_shieldbreaker
standard,108,r3,red,mid,法師,lieyan,standard,0,6,3,1,20976,16025,14160,563.8,10.09,18.14,22.93,4,0,1,2,4,1694,599,439,330,3954,6199,8289,6253,1428,,285,95,,228,,t3_psyward
standard,108,r4,red,adc,射手,liangzicz,standard,0,10,1,2,30644,13721,16910,673.2,7.46,16.18,19.66,5,1,1,3,5,137,983,287,1309,4617,6783,10507,6253,1149,2280,,570,26,228,,t3_shieldbreaker|t3_rendspear
standard,108,r5,red,sup,坦克,tiemu,standard,0,2,0,2,9911,23581,13198,525.5,6.95,13.12,18.39,4,1,2,3,4,411,651,369,998,4611,7011,10349,6253,281,570,285,95,,228,2635,t3_calmveil|t3_thornmail
standard,109,b1,blue,top,坦克,thornwall,standard,0,1,6,0,8340,23191,9738,431.2,8.08,14.65,19.97,3,1,2,3,3,814,232,250,208,3764,6082,8400,6253,931,570,,475,,171,,t3_calmveil|t3_thornmail
standard,109,b2,blue,jungle,戰士,anliuyouXia,standard,0,1,5,0,7537,16164,9021,399.5,9.57,16.83,,2,1,1,2,2,647,912,264,841,3747,6342,8094,6253,209,570,,,890,171,,t3_shieldbreaker|t3_finalstring
standard,109,b3,blue,mid,法師,shikong,standard,0,0,3,0,12502,15089,8636,382.4,10.72,20.65,,2,0,1,1,2,1599,315,1218,236,3859,5645,7298,6253,874,,,,,171,,t3_psyward
standard,109,b4,blue,adc,射手,xingchen,standard,0,4,6,2,15519,10781,10745,475.8,9.31,18.74,21.65,3,1,1,2,3,547,127,192,1045,3897,5807,8742,6253,988,1140,285,,,76,,t3_shieldbreaker|t3_rendspear
standard,109,b5,blue,sup,輔助,hexweave,standard,0,0,3,2,5009,17155,10105,447.5,6.13,12.88,15.46,3,1,2,3,3,1220,473,820,1064,4620,7503,9280,6253,265,,285,475,,171,1829,t3_calmveil
standard,109,r1,red,top,坦克,thornwall,standard,1,6,0,2,10771,18824,14279,632.3,9.99,12.98,17.21,4,1,2,3,4,20,474,1795,2729,4420,6624,11725,6253,1130,2280,427,1235,,399,,t3_calmveil|t3_thornmail
standard,109,r2,red,jungle,戰士,anliuyouXia,standard,1,4,0,4,14300,14950,13204,584.7,8.18,15.61,18.6,3,1,1,3,3,942,1779,362,1854,4042,7209,10812,6253,145,1710,570,285,1448,399,,t3_shieldbreaker|t3_finalstring
standard,109,r3,red,mid,法師,shikong,standard,1,4,2,1,19171,13138,12250,542.4,10.13,17.14,20.79,3,0,1,2,3,2036,431,258,1220,4296,6931,9658,6253,912,1140,142,760,51,399,,t3_psyward
standard,109,r4,red,adc,射手,xingchen,standard,1,8,3,1,20241,9788,13842,612.9,9.49,17.42,19.77,3,1,1,3,3,281,801,224,2042,3631,6481,10224,6253,959,2280,142,285,,304,,t3_shieldbreaker|t3_rendspear
standard,109,r5,red,sup,輔助,hexweave,standard,1,1,1,5,4050,11589,12893,570.9,6.53,13.01,14.66,4,1,3,4,4,1384,166,558,1933,4484,7866,11058,6253,158,570,712,285,,399,2680,t3_calmveil
standard,110,b1,blue,top,坦克,tieshixin,standard,0,2,1,1,11655,34872,12874,473.3,8.02,15.93,18.62,4,1,1,3,4,852,476,336,1024,3802,5626,9046,6253,912,570,,950,,361,,t3_calmveil|t3_thornmail
standard,110,b2,blue,jungle,刺客,razorwing,standard,0,0,3,1,5440,13550,10981,403.7,8.84,18.33,23.89,3,1,1,2,3,80,793,193,700,3980,6123,7973,6253,323,,,,1036,361,,t3_finalstring
standard,110,b3,blue,mid,法師,xingjie,standard,0,9,5,2,42211,22601,17036,626.3,10.18,17.27,22.61,5,0,1,2,5,1764,493,751,886,4024,5943,9351,6253,1380,570,285,475,26,361,,t3_psyward
standard,110,b4,blue,adc,射手,dujian,standard,0,8,7,0,30585,15667,14516,533.7,9.48,18.76,22.57,4,1,1,2,4,241,382,76,666,3591,5282,8056,6253,570,1140,,,17,76,,t3_shieldbreaker|t3_rendspear
standard,110,b5,blue,sup,坦克,tiankong,standard,0,0,4,1,5695,30235,12170,447.4,6.91,13.3,19.38,4,1,2,3,4,196,528,250,570,4646,7468,9330,6253,348,,,475,,361,1892,t3_calmveil|t3_thornmail
standard,110,r1,red,top,坦克,tieshixin,standard,1,0,1,2,11752,31452,11668,429,8.63,15.92,23.49,4,1,1,2,4,719,647,483,317,3669,5797,7773,6253,817,,285,190,,228,,t3_calmveil|t3_thornmail
standard,110,r2,red,jungle,刺客,razorwing,standard,1,0,2,0,7629,14340,11649,428.3,9.12,15.9,23.38,3,1,1,2,3,953,1263,418,768,4153,6593,8548,6253,180,,,190,1696,228,,t3_finalstring
standard,110,r3,red,mid,法師,xingjie,standard,1,2,9,1,23756,18657,12513,460.1,10.63,18.35,24.47,3,0,1,2,3,1276,420,131,613,3536,6320,8581,6253,864,570,,665,,228,,t3_psyward
standard,110,r4,red,adc,射手,dujian,standard,1,14,6,1,53806,14773,18783,690.6,8.82,15.89,21.29,5,1,1,2,5,443,710,1502,3183,3793,6510,10082,6253,1130,2280,,190,,228,,t3_shieldbreaker|t3_rendspear
standard,110,r5,red,sup,坦克,tiankong,standard,1,4,1,2,8050,29778,15754,579.2,7.13,12.54,15.15,5,1,2,3,5,606,1304,550,2154,4506,8544,10530,6253,313,570,285,665,,228,2215,t3_calmveil|t3_thornmail
standard,111,b1,blue,top,坦克,bingshouweis,standard,1,1,0,1,11545,23579,10748,460.8,8.77,17.2,20.18,3,1,1,2,3,738,286,1985,1157,3688,5436,9135,6253,639,570,,1425,,247,,t3_calmveil|t3_thornmail
standard,111,b2,blue,jungle,刺客,jingxiang,standard,1,2,4,0,6135,10350,10680,457.9,8.72,18.19,22.18,3,1,1,2,3,671,528,280,280,3871,5858,8060,6253,380,,,,1179,247,,t3_finalstring
standard,111,b3,blue,mid,法師,auralith,standard,1,0,3,1,16479,14948,10118,433.8,10.55,17.88,,2,0,1,2,2,1523,253,260,1238,3783,5683,8660,6253,1019,,285,950,,152,,t3_psyward
standard,111,b4,blue,adc,射手,tianfa,standard,1,4,4,0,15963,12716,11118,476.7,10.16,18.75,23.13,3,0,1,2,3,1493,448,610,268,3653,5648,7510,6253,1010,,,,,247,,t3_shieldbreaker|t3_rendspear
standard,111,b5,blue,sup,坦克,shiqiang,standard,1,1,1,1,5507,24679,12613,540.7,6.48,12.87,17.02,4,1,2,3,4,698,187,793,832,4598,7567,10373,6253,484,,,1425,,247,1963,t3_calmveil|t3_thornmail
standard,111,r1,red,top,坦克,bingshouweis,standard,0,1,1,0,13634,19606,9998,428.7,8.69,12.78,19.99,3,1,2,3,3,681,475,97,448,4331,6885,8747,6253,1391,570,,190,,342,,t3_calmveil|t3_thornmail
standard,111,r2,red,jungle,刺客,jingxiang,standard,0,2,3,2,8718,11136,11426,489.8,9.17,15.15,20.1,3,1,1,2,3,844,2237,1155,545,4044,7567,9585,6253,255,570,356,190,1808,152,,t3_finalstring
standard,111,r3,red,mid,法師,auralith,standard,0,2,2,1,15410,14509,11099,475.8,11.37,16.48,22.73,3,0,1,2,3,2150,465,409,548,4410,6665,9809,6253,1100,1140,71,902,,342,,t3_psyward
standard,111,r4,red,adc,射手,tianfa,standard,0,4,2,2,17800,10449,11286,483.8,11.73,17.57,23.13,3,0,1,2,3,1458,392,276,435,3618,5892,8856,6253,716,1140,213,190,,342,,t3_shieldbreaker|t3_rendspear
standard,111,r5,red,sup,坦克,shiqiang,standard,0,3,0,3,6083,19912,13512,579.3,6.73,12.33,15.3,4,1,2,3,4,316,1331,1235,1311,4516,8571,11215,6253,222,1140,498,427,,342,2331,t3_calmveil|t3_thornmail
standard,112,b1,blue,top,坦克,tiankong,standard,1,0,0,0,5417,21621,9378,412.7,8.69,15.93,21.89,3,1,1,2,3,199,510,993,528,4049,5810,8223,6253,988,,,475,,506,,t3_calmveil|t3_thornmail
standard,112,b2,blue,jungle,刺客,guihuo,standard,1,1,1,1,5471,9613,10667,469.4,8.42,16.64,22.4,3,1,1,2,3,228,847,1372,537,4078,6427,8802,6253,627,,285,,1129,506,,t3_finalstring
standard,112,b3,blue,mid,法師,xingjie,standard,1,2,1,0,12679,13158,10866,478.2,10.82,18.36,,2,0,1,2,2,1447,438,20,1466,3707,6038,8470,6253,665,570,,475,,506,,t3_psyward
standard,112,b4,blue,adc,射手,dawnstrike,standard,1,9,3,0,24124,10016,14492,637.7,11.47,17.23,19.89,4,0,1,3,4,1528,250,119,1272,3688,5930,10899,6253,703,2850,,712,,380,,t3_shieldbreaker|t3_rendspear
standard,112,b5,blue,sup,輔助,tianshi,standard,1,0,2,2,4709,13613,11951,525.9,7.24,11.93,15.52,4,1,2,3,4,582,455,1408,501,4582,7185,10448,6253,171,,285,712,,380,2645,t3_calmveil
standard,112,r1,red,top,坦克,tiankong,standard,0,1,2,0,6102,22638,9511,418.5,9.48,13.36,21.32,3,1,2,2,3,668,255,1354,481,3618,6405,8584,6253,905,570,,665,,190,,t3_calmveil|t3_thornmail
standard,112,r2,red,jungle,刺客,guihuo,standard,0,3,3,0,6462,10058,11367,500.2,9.41,13.36,21.4,3,1,2,2,3,354,950,1916,286,4204,8080,10246,6253,215,1710,,190,1687,190,,t3_finalstring
standard,112,r3,red,mid,法師,xingjie,standard,0,2,4,0,14444,14720,10518,462.8,11,17.68,,2,0,1,2,2,1517,450,98,1118,3777,6380,9078,6253,924,570,,1140,,190,,t3_psyward
standard,112,r4,red,adc,射手,dawnstrike,standard,0,0,3,0,11191,8358,7975,350.9,10.97,21.26,,2,0,1,1,2,1218,422,1149,975,3378,5202,6829,6253,386,,,190,,0,,t3_shieldbreaker|t3_rendspear
standard,112,r5,red,sup,輔助,tianshi,standard,0,1,0,2,5132,12175,11548,508.2,6.39,12.32,16.34,4,1,2,3,4,487,2309,1096,668,4487,8009,10136,6253,227,570,285,190,,190,2420,t3_calmveil
standard,113,b1,blue,top,坦克,shengdun,standard,0,0,2,0,3427,21152,8922,398.9,9.38,15.78,22.03,3,1,1,2,3,757,592,361,291,3707,5892,7691,6253,962,,,475,,0,,t3_calmveil|t3_thornmail
standard,113,b2,blue,jungle,刺客,yingsi,standard,0,3,5,0,7977,11765,10577,472.9,8.96,16.13,19.76,3,1,1,3,3,761,1455,132,527,3961,7035,9582,6253,658,1710,,,959,0,,t3_finalstring
standard,113,b3,blue,mid,法師,auralith,standard,0,0,1,2,9904,13160,8453,377.9,10.87,18.04,,2,0,1,2,2,1409,311,282,273,3669,5341,7412,6253,779,,142,237,,0,,t3_psyward
standard,113,b4,blue,adc,射手,hanbing,standard,0,3,6,0,13419,12693,10087,451,9.53,18.36,,2,1,1,2,2,357,274,496,1337,3707,5474,7716,6253,893,570,,,,0,,t3_shieldbreaker|t3_rendspear
standard,113,b5,blue,sup,輔助,linghun,standard,0,0,5,1,3839,18270,10558,472,6.53,12.98,17.22,3,1,2,3,3,468,251,287,1517,4468,7281,9327,6253,240,,142,712,,0,1977,t3_calmveil
standard,113,r1,red,top,坦克,shengdun,standard,1,6,0,2,8781,20757,13948,623.6,8.2,12.96,18.33,5,1,2,3,5,114,111,1673,397,3964,6861,11003,6253,950,1710,285,1235,,570,,t3_calmveil|t3_thornmail
standard,113,r2,red,jungle,刺客,yingsi,standard,1,8,0,0,11938,11155,15028,671.9,7.25,11.73,16.16,4,1,2,4,4,422,1503,494,1678,5702,9833,13244,6253,361,3990,,285,1785,570,,t3_finalstring
standard,113,r3,red,mid,法師,auralith,standard,1,1,3,2,14631,11405,11037,493.5,9.77,17.71,21.58,3,1,1,2,3,114,281,220,487,3964,6481,8970,6253,1292,,285,760,,380,,t3_psyward
standard,113,r4,red,adc,射手,hanbing,standard,1,3,3,1,12256,8687,10477,468.4,7.52,17.37,,2,1,1,2,2,832,668,411,1576,4182,6348,8961,6253,570,1140,142,285,,570,,t3_shieldbreaker|t3_rendspear
standard,113,r5,red,sup,輔助,linghun,standard,1,1,0,3,5121,13224,11626,519.8,6.83,10.52,13.99,4,1,3,3,4,609,454,1698,746,5209,8154,10158,6253,323,570,427,285,,570,1729,t3_calmveil
standard,114,b1,blue,top,坦克,xukong,standard,0,0,1,0,9090,21555,8346,376.8,8.7,16.03,,2,1,1,2,2,95,267,338,615,3745,5417,7488,6253,760,,,475,,0,,t3_calmveil|t3_thornmail
standard,114,b2,blue,jungle,刺客,youming,standard,0,0,4,0,5107,10619,8323,375.8,8.67,18.99,,2,1,1,2,2,642,413,515,673,3842,5693,7515,6253,190,,,,1071,0,,t3_finalstring
standard,114,b3,blue,mid,法師,xingjie,standard,0,1,5,0,13187,13462,9258,418,10.77,18.82,,2,0,1,2,2,1599,124,133,377,3859,5854,8533,6253,1235,570,,475,,0,,t3_psyward
standard,114,b4,blue,adc,射手,xuanfeng,standard,0,1,4,0,12032,10519,9125,412,9.59,18.42,,2,1,1,2,2,260,346,163,374,3610,5246,7963,6253,636,570,,475,28,0,,t3_shieldbreaker|t3_rendspear
standard,114,b5,blue,sup,坦克,shengdun,standard,0,1,4,0,7183,20526,10033,453,7.2,12.53,17.09,3,1,2,3,3,701,180,328,453,4601,7560,9308,6253,484,570,,,11,0,1989,t3_calmveil|t3_thornmail
standard,114,r1,red,top,坦克,xukong,standard,1,7,0,0,16617,20639,13954,630,7.83,11.67,15.93,4,1,2,4,4,125,524,686,1704,4375,7814,12336,6253,1029,3420,,1140,,494,,t3_calmveil|t3_thornmail
standard,114,r2,red,jungle,刺客,youming,standard,1,1,0,1,6089,9198,10978,495.6,8.54,15.94,20.48,3,1,1,2,3,1034,1994,1276,697,4234,7324,9706,6253,204,570,285,190,1710,494,,t3_finalstring
standard,114,r3,red,mid,法師,xingjie,standard,1,2,0,1,11472,11049,11487,518.6,11.29,17.65,21.63,3,0,1,2,3,1545,291,338,457,3805,6791,9318,6253,1193,570,142,665,,494,,t3_psyward
standard,114,r4,red,adc,射手,xuanfeng,standard,1,4,2,1,17376,9884,11528,520.5,10.12,16.98,21.61,3,0,1,2,3,1509,444,286,1008,3669,6244,8866,6253,693,1140,285,190,,304,,t3_shieldbreaker|t3_rendspear
standard,114,r5,red,sup,坦克,shengdun,standard,1,4,1,1,9583,17633,13029,588.2,7.55,12.1,16.28,4,1,2,3,4,708,1527,2001,829,5208,8767,11981,6253,451,2280,142,190,,494,2170,t3_calmveil|t3_thornmail
standard,115,b1,blue,top,坦克,tiemu,standard,0,0,2,0,8913,24245,9274,401.6,8.68,17.09,22.99,3,1,1,2,3,681,405,181,223,3631,5455,7811,6253,1083,,,475,,0,,t3_calmveil|t3_thornmail
standard,115,b2,blue,jungle,刺客,yueying,standard,0,2,4,0,2364,11081,10225,442.8,8.98,16.99,22.03,3,1,1,2,3,94,790,382,474,3944,5890,8462,6253,475,570,,,1163,0,,t3_finalstring
standard,115,b3,blue,mid,法師,auralith,standard,0,0,6,0,10903,14789,8438,365.4,11.2,17.89,,2,0,1,2,2,1409,335,500,257,3669,5265,7450,6253,722,,,475,,0,,t3_psyward
standard,115,b4,blue,adc,射手,phantom,standard,0,0,8,0,10352,12262,7906,342.4,9.97,20.83,,2,1,1,1,2,110,308,1004,105,3460,5208,6804,6253,551,,,,,0,,t3_shieldbreaker|t3_rendspear
standard,115,b5,blue,sup,輔助,fuwenbianzhi,standard,0,0,4,0,2862,15936,10541,456.5,6.78,12.68,16.94,4,1,2,3,4,468,149,400,141,4468,7179,9440,6253,285,,,950,,0,1951,t3_calmveil
standard,115,r1,red,top,坦克,tiemu,standard,1,2,0,1,9346,17855,11240,486.8,7.55,15.09,17.71,3,1,1,3,3,376,982,472,1790,3926,6282,9322,6253,969,1140,142,285,,532,,t3_calmveil|t3_thornmail
standard,115,r2,red,jungle,刺客,yueying,standard,1,3,0,2,10873,9617,12940,560.4,8.01,15.4,19.55,3,1,1,3,3,537,1801,432,1859,4687,7381,10862,6253,285,1140,570,285,1796,532,,t3_finalstring
standard,115,r3,red,mid,法師,auralith,standard,1,5,0,0,17401,12521,12884,557.9,10.22,17.93,22.08,3,0,1,2,3,1561,220,622,1453,3821,6120,9122,6253,1007,570,,760,,532,,t3_psyward
standard,115,r4,red,adc,射手,phantom,standard,1,13,2,1,27507,10271,16617,719.6,7.83,12.78,18.38,5,1,2,3,5,453,308,1132,1017,4933,8258,12932,6253,589,5130,142,285,,532,,t3_shieldbreaker|t3_rendspear
standard,115,r5,red,sup,輔助,fuwenbianzhi,standard,1,1,0,4,2928,14068,13774,596.5,6.37,13.3,14.36,4,1,3,4,4,1463,587,1399,2324,4563,8287,11799,6253,190,570,570,1235,,532,2448,t3_calmveil
standard,116,b1,blue,top,坦克,longji,standard,0,2,1,0,10196,21676,9539,427.4,8.42,16.91,20.36,3,1,1,2,3,605,98,523,489,3555,5398,8153,6253,608,570,,475,,247,,t3_calmveil|t3_thornmail
standard,116,b2,blue,jungle,刺客,yeiren,standard,0,0,3,2,4643,10219,8555,383.4,8.73,18.04,,2,1,1,2,2,656,87,243,475,3856,5667,7673,6253,242,,142,,787,247,,t3_finalstring
standard,116,b3,blue,mid,法師,ronghuo,standard,0,2,4,0,13268,12610,9346,418.8,8.88,18.4,,2,1,1,2,2,544,280,348,1215,4394,6180,7998,6253,1022,570,,,,152,,t3_psyward
standard,116,b4,blue,adc,射手,huanying,standard,0,4,5,1,14696,11917,10946,490.5,9.36,17.66,21.09,3,1,1,2,3,234,288,863,566,3584,5368,9313,6253,611,1710,,475,17,247,,t3_shieldbreaker|t3_rendspear
standard,116,b5,blue,sup,輔助,mantra,standard,0,0,1,5,6759,17039,11448,513,6.68,12.9,17.88,4,1,2,3,4,136,539,1241,568,4736,7019,10281,6253,251,,712,950,,247,1866,t3_calmveil
standard,116,r1,red,top,坦克,longji,standard,1,3,0,0,8648,19646,11297,506.2,9.38,14.08,19.03,3,1,2,3,3,266,318,187,1366,4116,6168,9037,6253,769,570,,1140,,304,,t3_calmveil|t3_thornmail
standard,116,r2,red,jungle,刺客,yeiren,standard,1,2,1,1,9363,11149,11193,501.5,8.28,14.42,21.11,3,1,2,2,3,889,322,1743,762,4089,7272,10073,6253,180,1140,142,348,1704,304,,t3_finalstring
standard,116,r3,red,mid,法師,ronghuo,standard,1,1,2,1,12691,11853,9482,424.9,11.38,18.52,,2,0,1,2,2,1485,1166,227,732,3745,6196,8077,6253,760,570,,190,,304,,t3_psyward
standard,116,r4,red,adc,射手,huanying,standard,1,7,4,1,18847,9412,13615,610.1,10.74,13.42,19.22,4,0,2,3,4,1205,1049,1545,394,3365,8049,11545,6253,696,2850,142,1298,,304,,t3_shieldbreaker|t3_rendspear
standard,116,r5,red,sup,輔助,mantra,standard,1,1,1,5,7269,14294,12278,550.2,7.56,11.54,15.07,4,1,2,3,4,263,2297,1833,1397,4563,8547,10873,6253,63,570,855,823,,304,2004,t3_calmveil
standard,117,b1,blue,top,坦克,dadi,standard,0,1,4,0,15106,24120,10128,415.1,8.2,16.03,22.34,3,1,1,2,3,643,666,882,698,3593,5816,8172,6253,760,570,,285,,304,,t3_calmveil|t3_thornmail
standard,117,b2,blue,jungle,刺客,duskblade,standard,0,0,4,0,3880,11905,9639,395.1,8.58,16.53,24.31,3,1,1,2,3,616,966,182,139,3816,6296,8132,6253,209,,,285,1080,304,,t3_finalstring
standard,117,b3,blue,mid,法師,gambler,standard,0,3,5,0,15239,15052,11667,478.2,10.47,17.03,23.63,3,0,1,2,3,1447,562,204,337,3707,5892,8704,6253,722,1140,,285,,304,,t3_psyward
standard,117,b4,blue,adc,射手,guangsu,standard,0,7,5,0,21663,12049,13472,552.1,7.37,16.55,20.66,4,1,1,2,4,268,1289,1169,252,4268,7089,9749,6253,722,1710,,760,,304,,t3_shieldbreaker|t3_rendspear
standard,117,b5,blue,sup,坦克,tiebi,standard,0,1,1,0,7757,24091,11512,471.8,6.63,11.79,16.31,4,1,2,3,4,700,838,727,212,5200,8078,10107,6253,285,570,,285,,304,2409,t3_calmveil|t3_thornmail
standard,117,r1,red,top,坦克,dadi,standard,1,5,0,1,14254,25364,12741,522.2,9.49,14.51,18.36,4,1,2,3,4,700,218,1436,490,3650,6168,10386,6253,750,2280,285,570,,247,,t3_calmveil|t3_thornmail
standard,117,r2,red,jungle,刺客,duskblade,standard,1,1,1,1,9023,11573,11126,456,8.68,16.15,21.93,3,1,1,2,3,734,1122,601,426,3934,6452,9031,6253,228,570,,95,1638,247,,t3_finalstring
standard,117,r3,red,mid,法師,gambler,standard,1,6,5,1,19132,14596,13900,569.7,10.22,17.03,22.84,3,0,1,2,3,2568,314,175,1419,4828,6814,9455,6253,864,1710,285,95,,247,,t3_psyward
standard,117,r4,red,adc,射手,guangsu,standard,1,7,5,0,24481,11148,13795,565.4,10.46,18.65,20.43,4,0,1,2,4,1281,179,1055,575,3441,5379,9635,6253,855,1710,,570,,247,,t3_shieldbreaker|t3_rendspear
standard,117,r5,red,sup,坦克,tiebi,standard,1,0,1,3,6909,18852,12396,508,6.83,13.02,18.55,4,1,2,3,4,287,241,356,796,4487,6881,10336,6253,228,,570,570,,152,2562,t3_calmveil|t3_thornmail
standard,118,b1,blue,top,坦克,suishan,standard,1,1,1,1,10048,22045,10109,451.8,6.36,13.58,21.71,3,1,2,2,3,331,214,1158,558,4581,6624,8448,6253,798,570,142,190,,494,,t3_calmveil|t3_thornmail
standard,118,b2,blue,jungle,刺客,binghe,standard,1,0,2,1,7662,10890,10080,450.5,8.48,16.21,22.34,3,1,1,2,3,625,1027,1816,79,3825,6607,9016,6253,266,,285,665,1242,304,,t3_finalstring
standard,118,b3,blue,mid,法師,ronghuo,standard,1,6,0,0,15077,14347,13095,585.2,10.82,16.56,19.59,3,0,1,3,3,1732,741,168,614,3992,7241,10718,6253,1026,2280,,665,,494,,t3_psyward
standard,118,b4,blue,adc,射手,mori,standard,1,6,6,0,15980,11955,12088,540.2,8.88,17.27,20.25,3,1,1,2,3,432,551,1419,1237,4432,6351,9999,6253,782,2280,,190,,494,,t3_shieldbreaker|t3_rendspear
standard,118,b5,blue,sup,坦克,tiemu,standard,1,0,2,1,7296,17932,11667,521.4,6.45,12.71,18.71,3,1,2,3,3,626,478,250,1686,4826,7418,10230,6253,319,,142,1140,,494,1881,t3_calmveil|t3_thornmail
standard,118,r1,red,top,坦克,suishan,standard,0,1,1,0,8334,22254,10135,452.9,9.18,15.23,18.98,3,1,1,3,3,605,638,650,104,3555,6038,9300,6253,874,570,,1425,51,126,,t3_calmveil|t3_thornmail
standard,118,r2,red,jungle,刺客,binghe,standard,0,3,1,2,9548,11204,11465,512.4,8.41,11.78,18.94,3,1,2,3,3,159,203,586,585,4539,7983,10566,6253,399,1710,570,,1507,126,,t3_finalstring
standard,118,r3,red,mid,法師,ronghuo,standard,0,1,7,0,7808,13257,8741,390.6,11.2,19.38,,2,0,1,2,2,1257,235,432,110,3517,5265,7982,6253,684,570,,475,,0,,t3_psyward
standard,118,r4,red,adc,射手,mori,standard,0,3,4,0,14471,11311,9985,446.3,8.48,18.44,,2,1,1,2,2,956,478,349,1405,4306,5978,7849,6253,788,570,,237,,0,,t3_shieldbreaker|t3_rendspear
standard,118,r5,red,sup,坦克,tiemu,standard,0,3,0,0,7587,18331,11489,513.5,6.93,11.19,16.43,3,1,2,3,3,613,1065,513,1509,5713,8305,10493,6253,446,1710,,237,,126,1719,t3_calmveil|t3_thornmail
standard,119,b1,blue,top,坦克,stoneguard,standard,0,1,3,0,6118,24622,9356,388.5,9.75,16.47,22.75,3,1,1,2,3,504,282,299,1205,3454,5582,7349,6253,582,,,190,,323,,t3_calmveil|t3_thornmail
standard,119,b2,blue,jungle,刺客,shanying,standard,0,2,5,0,5031,13108,10726,445.4,9.49,15.25,21.55,3,1,1,2,3,485,1654,868,476,4335,7234,9198,6253,392,1140,,190,994,228,,t3_finalstring
standard,119,b3,blue,mid,法師,gambler,standard,0,0,4,0,14118,13491,10075,418.3,11.4,20.03,,2,0,1,1,2,1333,197,1283,674,3593,5797,7783,6253,779,,,427,,323,,t3_psyward
standard,119,b4,blue,adc,射手,liuxing,standard,0,5,7,1,19496,10198,12766,530.1,10.98,18.77,21.75,4,0,1,2,4,1446,439,324,66,3606,5639,8574,6253,810,,285,902,,323,,t3_shieldbreaker|t3_rendspear
standard,119,b5,blue,sup,輔助,luminary,standard,0,2,2,2,5773,18341,12454,517.1,6.72,11.68,15.49,4,1,2,3,4,563,550,1464,1574,4563,7280,10504,6253,399,1140,,190,,323,2199,t3_calmveil
standard,119,r1,red,top,坦克,stoneguard,standard,1,0,0,2,7428,21150,11661,484.2,8.29,14.77,20.04,3,1,2,2,3,313,236,1322,1731,4163,6386,8552,6253,1216,,285,570,,228,,t3_calmveil|t3_thornmail
standard,119,r2,red,jungle,刺客,shanying,standard,1,1,3,2,5285,12443,11734,487.2,8.25,14.34,22.72,3,1,2,2,3,169,604,1151,654,4969,7254,9481,6253,608,570,,95,1727,228,,t3_finalstring
standard,119,r3,red,mid,法師,gambler,standard,1,7,2,1,21013,14935,13628,565.9,10.17,17.11,20.74,4,0,1,2,4,1618,87,1024,277,3878,5987,10424,6253,1045,2280,285,332,,228,,t3_psyward
standard,119,r4,red,adc,射手,liuxing,standard,1,10,3,1,29405,10756,15927,661.3,9.52,15.86,20.33,4,1,1,2,4,348,469,925,2706,3698,6149,9825,6253,1016,1710,285,332,,228,,t3_shieldbreaker|t3_rendspear
standard,119,r5,red,sup,輔助,luminary,standard,1,3,2,1,4379,17599,13334,553.7,6.03,12.45,15.84,4,1,2,3,4,930,1380,1232,1883,4630,8410,10272,6253,218,1140,,570,,228,1862,t3_calmveil
standard,120,b1,blue,top,坦克,ironclad,standard,0,0,2,0,9050,25502,8535,361.4,9.27,18.07,23.04,3,1,1,2,3,605,39,154,285,3555,5189,7304,6253,532,,,190,,329,,t3_calmveil|t3_thornmail
standard,120,b2,blue,jungle,戰士,langwang,standard,0,2,3,0,11727,18143,10618,449.6,9.69,18.24,22.47,3,1,1,2,3,122,353,629,1017,3922,5833,8859,6253,218,570,,427,1060,329,,t3_finalstring|t3_shieldbreaker
standard,120,b3,blue,mid,法師,ronghuo,standard,0,1,4,0,15486,14900,9574,405.4,10.24,19.2,,2,0,1,2,2,1599,78,294,294,3859,6158,7944,6253,855,570,,190,,76,,t3_psyward
standard,120,b4,blue,adc,射手,shensheng,standard,0,1,5,0,18332,11764,9232,390.9,9.77,18.98,,2,1,1,2,2,414,350,569,652,3764,5550,7469,6253,950,,,190,,76,,t3_shieldbreaker|t3_rendspear
standard,120,b5,blue,sup,坦克,tiankong,standard,0,0,0,2,7528,22169,12132,513.7,7.13,12.84,18.26,4,1,2,3,4,392,129,1074,771,4592,6929,10654,6253,256,,285,1377,,329,2152,t3_calmveil|t3_thornmail
standard,120,r1,red,top,坦克,ironclad,standard,1,1,1,1,11228,20294,10983,465.1,8.89,14.79,20.04,3,1,2,2,3,1036,207,1588,953,3986,6617,8878,6253,1143,570,,570,,342,,t3_calmveil|t3_thornmail
standard,120,r2,red,jungle,戰士,langwang,standard,1,1,0,1,11709,15398,11161,472.6,9.04,16.19,22.41,3,1,1,2,3,403,942,597,1081,4203,6422,8597,6253,142,,285,95,1479,342,,t3_finalstring|t3_shieldbreaker
standard,120,r3,red,mid,法師,ronghuo,standard,1,5,1,0,22907,13695,13298,563.1,9.5,16.7,20.69,3,1,1,2,3,522,300,1082,1698,4372,6500,9882,6253,1102,1140,,1045,,342,,t3_psyward
standard,120,r4,red,adc,射手,shensheng,standard,1,5,2,0,21583,11296,11797,499.5,10.22,18.49,21.35,3,0,1,2,3,1528,350,158,947,3688,5550,8438,6253,798,1140,,95,,152,,t3_shieldbreaker|t3_rendspear
standard,120,r5,red,sup,坦克,tiankong,standard,1,2,0,0,11412,21239,13444,569.3,5.6,11.74,14.58,4,1,3,3,4,425,378,941,1243,5225,8978,10921,6253,462,1140,,570,,342,2153,t3_calmveil|t3_thornmail
standard,121,b1,blue,top,坦克,tieshixin,standard,0,1,3,0,8881,21085,8828,415.9,8.62,14.65,,2,1,2,2,2,814,131,1071,1538,3764,6081,8361,6253,1197,570,,95,17,228,,t3_calmveil|t3_thornmail
standard,121,b2,blue,jungle,戰士,jingci,standard,0,0,1,0,5150,14459,8389,395.3,9.05,17.32,,2,1,1,2,2,705,565,298,389,3805,6045,7998,6253,266,,,95,1060,323,,t3_finalstring|t3_shieldbreaker
standard,121,b3,blue,mid,法師,gambler,standard,0,1,2,1,11824,12281,9431,444.4,10.53,17.64,,2,0,1,2,2,1954,355,431,381,4214,6855,8881,6253,880,570,285,570,,323,,t3_psyward
standard,121,b4,blue,adc,射手,liangzicz,standard,0,6,3,0,17103,10470,11775,554.8,9.78,15.03,20.88,3,1,1,2,3,373,1289,2075,624,3723,7089,10655,6253,896,2850,,332,,323,,t3_shieldbreaker|t3_rendspear
standard,121,b5,blue,sup,坦克,tiemu,standard,0,0,2,0,4461,15530,10158,478.6,7.17,12.38,17.83,3,1,2,3,3,322,395,529,1078,4522,7335,9609,6253,294,,,807,17,323,1912,t3_calmveil|t3_thornmail
standard,121,r1,red,top,坦克,tieshixin,standard,1,3,0,1,7017,20273,11012,518.8,8.82,15.18,18.6,3,1,1,3,3,643,821,340,1761,3593,6221,9290,6253,728,570,285,1187,,266,,t3_calmveil|t3_thornmail
standard,121,r2,red,jungle,戰士,jingci,standard,1,4,1,1,9734,13332,11303,532.5,9.65,15.18,20.27,3,1,1,2,3,875,1565,1836,922,3975,7045,10436,6253,313,2280,,,1323,266,,t3_finalstring|t3_shieldbreaker
standard,121,r3,red,mid,法師,gambler,standard,1,1,4,0,12823,12620,9637,454,10.59,19.95,,2,0,1,2,2,1590,325,36,587,3850,6225,8486,6253,1206,,,950,,76,,t3_psyward
standard,121,r4,red,adc,射手,liangzicz,standard,1,2,3,1,13315,10599,9723,458.1,8.57,16.02,,2,1,1,2,2,870,567,276,1142,4220,6367,8856,6253,722,1140,,475,,266,,t3_shieldbreaker|t3_rendspear
standard,121,r5,red,sup,坦克,tiemu,standard,1,1,0,2,6384,15788,12159,572.8,6.71,11.82,18.2,4,1,2,3,4,409,585,1559,558,5209,7825,11539,6253,259,570,570,1187,,266,2432,t3_calmveil|t3_thornmail
standard,122,b1,blue,top,坦克,bingshouweis,standard,0,0,3,0,7022,25129,8674,384.1,9.98,17.33,21.36,3,1,1,2,3,24,458,162,524,3574,5208,7792,6253,513,,,950,,76,,t3_calmveil|t3_thornmail
standard,122,b2,blue,jungle,戰士,greymantle,standard,0,0,5,0,5590,17839,8821,390.6,9.93,17.35,,2,1,1,2,2,155,453,306,640,3905,5883,7836,6253,446,,,,1060,76,,t3_shieldbreaker|t3_finalstring
standard,122,b3,blue,mid,法師,leiming,standard,0,2,6,0,14272,17313,9852,436.3,9.6,18.96,,2,1,1,2,2,522,444,294,872,4372,6044,7944,6253,1045,570,,,,76,,t3_psyward
standard,122,b4,blue,adc,射手,xingchen,standard,0,2,3,0,14332,13791,8997,398.4,9.63,20.23,,2,1,1,1,2,243,346,1118,417,3593,5246,6918,6253,589,,,,,76,,t3_shieldbreaker|t3_rendspear
standard,122,b5,blue,sup,輔助,shengguang,standard,0,0,2,1,3529,17015,10116,448,6.21,13.16,16.76,3,1,2,3,3,601,228,432,1076,4601,7258,8892,6253,218,,,475,,76,1869,t3_calmveil
standard,122,r1,red,top,坦克,bingshouweis,standard,1,4,0,2,15365,22143,12505,553.7,8.27,12.35,16.03,4,1,2,3,4,1043,1229,1237,954,4593,8459,11167,6253,959,2280,427,617,96,532,,t3_calmveil|t3_thornmail
standard,122,r2,red,jungle,戰士,greymantle,standard,1,3,1,2,8466,12748,12711,562.8,6.37,13.73,20.37,3,1,2,2,3,769,727,2823,1361,4819,8077,11073,6253,342,1710,427,617,1191,532,,t3_shieldbreaker|t3_finalstring
standard,122,r3,red,mid,法師,leiming,standard,1,0,2,0,16438,12697,9282,411,10.77,18.67,,2,0,1,2,2,1447,68,322,782,3707,5968,8172,6253,1007,,,380,,532,,t3_psyward
standard,122,r4,red,adc,射手,xingchen,standard,1,12,1,1,38152,9882,16472,729.4,9.28,16.38,19.4,4,1,1,3,4,308,343,776,3251,3658,6023,11676,6253,665,3420,142,617,45,532,,t3_shieldbreaker|t3_rendspear
standard,122,r5,red,sup,輔助,shengguang,standard,1,0,0,4,4866,11431,12246,542.3,6.93,12.78,19.27,4,1,2,3,4,1173,487,1678,1286,4573,7517,10908,6253,180,,997,1092,,532,1852,t3_calmveil
standard,123,b1,blue,top,坦克,tiebi,standard,1,1,5,0,10580,35720,12664,455.8,8.67,15.46,19.94,4,1,1,3,4,246,422,54,914,3796,5722,9104,6253,1076,570,,950,26,228,,t3_calmveil|t3_thornmail
standard,123,b2,blue,jungle,戰士,chichuan,standard,1,0,4,0,7767,17870,11367,409.1,8.92,16.82,25.61,3,1,1,2,3,876,599,359,817,3976,5849,7989,6253,392,,,,1114,228,,t3_shieldbreaker|t3_finalstring
standard,123,b3,blue,mid,法師,haixiao,standard,1,4,5,0,23865,18906,13753,495,11.05,16.97,22.1,3,0,1,2,3,1536,240,688,1652,3796,5620,8698,6253,1171,570,,475,,228,,t3_psyward
standard,123,b4,blue,adc,射手,dujian,standard,1,15,13,2,45555,20320,18989,683.5,8.06,15.9,19.53,5,1,1,3,5,870,814,938,3388,4220,6614,10538,6253,779,2850,427,,,228,,t3_shieldbreaker|t3_rendspear
standard,123,b5,blue,sup,輔助,mingyunyindao,standard,1,0,4,3,10472,22900,14748,530.8,6.18,12.5,15.13,4,1,2,3,4,258,1134,1077,3297,4558,7864,10117,6253,304,,142,950,51,228,2187,t3_calmveil
standard,123,r1,red,top,坦克,tiebi,standard,0,4,1,0,14000,29508,13469,484.8,7.78,13.82,19.59,4,1,2,3,4,560,388,249,1319,4410,6538,8799,6253,1007,570,,665,,304,,t3_calmveil|t3_thornmail
standard,123,r2,red,jungle,戰士,chichuan,standard,0,8,3,0,18863,22297,16101,579.5,8.87,13.2,18.85,4,1,2,3,4,935,1116,244,3171,4035,8166,10694,6253,196,2280,,190,1470,304,,t3_shieldbreaker|t3_finalstring
standard,123,r3,red,mid,法師,haixiao,standard,0,4,6,2,19553,19218,14099,507.5,11.21,16.97,22.93,4,0,1,2,4,1580,452,1153,269,3840,6652,9483,6253,1121,570,570,665,,304,,t3_psyward
standard,123,r4,red,adc,射手,dujian,standard,0,13,10,0,44612,13792,17674,636.2,8.93,17.94,21.83,5,1,1,2,5,1478,1162,919,2074,4828,6842,9819,6253,791,2280,,190,,304,,t3_shieldbreaker|t3_rendspear
standard,123,r5,red,sup,輔助,mingyunyindao,standard,0,2,0,6,11679,19992,15574,560.6,6.83,11.8,13.18,5,1,3,4,5,1145,329,386,2374,5995,8989,11186,6253,189,1140,285,1140,,304,1874,t3_calmveil
standard,124,b1,blue,top,坦克,shengdun,standard,0,0,1,0,13383,27729,11045,404.1,9.51,15.72,22.65,3,1,1,2,3,700,568,274,1015,3650,5968,7564,6253,703,,,190,,418,,t3_calmveil|t3_thornmail
standard,124,b2,blue,jungle,戰士,leimingcf,standard,0,1,4,1,14102,20895,11504,420.9,9.01,15.79,25.33,3,1,1,2,3,786,2145,234,1123,3886,6725,8534,6253,297,570,,190,804,418,,t3_finalstring|t3_shieldbreaker
standard,124,b3,blue,mid,法師,leiming,standard,0,7,3,0,29621,18288,14750,539.7,11.27,16.46,20.41,4,0,1,2,4,1637,376,664,520,3897,6576,9464,6253,1083,1710,,190,,228,,t3_psyward
standard,124,b4,blue,adc,射手,tianfa,standard,0,10,5,2,39149,14121,17705,647.7,9.16,14.7,19.54,5,1,2,3,5,414,108,166,2104,3764,7308,10386,6253,769,1710,570,665,,418,,t3_shieldbreaker|t3_rendspear
standard,124,b5,blue,sup,坦克,shiqiang,standard,0,1,2,1,7806,27966,13203,483,6.38,12.78,18.52,4,1,2,3,4,484,1107,271,1002,4684,7467,9651,6253,224,,,190,,418,2565,t3_calmveil|t3_thornmail
standard,124,r1,red,top,坦克,shengdun,standard,1,5,1,0,15746,34407,14446,528.5,9.93,14.13,19.34,5,1,2,3,5,321,396,252,796,4271,6646,9382,6253,943,1710,,475,,0,,t3_calmveil|t3_thornmail
standard,124,r2,red,jungle,戰士,leimingcf,standard,1,0,2,1,11507,21822,11695,427.9,8.95,17.24,22.63,3,1,1,2,3,811,1106,266,664,3911,5986,8266,6253,221,,285,,1505,0,,t3_finalstring|t3_shieldbreaker
standard,124,r3,red,mid,法師,leiming,standard,1,0,7,0,25081,17098,11182,409.1,10.29,18.97,26.85,3,0,1,2,3,1716,356,378,631,3976,5686,7928,6253,1200,,,475,,0,,t3_psyward
standard,124,r4,red,adc,射手,tianfa,standard,1,10,7,0,31857,12883,16774,613.7,9.52,16.67,20.84,5,1,1,2,5,215,203,533,1173,3565,5883,9113,6253,674,1710,,475,,0,,t3_shieldbreaker|t3_rendspear
standard,124,r5,red,sup,坦克,shiqiang,standard,1,0,2,1,8343,25905,12379,452.9,7.81,13.62,18.8,4,1,2,3,4,268,286,263,998,4468,6786,9043,6253,152,,,,,0,2637,t3_calmveil|t3_thornmail
standard,125,b1,blue,top,坦克,shiqiang,standard,0,0,3,0,9949,26162,8770,378.8,8.29,16.42,22.89,3,1,1,2,3,786,472,564,219,3736,5522,7194,6253,788,,,,,152,,t3_calmveil|t3_thornmail
standard,125,b2,blue,jungle,戰士,fengbao,standard,0,0,2,1,8154,17250,9092,392.7,10.27,18.58,,2,0,1,2,2,1764,366,286,911,3764,5796,7816,6253,361,,142,,907,152,,t3_shieldbreaker|t3_finalstring
standard,125,b3,blue,mid,法師,haixiao,standard,0,2,4,0,14342,14173,10394,449,8.89,16.59,,2,1,1,2,2,636,338,393,994,4486,6538,8723,6253,1273,570,,475,,152,,t3_psyward
standard,125,b4,blue,adc,射手,mirrorshot,standard,0,6,4,0,13435,11980,12687,548,7.96,16.45,20.32,3,1,1,2,3,385,1004,558,1306,4385,6684,9458,6253,867,1710,,475,,152,,t3_shieldbreaker|t3_rendspear
standard,125,b5,blue,sup,輔助,tianshi,standard,0,0,1,1,6162,15977,9773,422.2,6.12,12.04,18.42,3,1,2,3,3,298,454,212,733,4598,6934,8672,6253,205,,142,,,152,1918,t3_calmveil
standard,125,r1,red,top,坦克,shiqiang,standard,1,2,0,0,7736,19680,11420,493.3,8.4,15.05,20.8,4,1,1,2,4,852,801,828,170,3802,6101,8058,6253,665,,,760,,380,,t3_calmveil|t3_thornmail
standard,125,r2,red,jungle,戰士,fengbao,standard,1,5,1,0,14680,15109,13027,562.7,9.13,15.32,18.95,3,1,1,3,3,1070,1202,524,1676,4170,6632,10554,6253,152,1710,,285,1773,380,,t3_shieldbreaker|t3_finalstring
standard,125,r3,red,mid,法師,haixiao,standard,1,0,2,1,14823,12959,11249,485.9,10.16,18,,2,0,1,2,2,1789,727,417,1969,4049,6177,8267,6253,1349,,,285,,380,,t3_psyward
standard,125,r4,red,adc,射手,mirrorshot,standard,1,7,4,0,17174,11791,13434,580.3,8.65,16.36,19.87,3,1,1,3,3,249,963,143,1634,4249,6643,10623,6253,617,2850,,522,,380,,t3_shieldbreaker|t3_rendspear
standard,125,r5,red,sup,輔助,tianshi,standard,1,0,1,1,7370,16531,10697,462.1,6.51,12.29,17.61,3,1,2,3,3,1492,238,751,1466,4592,7268,9501,6253,142,,285,522,,380,1917,t3_calmveil
standard,126,b1,blue,top,坦克,tiemu,standard,0,1,2,1,9254,33337,11760,429.8,7.98,14.82,22.42,4,1,2,2,4,843,318,610,509,3793,6168,7840,6253,969,,142,285,,190,,t3_calmveil|t3_thornmail
standard,126,b2,blue,jungle,戰士,anliuyouXia,standard,0,0,7,0,7014,23076,10392,379.8,9.13,17.17,26.64,3,1,1,2,3,725,1271,167,241,3825,6101,7697,6253,304,,,285,855,0,,t3_shieldbreaker|t3_finalstring
standard,126,b3,blue,mid,法師,leiming,standard,0,4,6,0,17138,17143,12948,473.3,10.41,18.21,22.98,3,0,1,2,3,1884,224,72,867,4144,6424,9122,6253,779,1140,,760,,190,,t3_psyward
standard,126,b4,blue,adc,射手,hanbing,standard,0,7,6,0,30709,13316,14280,522,11.92,19.05,22.23,4,0,1,2,4,1300,417,1096,1060,3460,5797,8096,6253,798,570,,285,,190,,t3_shieldbreaker|t3_rendspear
standard,126,b5,blue,sup,輔助,linghun,standard,0,2,6,1,9357,26718,13649,498.9,8.61,12.01,13.15,5,1,3,3,5,80,99,1059,448,4630,8579,10289,6253,304,1140,142,285,,190,1974,t3_calmveil
standard,126,r1,red,top,坦克,tiemu,standard,1,2,0,0,14975,29174,13232,483.7,8.27,14.57,19.47,4,1,2,3,4,795,251,254,1082,3745,6101,9284,6253,760,1140,,712,,418,,t3_calmveil|t3_thornmail
standard,126,r2,red,jungle,戰士,anliuyouXia,standard,1,4,1,1,14170,17878,14159,517.5,8.93,17.05,22.14,4,1,1,2,4,634,777,785,758,3734,6207,8435,6253,171,,285,,1308,418,,t3_shieldbreaker|t3_finalstring
standard,126,r3,red,mid,法師,leiming,standard,1,8,3,3,29196,18819,17254,630.7,10.38,17.09,21,5,0,1,2,5,1675,243,780,1104,3935,6443,10180,6253,1273,1140,285,950,51,228,,t3_psyward
standard,126,r4,red,adc,射手,hanbing,standard,1,13,6,0,55135,10921,17884,653.7,10.44,19.01,22.98,4,0,1,2,4,1424,913,1151,4033,3584,5693,8771,6253,722,1140,,237,,418,,t3_shieldbreaker|t3_rendspear
standard,126,r5,red,sup,輔助,linghun,standard,1,0,4,4,8591,19499,13236,483.8,6.8,12.74,17.77,4,1,2,3,4,1097,177,475,1855,4497,7207,9705,6253,266,,285,475,42,418,1965,t3_calmveil
standard,127,b1,blue,top,戰士,xueyue,standard,0,2,6,1,13348,39405,13186,468.1,9.34,15.44,19.09,4,1,1,3,4,595,1198,458,336,3745,6728,10408,6253,836,1140,285,1520,,373,,t3_shieldbreaker|t3_finalstring
standard,127,b2,blue,jungle,戰士,embercoil,standard,0,1,6,1,11538,26091,12449,442,9.16,15.79,22.2,3,1,1,2,3,944,1114,275,1049,4044,6594,8875,6253,289,570,285,95,1008,373,,t3_shieldbreaker|t3_finalstring
standard,127,b3,blue,mid,法師,haixiao,standard,0,4,8,1,21218,19263,14630,519.4,11.28,15.66,24.54,4,0,1,2,4,1675,342,359,400,3935,6842,8989,6253,1064,570,285,570,,247,,t3_psyward
standard,127,b4,blue,adc,射手,xuanfeng,standard,0,14,11,0,54984,15873,18107,642.9,11.05,18.65,22.33,5,0,1,2,5,1319,394,412,2507,3479,5474,8362,6253,722,1140,,95,,152,,t3_shieldbreaker|t3_rendspear
standard,127,b5,blue,sup,坦克,shengdun,standard,0,1,5,3,5784,30225,13824,490.8,6.83,13.23,18.06,5,1,2,3,5,173,217,335,223,4673,7157,9715,6253,508,570,,95,,373,1915,t3_calmveil|t3_thornmail
standard,127,r1,red,top,戰士,xueyue,standard,1,13,2,0,24029,35687,19771,701.9,6.56,14.39,18.17,5,1,2,3,5,371,240,547,4420,4701,7090,11397,6253,690,3420,,665,102,266,,t3_shieldbreaker|t3_finalstring
standard,127,r2,red,jungle,戰士,embercoil,standard,1,0,2,3,8854,18740,13161,467.3,9.07,17.18,23.63,3,1,1,2,3,443,1161,795,2181,4243,6641,9395,6253,661,,712,190,1501,76,,t3_shieldbreaker|t3_finalstring
standard,127,r3,red,mid,法師,haixiao,standard,1,6,7,3,36813,18688,15381,546.1,10.56,18.56,25.2,4,0,1,2,4,1422,523,164,1150,3682,6123,8194,6253,915,570,,190,,266,,t3_psyward
standard,127,r4,red,adc,射手,xuanfeng,standard,1,17,9,2,60417,14288,20469,726.7,8.81,17.22,21.24,5,1,1,2,5,538,218,1172,4869,3888,5598,10072,6253,655,2280,427,190,,266,,t3_shieldbreaker|t3_rendspear
standard,127,r5,red,sup,坦克,shengdun,standard,1,0,2,1,6802,25527,14306,507.9,6.95,13.23,17.19,5,1,2,3,5,657,674,581,706,4557,7454,9961,6253,307,,,665,,266,2469,t3_calmveil|t3_thornmail
standard,128,b1,blue,top,戰士,langwang,standard,0,0,0,0,4817,18737,8591,404.4,9.29,18,,2,1,1,2,2,665,479,444,241,3815,6009,8194,6253,829,,,807,,304,,t3_shieldbreaker|t3_finalstring
standard,128,b2,blue,jungle,戰士,longyi,standard,0,2,2,1,4883,12109,10403,489.7,9.24,13.23,20.1,3,1,2,2,3,571,1003,1372,502,4371,7803,9972,6253,375,1140,285,570,1044,304,,t3_shieldbreaker|t3_finalstring
standard,128,b3,blue,mid,法師,bingshuang,standard,0,2,0,1,14452,12669,10175,479,11.42,18.03,,2,0,1,2,2,1504,359,226,774,3764,5959,9626,6253,836,1140,285,807,,304,,t3_psyward
standard,128,b4,blue,adc,射手,phantom,standard,0,7,1,1,21829,9428,11828,556.8,10.03,16.08,19.88,3,0,1,3,3,2098,602,272,1827,4258,6282,10272,6253,627,2850,142,95,,304,,t3_shieldbreaker|t3_rendspear
standard,128,b5,blue,sup,坦克,dadi,standard,0,3,2,1,5659,17421,12722,598.9,7.63,12.25,15.93,4,1,2,3,4,82,1277,2288,522,5182,8517,12268,6253,334,1710,142,1045,,304,2479,t3_calmveil|t3_thornmail
standard,128,r1,red,top,戰士,langwang,standard,1,2,0,0,7281,23535,11185,526.6,9.44,15.64,18.15,3,1,1,3,3,427,1103,379,635,4277,6633,10509,6253,1425,1140,,1425,,266,,t3_shieldbreaker|t3_finalstring
standard,128,r2,red,jungle,戰士,longyi,standard,1,1,1,2,8976,14248,10257,482.9,8.56,16.1,20.93,3,1,1,2,3,310,1557,1019,356,4110,7037,9619,6253,484,570,427,,1617,266,,t3_shieldbreaker|t3_finalstring
standard,128,r3,red,mid,法師,bingshuang,standard,1,2,4,2,17068,13673,10555,496.9,10.28,18.1,,2,0,1,2,2,1618,281,418,1154,3878,6481,9398,6253,1073,570,285,950,,266,,t3_psyward
standard,128,r4,red,adc,射手,phantom,standard,1,0,7,0,9371,8092,7724,363.6,10.05,20.73,,2,0,1,1,2,1348,685,1457,403,3508,5465,7137,6253,807,,,,,76,,t3_shieldbreaker|t3_rendspear
standard,128,r5,red,sup,坦克,dadi,standard,1,0,2,1,4192,17479,10517,495.1,7.13,12.83,18.04,3,1,2,3,3,625,344,550,536,4525,7584,9930,6253,237,,142,475,,266,2555,t3_calmveil|t3_thornmail
standard,129,b1,blue,top,戰士,kuangfeng,standard,0,0,3,0,8537,26389,8849,373,8.73,18.06,,2,1,1,2,2,538,417,421,818,3688,5417,7621,6253,893,,,475,,0,,t3_shieldbreaker|t3_finalstring
standard,129,b2,blue,jungle,戰士,ravager,standard,0,2,5,0,7095,16280,10407,438.6,9.08,17.98,22.48,3,1,1,2,3,712,541,863,276,3812,5791,8843,6253,304,1140,,,1145,0,,t3_shieldbreaker|t3_finalstring
standard,129,b3,blue,mid,法師,mingyun2,standard,0,0,5,3,13022,17629,10150,427.8,11.07,17.98,21.57,3,0,1,2,3,1466,474,238,700,3726,5854,8248,6253,950,,570,475,,0,,t3_psyward
standard,129,b4,blue,adc,射手,huanying,standard,0,9,11,0,19307,12412,14292,602.4,8.14,15.73,18.63,4,1,1,3,4,91,1210,272,742,4391,6890,10272,6253,931,2850,,237,,0,,t3_shieldbreaker|t3_rendspear
standard,129,b5,blue,sup,輔助,mantra,standard,0,0,4,2,4747,17848,10900,459.4,6.07,12.18,17.09,4,1,2,3,4,487,294,556,499,4487,7024,9596,6253,190,,285,712,,0,2155,t3_calmveil
standard,129,r1,red,top,戰士,kuangfeng,standard,1,2,0,0,8898,20661,12003,505.9,9.93,15.82,21.44,3,1,1,2,3,110,1204,649,602,3910,6684,9249,6253,1000,1140,,285,,570,,t3_shieldbreaker|t3_finalstring
standard,129,r2,red,jungle,戰士,ravager,standard,1,6,2,2,12783,15670,14365,605.5,9.36,13.38,18.88,4,1,2,3,4,395,1073,499,964,4145,8123,10949,6253,316,1710,427,285,1386,570,,t3_shieldbreaker|t3_finalstring
standard,129,r3,red,mid,法師,mingyun2,standard,1,2,1,4,19048,13371,11955,503.9,11.43,17.67,22.08,3,0,1,2,3,1438,104,181,625,3698,6304,9581,6253,1048,1140,285,285,,570,,t3_psyward
standard,129,r4,red,adc,射手,huanying,standard,1,17,7,0,37644,12651,19115,805.7,8.42,14.18,17.64,5,1,2,4,5,1472,1045,1339,3515,4822,8045,15189,6253,671,7410,,285,,570,,t3_shieldbreaker|t3_rendspear
standard,129,r5,red,sup,輔助,mantra,standard,1,1,1,3,4722,13286,12986,547.3,6.62,12.74,13.94,4,1,3,4,4,312,518,59,1605,5162,8218,10859,6253,307,570,427,1235,,380,1686,t3_calmveil
standard,130,b1,blue,top,戰士,greymantle,standard,0,1,2,0,7744,26696,9373,395.5,8.89,18.7,,2,1,1,2,2,481,305,253,1092,3631,5835,7583,6253,646,,,285,,399,,t3_shieldbreaker|t3_finalstring
standard,130,b2,blue,jungle,刺客,yingsi,standard,0,1,5,0,7236,12208,10180,429.5,8.05,14.98,23.69,3,1,2,2,3,731,247,763,180,3931,6947,8843,6253,361,570,,285,974,399,,t3_finalstring
standard,130,b3,blue,mid,法師,bingshuang,standard,0,3,6,1,14828,14891,11073,467.2,10.39,18.04,,2,0,1,2,2,1666,473,361,1993,3926,6073,8391,6253,978,570,,285,,304,,t3_psyward
standard,130,b4,blue,adc,射手,guangsu,standard,0,4,6,3,20888,10212,11863,500.5,10.03,17.93,22.15,3,0,1,2,3,1474,399,964,912,3634,5779,8914,6253,535,1140,285,285,17,399,,t3_shieldbreaker|t3_rendspear
standard,130,b5,blue,sup,坦克,tiebi,standard,0,1,1,0,8520,23088,11694,493.4,6.42,13.11,18.59,4,1,2,3,4,165,256,543,314,4665,7496,10323,6253,329,570,,285,,399,2486,t3_calmveil|t3_thornmail
standard,130,r1,red,top,戰士,greymantle,standard,1,1,0,0,11593,22400,12118,511.3,8.59,18.13,22.57,3,1,1,2,3,719,524,1018,1088,3869,6054,9068,6253,1105,570,,950,,190,,t3_shieldbreaker|t3_finalstring
standard,130,r2,red,jungle,刺客,yingsi,standard,1,2,1,2,10529,12026,12510,527.8,7.92,15.32,21.65,3,1,1,2,3,367,1027,1141,1379,4267,6657,9521,6253,373,570,427,,1706,190,,t3_finalstring
standard,130,r3,red,mid,法師,bingshuang,standard,1,5,3,1,14276,13972,12520,528.3,10.56,16.62,20.41,3,0,1,2,3,1447,961,466,620,3707,6861,9866,6253,1238,1710,,475,,190,,t3_psyward
standard,130,r4,red,adc,射手,guangsu,standard,1,11,6,2,31583,9973,15028,634.1,9.68,18.07,22.15,3,1,1,2,3,740,576,1107,3648,4090,6256,9657,6253,554,2850,,,,0,,t3_shieldbreaker|t3_rendspear
standard,130,r5,red,sup,坦克,tiebi,standard,1,1,0,3,6552,19393,13605,574,7.26,13.18,16.52,4,1,2,3,4,82,636,774,1404,4532,7876,10754,6253,300,570,427,475,,190,2537,t3_calmveil|t3_thornmail
standard,131,b1,blue,top,戰士,ravager,standard,1,2,2,0,12189,26182,11563,479.1,9.51,18.29,21.26,3,1,1,2,3,614,358,1554,713,3764,5588,8704,6253,874,,,1425,,152,,t3_shieldbreaker|t3_finalstring
standard,131,b2,blue,jungle,刺客,shanying,standard,1,0,6,0,4990,11914,9278,384.4,8.62,18.5,,2,1,1,2,2,586,619,310,1147,3786,5599,7490,6253,228,,,,857,152,,t3_finalstring
standard,131,b3,blue,mid,法師,mingyun2,standard,1,2,3,1,17670,14904,10993,455.5,10.31,18.88,23.78,3,0,1,2,3,1618,571,926,443,3878,5721,8476,6253,1026,570,,475,,152,,t3_psyward
standard,131,b4,blue,adc,射手,maestro,standard,1,7,10,0,23948,11411,13359,553.5,8.66,17.55,20.7,4,1,1,2,4,585,617,529,358,3935,5997,9379,6253,1026,1710,,237,,152,,t3_shieldbreaker|t3_rendspear
standard,131,b5,blue,sup,坦克,longji,standard,1,1,1,1,10034,21878,12679,525.4,7.45,12.38,17.68,4,1,2,3,4,393,993,55,899,4843,7493,9155,6253,456,,,237,51,152,2005,t3_calmveil|t3_thornmail
standard,131,r1,red,top,戰士,ravager,standard,0,3,0,0,13651,23931,12079,500.5,8.78,15.95,20.16,3,1,1,2,3,79,1458,1326,1049,3929,6988,9676,6253,1371,1140,,570,,342,,t3_shieldbreaker|t3_finalstring
standard,131,r2,red,jungle,刺客,shanying,standard,0,2,2,0,9022,12769,11028,457,8.72,16.08,21.8,3,1,1,2,3,702,1141,1139,548,3902,6771,9519,6253,183,1140,,95,1504,342,,t3_finalstring
standard,131,r3,red,mid,法師,mingyun2,standard,0,6,2,2,21506,14596,13748,569.7,9.88,17.57,20.65,4,1,1,2,4,47,262,2099,398,3897,6462,10129,6253,1254,1140,570,570,,342,,t3_psyward
standard,131,r4,red,adc,射手,maestro,standard,0,10,7,2,22684,11281,14901,617.4,9.82,17.55,20.7,4,1,1,2,4,313,890,976,1050,3663,6570,9876,6253,810,2280,285,95,,152,,t3_shieldbreaker|t3_rendspear
standard,131,r5,red,sup,坦克,longji,standard,0,1,1,0,8525,22971,13072,541.6,7.36,13.68,18.12,4,1,2,3,4,420,458,738,871,4620,7698,10118,6253,370,,,570,,342,2582,t3_calmveil|t3_thornmail
standard,132,b1,blue,top,戰士,dadi2,standard,0,0,3,0,8735,25605,8947,400,9.24,19.02,,2,1,1,2,2,690,332,441,717,3840,5512,8191,6253,988,,,950,,0,,t3_shieldbreaker|t3_finalstring
standard,132,b2,blue,jungle,刺客,dianguang,standard,0,0,5,0,3212,10218,8718,389.8,8.66,17.8,,2,1,1,2,2,20,397,292,637,3870,5677,7722,6253,218,,,,1250,0,,t3_finalstring
standard,132,b3,blue,mid,法師,bingshuang,standard,0,0,5,0,11808,13208,8311,371.6,11.3,19.76,,2,0,1,2,2,1343,406,205,360,3603,5256,7555,6253,826,,,475,,0,,t3_psyward
standard,132,b4,blue,adc,射手,liuxing,standard,0,6,7,0,16136,10604,11497,514,9.73,18.15,21.16,3,1,1,2,3,300,620,211,546,3650,6000,8461,6253,779,1140,,237,51,0,,t3_shieldbreaker|t3_rendspear
standard,132,b5,blue,sup,輔助,hexweave,standard,0,0,1,0,3901,13869,10627,475.1,6.63,12.54,18.08,4,1,2,3,4,920,707,816,227,4620,6957,9396,6253,342,,,712,,0,2088,t3_calmveil
standard,132,r1,red,top,戰士,dadi2,standard,1,2,0,2,11661,22127,11037,493.5,9.13,15.96,21.27,3,1,1,2,3,766,1191,636,957,3916,6671,9236,6253,1007,570,570,285,,551,,t3_shieldbreaker|t3_finalstring
standard,132,r2,red,jungle,刺客,dianguang,standard,1,4,2,0,6849,10869,12276,548.9,8.57,15.29,20.74,3,1,1,2,3,397,1054,2746,1196,4247,6634,11076,6253,399,2280,,285,1307,551,,t3_finalstring
standard,132,r3,red,mid,法師,bingshuang,standard,1,5,1,0,10564,12455,12377,553.4,10.53,17.29,22.11,3,0,1,2,3,1656,258,739,476,3916,6158,10139,6253,1102,1710,,522,,551,,t3_psyward
standard,132,r4,red,adc,射手,liuxing,standard,1,10,2,1,28218,9392,15040,672.4,9.02,15.33,19.01,4,1,1,3,4,405,1374,394,2139,3755,7054,12194,6253,687,3990,285,522,,456,,t3_shieldbreaker|t3_rendspear
standard,132,r5,red,sup,輔助,hexweave,standard,1,0,1,3,4877,10986,12523,559.9,5.95,12.18,18.65,4,1,2,3,4,573,746,2366,1072,4573,7226,11406,6253,262,,855,1710,,551,1773,t3_calmveil
standard,133,b1,blue,top,戰士,ronggang,standard,0,0,2,0,7549,25785,9500,401.1,8.53,19.95,,2,1,1,2,2,595,493,72,1470,3745,5493,8102,6253,899,,,950,,0,,t3_shieldbreaker|t3_finalstring
standard,133,b2,blue,jungle,刺客,leisuhunter,standard,0,0,7,0,3504,14176,8868,374.4,9.02,18.27,,2,1,1,2,2,506,437,121,787,3706,5717,7551,6253,424,,,,873,0,,t3_finalstring
standard,133,b3,blue,mid,法師,lieyan,standard,0,2,6,0,13532,14839,10197,430.6,10.77,18.86,,2,0,1,2,2,1333,818,194,1317,3593,5968,8324,6253,1026,570,,475,,0,,t3_psyward
standard,133,b4,blue,adc,射手,shensheng,standard,0,6,8,0,16683,13003,12183,514.4,9.78,16.99,20.67,3,1,1,2,3,253,413,720,1382,3603,5313,9170,6253,731,1710,,475,,0,,t3_shieldbreaker|t3_rendspear
standard,133,b5,blue,sup,輔助,shengming,standard,0,0,3,1,4467,18348,10413,439.7,6.88,12.61,18.26,3,1,2,3,3,478,242,600,1373,4478,6722,9180,6253,262,,285,475,,0,1903,t3_calmveil
standard,133,r1,red,top,戰士,ronggang,standard,1,7,0,2,13989,25231,15905,671.6,7.78,13.52,17.65,5,1,2,3,5,604,363,1742,604,4404,7463,11822,6253,1368,1710,570,1235,77,608,,t3_shieldbreaker|t3_finalstring
standard,133,r2,red,jungle,刺客,leisuhunter,standard,1,4,1,0,6364,10027,13149,555.2,9.51,15.28,17.83,3,1,1,3,3,465,1828,1638,2068,4315,7408,11288,6253,307,2280,,285,1554,608,,t3_finalstring
standard,133,r3,red,mid,法師,lieyan,standard,1,7,2,1,23437,12711,14767,623.5,10.13,15.93,20.63,4,0,1,2,4,1590,523,1606,366,3850,7023,11006,6253,820,2280,285,760,,608,,t3_psyward
standard,133,r4,red,adc,射手,shensheng,standard,1,8,5,0,25412,10410,13899,586.9,10.26,17.44,21.73,4,0,1,2,4,1633,887,270,678,3793,6567,9170,6253,883,1140,,285,,608,,t3_shieldbreaker|t3_rendspear
standard,133,r5,red,sup,輔助,shengming,standard,1,0,0,3,5446,15354,13182,556.6,6.53,13.56,17.92,4,1,2,3,4,706,631,1693,1732,4706,7661,10733,6253,459,,855,760,,608,1797,t3_calmveil
standard,134,b1,blue,top,戰士,anliuyouXia,standard,0,1,2,0,5809,19294,8536,399.3,9.57,17.19,,2,1,1,2,2,323,509,666,455,3473,5259,8096,6253,639,570,,633,,0,,t3_shieldbreaker|t3_finalstring
standard,134,b2,blue,jungle,刺客,duskblade,standard,0,0,4,0,4590,9560,8659,405.1,8.97,17.1,,2,1,1,2,2,714,567,261,528,3914,5897,8041,6253,380,,,158,1249,0,,t3_finalstring
standard,134,b3,blue,mid,法師,shikong,standard,0,3,5,0,16759,14051,9448,442,10.64,18.99,,2,0,1,2,2,1441,232,1088,147,3701,5962,8438,6253,886,1140,,158,,0,,t3_psyward
standard,134,b4,blue,adc,射手,liangzicz,standard,0,1,5,2,7994,11951,9059,423.8,10.04,18.42,,2,0,1,2,2,1598,192,200,309,3758,5392,8050,6253,734,,570,475,17,0,,t3_shieldbreaker|t3_rendspear
standard,134,b5,blue,sup,坦克,tiemu,standard,0,0,4,1,3886,19158,9404,439.9,7.89,13.31,18.52,3,1,2,3,3,663,643,479,323,4563,6843,8679,6253,209,,,,,0,2217,t3_calmveil|t3_thornmail
standard,134,r1,red,top,戰士,anliuyouXia,standard,1,2,0,1,7762,18550,11221,525,9.27,15.9,19.52,3,1,1,3,3,709,964,195,670,3859,6494,10325,6253,975,1140,285,1140,,532,,t3_shieldbreaker|t3_finalstring
standard,134,r2,red,jungle,刺客,duskblade,standard,1,4,2,3,7169,10082,11905,557,9.17,14.32,18.05,3,1,2,3,3,674,326,541,775,3874,7506,11021,6253,152,2280,427,190,1186,532,,t3_finalstring
standard,134,r3,red,mid,法師,shikong,standard,1,6,1,2,19547,11710,13096,612.7,10.46,15.69,20.07,3,0,1,2,3,1590,1135,2344,1495,3850,7365,11744,6253,1016,2850,427,665,,532,,t3_psyward
standard,134,r4,red,adc,射手,liangzicz,standard,1,6,2,6,20337,7793,13726,642.1,9.82,12.55,16.34,4,1,2,3,4,281,416,574,505,3631,8666,12374,6253,791,2850,1282,665,,532,,t3_shieldbreaker|t3_rendspear
standard,134,r5,red,sup,坦克,tiemu,standard,1,2,0,1,5671,13694,12158,568.8,7.47,12.23,16.61,4,1,2,3,4,373,1153,1396,557,4573,7933,11376,6253,256,1140,142,665,,532,2387,t3_calmveil|t3_thornmail
standard,135,b1,blue,top,戰士,tielian,standard,0,0,4,0,5637,23092,9250,417.9,9.28,17.35,,2,1,1,2,2,431,542,201,1570,3581,5842,7581,6253,750,,,475,26,76,,t3_shieldbreaker|t3_finalstring
standard,135,b2,blue,jungle,刺客,miwu,standard,0,1,6,0,3898,12840,8904,402.3,7.97,17.01,,2,1,1,2,2,93,764,440,823,4243,6344,8170,6253,304,570,,,966,76,,t3_finalstring
standard,135,b3,blue,mid,法師,lieyan,standard,0,1,6,0,10683,13362,9028,407.9,10.77,19.14,,2,0,1,2,2,1457,523,478,147,3717,5553,8308,6253,934,570,,475,,76,,t3_psyward
standard,135,b4,blue,adc,射手,xingchen,standard,0,2,6,0,14380,11052,8920,403,9.82,20.02,,2,1,1,1,2,367,508,1381,970,3717,5408,7061,6253,731,,,,,76,,t3_shieldbreaker|t3_rendspear
standard,135,b5,blue,sup,輔助,shengguang,standard,0,0,1,0,3257,14937,10128,457.6,5.81,12.39,16.32,3,1,2,3,3,244,870,949,1088,4544,7420,9409,6253,243,,,475,51,76,2309,t3_calmveil
standard,135,r1,red,top,戰士,tielian,standard,1,6,0,1,10739,21745,13466,608.4,8.3,15.82,18.63,3,1,1,3,3,909,1163,147,2485,4059,6643,11127,6253,997,2850,285,285,,456,,t3_shieldbreaker|t3_finalstring
standard,135,r2,red,jungle,刺客,miwu,standard,1,2,0,3,5257,10265,11564,522.5,8.37,15.79,,2,1,1,2,2,465,1623,1389,3233,4615,7203,9719,6253,380,570,475,285,1299,456,,t3_finalstring
standard,135,r3,red,mid,法師,lieyan,standard,1,3,2,0,11869,11647,11670,527.3,10.5,17.31,21.83,3,0,1,2,3,1571,287,294,340,3831,6187,9274,6253,1235,570,,760,,456,,t3_psyward
standard,135,r4,red,adc,射手,xingchen,standard,1,12,2,2,28829,10012,16406,741.2,9.38,14.19,17.42,4,1,2,3,4,395,1030,1789,2556,3745,8030,12989,6253,769,4560,190,760,,456,,t3_shieldbreaker|t3_rendspear
standard,135,r5,red,sup,輔助,shengguang,standard,1,0,0,4,4968,11234,12676,572.7,6.67,11.5,17.91,4,1,2,4,4,339,598,131,1226,4639,7328,10831,6253,304,,190,1235,,456,2392,t3_calmveil
standard,136,b1,blue,top,戰士,hunpo,standard,0,1,1,0,8937,23173,11277,444.8,10.79,18.99,23.5,3,0,1,2,3,1647,190,506,276,3907,6320,8106,6253,1225,,,475,,152,,t3_psyward
standard,136,b2,blue,jungle,刺客,jueying,standard,0,0,6,0,2832,11929,10322,407.2,9.15,16.93,25.34,3,1,1,2,3,866,436,479,91,4066,6016,8079,6253,408,,,,1265,152,,t3_finalstring
standard,136,b3,blue,mid,法師,shikong,standard,0,3,3,1,15303,14791,11404,449.8,10.27,18.23,24.24,3,0,1,2,3,1675,321,145,203,3935,5721,8125,6253,912,570,,237,,152,,t3_psyward
standard,136,b4,blue,adc,射手,dujian,standard,0,11,4,0,29848,11435,16040,632.7,9.98,14.61,19.63,4,1,2,3,4,500,251,978,2439,3850,7251,11298,6253,997,3420,,475,,152,,t3_shieldbreaker|t3_rendspear
standard,136,b5,blue,sup,輔助,mingyunyindao,standard,0,0,5,0,3858,20807,11320,446.5,6.04,12.53,18.77,4,1,2,3,4,873,749,443,439,4573,6929,8883,6253,180,,,237,,152,2059,t3_calmveil
standard,136,r1,red,top,戰士,hunpo,standard,1,4,2,0,12149,21044,13414,529.2,10.52,15.84,21.05,3,0,1,2,3,1561,1266,912,984,3821,7716,10262,6253,1121,1710,,760,,418,,t3_psyward
standard,136,r2,red,jungle,刺客,jueying,standard,1,2,4,2,5683,12001,12877,508,8.86,15.18,19.81,3,1,1,3,3,943,1611,90,1797,4143,7191,10220,6253,76,570,570,285,2047,418,,t3_finalstring
standard,136,r3,red,mid,法師,shikong,standard,1,2,3,0,13731,14748,11856,467.7,11.47,18.27,24.64,3,0,1,2,3,1580,255,410,576,3840,6405,8210,6253,969,,,760,,228,,t3_psyward
standard,136,r4,red,adc,射手,dujian,standard,1,11,5,1,35205,11159,17347,684.3,10.01,17.05,20.66,4,0,1,2,4,1471,645,735,3497,3631,6025,9635,6253,779,1140,285,760,,418,,t3_shieldbreaker|t3_rendspear
standard,136,r5,red,sup,輔助,mingyunyindao,standard,1,0,1,5,5137,14398,12723,501.9,6.84,13.07,18.3,3,1,2,3,3,244,654,687,3682,4544,7204,9267,6253,247,,,285,,418,2063,t3_calmveil
standard,137,b1,blue,top,戰士,dushe,standard,0,4,4,0,20495,38485,14580,507.4,8.63,16.99,19.48,4,1,1,3,4,519,790,222,1549,3669,6320,10652,6253,978,1710,,1330,,380,,t3_shieldbreaker|t3_finalstring
standard,137,b2,blue,jungle,刺客,anye,standard,0,1,8,3,12295,19910,12837,446.8,8.91,15.96,23.13,4,1,1,2,4,772,1039,718,37,3972,6669,9098,6253,304,570,285,380,925,380,,t3_finalstring
standard,137,b3,blue,mid,法師,lieyan,standard,0,9,9,2,31035,19617,16309,567.6,11.27,18.86,22.25,4,0,1,2,4,1257,315,679,1908,3517,5645,9179,6253,741,1140,285,380,,380,,t3_psyward
standard,137,b4,blue,adc,射手,tianfa,standard,0,14,11,0,49251,16575,18976,660.4,9.35,16.4,20.2,5,1,1,2,5,357,303,1113,3376,3707,5683,10013,6253,703,2280,,380,17,380,,t3_shieldbreaker|t3_rendspear
standard,137,b5,blue,sup,坦克,xukong,standard,0,3,3,0,11539,30124,14328,498.7,6.71,11.79,16.08,5,1,2,3,5,1047,1317,895,727,5247,8557,10875,6253,351,1140,,380,51,380,2318,t3_calmveil|t3_thornmail
standard,137,r1,red,top,戰士,dushe,standard,1,14,1,0,32086,40576,19685,685.1,7,14.55,17.67,5,1,2,3,5,488,201,589,4334,4638,7051,12039,6253,1225,3990,,475,,95,,t3_shieldbreaker|t3_finalstring
standard,137,r2,red,jungle,刺客,anye,standard,1,1,6,2,13086,17061,12848,447.1,8.55,16.77,23.81,3,1,1,2,3,975,448,266,1717,4175,6078,8046,6253,408,,,,1289,95,,t3_finalstring
standard,137,r3,red,mid,法師,lieyan,standard,1,5,6,0,22788,18958,14580,507.4,10.56,20.22,25.24,4,0,1,1,4,1533,999,1321,1229,3793,6149,7821,6253,902,570,,,,95,,t3_psyward
standard,137,r4,red,adc,射手,tianfa,standard,1,14,14,0,49431,15616,18393,640.1,9.93,19.19,22.25,5,1,1,2,5,455,268,840,2792,3805,5648,8460,6253,1067,1140,,,,0,,t3_shieldbreaker|t3_rendspear
standard,137,r5,red,sup,坦克,xukong,standard,1,1,4,4,10856,31913,15602,543,6.61,12.64,16.99,5,1,2,3,5,174,645,390,2002,4674,7885,10370,6253,386,,570,475,,95,2590,t3_calmveil|t3_thornmail
standard,138,b1,blue,top,戰士,fengbao,standard,0,1,4,0,10350,28421,9778,401.8,9.18,17.9,,2,1,1,2,2,785,453,462,1497,3935,5683,7792,6253,836,,,475,,228,,t3_shieldbreaker|t3_finalstring
standard,138,b2,blue,jungle,刺客,wuxing,standard,0,1,5,1,8777,12077,10275,422.2,8.68,16.77,23.22,3,1,1,2,3,987,479,880,774,4187,6109,7880,6253,509,,,,889,228,,t3_finalstring
standard,138,b3,blue,mid,法師,shikong,standard,0,0,7,0,17096,16467,9588,394,9.98,20.51,,2,1,1,1,2,66,254,1102,187,3916,5854,7602,6253,1121,,,,,228,,t3_psyward
standard,138,b4,blue,adc,射手,mirrorshot,standard,0,5,9,1,16196,12387,12181,500.6,9.43,17.53,22.87,3,1,1,2,3,467,573,1274,1231,4467,6253,8894,6253,798,1140,,475,,228,,t3_shieldbreaker|t3_rendspear
standard,138,b5,blue,sup,坦克,tixue,standard,0,2,3,1,8201,24236,11858,487.3,6.75,13.38,17.09,4,1,2,3,4,218,1087,181,497,4718,7587,9761,6253,231,570,,475,,228,2004,t3_calmveil|t3_thornmail
standard,138,r1,red,top,戰士,fengbao,standard,1,6,1,3,19040,23780,14925,613.4,9.06,14.53,18.1,4,1,2,3,4,1140,328,1597,1424,4290,7178,11247,6253,1127,2280,855,427,,304,,t3_shieldbreaker|t3_finalstring
standard,138,r2,red,jungle,刺客,wuxing,standard,1,4,1,5,9366,12212,13893,571,9.08,15.81,17.46,4,1,1,3,4,1097,1776,522,493,4297,7406,11652,6253,183,2280,997,190,1443,304,,t3_finalstring
standard,138,r3,red,mid,法師,shikong,standard,1,6,4,2,17350,15071,14442,593.5,11.06,17.38,22.73,3,0,1,2,3,1305,475,2069,1962,3565,6975,9619,6253,734,1140,285,902,,304,,t3_psyward
standard,138,r4,red,adc,射手,mirrorshot,standard,1,8,2,2,24612,10658,14523,596.8,10.9,16.39,19.68,4,0,1,3,4,2089,1203,132,672,4249,6883,10132,6253,820,2280,285,190,,304,,t3_shieldbreaker|t3_rendspear
standard,138,r5,red,sup,坦克,tixue,standard,1,4,1,4,9076,20836,14393,591.5,7.48,12.28,15.73,5,1,2,4,5,793,1250,1230,793,4693,8490,12530,6253,250,2280,997,190,,304,2254,t3_calmveil|t3_thornmail
standard,139,b1,blue,top,戰士,rongyan,standard,1,0,4,1,10623,28715,10067,409,9.65,18.48,23.9,3,1,1,2,3,548,263,577,467,3698,5743,8327,6253,763,,285,950,,76,,t3_shieldbreaker|t3_finalstring
standard,139,b2,blue,jungle,刺客,razorwing,standard,1,1,7,0,4069,12215,10130,411.5,8.82,16.46,23.43,3,1,1,2,3,645,1359,78,680,3845,6289,8158,6253,180,570,,,1078,76,,t3_finalstring
standard,139,b3,blue,mid,法師,xingjie,standard,1,0,8,1,14933,16333,10064,408.8,10.41,19.98,,2,0,1,2,2,1628,347,242,664,3888,5797,7792,6253,1178,,285,,,76,,t3_psyward
standard,139,b4,blue,adc,射手,hanbing,standard,1,9,8,0,19574,12120,14144,574.6,8.28,14.28,21.06,4,1,2,2,4,442,254,1303,543,4442,7254,9553,6253,893,2280,,,51,76,,t3_shieldbreaker|t3_rendspear
standard,139,b5,blue,sup,輔助,linghun,standard,1,0,5,0,4699,23607,11691,474.9,7,12.34,16.3,4,1,2,3,4,292,671,1510,811,4592,7401,9970,6253,215,,,1425,,76,2000,t3_calmveil
standard,139,r1,red,top,戰士,rongyan,standard,0,6,1,0,16080,23417,13710,557,7.75,14.87,17.23,4,1,2,3,4,878,215,714,260,4028,7315,11514,6253,1178,3420,,190,17,456,,t3_shieldbreaker|t3_finalstring
standard,139,r2,red,jungle,刺客,razorwing,standard,0,1,2,2,6345,10930,11473,466.1,8.79,15.07,23.81,3,1,1,2,3,279,1410,632,873,4129,6640,8962,6253,152,,427,190,1483,456,,t3_finalstring
standard,139,r3,red,mid,法師,xingjie,standard,0,8,2,3,23163,14878,15587,633.2,10.5,16.43,20.02,4,0,1,2,4,1409,823,1578,1186,3669,7023,10978,6253,848,1710,570,1140,,456,,t3_psyward
standard,139,r4,red,adc,射手,hanbing,standard,0,17,5,1,43880,11312,19909,808.8,10.63,15.04,18.54,5,0,1,3,5,1623,1438,536,4309,3783,7118,12336,6253,829,3990,142,665,,456,,t3_shieldbreaker|t3_rendspear
standard,139,r5,red,sup,輔助,linghun,standard,0,0,0,6,5197,15534,12078,490.6,7.25,12,15.85,4,1,2,3,4,1425,469,424,627,4525,7199,9464,6253,221,,570,190,,456,1772,t3_calmveil
standard,140,b1,blue,top,戰士,embercoil,standard,1,0,1,0,12854,26675,9564,416.4,9.4,18,,2,1,1,2,2,766,222,475,963,3916,5702,7875,6253,912,,,285,26,399,,t3_shieldbreaker|t3_finalstring
standard,140,b2,blue,jungle,戰士,hunpo,standard,1,2,1,0,6495,10443,11435,497.9,10.39,17.77,,2,0,1,2,2,1704,167,1222,2085,3914,6617,9022,6253,462,570,,285,1052,399,,t3_psyward
standard,140,b3,blue,mid,法師,auralith,standard,1,5,3,0,18275,14575,11985,521.9,9.88,17.78,21.78,3,1,1,2,3,50,464,312,255,3900,6364,9062,6253,1079,1140,,285,,304,,t3_psyward
standard,140,b4,blue,adc,射手,xuanfeng,standard,1,12,2,1,30119,9612,16539,720.1,9.93,16.46,18.21,5,1,1,3,5,211,2084,811,939,4211,7764,12191,6253,788,3990,,760,,399,,t3_shieldbreaker|t3_rendspear
standard,140,b5,blue,sup,坦克,shengdun,standard,1,0,0,0,5855,19139,11742,511.3,6.98,12.46,18.15,3,1,2,3,3,495,441,724,1861,4595,7021,10604,6253,291,,,1235,,399,2425,t3_calmveil|t3_thornmail
standard,140,r1,red,top,戰士,embercoil,standard,0,1,3,0,13348,29256,9522,414.6,8.23,16.71,,2,1,1,2,2,747,1039,255,921,3897,6519,8555,6253,1152,570,,427,,152,,t3_shieldbreaker|t3_finalstring
standard,140,r2,red,jungle,戰士,hunpo,standard,0,1,4,0,5579,10829,10195,443.9,9.86,18.21,,2,1,1,2,2,167,1488,386,1165,3967,6468,8936,6253,152,570,,190,1618,152,,t3_psyward
standard,140,r3,red,mid,法師,auralith,standard,0,1,3,0,17287,14358,9237,402.2,10.75,20.34,,2,0,1,1,2,1561,229,1200,186,3821,5829,7700,6253,867,,,427,,152,,t3_psyward
standard,140,r4,red,adc,射手,xuanfeng,standard,0,3,4,0,15998,9255,9781,425.9,10.53,18.43,22.9,3,0,1,2,3,1303,310,374,81,3463,5990,7694,6253,528,570,,190,,152,,t3_shieldbreaker|t3_rendspear
standard,140,r5,red,sup,坦克,shengdun,standard,0,1,5,0,5715,20265,11393,496.1,7.49,12.21,17.77,4,1,2,3,4,665,532,319,292,4465,7112,9419,6253,224,570,,190,17,152,2012,t3_calmveil|t3_thornmail
standard,141,b1,blue,top,戰士,greymantle,standard,1,0,4,3,12438,26810,10156,444.6,8.57,16.98,,2,1,1,2,2,709,387,306,1506,3859,5617,8356,6253,934,,142,950,,76,,t3_shieldbreaker|t3_finalstring
standard,141,b2,blue,jungle,戰士,leimingcf,standard,1,1,2,2,11955,16097,10204,446.7,8.48,16.67,22.45,3,1,1,2,3,817,639,567,604,3917,5819,8267,6253,427,,427,158,924,76,,t3_shieldbreaker|t3_finalstring
standard,141,b3,blue,mid,法師,xingjie,standard,1,4,5,1,21319,15932,11974,524.2,10.23,16.8,22.35,3,0,1,2,3,1700,165,328,464,3960,5765,9128,6253,1216,1140,285,158,,76,,t3_psyward
standard,141,b4,blue,adc,射手,phantom,standard,1,6,3,1,19643,10094,12586,551,9.81,17.43,19.98,3,1,1,3,3,291,349,63,785,3641,6029,10063,6253,769,2280,,633,51,76,,t3_shieldbreaker|t3_rendspear
standard,141,b5,blue,sup,坦克,dadi,standard,1,1,0,0,3052,18792,12025,526.4,7.03,13.3,16.81,4,1,2,3,4,638,84,1216,644,4538,6884,10756,6253,300,570,,950,,76,2606,t3_calmveil|t3_thornmail
standard,141,r1,red,top,戰士,greymantle,standard,0,5,0,0,13444,24466,12988,568.6,9.21,13.73,19.19,4,1,2,3,4,579,769,90,438,4429,7919,10940,6253,1026,2850,,380,51,380,,t3_shieldbreaker|t3_finalstring
standard,141,r2,red,jungle,戰士,leimingcf,standard,0,3,3,2,9166,16355,11863,519.4,6.63,13.61,19.18,3,1,2,3,3,366,796,129,1062,4646,7896,10629,6253,164,1710,570,380,1170,380,,t3_shieldbreaker|t3_finalstring
standard,141,r3,red,mid,法師,xingjie,standard,0,1,2,0,12895,12034,10213,447.1,10.6,19.37,,2,0,1,2,2,1466,514,521,1233,3726,6114,8071,6253,1057,,,380,,380,,t3_psyward
standard,141,r4,red,adc,射手,phantom,standard,0,5,4,1,26677,9850,12056,527.8,10.63,17.88,21.27,3,0,1,2,3,1433,301,349,1156,3593,5981,9249,6253,810,1140,285,380,,380,,t3_shieldbreaker|t3_rendspear
standard,141,r5,red,sup,坦克,dadi,standard,0,0,3,4,7624,20254,12188,533.6,6.63,12.24,17.09,4,1,2,3,4,301,743,502,587,4801,7983,10482,6253,285,,570,380,51,380,2562,t3_calmveil|t3_thornmail
standard,142,b1,blue,top,戰士,ravager,standard,0,2,2,0,11981,33031,12428,450,8.89,17.7,22.1,3,1,1,2,3,576,944,208,1027,3726,6424,8438,6253,684,570,,665,,266,,t3_shieldbreaker|t3_finalstring
standard,142,b2,blue,jungle,戰士,xueyue,standard,0,0,6,0,5799,23442,10876,393.8,8.92,17.87,24.76,3,1,1,2,3,702,532,547,426,3802,5662,8077,6253,478,,,190,889,266,,t3_shieldbreaker|t3_finalstring
standard,142,b3,blue,mid,法師,auralith,standard,0,5,10,0,22853,18649,13796,499.5,9.1,18.39,24.7,3,1,1,2,3,484,296,279,1595,4334,6196,8609,6253,1045,570,,665,,76,,t3_psyward
standard,142,b4,blue,adc,射手,huanying,standard,0,4,9,2,27835,12333,12390,448.6,10.98,19.93,25.52,3,0,1,2,3,1566,141,35,1439,3726,5341,7355,6253,646,,,190,,266,,t3_shieldbreaker|t3_rendspear
standard,142,b5,blue,sup,輔助,luminary,standard,0,0,4,2,9688,26553,11847,429,5.78,12.14,17.35,4,1,2,3,4,358,234,670,396,4658,6964,9130,6253,376,,,190,,266,2044,t3_calmveil
standard,142,r1,red,top,戰士,ravager,standard,1,9,2,0,19994,29073,17227,623.8,8.15,16.02,19.01,5,1,1,3,5,116,1172,407,1926,3916,6652,10487,6253,1222,2280,,427,,304,,t3_shieldbreaker|t3_finalstring
standard,142,r2,red,jungle,戰士,xueyue,standard,1,4,0,2,14351,21333,15135,548,8.72,17.92,20.59,4,1,1,2,4,770,895,817,2204,3870,6325,9367,6253,253,570,285,190,1511,304,,t3_shieldbreaker|t3_finalstring
standard,142,r3,red,mid,法師,auralith,standard,1,5,6,0,21610,18940,14523,525.9,11.06,17.27,24.46,4,0,1,2,4,1314,503,555,1172,3574,6253,8885,6253,855,570,,902,,304,,t3_psyward
standard,142,r4,red,adc,射手,huanying,standard,1,13,3,1,55165,14611,18399,666.2,9.02,17.98,23.07,5,1,1,2,5,319,725,355,2798,3669,6405,9255,6253,798,1710,,190,,304,,t3_shieldbreaker|t3_rendspear
standard,142,r5,red,sup,輔助,luminary,standard,1,0,0,7,11602,17648,14439,522.8,5.86,11.79,16.23,4,1,2,3,4,1406,387,687,3058,4506,7417,9437,6253,215,,570,190,,304,1904,t3_calmveil
standard,143,b1,blue,top,戰士,dadi2,standard,0,0,3,1,5893,22188,9685,447.5,8.74,16.56,,2,1,1,2,2,78,735,930,1454,3878,6215,9160,6253,1121,,285,1140,,361,,t3_shieldbreaker|t3_finalstring
standard,143,b2,blue,jungle,戰士,anliuyouXia,standard,0,1,3,0,7255,16207,9423,435.4,8.8,17.52,,2,1,1,2,2,182,466,1062,1242,3932,5896,8762,6253,171,570,,190,1216,361,,t3_shieldbreaker|t3_finalstring
standard,143,b3,blue,mid,法師,xingjie,standard,0,2,3,1,15514,13736,9960,460.2,9.88,18.63,,2,1,1,2,2,142,121,802,980,3992,5721,8752,6253,1235,570,142,190,,361,,t3_psyward
standard,143,b4,blue,adc,射手,guangsu,standard,0,3,1,1,17357,9656,10334,477.5,9.67,17.23,,2,1,1,2,2,512,173,489,1583,3862,5553,9239,6253,1010,1140,285,190,,361,,t3_shieldbreaker|t3_rendspear
standard,143,b5,blue,sup,輔助,xuemai,standard,0,0,3,2,4688,15210,10511,485.7,6.17,12.63,18.92,3,1,2,3,3,579,343,877,1471,4579,6823,9037,6253,148,,427,190,,76,1941,t3_calmveil
standard,143,r1,red,top,戰士,dadi2,standard,1,4,0,0,7681,23284,12012,555,8.68,13.23,18.14,3,1,2,3,3,101,379,234,612,4201,7479,10614,6253,1282,1710,,1140,,228,,t3_shieldbreaker|t3_finalstring
standard,143,r2,red,jungle,戰士,anliuyouXia,standard,1,4,2,1,10063,16299,11916,550.6,7.72,14.74,20.23,3,1,2,2,3,93,312,1869,566,4323,7062,10419,6253,418,1710,285,190,1334,228,,t3_shieldbreaker|t3_finalstring
standard,143,r3,red,mid,法師,xingjie,standard,1,0,3,2,14239,13444,9466,437.4,11.38,17.98,,2,0,1,2,2,1314,334,617,666,3574,6234,8467,6253,703,,142,1140,,228,,t3_psyward
standard,143,r4,red,adc,射手,guangsu,standard,1,5,1,1,21910,9521,11585,535.3,10.73,17.48,,2,0,1,2,2,1519,820,572,2684,3679,6500,9122,6253,1026,1140,285,190,,228,,t3_shieldbreaker|t3_rendspear
standard,143,r5,red,sup,輔助,xuemai,standard,1,0,0,3,4218,11870,10921,504.6,6.6,14.78,17.13,3,1,2,3,3,573,247,464,1691,4573,7277,9694,6253,294,,712,190,51,228,1964,t3_calmveil
standard,144,b1,blue,top,戰士,ronggang,standard,1,1,1,2,9466,18535,9809,451.3,8.66,16.94,,2,1,1,2,2,313,467,388,1758,4163,5997,8438,6253,817,570,285,285,,228,,t3_shieldbreaker|t3_finalstring
standard,144,b2,blue,jungle,戰士,kuangfeng,standard,1,1,1,0,6032,14218,9940,457.4,8.96,16.82,,2,1,1,2,2,729,836,436,1339,3829,6316,8436,6253,269,,,285,1210,418,,t3_shieldbreaker|t3_finalstring
standard,144,b3,blue,mid,法師,auralith,standard,1,2,1,0,15077,11719,10350,476.2,9.28,16.84,,2,1,1,2,2,475,504,255,1720,4325,7004,8885,6253,883,570,,760,,418,,t3_psyward
standard,144,b4,blue,adc,射手,maestro,standard,1,7,2,0,18271,9445,12573,578.5,9.88,16.83,21.05,3,1,1,2,3,405,427,1068,773,3755,5807,9968,6253,731,2280,,285,,418,,t3_shieldbreaker|t3_rendspear
standard,144,b5,blue,sup,坦克,longji,standard,1,1,0,1,4539,15781,12349,568.2,7.11,11.43,16.47,3,1,2,3,3,997,636,1188,2368,5197,7876,11168,6253,224,570,,1235,,418,2466,t3_calmveil|t3_thornmail
standard,144,r1,red,top,戰士,ronggang,standard,0,1,2,0,10987,20597,9404,432.7,8.65,17.77,,2,1,1,2,2,614,495,480,1123,3764,6025,8280,6253,874,,,950,,202,,t3_shieldbreaker|t3_finalstring
standard,144,r2,red,jungle,戰士,kuangfeng,standard,0,1,1,0,7939,14978,9183,422.5,8.85,16.02,,2,1,1,2,2,885,1134,297,953,3985,6614,8527,6253,218,570,,,1282,202,,t3_shieldbreaker|t3_finalstring
standard,144,r3,red,mid,法師,auralith,standard,0,0,4,0,14929,12500,8403,386.6,11.34,,,1,0,1,1,1,1542,252,836,1902,3802,5702,7336,6253,1007,,,,,76,,t3_psyward
standard,144,r4,red,adc,射手,maestro,standard,0,3,4,1,13060,8174,9999,460.1,8.98,18.42,,2,1,1,2,2,699,793,340,1148,4049,5873,8590,6253,646,1140,,475,,76,,t3_shieldbreaker|t3_rendspear
standard,144,r5,red,sup,坦克,longji,standard,0,0,1,1,2705,17547,10605,488,7.38,13.09,17.83,3,1,2,3,3,363,491,475,804,4563,7271,9975,6253,294,,285,475,,202,2464,t3_calmveil|t3_thornmail
standard,145,b1,blue,top,戰士,jingci,standard,0,1,4,0,16592,25576,10283,417.7,9.37,18.94,22.73,3,1,1,2,3,529,171,584,382,3679,5351,8334,6253,693,570,,475,,342,,t3_shieldbreaker|t3_finalstring
standard,145,b2,blue,jungle,戰士,longyi,standard,0,1,5,1,9142,19334,10297,418.3,8.05,16.84,22.48,3,1,1,2,3,787,1216,570,146,3887,6346,8750,6253,563,570,285,,736,342,,t3_shieldbreaker|t3_finalstring
standard,145,b3,blue,mid,法師,ronghuo,standard,0,2,6,0,13980,14965,11397,463,11.08,19.9,22.78,3,0,1,2,3,1409,239,321,267,3669,5569,9021,6253,905,570,,950,,342,,t3_psyward
standard,145,b4,blue,adc,射手,liuxing,standard,0,8,5,0,24414,10289,14053,570.9,8.69,17.46,20.16,4,1,1,2,4,196,540,1616,452,4196,6220,10166,6253,767,2280,,712,,152,,t3_shieldbreaker|t3_rendspear
standard,145,b5,blue,sup,輔助,hexweave,standard,0,1,2,1,5884,19033,11478,466.3,7.28,11.08,16.33,4,1,2,3,4,361,520,689,598,5211,7550,9729,6253,299,570,285,237,,342,1741,t3_calmveil
standard,145,r1,red,top,戰士,jingci,standard,1,2,2,1,14371,30245,11674,474.2,9.2,15.18,20.97,3,1,1,2,3,437,1337,360,873,3587,6817,8660,6253,779,1140,,190,51,247,,t3_shieldbreaker|t3_finalstring
standard,145,r2,red,jungle,戰士,longyi,standard,1,7,2,1,18022,20227,14781,600.4,9.14,14.45,18.07,4,1,2,3,4,984,560,518,1380,4084,7910,11448,6253,316,2850,285,190,1306,247,,t3_shieldbreaker|t3_finalstring
standard,145,r3,red,mid,法師,ronghuo,standard,1,8,3,2,17465,14695,15267,620.2,10.21,17.07,20.54,3,0,1,2,3,1618,348,950,3667,3878,6548,9930,6253,1197,1710,427,190,,152,,t3_psyward
standard,145,r4,red,adc,射手,liuxing,standard,1,4,4,1,18434,10988,12275,498.6,8.35,18.55,22.59,3,1,1,2,3,287,640,524,1494,4287,6320,8144,6253,883,570,,190,,247,,t3_shieldbreaker|t3_rendspear
standard,145,r5,red,sup,輔助,hexweave,standard,1,1,2,4,4888,16985,13307,540.6,8.05,12.13,13.84,4,1,3,3,4,1673,152,1162,1926,5073,8332,10392,6253,205,570,142,665,,247,2308,t3_calmveil
standard,146,b1,blue,top,戰士,longyi,standard,0,3,0,0,15504,24425,10846,467.2,7.98,16.71,,2,1,1,2,2,401,1020,147,2246,4201,6500,8147,6253,696,570,,285,,342,,t3_shieldbreaker|t3_finalstring
standard,146,b2,blue,jungle,戰士,cinderfist,standard,0,3,1,0,8160,17656,11190,482,6.83,16.92,21.53,3,1,1,2,3,208,1457,812,440,4258,6887,9362,6253,297,1140,,285,1044,342,,t3_shieldbreaker|t3_finalstring
standard,146,b3,blue,mid,法師,gambler,standard,0,4,2,1,17267,13502,11910,513,9.23,18.17,21.38,3,1,1,2,3,294,399,267,310,4144,6899,9667,6253,886,1140,285,760,,342,,t3_psyward
standard,146,b4,blue,adc,射手,shensheng,standard,0,12,5,1,33374,10135,15495,667.4,7.93,14.08,19.57,4,1,2,3,4,737,317,401,1644,4087,7317,10401,6253,576,2850,285,285,,152,,t3_shieldbreaker|t3_rendspear
standard,146,b5,blue,sup,輔助,shengming,standard,0,0,3,2,5697,15886,11211,482.9,6.99,12.38,16.99,4,1,2,3,4,1125,310,602,711,4525,7340,9082,6253,278,,,285,,342,1923,t3_calmveil
standard,146,r1,red,top,戰士,longyi,standard,1,1,3,2,11329,27912,11175,481.4,9.18,15.83,20.83,3,1,1,2,3,519,697,1348,375,3669,6177,9578,6253,665,570,285,1520,,285,,t3_shieldbreaker|t3_finalstring
standard,146,r2,red,jungle,戰士,cinderfist,standard,1,2,3,1,10816,18717,11011,474.3,8.78,15.75,21.97,3,1,1,2,3,848,1256,744,1461,3948,6686,8924,6253,123,570,285,95,1312,285,,t3_shieldbreaker|t3_finalstring
standard,146,r3,red,mid,法師,gambler,standard,1,0,4,0,17493,14780,8591,370.1,11.18,20.52,,2,0,1,1,2,1542,624,1199,641,3802,5474,7279,6253,931,,,95,,0,,t3_psyward
standard,146,r4,red,adc,射手,shensheng,standard,1,8,8,0,19679,12937,13427,578.3,10.26,17.79,20.89,3,0,1,2,3,1234,229,685,1626,3394,5009,9265,6253,446,1710,,570,,285,,t3_shieldbreaker|t3_rendspear
standard,146,r5,red,sup,輔助,shengming,standard,1,0,4,1,7103,15415,10649,458.7,7.27,14.19,17.58,4,1,2,3,4,1378,574,471,248,4478,6824,9051,6253,266,,,95,,285,2152,t3_calmveil
standard,147,b1,blue,top,戰士,chichuan,standard,1,0,3,0,9152,25424,10423,422.7,8.86,18.98,,2,1,1,2,2,481,215,1455,1772,3631,5265,8305,6253,551,,,1425,,76,,t3_shieldbreaker|t3_finalstring
standard,147,b2,blue,jungle,戰士,xueyue,standard,1,1,4,0,11254,16060,10222,414.5,9.04,17.92,23.56,3,1,1,2,3,228,763,616,622,4028,5943,8366,6253,475,570,,,991,76,,t3_shieldbreaker|t3_finalstring
standard,147,b3,blue,mid,法師,ronghuo,standard,1,0,7,1,20025,14999,10195,413.4,10.38,19.47,,2,0,1,2,2,1618,62,227,1114,3878,5512,8077,6253,988,,285,475,,76,,t3_psyward
standard,147,b4,blue,adc,射手,liangzicz,standard,1,5,8,0,19827,12286,12377,501.9,9.36,18.13,21.78,3,1,1,2,3,325,438,228,1426,3675,5518,8178,6253,804,570,,475,,76,,t3_shieldbreaker|t3_rendspear
standard,147,b5,blue,sup,坦克,shiqiang,standard,1,1,3,0,9989,26936,11925,483.6,6.31,12.68,16.4,4,1,2,3,4,479,338,447,544,5279,7578,10247,6253,297,570,,475,51,76,2523,t3_calmveil|t3_thornmail
standard,147,r1,red,top,戰士,chichuan,standard,0,8,0,3,20046,28598,16037,650.4,8.98,15.68,18.99,4,1,1,3,4,671,1312,250,3007,3821,6842,11700,6253,855,2280,855,950,,506,,t3_shieldbreaker|t3_finalstring
standard,147,r2,red,jungle,戰士,xueyue,standard,0,5,0,2,13896,16401,14124,572.8,7.28,18.73,20.5,4,1,1,2,4,261,1717,2192,1143,4061,7197,10792,6253,171,1710,142,475,1533,506,,t3_shieldbreaker|t3_finalstring
standard,147,r3,red,mid,法師,ronghuo,standard,0,3,1,5,20665,12623,13016,527.9,10.27,17.11,23.22,3,0,1,2,3,1621,394,675,936,3881,6294,10075,6253,1114,1140,712,475,,380,,t3_psyward
standard,147,r4,red,adc,射手,liangzicz,standard,0,5,5,1,18823,11466,12557,509.2,9.55,19.48,21.78,3,1,1,2,3,262,355,331,1177,3612,6035,8581,6253,760,570,142,475,,380,,t3_shieldbreaker|t3_rendspear
standard,147,r5,red,sup,坦克,shiqiang,standard,0,4,1,3,10281,21879,14649,594.1,7.75,13.29,15.43,4,1,2,4,4,360,1462,31,2448,4560,8702,12231,6253,253,1710,712,475,,506,2319,t3_calmveil|t3_thornmail
standard,148,b1,blue,top,戰士,xueyue,standard,0,0,4,0,11592,27587,8241,360.9,10,18.82,,2,1,1,2,2,367,439,667,211,3517,5189,7317,6253,589,,,475,,0,,t3_shieldbreaker|t3_finalstring
standard,148,b2,blue,jungle,戰士,jufeng,standard,0,3,4,1,10011,19117,10646,466.2,6.31,15.1,21.16,3,1,1,2,3,192,1540,684,145,4592,7020,8914,6253,294,1140,285,,941,0,,t3_shieldbreaker|t3_finalstring
standard,148,b3,blue,mid,法師,gambler,standard,0,1,6,2,13064,13732,9666,423.3,9.77,18.74,,2,1,1,2,2,389,463,446,586,4239,6063,8476,6253,893,570,285,475,,0,,t3_psyward
standard,148,b4,blue,adc,射手,xingchen,standard,0,3,9,0,10869,11346,9505,416.3,9.99,18.88,,2,1,1,2,2,154,165,1030,604,4154,5845,8030,6253,636,1140,,,,0,,t3_shieldbreaker|t3_rendspear
standard,148,b5,blue,sup,坦克,suishan,standard,0,0,3,0,4068,18806,10241,448.5,6.9,13.65,18.9,3,1,2,3,3,1521,239,119,661,4421,6739,9099,6253,171,,,,,0,2674,t3_calmveil|t3_thornmail
standard,148,r1,red,top,戰士,xueyue,standard,1,4,1,1,17076,21435,12763,559,8.52,15.86,19.6,3,1,1,3,3,576,1388,156,1913,3726,6918,9806,6253,836,1140,285,760,,532,,t3_shieldbreaker|t3_finalstring
standard,148,r2,red,jungle,戰士,jufeng,standard,1,6,0,2,13953,15125,14221,622.8,7.73,15.73,18.39,4,1,1,3,4,287,1513,384,1720,4087,6993,11784,6253,323,2850,285,285,1256,532,,t3_shieldbreaker|t3_finalstring
standard,148,r3,red,mid,法師,gambler,standard,1,2,2,3,18809,12316,11762,515.1,10.99,17.38,22.37,3,0,1,2,3,1599,243,254,432,3859,6443,9654,6253,1159,570,855,285,,532,,t3_psyward
standard,148,r4,red,adc,射手,xingchen,standard,1,12,3,2,24802,9170,17434,763.5,8.89,13.93,17.61,5,1,2,3,5,365,412,1350,1833,5265,7412,13150,6253,665,5130,285,285,,532,,t3_shieldbreaker|t3_rendspear
standard,148,r5,red,sup,坦克,suishan,standard,1,2,1,0,5010,17262,12059,528.1,6.55,12.36,18.64,3,1,2,3,3,382,322,371,2078,4582,7262,9751,6253,247,570,,285,,532,1863,t3_calmveil|t3_thornmail
standard,149,b1,blue,top,戰士,fengbao,standard,0,1,3,0,12917,36798,11746,449.8,7.66,16.23,22.8,3,1,1,2,3,268,1191,231,346,4068,6671,8831,6253,1304,,,1045,,228,,t3_shieldbreaker|t3_finalstring
standard,149,b2,blue,jungle,戰士,rongyan,standard,0,3,2,0,8979,16230,12329,472.1,8.69,15.67,20.73,3,1,1,2,3,266,2492,672,979,4016,6722,9222,6253,342,1140,,95,1163,228,,t3_shieldbreaker|t3_finalstring
standard,149,b3,blue,mid,法師,ronghuo,standard,0,0,6,0,18181,18275,10920,418.1,10.28,17.66,25.09,3,0,1,2,3,1628,190,314,369,3888,6690,8764,6253,1475,,,807,,228,,t3_psyward
standard,149,b4,blue,adc,射手,dujian,standard,0,16,7,0,44540,14419,19134,732.6,9.46,15.51,18.36,5,1,1,3,5,443,1780,1108,3534,3793,7460,12488,6253,877,4560,,570,,228,,t3_shieldbreaker|t3_rendspear
standard,149,b5,blue,sup,輔助,linghun,standard,0,0,3,1,10992,18992,12143,465,6.24,11.64,15.84,4,1,2,3,4,358,721,491,1343,4658,7271,9721,6253,332,,,332,,228,2575,t3_calmveil
standard,149,r1,red,top,戰士,fengbao,standard,1,7,2,1,19013,35994,14831,567.9,8.76,18.18,21.43,4,1,1,2,4,529,370,785,1380,3679,5370,9065,6253,693,570,142,1045,,361,,t3_shieldbreaker|t3_finalstring
standard,149,r2,red,jungle,戰士,rongyan,standard,1,5,1,2,17916,20238,14222,544.6,8,16.51,17.74,4,1,1,3,4,46,2305,1043,972,4576,7735,11493,6253,330,2850,,95,1602,361,,t3_shieldbreaker|t3_finalstring
standard,149,r3,red,mid,法師,ronghuo,standard,1,0,5,2,21450,15934,10847,415.3,10.84,18.28,,2,0,1,2,2,1599,429,60,1447,3859,6329,8210,6253,978,,142,570,,266,,t3_psyward
standard,149,r4,red,adc,射手,dujian,standard,1,9,10,0,31637,12332,16082,615.8,9.84,18.18,22.18,4,1,1,2,4,177,370,1189,2231,3527,5750,8809,6253,674,1140,,570,,171,,t3_shieldbreaker|t3_rendspear
standard,149,r5,red,sup,輔助,linghun,standard,1,0,2,5,6322,14321,12310,471.3,7.97,12.23,18.38,4,1,2,3,4,694,74,681,859,4644,7104,9261,6253,286,,285,95,,361,1980,t3_calmveil
standard,150,b1,blue,top,坦克,suishan,standard,0,0,3,0,4799,19500,8501,369.7,8.8,16.59,,2,1,1,2,2,415,449,220,1070,3365,4999,7070,6253,342,,,475,,0,,t3_calmveil|t3_thornmail
standard,150,b2,blue,jungle,戰士,jingci,standard,0,1,4,1,6754,18564,10049,437.1,8.12,17.53,,2,1,1,2,2,941,577,223,1818,4041,6057,7973,6253,503,,,,1216,0,,t3_finalstring|t3_shieldbreaker
standard,150,b3,blue,mid,法師,gambler,standard,0,0,6,1,14654,15192,9603,417.7,10.44,17.37,,2,0,1,2,2,1561,140,232,902,3821,5740,8362,6253,1159,,,950,,0,,t3_psyward
standard,150,b4,blue,adc,射手,shengyan,standard,0,8,8,0,20616,13780,12747,554.4,9.32,17.33,19.94,3,1,1,3,3,671,455,124,1247,4021,5655,10044,6253,465,2850,,475,,0,,t3_shieldbreaker|t3_rendspear
standard,150,b5,blue,sup,坦克,xukong,standard,0,0,5,0,6011,21852,10124,440.3,7.45,13.12,19.38,3,1,2,3,3,297,343,456,584,4497,6843,8656,6253,190,,,,51,0,2161,t3_calmveil|t3_thornmail
standard,150,r1,red,top,坦克,suishan,standard,1,4,0,2,10233,18637,13102,569.8,8.59,12.87,17.08,4,1,2,3,4,1840,321,976,851,4790,7311,11006,6253,848,2280,427,665,,532,,t3_calmveil|t3_thornmail
standard,150,r2,red,jungle,戰士,jingci,standard,1,4,1,2,11480,12387,12906,561.4,8.33,16.18,19.37,3,1,1,3,3,595,1444,437,1876,4395,6924,10817,6253,544,1710,427,190,1159,532,,t3_finalstring|t3_shieldbreaker
standard,150,r3,red,mid,法師,gambler,standard,1,5,3,3,16496,13044,12548,545.7,10.72,18.97,21.19,3,0,1,2,3,1333,330,156,1697,3593,5930,9436,6253,893,1140,427,190,,532,,t3_psyward
standard,150,r4,red,adc,射手,shengyan,standard,1,12,5,2,31991,11355,17488,760.6,8.91,13.35,17.33,5,1,2,4,5,1127,875,1276,1887,4477,9455,15126,6253,1073,5700,427,1140,,532,,t3_shieldbreaker|t3_rendspear
standard,150,r5,red,sup,坦克,xukong,standard,1,1,0,3,8672,17628,12335,536.5,6.59,12.86,16.52,4,1,2,3,4,711,1168,753,734,4611,7948,10733,6253,288,570,285,190,,532,2615,t3_calmveil|t3_thornmail
standard,151,b1,blue,top,坦克,stoneguard,standard,0,0,5,0,6385,26736,9139,368.8,8.9,15.53,23.17,3,1,1,2,3,710,520,406,309,3660,5370,7536,6253,636,,,570,,76,,t3_calmveil|t3_thornmail
standard,151,b2,blue,jungle,刺客,voidrift,standard,0,1,5,0,6154,12278,10656,429.9,8.93,17.05,22.36,3,1,1,2,3,116,748,440,255,4016,6078,8870,6253,589,570,,95,1096,266,,t3_finalstring
standard,151,b3,blue,mid,法師,leiming,standard,0,2,6,0,12437,14434,10783,435.1,10.94,19.34,24.58,3,0,1,2,3,1447,237,522,132,3707,5987,8372,6253,950,570,,332,,266,,t3_psyward
standard,151,b4,blue,adc,射手,mirrorshot,standard,0,6,7,1,19885,13242,13842,558.5,10.13,18.06,21.73,3,0,1,2,3,1481,394,226,2861,3641,5474,8676,6253,636,570,142,807,,266,,t3_shieldbreaker|t3_rendspear
standard,151,b5,blue,sup,坦克,dadi,standard,0,0,2,1,5689,24038,10986,443.3,7.29,13.23,17.54,3,1,2,3,3,354,381,459,1405,4554,7461,9439,6253,189,,142,570,,266,2017,t3_calmveil|t3_thornmail
standard,151,r1,red,top,坦克,stoneguard,standard,1,2,0,2,7459,18565,12949,522.5,7.6,13.6,20.88,4,1,2,2,4,1061,602,2165,1298,4011,6852,9455,6253,1187,1140,285,285,,304,,t3_calmveil|t3_thornmail
standard,151,r2,red,jungle,刺客,voidrift,standard,1,4,5,3,9283,14392,13636,550.2,8.53,14.95,19.59,4,1,2,3,4,149,267,374,235,4349,6967,10774,6253,266,1710,427,285,1528,304,,t3_finalstring
standard,151,r3,red,mid,法師,leiming,standard,1,9,2,0,20278,14195,15574,628.4,9.16,15.88,21.08,3,1,1,2,3,554,716,1103,3093,4404,7216,10503,6253,905,2280,,760,,304,,t3_psyward
standard,151,r4,red,adc,射手,mirrorshot,standard,1,10,1,1,27939,12032,16065,648.2,8.78,16.13,19.39,5,1,1,3,5,382,881,403,464,4382,6681,10623,6253,978,2280,285,522,,304,,t3_shieldbreaker|t3_rendspear
standard,151,r5,red,sup,坦克,dadi,standard,1,0,1,2,6775,18547,11821,477,6.86,13.13,17.73,3,1,2,3,3,622,99,344,1841,4522,7339,9724,6253,348,,427,522,,304,1868,t3_calmveil|t3_thornmail
standard,152,b1,blue,top,坦克,thornwall,standard,0,1,1,0,8719,25078,9753,443.8,6.22,14.5,17.79,3,1,2,3,3,336,73,520,223,4486,6823,8970,6253,1197,570,,950,,0,,t3_calmveil|t3_thornmail
standard,152,b2,blue,jungle,刺客,miwu,standard,0,0,6,0,4518,9028,8408,382.6,8.73,18.02,,2,1,1,2,2,655,453,506,677,3855,5733,7636,6253,209,,,,1174,0,,t3_finalstring
standard,152,b3,blue,mid,法師,haixiao,standard,0,0,4,0,7615,12125,8607,391.7,10.3,20.23,,2,0,1,1,2,1580,216,983,776,3840,5816,7463,6253,1209,,,,,0,,t3_psyward
standard,152,b4,blue,adc,射手,hanbing,standard,0,2,6,0,12545,9639,9015,410.3,10.88,20.44,,2,0,1,1,2,1481,237,2134,465,3641,5617,7814,6253,753,570,,237,,0,,t3_shieldbreaker|t3_rendspear
standard,152,b5,blue,sup,輔助,mantra,standard,0,0,3,0,3788,17663,9450,430,5.94,12.16,18.13,3,1,2,3,3,1135,508,501,409,4535,6988,8781,6253,354,,,237,51,0,1884,t3_calmveil
standard,152,r1,red,top,坦克,thornwall,standard,1,6,0,0,13996,20110,13278,604.2,7.99,12.58,17.79,3,1,2,3,3,236,1056,1387,3347,3786,7206,11317,6253,1016,2280,,1235,,532,,t3_calmveil|t3_thornmail
standard,152,r2,red,jungle,刺客,miwu,standard,1,3,0,0,6192,10153,11880,540.6,8.68,14.63,19.66,3,1,2,3,3,1052,277,425,800,4252,7407,11025,6253,373,1710,,522,1633,532,,t3_finalstring
standard,152,r3,red,mid,法師,haixiao,standard,1,4,0,4,14956,12310,13407,610.1,10.94,16.37,19.92,3,0,1,3,3,1599,371,78,927,3859,6871,11978,6253,1298,1710,950,1235,,532,,t3_psyward
standard,152,r4,red,adc,射手,hanbing,standard,1,7,3,3,19848,10502,13500,614.3,8.78,16.95,19.04,4,1,1,3,4,851,694,1629,600,4201,6374,12109,6253,690,3420,665,522,26,532,,t3_shieldbreaker|t3_rendspear
standard,152,r5,red,sup,輔助,mantra,standard,1,0,0,2,3217,10181,10563,480.7,6.36,12.91,16.48,3,1,2,3,3,1504,451,702,1522,4604,7481,9742,6253,307,,380,285,,532,1984,t3_calmveil
standard,153,b1,blue,top,坦克,tieshixin,standard,1,0,0,1,13639,29873,11324,441,7.86,14.98,21.64,3,1,2,2,3,328,99,866,1393,3878,5949,8096,6253,1007,,285,475,,76,,t3_calmveil|t3_thornmail
standard,153,b2,blue,jungle,刺客,guihuo,standard,1,1,4,0,7345,13143,10523,409.9,8.71,16.2,25.58,3,1,1,2,3,593,761,381,392,3793,6341,8111,6253,237,570,,,974,76,,t3_finalstring
standard,153,b3,blue,mid,法師,leiming,standard,1,13,8,1,21776,18570,17765,691.9,9.66,15.63,20.12,5,1,1,2,5,275,950,2116,1614,4125,7450,11516,6253,912,3990,285,,,76,,t3_psyward
standard,153,b4,blue,adc,射手,xuanfeng,standard,1,9,5,0,27675,11946,14250,555,11.85,19.2,22.65,4,0,1,2,4,1272,94,1056,1029,3432,5294,8676,6253,636,1710,,,,76,,t3_shieldbreaker|t3_rendspear
standard,153,b5,blue,sup,輔助,huanjing,standard,1,0,3,1,8053,23459,12151,473.2,6.91,12.34,17.39,4,1,2,3,4,566,800,454,700,4516,7280,8914,6253,209,,,475,,76,1900,t3_calmveil
standard,153,r1,red,top,坦克,tieshixin,standard,0,6,0,0,22103,24650,14133,550.5,8.07,13.04,18.58,5,1,2,3,5,1498,554,307,583,4448,7184,10237,6253,1159,1710,,665,51,399,,t3_calmveil|t3_thornmail
standard,153,r2,red,jungle,刺客,guihuo,standard,0,0,1,2,14309,15576,10837,422.1,8.44,16.01,23.33,3,1,1,2,3,1021,913,262,407,4221,6493,8292,6253,332,,142,190,974,399,,t3_finalstring
standard,153,r3,red,mid,法師,leiming,standard,0,5,12,1,16589,17110,12971,505.2,10.83,18.58,24.19,3,0,1,2,3,1514,246,253,1071,3774,5846,8753,6253,791,570,142,665,26,304,,t3_psyward
standard,153,r4,red,adc,射手,xuanfeng,standard,0,9,6,0,22503,12630,14851,578.4,8.91,15.69,20.12,4,1,1,2,4,462,1305,1543,1051,3812,6985,10443,6253,750,2850,,190,,399,,t3_shieldbreaker|t3_rendspear
standard,153,r5,red,sup,輔助,huanjing,standard,0,0,4,1,8076,21576,12028,468.5,5.89,13.05,16.52,4,1,2,3,4,696,298,112,1148,4696,7328,9152,6253,348,,,190,,399,1961,t3_calmveil
standard,154,b1,blue,top,坦克,bingshouweis,standard,0,0,1,0,10963,23284,10175,426.9,8.13,14.29,21.52,3,1,2,2,3,219,275,1015,1045,3869,6225,8305,6253,1149,,,522,,380,,t3_calmveil|t3_thornmail
standard,154,b2,blue,jungle,刺客,jiansheng,standard,0,0,3,0,4578,10413,9904,415.5,8.78,16.73,23.15,3,1,1,2,3,96,950,851,403,3996,6280,8501,6253,285,,,522,1060,380,,t3_finalstring
standard,154,b3,blue,mid,法師,haixiao,standard,0,6,4,0,18380,16016,12610,529.1,10.3,17.12,22.28,3,0,1,2,3,1643,239,299,130,3903,6139,9049,6253,991,1140,,285,,380,,t3_psyward
standard,154,b4,blue,adc,射手,phantom,standard,0,9,5,0,29958,12973,14596,612.4,9.6,16.82,19.3,4,1,1,3,4,357,512,1667,745,3707,5892,11567,6253,753,3420,,760,,380,,t3_shieldbreaker|t3_rendspear
standard,154,b5,blue,sup,坦克,dadi,standard,0,1,1,0,6792,20411,12147,509.7,6.98,12.5,16.65,4,1,2,3,4,488,848,886,547,5288,8088,10866,6253,392,570,,760,,380,2510,t3_calmveil|t3_thornmail
standard,154,r1,red,top,坦克,bingshouweis,standard,1,3,0,0,9119,22624,12349,518.1,10.53,15.3,17.62,4,0,1,3,4,2533,752,378,698,4163,6152,10408,6253,1444,1710,,570,51,380,,t3_calmveil|t3_thornmail
standard,154,r2,red,jungle,刺客,jiansheng,standard,1,1,2,3,9734,12969,11584,486.1,9.13,16.5,20.28,3,1,1,2,3,466,995,1282,704,4366,6325,9412,6253,288,,475,95,1920,380,,t3_finalstring
standard,154,r3,red,mid,法師,haixiao,standard,1,2,5,4,17784,15122,11572,485.5,9.84,17.84,23.17,3,1,1,2,3,66,271,340,541,3916,5721,8790,6253,1064,570,332,570,,0,,t3_psyward
standard,154,r4,red,adc,射手,phantom,standard,1,5,7,0,19580,12874,12648,530.7,9.53,18.06,20.78,3,1,1,2,3,341,205,944,848,3691,5705,9524,6253,848,1140,,1282,,0,,t3_shieldbreaker|t3_rendspear
standard,154,r5,red,sup,坦克,dadi,standard,1,3,2,4,8796,25360,13071,548.4,5.99,11.21,17.04,4,1,2,3,4,1244,1050,1069,871,5744,8290,11049,6253,345,1140,617,332,,0,2360,t3_calmveil|t3_thornmail
standard,155,b1,blue,top,坦克,tiebi,standard,1,2,1,0,10760,30727,11724,476.2,9.24,13.91,19.48,4,1,2,3,4,548,323,301,523,4448,6823,8501,6253,1127,570,,475,,76,,t3_calmveil|t3_thornmail
standard,155,b2,blue,jungle,刺客,hundun,standard,1,0,3,0,3983,11315,10498,426.4,9.68,18.51,,2,1,1,2,2,207,579,614,1517,4007,6079,8364,6253,361,,,475,1199,76,,t3_psyward
standard,155,b3,blue,mid,法師,leiming,standard,1,1,6,0,18350,15718,10189,413.9,10.11,18.18,,2,0,1,2,2,1637,173,385,1158,3897,6323,8185,6253,1285,570,,,,76,,t3_psyward
standard,155,b4,blue,adc,射手,huanying,standard,1,5,6,0,21928,13866,12199,495.5,9.31,18.22,22.13,3,1,1,2,3,294,117,882,1398,3644,5917,8102,6253,728,570,,475,,76,,t3_shieldbreaker|t3_rendspear
standard,155,b5,blue,sup,輔助,luminary,standard,1,1,1,1,6417,17491,12089,491.1,6.98,11.63,15.93,4,1,2,3,4,1140,386,534,638,5140,7416,9114,6253,335,570,,,,76,1878,t3_calmveil
standard,155,r1,red,top,坦克,tiebi,standard,0,2,0,0,12440,28917,11132,452.2,7.88,13.03,18.77,3,1,2,3,3,1052,384,540,1152,4002,6884,9620,6253,1130,1140,,570,51,475,,t3_calmveil|t3_thornmail
standard,155,r2,red,jungle,刺客,hundun,standard,0,2,1,1,9537,13787,12311,500.1,8.52,15.67,21.35,3,1,1,2,3,439,1831,1195,511,5369,8231,10495,6253,266,1140,285,570,1505,475,,t3_psyward
standard,155,r3,red,mid,法師,leiming,standard,0,2,1,0,18695,14839,11736,476.8,10.01,17.26,22.49,3,0,1,2,3,1618,441,961,186,3878,6291,9711,6253,1273,1140,,570,,475,,t3_psyward
standard,155,r4,red,adc,射手,huanying,standard,0,11,7,0,29409,12946,15574,632.7,8.08,15.63,20.33,4,1,1,2,4,775,1219,1780,1724,4125,6899,10680,6253,627,2850,,570,,380,,t3_shieldbreaker|t3_rendspear
standard,155,r5,red,sup,輔助,luminary,standard,0,0,0,1,6505,14779,11403,463.2,6.6,13.07,17.73,4,1,2,3,4,1182,296,775,522,4582,7326,9815,6253,237,,285,570,,475,1993,t3_calmveil
standard,156,b1,blue,top,坦克,shengdun,standard,0,0,8,0,19306,49524,12300,363,7.56,15.73,21.31,4,1,1,2,4,442,364,781,970,3992,5664,7811,6253,1007,,,475,,76,,t3_calmveil|t3_thornmail
standard,156,b2,blue,jungle,刺客,razorwing,standard,0,0,12,0,8845,17972,13510,398.7,8.97,19.08,24.31,4,1,1,2,4,631,481,694,759,3831,5761,7824,6253,228,,,,1266,76,,t3_finalstring
standard,156,b3,blue,mid,法師,mingyun2,standard,0,6,12,0,31164,23173,16616,490.4,10.71,20.23,25.11,4,0,1,1,4,1542,324,1112,2216,3802,5474,7612,6253,807,,,475,,76,,t3_psyward
standard,156,b4,blue,adc,射手,siwang,standard,0,15,13,0,65206,19227,20948,618.3,9.01,19.15,22.98,5,1,1,2,5,528,427,1049,5348,3878,5807,8049,6253,1149,570,,,,76,,t3_shieldbreaker|t3_rendspear
standard,156,b5,blue,sup,輔助,xuemai,standard,0,1,7,1,12672,33694,15967,471.2,6.33,10.93,15.09,5,1,2,4,5,871,940,310,2767,5171,7670,11010,6253,418,570,,1425,,76,2267,t3_calmveil
standard,156,r1,red,top,坦克,shengdun,standard,1,6,1,1,27290,39733,18279,539.5,9.25,13.18,19.41,5,1,2,3,5,955,44,395,4728,4505,6494,8945,6253,1000,570,,665,,456,,t3_calmveil|t3_thornmail
standard,156,r2,red,jungle,刺客,razorwing,standard,1,8,2,2,21958,21226,20268,598.2,9.31,13.88,19.51,5,1,2,3,5,1070,350,235,5017,4270,7900,10835,6253,452,1710,285,190,1487,456,,t3_finalstring
standard,156,r3,red,mid,法師,mingyun2,standard,1,16,6,3,41224,23635,24368,719.2,9.77,15.07,19.02,5,1,1,3,5,123,1826,1657,8218,3973,7726,12507,6253,1238,2850,570,1140,,456,,t3_psyward
standard,156,r4,red,adc,射手,siwang,standard,1,20,12,2,94348,20952,24942,736.1,9.48,17.86,21.27,5,1,1,2,5,310,1262,957,9341,3660,6342,9857,6253,630,1710,142,665,,456,,t3_shieldbreaker|t3_rendspear
standard,156,r5,red,sup,輔助,xuemai,standard,1,2,1,6,13675,24057,18448,544.5,5.98,11.55,14.26,5,1,3,4,5,1511,587,451,5248,4611,8287,11331,6253,288,1140,427,665,,456,2101,t3_calmveil
standard,157,b1,blue,top,坦克,xukong,standard,1,0,0,0,5891,19118,8212,394.7,8.04,14.61,,2,1,2,2,2,890,142,334,482,3840,6092,7764,6253,883,,,475,,152,,t3_calmveil|t3_thornmail
standard,157,b2,blue,jungle,刺客,yeiren,standard,1,0,4,0,6987,10366,8419,404.6,8.9,18.52,,2,1,1,2,2,519,449,1167,768,3719,5429,7867,6253,285,,,475,702,152,,t3_finalstring
standard,157,b3,blue,mid,法師,bingshuang,standard,1,1,3,0,11858,13223,8564,411.6,10.97,20.08,,2,0,1,1,2,1656,410,1026,1013,3916,5740,7526,6253,1121,,,,,152,,t3_psyward
standard,157,b4,blue,adc,射手,maestro,standard,1,4,5,0,15234,10640,10768,517.5,8.52,16.93,20.01,3,1,1,2,3,899,368,980,1167,4249,6168,9730,6253,902,1710,,712,,152,,t3_shieldbreaker|t3_rendspear
standard,157,b5,blue,sup,坦克,longji,standard,1,0,3,0,4243,15054,9986,479.9,6.94,13.12,17.08,3,1,2,3,3,711,533,857,405,4611,7033,9537,6253,380,,,712,,152,2039,t3_calmveil|t3_thornmail
standard,157,r1,red,top,坦克,xukong,standard,0,3,1,0,10671,19124,10923,524.9,7.98,14.3,18.82,3,1,2,3,3,789,359,1059,1792,3739,6769,10189,6253,1162,1710,,760,,304,,t3_calmveil|t3_thornmail
standard,157,r2,red,jungle,刺客,yeiren,standard,0,2,0,1,6479,7680,10349,497.3,9.27,17.03,19.48,3,1,1,3,3,662,1633,590,368,3862,6963,10090,6253,266,1140,285,285,1557,304,,t3_finalstring
standard,157,r3,red,mid,法師,bingshuang,standard,0,0,2,1,6770,11635,9115,438,10.17,17.83,,2,0,1,2,2,1561,258,826,364,3821,6158,8856,6253,1254,,285,760,,304,,t3_psyward
standard,157,r4,red,adc,射手,maestro,standard,0,9,2,1,16545,10626,12991,624.3,8.23,16.02,18.83,3,1,1,3,3,690,1052,442,1840,4040,6852,11592,6253,617,3990,142,285,,304,,t3_shieldbreaker|t3_rendspear
standard,157,r5,red,sup,坦克,longji,standard,0,1,0,2,5142,13649,10791,518.6,7.67,13.85,18.87,3,1,2,3,3,603,277,1115,811,4503,7217,10495,6253,234,570,427,760,,304,1945,t3_calmveil|t3_thornmail
standard,158,b1,blue,top,坦克,tiemu,standard,,3,14,5,39904,115453,25355,422.6,8.32,15.13,22.1,5,1,1,2,5,820,669,755,11704,3770,6069,8045,6253,975,,,475,,342,,t3_calmveil|t3_thornmail
standard,158,b2,blue,jungle,刺客,sting,standard,,9,23,1,35798,48970,28408,473.5,8.79,16.4,22.16,5,1,1,2,5,103,1295,789,13107,4303,6625,9219,6253,247,1140,,475,761,342,,t3_finalstring
standard,158,b3,blue,mid,法師,mingyun2,standard,,43,30,1,196010,58253,46379,773,9.75,19.27,24.03,5,1,1,2,5,92,301,140,30229,3942,6051,8170,6253,931,,142,475,26,342,,t3_psyward
standard,158,b4,blue,adc,射手,liuxing,standard,,45,28,1,375327,42618,47332,788.9,9.37,18.22,22.83,5,1,1,2,5,332,63,596,31731,3682,5563,7976,6253,620,,,950,,152,,t3_shieldbreaker|t3_rendspear
standard,158,b5,blue,sup,坦克,stoneguard,standard,,0,16,8,31313,93821,25653,427.5,8.08,13.13,18.83,5,1,2,3,5,439,377,198,12052,4639,7317,9398,6253,303,,142,475,,342,1881,t3_calmveil|t3_thornmail
standard,158,r1,red,top,坦克,tiemu,standard,,7,16,1,49612,106350,28043,467.4,9.17,15.97,22.28,5,1,1,2,5,966,369,797,14393,3916,5769,8087,6253,1111,,,475,,247,,t3_calmveil|t3_thornmail
standard,158,r2,red,jungle,刺客,sting,standard,,13,18,0,49475,49266,33385,556.4,8.67,17.9,22.08,5,1,1,2,5,302,901,578,18085,4202,6231,8708,6253,221,570,,,1415,247,,t3_finalstring
standard,158,r3,red,mid,法師,mingyun2,standard,,44,31,1,196577,61966,48080,801.3,10.7,19.74,23.41,5,0,1,2,5,1599,423,288,31930,3859,5873,7838,6253,1083,,,237,17,247,,t3_psyward
standard,158,r4,red,adc,射手,liuxing,standard,,44,21,5,380452,40410,49228,820.5,9.13,17.2,20.23,5,1,1,2,5,405,396,2376,33628,3755,6196,10956,6253,1035,2280,285,950,,152,,t3_shieldbreaker|t3_rendspear
standard,158,r5,red,sup,坦克,stoneguard,standard,,3,14,11,36140,94189,29296,488.3,6.48,12.84,16.19,5,1,2,3,5,125,1158,651,15696,5225,8398,10631,6253,234,1140,,237,,247,2519,t3_calmveil|t3_thornmail
standard,159,b1,blue,top,坦克,longji,standard,0,4,1,0,12669,33650,11344,468.9,9.03,14.46,17.83,4,1,2,3,4,729,330,210,194,3679,7080,9360,6253,864,1710,,285,,247,,t3_calmveil|t3_thornmail
standard,159,b2,blue,jungle,刺客,yingsi,standard,0,1,5,2,5805,13942,10692,442,8.16,16.21,22.08,3,1,1,2,3,767,1013,241,262,3967,6593,8571,6253,418,,427,285,940,247,,t3_finalstring
standard,159,b3,blue,mid,法師,bingshuang,standard,0,3,5,0,15857,15845,10879,449.7,11.85,16.68,23.44,3,0,1,2,3,1447,589,403,528,3707,7089,9483,6253,1083,1710,,285,,152,,t3_psyward
standard,159,b4,blue,adc,射手,shensheng,standard,0,5,8,1,15291,12980,12703,525.1,8.67,17.02,21.65,3,1,1,2,3,220,915,340,902,4220,6595,8590,6253,950,570,285,285,,247,,t3_shieldbreaker|t3_rendspear
standard,159,b5,blue,sup,輔助,mingyunyindao,standard,0,1,4,1,5903,21252,10946,452.5,6.14,11.25,15.23,4,1,2,3,4,543,839,567,245,5143,7869,9607,6253,218,570,142,285,,247,1891,t3_calmveil
standard,159,r1,red,top,坦克,longji,standard,1,1,1,1,12860,23259,11173,461.9,7.68,16.92,19.58,3,1,1,3,3,928,469,145,1243,3878,5769,8695,6253,1187,570,285,95,,304,,t3_calmveil|t3_thornmail
standard,159,r2,red,jungle,刺客,yingsi,standard,1,4,1,0,9485,13137,13006,537.6,8.63,13.13,18.56,4,1,2,3,4,222,346,1074,256,4072,8076,11204,6253,399,2280,,95,1873,304,,t3_finalstring
standard,159,r3,red,mid,法師,bingshuang,standard,1,3,3,0,17326,13828,11195,462.8,11.32,17.02,23.56,3,0,1,2,3,1371,385,334,645,3631,5835,8964,6253,696,1140,,570,,304,,t3_psyward
standard,159,r4,red,adc,射手,shensheng,standard,1,15,4,2,45276,12378,18862,779.7,7.82,14.98,17.83,5,1,2,3,5,386,222,888,3261,4866,7222,12688,6253,1000,3990,570,570,,304,,t3_shieldbreaker|t3_rendspear
standard,159,r5,red,sup,輔助,mingyunyindao,standard,1,0,5,2,6627,15802,12757,527.4,5.99,13.3,17.43,4,1,2,3,4,806,420,2384,1307,4506,7150,10544,6253,136,,570,570,30,304,2680,t3_calmveil
standard,160,b1,blue,top,坦克,tixue,standard,1,1,3,0,13973,25539,10806,437.3,8.77,16.76,20.88,3,1,1,2,3,795,324,980,1216,3745,5474,7830,6253,855,570,,,,152,,t3_calmveil|t3_thornmail
standard,160,b2,blue,jungle,刺客,youming,standard,1,0,5,0,6758,10348,10391,420.5,8.99,18.02,23.33,3,1,1,2,3,481,1639,1046,410,3681,6019,8046,6253,272,,,237,1130,152,,t3_finalstring
standard,160,b3,blue,mid,法師,mingyun2,standard,1,2,4,0,14229,14837,11189,452.9,10.58,16.61,23.38,3,0,1,2,3,1450,802,393,739,3710,6532,8793,6253,1105,570,,712,,152,,t3_psyward
standard,160,b4,blue,adc,射手,liangzicz,standard,1,7,6,0,20561,12732,13683,553.8,9.03,16.89,21.68,3,1,1,2,3,375,87,1130,1882,3725,5767,9710,6253,881,1710,,712,,152,,t3_shieldbreaker|t3_rendspear
standard,160,b5,blue,sup,坦克,shiqiang,standard,1,0,1,2,4119,23130,12100,489.7,7.66,13.22,16.91,4,1,2,3,4,741,396,772,720,4641,7196,10312,6253,267,,570,712,,152,2356,t3_calmveil|t3_thornmail
standard,160,r1,red,top,坦克,tixue,standard,0,5,0,0,12901,19829,13124,531.2,7.97,14.58,17.8,4,1,2,3,4,928,275,451,1474,3878,6225,10481,6253,1377,1710,,760,,380,,t3_calmveil|t3_thornmail
standard,160,r2,red,jungle,刺客,youming,standard,0,5,0,1,10190,13063,13466,545,8.61,15.28,18.5,4,1,1,3,4,589,3141,116,665,3789,8121,10396,6253,307,1710,142,285,1317,380,,t3_finalstring
standard,160,r3,red,mid,法師,mingyun2,standard,0,2,3,0,11026,13467,11262,455.8,10.63,19.8,,2,0,1,2,2,1552,361,114,1862,3812,6111,8144,6253,1225,,,285,,380,,t3_psyward
standard,160,r4,red,adc,射手,liangzicz,standard,0,5,6,1,21929,12094,12953,524.2,10.53,18.28,21.45,3,0,1,2,3,1386,241,229,1153,3546,5921,8809,6253,845,570,,760,,380,,t3_shieldbreaker|t3_rendspear
standard,160,r5,red,sup,坦克,shiqiang,standard,0,2,1,5,8581,26061,14330,580,7.13,11.12,14.55,5,1,3,3,5,274,338,1992,730,5074,8938,11972,6253,272,570,997,1235,17,380,2246,t3_calmveil|t3_thornmail
standard,161,b1,blue,top,坦克,suishan,standard,0,0,2,0,8878,20832,9066,396.6,8.61,17.1,21.11,3,1,1,2,3,814,248,385,56,3764,5398,8115,6253,836,,,950,,76,,t3_calmveil|t3_thornmail
standard,161,b2,blue,jungle,戰士,rongyan,standard,0,0,3,0,10677,18775,8785,384.3,8.84,18.61,,2,1,1,2,2,821,333,738,555,3921,5813,7838,6253,361,,,,1147,76,,t3_finalstring|t3_shieldbreaker
standard,161,b3,blue,mid,法師,bingshuang,standard,0,1,5,1,11956,14428,9589,419.5,10.83,18.96,,2,0,1,2,2,1476,378,950,308,3736,5408,8600,6253,940,570,285,475,,76,,t3_psyward
standard,161,b4,blue,adc,射手,xingchen,standard,0,6,8,1,15245,12791,12125,530.4,9.21,17.47,20.68,3,1,1,2,3,490,208,752,1145,3840,5588,9502,6253,1083,1710,142,237,,76,,t3_shieldbreaker|t3_rendspear
standard,161,b5,blue,sup,坦克,tixue,standard,0,0,2,1,5973,19246,10890,476.4,6.78,13.38,17.98,3,1,2,3,3,316,296,397,1309,4516,6796,9977,6253,161,,142,712,,76,2631,t3_calmveil|t3_thornmail
standard,161,r1,red,top,坦克,suishan,standard,1,4,0,0,10480,16745,11549,505.2,9.82,14.8,20.27,3,1,2,2,3,580,278,2016,1518,3530,6228,9306,6253,658,1140,,760,,494,,t3_calmveil|t3_thornmail
standard,161,r2,red,jungle,戰士,rongyan,standard,1,3,1,1,15349,16380,12019,525.8,8.64,15.63,19.1,3,1,1,3,3,240,1416,659,988,4040,6896,10259,6253,373,1140,285,285,1428,494,,t3_finalstring|t3_shieldbreaker
standard,161,r3,red,mid,法師,bingshuang,standard,1,4,3,0,13722,12557,12496,546.7,9.13,14.18,20.36,3,1,2,2,3,665,361,948,1645,4515,8391,10348,6253,1320,1710,,760,,304,,t3_psyward
standard,161,r4,red,adc,射手,xingchen,standard,1,5,3,0,17041,11211,12268,536.7,11.8,17.83,21.76,3,0,1,2,3,1680,503,1085,1117,3840,5883,8885,6253,807,570,,760,,494,,t3_shieldbreaker|t3_rendspear
standard,161,r5,red,sup,坦克,tixue,standard,1,4,0,1,9900,17966,12959,566.9,7.43,12.39,14.48,4,1,3,4,4,450,234,271,758,5250,9614,11571,6253,335,2280,,285,,494,1923,t3_calmveil|t3_thornmail
standard,162,b1,blue,top,坦克,stoneguard,standard,0,0,5,1,8772,28867,9530,376.3,8.55,16.62,21.89,3,1,1,2,3,81,291,400,480,3631,5341,7450,6253,722,,,475,,0,,t3_calmveil|t3_thornmail
standard,162,b2,blue,jungle,戰士,tielian,standard,0,0,8,0,5483,18005,9712,383.5,8.27,18.03,25.18,3,1,1,2,3,834,155,527,62,3934,5705,7677,6253,209,,,,1215,0,,t3_shieldbreaker|t3_finalstring
standard,162,b3,blue,mid,法師,lieyan,standard,0,1,6,0,14324,17715,10281,406,11.07,17.38,24.58,3,0,1,2,3,1419,503,281,830,3679,5883,8011,6253,712,570,,475,,0,,t3_psyward
standard,162,b4,blue,adc,射手,liangzi,standard,0,4,13,0,14372,16598,11577,457.1,10.8,17.81,22.48,3,0,1,2,3,1399,337,928,1076,3559,5487,8128,6253,541,570,,712,51,0,,t3_shieldbreaker|t3_rendspear
standard,162,b5,blue,sup,輔助,linghun,standard,0,2,6,0,5848,23111,11524,455,5.63,11.89,15.78,4,1,2,3,4,302,438,503,73,5152,7468,9083,6253,247,570,,237,,0,1774,t3_calmveil
standard,162,r1,red,top,坦克,stoneguard,standard,1,8,1,0,15575,21653,15781,623.2,7.8,12.76,16.42,5,1,2,4,5,1384,2310,1505,2231,4334,9540,13055,6253,988,4560,,570,,684,,t3_calmveil|t3_thornmail
standard,162,r2,red,jungle,戰士,tielian,standard,1,9,0,4,16475,15505,17250,681.2,9.41,12.63,15.6,4,1,2,4,4,363,1808,584,3850,4593,8558,13334,6253,367,3990,807,95,1136,684,,t3_shieldbreaker|t3_finalstring
standard,162,r3,red,mid,法師,lieyan,standard,1,8,3,4,26883,17091,16386,647,10.83,15.56,20.27,4,0,1,2,4,1685,874,1353,2156,3945,7374,10753,6253,1060,1140,570,1045,,684,,t3_psyward
standard,162,r4,red,adc,射手,liangzi,standard,1,12,2,2,33577,9936,17463,689.6,8.69,16.62,20.58,4,1,1,2,4,813,1082,1533,4562,4163,6462,10433,6253,741,2280,380,95,,684,,t3_shieldbreaker|t3_rendspear
standard,162,r5,red,sup,輔助,linghun,standard,1,1,1,6,7983,13341,14497,572.4,7.38,11.56,16.52,4,1,2,4,4,824,1305,1366,3116,5124,8335,11866,6253,452,570,1092,1045,,684,1768,t3_calmveil
standard,163,b1,blue,top,坦克,ironclad,standard,0,1,3,0,8212,27278,10475,429.7,8.78,14.69,20.77,3,1,2,2,3,379,211,1335,544,3929,6361,8565,6253,1000,570,,475,,266,,t3_calmveil|t3_thornmail
standard,163,b2,blue,jungle,戰士,cinderfist,standard,0,3,2,0,9965,20652,11177,458.5,7.53,15.71,21.02,3,1,1,2,3,979,1516,889,246,5209,6946,9439,6253,380,1710,,,924,171,,t3_shieldbreaker|t3_finalstring
standard,163,b3,blue,mid,法師,shikong,standard,0,3,4,1,14979,15381,12163,499,10.02,19.35,22.63,3,0,1,2,3,1647,226,37,382,3907,5826,7887,6253,1130,,,237,,266,,t3_psyward
standard,163,b4,blue,adc,射手,shengyan,standard,0,8,6,0,17987,12237,13749,564.1,9.67,14.77,19.63,4,1,2,3,4,262,127,303,569,3612,7127,10623,6253,874,2850,,475,,171,,t3_shieldbreaker|t3_rendspear
standard,163,b5,blue,sup,輔助,shiguang,standard,0,0,4,1,9033,21052,10729,440.2,6.97,11.85,17.18,4,1,2,3,4,974,246,1056,328,4674,6976,9056,6253,452,,,237,,266,1846,t3_calmveil
standard,163,r1,red,top,坦克,ironclad,standard,1,1,1,0,9140,26301,11488,471.3,10.29,14.3,19.34,3,0,2,3,3,2060,365,253,1558,3650,6215,9103,6253,950,,,1520,,380,,t3_calmveil|t3_thornmail
standard,163,r2,red,jungle,戰士,cinderfist,standard,1,7,1,0,18316,17954,15225,624.6,8.14,12.88,17,4,1,2,3,4,400,906,398,1825,4150,8856,11748,6253,427,2850,,95,1741,380,,t3_shieldbreaker|t3_finalstring
standard,163,r3,red,mid,法師,shikong,standard,1,6,3,2,24342,15910,14158,580.8,8.72,15.87,21.46,3,1,1,2,3,494,466,595,2077,4344,6966,9645,6253,1016,1140,285,570,,380,,t3_psyward
standard,163,r4,red,adc,射手,shengyan,standard,1,3,9,1,11776,9724,11080,454.6,9.67,19.63,24.03,3,1,1,2,3,139,432,172,599,3489,5512,7792,6253,589,570,285,95,,0,,t3_shieldbreaker|t3_rendspear
standard,163,r5,red,sup,輔助,shiguang,standard,1,2,1,4,6875,14152,13453,551.9,7.53,12.45,14.88,4,1,3,3,4,245,176,1515,2073,5095,7876,10745,6253,285,1140,285,570,,380,1831,t3_calmveil
standard,164,b1,blue,top,坦克,tieshixin,standard,0,1,1,1,7154,19801,9158,413.7,7.87,15.54,19.4,3,1,1,3,3,209,654,226,907,3859,6054,8476,6253,1035,570,142,475,,0,,t3_calmveil|t3_thornmail
standard,164,b2,blue,jungle,戰士,chichuan,standard,0,0,5,1,5771,13678,8822,398.6,8.63,17.43,,2,1,1,2,2,53,639,1362,542,3853,5869,7962,6253,323,,142,,1243,0,,t3_finalstring|t3_shieldbreaker
standard,164,b3,blue,mid,法師,lieyan,standard,0,2,3,0,18503,15835,10165,459.2,10.47,16.46,20.76,3,0,1,2,3,1523,835,903,714,3783,6215,9483,6253,1140,1140,,950,,0,,t3_psyward
standard,164,b4,blue,adc,射手,mirrorshot,standard,0,1,5,1,9843,10576,9576,432.6,9.73,18.54,,2,1,1,2,2,234,479,306,1125,3584,5379,7526,6253,655,,142,475,,0,,t3_shieldbreaker|t3_rendspear
standard,164,b5,blue,sup,坦克,tixue,standard,0,0,4,2,3591,19530,10070,455,6.53,13.01,16.98,3,1,2,3,3,54,47,288,489,4554,7147,9388,6253,228,,427,,,0,2479,t3_calmveil|t3_thornmail
standard,164,r1,red,top,坦克,tieshixin,standard,1,4,0,0,9549,19365,12988,586.8,9.03,13.77,18.52,3,1,2,3,3,1149,429,843,2958,4099,6379,10093,6253,1178,570,,1472,68,551,,t3_calmveil|t3_thornmail
standard,164,r2,red,jungle,戰士,chichuan,standard,1,7,1,0,13009,15206,14234,643.1,8.4,13.26,17.21,4,1,2,3,4,1200,457,946,934,4300,8157,11976,6253,475,2850,,285,1561,551,,t3_finalstring|t3_shieldbreaker
standard,164,r3,red,mid,法師,lieyan,standard,1,3,0,1,18611,11695,11903,537.8,8.91,15.61,21.1,3,1,1,2,3,617,1017,938,873,4467,7517,10338,6253,1301,1710,,522,,551,,t3_psyward
standard,164,r4,red,adc,射手,mirrorshot,standard,1,3,2,1,15310,10239,11184,505.3,7.77,17.4,20.55,3,1,1,2,3,902,618,251,664,4252,6418,8831,6253,601,1140,,285,,551,,t3_shieldbreaker|t3_rendspear
standard,164,r5,red,sup,坦克,tixue,standard,1,1,1,9,6684,16898,13789,623,6.23,10.94,15.95,4,1,2,3,4,773,1386,1626,1588,5273,8626,11606,6253,319,570,1425,285,,456,2297,t3_calmveil|t3_thornmail
standard,165,b1,blue,top,坦克,tiankong,standard,0,0,5,0,8042,25303,8749,399,7.03,15.09,20.53,3,1,1,2,3,537,548,466,299,4087,5848,8096,6253,1038,,,475,,329,,t3_calmveil|t3_thornmail
standard,165,b2,blue,jungle,戰士,dadi2,standard,0,1,2,0,6035,17142,8817,402.1,7.91,16.99,,2,1,1,2,2,226,781,235,636,4456,6211,8065,6253,446,570,,,719,76,,t3_shieldbreaker|t3_finalstring
standard,165,b3,blue,mid,法師,shikong,standard,0,0,7,0,12033,14396,8660,395,10.51,19.54,,2,0,1,2,2,1637,309,495,210,3897,5759,8045,6253,1114,,,475,,202,,t3_psyward
standard,165,b4,blue,adc,射手,hanbing,standard,0,4,4,0,17883,9065,10386,473.7,10.34,19.8,,2,0,1,2,2,1519,230,111,1536,3679,5610,8061,6253,1035,570,,,,202,,t3_shieldbreaker|t3_rendspear
standard,165,b5,blue,sup,輔助,mantra,standard,0,1,3,0,7319,18458,11310,515.8,6.63,10.76,15.41,4,1,2,3,4,833,866,667,429,5133,7896,9707,6253,240,570,,475,,329,1838,t3_calmveil
standard,165,r1,red,top,坦克,tiankong,standard,1,2,0,1,11619,19247,10421,475.3,8.92,15.95,20.8,3,1,1,2,3,776,440,1626,491,3726,5740,8856,6253,779,1140,,380,,304,,t3_calmveil|t3_thornmail
standard,165,r2,red,jungle,戰士,dadi2,standard,1,7,1,0,10618,12057,14356,654.8,6.49,12.32,17.04,4,1,2,4,4,210,964,510,1605,4740,9214,13260,6253,576,3990,,380,1756,304,,t3_shieldbreaker|t3_finalstring
standard,165,r3,red,mid,法師,shikong,standard,1,5,1,2,19086,13519,13708,625.2,10.4,14.74,19.75,3,0,2,3,3,1523,109,562,1628,3783,7659,11592,6253,1330,1710,427,1567,,304,,t3_psyward
standard,165,r4,red,adc,射手,hanbing,standard,1,7,3,3,22884,10259,13545,617.8,10.43,18.55,20.23,3,0,1,2,3,1414,288,990,1744,3574,5968,9890,6253,703,1140,855,617,17,304,,t3_shieldbreaker|t3_rendspear
standard,165,r5,red,sup,輔助,mantra,standard,1,0,1,1,5569,15152,10674,486.8,5.82,13.09,16.91,3,1,2,3,3,244,525,625,1443,4544,7255,9375,6253,297,,142,380,,304,1997,t3_calmveil
standard,166,b1,blue,top,坦克,tiebi,standard,0,1,2,0,11867,23664,9795,436.6,9.37,16.03,19.65,3,1,1,3,3,567,177,354,464,3517,5227,8904,6253,503,570,,1425,,152,,t3_calmveil|t3_thornmail
standard,166,b2,blue,jungle,戰士,langwang,standard,0,2,3,0,7246,17616,9827,438,9,15.39,,2,1,1,2,2,729,1569,663,1276,3829,6999,8913,6253,270,1140,,,1096,152,,t3_shieldbreaker|t3_finalstring
standard,166,b3,blue,mid,法師,lieyan,standard,0,0,3,1,9307,14838,9120,406.6,10.61,19.1,,2,0,1,2,2,1447,192,318,790,3707,5522,7868,6253,893,,95,475,,152,,t3_psyward
standard,166,b4,blue,adc,射手,xuanfeng,standard,0,4,5,2,11954,8913,11011,490.8,10.18,19.4,22.24,3,0,1,2,3,1471,332,999,360,3631,5712,8619,6253,598,1140,237,237,,152,,t3_shieldbreaker|t3_rendspear
standard,166,b5,blue,sup,輔助,huanjing,standard,0,0,0,3,4705,15295,11201,499.3,6.87,11.91,16.09,4,1,2,3,4,563,560,433,420,4563,7290,9663,6253,242,,237,237,,152,2541,t3_calmveil
standard,166,r1,red,top,坦克,tiebi,standard,1,2,0,1,12138,20164,10599,472.5,8.75,13.73,19.09,3,1,2,3,3,871,189,1063,669,3821,6519,9613,6253,874,1140,142,823,,380,,t3_calmveil|t3_thornmail
standard,166,r2,red,jungle,戰士,langwang,standard,1,1,1,0,9204,12008,10467,466.6,8.28,16.77,21.84,3,1,1,2,3,698,829,900,437,3798,6259,8850,6253,123,570,,190,1333,380,,t3_shieldbreaker|t3_finalstring
standard,166,r3,red,mid,法師,lieyan,standard,1,4,2,0,17941,12771,11188,498.7,10.6,18.05,,2,0,1,2,2,1485,629,975,1788,3745,5959,9005,6253,883,1140,,348,,380,,t3_psyward
standard,166,r4,red,adc,射手,xuanfeng,standard,1,6,3,3,17547,9477,13395,597.1,9.07,16.77,19.4,4,1,1,3,4,832,690,1117,495,4182,6370,11117,6253,763,2280,855,585,,380,,t3_shieldbreaker|t3_rendspear
standard,166,r5,red,sup,輔助,huanjing,standard,1,0,1,2,4040,13979,10906,486.2,8.21,12.69,16.49,3,1,2,3,3,430,458,1189,1676,4430,7488,9939,6253,167,,427,902,,380,1808,t3_calmveil
standard,167,b1,blue,top,坦克,shengdun,standard,1,3,1,2,13383,23285,12155,518.2,8.65,14.5,18.28,4,1,2,3,4,691,332,477,525,3641,6282,9607,6253,1187,1140,285,285,,456,,t3_calmveil|t3_thornmail
standard,167,b2,blue,jungle,戰士,jingci,standard,1,0,0,0,10262,15024,10067,429.1,8.92,16.27,,2,1,1,2,2,845,834,70,1466,3945,6314,8370,6253,278,,,285,1096,456,,t3_finalstring|t3_shieldbreaker
standard,167,b3,blue,mid,法師,shikong,standard,1,5,2,1,23729,13918,13495,575.3,10.07,16.98,19.47,3,0,1,3,3,1618,162,301,1414,3878,6662,10851,6253,959,2280,142,760,,456,,t3_psyward
standard,167,b4,blue,adc,射手,phantom,standard,1,7,5,3,29198,12554,13947,594.6,10.43,17.66,20.48,4,0,1,2,4,1572,136,1257,1047,3732,5936,9537,6253,690,1140,712,285,,456,,t3_shieldbreaker|t3_rendspear
standard,167,b5,blue,sup,坦克,dadi,standard,1,1,0,0,8442,18084,12693,541.1,6.38,10.9,15.76,4,1,2,3,4,116,1118,620,1092,5466,8358,10600,6253,493,570,,285,51,456,2490,t3_calmveil|t3_thornmail
standard,167,r1,red,top,坦克,shengdun,standard,0,1,0,1,10822,25562,9581,408.4,9.25,16.51,19.78,3,1,1,3,3,700,324,169,570,3650,5474,8419,6253,836,570,285,475,,0,,t3_calmveil|t3_thornmail
standard,167,r2,red,jungle,戰士,jingci,standard,0,0,3,0,11982,20698,9067,386.5,7.71,18.74,,2,1,1,2,2,269,737,230,837,4069,5917,7810,6253,364,,,,1192,0,,t3_finalstring|t3_shieldbreaker
standard,167,r3,red,mid,法師,shikong,standard,0,1,7,0,13813,17039,9498,404.9,10.04,18.75,,2,0,1,2,2,1637,258,132,218,3897,5588,8362,6253,1064,570,,475,,0,,t3_psyward
standard,167,r4,red,adc,射手,phantom,standard,0,6,6,0,23049,12227,12307,524.6,9.28,18.03,21.88,3,1,1,2,3,367,368,1270,1157,3717,6168,9550,6253,1016,2280,,,,0,,t3_shieldbreaker|t3_rendspear
standard,167,r5,red,sup,坦克,dadi,standard,0,0,0,1,6572,19599,10566,450.4,7.71,12.97,17.13,3,1,2,3,3,44,388,392,985,4544,6888,9372,6253,291,,285,475,,0,2067,t3_calmveil|t3_thornmail
standard,168,b1,blue,top,坦克,shiqiang,standard,0,1,3,0,10213,22729,9460,414.1,8.82,16.27,,2,1,1,2,2,681,359,262,2029,3631,5759,7412,6253,722,,,190,,247,,t3_calmveil|t3_thornmail
standard,168,b2,blue,jungle,戰士,embercoil,standard,0,1,3,1,5560,21218,9749,426.8,9.17,16.34,,2,1,1,2,2,745,1174,167,1148,3845,6654,8467,6253,418,570,,190,788,247,,t3_finalstring|t3_shieldbreaker
standard,168,b3,blue,mid,法師,xingjie,standard,0,1,6,1,18075,12652,9507,416.2,11.32,18.07,,2,0,1,2,2,1428,315,427,427,3688,6215,8457,6253,817,570,,665,,152,,t3_psyward
standard,168,b4,blue,adc,射手,yanfeng,standard,0,2,3,0,16581,12029,9678,423.7,9.68,18.92,,2,1,1,2,2,367,702,278,928,3717,5902,7498,6253,807,,,190,,247,,t3_shieldbreaker|t3_rendspear
standard,168,b5,blue,sup,坦克,thornwall,standard,0,0,1,0,3941,19378,10904,477.4,7.91,13,19.14,3,1,2,3,3,373,358,1301,923,4573,7298,9901,6253,351,,,1140,51,247,1858,t3_calmveil|t3_thornmail
standard,168,r1,red,top,坦克,shiqiang,standard,1,5,0,0,10438,18821,12744,557.9,8.43,14.87,17.43,3,1,2,3,3,228,55,1616,2713,3878,6285,11646,6253,1155,2850,,1045,,342,,t3_calmveil|t3_thornmail
standard,168,r2,red,jungle,戰士,embercoil,standard,1,1,1,4,10170,12755,11170,489,9.74,17.39,22.51,3,1,1,2,3,223,562,1033,620,4023,6042,9633,6253,332,570,665,95,1374,342,,t3_finalstring|t3_shieldbreaker
standard,168,r3,red,mid,法師,xingjie,standard,1,1,1,2,17088,13367,10764,471.3,10.56,18.72,,2,0,1,2,2,1637,161,321,1364,3897,5911,8771,6253,1368,,237,570,,342,,t3_psyward
standard,168,r4,red,adc,射手,yanfeng,standard,1,9,2,2,31865,10955,14384,629.7,8.04,16.42,19.53,3,1,1,3,3,937,197,286,2583,4287,5997,10186,6253,978,2280,237,95,,342,,t3_shieldbreaker|t3_rendspear
standard,168,r5,red,sup,坦克,thornwall,standard,1,0,1,3,3716,19856,12489,546.7,7.45,12.96,18.06,4,1,2,3,4,1049,323,1284,888,4649,6983,11264,6253,345,,855,1045,,152,2614,t3_calmveil|t3_thornmail
standard,169,b1,blue,top,坦克,tiemu,standard,0,0,1,0,10233,21545,8654,404.2,8.77,16.78,,2,1,1,2,2,643,295,911,1373,3593,5645,8191,6253,836,,,950,,152,,t3_calmveil|t3_thornmail
standard,169,b2,blue,jungle,戰士,hunpo,standard,0,0,5,0,3988,10106,8452,394.8,10.76,19.66,,2,0,1,2,2,1675,627,404,222,3885,5857,7854,6253,285,,,,1163,152,,t3_psyward
standard,169,b3,blue,mid,法師,auralith,standard,0,2,4,0,9402,13941,9518,444.6,9.15,17.77,,2,1,1,2,2,579,337,506,488,4429,6187,9056,6253,1035,1140,,475,,152,,t3_psyward
standard,169,b4,blue,adc,射手,siwang,standard,0,2,4,0,13087,9363,8499,397,10.49,18.6,,2,0,1,2,2,1338,503,99,248,3498,5883,8049,6253,503,1140,,,,152,,t3_shieldbreaker|t3_rendspear
standard,169,b5,blue,sup,輔助,shengming,standard,0,0,0,2,4935,13729,11272,526.5,6.81,11.9,16.27,4,1,2,3,4,605,270,819,392,4905,7300,9859,6253,380,,570,475,51,152,1977,t3_calmveil
standard,169,r1,red,top,坦克,tiemu,standard,1,3,0,0,9514,18556,11482,536.3,8.53,13.83,18.77,3,1,2,3,3,681,213,862,1501,3631,7013,10842,6253,1007,1710,,1472,,399,,t3_calmveil|t3_thornmail
standard,169,r2,red,jungle,戰士,hunpo,standard,1,1,1,1,5658,8804,10200,476.5,9.88,16.97,,2,1,1,2,2,478,740,1494,900,4278,6840,9424,6253,304,570,95,285,1517,399,,t3_psyward
standard,169,r3,red,mid,法師,auralith,standard,1,3,2,0,14920,11522,10997,513.7,10.95,17.01,20.9,3,0,1,2,3,1542,573,437,497,3802,7023,9787,6253,997,1140,,997,,399,,t3_psyward
standard,169,r4,red,adc,射手,siwang,standard,1,7,1,1,20113,9601,12422,580.3,9.75,16.54,19.79,3,1,1,3,3,395,877,162,622,3745,6557,10642,6253,855,2850,95,285,,304,,t3_shieldbreaker|t3_rendspear
standard,169,r5,red,sup,輔助,shengming,standard,1,0,0,4,4436,13128,11712,547.1,8.37,12.34,16.65,4,1,2,3,4,320,375,1082,831,4620,7405,10122,6253,294,,950,285,,399,1940,t3_calmveil
standard,170,b1,blue,top,坦克,dadi,standard,1,2,1,2,8452,19253,10660,502.2,9.02,13.8,18.98,3,1,2,3,3,868,427,78,630,3818,6677,9508,6253,633,570,285,1235,,532,,t3_calmveil|t3_thornmail
standard,170,b2,blue,jungle,戰士,leimingcf,standard,1,1,1,0,5710,9828,9586,451.6,9.4,16.23,,2,1,1,2,2,770,1286,564,1285,3870,6766,8864,6253,297,570,,285,925,532,,t3_finalstring|t3_shieldbreaker
standard,170,b3,blue,mid,法師,xingjie,standard,1,0,3,2,19894,12762,9368,441.4,10.62,19.36,,2,0,1,2,2,1767,400,286,88,4027,6630,8786,6253,1051,,427,522,,532,,t3_psyward
standard,170,b4,blue,adc,射手,maestro,standard,1,5,3,1,14525,11065,11829,557.3,9.87,15.25,20.17,3,1,1,2,3,245,1257,2254,1308,4245,7057,10534,6253,709,2280,,760,,532,,t3_shieldbreaker|t3_rendspear
standard,170,b5,blue,sup,坦克,shiqiang,standard,1,2,0,2,6066,17110,11678,550.2,7.09,11.32,15.75,4,1,2,3,4,372,1443,974,378,5722,8683,10954,6253,158,1140,142,522,,532,2205,t3_calmveil|t3_thornmail
standard,170,r1,red,top,坦克,dadi,standard,0,2,2,1,7775,19690,8972,422.7,8.56,15.45,,2,1,1,2,2,510,502,1291,1682,3460,5902,8581,6253,570,1140,142,475,,0,,t3_calmveil|t3_thornmail
standard,170,r2,red,jungle,戰士,leimingcf,standard,0,3,0,1,9946,14787,10344,487.4,9.55,14.46,20.16,3,1,2,2,3,264,411,1567,144,4364,7691,9797,6253,487,1710,142,,1203,0,,t3_finalstring|t3_shieldbreaker
standard,170,r3,red,mid,法師,xingjie,standard,0,2,3,3,11095,12118,10321,486.3,8.47,17.48,,2,1,1,2,2,494,596,553,921,4344,6196,9303,6253,1149,570,855,475,,0,,t3_psyward
standard,170,r4,red,adc,射手,maestro,standard,0,0,5,1,9013,10819,8226,387.6,10.48,19.03,,2,0,1,2,2,1400,70,631,846,3560,5270,7531,6253,802,,,475,,0,,t3_shieldbreaker|t3_rendspear
standard,170,r5,red,sup,坦克,shiqiang,standard,0,1,0,2,4842,18036,10678,503.1,7.26,12.43,16.9,3,1,2,3,3,347,982,288,698,5097,8222,10268,6253,296,570,285,475,,0,2388,t3_calmveil|t3_thornmail
standard,171,b1,blue,top,坦克,tixue,standard,0,1,5,1,15682,55669,16215,422.2,8.04,16.02,24.13,5,1,1,2,5,133,378,654,2564,3783,5778,7944,6253,1064,,,475,,152,,t3_calmveil|t3_thornmail
standard,171,b2,blue,jungle,刺客,jiansheng,standard,0,2,12,0,14382,25396,17258,449.3,9.48,16.48,22.84,5,1,1,2,5,701,598,993,1958,3901,5928,8473,6253,332,570,,,1165,152,,t3_finalstring
standard,171,b3,blue,mid,法師,auralith,standard,0,7,14,0,34978,27217,17918,466.5,10.48,18.98,26.7,5,0,1,2,5,1552,344,461,1768,3812,5674,7811,6253,1168,,,237,,152,,t3_psyward
standard,171,b4,blue,adc,射手,liuxing,standard,0,35,19,1,177617,29299,34006,885.4,9.77,17.82,20.53,5,1,1,2,5,452,458,1364,18405,3802,5658,10114,6253,902,2280,,475,51,152,,t3_shieldbreaker|t3_rendspear
standard,171,b5,blue,sup,坦克,stoneguard,standard,0,0,11,10,13040,53593,19065,496.4,6.56,12.96,16.1,5,1,2,3,5,177,385,776,5464,4677,7185,10316,6253,446,,285,712,,152,2466,t3_calmveil|t3_thornmail
standard,171,r1,red,top,坦克,tixue,standard,1,2,7,2,19221,47701,17171,447.1,7.68,14.29,20.18,5,1,2,2,5,912,249,1949,3520,3862,6199,9239,6253,1143,1140,,285,,418,,t3_calmveil|t3_thornmail
standard,171,r2,red,jungle,刺客,jiansheng,standard,1,3,6,1,17400,24611,19199,499.9,8.88,16.42,22.08,5,1,1,2,5,876,1265,647,3899,4076,6595,8777,6253,348,,,285,1472,418,,t3_finalstring
standard,171,r3,red,mid,法師,auralith,standard,1,17,10,1,63265,31713,25569,665.7,10.1,16.1,21.51,5,0,1,2,5,2359,352,577,9418,4619,6852,9977,6253,1263,1140,142,760,,418,,t3_psyward
standard,171,r4,red,adc,射手,liuxing,standard,1,38,13,1,170739,23220,36206,942.7,9.5,14.49,19.47,5,1,2,3,5,208,211,315,20605,3558,7111,10835,6253,934,2850,285,285,,228,,t3_shieldbreaker|t3_rendspear
standard,171,r5,red,sup,坦克,stoneguard,standard,1,1,9,11,10700,45620,19895,518,7.02,13.28,17.7,5,1,2,3,5,1917,461,1147,6295,4817,7401,9747,6253,224,,712,285,,418,1853,t3_calmveil|t3_thornmail
standard,172,b1,blue,top,坦克,suishan,standard,1,2,0,0,7792,22685,10158,439.3,7.92,13.27,19.17,3,1,2,3,3,461,360,420,708,4011,6690,8970,6253,608,1140,,665,,304,,t3_calmveil|t3_thornmail
standard,172,b2,blue,jungle,刺客,youming,standard,1,1,1,0,6323,10537,9922,429.1,9,17.12,22.88,3,1,1,2,3,510,722,556,271,3710,6002,8586,6253,190,570,,190,1078,304,,t3_finalstring
standard,172,b3,blue,mid,法師,xingjie,standard,1,4,3,0,18825,14393,11197,484.2,8.79,16.61,22.15,3,1,1,2,3,408,207,883,646,4258,6437,9933,6253,905,2280,,190,,304,,t3_psyward
standard,172,b4,blue,adc,射手,shensheng,standard,1,4,3,0,13786,9463,11184,483.6,10.14,19.18,22.1,3,0,1,2,3,1376,237,298,404,3536,5617,8248,6253,693,570,,427,,304,,t3_shieldbreaker|t3_rendspear
standard,172,b5,blue,sup,輔助,mingyunyindao,standard,1,0,1,0,2993,15447,10949,473.5,6.55,12.96,17.29,3,1,2,3,3,1049,490,645,1908,4449,7220,9685,6253,186,,,902,,304,2038,t3_calmveil
standard,172,r1,red,top,坦克,suishan,standard,0,0,1,0,10356,21545,10282,444.6,8.47,15.93,21,3,1,1,2,3,252,503,1104,351,3802,5503,8334,6253,788,,,1045,,247,,t3_calmveil|t3_thornmail
standard,172,r2,red,jungle,刺客,youming,standard,0,1,3,1,6008,10936,10296,445.2,8.93,16.05,22.1,3,1,1,2,3,255,686,690,646,4105,6266,8420,6253,171,,142,95,1511,247,,t3_finalstring
standard,172,r3,red,mid,法師,xingjie,standard,0,2,4,2,16921,13416,9845,425.7,11.25,19.33,,2,0,1,2,2,1314,154,442,444,3574,5484,7992,6253,779,570,142,95,,152,,t3_psyward
standard,172,r4,red,adc,射手,shensheng,standard,0,3,3,1,13767,10033,10177,440.1,9.48,18.24,23.11,3,1,1,2,3,367,347,359,177,3717,5427,8609,6253,731,1140,142,95,,247,,t3_shieldbreaker|t3_rendspear
standard,172,r5,red,sup,輔助,mingyunyindao,standard,0,2,0,2,3944,16206,11147,482,6.84,11.58,15.72,4,1,2,3,4,312,772,824,446,5162,7802,9864,6253,266,1140,142,95,,247,1720,t3_calmveil
standard,173,b1,blue,top,戰士,greymantle,standard,0,5,0,0,13336,34044,12879,497.7,9.78,17.52,21.29,3,1,1,2,3,481,241,579,1478,3631,5721,9179,6253,874,1140,,665,,247,,t3_shieldbreaker|t3_finalstring
standard,173,b2,blue,jungle,刺客,yueying,standard,0,1,6,0,8061,14565,10881,420.5,8.91,16.98,23.61,3,1,1,2,3,627,644,926,281,3827,6224,8656,6253,250,570,,190,1145,247,,t3_finalstring
standard,173,b3,blue,mid,法師,gambler,standard,0,7,8,1,16987,18672,14342,554.3,10.57,15.84,21.69,4,0,1,2,4,1656,827,1040,511,3916,7327,9540,6253,1187,1140,142,665,,152,,t3_psyward
standard,173,b4,blue,adc,射手,liangzicz,standard,0,6,4,4,31562,10470,14326,553.7,10.43,16.93,20.65,3,0,1,2,3,1452,282,832,2526,3612,5962,9382,6253,839,570,570,902,,247,,t3_shieldbreaker|t3_rendspear
standard,173,b5,blue,sup,輔助,mingyun,standard,0,2,3,4,9015,21263,12801,494.7,7.62,12.81,13.96,4,1,3,3,4,544,143,1458,1350,4544,8303,10498,6253,307,1140,427,427,,247,1695,t3_calmveil
standard,173,r1,red,top,戰士,greymantle,standard,1,3,2,1,14475,33479,12778,493.8,9.11,16.76,23.9,3,1,1,2,3,652,1016,142,1377,3802,6196,8742,6253,931,,285,950,,323,,t3_shieldbreaker|t3_finalstring
standard,173,r2,red,jungle,刺客,yueying,standard,1,3,3,1,10459,14123,12878,497.7,8.38,16.8,20.63,3,1,1,2,3,54,1232,1198,1798,4204,6332,9528,6253,193,1140,,,1618,323,,t3_finalstring
standard,173,r3,red,mid,法師,gambler,standard,1,7,5,1,24623,16869,15346,593.1,10.73,16.98,19.68,4,0,1,3,4,1764,341,309,945,4024,5791,11339,6253,1152,2850,285,475,,323,,t3_psyward
standard,173,r4,red,adc,射手,liangzicz,standard,1,7,9,0,23175,12112,13519,522.5,9.9,19.57,22.74,4,1,1,2,4,465,369,147,298,3815,5449,7767,6253,715,570,,,,228,,t3_shieldbreaker|t3_rendspear
standard,173,r5,red,sup,輔助,mingyun,standard,1,1,2,3,9016,19409,13776,532.4,6.29,12.63,16.63,4,1,2,3,4,630,497,995,2325,4630,7527,10035,6253,275,,285,950,,323,1948,t3_calmveil
standard,174,b1,blue,top,戰士,ravager,standard,1,3,0,0,12951,24785,11938,495,8.9,17.95,20.73,3,1,1,2,3,405,476,795,487,3555,6006,9445,6253,703,1140,,1045,,304,,t3_shieldbreaker|t3_finalstring
standard,174,b2,blue,jungle,刺客,yeiren,standard,1,2,1,1,7924,14161,11844,491.1,7.32,17.52,21.45,3,1,1,2,3,189,980,1087,1363,4569,6610,9467,6253,665,1140,,95,1010,304,,t3_finalstring
standard,174,b3,blue,mid,法師,ronghuo,standard,1,8,4,1,26034,17492,14579,604.5,10.05,15.81,20.56,4,0,1,2,4,1694,342,1394,1228,3954,6842,10794,6253,1102,2280,285,570,,304,,t3_psyward
standard,174,b4,blue,adc,射手,xingchen,standard,1,1,5,1,14627,9114,9775,405.3,10.03,19.49,,2,0,1,2,2,1569,135,358,874,3729,5515,7358,6253,706,,,95,,304,,t3_shieldbreaker|t3_rendspear
standard,174,b5,blue,sup,坦克,tixue,standard,1,1,3,0,5625,18364,12472,517.2,7.61,13.28,18.51,4,1,2,3,4,736,1007,524,272,4636,7947,9904,6253,319,570,,570,,304,1886,t3_calmveil|t3_thornmail
standard,174,r1,red,top,戰士,ravager,standard,0,2,1,1,7578,24384,11209,464.8,8.18,15.89,21.28,3,1,1,2,3,703,1078,912,359,3853,6608,9562,6253,1076,1140,142,665,,285,,t3_shieldbreaker|t3_finalstring
standard,174,r2,red,jungle,刺客,yeiren,standard,0,5,2,1,10615,14733,13397,555.5,8.68,15.16,18.68,4,1,1,3,4,804,1839,996,596,4004,7469,11296,6253,532,2280,285,190,1470,285,,t3_finalstring
standard,174,r3,red,mid,法師,ronghuo,standard,0,1,6,2,15495,15375,10237,424.5,10.82,17.58,,2,0,1,2,2,1428,200,541,837,3688,6700,8571,6253,988,570,285,190,,285,,t3_psyward
standard,174,r4,red,adc,射手,xingchen,standard,0,2,6,3,13940,8862,11092,459.9,10.9,18.38,,2,0,1,2,2,1547,659,278,2192,3707,6339,8828,6253,769,570,570,665,,0,,t3_shieldbreaker|t3_rendspear
standard,174,r5,red,sup,坦克,tixue,standard,0,3,0,4,11222,24155,12882,534.1,7.55,12.78,17.19,4,1,2,3,4,784,736,903,681,4684,7976,10883,6253,471,1140,712,190,,285,1830,t3_calmveil|t3_thornmail
standard,175,b1,blue,top,戰士,dadi2,standard,0,0,2,0,7465,26963,9393,393.1,8.14,20.1,,2,1,1,1,2,725,86,2670,792,3875,5566,8150,6253,870,,,950,,76,,t3_shieldbreaker|t3_finalstring
standard,175,b2,blue,jungle,刺客,duskblade,standard,0,1,7,0,5391,11661,9721,406.9,8.86,17.36,,2,1,1,2,2,163,903,155,1641,4013,6483,8235,6253,264,570,,,1071,76,,t3_finalstring
standard,175,b3,blue,mid,法師,gambler,standard,0,0,7,1,14094,15606,10042,420.3,10.35,19.53,,2,0,1,2,2,1637,290,261,641,3897,5740,7811,6253,1197,,285,,,76,,t3_psyward
standard,175,b4,blue,adc,射手,liangzi,standard,0,6,10,0,15343,11438,11898,498,9.22,17.84,20.8,3,1,1,2,3,370,426,387,297,3720,5506,8907,6253,867,1710,,,,76,,t3_shieldbreaker|t3_rendspear
standard,175,b5,blue,sup,輔助,linghun,standard,0,0,5,0,4599,20076,11817,494.6,5.86,11.85,15.77,4,1,2,3,4,341,464,585,937,4641,7014,9625,6253,334,,,475,26,76,2460,t3_calmveil
standard,175,r1,red,top,戰士,dadi2,standard,1,10,0,0,14828,23123,16127,675,8.72,15.1,18.23,5,1,1,3,5,557,1601,1166,826,3707,7081,12566,6253,878,4560,,380,,494,,t3_shieldbreaker|t3_finalstring
standard,175,r2,red,jungle,刺客,duskblade,standard,1,3,0,2,8550,9079,13232,553.8,8.93,13.65,23.48,4,1,2,2,4,225,727,2334,482,4075,7377,10664,6253,446,1140,285,380,1665,494,,t3_finalstring
standard,175,r3,red,mid,法師,gambler,standard,1,7,2,1,17987,13668,14846,621.4,11.03,16.39,20.8,4,0,1,2,4,1514,842,1134,1015,3774,7342,10534,6253,1079,1710,142,855,,494,,t3_psyward
standard,175,r4,red,adc,射手,liangzi,standard,1,11,4,3,30356,10844,16863,705.8,10.14,14.98,17.84,5,0,2,3,5,1381,231,476,1262,3541,7551,12276,6253,778,3420,712,617,,494,,t3_shieldbreaker|t3_rendspear
standard,175,r5,red,sup,輔助,linghun,standard,1,0,1,6,5575,11078,13016,544.8,6.18,11.98,17.62,4,1,2,3,4,1402,574,2063,1566,4502,7304,10643,6253,273,,1140,617,,304,2054,t3_calmveil
standard,176,b1,blue,top,戰士,ronggang,standard,0,2,0,1,19089,38259,12054,457.9,8.63,17.48,21.87,3,1,1,2,3,633,507,837,1253,3783,5987,8837,6253,893,570,285,285,,551,,t3_shieldbreaker|t3_finalstring
standard,176,b2,blue,jungle,刺客,binghe,standard,0,4,5,2,10037,16664,13424,509.9,7.74,15.19,19.98,4,1,1,3,4,293,1721,136,673,4143,7001,10086,6253,190,1140,570,285,1096,551,,t3_finalstring
standard,176,b3,blue,mid,法師,ronghuo,standard,0,6,6,0,28875,17219,13792,523.9,8.78,16.87,22.62,3,1,1,2,3,608,333,361,1312,4458,6833,9341,6253,1206,1140,,285,,456,,t3_psyward
standard,176,b4,blue,adc,射手,shengyan,standard,0,10,6,1,32566,11539,16645,632.3,10.3,15.91,20.24,5,0,1,2,5,1655,529,1565,1045,3815,6209,10465,6253,905,1710,285,760,,551,,t3_shieldbreaker|t3_rendspear
standard,176,b5,blue,sup,輔助,shiguang,standard,0,2,2,1,5218,17123,13737,521.8,6.01,10.66,13.94,4,1,3,4,4,925,484,344,2287,5225,8184,11224,6253,376,1140,,1235,,551,1667,t3_calmveil
standard,176,r1,red,top,戰士,ronggang,standard,1,0,2,0,11483,32521,11265,427.9,8.78,17.41,24.41,3,1,1,2,3,652,404,546,1065,3802,5584,7826,6253,1064,,,475,34,0,,t3_shieldbreaker|t3_finalstring
standard,176,r2,red,jungle,刺客,binghe,standard,1,0,5,1,7128,15373,11256,427.6,9.44,15.98,24.05,3,1,1,2,3,807,1025,235,425,4007,6255,8315,6253,475,,,,1586,0,,t3_finalstring
standard,176,r3,red,mid,法師,ronghuo,standard,1,6,7,0,20177,17784,14688,558,8.65,17.5,21.05,4,1,1,2,4,674,247,1005,458,4524,6747,10085,6253,1076,2280,,475,,0,,t3_psyward
standard,176,r4,red,adc,射手,shengyan,standard,1,9,7,2,31340,13694,14897,565.9,9.82,18.83,22.62,3,1,1,2,3,82,466,300,3917,3432,5066,7520,6253,459,,570,237,,0,,t3_shieldbreaker|t3_rendspear
standard,176,r5,red,sup,輔助,shiguang,standard,1,4,3,1,10230,26501,14604,554.7,6.58,11.58,13.63,5,1,3,3,5,216,411,2309,1403,4516,8411,11349,6253,193,1710,,1187,,0,2005,t3_calmveil
standard,177,b1,blue,top,戰士,jingci,standard,0,1,2,0,9904,25622,9616,440.2,9.8,16.78,,2,1,1,2,2,194,799,747,1335,4524,6329,9027,6253,1254,570,,950,,0,,t3_shieldbreaker|t3_finalstring
standard,177,b2,blue,jungle,刺客,shanying,standard,0,0,5,0,3874,10762,8140,372.7,8.76,18.87,,2,1,1,2,2,625,296,449,360,3825,5626,7449,6253,152,,,,1044,0,,t3_finalstring
standard,177,b3,blue,mid,法師,gambler,standard,0,0,7,0,12246,14832,8438,386.3,11.24,20.73,,2,0,1,1,2,1599,196,894,1087,3859,5626,7374,6253,1121,,,,,0,,t3_psyward
standard,177,b4,blue,adc,射手,mirrorshot,standard,0,1,6,0,16422,9715,8029,367.6,9.43,19.01,,2,1,1,2,2,272,157,121,409,3622,5237,7441,6253,617,570,,,,0,,t3_shieldbreaker|t3_rendspear
standard,177,b5,blue,sup,坦克,dadi,standard,0,0,3,1,5390,21504,10083,461.6,8.05,13.68,19.02,3,1,2,3,3,430,129,394,502,4630,6929,9494,6253,351,,285,475,,0,2129,t3_calmveil|t3_thornmail
standard,177,r1,red,top,戰士,jingci,standard,1,5,0,0,14750,23482,12944,592.6,9.09,14.01,17.3,3,1,2,3,3,104,395,375,1493,3954,8745,11405,6253,1219,2850,,475,,608,,t3_shieldbreaker|t3_finalstring
standard,177,r2,red,jungle,刺客,shanying,standard,1,4,0,2,8898,10271,12616,577.6,9.33,16.04,18.99,3,1,1,3,3,351,1060,470,2136,4251,6690,10470,6253,288,1140,427,475,1277,608,,t3_finalstring
standard,177,r3,red,mid,法師,gambler,standard,1,4,0,1,17654,11339,12326,564.3,9.88,18.07,19.83,3,1,1,3,3,696,440,57,1776,4546,6940,10607,6253,1086,1710,,950,,608,,t3_psyward
standard,177,r4,red,adc,射手,mirrorshot,standard,1,7,2,5,22187,8204,14150,647.9,11.08,16.23,18.52,3,0,1,3,3,1794,1241,391,2350,3954,6921,11291,6253,820,2280,855,475,,608,,t3_shieldbreaker|t3_rendspear
standard,177,r5,red,sup,坦克,dadi,standard,1,3,0,4,7995,15379,14721,674,7.52,12.83,14.98,4,1,3,4,4,1021,88,1457,2520,4921,9168,13657,6253,348,1710,997,1425,,608,2315,t3_calmveil|t3_thornmail
standard,178,b1,blue,top,戰士,longyi,standard,0,1,7,1,15023,27760,10823,422.4,8.59,18.93,23.75,3,1,1,2,3,795,706,382,573,3945,5636,8182,6253,807,,,950,,171,,t3_shieldbreaker|t3_finalstring
standard,178,b2,blue,jungle,刺客,dianguang,standard,0,2,7,0,6352,13216,10969,428.1,8.64,16.49,23.53,3,1,1,2,3,471,488,1081,89,3671,5818,8261,6253,266,570,,,1000,171,,t3_finalstring
standard,178,b3,blue,mid,法師,ronghuo,standard,0,5,6,1,31357,17695,13502,526.9,10.68,15.9,19.56,3,0,1,3,3,1618,476,183,1402,3878,6956,10813,6253,1159,2280,,950,,171,,t3_psyward
standard,178,b4,blue,adc,射手,hanbing,standard,0,7,6,1,23000,13804,13697,534.5,9.78,16.97,19.93,4,1,1,3,4,243,373,40,147,3593,5453,9640,6253,608,2280,285,,43,171,,t3_shieldbreaker|t3_rendspear
standard,178,b5,blue,sup,坦克,ironclad,standard,0,0,6,1,4874,24019,11055,431.4,6.93,12.93,17.77,3,1,2,3,3,711,566,521,1474,4611,7366,9021,6253,199,,,475,,76,2017,t3_calmveil|t3_thornmail
standard,178,r1,red,top,戰士,longyi,standard,1,3,2,0,13063,31046,11762,459,9.28,18.48,23.63,3,1,1,2,3,253,351,350,1812,3403,5881,7800,6253,501,570,,95,,380,,t3_shieldbreaker|t3_finalstring
standard,178,r2,red,jungle,刺客,dianguang,standard,1,5,3,2,7959,14957,13784,537.9,8.52,14.9,20.56,4,1,2,2,4,86,148,2149,983,3986,6848,10529,6253,76,2280,142,95,1301,380,,t3_finalstring
standard,178,r3,red,mid,法師,ronghuo,standard,1,13,5,3,31118,16964,19367,755.8,9.79,16.23,19.93,5,1,1,3,5,237,868,252,3216,4087,7368,11282,6253,801,2280,285,1282,,380,,t3_psyward
standard,178,r4,red,adc,射手,hanbing,standard,1,8,5,2,23656,10900,15279,596.2,9.95,16.56,20.38,4,1,1,2,4,258,982,1704,1428,4258,6662,10604,6253,693,2280,427,570,,380,,t3_shieldbreaker|t3_rendspear
standard,178,r5,red,sup,坦克,ironclad,standard,1,3,0,5,8358,23629,15386,600.4,7.29,11.84,15.48,5,1,2,3,5,316,1160,1662,1785,4516,8400,11642,6253,245,1140,855,332,51,380,2384,t3_calmveil|t3_thornmail
standard,179,b1,blue,top,戰士,chichuan,standard,0,1,1,0,9521,24989,9016,408.6,8.88,16.9,,2,1,1,2,2,646,263,406,986,3796,5563,7786,6253,924,,,285,,323,,t3_shieldbreaker|t3_finalstring
standard,179,b2,blue,jungle,刺客,wuxing,standard,0,0,5,0,2759,8685,9083,411.6,8.63,17.01,,2,1,1,2,2,567,440,538,1003,3767,5720,8138,6253,285,,,285,991,323,,t3_finalstring
standard,179,b3,blue,mid,法師,haixiao,standard,0,1,3,0,10495,12285,9111,412.9,11.01,17.36,,2,0,1,2,2,1526,161,321,231,3786,5591,8451,6253,1019,570,,285,,323,,t3_psyward
standard,179,b4,blue,adc,射手,xuanfeng,standard,0,3,4,1,13234,8729,10546,477.9,9.4,17.77,21.64,3,1,1,2,3,816,215,180,525,4166,5895,9030,6253,649,1140,,760,,228,,t3_shieldbreaker|t3_rendspear
standard,179,b5,blue,sup,輔助,xuemai,standard,0,0,3,0,4220,14033,10328,468,5.88,12.59,16.26,3,1,2,3,3,1176,401,628,1288,4576,6951,9668,6253,313,,,285,,323,2493,t3_calmveil
standard,179,r1,red,top,戰士,chichuan,standard,1,3,1,0,9784,22870,11370,515.3,8.7,14.76,18.84,3,1,2,3,3,691,327,449,570,3841,7727,10349,6253,1017,1710,,1140,,228,,t3_shieldbreaker|t3_finalstring
standard,179,r2,red,jungle,刺客,wuxing,standard,1,4,0,0,9705,12127,12850,582.3,7.87,14.06,19.2,3,1,2,3,3,968,492,1046,1770,4818,7922,11176,6253,450,1710,,665,1868,228,,t3_finalstring
standard,179,r3,red,mid,法師,haixiao,standard,1,4,0,1,12087,11787,11781,533.9,10.35,16.77,21.14,3,0,1,2,3,1622,247,640,750,3882,6447,9620,6253,1285,1140,285,427,,228,,t3_psyward
standard,179,r4,red,adc,射手,xuanfeng,standard,1,5,4,0,12150,8404,11446,518.7,9.81,15.52,21.64,3,1,1,2,3,387,1249,754,546,3737,6929,9304,6253,922,1710,,190,,228,,t3_shieldbreaker|t3_rendspear
standard,179,r5,red,sup,輔助,xuemai,standard,1,0,0,0,3744,11332,11249,509.8,6.33,12.9,15.83,4,1,2,3,4,234,748,1207,849,4534,7298,10247,6253,388,,,902,,228,2474,t3_calmveil
standard,180,b1,blue,top,戰士,dushe,standard,1,0,3,0,10722,26473,10571,447.3,9.09,17.13,21.67,3,1,1,2,3,500,742,728,321,3650,6272,9008,6253,741,,,1615,,399,,t3_shieldbreaker|t3_finalstring
standard,180,b2,blue,jungle,刺客,voidrift,standard,1,0,5,1,7013,13108,9848,416.7,9.59,15.33,,2,1,1,2,2,820,1704,623,1468,4020,6684,8523,6253,437,,285,190,958,399,,t3_finalstring
standard,180,b3,blue,mid,法師,leiming,standard,1,0,7,0,12788,15133,9456,400.1,10.82,19.93,,2,0,1,2,2,1447,152,75,855,3707,6082,7925,6253,893,,,190,,589,,t3_psyward
standard,180,b4,blue,adc,射手,phantom,standard,1,9,6,0,20079,10942,15317,648.1,10.15,15.47,19.76,4,0,1,3,4,1585,2364,250,2137,3745,7564,10870,6253,608,3420,,190,,399,,t3_shieldbreaker|t3_rendspear
standard,180,b5,blue,sup,坦克,longji,standard,1,0,4,2,10822,24152,11112,470.2,6.74,12.83,18.1,3,1,2,3,3,234,979,300,732,4734,7919,9800,6253,437,,570,190,,494,1855,t3_calmveil|t3_thornmail
standard,180,r1,red,top,戰士,dushe,standard,0,3,0,1,12035,22821,10719,453.6,8.98,18.72,21.68,3,1,1,2,3,89,823,681,169,4239,5873,9331,6253,741,1710,285,190,,152,,t3_shieldbreaker|t3_finalstring
standard,180,r2,red,jungle,刺客,voidrift,standard,0,4,0,1,9428,11356,12877,544.9,8.93,15.07,20.7,3,1,1,2,3,111,2710,2391,1747,4011,7860,10771,6253,380,1710,142,665,1468,152,,t3_finalstring
standard,180,r3,red,mid,法師,leiming,standard,0,4,4,4,15671,13708,11692,494.7,10.49,18.23,22.53,3,0,1,2,3,1413,631,250,262,3673,6381,9050,6253,813,1140,475,190,26,152,,t3_psyward
standard,180,r4,red,adc,射手,phantom,standard,0,13,4,5,38111,10952,17863,755.9,10.31,16.19,18.75,4,0,1,3,4,2108,1096,362,4013,4268,6776,12162,6253,912,3420,760,665,,152,,t3_shieldbreaker|t3_rendspear
standard,180,r5,red,sup,坦克,longji,standard,0,1,1,4,9123,21190,12617,533.8,6.48,12.79,17.03,4,1,2,3,4,442,1178,488,416,4642,7958,10468,6253,459,570,332,190,,152,2511,t3_calmveil|t3_thornmail
standard,181,b1,blue,top,戰士,fengbao,standard,0,2,2,0,13086,25351,10443,477.4,8.46,16.82,,2,1,1,2,2,538,545,218,1843,3688,6025,8818,6253,798,1140,,475,,152,,t3_shieldbreaker|t3_finalstring
standard,181,b2,blue,jungle,戰士,hunpo,standard,0,1,3,0,6268,8897,8786,401.7,10.6,20.1,,2,0,1,1,2,1562,23,1601,386,3772,6173,8051,6253,152,570,,,923,152,,t3_psyward
standard,181,b3,blue,mid,法師,haixiao,standard,0,3,4,2,12690,14756,11070,506.1,11.19,18.04,,2,0,1,2,2,1390,289,224,1670,3650,6519,9274,6253,1254,570,570,475,,152,,t3_psyward
standard,181,b4,blue,adc,射手,yanfeng,standard,0,5,6,0,15545,9276,11165,510.4,10.61,17.75,21.27,3,0,1,2,3,1395,915,488,265,3555,6595,9388,6253,798,1710,,475,,152,,t3_shieldbreaker|t3_rendspear
standard,181,b5,blue,sup,坦克,thornwall,standard,0,1,2,0,3330,20729,11220,512.9,6.86,12.28,17.38,3,1,2,3,3,782,846,1322,1340,4582,7546,10602,6253,266,570,,950,,152,2411,t3_calmveil|t3_thornmail
standard,181,r1,red,top,戰士,fengbao,standard,1,6,0,0,17547,22974,12172,556.4,7.86,15.02,19.4,3,1,1,3,3,335,2327,837,772,4135,7507,10737,6253,836,2850,,380,,418,,t3_shieldbreaker|t3_finalstring
standard,181,r2,red,jungle,戰士,hunpo,standard,1,2,4,0,6120,9490,10771,492.4,9.79,16.81,,2,1,1,2,2,128,884,836,1421,3928,7334,9766,6253,183,1140,,380,1390,418,,t3_psyward
standard,181,r3,red,mid,法師,haixiao,standard,1,2,2,2,11558,12405,11479,524.7,9.71,18.64,19.71,3,1,1,3,3,294,471,140,448,4144,6671,10690,6253,1216,1140,570,1092,,418,,t3_psyward
standard,181,r4,red,adc,射手,yanfeng,standard,1,5,6,1,20076,10286,12220,558.6,10.63,17.81,19.87,3,0,1,3,3,1528,778,253,1019,3688,6158,10253,6253,684,1710,285,1092,,228,,t3_shieldbreaker|t3_rendspear
standard,181,r5,red,sup,坦克,thornwall,standard,1,2,0,0,5397,17478,11488,525.1,6.61,10.97,16.1,3,1,2,3,3,124,1266,819,1607,5124,8446,10699,6253,234,1140,,380,,418,2273,t3_calmveil|t3_thornmail
standard,182,b1,blue,top,戰士,rongyan,standard,0,0,8,0,7315,32991,9644,386.3,8.9,19.82,,2,1,1,2,2,443,417,251,1414,3593,5417,8001,6253,798,,,950,,0,,t3_shieldbreaker|t3_finalstring
standard,182,b2,blue,jungle,戰士,leimingcf,standard,0,2,7,0,9697,21218,10514,421.1,8.98,15.75,23.1,3,1,1,2,3,774,1397,898,364,3874,6827,8598,6253,433,1140,,,770,0,,t3_shieldbreaker|t3_finalstring
standard,182,b3,blue,mid,法師,leiming,standard,0,1,8,0,16507,16644,9758,390.8,12.31,19.49,,2,0,1,2,2,1248,235,252,758,3508,5265,7602,6253,874,,,475,,0,,t3_psyward
standard,182,b4,blue,adc,射手,siwang,standard,0,13,10,0,34655,15148,16874,675.8,8.63,16.35,19.42,4,1,1,3,4,258,820,161,3323,4258,6500,11241,6253,855,3420,,712,,0,,t3_shieldbreaker|t3_rendspear
standard,182,b5,blue,sup,輔助,shengming,standard,0,1,5,1,6229,21328,11287,452.1,6.69,11.2,15.74,4,1,2,3,4,1746,419,281,586,5146,7449,9321,6253,307,570,,237,,0,1952,t3_calmveil
standard,182,r1,red,top,戰士,rongyan,standard,1,8,1,1,19728,25505,15800,632.8,8.71,14.7,18.96,4,1,2,3,4,225,280,147,2350,4325,7080,11127,6253,570,2850,142,760,,551,,t3_shieldbreaker|t3_finalstring
standard,182,r2,red,jungle,戰士,leimingcf,standard,1,7,0,1,16586,15249,15648,626.7,9.15,13.99,20.73,4,1,2,2,4,942,724,3861,2717,4042,8074,12111,6253,848,2850,142,285,1181,551,,t3_shieldbreaker|t3_finalstring
standard,182,r3,red,mid,法師,leiming,standard,1,6,6,0,20641,15043,14103,564.9,10,17.71,22.35,3,1,1,2,3,516,522,311,2022,4366,6722,9591,6253,886,1140,,760,,551,,t3_psyward
standard,182,r4,red,adc,射手,siwang,standard,1,17,8,1,59369,12081,19505,781.2,10.26,18.19,19.42,5,0,1,3,5,1243,469,224,3905,3403,6149,10224,6253,427,2280,285,522,,456,,t3_shieldbreaker|t3_rendspear
standard,182,r5,red,sup,輔助,shengming,standard,1,0,2,8,7012,14427,13957,559,6.84,12.21,15.28,5,1,2,4,5,1037,772,418,757,4737,7802,10918,6253,269,,1425,522,,551,1896,t3_calmveil
standard,183,b1,blue,top,戰士,embercoil,standard,0,1,7,0,7409,26327,10213,436.9,8.57,18.72,23.23,3,1,1,2,3,570,468,359,312,3720,5468,8109,6253,734,570,,475,,76,,t3_shieldbreaker|t3_finalstring
standard,183,b2,blue,jungle,戰士,fengbao,standard,0,0,4,0,7158,17373,8964,383.5,8.64,18.77,,2,1,1,2,2,684,362,297,783,3784,5792,7647,6253,239,,,,1078,76,,t3_shieldbreaker|t3_finalstring
standard,183,b3,blue,mid,法師,haixiao,standard,0,1,3,1,13187,15786,9821,420.2,10.38,19.2,,2,0,1,2,2,1545,578,190,541,3805,6178,8420,6253,1029,570,,475,17,76,,t3_psyward
standard,183,b4,blue,adc,射手,maestro,standard,0,5,7,1,17653,10953,11334,484.9,9.57,17.73,23.06,3,1,1,2,3,380,501,258,384,3730,6181,8508,6253,845,1140,142,,51,76,,t3_shieldbreaker|t3_rendspear
standard,183,b5,blue,sup,輔助,fengshen,standard,0,1,3,1,8459,22527,11295,483.2,7.07,11.61,14.35,4,1,3,3,4,535,378,1177,594,5135,8078,10217,6253,381,570,142,475,17,76,2301,t3_calmveil
standard,183,r1,red,top,戰士,embercoil,standard,1,5,0,0,15068,24011,13321,569.9,9.64,15.03,17.27,4,1,1,3,4,140,2108,210,340,3940,7588,10590,6253,992,2280,,570,,494,,t3_shieldbreaker|t3_finalstring
standard,183,r2,red,jungle,戰士,fengbao,standard,1,4,1,3,11002,12714,13488,577,10.31,15.38,17.19,4,0,1,3,4,2697,2843,1479,557,4697,8273,11029,6253,330,1710,570,95,1575,494,,t3_shieldbreaker|t3_finalstring
standard,183,r3,red,mid,法師,haixiao,standard,1,3,3,0,17278,12941,12274,525.1,10.49,17.49,21.93,3,0,1,2,3,1571,272,181,674,3831,6472,9581,6253,1219,570,,1045,,494,,t3_psyward
standard,183,r4,red,adc,射手,maestro,standard,1,12,3,1,32302,9728,16693,714.1,9.32,15.93,18.57,5,1,1,3,5,402,1097,376,1093,4402,6777,12176,6253,1011,3990,285,332,,304,,t3_shieldbreaker|t3_rendspear
standard,183,r5,red,sup,輔助,fengshen,standard,1,0,1,3,6017,13329,11507,492.3,6.53,12.24,18.32,4,1,2,3,4,1314,317,986,547,4714,7047,9736,6253,321,,570,332,,494,1764,t3_calmveil
standard,184,b1,blue,top,戰士,cinderfist,standard,1,0,3,0,9131,23171,10377,439.1,8.99,18.52,22.11,3,1,1,2,3,728,628,333,427,3878,6158,7963,6253,1102,,,285,,323,,t3_shieldbreaker|t3_finalstring
standard,184,b2,blue,jungle,戰士,anliuyouXia,standard,1,0,1,0,9013,17749,9804,414.8,9.19,16.76,,2,1,1,2,2,807,1685,434,1203,3907,6265,8134,6253,503,,,285,769,323,,t3_shieldbreaker|t3_finalstring
standard,184,b3,blue,mid,法師,leiming,standard,1,5,6,0,18084,16708,11954,505.8,9.9,16.05,21.77,3,1,1,2,3,66,760,926,1404,3916,7260,9426,6253,950,1710,,285,,228,,t3_psyward
standard,184,b4,blue,adc,射手,liuxing,standard,1,4,5,1,18418,11219,11650,493,9.73,17.82,21.07,3,1,1,2,3,395,535,1191,450,3745,6215,9141,6253,855,1140,285,285,,323,,t3_shieldbreaker|t3_rendspear
standard,184,b5,blue,sup,坦克,suishan,standard,1,0,1,1,5755,20544,12421,525.6,6.71,12.24,18.52,4,1,2,3,4,715,310,349,621,4615,7550,10729,6253,389,,,1235,51,323,2477,t3_calmveil|t3_thornmail
standard,184,r1,red,top,戰士,cinderfist,standard,0,1,1,0,9637,23357,10087,426.8,8.84,18.68,23,3,1,1,2,3,614,447,184,436,3764,5677,7634,6253,1007,,,95,51,228,,t3_shieldbreaker|t3_finalstring
standard,184,r2,red,jungle,戰士,anliuyouXia,standard,0,3,1,2,7434,14025,12341,522.2,8.92,15.06,19.76,3,1,1,3,3,640,1914,97,940,4440,6794,9997,6253,228,1140,285,95,1768,228,,t3_shieldbreaker|t3_finalstring
standard,184,r3,red,mid,法師,leiming,standard,0,5,2,1,20367,14437,12971,548.8,10.79,18.06,20.9,3,0,1,2,3,1504,207,948,890,3764,5807,10348,6253,1206,1710,142,807,,228,,t3_psyward
standard,184,r4,red,adc,射手,liuxing,standard,0,6,4,1,23470,10961,12866,544.4,8.11,18.58,21.77,3,1,1,2,3,182,269,1294,1066,4182,5949,9844,6253,798,1710,285,570,,228,,t3_shieldbreaker|t3_rendspear
standard,184,r5,red,sup,坦克,suishan,standard,0,1,1,4,9282,22186,12933,547.2,6.09,11.88,16.81,4,1,2,3,4,356,1095,1004,732,5456,8335,10984,6253,332,570,427,807,,228,2365,t3_calmveil|t3_thornmail
standard,185,b1,blue,top,戰士,leimingcf,standard,1,3,1,0,12880,27083,11687,480.1,9.23,15.52,20.68,3,1,1,2,3,424,1419,499,286,3574,6899,8799,6253,817,570,,665,,494,,t3_shieldbreaker|t3_finalstring
standard,185,b2,blue,jungle,戰士,embercoil,standard,1,1,2,2,9425,15532,11368,467,8.91,14.5,20.91,3,1,2,2,3,266,451,669,918,4016,7201,9219,6253,408,570,285,190,1018,494,,t3_shieldbreaker|t3_finalstring
standard,185,b3,blue,mid,法師,mingyun2,standard,1,6,4,1,21220,14802,13314,547,11.25,19.54,22.42,3,0,1,2,3,1694,400,316,1234,3954,6000,8166,6253,1133,,285,190,,304,,t3_psyward
standard,185,b4,blue,adc,射手,shensheng,standard,1,12,5,0,30837,13851,16811,690.6,9.27,15.51,20.05,5,1,1,2,5,528,1498,2914,1210,3878,7178,11814,6253,931,3420,,665,51,494,,t3_shieldbreaker|t3_rendspear
standard,185,b5,blue,sup,輔助,mingyunyindao,standard,1,0,2,3,4672,15776,13295,546.2,6.31,12.82,15.43,4,1,2,3,4,257,1898,968,2334,4557,7778,10198,6253,243,,,665,26,494,2515,t3_calmveil
standard,185,r1,red,top,戰士,leimingcf,standard,0,3,3,0,12003,26998,11997,492.9,8.86,16.82,20.25,3,1,1,2,3,595,583,1620,596,3745,6063,9850,6253,874,1140,,1583,,0,,t3_shieldbreaker|t3_finalstring
standard,185,r2,red,jungle,戰士,embercoil,standard,0,1,3,2,12653,19505,10885,447.2,7.83,16.28,24.13,3,1,1,2,3,140,1036,612,434,3890,6466,8442,6253,513,570,,,1105,0,,t3_shieldbreaker|t3_finalstring
standard,185,r3,red,mid,法師,mingyun2,standard,0,1,6,0,15653,14833,10680,438.7,10.88,18.9,,2,0,1,2,2,1403,318,470,1279,3663,5468,8020,6253,1038,570,,158,,0,,t3_psyward
standard,185,r4,red,adc,射手,shensheng,standard,0,9,7,1,25814,11703,14340,589.1,10.01,18.5,20.93,4,0,1,2,4,1531,277,1094,740,3691,5477,9344,6253,858,1710,285,237,,0,,t3_shieldbreaker|t3_rendspear
standard,185,r5,red,sup,輔助,mingyunyindao,standard,0,0,3,0,5332,15695,11376,467.3,5.97,12.22,17.05,4,1,2,3,4,1485,287,607,495,4585,7017,9647,6253,478,,,870,,0,2045,t3_calmveil
standard,186,b1,blue,top,戰士,jufeng,standard,1,5,2,1,13075,29893,13683,534.2,9.34,15.63,21.8,3,1,1,2,3,595,659,470,2283,3745,6139,8470,6253,817,570,285,190,,354,,t3_shieldbreaker|t3_finalstring
standard,186,b2,blue,jungle,戰士,hunpo,standard,1,3,3,0,7642,12519,12106,472.6,11.06,17.56,22.92,3,0,1,2,3,1579,189,754,875,3789,6589,9104,6253,215,1140,,190,1077,228,,t3_psyward
standard,186,b3,blue,mid,法師,bingshuang,standard,1,3,3,1,15131,16736,12797,499.5,9.26,16.62,22.74,3,1,1,2,3,617,734,323,366,4467,7184,9673,6253,1102,1140,285,665,,228,,t3_psyward
standard,186,b4,blue,adc,射手,liangzicz,standard,1,3,5,0,20892,10013,11223,438.1,9.96,21.76,25.03,3,1,1,1,3,462,70,1849,1222,3812,5750,7529,6253,731,,,190,,354,,t3_shieldbreaker|t3_rendspear
standard,186,b5,blue,sup,輔助,mingyun,standard,1,0,3,0,8938,22685,12217,476.9,7,11.89,16.7,4,1,2,3,4,923,714,1004,766,4623,7264,10044,6253,288,,,1140,,354,2007,t3_calmveil
standard,186,r1,red,top,戰士,jufeng,standard,0,6,0,0,15264,28850,13354,521.3,9.02,17.49,22.34,3,1,1,2,3,538,256,218,1953,3688,5436,8818,6253,969,1140,,190,,266,,t3_shieldbreaker|t3_finalstring
standard,186,r2,red,jungle,戰士,hunpo,standard,0,1,5,0,6684,12161,11479,448.1,10.66,18.98,25.59,3,0,1,2,3,1828,246,750,149,4038,6646,9150,6253,266,570,,190,1605,266,,t3_psyward
standard,186,r3,red,mid,法師,bingshuang,standard,0,1,2,3,24306,17269,12375,483.1,10.13,16.9,23.48,3,0,1,2,3,2160,140,337,825,4420,6320,9037,6253,1282,570,,665,,266,,t3_psyward
standard,186,r4,red,adc,射手,liangzicz,standard,0,8,5,1,22716,11189,14510,566.4,9.66,17.56,21.76,3,1,1,2,3,281,896,745,2710,3631,6576,9645,6253,798,1710,142,665,,76,,t3_shieldbreaker|t3_rendspear
standard,186,r5,red,sup,輔助,mingyun,standard,0,0,2,3,9237,20710,12546,489.8,6.53,12.49,17.51,4,1,2,3,4,254,161,1333,1096,4554,7191,10373,6253,332,,427,1140,,266,1953,t3_calmveil
standard,187,b1,blue,top,戰士,ronggang,standard,0,1,9,0,15498,47247,13292,427.3,10.8,15.3,20.47,4,0,1,2,4,2252,1622,925,442,4302,7152,9575,6253,1744,570,,855,,152,,t3_shieldbreaker|t3_finalstring
standard,187,b2,blue,jungle,戰士,ravager,standard,0,2,3,0,18257,28876,14032,451.1,9.08,16.79,22.93,4,1,1,2,4,1002,1425,277,1232,4102,6905,8877,6253,579,570,,380,752,342,,t3_shieldbreaker|t3_finalstring
standard,187,b3,blue,mid,法師,mingyun2,standard,0,8,11,1,42635,24123,16525,531.2,10.45,19.35,23.89,4,0,1,2,4,1567,625,91,2295,3827,5955,8121,6253,861,,285,380,,342,,t3_psyward
standard,187,b4,blue,adc,射手,leiting,standard,0,15,13,1,59672,18931,20610,662.5,9.49,17.42,21.01,5,1,1,2,5,205,184,384,5010,3555,5864,9284,6253,550,1140,142,855,,342,,t3_shieldbreaker|t3_rendspear
standard,187,b5,blue,sup,坦克,tixue,standard,0,1,7,3,12017,38912,15109,485.7,6.81,12.29,15.77,5,1,2,3,5,209,1052,439,1508,5309,8292,10419,6253,367,570,142,380,17,342,2347,t3_calmveil|t3_thornmail
standard,187,r1,red,top,戰士,ronggang,standard,1,1,5,5,14562,42747,14122,454,9.53,17.58,23.1,4,1,1,2,4,405,301,145,1091,3555,5531,8495,6253,627,,665,950,,0,,t3_shieldbreaker|t3_finalstring
standard,187,r2,red,jungle,戰士,ravager,standard,1,8,1,0,26505,30508,17477,561.8,8.86,16.89,19.52,5,1,1,3,5,1050,1108,230,2177,4150,6588,10310,6253,351,2280,,,1425,0,,t3_shieldbreaker|t3_finalstring
standard,187,r3,red,mid,法師,mingyun2,standard,1,11,5,1,40825,22450,19356,622.2,10.69,18.39,23.04,5,0,1,2,5,1428,387,869,3206,3688,5417,8419,6253,1026,570,95,475,,0,,t3_psyward
standard,187,r4,red,adc,射手,leiting,standard,1,21,14,3,103300,18198,24315,781.6,8.13,17.42,21.01,5,1,1,2,5,699,155,1039,8715,4049,5835,9939,6253,646,2280,285,475,,0,,t3_shieldbreaker|t3_rendspear
standard,187,r5,red,sup,坦克,tixue,standard,1,2,2,3,9608,30678,16277,523.2,7.19,13.97,17.62,5,1,2,3,5,278,211,415,2676,4478,7451,9795,6253,275,570,95,,,0,2601,t3_calmveil|t3_thornmail
standard,188,b1,blue,top,戰士,jingci,standard,0,3,2,0,17877,29533,11877,457.7,9.92,15.86,21.5,3,1,1,2,3,614,1103,567,426,3764,6633,9217,6253,760,1140,,665,,399,,t3_shieldbreaker|t3_finalstring
standard,188,b2,blue,jungle,戰士,xueyue,standard,0,2,2,1,12767,22097,11938,460,8.94,15.38,20.93,3,1,1,2,3,601,1793,1086,538,4401,7273,9686,6253,503,1140,285,190,1010,304,,t3_shieldbreaker|t3_finalstring
standard,188,b3,blue,mid,法師,bingshuang,standard,0,6,3,0,23972,18365,13359,514.8,10.91,18.98,22.81,3,0,1,2,3,1542,121,203,1278,3802,5721,8533,6253,1121,570,,190,,399,,t3_psyward
standard,188,b4,blue,adc,射手,liangzi,standard,0,8,9,3,30191,12276,14917,574.8,9.93,18.28,20.29,4,1,1,2,4,253,493,1267,1066,3603,5873,10167,6253,522,1710,855,427,,399,,t3_shieldbreaker|t3_rendspear
standard,188,b5,blue,sup,坦克,tieshixin,standard,0,0,1,1,10365,22700,12372,476.7,7.57,12.79,17.58,4,1,2,3,4,363,592,545,771,4563,7252,10045,6253,285,,,427,,399,2680,t3_calmveil|t3_thornmail
standard,188,r1,red,top,戰士,jingci,standard,1,2,1,0,15411,29931,11903,458.7,8.16,14.08,20.77,3,1,2,2,3,1393,353,700,452,4543,7203,9350,6253,1140,1140,,665,,152,,t3_shieldbreaker|t3_finalstring
standard,188,r2,red,jungle,戰士,xueyue,standard,1,2,3,0,14486,19448,13034,502.3,8.9,15.16,21.61,4,1,1,2,4,179,2695,735,234,3979,6975,9035,6253,399,570,,190,1470,152,,t3_shieldbreaker|t3_finalstring
standard,188,r3,red,mid,法師,bingshuang,standard,1,5,7,1,21601,17455,13980,538.7,10.42,18.28,23.28,4,0,1,2,4,1580,95,144,149,3840,6595,8894,6253,1254,570,,665,,152,,t3_psyward
standard,188,r4,red,adc,射手,liangzi,standard,1,8,6,4,32280,12821,15281,588.9,10.13,16.77,21.39,4,0,1,2,4,1766,778,924,1431,3926,5978,9474,6253,883,1710,285,190,,152,,t3_shieldbreaker|t3_rendspear
standard,188,r5,red,sup,坦克,tieshixin,standard,1,0,2,1,9250,23748,11943,460.2,6.79,13.36,19.24,4,1,2,3,4,306,177,455,643,4506,7117,9055,6253,199,,285,190,,152,1975,t3_calmveil|t3_thornmail
standard,189,b1,blue,top,戰士,longyi,standard,1,3,1,1,14107,25913,11588,504.6,10.82,14.86,20.53,3,0,2,2,3,2444,69,1468,188,4494,6869,9168,6253,872,1140,142,285,,475,,t3_shieldbreaker|t3_finalstring
standard,189,b2,blue,jungle,戰士,jufeng,standard,1,3,0,0,7563,15128,11352,494.3,7.8,13.43,,2,1,2,2,2,275,742,919,2801,4505,7492,9469,6253,397,1140,,285,918,475,,t3_shieldbreaker|t3_finalstring
standard,189,b3,blue,mid,法師,mingyun2,standard,1,4,0,2,18964,13438,12980,565.2,9.77,17.77,20.41,3,1,1,2,3,145,364,609,899,3995,6864,10009,6253,905,1710,142,522,,475,,t3_psyward
standard,189,b4,blue,adc,射手,shengyan,standard,1,4,6,0,18417,9431,11146,485.3,8.95,18.35,22.28,3,1,1,2,3,484,415,71,1146,3834,6095,7691,6253,772,,,285,,380,,t3_shieldbreaker|t3_rendspear
standard,189,b5,blue,sup,輔助,huanjing,standard,1,0,1,1,3118,12309,11680,508.6,6.23,12.53,16.52,4,1,2,3,4,336,349,837,719,4636,7379,10067,6253,167,,285,997,,475,1888,t3_calmveil
standard,189,r1,red,top,戰士,longyi,standard,0,2,1,0,9900,27035,10101,439.8,8.86,18.57,22.83,3,1,1,2,3,627,577,941,201,3777,6057,8641,6253,867,1140,,190,,190,,t3_shieldbreaker|t3_finalstring
standard,189,r2,red,jungle,戰士,jufeng,standard,0,1,1,0,7616,17839,9964,433.9,7.9,15.93,22.62,3,1,1,2,3,57,1231,655,114,4107,6661,8835,6253,427,570,,190,1203,190,,t3_shieldbreaker|t3_finalstring
standard,189,r3,red,mid,法師,mingyun2,standard,0,1,4,0,12022,14954,9595,417.8,10.73,19.39,,2,0,1,2,2,1333,605,247,1194,3593,5455,8077,6253,969,,,665,,190,,t3_psyward
standard,189,r4,red,adc,射手,shengyan,standard,0,4,6,0,16821,11678,11279,491.1,9.93,18.08,20.73,3,1,1,2,3,208,606,536,429,3558,5506,9116,6253,820,1140,,902,,0,,t3_shieldbreaker|t3_rendspear
standard,189,r5,red,sup,輔助,huanjing,standard,0,0,2,0,5131,14278,10324,449.5,6.54,12.66,17.62,3,1,2,3,3,238,843,589,1094,4538,7093,9339,6253,411,,,427,,190,2056,t3_calmveil
standard,190,b1,blue,top,戰士,chichuan,standard,1,2,1,0,13818,23264,9433,434.2,7.07,18.28,,2,1,1,2,2,503,799,272,782,4353,6329,8622,6253,753,1140,,95,,380,,t3_shieldbreaker|t3_finalstring
standard,190,b2,blue,jungle,戰士,kuangfeng,standard,1,0,2,1,5702,11351,9138,420.6,8.08,16.73,,2,1,1,2,2,780,806,346,537,3880,6286,8346,6253,310,,142,95,1165,380,,t3_shieldbreaker|t3_finalstring
standard,190,b3,blue,mid,法師,bingshuang,standard,1,4,1,0,20458,13176,11155,513.5,9.52,15.08,21.28,3,1,1,2,3,503,1596,976,605,4353,8096,10376,6253,893,2280,,570,,380,,t3_psyward
standard,190,b4,blue,adc,射手,mirrorshot,standard,1,7,4,2,20278,9533,13210,608.1,9.12,16.08,19.35,3,1,1,3,3,471,716,91,1410,3821,6396,11291,6253,905,2850,570,332,,380,,t3_shieldbreaker|t3_rendspear
standard,190,b5,blue,sup,坦克,dadi,standard,1,1,0,2,5336,18689,11602,534,7.44,11,16.23,3,1,2,3,3,646,993,526,1622,5146,8233,10506,6253,291,570,142,1282,,380,1586,t3_calmveil|t3_thornmail
standard,190,r1,red,top,戰士,chichuan,standard,0,1,1,0,8207,22905,9346,430.2,9.99,16.76,,2,1,1,2,2,432,354,389,1015,3582,5704,8719,6253,535,570,,1140,68,152,,t3_shieldbreaker|t3_finalstring
standard,190,r2,red,jungle,戰士,kuangfeng,standard,0,1,1,1,8934,10804,9770,449.7,8.08,17.38,21.25,3,1,1,2,3,117,690,1652,370,3917,5990,9202,6253,177,570,285,190,1574,152,,t3_shieldbreaker|t3_finalstring
standard,190,r3,red,mid,法師,bingshuang,standard,0,2,7,0,12571,13554,9388,432.1,10.62,17.35,,2,0,1,2,2,1618,341,257,808,3878,5721,8837,6253,1102,1140,,190,,152,,t3_psyward
standard,190,r4,red,adc,射手,mirrorshot,standard,0,4,4,1,16223,12154,11222,516.5,8.37,17.38,20.74,3,1,1,2,3,296,995,876,841,4296,6795,9626,6253,798,1710,285,427,,152,,t3_shieldbreaker|t3_rendspear
standard,190,r5,red,sup,坦克,dadi,standard,0,0,1,2,6754,21727,10372,477.4,6.64,12.9,17.11,3,1,2,3,3,360,601,264,832,4560,7401,9804,6253,351,,570,427,,152,2049,t3_calmveil|t3_thornmail
standard,191,b1,blue,top,戰士,xueyue,standard,1,4,1,0,17653,28292,12582,517.6,7.24,16.44,21.12,3,1,1,2,3,146,1382,1625,1131,4296,6912,10275,6253,810,1710,,1045,,456,,t3_shieldbreaker|t3_finalstring
standard,191,b2,blue,jungle,戰士,tielian,standard,1,1,1,1,9827,17783,11043,454.3,8.05,18.77,21.6,3,1,1,2,3,1518,1408,309,1443,4618,6888,8909,6253,459,570,142,95,933,456,,t3_shieldbreaker|t3_finalstring
standard,191,b3,blue,mid,法師,lieyan,standard,1,1,3,2,19981,14456,10330,425,10.28,19.38,,2,0,1,2,2,1802,261,473,1350,4062,6161,8023,6253,791,,427,95,,456,,t3_psyward
standard,191,b4,blue,adc,射手,hanbing,standard,1,6,2,1,22434,10528,12842,528.3,9.93,15.73,22.62,3,1,1,2,3,32,609,1065,1041,4332,6289,9965,6253,687,2280,142,95,51,456,,t3_shieldbreaker|t3_rendspear
standard,191,b5,blue,sup,坦克,ironclad,standard,1,1,3,1,7523,19646,12916,531.3,6.44,11.61,16.73,4,1,2,3,4,512,1246,653,715,4712,8186,10153,6253,329,570,142,570,26,456,1805,t3_calmveil|t3_thornmail
standard,191,r1,red,top,戰士,xueyue,standard,0,2,0,0,14585,29816,11170,459.5,8.61,16.73,22.28,3,1,1,2,3,614,432,261,140,3764,5662,8911,6253,1035,570,,950,26,76,,t3_shieldbreaker|t3_finalstring
standard,191,r2,red,jungle,戰士,tielian,standard,0,5,0,0,13417,17673,13339,548.7,8.64,15.49,20.73,4,1,1,2,4,151,1236,1111,359,4251,6716,9711,6253,551,1140,,,1690,76,,t3_shieldbreaker|t3_finalstring
standard,191,r3,red,mid,法師,lieyan,standard,0,0,5,0,19212,16437,9703,399.2,10.28,20.27,,2,0,1,1,2,1713,461,982,953,3973,5791,7482,6253,1152,,,,,76,,t3_psyward
standard,191,r4,red,adc,射手,hanbing,standard,0,2,6,1,17284,10254,11119,457.4,9.34,18.23,23.65,3,1,1,2,3,357,726,1337,338,3707,5506,8337,6253,962,570,,475,,76,,t3_shieldbreaker|t3_rendspear
standard,191,r5,red,sup,坦克,ironclad,standard,0,1,2,2,8025,22197,11462,471.5,7.74,12.73,17.73,3,1,2,3,3,496,187,270,1482,4696,7427,9650,6253,630,570,285,,,76,1835,t3_calmveil|t3_thornmail
standard,192,b1,blue,top,戰士,langwang,standard,1,2,2,0,11540,22762,10823,507,8.42,14.94,21.03,3,1,2,2,3,173,137,794,323,3973,6937,9394,6253,1197,570,,1045,,329,,t3_shieldbreaker|t3_finalstring
standard,192,b2,blue,jungle,刺客,duskblade,standard,1,0,3,0,4978,9902,8716,408.2,8.75,18.39,,2,1,1,2,2,667,172,630,685,3867,5752,8060,6253,218,,,95,1163,329,,t3_finalstring
standard,192,b3,blue,mid,法師,shikong,standard,1,5,1,0,13881,13513,11878,556.3,11.5,17.43,19.85,3,0,1,3,3,1390,538,136,1047,3650,6738,10686,6253,1016,2280,,807,,329,,t3_psyward
standard,192,b4,blue,adc,射手,xuanfeng,standard,1,3,5,0,8937,9091,10067,471.5,9.43,16.71,,2,1,1,2,2,300,926,325,1166,3650,6006,8875,6253,836,1140,,570,,76,,t3_shieldbreaker|t3_rendspear
standard,192,b5,blue,sup,輔助,xuemai,standard,1,1,1,3,5992,13053,12046,564.2,5.96,11.99,15.75,4,1,2,4,4,429,633,749,596,5029,7663,11149,6253,266,570,855,1282,,76,1846,t3_calmveil
standard,192,r1,red,top,戰士,langwang,standard,0,5,0,0,13277,23745,12461,583.6,8.63,15.06,19.87,3,1,1,3,3,401,1552,70,1060,4201,7032,10870,6253,1501,1710,,1045,,361,,t3_shieldbreaker|t3_finalstring
standard,192,r2,red,jungle,刺客,duskblade,standard,0,0,3,0,5031,9122,8966,420,9.05,15.98,,2,1,1,2,2,726,1440,68,636,3926,6370,8398,6253,120,,,95,1568,361,,t3_finalstring
standard,192,r3,red,mid,法師,shikong,standard,0,0,4,1,9867,12824,9180,430,10.52,18.1,,2,0,1,2,2,1491,135,114,849,3751,6335,8444,6253,880,,,1045,,266,,t3_psyward
standard,192,r4,red,adc,射手,xuanfeng,standard,0,7,4,0,15176,8243,11792,552.3,10.02,16.58,20.97,3,0,1,2,3,1420,788,1853,412,3580,6468,10753,6253,576,3420,,332,,171,,t3_shieldbreaker|t3_rendspear
standard,192,r5,red,sup,輔助,xuemai,standard,0,0,0,1,5326,13030,10764,504.2,5.82,12.18,15.67,3,1,2,3,3,1163,519,1293,1724,4563,7549,10333,6253,228,,285,1282,,361,1923,t3_calmveil
standard,193,b1,blue,top,戰士,kuangfeng,standard,1,2,0,0,16299,25437,11156,487.9,8.85,14.8,20.96,3,1,2,2,3,937,195,1298,655,4087,7295,9898,6253,1288,1140,,760,,456,,t3_shieldbreaker|t3_finalstring
standard,193,b2,blue,jungle,刺客,binghe,standard,1,2,1,1,7791,10707,11196,489.6,9.1,15.16,20.02,3,1,1,2,3,631,1126,1514,1546,3831,6706,9844,6253,345,1140,285,285,1079,456,,t3_finalstring
standard,193,b3,blue,mid,法師,lieyan,standard,1,2,2,0,12182,13372,10829,473.6,10.52,19.79,,2,0,1,2,2,1593,286,121,1429,3853,5886,8451,6253,886,570,,285,,456,,t3_psyward
standard,193,b4,blue,adc,射手,dawnstrike,standard,1,4,2,2,17978,9807,12460,544.9,9.73,17.83,21.14,3,1,1,2,3,376,117,2044,1260,3726,5797,9664,6253,722,1140,570,522,,456,,t3_shieldbreaker|t3_rendspear
standard,193,b5,blue,sup,輔助,zhanchang,standard,1,1,2,2,6615,15481,11714,512.3,8.11,12.06,15.73,4,1,2,3,4,270,453,2072,833,4570,7483,10532,6253,253,570,570,522,,456,1907,t3_calmveil
standard,193,r1,red,top,戰士,kuangfeng,standard,0,0,0,0,12774,26188,9551,417.7,8.82,19.24,,2,1,1,2,2,557,32,91,1320,3707,5512,7191,6253,912,,,,26,0,,t3_shieldbreaker|t3_finalstring
standard,193,r2,red,jungle,刺客,binghe,standard,0,0,3,1,8315,12835,9578,418.9,9.02,17.94,,2,1,1,2,2,298,537,830,1247,4148,6117,8560,6253,631,,285,,1389,0,,t3_finalstring
standard,193,r3,red,mid,法師,lieyan,standard,0,1,3,1,14592,13947,9579,418.9,10.68,20.28,,2,0,1,1,2,1406,365,1802,178,3666,5965,8302,6253,1003,570,,475,,0,,t3_psyward
standard,193,r4,red,adc,射手,dawnstrike,standard,0,6,3,1,17052,9562,12299,537.8,8.29,16.57,20.59,3,1,1,2,3,277,987,1248,498,4277,6367,10148,6253,855,2280,285,475,,0,,t3_shieldbreaker|t3_rendspear
standard,193,r5,red,sup,輔助,zhanchang,standard,0,0,2,0,5316,14234,10056,439.8,7.79,12.67,17.28,3,1,2,3,3,300,630,506,1016,4600,6880,8666,6253,245,,,,,0,2167,t3_calmveil
standard,194,b1,blue,top,戰士,greymantle,standard,0,0,2,1,12107,23081,8403,396,7.93,17.77,,2,1,1,2,2,709,358,494,602,3859,5588,7944,6253,997,,142,475,,76,,t3_shieldbreaker|t3_finalstring
standard,194,b2,blue,jungle,刺客,jueying,standard,0,1,4,0,4357,9674,9237,435.3,8.02,16.12,,2,1,1,2,2,929,1204,615,1106,4129,6834,8745,6253,665,570,,,1181,76,,t3_finalstring
standard,194,b3,blue,mid,法師,shikong,standard,0,0,4,0,10267,14474,8289,390.7,10.44,19.7,,2,0,1,2,2,1637,353,180,158,3897,5683,7830,6253,1026,,,475,,76,,t3_psyward
standard,194,b4,blue,adc,射手,yanfeng,standard,0,5,5,0,13854,10163,10205,481,8.92,18.48,,2,1,1,2,2,386,170,1346,1354,3736,5370,9246,6253,636,2280,,,,76,,t3_shieldbreaker|t3_rendspear
standard,194,b5,blue,sup,坦克,stoneguard,standard,0,0,3,1,7798,18374,10256,483.4,6.38,13.01,16.57,3,1,2,3,3,187,243,274,675,4687,7043,9854,6253,323,,142,475,,76,2584,t3_calmveil|t3_thornmail
standard,194,r1,red,top,戰士,greymantle,standard,1,5,0,2,15043,21891,12517,590,8.82,16.28,18.97,3,1,1,3,3,608,983,248,1066,3758,6513,10798,6253,760,1710,237,1330,51,456,,t3_shieldbreaker|t3_finalstring
standard,194,r2,red,jungle,刺客,jueying,standard,1,2,1,1,6385,8738,11077,522.1,9.13,16.49,19.19,3,1,1,3,3,681,1398,513,897,3881,6378,10213,6253,152,1140,285,380,1546,456,,t3_finalstring
standard,194,r3,red,mid,法師,shikong,standard,1,3,2,1,12683,12528,11421,538.3,9.97,17.01,,2,1,1,2,2,133,82,1292,2020,3983,6282,10272,6253,1282,1140,285,855,,456,,t3_psyward
standard,194,r4,red,adc,射手,yanfeng,standard,1,6,3,3,21296,8097,12758,601.3,9.44,17.83,20.53,3,1,1,2,3,395,326,1569,2278,3745,6006,10469,6253,988,1710,665,380,17,456,,t3_shieldbreaker|t3_rendspear
standard,194,r5,red,sup,坦克,stoneguard,standard,1,2,0,2,9320,15312,11742,553.4,7.36,11.81,17.56,4,1,2,3,4,324,791,1183,442,5124,8031,11163,6253,351,1140,237,380,,456,2344,t3_calmveil|t3_thornmail
standard,195,b1,blue,top,戰士,cinderfist,standard,0,5,0,0,14604,24875,12636,519.6,9.18,15.38,21.83,3,1,1,2,3,462,1552,696,1235,3612,7032,8996,6253,646,1140,,380,26,551,,t3_shieldbreaker|t3_finalstring
standard,195,b2,blue,jungle,刺客,anye,standard,0,3,5,0,12914,14919,11486,472.4,9.15,16.52,21.29,3,1,1,2,3,777,971,1478,406,3977,6251,8728,6253,342,570,,380,727,456,,t3_finalstring
standard,195,b3,blue,mid,法師,lieyan,standard,0,6,3,1,13049,15777,13439,552.7,10.79,17.26,20.88,3,0,1,2,3,1545,789,637,959,3805,6389,10037,6253,858,1710,285,380,,551,,t3_psyward
standard,195,b4,blue,adc,射手,siwang,standard,0,4,2,1,19816,9586,12176,500.7,9.82,16.52,21.93,3,1,1,2,3,218,158,594,375,3568,5838,9144,6253,677,1140,142,380,,551,,t3_shieldbreaker|t3_rendspear
standard,195,b5,blue,sup,輔助,shengming,standard,0,0,1,5,8486,17698,12818,527.1,6.02,12.13,16.52,4,1,2,3,4,276,653,1326,1368,4576,7383,10366,6253,478,,997,380,,551,1706,t3_calmveil
standard,195,r1,red,top,戰士,cinderfist,standard,1,3,3,1,15448,29576,12230,502.9,7.83,16.32,21.36,3,1,1,2,3,738,840,347,829,3888,6320,8647,6253,1111,1140,142,,,0,,t3_shieldbreaker|t3_finalstring
standard,195,r2,red,jungle,刺客,anye,standard,1,5,5,0,10657,14690,12962,533,8.15,15.48,20.09,4,1,1,2,4,482,1031,1505,511,4632,6611,9835,6253,615,1710,,,1256,0,,t3_finalstring
standard,195,r3,red,mid,法師,lieyan,standard,1,1,5,0,11966,13926,10235,420.9,10.67,19.68,,2,0,1,2,2,1504,287,214,954,3764,5617,7764,6253,1035,,,475,,0,,t3_psyward
standard,195,r4,red,adc,射手,siwang,standard,1,2,4,1,19693,9711,9887,406.6,9.78,20.93,,2,1,1,1,2,186,571,1498,986,3536,5351,7178,6253,731,,142,,51,0,,t3_shieldbreaker|t3_rendspear
standard,195,r5,red,sup,輔助,shengming,standard,1,0,1,0,5719,20115,11331,466,5.75,12.43,16.52,4,1,2,3,4,797,253,432,930,4497,7283,9012,6253,343,,,475,,0,1940,t3_calmveil
standard,196,b1,blue,top,坦克,tieshixin,standard,1,2,1,1,6052,16613,10180,498.2,8.32,13.72,18.63,3,1,2,3,3,346,523,401,729,4496,6673,9851,6253,1027,1140,95,878,,456,,t3_calmveil|t3_thornmail
standard,196,b2,blue,jungle,刺客,wuxing,standard,1,2,0,2,7359,9445,10323,505.2,8.72,15.32,20.2,3,1,1,2,3,724,1406,1664,372,3924,6986,9994,6253,297,1140,237,403,1206,456,,t3_finalstring
standard,196,b3,blue,mid,法師,auralith,standard,1,7,4,0,16375,11985,13076,639.9,9.42,15.31,18.68,3,1,1,3,3,503,1214,177,1645,4353,7714,11607,6253,1024,2850,,997,26,456,,t3_psyward
standard,196,b4,blue,adc,射手,maestro,standard,1,8,2,2,20796,8097,13168,644.5,9.68,16.69,18.67,3,1,1,3,3,186,1227,1940,2268,3536,6907,12840,6253,786,4560,380,403,,456,,t3_shieldbreaker|t3_rendspear
standard,196,b5,blue,sup,輔助,mingyun,standard,1,1,1,5,3030,11109,12548,614.1,6.66,11.18,14.39,4,1,3,4,4,226,449,1340,1668,5076,8149,12220,6253,360,570,1282,1591,,456,1706,t3_calmveil
standard,196,r1,red,top,坦克,tieshixin,standard,0,2,1,0,6493,19781,9536,466.7,8.21,14.62,18.58,3,1,2,3,3,798,292,455,606,3748,6142,9385,6253,965,1140,,950,,76,,t3_calmveil|t3_thornmail
standard,196,r2,red,jungle,刺客,wuxing,standard,0,1,6,0,4331,11452,8574,419.6,8.74,15.47,,2,1,1,2,2,746,943,705,493,3946,6523,8435,6253,240,570,,,1295,76,,t3_finalstring
standard,196,r3,red,mid,法師,auralith,standard,0,1,4,0,6828,11913,8267,404.6,11.13,18.32,,2,0,1,2,2,1352,218,565,236,3612,5968,8115,6253,741,570,,475,,76,,t3_psyward
standard,196,r4,red,adc,射手,maestro,standard,0,4,7,1,12142,9756,9834,481.3,9.68,17.83,,2,1,1,2,2,338,493,845,984,3688,5693,9695,6253,801,2280,285,,,76,,t3_shieldbreaker|t3_rendspear
standard,196,r5,red,sup,輔助,mingyun,standard,0,0,2,0,4006,14488,10079,493.2,7,12.42,17.77,3,1,2,3,3,579,414,887,1038,4579,6894,9927,6253,253,,,1425,,76,1919,t3_calmveil
standard,197,b1,blue,top,坦克,bingshouweis,standard,0,2,1,0,14393,28499,11909,444,7.41,15.61,20.48,4,1,1,2,4,247,274,1392,479,3897,5674,9122,6253,959,570,,1187,,152,,t3_calmveil|t3_thornmail
standard,197,b2,blue,jungle,刺客,razorwing,standard,0,2,6,0,7844,12342,11750,438,8.82,14.48,24.39,3,1,2,2,3,746,342,1015,1050,3946,7042,9145,6253,164,1140,,237,1198,152,,t3_finalstring
standard,197,b3,blue,mid,法師,xingjie,standard,0,6,5,1,21891,18757,13999,521.9,10.96,17.93,22.5,3,0,1,2,3,1542,205,892,1899,3802,5835,9502,6253,1197,1140,285,475,,152,,t3_psyward
standard,197,b4,blue,adc,射手,liuxing,standard,0,8,5,3,25643,14926,15266,569.1,8.96,17,21.03,4,1,1,2,4,493,301,1403,1715,3843,5981,9553,6253,820,1140,712,475,,152,,t3_shieldbreaker|t3_rendspear
standard,197,b5,blue,sup,坦克,suishan,standard,0,0,2,2,9138,26257,12379,461.5,7.85,13.13,16.99,4,1,2,3,4,78,179,1144,1019,4528,7559,10124,6253,354,,427,950,,152,1987,t3_calmveil|t3_thornmail
standard,197,r1,red,top,坦克,bingshouweis,standard,1,5,1,4,15213,25302,15329,571.5,8.77,12.63,16.91,5,1,2,3,5,1078,1886,1458,1679,5028,8296,11488,6253,1016,2280,570,855,,513,,t3_calmveil|t3_thornmail
standard,197,r2,red,jungle,刺客,razorwing,standard,1,3,4,2,10454,14931,13904,518.3,8.68,13.37,21.33,4,1,2,2,4,1181,879,1039,1403,4381,7579,9469,6253,326,570,142,380,1379,418,,t3_finalstring
standard,197,r3,red,mid,法師,xingjie,standard,1,4,5,0,25311,18466,13857,516.6,8.96,17.32,24.2,3,1,1,2,3,560,485,405,1946,4410,6985,9455,6253,1168,1140,,380,,513,,t3_psyward
standard,197,r4,red,adc,射手,liuxing,standard,1,5,7,1,20542,12130,13306,496,9.07,17.83,23.52,4,1,1,2,4,338,178,255,405,3688,5978,7935,6253,693,,285,380,,323,,t3_shieldbreaker|t3_rendspear
standard,197,r5,red,sup,坦克,suishan,standard,1,2,1,1,10039,22527,14745,549.7,7.57,13.02,17.56,5,1,2,3,5,512,1006,1997,1145,4712,8246,11977,6253,253,1140,142,1330,,513,2344,t3_calmveil|t3_thornmail
standard,198,b1,blue,top,坦克,tiebi,standard,0,0,2,0,4909,22199,9124,421.6,7.82,16.98,19.89,3,1,1,3,3,871,302,74,134,3821,5702,8324,6253,1121,,,950,,0,,t3_calmveil|t3_thornmail
standard,198,b2,blue,jungle,刺客,jingxiang,standard,0,0,5,0,3342,11291,7887,364.4,9.18,18.77,,2,1,1,2,2,522,90,521,406,3722,5420,7221,6253,95,,,,873,0,,t3_finalstring
standard,198,b3,blue,mid,法師,auralith,standard,0,1,2,0,12839,12862,8478,391.8,9.01,19.59,,2,1,1,2,2,408,471,366,348,4258,6101,7716,6253,893,570,,,,0,,t3_psyward
standard,198,b4,blue,adc,射手,shensheng,standard,0,0,6,0,9869,11063,7965,368,9.19,18.56,,2,1,1,2,2,272,770,221,445,3622,5370,7441,6253,712,,,475,,0,,t3_shieldbreaker|t3_rendspear
standard,198,b5,blue,sup,坦克,bingshouweis,standard,0,0,5,1,5392,22485,9518,439.8,6.61,12.53,18.12,3,1,2,3,3,396,414,194,418,4896,7214,8994,6253,370,,285,,,0,2085,t3_calmveil|t3_thornmail
standard,198,r1,red,top,坦克,tiebi,standard,1,5,0,0,8120,17797,12435,574.6,8.34,14.9,17.71,4,1,2,3,4,857,93,1082,784,3807,6343,11112,6253,889,2280,,1140,17,532,,t3_calmveil|t3_thornmail
standard,198,r2,red,jungle,刺客,jingxiang,standard,1,5,1,0,11956,9540,12519,578.5,9.13,14.53,18.31,3,1,2,3,3,1124,214,1297,1638,4324,7864,11097,6253,342,2280,,190,1500,532,,t3_finalstring
standard,198,r3,red,mid,法師,auralith,standard,1,4,0,2,20666,13297,12316,569.1,10.34,16.54,20.57,3,0,1,2,3,1580,1079,1062,1286,3840,7279,10462,6253,969,1140,427,1140,,532,,t3_psyward
standard,198,r4,red,adc,射手,shensheng,standard,1,4,0,3,15247,9043,12041,556.4,8.13,15.17,18.96,3,1,1,3,3,63,1375,362,1190,4363,7175,11212,6253,769,2280,712,665,,532,,t3_shieldbreaker|t3_rendspear
standard,198,r5,red,sup,坦克,bingshouweis,standard,1,2,0,2,4737,14171,11586,535.4,7.45,12.39,16.07,3,1,2,3,3,404,1048,607,1606,4604,8288,10587,6253,411,1140,285,190,,532,1774,t3_calmveil|t3_thornmail
standard,199,b1,blue,top,坦克,shengdun,standard,0,2,5,1,10351,31821,11933,454.2,7.95,14.81,20.79,4,1,2,2,4,814,147,1218,683,3764,5997,8448,6253,864,570,,380,,380,,t3_calmveil|t3_thornmail
standard,199,b2,blue,jungle,刺客,guihuo,standard,0,1,9,1,9198,15204,11813,449.6,8.82,16.65,22.66,3,1,1,2,3,51,928,336,733,3901,6208,8666,6253,408,,285,380,1149,190,,t3_finalstring
standard,199,b3,blue,mid,法師,xingjie,standard,0,2,5,0,16159,15597,11629,442.6,10.75,19.14,26.18,3,0,1,2,3,1466,87,94,199,3726,5987,7944,6253,931,,,380,,380,,t3_psyward
standard,199,b4,blue,adc,射手,mori,standard,0,17,6,0,46656,13193,19999,761.1,8.88,13.18,18.52,5,1,2,3,5,1041,248,1235,4398,4391,7868,11535,6253,1102,3420,,380,,380,,t3_shieldbreaker|t3_rendspear
standard,199,b5,blue,sup,輔助,shiguang,standard,0,0,3,1,8052,19809,12738,484.8,6.12,12.24,17.21,4,1,2,3,4,273,313,574,1287,4573,7343,9034,6253,266,,,380,,190,1944,t3_calmveil
standard,199,r1,red,top,坦克,shengdun,standard,1,5,2,1,13696,27460,14675,558.5,8.08,13.1,17.37,4,1,2,3,4,404,269,278,2525,3954,6719,10208,6253,1238,2280,285,,,152,,t3_calmveil|t3_thornmail
standard,199,r2,red,jungle,刺客,guihuo,standard,1,7,2,2,18295,18310,15057,573.1,9.26,16.74,21.48,4,1,1,2,4,155,462,801,1707,4005,6042,9131,6253,386,1140,142,,1056,152,,t3_finalstring
standard,199,r3,red,mid,法師,xingjie,standard,1,3,7,1,14377,16696,12088,460.1,10.68,20.72,25.12,3,0,1,1,3,1447,125,1083,358,3707,5455,7583,6253,893,,285,,,152,,t3_psyward
standard,199,r4,red,adc,射手,mori,standard,1,13,8,0,39856,12692,17795,677.2,8.72,16.56,19.63,4,1,1,3,4,490,1181,243,3944,3840,6861,10243,6253,1083,2280,,475,,152,,t3_shieldbreaker|t3_rendspear
standard,199,r5,red,sup,輔助,shiguang,standard,1,0,3,4,5875,19482,12914,491.5,6,11.4,16.83,4,1,2,3,4,294,210,430,1463,4544,7240,9010,6253,199,,427,,,152,1977,t3_calmveil
standard,200,b1,blue,top,坦克,shiqiang,standard,,4,20,1,40803,110570,24791,413.2,8.63,17.38,21.43,5,1,1,2,5,681,172,764,11141,3631,5322,7754,6253,788,,,712,,0,,t3_calmveil|t3_thornmail
standard,200,b2,blue,jungle,刺客,jiansheng,standard,,5,23,1,32281,48627,26219,437,9.19,16.13,24.31,5,1,1,2,5,614,1018,218,10919,3814,6348,8168,6253,283,570,,,1061,0,,t3_finalstring
standard,200,b3,blue,mid,法師,auralith,standard,,36,32,2,164807,60107,42284,704.7,10.05,18.51,24.21,5,0,1,2,5,1577,1087,338,26133,3837,6117,8188,6253,1079,570,285,,,0,,t3_psyward
standard,200,b4,blue,adc,射手,leiting,standard,,52,27,1,464341,43352,51565,859.4,9.73,17.32,22.4,5,1,1,2,5,313,452,366,35965,3663,5952,8346,6253,953,1140,,,,0,,t3_shieldbreaker|t3_rendspear
standard,200,b5,blue,sup,坦克,tixue,standard,,1,25,5,21311,97814,25865,431.1,6.92,11.62,16.99,5,1,2,3,5,663,1224,702,12264,5163,8004,10502,6253,391,570,,712,,0,2575,t3_calmveil|t3_thornmail
standard,200,r1,red,top,坦克,shiqiang,standard,,9,12,3,51832,95827,29171,486.2,8.38,15.18,20.69,5,1,1,2,5,67,977,1652,15520,3717,6377,8942,6253,731,570,,855,,532,,t3_calmveil|t3_thornmail
standard,200,r2,red,jungle,刺客,jiansheng,standard,,18,19,2,60972,56895,35717,595.3,9.18,16.18,22.54,5,1,1,2,5,777,1020,837,20416,3977,6350,9267,6253,275,570,,380,1256,532,,t3_finalstring
standard,200,r3,red,mid,法師,auralith,standard,,47,28,2,204308,62339,51391,856.5,9.57,16.26,20.18,5,1,1,2,5,275,380,729,35241,4125,6880,10129,6253,1349,1140,,855,,532,,t3_psyward
standard,200,r4,red,adc,射手,leiting,standard,,51,27,6,430657,41362,52560,876,10.53,16.88,20.23,5,0,1,2,5,1386,1006,2662,36960,3546,6206,10342,6253,845,1710,570,380,51,532,,t3_shieldbreaker|t3_rendspear
standard,200,r5,red,sup,坦克,tixue,standard,,2,12,14,29709,81152,29184,486.4,6.38,12,16.51,5,1,2,3,5,971,943,1307,15584,5171,8183,10687,6253,218,570,285,380,,532,2448,t3_calmveil|t3_thornmail
