config,seed,pid,side,role,arch,heroId,strategy,won,k,d,a,dmg,taken_approx,gold,goldPerMin,t3_1_min,t3_2_min,t3_3_min,t3Count,completed10,completed15,completed20,completedEnd,unspent10,unspent15,unspent20,unspentEnd,earned10,earned15,earned20,earned20_passive,earned20_minion,earned20_kill,earned20_assist,earned20_tower,earned20_camp,earned20_objective,earned20_tithe,counterPlanned
standard,1,b1,blue,top,戰士,embercoil,standard,1,1,0,0,19480,30579,10677,432.7,8.64,14.83,22.61,3,1,2,2,3,213,67,568,246,4063,7217,8918,6253,1505,570,,285,,304,,t3_shieldbreaker|t3_finalstring
standard,1,b2,blue,jungle,戰士,cinderfist,standard,1,0,1,0,8545,16255,9815,397.8,8.2,17.83,24.48,3,1,1,2,3,710,519,597,214,3810,5999,7997,6253,126,,,285,1028,304,,t3_shieldbreaker|t3_finalstring
standard,1,b3,blue,mid,法師,auralith,standard,1,4,6,1,15887,16686,12049,488.3,10.55,19.19,23.53,3,0,1,2,3,1390,163,532,449,3650,6063,8562,6253,864,570,285,285,,304,,t3_psyward
standard,1,b4,blue,adc,射手,liangzicz,standard,1,3,5,0,20770,10101,11014,446.4,9.36,17.84,22.68,3,1,1,2,3,376,174,279,233,3726,5854,8229,6253,817,570,,285,,304,,t3_shieldbreaker|t3_rendspear
standard,1,b5,blue,sup,坦克,tixue,standard,1,0,2,0,7604,21282,13305,539.2,7.23,13.39,18.28,4,1,2,3,4,746,237,356,1124,4646,7477,9856,6253,334,,,285,,304,2680,t3_calmveil|t3_thornmail
standard,1,r1,red,top,戰士,embercoil,standard,0,1,1,0,11246,27724,10710,434,8.11,19.32,22.12,3,1,1,2,3,633,210,521,159,3783,5740,8571,6253,1007,,,1045,,266,,t3_shieldbreaker|t3_finalstring
standard,1,r2,red,jungle,戰士,cinderfist,standard,0,2,0,0,13043,18448,11798,478.1,8.12,16.88,20.61,3,1,1,2,3,403,844,1615,398,4203,6324,9915,6253,323,1140,,95,1837,266,,t3_shieldbreaker|t3_finalstring
standard,1,r3,red,mid,法師,auralith,standard,0,5,1,1,22016,15570,12857,521.1,8.52,16.13,21.41,3,1,1,2,3,1035,846,786,776,4885,7346,10186,6253,1244,1710,142,570,,266,,t3_psyward
standard,1,r4,red,adc,射手,liangzicz,standard,0,5,6,0,19855,10303,11954,484.5,10.55,19.44,23.53,3,0,1,2,3,1424,394,612,154,3584,5294,7612,6253,712,,,570,,76,,t3_shieldbreaker|t3_rendspear
standard,1,r5,red,sup,坦克,tixue,standard,0,1,0,2,9126,21890,12267,497.1,6.98,13.71,16.81,4,1,2,3,4,597,690,490,667,4497,7470,10470,6253,285,570,142,570,,266,2383,t3_calmveil|t3_thornmail
standard,2,b1,blue,top,戰士,cinderfist,standard,0,0,2,2,13374,36050,10238,411.4,8.78,16.14,23.8,3,1,1,2,3,576,887,305,338,3726,6367,8305,6253,855,,285,665,,247,,t3_shieldbreaker|t3_finalstring
standard,2,b2,blue,jungle,戰士,chichuan,standard,0,2,1,1,9607,22249,11289,453.7,7.82,14.82,21.05,3,1,2,2,3,188,218,727,539,4418,6968,9277,6253,437,1140,,190,1010,247,,t3_shieldbreaker|t3_finalstring
standard,2,b3,blue,mid,法師,ronghuo,standard,0,4,9,1,14524,17261,11517,462.9,11.23,18.52,24.34,3,0,1,2,3,1466,330,418,867,3726,5930,8248,6253,798,570,285,190,,152,,t3_psyward
standard,2,b4,blue,adc,射手,leiting,standard,0,6,3,0,19734,12522,12778,513.5,9.42,18.78,21.62,3,1,1,2,3,449,309,1106,1997,3799,5689,9356,6253,956,1710,,190,,247,,t3_shieldbreaker|t3_rendspear
standard,2,b5,blue,sup,輔助,linghun,standard,0,1,5,2,4758,22602,13550,544.6,5.78,12.54,17.17,5,1,2,3,5,836,464,753,350,5136,7494,9983,6253,297,570,,665,,247,1950,t3_calmveil
standard,2,r1,red,top,戰士,cinderfist,standard,1,2,1,0,11967,25753,11677,469.3,7.32,15.1,21.88,3,1,1,2,3,427,1445,848,696,4227,6925,9148,6253,760,1140,,665,26,304,,t3_shieldbreaker|t3_finalstring
standard,2,r2,red,jungle,戰士,chichuan,standard,1,3,2,1,12553,16941,13379,537.7,7.85,14.05,19.98,4,1,2,3,4,457,381,267,929,4207,7131,9817,6253,549,570,285,427,1428,304,,t3_shieldbreaker|t3_finalstring
standard,2,r3,red,mid,法師,ronghuo,standard,1,3,5,0,23144,15171,12428,499.4,10.81,17.88,23.52,3,0,1,2,3,1522,266,272,1397,3782,6166,8722,6253,929,570,,665,,304,,t3_psyward
standard,2,r4,red,adc,射手,leiting,standard,1,10,5,2,40909,11415,16255,653.2,9.56,16.69,21.24,4,1,1,2,4,373,912,455,2404,3723,6592,9005,6253,832,1140,285,190,,304,,t3_shieldbreaker|t3_rendspear
standard,2,r5,red,sup,輔助,linghun,standard,1,2,0,2,9560,15679,13417,539.2,6.18,11.99,16.94,4,1,2,3,4,1470,762,1023,2037,4570,7792,10253,6253,272,570,,902,,304,1950,t3_calmveil
standard,3,b1,blue,top,戰士,leimingcf,standard,0,0,4,0,6634,29581,10110,406,8.81,17.41,23.82,3,1,1,2,3,652,146,432,510,3802,5626,8182,6253,902,,,950,,76,,t3_shieldbreaker|t3_finalstring
standard,3,b2,blue,jungle,戰士,jufeng,standard,0,0,6,0,7776,23318,9799,393.5,8.29,17.62,,2,1,1,2,2,831,499,317,1249,3931,5929,7967,6253,440,,,,1198,76,,t3_shieldbreaker|t3_finalstring
standard,3,b3,blue,mid,法師,gambler,standard,0,3,4,0,15555,15987,11703,470,9.48,18.56,24.46,3,1,1,2,3,218,275,341,873,4068,6025,8191,6253,1387,,,475,,76,,t3_psyward
standard,3,b4,blue,adc,射手,liangzi,standard,0,12,5,0,43998,13493,16545,664.5,6.58,16.73,20.05,4,1,1,2,4,709,1115,1261,2695,5009,6795,10161,6253,1076,2280,,475,,76,,t3_shieldbreaker|t3_rendspear
standard,3,b5,blue,sup,輔助,shiguang,standard,0,1,2,2,5854,19706,12715,510.7,5.61,11.69,16.1,4,1,2,3,4,581,580,1056,1335,5181,7310,9536,6253,411,570,,475,,76,1749,t3_calmveil
standard,3,r1,red,top,戰士,leimingcf,standard,1,7,2,1,16995,30538,16032,643.9,8.61,14.23,19.24,5,1,2,3,5,274,398,342,732,4074,7798,11142,6253,1203,2280,285,665,,456,,t3_shieldbreaker|t3_finalstring
standard,3,r2,red,jungle,戰士,jufeng,standard,1,2,2,2,12138,19389,12495,501.8,8.62,17.31,21.72,3,1,1,2,3,1016,827,1093,1145,4116,6257,9643,6253,221,570,285,190,1666,456,,t3_shieldbreaker|t3_finalstring
standard,3,r3,red,mid,法師,gambler,standard,1,2,6,1,17134,15345,11808,474.2,11.34,19.69,24.46,3,0,1,2,3,1504,685,185,208,3764,6285,8515,6253,1121,,285,348,51,456,,t3_psyward
standard,3,r4,red,adc,射手,liangzi,standard,1,10,4,1,34793,11866,15861,637,9.48,17.97,21.48,4,1,1,2,4,243,573,1414,2011,3593,6253,9964,6253,722,1710,,823,,456,,t3_shieldbreaker|t3_rendspear
standard,3,r5,red,sup,輔助,shiguang,standard,1,0,2,1,7348,18741,11692,469.6,5.85,12.19,15.28,4,1,2,3,4,779,659,556,732,4729,7689,9786,6253,379,,,823,51,456,1821,t3_calmveil
standard,4,b1,blue,top,戰士,dadi2,standard,1,1,3,0,9850,30136,10813,429.5,9.59,16.92,23.46,3,1,1,2,3,576,875,365,262,3726,6405,8115,6253,874,570,,190,,228,,t3_shieldbreaker|t3_finalstring
standard,4,b2,blue,jungle,戰士,langwang,standard,1,2,5,0,7562,15469,11785,468.1,8.88,18.58,21.6,3,1,1,2,3,780,1568,1726,984,3880,6148,9726,6253,446,1140,,665,992,228,,t3_shieldbreaker|t3_finalstring
standard,4,b3,blue,mid,法師,ronghuo,standard,1,0,5,0,18120,15033,9918,394,10.53,18.45,,2,0,1,2,2,1541,542,226,517,3801,6442,8076,6253,929,,,665,,228,,t3_psyward
standard,4,b4,blue,adc,射手,shengyan,standard,1,16,5,2,48057,13895,19423,771.5,9.18,13.95,18.85,5,1,2,3,5,595,327,1037,3822,3945,7947,11937,6253,1276,3420,570,190,,228,,t3_shieldbreaker|t3_rendspear
standard,4,b5,blue,sup,坦克,dadi,standard,1,0,3,0,6943,23803,12200,484.6,7.43,13.38,19.22,4,1,2,3,4,479,283,295,600,4679,7223,8895,6253,311,,,190,,228,1911,t3_calmveil|t3_thornmail
standard,4,r1,red,top,戰士,dadi2,standard,0,3,4,0,11559,27171,11877,471.8,9.65,16.92,21.98,3,1,1,2,3,405,402,212,426,3555,5332,8562,6253,617,570,,950,,171,,t3_shieldbreaker|t3_finalstring
standard,4,r2,red,jungle,戰士,langwang,standard,0,3,4,1,8928,20124,12345,490.4,8.74,16.9,22.82,3,1,1,2,3,125,682,924,945,3925,6162,9524,6253,430,1140,142,,1386,171,,t3_shieldbreaker|t3_finalstring
standard,4,r3,red,mid,法師,ronghuo,standard,0,6,3,2,23110,15195,14071,558.9,10.72,17.52,21.34,3,0,1,2,3,1485,353,858,1871,3745,5683,10158,6253,1026,1710,142,950,,76,,t3_psyward
standard,4,r4,red,adc,射手,shengyan,standard,0,8,7,1,31388,11694,14704,584.1,9.38,18.78,21.86,4,1,1,2,4,471,770,391,1484,3821,5550,8011,6253,969,,142,475,,171,,t3_shieldbreaker|t3_rendspear
standard,4,r5,red,sup,坦克,dadi,standard,0,1,1,8,9060,21846,13413,532.8,6.46,14.08,18.37,4,1,2,3,4,149,530,437,2032,4649,7030,9977,6253,414,,997,,,171,2140,t3_calmveil|t3_thornmail
standard,5,b1,blue,top,戰士,ronggang,standard,1,1,4,0,14381,36194,12409,449.3,8.29,17.1,24.03,3,1,1,2,3,287,735,953,1008,4087,6215,8533,6253,1159,570,,475,,76,,t3_shieldbreaker|t3_finalstring
standard,5,b2,blue,jungle,戰士,tielian,standard,1,0,6,1,4784,19450,10727,388.4,8.93,18.3,24.46,3,1,1,2,3,636,851,446,476,3736,5501,7776,6253,152,,285,,1010,76,,t3_shieldbreaker|t3_finalstring
standard,5,b3,blue,mid,法師,gambler,standard,1,2,8,1,19993,18829,11633,421.2,10.43,19.04,25.8,3,0,1,2,3,1526,185,373,883,3786,5515,8023,6253,839,570,285,,,76,,t3_psyward
standard,5,b4,blue,adc,射手,mirrorshot,standard,1,8,10,0,34288,16904,14404,521.6,9.43,19.65,23.24,4,1,1,2,4,319,265,398,553,3669,5645,7298,6253,969,,,,,76,,t3_shieldbreaker|t3_rendspear
standard,5,b5,blue,sup,輔助,mantra,standard,1,0,6,1,8258,22875,13383,484.6,6.64,11.7,16.69,5,1,2,3,5,1265,880,1560,183,4665,7360,10020,6253,414,,,1425,,76,1851,t3_calmveil
standard,5,r1,red,top,戰士,ronggang,standard,0,0,0,0,13756,27707,12314,445.9,8.37,16.63,21.62,3,1,1,2,3,158,1229,693,913,4258,6709,9293,6253,1368,,,1140,,532,,t3_shieldbreaker|t3_finalstring
standard,5,r2,red,jungle,戰士,tielian,standard,0,9,0,1,21978,20161,18314,663.2,8.43,13.69,15.73,5,1,2,3,5,269,1309,1679,3064,4919,9259,13029,6253,228,3420,285,190,2120,532,,t3_shieldbreaker|t3_finalstring
standard,5,r3,red,mid,法師,gambler,standard,0,5,6,2,20857,18618,14812,536.4,11.25,17.43,22.77,4,0,1,2,4,1381,743,199,582,3641,6643,8999,6253,978,,570,665,,532,,t3_psyward
standard,5,r4,red,adc,射手,mirrorshot,standard,0,19,3,1,67626,13614,21168,766.5,10.3,16.69,19.14,5,0,1,3,5,1158,459,326,5567,3318,6139,11706,6253,598,3990,142,190,,532,,t3_shieldbreaker|t3_rendspear
standard,5,r5,red,sup,輔助,mantra,standard,0,1,2,4,10463,18981,15572,563.8,6.58,11.58,16.87,5,1,2,3,5,491,1075,1345,2371,4791,8105,10575,6253,285,570,427,665,,532,1842,t3_calmveil
standard,6,b1,blue,top,戰士,jingci,standard,0,0,3,0,9450,23550,9068,409.1,9.12,17.78,,2,1,1,2,2,633,678,145,837,3783,6158,8375,6253,950,,,950,51,171,,t3_shieldbreaker|t3_finalstring
standard,6,b2,blue,jungle,戰士,greymantle,standard,0,0,3,0,6157,12684,9464,427,7.86,17.77,,2,1,1,2,2,750,661,981,1284,3850,6091,8031,6253,304,,,,1303,171,,t3_shieldbreaker|t3_finalstring
standard,6,b3,blue,mid,法師,ronghuo,standard,0,5,3,0,16123,14620,12474,562.7,8.57,16.35,20.5,3,1,1,2,3,731,194,976,1924,4581,6424,10376,6253,1387,1710,,950,,76,,t3_psyward
standard,6,b4,blue,adc,射手,hanbing,standard,0,7,7,1,21001,9750,12398,559.3,10.44,18.09,20.13,3,0,1,2,3,1519,497,1070,1448,3679,6177,9920,6253,931,2280,285,,,171,,t3_shieldbreaker|t3_rendspear
standard,6,b5,blue,sup,輔助,xuemai,standard,0,1,3,0,5835,17163,11018,497.1,5.71,11.65,15.28,4,1,2,3,4,361,997,1058,518,4611,8027,10288,6253,456,570,,950,,171,1887,t3_calmveil
standard,6,r1,red,top,戰士,jingci,standard,1,4,1,0,12242,22841,12930,583.3,9.19,17.52,21.08,4,1,1,2,4,481,374,522,130,3631,5854,9122,6253,893,1140,,380,,456,,t3_shieldbreaker|t3_finalstring
standard,6,r2,red,jungle,戰士,greymantle,standard,1,7,2,1,10921,15334,13697,617.9,8.16,15.88,18.31,4,1,1,3,4,206,3376,1266,946,4436,8806,11716,6253,133,2850,95,380,1549,456,,t3_shieldbreaker|t3_finalstring
standard,6,r3,red,mid,法師,ronghuo,standard,1,1,3,2,14572,13987,9453,426.5,10.9,17.96,,2,0,1,2,2,1314,91,131,173,3574,6291,8761,6253,722,570,380,380,,456,,t3_psyward
standard,6,r4,red,adc,射手,hanbing,standard,1,6,7,1,12655,10377,11743,529.7,8.72,16.69,20.13,3,1,1,2,3,268,1134,1581,962,4268,6814,10481,6253,826,2850,95,380,,76,,t3_shieldbreaker|t3_rendspear
standard,6,r5,red,sup,輔助,xuemai,standard,1,1,0,3,6998,14109,13055,588.9,6.93,12.25,14.8,4,1,3,4,4,311,319,510,2094,4611,8019,11470,6253,351,570,,1330,26,456,2482,t3_calmveil
standard,7,b1,blue,top,戰士,longyi,standard,1,2,4,1,14360,31135,12345,455.4,9.18,16.35,22.99,3,1,1,2,3,386,504,532,1694,3536,5854,8612,6253,668,1140,,475,,76,,t3_shieldbreaker|t3_finalstring
standard,7,b2,blue,jungle,刺客,jingxiang,standard,1,1,7,3,8098,14707,12454,459.4,8.76,16.38,22.42,3,1,1,2,3,671,614,274,1573,3871,5944,8404,6253,443,,570,,1061,76,,t3_finalstring
standard,7,b3,blue,mid,法師,haixiao,standard,1,6,6,1,25594,19330,13773,508.1,11.74,17.27,22.83,3,0,1,2,3,1270,210,345,1672,3530,5240,8045,6253,671,570,,475,,76,,t3_psyward
standard,7,b4,blue,adc,射手,xuanfeng,standard,1,9,8,2,36984,15813,15720,579.9,9.68,18.43,22.13,4,1,1,2,4,249,129,965,2170,3599,5509,8815,6253,728,1140,142,475,,76,,t3_shieldbreaker|t3_rendspear
standard,7,b5,blue,sup,坦克,longji,standard,1,0,6,3,6951,28638,12790,471.8,7.28,13.53,18.5,4,1,2,3,4,322,268,475,1009,4522,7068,10055,6253,224,,427,475,,76,2598,t3_calmveil|t3_thornmail
standard,7,r1,red,top,戰士,longyi,standard,0,3,0,2,12465,26445,13558,500.1,9.39,12.48,19.07,4,1,2,3,4,255,232,45,527,4885,7982,10595,6253,893,1710,285,997,,456,,t3_shieldbreaker|t3_finalstring
standard,7,r2,red,jungle,刺客,jingxiang,standard,0,6,4,3,17561,16240,15786,582.3,8.73,15.02,19.48,5,1,1,3,5,249,1469,256,486,4629,7099,9956,6253,329,570,665,285,1397,456,,t3_finalstring
standard,7,r3,red,mid,法師,haixiao,standard,0,6,6,3,26837,17444,14546,536.6,10.26,19.43,24.59,4,0,1,2,4,1618,344,1026,895,3878,6244,9056,6253,1016,570,237,522,,456,,t3_psyward
standard,7,r4,red,adc,射手,xuanfeng,standard,0,14,7,3,53051,15548,18881,696.5,9.94,15.68,19.46,5,1,1,3,5,427,1365,621,3280,3777,7045,11101,6253,639,2850,380,522,,456,,t3_shieldbreaker|t3_rendspear
standard,7,r5,red,sup,坦克,longji,standard,0,2,1,4,9309,25343,14738,543.7,7.33,11.8,17.24,5,1,2,3,5,690,829,664,1137,5190,8069,10644,6253,237,570,142,522,,456,2462,t3_calmveil|t3_thornmail
standard,8,b1,blue,top,戰士,chichuan,standard,0,2,0,0,12192,29409,11716,466.6,9.4,16.97,20.31,3,1,1,2,3,652,438,1036,265,3802,5968,9686,6253,988,1140,,760,,544,,t3_shieldbreaker|t3_finalstring
standard,8,b2,blue,jungle,刺客,guihuo,standard,0,1,2,0,9866,12599,10908,434.4,8.77,15.88,22.43,3,1,1,2,3,784,1078,453,428,3984,6708,8833,6253,313,570,,285,992,418,,t3_finalstring
standard,8,b3,blue,mid,法師,leiming,standard,0,4,6,0,19441,16817,11969,476.7,10.64,17.81,24.13,3,0,1,2,3,1561,423,132,939,3821,5873,8932,6253,836,1140,,285,,418,,t3_psyward
standard,8,b4,blue,adc,射手,dawnstrike,standard,0,5,5,1,19346,11062,12647,503.7,9.78,17.62,22.66,3,1,1,2,3,291,351,144,1266,3641,5731,8394,6253,788,570,142,285,,354,,t3_shieldbreaker|t3_rendspear
standard,8,b5,blue,sup,坦克,thornwall,standard,0,1,3,3,9915,23246,14821,590.3,7.18,12.49,16.74,5,1,2,3,5,777,380,968,1221,4677,7620,10948,6253,342,570,712,760,,544,1765,t3_calmveil|t3_thornmail
standard,8,r1,red,top,戰士,chichuan,standard,1,7,0,0,18466,23368,15340,610.9,9.01,17.83,20.53,4,1,1,2,4,627,565,1271,1839,3777,6095,9921,6253,820,2280,,475,17,76,,t3_shieldbreaker|t3_finalstring
standard,8,r2,red,jungle,刺客,guihuo,standard,1,0,3,2,10881,13823,11162,444.5,8.73,16.79,23.36,3,1,1,2,3,1007,961,551,1161,4207,6291,8631,6253,481,,142,,1678,76,,t3_finalstring
standard,8,r3,red,mid,法師,leiming,standard,1,3,3,1,19098,15826,12243,487.6,10.7,19.45,23.99,3,0,1,2,3,1460,356,709,1213,3720,5686,8259,6253,1170,,285,475,,76,,t3_psyward
standard,8,r4,red,adc,射手,dawnstrike,standard,1,5,6,0,19998,11446,11953,476.1,9.88,17.62,24.13,3,1,1,2,3,208,667,301,1053,3558,6047,8251,6253,782,1140,,,,76,,t3_shieldbreaker|t3_rendspear
standard,8,r5,red,sup,坦克,thornwall,standard,1,1,1,3,9083,22169,13897,553.5,6.63,13.28,18.37,4,1,2,3,4,647,581,1587,1696,4547,6941,10667,6253,280,,427,950,,76,2680,t3_calmveil|t3_thornmail
standard,9,b1,blue,top,戰士,xueyue,standard,0,1,2,1,7275,23791,8908,407.5,7.93,16.85,,2,1,1,2,2,1042,422,565,678,4192,5902,8315,6253,655,570,285,475,,76,,t3_shieldbreaker|t3_finalstring
standard,9,b2,blue,jungle,刺客,jiansheng,standard,0,0,4,1,4349,10001,8457,386.9,9.21,18.34,,2,1,1,2,2,87,968,434,377,3937,5898,7864,6253,497,,285,,752,76,,t3_finalstring
standard,9,b3,blue,mid,法師,haixiao,standard,0,0,4,1,10091,12161,8576,392.3,11.18,19.59,,2,0,1,2,2,1314,733,432,125,3574,6063,7982,6253,893,,285,475,,76,,t3_psyward
standard,9,b4,blue,adc,射手,yanfeng,standard,0,8,7,0,20159,10908,12506,572.1,8.25,16.65,19.34,3,1,1,3,3,804,1013,254,1005,4154,6693,10734,6253,984,3420,,,,76,,t3_shieldbreaker|t3_rendspear
standard,9,b5,blue,sup,輔助,shengming,standard,0,0,3,2,4204,15721,11540,528,6.81,12.81,15.88,4,1,2,3,4,510,427,1584,90,4510,7457,10624,6253,237,,285,1900,51,76,1820,t3_calmveil
standard,9,r1,red,top,戰士,xueyue,standard,1,3,0,0,9502,22637,10846,496.2,9.73,15.75,21.18,3,1,1,2,3,576,403,988,946,3726,5883,9588,6253,788,1140,,855,,551,,t3_shieldbreaker|t3_finalstring
standard,9,r2,red,jungle,刺客,jiansheng,standard,1,3,2,0,5794,9413,11697,535.1,8.69,14.86,19.33,3,1,2,3,3,293,85,662,616,4143,6735,10792,6253,123,1710,,380,1773,551,,t3_finalstring
standard,9,r3,red,mid,法師,haixiao,standard,1,1,2,0,13280,11219,10390,475.3,10.23,18.66,,2,0,1,2,2,1599,475,209,990,3859,6225,9189,6253,1197,570,,617,,551,,t3_psyward
standard,9,r4,red,adc,射手,yanfeng,standard,1,13,5,1,27414,9704,16318,746.6,7.72,14.88,19.34,4,1,2,3,4,277,168,2720,2468,4277,7488,13920,6253,845,5700,285,380,,456,,t3_shieldbreaker|t3_rendspear
standard,9,r5,red,sup,輔助,shengming,standard,1,0,0,0,6537,12987,11360,519.7,5.96,11.59,16.8,4,1,2,4,4,282,354,271,959,4582,7384,10671,6253,313,,,1567,,551,1985,t3_calmveil
standard,10,b1,blue,top,戰士,langwang,standard,0,1,7,0,10683,31259,9561,391.7,10.11,14.43,22.59,3,0,2,2,3,1505,512,735,810,3555,6462,8115,6253,817,570,,475,,0,,t3_shieldbreaker|t3_finalstring
standard,10,b2,blue,jungle,刺客,youming,standard,0,0,10,0,4916,12693,9216,377.6,8.88,18.59,,2,1,1,2,2,585,66,334,1086,3785,5696,7634,6253,285,,,,1095,0,,t3_finalstring
standard,10,b3,blue,mid,法師,leiming,standard,0,0,6,0,15025,17112,9067,371.5,10.74,17.51,,2,0,1,2,2,1466,169,434,886,3726,5379,7564,6253,836,,,475,,0,,t3_psyward
standard,10,b4,blue,adc,射手,siwang,standard,0,3,6,0,15916,14002,10300,422,8.78,19.43,24.2,3,1,1,2,3,431,348,282,79,3781,5548,7182,6253,912,,,,17,0,,t3_shieldbreaker|t3_rendspear
standard,10,b5,blue,sup,坦克,tiemu,standard,0,0,2,0,4899,26963,12469,510.8,7.66,12.93,17.08,4,1,2,3,4,363,313,1986,1108,4563,7413,10966,6253,304,,,1900,,0,2509,t3_calmveil|t3_thornmail
standard,10,r1,red,top,戰士,langwang,standard,1,4,0,1,13685,23516,14276,584.9,9.56,13.48,18.93,4,1,2,3,4,647,512,80,775,3797,7662,10930,6253,1090,1710,285,1045,14,532,,t3_shieldbreaker|t3_finalstring
standard,10,r2,red,jungle,刺客,youming,standard,1,9,0,0,11425,11411,16737,685.7,7.74,11.76,16.63,5,1,2,3,5,411,2212,2286,1436,6041,9392,13416,6253,649,3990,,570,1422,532,,t3_finalstring
standard,10,r3,red,mid,法師,leiming,standard,1,4,2,2,18292,14389,13161,539.2,10.73,17.76,21.38,3,0,1,2,3,1599,196,929,681,3859,6396,9379,6253,1168,570,285,570,,532,,t3_psyward
standard,10,r4,red,adc,射手,siwang,standard,1,14,2,1,47360,10151,19650,805,8.82,17.38,19.32,5,1,1,3,5,785,1096,279,4049,4135,6776,11659,6253,1453,2850,,570,,532,,t3_shieldbreaker|t3_rendspear
standard,10,r5,red,sup,坦克,tiemu,standard,1,0,0,4,7729,20195,12272,502.8,7.29,12.36,17.15,4,1,2,3,4,487,324,563,672,4687,7264,9943,6253,311,,855,95,,532,1895,t3_calmveil|t3_thornmail
standard,11,b1,blue,top,戰士,rongyan,standard,1,3,1,0,18820,29624,11903,487.3,8.77,16.92,20.63,3,1,1,2,3,633,1008,567,453,3783,6538,9217,6253,1102,1140,,285,,437,,t3_shieldbreaker|t3_finalstring
standard,11,b2,blue,jungle,刺客,yueying,standard,1,1,2,2,11884,12660,11372,465.6,8.41,16.63,23.95,3,1,1,2,3,833,629,843,721,4033,6259,8623,6253,411,,142,522,856,437,,t3_finalstring
standard,11,b3,blue,mid,法師,haixiao,standard,1,8,2,2,20641,14454,15388,630,8.18,13.58,19.11,4,1,2,3,4,354,108,932,987,4904,8438,12362,6253,969,3990,285,522,,342,,t3_psyward
standard,11,b4,blue,adc,射手,maestro,standard,1,8,5,0,24844,12048,14433,590.9,10.38,17.07,21.09,3,0,1,2,3,1474,581,567,2633,3634,5781,9467,6253,734,1710,,522,,247,,t3_shieldbreaker|t3_rendspear
standard,11,b5,blue,sup,坦克,suishan,standard,1,0,1,1,5818,21423,11881,486.4,7.14,12.42,18.25,4,1,2,3,4,666,522,222,280,4566,7302,10202,6253,240,,142,522,,437,2606,t3_calmveil|t3_thornmail
standard,11,r1,red,top,戰士,rongyan,standard,0,1,1,0,13317,28582,10269,420.4,9.29,18.61,22.88,3,1,1,2,3,557,225,304,319,3707,5455,7754,6253,874,,,475,,152,,t3_shieldbreaker|t3_finalstring
standard,11,r2,red,jungle,刺客,yueying,standard,0,2,4,2,13517,16789,11752,481.2,8.68,15.88,21.92,3,1,1,2,3,307,1141,418,622,4207,6771,8798,6253,465,,285,,1642,152,,t3_finalstring
standard,11,r3,red,mid,法師,haixiao,standard,0,2,8,0,15836,16091,9956,407.6,10.48,19.04,,2,0,1,2,2,1466,267,585,655,3726,6177,7935,6253,959,570,,,,152,,t3_psyward
standard,11,r4,red,adc,射手,maestro,standard,0,6,6,1,25068,11162,12565,514.4,8.45,18.13,21.09,3,1,1,2,3,648,461,354,964,3998,5841,9204,6253,1089,1710,,,,152,,t3_shieldbreaker|t3_rendspear
standard,11,r5,red,sup,坦克,suishan,standard,0,0,1,1,8344,21985,12501,511.8,6.55,13.35,17.67,4,1,2,3,4,704,593,816,1140,4604,7093,9796,6253,335,,,475,,152,2579,t3_calmveil|t3_thornmail
standard,12,b1,blue,top,戰士,embercoil,standard,0,5,1,0,18368,24310,12722,548.6,8.72,17.46,20.66,3,1,1,2,3,709,270,420,1742,3859,5750,8720,6253,1035,570,,633,,228,,t3_shieldbreaker|t3_finalstring
standard,12,b2,blue,jungle,刺客,yeiren,standard,0,1,1,0,3821,10230,9860,425.2,9.32,16.4,,2,1,1,2,2,712,1206,302,1530,3912,6306,8332,6253,494,570,,,786,228,,t3_finalstring
standard,12,b3,blue,mid,法師,leiming,standard,0,4,4,3,20090,12707,12447,536.7,10.83,16.9,20.93,3,0,1,2,3,1628,861,1488,1416,3888,7061,9518,6253,978,1140,285,633,,228,,t3_psyward
standard,12,b4,blue,adc,射手,liuxing,standard,0,12,4,1,29935,11365,16943,730.6,9.41,15.71,19.23,4,1,1,3,4,956,1096,754,3093,4306,6776,12134,6253,902,3990,285,475,,228,,t3_shieldbreaker|t3_rendspear
standard,12,b5,blue,sup,輔助,mingyunyindao,standard,0,1,2,5,5690,14420,12063,520.1,6.48,10.93,16.19,4,1,2,3,4,1202,625,825,1362,5152,7655,9865,6253,161,570,570,158,,228,1924,t3_calmveil
standard,12,r1,red,top,戰士,embercoil,standard,1,1,4,0,13162,27452,11053,476.6,8.55,15.74,20.48,3,1,1,2,3,183,545,1244,553,3983,6025,9844,6253,1254,570,,1615,,152,,t3_shieldbreaker|t3_finalstring
standard,12,r2,red,jungle,刺客,yeiren,standard,1,3,4,0,7655,13665,11725,505.6,8.78,15.5,19.14,3,1,1,3,3,955,1881,289,645,4155,7461,10239,6253,171,1710,,190,1762,152,,t3_finalstring
standard,12,r3,red,mid,法師,leiming,standard,1,0,4,0,15062,13350,9039,389.8,10.39,20.09,,2,0,1,1,2,1447,315,1178,709,3707,5645,7678,6253,924,,,348,,152,,t3_psyward
standard,12,r4,red,adc,射手,liuxing,standard,1,7,8,0,16959,11783,12687,547.1,8.53,18.28,22.78,3,1,1,2,3,728,307,340,1787,4078,5987,8590,6253,696,1140,,348,,152,,t3_shieldbreaker|t3_rendspear
standard,12,r5,red,sup,輔助,mingyunyindao,standard,1,1,3,2,6197,17386,11524,496.9,7.13,13.5,15.48,4,1,2,3,4,468,1319,1237,823,4468,7869,10277,6253,221,570,570,348,,152,2161,t3_calmveil
standard,13,b1,blue,top,坦克,ironclad,standard,0,1,2,0,7017,22220,9281,430.3,9.32,17.27,18.95,3,1,1,3,3,700,212,516,350,3650,5512,8666,6253,798,570,,950,,95,,t3_calmveil|t3_thornmail
standard,13,b2,blue,jungle,刺客,sting,standard,0,1,2,1,3584,8921,8675,402.2,9.52,19.11,,2,1,1,2,2,366,608,434,595,3566,5538,8034,6253,202,570,142,,770,95,,t3_finalstring
standard,13,b3,blue,mid,法師,mingyun2,standard,0,2,3,1,13448,13132,9816,455.1,9.03,18.51,,2,1,1,2,2,579,282,620,1685,4429,6462,8270,6253,1209,570,142,,,95,,t3_psyward
standard,13,b4,blue,adc,射手,shensheng,standard,0,1,6,0,10375,11875,8169,378.8,9.53,20.48,,2,1,1,1,2,224,208,1299,69,3574,5408,7099,6253,750,,,,,95,,t3_shieldbreaker|t3_rendspear
standard,13,b5,blue,sup,輔助,mingyun,standard,0,0,4,0,4063,17321,10554,489.4,7.08,11.81,16.19,3,1,2,3,3,301,313,976,1514,4601,7343,10016,6253,421,,,1425,,0,1916,t3_calmveil
standard,13,r1,red,top,坦克,ironclad,standard,1,4,0,1,10657,20158,12435,576.6,8.64,15.91,18.23,4,1,1,3,4,814,421,1282,284,3764,5721,11212,6253,684,2280,285,1235,,475,,t3_calmveil|t3_thornmail
standard,13,r2,red,jungle,刺客,sting,standard,1,1,2,4,8035,10022,11446,530.7,8.99,14.58,18.55,3,1,2,3,3,472,359,318,365,4322,7009,10448,6253,370,570,855,285,1733,380,,t3_finalstring
standard,13,r3,red,mid,法師,mingyun2,standard,1,3,2,2,13062,11416,11285,523.3,10.62,17.65,21.12,3,0,1,2,3,1552,215,492,255,3812,6415,9892,6253,978,1140,285,760,,475,,t3_psyward
standard,13,r4,red,adc,射手,shensheng,standard,1,6,1,1,17840,9248,11988,555.9,10.11,17.08,19.96,3,0,1,3,3,1395,508,153,188,3555,5588,10633,6253,627,2850,142,285,,475,,t3_shieldbreaker|t3_rendspear
standard,13,r5,red,sup,輔助,mingyun,standard,1,3,0,5,6422,12097,13045,604.9,6.45,11.75,16.18,4,1,2,4,4,1183,1097,1341,1594,5133,8127,12221,6253,303,1710,997,760,,475,1721,t3_calmveil
standard,14,b1,blue,top,坦克,tieshixin,standard,1,0,0,2,7532,20046,9490,453.2,9.17,14.94,20.19,3,1,2,2,3,662,41,1557,539,3612,6291,8847,6253,658,,427,1203,,304,,t3_calmveil|t3_thornmail
standard,14,b2,blue,jungle,刺客,binghe,standard,1,1,2,0,5976,8898,9555,456.3,9.17,16.63,,2,1,1,2,2,670,1006,482,1124,3870,6336,8912,6253,468,570,,253,1062,304,,t3_finalstring
standard,14,b3,blue,mid,法師,bingshuang,standard,1,4,2,1,12633,10151,12131,579.3,9.88,16.98,,2,1,1,2,2,313,424,1518,2730,4163,6624,10918,6253,1162,1710,285,1203,,304,,t3_psyward
standard,14,b4,blue,adc,射手,mori,standard,1,4,0,1,17039,10534,10801,515.8,9.18,16.52,20.43,3,1,1,2,3,462,615,1008,580,3812,6415,9588,6253,940,1710,285,95,,304,,t3_shieldbreaker|t3_rendspear
standard,14,b5,blue,sup,坦克,tixue,standard,1,4,0,2,7342,17018,12405,592.3,6.17,10.2,13.51,4,1,3,3,4,1214,461,1782,804,6264,9541,11762,6253,228,2280,427,95,,304,2173,t3_calmveil|t3_thornmail
standard,14,r1,red,top,坦克,tieshixin,standard,0,1,1,0,10370,18828,8252,394.1,8.08,16.36,,2,1,1,2,2,795,457,521,522,3745,5607,7951,6253,950,570,,,51,126,,t3_calmveil|t3_thornmail
standard,14,r2,red,jungle,刺客,binghe,standard,0,0,4,1,3331,10587,8451,403.5,8.78,17.05,,2,1,1,2,2,636,425,917,320,3836,5755,8097,6253,418,,142,,1157,126,,t3_finalstring
standard,14,r3,red,mid,法師,bingshuang,standard,0,1,2,0,12139,13610,8673,414.1,10.34,18.2,,2,0,1,2,2,1561,430,62,362,3821,5740,8372,6253,1311,570,,237,,0,,t3_psyward
standard,14,r4,red,adc,射手,mori,standard,0,1,5,1,15606,9866,8207,391.9,9.1,18.24,,2,1,1,2,2,338,299,401,987,3688,5379,7621,6253,798,570,,,,0,,t3_shieldbreaker|t3_rendspear
standard,14,r5,red,sup,坦克,tixue,standard,0,1,1,1,4344,16465,10672,509.6,7.08,13.98,17.65,3,1,2,3,3,268,481,221,1091,4468,7261,9801,6253,133,,142,712,,126,2432,t3_calmveil|t3_thornmail
standard,15,b1,blue,top,坦克,bingshouweis,standard,0,0,1,0,9134,21795,7969,356.3,8.92,17.43,,2,1,1,2,2,700,622,144,638,3650,5322,7194,6253,703,,,237,,0,,t3_calmveil|t3_thornmail
standard,15,b2,blue,jungle,刺客,shanying,standard,0,0,3,0,4398,10727,8551,382.3,8.47,17.95,,2,1,1,2,2,547,126,1043,521,3747,5706,7693,6253,418,,,,1021,0,,t3_finalstring
standard,15,b3,blue,mid,法師,mingyun2,standard,0,0,6,0,10534,14169,8323,372.1,10.71,17.63,,2,0,1,2,2,1422,985,137,143,3682,5895,7567,6253,839,,,475,,0,,t3_psyward
standard,15,b4,blue,adc,射手,leiting,standard,0,2,5,0,10114,11176,9411,420.7,9.89,19.12,,2,1,1,2,2,180,468,1147,830,3530,5368,8047,6253,646,570,,475,102,0,,t3_shieldbreaker|t3_rendspear
standard,15,b5,blue,sup,輔助,linghun,standard,0,0,5,0,6648,17529,10232,457.5,6.86,12.7,17.46,3,1,2,3,3,194,148,417,1191,4494,6878,9457,6253,395,,,712,,0,2095,t3_calmveil
standard,15,r1,red,top,坦克,bingshouweis,standard,1,2,0,1,15336,21028,10467,468,8.01,14.86,19.32,3,1,2,3,3,871,213,272,537,3821,6063,9122,6253,817,1140,,380,,532,,t3_calmveil|t3_thornmail
standard,15,r2,red,jungle,刺客,shanying,standard,1,4,0,1,9897,10268,12527,560.1,8.69,15.56,19.55,3,1,1,3,3,221,1285,244,1447,4071,6565,10194,6253,297,1140,285,380,1306,532,,t3_finalstring
standard,15,r3,red,mid,法師,mingyun2,standard,1,3,0,1,12802,12872,12576,562.3,9.83,17.04,,2,1,1,2,2,712,399,387,3176,4562,6899,9787,6253,1197,570,142,1092,,532,,t3_psyward
standard,15,r4,red,adc,射手,leiting,standard,1,11,2,1,27009,10434,15521,693.9,8.28,15.15,18.94,4,1,1,3,4,152,1438,1589,1671,4752,7118,12789,6253,921,4560,142,380,,532,,t3_shieldbreaker|t3_rendspear
standard,15,r5,red,sup,輔助,linghun,standard,1,0,0,4,4823,9017,11468,512.7,6.85,14.22,16.28,3,1,2,3,3,1524,614,1045,2428,4924,7644,10085,6253,224,,570,617,,532,1887,t3_calmveil
standard,16,b1,blue,top,坦克,tiebi,standard,1,2,0,1,18228,30127,13441,491.1,8.08,14.69,19.85,4,1,2,3,4,69,157,241,1290,3919,6307,9271,6253,1060,,285,1140,,532,,t3_calmveil|t3_thornmail
standard,16,b2,blue,jungle,刺客,dianguang,standard,1,4,3,1,11573,16070,14325,523.5,9.36,15.08,20.47,4,1,1,2,4,594,1945,2363,975,3794,7525,10693,6253,516,2280,,348,763,532,,t3_finalstring
standard,16,b3,blue,mid,法師,bingshuang,standard,1,11,3,1,30354,18671,17709,647.1,8.85,17.62,22.92,5,1,1,2,5,440,376,368,1559,4290,6576,9768,6253,924,1710,,348,,532,,t3_psyward
standard,16,b4,blue,adc,射手,liangzi,standard,1,7,7,1,31637,13285,15310,559.4,9.99,17.33,21.89,4,1,1,2,4,433,820,163,1459,3783,6500,9063,6253,969,570,285,427,26,532,,t3_shieldbreaker|t3_rendspear
standard,16,b5,blue,sup,輔助,huanjing,standard,1,1,2,2,9433,21673,13901,507.9,6.68,11.92,16.8,5,1,2,3,5,566,307,1708,700,4566,7337,9988,6253,177,,,1060,51,532,1912,t3_calmveil
standard,16,r1,red,top,坦克,tiebi,standard,0,2,0,0,12576,33989,11355,414.9,8.48,14.91,21.24,4,1,2,2,4,252,279,1032,105,3802,6609,8262,6253,964,570,,475,,0,,t3_calmveil|t3_thornmail
standard,16,r2,red,jungle,刺客,dianguang,standard,0,1,3,1,8681,15207,11730,428.6,9.01,15.39,23.02,3,1,1,2,3,101,960,801,649,4551,6540,8531,6253,332,570,,,1374,0,,t3_finalstring
standard,16,r3,red,mid,法師,bingshuang,standard,0,4,11,1,20331,19552,12453,455,9.98,17.69,22.91,3,1,1,2,3,332,587,323,902,4182,6187,8353,6253,912,570,142,475,,0,,t3_psyward
standard,16,r4,red,adc,射手,liangzi,standard,0,7,8,1,26856,11871,13317,486.6,10.61,20.96,24.08,3,0,1,1,3,1281,523,1827,1517,3441,5303,7507,6253,541,570,142,,,0,,t3_shieldbreaker|t3_rendspear
standard,16,r5,red,sup,輔助,huanjing,standard,0,1,3,1,14032,25791,13433,490.9,7.12,12.76,16.52,5,1,2,3,5,506,346,1661,233,4506,7376,10701,6253,593,570,,1425,,0,1859,t3_calmveil
standard,17,b1,blue,top,坦克,shengdun,standard,1,1,0,2,6764,17347,10303,496.9,7.8,12.66,18.18,3,1,2,3,3,224,274,415,752,3874,7104,9365,6253,969,570,380,665,34,494,,t3_calmveil|t3_thornmail
standard,17,b2,blue,jungle,戰士,tielian,standard,1,3,0,1,6717,11828,10732,517.6,8.93,16.93,20.23,3,1,1,2,3,957,921,1438,652,4057,6401,9738,6253,437,1140,95,190,1128,494,,t3_finalstring|t3_shieldbreaker
standard,17,b3,blue,mid,法師,mingyun2,standard,1,5,3,2,16204,12950,11314,545.7,11.37,16.37,,2,0,1,2,2,1561,1047,919,1913,3821,6377,10319,6253,864,2280,427,190,,304,,t3_psyward
standard,17,b4,blue,adc,射手,shengyan,standard,1,0,0,2,13596,8602,8602,414.9,10.07,17.36,,2,0,1,2,2,1619,408,498,322,3779,6088,8178,6253,969,,237,190,34,494,,t3_shieldbreaker|t3_rendspear
standard,17,b5,blue,sup,坦克,dadi,standard,1,0,0,0,5490,17514,11591,559.1,6.84,11.74,16.94,3,1,2,3,3,246,591,1187,1611,4696,7831,11167,6253,370,,,1615,,494,2433,t3_calmveil|t3_thornmail
standard,17,r1,red,top,坦克,shengdun,standard,0,0,1,1,4688,18431,8372,403.8,8.97,17.46,,2,1,1,2,2,586,346,407,641,3536,5446,8137,6253,715,,142,950,,76,,t3_calmveil|t3_thornmail
standard,17,r2,red,jungle,戰士,tielian,standard,0,1,3,0,6162,11451,8975,432.9,8.63,17.43,,2,1,1,2,2,747,1133,238,575,3847,6363,8638,6253,478,570,,,1260,76,,t3_finalstring|t3_shieldbreaker
standard,17,r3,red,mid,法師,mingyun2,standard,0,0,2,0,13515,12477,7381,356,11.85,20.7,,2,0,1,1,2,1295,491,1066,30,3555,5341,7146,6253,817,,,,,76,,t3_psyward
standard,17,r4,red,adc,射手,shengyan,standard,0,2,2,0,13813,8944,9616,463.8,10.91,17.93,,2,0,1,2,2,1424,606,324,1166,3584,5506,8774,6253,924,570,,950,,76,,t3_shieldbreaker|t3_rendspear
standard,17,r5,red,sup,坦克,dadi,standard,0,0,1,2,5598,17018,9807,473,7.24,13.08,17.87,3,1,2,3,3,673,246,593,227,4573,7046,9573,6253,294,,427,,,76,2521,t3_calmveil|t3_thornmail
standard,18,b1,blue,top,坦克,shiqiang,standard,1,1,3,0,8405,22648,9020,403.9,9.44,16.27,21.83,3,1,1,2,3,700,397,984,369,3650,5797,8274,6253,646,570,,285,26,494,,t3_calmveil|t3_thornmail
standard,18,b2,blue,jungle,戰士,greymantle,standard,1,1,3,1,8317,13846,9599,429.8,8.9,16.87,,2,1,1,2,2,97,1299,554,998,3897,6179,8854,6253,351,570,95,285,804,494,,t3_finalstring|t3_shieldbreaker
standard,18,b3,blue,mid,法師,bingshuang,standard,1,0,2,2,16756,14821,9139,409.2,9.52,18.71,,2,1,1,2,2,269,347,364,389,4119,6247,8394,6253,1171,,380,285,,304,,t3_psyward
standard,18,b4,blue,adc,射手,mirrorshot,standard,1,2,4,0,11756,10907,10874,486.9,10.23,18.52,22.13,3,0,1,2,3,1471,358,2179,354,3631,6158,9559,6253,532,570,,1710,,494,,t3_shieldbreaker|t3_rendspear
standard,18,b5,blue,sup,坦克,ironclad,standard,1,0,2,1,8410,18964,11105,497.3,7.28,13.13,18.48,3,1,2,3,3,222,118,1722,1125,4722,7358,10322,6253,338,,95,1235,26,494,1879,t3_calmveil|t3_thornmail
standard,18,r1,red,top,坦克,shiqiang,standard,0,6,1,1,12251,22513,13382,599.2,8.53,13.89,18.15,4,1,2,4,4,283,173,255,1132,4233,6703,11605,6253,1000,2850,,1425,,76,,t3_calmveil|t3_thornmail
standard,18,r2,red,jungle,戰士,greymantle,standard,0,2,0,2,7425,11917,10373,464.5,8.99,17.01,21.84,3,1,1,2,3,821,1132,755,473,3921,6012,9355,6253,300,1140,285,,1299,76,,t3_finalstring|t3_shieldbreaker
standard,18,r3,red,mid,法師,bingshuang,standard,0,2,1,3,19308,12853,10684,478.4,10.13,18.64,22.11,3,0,1,2,3,1555,179,858,134,3815,5629,8888,6253,1086,570,427,475,,76,,t3_psyward
standard,18,r4,red,adc,射手,mirrorshot,standard,0,1,2,2,13881,10812,8990,402.6,9.67,19.97,,2,1,1,2,2,186,261,313,410,3536,5161,7213,6253,598,,285,,,76,,t3_shieldbreaker|t3_rendspear
standard,18,r5,red,sup,坦克,ironclad,standard,0,3,0,2,7040,18431,12871,576.3,7.28,11.41,16.32,4,1,2,3,4,953,550,1063,1270,5453,7790,11043,6253,357,1140,427,475,,76,2313,t3_calmveil|t3_thornmail
standard,19,b1,blue,top,坦克,tiemu,standard,1,0,2,0,6624,20238,8518,388.7,8.77,16.76,,2,1,1,2,2,62,250,334,1288,3612,5550,7564,6253,551,,,380,,380,,t3_calmveil|t3_thornmail
standard,19,b2,blue,jungle,戰士,chichuan,standard,1,2,0,0,9239,13425,10369,473.1,9.08,17.45,,2,1,1,2,2,588,1330,295,1819,3688,5980,8845,6253,304,570,,380,957,380,,t3_shieldbreaker|t3_finalstring
standard,19,b3,blue,mid,法師,lieyan,standard,1,3,1,1,15159,12765,12252,559,11.29,16.73,19.83,3,0,1,3,3,1485,524,163,1401,3745,6424,11013,6253,1102,1710,,1567,,380,,t3_psyward
standard,19,b4,blue,adc,射手,hanbing,standard,1,8,0,1,17009,9598,13563,618.8,9.83,15.59,19.33,3,1,1,3,3,414,1238,455,1762,3764,6918,11355,6253,779,3420,142,380,,380,,t3_shieldbreaker|t3_rendspear
standard,19,b5,blue,sup,輔助,xuemai,standard,1,0,0,3,3847,12454,10901,497.4,6.86,12.03,17.44,3,1,2,3,3,1049,503,717,1671,4449,6983,9947,6253,114,,712,617,,380,1869,t3_calmveil
standard,19,r1,red,top,坦克,tiemu,standard,0,1,1,1,6625,19533,9226,421,7.38,15.26,20.74,3,1,1,2,3,243,559,909,675,4093,5859,8139,6253,842,570,285,,17,171,,t3_calmveil|t3_thornmail
standard,19,r2,red,jungle,戰士,chichuan,standard,0,0,1,1,10836,16333,9212,420.3,9.05,16.5,,2,1,1,2,2,994,1094,279,1031,4094,6224,8459,6253,446,,285,,1303,171,,t3_shieldbreaker|t3_finalstring
standard,19,r3,red,mid,法師,lieyan,standard,0,1,4,0,9510,13184,9586,437.4,9.07,17.64,,2,1,1,2,2,497,345,130,505,4347,6845,8460,6253,991,570,,475,,171,,t3_psyward
standard,19,r4,red,adc,射手,hanbing,standard,0,1,4,0,14186,9355,8119,370.5,10.7,21.08,,2,0,1,1,2,1566,242,1257,499,3726,5322,6937,6253,608,,,,,76,,t3_shieldbreaker|t3_rendspear
standard,19,r5,red,sup,輔助,xuemai,standard,0,0,3,1,5123,15337,10027,457.5,5.82,12.66,16.63,3,1,2,3,3,1249,1347,380,797,4649,7527,9130,6253,227,,,475,,171,2002,t3_calmveil
standard,20,b1,blue,top,坦克,longji,standard,,0,15,4,43931,108719,23822,397,9.1,15.75,21.58,5,1,1,2,5,596,473,1167,10172,3546,5873,8457,6253,636,,285,902,,380,,t3_calmveil|t3_thornmail
standard,20,b2,blue,jungle,戰士,dadi2,standard,,14,16,2,72529,64674,32698,545,9.61,16.45,21.61,5,1,1,2,5,186,996,1579,17397,3986,6476,10179,6253,427,1140,570,348,1060,380,,t3_finalstring|t3_shieldbreaker
standard,20,b3,blue,mid,法師,shikong,standard,,49,32,1,217149,63417,50479,841.3,10.78,16.77,24.61,5,0,1,2,5,1561,713,300,34329,3821,7213,9350,6253,848,1140,142,585,,380,,t3_psyward
standard,20,b4,blue,adc,射手,tianfa,standard,,45,35,4,448062,45511,47772,796.2,9.49,18.94,22.66,5,1,1,2,5,199,420,928,32171,3549,5620,8308,6253,772,570,142,190,,380,,t3_shieldbreaker|t3_rendspear
standard,20,b5,blue,sup,坦克,tiemu,standard,,1,13,4,36441,85086,27782,463,6.68,12.15,17.75,5,1,2,4,5,171,822,114,14181,4671,7762,11714,6253,392,570,,2248,,380,1869,t3_calmveil|t3_thornmail
standard,20,r1,red,top,坦克,longji,standard,,6,13,2,63194,105058,26882,448,7.95,16.41,19.9,5,1,1,3,5,947,264,301,13231,3897,5664,8951,6253,1026,570,,950,,152,,t3_calmveil|t3_thornmail
standard,20,r2,red,jungle,戰士,dadi2,standard,,15,17,1,66754,65206,33894,564.9,9.4,16.43,23.73,5,1,1,2,5,867,980,1149,18593,3967,5980,8549,6253,294,570,,,1279,152,,t3_finalstring|t3_shieldbreaker
standard,20,r3,red,mid,法師,shikong,standard,,43,33,1,182891,63728,47116,785.3,8.9,17.14,23.6,5,1,1,2,5,465,361,125,30966,4315,6291,8875,6253,1140,570,285,475,,152,,t3_psyward
standard,20,r4,red,adc,射手,tianfa,standard,,46,29,3,429676,41972,49555,825.9,8.29,17.58,20.43,5,1,1,2,5,842,510,2616,33954,4192,6310,9816,6253,845,1140,,1425,,152,,t3_shieldbreaker|t3_rendspear
standard,20,r5,red,sup,坦克,tiemu,standard,,1,17,10,31200,98198,27209,453.5,6.95,13.48,18.64,5,1,2,3,5,1172,422,1470,13608,4772,7362,10070,6253,228,,570,950,,152,1916,t3_calmveil|t3_thornmail
standard,21,b1,blue,top,坦克,tixue,standard,0,0,2,0,9234,25800,10714,454.8,8.32,15.93,22.9,3,1,1,2,3,681,568,229,1124,3631,5968,7659,6253,855,,,475,,76,,t3_calmveil|t3_thornmail
standard,21,b2,blue,jungle,戰士,fengbao,standard,0,0,5,1,7162,19465,9827,417.1,9.08,16.24,23.18,3,1,1,2,3,186,904,511,226,4286,6384,8261,6253,421,,285,,1225,76,,t3_finalstring|t3_shieldbreaker
standard,21,b3,blue,mid,法師,lieyan,standard,0,3,5,0,17784,16595,11126,472.3,9.17,17.58,22.83,3,1,1,2,3,348,298,288,296,4898,6798,8888,6253,943,1140,,475,,76,,t3_psyward
standard,21,b4,blue,adc,射手,dawnstrike,standard,0,1,3,0,16444,11668,9720,412.6,9.48,18.31,23.33,3,1,1,2,3,199,667,300,120,3549,5867,7520,6253,953,,,237,,76,,t3_shieldbreaker|t3_rendspear
standard,21,b5,blue,sup,坦克,stoneguard,standard,0,0,3,0,4699,23601,10253,435.2,7.13,12.86,18.28,3,1,2,3,3,916,677,183,672,4516,7157,8983,6253,285,,,237,,76,2131,t3_calmveil|t3_thornmail
standard,21,r1,red,top,坦克,tixue,standard,1,3,0,1,13705,22888,13726,582.6,6.96,14.47,16.93,3,1,2,3,3,599,237,760,3695,4249,6947,10310,6253,1339,1710,285,190,,532,,t3_calmveil|t3_thornmail
standard,21,r2,red,jungle,戰士,fengbao,standard,1,2,0,2,7993,11602,12429,527.6,10,15.3,20.58,3,1,1,2,3,251,1475,951,2529,4051,6955,9551,6253,323,,570,348,1524,532,,t3_finalstring|t3_shieldbreaker
standard,21,r3,red,mid,法師,lieyan,standard,1,6,2,2,28499,13198,14685,623.4,9.13,16.58,20.05,4,1,1,2,4,535,640,1666,285,4385,7140,10946,6253,1152,1710,,1298,,532,,t3_psyward
standard,21,r4,red,adc,射手,dawnstrike,standard,1,3,2,2,21589,10939,11704,496.8,9.63,17.25,20.74,3,1,1,2,3,451,479,667,554,3801,5979,9247,6253,847,1140,285,190,,532,,t3_shieldbreaker|t3_rendspear
standard,21,r5,red,sup,坦克,stoneguard,standard,1,4,0,1,8535,24316,13100,556.1,7.44,12.02,17.34,4,1,2,3,4,852,461,911,899,4752,7701,10291,6253,289,1140,,348,,532,1728,t3_calmveil|t3_thornmail
standard,22,b1,blue,top,坦克,suishan,standard,1,1,2,0,5307,18423,10492,494.1,9.38,15.56,19.36,3,1,1,3,3,719,503,647,561,3669,5803,10097,6253,785,570,,2185,,304,,t3_calmveil|t3_thornmail
standard,22,b2,blue,jungle,戰士,anliuyouXia,standard,1,0,0,1,3973,10251,8965,422.2,8.39,16.6,,2,1,1,2,2,543,775,818,1314,3643,6205,8468,6253,335,,142,285,957,494,,t3_shieldbreaker|t3_finalstring
standard,22,b3,blue,mid,法師,shikong,standard,1,6,2,0,15945,13025,12506,589,9.62,13.01,17.74,3,1,2,3,3,465,53,435,425,4315,9033,12035,6253,1108,3420,,760,,494,,t3_psyward
standard,22,b4,blue,adc,射手,yanfeng,standard,1,9,4,2,24050,10509,14523,684,7.86,13.58,18.2,4,1,2,3,4,377,232,1759,1302,4857,8182,13559,6253,921,4560,570,760,,494,,t3_shieldbreaker|t3_rendspear
standard,22,b5,blue,sup,輔助,shengming,standard,1,1,1,1,3869,12563,10652,501.7,6.63,12.01,14.95,3,1,3,3,3,159,41,1028,1422,4459,7741,10258,6253,269,570,142,760,,494,1769,t3_calmveil
standard,22,r1,red,top,坦克,suishan,standard,0,1,2,0,5510,19228,8960,422,8.93,14.79,19.6,3,1,2,3,3,567,274,416,330,3517,6424,8566,6253,716,570,,950,,76,,t3_calmveil|t3_thornmail
standard,22,r2,red,jungle,戰士,anliuyouXia,standard,0,2,3,1,7578,14370,9378,441.7,8.38,17.25,,2,1,1,2,2,771,572,719,1198,3871,6002,8899,6253,159,1140,95,,1175,76,,t3_shieldbreaker|t3_finalstring
standard,22,r3,red,mid,法師,shikong,standard,0,2,3,1,13993,12578,9372,441.4,10.7,19.31,,2,0,1,2,2,1561,239,227,671,3821,5569,8927,6253,887,1140,95,475,,76,,t3_psyward
standard,22,r4,red,adc,射手,yanfeng,standard,0,4,9,2,12930,10578,10300,485.1,7.88,18.5,,2,1,1,2,2,842,165,1010,1449,4192,5845,9260,6253,650,1710,570,,,76,,t3_shieldbreaker|t3_rendspear
standard,22,r5,red,sup,輔助,shengming,standard,0,0,0,1,2638,14798,9969,469.5,5.93,12.67,15.8,3,1,2,3,3,573,807,522,928,4573,7537,9562,6253,321,,95,475,51,76,2290,t3_calmveil
standard,23,b1,blue,top,坦克,thornwall,standard,0,1,1,1,7663,24507,10696,433.6,7.93,15.47,19.69,3,1,1,3,3,757,682,320,766,3707,5982,8870,6253,850,570,285,380,,532,,t3_calmveil|t3_thornmail
standard,23,b2,blue,jungle,戰士,embercoil,standard,0,7,0,0,21820,20561,15026,609.2,6.48,15.12,19.05,4,1,1,3,4,554,2601,297,1626,4784,8031,11227,6253,503,2280,,380,1277,532,,t3_shieldbreaker|t3_finalstring
standard,23,b3,blue,mid,法師,lieyan,standard,0,4,6,1,16590,14608,11850,480.4,11.73,17.62,23.07,3,0,1,2,3,1238,423,693,250,3498,5873,8543,6253,665,570,142,380,,532,,t3_psyward
standard,23,b4,blue,adc,射手,siwang,standard,0,9,5,1,32451,11883,15182,615.5,8.89,17.53,20.19,4,1,1,2,4,433,845,2048,1961,3783,6225,9968,6253,807,1710,285,380,,532,,t3_shieldbreaker|t3_rendspear
standard,23,b5,blue,sup,輔助,mingyun,standard,0,2,2,2,8075,17826,12874,521.9,5.99,12.17,14.36,4,1,3,3,4,571,469,1476,1493,5171,8169,10706,6253,175,1140,142,855,,532,1607,t3_calmveil
standard,23,r1,red,top,坦克,thornwall,standard,1,2,3,0,8452,26953,11201,454.1,9.11,12.99,20.55,3,1,2,2,3,1337,303,2462,1271,4287,6633,9692,6253,874,1140,,1425,,0,,t3_calmveil|t3_thornmail
standard,23,r2,red,jungle,戰士,embercoil,standard,1,0,3,1,10374,21330,10083,408.8,9.21,16.32,23.84,3,1,1,2,3,853,567,490,532,3953,5997,8140,6253,323,,285,,1279,0,,t3_shieldbreaker|t3_finalstring
standard,23,r3,red,mid,法師,lieyan,standard,1,2,4,0,16642,15725,10286,417,10.67,19.27,,2,0,1,2,2,1542,362,499,886,3802,5512,8049,6253,988,570,,237,,0,,t3_psyward
standard,23,r4,red,adc,射手,siwang,standard,1,9,10,1,33583,12935,15768,639.2,10.34,16.56,20.19,4,0,1,2,4,1452,32,1324,1917,3612,5712,10224,6253,931,2280,285,475,,0,,t3_shieldbreaker|t3_rendspear
standard,23,r5,red,sup,輔助,mingyun,standard,1,1,3,1,8623,21115,12069,489.3,7.36,12.66,15.35,4,1,2,3,4,1097,769,811,689,4497,7799,9471,6253,342,570,285,237,,0,1782,t3_calmveil
standard,24,b1,blue,top,坦克,ironclad,standard,0,2,1,1,11283,26204,10154,439,6.23,13.85,18.42,3,1,2,3,3,211,145,643,624,4961,6595,8793,6253,798,1140,,475,,126,,t3_calmveil|t3_thornmail
standard,24,b2,blue,jungle,戰士,hunpo,standard,0,1,4,0,5381,10975,9603,415.1,11.21,19.76,,2,0,1,2,2,1655,597,186,573,3865,6447,8466,6253,459,570,,,1183,0,,t3_psyward
standard,24,b3,blue,mid,法師,shikong,standard,0,1,3,0,12810,15317,9081,392.5,11.22,18.58,,2,0,1,2,2,1441,157,354,200,3701,5487,8004,6253,943,570,,237,,0,,t3_psyward
standard,24,b4,blue,adc,射手,maestro,standard,0,2,5,0,11650,11863,11085,479.2,9.21,17.88,22.46,3,1,1,2,3,338,546,674,285,3688,5446,8194,6253,864,,,950,,126,,t3_shieldbreaker|t3_rendspear
standard,24,b5,blue,sup,坦克,tixue,standard,0,1,2,0,4738,21289,11163,482.6,6.88,12.63,18.53,3,1,2,3,3,127,179,950,1283,5127,7359,9450,6253,430,570,,237,17,126,1814,t3_calmveil|t3_thornmail
standard,24,r1,red,top,坦克,ironclad,standard,1,2,0,0,9015,19029,11210,484.6,8.85,12.5,19.79,3,1,2,3,3,831,343,506,1280,3781,6973,9956,6253,855,1140,,1235,17,456,,t3_calmveil|t3_thornmail
standard,24,r2,red,jungle,戰士,hunpo,standard,1,2,2,1,10326,10373,11955,516.8,9.53,16.57,20.1,3,1,1,2,3,549,919,1192,674,4349,7369,10542,6253,228,1140,285,285,1894,456,,t3_psyward
standard,24,r3,red,mid,法師,shikong,standard,1,1,3,0,12286,13030,9971,431,10.41,19.29,,2,0,1,2,2,1523,173,508,571,3783,6073,8058,6253,1064,,,285,,456,,t3_psyward
standard,24,r4,red,adc,射手,maestro,standard,1,8,2,1,27202,11808,14607,631.4,8.59,15.36,19.46,4,1,1,3,4,861,1052,436,756,4211,6852,10956,6253,731,2280,,1235,,456,,t3_shieldbreaker|t3_rendspear
standard,24,r5,red,sup,坦克,tixue,standard,1,2,0,1,6800,17751,12535,541.8,6.88,12.16,17.29,4,1,2,3,4,462,746,1144,434,5162,7926,11024,6253,313,1140,,285,,456,2576,t3_calmveil|t3_thornmail
standard,25,b1,blue,top,坦克,tieshixin,standard,0,1,1,0,6479,19075,8920,430.2,9.08,16.93,20.25,3,1,1,2,3,681,611,1317,289,3631,5911,8647,6253,798,570,,950,,76,,t3_calmveil|t3_thornmail
standard,25,b2,blue,jungle,戰士,ravager,standard,0,0,3,0,4698,13499,7822,377.3,9.32,17.86,,2,1,1,2,2,672,946,218,471,3772,5776,7568,6253,161,,,,1077,76,,t3_shieldbreaker|t3_finalstring
standard,25,b3,blue,mid,法師,xingjie,standard,0,1,2,0,9773,13478,8182,394.6,10.82,19.08,,2,0,1,2,2,1533,301,298,551,3793,5631,7928,6253,1011,570,,,17,76,,t3_psyward
standard,25,b4,blue,adc,射手,liuxing,standard,0,2,6,1,13118,9389,9081,438,9.49,17.25,,2,1,1,2,2,424,307,77,231,3774,5987,8277,6253,855,570,285,237,,76,,t3_shieldbreaker|t3_rendspear
standard,25,b5,blue,sup,輔助,mingyunyindao,standard,0,0,3,0,4138,15268,8958,432.1,6.08,11.88,17.02,3,1,2,3,3,1182,298,144,378,4582,6778,8724,6253,251,,,237,17,76,1887,t3_calmveil
standard,25,r1,red,top,坦克,tieshixin,standard,1,3,1,0,10010,18492,10079,486.1,8.71,15.62,18.61,3,1,1,3,3,195,535,339,148,3745,5835,9369,6253,665,1710,,190,,551,,t3_calmveil|t3_thornmail
standard,25,r2,red,jungle,戰士,ravager,standard,1,2,0,1,9602,12304,10433,503.2,8.97,15.54,19.67,3,1,1,3,3,957,2034,168,402,4057,6564,10198,6253,275,1140,285,348,1345,551,,t3_shieldbreaker|t3_finalstring
standard,25,r3,red,mid,法師,xingjie,standard,1,1,1,0,13675,10711,9591,462.6,10.02,18.25,,2,0,1,2,2,1647,315,418,191,3907,6215,8748,6253,1216,,,823,,456,,t3_psyward
standard,25,r4,red,adc,射手,liuxing,standard,1,8,1,0,15531,8206,13429,647.7,8.59,12.83,18.48,4,1,2,3,4,509,134,254,209,3859,7754,12054,6253,1007,3420,,823,,551,,t3_shieldbreaker|t3_rendspear
standard,25,r5,red,sup,輔助,mingyunyindao,standard,1,1,1,1,3171,12140,12747,614.8,5.93,12.6,14.5,4,1,3,3,4,920,293,2997,1366,4620,7993,12227,6253,332,570,,2090,,551,2430,t3_calmveil
standard,26,b1,blue,top,坦克,tiankong,standard,1,0,9,0,20955,67451,17038,411.8,9.32,15.38,21.12,5,1,1,2,5,271,754,667,3488,3821,6054,7897,6253,1225,,,190,,228,,t3_calmveil|t3_thornmail
standard,26,b2,blue,jungle,戰士,xueyue,standard,1,3,7,1,23910,37795,18938,457.7,8.01,16.54,20.7,5,1,1,2,5,815,986,670,3687,3915,6416,9220,6253,285,570,285,427,1044,354,,t3_shieldbreaker|t3_finalstring
standard,26,b3,blue,mid,法師,auralith,standard,1,19,20,0,75800,39846,26969,651.8,11.09,18.48,24.13,5,0,1,2,5,1447,205,392,10818,3707,6405,8422,6253,817,570,,427,,354,,t3_psyward
standard,26,b4,blue,adc,射手,guangsu,standard,1,32,19,2,200605,27283,34043,822.8,9.13,16.68,20.43,5,1,1,2,5,414,782,1695,18443,3764,6462,10595,6253,931,2850,142,190,,228,,t3_shieldbreaker|t3_rendspear
standard,26,b5,blue,sup,輔助,shiguang,standard,1,1,6,4,31129,44952,19645,474.8,5.95,12.13,15.46,5,1,2,4,5,563,734,441,6444,4563,7764,10941,6253,275,570,427,1140,,354,1919,t3_calmveil
standard,26,r1,red,top,坦克,tiankong,standard,0,1,4,3,23073,60421,18042,436.1,7.93,15.77,20.31,5,1,1,2,5,852,478,1360,4491,3802,5778,8590,6253,874,,285,950,,228,,t3_calmveil|t3_thornmail
standard,26,r2,red,jungle,戰士,xueyue,standard,0,15,8,0,46804,47953,25387,613.6,8.3,14.73,18.23,5,1,2,3,5,424,315,854,10137,4654,7965,10704,6253,133,2280,,,1810,228,,t3_shieldbreaker|t3_finalstring
standard,26,r3,red,mid,法師,auralith,standard,0,20,18,1,72743,36589,26969,651.8,11.01,18.62,24.88,5,0,1,2,5,1400,148,228,10818,3660,5598,8258,6253,921,,142,712,,228,,t3_psyward
standard,26,r4,red,adc,射手,guangsu,standard,0,24,20,2,133496,25541,29306,708.3,10.02,17.5,20.43,5,0,1,2,5,1633,545,1239,13705,3793,6225,10139,6253,1045,1710,427,475,,228,,t3_shieldbreaker|t3_rendspear
standard,26,r5,red,sup,輔助,shiguang,standard,0,1,5,2,23474,37084,19064,460.8,5.86,12.57,16.92,5,1,2,3,5,468,862,971,5864,4468,6862,10201,6253,180,570,,712,,228,2257,t3_calmveil
standard,27,b1,blue,top,坦克,tiebi,standard,1,0,1,1,10517,25066,9467,418.4,8.05,14.25,20.78,3,1,2,2,3,776,250,1167,216,3726,6500,8457,6253,874,,285,665,,380,,t3_calmveil|t3_thornmail
standard,27,b2,blue,jungle,戰士,ronggang,standard,1,3,3,0,9352,15497,11225,496.1,8.13,17.02,19.9,3,1,1,3,3,162,1341,213,675,3962,6821,10113,6253,484,1710,,190,1095,380,,t3_finalstring|t3_shieldbreaker
standard,27,b3,blue,mid,法師,xingjie,standard,1,2,2,2,19952,15671,11452,506.2,10.88,16.13,22.49,3,0,1,2,3,1685,713,499,902,3945,7213,8999,6253,1178,570,427,190,,380,,t3_psyward
standard,27,b4,blue,adc,射手,mori,standard,1,6,3,2,21841,12000,13048,576.7,10.07,15.98,20.13,3,0,1,2,3,1709,349,1255,1248,3869,6149,9835,6253,969,1140,427,665,,380,,t3_shieldbreaker|t3_rendspear
standard,27,b5,blue,sup,坦克,tixue,standard,1,1,2,0,5170,17297,12238,540.9,8,12.33,16.52,4,1,2,3,4,1590,715,1324,637,5190,7955,11304,6253,294,570,,1140,,380,2666,t3_calmveil|t3_thornmail
standard,27,r1,red,top,坦克,tiebi,standard,0,3,2,0,9796,22442,11187,494.5,8.89,13.34,19.89,3,1,2,3,3,662,360,281,1157,3612,7070,10311,6253,753,1710,,1425,17,152,,t3_calmveil|t3_thornmail
standard,27,r2,red,jungle,戰士,ronggang,standard,0,2,0,3,10344,15289,11706,517.4,9.41,15.19,19.45,3,1,1,3,3,985,2279,282,675,4085,7759,10662,6253,399,1140,855,237,1625,152,,t3_finalstring|t3_shieldbreaker
standard,27,r3,red,mid,法師,xingjie,standard,0,0,6,1,15146,14286,9622,425.3,10.8,19.25,,2,0,1,2,2,1466,106,644,871,3726,5436,8194,6253,791,,285,712,,152,,t3_psyward
standard,27,r4,red,adc,射手,mori,standard,0,4,3,0,20961,10190,10825,478.5,10.11,20.01,,2,0,1,1,2,1443,132,1907,2245,3603,5332,7707,6253,826,,,475,,152,,t3_shieldbreaker|t3_rendspear
standard,27,r5,red,sup,坦克,tixue,standard,0,2,1,0,5988,20909,11678,516.1,8.21,13.28,17.71,4,1,2,3,4,616,493,1020,297,4516,6853,10820,6253,269,1140,,475,,152,2530,t3_calmveil|t3_thornmail
standard,28,b1,blue,top,坦克,xukong,standard,0,2,1,1,14283,28109,12056,474.6,8.74,14.55,18.85,4,1,2,3,4,162,364,48,646,3812,6614,9198,6253,1330,570,,950,,95,,t3_calmveil|t3_thornmail
standard,28,b2,blue,jungle,刺客,yueying,standard,0,1,6,0,9838,13916,10646,419.1,9.2,17.82,24.97,3,1,1,2,3,650,640,214,245,3850,5970,7994,6253,342,,,,1304,95,,t3_finalstring
standard,28,b3,blue,mid,法師,auralith,standard,0,1,7,0,16998,16798,10166,400.2,10.65,18.26,,2,0,1,2,2,1447,286,437,1285,3707,5436,8087,6253,931,570,,237,,95,,t3_psyward
standard,28,b4,blue,adc,射手,leiting,standard,0,6,7,1,22655,15578,13288,523.1,9.95,17.78,21.33,4,1,1,2,4,348,174,241,687,3698,5674,8391,6253,855,570,,712,,0,,t3_shieldbreaker|t3_rendspear
standard,28,b5,blue,sup,坦克,ironclad,standard,0,0,2,0,5952,27135,11170,439.8,7.36,12.68,17.13,3,1,2,3,3,139,171,301,1590,4639,7271,9281,6253,380,,,475,,95,2078,t3_calmveil|t3_thornmail
standard,28,r1,red,top,坦克,xukong,standard,1,7,0,1,15739,23818,15957,628.2,8.74,13.37,16.08,5,1,2,4,5,107,1072,501,2307,4657,8362,12751,6253,912,3990,285,855,,456,,t3_calmveil|t3_thornmail
standard,28,r2,red,jungle,刺客,yueying,standard,1,5,3,3,14615,13575,15245,600.2,7,14.24,18.27,4,1,2,3,4,912,644,1611,1844,5292,8774,11411,6253,307,1710,285,380,2020,456,,t3_finalstring
standard,28,r3,red,mid,法師,auralith,standard,1,1,3,1,21071,16318,11097,436.9,10.21,20.43,,2,0,1,1,2,1621,506,1599,2346,3881,6256,8099,6253,1010,,,380,,456,,t3_psyward
standard,28,r4,red,adc,射手,leiting,standard,1,8,4,3,28284,13786,15136,595.9,8.8,15.6,21.02,4,1,1,2,4,1065,923,1031,1285,4415,6723,9611,6253,954,1140,427,380,,456,,t3_shieldbreaker|t3_rendspear
standard,28,r5,red,sup,坦克,ironclad,standard,1,2,0,7,9838,21205,15004,590.7,6.8,13.38,17.88,5,1,2,3,5,1089,647,1533,1403,4989,7887,11513,6253,425,,997,855,,456,2525,t3_calmveil|t3_thornmail
standard,29,b1,blue,top,坦克,shiqiang,standard,0,1,3,0,10803,28265,10763,415,8.23,16.27,21.63,3,1,1,2,3,246,225,194,1233,3796,5525,7824,6253,791,,,475,,304,,t3_calmveil|t3_thornmail
standard,29,b2,blue,jungle,刺客,leisuhunter,standard,0,0,5,1,6875,13976,10084,388.8,9.18,18.63,24.74,3,1,1,2,3,715,223,647,333,3915,5803,7597,6253,329,,,,710,304,,t3_finalstring
standard,29,b3,blue,mid,法師,xingjie,standard,0,5,7,1,18025,16509,13785,531.6,10.23,18.42,22.08,4,0,1,2,4,1662,279,446,155,3922,5879,9326,6253,1222,570,,950,26,304,,t3_psyward
standard,29,b4,blue,adc,射手,liangzi,standard,0,9,8,1,33834,12708,15146,584,9.93,17.09,21.13,4,1,1,2,4,411,294,1296,1545,3761,5974,9546,6253,1041,1710,,237,,304,,t3_shieldbreaker|t3_rendspear
standard,29,b5,blue,sup,輔助,huanjing,standard,0,0,2,0,7716,21086,11667,449.9,8.03,11.98,15.58,4,1,2,3,4,317,273,619,787,4617,7303,9659,6253,376,,,712,68,304,1943,t3_calmveil
standard,29,r1,red,top,坦克,shiqiang,standard,1,3,1,1,11878,25954,12923,498.3,8.31,12.19,17.36,4,1,2,3,4,1107,567,419,772,4657,7317,9749,6253,1159,1140,285,760,,152,,t3_calmveil|t3_thornmail
standard,29,r2,red,jungle,刺客,leisuhunter,standard,1,4,2,1,9160,17641,13864,534.6,7.15,14.73,20,4,1,2,3,4,309,322,193,1113,4459,7452,9843,6253,152,1140,285,285,1575,152,,t3_finalstring
standard,29,r3,red,mid,法師,xingjie,standard,1,3,5,1,16942,14378,13107,505.4,11.2,18.77,24.19,3,0,1,2,3,1561,182,85,626,3821,6082,8115,6253,1140,,285,285,,152,,t3_psyward
standard,29,r4,red,adc,射手,liangzi,standard,1,14,5,0,41794,11908,17857,688.6,9.47,17.54,20.74,5,1,1,2,5,357,269,1001,2256,3707,5949,9901,6253,931,2280,,285,,152,,t3_shieldbreaker|t3_rendspear
standard,29,r5,red,sup,輔助,huanjing,standard,1,1,2,3,8610,19027,12991,500.9,6.78,13.4,16.43,4,1,2,3,4,1087,203,958,1540,4487,7233,9418,6253,228,570,,285,,152,1930,t3_calmveil
standard,30,b1,blue,top,坦克,tiemu,standard,0,0,1,0,7243,20332,8402,408.7,8.11,16.49,20.43,3,1,1,2,3,846,470,493,151,3796,5620,8223,6253,943,,,950,,76,,t3_calmveil|t3_thornmail
standard,30,b2,blue,jungle,刺客,duskblade,standard,0,0,5,1,3550,10025,8127,395.3,10.06,17.82,,2,0,1,2,2,2247,490,128,646,3877,5820,7608,6253,262,,142,,873,76,,t3_finalstring
standard,30,b3,blue,mid,法師,gambler,standard,0,1,2,0,10446,11205,8224,400,10.35,18.83,,2,0,1,2,2,1507,1235,458,394,3767,6085,7808,6253,908,570,,,,76,,t3_psyward
standard,30,b4,blue,adc,射手,shengyan,standard,0,0,4,1,16095,11064,7363,358.1,9.39,19.43,,2,1,1,2,2,310,293,284,162,3660,5493,7184,6253,712,,142,,,76,,t3_shieldbreaker|t3_rendspear
standard,30,b5,blue,sup,坦克,dadi,standard,0,0,2,0,5328,19105,9331,453.9,7.81,12.87,17.26,3,1,2,3,3,468,467,52,231,4668,6967,9152,6253,288,,,475,,76,2059,t3_calmveil|t3_thornmail
standard,30,r1,red,top,坦克,tiemu,standard,1,6,0,0,10462,19124,12057,586.5,7.94,14.37,18.4,4,1,2,4,4,860,347,339,407,3810,6597,11689,6253,1274,3420,,285,,456,,t3_calmveil|t3_thornmail
standard,30,r2,red,jungle,刺客,duskblade,standard,1,3,0,3,7670,7135,11294,549.4,9.28,12.94,17.32,3,1,2,3,3,377,1190,646,1014,4757,7890,10926,6253,335,1710,380,285,1505,456,,t3_finalstring
standard,30,r3,red,mid,法師,gambler,standard,1,3,0,4,20181,11065,12325,599.5,9.99,16.52,19.63,3,1,1,3,3,31,735,356,1295,3881,7235,11386,6253,1019,1140,807,1710,,456,,t3_psyward
standard,30,r4,red,adc,射手,shengyan,standard,1,2,0,0,9169,7364,9918,482.5,7.6,17.68,,2,1,1,2,2,230,558,1270,1338,4230,6358,9550,6253,940,1140,,760,,456,,t3_shieldbreaker|t3_rendspear
standard,30,r5,red,sup,坦克,dadi,standard,1,0,1,7,7050,16466,11474,558.1,7.03,11.88,17.36,3,1,2,3,3,991,507,1125,1493,4891,7747,11105,6253,267,,1377,285,,456,2465,t3_calmveil|t3_thornmail
standard,31,b1,blue,top,坦克,dadi,standard,1,1,0,0,11672,26987,11195,462.6,7.24,14.58,18.91,3,1,2,3,3,394,157,534,1164,4344,6567,9664,6253,1434,570,,950,,456,,t3_calmveil|t3_thornmail
standard,31,b2,blue,jungle,刺客,binghe,standard,1,2,2,2,7637,13464,11945,493.6,8.58,15.45,19.25,3,1,1,3,3,763,1379,598,1064,3963,6709,10098,6253,463,1140,570,,1215,456,,t3_finalstring
standard,31,b3,blue,mid,法師,ronghuo,standard,1,5,5,1,14270,16034,13104,541.5,10.22,16.83,21.73,3,0,1,2,3,1685,458,226,1204,3945,6358,9626,6253,1016,1140,285,475,,456,,t3_psyward
standard,31,b4,blue,adc,射手,mirrorshot,standard,1,4,3,1,19665,11569,12547,518.5,10.03,19.76,23.14,3,0,1,2,3,1493,220,168,746,3653,5420,7548,6253,554,,285,,,456,,t3_shieldbreaker|t3_rendspear
standard,31,b5,blue,sup,坦克,thornwall,standard,1,1,4,2,6115,22244,12520,517.3,7.77,12.05,17.35,4,1,2,3,4,730,1148,724,319,5230,8388,10704,6253,330,570,285,475,17,456,2316,t3_calmveil|t3_thornmail
standard,31,r1,red,top,坦克,dadi,standard,0,1,2,0,12939,24908,11372,469.9,8.8,15.25,21.67,3,1,1,2,3,112,1369,1113,1342,4062,6769,8403,6253,1238,570,,190,,152,,t3_calmveil|t3_thornmail
standard,31,r2,red,jungle,刺客,binghe,standard,0,1,3,0,5403,11277,10849,448.3,7.69,16.51,23.14,3,1,1,2,3,321,1517,204,668,4221,6497,8584,6253,275,,,190,1713,152,,t3_finalstring
standard,31,r3,red,mid,法師,ronghuo,standard,0,0,3,3,13552,15187,10780,445.5,11.37,17.3,24.14,3,0,1,2,3,1526,888,235,229,3786,6788,8565,6253,1067,,427,665,,152,,t3_psyward
standard,31,r4,red,adc,射手,mirrorshot,standard,0,11,5,0,39550,13769,15444,638.2,9.09,17.43,20.19,4,1,1,2,4,443,184,685,1594,3793,5864,9265,6253,959,1710,,190,,152,,t3_shieldbreaker|t3_rendspear
standard,31,r5,red,sup,坦克,thornwall,standard,0,1,0,2,3471,17973,12425,513.4,7.33,12.41,17.6,4,1,2,3,4,133,632,779,825,4633,7872,10159,6253,335,570,142,190,,152,2515,t3_calmveil|t3_thornmail
standard,32,b1,blue,top,坦克,tixue,standard,0,0,2,0,9846,34151,11626,412.8,8.16,14.98,20.2,4,1,2,2,4,328,84,1361,75,3878,6234,8591,6253,1159,,,950,26,202,,t3_calmveil|t3_thornmail
standard,32,b2,blue,jungle,刺客,jueying,standard,0,1,6,0,11525,18954,11573,410.9,8.6,16.08,24.65,3,1,1,2,3,49,866,727,493,3899,6446,8457,6253,430,570,,,1000,202,,t3_finalstring
standard,32,b3,blue,mid,法師,gambler,standard,0,3,10,0,22590,17177,12182,432.5,11.29,20.57,27.86,3,0,1,1,3,1333,204,1032,752,3593,5354,7532,6253,633,570,,,,76,,t3_psyward
standard,32,b4,blue,adc,射手,hanbing,standard,0,15,12,2,50651,17636,19915,707.1,7.54,15.05,18.52,5,1,1,3,5,500,1754,377,4315,4980,7434,11627,6253,975,3420,427,475,,76,,t3_shieldbreaker|t3_rendspear
standard,32,b5,blue,sup,輔助,xuemai,standard,0,0,5,4,8257,22314,12232,434.3,6.94,13.03,18.93,4,1,2,3,4,263,442,207,782,4563,6922,9247,6253,183,,712,,,202,1894,t3_calmveil
standard,32,r1,red,top,坦克,tixue,standard,1,8,0,1,17342,28846,16669,591.8,8.93,12.96,17.08,5,1,2,3,5,1403,562,1529,3119,4353,7792,11459,6253,1159,2850,,760,,437,,t3_calmveil|t3_thornmail
standard,32,r2,red,jungle,刺客,jueying,standard,1,1,0,2,10036,16650,13191,468.3,8.91,15.53,22.05,4,1,1,2,4,224,1312,804,440,4374,6892,9134,6253,332,,570,285,1256,437,,t3_finalstring
standard,32,r3,red,mid,法師,gambler,standard,1,11,7,0,24187,20978,17695,628.2,11.22,16.88,21.06,5,0,1,2,5,1457,192,957,1545,3717,6092,10357,6253,959,1710,,997,,437,,t3_psyward
standard,32,r4,red,adc,射手,hanbing,standard,1,15,9,2,58067,14830,19485,691.8,10.68,18.52,20.85,5,0,1,2,5,1227,353,970,3884,3387,5553,9220,6253,440,1710,285,285,,247,,t3_shieldbreaker|t3_rendspear
standard,32,r5,red,sup,輔助,xuemai,standard,1,0,3,3,7470,21637,14319,508.4,6.93,13.03,17.43,5,1,2,3,5,822,528,411,1119,4522,7258,9451,6253,300,,,522,,342,2032,t3_calmveil
standard,33,b1,blue,top,坦克,stoneguard,standard,0,0,3,0,6767,18859,7794,385,9.45,16.18,,2,1,1,2,2,738,117,386,163,3688,5417,7716,6253,760,,,475,,228,,t3_calmveil|t3_thornmail
standard,33,b2,blue,jungle,刺客,anye,standard,0,0,4,0,3422,8357,8257,407.9,8.98,17.68,,2,1,1,2,2,838,539,99,176,4038,6119,8179,6253,437,,,,1260,228,,t3_finalstring
standard,33,b3,blue,mid,法師,ronghuo,standard,0,2,1,0,10928,13234,8687,429.2,10.43,18.94,,2,0,1,2,2,1523,315,9,86,3783,6215,8609,6253,988,1140,,,,228,,t3_psyward
standard,33,b4,blue,adc,射手,tianfa,standard,0,3,4,0,10522,7905,10216,504.7,10.01,18.25,20.14,3,0,1,2,3,1509,575,1589,196,3669,5655,10139,6253,997,1710,,950,,228,,t3_shieldbreaker|t3_rendspear
standard,33,b5,blue,sup,輔助,fengshen,standard,0,0,1,0,3622,11167,9027,446,7.2,12.78,18.65,3,1,2,3,3,918,880,509,586,4618,7060,8949,6253,427,,,,17,228,2023,t3_calmveil
standard,33,r1,red,top,坦克,stoneguard,standard,1,0,0,0,5654,17734,8535,421.6,8.73,16.14,,2,1,1,2,2,567,288,1227,1304,3517,5588,8457,6253,570,,,1330,,304,,t3_calmveil|t3_thornmail
standard,33,r2,red,jungle,刺客,anye,standard,1,2,0,0,4736,7078,11356,561,8.94,16.17,,2,1,1,2,2,781,922,1429,3026,3981,6502,9759,6253,266,570,,855,1510,304,,t3_finalstring
standard,33,r3,red,mid,法師,ronghuo,standard,1,3,1,0,13328,11396,9732,480.8,9.51,16.82,,2,1,1,2,2,503,657,674,751,4353,6557,9654,6253,1007,1710,,380,,304,,t3_psyward
standard,33,r4,red,adc,射手,tianfa,standard,1,7,3,2,15273,8646,12857,635.2,9.19,16.48,19.1,3,1,1,3,3,785,640,1580,1057,4135,6320,12780,6253,807,3990,570,855,,304,,t3_shieldbreaker|t3_rendspear
standard,33,r5,red,sup,輔助,fengshen,standard,1,1,1,2,2816,10620,10767,531.9,5.78,13.75,15.78,4,1,2,3,4,1154,715,1650,67,4554,7745,10690,6253,313,570,570,855,,304,1824,t3_calmveil
standard,34,b1,blue,top,坦克,thornwall,standard,0,1,3,1,13434,24607,9748,409.2,9.31,14.4,22.11,3,1,2,2,3,795,288,844,618,3745,6538,8134,6253,874,570,,285,,152,,t3_calmveil|t3_thornmail
standard,34,b2,blue,jungle,刺客,wuxing,standard,0,3,5,1,7651,12009,11706,491.3,8.63,15.58,20.18,3,1,1,2,3,138,1846,1207,825,4038,7176,9637,6253,414,1140,142,285,1249,152,,t3_finalstring
standard,34,b3,blue,mid,法師,gambler,standard,0,1,3,2,14716,16365,10176,427.1,11.05,17.2,,2,0,1,2,2,1276,456,498,775,3536,6956,8828,6253,760,570,570,522,,152,,t3_psyward
standard,34,b4,blue,adc,射手,dawnstrike,standard,0,16,4,0,35265,13137,18362,770.7,8.05,12.53,17.73,5,1,2,4,5,2105,454,155,2761,5455,8134,13055,6253,760,5130,,760,,152,,t3_shieldbreaker|t3_rendspear
standard,34,b5,blue,sup,坦克,suishan,standard,0,1,1,1,8141,18940,11613,487.4,8.02,13.07,16.43,3,1,2,3,3,199,870,999,1633,4649,8110,10379,6253,307,570,142,522,17,152,2414,t3_calmveil|t3_thornmail
standard,34,r1,red,top,坦克,thornwall,standard,1,4,2,0,15048,23815,12657,531.2,7.95,14.25,18.67,4,1,2,3,4,931,507,1798,1226,3881,6457,10048,6253,1124,1710,,475,17,468,,t3_calmveil|t3_thornmail
standard,34,r2,red,jungle,刺客,wuxing,standard,1,4,1,1,10595,11911,12782,536.5,6.78,13.93,20.63,4,1,2,2,4,697,844,2086,282,4597,7544,10516,6253,463,1710,285,,1334,468,,t3_finalstring
standard,34,r3,red,mid,法師,gambler,standard,1,3,5,0,17437,15844,11208,470.4,10.43,18.07,22.45,3,0,1,2,3,1542,361,950,558,3802,6111,8980,6253,959,1140,,475,,152,,t3_psyward
standard,34,r4,red,adc,射手,dawnstrike,standard,1,5,9,1,19055,14271,12386,519.9,10.17,19.78,22.3,3,0,1,2,3,1411,170,365,1236,3571,5370,7745,6253,547,,,475,,468,,t3_shieldbreaker|t3_rendspear
standard,34,r5,red,sup,坦克,suishan,standard,1,0,5,3,9071,20779,12608,529.2,6.64,13.03,18.07,4,1,2,3,4,754,486,886,1247,4954,7586,9866,6253,286,,570,,,342,2414,t3_calmveil|t3_thornmail
standard,35,b1,blue,top,戰士,ravager,standard,0,1,1,0,14073,31893,10644,437.1,8.64,17.33,22.18,3,1,1,2,3,173,355,377,264,3973,5835,8077,6253,1197,,,475,,152,,t3_shieldbreaker|t3_finalstring
standard,35,b2,blue,jungle,刺客,voidrift,standard,0,1,5,1,5146,11687,10576,434.3,9.21,17.08,23.63,3,1,1,2,3,735,620,685,145,3935,5900,8415,6253,380,570,,,1060,152,,t3_finalstring
standard,35,b3,blue,mid,法師,ronghuo,standard,0,4,3,0,16689,16978,11860,487.1,10.48,18.62,22.87,3,0,1,2,3,1723,448,1173,260,3983,5778,9673,6253,1083,1710,,475,,152,,t3_psyward
standard,35,b4,blue,adc,射手,yanfeng,standard,0,7,3,2,29624,10419,13285,545.6,8.94,17.93,21.92,3,1,1,2,3,918,744,990,1485,4268,6424,9540,6253,855,1710,570,,,152,,t3_shieldbreaker|t3_rendspear
standard,35,b5,blue,sup,輔助,shengming,standard,0,1,1,2,4318,20153,13306,546.5,6.12,12.84,15.87,4,1,2,3,4,544,536,1034,1856,4544,7566,10074,6253,361,570,285,475,,152,1977,t3_calmveil
standard,35,r1,red,top,戰士,ravager,standard,1,2,1,0,11368,29101,11960,491.2,10.31,17.64,21.84,3,0,1,2,3,1613,419,515,560,3663,5899,8215,6253,886,570,,285,68,152,,t3_shieldbreaker|t3_finalstring
standard,35,r2,red,jungle,刺客,voidrift,standard,1,2,4,1,7511,12317,11911,489.2,8.41,15.91,21.68,3,1,1,2,3,214,1431,1067,830,4064,7011,9397,6253,307,570,142,285,1687,152,,t3_finalstring
standard,35,r3,red,mid,法師,ronghuo,standard,1,5,4,0,20195,17010,12896,529.6,10.37,17.34,20.27,3,0,1,2,3,1409,390,1214,1165,3669,6890,10614,6253,1168,2280,,760,,152,,t3_psyward
standard,35,r4,red,adc,射手,yanfeng,standard,1,4,3,0,20648,8901,11224,460.9,10.84,17.08,22.96,3,0,1,2,3,1177,374,1980,323,3337,6054,8980,6253,579,1710,,285,,152,,t3_shieldbreaker|t3_rendspear
standard,35,r5,red,sup,輔助,shengming,standard,1,0,2,3,4999,18463,11678,479.6,6.33,12.71,16.8,4,1,2,3,4,819,134,527,978,4519,7164,9567,6253,174,,712,285,,152,1990,t3_calmveil
standard,36,b1,blue,top,戰士,dadi2,standard,0,1,1,1,11440,23324,10086,453.6,9.09,17.72,21.43,3,1,1,2,3,491,570,380,485,3641,5750,8980,6253,750,570,285,950,,171,,t3_shieldbreaker|t3_finalstring
standard,36,b2,blue,jungle,刺客,jingxiang,standard,0,0,2,0,6061,10147,9112,409.8,9.23,18.08,,2,1,1,2,2,685,414,149,782,3885,5694,7999,6253,627,,,237,804,76,,t3_finalstring
standard,36,b3,blue,mid,法師,haixiao,standard,0,4,4,0,12906,13413,10729,482.5,10,17.72,21.8,3,1,1,2,3,142,167,147,178,3992,6367,8647,6253,1083,1140,,,,171,,t3_psyward
standard,36,b4,blue,adc,射手,siwang,standard,0,10,0,0,25816,9393,14826,666.8,8.88,16.39,18.78,4,1,1,3,4,417,595,356,976,3767,6275,12156,6253,1029,3990,,712,,171,,t3_shieldbreaker|t3_rendspear
standard,36,b5,blue,sup,輔助,mingyun,standard,0,0,1,0,4732,14229,10246,460.9,6.58,12.24,17.41,3,1,2,3,3,570,253,718,1206,4570,6983,9178,6253,196,,,475,,171,2082,t3_calmveil
standard,36,r1,red,top,戰士,dadi2,standard,1,1,2,0,9428,23897,10428,469,9.07,15.8,20.15,3,1,1,2,3,608,1099,2219,827,3758,6579,9619,6253,934,570,,1710,,152,,t3_shieldbreaker|t3_finalstring
standard,36,r2,red,jungle,刺客,jingxiang,standard,1,2,2,2,9545,13474,10869,488.9,9.1,14.7,20.14,3,1,2,2,3,802,379,1469,438,4002,7029,9799,6253,269,1140,427,285,1272,152,,t3_finalstring
standard,36,r3,red,mid,法師,haixiao,standard,1,0,7,0,10685,14766,8458,380.4,10.61,19.96,,2,0,1,2,2,1561,302,100,428,3821,5902,7650,6253,959,,,285,,152,,t3_psyward
standard,36,r4,red,adc,射手,siwang,standard,1,5,2,0,14798,9560,11359,510.9,10.21,17.36,21.8,3,0,1,2,3,1436,196,396,1058,3596,5876,9296,6253,896,1710,,285,,152,,t3_shieldbreaker|t3_rendspear
standard,36,r5,red,sup,輔助,mingyun,standard,1,0,2,2,4920,14204,10652,479.1,7.14,11.75,16.34,4,1,2,3,4,206,655,518,251,4506,7385,9558,6253,171,,142,285,,152,2554,t3_calmveil
standard,37,b1,blue,top,戰士,ronggang,standard,1,0,2,0,10837,25331,9314,407.8,9.72,17.29,,2,1,1,2,2,98,292,261,664,3948,5822,8311,6253,1165,,,665,,228,,t3_shieldbreaker|t3_finalstring
standard,37,b2,blue,jungle,刺客,guihuo,standard,1,1,3,0,2336,10345,10047,439.8,8.8,17.59,22.24,3,1,1,2,3,565,275,1249,546,3765,5605,8429,6253,332,570,,190,855,228,,t3_finalstring
standard,37,b3,blue,mid,法師,leiming,standard,1,2,2,0,16710,13560,9922,434.4,10.01,18.44,,2,0,1,2,2,1624,329,281,1322,3884,6259,8311,6253,1070,570,,190,,228,,t3_psyward
standard,37,b4,blue,adc,射手,maestro,standard,1,5,6,0,18276,10425,11822,517.6,9.23,18.06,21.5,3,1,1,2,3,427,618,859,922,3777,5518,9109,6253,823,1140,,665,,228,,t3_shieldbreaker|t3_rendspear
standard,37,b5,blue,sup,坦克,suishan,standard,1,0,4,0,9691,21341,11384,498.4,7.39,13.16,19.09,3,1,2,3,3,973,550,532,1584,4573,6910,9432,6253,256,,,665,,228,2029,t3_calmveil|t3_thornmail
standard,37,r1,red,top,戰士,ronggang,standard,0,6,1,0,12851,22218,12289,538,9.91,16.18,20.22,3,1,1,2,3,422,683,1477,2158,3572,6213,10127,6253,608,2280,,665,17,304,,t3_shieldbreaker|t3_finalstring
standard,37,r2,red,jungle,刺客,guihuo,standard,0,2,0,1,11671,11640,11055,484,9.38,16.84,22.53,3,1,1,2,3,526,497,1259,1055,3726,6127,9039,6253,234,570,,190,1487,304,,t3_finalstring
standard,37,r3,red,mid,法師,leiming,standard,0,5,3,3,19883,13132,13111,574,10.94,19.07,20.88,3,0,1,2,3,1428,91,1218,1210,3688,6291,10018,6253,943,1140,712,665,,304,,t3_psyward
standard,37,r4,red,adc,射手,maestro,standard,0,3,4,0,13545,9383,10796,472.6,10,18.06,22.56,3,1,1,2,3,329,645,837,496,3679,5845,8457,6253,902,570,,427,,304,,t3_shieldbreaker|t3_rendspear
standard,37,r5,red,sup,坦克,suishan,standard,0,1,0,3,7609,17386,12175,533,7.36,12.33,17.08,4,1,2,3,4,884,186,598,575,4484,7126,10578,6253,199,570,427,902,,304,1920,t3_calmveil|t3_thornmail
standard,38,b1,blue,top,戰士,jingci,standard,1,0,0,0,6517,22533,9979,448.2,9.42,17.53,,2,1,1,2,2,367,533,358,1329,3517,6063,9008,6253,608,,,1615,,532,,t3_shieldbreaker|t3_finalstring
standard,38,b2,blue,jungle,戰士,fengbao,standard,1,3,2,0,13046,16716,10687,480,8.88,14.77,19.98,3,1,2,3,3,52,127,71,787,4332,7527,9671,6253,180,1710,,190,804,532,,t3_shieldbreaker|t3_finalstring
standard,38,b3,blue,mid,法師,haixiao,standard,1,3,2,1,14982,12676,11081,497.7,11.13,19.12,,2,0,1,2,2,1295,334,313,1681,3555,6234,9293,6253,703,1140,,665,,532,,t3_psyward
standard,38,b4,blue,adc,射手,liuxing,standard,1,5,4,1,21098,9922,11803,530.1,9.47,17.56,,2,1,1,2,2,243,613,279,2903,3593,5693,9179,6253,684,1140,142,427,,532,,t3_shieldbreaker|t3_rendspear
standard,38,b5,blue,sup,坦克,tieshixin,standard,1,0,1,3,7387,20190,12147,545.5,6.86,11.95,17.77,4,1,2,3,4,54,363,1215,547,4554,7603,11195,6253,142,,712,902,,532,2652,t3_calmveil|t3_thornmail
standard,38,r1,red,top,戰士,jingci,standard,0,2,1,1,12615,24486,10297,462.4,10.28,15.65,,2,0,1,2,2,2189,1519,447,1647,4239,7049,8797,6253,1482,570,,475,17,0,,t3_shieldbreaker|t3_finalstring
standard,38,r2,red,jungle,戰士,fengbao,standard,0,2,1,0,9429,14577,9804,440.3,6.49,16.81,22.13,3,1,1,2,3,477,1059,113,204,4577,6539,8413,6253,237,570,,,1352,0,,t3_shieldbreaker|t3_finalstring
standard,38,r3,red,mid,法師,haixiao,standard,0,2,3,1,19117,12630,10245,460.1,9.12,20.12,,2,1,1,1,2,503,182,1691,1265,4353,6082,8191,6253,893,570,,475,,0,,t3_psyward
standard,38,r4,red,adc,射手,liuxing,standard,0,3,5,0,13828,9816,9907,444.9,9.78,17.83,,2,1,1,2,2,72,824,325,1006,4072,6504,8575,6253,655,1140,,475,51,0,,t3_shieldbreaker|t3_rendspear
standard,38,r5,red,sup,坦克,tieshixin,standard,0,0,1,1,5413,20215,10112,454.1,7.78,13.48,19.18,3,1,2,3,3,578,101,261,311,4478,6881,9161,6253,228,,,,,0,2680,t3_calmveil|t3_thornmail
standard,39,b1,blue,top,戰士,longyi,standard,0,1,2,1,11252,25195,9808,433.2,10.42,18.02,,2,0,1,2,2,1999,735,219,1207,4049,6215,7919,6253,1190,,285,95,,95,,t3_shieldbreaker|t3_finalstring
standard,39,b2,blue,jungle,戰士,ronggang,standard,0,1,2,1,7358,14478,9804,433,8.6,16.93,,2,1,1,2,2,673,1011,1071,1254,3773,5961,8721,6253,342,570,285,95,1080,95,,t3_shieldbreaker|t3_finalstring
standard,39,b3,blue,mid,法師,leiming,standard,0,2,4,0,9557,14046,10064,444.5,9.13,17.94,,2,1,1,2,2,503,333,244,664,4353,6833,8574,6253,991,1140,,95,,95,,t3_psyward
standard,39,b4,blue,adc,射手,guangsu,standard,0,7,4,0,13891,11496,12547,554.1,9.56,15.69,20.92,3,1,1,2,3,246,918,1093,1166,3596,6598,9993,6253,889,2280,,570,,0,,t3_shieldbreaker|t3_rendspear
standard,39,b5,blue,sup,輔助,shiguang,standard,0,0,3,2,4968,18273,12142,536.3,6.88,12.69,17.77,3,1,2,3,3,554,446,345,2912,4554,6996,9095,6253,272,,285,95,51,95,2042,t3_calmveil
standard,39,r1,red,top,戰士,longyi,standard,1,4,0,0,12565,20854,12765,563.8,7.71,14.64,20.3,3,1,2,2,3,181,230,2910,1365,4461,7330,11510,6253,1228,2280,,1330,,418,,t3_shieldbreaker|t3_finalstring
standard,39,r2,red,jungle,戰士,ronggang,standard,1,3,2,0,12983,13971,12089,533.9,9.13,17.39,20.83,3,1,1,2,3,541,1415,1133,1638,4291,6845,9683,6253,259,570,,380,1802,418,,t3_shieldbreaker|t3_finalstring
standard,39,r3,red,mid,法師,leiming,standard,1,1,2,1,16695,13453,10596,468,10.49,18.47,,2,0,1,2,2,1552,211,1620,1196,3812,6111,9170,6253,1263,570,285,380,,418,,t3_psyward
standard,39,r4,red,adc,射手,guangsu,standard,1,6,4,0,15004,10690,12439,549.4,9.96,18.13,20.92,3,1,1,2,3,417,196,681,1239,3767,5876,9581,6253,820,1710,,380,,418,,t3_shieldbreaker|t3_rendspear
standard,39,r5,red,sup,輔助,shiguang,standard,1,1,3,1,3646,13721,11114,490.9,6.59,11.93,15.66,4,1,2,3,4,806,739,591,614,4506,7769,9821,6253,152,570,285,380,,228,1952,t3_calmveil
standard,40,b1,blue,top,戰士,chichuan,standard,0,0,1,0,11244,20642,8164,390.2,8.26,17.08,,2,1,1,2,2,823,734,418,363,3973,5664,7868,6253,1064,,,475,,76,,t3_shieldbreaker|t3_finalstring
standard,40,b2,blue,jungle,戰士,kuangfeng,standard,0,1,2,0,6871,14834,8391,401,9.3,16.85,,2,1,1,2,2,581,1050,345,640,3681,6230,8095,6253,272,570,,,923,76,,t3_shieldbreaker|t3_finalstring
standard,40,b3,blue,mid,法師,haixiao,standard,0,0,5,0,9604,13723,8196,391.7,10.28,18.98,,2,0,1,2,2,1523,353,550,365,3783,5683,7900,6253,1095,,,475,,76,,t3_psyward
standard,40,b4,blue,adc,射手,mori,standard,0,3,3,0,11668,9363,9687,462.9,9.34,17.41,,2,1,1,2,2,348,218,841,837,3698,5598,9391,6253,877,1710,,475,,76,,t3_shieldbreaker|t3_rendspear
standard,40,b5,blue,sup,坦克,tixue,standard,0,0,1,0,4149,17503,9007,430.5,7.63,13.41,18.99,3,1,2,3,3,673,234,474,347,4573,7014,8674,6253,376,,,,,76,1967,t3_calmveil|t3_thornmail
standard,40,r1,red,top,戰士,chichuan,standard,1,3,0,0,15591,17607,9982,477,9.37,16,20.78,3,1,1,2,3,513,1287,846,331,3663,6817,9496,6253,772,1710,,285,,475,,t3_shieldbreaker|t3_finalstring
standard,40,r2,red,jungle,戰士,kuangfeng,standard,1,2,0,2,6744,10654,10971,524.3,9.83,14.2,19.02,3,1,2,3,3,79,538,448,1070,4179,7338,10348,6253,323,1140,427,285,1444,475,,t3_shieldbreaker|t3_finalstring
standard,40,r3,red,mid,法師,haixiao,standard,1,2,1,1,14785,11805,10457,499.7,10.36,17.78,,2,0,1,2,2,1536,328,2121,1056,3796,6228,9971,6253,1057,1140,285,760,,475,,t3_psyward
standard,40,r4,red,adc,射手,mori,standard,1,4,3,2,14698,8695,10890,520.5,8.93,17.76,20.77,3,1,1,2,3,398,849,935,410,3748,6529,9835,6253,778,1710,427,285,,380,,t3_shieldbreaker|t3_rendspear
standard,40,r5,red,sup,坦克,tixue,standard,1,1,0,2,4443,16276,11974,572.2,6.93,12.55,15.26,4,1,2,3,4,430,1364,1432,673,4630,8604,11412,6253,335,570,285,1235,,475,2258,t3_calmveil|t3_thornmail
standard,41,b1,blue,top,戰士,xueyue,standard,0,2,2,0,15412,39350,11834,424.2,8.78,17.48,22.76,3,1,1,2,3,690,438,950,804,3840,5968,8400,6253,912,570,,190,,475,,t3_shieldbreaker|t3_finalstring
standard,41,b2,blue,jungle,戰士,longyi,standard,0,1,3,2,16654,22075,12789,458.4,8.47,16.83,21.68,4,1,1,2,4,239,1074,665,289,4339,6554,9265,6253,367,570,142,190,1266,475,,t3_shieldbreaker|t3_finalstring
standard,41,b3,blue,mid,法師,leiming,standard,0,5,6,1,24775,16847,13592,487.2,10.5,19.28,25.59,4,0,1,2,4,1533,262,1149,241,3793,5712,8999,6253,750,1140,285,190,,380,,t3_psyward
standard,41,b4,blue,adc,射手,leiting,standard,0,16,3,0,60716,13998,20142,721.9,10.18,17.66,19.37,5,0,1,3,5,1609,84,198,4542,3769,5764,11578,6253,764,3420,,665,,475,,t3_shieldbreaker|t3_rendspear
standard,41,b5,blue,sup,坦克,ironclad,standard,0,0,4,3,8400,27030,14591,523,7.21,12.06,16.71,5,1,2,4,5,776,590,146,990,4676,7830,11746,6253,283,,712,1615,,475,2406,t3_calmveil|t3_thornmail
standard,41,r1,red,top,戰士,xueyue,standard,1,2,4,0,14198,36564,12303,441,8.64,14.71,22.08,3,1,2,2,3,646,252,386,853,3796,7102,8736,6253,867,1140,,475,,0,,t3_shieldbreaker|t3_finalstring
standard,41,r2,red,jungle,戰士,longyi,standard,1,0,3,4,12568,23277,12991,465.6,8.5,15.63,21.75,4,1,1,2,4,213,1325,564,491,4493,6805,9164,6253,332,,855,,1723,0,,t3_shieldbreaker|t3_finalstring
standard,41,r3,red,mid,法師,leiming,standard,1,4,6,1,30608,19044,14057,503.8,10.53,18.81,24.88,4,0,1,2,4,1447,292,527,407,3707,5892,8077,6253,1064,,285,475,,0,,t3_psyward
standard,41,r4,red,adc,射手,leiting,standard,1,11,6,0,43139,11703,16147,578.8,9.31,18.36,21.7,5,1,1,2,5,338,141,1005,547,3688,5341,9255,6253,722,2280,,,,0,,t3_shieldbreaker|t3_rendspear
standard,41,r5,red,sup,坦克,ironclad,standard,1,1,5,3,8437,33274,14963,536.3,7.06,13.11,18.4,5,1,2,3,5,313,621,570,1363,4513,6821,10370,6253,167,570,855,,,0,2523,t3_calmveil|t3_thornmail
standard,42,b1,blue,top,戰士,fengbao,standard,1,0,5,0,13748,38991,11334,414,9.07,16.8,25.09,3,1,1,2,3,814,194,342,534,3964,5674,8042,6253,1143,,,475,,171,,t3_shieldbreaker|t3_finalstring
standard,42,b2,blue,jungle,戰士,ravager,standard,1,2,3,1,13423,21394,12638,461.7,6.63,18.41,20.78,3,1,1,2,3,219,837,571,1287,4449,6267,9121,6253,544,1140,,,1012,171,,t3_shieldbreaker|t3_finalstring
standard,42,b3,blue,mid,法師,mingyun2,standard,1,4,6,0,22685,19134,13215,482.7,10.78,19.53,25.63,3,0,1,2,3,1542,176,407,1135,3802,5626,7957,6253,1057,,,475,,171,,t3_psyward
standard,42,b4,blue,adc,射手,liangzi,standard,1,9,6,0,34453,13056,14830,541.7,10.17,19.23,22.39,4,0,1,2,4,1424,1040,524,980,3584,5940,8144,6253,674,1140,,,,76,,t3_shieldbreaker|t3_rendspear
standard,42,b5,blue,sup,輔助,huanjing,standard,1,2,4,2,8295,24872,15784,576.6,5.7,11.02,17.23,5,1,2,3,5,1174,509,935,2583,5124,7239,10165,6253,190,570,285,950,,171,1745,t3_calmveil
standard,42,r1,red,top,戰士,fengbao,standard,0,4,1,0,19035,34644,13046,476.6,6.86,14.9,20.78,4,1,2,2,4,658,578,526,546,4458,7378,9126,6253,1092,1140,,285,51,304,,t3_shieldbreaker|t3_finalstring
standard,42,r2,red,jungle,戰士,ravager,standard,0,4,3,1,15399,23620,13978,510.6,7.88,17.99,20.85,4,1,1,2,4,260,995,1314,1048,4010,6425,9264,6253,237,570,142,285,1471,304,,t3_shieldbreaker|t3_finalstring
standard,42,r3,red,mid,法師,mingyun2,standard,0,4,3,2,22534,15778,13538,494.5,11.58,18.4,24.41,4,0,1,2,4,1390,178,841,188,3650,5778,8391,6253,836,570,142,285,,304,,t3_psyward
standard,42,r4,red,adc,射手,liangzi,standard,0,12,8,4,49558,12964,18595,679.3,11.58,17.18,20.78,5,0,1,2,5,1218,1856,1008,2995,3378,6456,9258,6253,706,1140,570,285,,304,,t3_shieldbreaker|t3_rendspear
standard,42,r5,red,sup,輔助,huanjing,standard,0,0,2,0,5827,17512,12054,440.3,6.68,12.03,16.88,4,1,2,3,4,260,1084,427,1093,4560,7334,9177,6253,243,,,285,,304,2090,t3_calmveil
standard,43,b1,blue,top,戰士,rongyan,standard,0,0,4,1,11650,28677,9231,379,8.9,17.17,,2,1,1,2,2,557,175,222,1001,3707,5655,7802,6253,855,,142,475,,76,,t3_shieldbreaker|t3_finalstring
standard,43,b2,blue,jungle,戰士,dushe,standard,0,1,5,0,7498,17717,9788,401.8,8.21,16.98,,2,1,1,2,2,790,877,299,1607,3890,6307,8129,6253,288,570,,,941,76,,t3_shieldbreaker|t3_finalstring
standard,43,b3,blue,mid,法師,bingshuang,standard,0,5,3,1,20376,15568,12466,511.8,10.34,19.59,22.22,3,0,1,2,3,1613,116,370,866,3873,5716,7920,6253,1116,,,475,,76,,t3_psyward
standard,43,b4,blue,adc,射手,shengyan,standard,0,3,7,1,18236,10843,11016,452.2,10.07,19.35,23.49,3,0,1,2,3,1514,222,331,995,3674,5602,8281,6253,764,570,142,475,,76,,t3_shieldbreaker|t3_rendspear
standard,43,b5,blue,sup,輔助,zhanchang,standard,0,2,4,0,8663,20035,11783,483.8,7.38,11.3,16.52,4,1,2,3,4,521,391,560,1083,5121,7421,9600,6253,205,570,,475,68,76,1951,t3_calmveil
standard,43,r1,red,top,戰士,rongyan,standard,1,6,0,0,20266,27535,14954,613.9,8.4,15.36,18.98,4,1,1,3,4,633,2382,618,1503,3783,7862,10218,6253,981,2280,,285,,418,,t3_shieldbreaker|t3_finalstring
standard,43,r2,red,jungle,戰士,dushe,standard,1,5,0,2,17248,18923,14062,577.3,9.37,16.47,18.73,4,1,1,3,4,205,2103,672,1132,3955,7533,10222,6253,266,1140,427,285,1431,418,,t3_shieldbreaker|t3_finalstring
standard,43,r3,red,mid,法師,bingshuang,standard,1,3,4,1,15779,15497,11359,466.3,11.4,17.16,23.82,3,0,1,2,3,1400,382,488,809,3660,6282,8638,6253,1016,570,285,285,,228,,t3_psyward
standard,43,r4,red,adc,射手,shengyan,standard,1,9,5,1,22589,11103,14751,605.6,10.05,16.05,21.14,4,0,1,2,4,1509,1390,1480,900,3669,7070,9730,6253,779,1710,285,285,,418,,t3_shieldbreaker|t3_rendspear
standard,43,r5,red,sup,輔助,zhanchang,standard,1,0,2,2,5135,16149,11667,479,6.93,12.65,16.23,4,1,2,3,4,554,785,889,707,4554,7515,9639,6253,224,,427,285,,418,2030,t3_calmveil
standard,44,b1,blue,top,戰士,embercoil,standard,0,0,3,0,11623,24789,8472,372.8,9.57,18.47,,2,1,1,2,2,500,324,272,542,3650,5854,7602,6253,779,,,190,,380,,t3_shieldbreaker|t3_finalstring
standard,44,b2,blue,jungle,戰士,jufeng,standard,0,2,0,0,8072,18422,10666,469.4,8.72,16.17,20.48,3,1,1,2,3,17,1068,1017,166,3817,6548,9617,6253,646,1140,,427,770,380,,t3_shieldbreaker|t3_finalstring
standard,44,b3,blue,mid,法師,mingyun2,standard,0,7,5,0,21329,14638,13317,586,10.86,15.14,20.48,3,0,1,2,3,1447,1349,1280,1237,3707,7849,10680,6253,864,2280,,902,,380,,t3_psyward
standard,44,b4,blue,adc,射手,mirrorshot,standard,0,2,3,1,15423,8956,10429,458.9,10.69,17.79,22.47,3,0,1,2,3,1547,493,704,129,3707,5873,8324,6253,741,,285,665,,380,,t3_shieldbreaker|t3_rendspear
standard,44,b5,blue,sup,坦克,thornwall,standard,0,1,3,1,6942,22866,11394,501.4,7.28,11.3,16.46,3,1,2,3,3,766,772,221,1414,5266,8012,10201,6253,313,570,,190,,380,2494,t3_calmveil|t3_thornmail
standard,44,r1,red,top,戰士,embercoil,standard,1,2,0,0,13090,23094,10990,483.6,9.7,17.88,19.31,3,1,1,3,3,500,373,242,439,3650,5303,9892,6253,570,1140,,1662,,266,,t3_shieldbreaker|t3_finalstring
standard,44,r2,red,jungle,戰士,jufeng,standard,1,2,0,0,8473,16929,11611,510.9,7.48,15.41,20.08,3,1,1,2,3,394,1358,1666,811,4194,6838,10266,6253,199,1140,,475,1932,266,,t3_shieldbreaker|t3_finalstring
standard,44,r3,red,mid,法師,mingyun2,standard,1,2,6,0,20866,14747,10344,455.2,9.78,18.79,,2,1,1,2,2,85,273,238,1043,3935,5873,8068,6253,1311,,,237,,266,,t3_psyward
standard,44,r4,red,adc,射手,mirrorshot,standard,1,7,5,4,23953,11311,13720,603.7,10.16,16.43,20.4,4,0,1,2,4,1424,367,1799,499,3584,5867,10379,6253,630,1710,997,712,,76,,t3_shieldbreaker|t3_rendspear
standard,44,r5,red,sup,坦克,thornwall,standard,1,1,1,3,7915,19291,11874,522.5,7.38,12.67,16.81,4,1,2,3,4,563,253,704,494,4763,7933,10244,6253,481,570,142,237,51,266,2242,t3_calmveil|t3_thornmail
standard,45,b1,blue,top,戰士,cinderfist,standard,1,0,0,2,13299,23819,8922,385.5,9.01,18.08,,2,1,1,2,2,513,535,105,322,3663,5715,7805,6253,753,,285,95,,418,,t3_shieldbreaker|t3_finalstring
standard,45,b2,blue,jungle,戰士,langwang,standard,1,2,3,1,12258,17760,10969,474,9.03,14.51,20.66,3,1,2,2,3,127,489,895,519,3877,7239,9445,6253,376,1140,,332,924,418,,t3_shieldbreaker|t3_finalstring
standard,45,b3,blue,mid,法師,bingshuang,standard,1,3,3,0,15748,13176,10570,456.8,10.84,20.18,,2,0,1,1,2,1447,363,1148,1170,3707,5693,7648,6253,817,,,332,17,228,,t3_psyward
standard,45,b4,blue,adc,射手,dujian,standard,1,7,5,0,21835,10755,12760,551.4,9.05,17.44,21.48,3,1,1,2,3,466,454,832,1560,3816,6134,9382,6253,888,1710,,95,17,418,,t3_shieldbreaker|t3_rendspear
standard,45,b5,blue,sup,輔助,xuemai,standard,1,1,2,3,4112,16239,13256,572.8,5.95,14.31,15.27,4,1,2,3,4,928,777,2586,1876,4628,7807,11816,6253,394,570,285,1995,,418,1900,t3_calmveil
standard,45,r1,red,top,戰士,cinderfist,standard,0,3,3,3,15482,30521,12124,523.9,8.12,16.8,20.73,3,1,1,2,3,950,653,734,723,4100,6133,9334,6253,886,1140,712,190,,152,,t3_shieldbreaker|t3_finalstring
standard,45,r2,red,jungle,戰士,langwang,standard,0,1,2,0,9237,14161,10146,438.4,8.72,17.84,22.73,3,1,1,2,3,600,504,1810,595,3700,5934,8560,6253,152,570,,190,1242,152,,t3_shieldbreaker|t3_finalstring
standard,45,r3,red,mid,法師,bingshuang,standard,0,6,4,0,18195,14911,13260,573,10.55,17.02,20.39,3,0,1,2,3,2226,532,1451,1180,4486,7032,10851,6253,1026,2280,,1140,,152,,t3_psyward
standard,45,r4,red,adc,射手,dujian,standard,0,2,4,0,15545,9076,9977,431.1,9.93,19.48,,2,1,1,2,2,303,306,213,1076,3653,5686,7833,6253,763,,,665,,152,,t3_shieldbreaker|t3_rendspear
standard,45,r5,red,sup,輔助,xuemai,standard,0,1,0,4,8196,12353,11630,502.6,6.31,11.89,18.25,3,1,2,3,3,247,1174,808,2400,4547,7654,10038,6253,326,570,712,190,,152,1834,t3_calmveil
standard,46,b1,blue,top,戰士,leimingcf,standard,1,3,1,0,22170,37290,13485,463.5,9.08,16.96,23.72,4,1,1,2,4,481,916,262,984,3631,6396,8562,6253,655,1140,,285,,228,,t3_shieldbreaker|t3_finalstring
standard,46,b2,blue,jungle,戰士,tielian,standard,1,2,2,0,11233,21026,13751,472.7,9.07,16.98,20.85,4,1,1,2,4,513,1560,863,820,4563,6990,9413,6253,256,1140,,285,1250,228,,t3_shieldbreaker|t3_finalstring
standard,46,b3,blue,mid,法師,mingyun2,standard,1,10,11,0,25467,22617,16865,579.7,10.22,18.42,21.57,5,0,1,2,5,1580,204,192,714,3840,6704,9592,6253,1116,1710,,285,,228,,t3_psyward
standard,46,b4,blue,adc,射手,tianfa,standard,1,16,10,1,64225,17050,20242,695.8,10.24,16.97,21.43,5,0,1,2,5,1395,754,711,4642,3555,6434,8961,6253,769,1140,285,285,,228,,t3_shieldbreaker|t3_rendspear
standard,46,b5,blue,sup,輔助,fengshen,standard,1,1,2,1,10148,21797,15805,543.3,6.22,10.96,14.45,5,1,3,3,5,805,296,797,2605,5105,7996,10027,6253,242,570,,285,17,228,2431,t3_calmveil
standard,46,r1,red,top,戰士,leimingcf,standard,0,4,2,1,23640,41516,14052,483,8.73,16.79,21.21,4,1,1,2,4,627,858,649,602,3777,6038,9249,6253,817,1140,285,475,51,228,,t3_shieldbreaker|t3_finalstring
standard,46,r2,red,jungle,戰士,tielian,standard,0,3,3,2,16451,24385,14335,492.7,9.98,16.88,21.73,4,1,1,2,4,60,723,827,934,4110,6153,9377,6253,202,570,570,,1552,228,,t3_shieldbreaker|t3_finalstring
standard,46,r3,red,mid,法師,mingyun2,standard,0,9,9,2,25644,20432,16813,577.9,9.4,18.18,22.38,5,1,1,2,5,370,133,748,662,4220,6063,10148,6253,912,1710,570,475,,228,,t3_psyward
standard,46,r4,red,adc,射手,tianfa,standard,0,10,15,0,37780,16538,16293,560.1,9.41,18.98,22.63,4,1,1,2,4,272,302,508,2443,3622,5382,8128,6253,839,570,,237,,228,,t3_shieldbreaker|t3_rendspear
standard,46,r5,red,sup,輔助,fengshen,standard,0,0,3,1,9626,24938,12638,434.4,6.91,11.84,18.77,4,1,2,3,4,1217,127,182,1257,4617,6857,8842,6253,231,,,237,,228,1892,t3_calmveil
standard,47,b1,blue,top,戰士,jufeng,standard,0,0,1,1,9798,27997,10177,425.5,9.02,17.19,,2,1,1,2,2,443,1028,419,2096,3593,5778,7849,6253,836,,285,475,,0,,t3_shieldbreaker|t3_finalstring
standard,47,b2,blue,jungle,戰士,greymantle,standard,0,1,4,0,11280,21271,9535,398.7,8.71,16.93,,2,1,1,2,2,761,392,568,1305,3861,5872,8148,6253,570,570,,,754,0,,t3_shieldbreaker|t3_finalstring
standard,47,b3,blue,mid,法師,bingshuang,standard,0,0,6,0,11114,15829,8790,367.5,11.8,19.98,,2,0,1,2,2,1219,415,119,389,3479,5265,7469,6253,741,,,475,,0,,t3_psyward
standard,47,b4,blue,adc,射手,dawnstrike,standard,0,4,8,0,19028,13993,10861,454.1,10.25,19.23,23.21,3,0,1,2,3,1569,158,130,960,3729,5658,7330,6253,839,,,237,,0,,t3_shieldbreaker|t3_rendspear
standard,47,b5,blue,sup,坦克,stoneguard,standard,0,1,3,0,5882,23403,10722,448.3,7.39,12.91,16.51,3,1,2,3,3,196,387,459,1141,4646,7767,9439,6253,433,570,,237,,0,1944,t3_calmveil|t3_thornmail
standard,47,r1,red,top,戰士,jufeng,standard,1,8,0,0,16731,24027,15362,642.3,8.13,13.29,17.49,4,1,2,3,4,842,844,1415,1862,3992,7994,11965,6253,1170,3420,,665,,456,,t3_shieldbreaker|t3_finalstring
standard,47,r2,red,jungle,戰士,greymantle,standard,1,3,1,3,13560,14275,12779,534.3,8.78,15.98,19.2,3,1,1,3,3,241,3356,731,2279,4041,7636,10331,6253,392,1140,451,190,1447,456,,t3_shieldbreaker|t3_finalstring
standard,47,r3,red,mid,法師,bingshuang,standard,1,3,1,3,21540,14521,13465,563,10.34,17.71,22.17,3,0,1,2,3,1697,375,352,1384,3957,6875,9402,6253,1386,,166,1140,,456,,t3_psyward
standard,47,r4,red,adc,射手,dawnstrike,standard,1,7,4,2,27158,10958,13416,560.9,9.73,16.58,21.37,4,1,1,2,4,291,310,404,515,3641,5990,8954,6253,701,1140,213,190,,456,,t3_shieldbreaker|t3_rendspear
standard,47,r5,red,sup,坦克,stoneguard,standard,1,1,0,4,9937,20611,12768,533.8,7.22,12.43,17.22,4,1,2,3,4,94,936,1138,567,5144,8176,11118,6253,149,570,593,665,,456,2430,t3_calmveil|t3_thornmail
standard,48,b1,blue,top,戰士,anliuyouXia,standard,0,1,1,0,10776,22866,9130,437.3,9.47,18.49,,2,1,1,2,2,519,314,1520,849,3669,5544,8850,6253,798,570,,950,,278,,t3_shieldbreaker|t3_finalstring
standard,48,b2,blue,jungle,刺客,miwu,standard,0,0,1,0,3513,10033,8259,395.7,8.67,17.08,,2,1,1,2,2,767,714,200,479,3967,6044,7980,6253,370,,,,1077,278,,t3_finalstring
standard,48,b3,blue,mid,法師,lieyan,standard,0,5,3,0,14064,14297,10776,516.2,9.8,17.99,,2,1,1,2,2,579,500,1026,1696,4429,7000,9356,6253,1114,1710,,,,278,,t3_psyward
standard,48,b4,blue,adc,射手,yanfeng,standard,0,1,5,0,9911,8437,8786,420.9,9.07,17.93,,2,1,1,2,2,402,101,556,235,3752,5481,8506,6253,715,570,,712,102,152,,t3_shieldbreaker|t3_rendspear
standard,48,b5,blue,sup,坦克,bingshouweis,standard,0,0,3,0,3808,16603,9735,466.3,6.69,13.69,19,3,1,2,3,3,155,281,555,234,4655,6941,9455,6253,269,,,712,,152,2067,t3_calmveil|t3_thornmail
standard,48,r1,red,top,戰士,anliuyouXia,standard,1,3,0,0,9586,20278,10703,512.7,9.63,17.83,20.09,3,1,1,2,3,51,714,1584,573,4201,6244,10234,6253,731,1710,,1235,,304,,t3_shieldbreaker|t3_finalstring
standard,48,r2,red,jungle,刺客,miwu,standard,1,3,0,1,6905,8423,11848,567.6,8.22,15.6,,2,1,1,2,2,356,1662,2326,3468,4256,7292,10706,6253,475,1140,95,522,1916,304,,t3_finalstring
standard,48,r3,red,mid,法師,lieyan,standard,1,0,3,0,10368,11507,8585,411.3,11.2,20.84,,2,0,1,1,2,1447,40,1615,84,3707,5940,8115,6253,1035,,,522,,304,,t3_psyward
standard,48,r4,red,adc,射手,yanfeng,standard,1,5,4,1,17515,8411,10846,519.6,10.03,17.63,,2,0,1,2,2,1253,388,986,1945,3413,5588,9236,6253,351,1710,95,522,,304,,t3_shieldbreaker|t3_rendspear
standard,48,r5,red,sup,坦克,bingshouweis,standard,1,2,0,2,5001,14837,12308,589.6,6.48,11.43,14.58,4,1,3,4,4,362,295,200,108,5162,8895,11800,6253,256,1140,380,997,,304,2469,t3_calmveil|t3_thornmail
standard,49,b1,blue,top,戰士,tielian,standard,1,0,2,1,12117,28577,9412,386.4,9.18,18.3,,2,1,1,2,2,614,332,240,811,3764,5512,7640,6253,836,,,475,,76,,t3_shieldbreaker|t3_finalstring
standard,49,b2,blue,jungle,刺客,jueying,standard,1,2,4,0,5729,12828,10852,445.5,8.69,17.08,21.97,3,1,1,2,3,624,693,762,251,3824,6273,8792,6253,114,1140,,,1113,171,,t3_finalstring
standard,49,b3,blue,mid,法師,shikong,standard,1,5,4,2,16939,17153,13031,535,8.98,16.57,21.92,3,1,1,2,3,560,204,310,2481,4410,6434,9360,6253,1225,1140,570,,,171,,t3_psyward
standard,49,b4,blue,adc,射手,siwang,standard,1,13,4,0,36254,12435,17069,700.7,8.39,15.06,17.68,5,1,1,3,5,756,1409,1169,1468,4106,7089,11649,6253,1330,3420,,475,,171,,t3_shieldbreaker|t3_rendspear
standard,49,b5,blue,sup,輔助,mingyun,standard,1,0,0,2,5339,20559,13209,542.3,7.51,11.64,15.82,4,1,2,3,4,94,343,1181,1758,4694,7073,10221,6253,408,,,950,68,171,2370,t3_calmveil
standard,49,r1,red,top,戰士,tielian,standard,0,4,2,0,12696,28675,12138,498.3,9.63,15.61,19.83,3,1,1,3,3,633,1220,59,1158,3783,6700,10139,6253,978,1710,,760,,437,,t3_shieldbreaker|t3_finalstring
standard,49,r2,red,jungle,刺客,jueying,standard,0,2,2,0,10567,13079,11611,476.7,9.05,15.54,20.39,3,1,1,2,3,848,1554,1581,530,4048,7134,9911,6253,361,1140,,522,1387,247,,t3_finalstring
standard,49,r3,red,mid,法師,shikong,standard,0,3,6,0,18160,16692,11097,455.6,11.52,19.59,,2,0,1,2,2,1498,100,159,1697,3758,6000,8489,6253,893,570,,285,51,437,,t3_psyward
standard,49,r4,red,adc,射手,siwang,standard,0,5,8,0,19724,10393,11901,488.6,10.44,19.48,23.15,3,0,1,2,3,1414,546,814,1000,3574,5626,8134,6253,684,570,,285,,342,,t3_shieldbreaker|t3_rendspear
standard,49,r5,red,sup,輔助,mingyun,standard,0,0,2,3,5453,14170,12847,527.4,7.36,13.04,16.66,4,1,2,3,4,449,598,2082,1396,4449,7328,10662,6253,199,,570,522,,437,2680,t3_calmveil
standard,50,b1,blue,top,戰士,longyi,standard,0,1,3,0,11780,32812,10176,393.5,9.53,17.6,24.77,3,1,1,2,3,481,457,448,225,3631,5987,8248,6253,703,570,,570,,152,,t3_shieldbreaker|t3_finalstring
standard,50,b2,blue,jungle,刺客,anye,standard,0,3,7,0,8123,15208,11957,462.4,9.35,16.97,21.83,3,1,1,2,3,594,877,953,1076,3794,6507,9083,6253,475,1140,,95,967,152,,t3_finalstring
standard,50,b3,blue,mid,法師,lieyan,standard,0,1,8,0,15746,15682,11076,428.3,10.46,17.93,25.79,3,0,1,2,3,1485,189,405,245,3745,6089,8255,6253,684,570,,570,26,152,,t3_psyward
standard,50,b4,blue,adc,射手,maestro,standard,0,5,11,0,27751,13759,12044,465.8,9.2,20.03,23.71,3,1,1,1,3,515,252,1567,243,3865,5632,7247,6253,747,,,95,,152,,t3_shieldbreaker|t3_rendspear
standard,50,b5,blue,sup,坦克,suishan,standard,0,0,3,0,4929,24026,11819,457.1,6.76,13.15,18.52,4,1,2,3,4,771,266,1220,218,4671,7046,9820,6253,164,,,570,,152,2680,t3_calmveil|t3_thornmail
standard,50,r1,red,top,戰士,longyi,standard,1,7,0,0,19989,27774,15641,604.9,7.4,13.7,17.64,4,1,2,3,4,1159,245,242,2611,4309,7995,11092,6253,1133,2280,,1045,,380,,t3_shieldbreaker|t3_finalstring
standard,50,r2,red,jungle,刺客,anye,standard,1,4,0,1,10929,13588,13522,522.9,8.07,15.42,19.06,3,1,1,3,3,967,1389,132,2871,4167,7019,10432,6253,354,1710,71,95,1567,380,,t3_finalstring
standard,50,r3,red,mid,法師,lieyan,standard,1,8,4,4,27089,16236,16343,632,10.42,16.94,21.77,4,0,1,2,4,1628,312,291,1943,3888,6512,9571,6253,867,1140,783,95,51,380,,t3_psyward
standard,50,r4,red,adc,射手,maestro,standard,1,10,5,2,34275,12051,16159,624.9,11.35,17.15,22.61,5,0,1,2,5,1528,453,1152,559,3688,5653,10052,6253,687,1710,213,807,,380,,t3_shieldbreaker|t3_rendspear
standard,50,r5,red,sup,坦克,suishan,standard,1,3,1,3,7782,21571,13525,523,6.4,11.33,14.98,4,1,3,3,4,619,62,1219,1325,5719,8662,11199,6253,262,1710,641,332,,380,1618,t3_calmveil|t3_thornmail
standard,51,b1,blue,top,戰士,chichuan,standard,0,0,0,0,10824,22856,7879,391,8.35,17.59,,2,1,1,2,2,614,640,54,178,3764,6120,7754,6253,912,,,285,,304,,t3_shieldbreaker|t3_finalstring
standard,51,b2,blue,jungle,刺客,hundun,standard,0,2,1,0,6148,7972,9722,482.5,10.13,16.84,,2,0,1,2,2,1738,473,368,492,3948,6923,9598,6253,465,1140,,285,1150,304,,t3_psyward
standard,51,b3,blue,mid,法師,shikong,standard,0,2,4,0,12532,13125,9326,462.8,10.27,17.56,,2,0,1,2,2,1526,185,451,575,3786,6085,9201,6253,981,1140,,522,,304,,t3_psyward
standard,51,b4,blue,adc,射手,huanying,standard,0,2,2,0,12088,8489,9389,466,9.53,16.77,,2,1,1,2,2,281,159,985,1109,3631,5959,9265,6253,807,1140,,760,,304,,t3_shieldbreaker|t3_rendspear
standard,51,b5,blue,sup,坦克,tieshixin,standard,0,0,0,2,4256,14336,10624,527.2,6.65,14.83,16.89,3,1,2,3,3,1127,598,619,743,4627,7778,10499,6253,291,,570,522,26,304,2531,t3_calmveil|t3_thornmail
standard,51,r1,red,top,戰士,chichuan,standard,1,1,1,1,11140,22285,8556,424.6,9.24,17.29,,2,1,1,2,2,1083,672,113,256,4233,6152,8413,6253,782,570,142,475,,190,,t3_shieldbreaker|t3_finalstring
standard,51,r2,red,jungle,刺客,hundun,standard,1,0,2,1,7293,10736,9068,450,9.36,16.88,,2,1,1,2,2,608,411,475,138,4408,6561,8925,6253,256,,285,,1940,190,,t3_psyward
standard,51,r3,red,mid,法師,shikong,standard,1,0,2,1,10937,12502,8173,405.6,10.24,19.33,,2,0,1,2,2,1599,120,480,143,3859,6320,8030,6253,1159,,142,475,,0,,t3_psyward
standard,51,r4,red,adc,射手,huanying,standard,1,4,1,0,16911,8086,10846,538.2,8.13,17.5,,2,1,1,2,2,892,320,1232,1945,4242,6000,10132,6253,791,1710,,1187,,190,,t3_shieldbreaker|t3_rendspear
standard,51,r5,red,sup,坦克,tieshixin,standard,1,2,0,0,3962,15792,11097,550.7,7.84,12.12,16.78,3,1,2,3,3,195,911,1074,1217,4595,8091,10954,6253,316,1140,,712,,190,2341,t3_calmveil|t3_thornmail
standard,52,b1,blue,top,戰士,xueyue,standard,1,3,0,0,12647,28239,12236,484.4,7.01,15.87,21.98,3,1,1,2,3,291,1172,381,1435,4391,6652,8381,6253,874,570,,285,,399,,t3_shieldbreaker|t3_finalstring
standard,52,b2,blue,jungle,刺客,razorwing,standard,1,1,3,0,9731,12092,11035,436.9,9.01,17.37,23.88,3,1,1,2,3,745,967,854,434,3945,6247,8284,6253,304,,,285,1043,399,,t3_finalstring
standard,52,b3,blue,mid,法師,lieyan,standard,1,5,6,1,22047,16706,13493,534.2,10.66,16.01,22.73,3,0,1,2,3,1555,1111,484,1762,3815,7311,9534,6253,1076,1140,,760,,304,,t3_psyward
standard,52,b4,blue,adc,射手,guangsu,standard,1,9,7,0,28930,13173,15361,608.2,9.57,18.33,22.33,4,1,1,2,4,234,569,1220,1511,3584,5769,9170,6253,522,1710,,285,,399,,t3_shieldbreaker|t3_rendspear
standard,52,b5,blue,sup,輔助,shiguang,standard,1,0,3,1,6525,19326,11703,463.3,7.13,12.48,16.48,4,1,2,3,4,336,353,614,823,4636,7383,9074,6253,262,,,285,,399,1874,t3_calmveil
standard,52,r1,red,top,戰士,xueyue,standard,0,3,3,0,13930,35653,11149,441.4,8.37,17.51,21.33,3,1,1,2,3,627,570,915,349,3777,6050,8615,6253,937,1140,,95,,190,,t3_shieldbreaker|t3_finalstring
standard,52,r2,red,jungle,刺客,razorwing,standard,0,2,4,0,7843,15166,11861,469.6,8.67,16.98,21.93,3,1,1,2,3,933,676,899,780,4133,6256,8449,6253,399,,,95,1511,190,,t3_finalstring
standard,52,r3,red,mid,法師,lieyan,standard,0,2,4,1,17455,15352,11409,451.7,10.78,18.92,,2,0,1,2,2,1447,114,826,2009,3707,6044,8856,6253,988,570,285,570,,190,,t3_psyward
standard,52,r4,red,adc,射手,guangsu,standard,0,11,5,1,27721,11445,17122,677.9,7.18,14.93,18.33,5,1,2,3,5,861,90,1598,1521,5341,7710,12498,6253,1067,4560,285,332,,0,,t3_shieldbreaker|t3_rendspear
standard,52,r5,red,sup,輔助,shiguang,standard,0,1,2,2,7780,22095,12368,489.7,6.33,12.58,16.77,4,1,2,3,4,946,182,167,917,4646,7212,9207,6253,446,,,332,,190,1984,t3_calmveil
standard,53,b1,blue,top,戰士,langwang,standard,0,1,3,0,9925,23518,9507,465.1,8.72,17.52,,2,1,1,2,2,636,529,1098,1277,3786,6009,9328,6253,877,570,,1425,,202,,t3_shieldbreaker|t3_finalstring
standard,53,b2,blue,jungle,刺客,jingxiang,standard,0,0,4,1,2947,8422,8307,406.4,8.73,16.73,,2,1,1,2,2,777,424,85,226,3977,6004,8165,6253,294,,285,,1129,202,,t3_finalstring
standard,53,b3,blue,mid,法師,auralith,standard,0,1,3,0,7715,12928,8219,402.1,10.29,19.14,,2,0,1,2,2,1675,167,227,368,3935,6367,8077,6253,1178,570,,,,76,,t3_psyward
standard,53,b4,blue,adc,射手,mori,standard,0,1,3,0,9682,9050,7896,386.3,9.57,18.2,,2,1,1,2,2,490,94,434,275,3840,5474,7754,6253,855,570,,,,76,,t3_shieldbreaker|t3_rendspear
standard,53,b5,blue,sup,輔助,fuwenbianzhi,standard,0,0,1,1,5024,15745,9659,472.5,5.78,12.09,16.43,3,1,2,3,3,917,1202,478,619,4617,7382,9518,6253,253,,285,475,51,202,1997,t3_calmveil
standard,53,r1,red,top,戰士,langwang,standard,1,4,0,1,11289,20632,10793,528,8.28,16.41,19.51,3,1,1,3,3,605,1030,382,713,3755,6510,10462,6253,883,2280,285,380,,380,,t3_shieldbreaker|t3_finalstring
standard,53,r2,red,jungle,刺客,jingxiang,standard,1,1,0,2,6674,9147,10561,516.6,8.68,14.12,19.64,3,1,2,3,3,227,532,328,911,4077,7182,9978,6253,335,570,570,380,1488,380,,t3_finalstring
standard,53,r3,red,mid,法師,auralith,standard,1,2,1,1,11059,10834,10996,537.9,12.05,18.22,20.44,3,0,1,2,3,1409,294,2634,145,3669,6044,10664,6253,1038,1140,285,1567,,380,,t3_psyward
standard,53,r4,red,adc,射手,mori,standard,1,7,2,1,18141,8725,12826,627.5,9.23,16.86,18.9,3,1,1,3,3,329,735,695,1026,3679,6415,12495,6253,731,3990,285,855,,380,,t3_shieldbreaker|t3_rendspear
standard,53,r5,red,sup,輔助,fuwenbianzhi,standard,1,0,0,2,3445,9769,10507,514,6.19,13.54,18.7,3,1,2,3,3,563,311,1136,1467,4563,7341,10176,6253,430,,570,617,,380,1924,t3_calmveil
standard,54,b1,blue,top,戰士,kuangfeng,standard,0,0,4,1,12166,34147,11241,421.4,7.67,17.26,22.35,3,1,1,2,3,174,717,415,390,4024,6247,8045,6253,956,,285,475,,76,,t3_shieldbreaker|t3_finalstring
standard,54,b2,blue,jungle,刺客,sting,standard,0,1,8,0,9990,15341,11044,414,9.61,16.56,24.17,3,1,1,2,3,631,846,468,764,3831,6476,8598,6253,285,570,,,1413,76,,t3_finalstring
standard,54,b3,blue,mid,法師,xingjie,standard,0,0,10,0,14112,19416,11158,418.3,10.22,19.39,25.84,3,0,1,2,3,1599,216,394,608,3859,5816,7944,6253,1140,,,475,,76,,t3_psyward
standard,54,b4,blue,adc,射手,leiting,standard,0,9,8,1,33224,12890,15565,583.5,9.65,17.79,20.48,4,1,1,2,4,193,1100,1479,1965,3543,5880,9729,6253,601,2280,,475,43,76,,t3_shieldbreaker|t3_rendspear
standard,54,b5,blue,sup,坦克,ironclad,standard,0,2,5,0,5038,26413,12041,451.4,5.81,12.12,19.07,4,1,2,3,4,264,469,512,441,5064,7409,9112,6253,322,570,,,,76,1890,t3_calmveil|t3_thornmail
standard,54,r1,red,top,戰士,kuangfeng,standard,1,2,2,0,8768,26180,12590,472,9.02,16.98,22.95,3,1,1,2,3,557,504,219,1139,3707,5734,8869,6253,734,570,,760,,551,,t3_shieldbreaker|t3_finalstring
standard,54,r2,red,jungle,刺客,sting,standard,1,4,1,0,10734,13259,13805,517.5,8.72,15.22,20.44,4,1,1,2,4,879,1606,1949,405,4079,7236,10029,6253,278,1140,,285,1520,551,,t3_finalstring
standard,54,r3,red,mid,法師,xingjie,standard,1,9,6,0,25554,18265,16098,603.5,10.21,16.83,21.8,4,0,1,2,4,1637,608,769,1698,3897,7108,9749,6253,1140,1140,,760,,456,,t3_psyward
standard,54,r4,red,adc,射手,leiting,standard,1,18,3,2,57100,11588,22308,836.3,9.6,15.44,18.24,5,1,1,3,5,357,1650,1866,6708,3707,7330,13666,6253,924,5130,285,522,,551,,t3_shieldbreaker|t3_rendspear
standard,54,r5,red,sup,坦克,ironclad,standard,1,2,0,5,12298,23917,15481,580.4,6.89,12.93,15.35,5,1,2,3,5,1008,1541,2065,1880,4608,8781,12045,6253,455,1140,855,522,,551,2267,t3_calmveil|t3_thornmail
standard,55,b1,blue,top,戰士,greymantle,standard,0,0,1,0,5057,18611,7627,395.3,9.06,18.12,,2,1,1,,2,627,159,,226,3777,5639,,,,,,,,,,t3_shieldbreaker|t3_finalstring
standard,55,b2,blue,jungle,刺客,yingsi,standard,0,2,1,0,4089,9119,8608,446.2,8.31,16.26,,2,1,1,,2,819,1412,,277,4019,6512,,,,,,,,,,t3_finalstring
standard,55,b3,blue,mid,法師,auralith,standard,0,1,0,0,8089,10037,8482,439.7,9.63,18.48,,2,1,1,,2,155,294,,451,4005,6494,,,,,,,,,,t3_psyward
standard,55,b4,blue,adc,射手,liangzi,standard,0,0,4,1,7037,8438,6876,356.4,9.63,,,1,1,1,,1,227,331,,1196,3577,5411,,,,,,,,,,t3_shieldbreaker|t3_rendspear
standard,55,b5,blue,sup,輔助,huanjing,standard,0,0,0,1,3651,11997,9608,498,5.72,13.33,15.47,3,1,2,,3,406,550,,567,4706,7280,,,,,,,,,,t3_calmveil
standard,55,r1,red,top,戰士,greymantle,standard,1,0,0,0,4999,17792,8355,433.1,9.17,16.7,,2,1,1,,2,453,631,,355,3603,6111,,,,,,,,,,t3_shieldbreaker|t3_finalstring
standard,55,r2,red,jungle,刺客,yingsi,standard,1,1,0,0,4577,7498,9154,474.5,8.25,17.06,,2,1,1,,2,409,1423,,824,4259,7003,,,,,,,,,,t3_finalstring
standard,55,r3,red,mid,法師,auralith,standard,1,0,0,0,6145,10322,7814,405,10.51,,,1,0,1,,1,1599,311,,1313,3859,5911,,,,,,,,,,t3_psyward
standard,55,r4,red,adc,射手,liangzi,standard,1,4,3,0,10761,7089,10768,558.2,10.07,17.12,18.85,3,0,1,,3,1576,1096,,468,3736,6776,,,,,,,,,,t3_shieldbreaker|t3_rendspear
standard,55,r5,red,sup,輔助,huanjing,standard,1,1,0,0,3813,10423,9653,500.4,6.5,12.31,16.81,3,1,2,,3,283,398,,1193,5133,7428,,,,,,,,,,t3_calmveil
standard,56,b1,blue,top,戰士,ravager,standard,0,0,3,0,11105,28192,9479,396.1,9.23,18.18,,2,1,1,2,2,443,298,506,878,3593,5778,7906,6253,627,,,950,,76,,t3_shieldbreaker|t3_finalstring
standard,56,b2,blue,jungle,刺客,youming,standard,0,0,5,1,4340,12980,9842,411.2,8.52,16.51,,2,1,1,2,2,655,669,131,1512,3855,6249,8161,6253,418,,285,,1128,76,,t3_finalstring
standard,56,b3,blue,mid,法師,xingjie,standard,0,1,6,0,8853,16292,9849,411.5,10.12,19.12,,2,0,1,2,2,1716,1040,173,449,3976,6370,8023,6253,1219,,,475,,76,,t3_psyward
standard,56,b4,blue,adc,射手,shengyan,standard,0,11,4,0,31309,11132,15901,664.4,7.38,16.31,19.77,4,1,1,3,4,82,1096,143,2050,4382,6776,10623,6253,969,2850,,475,,76,,t3_shieldbreaker|t3_rendspear
standard,56,b5,blue,sup,輔助,zhanchang,standard,0,0,1,2,4286,16433,11513,481,7.99,12.26,16.77,4,1,2,3,4,327,215,1090,62,4627,6945,10130,6253,262,,570,475,,76,2493,t3_calmveil
standard,56,r1,red,top,戰士,ravager,standard,1,4,1,0,15114,26424,12143,507.4,9.51,15.8,21.83,3,1,1,2,3,456,961,444,743,4256,6441,9044,6253,798,1140,,380,17,456,,t3_shieldbreaker|t3_finalstring
standard,56,r2,red,jungle,刺客,youming,standard,1,0,2,0,6387,11517,10913,456,8.5,15.6,21.99,3,1,1,2,3,354,942,563,782,4204,6522,8893,6253,266,,,380,1537,456,,t3_finalstring
standard,56,r3,red,mid,法師,xingjie,standard,1,7,3,0,17088,15226,14328,598.7,11.38,17.15,21.72,4,0,1,2,4,1523,352,727,977,3783,6852,10127,6253,1301,1710,,380,26,456,,t3_psyward
standard,56,r4,red,adc,射手,shengyan,standard,1,8,4,0,25588,9231,14140,590.8,10.41,18.05,20.62,3,0,1,2,3,1205,360,1179,2340,3365,5740,8799,6253,570,1140,,380,,456,,t3_shieldbreaker|t3_rendspear
standard,56,r5,red,sup,輔助,zhanchang,standard,1,0,2,1,2396,14676,11879,496.3,6.38,12.02,15.83,4,1,2,3,4,499,579,671,999,4449,7309,9711,6253,142,,,380,,456,2479,t3_calmveil
standard,57,b1,blue,top,戰士,leimingcf,standard,0,1,8,0,10804,37995,12300,411,10.1,18.09,22.06,3,0,1,2,3,1467,366,1787,1470,3517,6016,9037,6253,598,570,,1615,,0,,t3_shieldbreaker|t3_finalstring
standard,57,b2,blue,jungle,刺客,yueying,standard,0,0,11,1,10691,17609,12023,401.8,8.63,15.92,23.53,3,1,1,2,3,67,1907,660,1143,3967,6587,8440,6253,364,,95,190,1284,253,,t3_finalstring
standard,57,b3,blue,mid,法師,auralith,standard,0,9,12,1,32097,21819,17079,570.7,10.91,19.36,23.92,5,0,1,2,5,1447,129,413,928,3707,6329,7963,6253,950,,95,665,,0,,t3_psyward
standard,57,b4,blue,adc,射手,xingchen,standard,0,13,10,0,53170,17902,18244,609.7,9.93,18.52,21.2,5,1,1,2,5,243,360,328,2644,3593,5860,8178,6253,912,570,,190,,253,,t3_shieldbreaker|t3_rendspear
standard,57,b5,blue,sup,坦克,thornwall,standard,0,0,7,1,8286,36408,13717,458.4,7.49,13.06,19.2,4,1,2,3,4,698,97,371,1516,4598,7337,8971,6253,329,,95,190,,253,1850,t3_calmveil|t3_thornmail
standard,57,r1,red,top,戰士,leimingcf,standard,1,11,2,0,21896,38065,20321,679.1,9.19,14.03,19.23,5,1,2,3,5,595,342,497,4971,3745,7792,11047,6253,836,2850,,633,,475,,t3_shieldbreaker|t3_finalstring
standard,57,r2,red,jungle,刺客,yueying,standard,1,8,4,1,19273,20361,18566,620.4,8.7,14.15,19.97,5,1,2,3,5,70,636,180,3266,4450,7336,10660,6253,636,1710,,,1585,475,,t3_finalstring
standard,57,r3,red,mid,法師,auralith,standard,1,8,9,1,25251,21619,16563,553.5,11.01,18.01,22.94,5,0,1,2,5,1552,325,196,412,3812,5655,8226,6253,864,570,,158,,380,,t3_psyward
standard,57,r4,red,adc,射手,xingchen,standard,1,17,8,3,64255,15930,21800,728.5,7.9,15.83,19.3,5,1,1,3,5,338,1039,911,6200,4638,6719,11811,6253,1092,3420,570,,,475,,t3_shieldbreaker|t3_rendspear
standard,57,r5,red,sup,坦克,thornwall,standard,1,4,0,4,12656,28666,18697,624.8,6.37,13.6,15.64,5,1,2,4,5,1834,700,65,5096,4734,7480,11665,6253,446,570,855,633,,475,2431,t3_calmveil|t3_thornmail
standard,58,b1,blue,top,坦克,tiankong,standard,0,1,2,0,6986,25435,9028,404.1,6.73,15.09,20.39,3,1,1,2,3,365,625,512,317,4315,6025,8242,6253,848,570,,475,,95,,t3_calmveil|t3_thornmail
standard,58,b2,blue,jungle,戰士,tielian,standard,0,0,5,0,11842,17309,8780,393,9.1,18.35,,2,1,1,2,2,957,367,611,900,4057,5847,7891,6253,772,,,,770,95,,t3_finalstring|t3_shieldbreaker
standard,58,b3,blue,mid,法師,xingjie,standard,0,1,5,0,14134,13415,9107,407.6,10.48,17.79,,2,0,1,2,2,1507,599,509,506,3767,6199,8359,6253,1060,570,,475,,0,,t3_psyward
standard,58,b4,blue,adc,射手,dujian,standard,0,2,3,1,15738,12476,10294,460.8,8.59,18.01,21.73,3,1,1,2,3,207,459,488,394,4207,6259,8938,6253,785,570,285,950,,95,,t3_shieldbreaker|t3_rendspear
standard,58,b5,blue,sup,坦克,tiebi,standard,0,0,2,0,4907,21582,9495,425,6.53,13.32,19.04,3,1,2,3,3,641,397,67,514,4541,6897,8747,6253,256,,,,,95,2142,t3_calmveil|t3_thornmail
standard,58,r1,red,top,坦克,tiankong,standard,1,3,0,1,10315,21712,12345,552.5,7.95,14.19,16.59,4,1,2,3,4,581,1606,598,694,4231,7556,10628,6253,1269,1710,142,760,17,475,,t3_calmveil|t3_thornmail
standard,58,r2,red,jungle,戰士,tielian,standard,1,5,0,2,12754,13388,13172,589.6,9.82,14.86,19.8,3,1,2,3,3,259,267,191,2141,4059,7667,10741,6253,114,1710,237,285,1666,475,,t3_finalstring|t3_shieldbreaker
standard,58,r3,red,mid,法師,xingjie,standard,1,2,2,1,16264,13247,11772,526.9,9.69,16.21,21.73,3,1,1,2,3,231,526,305,741,4081,7026,9105,6253,1331,,285,760,,475,,t3_psyward
standard,58,r4,red,adc,射手,dujian,standard,1,6,1,3,27685,9262,13363,598.1,10.13,15.06,19.21,3,0,1,3,3,1759,1295,843,1562,3919,7095,10743,6253,927,2280,522,285,,475,,t3_shieldbreaker|t3_rendspear
standard,58,r5,red,sup,坦克,tiebi,standard,1,1,1,6,8172,16287,13727,614.4,6.39,11.95,16.38,4,1,2,4,4,1242,392,115,1526,4842,7632,11715,6253,460,570,807,760,,380,2484,t3_calmveil|t3_thornmail
standard,59,b1,blue,top,坦克,tiebi,standard,1,1,0,0,4879,22957,9669,425.5,9.28,15.12,20.14,3,1,1,2,3,719,668,1436,339,3669,5968,8666,6253,912,570,,475,,456,,t3_calmveil|t3_thornmail
standard,59,b2,blue,jungle,戰士,cinderfist,standard,1,0,1,1,9354,13800,9477,417,8.57,17.73,,2,1,1,2,2,616,2114,175,927,3716,6164,8425,6253,104,,142,475,994,456,,t3_shieldbreaker|t3_finalstring
standard,59,b3,blue,mid,法師,gambler,standard,1,2,4,1,10897,15027,10733,472.3,10.28,19.23,,2,0,1,2,2,1580,334,398,1333,3840,6234,9198,6253,1159,570,285,475,,456,,t3_psyward
standard,59,b4,blue,adc,射手,tianfa,standard,1,6,4,0,21255,9306,12063,530.8,10.39,18.78,20.97,3,0,1,2,3,1262,464,268,263,3422,5664,8818,6253,494,1140,,475,,456,,t3_shieldbreaker|t3_rendspear
standard,59,b5,blue,sup,輔助,fengshen,standard,1,1,3,1,5161,15085,12335,542.8,5.83,11.18,15.43,4,1,2,3,4,169,631,2140,955,5019,7661,11370,6253,218,570,142,1900,51,456,1778,t3_calmveil
standard,59,r1,red,top,坦克,tiebi,standard,0,2,1,2,8855,22295,10876,478.6,9.03,14.31,18.93,3,1,2,3,3,928,935,462,945,3878,6785,9312,6253,1083,1140,285,475,,76,,t3_calmveil|t3_thornmail
standard,59,r2,red,jungle,戰士,cinderfist,standard,0,2,2,2,10150,15587,11030,485.4,9.89,16.21,20.43,3,1,1,2,3,160,1446,964,100,4210,6576,9514,6253,373,570,427,,1813,76,,t3_shieldbreaker|t3_finalstring
standard,59,r3,red,mid,法師,gambler,standard,0,2,2,0,14754,12044,10106,444.7,10.2,19.29,,2,0,1,2,2,1599,423,36,706,3859,5873,8666,6253,1292,570,,475,,76,,t3_psyward
standard,59,r4,red,adc,射手,tianfa,standard,0,5,4,1,16337,10654,11047,486.1,9.18,18.78,21.78,3,1,1,2,3,395,987,1011,146,3745,6187,8961,6253,779,1710,142,,,76,,t3_shieldbreaker|t3_rendspear
standard,59,r5,red,sup,輔助,fengshen,standard,0,1,1,3,5085,16539,11861,521.9,6.26,11.9,15.64,4,1,2,3,4,601,455,1010,900,4601,7485,10240,6253,424,,570,950,,76,1966,t3_calmveil
standard,60,b1,blue,top,坦克,shengdun,standard,0,1,3,1,12117,34513,11299,408.8,7.39,15.68,21.86,3,1,1,2,3,399,340,110,1709,4049,5740,7840,6253,589,570,142,285,,0,,t3_calmveil|t3_thornmail
standard,60,b2,blue,jungle,戰士,dushe,standard,0,1,4,0,13423,26202,11776,426,7.81,17.03,22.38,3,1,1,2,3,140,709,673,375,3940,5889,8903,6253,696,570,,285,908,190,,t3_finalstring|t3_shieldbreaker
standard,60,b3,blue,mid,法師,ronghuo,standard,0,3,7,1,18542,19552,13497,488.3,10.67,18.33,23.8,3,0,1,2,3,1308,490,148,1296,3568,6570,8878,6253,867,1140,142,285,,190,,t3_psyward
standard,60,b4,blue,adc,射手,dawnstrike,standard,0,6,11,0,26230,16139,14428,522,10.46,19.35,22.25,4,0,1,2,4,1398,144,841,877,3558,5344,8061,6253,763,570,,285,,190,,t3_shieldbreaker|t3_rendspear
standard,60,b5,blue,sup,坦克,stoneguard,standard,0,0,4,0,6399,31673,12631,457,6.98,13.77,18.07,4,1,2,3,4,644,199,497,851,4544,7299,10077,6253,237,,,760,,190,2636,t3_calmveil|t3_thornmail
standard,60,r1,red,top,坦克,shengdun,standard,1,2,0,1,18629,26363,13446,486.4,8.22,14.01,21.73,4,1,2,2,4,244,587,1417,1196,3894,6997,8707,6253,1029,570,285,190,,380,,t3_calmveil|t3_thornmail
standard,60,r2,red,jungle,戰士,dushe,standard,1,4,1,1,10351,17089,14219,514.4,8.92,14.38,22.21,4,1,2,2,4,648,371,1663,1819,4448,7471,10263,6253,291,1710,285,190,1153,380,,t3_finalstring|t3_shieldbreaker
standard,60,r3,red,mid,法師,ronghuo,standard,1,12,3,1,41346,16614,19599,709,10.68,13.22,19.45,5,0,2,3,5,1599,155,311,3448,3859,8305,10861,6253,1045,2280,,902,,380,,t3_psyward
standard,60,r4,red,adc,射手,dawnstrike,standard,1,10,6,0,42447,14161,15998,578.8,11.35,17.07,21,5,0,1,2,5,1588,664,1566,398,3748,5864,9246,6253,712,1710,,190,,380,,t3_shieldbreaker|t3_rendspear
standard,60,r5,red,sup,坦克,stoneguard,standard,1,1,1,3,10284,25766,14081,509.4,7.28,11.33,17.88,5,1,2,3,5,409,393,517,481,5209,7633,10017,6253,189,570,,902,,380,1721,t3_calmveil|t3_thornmail
standard,61,b1,blue,top,坦克,shiqiang,standard,1,0,2,0,10325,31241,10719,422.4,9.03,16.37,21.85,3,1,1,2,3,643,340,113,1128,3593,5740,7843,6253,779,,,633,51,126,,t3_calmveil|t3_thornmail
standard,61,b2,blue,jungle,戰士,jufeng,standard,1,0,7,0,6682,16649,9570,377.1,9.27,18.1,,2,1,1,2,2,560,322,159,1169,3660,5552,7359,6253,114,,,,991,0,,t3_finalstring|t3_shieldbreaker
standard,61,b3,blue,mid,法師,gambler,standard,1,4,4,0,20217,17747,12846,506.2,10.36,18.78,23.35,3,0,1,2,3,1466,182,242,1346,3726,5512,8172,6253,1064,570,,158,,126,,t3_psyward
standard,61,b4,blue,adc,射手,yanfeng,standard,1,1,7,0,18679,14649,10053,396.2,10.73,18.56,24.09,3,0,1,2,3,1357,601,463,1103,3517,5151,7013,6253,522,,,237,,0,,t3_shieldbreaker|t3_rendspear
standard,61,b5,blue,sup,坦克,bingshouweis,standard,1,0,1,0,5557,26560,11624,458.1,7.08,13.31,18.47,4,1,2,3,4,268,267,67,423,4468,6767,9167,6253,180,,,395,,126,2210,t3_calmveil|t3_thornmail
standard,61,r1,red,top,坦克,shiqiang,standard,0,3,0,1,21950,28549,13473,531,7.47,13.66,17.95,4,1,2,3,4,1384,270,99,1223,4334,7260,10129,6253,1957,570,142,712,,494,,t3_calmveil|t3_thornmail
standard,61,r2,red,jungle,戰士,jufeng,standard,0,2,0,2,9389,14282,12942,510,8.75,16.13,22.71,3,1,1,2,3,223,1788,2080,1911,4623,7268,10680,6253,437,1140,285,475,1596,494,,t3_finalstring|t3_shieldbreaker
standard,61,r3,red,mid,法師,gambler,standard,0,2,3,0,22223,15095,11342,447,10.73,18.47,24.27,3,0,1,2,3,1618,532,359,491,3878,6282,8809,6253,969,570,,712,,304,,t3_psyward
standard,61,r4,red,adc,射手,yanfeng,standard,0,13,2,0,39913,12330,17663,696.1,10.2,14.58,18.97,5,0,2,3,5,2127,203,210,2062,4287,7583,12010,6253,798,3990,,475,,494,,t3_shieldbreaker|t3_rendspear
standard,61,r5,red,sup,坦克,bingshouweis,standard,0,1,0,4,6125,19772,13663,538.4,6.72,12.71,17.92,4,1,2,3,4,373,202,947,1463,4573,7442,10927,6253,171,570,427,475,,494,2536,t3_calmveil|t3_thornmail
standard,62,b1,blue,top,坦克,tiemu,standard,0,0,2,1,9673,24153,9344,404.9,9.24,15.17,22.1,3,1,1,2,3,271,554,581,494,3821,5854,7811,6253,1026,,285,95,,152,,t3_calmveil|t3_thornmail
standard,62,b2,blue,jungle,戰士,langwang,standard,0,0,1,1,5955,16698,9370,406.1,9.32,18.02,,2,1,1,2,2,631,1089,213,1190,3731,5919,8043,6253,161,,285,95,1096,152,,t3_shieldbreaker|t3_finalstring
standard,62,b3,blue,mid,法師,ronghuo,standard,0,1,5,0,11325,14411,9458,409.9,10.43,18.94,,2,0,1,2,2,1466,560,926,178,3726,6310,8476,6253,931,570,,570,,152,,t3_psyward
standard,62,b4,blue,adc,射手,siwang,standard,0,7,6,0,19863,10823,13068,566.3,10.28,16.57,20.53,3,0,1,2,3,1433,231,2058,1468,3593,5911,10908,6253,608,2850,,1045,,152,,t3_shieldbreaker|t3_rendspear
standard,62,b5,blue,sup,輔助,mingyun,standard,0,0,3,1,5012,17615,9945,431,6.12,12.06,17.36,3,1,2,3,3,178,450,398,905,4478,6930,8678,6253,275,,,95,,152,1902,t3_calmveil
standard,62,r1,red,top,坦克,tiemu,standard,1,3,0,2,12080,21127,12012,520.6,7.94,13.96,19.78,4,1,2,3,4,991,102,157,461,4541,6432,9187,6253,1168,570,95,665,17,418,,t3_calmveil|t3_thornmail
standard,62,r2,red,jungle,戰士,langwang,standard,1,2,0,1,11165,16816,11825,512.5,7.88,16.33,20.82,3,1,1,2,3,201,1290,1020,894,4251,6420,9570,6253,313,570,,190,1825,418,,t3_shieldbreaker|t3_finalstring
standard,62,r3,red,mid,法師,ronghuo,standard,1,3,4,0,19671,13195,11529,499.6,9.64,18.48,,2,1,1,2,2,123,319,1215,2129,3973,6519,9065,6253,1349,570,,665,,228,,t3_psyward
standard,62,r4,red,adc,射手,siwang,standard,1,8,3,1,23186,10976,13714,594.3,10.28,17.9,21.65,3,0,1,2,3,1528,612,990,2514,3688,5512,9540,6253,874,1710,95,190,,418,,t3_shieldbreaker|t3_rendspear
standard,62,r5,red,sup,輔助,mingyun,standard,1,1,1,2,4078,13490,12760,553,5.73,12.57,18.08,4,1,2,3,4,293,473,2206,1380,5143,7503,11436,6253,247,570,380,1615,,418,1952,t3_calmveil
standard,63,b1,blue,top,坦克,dadi,standard,0,0,3,0,8156,26086,9584,397.3,8.82,16.35,19.88,3,1,1,3,3,833,307,41,534,3783,5607,8191,6253,836,,,950,,152,,t3_calmveil|t3_thornmail
standard,63,b2,blue,jungle,戰士,jingci,standard,0,2,3,1,8865,21402,10686,442.9,8.99,15.62,22.12,3,1,1,2,3,490,1280,659,536,4540,6710,9209,6253,316,1140,285,,1062,152,,t3_shieldbreaker|t3_finalstring
standard,63,b3,blue,mid,法師,gambler,standard,0,1,5,0,22289,16065,9711,402.5,10.53,19,,2,0,1,2,2,1441,271,364,631,3701,6171,8394,6253,943,570,,475,,152,,t3_psyward
standard,63,b4,blue,adc,射手,phantom,standard,0,4,8,0,15799,10536,11193,464,9.54,17.09,22.84,3,1,1,2,3,223,700,391,293,4223,6380,8641,6253,858,1140,,237,,152,,t3_shieldbreaker|t3_rendspear
standard,63,b5,blue,sup,輔助,tianshi,standard,0,0,5,0,5244,17868,10767,446.3,6.67,11.99,17.71,4,1,2,3,4,235,614,861,366,4535,7094,8861,6253,389,,,237,,152,1828,t3_calmveil
standard,63,r1,red,top,坦克,dadi,standard,1,3,0,1,11929,24827,11817,489.8,8.75,13.2,19.41,3,1,2,3,3,719,345,518,1886,3669,6975,9968,6253,893,1710,285,522,,304,,t3_calmveil|t3_thornmail
standard,63,r2,red,jungle,戰士,jingci,standard,1,4,0,3,11557,16425,13104,543.2,8.82,14.72,18.83,3,1,2,3,3,173,246,501,2354,4523,7296,10051,6253,408,1140,570,285,1089,304,,t3_shieldbreaker|t3_finalstring
standard,63,r3,red,mid,法師,gambler,standard,1,3,3,3,21167,14796,12599,522.2,11.46,18,23.68,3,0,1,2,3,1352,376,211,999,3612,5826,8961,6253,883,570,427,522,,304,,t3_psyward
standard,63,r4,red,adc,射手,phantom,standard,1,14,3,0,37574,10061,17235,714.4,8.18,17.17,20.98,4,1,1,2,4,756,1015,1913,3385,4106,6215,10813,6253,551,3420,,285,,304,,t3_shieldbreaker|t3_rendspear
standard,63,r5,red,sup,輔助,tianshi,standard,1,0,1,3,5367,13917,13630,565,7.36,12.05,17.5,3,1,2,3,3,168,626,838,4399,4468,7356,10068,6253,152,,427,285,,304,2645,t3_calmveil
standard,64,b1,blue,top,坦克,tixue,standard,1,1,1,0,10375,20540,9732,454.6,7.74,13.4,18.73,3,1,2,3,3,369,258,142,481,4019,6508,9092,6253,1185,570,,570,,513,,t3_calmveil|t3_thornmail
standard,64,b2,blue,jungle,戰士,greymantle,standard,1,2,1,2,8360,14691,10235,478.1,9.26,15.79,20.2,3,1,1,2,3,792,1490,943,335,3892,6970,9543,6253,298,1140,285,95,957,513,,t3_finalstring|t3_shieldbreaker
standard,64,b3,blue,mid,法師,ronghuo,standard,1,0,3,0,11405,11882,8858,413.8,10.53,18.84,,2,0,1,2,2,1592,226,668,408,3852,6426,8218,6253,1072,,,570,,323,,t3_psyward
standard,64,b4,blue,adc,射手,huanying,standard,1,7,3,0,20863,10563,12607,588.9,8.39,16.24,18.9,3,1,1,3,3,887,898,1177,807,4237,6698,11397,6253,735,3420,,570,,418,,t3_shieldbreaker|t3_rendspear
standard,64,b5,blue,sup,坦克,tieshixin,standard,1,0,0,2,4664,17345,11512,537.7,7.04,11.85,17.13,3,1,2,3,3,689,674,892,1531,4589,7914,10872,6253,241,,285,1045,,513,2534,t3_calmveil|t3_thornmail
standard,64,r1,red,top,坦克,tixue,standard,0,1,2,0,10067,18403,9339,436.2,7.97,14.68,19.57,3,1,2,3,3,922,221,238,208,3872,6171,8888,6253,988,570,,950,51,76,,t3_calmveil|t3_thornmail
standard,64,r2,red,jungle,戰士,greymantle,standard,0,0,1,0,9528,16410,8471,395.7,9.02,17.61,,2,1,1,2,2,969,546,321,471,4069,6026,8021,6253,297,,,,1394,76,,t3_finalstring|t3_shieldbreaker
standard,64,r3,red,mid,法師,ronghuo,standard,0,2,2,0,14126,13559,10104,472,10.45,15.48,,2,0,1,2,2,1599,931,854,704,3859,7431,9654,6253,1235,1140,,950,,76,,t3_psyward
standard,64,r4,red,adc,射手,huanying,standard,0,5,5,0,13647,11281,10893,508.8,9.93,17.28,21.3,3,1,1,2,3,262,193,1217,42,3612,5873,9797,6253,712,2280,,475,,76,,t3_shieldbreaker|t3_rendspear
standard,64,r5,red,sup,坦克,tieshixin,standard,0,0,0,1,5478,15917,9975,466,8.01,13.24,18.48,3,1,2,3,3,370,304,325,475,4570,6964,9525,6253,262,,285,,,76,2648,t3_calmveil|t3_thornmail
standard,65,b1,blue,top,坦克,suishan,standard,0,1,1,1,6955,17666,8324,412.6,7.25,14.96,,2,1,2,2,2,187,30,549,643,4087,5930,8229,6253,760,570,95,475,,76,,t3_calmveil|t3_thornmail
standard,65,b2,blue,jungle,戰士,hunpo,standard,0,0,2,0,6143,9374,7572,375.3,10.63,19.68,,2,0,1,2,2,1480,386,266,22,3690,5716,7516,6253,373,,,,812,76,,t3_psyward
standard,65,b3,blue,mid,法師,haixiao,standard,0,2,2,0,10415,11773,8172,405,10.95,17.94,,2,0,1,2,2,1314,89,515,571,3574,5949,8115,6253,646,1140,,,,76,,t3_psyward
standard,65,b4,blue,adc,射手,guangsu,standard,0,2,3,2,15825,10009,8622,427.4,9.93,16.27,,2,1,1,2,2,129,200,415,471,3479,6000,8565,6253,665,1140,380,,51,76,,t3_shieldbreaker|t3_rendspear
standard,65,b5,blue,sup,輔助,huanjing,standard,0,0,1,2,4466,12521,9766,484.1,6.49,13.33,15.29,3,1,2,3,3,449,1010,670,725,4449,7740,9710,6253,139,,380,475,26,76,2359,t3_calmveil
standard,65,r1,red,top,坦克,suishan,standard,1,4,0,0,10192,20916,11383,564.2,6.95,11.97,17.83,3,1,2,3,3,77,417,1156,1402,4277,7697,11136,6253,893,2280,,1330,,380,,t3_calmveil|t3_thornmail
standard,65,r2,red,jungle,戰士,hunpo,standard,1,1,0,1,6562,8705,9629,477.3,9.21,16.13,,2,1,1,2,2,351,1090,683,929,4801,7190,9383,6253,190,570,285,380,1324,380,,t3_psyward
standard,65,r3,red,mid,法師,haixiao,standard,1,2,2,0,9703,11131,10452,518,8.78,17.21,,2,1,1,2,2,617,354,855,1101,4467,6804,10205,6253,1102,1140,,1330,,380,,t3_psyward
standard,65,r4,red,adc,射手,guangsu,standard,1,1,2,0,10642,7834,8390,415.9,10.43,18.18,,2,0,1,2,2,1443,583,524,770,3603,6263,8144,6253,560,570,,380,,380,,t3_shieldbreaker|t3_rendspear
standard,65,r5,red,sup,輔助,huanjing,standard,1,1,1,2,7272,13444,10456,518.3,7.35,11.9,14.43,3,1,3,3,3,270,291,1170,1416,4820,8291,10210,6253,256,570,570,380,,380,1800,t3_calmveil
standard,66,b1,blue,top,坦克,thornwall,standard,0,1,0,0,8401,28532,9795,426.6,8.32,14.24,19.84,3,1,2,3,3,271,289,243,344,3821,6139,8793,6253,943,570,,950,,76,,t3_calmveil|t3_thornmail
standard,66,b2,blue,jungle,戰士,leimingcf,standard,0,1,5,0,5188,16122,9189,400.3,9.7,16.38,,2,1,1,2,2,693,895,274,1009,3793,5725,8104,6253,247,570,,,957,76,,t3_shieldbreaker|t3_finalstring
standard,66,b3,blue,mid,法師,leiming,standard,0,2,6,0,16010,14610,9510,414.2,10.99,18.35,,2,0,1,2,2,1504,220,639,429,3764,6120,8489,6253,1019,1140,,,,76,,t3_psyward
standard,66,b4,blue,adc,射手,mori,standard,0,5,5,0,15264,9788,10973,477.9,9.5,16.8,21.05,3,1,1,2,3,376,953,562,1272,3726,6633,8812,6253,772,1710,,,,76,,t3_shieldbreaker|t3_rendspear
standard,66,b5,blue,sup,輔助,fuwenbianzhi,standard,0,0,3,0,5032,17057,11497,500.8,6.34,12.3,16.37,4,1,2,3,4,582,311,1003,796,4582,7341,9583,6253,399,,,950,17,76,1887,t3_calmveil
standard,66,r1,red,top,坦克,thornwall,standard,1,6,0,0,14111,24056,14791,644.2,8.45,12.65,16.23,5,1,2,3,5,22,864,2548,1240,4422,7614,12478,6253,893,2280,,2565,30,456,,t3_calmveil|t3_thornmail
standard,66,r2,red,jungle,戰士,leimingcf,standard,1,2,0,3,8793,10707,12619,549.7,9.98,15.06,21.08,3,1,1,2,3,136,2397,1532,1689,4186,6927,10082,6253,266,570,427,348,1761,456,,t3_shieldbreaker|t3_finalstring
standard,66,r3,red,mid,法師,leiming,standard,1,3,4,1,15734,13519,11166,486.4,9.57,19.19,22.11,3,1,1,2,3,218,456,137,615,4068,6206,9537,6253,1054,1140,285,348,,456,,t3_psyward
standard,66,r4,red,adc,射手,mori,standard,1,6,5,1,24952,10467,12774,556.4,9.27,16.71,21.05,3,1,1,2,3,433,725,859,974,3783,6405,9759,6253,912,1710,,427,,456,,t3_shieldbreaker|t3_rendspear
standard,66,r5,red,sup,輔助,fuwenbianzhi,standard,1,2,0,5,7196,12873,13053,568.5,5.75,12.32,15.18,4,1,2,4,4,544,768,329,1672,4544,7798,11709,6253,294,1140,712,1060,,456,1792,t3_calmveil
standard,67,b1,blue,top,坦克,ironclad,standard,1,0,0,1,10006,17731,9917,454.2,9.57,15.47,21.19,3,1,1,2,3,833,302,1908,366,3783,5702,9198,6253,874,,285,1330,,456,,t3_calmveil|t3_thornmail
standard,67,b2,blue,jungle,戰士,fengbao,standard,1,2,6,0,8035,15198,10383,475.5,8.29,16.26,20.01,3,1,1,2,3,447,1205,1045,482,4247,6685,9645,6253,337,1140,,380,1078,456,,t3_finalstring|t3_shieldbreaker
standard,67,b3,blue,mid,法師,haixiao,standard,1,1,3,0,14587,12239,9176,420.3,10.43,17.06,,2,0,1,2,2,1599,216,165,425,3859,5816,8495,6253,836,570,,380,,456,,t3_psyward
standard,67,b4,blue,adc,射手,leiting,standard,1,4,2,0,16725,10924,11480,525.8,9.32,17.63,20.26,3,1,1,2,3,628,545,1744,329,3978,5745,10324,6253,954,2280,,380,,456,,t3_shieldbreaker|t3_rendspear
standard,67,b5,blue,sup,坦克,thornwall,standard,1,0,0,0,4976,18450,10840,496.5,6.58,11.37,17.09,3,1,2,3,3,534,578,602,859,4734,7518,10102,6253,190,,,1330,17,456,1855,t3_calmveil|t3_thornmail
standard,67,r1,red,top,坦克,ironclad,standard,0,1,0,2,9017,20787,10215,467.8,8.85,14.2,18.81,3,1,2,3,3,192,401,199,184,4442,6351,9629,6253,943,570,285,1425,,152,,t3_calmveil|t3_thornmail
standard,67,r2,red,jungle,戰士,fengbao,standard,0,1,1,3,10384,15005,10033,459.5,8.84,15.62,,2,1,1,2,2,530,1634,387,1432,4630,7114,8987,6253,145,570,285,,1581,152,,t3_finalstring|t3_shieldbreaker
standard,67,r3,red,mid,法師,haixiao,standard,0,3,2,0,15935,14784,10443,478.3,10.43,17.73,,2,0,1,2,2,1669,324,581,1042,3929,5924,9211,6253,1190,1140,,475,,152,,t3_psyward
standard,67,r4,red,adc,射手,leiting,standard,0,3,3,2,12025,11086,10449,478.6,10.58,18.61,,2,0,1,2,2,1443,265,1804,1868,3603,5465,8704,6253,731,1140,427,,,152,,t3_shieldbreaker|t3_rendspear
standard,67,r5,red,sup,坦克,thornwall,standard,0,3,1,4,5185,21921,12912,591.4,7.27,12.34,15.17,4,1,2,3,4,914,1397,1986,712,5114,8637,11966,6253,370,1710,712,475,26,152,2266,t3_calmveil|t3_thornmail
standard,68,b1,blue,top,坦克,bingshouweis,standard,1,0,2,1,10784,24402,9494,401.9,7.76,15.88,22.19,3,1,1,2,3,114,530,692,544,3764,5930,7982,6253,988,,285,190,,266,,t3_calmveil|t3_thornmail
standard,68,b2,blue,jungle,戰士,anliuyouXia,standard,1,3,1,1,9508,17490,12176,515.4,7.12,15.68,18.6,3,1,1,3,3,384,1188,367,1145,4484,6668,10447,6253,212,1710,142,665,1198,266,,t3_finalstring|t3_shieldbreaker
standard,68,b3,blue,mid,法師,leiming,standard,1,3,5,0,15398,14013,10989,465.1,11.53,19.36,,2,0,1,2,2,1403,233,364,2009,3663,6133,8394,6253,829,570,,665,,76,,t3_psyward
standard,68,b4,blue,adc,射手,liangzi,standard,1,5,4,2,26528,13752,12021,508.8,10.23,17.87,21.39,3,0,1,2,3,1474,524,294,1171,3634,5724,8394,6253,687,570,427,190,,266,,t3_shieldbreaker|t3_rendspear
standard,68,b5,blue,sup,坦克,shengdun,standard,1,2,1,0,6376,20146,12193,516.1,6.57,11.86,17.43,4,1,2,3,4,276,318,770,593,5076,7558,10750,6253,133,1140,,1140,,266,1818,t3_calmveil|t3_thornmail
standard,68,r1,red,top,坦克,bingshouweis,standard,0,4,0,1,13576,21966,13481,570.6,6.88,13.34,17.51,4,1,2,3,4,1812,484,1116,1231,4762,7194,11146,6253,1320,2280,285,665,,342,,t3_calmveil|t3_thornmail
standard,68,r2,red,jungle,戰士,anliuyouXia,standard,0,5,2,1,16401,19647,12795,541.6,7.13,15.64,19.04,4,1,1,3,4,663,1499,418,394,4463,6979,10318,6253,95,2280,,190,1158,342,,t3_finalstring|t3_shieldbreaker
standard,68,r3,red,mid,法師,leiming,standard,0,1,6,0,17036,14502,10052,425.5,10.38,18.77,,2,0,1,2,2,1656,30,436,1301,3916,5930,8286,6253,1216,,,665,,152,,t3_psyward
standard,68,r4,red,adc,射手,liangzi,standard,0,3,4,0,20512,11866,11236,475.6,10.29,18.66,22.75,3,0,1,2,3,1386,132,340,1016,3546,5632,8140,6253,642,,,902,,342,,t3_shieldbreaker|t3_rendspear
standard,68,r5,red,sup,坦克,shengdun,standard,0,0,1,2,6119,19899,11704,495.4,7.22,13.59,17.34,4,1,2,3,4,382,408,691,103,4582,7188,10071,6253,183,,285,427,,342,2579,t3_calmveil|t3_thornmail
standard,69,b1,blue,top,坦克,tiankong,standard,0,1,1,0,15216,31857,10752,433.4,8.78,13.48,19.88,3,1,2,3,3,138,322,173,1302,3688,6652,8723,6253,950,570,,475,,475,,t3_calmveil|t3_thornmail
standard,69,b2,blue,jungle,刺客,yueying,standard,0,3,2,0,7737,13058,11719,472.4,8.86,16.28,21.35,3,1,1,2,3,502,1858,984,1289,3702,6658,9314,6253,164,1140,,475,805,475,,t3_finalstring
standard,69,b3,blue,mid,法師,haixiao,standard,0,4,1,0,19859,14158,11902,479.8,11.18,18.99,23.61,3,0,1,2,3,1314,329,469,171,3574,6529,8619,6253,845,570,,475,,475,,t3_psyward
standard,69,b4,blue,adc,射手,shengyan,standard,0,7,5,0,20191,11793,13270,534.9,10.11,17.1,21.36,4,0,1,2,4,1952,678,1205,369,4112,6358,9455,6253,636,1710,,475,,380,,t3_shieldbreaker|t3_rendspear
standard,69,b5,blue,sup,輔助,zhanchang,standard,0,0,1,0,8090,15827,11521,464.4,6.58,12.71,16.79,4,1,2,3,4,449,295,936,640,4449,7325,9396,6253,215,,,475,,475,1977,t3_calmveil
standard,69,r1,red,top,坦克,tiankong,standard,1,1,0,1,14727,28493,11530,464.7,8.46,16.14,20.91,3,1,1,2,3,136,400,579,1599,3686,5700,7809,6253,760,,142,475,102,76,,t3_calmveil|t3_thornmail
standard,69,r2,red,jungle,刺客,yueying,standard,1,3,0,1,13154,14975,12213,492.3,8.82,15.22,19.9,3,1,1,3,3,307,1222,169,1132,4157,6802,9819,6253,427,1710,,,1352,76,,t3_finalstring
standard,69,r3,red,mid,法師,haixiao,standard,1,1,6,0,12769,15935,9992,402.8,10.44,19.61,,2,0,1,2,2,1523,332,204,592,3783,6082,7754,6253,950,,,475,,76,,t3_psyward
standard,69,r4,red,adc,射手,shengyan,standard,1,5,7,1,20492,10072,11889,479.2,9.82,20.27,22.41,3,1,1,1,3,230,267,2185,89,3580,5347,7865,6253,585,570,142,237,,76,,t3_shieldbreaker|t3_rendspear
standard,69,r5,red,sup,輔助,zhanchang,standard,1,0,2,1,9163,18174,10932,440.6,5.93,12.65,17.83,4,1,2,3,4,276,344,480,531,4576,6894,8940,6253,240,,,237,,76,2132,t3_calmveil
standard,70,b1,blue,top,坦克,tiebi,standard,1,2,0,0,7992,24209,10819,476.1,8.68,14.15,19.27,3,1,2,3,3,266,442,515,788,3916,6852,9645,6253,969,1140,,902,,380,,t3_calmveil|t3_thornmail
standard,70,b2,blue,jungle,刺客,yeiren,standard,1,2,3,0,6542,10874,10761,473.5,8.89,16.62,22.35,3,1,1,2,3,115,969,946,481,4015,6299,9376,6253,437,1140,,190,975,380,,t3_finalstring
standard,70,b3,blue,mid,法師,bingshuang,standard,1,5,3,1,16352,13178,12637,556.1,10.46,18.65,20.9,3,0,1,2,3,1384,242,316,1206,3644,6142,9296,6253,905,570,285,902,,380,,t3_psyward
standard,70,b4,blue,adc,射手,xingchen,standard,1,5,2,0,18831,9779,12704,559,8.38,16.52,22.57,3,1,1,2,3,1092,675,1239,903,4442,6475,9819,6253,855,1140,,1140,51,380,,t3_shieldbreaker|t3_rendspear
standard,70,b5,blue,sup,坦克,thornwall,standard,1,0,2,2,5319,18171,10656,468.9,7.88,12.73,19.27,3,1,2,3,3,408,338,426,676,4608,7278,9026,6253,253,,,190,,380,1949,t3_calmveil|t3_thornmail
standard,70,r1,red,top,坦克,tiebi,standard,0,2,3,0,7523,21868,11294,497,8.8,14.85,20.58,3,1,2,2,3,890,66,2218,1863,3840,6016,9208,6253,883,,,1900,,171,,t3_calmveil|t3_thornmail
standard,70,r2,red,jungle,刺客,yeiren,standard,0,1,2,1,9254,11417,10472,460.8,8.91,15.43,20.88,3,1,1,2,3,513,1377,840,71,4413,6707,9270,6253,570,570,,,1705,171,,t3_finalstring
standard,70,r3,red,mid,法師,bingshuang,standard,0,2,3,0,16063,12926,10556,464.5,10.19,19.77,,2,0,1,2,2,1745,286,231,1156,4005,5886,9211,6253,1266,1140,,475,,76,,t3_psyward
standard,70,r4,red,adc,射手,xingchen,standard,0,5,5,1,18064,11953,11934,525.2,10.13,17.43,20.9,3,0,1,2,3,2203,254,1344,1084,4363,6054,9924,6253,978,1710,285,475,51,171,,t3_shieldbreaker|t3_rendspear
standard,70,r5,red,sup,坦克,thornwall,standard,0,0,1,1,6166,19321,10421,458.6,6.79,13.08,20.65,3,1,2,2,3,417,36,2092,440,4617,6976,9332,6253,443,,,475,,171,1989,t3_calmveil|t3_thornmail
standard,71,b1,blue,top,坦克,xukong,standard,0,2,1,0,9939,22099,11868,511.6,7.75,13.65,19.37,3,1,2,3,3,367,360,212,1838,4017,7190,8862,6253,918,1140,,95,,456,,t3_calmveil|t3_thornmail
standard,71,b2,blue,jungle,刺客,sting,standard,0,2,2,1,6078,9799,11389,490.9,9.13,16.15,20.14,3,1,1,2,3,47,1398,2097,508,3947,6728,10227,6253,158,1140,285,570,1364,456,,t3_finalstring
standard,71,b3,blue,mid,法師,mingyun2,standard,0,4,2,2,14400,13093,11827,509.8,10.5,17.92,21.22,3,0,1,2,3,1371,480,380,226,3631,5930,9360,6253,798,1140,142,570,,456,,t3_psyward
standard,71,b4,blue,adc,射手,dujian,standard,0,8,0,1,28883,12041,14034,604.9,8.93,16.25,19.73,4,1,1,3,4,477,1553,128,1134,3827,6753,10648,6253,804,2280,285,570,,456,,t3_shieldbreaker|t3_rendspear
standard,71,b5,blue,sup,坦克,tiankong,standard,0,1,2,4,8388,21768,12562,541.5,7.28,12.27,17.18,4,1,2,3,4,101,819,647,362,4601,8059,10627,6253,247,,712,570,,456,2388,t3_calmveil|t3_thornmail
standard,71,r1,red,top,坦克,xukong,standard,1,2,0,0,9629,23674,12180,525,7.93,15.39,18.68,4,1,1,3,4,817,590,2589,930,3767,5990,11139,6253,991,1140,,2565,,190,,t3_calmveil|t3_thornmail
standard,71,r2,red,jungle,刺客,sting,standard,1,3,2,0,9461,11983,11448,493.4,7.08,16.23,21.26,3,1,1,2,3,686,1281,1469,747,4586,6611,9069,6253,437,570,,190,1428,190,,t3_finalstring
standard,71,r3,red,mid,法師,mingyun2,standard,1,0,8,0,14033,16346,9211,397,10.26,19.13,,2,0,1,2,2,1502,499,639,160,3762,6099,8189,6253,1054,,,665,26,190,,t3_psyward
standard,71,r4,red,adc,射手,dujian,standard,1,1,5,1,15249,11649,9128,393.4,9.88,20.51,,2,1,1,1,2,120,356,1432,547,3470,5256,7232,6253,788,,,190,,0,,t3_shieldbreaker|t3_rendspear
standard,71,r5,red,sup,坦克,tiankong,standard,1,1,2,2,5977,18745,12057,519.7,7.01,13.6,20.63,4,1,2,2,4,654,210,2655,457,4554,6870,9895,6253,148,,,1140,67,190,2095,t3_calmveil|t3_thornmail
standard,72,b1,blue,top,坦克,shiqiang,standard,1,2,0,0,5816,20046,11638,501.3,7.88,16.42,20.7,3,1,1,2,3,328,446,2475,1707,3878,5746,9705,6253,1127,570,,1425,,329,,t3_calmveil|t3_thornmail
standard,72,b2,blue,jungle,刺客,yingsi,standard,1,1,2,1,7895,10548,10436,449.5,8.76,16.95,22.41,3,1,1,2,3,448,758,723,686,3648,5688,8803,6253,275,570,285,,1089,329,,t3_finalstring
standard,72,b3,blue,mid,法師,bingshuang,standard,1,2,4,0,11516,14551,10700,460.9,11.13,17.37,,2,0,1,2,2,1485,302,194,1820,3745,5632,8324,6253,949,570,,475,,76,,t3_psyward
standard,72,b4,blue,adc,射手,tianfa,standard,1,4,6,0,26624,12746,10827,466.3,9.83,19.88,,2,1,1,2,2,319,246,142,2247,3669,5446,7042,6253,712,,,,,76,,t3_shieldbreaker|t3_rendspear
standard,72,b5,blue,sup,輔助,fengshen,standard,1,1,0,0,4356,14042,11870,511.3,7.32,12.48,16.95,4,1,2,3,4,592,409,850,990,4592,7439,9890,6253,278,570,,475,,329,1983,t3_calmveil
standard,72,r1,red,top,坦克,shiqiang,standard,0,3,2,2,10958,24241,11698,503.9,8.24,13.26,18.99,3,1,2,3,3,241,370,582,1767,4391,6700,9132,6253,1035,570,285,760,,228,,t3_calmveil|t3_thornmail
standard,72,r2,red,jungle,刺客,yingsi,standard,0,1,2,1,4335,11916,11248,484.5,8.79,15.54,19.73,3,1,1,3,3,177,1262,211,817,4327,6842,9861,6253,266,570,285,760,1499,228,,t3_finalstring
standard,72,r3,red,mid,法師,bingshuang,standard,0,0,3,2,13266,11888,9285,399.9,11.08,20.28,,2,0,1,1,2,1371,211,1321,484,3631,6111,7821,6253,912,,142,285,,228,,t3_psyward
standard,72,r4,red,adc,射手,tianfa,standard,0,6,2,1,16104,10876,12652,544.9,10.28,17.33,21.51,3,0,1,2,3,1300,554,406,851,3460,6234,9306,6253,494,1710,285,285,51,228,,t3_shieldbreaker|t3_rendspear
standard,72,r5,red,sup,輔助,fengshen,standard,0,2,1,2,6226,15571,12101,521.2,6.73,14.43,14.43,4,1,3,3,4,225,473,1616,651,4525,8173,10656,6253,294,1140,142,285,,228,2313,t3_calmveil
standard,73,b1,blue,top,坦克,longji,standard,0,0,4,1,5814,20285,8992,424.8,9.6,15.78,19.04,3,1,1,3,3,395,431,450,361,3945,5731,8600,6253,1035,,285,950,,76,,t3_calmveil|t3_thornmail
standard,73,b2,blue,jungle,刺客,shanying,standard,0,0,3,0,4949,9369,8007,378.3,8.86,18.18,,2,1,1,2,2,650,219,350,757,3850,5799,7600,6253,313,,,,957,76,,t3_finalstring
standard,73,b3,blue,mid,法師,mingyun2,standard,0,2,5,0,11698,13051,9578,452.5,10.64,18.57,,2,0,1,2,2,1540,389,805,698,3800,5719,9205,6253,972,1140,,712,51,76,,t3_psyward
standard,73,b4,blue,adc,射手,dawnstrike,standard,0,2,6,1,11145,11674,9704,458.5,10.53,18.73,,2,0,1,2,2,1604,183,611,954,3764,5683,8761,6253,864,570,285,712,,76,,t3_shieldbreaker|t3_rendspear
standard,73,b5,blue,sup,輔助,shengguang,standard,0,0,2,0,3666,17698,10750,507.9,5.93,12.19,16.08,4,1,2,3,4,898,395,1318,350,4598,7125,10358,6253,196,,,1425,,76,2407,t3_calmveil
standard,73,r1,red,top,坦克,longji,standard,1,3,0,0,8738,17415,10766,508.6,8.55,13.6,18.67,3,1,2,3,3,193,291,582,1316,3743,6441,10032,6253,855,1710,,665,17,532,,t3_calmveil|t3_thornmail
standard,73,r2,red,jungle,刺客,shanying,standard,1,5,0,2,9741,11039,12481,589.7,8.77,14.75,18.4,3,1,2,3,3,196,236,584,1401,4826,7186,11664,6253,140,2850,285,190,1412,532,,t3_finalstring
standard,73,r3,red,mid,法師,mingyun2,standard,1,3,1,2,11936,10544,12329,582.5,9.2,16.56,,2,1,1,2,2,684,706,1587,2929,4534,7206,10987,6253,877,1140,570,1615,,532,,t3_psyward
standard,73,r4,red,adc,射手,dawnstrike,standard,1,8,3,1,18149,9561,13346,630.5,8.29,17.29,19.58,3,1,1,3,3,239,1270,1011,1965,4239,6950,11491,6253,810,3420,285,190,,532,,t3_shieldbreaker|t3_rendspear
standard,73,r5,red,sup,輔助,shengguang,standard,1,1,0,6,4460,12243,12239,578.2,6.49,11.58,16.52,4,1,2,4,4,1320,1121,539,1538,4720,8151,11239,6253,242,570,1140,665,,532,1836,t3_calmveil
standard,74,b1,blue,top,坦克,dadi,standard,,4,12,3,45364,103989,26978,449.6,8.79,14.92,20.19,5,1,2,2,5,890,172,1400,13327,3840,6122,8690,6253,848,570,71,490,,456,,t3_calmveil|t3_thornmail
standard,74,b2,blue,jungle,刺客,dianguang,standard,,12,10,1,60088,42564,31839,530.6,9.02,15.73,21.39,5,1,1,2,5,854,1728,844,16538,4054,7058,8974,6253,335,570,,332,1027,456,,t3_finalstring
standard,74,b3,blue,mid,法師,bingshuang,standard,,50,20,6,206397,52143,53385,889.7,10.42,15.62,21.46,5,0,1,2,5,1694,569,699,37234,3954,7069,10099,6253,1323,1140,356,570,,456,,t3_psyward
standard,74,b4,blue,adc,射手,yanfeng,standard,,59,34,2,512949,51790,55643,927.4,9.29,14.74,19.57,5,1,2,3,5,398,107,1429,40042,3748,7787,12579,6253,842,4560,213,253,,456,,t3_shieldbreaker|t3_rendspear
standard,74,b5,blue,sup,坦克,bingshouweis,standard,,2,18,8,32657,94876,28433,473.9,6.43,13.3,16.28,5,1,2,3,5,782,967,744,14832,5282,8207,10724,6253,449,570,213,253,,456,2528,t3_calmveil|t3_thornmail
standard,74,r1,red,top,坦克,dadi,standard,,5,21,3,43499,110647,26213,436.9,9.24,15.85,22.21,5,1,1,2,5,643,340,552,12563,3593,5740,7982,6253,684,570,,475,,0,,t3_calmveil|t3_thornmail
standard,74,r2,red,jungle,刺客,dianguang,standard,,6,16,2,42708,52812,28618,477,8.63,16.48,23.11,5,1,1,2,5,125,769,220,13317,4025,6099,8350,6253,223,,142,,1477,253,,t3_finalstring
standard,74,r3,red,mid,法師,bingshuang,standard,,35,38,0,161385,55937,42192,703.2,10.49,18.97,23.47,5,0,1,2,5,1495,263,452,26042,3755,5693,7802,6253,1073,,,475,,0,,t3_psyward
standard,74,r4,red,adc,射手,yanfeng,standard,,48,33,3,381896,41241,50419,840.3,9.44,16.68,20.61,5,1,1,2,5,500,311,996,34819,3850,6111,9746,6253,1054,1710,,475,,253,,t3_shieldbreaker|t3_rendspear
standard,74,r5,red,sup,坦克,bingshouweis,standard,,0,19,6,22680,90994,24715,411.9,7.29,13.07,18.85,5,1,2,3,5,630,329,385,11114,4530,6829,9365,6253,194,,142,,,253,2521,t3_calmveil|t3_thornmail
standard,75,b1,blue,top,坦克,tixue,standard,0,1,5,0,7140,22152,9602,411.5,9.54,16.43,21.05,3,1,1,2,3,562,521,433,672,3512,5821,8063,6253,612,570,,475,,152,,t3_calmveil|t3_thornmail
standard,75,b2,blue,jungle,刺客,leisuhunter,standard,0,0,6,0,5309,11255,8725,373.9,8.63,18.82,,2,1,1,2,2,509,865,216,644,3709,5665,7466,6253,402,,,,658,152,,t3_finalstring
standard,75,b3,blue,mid,法師,mingyun2,standard,0,0,3,0,12427,15652,9432,404.2,11.27,19.38,,2,0,1,2,2,1359,125,104,551,3619,5555,8234,6253,836,,,950,43,152,,t3_psyward
standard,75,b4,blue,adc,射手,siwang,standard,0,6,6,0,16418,13170,12115,519.2,9.53,17.81,21.43,3,1,1,2,3,272,178,1232,1135,3622,5978,8752,6253,731,1140,,475,,152,,t3_shieldbreaker|t3_rendspear
standard,75,b5,blue,sup,輔助,shiguang,standard,0,0,3,1,4952,16610,11712,501.9,6.48,13.34,16.77,4,1,2,3,4,268,779,1228,262,4568,6959,10268,6253,267,,,950,,152,2644,t3_calmveil
standard,75,r1,red,top,坦克,tixue,standard,1,6,0,2,7730,18943,14499,621.4,9.28,12.93,16.38,5,1,2,4,5,668,1037,658,949,3618,8267,12808,6253,677,2850,427,2185,34,380,,t3_calmveil|t3_thornmail
standard,75,r2,red,jungle,刺客,leisuhunter,standard,1,9,1,2,12843,11201,15668,671.5,7.52,13.08,17.02,5,1,2,3,5,235,1167,3324,417,4865,8117,13274,6253,237,3990,570,285,1558,380,,t3_finalstring
standard,75,r3,red,mid,法師,mingyun2,standard,1,0,0,2,15932,11844,10614,454.9,11.81,18.89,,2,0,1,2,2,1510,186,182,1213,3770,6386,8932,6253,886,,142,1235,34,380,,t3_psyward
standard,75,r4,red,adc,射手,siwang,standard,1,7,5,2,23574,12209,13008,557.5,9.88,19.38,21.43,3,1,1,2,3,110,440,844,1208,3460,6120,9094,6253,608,1140,427,285,,380,,t3_shieldbreaker|t3_rendspear
standard,75,r5,red,sup,輔助,shiguang,standard,1,1,1,5,5164,12244,11790,505.3,5.91,12.9,18.86,4,1,2,3,4,1135,291,1201,910,4535,7021,10241,6253,212,570,712,285,,380,1828,t3_calmveil
standard,76,b1,blue,top,坦克,stoneguard,standard,1,4,0,0,11551,26662,12099,497.4,8.87,11.73,16.27,4,1,2,3,4,598,282,432,549,4448,7032,9882,6253,931,2280,,190,,228,,t3_calmveil|t3_thornmail
standard,76,b2,blue,jungle,刺客,voidrift,standard,1,2,4,0,5223,15667,11076,455.3,8.94,15.8,21.44,3,1,1,2,3,124,1091,761,645,3974,6671,9091,6253,373,1140,,190,906,228,,t3_finalstring
standard,76,b3,blue,mid,法師,shikong,standard,1,4,2,2,18555,16759,12448,511.7,10.8,17.28,23.6,3,0,1,2,3,1469,400,299,538,3729,6000,9699,6253,934,1140,427,665,51,228,,t3_psyward
standard,76,b4,blue,adc,射手,phantom,standard,1,8,6,2,24827,11209,14310,588.3,9.49,15.43,19.55,4,1,1,3,4,294,1150,326,460,3644,6830,10326,6253,753,2280,570,190,51,228,,t3_shieldbreaker|t3_rendspear
standard,76,b5,blue,sup,輔助,tianshi,standard,1,1,2,3,8619,19259,12915,530.9,6.37,11.93,14.56,4,1,3,3,4,892,344,803,1465,4592,8044,9843,6253,351,570,427,190,51,228,1771,t3_calmveil
standard,76,r1,red,top,坦克,stoneguard,standard,0,5,2,0,14232,30600,12498,513.8,8.13,14.8,18.29,4,1,2,3,4,347,335,965,1348,3897,6785,10015,6253,950,2280,,190,,342,,t3_calmveil|t3_thornmail
standard,76,r2,red,jungle,刺客,voidrift,standard,0,1,2,1,9429,12069,10895,447.9,9.64,15.76,21.63,3,1,1,2,3,287,615,997,64,4137,6195,9077,6253,285,570,285,190,1341,152,,t3_finalstring
standard,76,r3,red,mid,法師,shikong,standard,0,0,5,2,18451,15579,10302,423.5,10.47,18.58,,2,0,1,2,2,1523,490,820,1251,3783,5940,8370,6253,997,,570,190,17,342,,t3_psyward
standard,76,r4,red,adc,射手,phantom,standard,0,8,5,0,22382,10915,14351,590,9.93,16.84,21.03,4,1,1,2,4,310,222,1840,750,3660,5902,10690,6253,674,2280,,1140,,342,,t3_shieldbreaker|t3_rendspear
standard,76,r5,red,sup,輔助,tianshi,standard,0,0,5,0,7198,16820,10978,451.3,6.83,12.73,17.64,4,1,2,3,4,1135,350,557,278,4535,6900,9597,6253,285,,,665,,342,2052,t3_calmveil
standard,77,b1,blue,top,坦克,thornwall,standard,0,0,5,0,12569,30037,10329,400.5,8.78,17.03,20.92,3,1,1,2,3,263,166,401,738,3913,5566,8131,6253,927,,,950,,0,,t3_calmveil|t3_thornmail
standard,77,b2,blue,jungle,刺客,miwu,standard,0,0,8,1,4192,13643,9760,378.4,8.82,19.11,,2,1,1,2,2,539,679,83,1330,3739,5529,7383,6253,256,,,,873,0,,t3_finalstring
standard,77,b3,blue,mid,法師,lieyan,standard,0,3,5,1,19208,18620,11932,462.6,10.98,18.68,24.14,3,0,1,2,3,1594,195,161,802,3854,6125,8671,6253,1325,570,285,237,,0,,t3_psyward
standard,77,b4,blue,adc,射手,huanying,standard,0,12,6,1,38444,14977,17207,667.1,9.83,14.84,19.65,5,1,2,3,5,119,306,270,1606,4119,7206,10170,6253,734,1710,285,1187,,0,,t3_shieldbreaker|t3_rendspear
standard,77,b5,blue,sup,坦克,tieshixin,standard,0,1,6,0,7023,27142,11209,434.6,6.98,12.61,19.05,3,1,2,3,3,657,437,487,1228,5157,7377,9087,6253,365,570,,,,0,1898,t3_calmveil|t3_thornmail
standard,77,r1,red,top,坦克,thornwall,standard,1,6,1,1,10787,24877,15041,583.2,8.85,15.27,19.24,5,1,1,3,5,776,644,248,1390,3726,6044,9198,6253,836,1140,,380,,589,,t3_calmveil|t3_thornmail
standard,77,r2,red,jungle,刺客,miwu,standard,1,6,1,2,12006,11025,15306,593.5,9.48,15.74,17.78,4,1,1,3,4,212,1731,2005,2806,4112,7061,11805,6253,500,2850,142,380,1089,589,,t3_finalstring
standard,77,r3,red,mid,法師,lieyan,standard,1,5,4,4,27379,15890,13631,528.5,10.83,19.04,23.59,4,0,1,2,4,1593,169,347,281,3853,6069,8197,6253,880,,285,380,,399,,t3_psyward
standard,77,r4,red,adc,射手,huanying,standard,1,12,9,2,38957,14041,17203,667,7.82,16.58,19.69,4,1,1,3,4,201,662,179,3353,4201,6462,10699,6253,722,2280,570,380,,494,,t3_shieldbreaker|t3_rendspear
standard,77,r5,red,sup,坦克,tieshixin,standard,1,1,1,6,10027,24409,15603,605,6.82,12.19,17.93,5,1,2,3,5,363,659,997,2003,4563,7439,10977,6253,215,,427,855,,589,2636,t3_calmveil|t3_thornmail
standard,78,b1,blue,top,坦克,tieshixin,standard,1,1,1,0,7673,17902,9914,447.8,8.79,15.4,21.15,3,1,1,2,3,732,748,1237,783,3682,5848,8527,6253,924,570,,285,,494,,t3_calmveil|t3_thornmail
standard,78,b2,blue,jungle,刺客,jueying,standard,1,0,2,0,5216,10983,9995,451.4,9.03,15.95,21.38,3,1,1,2,3,752,1484,554,494,3952,6814,8984,6253,465,,,760,1011,494,,t3_finalstring
standard,78,b3,blue,mid,法師,shikong,standard,1,3,3,1,15093,13112,10519,475.1,9.98,17.5,,2,1,1,2,2,427,737,394,1118,4277,6937,8894,6253,912,1140,,285,,304,,t3_psyward
standard,78,b4,blue,adc,射手,guangsu,standard,1,7,2,0,17368,9677,13483,608.9,9.83,17.16,22.11,4,1,1,2,4,519,121,2068,262,3869,5921,10348,6253,1035,2280,,285,,494,,t3_shieldbreaker|t3_rendspear
standard,78,b5,blue,sup,坦克,xukong,standard,1,1,2,2,5521,20068,11870,536.1,7.07,11.68,18.39,4,1,2,3,4,611,345,588,569,5111,7585,10568,6253,234,570,,1235,,494,1781,t3_calmveil|t3_thornmail
standard,78,r1,red,top,坦克,tieshixin,standard,0,3,1,1,12934,22741,11991,541.6,7.95,14.92,18.52,3,1,2,3,3,194,189,267,1961,4144,6139,9217,6253,1482,570,285,475,,152,,t3_calmveil|t3_thornmail
standard,78,r2,red,jungle,刺客,jueying,standard,0,4,1,0,6597,10134,11798,532.9,6.23,13.43,18.58,3,1,2,3,3,2031,102,342,1098,5231,7582,10442,6253,304,1710,,,2022,152,,t3_finalstring
standard,78,r3,red,mid,法師,shikong,standard,0,1,6,1,11207,15320,10224,461.8,9.64,19.16,,2,1,1,2,2,123,237,102,824,3973,5987,8552,6253,1292,570,285,,,152,,t3_psyward
standard,78,r4,red,adc,射手,guangsu,standard,0,2,4,0,10790,10474,9540,430.9,9.05,18.3,,2,1,1,2,2,348,85,336,960,3698,5465,7716,6253,836,,,475,,152,,t3_shieldbreaker|t3_rendspear
standard,78,r5,red,sup,坦克,xukong,standard,0,0,0,2,4512,19137,11082,500.5,6.68,12.59,17.47,3,1,2,3,3,187,287,448,1101,4687,7527,9828,6253,304,,,475,,152,2643,t3_calmveil|t3_thornmail
standard,79,b1,blue,top,坦克,bingshouweis,standard,0,1,1,0,7468,25836,9478,433.6,7.13,14.45,18.12,3,1,2,3,3,270,356,97,428,4420,6206,8847,6253,1073,570,,950,,0,,t3_calmveil|t3_thornmail
standard,79,b2,blue,jungle,戰士,langwang,standard,0,0,5,1,7330,16047,8933,408.7,8.66,17.6,,2,1,1,2,2,668,133,267,953,3768,5683,7897,6253,380,,,237,1026,0,,t3_shieldbreaker|t3_finalstring
standard,79,b3,blue,mid,法師,lieyan,standard,0,1,7,0,9493,14763,8965,410.2,11.13,18.63,,2,0,1,2,2,1409,397,422,265,3669,5427,8372,6253,1073,570,,475,,0,,t3_psyward
standard,79,b4,blue,adc,射手,mori,standard,0,4,6,0,12638,9190,10172,465.4,9.34,18.27,,2,1,1,2,2,756,298,188,1321,4106,5978,8438,6253,807,1140,,237,,0,,t3_shieldbreaker|t3_rendspear
standard,79,b5,blue,sup,輔助,fuwenbianzhi,standard,0,0,3,1,3293,15362,10810,494.6,6.22,12.58,15.64,4,1,2,3,4,292,267,1177,410,4592,6997,10217,6253,351,,285,950,68,0,2308,t3_calmveil
standard,79,r1,red,top,坦克,bingshouweis,standard,1,3,0,0,9196,20942,11350,519.2,9.05,13.84,18.31,3,1,2,3,3,795,126,104,1419,3745,6576,10034,6253,798,1140,,1235,,608,,t3_calmveil|t3_thornmail
standard,79,r2,red,jungle,戰士,langwang,standard,1,8,1,1,13200,14466,14330,655.6,8.78,15.49,17.31,4,1,1,3,4,56,2063,2615,929,3806,7493,12165,6253,202,3420,142,285,1254,608,,t3_shieldbreaker|t3_finalstring
standard,79,r3,red,mid,法師,lieyan,standard,1,5,2,2,21133,12925,13196,603.7,10.85,15.43,21,3,0,1,2,3,1561,950,881,1116,3821,7450,10281,6253,1235,1140,285,760,,608,,t3_psyward
standard,79,r4,red,adc,射手,mori,standard,1,6,3,5,22998,8991,13529,618.9,8.67,14.03,18.49,3,1,2,3,3,287,517,134,1728,4287,7517,10614,6253,902,2280,285,285,,608,,t3_shieldbreaker|t3_rendspear
standard,79,r5,red,sup,輔助,fuwenbianzhi,standard,1,0,0,5,4324,10392,11335,518.6,6.77,13.73,15.56,3,1,2,3,3,554,434,1093,2104,4554,7464,10323,6253,167,,712,760,,608,1821,t3_calmveil
standard,80,b1,blue,top,坦克,tiankong,standard,1,0,1,1,12267,27568,9953,426.6,9.03,14.42,22.37,3,1,2,2,3,399,398,933,1002,4049,6348,8223,6253,1406,,,190,51,323,,t3_calmveil|t3_thornmail
standard,80,b2,blue,jungle,戰士,anliuyouXia,standard,1,0,2,1,4223,17241,9732,417.1,8.74,16.97,,2,1,1,2,2,693,825,497,1132,3793,6305,8197,6253,392,,285,190,753,323,,t3_finalstring|t3_shieldbreaker
standard,80,b3,blue,mid,法師,shikong,standard,1,2,5,1,17688,14136,12042,516.1,10.33,17.23,22.24,3,0,1,2,3,1574,602,153,1492,3834,7102,9553,6253,981,570,285,1140,,323,,t3_psyward
standard,80,b4,blue,adc,射手,leiting,standard,1,3,4,0,18905,10595,11276,483.3,9.95,18.72,22.13,3,1,1,2,3,313,629,92,1375,3663,5829,8672,6253,956,570,,665,,228,,t3_shieldbreaker|t3_rendspear
standard,80,b5,blue,sup,坦克,thornwall,standard,1,1,3,0,9799,21634,11704,501.6,6.59,12.48,16.66,4,1,2,3,4,1068,753,299,404,4668,7993,10279,6253,367,570,,190,,323,2575,t3_calmveil|t3_thornmail
standard,80,r1,red,top,坦克,tiankong,standard,0,4,0,2,8372,22522,12638,541.6,7.24,11.97,18.03,4,1,2,3,4,1543,270,180,387,5493,7260,9730,6253,969,1710,,570,,228,,t3_calmveil|t3_thornmail
standard,80,r2,red,jungle,戰士,anliuyouXia,standard,0,4,2,2,16456,19906,12505,535.9,8.8,16.3,20.05,3,1,1,2,3,1468,1128,1328,2304,4568,6608,9628,6253,304,570,570,95,1607,228,,t3_finalstring|t3_shieldbreaker
standard,80,r3,red,mid,法師,shikong,standard,0,1,2,1,18661,12003,10215,437.8,10.74,19.67,,2,0,1,2,2,1333,315,131,1165,3593,5645,8581,6253,1244,,285,570,,228,,t3_psyward
standard,80,r4,red,adc,射手,leiting,standard,0,6,2,2,26719,10484,12932,554.2,8.89,17.56,19.75,3,1,1,3,3,173,1002,220,1782,4173,5902,10120,6253,788,2280,,570,,228,,t3_shieldbreaker|t3_rendspear
standard,80,r5,red,sup,坦克,thornwall,standard,0,0,0,2,7107,20409,11003,471.5,6.63,12.78,18.4,3,1,2,3,3,392,449,518,1022,4592,6929,9598,6253,342,,,95,,228,2680,t3_calmveil|t3_thornmail
standard,81,b1,blue,top,戰士,jingci,standard,0,1,5,0,12747,31320,10863,416.1,9.06,18.28,25.07,3,1,1,2,3,538,381,105,1213,3688,5911,7735,6253,950,,,285,,247,,t3_shieldbreaker|t3_finalstring
standard,81,b2,blue,jungle,戰士,embercoil,standard,0,0,5,0,8268,20733,10417,399,8.4,18.08,25.8,3,1,1,2,3,701,783,522,217,3801,6263,8102,6253,307,,,285,1010,247,,t3_shieldbreaker|t3_finalstring
standard,81,b3,blue,mid,法師,lieyan,standard,0,1,6,0,19613,16573,10255,392.8,10.66,20.07,,2,0,1,1,2,1466,480,1102,855,3726,5930,7602,6253,817,,,285,,247,,t3_psyward
standard,81,b4,blue,adc,射手,liangzi,standard,0,3,7,1,28307,12041,11177,428.1,9.52,20.33,25.06,3,1,1,1,3,196,199,1533,696,3546,5579,7213,6253,522,,,285,,152,,t3_shieldbreaker|t3_rendspear
standard,81,b5,blue,sup,坦克,tiebi,standard,0,0,3,0,4589,20231,11888,455.3,7.61,13.12,20.31,4,1,2,2,4,651,376,1710,287,4551,7316,8950,6253,291,,,285,,247,1873,t3_calmveil|t3_thornmail
standard,81,r1,red,top,戰士,jingci,standard,1,1,0,1,10805,28241,12395,474.8,9.93,17.13,22.98,3,1,1,2,3,527,461,523,945,3677,5391,8573,6253,682,570,142,570,51,304,,t3_shieldbreaker|t3_finalstring
standard,81,r2,red,jungle,戰士,embercoil,standard,1,8,1,2,21495,20797,15996,612.7,9.18,14.38,18.75,4,1,2,3,4,940,312,145,3495,4040,7112,11125,6253,389,2850,142,95,1090,304,,t3_shieldbreaker|t3_finalstring
standard,81,r3,red,mid,法師,lieyan,standard,1,6,1,0,22144,15992,13713,525.3,10.11,19.44,23.41,3,0,1,2,3,1628,467,465,1633,3888,5797,8495,6253,1273,570,,95,,304,,t3_psyward
standard,81,r4,red,adc,射手,liangzi,standard,1,10,3,0,30800,11732,16098,616.6,9.96,16.77,21.41,4,1,1,2,4,405,142,1334,2247,3755,5522,10234,6253,826,2280,,570,,304,,t3_shieldbreaker|t3_rendspear
standard,81,r5,red,sup,坦克,tiebi,standard,1,1,0,4,7058,22529,14690,562.7,6.98,13.61,16.77,5,1,2,3,5,488,365,1078,1090,4688,7025,11058,6253,324,,570,1045,,304,2561,t3_calmveil|t3_thornmail
standard,82,b1,blue,top,戰士,longyi,standard,1,2,2,0,10503,24283,12499,519.7,8.17,17.87,21.35,3,1,1,2,3,135,802,826,1099,3935,6282,9426,6253,1092,1140,,712,,228,,t3_shieldbreaker|t3_finalstring
standard,82,b2,blue,jungle,戰士,hunpo,standard,1,0,2,2,5149,8817,10210,424.5,10.15,19.44,,2,0,1,2,2,1582,157,234,909,3792,5657,7984,6253,354,,,237,720,418,,t3_psyward
standard,82,b3,blue,mid,法師,auralith,standard,1,5,5,0,17479,14712,12531,521,10,18.45,23.13,3,1,1,2,3,566,90,435,670,4416,6240,9185,6253,899,1140,,475,,418,,t3_psyward
standard,82,b4,blue,adc,射手,liangzicz,standard,1,17,8,0,49528,12926,19013,790.6,8.07,15.49,17.45,5,1,1,3,5,905,1235,473,3412,4255,6915,12273,6253,804,4560,,237,,418,,t3_shieldbreaker|t3_rendspear
standard,82,b5,blue,sup,輔助,zhanchang,standard,1,0,3,2,6370,17689,12527,520.9,6.37,12.84,17.52,4,1,2,4,4,923,211,280,1077,4623,7241,10680,6253,383,,,1662,,418,1963,t3_calmveil
standard,82,r1,red,top,戰士,longyi,standard,0,1,3,1,13852,29410,10283,427.6,9.62,17.44,,2,1,1,2,2,389,513,245,1683,3539,5993,7945,6253,775,,285,427,51,152,,t3_shieldbreaker|t3_finalstring
standard,82,r2,red,jungle,戰士,hunpo,standard,0,6,3,0,9181,12038,13446,559.1,11.5,15.8,20.78,3,0,1,2,3,1683,936,1177,1065,3893,7336,10477,6253,513,2280,,190,1088,152,,t3_psyward
standard,82,r3,red,mid,法師,auralith,standard,0,3,4,2,12761,15139,11945,496.7,10.7,18.43,21.32,3,0,1,2,3,2036,516,219,564,4296,6966,9569,6253,1026,1140,570,427,,152,,t3_psyward
standard,82,r4,red,adc,射手,liangzicz,standard,0,9,10,1,20469,12161,13945,579.8,10.27,17.36,20.73,4,0,1,2,4,1428,492,863,1044,3588,6172,9763,6253,603,2280,285,190,,152,,t3_shieldbreaker|t3_rendspear
standard,82,r5,red,sup,輔助,zhanchang,standard,0,1,4,3,5399,20322,12985,539.9,6.71,11.51,17.24,4,1,2,4,4,246,307,242,1535,4546,7037,11122,6253,463,570,285,1615,,152,1782,t3_calmveil
standard,83,b1,blue,top,戰士,chichuan,standard,0,2,2,1,9446,24866,10618,460.2,9.11,16.13,21.24,3,1,1,2,3,538,932,1083,718,3688,6412,9313,6253,1038,1140,,475,26,380,,t3_shieldbreaker|t3_finalstring
standard,83,b2,blue,jungle,戰士,leimingcf,standard,0,0,6,0,6916,16333,9934,430.5,10.04,16.28,22.89,3,0,1,2,3,1792,1136,669,84,3792,6566,8849,6253,231,,,950,1035,380,,t3_shieldbreaker|t3_finalstring
standard,83,b3,blue,mid,法師,xingjie,standard,0,2,3,1,14723,14694,10468,453.7,10.47,17.73,23.04,3,0,1,2,3,1545,170,278,118,3805,6370,8878,6253,915,570,285,475,,380,,t3_psyward
standard,83,b4,blue,adc,射手,xingchen,standard,0,3,6,0,16090,10279,10730,465,9.4,18.66,22.53,3,1,1,2,3,330,365,680,1029,3680,5745,8000,6253,891,,,475,,380,,t3_shieldbreaker|t3_rendspear
standard,83,b5,blue,sup,輔助,hexweave,standard,0,1,4,1,5755,15991,11409,494.4,6.67,11.98,15.83,4,1,2,3,4,1127,425,874,449,4527,7155,10104,6253,191,570,,475,,380,2234,t3_calmveil
standard,83,r1,red,top,戰士,chichuan,standard,1,5,0,2,15586,24634,14605,632.9,8.43,15.92,19.28,3,1,1,3,3,890,1176,386,3625,4040,6656,10286,6253,1149,570,427,1662,51,171,,t3_shieldbreaker|t3_finalstring
standard,83,r2,red,jungle,戰士,leimingcf,standard,1,7,0,2,15580,15817,14430,625.4,9.1,12.81,18.18,4,1,2,3,4,878,985,1019,1980,4628,8035,12369,6253,414,3990,,237,1302,171,,t3_shieldbreaker|t3_finalstring
standard,83,r3,red,mid,法師,xingjie,standard,1,3,4,1,15624,15115,11131,482.4,8.57,17.09,22.33,3,1,1,2,3,592,271,288,580,4442,6171,9268,6253,1013,1140,285,475,25,76,,t3_psyward
standard,83,r4,red,adc,射手,xingchen,standard,1,6,3,2,18376,9332,13021,564.3,10.49,17.33,20.33,3,0,1,2,3,1566,278,1004,1640,3726,5658,9904,6253,962,1710,570,237,,171,,t3_shieldbreaker|t3_rendspear
standard,83,r5,red,sup,輔助,hexweave,standard,1,0,1,5,3715,11818,12370,536.1,6.07,13.18,17.41,4,1,2,3,4,741,371,530,1570,4741,7401,9760,6253,373,,712,237,25,171,1987,t3_calmveil
standard,84,b1,blue,top,戰士,xueyue,standard,1,2,4,1,18696,34450,12393,474.8,8.63,17.65,22.01,3,1,1,2,3,709,204,874,943,3859,5734,9154,6253,988,1140,,475,,297,,t3_shieldbreaker|t3_finalstring
standard,84,b2,blue,jungle,戰士,fengbao,standard,1,1,6,0,8032,20177,10498,402.2,9.01,17.18,24.66,3,1,1,2,3,716,900,918,597,3816,5780,8318,6253,256,570,,,940,297,,t3_shieldbreaker|t3_finalstring
standard,84,b3,blue,mid,法師,auralith,standard,1,1,8,0,25713,17127,11652,446.5,10.17,19.08,23.33,3,0,1,2,3,1726,526,540,322,3986,6456,8090,6253,1190,570,,,,76,,t3_psyward
standard,84,b4,blue,adc,射手,dujian,standard,1,9,7,0,41755,11706,15248,584.2,9.02,18.97,22.02,4,1,1,2,4,432,330,46,1648,3782,5530,8266,6253,779,570,,475,17,171,,t3_shieldbreaker|t3_rendspear
standard,84,b5,blue,sup,坦克,tiankong,standard,1,1,4,1,5296,26521,13750,526.8,6.89,12.97,16.38,5,1,2,3,5,754,331,683,149,4654,7131,10263,6253,281,570,285,,68,297,2506,t3_calmveil|t3_thornmail
standard,84,r1,red,top,戰士,xueyue,standard,0,3,1,1,13352,27423,13069,500.7,9.57,16.74,20.31,4,1,1,2,4,625,1264,1002,519,3775,6194,9652,6253,1092,1140,285,522,17,342,,t3_shieldbreaker|t3_finalstring
standard,84,r2,red,jungle,戰士,fengbao,standard,0,9,1,0,17113,21658,16654,638.1,8.89,12.99,18.54,5,1,2,3,5,316,1208,248,1353,4116,8308,11648,6253,161,2850,,285,1756,342,,t3_shieldbreaker|t3_finalstring
standard,84,r3,red,mid,法師,auralith,standard,0,8,5,5,34770,18297,17036,652.7,11.05,16.73,19.95,4,0,1,3,4,1612,836,244,2805,3872,7336,10794,6253,1158,1710,807,522,,342,,t3_psyward
standard,84,r4,red,adc,射手,dujian,standard,0,7,6,4,27237,12535,13875,531.6,9.74,19.26,22.02,4,1,1,2,4,139,389,373,975,3489,5769,8923,6253,570,1140,522,285,,152,,t3_shieldbreaker|t3_rendspear
standard,84,r5,red,sup,坦克,tiankong,standard,0,2,1,3,5981,28384,14679,562.4,6.9,12.57,16.77,5,1,2,3,5,635,667,367,1079,4535,7907,10347,6253,247,570,95,285,,342,2554,t3_calmveil|t3_thornmail
standard,85,b1,blue,top,戰士,langwang,standard,0,1,4,1,14012,33497,10987,432.1,9.17,17.99,21.9,3,1,1,2,3,747,427,892,187,3897,5607,9122,6253,988,570,285,950,,76,,t3_shieldbreaker|t3_finalstring
standard,85,b2,blue,jungle,戰士,ronggang,standard,0,0,6,0,6335,16911,10128,398.4,9.06,18.87,24,3,1,1,2,3,174,610,186,278,3924,6040,8016,6253,392,,,,1199,171,,t3_shieldbreaker|t3_finalstring
standard,85,b3,blue,mid,法師,xingjie,standard,0,5,5,0,21117,16678,12482,490.9,11.45,18.53,24.61,3,0,1,2,3,1403,803,487,281,3663,6133,8337,6253,867,570,,475,,171,,t3_psyward
standard,85,b4,blue,adc,射手,tianfa,standard,0,12,8,2,41575,12950,16953,666.8,9.66,14.38,19.32,4,1,2,3,4,538,244,224,3352,3888,7244,11174,6253,820,3420,,475,34,171,,t3_shieldbreaker|t3_rendspear
standard,85,b5,blue,sup,輔助,mingyun,standard,0,1,6,2,6624,22195,12938,508.9,6.09,11.36,16.3,4,1,2,3,4,305,433,651,1558,5155,7463,9401,6253,237,570,285,,,171,1884,t3_calmveil
standard,85,r1,red,top,戰士,langwang,standard,1,8,1,0,19858,30891,15886,624.8,8.88,14.13,18.08,4,1,2,3,4,681,334,191,2906,3831,7434,11171,6253,1029,2280,,1140,,468,,t3_shieldbreaker|t3_finalstring
standard,85,r2,red,jungle,戰士,ronggang,standard,1,9,2,2,16674,20840,16831,662,8.93,14.13,18.73,5,1,2,4,5,79,575,274,1580,3829,7325,13024,6253,278,3990,285,190,1558,468,,t3_shieldbreaker|t3_finalstring
standard,85,r3,red,mid,法師,xingjie,standard,1,5,9,3,20133,16685,13451,529,11.84,19.15,23.48,3,0,1,2,3,1390,52,806,1370,3650,5952,8356,6253,1000,,570,190,,342,,t3_psyward
standard,85,r4,red,adc,射手,tianfa,standard,1,6,4,1,23028,10534,13676,537.9,10.92,19.32,21.78,3,0,1,2,3,1405,379,906,1875,3565,5759,8856,6253,693,1140,,427,,342,,t3_shieldbreaker|t3_rendspear
standard,85,r5,red,sup,輔助,mingyun,standard,1,1,3,6,6686,17133,13910,547.1,6.81,10.98,16.41,4,1,2,4,4,438,1063,167,3409,5038,7793,10667,6253,190,570,285,902,,278,2187,t3_calmveil
standard,86,b1,blue,top,戰士,kuangfeng,standard,0,1,3,1,14957,41351,12384,437.7,8.73,16.28,22.46,3,1,1,2,3,595,1115,433,983,3745,6595,9033,6253,893,,285,1045,,557,,t3_shieldbreaker|t3_finalstring
standard,86,b2,blue,jungle,戰士,rongyan,standard,0,0,4,1,9884,24483,11617,410.6,9.15,17.26,24.21,3,1,1,2,3,824,691,427,267,3924,6121,8377,6253,278,,285,95,907,557,,t3_shieldbreaker|t3_finalstring
standard,86,b3,blue,mid,法師,auralith,standard,0,6,7,0,27469,19826,13733,485.4,11.12,19.39,25.82,3,0,1,2,3,1428,410,647,1652,3688,6310,8197,6253,722,570,,95,,557,,t3_psyward
standard,86,b4,blue,adc,射手,dawnstrike,standard,0,18,7,0,64771,14474,21431,757.5,9.41,15.05,18.72,5,1,1,3,5,525,1539,285,5830,3875,7219,11665,6253,880,3420,,807,,304,,t3_shieldbreaker|t3_rendspear
standard,86,b5,blue,sup,輔助,shengguang,standard,0,0,6,3,8581,21091,14163,500.6,7.86,12.43,15.63,5,1,2,3,5,235,369,549,962,4535,7399,9299,6253,151,,285,332,,304,1972,t3_calmveil
standard,86,r1,red,top,戰士,kuangfeng,standard,1,2,2,1,15434,34668,13486,476.7,8.68,17.01,22.23,4,1,1,2,4,281,292,326,505,4081,5772,8926,6253,1152,570,,950,,0,,t3_shieldbreaker|t3_finalstring
standard,86,r2,red,jungle,戰士,rongyan,standard,1,4,4,0,11025,23701,14004,495,8.11,16.1,21.43,4,1,1,2,4,843,1010,1089,1253,3943,6440,9639,6253,145,1710,,,1529,0,,t3_shieldbreaker|t3_finalstring
standard,86,r3,red,mid,法師,auralith,standard,1,7,7,1,35462,20845,15132,534.9,10.21,17.7,24.81,4,0,1,2,4,1561,862,579,732,3821,6462,8609,6253,1026,570,285,475,,0,,t3_psyward
standard,86,r4,red,adc,射手,dawnstrike,standard,1,13,10,0,41254,14528,18644,659,9.91,18.72,22.64,5,1,1,2,5,151,393,111,3044,3501,5173,8061,6253,668,1140,,,,0,,t3_shieldbreaker|t3_rendspear
standard,86,r5,red,sup,輔助,shengguang,standard,1,1,2,5,7290,24531,13943,492.8,6.81,12.14,15.23,5,1,2,3,5,1154,943,861,743,4554,7673,9611,6253,313,570,285,475,,0,1714,t3_calmveil
standard,87,b1,blue,top,戰士,greymantle,standard,0,0,1,0,14689,32592,10173,392.6,9.28,17.59,25.65,3,1,1,2,3,738,590,141,222,3888,6120,8191,6253,893,,,475,,570,,t3_shieldbreaker|t3_finalstring
standard,87,b2,blue,jungle,戰士,tielian,standard,0,0,3,0,11581,17479,10493,405,8.86,16.77,24.13,3,1,1,2,3,708,977,337,412,3808,6157,8337,6253,310,,,475,823,475,,t3_shieldbreaker|t3_finalstring
standard,87,b3,blue,mid,法師,xingjie,standard,0,8,4,0,23149,16582,14859,573.5,10.18,18.23,22.02,4,0,1,2,4,1593,427,915,459,3853,6627,8945,6253,1076,570,,475,,570,,t3_psyward
standard,87,b4,blue,adc,射手,yanfeng,standard,0,14,5,0,40630,12926,18365,708.8,8.32,13.8,17.69,5,1,2,3,5,166,171,1070,2764,4166,7491,12450,6253,687,4560,,475,,475,,t3_shieldbreaker|t3_rendspear
standard,87,b5,blue,sup,坦克,bingshouweis,standard,0,0,4,2,9081,20634,13292,513.1,7.18,12.9,16.49,4,1,2,3,4,146,225,609,1112,4596,7465,10589,6253,186,,,950,34,570,2594,t3_calmveil|t3_thornmail
standard,87,r1,red,top,戰士,greymantle,standard,1,4,1,0,18593,33407,13187,509,8.25,16.68,21.58,4,1,1,2,4,781,719,608,336,3931,6249,8358,6253,1026,570,,475,34,0,,t3_shieldbreaker|t3_finalstring
standard,87,r2,red,jungle,戰士,tielian,standard,1,3,1,1,14835,19236,13173,508.4,8.86,16.97,20.13,4,1,1,2,4,196,1197,1166,673,3996,6677,9766,6253,497,1140,,237,1638,0,,t3_shieldbreaker|t3_finalstring
standard,87,r3,red,mid,法師,xingjie,standard,1,0,8,0,20321,17435,10030,387.1,10.09,21.64,,2,0,1,1,2,1599,438,722,630,3859,5588,7222,6253,969,,,,,0,,t3_psyward
standard,87,r4,red,adc,射手,yanfeng,standard,1,9,11,0,23220,12494,14748,569.3,10.18,17.53,21.25,4,0,1,2,4,1458,294,1226,1148,3618,5974,9176,6253,975,1710,,237,,0,,t3_shieldbreaker|t3_rendspear
standard,87,r5,red,sup,坦克,bingshouweis,standard,1,1,1,4,8553,24111,14313,552.5,6.78,12.23,17.4,5,1,2,3,5,382,1048,303,713,4582,7708,10283,6253,294,570,285,475,,0,2405,t3_calmveil|t3_thornmail
standard,88,b1,blue,top,戰士,cinderfist,standard,0,0,3,1,11622,21517,9329,429.6,9.05,18.39,,2,1,1,2,2,633,424,215,1048,3783,5474,8495,6253,741,,,1425,,76,,t3_shieldbreaker|t3_finalstring
standard,88,b2,blue,jungle,戰士,greymantle,standard,0,0,6,0,8419,15658,8302,382.3,9.07,18.05,,2,1,1,2,2,831,560,513,72,3931,5740,7613,6253,291,,,,992,76,,t3_shieldbreaker|t3_finalstring
standard,88,b3,blue,mid,法師,gambler,standard,0,1,4,0,19088,14096,9569,440.6,10.76,18.71,,2,0,1,2,2,1631,385,321,289,3891,5715,8451,6253,1171,,,950,,76,,t3_psyward
standard,88,b4,blue,adc,射手,xuanfeng,standard,0,4,5,0,14533,12156,10906,502.2,9.74,16.56,20.72,3,1,1,2,3,262,806,562,1005,3612,6006,9312,6253,798,1710,,475,,76,,t3_shieldbreaker|t3_rendspear
standard,88,b5,blue,sup,坦克,xukong,standard,0,0,5,0,4403,18254,10230,471.1,6.63,13.88,17.71,3,1,2,3,3,477,176,227,1250,4677,6976,9207,6253,265,,,,,76,2611,t3_calmveil|t3_thornmail
standard,88,r1,red,top,戰士,cinderfist,standard,1,8,0,1,14649,21917,13968,643.2,9.23,12.85,17.09,4,1,2,3,4,437,1082,734,467,3587,8232,12184,6253,677,3990,285,522,,456,,t3_shieldbreaker|t3_finalstring
standard,88,r2,red,jungle,戰士,greymantle,standard,1,7,1,3,15410,15545,14802,681.6,8.9,14.08,17.19,4,1,2,4,4,243,730,249,1351,4043,9030,12749,6253,326,2850,712,760,1390,456,,t3_shieldbreaker|t3_finalstring
standard,88,r3,red,mid,法師,gambler,standard,1,3,1,2,16239,12105,11130,512.5,10.61,16.62,,2,0,1,2,2,1422,217,992,1730,3682,6117,10392,6253,880,1710,570,522,,456,,t3_psyward
standard,88,r4,red,adc,射手,xuanfeng,standard,1,4,3,1,11356,9167,11023,507.6,8.13,17.2,,2,1,1,2,2,223,652,244,2122,4223,6332,9144,6253,725,1140,285,285,,456,,t3_shieldbreaker|t3_rendspear
standard,88,r5,red,sup,坦克,xukong,standard,1,1,0,7,7864,18481,12681,583.9,7.16,12.66,16.68,4,1,2,3,4,565,570,1392,480,4465,7350,11372,6253,164,570,1282,285,,456,2360,t3_calmveil|t3_thornmail
standard,89,b1,blue,top,戰士,leimingcf,standard,0,1,6,0,9870,30976,9886,409.9,8.61,16.68,23.44,3,1,1,2,3,196,868,346,285,4296,6348,8096,6253,836,570,,285,,152,,t3_shieldbreaker|t3_finalstring
standard,89,b2,blue,jungle,刺客,binghe,standard,0,1,4,1,6294,12940,10624,440.5,8.87,15.98,22.3,3,1,1,2,3,664,1655,843,494,3864,7235,9173,6253,316,570,285,285,1311,152,,t3_finalstring
standard,89,b3,blue,mid,法師,ronghuo,standard,0,2,6,0,12241,15763,10522,436.3,10.99,18.88,,2,0,1,2,2,1295,177,575,1122,3555,6377,8125,6253,864,570,,285,,152,,t3_psyward
standard,89,b4,blue,adc,射手,phantom,standard,0,5,7,0,15965,11126,11573,479.9,10.23,19.15,23.36,3,0,1,2,3,1460,453,864,1092,3620,5653,7864,6253,560,570,,285,43,152,,t3_shieldbreaker|t3_rendspear
standard,89,b5,blue,sup,輔助,tianshi,standard,0,0,6,0,5514,21327,10283,426.4,6.01,13.61,17.43,3,1,2,3,3,573,285,350,1242,4573,7315,8930,6253,272,,,285,,152,1967,t3_calmveil
standard,89,r1,red,top,戰士,leimingcf,standard,1,14,0,0,29787,25954,18947,785.6,8.46,13.45,18.34,5,1,2,4,5,1013,337,230,3646,4163,8037,12730,6253,1615,3420,,1045,17,380,,t3_shieldbreaker|t3_finalstring
standard,89,r2,red,jungle,刺客,binghe,standard,1,1,1,1,7077,11225,11087,459.7,9.09,17,23.35,3,1,1,2,3,366,590,784,487,4216,6170,9114,6253,421,570,142,95,1251,380,,t3_finalstring
standard,89,r3,red,mid,法師,ronghuo,standard,1,5,4,0,17128,14150,12660,524.9,10.21,19.04,22,3,0,1,2,3,1732,467,1077,1059,3992,5797,9407,6253,1064,1140,,570,,380,,t3_psyward
standard,89,r4,red,adc,射手,phantom,standard,1,6,4,3,23383,9476,13619,564.7,10.14,18.39,21.88,3,0,1,2,3,1490,37,1479,1819,3650,5417,8799,6253,646,1140,285,95,,380,,t3_shieldbreaker|t3_rendspear
standard,89,r5,red,sup,輔助,tianshi,standard,1,3,0,2,6292,13598,14301,593,6.98,12.31,14.88,5,1,3,4,5,907,286,235,1101,5757,8446,11115,6253,357,1140,142,1045,,380,1796,t3_calmveil
standard,90,b1,blue,top,戰士,jufeng,standard,0,2,4,0,17161,30995,10588,410.5,7.92,15.88,23.18,3,1,1,2,3,1032,862,51,458,4182,6392,8701,6253,788,1140,,190,,329,,t3_shieldbreaker|t3_finalstring
standard,90,b2,blue,jungle,刺客,shanying,standard,0,0,8,2,6568,14431,10383,402.6,9.4,17.66,24.39,3,1,1,2,3,739,436,780,282,3939,6066,8260,6253,285,,285,190,1044,202,,t3_finalstring
standard,90,b3,blue,mid,法師,gambler,standard,0,4,6,0,20695,16451,12796,496.1,8.95,17.5,23.09,3,1,1,2,3,490,560,138,595,4340,6760,9218,6253,1127,1140,,190,51,455,,t3_psyward
standard,90,b4,blue,adc,射手,huanying,standard,0,9,12,1,28697,13705,15142,587.1,9.58,17.15,20.09,4,1,1,2,4,253,488,1479,1541,3603,6168,10329,6253,769,2280,285,665,,76,,t3_shieldbreaker|t3_rendspear
standard,90,b5,blue,sup,坦克,ironclad,standard,0,1,4,2,7025,24791,12832,497.5,6.1,11.98,16.67,4,1,2,3,4,365,743,89,1031,5165,7983,10469,6253,145,570,285,190,,455,2569,t3_calmveil|t3_thornmail
standard,90,r1,red,top,戰士,jufeng,standard,1,8,0,1,18754,26133,17105,663.2,8.08,15.81,23.53,5,1,1,2,5,326,840,941,1755,4176,6370,9591,6253,1352,1140,142,475,,228,,t3_shieldbreaker|t3_finalstring
standard,90,r2,red,jungle,刺客,shanying,standard,1,9,2,3,23858,17865,16788,650.9,9.32,11.4,16.57,5,1,2,3,5,396,290,1378,1487,5546,8670,12508,6253,411,3990,,,1625,228,,t3_finalstring
standard,90,r3,red,mid,法師,gambler,standard,1,5,3,1,17369,15141,13701,531.2,11.16,18.98,22.93,4,0,1,2,4,1409,144,113,351,3669,6044,8913,6253,1102,570,285,475,,228,,t3_psyward
standard,90,r4,red,adc,射手,huanying,standard,1,12,9,2,35435,14826,16991,658.8,9.78,16.9,20.09,5,1,1,2,5,338,532,1340,1391,3688,6212,10240,6253,718,2280,285,475,,228,,t3_shieldbreaker|t3_rendspear
standard,90,r5,red,sup,坦克,ironclad,standard,1,0,2,12,8621,23405,14543,563.9,7.42,11.8,17.2,5,1,2,3,5,431,245,478,943,4931,7485,10458,6253,557,,1567,,,228,1852,t3_calmveil|t3_thornmail
standard,91,b1,blue,top,戰士,anliuyouXia,standard,0,1,3,0,12993,23858,11090,465.3,9.1,15.88,20.8,3,1,1,2,3,85,223,234,1440,3935,5753,8584,6253,1114,570,,475,,171,,t3_shieldbreaker|t3_finalstring
standard,91,b2,blue,jungle,刺客,anye,standard,0,3,4,0,11079,13340,10989,461.1,7.48,16.42,21.92,3,1,1,2,3,608,840,995,1289,4508,6470,8895,6253,234,1140,,,1096,171,,t3_finalstring
standard,91,b3,blue,mid,法師,ronghuo,standard,0,1,6,1,12509,16915,10511,441,10.48,18.52,,2,0,1,2,2,1542,309,229,1110,3802,5639,8679,6253,924,570,285,475,,171,,t3_psyward
standard,91,b4,blue,adc,射手,guangsu,standard,0,13,8,0,33355,12352,16255,682,7.91,14.78,19.15,4,1,2,3,4,471,108,1573,2405,4771,7108,11573,6253,684,3990,,475,,171,,t3_shieldbreaker|t3_rendspear
standard,91,b5,blue,sup,坦克,shengdun,standard,0,0,3,0,6044,19063,12459,522.8,7.07,13.23,18.62,4,1,2,3,4,436,556,644,258,4636,6916,9244,6253,234,,,,,76,2680,t3_calmveil|t3_thornmail
standard,91,r1,red,top,戰士,anliuyouXia,standard,1,5,1,1,13000,24383,14089,591.2,8.78,17.33,20.5,3,1,1,2,3,557,609,1441,3059,3707,6139,10091,6253,969,1710,285,570,,304,,t3_shieldbreaker|t3_finalstring
standard,91,r2,red,jungle,刺客,anye,standard,1,3,4,3,11556,15302,12094,507.4,8.78,16.08,20.72,3,1,1,2,3,710,403,1118,1913,3910,6033,9498,6253,180,570,855,95,1240,304,,t3_finalstring
standard,91,r3,red,mid,法師,ronghuo,standard,1,4,4,1,14129,12160,12992,545.1,10.9,17.65,21.3,3,0,1,2,3,1518,366,1805,1092,3778,6866,10305,6253,992,1710,,1045,,304,,t3_psyward
standard,91,r4,red,adc,射手,guangsu,standard,1,11,9,0,26965,13151,15077,632.6,9.63,15.6,19.98,4,1,1,3,4,224,516,38,1857,3574,6196,10338,6253,836,2850,,95,,304,,t3_shieldbreaker|t3_rendspear
standard,91,r5,red,sup,坦克,shengdun,standard,1,1,0,2,8250,18532,11782,494.4,7.54,12.13,16.48,4,1,2,3,4,234,672,483,482,5034,7912,10463,6253,175,570,570,95,,304,2495,t3_calmveil|t3_thornmail
standard,92,b1,blue,top,戰士,tielian,standard,0,2,4,0,6714,28811,10373,425.6,9.42,18.7,23.08,3,1,1,2,3,291,203,1061,173,3441,5683,8641,6253,570,1140,,475,,202,,t3_shieldbreaker|t3_finalstring
standard,92,b2,blue,jungle,刺客,wuxing,standard,0,2,4,0,4620,10784,10765,441.6,8.57,16.68,23.81,3,1,1,2,3,1220,821,787,414,4420,6401,8517,6253,380,570,,237,873,202,,t3_finalstring
standard,92,b3,blue,mid,法師,gambler,standard,0,3,5,1,17993,15309,11432,469,8.94,18.46,23.08,3,1,1,2,3,437,209,805,1082,4287,6109,8655,6253,883,1140,285,,17,76,,t3_psyward
standard,92,b4,blue,adc,射手,mori,standard,0,8,8,0,28686,12096,13227,542.6,9.07,18.38,21.95,3,1,1,2,3,338,385,373,1626,3688,5465,8923,6253,883,1710,,,,76,,t3_shieldbreaker|t3_rendspear
standard,92,b5,blue,sup,輔助,fuwenbianzhi,standard,0,0,1,2,5502,18996,12226,501.6,5.98,12.93,16.86,4,1,2,3,4,535,345,1055,776,4535,7375,10095,6253,209,,285,1187,,202,1957,t3_calmveil
standard,92,r1,red,top,戰士,tielian,standard,1,4,0,0,9121,27031,12814,525.7,8.62,14.63,20.69,3,1,2,2,3,655,121,2178,1414,3805,6921,10778,6253,969,2280,,855,40,380,,t3_shieldbreaker|t3_finalstring
standard,92,r2,red,jungle,刺客,wuxing,standard,1,2,2,2,9155,13284,13392,549.4,8.32,14.13,18.46,4,1,2,3,4,298,618,566,641,4148,7268,10516,6253,475,570,285,855,1698,380,,t3_finalstring
standard,92,r3,red,mid,法師,gambler,standard,1,4,5,0,15383,14979,11944,490,10.73,19.08,23.03,3,0,1,2,3,1504,167,446,344,3764,6367,8476,6253,893,570,,380,,380,,t3_psyward
standard,92,r4,red,adc,射手,mori,standard,1,12,6,0,36510,12722,17381,713.1,9.13,17.93,19.99,5,1,1,3,5,319,697,100,1781,3669,6377,10880,6253,1016,2850,,380,,380,,t3_shieldbreaker|t3_rendspear
standard,92,r5,red,sup,輔助,fuwenbianzhi,standard,1,0,2,4,5004,15251,11986,491.7,5.76,12.9,18.02,4,1,2,3,4,537,277,931,535,4537,7007,9971,6253,218,,855,380,30,380,1853,t3_calmveil
standard,93,b1,blue,top,戰士,hunpo,standard,0,0,3,0,7950,18345,9299,416.8,10.38,20.1,,2,0,1,1,2,1666,318,2112,548,3926,6168,8562,6253,1187,,,950,,171,,t3_psyward
standard,93,b2,blue,jungle,刺客,voidrift,standard,0,0,5,1,4535,9934,9437,423,9.07,16.77,,2,1,1,2,2,421,834,713,1356,4271,6414,8443,6253,484,,285,,1249,171,,t3_finalstring
standard,93,b3,blue,mid,法師,leiming,standard,0,4,4,0,11648,15155,11151,499.9,9.68,18.22,21.63,3,1,1,2,3,465,468,263,851,4315,6168,9293,6253,921,1710,,237,,171,,t3_psyward
standard,93,b4,blue,adc,射手,leiting,standard,0,4,8,0,12416,10662,10733,481.1,9.1,19.14,21.83,3,1,1,2,3,424,170,298,1033,3774,5550,8248,6253,874,570,,475,,76,,t3_shieldbreaker|t3_rendspear
standard,93,b5,blue,sup,輔助,luminary,standard,0,0,2,1,4207,15594,11181,501.2,6.42,12.11,18.23,4,1,2,3,4,554,641,1004,780,4554,6891,10044,6253,370,,,1187,,171,2062,t3_calmveil
standard,93,r1,red,top,戰士,hunpo,standard,1,4,0,1,10284,16786,12557,562.9,11.29,17.71,22.22,3,0,1,2,3,1523,342,855,707,3783,5892,10205,6253,1007,1140,285,1140,,380,,t3_psyward
standard,93,r2,red,jungle,刺客,voidrift,standard,1,0,0,0,3900,8291,9724,435.9,8.7,16.78,,2,1,1,2,2,750,2164,962,1393,3950,6494,8512,6253,285,,,190,1403,380,,t3_finalstring
standard,93,r3,red,mid,法師,leiming,standard,1,6,4,0,12620,13597,12719,570.1,10.83,17.38,19.95,3,0,1,3,3,1447,516,76,1338,3707,6966,10576,6253,997,2280,,665,,380,,t3_psyward
standard,93,r4,red,adc,射手,leiting,standard,1,12,3,0,26647,10595,16038,718.9,8.27,14.77,18.42,4,1,2,3,4,835,187,99,2817,4185,7187,11899,6253,848,3990,,427,,380,,t3_shieldbreaker|t3_rendspear
standard,93,r5,red,sup,輔助,luminary,standard,1,0,1,3,4342,10750,11922,534.4,5.92,12.58,18.65,3,1,2,3,3,1103,811,1024,2881,4503,7841,10064,6253,319,,285,902,,380,1923,t3_calmveil
standard,94,b1,blue,top,戰士,dushe,standard,0,0,4,1,9175,30091,10715,421.4,9.63,17.81,24.5,3,1,1,2,3,443,438,452,464,3593,5968,7602,6253,722,,,475,,152,,t3_shieldbreaker|t3_finalstring
standard,94,b2,blue,jungle,刺客,miwu,standard,0,2,8,1,5362,13056,11180,439.7,8.93,17.24,23.26,3,1,1,2,3,897,1186,980,299,4097,6036,8460,6253,297,570,142,,1044,152,,t3_finalstring
standard,94,b3,blue,mid,法師,haixiao,standard,0,2,9,1,18345,17961,11396,448.2,7.57,16.89,24.75,3,1,1,2,3,278,219,589,265,4828,6719,9189,6253,883,1140,285,475,,152,,t3_psyward
standard,94,b4,blue,adc,射手,shensheng,standard,0,12,10,1,39571,14295,16457,647.3,9.32,15.93,18.49,4,1,1,3,4,424,501,98,2906,3774,6181,11178,6253,684,3420,142,475,51,152,,t3_shieldbreaker|t3_rendspear
standard,94,b5,blue,sup,坦克,tiebi,standard,0,0,3,0,7665,23540,11337,445.9,7.46,12.88,19.7,4,1,2,3,4,654,209,118,436,4554,6989,9098,6253,262,,,475,,152,1955,t3_calmveil|t3_thornmail
standard,94,r1,red,top,戰士,dushe,standard,1,4,1,2,14849,28913,14190,558.1,9.66,15.52,19.98,4,1,1,3,4,257,929,124,1160,4407,6459,10254,6253,932,1140,427,1045,,456,,t3_shieldbreaker|t3_finalstring
standard,94,r2,red,jungle,刺客,miwu,standard,1,4,3,3,13691,12911,13532,532.2,9.14,14.63,19.63,3,1,2,3,3,704,159,314,2401,4604,7159,10014,6253,269,1140,380,95,1420,456,,t3_finalstring
standard,94,r3,red,mid,法師,haixiao,standard,1,7,3,2,23676,14312,15060,592.3,11.33,17.83,21.43,4,0,1,2,4,1270,1191,175,659,3530,6791,9575,6253,870,1140,285,570,,456,,t3_psyward
standard,94,r4,red,adc,射手,shensheng,standard,1,18,9,4,49007,13581,21307,838.1,10.61,14.78,16.45,5,0,2,3,5,1569,92,2341,5707,3729,8042,14141,6253,829,5130,665,807,,456,,t3_shieldbreaker|t3_rendspear
standard,94,r5,red,sup,坦克,tiebi,standard,1,1,0,5,6413,18914,14072,553.5,7.54,12.73,15.86,5,1,2,3,5,1898,1183,1115,471,4798,8423,11095,6253,403,570,522,332,,456,2557,t3_calmveil|t3_thornmail
standard,95,b1,blue,top,戰士,fengbao,standard,0,0,1,0,8695,21712,8572,419,9.08,17.61,,2,1,1,2,2,709,389,545,342,3859,5569,8425,6253,1064,,,1108,,0,,t3_shieldbreaker|t3_finalstring
standard,95,b2,blue,jungle,刺客,guihuo,standard,0,0,5,0,4787,8599,7724,377.6,9.53,18.43,,2,1,1,2,2,519,106,627,774,3719,5686,7577,6253,262,,,,1061,0,,t3_finalstring
standard,95,b3,blue,mid,法師,leiming,standard,0,1,2,0,10723,12253,8297,405.5,10.56,20.38,,2,0,1,1,2,1609,487,1670,46,3869,5617,8150,6253,1168,570,,158,,0,,t3_psyward
standard,95,b4,blue,adc,射手,liangzicz,standard,0,5,3,1,15186,9689,10603,518.3,9.16,17.05,,2,1,1,2,2,965,970,1607,1753,4315,6650,10457,6253,893,2850,285,158,17,0,,t3_shieldbreaker|t3_rendspear
standard,95,b5,blue,sup,輔助,fengshen,standard,0,1,2,0,3505,12139,11131,544.1,6.68,10.73,17.2,4,1,2,4,4,1157,344,104,251,4557,7374,10984,6253,335,570,,1900,,0,1925,t3_calmveil
standard,95,r1,red,top,戰士,fengbao,standard,1,5,0,0,13348,19066,11188,546.9,9.12,13.99,18.04,3,1,2,3,3,652,346,51,387,3802,7146,10851,6253,893,2850,,285,,570,,t3_shieldbreaker|t3_finalstring
standard,95,r2,red,jungle,刺客,guihuo,standard,1,3,1,0,5220,8335,11597,566.9,9.01,14.74,20.38,3,1,2,2,3,473,105,2930,517,4323,7655,11260,6253,380,1710,,443,1903,570,,t3_finalstring
standard,95,r3,red,mid,法師,leiming,standard,1,2,4,0,9385,11567,9307,454.9,11.11,18.3,,2,0,1,2,2,1523,467,940,1276,3783,6367,8970,6253,912,1140,,285,,380,,t3_psyward
standard,95,r4,red,adc,射手,liangzicz,standard,1,3,1,1,14946,8701,10048,491.1,10.44,18.45,,2,0,1,2,2,1531,244,1461,1797,3691,5924,9711,6253,592,1710,142,443,,570,,t3_shieldbreaker|t3_rendspear
standard,95,r5,red,sup,輔助,fengshen,standard,1,0,1,1,3974,11902,10230,500,7.1,12.59,15.44,3,1,2,3,3,917,786,853,1189,4617,7816,9893,6253,224,,142,918,,570,1784,t3_calmveil
standard,96,b1,blue,top,戰士,langwang,standard,1,4,0,0,8559,19627,11882,562.5,8.07,15.73,,2,1,1,2,2,101,1419,1060,3282,4201,6899,9660,6253,760,1710,,285,,652,,t3_shieldbreaker|t3_finalstring
standard,96,b2,blue,jungle,刺客,jiansheng,standard,1,1,3,0,4896,10525,9964,471.6,8.73,16.73,,2,1,1,2,2,127,900,457,1633,3977,6180,8787,6253,313,570,,285,1061,304,,t3_finalstring
standard,96,b3,blue,mid,法師,haixiao,standard,1,3,1,0,11500,10278,10723,507.6,8.98,17.57,,2,1,1,2,2,351,304,1521,1323,4201,6804,10021,6253,646,1710,,760,,652,,t3_psyward
standard,96,b4,blue,adc,射手,xingchen,standard,1,5,4,2,19879,10442,11945,565.5,9.15,16.68,20.67,3,1,1,2,3,370,852,349,1045,3720,6532,9249,6253,886,1140,285,285,,399,,t3_shieldbreaker|t3_rendspear
standard,96,b5,blue,sup,輔助,hexweave,standard,1,1,0,2,4610,11988,11947,565.6,7.08,10.79,15.72,3,1,2,3,3,261,656,1921,2907,5111,7686,10961,6253,129,570,285,1235,,652,1835,t3_calmveil
standard,96,r1,red,top,戰士,langwang,standard,0,1,2,0,7434,23243,9080,429.8,8.9,15.96,,2,1,1,2,2,687,842,401,479,3837,6022,8701,6253,927,570,,950,,0,,t3_shieldbreaker|t3_finalstring
standard,96,r2,red,jungle,刺客,jiansheng,standard,0,1,2,0,5115,9394,9130,432.2,8.8,17.83,,2,1,1,2,2,176,541,440,799,4026,6121,8770,6253,304,570,,,1642,0,,t3_finalstring
standard,96,r3,red,mid,法師,haixiao,standard,0,0,4,1,12784,12066,8377,396.5,10.85,18.04,,2,0,1,2,2,1491,340,329,246,3751,5670,7979,6253,1108,,142,475,,0,,t3_psyward
standard,96,r4,red,adc,射手,xingchen,standard,0,5,5,0,14313,9837,10296,487.4,7.65,16.68,,2,1,1,2,2,255,285,816,1445,4255,5965,9366,6253,832,2280,,,,0,,t3_shieldbreaker|t3_rendspear
standard,96,r5,red,sup,輔助,hexweave,standard,0,1,1,2,4723,13065,10700,506.5,6.37,13.41,16.46,4,1,2,3,4,149,736,1281,300,4449,7766,10321,6253,209,570,427,950,,0,1911,t3_calmveil
standard,97,b1,blue,top,戰士,kuangfeng,standard,1,3,1,1,12239,20326,11966,539,8.75,16.58,20.78,3,1,1,2,3,576,985,2530,565,3726,6465,11130,6253,1095,1710,142,1377,,551,,t3_shieldbreaker|t3_finalstring
standard,97,b2,blue,jungle,刺客,hundun,standard,1,2,0,1,6186,8986,10413,469.1,10.86,18.2,,2,0,1,2,2,1717,460,180,1063,3927,6610,9410,6253,294,1140,142,190,839,551,,t3_psyward
standard,97,b3,blue,mid,法師,leiming,standard,1,10,2,2,26562,15280,15221,685.6,11.22,15.68,19,3,0,1,3,3,1637,1045,243,2740,3897,7545,12143,6253,921,3420,427,665,,456,,t3_psyward
standard,97,b4,blue,adc,射手,dujian,standard,1,6,5,0,17760,8317,12471,561.7,10.09,19.73,20.77,3,0,1,2,3,1626,640,1063,670,3786,6320,9963,6253,783,1710,,665,,551,,t3_shieldbreaker|t3_rendspear
standard,97,b5,blue,sup,坦克,tiankong,standard,1,0,2,4,6409,16434,12758,574.7,7.34,12.19,16.71,4,1,2,3,4,893,525,3061,658,4693,7705,11861,6253,286,,712,1377,,551,2680,t3_calmveil|t3_thornmail
standard,97,r1,red,top,戰士,kuangfeng,standard,0,2,1,0,8736,26205,9261,417.2,7.88,17.93,,2,1,1,2,2,426,399,803,1031,4226,5879,8083,6253,690,1140,,,,0,,t3_shieldbreaker|t3_finalstring
standard,97,r2,red,jungle,刺客,hundun,standard,0,0,5,1,6966,11273,9672,435.7,8.9,17.34,,2,1,1,2,2,822,247,168,1122,4622,6697,8718,6253,348,,285,,1831,0,,t3_psyward
standard,97,r3,red,mid,法師,leiming,standard,0,3,5,0,12031,14992,10135,456.5,9.1,17.12,,2,1,1,2,2,395,101,262,1055,4245,6031,8862,6253,994,1140,,475,,0,,t3_psyward
standard,97,r4,red,adc,射手,dujian,standard,0,5,7,1,18839,11045,11098,499.9,9.41,17.02,20.77,3,1,1,2,3,528,151,348,447,3878,5531,9198,6253,950,1710,285,,,0,,t3_shieldbreaker|t3_rendspear
standard,97,r5,red,sup,坦克,tiankong,standard,0,0,3,0,5740,21198,9947,448,7.28,12.9,17.72,3,1,2,3,3,501,197,569,466,4601,7477,9149,6253,437,,,475,,0,1983,t3_calmveil|t3_thornmail
standard,98,b1,blue,top,戰士,greymantle,standard,0,2,6,2,13499,31043,11477,451.8,9.07,19.39,23.63,3,1,1,2,3,443,177,344,1246,3593,5227,7944,6253,570,,,950,,171,,t3_shieldbreaker|t3_finalstring
standard,98,b2,blue,jungle,刺客,yueying,standard,0,1,6,3,7281,12096,10759,423.6,8.76,19.29,23.98,3,1,1,2,3,538,749,286,958,3738,5729,7766,6253,399,,285,,752,76,,t3_finalstring
standard,98,b3,blue,mid,法師,haixiao,standard,0,8,6,3,23907,20558,15783,621.4,8.23,17.05,21.03,4,1,1,2,4,693,76,326,1953,4543,6576,8926,6253,1076,1140,285,,,171,,t3_psyward
standard,98,b4,blue,adc,射手,tianfa,standard,0,9,6,0,29881,15196,14960,589,9.51,17.01,20.79,4,1,1,2,4,395,858,952,1409,3745,6358,9702,6253,855,1710,,712,,171,,t3_shieldbreaker|t3_rendspear
standard,98,b5,blue,sup,坦克,shiqiang,standard,0,0,2,1,5559,26246,11310,445.3,7.37,13.76,18.05,4,1,2,3,4,401,338,42,409,4601,7138,9022,6253,291,,,237,,171,2069,t3_calmveil|t3_thornmail
standard,98,r1,red,top,戰士,greymantle,standard,1,7,2,2,17866,27686,15771,620.9,9.18,14.15,17.48,4,1,2,3,4,662,883,706,2270,3812,8033,11256,6253,1013,2850,285,475,,380,,t3_shieldbreaker|t3_finalstring
standard,98,r2,red,jungle,刺客,yueying,standard,1,2,6,3,8426,12521,13706,539.6,8.88,16.16,19.4,4,1,1,3,4,999,1550,493,905,4199,7180,10193,6253,142,570,427,475,1944,380,,t3_finalstring
standard,98,r3,red,mid,法師,haixiao,standard,1,5,3,2,22184,15369,13788,542.8,10.39,16.68,22.98,3,0,1,2,3,1542,698,137,1888,3802,6598,9537,6253,956,570,427,950,,380,,t3_psyward
standard,98,r4,red,adc,射手,tianfa,standard,1,8,7,0,30809,12388,14814,583.2,10.16,18.52,20.79,4,0,1,2,4,1598,661,428,964,3758,6041,9328,6253,1079,1140,,475,,380,,t3_shieldbreaker|t3_rendspear
standard,98,r5,red,sup,坦克,shiqiang,standard,1,4,2,5,11558,27066,15293,602.1,6.99,11.66,13.13,5,1,3,3,5,359,76,1521,1693,5159,9456,11501,6253,417,1710,285,475,,380,1980,t3_calmveil|t3_thornmail
standard,99,b1,blue,top,戰士,ravager,standard,1,1,3,1,11943,28061,10898,450.3,9.05,17.18,21.65,3,1,1,2,3,462,811,641,398,3612,6291,8341,6253,627,570,142,380,26,342,,t3_shieldbreaker|t3_finalstring
standard,99,b2,blue,jungle,戰士,longyi,standard,1,2,0,0,9730,18965,11474,474.1,9.07,15.22,20.01,3,1,1,2,3,970,1744,1204,724,4070,7174,9754,6253,342,1140,,380,1201,437,,t3_shieldbreaker|t3_finalstring
standard,99,b3,blue,mid,法師,bingshuang,standard,1,4,4,0,14081,14308,11898,491.6,10.68,18.23,22.82,3,0,1,2,3,1580,182,119,567,3840,6082,8619,6253,931,570,,617,,247,,t3_psyward
standard,99,b4,blue,adc,射手,dawnstrike,standard,1,5,4,2,26090,10864,13060,539.7,9.43,17.49,21.89,3,1,1,2,3,351,519,144,1259,3701,6199,8394,6253,801,,285,617,,437,,t3_shieldbreaker|t3_rendspear
standard,99,b5,blue,sup,輔助,shengguang,standard,1,0,2,3,9054,20137,11460,473.6,6.28,12.48,16.69,4,1,2,3,4,511,305,609,499,4511,7335,9359,6253,148,,142,380,17,437,1980,t3_calmveil
standard,99,r1,red,top,戰士,ravager,standard,0,4,1,0,15879,30777,11657,481.7,9.35,17,21.88,3,1,1,2,3,833,707,479,257,3983,6187,8479,6253,1105,570,,475,,76,,t3_shieldbreaker|t3_finalstring
standard,99,r2,red,jungle,戰士,longyi,standard,0,1,3,2,13103,20169,10983,453.9,8.98,15.61,21.24,3,1,1,2,3,164,1080,455,653,3914,6510,8705,6253,212,570,,237,1356,76,,t3_shieldbreaker|t3_finalstring
standard,99,r3,red,mid,法師,bingshuang,standard,0,1,3,0,15793,14219,10064,415.9,10.83,19.26,,2,0,1,2,2,1504,391,189,664,3764,5721,8039,6253,1140,570,,,,76,,t3_psyward
standard,99,r4,red,adc,射手,dawnstrike,standard,0,7,5,1,30005,9699,13886,573.8,9.43,16.52,20.82,4,1,1,2,4,281,436,954,86,3631,5816,9854,6253,627,1710,,1187,,76,,t3_shieldbreaker|t3_rendspear
standard,99,r5,red,sup,輔助,shengguang,standard,0,0,0,1,5430,14744,10133,418.7,7.33,12.23,18.3,3,1,2,3,3,263,396,823,902,4563,6876,8523,6253,297,,,,,76,1895,t3_calmveil
standard,100,b1,blue,top,戰士,dadi2,standard,0,2,2,0,11739,25219,11598,474.5,8.97,15.98,20.85,3,1,1,2,3,633,1192,1089,148,3783,6722,9439,6253,943,1140,,950,,152,,t3_shieldbreaker|t3_finalstring
standard,100,b2,blue,jungle,戰士,ravager,standard,0,2,1,1,9067,17369,10677,436.8,8.32,16.36,,2,1,1,2,2,787,616,496,2076,3887,5796,8796,6253,316,1140,95,,839,152,,t3_shieldbreaker|t3_finalstring
standard,100,b3,blue,mid,法師,mingyun2,standard,0,8,7,1,20831,17023,14059,575.2,11.27,16.62,20.62,3,0,1,2,3,1431,487,1283,1978,3691,6237,10683,6253,858,2850,95,475,,152,,t3_psyward
standard,100,b4,blue,adc,射手,hanbing,standard,0,5,3,0,22248,10514,11983,490.3,9.64,17.68,21.52,3,1,1,2,3,1159,710,315,182,4509,6390,9215,6253,997,1710,,,102,152,,t3_shieldbreaker|t3_rendspear
standard,100,b5,blue,sup,坦克,tieshixin,standard,0,0,2,2,7657,22502,13623,557.4,6.93,13.44,16.78,5,1,2,3,5,370,671,1446,23,4570,7451,11426,6253,265,,380,1900,,152,2474,t3_calmveil|t3_thornmail
standard,100,r1,red,top,戰士,dadi2,standard,1,0,0,1,10925,23272,10269,420.1,9.23,17.71,23.09,3,1,1,2,3,595,514,1392,318,3745,6044,8242,6253,1121,,,665,51,152,,t3_shieldbreaker|t3_finalstring
standard,100,r2,red,jungle,戰士,ravager,standard,1,2,0,0,9510,18230,11594,474.4,8.24,15.05,20.82,3,1,1,2,3,282,2164,1066,793,4862,7644,9666,6253,354,1140,,190,1576,152,,t3_shieldbreaker|t3_finalstring
standard,100,r3,red,mid,法師,mingyun2,standard,1,4,7,1,17632,15070,13482,551.6,10.75,17.88,22.95,3,0,1,2,3,1422,806,899,1402,3682,6136,8929,6253,1003,570,285,665,,152,,t3_psyward
standard,100,r4,red,adc,射手,hanbing,standard,1,8,8,0,27390,11278,14078,576,10.36,18.57,22.3,3,0,1,2,3,1389,472,974,2277,3549,6152,9524,6253,744,1710,,665,,152,,t3_shieldbreaker|t3_rendspear
standard,100,r5,red,sup,坦克,tieshixin,standard,1,1,2,1,6186,23889,12823,524.7,6.64,13.26,17.36,4,1,2,3,4,287,474,504,623,4487,7714,10004,6253,158,570,,190,,152,2680,t3_calmveil|t3_thornmail
standard,101,b1,blue,top,戰士,ronggang,standard,1,1,1,0,19051,24218,10935,462.9,9.21,16.6,21.76,3,1,1,2,3,738,1018,406,385,3888,6548,9056,6253,1073,,,1140,,589,,t3_shieldbreaker|t3_finalstring
standard,101,b2,blue,jungle,戰士,xueyue,standard,1,2,0,0,4568,11394,11615,491.7,8,17,22.67,3,1,1,2,3,911,988,1196,635,4011,6468,9196,6253,313,570,,427,1043,589,,t3_shieldbreaker|t3_finalstring
standard,101,b3,blue,mid,法師,bingshuang,standard,1,6,3,0,22935,14634,13168,557.4,10.6,17.71,21.22,3,0,1,2,3,1618,300,1462,1087,3878,6500,10262,6253,1045,1710,,665,,589,,t3_psyward
standard,101,b4,blue,adc,射手,xuanfeng,standard,1,10,2,2,32318,9574,15049,637,12.06,15.17,19.42,4,0,1,3,4,1462,1409,988,1198,3622,7089,11288,6253,693,3420,142,190,,589,,t3_shieldbreaker|t3_rendspear
standard,101,b5,blue,sup,坦克,xukong,standard,1,0,4,2,8104,19801,13319,563.8,6.8,12.87,18.47,4,1,2,3,4,468,681,1269,1118,4668,7461,10349,6253,256,,427,427,,304,2680,t3_calmveil|t3_thornmail
standard,101,r1,red,top,戰士,ronggang,standard,0,3,1,0,13473,28076,12170,515.1,8.44,13.68,20.78,3,1,2,2,3,184,496,2268,720,4334,7346,10918,6253,1054,1710,,1900,,0,,t3_shieldbreaker|t3_finalstring
standard,101,r2,red,jungle,戰士,xueyue,standard,0,2,3,1,14784,21383,10865,459.9,9.24,16.39,23.38,3,1,1,2,3,933,1124,363,365,4033,6604,8963,6253,399,570,285,,1455,0,,t3_shieldbreaker|t3_finalstring
standard,101,r3,red,mid,法師,bingshuang,standard,0,0,6,1,9625,14595,9109,385.6,11,19.5,,2,0,1,2,2,1428,110,364,129,3688,5710,7914,6253,1026,,142,475,17,0,,t3_psyward
standard,101,r4,red,adc,射手,xuanfeng,standard,0,5,8,0,15371,10784,11572,489.8,9.51,18.63,22.33,3,1,1,2,3,376,318,1027,621,3726,5398,8647,6253,779,1140,,475,,0,,t3_shieldbreaker|t3_rendspear
standard,101,r5,red,sup,坦克,xukong,standard,0,0,1,1,6896,20855,10106,427.8,6.58,13.54,19.63,3,1,2,3,3,720,147,235,606,4620,7087,8835,6253,465,,142,,,0,1973,t3_calmveil|t3_thornmail
standard,102,b1,blue,top,戰士,jingci,standard,1,0,3,1,17437,37583,11326,401.9,9.21,19.31,25.73,3,1,1,2,3,700,222,312,526,3850,5702,7412,6253,864,,142,,,152,,t3_shieldbreaker|t3_finalstring
standard,102,b2,blue,jungle,戰士,jufeng,standard,1,3,5,0,12964,26451,12554,445.4,9.53,15.01,22.69,3,1,1,2,3,774,1358,658,1203,3874,6788,8908,6253,228,1140,,277,857,152,,t3_shieldbreaker|t3_finalstring
standard,102,b3,blue,mid,法師,mingyun2,standard,1,4,8,1,23352,20013,14700,521.6,9.48,19.35,24.72,4,1,1,2,4,617,232,932,870,4467,6462,8962,6253,950,570,285,752,,152,,t3_psyward
standard,102,b4,blue,adc,射手,phantom,standard,1,12,7,0,40728,14549,17538,622.3,9.76,16.29,20.84,5,1,1,2,5,471,459,952,1937,3821,6139,9852,6253,810,2280,,356,,152,,t3_shieldbreaker|t3_rendspear
standard,102,b5,blue,sup,輔助,tianshi,standard,1,0,4,1,11963,25254,13003,461.4,6.27,12.06,16.43,4,1,2,3,4,81,592,648,1623,4681,7142,9878,6253,148,,142,514,51,152,2615,t3_calmveil
standard,102,r1,red,top,戰士,jingci,standard,0,7,3,0,30709,41192,15266,541.7,7.99,17.22,22.33,4,1,1,2,4,126,612,556,1816,3926,6092,8556,6253,921,570,,380,51,380,,t3_shieldbreaker|t3_finalstring
standard,102,r2,red,jungle,戰士,jufeng,standard,0,0,1,2,13149,18285,12672,449.6,8.76,15.86,22.99,4,1,1,2,4,280,1125,355,221,4030,6555,8905,6253,180,,285,380,1426,380,,t3_shieldbreaker|t3_finalstring
standard,102,r3,red,mid,法師,mingyun2,standard,0,8,8,0,20453,18753,15896,564,10.5,18.65,21.69,4,0,1,2,4,1447,368,127,1495,3707,5968,8457,6253,874,570,,380,,380,,t3_psyward
standard,102,r4,red,adc,射手,phantom,standard,0,12,5,3,57021,14844,18746,665.1,9.36,17.49,21.14,5,1,1,2,5,215,602,441,3145,3565,6282,9341,6253,617,1710,,380,,380,,t3_shieldbreaker|t3_rendspear
standard,102,r5,red,sup,輔助,tianshi,standard,0,0,2,3,8625,21341,13350,473.7,5.86,12.34,17.2,4,1,2,3,4,468,218,417,1970,4468,7248,9167,6253,180,,,380,,380,1973,t3_calmveil
standard,103,b1,blue,top,戰士,tielian,standard,1,3,1,1,9501,27232,12671,536.5,6.97,16.62,20.01,4,1,1,2,4,206,1153,2475,171,4486,6633,10775,6253,779,1140,285,2090,,228,,t3_shieldbreaker|t3_finalstring
standard,103,b2,blue,jungle,戰士,rongyan,standard,1,3,3,0,9426,16571,11055,468.1,8.7,16.99,20.53,3,1,1,2,3,1000,1356,981,604,4100,6486,9531,6253,190,1710,,190,959,228,,t3_shieldbreaker|t3_finalstring
standard,103,b3,blue,mid,法師,bingshuang,standard,1,4,3,1,22435,13717,12253,518.8,9.32,18.16,22.29,3,1,1,2,3,522,395,237,173,4372,6595,9217,6253,1216,570,285,665,,228,,t3_psyward
standard,103,b4,blue,adc,射手,huanying,standard,1,5,5,0,19252,9726,11900,503.9,9.83,17.77,22.03,3,1,1,2,3,194,505,371,999,3544,6185,8921,6253,617,1140,,665,17,228,,t3_shieldbreaker|t3_rendspear
standard,103,b5,blue,sup,輔助,mantra,standard,1,0,6,2,6340,17310,11188,473.7,7.13,14.18,17.49,4,1,2,3,4,159,427,390,227,4459,7157,9140,6253,161,,285,190,,228,2022,t3_calmveil
standard,103,r1,red,top,戰士,tielian,standard,0,3,2,1,9848,21860,11427,483.8,10.65,16.71,19.98,3,0,1,3,3,1866,270,26,626,3916,5750,9626,6253,1206,1140,285,475,,266,,t3_shieldbreaker|t3_finalstring
standard,103,r2,red,jungle,戰士,rongyan,standard,0,5,2,1,14615,20018,12617,534.3,7.88,16.35,17.86,3,1,1,3,3,1538,1978,335,1267,4638,7408,11265,6253,259,2850,285,,1350,266,,t3_shieldbreaker|t3_finalstring
standard,103,r3,red,mid,法師,bingshuang,standard,0,4,3,3,21415,13607,12731,539.1,10.21,19.2,22.52,3,0,1,2,3,1979,390,12,651,4239,5990,8992,6253,763,1140,570,,,266,,t3_psyward
standard,103,r4,red,adc,射手,huanying,standard,0,6,6,1,18547,11158,12247,518.6,8.54,18.62,22.03,3,1,1,2,3,912,216,1394,867,4262,5896,9344,6253,541,1710,285,237,51,266,,t3_shieldbreaker|t3_rendspear
standard,103,r5,red,sup,輔助,mantra,standard,0,0,2,1,5635,17102,12344,522.7,5.9,12.08,17.51,4,1,2,3,4,1217,230,501,964,4617,6960,9251,6253,269,,285,237,,76,2130,t3_calmveil
standard,104,b1,blue,top,坦克,shiqiang,standard,1,2,1,0,9395,19005,9526,444.3,7.1,13.89,20.63,3,1,2,2,3,608,246,1585,575,4258,6956,8875,6253,665,1140,,285,,532,,t3_calmveil|t3_thornmail
standard,104,b2,blue,jungle,戰士,tielian,standard,1,0,0,0,6929,12102,9117,425.2,8.66,17.58,,2,1,1,2,2,596,498,466,516,3696,5978,8466,6253,209,,,522,949,532,,t3_finalstring|t3_shieldbreaker
standard,104,b3,blue,mid,法師,mingyun2,standard,1,1,4,0,12544,10965,9371,437,11.24,18.77,,2,0,1,2,2,1434,217,690,320,3694,6117,8720,6253,842,570,,522,,532,,t3_psyward
standard,104,b4,blue,adc,射手,guangsu,standard,1,4,3,1,16252,10928,11167,520.8,9.55,18.13,20.22,3,1,1,2,3,329,626,1366,1267,3679,6006,9946,6253,617,1710,285,522,26,532,,t3_shieldbreaker|t3_rendspear
standard,104,b5,blue,sup,坦克,tiebi,standard,1,0,1,0,4320,15293,11230,523.7,6.78,12.53,17.94,3,1,2,3,3,723,570,599,1249,4623,7350,10579,6253,212,,,997,,532,2584,t3_calmveil|t3_thornmail
standard,104,r1,red,top,坦克,shiqiang,standard,0,2,0,0,9268,20526,10493,489.4,7.94,14.25,18.87,3,1,2,3,3,158,301,365,1062,3808,6551,9795,6253,874,1140,,1425,102,0,,t3_calmveil|t3_thornmail
standard,104,r2,red,jungle,戰士,tielian,standard,0,0,3,2,5966,16175,9217,429.8,10.23,15.84,,2,0,1,2,2,2048,1137,456,616,4048,6617,8756,6253,392,,427,,1682,0,,t3_finalstring|t3_shieldbreaker
standard,104,r3,red,mid,法師,mingyun2,standard,0,1,1,0,15241,10665,9032,421.2,10.63,18.23,,2,0,1,2,2,1533,249,304,581,3793,6149,8334,6253,1035,570,,475,,0,,t3_psyward
standard,104,r4,red,adc,射手,guangsu,standard,0,5,3,0,14887,9894,10397,484.9,10.18,17.76,20.68,3,0,1,2,3,1379,558,1386,496,3539,5338,9366,6253,832,2280,,,,0,,t3_shieldbreaker|t3_rendspear
standard,104,r5,red,sup,坦克,tiebi,standard,0,1,0,1,4209,15518,10111,471.6,7.04,13.17,19.06,3,1,2,3,3,914,383,270,731,5114,7323,9650,6253,322,570,142,475,,0,1886,t3_calmveil|t3_thornmail
standard,105,b1,blue,top,坦克,longji,standard,0,4,2,1,8011,23683,11487,511.3,8.59,15.63,19.33,4,1,1,3,4,757,1792,750,237,3707,6842,10680,6253,684,2280,285,950,,228,,t3_calmveil|t3_thornmail
standard,105,b2,blue,jungle,戰士,cinderfist,standard,0,2,2,1,8779,16138,10148,451.7,8.98,16.63,22.17,3,1,1,2,3,1377,1201,665,117,4477,6631,8615,6253,323,570,95,,1145,228,,t3_shieldbreaker|t3_finalstring
standard,105,b3,blue,mid,法師,shikong,standard,0,3,5,3,12892,15214,11478,510.9,10.59,18.11,21.68,3,0,1,2,3,1485,752,1225,627,3745,6652,9255,6253,1064,570,665,475,,228,,t3_psyward
standard,105,b4,blue,adc,射手,mori,standard,0,3,1,2,18862,8443,10632,473.2,9.88,18.19,,2,1,1,2,2,519,51,268,1732,3869,5731,8818,6253,864,1140,95,237,,228,,t3_shieldbreaker|t3_rendspear
standard,105,b5,blue,sup,輔助,zhanchang,standard,0,1,4,1,6276,18919,11873,528.5,6.53,12.44,15.53,4,1,2,3,4,573,902,687,913,4573,7932,9917,6253,256,570,,712,,228,1896,t3_calmveil
standard,105,r1,red,top,坦克,longji,standard,1,6,1,0,12498,25977,12456,554.4,9.42,12.27,15.28,4,1,2,4,4,624,1764,190,906,3574,8514,11440,6253,608,3420,,855,,304,,t3_calmveil|t3_thornmail
standard,105,r2,red,jungle,戰士,cinderfist,standard,1,2,1,3,9779,13634,11880,528.8,8.21,15.29,20.71,3,1,1,2,3,846,2431,1408,1549,3946,7081,9958,6253,475,570,570,380,1405,304,,t3_shieldbreaker|t3_finalstring
standard,105,r3,red,mid,法師,shikong,standard,1,0,3,1,14081,11362,9559,425.5,10.46,19.31,,2,0,1,2,2,1599,239,493,278,3859,6139,8343,6253,1121,,285,380,,304,,t3_psyward
standard,105,r4,red,adc,射手,mori,standard,1,5,7,0,18342,10495,11174,497.3,10.67,18.28,21.39,3,0,1,2,3,1196,404,1076,693,3356,5484,9626,6253,408,2280,,380,,304,,t3_shieldbreaker|t3_rendspear
standard,105,r5,red,sup,輔助,zhanchang,standard,1,1,1,4,7711,13497,12713,565.9,6.14,12.25,15.47,4,1,2,3,4,1492,940,1745,1752,4592,7670,10975,6253,351,,855,855,,304,2356,t3_calmveil
standard,106,b1,blue,top,坦克,dadi,standard,1,1,1,0,8370,25399,11468,485.6,8.25,14.61,20.67,4,1,2,2,4,317,403,2671,217,4467,6253,9901,6253,1026,570,,1900,,152,,t3_calmveil|t3_thornmail
standard,106,b2,blue,jungle,戰士,chichuan,standard,1,1,0,0,5981,18188,9580,405.7,8.82,18.41,,2,1,1,2,2,774,909,49,1400,3874,5739,7579,6253,266,,,,907,152,,t3_shieldbreaker|t3_finalstring
standard,106,b3,blue,mid,法師,lieyan,standard,1,0,5,0,12438,12927,9118,386.1,11.18,21.2,,2,0,1,1,2,1523,157,703,368,3783,5607,7203,6253,798,,,,,152,,t3_psyward
standard,106,b4,blue,adc,射手,leiting,standard,1,11,5,0,35543,11897,15887,672.7,10.75,16.57,20.84,4,0,1,2,4,2275,807,430,2286,4435,6487,9280,6253,1022,1140,,712,,152,,t3_shieldbreaker|t3_rendspear
standard,106,b5,blue,sup,輔助,luminary,standard,1,0,1,3,8928,18372,11890,503.5,6.82,12.6,15.93,4,1,2,3,4,1603,633,372,510,4703,7363,9602,6253,345,,,237,51,152,2562,t3_calmveil
standard,106,r1,red,top,坦克,dadi,standard,0,1,1,0,8629,21946,9992,423.1,9.11,15.23,22.18,3,1,1,2,3,719,516,524,62,3669,5816,7754,6253,722,,,380,,399,,t3_calmveil|t3_thornmail
standard,106,r2,red,jungle,戰士,chichuan,standard,0,1,2,1,6189,16784,10749,455.2,8.88,16.27,20.53,3,1,1,2,3,751,1315,908,719,3851,6745,9458,6253,161,570,285,380,1409,399,,t3_shieldbreaker|t3_finalstring
standard,106,r3,red,mid,法師,lieyan,standard,0,2,3,1,22165,14527,10287,435.6,10.9,17.74,,2,0,1,2,2,1390,262,539,886,3650,6462,8989,6253,912,1140,,380,,304,,t3_psyward
standard,106,r4,red,adc,射手,leiting,standard,0,8,5,0,27377,10952,13498,571.5,9.82,17.52,20.84,3,1,1,2,3,310,313,593,1697,3660,5693,9493,6253,750,1710,,380,,399,,t3_shieldbreaker|t3_rendspear
standard,106,r5,red,sup,輔助,luminary,standard,0,0,2,3,6479,16710,11713,496,6.28,13.73,16.61,4,1,2,3,4,254,251,825,753,4554,7281,10055,6253,304,,285,855,,399,1958,t3_calmveil
standard,107,b1,blue,top,坦克,tixue,standard,0,0,2,1,12583,25736,9652,422.6,7.59,16.22,20.95,3,1,1,2,3,956,542,1455,102,3906,5692,8745,6253,977,,285,950,,278,,t3_calmveil|t3_thornmail
standard,107,b2,blue,jungle,戰士,dadi2,standard,0,1,3,0,10718,14455,9516,416.6,9.49,16.27,,2,1,1,2,2,810,1060,588,1286,3910,6540,8468,6253,357,570,,,1008,278,,t3_finalstring|t3_shieldbreaker
standard,107,b3,blue,mid,法師,shikong,standard,0,1,5,0,14433,13642,9099,398.3,10.33,18.55,,2,0,1,2,2,1523,159,47,498,3783,5759,8077,6253,1102,570,,,,152,,t3_psyward
standard,107,b4,blue,adc,射手,shensheng,standard,0,1,5,0,17013,12048,8584,375.8,10.83,19.56,,2,0,1,2,2,1602,253,187,303,3762,5453,7087,6253,665,,,,17,152,,t3_shieldbreaker|t3_rendspear
standard,107,b5,blue,sup,坦克,tiankong,standard,0,0,3,0,5491,22190,11291,494.3,6.45,12.9,17.55,4,1,2,3,4,543,1271,526,390,4743,7631,10326,6253,317,,,950,51,278,2474,t3_calmveil|t3_thornmail
standard,107,r1,red,top,坦克,tixue,standard,1,3,0,2,12224,18576,12335,540,8.73,15.56,18.18,3,1,1,3,3,586,625,251,2305,3536,6025,10281,6253,551,1710,285,1140,,342,,t3_calmveil|t3_thornmail
standard,107,r2,red,jungle,戰士,dadi2,standard,1,6,0,0,12670,17663,13105,573.7,8.92,15.26,18.18,4,1,1,3,4,1032,1714,897,405,4132,6894,10797,6253,370,2280,,190,1361,342,,t3_finalstring|t3_shieldbreaker
standard,107,r3,red,mid,法師,shikong,standard,1,0,2,4,14103,12535,10004,438,11.24,18.54,,2,0,1,2,2,1409,847,314,604,3669,6177,8644,6253,893,,997,348,,152,,t3_psyward
standard,107,r4,red,adc,射手,shensheng,standard,1,9,1,0,29072,11164,14777,647,10.13,16.48,19.22,4,0,1,3,4,1379,882,1082,927,3539,6682,10982,6253,782,2280,,1298,26,342,,t3_shieldbreaker|t3_rendspear
standard,107,r5,red,sup,坦克,tiankong,standard,1,0,0,3,7101,16267,10709,468.8,7.53,12.89,18.03,3,1,2,3,3,632,514,473,728,4532,7154,9373,6253,291,,142,348,,342,1996,t3_calmveil|t3_thornmail
standard,108,b1,blue,top,坦克,stoneguard,standard,1,1,2,0,9502,30646,11083,437.9,8.72,15.09,21.27,3,1,1,2,3,719,625,404,1493,3669,6025,8134,6253,836,570,,475,,0,,t3_calmveil|t3_thornmail
standard,108,b2,blue,jungle,戰士,langwang,standard,1,0,5,0,6969,22584,9687,382.8,9.73,18.56,,2,1,1,2,2,93,650,497,1457,3893,5830,7597,6253,288,,,,1055,0,,t3_finalstring|t3_shieldbreaker
standard,108,b3,blue,mid,法師,lieyan,standard,1,1,5,0,18574,18748,10627,419.9,9.15,17.48,25.28,3,1,1,2,3,389,215,155,177,4239,6025,8685,6253,912,570,,950,,0,,t3_psyward
standard,108,b4,blue,adc,射手,liangzicz,standard,1,2,7,0,19904,12457,10570,417.7,10.65,18.13,22.93,3,0,1,2,3,1405,236,287,490,3565,5436,7507,6253,541,,,712,,0,,t3_shieldbreaker|t3_rendspear
standard,108,b5,blue,sup,坦克,tiemu,standard,1,0,6,0,5450,27253,10933,432,7.03,13.5,18.36,3,1,2,3,3,118,428,311,1353,4618,7228,8991,6253,348,,,237,102,0,2049,t3_calmveil|t3_thornmail
standard,108,r1,red,top,坦克,stoneguard,standard,0,6,0,3,14333,26217,14864,587.3,9.02,14.13,16.48,5,1,2,3,5,948,286,376,1214,3898,6976,10406,6253,1276,1710,142,475,17,532,,t3_calmveil|t3_thornmail
standard,108,r2,red,jungle,戰士,langwang,standard,0,9,0,3,17146,16139,17355,685.7,8.93,13.48,17.52,5,1,2,3,5,406,903,1318,2054,4686,8303,12348,6253,209,2850,285,475,1744,532,,t3_finalstring|t3_shieldbreaker
standard,108,r3,red,mid,法師,lieyan,standard,0,6,0,5,35018,14847,15125,597.6,10.19,15.03,19.7,4,0,1,3,4,1846,1121,149,725,4106,7621,10699,6253,1159,1710,570,475,,532,,t3_psyward
standard,108,r4,red,adc,射手,liangzicz,standard,0,4,2,1,22269,11805,12522,494.8,10.53,16.52,22.98,3,0,1,2,3,1405,446,386,722,3565,5826,8666,6253,693,570,142,475,,532,,t3_shieldbreaker|t3_rendspear
standard,108,r5,red,sup,坦克,tiemu,standard,0,0,2,3,7499,20169,13093,517.3,7.43,12.08,18.08,4,1,2,3,4,370,731,900,892,4570,7971,10880,6253,158,,570,950,,532,2416,t3_calmveil|t3_thornmail
standard,109,b1,blue,top,坦克,thornwall,standard,0,4,1,0,10959,23335,12148,531.8,8.21,13.28,19.23,3,1,2,3,3,317,526,430,2218,4467,7156,8980,6253,1187,570,,665,,304,,t3_calmveil|t3_thornmail
standard,109,b2,blue,jungle,戰士,anliuyouXia,standard,0,0,0,1,7021,13767,9543,417.8,8.8,16.92,,2,1,1,2,2,208,910,959,992,3958,6340,8309,6253,408,,142,190,1010,304,,t3_shieldbreaker|t3_finalstring
standard,109,b3,blue,mid,法師,shikong,standard,0,6,0,3,22984,14744,13705,600,9.64,15.97,19.65,3,1,1,3,3,389,475,338,2104,4239,6975,10888,6253,798,2850,,665,17,304,,t3_psyward
standard,109,b4,blue,adc,射手,xingchen,standard,0,6,1,0,13202,9237,12479,546.3,9.4,15.53,18.94,3,1,1,3,3,395,1333,1016,679,3745,7013,11496,6253,836,3420,,665,17,304,,t3_shieldbreaker|t3_rendspear
standard,109,b5,blue,sup,輔助,hexweave,standard,0,0,1,4,4519,15776,11339,496.4,6.23,12.83,16.02,4,1,2,3,4,273,418,907,378,4573,7448,10137,6253,304,,712,665,,304,1898,t3_calmveil
standard,109,r1,red,top,坦克,thornwall,standard,1,0,0,0,6579,21015,9913,434,9.02,15.29,19.72,3,1,1,3,3,767,928,147,382,3717,5978,8777,6253,769,,,1425,,329,,t3_calmveil|t3_thornmail
standard,109,r2,red,jungle,戰士,anliuyouXia,standard,1,1,2,0,10221,16034,10541,461.5,8.77,15.87,21.23,3,1,1,2,3,208,938,1012,390,4258,6368,9192,6253,551,570,,,1488,329,,t3_shieldbreaker|t3_finalstring
standard,109,r3,red,mid,法師,shikong,standard,1,1,4,0,18788,17040,10072,440.9,10.23,18.28,,2,0,1,2,2,2017,268,260,791,4277,6348,8660,6253,1235,570,,475,51,76,,t3_psyward
standard,109,r4,red,adc,射手,xingchen,standard,1,1,6,1,14485,10991,9419,412.3,10.83,18.59,,2,0,1,2,2,1262,365,787,1268,3422,5265,8007,6253,570,570,285,,,329,,t3_shieldbreaker|t3_rendspear
standard,109,r5,red,sup,輔助,hexweave,standard,1,0,4,0,3320,16557,11062,484.3,7.08,12.28,16.52,4,1,2,3,4,1978,274,574,361,4478,7304,9014,6253,218,,,475,,76,1991,t3_calmveil
standard,110,b1,blue,top,坦克,tieshixin,standard,1,1,1,1,9809,19990,9772,447.4,8.13,14.63,19.91,3,1,2,3,3,276,251,211,642,3926,6201,8861,6253,1068,570,142,522,,304,,t3_calmveil|t3_thornmail
standard,110,b2,blue,jungle,刺客,razorwing,standard,1,1,3,1,5009,9422,9956,455.8,8.9,16.47,,2,1,1,2,2,577,961,1462,1525,3777,6291,8942,6253,304,570,285,285,940,304,,t3_finalstring
standard,110,b3,blue,mid,法師,xingjie,standard,1,1,5,1,12483,12767,10253,469.4,10.91,18.79,,2,0,1,2,2,1568,406,1444,852,3828,6156,9474,6253,1013,570,285,997,51,304,,t3_psyward
standard,110,b4,blue,adc,射手,dujian,standard,1,4,4,1,16508,10919,10955,501.6,9.36,16.73,21.48,3,1,1,2,3,234,588,913,1055,3584,5788,9493,6253,655,1710,285,285,,304,,t3_shieldbreaker|t3_rendspear
standard,110,b5,blue,sup,坦克,tiankong,standard,1,2,0,1,4850,14821,12576,575.8,7.02,11.82,16.58,4,1,2,3,4,1559,811,1153,376,5159,8051,11133,6253,340,1140,142,285,,304,2667,t3_calmveil|t3_thornmail
standard,110,r1,red,top,坦克,tieshixin,standard,0,2,0,0,7601,18288,9464,433.3,9.58,13.6,20.71,3,1,2,2,3,308,185,1585,513,4258,6595,8875,6253,779,1140,,475,,228,,t3_calmveil|t3_thornmail
standard,110,r2,red,jungle,刺客,razorwing,standard,0,2,2,1,5818,8420,10468,479.3,9.54,16.53,20.45,3,1,1,2,3,756,1076,1294,667,3956,6406,9724,6253,408,1140,285,,1409,228,,t3_finalstring
standard,110,r3,red,mid,法師,xingjie,standard,0,1,2,1,8337,12110,9312,426.3,10.32,17.48,,2,0,1,2,2,1580,372,355,261,3840,6272,8685,6253,874,570,285,475,,228,,t3_psyward
standard,110,r4,red,adc,射手,dujian,standard,0,8,4,2,23817,11977,13039,597,7.57,15.6,20.48,3,1,1,2,3,686,760,2141,1888,4686,6560,10721,6253,725,2850,427,237,,228,,t3_shieldbreaker|t3_rendspear
standard,110,r5,red,sup,坦克,tiankong,standard,0,0,1,1,5158,18378,11540,528.4,7.59,13.7,17.8,3,1,2,3,3,344,465,295,1560,4544,6945,9795,6253,253,,142,237,,228,2680,t3_calmveil|t3_thornmail
standard,111,b1,blue,top,坦克,bingshouweis,standard,1,0,0,1,7677,19982,9293,418.6,8.03,16.48,21.14,3,1,1,2,3,700,435,844,162,3650,5835,8134,6253,855,,,380,,646,,t3_calmveil|t3_thornmail
standard,111,b2,blue,jungle,刺客,jingxiang,standard,1,0,4,1,3322,8757,9154,412.4,8.68,16.77,,2,1,1,2,2,113,1643,570,724,4013,6323,8220,6253,237,,142,380,940,266,,t3_finalstring
standard,111,b3,blue,mid,法師,auralith,standard,1,0,3,2,13494,11420,10442,470.4,11.04,17.78,,2,0,1,2,2,1723,166,944,1042,3983,6396,9094,6253,1102,,427,855,,456,,t3_psyward
standard,111,b4,blue,adc,射手,tianfa,standard,1,8,2,0,16431,10675,13056,588.1,9.88,16.86,20.07,3,1,1,2,3,396,617,2538,1256,3746,5817,11118,6253,592,3420,,380,17,456,,t3_shieldbreaker|t3_rendspear
standard,111,b5,blue,sup,坦克,shiqiang,standard,1,1,4,2,5180,18973,11094,499.7,6.57,12.55,17.44,3,1,2,3,3,378,359,917,1114,5178,7599,10297,6253,291,570,570,380,,456,1776,t3_calmveil|t3_thornmail
standard,111,r1,red,top,坦克,bingshouweis,standard,0,3,2,1,9790,19690,11688,526.5,7.51,13.4,18.84,4,1,2,3,4,150,319,955,338,4100,6729,10985,6253,1247,1710,95,1425,102,152,,t3_calmveil|t3_thornmail
standard,111,r2,red,jungle,刺客,jingxiang,standard,0,3,1,0,8852,10073,10711,482.5,8.69,15.95,19.48,3,1,1,3,3,164,1883,269,430,4064,7213,9769,6253,364,1710,,,1289,152,,t3_finalstring
standard,111,r3,red,mid,法師,auralith,standard,0,1,3,0,11305,13910,9686,436.3,10.16,17.6,,2,0,1,2,2,1609,341,58,935,3869,5791,8508,6253,1057,570,,475,,152,,t3_psyward
standard,111,r4,red,adc,射手,tianfa,standard,0,6,1,2,15856,10802,12235,551.1,9.44,15.97,19.48,3,1,1,3,3,265,1045,75,435,3615,6845,10925,6253,905,2850,237,475,51,152,,t3_shieldbreaker|t3_rendspear
standard,111,r5,red,sup,坦克,shiqiang,standard,0,0,2,3,4725,16991,10867,489.5,7.25,12.35,18.33,3,1,2,3,3,717,627,447,887,4617,7287,9947,6253,338,,522,,,152,2680,t3_calmveil|t3_thornmail
standard,112,b1,blue,top,坦克,tiankong,standard,1,1,3,1,12996,28592,11277,462.8,8.58,15.58,20.13,4,1,1,2,4,142,383,1512,26,3992,5683,8742,6253,988,,,1425,,76,,t3_calmveil|t3_thornmail
standard,112,b2,blue,jungle,刺客,guihuo,standard,1,1,5,0,2976,10954,10293,422.4,7.81,15.31,24.3,3,1,1,2,3,162,975,716,62,4012,6555,8446,6253,399,570,,,1147,76,,t3_finalstring
standard,112,b3,blue,mid,法師,xingjie,standard,1,3,5,1,16412,15476,11761,482.7,10.66,17.26,23.27,3,0,1,2,3,1713,196,308,161,3973,6396,8638,6253,1026,1140,142,,,76,,t3_psyward
standard,112,b4,blue,adc,射手,dawnstrike,standard,1,10,8,1,25969,11640,14573,598.1,9.75,18.33,20.37,4,1,1,2,4,357,142,1570,973,3707,5522,10120,6253,798,2850,142,,,76,,t3_shieldbreaker|t3_rendspear
standard,112,b5,blue,sup,輔助,tianshi,standard,1,1,1,1,6870,20967,12986,532.9,6.15,12.23,15.07,4,1,2,3,4,70,1253,2058,1536,4620,7983,11098,6253,209,570,,1900,,76,2089,t3_calmveil
standard,112,r1,red,top,坦克,tiankong,standard,0,2,1,1,13689,22742,12520,513.8,8.96,14.47,17.78,4,1,2,3,4,838,326,436,370,3788,6176,10366,6253,726,1140,285,1282,51,627,,t3_calmveil|t3_thornmail
standard,112,r2,red,jungle,刺客,guihuo,standard,0,3,3,1,9342,11618,12343,506.6,9.07,16.25,20.28,3,1,1,2,3,761,1325,1422,1263,3961,6255,9752,6253,164,1140,95,95,1377,627,,t3_finalstring
standard,112,r3,red,mid,法師,xingjie,standard,0,7,3,1,15637,13614,14269,585.6,10.31,18,20.31,4,0,1,2,4,1580,372,302,439,3840,6272,9702,6253,874,1140,95,807,,532,,t3_psyward
standard,112,r4,red,adc,射手,dawnstrike,standard,0,9,8,1,25850,11066,14263,585.3,9.47,18.06,20.37,4,1,1,2,4,348,412,1593,412,3698,6092,10493,6253,763,2850,285,95,,247,,t3_shieldbreaker|t3_rendspear
standard,112,r5,red,sup,輔助,tianshi,standard,0,1,1,3,12568,15287,12604,517.3,6.73,11.58,15.82,4,1,2,3,4,2087,1374,1524,1154,4587,8404,10564,6253,321,570,380,570,,627,1842,t3_calmveil
standard,113,b1,blue,top,坦克,shengdun,standard,0,6,2,1,23907,44561,17949,547.2,7.12,14.09,19.1,5,1,2,3,5,137,450,1631,4398,4287,7080,10481,6253,997,1710,,950,,570,,t3_calmveil|t3_thornmail
standard,113,b2,blue,jungle,刺客,yingsi,standard,0,0,4,0,6867,23685,13434,409.6,8.46,17.48,23.11,4,1,1,2,4,741,729,331,84,3941,6309,8661,6253,405,,,475,957,570,,t3_finalstring
standard,113,b3,blue,mid,法師,auralith,standard,0,12,13,1,41365,25872,19402,591.5,11.94,17.08,23.97,5,0,1,2,5,1352,391,695,3252,3612,6291,9445,6253,722,1140,285,475,,570,,t3_psyward
standard,113,b4,blue,adc,射手,hanbing,standard,0,21,8,1,85098,15669,24456,745.6,9.1,14.49,18.03,5,1,2,3,5,832,248,1775,8856,4182,7868,12675,6253,722,4560,285,475,,380,,t3_shieldbreaker|t3_rendspear
standard,113,b5,blue,sup,輔助,linghun,standard,0,0,3,3,12643,29660,15443,470.8,7.02,12.34,16.15,5,1,2,3,5,1504,488,2250,2242,4604,7518,9950,6253,193,,570,475,,570,1888,t3_calmveil
standard,113,r1,red,top,坦克,shengdun,standard,1,5,3,2,22127,49780,17202,524.4,8.5,14.13,17.43,5,1,2,3,5,309,527,356,3651,3859,6377,9106,6253,1238,1140,,475,,0,,t3_calmveil|t3_thornmail
standard,113,r2,red,jungle,刺客,yingsi,standard,1,1,10,3,13936,22422,14514,442.5,8.48,16.73,23.9,4,1,1,2,4,822,348,245,1164,4022,5928,7975,6253,294,,,,1427,0,,t3_finalstring
standard,113,r3,red,mid,法師,auralith,standard,1,9,9,0,36992,23813,17873,544.9,10.88,19.4,26.23,5,0,1,2,5,1476,334,332,1722,3736,5484,7982,6253,921,570,,237,,0,,t3_psyward
standard,113,r4,red,adc,射手,hanbing,standard,1,15,13,0,58757,20575,20631,629,9.01,18.03,21.87,5,1,1,2,5,319,199,240,5031,3669,5579,8090,6253,791,570,,475,,0,,t3_shieldbreaker|t3_rendspear
standard,113,r5,red,sup,輔助,linghun,standard,1,0,4,4,14991,24315,16472,502.2,7.28,13.58,16.69,5,1,2,3,5,778,61,1342,3271,4478,7091,9802,6253,288,,570,712,,0,1977,t3_calmveil
standard,114,b1,blue,top,坦克,xukong,standard,1,2,0,3,11372,30024,13036,525.5,8.26,15.96,18.92,4,1,1,3,4,304,448,221,785,3954,5848,9771,6253,1200,1140,285,665,,228,,t3_calmveil|t3_thornmail
standard,114,b2,blue,jungle,刺客,youming,standard,1,0,4,1,4109,10055,10049,405.1,10.27,18.23,,2,0,1,2,2,1752,455,262,1618,3682,5785,8042,6253,133,,142,190,1095,228,,t3_finalstring
standard,114,b3,blue,mid,法師,xingjie,standard,1,4,5,3,29028,17100,12823,516.9,9.43,19.41,22.98,3,1,1,2,3,256,442,660,1093,4106,5892,9160,6253,1064,570,855,190,,228,,t3_psyward
standard,114,b4,blue,adc,射手,xuanfeng,standard,1,6,4,0,24279,11924,13298,536,7.67,16.8,20.66,4,1,1,2,4,201,700,1093,398,4201,6500,9673,6253,817,1710,,665,,228,,t3_shieldbreaker|t3_rendspear
standard,114,b5,blue,sup,坦克,shengdun,standard,1,3,0,2,6390,21002,14009,564.7,7.17,11.73,18.52,4,1,2,4,4,1099,1247,570,1809,5299,8487,12170,6253,357,1710,427,665,51,228,2477,t3_calmveil|t3_thornmail
standard,114,r1,red,top,坦克,xukong,standard,0,6,0,1,11944,27213,13726,553.3,9.05,13.6,19.14,4,1,2,3,4,656,252,939,1475,3606,6782,10069,6253,832,1710,285,665,,323,,t3_calmveil|t3_thornmail
standard,114,r2,red,jungle,刺客,youming,standard,0,1,5,1,7945,13998,11493,463.3,9.04,14.33,22.15,3,1,2,2,3,831,424,858,613,4031,7124,9288,6253,240,570,,190,1711,323,,t3_finalstring
standard,114,r3,red,mid,法師,xingjie,standard,0,1,4,2,24288,15618,11088,447,10.62,19.31,23.53,3,0,1,2,3,1536,343,248,538,3796,5943,8698,6253,886,,570,665,,323,,t3_psyward
standard,114,r4,red,adc,射手,xuanfeng,standard,0,5,4,1,23846,12874,12874,518.9,9.89,15.13,20.4,3,1,1,2,3,234,1489,1407,1074,3584,7289,9987,6253,798,1710,,902,,323,,t3_shieldbreaker|t3_rendspear
standard,114,r5,red,sup,坦克,shengdun,standard,0,0,2,1,6635,24266,11900,479.7,7.32,12.81,17.53,4,1,2,3,4,373,218,542,300,4573,7458,10042,6253,167,,285,427,,228,2680,t3_calmveil|t3_thornmail
standard,115,b1,blue,top,坦克,tiemu,standard,0,1,2,0,6991,27772,9583,409.1,6.25,14.81,20.43,3,1,2,2,3,279,126,783,532,4429,6576,8413,6253,988,570,,475,,126,,t3_calmveil|t3_thornmail
standard,115,b2,blue,jungle,刺客,yueying,standard,0,0,5,0,3862,10759,9010,384.6,9.42,17.75,,2,1,1,2,2,641,172,581,929,3841,5752,7711,6253,190,,,,1267,0,,t3_finalstring
standard,115,b3,blue,mid,法師,auralith,standard,0,0,6,0,13124,16091,8287,353.8,11.25,20.76,,2,0,1,1,2,1400,334,600,457,3660,5484,7080,6253,826,,,,,0,,t3_psyward
standard,115,b4,blue,adc,射手,phantom,standard,0,4,10,0,18929,15143,10837,462.6,9.99,18.66,22.9,3,1,1,2,3,281,164,205,936,3631,5664,7425,6253,807,,,237,,126,,t3_shieldbreaker|t3_rendspear
standard,115,b5,blue,sup,輔助,fuwenbianzhi,standard,0,0,4,0,4524,18276,10528,449.4,6.3,12.6,17.08,3,1,2,3,3,459,275,356,1488,4459,7005,9396,6253,228,,,712,,126,2075,t3_calmveil
standard,115,r1,red,top,坦克,tiemu,standard,1,9,0,0,17837,25537,15751,672.4,6.69,13.12,14.53,5,1,3,4,5,693,155,474,2201,4543,9185,12624,6253,1558,3420,,918,,475,,t3_calmveil|t3_thornmail
standard,115,r2,red,jungle,刺客,yueying,standard,1,2,0,1,7557,10726,11101,473.9,10.18,16.63,21.28,3,0,1,2,3,1998,540,1275,500,3928,6120,9605,6253,95,1140,285,285,1071,475,,t3_finalstring
standard,115,r3,red,mid,法師,auralith,standard,1,6,1,1,22464,13967,14228,607.4,10.41,17.19,21.24,3,0,1,2,3,1618,428,1036,2798,3878,6028,10436,6253,1238,2280,,285,,380,,t3_psyward
standard,115,r4,red,adc,射手,phantom,standard,1,10,4,3,28046,11871,15998,683,7.56,14.02,18.44,4,1,2,3,4,462,374,427,2148,4942,7694,11807,6253,741,2850,570,918,,475,,t3_shieldbreaker|t3_rendspear
standard,115,r5,red,sup,輔助,fuwenbianzhi,standard,1,0,0,3,3888,12624,11353,484.6,6.74,12.92,16.88,4,1,2,3,4,491,502,687,472,4791,7532,9727,6253,433,,285,443,,475,1836,t3_calmveil
standard,116,b1,blue,top,坦克,longji,standard,1,1,2,0,9090,26164,11201,493.4,8.09,14.5,20.22,3,1,2,2,3,81,384,2500,1270,3631,6234,9730,6253,684,,,2565,,228,,t3_calmveil|t3_thornmail
standard,116,b2,blue,jungle,刺客,yeiren,standard,1,1,4,0,6901,11094,9451,416.3,8.75,15.96,,2,1,1,2,2,631,2020,156,1120,3831,6650,8486,6253,133,570,,190,1111,228,,t3_finalstring
standard,116,b3,blue,mid,法師,ronghuo,standard,1,2,7,0,11949,14473,9928,437.3,10.03,17.54,,2,0,1,2,2,1770,560,146,847,4030,6310,8476,6253,1235,570,,190,,228,,t3_psyward
standard,116,b4,blue,adc,射手,huanying,standard,1,7,6,0,15457,10040,12027,529.8,9.53,17.38,20.38,3,1,1,2,3,215,1001,1125,227,3565,6681,10025,6253,503,2850,,190,,228,,t3_shieldbreaker|t3_rendspear
standard,116,b5,blue,sup,輔助,mantra,standard,1,0,3,1,5236,17286,11049,486.8,6.52,13.54,16.91,4,1,2,3,4,668,740,1423,169,4668,7290,9883,6253,256,,,1140,,228,2005,t3_calmveil
standard,116,r1,red,top,坦克,longji,standard,0,1,0,0,7903,20479,9462,416.8,8.88,15.58,20.15,3,1,1,2,3,233,336,1370,12,3783,5636,8600,6253,978,570,,475,,323,,t3_calmveil|t3_thornmail
standard,116,r2,red,jungle,刺客,yeiren,standard,0,6,2,1,11246,11940,13719,604.4,8.54,15.12,20.33,4,1,1,2,4,202,1284,3232,369,4052,6864,11562,6253,427,2280,285,395,1597,323,,t3_finalstring
standard,116,r3,red,mid,法師,ronghuo,standard,0,6,3,1,14207,15274,13012,573.2,10.83,17.13,20.17,3,0,1,2,3,1599,296,1001,531,3859,5626,10401,6253,1197,1710,285,633,,323,,t3_psyward
standard,116,r4,red,adc,射手,huanying,standard,0,8,5,0,21688,10097,13028,573.9,9.79,15.54,19.33,3,1,1,3,3,243,1034,949,1227,3593,6114,10949,6253,810,3420,,237,,228,,t3_shieldbreaker|t3_rendspear
standard,116,r5,red,sup,輔助,mantra,standard,0,1,1,1,3392,13145,11196,493.2,7.21,12.63,17.08,4,1,2,3,4,1406,376,1293,315,4506,6926,10333,6253,196,570,285,633,,323,2072,t3_calmveil
standard,117,b1,blue,top,坦克,dadi,standard,0,0,1,1,10519,22316,9096,418.5,8.47,15.65,19.12,3,1,1,3,3,681,359,293,266,3631,5759,8543,6253,646,,285,1187,,171,,t3_calmveil|t3_thornmail
standard,117,b2,blue,jungle,刺客,duskblade,standard,0,0,3,0,6036,10364,8455,389.1,8.12,17.31,,2,1,1,2,2,742,482,619,325,3942,5812,7799,6253,570,,,,804,171,,t3_finalstring
standard,117,b3,blue,mid,法師,gambler,standard,0,2,4,0,11188,13998,9470,435.7,10.58,18.02,,2,0,1,2,2,1580,258,428,590,3840,6158,8828,6253,1121,1140,,237,,76,,t3_psyward
standard,117,b4,blue,adc,射手,guangsu,standard,0,2,5,1,14547,12126,9407,432.8,9.24,20.11,,2,1,1,1,2,446,391,1539,1726,3796,5591,7339,6253,915,,,,,171,,t3_shieldbreaker|t3_rendspear
standard,117,b5,blue,sup,坦克,tiebi,standard,0,2,1,0,4486,21540,11432,526,7.15,12.01,16.91,3,1,2,3,3,716,620,478,1052,5216,7560,10258,6253,433,570,,950,,171,1879,t3_calmveil|t3_thornmail
standard,117,r1,red,top,坦克,dadi,standard,1,0,0,0,8764,21858,9917,456.3,8.33,15.64,19.31,3,1,1,3,3,732,486,62,486,3682,5886,9192,6253,791,,,1805,,342,,t3_calmveil|t3_thornmail
standard,117,r2,red,jungle,刺客,duskblade,standard,1,4,2,0,6485,9901,12003,552.3,8.3,14.85,18.08,3,1,2,3,3,1011,72,429,1123,4211,7722,10709,6253,256,1710,,380,1767,342,,t3_finalstring
standard,117,r3,red,mid,法師,gambler,standard,1,2,1,2,17229,12810,10689,491.8,10.59,16.59,,2,0,1,2,2,1409,1170,541,1289,3669,7070,9521,6253,1311,1140,285,380,,152,,t3_psyward
standard,117,r4,red,adc,射手,guangsu,standard,1,8,1,2,20423,10518,13682,629.5,9.6,14.52,19.88,3,1,2,3,3,201,379,509,1881,4201,7279,11659,6253,836,3420,427,380,,342,,t3_shieldbreaker|t3_rendspear
standard,117,r5,red,sup,坦克,tiebi,standard,1,0,2,2,6591,17371,11500,529.1,6.93,12.3,18.52,3,1,2,3,3,341,858,1237,1519,4541,7638,10617,6253,262,,427,855,,342,2476,t3_calmveil|t3_thornmail
standard,118,b1,blue,top,坦克,suishan,standard,1,0,1,1,9721,23743,9827,444,8.5,16.64,20.31,3,1,1,2,3,162,236,2388,817,3812,5636,8918,6253,940,,71,1425,,228,,t3_calmveil|t3_thornmail
standard,118,b2,blue,jungle,刺客,binghe,standard,1,2,4,1,5741,10580,9808,443.1,10,17.7,22.02,3,1,1,2,3,165,823,574,807,3665,5703,7724,6253,161,,71,,1010,228,,t3_finalstring
standard,118,b3,blue,mid,法師,ronghuo,standard,1,5,4,1,16072,13752,12122,547.7,9.47,17.58,19.92,3,1,1,3,3,541,206,207,621,4391,6386,10357,6253,1121,2280,,475,,228,,t3_psyward
standard,118,b4,blue,adc,射手,mori,standard,1,4,5,2,15803,11681,11205,506.2,9.2,18.1,20.58,3,1,1,2,3,281,236,1575,1004,3631,5436,9725,6253,703,1710,356,475,,228,,t3_shieldbreaker|t3_rendspear
standard,118,b5,blue,sup,坦克,tiemu,standard,1,0,4,2,6820,19452,11219,506.9,6.7,13.06,18,3,1,2,3,3,753,336,445,1639,4653,7136,10025,6253,304,,71,950,102,228,2115,t3_calmveil|t3_thornmail
standard,118,r1,red,top,坦克,suishan,standard,0,5,0,2,13498,20431,12454,562.7,8.73,12.26,16.55,4,1,2,4,4,2040,546,385,204,4990,7536,11735,6253,855,2850,237,1235,,304,,t3_calmveil|t3_thornmail
standard,118,r2,red,jungle,刺客,binghe,standard,0,4,3,0,7842,10740,11846,535.2,9,14.03,20.53,3,1,2,2,3,1564,129,2062,966,4764,7129,10492,6253,418,1710,,285,1521,304,,t3_finalstring
standard,118,r3,red,mid,法師,ronghuo,standard,0,0,3,3,12262,11527,8882,401.3,10.92,18.46,,2,0,1,2,2,1295,159,95,432,3555,5759,8125,6253,760,,522,285,,304,,t3_psyward
standard,118,r4,red,adc,射手,mori,standard,0,8,4,1,23069,12293,13784,622.8,8.9,14.59,19.46,4,1,2,3,4,1070,142,1173,884,4420,7042,11393,6253,940,2850,285,760,,304,,t3_shieldbreaker|t3_rendspear
standard,118,r5,red,sup,坦克,tiemu,standard,0,1,1,5,7671,16880,11189,505.5,6.77,12.33,16.65,3,1,2,3,3,758,427,414,1209,4658,7667,10394,6253,256,570,950,285,,304,1774,t3_calmveil|t3_thornmail
standard,119,b1,blue,top,坦克,stoneguard,standard,0,2,2,0,9841,28745,10442,419.9,8.87,16.95,19.62,3,1,1,3,3,605,405,150,911,3555,5455,8780,6253,836,1140,,475,,76,,t3_calmveil|t3_thornmail
standard,119,b2,blue,jungle,刺客,shanying,standard,0,1,6,1,6272,15150,10582,425.5,8.78,16.43,23.12,3,1,1,2,3,744,989,237,231,3944,6089,8317,6253,487,,285,,1215,76,,t3_finalstring
standard,119,b3,blue,mid,法師,gambler,standard,0,1,6,0,12676,17182,10093,405.9,10.48,18.19,,2,0,1,2,2,1460,309,307,1213,3720,6209,7957,6253,1152,,,475,,76,,t3_psyward
standard,119,b4,blue,adc,射手,liuxing,standard,0,6,8,0,17941,14426,13394,538.6,9.63,18.57,21.23,3,1,1,2,3,227,420,482,2594,3577,5800,8002,6253,611,570,,475,17,76,,t3_shieldbreaker|t3_rendspear
standard,119,b5,blue,sup,輔助,luminary,standard,0,1,2,2,5043,17771,10980,441.5,5.83,11.71,16.84,4,1,2,3,4,1105,441,529,579,5105,7171,9109,6253,218,570,285,,,76,1706,t3_calmveil
standard,119,r1,red,top,坦克,stoneguard,standard,1,3,1,0,12076,22258,12563,505.2,7.25,13.48,18.49,3,1,2,3,3,104,119,235,2633,3954,6449,9565,6253,899,1140,,760,,513,,t3_calmveil|t3_thornmail
standard,119,r2,red,jungle,刺客,shanying,standard,1,1,3,1,6761,11109,11608,466.8,8.73,16.22,21.72,3,1,1,2,3,871,1966,827,1007,4071,6596,9157,6253,202,,285,285,1808,323,,t3_finalstring
standard,119,r3,red,mid,法師,gambler,standard,1,8,2,0,20751,14936,16063,645.9,9.71,15.98,22.6,4,1,1,2,4,114,257,454,2232,3964,6757,9854,6253,1187,1710,,285,,418,,t3_psyward
standard,119,r4,red,adc,射手,liuxing,standard,1,11,5,1,41291,13095,16237,653,9.32,16.98,21.23,4,1,1,2,4,319,719,414,2386,3669,6399,8964,6253,772,1140,,285,,513,,t3_shieldbreaker|t3_rendspear
standard,119,r5,red,sup,輔助,luminary,standard,1,1,0,3,6307,13822,13326,535.9,5.85,11.1,15.38,4,1,2,3,4,862,657,642,1876,5162,7687,9682,6253,243,570,,285,,513,1817,t3_calmveil
standard,120,b1,blue,top,坦克,ironclad,standard,0,0,1,0,9860,24415,8833,366.8,8.41,17.37,22.78,3,1,1,2,3,713,513,322,123,3663,5363,7472,6253,668,,,475,,76,,t3_calmveil|t3_thornmail
standard,120,b2,blue,jungle,戰士,langwang,standard,0,4,3,0,9330,20977,11681,485,7.6,15.26,19.13,3,1,1,3,3,176,947,338,880,4456,6427,10238,6253,408,2280,,158,872,266,,t3_finalstring|t3_shieldbreaker
standard,120,b3,blue,mid,法師,ronghuo,standard,0,1,4,3,21165,15785,10683,443.6,10.44,17.98,23.48,3,0,1,2,3,1460,363,408,232,3720,5693,8058,6253,858,,712,158,,76,,t3_psyward
standard,120,b4,blue,adc,射手,shensheng,standard,0,5,5,1,20272,12964,12783,530.8,10.18,18.81,20.44,4,0,1,2,4,1721,634,1057,183,3881,5534,8907,6253,915,570,142,950,,76,,t3_shieldbreaker|t3_rendspear
standard,120,b5,blue,sup,坦克,tiankong,standard,0,0,2,0,5415,22477,11094,460.6,7.64,13.33,17.77,3,1,2,3,3,158,973,696,1513,4658,7173,9676,6253,380,,,158,,266,2618,t3_calmveil|t3_thornmail
standard,120,r1,red,top,坦克,ironclad,standard,1,2,1,2,12850,25595,12899,535.6,7.86,13.12,18.67,4,1,2,3,4,1441,541,179,649,4391,7251,9429,6253,1000,1140,427,190,,418,,t3_calmveil|t3_thornmail
standard,120,r2,red,jungle,戰士,langwang,standard,1,1,1,3,8913,14148,12041,500,7.28,14.39,21.98,3,1,2,2,3,471,661,1522,1011,4271,7461,10122,6253,212,570,498,665,1504,418,,t3_finalstring|t3_shieldbreaker
standard,120,r3,red,mid,法師,ronghuo,standard,1,4,5,1,23175,15242,12530,520.3,10.52,16.96,21.58,3,0,1,2,3,1670,793,135,450,3930,7293,9535,6253,1178,1140,71,665,,228,,t3_psyward
standard,120,r4,red,adc,射手,shensheng,standard,1,7,3,2,29678,10642,13243,549.9,11.16,19.08,20.49,3,0,1,2,3,1371,336,813,1442,3531,5716,9393,6253,608,1710,213,190,,418,,t3_shieldbreaker|t3_rendspear
standard,120,r5,red,sup,坦克,tiankong,standard,1,1,0,3,7147,20077,11845,491.8,5.71,11.94,18.43,4,1,2,3,4,600,410,211,544,5100,7650,9591,6253,155,570,213,190,,418,1790,t3_calmveil|t3_thornmail
standard,121,b1,blue,top,坦克,tieshixin,standard,0,1,1,0,7868,21648,8765,398.9,8,15.55,20.98,3,1,1,2,3,270,530,404,215,4220,5930,8134,6253,836,570,,475,,0,,t3_calmveil|t3_thornmail
standard,121,b2,blue,jungle,戰士,jingci,standard,0,0,1,0,4500,15297,8845,402.5,8.53,18.41,,2,1,1,2,2,178,493,479,964,3978,5973,8059,6253,658,,,,1146,0,,t3_finalstring|t3_shieldbreaker
standard,121,b3,blue,mid,法師,gambler,standard,0,3,4,1,12575,15426,10687,486.3,10.02,17,,2,0,1,2,2,1666,112,881,1407,3926,5712,9011,6253,1000,1140,142,475,,0,,t3_psyward
standard,121,b4,blue,adc,射手,liangzicz,standard,0,1,7,3,17612,11847,8879,404.1,9.47,19.5,,2,1,1,2,2,528,432,173,429,3878,5512,7393,6253,712,,427,,,0,,t3_shieldbreaker|t3_rendspear
standard,121,b5,blue,sup,坦克,tiemu,standard,0,1,3,0,5319,21061,11217,510.4,6.8,12.51,17.01,4,1,2,3,4,400,441,1006,316,5200,7541,10586,6253,326,570,,950,51,0,2435,t3_calmveil|t3_thornmail
standard,121,r1,red,top,坦克,tieshixin,standard,1,5,1,1,11931,20884,11758,535,9.27,12.44,18.38,3,1,2,3,3,643,613,937,1727,3593,7023,10367,6253,779,2280,142,380,,532,,t3_calmveil|t3_thornmail
standard,121,r2,red,jungle,戰士,jingci,standard,1,3,0,3,13943,15168,12801,582.5,8.13,14,17.38,3,1,2,3,3,512,1120,1497,1770,4312,7920,11877,6253,351,1710,712,855,1463,532,,t3_finalstring|t3_shieldbreaker
standard,121,r3,red,mid,法師,gambler,standard,1,1,2,2,13989,11406,10057,457.7,10.98,18.37,,2,0,1,2,2,1485,262,218,777,3745,6462,9198,6253,893,570,570,380,,532,,t3_psyward
standard,121,r4,red,adc,射手,liangzicz,standard,1,7,3,1,24674,9713,12969,590.2,10.52,17.52,19.57,3,0,1,3,3,1457,1066,218,1168,3617,6866,10438,6253,665,2280,285,380,42,532,,t3_shieldbreaker|t3_rendspear
standard,121,r5,red,sup,坦克,tiemu,standard,1,0,0,3,4900,15117,12484,568.1,7.31,12.37,16.26,4,1,2,3,4,654,810,1683,884,4554,8050,11663,6253,237,,855,1330,17,532,2438,t3_calmveil|t3_thornmail
standard,122,b1,blue,top,坦克,bingshouweis,standard,0,0,3,0,4894,20059,8561,403.5,9.08,16.14,20.43,3,1,1,2,3,852,250,1122,411,3802,5550,8172,6253,893,,,950,,76,,t3_calmveil|t3_thornmail
standard,122,b2,blue,jungle,戰士,greymantle,standard,0,0,1,0,4641,11819,8564,403.6,9.13,17.47,,2,1,1,2,2,759,360,945,384,3859,5790,8175,6253,228,,,237,1380,76,,t3_shieldbreaker|t3_finalstring
standard,122,b3,blue,mid,法師,leiming,standard,0,0,1,1,10632,13562,8153,384.3,11.03,18.43,,2,0,1,2,2,1371,256,158,322,3631,5636,7688,6253,1073,,285,,,76,,t3_psyward
standard,122,b4,blue,adc,射手,xingchen,standard,0,4,7,0,12339,13363,10159,478.8,10.21,18.52,,2,0,1,2,2,1598,806,142,1408,3758,5706,8592,6253,817,1140,,237,68,76,,t3_shieldbreaker|t3_rendspear
standard,122,b5,blue,sup,輔助,shengguang,standard,0,0,2,0,4020,17121,10206,481,5.78,12.11,16.81,3,1,2,3,3,844,512,777,1166,4544,7242,9817,6253,522,,,950,,76,2015,t3_calmveil
standard,122,r1,red,top,坦克,bingshouweis,standard,1,5,0,0,10757,19871,12241,576.9,6.62,12.03,16.14,3,1,2,3,3,336,562,1010,2310,4486,7792,10940,6253,1209,2280,,665,,532,,t3_calmveil|t3_thornmail
standard,122,r2,red,jungle,戰士,greymantle,standard,1,0,0,5,9978,9269,11288,532,9.12,16.17,20.14,3,1,1,2,3,420,3034,1562,1257,4650,7264,10112,6253,399,,950,427,1550,532,,t3_shieldbreaker|t3_finalstring
standard,122,r3,red,mid,法師,leiming,standard,1,3,2,0,12793,12611,10942,515.7,9.44,14.84,,2,1,2,2,2,617,198,572,1542,4467,7748,9622,6253,1032,1140,,665,,532,,t3_psyward
standard,122,r4,red,adc,射手,xingchen,standard,1,4,2,1,15183,8457,10746,506.5,9.94,17.02,20.79,3,1,1,2,3,167,246,545,746,3517,5626,9445,6253,665,1710,95,190,,532,,t3_shieldbreaker|t3_rendspear
standard,122,r5,red,sup,輔助,shengguang,standard,1,2,0,1,4857,11429,12379,583.5,5.75,12.5,16.13,4,1,2,3,4,282,644,2418,998,4582,7674,11648,6253,455,1140,95,1377,,532,1794,t3_calmveil
standard,123,b1,blue,top,坦克,tiebi,standard,0,2,2,0,11664,22862,9681,423.7,8.96,13.58,20.2,3,1,2,2,3,881,470,1332,350,3831,6320,8562,6253,769,1140,,95,,304,,t3_calmveil|t3_thornmail
standard,123,b2,blue,jungle,戰士,chichuan,standard,0,1,1,0,9025,16534,10029,438.9,8.96,16.63,22.18,3,1,1,2,3,786,954,333,478,3886,6384,8883,6253,361,570,,332,1062,304,,t3_shieldbreaker|t3_finalstring
standard,123,b3,blue,mid,法師,haixiao,standard,0,0,4,1,13515,13551,9386,410.8,10.14,18.77,,2,0,1,2,2,1599,625,313,756,3859,6225,8163,6253,988,,285,332,,304,,t3_psyward
standard,123,b4,blue,adc,射手,dujian,standard,0,10,1,0,21635,10247,16017,701,8.82,13.99,17.81,5,1,2,3,5,566,273,1324,417,3916,7593,12704,6253,1016,4560,,570,,304,,t3_shieldbreaker|t3_rendspear
standard,123,b5,blue,sup,輔助,mingyunyindao,standard,0,0,3,2,4217,14566,11399,498.9,6.15,11.95,15.94,4,1,2,3,4,330,514,390,439,4630,7544,9140,6253,209,,285,95,,304,1993,t3_calmveil
standard,123,r1,red,top,坦克,tiebi,standard,1,2,4,2,8478,21983,10900,477,9.41,15.39,19.84,3,1,1,3,3,599,472,82,1370,3549,5772,8232,6253,601,570,427,190,,190,,t3_calmveil|t3_thornmail
standard,123,r2,red,jungle,戰士,chichuan,standard,1,4,1,0,10565,15832,11478,502.3,8.75,16.84,19.4,3,1,1,3,3,141,936,259,727,3891,6066,9809,6253,427,1710,,190,1038,190,,t3_shieldbreaker|t3_finalstring
standard,123,r3,red,mid,法師,haixiao,standard,1,1,5,0,12441,13771,11106,486,10.7,18.28,22.25,3,0,1,2,3,1504,662,456,475,3764,5512,8856,6253,893,570,,1140,,0,,t3_psyward
standard,123,r4,red,adc,射手,dujian,standard,1,4,1,2,21733,10577,11296,494.3,9.66,18.98,22.54,3,1,1,2,3,129,457,1153,145,3479,5237,8533,6253,712,570,142,665,,190,,t3_shieldbreaker|t3_rendspear
standard,123,r5,red,sup,輔助,mingyunyindao,standard,1,0,2,1,5795,14706,10196,446.2,6.65,12.97,18.24,3,1,2,3,3,222,120,594,1156,4522,6850,9054,6253,291,,,190,,190,2129,t3_calmveil
standard,124,b1,blue,top,坦克,shengdun,standard,1,1,2,0,12492,23924,9780,451.9,7.31,14.72,21.28,3,1,2,2,3,285,360,476,1069,3935,6310,7906,6253,855,,,570,,228,,t3_calmveil|t3_thornmail
standard,124,b2,blue,jungle,戰士,leimingcf,standard,1,1,3,1,6858,14449,9554,441.4,7.83,18.43,,2,1,1,2,2,838,1391,630,1323,3938,6091,7910,6253,228,,,95,1105,228,,t3_finalstring|t3_shieldbreaker
standard,124,b3,blue,mid,法師,leiming,standard,1,2,3,2,16526,14349,9989,461.5,9.57,18.37,,2,1,1,2,2,503,215,199,908,4353,6415,8229,6253,940,570,142,95,,228,,t3_psyward
standard,124,b4,blue,adc,射手,tianfa,standard,1,3,3,1,17621,10723,10287,475.3,8.65,17,21.4,3,1,1,2,3,490,234,604,686,3840,5734,9354,6253,779,1710,,332,51,228,,t3_shieldbreaker|t3_rendspear
standard,124,b5,blue,sup,坦克,shiqiang,standard,1,0,0,1,5216,19750,11609,536.4,6.3,12.8,16.89,3,1,2,3,3,553,589,838,1628,4753,7829,10818,6253,351,,142,1282,26,228,2534,t3_calmveil|t3_thornmail
standard,124,r1,red,top,坦克,shengdun,standard,0,3,1,2,13731,21392,11714,541.3,7.31,13.08,21.1,3,1,2,2,3,122,522,3330,1684,4372,7352,10620,6253,1217,1140,356,1425,,228,,t3_calmveil|t3_thornmail
standard,124,r2,red,jungle,戰士,leimingcf,standard,0,3,1,1,10541,15050,10830,500.4,8.2,14.74,20.09,3,1,2,2,3,848,192,1603,449,3948,6992,10203,6253,451,1710,71,,1488,228,,t3_finalstring|t3_shieldbreaker
standard,124,r3,red,mid,法師,leiming,standard,0,2,1,1,15713,13466,10500,485.2,8.78,16.98,,2,1,1,2,2,712,492,159,1099,4562,6992,9139,6253,1280,1140,,237,,228,,t3_psyward
standard,124,r4,red,adc,射手,tianfa,standard,0,2,3,2,16813,10249,9998,462,8.41,18.27,21.41,3,1,1,2,3,661,354,1103,97,4011,5854,8903,6253,783,570,356,712,,228,,t3_shieldbreaker|t3_rendspear
standard,124,r5,red,sup,坦克,shiqiang,standard,0,1,1,4,7189,18963,11788,544.7,6.78,12.07,16.01,4,1,2,3,4,343,1176,1283,487,5143,8416,11263,6253,485,570,926,475,,228,2325,t3_calmveil|t3_thornmail
standard,125,b1,blue,top,坦克,shiqiang,standard,0,1,4,0,13710,32838,10270,404.3,8.71,15.63,23.65,3,1,1,2,3,195,573,372,340,3745,5873,7602,6253,798,,,190,,361,,t3_calmveil|t3_thornmail
standard,125,b2,blue,jungle,戰士,fengbao,standard,0,1,3,0,6682,14020,10804,425.3,9.12,15.49,22.18,3,1,1,2,3,685,2006,731,953,3785,6656,8681,6253,399,570,,190,907,361,,t3_shieldbreaker|t3_finalstring
standard,125,b3,blue,mid,法師,haixiao,standard,0,7,3,1,28335,17994,14881,585.9,10.5,17.54,21.65,4,0,1,2,4,1561,224,197,1050,3821,6424,9597,6253,988,570,285,1140,,361,,t3_psyward
standard,125,b4,blue,adc,射手,mirrorshot,standard,0,9,7,2,30905,13187,15771,620.9,9.86,15.68,20.38,4,1,1,2,4,386,906,1790,1920,3736,6586,10690,6253,940,2280,285,665,,266,,t3_shieldbreaker|t3_rendspear
standard,125,b5,blue,sup,輔助,tianshi,standard,0,0,2,3,6559,17584,11481,452,5.98,11.83,17.73,4,1,2,3,4,639,478,283,521,4639,6958,8763,6253,332,,,190,,171,1816,t3_calmveil
standard,125,r1,red,top,坦克,shiqiang,standard,1,2,1,0,16787,26234,12266,482.9,8.2,14.88,20.01,4,1,2,2,4,114,150,2133,715,3964,6000,9363,6253,1197,570,,1045,51,247,,t3_calmveil|t3_thornmail
standard,125,r2,red,jungle,戰士,fengbao,standard,1,5,1,1,16046,18077,13880,546.5,9.82,14.58,18.48,4,1,2,3,4,178,758,781,949,4228,7508,11111,6253,228,2280,285,95,1722,247,,t3_shieldbreaker|t3_finalstring
standard,125,r3,red,mid,法師,haixiao,standard,1,2,5,1,15756,17944,12442,489.9,10.7,18.46,24.37,3,0,1,2,3,1485,463,146,1112,3745,6063,8476,6253,1121,,285,570,,247,,t3_psyward
standard,125,r4,red,adc,射手,mirrorshot,standard,1,9,9,0,27275,12697,14589,574.4,10.49,18.35,21.42,4,0,1,2,4,1329,227,1005,1689,3489,5607,9255,6253,712,1710,,332,,247,,t3_shieldbreaker|t3_rendspear
standard,125,r5,red,sup,輔助,tianshi,standard,1,1,2,3,6850,19201,13349,525.6,6.99,12.59,15.47,4,1,2,3,4,506,282,1122,2389,4506,7312,10352,6253,275,570,855,332,,152,1914,t3_calmveil
standard,126,b1,blue,top,坦克,tiemu,standard,1,0,4,1,11987,28438,11145,424.2,7.77,15.01,22.51,3,1,1,2,3,262,725,429,1214,3812,6025,7659,6253,807,,142,285,,171,,t3_calmveil|t3_thornmail
standard,126,b2,blue,jungle,戰士,anliuyouXia,standard,1,2,1,1,13622,20830,12533,477,9.53,16.17,21.83,3,1,1,2,3,630,961,537,1182,3730,6391,8487,6253,247,,142,285,1198,361,,t3_shieldbreaker|t3_finalstring
standard,126,b3,blue,mid,法師,leiming,standard,1,4,3,0,19166,16240,12563,478.1,11.22,19.93,23.66,3,0,1,2,3,1384,818,141,963,3644,5848,7691,6253,791,,,285,,361,,t3_psyward
standard,126,b4,blue,adc,射手,hanbing,standard,1,21,6,0,55829,13400,22666,862.7,7.81,14.65,17.08,5,1,2,4,5,211,768,203,7066,4211,8068,13103,6253,598,5700,,285,,266,,t3_shieldbreaker|t3_rendspear
standard,126,b5,blue,sup,輔助,linghun,standard,1,0,1,3,5365,14723,12681,482.6,7.14,12.33,15.98,4,1,2,3,4,289,398,544,1300,4589,7428,9024,6253,139,,,285,,361,1985,t3_calmveil
standard,126,r1,red,top,坦克,tiemu,standard,0,2,5,1,11804,31818,10970,417.5,8.75,14.57,19.19,3,1,2,3,3,548,292,328,1040,3498,6142,8878,6253,725,1140,285,475,,0,,t3_calmveil|t3_thornmail
standard,126,r2,red,jungle,戰士,anliuyouXia,standard,0,6,4,0,14757,23404,13669,520.2,9.45,15.26,20.63,4,1,1,2,4,657,1379,600,738,3757,6809,8850,6253,332,1140,,,1124,0,,t3_shieldbreaker|t3_finalstring
standard,126,r3,red,mid,法師,leiming,standard,0,0,5,0,16235,15864,9886,376.2,10.41,21.45,,2,0,1,1,2,1542,215,793,485,3802,5545,7293,6253,1040,,,,,0,,t3_psyward
standard,126,r4,red,adc,射手,hanbing,standard,0,5,10,1,21375,12752,12709,483.7,10.41,19.78,24.98,3,0,1,2,3,1462,28,330,908,3622,5408,7650,6253,826,570,,,,0,,t3_shieldbreaker|t3_rendspear
standard,126,r5,red,sup,輔助,linghun,standard,0,2,3,4,9676,24264,13412,510.4,7.56,11.07,15.36,5,1,2,4,5,749,892,139,211,5599,7922,10639,6253,229,1140,855,475,,0,1686,t3_calmveil
standard,127,b1,blue,top,戰士,xueyue,standard,1,2,0,1,9312,23861,10686,457.8,9.37,19.19,23.07,3,1,1,2,3,551,508,752,256,3701,6038,8802,6253,829,570,142,475,,532,,t3_shieldbreaker|t3_finalstring
standard,127,b2,blue,jungle,戰士,embercoil,standard,1,1,1,0,13627,16864,10525,450.9,7.79,15.52,21.53,3,1,1,2,3,720,1578,1146,444,4520,7058,9146,6253,579,570,,475,736,532,,t3_shieldbreaker|t3_finalstring
standard,127,b3,blue,mid,法師,haixiao,standard,1,5,3,1,16366,13079,13251,567.7,11.13,16.95,20.98,3,0,1,2,3,1536,599,998,1171,3796,6199,10398,6253,1143,1710,285,475,,532,,t3_psyward
standard,127,b4,blue,adc,射手,xuanfeng,standard,1,8,3,2,29854,10632,15031,643.9,9.04,17.57,20.65,4,1,1,2,4,450,476,3003,1180,3800,6156,10923,6253,921,1710,285,1187,34,532,,t3_shieldbreaker|t3_rendspear
standard,127,b5,blue,sup,坦克,shengdun,standard,1,2,1,3,9347,21615,13780,590.4,6.72,11.27,16.08,4,1,2,3,4,582,982,3143,1580,5382,8222,12523,6253,288,1140,712,1187,17,532,2392,t3_calmveil|t3_thornmail
standard,127,r1,red,top,戰士,xueyue,standard,0,0,3,0,10109,22039,8948,383.3,10.23,20.08,,2,0,1,1,2,1480,452,2256,597,3530,5202,7786,6253,582,,,950,,0,,t3_shieldbreaker|t3_finalstring
standard,127,r2,red,jungle,戰士,embercoil,standard,0,1,1,0,13089,17000,10401,445.6,7.69,17.5,21.76,3,1,1,2,3,317,568,1052,501,4117,6048,8452,6253,519,,,475,1204,0,,t3_shieldbreaker|t3_finalstring
standard,127,r3,red,mid,法師,haixiao,standard,0,2,7,0,17689,15002,9709,415.9,10.94,19.81,,2,0,1,2,2,1308,362,203,428,3568,5962,8033,6253,684,570,,475,51,0,,t3_psyward
standard,127,r4,red,adc,射手,xuanfeng,standard,0,5,5,0,23232,11272,11852,507.8,9.13,18.89,20.98,3,1,1,2,3,395,294,122,251,3745,5674,8372,6253,1073,570,,475,,0,,t3_shieldbreaker|t3_rendspear
standard,127,r5,red,sup,坦克,shengdun,standard,0,0,2,0,5425,21654,10309,441.7,6.6,13.28,18.58,3,1,2,3,3,401,429,229,729,4601,6929,8729,6253,332,,,,,0,2143,t3_calmveil|t3_thornmail
standard,128,b1,blue,top,戰士,langwang,standard,0,1,1,0,10740,22244,9680,437.4,9.74,16.49,,2,1,1,2,2,434,442,444,1600,3584,6092,8524,6253,921,570,,475,,304,,t3_shieldbreaker|t3_finalstring
standard,128,b2,blue,jungle,戰士,longyi,standard,0,0,2,0,5588,14913,9133,412.6,9.03,17.06,,2,1,1,2,2,862,508,599,903,3962,5988,8349,6253,389,,,237,1165,304,,t3_shieldbreaker|t3_finalstring
standard,128,b3,blue,mid,法師,bingshuang,standard,0,0,3,0,10087,13556,8578,387.6,10.57,19.51,,2,0,1,2,2,1466,334,309,128,3726,5664,7859,6253,1064,,,237,,304,,t3_psyward
standard,128,b4,blue,adc,射手,phantom,standard,0,7,6,0,19631,11104,11913,538.2,9.88,17.02,20.77,3,1,1,2,3,215,811,671,962,3565,6491,9521,6253,684,2280,,,,304,,t3_shieldbreaker|t3_rendspear
standard,128,b5,blue,sup,坦克,dadi,standard,0,0,1,1,4406,18723,11421,516,7.53,13,18.14,4,1,2,3,4,878,573,284,521,4478,7233,10664,6253,285,,285,950,,304,2586,t3_calmveil|t3_thornmail
standard,128,r1,red,top,戰士,langwang,standard,1,0,1,0,8449,18853,9643,435.7,8.63,16.62,,2,1,1,2,2,197,531,384,993,4047,6061,8734,6253,1095,,,1140,17,228,,t3_shieldbreaker|t3_finalstring
standard,128,r2,red,jungle,戰士,longyi,standard,1,2,1,0,8120,12141,10977,495.9,8.68,15.46,,2,1,1,2,2,253,1160,1369,2376,4053,6640,9969,6253,278,1140,,190,1878,228,,t3_shieldbreaker|t3_finalstring
standard,128,r3,red,mid,法師,bingshuang,standard,1,0,1,0,13301,13638,9455,427.2,10.07,19.02,,2,0,1,2,2,1694,251,134,405,3954,6481,8584,6253,962,,,1140,,228,,t3_psyward
standard,128,r4,red,adc,射手,phantom,standard,1,9,4,2,27767,9237,14085,636.4,7.78,16.32,19.65,4,1,1,3,4,353,1200,151,1184,4353,6880,11351,6253,690,3420,570,190,,228,,t3_shieldbreaker|t3_rendspear
standard,128,r5,red,sup,坦克,dadi,standard,1,2,1,1,6905,19874,12041,544,7.25,11.53,16.37,4,1,2,3,4,314,503,677,441,5114,7743,10657,6253,126,1140,285,190,,228,2433,t3_calmveil|t3_thornmail
standard,129,b1,blue,top,戰士,kuangfeng,standard,1,3,2,0,9371,28595,11289,493.9,8.14,16.23,20,3,1,1,3,3,1355,1305,111,1089,4505,6785,9711,6253,1007,1140,,855,,456,,t3_shieldbreaker|t3_finalstring
standard,129,b2,blue,jungle,戰士,ravager,standard,1,2,2,0,5503,18444,10656,466.2,8.18,15.73,19.88,3,1,1,3,3,761,2224,45,625,3861,6874,9595,6253,152,1140,,380,1214,456,,t3_shieldbreaker|t3_finalstring
standard,129,b3,blue,mid,法師,mingyun2,standard,1,1,2,1,14890,13863,10763,470.9,10.43,18.63,22.73,3,0,1,2,3,1697,337,223,213,3957,6237,8853,6253,1051,570,142,380,,456,,t3_psyward
standard,129,b4,blue,adc,射手,huanying,standard,1,14,3,3,37741,10748,17477,764.6,8.89,15.72,18.06,5,1,1,3,5,557,1086,1211,1876,3907,6766,13011,6253,791,4560,570,380,,456,,t3_shieldbreaker|t3_rendspear
standard,129,b5,blue,sup,輔助,mantra,standard,1,1,1,1,5795,15747,12033,526.4,6.5,11.45,14.58,4,1,3,3,4,290,282,1083,1073,5140,7982,10313,6253,227,570,142,855,,456,1808,t3_calmveil
standard,129,r1,red,top,戰士,kuangfeng,standard,0,1,3,1,10827,26529,9392,410.9,8.55,18.5,,2,1,1,2,2,538,396,314,1162,3688,5876,8194,6253,801,570,,475,,95,,t3_shieldbreaker|t3_finalstring
standard,129,r2,red,jungle,戰士,ravager,standard,0,0,3,0,6574,16821,9384,410.5,8.33,16.62,,2,1,1,2,2,135,746,356,1204,3885,6176,8186,6253,278,,,,1559,95,,t3_shieldbreaker|t3_finalstring
standard,129,r3,red,mid,法師,mingyun2,standard,0,0,6,0,8785,13911,9117,398.8,11.06,19.85,,2,0,1,2,2,1352,542,265,986,3612,5392,7615,6253,886,,,475,,0,,t3_psyward
standard,129,r4,red,adc,射手,huanying,standard,0,8,7,1,33536,10908,13265,580.3,9.31,18.63,,2,1,1,2,2,376,336,1574,4415,3726,6016,8894,6253,883,1140,285,237,,95,,t3_shieldbreaker|t3_rendspear
standard,129,r5,red,sup,輔助,mantra,standard,0,1,2,0,4980,15535,11196,489.8,7.04,12.21,15.63,4,1,2,3,4,1076,774,1627,795,5076,7804,10207,6253,152,570,,1187,,95,1949,t3_calmveil
standard,130,b1,blue,top,戰士,greymantle,standard,1,0,2,0,6531,23849,8977,392.7,8.43,17.79,,2,1,1,2,2,614,425,544,697,3764,5955,7874,6253,817,,,285,,519,,t3_shieldbreaker|t3_finalstring
standard,130,b2,blue,jungle,刺客,yingsi,standard,1,0,4,1,4585,8512,9269,405.5,9.56,18.21,,2,1,1,2,2,387,1186,1064,1139,3587,5866,8064,6253,76,,142,285,787,519,,t3_finalstring
standard,130,b3,blue,mid,法師,bingshuang,standard,1,2,5,1,20147,12865,11204,490.1,10.98,19.04,,2,0,1,2,2,1533,259,598,2123,3793,6459,8448,6253,836,,142,760,,455,,t3_psyward
standard,130,b4,blue,adc,射手,guangsu,standard,1,4,8,0,17879,10041,11922,521.6,11.81,18.44,21.44,3,0,1,2,3,1484,863,1159,322,3644,5943,9109,6253,658,570,,1235,,392,,t3_shieldbreaker|t3_rendspear
standard,130,b5,blue,sup,坦克,tiebi,standard,1,2,3,0,8602,22378,11949,522.7,6.59,11.74,17.1,4,1,2,3,4,1734,434,390,148,4634,7674,10770,6253,234,1140,,285,17,392,2447,t3_calmveil|t3_thornmail
standard,130,r1,red,top,戰士,greymantle,standard,0,1,2,0,8702,24360,10558,461.9,8.79,18.08,21.33,3,1,1,2,3,519,476,295,307,3669,6006,7745,6253,845,570,,,,76,,t3_shieldbreaker|t3_finalstring
standard,130,r2,red,jungle,刺客,yingsi,standard,0,4,1,1,12110,12487,11245,491.9,8.92,15.09,20.63,3,1,1,2,3,644,1449,1538,764,3844,7079,9918,6253,114,2280,142,,1052,76,,t3_finalstring
standard,130,r3,red,mid,法師,bingshuang,standard,0,7,2,1,19303,12713,12876,563.3,9.82,15.33,21.44,3,1,1,2,3,351,447,1734,395,4201,6947,10234,6253,1007,2280,142,475,,76,,t3_psyward
standard,130,r4,red,adc,射手,guangsu,standard,0,9,3,0,17713,11086,13047,570.8,10.78,16.52,19.86,3,0,1,3,3,1205,298,124,1246,3365,5978,10424,6253,437,3420,,237,,76,,t3_shieldbreaker|t3_rendspear
standard,130,r5,red,sup,坦克,tiebi,standard,0,1,0,2,5560,18567,11935,522.1,7.58,12.52,17.49,4,1,2,3,4,344,506,560,335,4544,7746,9940,6253,218,570,,237,,76,2584,t3_calmveil|t3_thornmail
standard,131,b1,blue,top,戰士,ravager,standard,1,0,4,1,14138,38055,11832,403.3,9.28,18.43,26.53,3,1,1,2,3,462,867,247,382,3612,5797,7577,6253,772,,,475,,76,,t3_shieldbreaker|t3_finalstring
standard,131,b2,blue,jungle,刺客,shanying,standard,1,3,3,0,13041,17395,13435,457.9,8.86,16.24,20.02,4,1,1,2,4,675,929,1317,635,4575,6559,9697,6253,392,1710,,,1265,76,,t3_finalstring
standard,131,b3,blue,mid,法師,mingyun2,standard,1,8,9,0,24001,22488,16620,566.4,10.44,18.23,22.82,5,0,1,2,5,1542,163,216,470,3802,6063,8546,6253,1171,570,,475,,76,,t3_psyward
standard,131,b4,blue,adc,射手,maestro,standard,1,16,11,1,57278,15780,20161,687.1,9.31,15.39,19.7,5,1,1,3,5,481,725,262,4560,3831,6405,10262,6253,893,2280,285,475,,76,,t3_shieldbreaker|t3_rendspear
standard,131,b5,blue,sup,坦克,longji,standard,1,2,7,1,10952,33122,15738,536.4,7.42,12.6,17.33,5,1,2,3,5,601,477,268,2138,4801,7717,10248,6253,532,570,285,,51,76,2480,t3_calmveil|t3_thornmail
standard,131,r1,red,top,戰士,ravager,standard,0,7,4,0,20963,36768,15848,540.1,9.71,16.23,18.99,4,1,1,3,4,108,1065,364,2347,4258,6595,10794,6253,1026,2280,,760,,475,,t3_shieldbreaker|t3_finalstring
standard,131,r2,red,jungle,刺客,shanying,standard,0,3,2,3,9703,13039,15021,511.9,8.71,16.96,21.26,4,1,1,2,4,614,664,2213,1621,3814,6294,9213,6253,228,,475,285,1591,380,,t3_finalstring
standard,131,r3,red,mid,法師,mingyun2,standard,0,8,9,3,21612,19817,16646,567.3,10.4,16.29,20.77,5,0,1,2,5,1675,433,482,495,3935,6633,9882,6253,779,1140,475,760,,475,,t3_psyward
standard,131,r4,red,adc,射手,maestro,standard,0,15,12,2,60703,15826,20161,687.1,10.53,17.98,20.15,5,0,1,2,5,2051,858,1723,4560,4211,6538,10623,6253,1045,2280,285,285,,475,,t3_shieldbreaker|t3_rendspear
standard,131,r5,red,sup,坦克,longji,standard,0,1,2,3,15599,29455,15265,520.3,7.32,12.36,17.31,5,1,2,4,5,411,705,284,1665,4611,7945,11884,6253,304,570,475,1235,,475,2571,t3_calmveil|t3_thornmail
standard,132,b1,blue,top,戰士,dadi2,standard,0,0,3,0,13780,28375,9688,402.1,8.34,18.84,24.07,3,1,1,2,3,595,70,441,87,3745,5550,8191,6253,817,,,950,,171,,t3_shieldbreaker|t3_finalstring
standard,132,b2,blue,jungle,刺客,dianguang,standard,0,1,5,0,6093,11056,9711,403.1,8.85,17.56,,2,1,1,2,2,425,593,693,1630,4275,6173,8123,6253,171,570,,,957,171,,t3_finalstring
standard,132,b3,blue,mid,法師,bingshuang,standard,0,1,4,0,13392,16616,10020,415.9,10.03,17.76,,2,0,1,2,2,1732,367,238,1140,3992,5797,8638,6253,1168,570,,475,,171,,t3_psyward
standard,132,b4,blue,adc,射手,liuxing,standard,0,6,8,0,24071,11349,12144,504.1,7.86,17.93,22.08,3,1,1,2,3,264,560,232,1194,4264,6240,8482,6253,978,1140,,,34,76,,t3_shieldbreaker|t3_rendspear
standard,132,b5,blue,sup,輔助,hexweave,standard,0,0,3,0,6896,19224,11128,461.9,6.83,12.23,16.86,4,1,2,3,4,250,445,743,427,4550,6995,9783,6253,209,,,950,85,171,2114,t3_calmveil
standard,132,r1,red,top,戰士,dadi2,standard,1,3,1,1,15938,27262,12048,500.1,8.79,15.78,21.51,3,1,1,2,3,173,1429,760,1067,3973,6909,9360,6253,1377,1140,,190,,399,,t3_shieldbreaker|t3_finalstring
standard,132,r2,red,jungle,刺客,dianguang,standard,1,7,0,0,15350,15655,14446,599.6,9.38,13.99,19.89,4,1,2,3,4,796,641,49,1096,3996,7591,9699,6253,456,1140,,190,1260,399,,t3_finalstring
standard,132,r3,red,mid,法師,bingshuang,standard,1,4,1,1,15671,12319,13070,542.5,10.63,18.59,22.72,3,0,1,2,3,1428,285,351,1739,3688,6785,9331,6253,969,570,,1140,,399,,t3_psyward
standard,132,r4,red,adc,射手,liuxing,standard,1,8,5,0,21977,10868,13754,570.9,8.61,17.5,20.73,3,1,1,2,3,756,402,792,1953,4106,6082,9692,6253,570,2280,,190,,399,,t3_shieldbreaker|t3_rendspear
standard,132,r5,red,sup,輔助,hexweave,standard,1,1,1,4,5653,16413,13398,556.1,6.08,12.14,15.1,4,1,2,3,4,544,1015,810,1948,4544,8045,9850,6253,389,570,285,190,,304,1858,t3_calmveil
standard,133,b1,blue,top,戰士,ronggang,standard,1,3,1,0,19590,30741,12869,507.3,9.49,16.17,21.43,4,1,1,2,4,747,602,252,368,3897,6082,8552,6253,1026,570,,190,,513,,t3_shieldbreaker|t3_finalstring
standard,133,b2,blue,jungle,刺客,leisuhunter,standard,1,1,3,2,7345,12869,11783,464.5,8.93,16.48,21.38,3,1,1,2,3,654,694,544,1353,3854,6274,8874,6253,285,570,,190,1062,513,,t3_finalstring
standard,133,b3,blue,mid,法師,lieyan,standard,1,9,7,0,22927,17253,16412,647,8.96,17.22,21.08,4,1,1,2,4,503,542,948,2012,4353,7042,10348,6253,921,1710,,1140,,323,,t3_psyward
standard,133,b4,blue,adc,射手,shensheng,standard,1,5,7,0,20284,12196,13040,514,8.93,19.89,23.1,3,1,1,2,3,433,679,184,1239,3783,5759,8134,6253,703,570,,190,,418,,t3_shieldbreaker|t3_rendspear
standard,133,b5,blue,sup,輔助,shengming,standard,1,1,2,1,4328,16374,12095,476.8,7.31,12.15,15.63,4,1,2,3,4,514,577,429,1214,5114,7607,9469,6253,180,570,,190,,513,1762,t3_calmveil
standard,133,r1,red,top,戰士,ronggang,standard,0,1,3,1,10571,30606,11425,450.4,9.73,16.16,24.23,3,1,1,2,3,158,963,647,444,4258,6443,8647,6253,988,570,285,475,,76,,t3_shieldbreaker|t3_finalstring
standard,133,r2,red,jungle,刺客,leisuhunter,standard,0,3,4,0,11172,15815,12318,485.6,7.9,15.6,20.71,3,1,1,2,3,295,907,1397,1238,4145,6487,9727,6253,449,1140,,158,1649,76,,t3_finalstring
standard,133,r3,red,mid,法師,lieyan,standard,0,7,5,0,22035,17853,13999,551.9,9.51,14.73,20.43,3,1,2,2,3,402,88,1033,1519,4252,7938,10433,6253,1095,2850,,158,,76,,t3_psyward
standard,133,r4,red,adc,射手,shensheng,standard,0,9,6,0,19124,12591,14180,559,10.57,18.06,22.04,4,0,1,2,4,1433,808,108,329,3593,5588,9008,6253,731,1710,,237,,76,,t3_shieldbreaker|t3_rendspear
standard,133,r5,red,sup,輔助,shengming,standard,0,0,1,2,6764,17777,11597,457.2,6.13,12.27,16.79,4,1,2,3,4,557,872,454,717,4557,7122,9494,6253,155,,570,395,,76,2044,t3_calmveil
standard,134,b1,blue,top,戰士,anliuyouXia,standard,0,1,2,0,7374,23935,9322,435.2,8.57,17.43,,2,1,1,2,2,684,565,570,1041,3834,6095,8850,6253,1076,570,,950,,0,,t3_shieldbreaker|t3_finalstring
standard,134,b2,blue,jungle,刺客,duskblade,standard,0,0,4,0,3980,9983,8188,382.3,8.7,18.38,,2,1,1,2,2,560,406,664,538,3760,5736,7664,6253,145,,,,1265,0,,t3_finalstring
standard,134,b3,blue,mid,法師,shikong,standard,0,0,5,0,12231,15407,8283,386.7,10.04,19.32,,2,0,1,2,2,1694,34,180,152,3954,5664,7830,6253,1102,,,475,,0,,t3_psyward
standard,134,b4,blue,adc,射手,liangzicz,standard,0,0,7,0,8462,11840,7473,349,10.38,17.91,,2,0,1,2,2,1177,503,151,273,3337,4933,7021,6253,275,,,475,17,0,,t3_shieldbreaker|t3_rendspear
standard,134,b5,blue,sup,坦克,tiemu,standard,0,1,5,0,4484,18952,10132,473.1,6.86,13.15,18.97,3,1,2,3,3,666,665,580,552,4566,6865,9680,6253,212,570,,475,,0,2169,t3_calmveil|t3_thornmail
standard,134,r1,red,top,戰士,anliuyouXia,standard,1,10,0,0,15450,20383,14699,686.3,9.03,14.09,17.12,4,1,2,4,4,538,1035,171,1668,3688,8185,13201,6253,791,5130,,475,,551,,t3_shieldbreaker|t3_finalstring
standard,134,r2,red,jungle,刺客,duskblade,standard,1,2,0,4,7070,7911,12091,564.6,8.57,16.92,18.98,3,1,1,3,3,362,2134,551,1441,4742,7764,11201,6253,424,1140,522,475,1835,551,,t3_finalstring
standard,134,r3,red,mid,法師,shikong,standard,1,4,1,2,14963,11965,12438,580.7,8.85,13.66,19.52,3,1,2,3,3,1235,411,428,837,5085,8261,10978,6253,1228,1710,380,950,,456,,t3_psyward
standard,134,r4,red,adc,射手,liangzicz,standard,1,5,1,5,21512,8577,12977,606,10.33,14.77,19.13,3,0,2,3,3,2109,290,430,1177,4269,7290,10910,6253,780,1710,1140,475,,551,,t3_shieldbreaker|t3_rendspear
standard,134,r5,red,sup,坦克,tiemu,standard,1,2,0,3,5930,13535,12563,586.6,6.5,12.08,16.66,3,1,2,3,3,182,872,1085,2582,4682,8112,11065,6253,308,570,522,475,,551,2384,t3_calmveil|t3_thornmail
standard,135,b1,blue,top,戰士,tielian,standard,1,4,1,0,11102,25625,11557,488,8.99,17.38,20.27,3,1,1,2,3,443,754,945,157,3593,6234,9545,6253,684,1710,,498,,399,,t3_shieldbreaker|t3_finalstring
standard,135,b2,blue,jungle,刺客,miwu,standard,1,1,3,1,3284,9982,11137,470.3,9.2,17.56,21.28,3,1,1,2,3,583,805,1059,1487,3783,6385,9389,6253,411,570,,498,1003,652,,t3_finalstring
standard,135,b3,blue,mid,法師,lieyan,standard,1,7,2,0,19605,13997,13432,567.1,11,18.11,21.54,3,0,1,2,3,1371,106,956,1531,3631,6006,10356,6253,766,2280,,498,,557,,t3_psyward
standard,135,b4,blue,adc,射手,xingchen,standard,1,8,3,2,28547,11243,14789,624.4,8.12,17.33,20.43,4,1,1,2,4,937,978,1387,1888,4287,6658,10287,6253,912,1710,142,617,,652,,t3_shieldbreaker|t3_rendspear
standard,135,b5,blue,sup,輔助,shengguang,standard,1,2,1,4,6203,15737,13417,566.5,6.34,12.01,14.79,4,1,3,3,4,1143,224,2355,1966,5143,8224,11395,6253,417,1140,712,736,,399,1736,t3_calmveil
standard,135,r1,red,top,戰士,tielian,standard,0,3,3,0,11242,30228,11401,481.4,7.78,13.2,19.06,3,1,2,3,3,193,203,249,851,3993,7603,10149,6253,1133,1710,,950,26,76,,t3_shieldbreaker|t3_finalstring
standard,135,r2,red,jungle,刺客,miwu,standard,0,1,3,0,6668,14242,10564,446,7.38,17.26,22.54,3,1,1,2,3,509,777,379,433,4359,6357,8409,6253,297,,,,1781,76,,t3_finalstring
standard,135,r3,red,mid,法師,lieyan,standard,0,2,4,1,21850,14708,10530,444.6,10.56,20.13,,2,0,1,1,2,1631,153,1400,1129,3891,5753,7900,6253,1095,,,475,,76,,t3_psyward
standard,135,r4,red,adc,射手,xingchen,standard,0,4,8,0,9793,10915,11077,467.7,9.68,19.14,22.66,3,1,1,2,3,300,299,1134,1077,3650,5379,8134,6253,760,570,,475,,76,,t3_shieldbreaker|t3_rendspear
standard,135,r5,red,sup,輔助,shengguang,standard,0,0,4,3,5539,19077,11172,471.7,5.8,11.65,16.43,4,1,2,3,4,339,749,931,772,4639,7299,9511,6253,361,,285,475,,76,2061,t3_calmveil
standard,136,b1,blue,top,戰士,hunpo,standard,1,1,0,0,10979,16770,10223,450.5,9.98,15.43,,2,1,1,2,2,275,943,530,872,4125,7393,9230,6253,1228,570,,570,,608,,t3_psyward
standard,136,b2,blue,jungle,刺客,jueying,standard,1,2,0,1,6358,10687,11068,487.8,8.53,15.08,21.77,3,1,1,2,3,233,1169,1103,468,4083,6749,9433,6253,478,570,285,332,906,608,,t3_finalstring
standard,136,b3,blue,mid,法師,shikong,standard,1,7,0,0,15314,12688,13313,586.7,11.32,16.31,20.31,3,0,1,2,3,1612,623,1127,1463,3872,7073,10477,6253,1003,2280,,332,,608,,t3_psyward
standard,136,b4,blue,adc,射手,dujian,standard,1,14,1,0,39553,9478,17493,770.9,9.54,14.78,18.12,4,1,2,4,4,543,266,199,3642,3893,7266,13099,6253,836,4560,,807,34,608,,t3_shieldbreaker|t3_rendspear
standard,136,b5,blue,sup,輔助,mingyunyindao,standard,1,0,1,3,4781,12466,12277,541,6.52,12.53,15.84,4,1,2,3,4,427,596,3261,1396,4727,7626,10961,6253,253,,570,1282,34,608,1959,t3_calmveil
standard,136,r1,red,top,戰士,hunpo,standard,0,0,5,0,9600,21293,9045,398.6,10.98,20.67,,2,0,1,1,2,1517,226,748,365,3777,5506,7178,6253,874,,,,51,0,,t3_psyward
standard,136,r2,red,jungle,刺客,jueying,standard,0,1,7,0,5104,12802,9583,422.3,8.63,17.31,,2,1,1,2,2,719,908,1105,1503,3919,6008,8705,6253,294,570,,,1586,0,,t3_finalstring
standard,136,r3,red,mid,法師,shikong,standard,0,0,4,0,10387,13524,9279,408.9,10.26,19.19,,2,0,1,2,2,1580,340,387,348,3840,5740,7887,6253,1159,,,475,,0,,t3_psyward
standard,136,r4,red,adc,射手,dujian,standard,0,0,6,0,9127,9077,7664,337.7,9.69,21.58,,2,1,1,1,2,110,576,1086,343,3460,5056,6766,6253,513,,,,,0,,t3_shieldbreaker|t3_rendspear
standard,136,r5,red,sup,輔助,mingyunyindao,standard,0,1,2,0,6889,17638,10777,474.9,5.78,12.13,16.37,4,1,2,3,4,311,584,383,376,4611,7314,9423,6253,427,570,,475,,0,1697,t3_calmveil
standard,137,b1,blue,top,戰士,dushe,standard,1,2,1,1,12042,23646,11139,471.8,7.58,16.91,23.45,3,1,1,2,3,456,828,801,288,4306,6358,9151,6253,769,1140,285,190,,513,,t3_shieldbreaker|t3_finalstring
standard,137,b2,blue,jungle,刺客,anye,standard,1,3,2,0,7434,10212,11385,482.3,10.43,16.02,22.37,3,0,1,2,3,1995,1058,964,735,3925,6688,9344,6253,152,1140,,190,1095,513,,t3_finalstring
standard,137,b3,blue,mid,法師,lieyan,standard,1,8,8,1,17488,16633,14796,626.7,10.48,16.52,20.74,4,0,1,2,4,1561,1170,1299,966,3821,7070,10699,6253,988,1710,285,1140,,323,,t3_psyward
standard,137,b4,blue,adc,射手,tianfa,standard,1,10,6,0,30126,11557,15066,638.2,9.14,16.52,20.23,4,1,1,2,4,557,1033,1309,1216,3907,6713,10209,6253,1016,2280,,190,51,418,,t3_shieldbreaker|t3_rendspear
standard,137,b5,blue,sup,坦克,xukong,standard,1,0,1,4,6768,19953,13761,582.9,6.85,11.85,16.93,4,1,2,3,4,427,610,634,1560,4877,7850,10614,6253,266,,855,190,,513,2536,t3_calmveil|t3_thornmail
standard,137,r1,red,top,戰士,dushe,standard,0,5,3,0,10198,27691,13694,580.1,8.7,14.91,18.13,4,1,2,3,4,728,91,1091,664,3878,7241,11041,6253,912,2850,,950,,76,,t3_shieldbreaker|t3_finalstring
standard,137,r2,red,jungle,刺客,anye,standard,0,2,3,1,9570,13226,11149,472.2,10.12,15.05,21.29,3,0,1,2,3,2402,1428,769,498,4332,7058,9149,6253,332,570,142,,1774,76,,t3_finalstring
standard,137,r3,red,mid,法師,lieyan,standard,0,7,7,1,16345,15665,13580,575.2,8.8,16.52,21.31,4,1,1,2,4,617,224,976,230,4467,6424,10376,6253,1292,2280,,475,,76,,t3_psyward
standard,137,r4,red,adc,射手,tianfa,standard,0,4,8,1,19253,11404,10816,458.1,9.57,19.76,22.94,3,1,1,2,3,205,556,308,815,3555,5636,7308,6253,836,,142,,,76,,t3_shieldbreaker|t3_rendspear
standard,137,r5,red,sup,坦克,xukong,standard,0,0,2,0,7017,22456,11369,481.6,8.71,14.37,18.11,4,1,2,3,4,335,700,305,68,4535,7480,9685,6253,275,,,475,,76,2604,t3_calmveil|t3_thornmail
standard,138,b1,blue,top,戰士,fengbao,standard,0,1,0,0,12199,21260,9028,436.7,7.67,16.98,,2,1,1,2,2,330,926,329,377,4480,6456,8679,6253,1228,570,,475,,152,,t3_shieldbreaker|t3_finalstring
standard,138,b2,blue,jungle,刺客,wuxing,standard,0,1,5,1,5502,10892,8813,426.3,9.1,16.32,,2,1,1,2,2,987,1054,270,683,4187,6684,8400,6253,478,570,142,,803,152,,t3_finalstring
standard,138,b3,blue,mid,法師,shikong,standard,0,1,0,1,10444,12057,8638,417.8,10.57,17.83,,2,0,1,2,2,1488,392,297,38,3748,6142,8327,6253,734,570,142,475,,152,,t3_psyward
standard,138,b4,blue,adc,射手,mirrorshot,standard,0,3,2,0,7728,8061,9260,447.9,10.5,18.28,,2,0,1,2,2,1500,265,1094,410,3660,5645,9044,6253,674,1710,,237,17,152,,t3_shieldbreaker|t3_rendspear
standard,138,b5,blue,sup,坦克,tixue,standard,0,0,3,0,4396,18070,10801,522.4,7.68,13.38,17.84,3,1,2,3,3,515,247,265,1221,4715,7347,9065,6253,342,,,237,,152,2080,t3_calmveil|t3_thornmail
standard,138,r1,red,top,戰士,fengbao,standard,1,5,1,0,13635,21150,12894,623.7,8.57,13.48,17.91,4,1,2,3,4,161,731,1038,344,4011,7881,12488,6253,1371,2850,,1710,,304,,t3_shieldbreaker|t3_finalstring
standard,138,r2,red,jungle,刺客,wuxing,standard,1,0,2,1,5484,9368,9335,451.5,8.63,15.79,,2,1,1,2,2,877,1072,412,954,4077,6702,8792,6253,335,,142,285,1471,304,,t3_finalstring
standard,138,r3,red,mid,法師,shikong,standard,1,1,1,2,16150,10782,9655,467,10.73,17.09,,2,0,1,2,2,1419,93,919,374,3679,6323,9249,6253,934,570,427,760,,304,,t3_psyward
standard,138,r4,red,adc,射手,mirrorshot,standard,1,3,2,0,9920,7902,9642,466.4,11.25,18.38,,2,0,1,2,2,1300,284,378,1392,3460,5664,8628,6253,645,1140,,285,,304,,t3_shieldbreaker|t3_rendspear
standard,138,r5,red,sup,坦克,tixue,standard,1,1,0,1,3896,13562,12014,581.1,7.23,12.88,17.78,3,1,2,3,3,616,88,1153,2034,4516,7328,11133,6253,323,570,285,760,,304,2637,t3_calmveil|t3_thornmail
standard,139,b1,blue,top,戰士,rongyan,standard,0,1,3,0,11835,26599,8576,377.9,8.93,17.39,,2,1,1,2,2,177,507,136,345,4277,5987,7716,6253,817,570,,,,76,,t3_shieldbreaker|t3_finalstring
standard,139,b2,blue,jungle,刺客,razorwing,standard,0,0,6,0,5335,9003,9148,403.2,8.27,17.56,,2,1,1,2,2,689,573,514,1068,3889,6153,8114,6253,535,,,,1249,76,,t3_finalstring
standard,139,b3,blue,mid,法師,xingjie,standard,0,3,3,0,13541,14981,10387,457.8,9.5,16.86,,2,1,1,2,2,240,646,1001,1307,4790,7146,9331,6253,817,1710,,475,,76,,t3_psyward
standard,139,b4,blue,adc,射手,hanbing,standard,0,9,7,0,25891,11503,13294,585.9,9.55,16.81,19.45,3,1,1,3,3,243,877,239,1694,3593,6557,9939,6253,760,2850,,,,76,,t3_shieldbreaker|t3_rendspear
standard,139,b5,blue,sup,輔助,linghun,standard,0,0,1,1,3426,15984,11005,485,6.8,12.27,16.5,3,1,2,3,3,334,449,643,1965,4634,7479,9683,6253,414,,,950,51,76,1938,t3_calmveil
standard,139,r1,red,top,戰士,rongyan,standard,1,4,1,1,17203,26714,11958,527,8.99,15.82,20.33,3,1,1,2,3,97,1267,2308,557,3897,6747,10908,6253,1064,2280,285,475,,551,,t3_shieldbreaker|t3_finalstring
standard,139,r2,red,jungle,刺客,razorwing,standard,1,5,2,0,7847,11465,12932,569.9,8.35,15.03,18.47,4,1,1,3,4,387,1766,525,481,4237,7346,10655,6253,171,1710,,475,1590,456,,t3_finalstring
standard,139,r3,red,mid,法師,xingjie,standard,1,3,3,1,12755,14170,11730,516.9,10.98,15.83,,2,0,1,2,2,2084,599,454,2329,4344,7099,9854,6253,959,1140,,950,,551,,t3_psyward
standard,139,r4,red,adc,射手,hanbing,standard,1,6,7,1,15635,10858,13126,578.5,9.27,16.43,20.02,3,1,1,2,3,870,744,2311,1326,4220,6424,10861,6253,779,2280,285,712,,551,,t3_shieldbreaker|t3_rendspear
standard,139,r5,red,sup,輔助,linghun,standard,1,2,0,3,5645,14458,12751,561.9,7.13,11.45,14.26,4,1,3,3,4,1405,426,1949,1871,5105,8126,10989,6253,142,570,570,712,,551,2189,t3_calmveil
standard,140,b1,blue,top,戰士,embercoil,standard,0,2,4,0,15156,32733,12302,466.7,9.14,16.28,25.46,3,1,1,2,3,994,555,413,901,4144,6035,8163,6253,788,570,,475,,76,,t3_shieldbreaker|t3_finalstring
standard,140,b2,blue,jungle,戰士,hunpo,standard,0,0,5,0,8252,12080,10181,386.3,11.28,19.52,,2,0,1,2,2,1617,812,222,831,3827,5792,7722,6253,383,,,,1010,76,,t3_psyward
standard,140,b3,blue,mid,法師,auralith,standard,0,3,7,0,16635,16717,11963,453.9,11.78,20.33,24.67,3,0,1,1,3,1583,356,1922,82,3843,5686,8422,6253,1048,570,,475,,76,,t3_psyward
standard,140,b4,blue,adc,射手,xuanfeng,standard,0,12,10,0,35204,12154,16035,608.4,10.45,18.36,21.63,4,0,1,2,4,1319,307,861,2435,3479,5987,8761,6253,722,1710,,,,76,,t3_shieldbreaker|t3_rendspear
standard,140,b5,blue,sup,坦克,shengdun,standard,0,0,5,2,8345,29062,13692,519.5,7.05,12.82,18.45,4,1,2,3,4,514,212,382,2411,4614,7092,9182,6253,440,,,475,,76,1938,t3_calmveil|t3_thornmail
standard,140,r1,red,top,戰士,embercoil,standard,1,9,2,0,24592,31818,17340,657.9,8.18,16.28,18.63,5,1,1,3,5,633,1153,351,2039,3783,6633,10851,6253,1083,2280,,855,,380,,t3_shieldbreaker|t3_finalstring
standard,140,r2,red,jungle,戰士,hunpo,standard,1,6,4,0,16369,14068,15162,575.2,8.8,18.04,19.98,4,1,1,3,4,893,777,138,812,4693,7227,11118,6253,361,2280,,380,1463,380,,t3_psyward
standard,140,r3,red,mid,法師,auralith,standard,1,4,2,0,19137,14889,13581,515.2,11.45,18.49,24.96,4,0,1,2,4,1479,362,521,231,3739,5962,9021,6253,962,570,,855,,380,,t3_psyward
standard,140,r4,red,adc,射手,xuanfeng,standard,1,11,8,1,29508,12658,16513,626.5,9.38,17.82,21.63,4,1,1,2,4,436,272,928,2663,3786,5952,9828,6253,820,1710,285,380,,380,,t3_shieldbreaker|t3_rendspear
standard,140,r5,red,sup,坦克,shengdun,standard,1,1,1,2,8198,22514,14144,536.6,7.23,13.63,17.13,5,1,2,3,5,561,236,1015,644,4661,7416,10895,6253,269,570,570,380,,380,2472,t3_calmveil|t3_thornmail
standard,141,b1,blue,top,戰士,greymantle,standard,0,1,4,0,16888,27340,9071,387.5,8.48,16.77,,2,1,1,2,2,671,723,163,790,3821,6253,7963,6253,988,570,,,,152,,t3_shieldbreaker|t3_finalstring
standard,141,b2,blue,jungle,戰士,leimingcf,standard,0,0,4,1,8083,18722,9039,386.2,9.35,17.21,,2,1,1,2,2,795,579,192,809,3895,6059,7772,6253,411,,142,,812,152,,t3_shieldbreaker|t3_finalstring
standard,141,b3,blue,mid,法師,xingjie,standard,0,1,8,0,18222,15271,9116,389.4,10.21,20.28,,2,0,1,1,2,1542,290,1508,135,3802,5740,8008,6253,1007,570,,,26,152,,t3_psyward
standard,141,b4,blue,adc,射手,phantom,standard,0,4,8,0,12626,11165,11145,476.1,10.89,19.21,22.39,3,0,1,2,3,1576,155,970,1125,3736,5535,8290,6253,788,570,,475,51,152,,t3_shieldbreaker|t3_rendspear
standard,141,b5,blue,sup,坦克,dadi,standard,0,1,2,1,6267,24552,11501,491.3,7.43,11.35,17.59,4,1,2,3,4,539,653,418,600,5339,7893,9918,6253,376,570,142,,17,152,2406,t3_calmveil|t3_thornmail
standard,141,r1,red,top,戰士,greymantle,standard,1,4,1,1,17392,22375,12605,538.5,9.53,17.21,21.41,3,1,1,2,3,519,723,2277,1154,3669,6253,10927,6253,997,2280,,997,,399,,t3_shieldbreaker|t3_finalstring
standard,141,r2,red,jungle,戰士,leimingcf,standard,1,4,1,0,10811,16259,12402,529.8,8.76,16.66,21.78,3,1,1,2,3,922,1494,1942,1422,4022,6974,10242,6253,494,1710,,285,1101,399,,t3_shieldbreaker|t3_finalstring
standard,141,r3,red,mid,法師,xingjie,standard,1,6,3,2,22768,14181,13811,590,9.01,15.68,20.98,3,1,1,2,3,389,494,2192,1731,4239,6994,10642,6253,855,2280,570,285,,399,,t3_psyward
standard,141,r4,red,adc,射手,phantom,standard,1,10,1,3,31402,10909,15246,651.3,9.96,15.48,20.17,4,1,1,2,4,68,1295,1571,1395,4068,6975,10471,6253,494,2280,855,285,,304,,t3_shieldbreaker|t3_rendspear
standard,141,r5,red,sup,坦克,dadi,standard,1,2,1,2,5804,20051,13010,555.8,7.31,13.16,16.03,4,1,2,3,4,587,1123,1229,830,4487,8363,11209,6253,199,1140,285,522,,399,2409,t3_calmveil|t3_thornmail
standard,142,b1,blue,top,戰士,ravager,standard,0,2,5,0,11180,27296,9810,416,9.33,17.36,23.33,3,1,1,2,3,462,184,308,210,3612,5664,8058,6253,665,570,,190,,380,,t3_shieldbreaker|t3_finalstring
standard,142,b2,blue,jungle,戰士,xueyue,standard,0,0,4,0,7222,15910,10031,425.3,7.58,15.72,22.98,3,1,1,2,3,282,1286,760,480,4032,6716,8590,6253,513,,,348,1095,380,,t3_shieldbreaker|t3_finalstring
standard,142,b3,blue,mid,法師,auralith,standard,0,3,3,0,12073,14849,10741,455.5,10.99,18.18,23.4,3,0,1,2,3,1580,368,218,91,3840,5968,8248,6253,855,570,,190,,380,,t3_psyward
standard,142,b4,blue,adc,射手,huanying,standard,0,5,5,0,19064,10792,11666,494.7,9.84,17.66,21.7,3,1,1,2,3,243,193,1018,66,3593,5873,9268,6253,576,1710,,348,,380,,t3_shieldbreaker|t3_rendspear
standard,142,b5,blue,sup,輔助,luminary,standard,0,0,4,0,6726,17977,11772,499.2,7.3,13.57,16.21,4,1,2,3,4,1425,412,87,322,4525,7442,9127,6253,240,,,348,,380,1904,t3_calmveil
standard,142,r1,red,top,戰士,ravager,standard,1,8,0,0,15849,25673,15719,666.5,9.03,16,17.32,4,1,1,3,4,785,2014,1176,2739,3935,7494,12156,6253,1026,3420,,1203,,253,,t3_shieldbreaker|t3_finalstring
standard,142,r2,red,jungle,戰士,xueyue,standard,1,4,0,3,11680,15034,13069,554.2,8.63,14.97,19.63,3,1,2,3,3,337,88,325,1719,4387,6838,10775,6253,468,1710,712,253,1124,253,,t3_shieldbreaker|t3_finalstring
standard,142,r3,red,mid,法師,auralith,standard,1,1,5,2,17368,13780,9462,401.2,10.57,19.68,,2,0,1,2,2,1571,293,122,482,3831,5743,7672,6253,1038,,285,95,,0,,t3_psyward
standard,142,r4,red,adc,射手,huanying,standard,1,7,4,1,24778,10061,12531,531.3,9.87,19.3,23.53,3,1,1,2,3,272,188,1175,730,3622,5268,8175,6253,687,1140,,95,,0,,t3_shieldbreaker|t3_rendspear
standard,142,r5,red,sup,輔助,luminary,standard,1,1,1,3,4328,13706,13510,572.9,7.23,10.82,16.43,4,1,2,3,4,1228,740,2678,2129,5228,7470,11428,6253,351,570,142,2153,,253,1704,t3_calmveil
standard,143,b1,blue,top,戰士,dadi2,standard,0,1,5,0,10983,27564,11056,434.6,9.11,19.14,23.59,3,1,1,2,3,405,518,707,555,3555,5398,8457,6253,779,,,1425,,0,,t3_shieldbreaker|t3_finalstring
standard,143,b2,blue,jungle,戰士,anliuyouXia,standard,0,0,5,0,6441,16529,10244,402.7,8.79,18.08,24.58,3,1,1,2,3,669,821,451,394,3769,5951,7981,6253,494,,,,1233,0,,t3_shieldbreaker|t3_finalstring
standard,143,b3,blue,mid,法師,xingjie,standard,0,1,8,0,16961,17576,10537,414.1,9.07,20.13,,2,1,1,1,2,465,313,1197,1136,4315,6063,7697,6253,874,570,,,,0,,t3_psyward
standard,143,b4,blue,adc,射手,guangsu,standard,0,8,7,0,26034,12220,13960,548.7,9.8,18.48,22.08,4,1,1,2,4,291,248,384,780,3641,5928,9234,6253,649,2280,,,51,0,,t3_shieldbreaker|t3_rendspear
standard,143,b5,blue,sup,輔助,xuemai,standard,0,1,8,2,7490,23489,11441,449.7,7.42,11.57,17.07,4,1,2,3,4,429,273,467,741,5029,7303,9507,6253,205,570,570,,,0,1908,t3_calmveil
standard,143,r1,red,top,戰士,dadi2,standard,1,10,0,1,24148,26339,17567,690.5,8.36,14.24,17.98,5,1,2,3,5,1083,534,1079,2266,4233,7634,11579,6253,696,2850,285,855,,639,,t3_shieldbreaker|t3_finalstring
standard,143,r2,red,jungle,戰士,anliuyouXia,standard,1,3,1,0,14521,16343,12856,505.3,8.78,16.22,19.75,3,1,1,3,3,710,1526,198,1505,3810,6956,10228,6253,323,1710,,380,1048,513,,t3_shieldbreaker|t3_finalstring
standard,143,r3,red,mid,法師,xingjie,standard,1,7,5,4,17621,16004,14910,586,10.83,18.79,20.97,4,0,1,2,4,1428,135,1226,679,3688,6035,9676,6253,741,1140,712,380,,449,,t3_psyward
standard,143,r4,red,adc,射手,guangsu,standard,1,13,5,1,40278,12906,18393,723,9.81,16.85,19.76,5,1,1,3,5,101,716,100,2793,3451,6396,10880,6253,693,2850,285,380,,418,,t3_shieldbreaker|t3_rendspear
standard,143,r5,red,sup,輔助,xuemai,standard,1,0,0,6,6277,14776,13698,538.4,5.93,12.77,15.82,4,1,2,3,4,279,535,1378,2317,4579,7565,9858,6253,205,,427,380,,639,1951,t3_calmveil
standard,144,b1,blue,top,戰士,ronggang,standard,1,1,5,1,14576,29518,10406,408.9,10.33,17.64,23.46,3,0,1,2,3,1505,481,266,456,3555,5531,7716,6253,760,,,475,,228,,t3_shieldbreaker|t3_finalstring
standard,144,b2,blue,jungle,戰士,kuangfeng,standard,1,2,3,0,10002,24437,11236,441.5,8.89,15.83,21.95,3,1,1,2,3,968,1102,520,436,4068,6582,9120,6253,557,1140,,,941,228,,t3_shieldbreaker|t3_finalstring
standard,144,b3,blue,mid,法師,auralith,standard,1,5,4,1,24213,16466,13858,544.5,10.73,18.36,22.49,3,0,1,2,3,1485,594,307,1777,3745,5924,9287,6253,905,1140,285,475,,228,,t3_psyward
standard,144,b4,blue,adc,射手,maestro,standard,1,5,2,1,21088,10447,12940,508.4,9.93,17.72,23.11,3,1,1,2,3,405,258,289,1139,3755,5458,8539,6253,1013,570,,475,,228,,t3_shieldbreaker|t3_rendspear
standard,144,b5,blue,sup,坦克,longji,standard,1,0,2,2,7480,25382,13416,527.1,7.39,13.63,17.73,4,1,2,3,4,392,294,1975,1215,4592,6954,11055,6253,183,,285,1425,,228,2680,t3_calmveil|t3_thornmail
standard,144,r1,red,top,戰士,ronggang,standard,0,2,3,1,13460,30580,12316,483.9,8.38,17.05,20.4,3,1,1,2,3,614,1046,1565,865,3764,6576,10215,6253,1282,1140,,1235,,304,,t3_shieldbreaker|t3_finalstring
standard,144,r2,red,jungle,戰士,kuangfeng,standard,0,6,1,0,14628,19689,14366,564.5,7.9,15.93,20.48,4,1,1,2,4,203,1008,1823,1385,4303,6488,10423,6253,484,1710,,285,1386,304,,t3_shieldbreaker|t3_finalstring
standard,144,r3,red,mid,法師,auralith,standard,0,2,4,4,27528,14986,12332,484.5,10.93,18.84,24.02,3,0,1,2,3,1495,76,171,1301,3755,6006,9151,6253,1026,570,712,285,,304,,t3_psyward
standard,144,r4,red,adc,射手,maestro,standard,0,6,5,0,27836,9784,13655,536.6,9.98,19.44,23.11,3,1,1,2,3,224,546,187,3175,3574,5626,7507,6253,665,,,285,,304,,t3_shieldbreaker|t3_rendspear
standard,144,r5,red,sup,坦克,longji,standard,0,0,0,4,7285,20088,13589,534,6.93,12.53,18.3,4,1,2,3,4,616,487,355,1389,4516,7147,9855,6253,190,,142,285,,304,2680,t3_calmveil|t3_thornmail
standard,145,b1,blue,top,戰士,jingci,standard,0,1,2,0,8836,26041,10198,445.5,10.46,17.34,21.69,3,0,1,2,3,1505,241,674,597,3555,5721,9274,6253,722,570,,1235,,494,,t3_shieldbreaker|t3_finalstring
standard,145,b2,blue,jungle,戰士,longyi,standard,0,1,1,1,7380,13398,10462,457,8.79,16.48,21.48,3,1,1,2,3,760,978,796,132,3860,6408,9346,6253,380,570,285,285,1078,494,,t3_shieldbreaker|t3_finalstring
standard,145,b3,blue,mid,法師,ronghuo,standard,0,2,3,1,12806,12907,10207,445.9,10.7,18.48,,2,0,1,2,2,1523,332,150,807,3783,6082,8600,6253,950,570,142,285,,399,,t3_psyward
standard,145,b4,blue,adc,射手,liuxing,standard,0,12,5,1,33709,11484,15625,682.6,10.6,15.63,20.21,4,0,1,2,4,1465,1118,2382,1775,3625,6798,11282,6253,639,3420,285,285,,399,,t3_shieldbreaker|t3_rendspear
standard,145,b5,blue,sup,輔助,hexweave,standard,0,2,1,1,5646,13061,12207,533.3,6.92,11.59,13.67,4,1,3,4,4,2592,323,248,1247,5092,8503,11208,6253,196,1140,142,760,,494,2221,t3_calmveil
standard,145,r1,red,top,戰士,jingci,standard,1,1,3,2,6792,24072,9861,430.8,8.96,16.74,,2,1,1,2,2,600,550,232,1630,3750,6030,8462,6253,734,570,285,475,68,76,,t3_shieldbreaker|t3_finalstring
standard,145,r2,red,jungle,戰士,longyi,standard,1,2,1,0,12432,18227,11001,480.6,8.92,14.96,22.08,3,1,2,2,3,575,303,801,671,4325,7053,9051,6253,405,570,,,1746,76,,t3_shieldbreaker|t3_finalstring
standard,145,r3,red,mid,法師,ronghuo,standard,1,0,4,0,16713,12506,8975,392.1,10.75,20.88,,2,0,1,1,2,1441,195,830,475,3701,5525,7330,6253,1000,,,,,76,,t3_psyward
standard,145,r4,red,adc,射手,liuxing,standard,1,9,8,1,26711,10717,13789,602.3,9.27,16.6,20.21,3,1,1,2,3,395,459,1222,2188,3745,6139,10072,6253,893,2850,,,,76,,t3_shieldbreaker|t3_rendspear
standard,145,r5,red,sup,輔助,hexweave,standard,1,0,2,2,3021,17499,11599,506.7,6.15,11.47,16.18,4,1,2,3,4,308,454,1389,899,4608,7484,10429,6253,310,,570,1425,,76,1794,t3_calmveil
standard,146,b1,blue,top,戰士,longyi,standard,0,0,0,0,7288,22128,8313,403.2,8.8,17.92,,2,1,1,2,2,709,569,365,562,3859,5569,8115,6253,912,,,950,,0,,t3_shieldbreaker|t3_finalstring
standard,146,b2,blue,jungle,戰士,cinderfist,standard,0,0,4,0,4611,14509,7724,374.6,9.24,17.76,,2,1,1,2,2,626,737,458,393,3726,5687,7488,6253,380,,,,855,0,,t3_shieldbreaker|t3_finalstring
standard,146,b3,blue,mid,法師,gambler,standard,0,1,3,1,10163,12917,8781,425.9,10.84,18.02,,2,0,1,2,2,1466,457,354,251,3726,6057,8584,6253,1000,570,285,475,,0,,t3_psyward
standard,146,b4,blue,adc,射手,shensheng,standard,0,3,2,0,11963,11447,9209,446.7,9.49,16.63,,2,1,1,2,2,215,205,861,458,3565,5705,9011,6253,573,1710,,475,,0,,t3_shieldbreaker|t3_rendspear
standard,146,b5,blue,sup,輔助,shengming,standard,0,0,1,0,4330,14015,8615,417.9,6.28,12.22,17.88,3,1,2,3,3,573,342,418,615,4573,6822,8418,6253,288,,,,,0,1876,t3_calmveil
standard,146,r1,red,top,戰士,longyi,standard,1,4,0,1,12760,19671,12280,595.7,8.6,15.63,17.51,3,1,1,3,3,154,1343,913,880,3954,6823,11893,6253,1045,2280,142,1488,,684,,t3_shieldbreaker|t3_finalstring
standard,146,r2,red,jungle,戰士,cinderfist,standard,1,1,0,2,7313,11713,10685,518.3,9.32,15.62,20.42,3,1,1,2,3,226,1266,1653,354,4276,6696,10203,6253,126,570,570,538,1460,684,,t3_shieldbreaker|t3_finalstring
standard,146,r3,red,mid,法師,gambler,standard,1,2,2,1,14744,11267,10241,496.7,10.5,18.09,,2,0,1,2,2,1685,291,2004,841,3945,6491,9854,6253,1111,1140,285,380,,684,,t3_psyward
standard,146,r4,red,adc,射手,shensheng,standard,1,3,2,2,13999,7441,11296,547.9,11.14,17.06,20.36,3,0,1,2,3,1718,345,2658,395,3878,6025,10908,6253,836,1710,570,855,,684,,t3_shieldbreaker|t3_rendspear
standard,146,r5,red,sup,輔助,shengming,standard,1,0,0,2,6407,10995,11066,536.8,5.72,11.92,16.3,3,1,2,3,3,55,718,1430,1836,4655,7448,10660,6253,262,,427,1013,,684,2018,t3_calmveil
standard,147,b1,blue,top,戰士,chichuan,standard,0,1,3,0,16760,39239,12288,421.7,9.17,17.18,23.35,3,1,1,2,3,899,818,979,837,4049,6348,8609,6253,1235,,,950,,171,,t3_shieldbreaker|t3_finalstring
standard,147,b2,blue,jungle,戰士,xueyue,standard,0,0,4,1,13335,21154,12072,414.3,9.52,17.75,22.94,3,1,1,2,3,913,380,738,672,4013,5860,8018,6253,551,,,,1043,171,,t3_shieldbreaker|t3_finalstring
standard,147,b3,blue,mid,法師,ronghuo,standard,0,9,10,0,30927,22017,16088,552.1,10.18,18.58,22.78,4,0,1,2,4,1808,290,626,1687,4068,5740,8476,6253,1007,570,,475,,171,,t3_psyward
standard,147,b4,blue,adc,射手,liangzicz,standard,0,13,11,0,60374,17471,18529,635.8,9.88,17.02,19.62,5,1,1,3,5,509,108,187,2929,3859,5788,10367,6253,950,2280,,712,,171,,t3_shieldbreaker|t3_rendspear
standard,147,b5,blue,sup,坦克,shiqiang,standard,0,0,4,1,8563,30176,12119,415.9,7.38,12.7,18.88,4,1,2,3,4,215,452,201,339,4715,7252,9001,6253,361,,,237,,76,2073,t3_calmveil|t3_thornmail
standard,147,r1,red,top,戰士,chichuan,standard,1,3,1,2,15817,31508,14255,489.2,8.72,17.75,22.38,4,1,1,2,4,675,347,285,755,3825,5877,8335,6253,801,570,,190,102,418,,t3_shieldbreaker|t3_finalstring
standard,147,r2,red,jungle,戰士,xueyue,standard,1,7,1,1,18679,25957,17248,591.9,8.04,14.01,19.69,5,1,2,3,5,917,472,331,1948,4017,7572,10411,6253,481,1710,,190,1358,418,,t3_shieldbreaker|t3_finalstring
standard,147,r3,red,mid,法師,ronghuo,standard,1,10,10,1,31477,23675,18067,620,11.8,16.41,21.73,5,0,1,2,5,1409,997,153,1916,3669,7197,9553,6253,1171,570,,1140,,418,,t3_psyward
standard,147,r4,red,adc,射手,liangzicz,standard,1,10,10,0,47267,14234,16537,567.5,9.09,18.88,22.78,5,1,1,2,5,452,168,238,937,3802,5848,7558,6253,886,,,190,,228,,t3_shieldbreaker|t3_rendspear
standard,147,r5,red,sup,坦克,shiqiang,standard,1,2,1,7,13833,30250,17178,589.5,6.58,11.98,16.53,5,1,2,4,5,406,1310,161,3578,5206,8550,11761,6253,345,1140,570,665,,418,2370,t3_calmveil|t3_thornmail
standard,148,b1,blue,top,戰士,xueyue,standard,0,0,0,0,10089,24796,8260,368.5,9.09,17.92,,2,1,1,2,2,519,466,358,530,3669,5816,7488,6253,760,,,475,,0,,t3_shieldbreaker|t3_finalstring
standard,148,b2,blue,jungle,戰士,jufeng,standard,0,1,3,2,7048,17441,9892,441.3,9.03,16.46,21.73,3,1,1,2,3,358,1335,710,292,4458,6515,8940,6253,389,570,285,,1442,0,,t3_shieldbreaker|t3_finalstring
standard,148,b3,blue,mid,法師,gambler,standard,0,1,4,0,12537,12936,9495,423.6,10.85,19.38,,2,0,1,2,2,1428,719,765,495,3688,5569,8115,6253,912,,,950,,0,,t3_psyward
standard,148,b4,blue,adc,射手,xingchen,standard,0,6,6,1,22047,12341,12079,538.8,10.13,16.58,20.25,3,0,1,2,3,1680,301,1052,1099,3840,6101,9502,6253,1064,1710,,475,,0,,t3_shieldbreaker|t3_rendspear
standard,148,b5,blue,sup,坦克,suishan,standard,0,1,3,3,5626,21743,10970,489.4,6.58,11.88,16.95,4,1,2,3,4,324,306,523,69,5124,7386,10103,6253,408,570,570,475,51,0,1774,t3_calmveil|t3_thornmail
standard,148,r1,red,top,戰士,xueyue,standard,1,2,0,0,14093,20457,10888,485.7,8.32,17.4,,2,1,1,2,2,707,1168,398,2237,3857,6698,8748,6253,853,570,,522,17,532,,t3_shieldbreaker|t3_finalstring
standard,148,r2,red,jungle,戰士,jufeng,standard,1,2,1,0,11477,15128,11607,517.8,9.41,15.23,20.42,3,1,1,2,3,412,2519,1886,807,4212,7999,10486,6253,501,1140,,285,1773,532,,t3_shieldbreaker|t3_finalstring
standard,148,r3,red,mid,法師,gambler,standard,1,2,2,1,15542,12827,11587,516.9,10.04,17.39,21.82,3,0,1,2,3,2105,382,524,556,4365,6882,9504,6253,771,1140,285,522,,532,,t3_psyward
standard,148,r4,red,adc,射手,xingchen,standard,1,9,4,1,31464,10507,14823,661.2,9.26,17.02,18.98,4,1,1,3,4,365,828,1044,1022,3715,6508,11524,6253,843,2850,285,760,,532,,t3_shieldbreaker|t3_rendspear
standard,148,r5,red,sup,坦克,suishan,standard,1,1,2,2,4644,18817,11918,531.7,6.58,12.23,16.77,4,1,2,3,4,405,1432,596,317,4605,8092,10576,6253,260,570,285,285,,532,2390,t3_calmveil|t3_thornmail
standard,149,b1,blue,top,戰士,fengbao,standard,0,3,4,2,22094,44627,14413,452.6,8.95,17.56,22.18,4,1,1,2,4,443,746,68,963,3593,5626,8068,6253,874,,,712,,228,,t3_shieldbreaker|t3_finalstring
standard,149,b2,blue,jungle,戰士,rongyan,standard,0,2,2,1,12034,25855,14294,448.9,8.02,16,23.38,4,1,1,2,4,210,981,540,1363,3960,6411,8490,6253,310,570,,,1128,228,,t3_shieldbreaker|t3_finalstring
standard,149,b3,blue,mid,法師,ronghuo,standard,0,11,11,0,30901,24434,18036,566.4,11.18,20.13,23.34,5,0,1,1,5,1612,489,1238,1885,3872,5639,7738,6253,1019,,,237,,228,,t3_psyward
standard,149,b4,blue,adc,射手,dujian,standard,0,17,10,1,74879,18017,20998,659.5,9.34,16.58,21.43,5,1,1,2,5,393,573,192,5398,3743,5653,9092,6253,741,1710,142,,17,228,,t3_shieldbreaker|t3_rendspear
standard,149,b5,blue,sup,輔助,linghun,standard,0,0,7,5,14708,30498,16491,517.9,5.53,12.55,15.94,5,1,2,3,5,620,888,965,3290,4620,7138,10195,6253,322,,427,950,,228,2013,t3_calmveil
standard,149,r1,red,top,戰士,fengbao,standard,1,3,4,1,21913,42484,14746,463.1,8.95,15.84,20.19,4,1,1,2,4,443,1111,978,1765,3593,6291,9578,6253,741,1140,285,855,,304,,t3_shieldbreaker|t3_finalstring
standard,149,r2,red,jungle,戰士,rongyan,standard,1,9,3,2,30327,28210,19440,610.5,7.95,16.33,20.87,5,1,1,2,5,873,1466,1303,4189,3973,6596,9853,6253,304,570,570,380,1471,304,,t3_shieldbreaker|t3_finalstring
standard,149,r3,red,mid,法師,ronghuo,standard,1,9,10,1,34797,23496,17900,562.1,11,17.92,23.9,5,0,1,2,5,1428,790,925,1749,3688,6120,9255,6253,893,1140,285,380,,304,,t3_psyward
standard,149,r4,red,adc,射手,dujian,standard,1,13,13,0,57386,16564,19743,620,10.88,19.7,22.29,5,0,1,2,5,1158,309,184,4142,3318,5389,8134,6253,389,570,,617,,304,,t3_shieldbreaker|t3_rendspear
standard,149,r5,red,sup,輔助,linghun,standard,1,0,3,2,12004,19549,14922,468.6,7.58,11.87,18.28,4,1,2,3,4,740,446,126,3962,4440,7176,9356,6253,180,,,617,,304,2000,t3_calmveil
standard,150,b1,blue,top,坦克,suishan,standard,0,0,4,0,6473,24052,8394,383.6,8.16,17.45,,2,1,1,2,2,776,305,305,663,3726,5455,7735,6253,912,,,475,,95,,t3_calmveil|t3_thornmail
standard,150,b2,blue,jungle,戰士,jingci,standard,0,0,4,0,5127,13663,8731,399,8.96,17.24,,2,1,1,2,2,106,1074,447,501,3906,5954,8027,6253,361,,,,1317,95,,t3_finalstring|t3_shieldbreaker
standard,150,b3,blue,mid,法師,gambler,standard,0,1,5,0,11454,12782,9133,417.4,11.59,19.37,,2,0,1,2,2,1436,471,450,733,3696,5501,7800,6253,881,570,,,,95,,t3_psyward
standard,150,b4,blue,adc,射手,shengyan,standard,0,3,4,0,12408,11557,9633,440.2,7.62,18.38,21.83,3,1,1,2,3,842,254,273,32,4192,6054,8423,6253,883,1140,,,51,95,,t3_shieldbreaker|t3_rendspear
standard,150,b5,blue,sup,坦克,xukong,standard,0,1,4,0,5819,22996,11487,524.9,7.23,12.49,17.88,4,1,2,3,4,1286,133,1848,586,5186,7513,10648,6253,381,570,,1425,51,0,1966,t3_calmveil|t3_thornmail
standard,150,r1,red,top,坦克,suishan,standard,1,0,0,1,6138,15570,10094,461.3,7.68,14.38,20.38,3,1,2,2,3,912,458,1379,1444,3862,6408,8669,6253,877,,285,760,,494,,t3_calmveil|t3_thornmail
standard,150,r2,red,jungle,戰士,jingci,standard,1,9,0,2,17088,14535,15612,713.4,8.69,15.38,17.91,4,1,1,4,4,918,1814,797,2311,4018,7294,13197,6253,313,3990,285,285,1576,494,,t3_finalstring|t3_shieldbreaker
standard,150,r3,red,mid,法師,gambler,standard,1,3,1,1,12913,12912,11459,523.6,10.05,17.46,,2,0,1,2,2,1732,380,889,2409,3992,6880,9939,6253,1197,1140,285,760,,304,,t3_psyward
standard,150,r4,red,adc,射手,shengyan,standard,1,8,4,5,26051,10400,14471,661.3,9.81,14.51,17.88,4,1,2,3,4,268,332,1056,620,4268,7232,12856,6253,836,3990,997,285,,494,,t3_shieldbreaker|t3_rendspear
standard,150,r5,red,sup,坦克,xukong,standard,1,1,0,6,6574,15074,12780,584,6.94,13.1,16.29,4,1,2,4,4,951,313,103,1179,4551,7553,11703,6253,234,570,997,760,,494,2394,t3_calmveil|t3_thornmail
standard,151,b1,blue,top,坦克,stoneguard,standard,0,1,0,0,10153,22769,8642,394.3,8.51,15.71,,2,1,1,2,2,643,530,702,1351,3593,5930,7992,6253,703,570,,237,,228,,t3_calmveil|t3_thornmail
standard,151,b2,blue,jungle,刺客,voidrift,standard,0,0,4,2,5260,10825,9638,439.8,8.26,17.22,,2,1,1,2,2,834,672,1171,1257,4034,6002,8351,6253,285,,285,237,1062,228,,t3_finalstring
standard,151,b3,blue,mid,法師,leiming,standard,0,5,2,0,19804,13536,11514,525.4,11.15,17.68,20.98,3,0,1,2,3,1498,98,1306,184,3758,6598,10056,6253,820,2280,,475,,228,,t3_psyward
standard,151,b4,blue,adc,射手,mirrorshot,standard,0,3,2,0,15979,10667,10762,491.1,9.4,17.12,,2,1,1,2,2,386,425,910,2182,3736,6225,8410,6253,978,,,950,,228,,t3_shieldbreaker|t3_rendspear
standard,151,b5,blue,sup,坦克,dadi,standard,0,0,0,1,5741,19890,9759,445.3,7.2,13.01,19.3,3,1,2,3,3,493,105,231,378,4693,7045,8831,6253,367,,,,,228,1982,t3_calmveil|t3_thornmail
standard,151,r1,red,top,坦克,stoneguard,standard,1,3,1,1,10576,22877,10813,493.4,9.28,13.29,20.2,3,1,2,2,3,1455,359,2435,782,4405,6609,9725,6253,1192,1710,,190,,380,,t3_calmveil|t3_thornmail
standard,151,r2,red,jungle,刺客,voidrift,standard,1,1,2,0,6453,9180,10480,478.2,8.83,15.59,21.48,3,1,1,2,3,878,1334,876,500,4078,6664,9006,6253,199,,,427,1745,380,,t3_finalstring
standard,151,r3,red,mid,法師,leiming,standard,1,2,2,2,17939,13950,11182,510.2,10.31,17.45,21.14,3,0,1,2,3,1906,687,979,331,4166,7187,10379,6253,1086,1140,570,1140,,190,,t3_psyward
standard,151,r4,red,adc,射手,mirrorshot,standard,1,2,3,0,14720,10825,9662,440.8,9.63,17.68,,2,1,1,2,2,218,295,309,1081,3568,6095,8289,6253,658,570,,427,,380,,t3_shieldbreaker|t3_rendspear
standard,151,r5,red,sup,坦克,dadi,standard,1,0,1,1,7026,18867,11468,523.3,6.95,13.25,19.35,3,1,2,3,3,286,714,401,1487,4486,7374,10381,6253,207,,,1140,,190,2590,t3_calmveil|t3_thornmail
standard,152,b1,blue,top,坦克,thornwall,standard,1,0,1,0,5878,21199,8789,404.4,8.06,15.46,,2,1,1,2,2,227,586,815,1559,3777,5886,8045,6253,823,,,665,,304,,t3_calmveil|t3_thornmail
standard,152,b2,blue,jungle,刺客,miwu,standard,1,1,1,0,4732,8687,10084,464,8.84,16.08,,2,1,1,2,2,683,798,1718,1754,3883,6378,8668,6253,288,,,665,1062,399,,t3_finalstring
standard,152,b3,blue,mid,法師,haixiao,standard,1,1,3,0,11440,13511,9869,454.1,10.13,16.43,,2,0,1,2,2,2017,371,495,469,4277,6871,9125,6253,1000,570,,902,,399,,t3_psyward
standard,152,b4,blue,adc,射手,hanbing,standard,1,10,5,1,22258,10530,14553,669.6,10.06,16.37,17.73,4,0,1,3,4,2263,1441,793,1332,4423,7121,12593,6253,905,4560,285,190,,399,,t3_shieldbreaker|t3_rendspear
standard,152,b5,blue,sup,輔助,mantra,standard,1,2,1,1,6390,17751,12181,560.5,7.02,11.58,17,4,1,2,4,4,323,294,738,731,4623,7324,11438,6253,554,1140,285,902,,399,1903,t3_calmveil
standard,152,r1,red,top,坦克,thornwall,standard,0,1,1,0,6264,19518,10848,499.2,8.78,15.05,20.36,3,1,1,2,3,890,871,3064,918,3840,6171,10294,6253,893,570,,2375,51,152,,t3_calmveil|t3_thornmail
standard,152,r2,red,jungle,刺客,miwu,standard,0,0,0,0,5032,9267,8543,393.1,8.77,16.79,,2,1,1,2,2,753,339,1040,213,3953,5919,7990,6253,202,,,,1381,152,,t3_finalstring
standard,152,r3,red,mid,法師,haixiao,standard,0,3,4,0,15116,14349,9923,456.6,11.11,17.37,,2,0,1,2,2,1276,767,569,522,3536,6367,9369,6253,779,1710,,475,,152,,t3_psyward
standard,152,r4,red,adc,射手,hanbing,standard,0,6,6,2,20108,11625,12064,555.1,9.28,16.22,19.81,3,1,1,3,3,832,662,70,863,4182,6342,10370,6253,639,2280,570,475,,152,,t3_shieldbreaker|t3_rendspear
standard,152,r5,red,sup,輔助,mantra,standard,0,1,3,0,4568,14289,9822,451.9,6.23,11.56,16.93,3,1,2,3,3,1995,377,809,1362,5095,7407,9269,6253,373,570,,,,152,1919,t3_calmveil
standard,153,b1,blue,top,坦克,tieshixin,standard,1,0,2,0,8128,27325,10039,392,8.13,17.11,21.56,3,1,1,2,3,719,329,485,508,3669,5379,8115,6253,760,,,950,,152,,t3_calmveil|t3_thornmail
standard,153,b2,blue,jungle,刺客,guihuo,standard,1,0,7,0,5521,14939,9986,389.9,8.02,17.16,,2,1,1,2,2,745,248,105,1905,3945,5828,7705,6253,342,,,,957,152,,t3_finalstring
standard,153,b3,blue,mid,法師,leiming,standard,1,5,9,1,15628,16712,13212,515.9,11.28,19.13,22.78,3,0,1,2,3,1466,106,608,1111,3726,5436,8438,6253,703,570,285,475,,152,,t3_psyward
standard,153,b4,blue,adc,射手,xuanfeng,standard,1,10,5,0,35297,13994,15767,615.7,9.52,18.67,20.11,4,1,1,2,4,367,398,1769,2217,3717,5598,10519,6253,788,2850,,475,,152,,t3_shieldbreaker|t3_rendspear
standard,153,b5,blue,sup,輔助,huanjing,standard,1,0,3,1,9795,24386,11986,468.1,7.08,11.88,18.33,4,1,2,3,4,292,448,501,536,4592,6928,8961,6253,332,,285,,51,152,1886,t3_calmveil
standard,153,r1,red,top,坦克,tieshixin,standard,0,7,0,1,17721,26436,15033,587,7.95,12.11,17.18,5,1,2,4,5,306,765,221,1482,5056,7995,12371,6253,1190,3990,,538,,399,,t3_calmveil|t3_thornmail
standard,153,r2,red,jungle,刺客,guihuo,standard,0,4,2,0,12790,14971,13431,524.5,8.71,15.97,21.88,4,1,1,2,4,175,800,1032,680,4025,6380,9362,6253,342,570,,538,1259,399,,t3_finalstring
standard,153,r3,red,mid,法師,leiming,standard,0,7,3,6,28519,13215,15208,593.9,11.18,17.77,20.63,4,0,1,2,4,1542,115,1234,807,3802,6615,10634,6253,962,1710,997,380,26,304,,t3_psyward
standard,153,r4,red,adc,射手,xuanfeng,standard,0,8,6,0,23535,11337,14247,556.4,10.84,17.86,21.69,4,0,1,2,4,1300,429,157,1027,3460,5629,8707,6253,535,1140,,380,,399,,t3_shieldbreaker|t3_rendspear
standard,153,r5,red,sup,輔助,huanjing,standard,0,0,4,3,5717,19385,11944,466.4,6.63,13.87,16.87,4,1,2,3,4,487,200,965,493,4487,7230,9545,6253,237,,142,538,,399,1974,t3_calmveil
standard,154,b1,blue,top,坦克,bingshouweis,standard,1,0,4,0,8573,29648,10283,400,8.18,16.22,20.83,3,1,1,2,3,48,293,509,692,3698,5693,8239,6253,883,,,950,,152,,t3_calmveil|t3_thornmail
standard,154,b2,blue,jungle,刺客,jiansheng,standard,1,0,9,0,9999,14255,10017,389.6,8.08,17.32,25.04,3,1,1,2,3,185,550,273,516,4085,5880,7753,6253,389,,,,958,152,,t3_finalstring
standard,154,b3,blue,mid,法師,haixiao,standard,1,3,7,0,13641,16855,11993,466.5,10.98,18.58,23.98,3,0,1,2,3,1400,348,242,492,3660,5978,8372,6253,826,1140,,,,152,,t3_psyward
standard,154,b4,blue,adc,射手,phantom,standard,1,9,8,0,30031,15438,14659,570.2,9.7,18.07,20.43,4,1,1,2,4,471,434,1028,1109,3821,6234,9778,6253,855,2280,,237,,152,,t3_shieldbreaker|t3_rendspear
standard,154,b5,blue,sup,坦克,dadi,standard,1,0,4,0,8005,22283,12683,493.4,6.83,13.79,17.49,4,1,2,3,4,468,332,619,1323,4668,7132,9119,6253,351,,,237,51,152,2073,t3_calmveil|t3_thornmail
standard,154,r1,red,top,坦克,bingshouweis,standard,0,8,0,3,14635,28814,15930,619.7,7.59,12.4,17.09,5,1,2,3,5,297,500,1461,2280,4847,7330,11491,6253,722,3420,285,380,51,380,,t3_calmveil|t3_thornmail
standard,154,r2,red,jungle,刺客,jiansheng,standard,0,5,3,4,11511,13660,14752,573.8,8.12,13.56,19.67,4,1,2,3,4,952,611,136,1352,4152,7311,10116,6253,332,570,997,380,1202,380,,t3_finalstring
standard,154,r3,red,mid,法師,haixiao,standard,0,3,5,0,13924,13660,11439,444.9,10.73,17.7,24.63,3,0,1,2,3,1390,566,541,888,3650,6766,8571,6253,798,1140,,380,,0,,t3_psyward
standard,154,r4,red,adc,射手,phantom,standard,0,14,3,3,43085,12509,18991,738.7,7.57,14.72,18.37,5,1,2,3,5,91,260,870,3391,4391,7460,12020,6253,1016,3420,570,380,,380,,t3_shieldbreaker|t3_rendspear
standard,154,r5,red,sup,坦克,dadi,standard,0,2,1,3,8132,18982,14017,545.2,5.78,12.38,14.63,4,1,3,3,4,633,343,1074,1817,5133,8943,11054,6253,285,1140,427,380,,380,2188,t3_calmveil|t3_thornmail
standard,155,b1,blue,top,坦克,tiebi,standard,1,0,2,0,7736,25800,9493,410.5,8.09,15.1,,2,1,1,2,2,814,694,474,2213,3764,6044,7754,6253,1064,,,285,,152,,t3_calmveil|t3_thornmail
standard,155,b2,blue,jungle,刺客,hundun,standard,1,0,5,0,5308,10543,9463,409.2,10.83,19.88,,2,0,1,2,2,1683,1344,190,962,3893,6274,8120,6253,427,,,285,1002,152,,t3_psyward
standard,155,b3,blue,mid,法師,leiming,standard,1,1,5,0,10686,14832,9560,413.4,10.94,19.69,,2,0,1,2,2,1609,166,226,329,3869,6016,7726,6253,1035,,,285,,152,,t3_psyward
standard,155,b4,blue,adc,射手,huanying,standard,1,10,6,0,21833,11173,14380,621.8,8.65,13.94,19.1,4,1,2,3,4,1469,568,912,529,4819,7568,10912,6253,750,3420,,285,51,152,,t3_shieldbreaker|t3_rendspear
standard,155,b5,blue,sup,輔助,luminary,standard,1,0,6,0,3751,17839,11280,487.8,6.48,13.04,17.08,4,1,2,3,4,216,307,938,579,4516,7337,9978,6253,332,,,1235,26,152,1979,t3_calmveil
standard,155,r1,red,top,坦克,tiebi,standard,0,9,0,1,14647,22406,15104,653.2,8.78,13.31,16.66,5,1,2,4,5,107,227,589,1504,3707,7507,12789,6253,779,4560,285,475,,437,,t3_calmveil|t3_thornmail
standard,155,r2,red,jungle,刺客,hundun,standard,0,3,2,3,8586,11279,12438,537.9,9.05,16.31,21.09,3,1,1,2,3,424,757,1032,58,4224,7157,9912,6253,323,570,855,,1474,437,,t3_psyward
standard,155,r3,red,mid,法師,leiming,standard,0,4,2,3,15595,13725,12895,557.6,10.48,17.51,21.07,3,0,1,2,3,1656,337,684,1044,3916,6187,10034,6253,1301,1140,665,237,,437,,t3_psyward
standard,155,r4,red,adc,射手,huanying,standard,0,6,6,2,21283,8873,12084,522.6,9.68,19.1,22.7,3,1,1,2,3,383,377,886,884,3733,5757,8806,6253,760,1140,237,237,26,152,,t3_shieldbreaker|t3_rendspear
standard,155,r5,red,sup,輔助,luminary,standard,0,2,1,5,4556,14510,13090,566,6.21,11.22,14.74,4,1,3,4,4,1152,197,566,1639,5152,8197,11446,6253,370,1140,522,950,,437,1772,t3_calmveil
standard,156,b1,blue,top,坦克,shengdun,standard,1,0,0,2,8978,22845,10287,444.5,7.88,14.67,21.69,3,1,2,2,3,157,299,819,1256,3707,6149,8049,6253,779,,427,285,,304,,t3_calmveil|t3_thornmail
standard,156,b2,blue,jungle,刺客,razorwing,standard,1,4,2,0,7814,10358,11988,518,8.59,14.62,18.93,3,1,2,3,3,121,309,633,907,3971,7859,10583,6253,313,2280,,285,1146,304,,t3_finalstring
standard,156,b3,blue,mid,法師,mingyun2,standard,1,7,5,1,15356,16548,13707,592.3,11.21,17.81,20.43,3,0,1,2,3,1485,78,777,1226,3745,5978,10177,6253,1007,1710,142,760,,304,,t3_psyward
standard,156,b4,blue,adc,射手,siwang,standard,1,4,1,0,14513,10263,11558,499.4,9.46,17.28,22.65,3,1,1,2,3,289,535,367,1078,3639,5615,8617,6253,617,1140,,285,17,304,,t3_shieldbreaker|t3_rendspear
standard,156,b5,blue,sup,輔助,xuemai,standard,1,1,3,2,4580,14298,12762,551.5,6.83,11.43,15.63,4,1,2,3,4,282,1524,1521,1311,4582,7774,10561,6253,209,570,570,285,,304,2370,t3_calmveil
standard,156,r1,red,top,坦克,shengdun,standard,0,2,0,0,9084,22887,10543,455.6,7.92,16.63,21.11,3,1,1,2,3,833,212,1132,613,3783,5512,8362,6253,912,,,950,,247,,t3_calmveil|t3_thornmail
standard,156,r2,red,jungle,刺客,razorwing,standard,0,0,4,1,9683,13592,10284,444.4,8.77,16.09,21.18,3,1,1,2,3,273,887,627,153,4123,6467,8657,6253,335,,285,,1631,152,,t3_finalstring
standard,156,r3,red,mid,法師,mingyun2,standard,0,2,2,1,14831,12357,9948,429.9,11.27,17.74,,2,0,1,2,2,1580,296,288,868,3840,5626,8888,6253,962,1140,285,,,247,,t3_psyward
standard,156,r4,red,adc,射手,siwang,standard,0,6,8,0,17562,10780,11807,510.2,9.24,18.85,21.66,3,1,1,2,3,937,355,61,906,4287,6035,8961,6253,750,1710,,,,247,,t3_shieldbreaker|t3_rendspear
standard,156,r5,red,sup,輔助,xuemai,standard,0,1,2,0,4161,16532,11679,504.7,5.93,12.7,17.31,4,1,2,4,4,406,370,276,979,4706,7100,10676,6253,345,570,,950,,247,2310,t3_calmveil
standard,157,b1,blue,top,坦克,xukong,standard,0,0,2,0,7364,24360,8669,405.5,8.73,16.5,20.85,3,1,1,2,3,95,419,480,418,3745,5569,8210,6253,1007,,,950,,0,,t3_calmveil|t3_thornmail
standard,157,b2,blue,jungle,刺客,yeiren,standard,0,1,6,0,3317,9664,8552,400.1,9.04,16.64,,2,1,1,2,2,452,484,295,421,3652,6114,8075,6253,190,570,,,1061,0,,t3_finalstring
standard,157,b3,blue,mid,法師,bingshuang,standard,0,1,4,1,10884,14474,8963,419.3,11.31,19.23,,2,0,1,2,2,1504,215,304,1313,3764,5645,7954,6253,1178,,285,237,,0,,t3_psyward
standard,157,b4,blue,adc,射手,maestro,standard,0,4,8,0,15407,10762,10531,492.7,10.9,17.66,20.58,3,0,1,2,3,1452,322,771,30,3612,5702,9521,6253,608,1710,,950,,0,,t3_shieldbreaker|t3_rendspear
standard,157,b5,blue,sup,坦克,longji,standard,0,2,1,0,4628,21912,10339,483.7,6.54,11.2,17.38,3,1,2,3,3,666,522,267,539,5166,7762,9767,6253,361,1140,,237,51,0,1723,t3_calmveil|t3_thornmail
standard,157,r1,red,top,坦克,xukong,standard,1,1,0,0,8331,17530,10534,492.8,8.73,15.08,19.44,3,1,1,3,3,903,638,774,1103,3853,6038,9904,6253,981,570,,1567,,532,,t3_calmveil|t3_thornmail
standard,157,r2,red,jungle,刺客,yeiren,standard,1,2,3,1,5901,9427,11320,529.6,8.65,14.22,19.25,3,1,2,3,3,137,613,890,919,4037,7313,10690,6253,373,1140,285,617,1488,532,,t3_finalstring
standard,157,r3,red,mid,法師,bingshuang,standard,1,2,3,1,12313,12153,10284,481.1,10.64,18.51,,2,0,1,2,2,1466,239,104,1303,3726,6139,9084,6253,969,570,142,617,,532,,t3_psyward
standard,157,r4,red,adc,射手,maestro,standard,1,7,2,4,27293,10368,13621,637.3,9.31,16.5,19.02,4,1,1,3,4,319,729,1272,401,3669,6529,12422,6253,839,3420,997,380,,532,,t3_shieldbreaker|t3_rendspear
standard,157,r5,red,sup,坦克,longji,standard,1,9,0,2,6651,17759,15931,745.3,7.65,11.21,14.34,5,1,3,5,5,689,257,1702,2331,4589,9637,15302,6253,294,5130,570,617,,532,1904,t3_calmveil|t3_thornmail
standard,158,b1,blue,top,坦克,tiemu,standard,1,1,1,0,13660,29641,12190,425.2,9.08,15.5,21.97,4,1,1,2,4,801,403,1021,539,3751,5803,8311,6253,766,570,,190,,532,,t3_calmveil|t3_thornmail
standard,158,b2,blue,jungle,刺客,sting,standard,1,2,3,0,11870,14655,13886,484.4,8.65,17.38,19.48,4,1,1,3,4,546,1106,500,485,3746,6086,10000,6253,449,1140,,665,959,532,,t3_finalstring
standard,158,b3,blue,mid,法師,mingyun2,standard,1,10,4,1,27379,18275,18248,636.5,10.45,15.82,20.61,5,0,1,2,5,1868,602,1065,2097,4128,7102,10465,6253,1589,1140,285,665,,532,,t3_psyward
standard,158,b4,blue,adc,射手,liuxing,standard,1,13,9,1,49007,16084,18811,656.2,9.57,17.52,22.86,5,1,1,2,5,268,508,572,3211,3618,5708,8672,6253,557,1140,,190,,532,,t3_shieldbreaker|t3_rendspear
standard,158,b5,blue,sup,坦克,stoneguard,standard,1,0,5,1,10965,28834,13866,483.7,7.07,12.06,17.08,4,1,2,3,4,825,268,587,1665,4725,7508,10567,6253,398,,285,665,,532,2432,t3_calmveil|t3_thornmail
standard,158,r1,red,top,坦克,tiemu,standard,0,5,1,1,16409,30626,13935,486.1,8.66,15.22,19.34,4,1,1,3,4,190,758,326,1684,3840,6158,9876,6253,867,1710,95,950,,0,,t3_calmveil|t3_thornmail
standard,158,r2,red,jungle,刺客,sting,standard,0,0,4,3,6263,15869,11982,418,8.43,16.93,24.41,3,1,1,2,3,738,973,60,1101,3938,6303,8490,6253,332,,522,,1381,0,,t3_finalstring
standard,158,r3,red,mid,法師,mingyun2,standard,0,1,9,3,25253,18906,12725,443.9,12.26,20.68,26.67,3,0,1,1,3,1352,325,912,815,3612,5655,7412,6253,779,,380,,,0,,t3_psyward
standard,158,r4,red,adc,射手,liuxing,standard,0,15,9,2,48467,17849,19236,671,6.69,14.01,20.61,5,1,2,2,5,595,155,1562,3635,5075,7355,10142,6253,1038,2850,,,,0,,t3_shieldbreaker|t3_rendspear
standard,158,r5,red,sup,坦克,stoneguard,standard,0,1,3,4,9754,33781,14870,518.7,7.24,12.77,18.05,5,1,2,3,5,1020,411,432,1269,4620,7071,10412,6253,478,,142,950,,0,2587,t3_calmveil|t3_thornmail
standard,159,b1,blue,top,坦克,longji,standard,1,0,1,0,9515,21179,9174,401.8,9.03,14.63,,2,1,2,2,2,662,125,393,1943,3612,5975,7623,6253,703,,,285,77,304,,t3_calmveil|t3_thornmail
standard,159,b2,blue,jungle,刺客,yingsi,standard,1,1,3,0,11433,12702,10147,444.4,8.67,16.37,21.94,3,1,1,2,3,862,1476,498,496,4062,7056,8828,6253,361,570,,285,1054,304,,t3_finalstring
standard,159,b3,blue,mid,法師,bingshuang,standard,1,8,3,0,16999,13711,14511,635.5,10.99,17.82,20.58,3,0,1,2,3,1561,234,1641,2611,3821,6434,11041,6253,731,2280,,1472,,304,,t3_psyward
standard,159,b4,blue,adc,射手,shensheng,standard,1,7,2,0,15171,9837,13013,569.9,10.6,14.92,18.95,4,0,2,3,4,1683,320,167,113,3843,7320,11367,6253,1105,3420,,285,,304,,t3_shieldbreaker|t3_rendspear
standard,159,b5,blue,sup,輔助,mingyunyindao,standard,1,0,4,3,3754,15764,12292,538.4,5.79,12.12,15.53,4,1,2,3,4,974,434,1626,842,4674,7464,10666,6253,329,,855,997,,304,1926,t3_calmveil
standard,159,r1,red,top,坦克,longji,standard,0,7,1,1,11513,22164,13178,577.1,6.69,13.48,16.73,4,1,2,3,4,351,345,2090,1027,4201,6975,12020,6253,684,3990,142,950,,0,,t3_calmveil|t3_thornmail
standard,159,r2,red,jungle,刺客,yingsi,standard,0,1,1,6,11980,13794,11163,488.9,8.55,15.53,20.67,3,1,1,2,3,613,813,926,83,4463,6393,9256,6253,266,,1282,,1454,0,,t3_finalstring
standard,159,r3,red,mid,法師,bingshuang,standard,0,4,5,2,15174,13961,10692,468.3,10.67,20.58,22.83,3,0,1,1,3,1447,343,2147,142,3707,5493,8647,6253,969,1140,285,,,0,,t3_psyward
standard,159,r4,red,adc,射手,shensheng,standard,0,1,7,2,11648,9582,9020,395,10.5,20.93,,2,0,1,1,2,1272,147,1181,1700,3432,5227,6861,6253,608,,,,,0,,t3_shieldbreaker|t3_rendspear
standard,159,r5,red,sup,輔助,mingyunyindao,standard,0,0,2,0,3980,16117,10574,463.1,7.44,13.05,16.63,4,1,2,3,4,216,314,956,173,4516,6794,9416,6253,247,,,950,,0,1965,t3_calmveil
standard,160,b1,blue,top,坦克,tixue,standard,0,1,0,0,8431,20452,8521,393.3,8.89,15.02,,2,1,1,2,2,643,758,698,1230,3593,6158,7988,6253,513,570,,348,,304,,t3_calmveil|t3_thornmail
standard,160,b2,blue,jungle,刺客,youming,standard,0,2,3,0,5200,8183,9800,452.3,9.73,15.67,21.63,3,1,1,2,3,453,1218,735,300,3653,6548,9165,6253,253,1140,,348,866,304,,t3_finalstring
standard,160,b3,blue,mid,法師,mingyun2,standard,0,0,3,1,15431,11481,9107,420.3,10.72,17.92,,2,0,1,2,2,1621,284,487,356,3881,6484,8517,6253,1010,,285,665,,304,,t3_psyward
standard,160,b4,blue,adc,射手,liangzicz,standard,0,3,3,1,17491,10995,10723,494.9,9.23,16.88,20.88,3,1,1,2,3,574,334,1003,503,3924,6014,9583,6253,1014,1140,285,585,,304,,t3_shieldbreaker|t3_rendspear
standard,160,b5,blue,sup,坦克,shiqiang,standard,0,1,3,0,4458,20395,10384,479.3,7.28,12.17,17.03,3,1,2,3,3,779,337,332,403,4679,7277,9832,6253,362,570,,427,,304,1915,t3_calmveil|t3_thornmail
standard,160,r1,red,top,坦克,tixue,standard,1,3,0,1,8788,21521,11962,552.1,8.02,13.91,18.66,4,1,2,3,4,966,468,303,311,3916,6418,10333,6253,1083,1140,,1425,102,329,,t3_calmveil|t3_thornmail
standard,160,r2,red,jungle,刺客,youming,standard,1,0,0,0,4573,8794,9004,415.6,8.82,16.77,,2,1,1,2,2,871,590,504,873,4071,5920,8154,6253,247,,,,1324,329,,t3_finalstring
standard,160,r3,red,mid,法師,mingyun2,standard,1,4,2,1,18112,11205,11479,529.8,10.8,17.5,,2,0,1,2,2,1476,382,1149,2078,3736,5712,8999,6253,1054,1140,,475,,76,,t3_psyward
standard,160,r4,red,adc,射手,liangzicz,standard,1,5,4,1,22479,11611,11884,548.5,10.02,16.85,20.88,3,0,1,2,3,1433,141,871,1033,3593,5341,9451,6253,731,1140,285,712,,329,,t3_shieldbreaker|t3_rendspear
standard,160,r5,red,sup,坦克,shiqiang,standard,1,0,1,1,4873,19541,10880,502.2,7.24,12.79,17.48,3,1,2,3,3,992,643,908,900,4592,7423,9988,6253,266,,,712,,76,2680,t3_calmveil|t3_thornmail
standard,161,b1,blue,top,坦克,suishan,standard,0,0,3,0,6648,17231,7906,381.3,8.78,17.53,,2,1,1,2,2,605,529,242,476,3555,5379,7672,6253,715,,,475,,228,,t3_calmveil|t3_thornmail
standard,161,b2,blue,jungle,戰士,rongyan,standard,0,0,2,0,5036,11665,8497,409.8,8.65,19.42,,2,1,1,2,2,732,992,631,267,3832,5872,8211,6253,465,,,237,1027,228,,t3_finalstring|t3_shieldbreaker
standard,161,b3,blue,mid,法師,bingshuang,standard,0,2,3,0,13143,12642,8784,423.7,10.42,18.13,,2,0,1,2,2,2654,181,468,274,4914,6681,8498,6253,877,1140,,,,228,,t3_psyward
standard,161,b4,blue,adc,射手,xingchen,standard,0,4,4,2,13873,10955,10962,528.7,10.41,17.29,20.11,3,0,1,2,3,1956,444,1370,882,4116,6244,10120,6253,646,1710,570,712,,228,,t3_shieldbreaker|t3_rendspear
standard,161,b5,blue,sup,坦克,tixue,standard,0,0,1,0,3947,15563,10014,483,7.22,12.67,19.21,3,1,2,3,3,430,234,580,214,4630,7174,9780,6253,411,,,950,,228,1936,t3_calmveil|t3_thornmail
standard,161,r1,red,top,坦克,suishan,standard,1,4,0,0,7467,16870,10933,527.3,7.32,11.81,18.13,3,1,2,3,3,399,372,1378,1802,4049,7202,10508,6253,479,2280,,1140,51,304,,t3_calmveil|t3_thornmail
standard,161,r2,red,jungle,戰士,rongyan,standard,1,3,0,2,6456,10300,10567,509.7,8.55,18.69,19.98,3,1,1,3,3,738,884,106,667,3838,6364,10006,6253,125,1710,190,190,1233,304,,t3_finalstring|t3_shieldbreaker
standard,161,r3,red,mid,法師,bingshuang,standard,1,0,1,1,11114,11317,8299,400.3,10.63,19.49,,2,0,1,2,2,1374,312,324,449,3634,5762,7874,6253,794,,95,427,,304,,t3_psyward
standard,161,r4,red,adc,射手,xingchen,standard,1,5,4,3,15444,10221,11098,535.3,7.68,16.28,20.11,3,1,1,2,3,166,513,1524,1198,4166,6313,10104,6253,554,2280,285,427,,304,,t3_shieldbreaker|t3_rendspear
standard,161,r5,red,sup,坦克,tixue,standard,1,1,1,5,5311,16023,11353,547.6,7.12,12.2,17.03,3,1,2,3,3,720,446,948,1373,4620,7686,10928,6253,554,570,855,665,,304,1727,t3_calmveil|t3_thornmail
standard,162,b1,blue,top,坦克,stoneguard,standard,0,0,7,0,8540,35708,10930,407.2,8.78,15.92,19.4,4,1,1,3,4,681,545,272,79,3631,5845,8422,6253,639,,,1377,,152,,t3_calmveil|t3_thornmail
standard,162,b2,blue,jungle,戰士,tielian,standard,0,0,7,1,7859,21171,10569,393.7,8.79,18.87,24.73,3,1,1,2,3,626,579,317,718,3726,6009,7847,6253,104,,,190,1146,152,,t3_shieldbreaker|t3_finalstring
standard,162,b3,blue,mid,法師,lieyan,standard,0,2,8,0,19386,18757,11063,412.1,10.99,20.58,,2,0,1,1,2,1257,38,1105,1662,3517,5788,7605,6253,772,,,427,,152,,t3_psyward
standard,162,b4,blue,adc,射手,liangzi,standard,0,8,8,0,30291,13590,14565,542.6,9.53,16.44,21.31,4,1,1,2,4,595,887,586,965,3945,6567,9436,6253,1130,1710,,190,,152,,t3_shieldbreaker|t3_rendspear
standard,162,b5,blue,sup,輔助,linghun,standard,0,0,6,4,6122,26308,13991,521.2,6.23,11.45,17.37,5,1,2,3,5,449,67,705,790,4449,7097,9745,6253,164,,,1140,51,152,1983,t3_calmveil
standard,162,r1,red,top,坦克,stoneguard,standard,1,5,0,1,15261,27378,15506,577.7,9.57,14.68,19.18,5,1,2,3,5,385,106,717,1955,3935,7336,10167,6253,950,1140,,1425,,399,,t3_calmveil|t3_thornmail
standard,162,r2,red,jungle,戰士,tielian,standard,1,4,0,2,14001,19425,14139,526.8,8.96,16.61,21.17,4,1,1,2,4,798,513,1395,1209,3898,5943,9945,6253,411,1710,,,1170,399,,t3_shieldbreaker|t3_finalstring
standard,162,r3,red,mid,法師,lieyan,standard,1,9,3,0,28768,16517,15702,585,9.92,20.05,22.51,4,1,1,1,4,57,197,1824,1871,3907,5797,8324,6253,1102,570,,,,399,,t3_psyward
standard,162,r4,red,adc,射手,liangzi,standard,1,18,6,3,73435,12391,22504,838.4,9.32,16.43,18.55,5,1,1,3,5,319,317,364,6903,3669,5997,11744,6253,769,2850,142,1425,,304,,t3_shieldbreaker|t3_rendspear
standard,162,r5,red,sup,輔助,linghun,standard,1,0,1,3,7929,16971,14831,552.5,6.12,11.52,16.8,5,1,2,3,5,630,623,1548,1631,4630,7353,10778,6253,338,,427,950,,399,2409,t3_calmveil
standard,163,b1,blue,top,坦克,ironclad,standard,0,1,2,2,13630,27169,10989,454.6,8.5,14.11,19.58,3,1,2,3,3,450,134,185,1058,4000,6584,9035,6253,1128,570,285,570,,228,,t3_calmveil|t3_thornmail
standard,163,b2,blue,jungle,戰士,cinderfist,standard,0,1,1,0,10031,17050,10538,435.9,9.43,15.55,22.2,3,1,1,2,3,411,1919,198,508,4161,7049,8748,6253,386,570,,95,1215,228,,t3_shieldbreaker|t3_finalstring
standard,163,b3,blue,mid,法師,shikong,standard,0,4,7,1,19384,16266,11567,478.5,10.69,19.73,23.53,3,0,1,2,3,1485,180,214,1016,3745,5930,7764,6253,1045,,142,95,,228,,t3_psyward
standard,163,b4,blue,adc,射手,shengyan,standard,0,8,2,1,22090,10396,14762,610.6,9.61,16.04,19.51,4,1,1,3,4,332,1327,441,911,3682,7007,10921,6253,734,2850,285,570,,228,,t3_shieldbreaker|t3_rendspear
standard,163,b5,blue,sup,輔助,shiguang,standard,0,1,2,1,6446,19282,11047,457,6.12,11.23,16.68,4,1,2,3,4,1444,571,647,546,5144,7601,9397,6253,201,570,142,95,,228,1907,t3_calmveil
standard,163,r1,red,top,坦克,ironclad,standard,1,0,0,1,12779,25172,11836,489.6,8.49,14.45,20.88,3,1,2,2,3,360,397,1088,2385,3910,6247,8318,6253,1209,,,570,,285,,t3_calmveil|t3_thornmail
standard,163,r2,red,jungle,戰士,cinderfist,standard,1,8,2,0,17494,21119,14750,610.2,8.1,14.67,19.5,4,1,2,3,4,398,280,303,1350,4928,7030,10153,6253,389,1710,,95,1420,285,,t3_shieldbreaker|t3_finalstring
standard,163,r3,red,mid,法師,shikong,standard,1,1,5,1,15230,14076,9895,409.3,10.33,20.02,,2,0,1,1,2,1533,302,1207,494,3793,5902,7707,6253,1263,,,95,,95,,t3_psyward
standard,163,r4,red,adc,射手,shengyan,standard,1,4,8,1,21271,11111,11994,496.1,9.47,19.68,22.48,3,1,1,2,3,357,489,163,1094,3707,5389,7783,6253,769,,,570,,190,,t3_shieldbreaker|t3_rendspear
standard,163,r5,red,sup,輔助,shiguang,standard,1,1,0,4,8998,18280,12680,524.5,5.83,10.64,15.54,4,1,2,3,4,601,489,740,1720,4551,7519,9970,6253,243,570,570,95,,285,1952,t3_calmveil
standard,164,b1,blue,top,坦克,tieshixin,standard,1,1,3,0,11806,31599,11416,431.8,7.93,14.92,19.47,4,1,2,3,4,390,51,407,466,4040,6301,8657,6253,1282,570,,475,,76,,t3_calmveil|t3_thornmail
standard,164,b2,blue,jungle,戰士,chichuan,standard,1,0,5,0,11323,18567,10322,390.4,9.01,19.16,25.12,3,1,1,2,3,885,1172,466,422,3985,5872,7746,6253,218,,,,1198,76,,t3_finalstring|t3_shieldbreaker
standard,164,b3,blue,mid,法師,lieyan,standard,1,3,11,1,17201,18799,12632,477.7,10.87,17.87,24.13,3,0,1,2,3,1523,182,203,532,3783,5512,8733,6253,836,570,285,712,,76,,t3_psyward
standard,164,b4,blue,adc,射手,mirrorshot,standard,1,7,8,1,29966,15545,15106,571.3,10.55,17.37,20.36,4,0,1,2,4,1522,202,1259,1555,3682,5582,10009,6253,1067,1140,285,1187,,76,,t3_shieldbreaker|t3_rendspear
standard,164,b5,blue,sup,坦克,tixue,standard,1,1,3,0,7979,26205,11632,439.9,7.63,13.67,18.13,4,1,2,3,4,670,407,368,272,4570,6907,9348,6253,243,570,,,,76,2204,t3_calmveil|t3_thornmail
standard,164,r1,red,top,坦克,tieshixin,standard,0,2,0,0,13859,24177,12343,466.8,7.45,14.13,18.63,4,1,2,3,4,563,334,232,692,4213,6284,9362,6253,760,1140,,665,68,475,,t3_calmveil|t3_thornmail
standard,164,r2,red,jungle,戰士,chichuan,standard,0,7,0,2,16009,17901,16014,605.6,8.94,12.64,18.87,5,1,2,3,5,1066,801,852,714,4166,8501,11882,6253,386,2850,285,190,1442,475,,t3_finalstring|t3_shieldbreaker
standard,164,r3,red,mid,法師,lieyan,standard,0,9,6,5,24031,18395,16683,630.9,9.23,13.96,19.22,4,1,2,3,4,617,268,594,2282,4467,8118,11624,6253,1285,2280,1140,190,,475,,t3_psyward
standard,164,r4,red,adc,射手,mirrorshot,standard,0,11,6,1,38227,13697,16455,622.3,9.82,17.62,20.93,5,1,1,2,5,205,295,1630,854,3555,6095,9610,6253,696,1710,142,427,,380,,t3_shieldbreaker|t3_rendspear
standard,164,r5,red,sup,坦克,tixue,standard,0,1,0,5,11941,21451,14837,561.1,7.34,13.75,16.27,5,1,2,4,5,294,351,142,1237,4494,7591,11742,6253,291,570,712,902,,475,2537,t3_calmveil|t3_thornmail
standard,165,b1,blue,top,坦克,tiankong,standard,0,0,4,0,7157,21017,8420,389.7,9.13,16.99,20.86,3,1,1,2,3,119,572,276,270,3669,5322,7906,6253,703,,,950,,0,,t3_calmveil|t3_thornmail
standard,165,b2,blue,jungle,戰士,dadi2,standard,0,1,3,0,8746,18073,8899,411.8,9.26,17.27,,2,1,1,2,2,780,1127,487,1198,3880,6257,8187,6253,304,570,,,1060,0,,t3_shieldbreaker|t3_finalstring
standard,165,b3,blue,mid,法師,shikong,standard,0,0,3,0,6078,12557,9218,426.6,10.83,18,,2,0,1,2,2,1352,567,446,518,3612,5417,8096,6253,893,,,950,,0,,t3_psyward
standard,165,b4,blue,adc,射手,hanbing,standard,0,5,4,0,13394,12316,10748,497.4,9.58,18.76,21.1,3,1,1,2,3,272,104,222,847,3622,5484,8372,6253,978,1140,,,,0,,t3_shieldbreaker|t3_rendspear
standard,165,b5,blue,sup,輔助,mantra,standard,0,0,2,0,5085,15653,10651,492.9,6.5,12.61,17.98,4,1,2,3,4,478,278,508,251,4478,6828,9548,6253,199,,,950,51,0,2094,t3_calmveil
standard,165,r1,red,top,坦克,tiankong,standard,1,2,0,0,12948,17141,11986,554.7,9.01,15.27,17.26,3,1,1,3,3,716,1928,1257,2055,3666,7228,11187,6253,899,1140,,2343,,551,,t3_calmveil|t3_thornmail
standard,165,r2,red,jungle,戰士,dadi2,standard,1,5,0,2,14061,13794,12371,572.5,8.98,14.26,19.52,3,1,2,3,3,788,890,440,2341,3888,7640,10470,6253,285,1710,427,443,800,551,,t3_shieldbreaker|t3_finalstring
standard,165,r3,red,mid,法師,shikong,standard,1,2,2,1,14903,13048,10491,485.5,10.48,15.88,,2,0,1,2,2,1542,304,330,1091,3802,6804,9730,6253,1057,1140,285,443,,551,,t3_psyward
standard,165,r4,red,adc,射手,hanbing,standard,1,7,4,2,16338,8947,12977,600.5,10.41,15.35,19.58,3,0,1,3,3,1468,1235,228,1176,3628,6915,11608,6253,623,3420,570,285,,456,,t3_shieldbreaker|t3_rendspear
standard,165,r5,red,sup,輔助,mantra,standard,1,0,0,2,3744,10266,11446,529.7,7.36,12.74,18.27,3,1,2,3,3,301,816,1170,2215,4601,7546,10400,6253,250,,142,760,,551,2443,t3_calmveil
standard,166,b1,blue,top,坦克,tiebi,standard,1,0,1,0,5267,24883,10739,453.4,8.61,15.83,20.56,3,1,1,2,3,757,839,1759,808,3707,6139,8989,6253,969,,,1520,,247,,t3_calmveil|t3_thornmail
standard,166,b2,blue,jungle,戰士,langwang,standard,1,2,6,0,8138,17055,10801,456.1,9.38,16.5,21.3,3,1,1,2,3,703,1222,975,351,3803,6652,9225,6253,389,1140,,253,941,247,,t3_shieldbreaker|t3_finalstring
standard,166,b3,blue,mid,法師,lieyan,standard,1,4,6,1,21667,15375,11601,489.9,10.61,16.6,22.78,3,0,1,2,3,1808,876,283,1051,4068,7376,9333,6253,679,1710,285,253,,152,,t3_psyward
standard,166,b4,blue,adc,射手,xuanfeng,standard,1,4,6,0,23277,9811,11258,475.4,11.16,17.94,22.48,3,0,1,2,3,1471,432,999,307,3631,5512,8619,6253,646,1140,,332,,247,,t3_shieldbreaker|t3_rendspear
standard,166,b5,blue,sup,輔助,huanjing,standard,1,1,2,1,5879,16663,12411,524,6.06,11.44,17.07,4,1,2,4,4,1135,155,252,960,4535,7185,10652,6253,204,570,,1440,,247,1936,t3_calmveil
standard,166,r1,red,top,坦克,tiebi,standard,0,3,0,0,11652,27788,12018,507.4,7.7,13.84,19.47,4,1,2,3,4,319,375,183,467,3869,6225,8733,6253,845,1140,,190,,304,,t3_calmveil|t3_thornmail
standard,166,r2,red,jungle,戰士,langwang,standard,0,4,1,3,12583,19523,12903,544.8,9.13,16.03,19.56,3,1,1,3,3,733,1439,756,1552,3833,6869,10606,6253,342,1710,570,190,1236,304,,t3_shieldbreaker|t3_finalstring
standard,166,r3,red,mid,法師,lieyan,standard,0,6,4,0,16023,14466,13471,568.8,10.32,15.76,20.08,4,0,1,2,4,1523,399,1774,121,3783,6899,11174,6253,1102,2850,,665,,304,,t3_psyward
standard,166,r4,red,adc,射手,xuanfeng,standard,0,8,3,1,22618,10477,14786,624.3,7.78,14.75,20.04,3,1,2,2,3,363,83,1803,4306,4363,7403,10703,6253,864,2280,285,665,51,304,,t3_shieldbreaker|t3_rendspear
standard,166,r5,red,sup,輔助,huanjing,standard,0,0,3,3,5348,20239,12201,515.2,6.45,12.43,16.65,4,1,2,3,4,301,265,1680,1240,4601,6995,10910,6253,304,,855,1140,,304,2054,t3_calmveil
standard,167,b1,blue,top,坦克,shengdun,standard,1,1,1,0,16139,25908,10518,443.5,8.18,14.35,21.52,3,1,2,2,3,247,664,1129,488,3897,6614,8419,6253,912,570,,380,,304,,t3_calmveil|t3_thornmail
standard,167,b2,blue,jungle,戰士,jingci,standard,1,0,1,0,12642,15886,10732,452.5,9.7,18.45,22.79,3,1,1,2,3,123,854,390,652,3923,6334,8390,6253,649,,,380,803,304,,t3_finalstring|t3_shieldbreaker
standard,167,b3,blue,mid,法師,shikong,standard,1,5,4,0,16710,16486,12532,528.4,10.63,18.01,22.57,3,0,1,2,3,1618,733,522,1022,3878,6633,8552,6253,1045,570,,380,,304,,t3_psyward
standard,167,b4,blue,adc,射手,phantom,standard,1,7,2,0,29618,12209,14036,591.8,9.13,16.74,21.53,4,1,1,2,4,332,743,602,816,3682,6123,9182,6253,1105,1140,,380,,304,,t3_shieldbreaker|t3_rendspear
standard,167,b5,blue,sup,坦克,dadi,standard,1,1,2,2,10804,20361,12920,544.8,7.32,13.38,16.23,4,1,2,3,4,76,775,993,719,4576,8015,10973,6253,278,570,285,855,,304,2427,t3_calmveil|t3_thornmail
standard,167,r1,red,top,坦克,shengdun,standard,0,1,0,1,16470,24481,10312,434.8,8.18,15.7,20.02,3,1,1,2,3,285,967,1360,762,3935,6367,8650,6253,1209,570,142,475,,0,,t3_calmveil|t3_thornmail
standard,167,r2,red,jungle,戰士,jingci,standard,0,0,1,0,9185,21020,9462,398.9,8.98,18.02,,2,1,1,2,2,652,537,454,861,3752,5717,7854,6253,411,,,,1189,0,,t3_finalstring|t3_shieldbreaker
standard,167,r3,red,mid,法師,shikong,standard,0,1,5,1,16491,16817,10113,426.4,11.35,18.2,,2,0,1,2,2,1561,387,400,712,3821,5987,8850,6253,1266,570,285,475,,0,,t3_psyward
standard,167,r4,red,adc,射手,phantom,standard,0,7,7,0,22118,12766,12846,541.6,9.03,16.77,21.53,3,1,1,2,3,443,197,671,1045,3793,5997,8771,6253,902,1140,,475,,0,,t3_shieldbreaker|t3_rendspear
standard,167,r5,red,sup,坦克,dadi,standard,0,1,1,1,9435,23003,11289,476,7.41,11.86,17.9,3,1,2,3,3,362,738,497,1309,5162,7518,9997,6253,351,570,142,,,0,2680,t3_calmveil|t3_thornmail
standard,168,b1,blue,top,坦克,shiqiang,standard,1,2,0,1,6415,17654,10122,480.7,8.57,15.27,,2,1,1,2,2,757,682,1281,2832,3707,6082,8571,6253,513,570,,855,,380,,t3_calmveil|t3_thornmail
standard,168,b2,blue,jungle,戰士,embercoil,standard,1,1,1,0,5137,11921,9868,468.6,8.78,19.49,,2,1,1,2,2,205,764,317,1567,4005,6244,8617,6253,354,,,380,1249,380,,t3_finalstring|t3_shieldbreaker
standard,168,b3,blue,mid,法師,xingjie,standard,1,3,1,0,14642,12876,10252,486.8,11.1,17.35,,2,0,1,2,2,1504,499,292,852,3764,6399,9572,6253,848,1710,,380,,380,,t3_psyward
standard,168,b4,blue,adc,射手,yanfeng,standard,1,2,2,1,14635,9441,10239,486.2,9.03,16.04,,2,1,1,2,2,1079,561,783,1659,4429,6361,9363,6253,924,1140,285,380,,380,,t3_shieldbreaker|t3_rendspear
standard,168,b5,blue,sup,坦克,thornwall,standard,1,0,1,1,5142,16314,11670,554.2,7.18,11.69,16.38,3,1,2,3,3,515,439,671,1689,4715,7679,10651,6253,209,,,1330,,380,2478,t3_calmveil|t3_thornmail
standard,168,r1,red,top,坦克,shiqiang,standard,0,2,0,0,8024,20403,9093,431.8,9.53,15.25,20.08,3,1,1,2,3,327,1670,1465,143,4277,7070,8755,6253,734,1140,,475,,152,,t3_calmveil|t3_thornmail
standard,168,r2,red,jungle,戰士,embercoil,standard,0,1,0,0,7378,12391,9077,431,9.39,16.48,,2,1,1,2,2,709,1203,336,476,3809,6683,8636,6253,373,570,,,1287,152,,t3_finalstring|t3_shieldbreaker
standard,168,r3,red,mid,法師,xingjie,standard,0,2,3,1,17458,12272,9492,450.8,9.91,18.46,,2,1,1,2,2,161,513,349,862,4011,6443,8679,6253,848,1140,285,,,152,,t3_psyward
standard,168,r4,red,adc,射手,yanfeng,standard,0,0,4,1,11008,9332,8225,390.6,10.03,20.93,,2,0,1,1,2,1367,485,2087,125,3527,5265,7887,6253,484,,285,712,,152,,t3_shieldbreaker|t3_rendspear
standard,168,r5,red,sup,坦克,thornwall,standard,0,0,1,1,3599,16088,10494,498.3,7.35,13.62,17.78,3,1,2,3,3,692,997,776,514,4592,7777,10156,6253,256,,285,712,30,152,2465,t3_calmveil|t3_thornmail
standard,169,b1,blue,top,坦克,tiemu,standard,1,1,3,1,16596,38429,14384,473.1,8.93,13.89,17.82,4,1,2,3,4,922,194,135,2183,3872,6874,9515,6253,1038,570,,1425,,228,,t3_calmveil|t3_thornmail
standard,169,b2,blue,jungle,戰士,hunpo,standard,1,1,7,1,11804,17182,12953,426.1,10.04,18.06,26.76,3,0,1,2,3,1761,832,124,573,3971,6332,8174,6253,345,,285,,1062,228,,t3_psyward
standard,169,b3,blue,mid,法師,auralith,standard,1,4,6,0,21853,20096,14577,479.5,10.53,18.27,26.11,4,0,1,2,4,1580,472,421,796,3840,6022,8701,6253,1016,570,,633,,228,,t3_psyward
standard,169,b4,blue,adc,射手,siwang,standard,1,16,12,0,68595,17675,20410,671.4,9.34,19.23,22.17,5,1,1,2,5,452,347,311,4809,3802,5727,7931,6253,722,570,,158,,228,,t3_shieldbreaker|t3_rendspear
standard,169,b5,blue,sup,輔助,shengming,standard,1,2,5,3,10549,27295,14486,476.5,7.33,11.55,15.35,5,1,2,3,5,750,734,1251,1285,4750,7764,10291,6253,449,1140,285,158,,228,1777,t3_calmveil
standard,169,r1,red,top,坦克,tiemu,standard,0,7,1,1,19014,37188,16874,555.1,8.19,14.07,19.83,5,1,2,3,5,938,163,463,3274,3888,6363,9963,6253,1086,1140,142,950,68,323,,t3_calmveil|t3_thornmail
standard,169,r2,red,jungle,戰士,hunpo,standard,0,7,4,4,25252,18098,18036,593.3,9.84,16.64,21.14,5,1,1,2,5,541,407,1001,1986,4341,6807,10301,6253,532,1140,427,,1625,323,,t3_psyward
standard,169,r3,red,mid,法師,auralith,standard,0,3,8,0,19607,21952,13525,444.9,10.39,20.45,27.39,3,0,1,1,3,1485,346,1114,1095,3745,5626,7564,6253,1083,,,,,228,,t3_psyward
standard,169,r4,red,adc,射手,siwang,standard,0,15,9,0,58194,18476,20711,681.3,9.38,17.08,20.38,5,1,1,2,5,265,796,1308,5110,3615,5876,10208,6253,877,2280,,475,,323,,t3_shieldbreaker|t3_rendspear
standard,169,r5,red,sup,輔助,shengming,standard,0,1,2,8,11618,21765,15218,500.6,6.83,12.15,16.98,5,1,2,3,5,194,469,1224,2017,4494,7499,9684,6253,335,570,285,,,323,1917,t3_calmveil
standard,170,b1,blue,top,坦克,dadi,standard,1,1,2,0,9147,22480,9568,409.3,8.27,15.3,21.48,3,1,1,2,3,657,1307,1010,138,3607,6457,8300,6253,736,570,,285,,456,,t3_calmveil|t3_thornmail
standard,170,b2,blue,jungle,戰士,leimingcf,standard,1,2,2,1,12300,17056,11071,473.6,8.82,16.08,20.77,3,1,1,2,3,660,1541,1093,520,4460,7021,9693,6253,313,1140,285,285,959,456,,t3_finalstring|t3_shieldbreaker
standard,170,b3,blue,mid,法師,xingjie,standard,1,4,5,0,19536,14441,12917,552.6,10.75,17.77,20.85,3,0,1,2,3,1713,306,159,836,3973,6206,9559,6253,1187,1140,,522,,456,,t3_psyward
standard,170,b4,blue,adc,射手,maestro,standard,1,5,4,0,26588,12701,12831,548.9,9.44,16.15,20.51,3,1,1,2,3,737,966,1369,1031,4087,6766,9949,6253,532,1710,,997,,456,,t3_shieldbreaker|t3_rendspear
standard,170,b5,blue,sup,坦克,shiqiang,standard,1,1,0,1,6447,20995,11966,511.9,6.77,11.2,16.45,4,1,2,3,4,850,843,718,365,5300,8083,10698,6253,422,570,285,285,,456,2425,t3_calmveil|t3_thornmail
standard,170,r1,red,top,坦克,dadi,standard,0,1,0,0,11277,23101,10301,440.7,8.99,16.14,19.52,3,1,1,3,3,76,476,169,711,3726,5626,8419,6253,1045,570,,475,,76,,t3_calmveil|t3_thornmail
standard,170,r2,red,jungle,戰士,leimingcf,standard,0,1,2,1,8256,19341,10308,441,9.17,17.46,22.27,3,1,1,2,3,68,1078,674,408,4168,5958,8904,6253,430,570,285,,1289,76,,t3_finalstring|t3_shieldbreaker
standard,170,r3,red,mid,法師,xingjie,standard,0,1,7,0,15771,13841,9516,407.1,10.78,19.76,,2,0,1,2,2,1314,510,298,515,3574,5360,8128,6253,753,570,,475,,76,,t3_psyward
standard,170,r4,red,adc,射手,maestro,standard,0,10,4,1,30211,13577,14475,619.2,8.38,16.23,19.55,4,1,1,3,4,813,430,727,924,4163,5930,10807,6253,772,3420,285,,,76,,t3_shieldbreaker|t3_rendspear
standard,170,r5,red,sup,坦克,shiqiang,standard,0,0,0,2,7386,23532,11923,510.1,6.66,12.77,17.32,4,1,2,3,4,439,370,1075,142,4639,7470,10655,6253,494,,570,950,,76,2311,t3_calmveil|t3_thornmail
standard,171,b1,blue,top,坦克,tixue,standard,0,1,2,0,6674,26457,9486,410.8,8.38,14.4,20.68,3,1,2,2,3,833,313,954,475,3783,6263,8384,6253,801,570,,570,,190,,t3_calmveil|t3_thornmail
standard,171,b2,blue,jungle,刺客,jiansheng,standard,0,0,5,0,4960,10221,9063,392.5,8.99,17.66,,2,1,1,2,2,591,612,250,632,3791,5942,7900,6253,285,,,95,1077,190,,t3_finalstring
standard,171,b3,blue,mid,法師,auralith,standard,0,1,6,1,13552,14787,10702,463.4,11.63,16.65,21.55,3,0,1,2,3,1504,511,575,551,3764,6291,8755,6253,1171,,285,1045,,0,,t3_psyward
standard,171,b4,blue,adc,射手,liuxing,standard,0,3,6,0,14578,13276,10629,460.3,9.96,17.63,22.71,3,1,1,2,3,165,168,270,129,3515,5548,7790,6253,630,570,,95,51,190,,t3_shieldbreaker|t3_rendspear
standard,171,b5,blue,sup,坦克,stoneguard,standard,0,1,3,0,5288,21556,11791,510.6,7.7,13.03,16.56,4,1,2,3,4,673,934,1024,591,4573,8174,10804,6253,303,570,,1045,102,190,2339,t3_calmveil|t3_thornmail
standard,171,r1,red,top,坦克,tixue,standard,1,4,1,1,11012,23162,13029,564.2,8.81,13.42,17.62,4,1,2,3,4,270,329,1905,779,4220,7159,11035,6253,677,1710,,1995,,399,,t3_calmveil|t3_thornmail
standard,171,r2,red,jungle,刺客,jiansheng,standard,1,2,0,1,5348,8486,11806,511.2,8.6,15.05,21,3,1,1,2,3,766,1690,1547,1105,3966,7020,9677,6253,269,570,285,213,1687,399,,t3_finalstring
standard,171,r3,red,mid,法師,auralith,standard,1,4,2,2,24383,15580,11892,515,10.35,17.4,22.7,3,0,1,2,3,2150,719,349,292,4410,7219,9399,6253,1060,1140,427,213,,304,,t3_psyward
standard,171,r4,red,adc,射手,liuxing,standard,1,11,3,1,30084,11064,16259,704.1,7.53,14.38,18.21,5,1,2,3,5,411,506,589,659,4711,7406,12389,6253,1010,3990,285,451,,399,,t3_shieldbreaker|t3_rendspear
standard,171,r5,red,sup,坦克,stoneguard,standard,1,1,0,4,6340,19070,13078,566.4,7.24,13.27,17.32,4,1,2,3,4,818,334,1223,878,4718,7274,11203,6253,440,570,712,926,26,399,1875,t3_calmveil|t3_thornmail
standard,172,b1,blue,top,坦克,suishan,standard,0,0,1,1,6390,21228,8077,396.4,9.25,14.59,,2,1,2,2,2,770,150,627,747,3720,6000,7957,6253,943,,285,475,,0,,t3_calmveil|t3_thornmail
standard,172,b2,blue,jungle,刺客,youming,standard,0,0,5,0,2367,8887,8007,393,9.38,17.66,,2,1,1,2,2,697,348,354,576,3897,5928,7784,6253,304,,,,1226,0,,t3_finalstring
standard,172,b3,blue,mid,法師,xingjie,standard,0,1,6,1,9025,12822,8435,414,11.53,17.95,,2,0,1,2,2,1352,182,185,34,3612,5332,8315,6253,731,570,285,475,,0,,t3_psyward
standard,172,b4,blue,adc,射手,shensheng,standard,0,2,4,0,12216,10960,9674,474.8,9.57,18.61,,2,1,1,2,2,262,384,1103,1223,3612,5284,9553,6253,684,1140,,1425,51,0,,t3_shieldbreaker|t3_rendspear
standard,172,b5,blue,sup,輔助,mingyunyindao,standard,0,0,1,0,3993,13438,8760,429.9,6.44,12.61,17.92,3,1,2,3,3,192,645,479,599,4492,6895,8639,6253,224,,,,17,0,2144,t3_calmveil
standard,172,r1,red,top,坦克,suishan,standard,1,1,0,0,8116,15720,8905,437.1,7.89,13.76,19.98,3,1,2,3,3,376,559,235,355,3926,6709,8785,6253,1121,570,,308,,532,,t3_calmveil|t3_thornmail
standard,172,r2,red,jungle,刺客,youming,standard,1,3,2,0,5284,7184,10345,507.7,8.81,16.59,,2,1,1,2,2,648,612,3095,3215,3848,6192,10225,6253,304,1710,,308,1117,532,,t3_finalstring
standard,172,r3,red,mid,法師,xingjie,standard,1,2,1,2,14643,11122,10819,531,9.83,17.02,20.04,3,1,1,2,3,85,342,1299,269,3935,6842,10699,6253,1064,1140,570,1140,,532,,t3_psyward
standard,172,r4,red,adc,射手,shensheng,standard,1,11,0,1,25509,8263,15042,738.3,8.44,13.47,17.67,4,1,2,4,4,775,1119,1072,1192,4125,8419,14922,6253,798,6270,285,783,,532,,t3_shieldbreaker|t3_rendspear
standard,172,r5,red,sup,輔助,mingyunyindao,standard,1,0,0,1,3651,9817,10918,535.9,5.83,12.53,17.71,3,1,2,3,3,1211,532,1758,1878,4611,7012,10798,6253,209,,285,1733,,532,1785,t3_calmveil
standard,173,b1,blue,top,戰士,greymantle,standard,0,0,5,0,10519,25222,8133,350.4,9.53,19.38,,2,1,1,2,2,443,218,213,432,3593,5398,7013,6253,684,,,,,76,,t3_shieldbreaker|t3_finalstring
standard,173,b2,blue,jungle,刺客,yueying,standard,0,0,6,0,4936,11931,9046,389.8,8.84,17.29,,2,1,1,2,2,833,697,675,966,4033,5977,7805,6253,364,,,,1111,76,,t3_finalstring
standard,173,b3,blue,mid,法師,gambler,standard,0,3,4,0,13120,13087,10733,462.5,10.21,17.81,22.85,3,0,1,2,3,1659,521,230,283,3919,6251,8360,6253,934,570,,475,51,76,,t3_psyward
standard,173,b4,blue,adc,射手,liangzicz,standard,0,5,8,0,19241,10952,11015,474.6,8.95,18.45,22.58,3,1,1,2,3,446,145,941,995,3796,5525,8261,6253,741,1140,,,51,76,,t3_shieldbreaker|t3_rendspear
standard,173,b5,blue,sup,輔助,mingyun,standard,0,0,3,1,5615,20236,12494,538.3,7.35,11.75,15.53,4,1,2,4,4,409,316,313,1043,4709,7046,11013,6253,354,,,1900,,76,2429,t3_calmveil
standard,173,r1,red,top,戰士,greymantle,standard,1,9,1,0,19738,24971,15663,674.9,8.68,14.81,18.12,5,1,2,3,5,570,143,1501,363,3720,6943,12301,6253,1013,3990,,665,,380,,t3_shieldbreaker|t3_finalstring
standard,173,r2,red,jungle,刺客,yueying,standard,1,1,0,2,6100,10366,11340,488.6,8.86,15.16,20.33,3,1,1,2,3,769,1772,1396,1689,3969,6702,9726,6253,275,570,570,190,1487,380,,t3_finalstring
standard,173,r3,red,mid,法師,gambler,standard,1,8,4,0,17869,13348,14175,610.8,10.57,18.45,21.51,3,0,1,2,3,1485,275,1966,1694,3745,6025,9996,6253,988,1710,,665,,380,,t3_psyward
standard,173,r4,red,adc,射手,liangzicz,standard,1,7,3,2,23182,10388,13367,576,9.19,16.27,20.63,4,1,1,2,4,927,725,1285,467,4277,6405,9835,6253,874,1710,427,190,,380,,t3_shieldbreaker|t3_rendspear
standard,173,r5,red,sup,輔助,mingyun,standard,1,1,0,2,3639,15279,11743,506,5.86,13.52,15.78,4,1,2,3,4,241,638,880,1042,4541,7668,9920,6253,307,570,427,190,,380,1792,t3_calmveil
standard,174,b1,blue,top,戰士,ravager,standard,0,0,2,1,7562,27225,8723,386.7,9.32,17.42,,2,1,1,2,2,443,206,238,443,3593,5436,7868,6253,779,,285,475,,76,,t3_shieldbreaker|t3_finalstring
standard,174,b2,blue,jungle,刺客,yeiren,standard,0,0,5,0,4808,9976,8810,390.5,8.57,17.75,,2,1,1,2,2,620,839,410,679,3820,5819,7890,6253,294,,,,1266,76,,t3_finalstring
standard,174,b3,blue,mid,法師,ronghuo,standard,0,1,7,0,15367,14638,9117,404.1,10.68,18.02,,2,0,1,2,2,1403,195,412,236,3663,5525,8242,6253,817,570,,475,51,76,,t3_psyward
standard,174,b4,blue,adc,射手,xingchen,standard,0,2,6,0,11386,10643,9930,440.2,10.16,20.29,,2,0,1,1,2,1405,75,1185,1349,3565,5275,6985,6253,655,,,,,76,,t3_shieldbreaker|t3_rendspear
standard,174,b5,blue,sup,坦克,tixue,standard,0,1,3,0,3709,18695,10789,478.3,6.57,12.07,15.86,3,1,2,3,3,1020,341,373,1209,4620,8021,9953,6253,266,570,,475,,76,2313,t3_calmveil|t3_thornmail
standard,174,r1,red,top,戰士,ravager,standard,1,5,0,0,10648,21641,13321,590.5,8.98,15.24,21.24,3,1,1,2,3,405,1420,1245,1871,3555,6950,9895,6253,715,1710,,760,,456,,t3_shieldbreaker|t3_finalstring
standard,174,r2,red,jungle,刺客,yeiren,standard,1,4,0,1,7342,9771,12918,572.6,9.02,13.4,20.43,4,1,2,2,4,788,746,2491,417,3988,7746,10871,6253,354,1710,285,522,1289,456,,t3_finalstring
standard,174,r3,red,mid,法師,ronghuo,standard,1,4,1,3,19986,10274,12371,548.4,11.23,17.4,21.14,3,0,1,2,3,1523,271,742,1521,3783,6171,10142,6253,1057,1710,380,285,,456,,t3_psyward
standard,174,r4,red,adc,射手,xingchen,standard,1,9,3,4,25298,10124,14569,645.8,10.38,15.48,18.07,4,0,1,3,4,1937,1317,603,1348,4097,6997,12403,6253,611,3990,807,285,,456,,t3_shieldbreaker|t3_rendspear
standard,174,r5,red,sup,坦克,tixue,standard,1,1,0,4,5601,14804,12010,532.4,7.16,13.01,16.18,3,1,2,3,3,180,472,852,2029,4630,7412,10832,6253,262,570,807,522,51,456,1908,t3_calmveil|t3_thornmail
standard,175,b1,blue,top,戰士,dadi2,standard,1,3,5,2,13581,32865,13379,528.8,8.66,17.65,22.09,4,1,1,2,4,519,455,284,499,3669,5455,8514,6253,760,1140,,95,,266,,t3_shieldbreaker|t3_finalstring
standard,175,b2,blue,jungle,刺客,duskblade,standard,1,1,5,1,8784,13791,10858,429.2,9.51,17.63,23.58,3,1,1,2,3,833,476,297,627,4033,6056,8027,6253,304,,,95,1109,266,,t3_finalstring
standard,175,b3,blue,mid,法師,gambler,standard,1,5,9,2,13839,16254,12857,508.2,11.08,19.02,22.44,3,0,1,2,3,1428,292,627,756,3688,5322,8277,6253,665,570,427,95,,266,,t3_psyward
standard,175,b4,blue,adc,射手,liangzi,standard,1,12,11,0,33297,12665,16957,670.2,9.63,18.42,20.53,5,1,1,2,5,308,299,1072,1357,3658,5499,9622,6253,883,2280,,95,34,76,,t3_shieldbreaker|t3_rendspear
standard,175,b5,blue,sup,輔助,linghun,standard,1,2,3,3,8663,21874,13258,524,6.63,11.26,14.71,5,1,3,4,5,1219,274,734,57,5219,7974,11134,6253,237,1140,427,570,,266,2240,t3_calmveil
standard,175,r1,red,top,戰士,dadi2,standard,0,14,3,0,23777,30621,18507,731.5,8.64,12.85,16.62,5,1,2,3,5,9,309,1573,3206,5009,8309,12973,6253,978,4560,,902,51,228,,t3_shieldbreaker|t3_finalstring
standard,175,r2,red,jungle,刺客,duskblade,standard,0,3,4,3,13751,14460,12908,510.2,8.65,13.71,19.53,3,1,2,3,3,889,813,339,1827,4089,7463,9989,6253,316,1140,570,190,1291,228,,t3_finalstring
standard,175,r3,red,mid,法師,gambler,standard,0,8,5,2,22068,15019,15963,631,10.43,16.1,21.42,4,0,1,2,4,1457,751,881,1563,3717,7251,10281,6253,1187,1710,,902,,228,,t3_psyward
standard,175,r4,red,adc,射手,liangzi,standard,0,7,8,2,21010,11500,13332,527,9.09,18.18,21.38,4,1,1,2,4,604,545,791,431,3954,6225,9341,6253,532,1710,427,190,,228,,t3_shieldbreaker|t3_rendspear
standard,175,r5,red,sup,輔助,linghun,standard,0,1,3,4,9041,14991,12674,500.9,6.23,11.62,14.73,4,1,3,3,4,525,265,1074,1223,4525,8265,10114,6253,215,570,427,190,,228,2229,t3_calmveil
standard,176,b1,blue,top,戰士,ronggang,standard,0,2,4,1,19577,38446,13200,445.8,9.5,18.2,23.71,4,1,1,2,4,595,479,569,219,3745,5959,7669,6253,788,,,475,,152,,t3_shieldbreaker|t3_finalstring
standard,176,b2,blue,jungle,刺客,binghe,standard,0,1,4,1,7015,14159,12708,429.2,9.13,17.11,25.08,3,1,1,2,3,627,1231,843,1627,3827,6331,8273,6253,323,570,,,974,152,,t3_finalstring
standard,176,b3,blue,mid,法師,ronghuo,standard,0,11,7,1,29146,22163,18349,619.7,10.11,17.33,22.69,5,0,1,2,5,1849,360,810,2198,4109,6560,9790,6253,1152,1140,142,950,,152,,t3_psyward
standard,176,b4,blue,adc,射手,shengyan,standard,0,16,10,2,71858,16762,20411,689.4,9.07,17.98,20.33,5,1,1,2,5,817,320,1128,4810,4167,6000,10028,6253,1007,2280,285,,51,152,,t3_shieldbreaker|t3_rendspear
standard,176,b5,blue,sup,輔助,shiguang,standard,0,2,3,5,13879,22918,16173,546.2,5.93,11.22,15.66,5,1,2,3,5,404,667,1602,2973,5254,7697,10642,6253,338,570,427,950,,152,1950,t3_calmveil
standard,176,r1,red,top,戰士,ronggang,standard,1,4,4,2,21564,42239,15739,531.6,9.45,15.72,20.72,5,1,1,2,5,595,1121,937,439,3745,6601,9537,6253,950,1140,427,285,,481,,t3_shieldbreaker|t3_finalstring
standard,176,r2,red,jungle,刺客,binghe,standard,1,3,5,1,14462,19413,14283,482.4,7.87,15.32,20.33,4,1,1,2,4,865,1039,1754,932,4065,6619,9784,6253,171,1140,285,285,1422,228,,t3_finalstring
standard,176,r3,red,mid,法師,ronghuo,standard,1,8,8,1,23222,22472,15920,537.7,11.69,20.16,22.8,4,0,1,1,4,1371,122,2267,1519,3631,6022,8767,6253,1035,570,142,285,,481,,t3_psyward
standard,176,r4,red,adc,射手,shengyan,standard,1,12,10,0,38103,16623,17766,600,10.88,16.88,21.47,5,0,1,2,5,1338,1072,868,2166,3498,6272,9768,6253,722,2280,,285,,228,,t3_shieldbreaker|t3_rendspear
standard,176,r5,red,sup,輔助,shiguang,standard,1,1,5,8,10388,25077,15499,523.5,6.52,11.96,15.6,5,1,2,3,5,202,870,1482,2298,4502,7900,10522,6253,161,570,855,285,14,481,1901,t3_calmveil
standard,177,b1,blue,top,戰士,jingci,standard,0,2,3,0,10142,24740,10168,454.3,6.92,15.62,21.63,3,1,1,2,3,274,1255,1127,518,4904,6785,9407,6253,893,1140,,950,,171,,t3_shieldbreaker|t3_finalstring
standard,177,b2,blue,jungle,刺客,shanying,standard,0,1,4,0,7093,12845,10012,447.3,8.46,14.78,,2,1,2,2,2,691,318,734,1631,3891,7018,9114,6253,516,570,,475,1128,171,,t3_finalstring
standard,177,b3,blue,mid,法師,gambler,standard,0,2,6,0,13329,15123,9370,418.6,10.48,18.88,,2,0,1,2,2,1561,197,759,290,3821,5797,8609,6253,1045,1140,,,,171,,t3_psyward
standard,177,b4,blue,adc,射手,mirrorshot,standard,0,1,6,1,12253,10561,9114,407.2,8.91,19.53,,2,1,1,2,2,652,537,1296,213,4002,5617,8296,6253,1111,570,285,,,76,,t3_shieldbreaker|t3_rendspear
standard,177,b5,blue,sup,坦克,dadi,standard,0,0,4,0,3830,19915,10969,490,6.35,12.94,17.44,3,1,2,3,3,455,725,388,588,4655,7505,10188,6253,234,,,950,,171,2579,t3_calmveil|t3_thornmail
standard,177,r1,red,top,戰士,jingci,standard,1,6,0,1,13470,22309,12965,579.2,8.4,16.05,19.99,3,1,1,3,3,659,1018,183,1515,3809,6548,10133,6253,940,2280,,190,51,418,,t3_shieldbreaker|t3_finalstring
standard,177,r2,red,jungle,刺客,shanying,standard,1,2,0,3,5830,10560,11139,497.7,9.03,15.42,20.92,3,1,1,2,3,577,833,398,1439,3777,6463,8778,6253,269,570,142,190,935,418,,t3_finalstring
standard,177,r3,red,mid,法師,gambler,standard,1,2,3,1,10415,11723,10708,478.4,10.43,18.78,,2,0,1,2,2,1517,515,862,1308,3777,6415,8712,6253,836,570,142,665,17,228,,t3_psyward
standard,177,r4,red,adc,射手,mirrorshot,standard,1,12,2,4,32188,9967,16769,749.2,11.91,14.11,16.82,4,0,2,3,4,2032,551,2118,2919,4192,7551,13918,6253,769,5700,570,190,17,418,,t3_shieldbreaker|t3_rendspear
standard,177,r5,red,sup,坦克,dadi,standard,1,1,1,2,5251,17602,12432,555.4,6.93,12.33,16.58,4,1,2,3,4,85,447,798,1132,4585,7687,10778,6253,604,570,,1140,,418,1792,t3_calmveil|t3_thornmail
standard,178,b1,blue,top,戰士,longyi,standard,1,2,2,0,9136,22174,9707,429,7.18,16.85,,2,1,1,2,2,440,888,384,1427,4290,6418,8014,6253,734,570,,190,,266,,t3_shieldbreaker|t3_finalstring
standard,178,b2,blue,jungle,刺客,dianguang,standard,1,0,4,0,6219,10801,9190,406.2,8.57,17.02,,2,1,1,2,2,636,939,273,1059,3836,6089,8053,6253,316,,,190,1027,266,,t3_finalstring
standard,178,b3,blue,mid,法師,ronghuo,standard,1,1,5,0,10917,13479,10429,461,11.15,17.81,,2,0,1,2,2,1498,195,345,1349,3758,6095,8375,6253,810,570,,665,,76,,t3_psyward
standard,178,b4,blue,adc,射手,hanbing,standard,1,4,4,0,18283,9847,10838,479,10.44,17.81,22.31,3,0,1,2,3,1509,445,999,518,3669,5645,8619,6253,532,1140,,427,,266,,t3_shieldbreaker|t3_rendspear
standard,178,b5,blue,sup,坦克,ironclad,standard,1,1,4,1,4854,20845,11950,528.2,6.65,12.68,17.19,4,1,2,3,4,747,667,504,570,5247,7907,10884,6253,228,570,285,902,,266,2379,t3_calmveil|t3_thornmail
standard,178,r1,red,top,戰士,longyi,standard,0,8,0,2,14880,21815,15117,668.2,9.45,12.98,18.06,4,1,2,3,4,576,289,1024,1617,3726,8039,12474,6253,1064,2850,427,1520,17,342,,t3_shieldbreaker|t3_finalstring
standard,178,r2,red,jungle,刺客,dianguang,standard,0,2,2,7,8433,9925,12531,553.9,8.75,13.95,21.58,3,1,2,2,3,9,646,2621,1401,4209,7646,11001,6253,285,1140,997,95,1887,342,,t3_finalstring
standard,178,r3,red,mid,法師,ronghuo,standard,0,5,1,2,21417,13178,11851,523.8,11.24,17.2,22.08,3,0,1,2,3,1409,167,296,421,3669,6367,9046,6253,1073,1140,142,95,,342,,t3_psyward
standard,178,r4,red,adc,射手,hanbing,standard,0,3,5,1,12811,9548,10056,444.4,10.11,19.11,,2,0,1,2,2,1272,432,925,1155,3432,5512,7925,6253,570,570,285,95,,152,,t3_shieldbreaker|t3_rendspear
standard,178,r5,red,sup,坦克,ironclad,standard,0,1,0,3,5201,17170,12253,541.6,7.08,12.63,16.42,4,1,2,3,4,335,506,827,653,4535,7746,10807,6253,275,570,427,570,,342,2368,t3_calmveil|t3_thornmail
standard,179,b1,blue,top,戰士,chichuan,standard,0,5,1,0,13737,31151,13309,530.1,8.84,14.97,17.18,4,1,2,3,4,681,288,707,328,3831,7688,11507,6253,940,2850,,1140,,323,,t3_shieldbreaker|t3_finalstring
standard,179,b2,blue,jungle,刺客,wuxing,standard,0,1,1,1,8227,15124,10990,437.7,8.46,16.04,21.84,3,1,1,2,3,108,1011,579,560,3958,6591,8909,6253,228,570,285,190,933,449,,t3_finalstring
standard,179,b3,blue,mid,法師,haixiao,standard,0,3,9,2,17753,16777,11697,465.9,10.28,18.55,23.51,3,0,1,2,3,1751,448,244,96,4011,6348,8574,6253,779,570,427,190,,354,,t3_psyward
standard,179,b4,blue,adc,射手,xuanfeng,standard,0,11,10,0,31015,13643,16102,641.3,10.39,17.04,20.1,4,0,1,2,4,1614,716,2037,2251,3774,6396,10937,6253,845,2850,,665,,323,,t3_shieldbreaker|t3_rendspear
standard,179,b5,blue,sup,輔助,xuemai,standard,0,0,3,2,4790,18955,10940,435.7,6.32,12.59,17.23,4,1,2,3,4,1520,383,728,239,4620,7113,9308,6253,171,,427,190,26,449,1790,t3_calmveil
standard,179,r1,red,top,戰士,chichuan,standard,1,2,1,0,10740,31620,11982,477.2,8.5,18.19,21.93,3,1,1,2,3,576,199,1380,581,3726,5379,8780,6253,760,1140,,475,,152,,t3_shieldbreaker|t3_finalstring
standard,179,r2,red,jungle,刺客,wuxing,standard,1,2,2,1,8940,12796,12387,493.3,8.25,16.11,20.85,3,1,1,2,3,292,1408,893,1306,4142,6338,9223,6253,285,570,285,,1678,152,,t3_finalstring
standard,179,r3,red,mid,法師,haixiao,standard,1,7,7,2,20695,18009,14196,565.4,8.53,17.16,21.63,3,1,1,2,3,541,353,794,1716,4391,6253,9544,6253,1140,1140,570,237,51,152,,t3_psyward
standard,179,r4,red,adc,射手,xuanfeng,standard,1,13,9,1,37373,11820,16501,657.2,8.06,16.11,20.1,5,1,1,2,5,291,782,2379,900,4771,6462,11279,6253,741,3990,142,,,152,,t3_shieldbreaker|t3_rendspear
standard,179,r5,red,sup,輔助,xuemai,standard,1,0,1,2,7378,15268,12556,500.1,7.08,12.08,16.27,4,1,2,3,4,563,208,903,1106,4563,6938,9943,6253,418,,142,712,,152,2265,t3_calmveil
standard,180,b1,blue,top,戰士,dushe,standard,0,2,1,2,13815,26419,11580,478,8.46,16.04,21.38,3,1,1,2,3,690,1369,985,549,3840,6899,9635,6253,893,1140,142,902,,304,,t3_shieldbreaker|t3_finalstring
standard,180,b2,blue,jungle,刺客,voidrift,standard,0,3,5,2,11170,14603,12326,508.8,9.38,15.93,21.44,3,1,1,2,3,731,1094,797,1195,3931,6724,9177,6253,418,570,142,427,1061,304,,t3_finalstring
standard,180,b3,blue,mid,法師,leiming,standard,0,4,5,1,18757,16894,11697,482.8,10.63,15.15,23.49,3,0,1,2,3,1400,1131,538,846,3660,7631,9588,6253,845,1710,285,190,,304,,t3_psyward
standard,180,b4,blue,adc,射手,phantom,standard,0,5,5,1,19861,11983,12115,500.1,9.07,19.38,22.52,3,1,1,2,3,319,484,805,314,3669,5864,8125,6253,807,570,,190,,304,,t3_shieldbreaker|t3_rendspear
standard,180,b5,blue,sup,坦克,longji,standard,0,3,1,1,8434,22368,13378,552.2,6.73,12.3,16.4,4,1,2,3,4,447,1304,941,1178,5247,8544,10921,6253,266,1140,,665,,304,2292,t3_calmveil|t3_thornmail
standard,180,r1,red,top,戰士,dushe,standard,1,2,2,2,14390,28186,12561,518.5,8.53,16.64,21.15,3,1,1,2,3,199,305,396,1111,4049,5835,9046,6253,1235,570,570,190,,228,,t3_shieldbreaker|t3_finalstring
standard,180,r2,red,jungle,刺客,voidrift,standard,1,1,2,0,11427,12540,11048,456.1,8.48,16.88,21.76,3,1,1,2,3,464,991,798,568,4364,6321,9178,6253,323,570,,190,1614,228,,t3_finalstring
standard,180,r3,red,mid,法師,leiming,standard,1,6,3,0,21789,14744,13359,551.5,9.96,18.27,21.36,3,1,1,2,3,114,225,335,1159,3964,6405,9635,6253,1254,1710,,190,,228,,t3_psyward
standard,180,r4,red,adc,射手,phantom,standard,1,7,9,3,31056,13554,14889,614.6,9.77,17.29,20.36,4,1,1,2,4,414,1087,1977,1038,3764,5987,10557,6253,940,1710,285,1140,,228,,t3_shieldbreaker|t3_rendspear
standard,180,r5,red,sup,坦克,longji,standard,1,1,1,2,6600,20350,12173,502.5,7.93,13.01,17.2,4,1,2,3,4,352,174,847,373,4552,6974,10387,6253,389,570,285,190,17,228,2454,t3_calmveil|t3_thornmail
standard,181,b1,blue,top,戰士,fengbao,standard,0,1,6,0,9338,31231,9603,398.1,8.31,18.42,,2,1,1,2,2,576,564,330,1373,3726,6044,8210,6253,760,570,,475,,152,,t3_shieldbreaker|t3_finalstring
standard,181,b2,blue,jungle,戰士,hunpo,standard,0,0,4,1,5606,11262,9738,403.6,10.13,18.91,,2,0,1,2,2,1715,490,19,707,3925,6040,7999,6253,361,,,,1232,152,,t3_psyward
standard,181,b3,blue,mid,法師,haixiao,standard,0,2,8,0,16678,16771,10012,415,10.57,18.48,,2,0,1,2,2,1580,64,588,931,3840,5664,8438,6253,893,1140,,,,152,,t3_psyward
standard,181,b4,blue,adc,射手,yanfeng,standard,0,8,7,1,26819,11503,13876,575.2,10.13,18.03,21.28,3,0,1,2,3,1474,686,270,2275,3634,5766,9120,6253,763,1140,285,475,51,152,,t3_shieldbreaker|t3_rendspear
standard,181,b5,blue,sup,坦克,thornwall,standard,0,0,2,1,4791,23228,11575,479.8,6.88,12.86,18.06,4,1,2,3,4,306,158,340,474,4706,7338,10020,6253,338,,285,475,102,152,2413,t3_calmveil|t3_thornmail
standard,181,r1,red,top,戰士,fengbao,standard,1,1,2,0,8754,24937,11180,463.4,9.4,16.56,22.2,3,1,1,2,3,472,859,503,680,3622,6339,9103,6253,864,570,,997,,418,,t3_shieldbreaker|t3_finalstring
standard,181,r2,red,jungle,戰士,hunpo,standard,1,1,2,1,8363,9376,11505,476.9,10.15,18.36,22.56,3,0,1,2,3,1820,525,826,1005,4030,6375,8806,6253,190,,285,285,1374,418,,t3_psyward
standard,181,r3,red,mid,法師,haixiao,standard,1,4,3,0,16312,15043,11636,482.3,10.2,18.14,23.65,3,0,1,2,3,1580,505,220,1086,3840,5835,8970,6253,874,1140,,285,,418,,t3_psyward
standard,181,r4,red,adc,射手,yanfeng,standard,1,20,3,1,61206,10950,22723,941.9,9.72,16,18.05,5,1,1,4,5,303,804,541,7122,3653,6484,13761,6253,915,5130,285,760,,418,,t3_shieldbreaker|t3_rendspear
standard,181,r5,red,sup,坦克,thornwall,standard,1,1,1,4,5484,18639,12908,535.1,7.14,11.32,17.73,4,1,2,3,4,113,310,437,808,4513,7490,9837,6253,196,570,285,522,,228,1781,t3_calmveil|t3_thornmail
standard,182,b1,blue,top,戰士,rongyan,standard,1,3,0,0,14808,23593,12014,502.2,9.53,14.94,19.94,3,1,2,3,3,595,293,53,614,3745,7393,10433,6253,760,1710,,1235,,475,,t3_shieldbreaker|t3_finalstring
standard,182,b2,blue,jungle,戰士,leimingcf,standard,1,2,0,4,10748,17945,12143,507.5,8.71,15.39,19.86,3,1,1,3,3,52,1107,174,793,4102,6537,10624,6253,497,1140,997,285,975,475,,t3_shieldbreaker|t3_finalstring
standard,182,b3,blue,mid,法師,leiming,standard,1,0,3,2,11078,13101,10434,436.1,11.53,18.44,,2,0,1,2,2,1466,416,670,1034,3726,6016,8220,6253,874,,427,285,,380,,t3_psyward
standard,182,b4,blue,adc,射手,siwang,standard,1,19,4,1,45592,12699,20840,871,7.83,13.46,17.23,5,1,2,4,5,978,893,861,5239,4328,8213,14711,6253,715,6840,142,285,,475,,t3_shieldbreaker|t3_rendspear
standard,182,b5,blue,sup,輔助,shengming,standard,1,0,2,4,4652,15843,12074,504.7,6.99,11.49,16.68,4,1,2,3,4,604,217,1300,694,4604,7247,10050,6253,345,,712,285,,475,1979,t3_calmveil
standard,182,r1,red,top,戰士,rongyan,standard,0,0,2,1,11137,25060,10271,429.3,8.51,17.84,22.66,3,1,1,2,3,88,494,203,671,3888,5674,7783,6253,836,,142,475,,76,,t3_shieldbreaker|t3_finalstring
standard,182,r2,red,jungle,戰士,leimingcf,standard,0,1,4,0,9741,18107,10370,433.4,8.81,15.72,23.07,3,1,1,2,3,139,1287,410,519,4669,6717,8590,6253,437,570,,,1254,76,,t3_shieldbreaker|t3_finalstring
standard,182,r3,red,mid,法師,leiming,standard,0,6,6,0,19576,17455,13625,569.5,10.39,17.52,20.34,4,0,1,2,4,1751,249,1457,474,4011,5759,10737,6253,1178,2280,,950,,76,,t3_psyward
standard,182,r4,red,adc,射手,siwang,standard,0,2,9,1,17604,12767,9749,407.5,10.91,20.45,,2,0,1,1,2,1262,384,1422,1168,3422,5284,7222,6253,608,,285,,,76,,t3_shieldbreaker|t3_rendspear
standard,182,r5,red,sup,輔助,shengming,standard,0,0,3,2,2936,14836,11667,487.7,7.65,12.29,15.97,4,1,2,3,4,1511,444,486,967,4611,7474,9526,6253,399,,427,475,,76,1895,t3_calmveil
standard,183,b1,blue,top,戰士,embercoil,standard,1,3,3,0,13923,29708,11511,492.4,9.02,16.52,22.4,3,1,1,2,3,633,925,366,1430,3783,6405,8666,6253,1026,1140,,95,,152,,t3_shieldbreaker|t3_finalstring
standard,183,b2,blue,jungle,戰士,fengbao,standard,1,0,0,1,4407,12941,10007,428.1,8.22,17.14,,2,1,1,2,2,882,1435,343,1457,3982,6085,7993,6253,180,,,95,1312,152,,t3_shieldbreaker|t3_finalstring
standard,183,b3,blue,mid,法師,haixiao,standard,1,1,4,1,14564,14399,10418,445.7,10.07,17.14,,2,0,1,2,2,1609,494,197,1018,3869,6994,8647,6253,1102,570,,570,,152,,t3_psyward
standard,183,b4,blue,adc,射手,maestro,standard,1,11,1,0,34823,11411,15670,670.4,9.91,15.31,19.83,4,1,1,3,4,186,1274,112,1820,4486,6954,10412,6253,1140,2280,,570,17,152,,t3_shieldbreaker|t3_rendspear
standard,183,b5,blue,sup,輔助,fengshen,standard,1,0,2,0,5186,16646,11413,488.3,6.78,12.51,18.21,4,1,2,3,4,2082,243,840,913,4582,6973,10070,6253,313,,,1520,,152,1830,t3_calmveil
standard,183,r1,red,top,戰士,embercoil,standard,0,4,3,0,11830,28641,11357,485.9,9.22,17.16,19.24,3,1,1,3,3,519,292,341,377,3669,5472,10241,6253,722,2280,,570,17,399,,t3_shieldbreaker|t3_finalstring
standard,183,r2,red,jungle,戰士,fengbao,standard,0,1,2,0,10212,19068,10328,441.9,8.2,17.52,22.58,3,1,1,2,3,866,588,511,478,3966,6018,9061,6253,399,570,,95,1345,399,,t3_shieldbreaker|t3_finalstring
standard,183,r3,red,mid,法師,haixiao,standard,0,0,4,0,15630,14343,9826,420.4,10.12,18.74,,2,0,1,2,2,1808,171,307,426,4068,6101,8457,6253,1330,,,570,,304,,t3_psyward
standard,183,r4,red,adc,射手,maestro,standard,0,5,5,0,24114,11568,11999,513.3,10.71,18.95,21.97,3,0,1,2,3,1433,390,173,848,3593,5290,8273,6253,481,570,,570,,399,,t3_shieldbreaker|t3_rendspear
standard,183,r5,red,sup,輔助,fengshen,standard,0,0,1,1,7371,15712,11016,471.3,6.19,12.42,17.51,4,1,2,3,4,601,394,170,516,4601,7424,9400,6253,221,,,570,,399,1956,t3_calmveil
standard,184,b1,blue,top,戰士,cinderfist,standard,0,2,1,0,7981,25226,10302,441.1,7.8,16.69,22.22,3,1,1,2,3,956,945,504,652,4106,6475,9154,6253,608,1140,,950,,202,,t3_shieldbreaker|t3_finalstring
standard,184,b2,blue,jungle,戰士,anliuyouXia,standard,0,0,3,1,7422,15645,9175,392.8,9.43,17.82,,2,1,1,2,2,795,696,650,574,3895,5876,8050,6253,281,,285,,1027,202,,t3_shieldbreaker|t3_finalstring
standard,184,b3,blue,mid,法師,leiming,standard,0,3,3,0,18107,15585,11278,482.8,10.27,17.9,21.98,3,0,1,2,3,1567,249,1121,147,3827,5759,9521,6253,975,1140,,950,,202,,t3_psyward
standard,184,b4,blue,adc,射手,liuxing,standard,0,6,6,0,17964,12548,12025,514.8,10.04,17.4,19.63,3,0,1,3,3,1458,155,212,1044,3618,5955,9812,6253,728,2280,,475,,76,,t3_shieldbreaker|t3_rendspear
standard,184,b5,blue,sup,坦克,suishan,standard,0,1,3,0,6270,20495,12466,533.7,7.39,13.04,16.7,4,1,2,3,4,500,218,2212,1266,4700,7018,11312,6253,256,570,,1425,51,76,2680,t3_calmveil|t3_thornmail
standard,184,r1,red,top,戰士,cinderfist,standard,1,4,2,1,10670,26928,12203,522.4,8.85,15.88,20.43,3,1,1,2,3,684,1040,618,752,3834,6570,9268,6253,1083,1140,,285,51,456,,t3_shieldbreaker|t3_finalstring
standard,184,r2,red,jungle,戰士,anliuyouXia,standard,1,1,0,2,3644,14133,11540,494.1,8.83,15.43,21.13,3,1,1,2,3,985,1808,820,1640,4085,7288,9420,6253,152,570,95,285,1608,456,,t3_shieldbreaker|t3_finalstring
standard,184,r3,red,mid,法師,leiming,standard,1,1,5,1,14676,15306,11135,476.7,11.29,17.48,22.87,3,0,1,2,3,1495,200,513,585,3755,6700,8543,6253,1168,,95,760,,266,,t3_psyward
standard,184,r4,red,adc,射手,liuxing,standard,1,8,5,2,33226,12119,14603,625.2,9.09,17.05,20.53,3,1,1,2,3,528,972,1438,2802,3878,6652,10338,6253,874,2280,380,285,,266,,t3_shieldbreaker|t3_rendspear
standard,184,r5,red,sup,坦克,suishan,standard,1,2,0,3,7347,18511,13218,565.9,7.05,12.12,16.35,4,1,2,3,4,267,829,1158,1017,5067,8069,11138,6253,180,1140,285,285,,456,2538,t3_calmveil|t3_thornmail
standard,185,b1,blue,top,戰士,leimingcf,standard,0,0,4,0,9101,34320,10982,424.3,9.01,18.2,23.02,3,1,1,2,3,652,545,493,181,3802,6025,8723,6253,874,,,1425,,171,,t3_shieldbreaker|t3_finalstring
standard,185,b2,blue,jungle,戰士,embercoil,standard,0,2,2,0,8617,22107,11754,454.1,8.3,15.23,21.11,3,1,1,2,3,863,1391,729,404,3963,6821,9279,6253,370,1140,,237,1106,171,,t3_shieldbreaker|t3_finalstring
standard,185,b3,blue,mid,法師,mingyun2,standard,0,2,9,0,17377,17268,11238,434.2,10.58,20.2,25.37,3,0,1,1,3,1561,281,1074,208,3821,5731,7574,6253,1149,,,,,171,,t3_psyward
standard,185,b4,blue,adc,射手,shensheng,standard,0,9,8,0,28019,12973,14585,563.5,8.77,18.02,20.91,4,1,1,2,4,436,586,361,985,3786,6266,9211,6253,839,1710,,237,,171,,t3_shieldbreaker|t3_rendspear
standard,185,b5,blue,sup,輔助,mingyunyindao,standard,0,1,4,0,9213,20928,13114,506.6,5.73,11.32,15.74,4,1,2,3,4,868,804,2257,2153,5168,7834,11007,6253,414,570,,1900,,76,1793,t3_calmveil
standard,185,r1,red,top,戰士,leimingcf,standard,1,3,0,0,14808,29749,13708,529.6,9.23,15.82,20.88,4,1,1,2,4,519,1172,822,258,3669,6652,9122,6253,1254,570,,665,,380,,t3_shieldbreaker|t3_finalstring
standard,185,r2,red,jungle,戰士,embercoil,standard,1,5,1,0,16324,22031,14418,557,7.46,14.59,18.98,4,1,2,3,4,180,463,644,1017,4230,7513,10674,6253,351,1710,,190,1789,380,,t3_shieldbreaker|t3_finalstring
standard,185,r3,red,mid,法師,mingyun2,standard,1,8,5,0,25980,16168,14940,577.2,10.53,17.69,22.08,4,0,1,2,4,1438,239,461,539,3698,6139,9261,6253,1140,1140,,348,,380,,t3_psyward
standard,185,r4,red,adc,射手,shensheng,standard,1,10,7,2,37411,12549,16241,627.5,9.71,15.15,19.68,4,1,1,3,4,414,1514,263,2391,3764,7194,10563,6253,1016,2280,285,348,,380,,t3_shieldbreaker|t3_rendspear
standard,185,r5,red,sup,輔助,mingyunyindao,standard,1,1,1,1,8543,15165,14063,543.3,7.39,11.98,15.35,4,1,2,4,4,1319,712,265,3102,5019,7742,11225,6253,380,570,,1773,,380,1868,t3_calmveil
standard,186,b1,blue,top,戰士,jufeng,standard,0,1,2,0,8642,29831,10441,424.8,8.46,17.31,23.08,3,1,1,2,3,538,726,497,240,3688,6206,7897,6253,731,,,665,,247,,t3_shieldbreaker|t3_finalstring
standard,186,b2,blue,jungle,戰士,hunpo,standard,0,1,5,1,7389,11690,10635,432.8,10.18,17.3,,2,0,1,2,2,1572,46,819,1335,3782,6146,8749,6253,228,570,285,190,975,247,,t3_psyward
standard,186,b3,blue,mid,法師,bingshuang,standard,0,4,6,0,14076,15831,11885,483.6,10.41,18.91,22.83,3,0,1,2,3,1504,99,454,334,3764,5949,7954,6253,1026,,,427,,247,,t3_psyward
standard,186,b4,blue,adc,射手,liangzicz,standard,0,19,6,0,43335,12788,20093,817.6,7.53,12.33,17.05,5,1,2,4,5,2077,327,1134,4492,5427,9227,14984,6253,883,7410,,190,,247,,t3_shieldbreaker|t3_rendspear
standard,186,b5,blue,sup,輔助,mingyun,standard,0,0,5,2,7429,20670,12403,504.7,6.77,12.67,17.36,4,1,2,3,4,516,7,696,952,4516,7037,9156,6253,171,,285,427,,152,1867,t3_calmveil
standard,186,r1,red,top,戰士,jufeng,standard,1,9,1,0,22190,27253,16593,675.2,8.65,14.84,19.68,4,1,2,3,4,327,200,171,3612,4427,7000,10971,6253,931,2850,,475,119,342,,t3_shieldbreaker|t3_finalstring
standard,186,r2,red,jungle,戰士,hunpo,standard,1,4,5,1,10432,12322,12321,501.4,10.37,17.05,23.53,3,0,1,2,3,1690,506,506,820,3900,6906,9006,6253,209,1140,142,,918,342,,t3_psyward
standard,186,r3,red,mid,法師,bingshuang,standard,1,4,7,3,17206,16558,12930,526.1,10.06,18.13,21.16,3,0,1,2,3,1628,299,520,779,3888,6149,9550,6253,1054,1140,285,475,,342,,t3_psyward
standard,186,r4,red,adc,射手,liangzicz,standard,1,7,11,2,22102,12756,13224,538.1,10.18,19.82,22.83,3,0,1,2,3,1462,222,343,1844,3622,5902,7963,6253,560,570,427,,,152,,t3_shieldbreaker|t3_rendspear
standard,186,r5,red,sup,輔助,mingyun,standard,1,0,1,2,5979,17236,11573,470.9,5.68,12.84,16.48,3,1,2,3,3,263,346,407,2532,4563,7376,9447,6253,171,,285,475,,342,1920,t3_calmveil
standard,187,b1,blue,top,戰士,ronggang,standard,1,1,0,2,13068,21426,8959,421.9,9.09,15.85,,2,1,1,2,2,902,1239,215,309,4052,6769,8565,6253,886,570,285,190,,380,,t3_shieldbreaker|t3_finalstring
standard,187,b2,blue,jungle,戰士,ravager,standard,1,1,0,2,5059,12729,9817,462.3,8.84,14.93,,2,1,2,2,2,1076,249,720,1216,4176,7049,9320,6253,256,570,427,427,1005,380,,t3_shieldbreaker|t3_finalstring
standard,187,b3,blue,mid,法師,mingyun2,standard,1,4,1,1,15833,12617,11274,531,10.85,14.92,20.85,3,0,2,2,3,1523,81,910,243,3783,7631,10310,6253,1016,1710,285,665,,380,,t3_psyward
standard,187,b4,blue,adc,射手,leiting,standard,1,2,5,0,10210,8548,9203,433.4,9.86,17.48,,2,1,1,2,2,443,389,183,652,3793,5769,8733,6253,769,1140,,190,,380,,t3_shieldbreaker|t3_rendspear
standard,187,b5,blue,sup,坦克,tixue,standard,1,1,1,1,5720,18980,12665,596.5,7.42,11.66,16.51,4,1,2,4,4,1354,740,633,464,5254,7980,12233,6253,224,570,142,2327,,380,2334,t3_calmveil|t3_thornmail
standard,187,r1,red,top,戰士,ronggang,standard,0,1,0,0,10985,20741,9267,436.5,7.92,17.95,,2,1,1,2,2,182,531,517,987,4332,6061,8797,6253,855,570,,950,17,152,,t3_shieldbreaker|t3_finalstring
standard,187,r2,red,jungle,戰士,ravager,standard,0,0,3,0,6586,11842,8471,399,9.25,17.56,,2,1,1,2,2,857,484,349,891,3957,5964,7929,6253,319,,,,1203,152,,t3_shieldbreaker|t3_finalstring
standard,187,r3,red,mid,法師,mingyun2,standard,0,0,2,1,14600,12384,8886,418.5,11.24,19.76,,2,0,1,2,2,1453,488,91,176,3713,5518,8321,6253,823,,142,950,,152,,t3_psyward
standard,187,r4,red,adc,射手,leiting,standard,0,5,3,0,17718,8790,10549,496.8,9.81,17.03,20.85,3,1,1,2,3,363,523,1280,848,3713,5423,8900,6253,785,1710,,,,152,,t3_shieldbreaker|t3_rendspear
standard,187,r5,red,sup,坦克,tixue,standard,0,1,1,3,4900,18717,11271,530.8,7.73,11.63,16.54,4,1,2,3,4,449,753,697,370,4649,7993,10497,6253,294,570,427,475,,152,2324,t3_calmveil|t3_thornmail
standard,188,b1,blue,top,戰士,jingci,standard,0,1,1,0,10688,24975,9702,434.1,7.14,15.6,,2,1,1,2,2,336,1255,301,1051,4486,6785,8951,6253,1159,570,,570,,399,,t3_shieldbreaker|t3_finalstring
standard,188,b2,blue,jungle,戰士,xueyue,standard,0,1,3,1,8292,15926,9559,427.7,8.88,15.85,,2,1,1,2,2,110,1428,494,1279,3910,5828,8774,6253,408,570,142,95,906,399,,t3_shieldbreaker|t3_finalstring
standard,188,b3,blue,mid,法師,bingshuang,standard,0,1,2,1,13473,14499,9797,438.3,10.29,17.24,,2,0,1,2,2,1637,928,321,496,3897,5778,8571,6253,1064,570,285,95,,304,,t3_psyward
standard,188,b4,blue,adc,射手,liangzi,standard,0,6,7,0,19912,12615,11954,534.9,10.31,17.31,21.88,3,0,1,2,3,1430,465,343,803,3590,5845,8923,6253,509,1140,,570,51,399,,t3_shieldbreaker|t3_rendspear
standard,188,b5,blue,sup,坦克,tieshixin,standard,0,0,4,1,6213,19792,10920,488.6,7.08,12.84,17.4,3,1,2,3,3,395,770,630,1380,4595,6970,10170,6253,202,,142,1045,,399,2127,t3_calmveil|t3_thornmail
standard,188,r1,red,top,戰士,jingci,standard,1,2,2,0,10350,21890,11213,501.7,8.82,17.7,18.99,3,1,1,3,3,909,1075,117,362,4059,6605,10367,6253,1155,1140,,1615,51,152,,t3_shieldbreaker|t3_finalstring
standard,188,r2,red,jungle,戰士,xueyue,standard,1,4,0,1,7698,12753,11909,532.8,8.99,15.53,20.63,3,1,1,2,3,860,1523,541,508,3960,7003,9141,6253,231,570,142,190,1601,152,,t3_shieldbreaker|t3_finalstring
standard,188,r3,red,mid,法師,bingshuang,standard,1,3,3,2,18334,14096,11814,528.6,10.43,16.23,20.63,3,0,1,2,3,1526,668,713,303,3786,7168,10113,6253,1143,1140,285,1140,,152,,t3_psyward
standard,188,r4,red,adc,射手,liangzi,standard,1,7,4,4,28554,10204,13219,591.5,8.38,16.27,20.92,3,1,1,2,3,958,1212,1193,2319,4308,6892,10093,6253,760,2280,427,190,30,152,,t3_shieldbreaker|t3_rendspear
standard,188,r5,red,sup,坦克,tieshixin,standard,1,1,0,2,7571,18544,10758,481.4,7.19,11.28,18.01,3,1,2,3,3,205,393,413,778,4655,7633,9913,6253,395,570,570,190,,152,1781,t3_calmveil|t3_thornmail
standard,189,b1,blue,top,戰士,longyi,standard,1,1,0,0,15443,28037,10189,448.5,9.07,15.81,21.63,3,1,1,2,3,728,1106,376,589,3878,6586,8676,6253,1035,,,855,,532,,t3_shieldbreaker|t3_finalstring
standard,189,b2,blue,jungle,戰士,jufeng,standard,1,4,1,0,7596,14117,11940,525.6,9.07,16.14,19.67,3,1,1,3,3,46,1512,227,1189,4276,6942,9777,6253,427,1140,,380,1044,532,,t3_shieldbreaker|t3_finalstring
standard,189,b3,blue,mid,法師,mingyun2,standard,1,3,1,0,18858,13902,11481,505.4,10.54,17.86,22.61,3,0,1,2,3,1704,549,513,151,3964,6149,9493,6253,1187,1140,,380,,532,,t3_psyward
standard,189,b4,blue,adc,射手,shengyan,standard,1,7,3,1,14857,8565,13693,602.8,10.57,15.4,19.63,4,0,1,3,4,1393,1369,272,792,3553,7049,11172,6253,855,2850,285,380,17,532,,t3_shieldbreaker|t3_rendspear
standard,189,b5,blue,sup,輔助,huanjing,standard,1,0,1,2,5845,17396,12321,542.4,8.13,13.08,16.08,4,1,2,3,4,911,674,2185,1360,4611,7404,10845,6253,256,,,1805,,532,1998,t3_calmveil
standard,189,r1,red,top,戰士,longyi,standard,0,0,0,0,11555,26425,9942,437.7,9.21,17.63,22.02,3,1,1,2,3,700,323,250,342,3850,5503,7650,6253,921,,,475,,0,,t3_shieldbreaker|t3_finalstring
standard,189,r2,red,jungle,戰士,jufeng,standard,0,0,3,0,8082,16451,9211,405.5,8.82,16.6,,2,1,1,2,2,1033,755,326,1031,4133,6185,8156,6253,266,,,,1637,0,,t3_shieldbreaker|t3_finalstring
standard,189,r3,red,mid,法師,mingyun2,standard,0,1,3,0,19547,13986,9325,410.5,10.83,18.95,,2,0,1,2,2,1333,258,199,794,3593,5588,7849,6253,1121,,,475,,0,,t3_psyward
standard,189,r4,red,adc,射手,shengyan,standard,0,4,7,0,17099,11330,10420,458.7,10.18,19.55,22.61,3,0,1,2,3,1395,426,892,200,3555,5626,7792,6253,494,570,,475,,0,,t3_shieldbreaker|t3_rendspear
standard,189,r5,red,sup,輔助,huanjing,standard,0,1,2,2,4545,17020,11013,484.8,6.33,11.36,15.98,4,1,2,3,4,543,423,522,612,5143,7453,9562,6253,313,570,,475,,0,1950,t3_calmveil
standard,190,b1,blue,top,戰士,chichuan,standard,0,1,1,1,20382,31239,11073,415.9,8.23,16.68,23.5,3,1,1,2,3,203,609,236,522,4353,6139,8286,6253,836,570,,475,,152,,t3_shieldbreaker|t3_finalstring
standard,190,b2,blue,jungle,戰士,kuangfeng,standard,0,4,1,0,22448,21950,12521,470.3,8.63,14.87,19.75,3,1,2,3,3,865,311,340,1120,3965,7111,9940,6253,329,2280,,,925,152,,t3_shieldbreaker|t3_finalstring
standard,190,b3,blue,mid,法師,bingshuang,standard,0,4,6,1,23102,19601,12878,483.7,10.54,19.73,24.95,3,0,1,2,3,1580,752,123,797,3840,6082,8153,6253,988,,285,475,,152,,t3_psyward
standard,190,b4,blue,adc,射手,mirrorshot,standard,0,9,9,1,26036,13577,15047,565.1,10.47,17.13,21.82,4,0,1,2,4,1699,959,886,1196,3859,6339,9436,6253,798,1710,285,237,,152,,t3_shieldbreaker|t3_rendspear
standard,190,b5,blue,sup,坦克,dadi,standard,0,0,3,1,8420,24643,12675,476.1,7.32,12.36,20.38,4,1,2,2,4,750,206,1857,475,4650,7446,9097,6253,240,,285,237,34,152,1894,t3_calmveil|t3_thornmail
standard,190,r1,red,top,戰士,chichuan,standard,1,3,2,2,21927,30365,12985,487.7,9.7,17.23,23.63,4,1,1,2,4,481,191,445,435,3631,5721,8495,6253,760,1140,,190,,152,,t3_shieldbreaker|t3_finalstring
standard,190,r2,red,jungle,戰士,kuangfeng,standard,1,3,0,1,15783,22159,12867,483.3,8.09,16.87,20.98,4,1,1,2,4,815,738,1289,367,3915,6218,9589,6253,221,1140,285,190,1347,152,,t3_shieldbreaker|t3_finalstring
standard,190,r3,red,mid,法師,bingshuang,standard,1,4,6,0,24680,18930,13441,504.8,10.54,17.13,23.73,3,0,1,2,3,1447,361,109,1361,3707,6861,8609,6253,1064,,,1140,,152,,t3_psyward
standard,190,r4,red,adc,射手,mirrorshot,standard,1,8,10,1,21446,13201,14515,545.2,9.15,18.48,21.7,4,1,1,2,4,348,583,1034,664,3698,6263,9284,6253,693,1710,285,190,,152,,t3_shieldbreaker|t3_rendspear
standard,190,r5,red,sup,坦克,dadi,standard,1,2,0,2,11402,25258,14056,527.9,7.73,12.78,18.68,4,1,2,3,4,660,294,782,1855,4560,7234,10762,6253,338,570,285,1140,51,152,1972,t3_calmveil|t3_thornmail
standard,191,b1,blue,top,戰士,xueyue,standard,1,0,3,0,13595,32252,10486,422.7,9.31,19.42,22.95,3,1,1,2,3,595,320,448,836,3745,5550,7298,6253,893,,,,,152,,t3_shieldbreaker|t3_finalstring
standard,191,b2,blue,jungle,戰士,tielian,standard,1,1,3,0,9282,19992,10896,439.2,8.53,16.21,21.96,3,1,1,2,3,160,1437,396,515,3960,6917,8996,6253,623,570,,118,1277,152,,t3_shieldbreaker|t3_finalstring
standard,191,b3,blue,mid,法師,lieyan,standard,1,1,7,0,18178,16936,10304,415.4,10.7,20.18,,2,0,1,1,2,1593,20,1454,1004,3853,5620,7534,6253,1010,,,118,,152,,t3_psyward
standard,191,b4,blue,adc,射手,hanbing,standard,1,10,3,1,33763,11054,16635,670.5,9,16.02,19.97,4,1,1,3,4,94,817,38,3934,4394,6497,10938,6253,899,2280,285,1068,,152,,t3_shieldbreaker|t3_rendspear
standard,191,b5,blue,sup,坦克,ironclad,standard,1,0,2,0,9440,24433,11152,449.5,7.43,12.53,17.1,3,1,2,3,3,174,288,633,1572,4674,7068,9313,6253,373,,,593,52,152,1887,t3_calmveil|t3_thornmail
standard,191,r1,red,top,戰士,xueyue,standard,0,4,2,1,14780,30876,13000,524,9.42,16.71,20.58,4,1,1,2,4,595,871,1230,450,3745,6401,9280,6253,988,1140,142,285,34,437,,t3_shieldbreaker|t3_finalstring
standard,191,r2,red,jungle,戰士,tielian,standard,0,2,2,1,13793,21125,12586,507.3,8.92,13.53,20.26,3,1,2,2,3,235,269,1325,1186,4515,7669,9925,6253,541,570,285,285,1648,342,,t3_shieldbreaker|t3_finalstring
standard,191,r3,red,mid,法師,lieyan,standard,0,7,2,2,22177,14441,15625,629.8,10.71,15.5,20.84,3,0,1,2,3,1499,886,694,3545,3759,7386,10094,6253,1326,1140,142,760,34,437,,t3_psyward
standard,191,r4,red,adc,射手,hanbing,standard,0,4,6,1,26265,9912,12177,490.9,10.38,18.98,24.72,3,0,1,2,3,1405,370,213,377,3565,5750,8163,6253,807,570,,285,,247,,t3_shieldbreaker|t3_rendspear
standard,191,r5,red,sup,坦克,ironclad,standard,0,1,0,4,11580,24017,13524,545.2,7.63,13.26,16.62,4,1,2,3,4,368,708,974,1324,4568,7948,10954,6253,288,570,570,285,,437,2550,t3_calmveil|t3_thornmail
standard,192,b1,blue,top,戰士,langwang,standard,0,2,0,0,15040,27245,10330,433.3,8.12,17.51,23.03,3,1,1,2,3,747,560,233,129,3897,5740,8533,6253,912,570,,475,,323,,t3_shieldbreaker|t3_finalstring
standard,192,b2,blue,jungle,刺客,duskblade,standard,0,1,2,0,2968,10291,10089,423.2,8.3,16.92,,2,1,1,2,2,927,1018,418,1758,4127,6598,8448,6253,186,570,,,1114,323,,t3_finalstring
standard,192,b3,blue,mid,法師,shikong,standard,0,2,5,2,19474,15718,11194,469.5,10.29,18.4,23.43,3,0,1,2,3,1571,228,118,344,3831,5978,8448,6253,1111,,285,475,,323,,t3_psyward
standard,192,b4,blue,adc,射手,xuanfeng,standard,0,5,7,0,16534,11165,11935,500.6,9.66,18.42,21.75,3,1,1,2,3,386,412,236,1035,3736,6092,8486,6253,864,1140,,,,228,,t3_shieldbreaker|t3_rendspear
standard,192,b5,blue,sup,輔助,xuemai,standard,0,0,2,0,4083,18234,11440,479.8,6.23,11.95,15.95,4,1,2,3,4,601,310,1116,559,4601,7040,10156,6253,231,,,950,26,323,2372,t3_calmveil
standard,192,r1,red,top,戰士,langwang,standard,1,3,0,0,13424,27469,11008,461.7,9.05,16.68,22.93,3,1,1,2,3,367,1058,447,507,3517,6538,8147,6253,886,570,,285,,152,,t3_shieldbreaker|t3_finalstring
standard,192,r2,red,jungle,刺客,duskblade,standard,1,2,4,0,7949,12387,11639,488.2,8.38,17.51,21.32,3,1,1,2,3,693,1333,1353,1209,3893,6913,9683,6253,209,1140,,285,1643,152,,t3_finalstring
standard,192,r3,red,mid,法師,shikong,standard,1,5,0,2,21036,14927,13962,585.6,11.16,16,21.58,4,0,1,2,4,1466,1051,392,612,3726,7251,9372,6253,1067,1140,,760,,152,,t3_psyward
standard,192,r4,red,adc,射手,xuanfeng,standard,1,5,5,0,15555,10972,12030,504.6,10.17,17.1,21.75,3,0,1,2,3,1376,706,302,1130,3536,6386,8552,6253,722,1140,,285,,152,,t3_shieldbreaker|t3_rendspear
standard,192,r5,red,sup,輔助,xuemai,standard,1,1,1,2,3288,15600,11968,502,6.82,13.16,15.71,4,1,2,3,4,206,193,647,1087,4506,7223,9687,6253,193,570,285,285,,152,1948,t3_calmveil
standard,193,b1,blue,top,戰士,kuangfeng,standard,1,2,0,0,10071,28023,11721,466.3,8.24,15.49,20.48,3,1,1,2,3,719,1258,931,740,3869,6738,9531,6253,845,1140,,760,,532,,t3_shieldbreaker|t3_finalstring
standard,193,b2,blue,jungle,刺客,binghe,standard,1,1,4,1,6699,12665,11758,467.8,8.63,16.8,22.02,3,1,1,2,3,1078,910,1281,677,4278,6490,8831,6253,508,,142,522,872,532,,t3_finalstring
standard,193,b3,blue,mid,法師,lieyan,standard,1,6,6,0,20148,17593,13678,544.2,10.55,18.36,22.99,4,0,1,2,4,1732,91,1119,327,3992,6291,9569,6253,1121,1140,,522,,532,,t3_psyward
standard,193,b4,blue,adc,射手,dawnstrike,standard,1,12,2,0,33875,12049,17715,704.8,7.63,14.54,18.26,5,1,2,3,5,386,415,1103,2115,4866,7735,12903,6253,703,5130,,285,,532,,t3_shieldbreaker|t3_rendspear
standard,193,b5,blue,sup,輔助,zhanchang,standard,1,1,3,2,8235,18942,12248,487.3,5.87,12.07,14.61,4,1,3,3,4,450,221,771,798,5300,7921,9811,6253,242,570,142,285,,532,1786,t3_calmveil
standard,193,r1,red,top,戰士,kuangfeng,standard,0,3,1,2,15267,28368,12152,483.5,9.19,17.01,20.65,3,1,1,2,3,633,397,545,752,3783,5877,9145,6253,940,1140,285,475,51,0,,t3_shieldbreaker|t3_finalstring
standard,193,r2,red,jungle,刺客,binghe,standard,0,1,4,1,7652,13006,10772,428.6,8.69,16.36,23.35,3,1,1,2,3,200,507,313,172,4050,6087,8643,6253,266,570,142,,1411,0,,t3_finalstring
standard,193,r3,red,mid,法師,lieyan,standard,0,6,5,0,18553,17555,14105,561.2,10.95,16.53,21.08,4,0,1,2,4,1580,342,748,275,3840,6842,10148,6253,1140,2280,,475,,0,,t3_psyward
standard,193,r4,red,adc,射手,dawnstrike,standard,0,4,9,0,16956,12063,11065,440.3,9.83,20.44,24.37,3,1,1,1,3,196,280,1428,585,3546,5360,7108,6253,855,,,,,0,,t3_shieldbreaker|t3_rendspear
standard,193,r5,red,sup,輔助,zhanchang,standard,0,1,3,3,9190,17684,12611,501.8,6.13,11.82,15.38,4,1,2,3,4,805,417,1172,1160,5105,7447,10212,6253,560,570,427,475,,0,1925,t3_calmveil
standard,194,b1,blue,top,戰士,greymantle,standard,0,1,4,0,12568,26409,10938,468.1,8.88,17.33,,2,1,1,2,2,785,470,244,2858,3935,6120,8324,6253,874,570,,475,,152,,t3_shieldbreaker|t3_finalstring
standard,194,b2,blue,jungle,刺客,jueying,standard,0,0,6,1,6204,10364,9562,409.2,8.25,18.33,,2,1,1,2,2,776,1502,764,1431,3976,6002,8244,6253,304,,285,,1249,152,,t3_finalstring
standard,194,b3,blue,mid,法師,shikong,standard,0,0,6,0,14735,13947,8592,367.7,10.54,20.23,,2,0,1,1,2,1476,225,999,191,3736,5655,7479,6253,1073,,,,,152,,t3_psyward
standard,194,b4,blue,adc,射手,yanfeng,standard,0,4,5,0,15077,12987,11071,473.8,10.78,16.33,21.23,3,0,1,2,3,1547,856,737,991,3707,6006,8837,6253,817,1140,,475,,152,,t3_shieldbreaker|t3_rendspear
standard,194,b5,blue,sup,坦克,stoneguard,standard,0,0,3,0,6385,24283,10436,446.6,7.34,12.86,18.58,3,1,2,3,3,768,263,286,856,4668,7043,9266,6253,427,,,475,,152,1958,t3_calmveil|t3_thornmail
standard,194,r1,red,top,戰士,greymantle,standard,1,9,0,0,17978,23890,15220,651.3,8.59,15.47,18.74,4,1,1,3,4,194,1610,452,1719,4524,7140,11902,6253,994,3420,,760,,475,,t3_shieldbreaker|t3_finalstring
standard,194,r2,red,jungle,刺客,jueying,standard,1,4,1,3,9562,10183,13332,570.6,8.6,15.06,17.64,4,1,1,3,4,248,1953,555,532,4448,7583,11685,6253,231,2280,855,285,1305,475,,t3_finalstring
standard,194,r3,red,mid,法師,shikong,standard,1,3,1,2,14793,13633,12851,550,11.57,16.9,,2,0,1,2,2,1438,79,64,3450,3698,6579,9344,6253,1143,570,142,760,,475,,t3_psyward
standard,194,r4,red,adc,射手,yanfeng,standard,1,8,3,2,25477,10690,14247,609.7,8.19,16.18,19.34,4,1,1,3,4,394,804,930,1347,4394,6484,10930,6253,877,2850,285,285,,380,,t3_shieldbreaker|t3_rendspear
standard,194,r5,red,sup,坦克,stoneguard,standard,1,0,0,4,6326,18668,11981,512.7,6.53,12.14,17.98,3,1,2,3,3,512,410,71,2001,4712,7350,10051,6253,402,,712,285,,475,1923,t3_calmveil|t3_thornmail
standard,195,b1,blue,top,戰士,cinderfist,standard,0,0,1,2,10097,22840,8845,398,9.23,18.1,,2,1,1,2,2,519,341,169,814,3669,5341,7849,6253,741,,285,285,,285,,t3_shieldbreaker|t3_finalstring
standard,195,b2,blue,jungle,刺客,anye,standard,0,0,4,0,4657,10632,9008,405.3,9.02,17.94,,2,1,1,2,2,71,274,465,927,3921,5854,8195,6253,275,,,285,1095,285,,t3_finalstring
standard,195,b3,blue,mid,法師,lieyan,standard,0,4,4,0,19812,14012,10803,486.1,10.33,16.35,21.15,3,0,1,2,3,1594,884,773,353,3854,6084,8953,6253,989,1140,,285,,285,,t3_psyward
standard,195,b4,blue,adc,射手,siwang,standard,0,4,7,2,17470,11569,11855,533.4,10.85,15.48,19.44,3,0,1,3,3,1360,978,259,1004,3520,6128,9529,6253,693,1140,570,760,17,95,,t3_shieldbreaker|t3_rendspear
standard,195,b5,blue,sup,輔助,shengming,standard,0,1,4,0,3915,15404,10627,478.2,6.96,12.87,16.99,3,1,2,3,3,817,320,876,1587,4517,6800,9916,6253,226,570,,760,17,190,1899,t3_calmveil
standard,195,r1,red,top,戰士,cinderfist,standard,1,6,0,2,16178,22745,13406,603.2,9.1,12.73,18.62,4,1,2,3,4,1203,1013,172,426,4353,8413,10672,6253,1342,2280,285,190,17,304,,t3_shieldbreaker|t3_finalstring
standard,195,r2,red,jungle,刺客,anye,standard,1,4,4,3,10586,14170,12646,569,7.83,12.65,18.89,3,1,2,3,3,354,916,473,1566,4504,8046,11073,6253,351,1710,855,190,1409,304,,t3_finalstring
standard,195,r3,red,mid,法師,lieyan,standard,1,4,1,3,17384,12946,13329,599.7,8.17,14.36,17.88,3,1,2,3,3,1168,451,490,848,5018,8001,12390,6253,1083,2280,855,1615,,304,,t3_psyward
standard,195,r4,red,adc,射手,siwang,standard,1,6,3,1,15219,8610,12531,563.8,7.41,15.48,21.15,3,1,1,2,3,1098,1485,1552,1150,4448,7165,10452,6253,1140,2280,285,190,,304,,t3_shieldbreaker|t3_rendspear
standard,195,r5,red,sup,輔助,shengming,standard,1,0,1,5,4732,14331,11927,536.6,6.88,12.78,16.38,4,1,2,3,4,1249,434,1274,476,4649,7464,10314,6253,224,,570,1140,,304,1821,t3_calmveil
standard,196,b1,blue,top,坦克,tieshixin,standard,0,0,3,0,4569,23478,8565,378,9.13,15.71,22.18,3,1,1,2,3,662,478,458,415,3612,5778,7488,6253,665,,,475,,95,,t3_calmveil|t3_thornmail
standard,196,b2,blue,jungle,刺客,wuxing,standard,0,1,5,0,4713,10139,9483,418.5,9.58,17.32,,2,1,1,2,2,875,494,225,1403,4075,6074,7825,6253,218,,,,1353,0,,t3_finalstring
standard,196,b3,blue,mid,法師,auralith,standard,0,4,2,0,16356,13750,11197,494.2,9.48,18.67,21.93,3,1,1,2,3,456,500,1021,546,4306,6700,10101,6253,997,2280,,475,,95,,t3_psyward
standard,196,b4,blue,adc,射手,maestro,standard,0,4,8,1,15175,10760,10874,479.9,9.12,17.68,21.94,3,1,1,2,3,766,417,696,1173,4116,5797,9246,6253,570,1710,142,475,,95,,t3_shieldbreaker|t3_rendspear
standard,196,b5,blue,sup,輔助,mingyun,standard,0,1,4,1,5182,17789,10482,462.6,5.99,11.58,16.37,3,1,2,3,3,448,389,403,1441,5048,7419,9443,6253,437,570,142,,51,95,1893,t3_calmveil
standard,196,r1,red,top,坦克,tieshixin,standard,1,1,0,0,4822,20441,10837,478.3,8.86,15.19,19.22,3,1,1,3,3,907,723,405,906,3857,6023,9855,6253,924,570,,1615,17,475,,t3_calmveil|t3_thornmail
standard,196,r2,red,jungle,刺客,wuxing,standard,1,8,0,0,13283,11937,15094,666.1,7.36,14.03,16.25,4,1,2,3,4,614,352,2363,1743,4764,8682,13443,6253,641,3990,,190,1893,475,,t3_finalstring
standard,196,r3,red,mid,法師,auralith,standard,1,3,2,1,11785,11560,11395,502.9,10.81,17.29,21.51,3,0,1,2,3,1661,128,1043,544,3921,6628,9843,6253,786,1140,285,902,,475,,t3_psyward
standard,196,r4,red,adc,射手,maestro,standard,1,9,8,1,26026,10831,14237,628.3,9.62,17.38,19.63,4,1,1,3,4,319,839,367,1016,3669,6519,10367,6253,741,2280,285,427,,380,,t3_shieldbreaker|t3_rendspear
standard,196,r5,red,sup,輔助,mingyun,standard,1,1,0,1,4991,13981,11417,503.9,6.94,11.9,14.98,3,1,3,3,3,1228,104,1433,2376,5228,8104,10473,6253,364,570,285,665,,475,1860,t3_calmveil
standard,197,b1,blue,top,坦克,bingshouweis,standard,0,0,1,0,6754,21576,9125,426.9,8.79,16.18,20.68,3,1,1,2,3,95,150,1535,114,3745,5550,8685,6253,931,,,1425,,76,,t3_calmveil|t3_thornmail
standard,197,b2,blue,jungle,刺客,razorwing,standard,0,1,4,1,4210,10357,8952,418.8,8.78,17.32,,2,1,1,2,2,662,948,137,1002,3862,6278,8087,6253,212,570,,,975,76,,t3_finalstring
standard,197,b3,blue,mid,法師,xingjie,standard,0,2,2,0,13760,13444,9410,440.2,10.52,18.19,,2,0,1,2,2,1580,408,512,809,3840,6158,8362,6253,988,570,,475,,76,,t3_psyward
standard,197,b4,blue,adc,射手,liuxing,standard,0,7,4,0,18525,12106,11750,549.7,9.78,15.94,19.3,3,1,1,3,3,227,1119,1083,769,3577,6199,10683,6253,696,3420,,237,,76,,t3_shieldbreaker|t3_rendspear
standard,197,b5,blue,sup,坦克,suishan,standard,0,0,1,1,5488,16820,10484,490.5,7.31,12.33,20.38,3,1,2,2,3,712,255,2786,503,4612,7195,10026,6253,288,,285,1187,17,76,1918,t3_calmveil|t3_thornmail
standard,197,r1,red,top,坦克,bingshouweis,standard,1,1,0,0,5842,19774,10192,476.8,7.87,16.33,19.53,3,1,1,3,3,241,562,437,761,3891,5962,9087,6253,1076,,,1282,,475,,t3_calmveil|t3_thornmail
standard,197,r2,red,jungle,刺客,razorwing,standard,1,1,4,1,4742,9140,10250,479.5,8.65,15.07,20.53,3,1,1,2,3,84,1380,1833,750,4284,6710,9613,6253,286,570,142,95,1790,475,,t3_finalstring
standard,197,r3,red,mid,法師,xingjie,standard,1,1,4,0,11691,12452,10322,482.9,10.07,16.95,,2,0,1,2,2,1932,732,387,921,4192,7232,9787,6253,1301,570,,1282,,380,,t3_psyward
standard,197,r4,red,adc,射手,liuxing,standard,1,6,2,4,29080,10335,13108,613.3,9.78,18.61,19.68,3,1,1,3,3,398,829,109,1958,3748,6209,10009,6253,858,1140,712,570,,475,,t3_shieldbreaker|t3_rendspear
standard,197,r5,red,sup,坦克,suishan,standard,1,3,0,2,7837,19361,13608,636.6,6.98,12.19,15.65,4,1,2,4,4,208,2236,524,2008,5258,9476,12124,6253,391,1710,570,570,,475,2154,t3_calmveil|t3_thornmail
standard,198,b1,blue,top,坦克,tiebi,standard,0,1,2,0,10651,23779,9850,420.8,8.68,15.78,19.79,3,1,1,3,3,251,587,135,699,4201,5987,8685,6253,760,570,,950,,152,,t3_calmveil|t3_thornmail
standard,198,b2,blue,jungle,刺客,jingxiang,standard,0,0,4,0,4848,11646,9062,387.1,9.04,17.74,,2,1,1,2,2,691,474,391,932,3891,5804,7871,6253,199,,,,1266,152,,t3_finalstring
standard,198,b3,blue,mid,法師,auralith,standard,0,1,5,1,10503,13927,9299,397.2,11.45,18.82,,2,0,1,2,2,1447,35,499,268,3707,5645,7849,6253,874,570,,,,152,,t3_psyward
standard,198,b4,blue,adc,射手,shensheng,standard,0,5,7,1,18719,12157,11520,492.1,11.56,18.81,21.78,3,0,1,2,3,1386,373,233,1139,3546,5273,8683,6253,598,1140,285,237,17,152,,t3_shieldbreaker|t3_rendspear
standard,198,b5,blue,sup,坦克,bingshouweis,standard,0,0,1,0,3239,21327,11098,474.1,6.72,12.83,17.58,4,1,2,3,4,401,476,517,198,4601,6976,9497,6253,304,,,237,,152,2550,t3_calmveil|t3_thornmail
standard,198,r1,red,top,坦克,tiebi,standard,1,4,0,0,10598,19233,12377,528.7,9.56,14.06,19.14,4,1,2,3,4,833,546,541,126,3783,6956,10091,6253,988,1710,,665,,475,,t3_calmveil|t3_thornmail
standard,198,r2,red,jungle,刺客,jingxiang,standard,1,1,1,2,5378,9633,11250,480.6,8.42,15.63,22.2,3,1,1,2,3,668,1716,793,1270,3868,7046,9223,6253,142,570,285,190,1307,475,,t3_finalstring
standard,198,r3,red,mid,法師,auralith,standard,1,5,1,0,14970,11886,12766,545.4,9.81,16.98,,2,1,1,2,2,351,508,549,3366,4201,6738,9949,6253,1083,1710,,427,,475,,t3_psyward
standard,198,r4,red,adc,射手,shensheng,standard,1,9,5,1,28354,11646,15426,659,10.38,16.66,19.59,4,0,1,3,4,1956,900,337,1576,4116,6700,10557,6253,788,1710,285,1140,,380,,t3_shieldbreaker|t3_rendspear
standard,198,r5,red,sup,坦克,bingshouweis,standard,1,0,0,1,5757,16628,11808,504.4,6.79,12.18,18.07,4,1,2,3,4,297,725,346,228,4497,7385,9846,6253,190,,,427,,475,2500,t3_calmveil|t3_thornmail
standard,199,b1,blue,top,坦克,shengdun,standard,0,3,0,0,7741,23965,10560,464.8,7.73,12.7,17.05,3,1,2,3,3,271,531,185,629,3821,6861,9635,6253,874,1710,,570,,228,,t3_calmveil|t3_thornmail
standard,199,b2,blue,jungle,刺客,guihuo,standard,0,0,4,1,4053,11585,8788,386.9,9.51,16.99,,2,1,1,2,2,613,308,268,458,3813,5888,7818,6253,171,,95,95,975,228,,t3_finalstring
standard,199,b3,blue,mid,法師,xingjie,standard,0,0,5,1,10859,14162,9078,399.6,10.73,19.15,,2,0,1,2,2,1580,328,37,477,3840,5778,7887,6253,836,,,570,,228,,t3_psyward
standard,199,b4,blue,adc,射手,mori,standard,0,5,3,1,21631,9221,12137,534.3,8.94,16.3,20.92,3,1,1,2,3,490,1048,914,1836,3840,6728,9464,6253,703,1140,95,1045,,228,,t3_shieldbreaker|t3_rendspear
standard,199,b5,blue,sup,輔助,shiguang,standard,0,1,4,1,4886,15964,10171,447.7,5.71,12.48,15.69,3,1,2,3,3,359,544,843,1131,5209,7574,9303,6253,228,570,95,95,,228,1834,t3_calmveil
standard,199,r1,red,top,坦克,shengdun,standard,1,3,1,0,10860,24862,12289,541,7.8,15.61,19.39,4,1,1,3,4,852,459,396,158,3802,5759,9426,6253,1045,1140,,570,,418,,t3_calmveil|t3_thornmail
standard,199,r2,red,jungle,刺客,guihuo,standard,1,4,1,1,7617,10763,12155,535.1,8.81,15.01,20.22,3,1,1,2,3,761,1436,2821,1075,3961,7016,11151,6253,342,2280,285,95,1477,418,,t3_finalstring
standard,199,r3,red,mid,法師,xingjie,standard,1,6,1,3,20953,13593,13280,584.6,10.63,15.91,20.64,3,0,1,2,3,1723,519,865,1949,3983,6719,10265,6253,1219,1710,570,95,,418,,t3_psyward
standard,199,r4,red,adc,射手,mori,standard,1,2,5,0,14854,8639,9356,411.9,9.65,20.28,,2,1,1,1,2,338,160,2201,1106,3688,5360,7881,6253,734,570,,95,,228,,t3_shieldbreaker|t3_rendspear
standard,199,r5,red,sup,輔助,shiguang,standard,1,1,1,1,4532,14901,12483,549.5,6.73,11.87,14.98,4,1,3,4,4,2016,84,659,1033,4516,7784,11539,6253,307,570,285,1995,,418,1711,t3_calmveil
standard,200,b1,blue,top,坦克,shiqiang,standard,0,0,2,0,9190,31153,11079,390.2,8.25,14.97,21.42,3,1,2,2,3,795,132,996,1049,3745,6082,8286,6253,855,,,950,,228,,t3_calmveil|t3_thornmail
standard,200,b2,blue,jungle,刺客,jiansheng,standard,0,1,4,1,11958,14507,11773,414.7,8.33,17.24,22.63,3,1,1,2,3,764,735,318,1073,3964,6065,7968,6253,494,,,,992,228,,t3_finalstring
standard,200,b3,blue,mid,法師,auralith,standard,0,4,6,0,22950,18903,13166,463.7,10.07,16.6,24.28,3,0,1,2,3,1653,165,290,966,3913,6345,9290,6253,1193,1140,,475,,228,,t3_psyward
standard,200,b4,blue,adc,射手,leiting,standard,0,15,11,1,54084,18220,19791,697.1,9.43,17.71,20.6,5,1,1,2,5,205,330,2091,4190,3555,6130,10671,6253,674,2280,285,950,,228,,t3_shieldbreaker|t3_rendspear
standard,200,b5,blue,sup,坦克,tixue,standard,0,1,3,1,8760,28618,12202,429.8,6.49,13.39,17.6,4,1,2,3,4,161,253,364,402,4661,7633,9324,6253,278,570,,,,228,1993,t3_calmveil|t3_thornmail
standard,200,r1,red,top,坦克,shiqiang,standard,1,3,3,0,10325,31187,13264,467.2,8.68,14.92,19.89,4,1,2,3,4,795,42,168,1014,3745,6272,8818,6253,798,1140,,285,,342,,t3_calmveil|t3_thornmail
standard,200,r2,red,jungle,刺客,jiansheng,standard,1,4,2,0,13095,14625,14925,525.7,8.23,16.07,22.63,4,1,1,2,4,478,1347,762,1524,4378,6677,8892,6253,373,,,285,1638,342,,t3_finalstring
standard,200,r3,red,mid,法師,auralith,standard,1,7,7,2,25496,21827,16684,587.6,10.08,16.1,21.89,4,0,1,2,4,1846,285,581,2284,4106,6785,9331,6253,1263,,427,1235,,152,,t3_psyward
standard,200,r4,red,adc,射手,leiting,standard,1,10,8,1,33766,15103,16532,582.3,10.63,19.46,22.76,5,0,1,2,5,1452,489,923,932,3612,5569,8723,6253,703,1140,,285,,342,,t3_shieldbreaker|t3_rendspear
standard,200,r5,red,sup,坦克,tixue,standard,1,2,1,3,11383,27006,15228,536.4,7.08,12.35,16.73,5,1,2,3,5,378,1092,766,1628,5178,8332,10746,6253,319,570,142,760,,342,2358,t3_calmveil|t3_thornmail
