config,seed,pid,side,role,arch,heroId,strategy,won,k,d,a,dmg,taken_approx,gold,goldPerMin,t3_1_min,t3_2_min,t3_3_min,t3Count,completed10,completed15,completed20,completedEnd,unspent10,unspent15,unspent20,unspentEnd,earned10,earned15,earned20,earned20_passive,earned20_minion,earned20_kill,earned20_assist,earned20_tower,earned20_camp,earned20_objective,earned20_tithe,counterPlanned
off,1,b1,blue,top,戰士,embercoil,,0,3,2,0,9106,18320,900,37.2,,,,0,,,,,,,,,,,,,,,,,,0,,
off,1,b2,blue,jungle,戰士,cinderfist,,0,1,2,1,7817,12129,931,38.5,,,,0,,,,,,,,,,,,,,,,,,0,,
off,1,b3,blue,mid,法師,auralith,,0,3,1,0,12108,12430,900,37.2,,,,0,,,,,,,,,,,,,,,,,,0,,
off,1,b4,blue,adc,射手,liangzicz,,0,0,3,0,8997,9853,0,0,,,,0,,,,,,,,,,,,,,,,,,0,,
off,1,b5,blue,sup,坦克,tixue,,0,0,4,1,4559,13266,0,0,,,,0,,,,,,,,,,,,,,,,,,0,,
off,1,r1,red,top,戰士,embercoil,,1,6,1,0,10487,18917,1908,78.8,,,,0,,,,,,,,,,,,,,,,,,0,,
off,1,r2,red,jungle,戰士,cinderfist,,1,2,1,2,9479,11927,1405,58,,,,0,,,,,,,,,,,,,,,,,,0,,
off,1,r3,red,mid,法師,auralith,,1,3,1,1,9688,10867,900,37.2,,,,0,,,,,,,,,,,,,,,,,,0,,
off,1,r4,red,adc,射手,liangzicz,,1,1,2,1,9408,7270,300,12.4,,,,0,,,,,,,,,,,,,,,,,,0,,
off,1,r5,red,sup,坦克,tixue,,1,0,2,1,5959,13669,0,0,,,,0,,,,,,,,,,,,,,,,,,0,,
off,2,b1,blue,top,戰士,cinderfist,,0,2,2,0,11461,30040,600,18.5,,,,0,,,,,,,,,,,,,,,,,,0,,
off,2,b2,blue,jungle,戰士,chichuan,,0,0,3,0,7818,16597,803,24.8,,,,0,,,,,,,,,,,,,,,,,,0,,
off,2,b3,blue,mid,法師,ronghuo,,0,2,4,0,11788,17128,654,20.2,,,,0,,,,,,,,,,,,,,,,,,0,,
off,2,b4,blue,adc,射手,leiting,,0,3,6,0,17406,14579,900,27.8,,,,0,,,,,,,,,,,,,,,,,,0,,
off,2,b5,blue,sup,輔助,linghun,,0,2,4,1,8634,17929,628,19.4,,,,0,,,,,,,,,,,,,,,,,,0,,
off,2,r1,red,top,戰士,cinderfist,,1,6,0,0,14106,25708,1800,55.6,,,,0,,,,,,,,,,,,,,,,,,0,,
off,2,r2,red,jungle,戰士,chichuan,,1,3,2,1,9923,15226,2081,64.3,,,,0,,,,,,,,,,,,,,,,,,0,,
off,2,r3,red,mid,法師,ronghuo,,1,6,2,2,24942,17172,1800,55.6,,,,0,,,,,,,,,,,,,,,,,,0,,
off,2,r4,red,adc,射手,leiting,,1,3,3,3,21149,13056,954,29.5,,,,0,,,,,,,,,,,,,,,,,,0,,
off,2,r5,red,sup,輔助,linghun,,1,1,2,4,7980,16498,300,9.3,,,,0,,,,,,,,,,,,,,,,,,0,,
off,3,b1,blue,top,戰士,leimingcf,,0,0,1,0,7299,17012,0,0,,,,0,,,,,,,,,,,,,,,,,,0,,
off,3,b2,blue,jungle,戰士,jufeng,,0,1,2,0,4547,10102,759,32.1,,,,0,,,,,,,,,,,,,,,,,,0,,
off,3,b3,blue,mid,法師,gambler,,0,0,1,0,8865,11537,0,0,,,,0,,,,,,,,,,,,,,,,,,0,,
off,3,b4,blue,adc,射手,liangzi,,0,0,4,0,9781,8290,0,0,,,,0,,,,,,,,,,,,,,,,,,0,,
off,3,b5,blue,sup,輔助,shiguang,,0,1,2,0,3226,10487,300,12.7,,,,0,,,,,,,,,,,,,,,,,,0,,
off,3,r1,red,top,戰士,leimingcf,,1,4,0,0,8161,16735,1200,50.8,,,,0,,,,,,,,,,,,,,,,,,0,,
off,3,r2,red,jungle,戰士,jufeng,,1,3,0,2,6585,10154,1661,70.2,,,,0,,,,,,,,,,,,,,,,,,0,,
off,3,r3,red,mid,法師,gambler,,1,0,0,0,10859,13114,0,0,,,,0,,,,,,,,,,,,,,,,,,0,,
off,3,r4,red,adc,射手,liangzi,,1,2,2,3,7464,8128,600,25.4,,,,0,,,,,,,,,,,,,,,,,,0,,
off,3,r5,red,sup,輔助,shiguang,,1,1,0,0,3709,10213,332,14.1,,,,0,,,,,,,,,,,,,,,,,,0,,
off,4,b1,blue,top,戰士,dadi2,,0,0,1,1,6007,18092,0,0,,,,0,,,,,,,,,,,,,,,,,,0,,
off,4,b2,blue,jungle,戰士,langwang,,0,0,6,0,5167,11039,586,24.1,,,,0,,,,,,,,,,,,,,,,,,0,,
off,4,b3,blue,mid,法師,ronghuo,,0,0,2,0,12539,12514,0,0,,,,0,,,,,,,,,,,,,,,,,,0,,
off,4,b4,blue,adc,射手,shengyan,,0,2,4,1,9374,8969,654,26.9,,,,0,,,,,,,,,,,,,,,,,,0,,
off,4,b5,blue,sup,坦克,dadi,,0,3,5,0,6484,15948,954,39.2,,,,0,,,,,,,,,,,,,,,,,,0,,
off,4,r1,red,top,戰士,dadi2,,1,6,0,0,8711,17122,1800,74,,,,0,,,,,,,,,,,,,,,,,,0,,
off,4,r2,red,jungle,戰士,langwang,,1,5,0,3,10330,11085,2191,90.1,,,,0,,,,,,,,,,,,,,,,,,0,,
off,4,r3,red,mid,法師,ronghuo,,1,1,1,1,12690,10736,300,12.3,,,,0,,,,,,,,,,,,,,,,,,0,,
off,4,r4,red,adc,射手,shengyan,,1,4,2,1,11170,8530,1200,49.4,,,,0,,,,,,,,,,,,,,,,,,0,,
off,4,r5,red,sup,坦克,dadi,,1,2,2,8,5817,13495,600,24.7,,,,0,,,,,,,,,,,,,,,,,,0,,
off,5,b1,blue,top,戰士,ronggang,,1,3,5,1,15613,29938,900,27.6,,,,0,,,,,,,,,,,,,,,,,,0,,
off,5,b2,blue,jungle,戰士,tielian,,1,2,8,1,7208,15654,1384,42.4,,,,0,,,,,,,,,,,,,,,,,,0,,
off,5,b3,blue,mid,法師,gambler,,1,3,6,4,19671,18315,928,28.4,,,,0,,,,,,,,,,,,,,,,,,0,,
off,5,b4,blue,adc,射手,mirrorshot,,1,4,6,0,18222,14749,1200,36.7,,,,0,,,,,,,,,,,,,,,,,,0,,
off,5,b5,blue,sup,輔助,mantra,,1,1,3,3,5638,17277,300,9.2,,,,0,,,,,,,,,,,,,,,,,,0,,
off,5,r1,red,top,戰士,ronggang,,0,11,2,0,22080,30045,3354,102.7,,,,0,,,,,,,,,,,,,,,,,,0,,
off,5,r2,red,jungle,戰士,tielian,,0,5,5,2,9663,17216,2701,82.7,,,,0,,,,,,,,,,,,,,,,,,0,,
off,5,r3,red,mid,法師,gambler,,0,6,1,1,20088,16588,1800,55.1,,,,0,,,,,,,,,,,,,,,,,,0,,
off,5,r4,red,adc,射手,mirrorshot,,0,4,1,3,16404,13150,1200,36.7,,,,0,,,,,,,,,,,,,,,,,,0,,
off,5,r5,red,sup,輔助,mantra,,0,2,4,5,8043,16731,600,18.4,,,,0,,,,,,,,,,,,,,,,,,0,,
off,6,b1,blue,top,戰士,jingci,,0,3,3,1,11789,27154,900,28.3,,,,0,,,,,,,,,,,,,,,,,,0,,
off,6,b2,blue,jungle,戰士,greymantle,,0,1,4,1,7973,15282,1127,35.4,,,,0,,,,,,,,,,,,,,,,,,0,,
off,6,b3,blue,mid,法師,ronghuo,,0,4,3,0,20462,16814,1200,37.7,,,,0,,,,,,,,,,,,,,,,,,0,,
off,6,b4,blue,adc,射手,hanbing,,0,4,5,2,17676,13639,1254,39.4,,,,0,,,,,,,,,,,,,,,,,,0,,
off,6,b5,blue,sup,輔助,xuemai,,0,2,2,4,8866,18356,628,19.7,,,,0,,,,,,,,,,,,,,,,,,0,,
off,6,r1,red,top,戰士,jingci,,1,3,1,0,11691,26725,900,28.3,,,,0,,,,,,,,,,,,,,,,,,0,,
off,6,r2,red,jungle,戰士,greymantle,,1,3,5,1,10613,15566,2084,65.4,,,,0,,,,,,,,,,,,,,,,,,0,,
off,6,r3,red,mid,法師,ronghuo,,1,4,2,3,23618,16238,1200,37.7,,,,0,,,,,,,,,,,,,,,,,,0,,
off,6,r4,red,adc,射手,hanbing,,1,6,4,2,19565,14586,1800,56.5,,,,0,,,,,,,,,,,,,,,,,,0,,
off,6,r5,red,sup,輔助,xuemai,,1,1,2,5,9660,16440,300,9.4,,,,0,,,,,,,,,,,,,,,,,,0,,
off,7,b1,blue,top,戰士,longyi,,1,0,3,0,6370,20326,0,0,,,,0,,,,,,,,,,,,,,,,,,0,,
off,7,b2,blue,jungle,刺客,jingxiang,,1,2,6,0,7037,11600,1375,51.4,,,,0,,,,,,,,,,,,,,,,,,0,,
off,7,b3,blue,mid,法師,haixiao,,1,3,1,0,14606,14571,900,33.7,,,,0,,,,,,,,,,,,,,,,,,0,,
off,7,b4,blue,adc,射手,xuanfeng,,1,2,3,2,16286,11274,600,22.4,,,,0,,,,,,,,,,,,,,,,,,0,,
off,7,b5,blue,sup,坦克,longji,,1,0,4,0,5632,17052,54,2,,,,0,,,,,,,,,,,,,,,,,,0,,
off,7,r1,red,top,戰士,longyi,,0,0,1,1,6909,19030,0,0,,,,0,,,,,,,,,,,,,,,,,,0,,
off,7,r2,red,jungle,刺客,jingxiang,,0,7,1,2,7468,12637,3034,113.5,,,,0,,,,,,,,,,,,,,,,,,0,,
off,7,r3,red,mid,法師,haixiao,,0,5,3,0,14409,15360,1554,58.1,,,,0,,,,,,,,,,,,,,,,,,0,,
off,7,r4,red,adc,射手,xuanfeng,,0,3,2,4,13649,9355,900,33.7,,,,0,,,,,,,,,,,,,,,,,,0,,
off,7,r5,red,sup,坦克,longji,,0,2,0,1,6505,17007,654,24.5,,,,0,,,,,,,,,,,,,,,,,,0,,
off,8,b1,blue,top,戰士,chichuan,,1,4,1,1,9891,17775,1200,48.2,,,,0,,,,,,,,,,,,,,,,,,0,,
off,8,b2,blue,jungle,刺客,guihuo,,1,1,3,3,6752,9958,887,35.6,,,,0,,,,,,,,,,,,,,,,,,0,,
off,8,b3,blue,mid,法師,leiming,,1,2,2,1,12800,13074,600,24.1,,,,0,,,,,,,,,,,,,,,,,,0,,
off,8,b4,blue,adc,射手,dawnstrike,,1,5,2,0,10318,10373,1500,60.2,,,,0,,,,,,,,,,,,,,,,,,0,,
off,8,b5,blue,sup,坦克,thornwall,,1,3,1,0,5894,15082,900,36.1,,,,0,,,,,,,,,,,,,,,,,,0,,
off,8,r1,red,top,戰士,chichuan,,0,2,2,1,7489,19156,600,24.1,,,,0,,,,,,,,,,,,,,,,,,0,,
off,8,r2,red,jungle,刺客,guihuo,,0,3,3,0,10018,12968,1588,63.7,,,,0,,,,,,,,,,,,,,,,,,0,,
off,8,r3,red,mid,法師,leiming,,0,2,3,0,8246,11777,600,24.1,,,,0,,,,,,,,,,,,,,,,,,0,,
off,8,r4,red,adc,射手,dawnstrike,,0,2,3,0,13034,10545,600,24.1,,,,0,,,,,,,,,,,,,,,,,,0,,
off,8,r5,red,sup,坦克,thornwall,,0,0,4,0,3875,14031,0,0,,,,0,,,,,,,,,,,,,,,,,,0,,
off,9,b1,blue,top,戰士,xueyue,,0,1,0,0,6707,14961,300,14.5,,,,0,,,,,,,,,,,,,,,,,,0,,
off,9,b2,blue,jungle,刺客,jiansheng,,0,4,0,1,3192,8155,1841,89.2,,,,0,,,,,,,,,,,,,,,,,,0,,
off,9,b3,blue,mid,法師,haixiao,,0,1,1,1,7932,9705,300,14.5,,,,0,,,,,,,,,,,,,,,,,,0,,
off,9,b4,blue,adc,射手,yanfeng,,0,2,2,1,5842,7487,600,29.1,,,,0,,,,,,,,,,,,,,,,,,0,,
off,9,b5,blue,sup,輔助,shengming,,0,2,3,0,2584,9051,600,29.1,,,,0,,,,,,,,,,,,,,,,,,0,,
off,9,r1,red,top,戰士,xueyue,,1,4,4,0,6924,14776,1200,58.1,,,,0,,,,,,,,,,,,,,,,,,0,,
off,9,r2,red,jungle,刺客,jiansheng,,1,0,0,1,3614,7280,857,41.5,,,,0,,,,,,,,,,,,,,,,,,0,,
off,9,r3,red,mid,法師,haixiao,,1,1,2,0,8048,9331,300,14.5,,,,0,,,,,,,,,,,,,,,,,,0,,
off,9,r4,red,adc,射手,yanfeng,,1,1,4,0,6089,7355,300,14.5,,,,0,,,,,,,,,,,,,,,,,,0,,
off,9,r5,red,sup,輔助,shengming,,1,0,0,1,3285,9919,0,0,,,,0,,,,,,,,,,,,,,,,,,0,,
off,10,b1,blue,top,戰士,langwang,,1,3,1,0,5694,17201,900,38.9,,,,0,,,,,,,,,,,,,,,,,,0,,
off,10,b2,blue,jungle,刺客,youming,,1,1,4,1,5070,9830,950,41,,,,0,,,,,,,,,,,,,,,,,,0,,
off,10,b3,blue,mid,法師,leiming,,1,1,1,1,11863,11999,300,13,,,,0,,,,,,,,,,,,,,,,,,0,,
off,10,b4,blue,adc,射手,siwang,,1,2,5,0,11957,9741,618,26.7,,,,0,,,,,,,,,,,,,,,,,,0,,
off,10,b5,blue,sup,坦克,tiemu,,1,0,4,2,3666,13975,54,2.3,,,,0,,,,,,,,,,,,,,,,,,0,,
off,10,r1,red,top,戰士,langwang,,0,5,2,1,8988,17066,1500,64.8,,,,0,,,,,,,,,,,,,,,,,,0,,
off,10,r2,red,jungle,刺客,youming,,0,3,1,1,5279,8990,1637,70.7,,,,0,,,,,,,,,,,,,,,,,,0,,
off,10,r3,red,mid,法師,leiming,,0,3,1,0,11234,10513,900,38.9,,,,0,,,,,,,,,,,,,,,,,,0,,
off,10,r4,red,adc,射手,siwang,,0,0,1,4,12322,9011,0,0,,,,0,,,,,,,,,,,,,,,,,,0,,
off,10,r5,red,sup,坦克,tiemu,,0,4,2,5,4681,15283,1200,51.8,,,,0,,,,,,,,,,,,,,,,,,0,,
off,11,b1,blue,top,戰士,rongyan,,0,2,3,2,9443,21888,600,23.2,,,,0,,,,,,,,,,,,,,,,,,0,,
off,11,b2,blue,jungle,刺客,yueying,,0,0,3,0,7133,13111,649,25,,,,0,,,,,,,,,,,,,,,,,,0,,
off,11,b3,blue,mid,法師,haixiao,,0,2,2,0,11504,14470,600,23.2,,,,0,,,,,,,,,,,,,,,,,,0,,
off,11,b4,blue,adc,射手,maestro,,0,1,2,1,7379,10019,300,11.6,,,,0,,,,,,,,,,,,,,,,,,0,,
off,11,b5,blue,sup,坦克,suishan,,0,2,4,0,4988,15693,600,23.2,,,,0,,,,,,,,,,,,,,,,,,0,,
off,11,r1,red,top,戰士,rongyan,,1,7,0,2,13659,17890,2100,81.1,,,,0,,,,,,,,,,,,,,,,,,0,,
off,11,r2,red,jungle,刺客,yueying,,1,2,1,2,8995,11291,1561,60.3,,,,0,,,,,,,,,,,,,,,,,,0,,
off,11,r3,red,mid,法師,haixiao,,1,0,1,4,11654,11155,0,0,,,,0,,,,,,,,,,,,,,,,,,0,,
off,11,r4,red,adc,射手,maestro,,1,4,2,0,15817,10415,1200,46.3,,,,0,,,,,,,,,,,,,,,,,,0,,
off,11,r5,red,sup,坦克,suishan,,1,1,3,1,5601,13484,300,11.6,,,,0,,,,,,,,,,,,,,,,,,0,,
off,12,b1,blue,top,戰士,embercoil,,0,1,0,0,8020,16640,300,12.2,,,,0,,,,,,,,,,,,,,,,,,0,,
off,12,b2,blue,jungle,刺客,yeiren,,0,0,3,0,6705,12061,577,23.5,,,,0,,,,,,,,,,,,,,,,,,0,,
off,12,b3,blue,mid,法師,leiming,,0,0,2,1,11649,12245,0,0,,,,0,,,,,,,,,,,,,,,,,,0,,
off,12,b4,blue,adc,射手,liuxing,,0,2,4,1,6834,9121,600,24.4,,,,0,,,,,,,,,,,,,,,,,,0,,
off,12,b5,blue,sup,輔助,mingyunyindao,,0,1,2,0,4227,11234,354,14.4,,,,0,,,,,,,,,,,,,,,,,,0,,
off,12,r1,red,top,戰士,embercoil,,1,3,1,0,9378,15855,900,36.6,,,,0,,,,,,,,,,,,,,,,,,0,,
off,12,r2,red,jungle,刺客,yeiren,,1,3,1,1,7751,10952,1646,66.9,,,,0,,,,,,,,,,,,,,,,,,0,,
off,12,r3,red,mid,法師,leiming,,1,2,1,2,11416,11150,600,24.4,,,,0,,,,,,,,,,,,,,,,,,0,,
off,12,r4,red,adc,射手,liuxing,,1,0,1,2,10971,8386,0,0,,,,0,,,,,,,,,,,,,,,,,,0,,
off,12,r5,red,sup,輔助,mingyunyindao,,1,3,0,2,3297,9985,900,36.6,,,,0,,,,,,,,,,,,,,,,,,0,,
off,13,b1,blue,top,坦克,ironclad,,0,1,1,0,4941,15221,328,14.5,,,,0,,,,,,,,,,,,,,,,,,0,,
off,13,b2,blue,jungle,刺客,sting,,0,0,1,0,4836,10468,622,27.5,,,,0,,,,,,,,,,,,,,,,,,0,,
off,13,b3,blue,mid,法師,mingyun2,,0,0,4,0,8835,11516,0,0,,,,0,,,,,,,,,,,,,,,,,,0,,
off,13,b4,blue,adc,射手,shensheng,,0,2,4,0,6292,8600,600,26.5,,,,0,,,,,,,,,,,,,,,,,,0,,
off,13,b5,blue,sup,輔助,mingyun,,0,0,4,0,3230,11065,28,1.2,,,,0,,,,,,,,,,,,,,,,,,0,,
off,13,r1,red,top,坦克,ironclad,,1,7,0,0,8587,15342,2100,92.8,,,,0,,,,,,,,,,,,,,,,,,0,,
off,13,r2,red,jungle,刺客,sting,,1,2,1,1,5179,9366,1463,64.7,,,,0,,,,,,,,,,,,,,,,,,0,,
off,13,r3,red,mid,法師,mingyun2,,1,2,1,2,9061,10181,600,26.5,,,,0,,,,,,,,,,,,,,,,,,0,,
off,13,r4,red,adc,射手,shensheng,,1,1,0,2,11448,6443,300,13.3,,,,0,,,,,,,,,,,,,,,,,,0,,
off,13,r5,red,sup,輔助,mingyun,,1,2,1,0,4178,8222,600,26.5,,,,0,,,,,,,,,,,,,,,,,,0,,
off,14,b1,blue,top,坦克,tieshixin,,1,1,6,1,11856,33921,300,7.7,,,,0,,,,,,,,,,,,,,,,,,0,,
off,14,b2,blue,jungle,刺客,binghe,,1,6,9,1,17864,20185,2815,71.9,,,,0,,,,,,,,,,,,,,,,,,0,,
off,14,b3,blue,mid,法師,bingshuang,,1,9,7,2,32423,21725,2754,70.3,,,,0,,,,,,,,,,,,,,,,,,0,,
off,14,b4,blue,adc,射手,mori,,1,15,3,2,37343,20662,4500,114.9,,,,0,,,,,,,,,,,,,,,,,,0,,
off,14,b5,blue,sup,坦克,tixue,,1,2,8,0,10340,26643,600,15.3,,,,0,,,,,,,,,,,,,,,,,,0,,
off,14,r1,red,top,坦克,tieshixin,,0,12,3,1,21204,40663,3654,93.3,,,,0,,,,,,,,,,,,,,,,,,0,,
off,14,r2,red,jungle,刺客,binghe,,0,6,3,2,15873,21850,3079,78.6,,,,0,,,,,,,,,,,,,,,,,,0,,
off,14,r3,red,mid,法師,bingshuang,,0,7,8,1,25080,24564,2100,53.6,,,,0,,,,,,,,,,,,,,,,,,0,,
off,14,r4,red,adc,射手,mori,,0,7,10,4,27187,18568,2100,53.6,,,,0,,,,,,,,,,,,,,,,,,0,,
off,14,r5,red,sup,坦克,tixue,,0,1,9,4,10140,29653,300,7.7,,,,0,,,,,,,,,,,,,,,,,,0,,
off,15,b1,blue,top,坦克,bingshouweis,,0,2,1,0,9098,16684,600,26.2,,,,0,,,,,,,,,,,,,,,,,,0,,
off,15,b2,blue,jungle,刺客,shanying,,0,2,1,0,5108,10613,1140,49.9,,,,0,,,,,,,,,,,,,,,,,,0,,
off,15,b3,blue,mid,法師,mingyun2,,0,2,2,1,11339,12557,600,26.2,,,,0,,,,,,,,,,,,,,,,,,0,,
off,15,b4,blue,adc,射手,leiting,,0,0,2,1,6988,8463,0,0,,,,0,,,,,,,,,,,,,,,,,,0,,
off,15,b5,blue,sup,輔助,linghun,,0,1,1,0,3470,11355,300,13.1,,,,0,,,,,,,,,,,,,,,,,,0,,
off,15,r1,red,top,坦克,bingshouweis,,1,3,2,0,7930,14467,900,39.4,,,,0,,,,,,,,,,,,,,,,,,0,,
off,15,r2,red,jungle,刺客,shanying,,1,2,0,1,6103,10275,1548,67.7,,,,0,,,,,,,,,,,,,,,,,,0,,
off,15,r3,red,mid,法師,mingyun2,,1,1,0,2,12414,10386,300,13.1,,,,0,,,,,,,,,,,,,,,,,,0,,
off,15,r4,red,adc,射手,leiting,,1,1,3,0,7844,8402,300,13.1,,,,0,,,,,,,,,,,,,,,,,,0,,
off,15,r5,red,sup,輔助,linghun,,1,0,2,1,4638,11924,0,0,,,,0,,,,,,,,,,,,,,,,,,0,,
off,16,b1,blue,top,坦克,tiebi,,0,4,4,0,13296,28981,1200,35.7,,,,0,,,,,,,,,,,,,,,,,,0,,
off,16,b2,blue,jungle,刺客,dianguang,,0,2,4,1,11474,16889,1367,40.7,,,,0,,,,,,,,,,,,,,,,,,0,,
off,16,b3,blue,mid,法師,bingshuang,,0,4,4,1,18892,17281,1200,35.7,,,,0,,,,,,,,,,,,,,,,,,0,,
off,16,b4,blue,adc,射手,liangzi,,0,4,4,1,21227,14884,1218,36.3,,,,0,,,,,,,,,,,,,,,,,,0,,
off,16,b5,blue,sup,輔助,huanjing,,0,4,6,2,7424,17008,1200,35.7,,,,0,,,,,,,,,,,,,,,,,,0,,
off,16,r1,red,top,坦克,tiebi,,1,7,3,0,17847,31107,2118,63,,,,0,,,,,,,,,,,,,,,,,,0,,
off,16,r2,red,jungle,刺客,dianguang,,1,6,3,1,9319,17417,3010,89.6,,,,0,,,,,,,,,,,,,,,,,,0,,
off,16,r3,red,mid,法師,bingshuang,,1,1,3,4,19544,20306,354,10.5,,,,0,,,,,,,,,,,,,,,,,,0,,
off,16,r4,red,adc,射手,liangzi,,1,4,4,2,15149,13948,1228,36.5,,,,0,,,,,,,,,,,,,,,,,,0,,
off,16,r5,red,sup,輔助,huanjing,,1,4,5,2,8465,18278,1200,35.7,,,,0,,,,,,,,,,,,,,,,,,0,,
off,17,b1,blue,top,坦克,shengdun,,0,0,8,0,6532,20494,0,0,,,,0,,,,,,,,,,,,,,,,,,0,,
off,17,b2,blue,jungle,戰士,tielian,,0,1,3,0,7611,13067,976,37.7,,,,0,,,,,,,,,,,,,,,,,,0,,
off,17,b3,blue,mid,法師,mingyun2,,0,0,5,0,11735,13960,0,0,,,,0,,,,,,,,,,,,,,,,,,0,,
off,17,b4,blue,adc,射手,shengyan,,0,0,2,0,6886,9971,0,0,,,,0,,,,,,,,,,,,,,,,,,0,,
off,17,b5,blue,sup,坦克,dadi,,0,1,6,0,3928,16431,300,11.6,,,,0,,,,,,,,,,,,,,,,,,0,,
off,17,r1,red,top,坦克,shengdun,,1,15,0,1,11421,18629,4500,174,,,,0,,,,,,,,,,,,,,,,,,0,,
off,17,r2,red,jungle,戰士,tielian,,1,2,0,5,8698,11282,1726,66.7,,,,0,,,,,,,,,,,,,,,,,,0,,
off,17,r3,red,mid,法師,mingyun2,,1,2,0,6,12117,11663,600,23.2,,,,0,,,,,,,,,,,,,,,,,,0,,
off,17,r4,red,adc,射手,shengyan,,1,1,1,5,16082,8547,300,11.6,,,,0,,,,,,,,,,,,,,,,,,0,,
off,17,r5,red,sup,坦克,dadi,,1,4,1,1,4820,13473,1200,46.4,,,,0,,,,,,,,,,,,,,,,,,0,,
off,18,b1,blue,top,坦克,shiqiang,,0,1,1,0,4378,13934,300,14.8,,,,0,,,,,,,,,,,,,,,,,,0,,
off,18,b2,blue,jungle,戰士,greymantle,,0,0,4,1,4027,9132,568,28.1,,,,0,,,,,,,,,,,,,,,,,,0,,
off,18,b3,blue,mid,法師,bingshuang,,0,0,3,1,7415,9859,0,0,,,,0,,,,,,,,,,,,,,,,,,0,,
off,18,b4,blue,adc,射手,mirrorshot,,0,0,4,0,6585,6584,0,0,,,,0,,,,,,,,,,,,,,,,,,0,,
off,18,b5,blue,sup,坦克,ironclad,,0,2,4,1,4516,12474,654,32.3,,,,0,,,,,,,,,,,,,,,,,,0,,
off,18,r1,red,top,坦克,shiqiang,,1,5,1,1,5694,12395,1500,74.1,,,,0,,,,,,,,,,,,,,,,,,0,,
off,18,r2,red,jungle,戰士,greymantle,,1,5,0,3,5443,7221,2127,105.1,,,,0,,,,,,,,,,,,,,,,,,0,,
off,18,r3,red,mid,法師,bingshuang,,1,0,1,0,5474,7868,0,0,,,,0,,,,,,,,,,,,,,,,,,0,,
off,18,r4,red,adc,射手,mirrorshot,,1,2,1,4,12623,6798,600,29.7,,,,0,,,,,,,,,,,,,,,,,,0,,
off,18,r5,red,sup,坦克,ironclad,,1,4,0,0,4740,10745,1254,62,,,,0,,,,,,,,,,,,,,,,,,0,,
off,19,b1,blue,top,坦克,tiemu,,1,2,5,1,15146,30139,600,17.3,,,,0,,,,,,,,,,,,,,,,,,0,,
off,19,b2,blue,jungle,戰士,chichuan,,1,6,4,2,9650,14819,2611,75.3,,,,0,,,,,,,,,,,,,,,,,,0,,
off,19,b3,blue,mid,法師,lieyan,,1,10,3,3,22686,20190,3000,86.5,,,,0,,,,,,,,,,,,,,,,,,0,,
off,19,b4,blue,adc,射手,hanbing,,1,11,5,4,20567,14950,3300,95.2,,,,0,,,,,,,,,,,,,,,,,,0,,
off,19,b5,blue,sup,輔助,xuemai,,1,1,2,5,9760,17719,300,8.7,,,,0,,,,,,,,,,,,,,,,,,0,,
off,19,r1,red,top,坦克,tiemu,,0,4,3,2,11904,28156,1326,38.3,,,,0,,,,,,,,,,,,,,,,,,0,,
off,19,r2,red,jungle,戰士,chichuan,,0,6,6,0,11980,19329,2997,86.5,,,,0,,,,,,,,,,,,,,,,,,0,,
off,19,r3,red,mid,法師,lieyan,,0,7,6,3,18306,20538,2146,61.9,,,,0,,,,,,,,,,,,,,,,,,0,,
off,19,r4,red,adc,射手,hanbing,,0,2,11,1,22385,17895,600,17.3,,,,0,,,,,,,,,,,,,,,,,,0,,
off,19,r5,red,sup,輔助,xuemai,,0,0,4,5,9368,18009,0,0,,,,0,,,,,,,,,,,,,,,,,,0,,
off,20,b1,blue,top,坦克,longji,,0,2,4,1,10321,20686,600,23.7,,,,0,,,,,,,,,,,,,,,,,,0,,
off,20,b2,blue,jungle,戰士,dadi2,,0,1,6,0,6794,12161,895,35.3,,,,0,,,,,,,,,,,,,,,,,,0,,
off,20,b3,blue,mid,法師,shikong,,0,2,3,0,11134,13630,600,23.7,,,,0,,,,,,,,,,,,,,,,,,0,,
off,20,b4,blue,adc,射手,tianfa,,0,0,3,2,7734,8971,0,0,,,,0,,,,,,,,,,,,,,,,,,0,,
off,20,b5,blue,sup,坦克,tiemu,,0,1,4,0,4373,15666,318,12.5,,,,0,,,,,,,,,,,,,,,,,,0,,
off,20,r1,red,top,坦克,longji,,1,6,1,1,11918,18082,1800,71,,,,0,,,,,,,,,,,,,,,,,,0,,
off,20,r2,red,jungle,戰士,dadi2,,1,8,0,2,8755,10711,3442,135.7,,,,0,,,,,,,,,,,,,,,,,,0,,
off,20,r3,red,mid,法師,shikong,,1,2,1,4,14929,11427,600,23.7,,,,0,,,,,,,,,,,,,,,,,,0,,
off,20,r4,red,adc,射手,tianfa,,1,2,2,2,12247,8751,600,23.7,,,,0,,,,,,,,,,,,,,,,,,0,,
off,20,r5,red,sup,坦克,tiemu,,1,2,2,3,6291,13301,600,23.7,,,,0,,,,,,,,,,,,,,,,,,0,,
off,21,b1,blue,top,坦克,tixue,,0,0,0,0,10480,16538,0,0,,,,0,,,,,,,,,,,,,,,,,,0,,
off,21,b2,blue,jungle,戰士,fengbao,,0,2,2,0,5509,10532,1249,50.8,,,,0,,,,,,,,,,,,,,,,,,0,,
off,21,b3,blue,mid,法師,lieyan,,0,3,1,0,9785,13326,900,36.6,,,,0,,,,,,,,,,,,,,,,,,0,,
off,21,b4,blue,adc,射手,dawnstrike,,0,0,4,1,11228,9803,0,0,,,,0,,,,,,,,,,,,,,,,,,0,,
off,21,b5,blue,sup,坦克,stoneguard,,0,0,4,0,3253,15716,54,2.2,,,,0,,,,,,,,,,,,,,,,,,0,,
off,21,r1,red,top,坦克,tixue,,1,3,0,1,10564,18384,900,36.6,,,,0,,,,,,,,,,,,,,,,,,0,,
off,21,r2,red,jungle,戰士,fengbao,,1,2,1,2,6028,9246,1681,68.5,,,,0,,,,,,,,,,,,,,,,,,0,,
off,21,r3,red,mid,法師,lieyan,,1,3,1,0,12837,12012,900,36.6,,,,0,,,,,,,,,,,,,,,,,,0,,
off,21,r4,red,adc,射手,dawnstrike,,1,2,3,2,9274,9281,600,24.4,,,,0,,,,,,,,,,,,,,,,,,0,,
off,21,r5,red,sup,坦克,stoneguard,,1,1,0,1,5664,14949,300,12.2,,,,0,,,,,,,,,,,,,,,,,,0,,
off,22,b1,blue,top,坦克,suishan,,0,1,1,0,11427,29408,300,9.1,,,,0,,,,,,,,,,,,,,,,,,0,,
off,22,b2,blue,jungle,戰士,anliuyouXia,,0,0,2,0,5973,15774,856,26,,,,0,,,,,,,,,,,,,,,,,,0,,
off,22,b3,blue,mid,法師,shikong,,0,5,3,0,20584,17858,1500,45.6,,,,0,,,,,,,,,,,,,,,,,,0,,
off,22,b4,blue,adc,射手,yanfeng,,0,9,3,2,23653,15006,2700,82,,,,0,,,,,,,,,,,,,,,,,,0,,
off,22,b5,blue,sup,輔助,shengming,,0,0,4,2,8474,17283,28,0.8,,,,0,,,,,,,,,,,,,,,,,,0,,
off,22,r1,red,top,坦克,suishan,,1,4,0,2,17688,29431,1200,36.5,,,,0,,,,,,,,,,,,,,,,,,0,,
off,22,r2,red,jungle,戰士,anliuyouXia,,1,6,3,1,9226,16196,3145,95.6,,,,0,,,,,,,,,,,,,,,,,,0,,
off,22,r3,red,mid,法師,shikong,,1,2,3,2,18115,17248,600,18.2,,,,0,,,,,,,,,,,,,,,,,,0,,
off,22,r4,red,adc,射手,yanfeng,,1,0,7,0,15822,14321,0,0,,,,0,,,,,,,,,,,,,,,,,,0,,
off,22,r5,red,sup,輔助,shengming,,1,1,2,3,9953,16458,300,9.1,,,,0,,,,,,,,,,,,,,,,,,0,,
off,23,b1,blue,top,坦克,thornwall,,0,2,2,0,8888,18588,600,24.6,,,,0,,,,,,,,,,,,,,,,,,0,,
off,23,b2,blue,jungle,戰士,embercoil,,0,0,2,0,5287,11756,883,36.2,,,,0,,,,,,,,,,,,,,,,,,0,,
off,23,b3,blue,mid,法師,lieyan,,0,1,3,0,11686,12987,300,12.3,,,,0,,,,,,,,,,,,,,,,,,0,,
off,23,b4,blue,adc,射手,siwang,,0,0,3,0,9542,9322,0,0,,,,0,,,,,,,,,,,,,,,,,,0,,
off,23,b5,blue,sup,輔助,mingyun,,0,0,4,1,4971,12069,28,1.1,,,,0,,,,,,,,,,,,,,,,,,0,,
off,23,r1,red,top,坦克,thornwall,,1,9,0,2,16519,20130,2700,110.7,,,,0,,,,,,,,,,,,,,,,,,0,,
off,23,r2,red,jungle,戰士,embercoil,,1,1,3,2,5218,9794,981,40.2,,,,0,,,,,,,,,,,,,,,,,,0,,
off,23,r3,red,mid,法師,lieyan,,1,1,0,2,11847,11385,300,12.3,,,,0,,,,,,,,,,,,,,,,,,0,,
off,23,r4,red,adc,射手,siwang,,1,1,0,0,9296,8334,300,12.3,,,,0,,,,,,,,,,,,,,,,,,0,,
off,23,r5,red,sup,輔助,mingyun,,1,2,0,1,5196,9872,600,24.6,,,,0,,,,,,,,,,,,,,,,,,0,,
off,24,b1,blue,top,坦克,ironclad,,1,3,1,0,7836,17011,900,38.1,,,,0,,,,,,,,,,,,,,,,,,0,,
off,24,b2,blue,jungle,戰士,hunpo,,1,4,1,2,8139,10364,1921,81.3,,,,0,,,,,,,,,,,,,,,,,,0,,
off,24,b3,blue,mid,法師,shikong,,1,2,1,4,9295,11790,600,25.4,,,,0,,,,,,,,,,,,,,,,,,0,,
off,24,b4,blue,adc,射手,maestro,,1,2,3,2,7919,8442,600,25.4,,,,0,,,,,,,,,,,,,,,,,,0,,
off,24,b5,blue,sup,坦克,tixue,,1,3,4,1,5139,14273,900,38.1,,,,0,,,,,,,,,,,,,,,,,,0,,
off,24,r1,red,top,坦克,ironclad,,0,6,0,0,9860,16442,1800,76.2,,,,0,,,,,,,,,,,,,,,,,,0,,
off,24,r2,red,jungle,戰士,hunpo,,0,2,4,2,9091,9951,1361,57.6,,,,0,,,,,,,,,,,,,,,,,,0,,
off,24,r3,red,mid,法師,shikong,,0,0,3,1,7619,11088,0,0,,,,0,,,,,,,,,,,,,,,,,,0,,
off,24,r4,red,adc,射手,maestro,,0,1,3,0,8917,7688,300,12.7,,,,0,,,,,,,,,,,,,,,,,,0,,
off,24,r5,red,sup,坦克,tixue,,0,1,4,1,3605,12637,300,12.7,,,,0,,,,,,,,,,,,,,,,,,0,,
off,25,b1,blue,top,坦克,tieshixin,,0,1,3,1,8547,23185,328,11.2,,,,0,,,,,,,,,,,,,,,,,,0,,
off,25,b2,blue,jungle,戰士,ravager,,0,1,3,0,4552,14497,1075,36.6,,,,0,,,,,,,,,,,,,,,,,,0,,
off,25,b3,blue,mid,法師,xingjie,,0,1,3,3,14344,15827,300,10.2,,,,0,,,,,,,,,,,,,,,,,,0,,
off,25,b4,blue,adc,射手,liuxing,,0,4,8,2,9571,13943,1200,40.9,,,,0,,,,,,,,,,,,,,,,,,0,,
off,25,b5,blue,sup,輔助,mingyunyindao,,0,1,5,1,5051,15839,300,10.2,,,,0,,,,,,,,,,,,,,,,,,0,,
off,25,r1,red,top,坦克,tieshixin,,1,6,2,0,11693,22324,1800,61.3,,,,0,,,,,,,,,,,,,,,,,,0,,
off,25,r2,red,jungle,戰士,ravager,,1,2,0,3,7425,11244,1666,56.8,,,,0,,,,,,,,,,,,,,,,,,0,,
off,25,r3,red,mid,法師,xingjie,,1,7,1,2,21805,15211,2100,71.6,,,,0,,,,,,,,,,,,,,,,,,0,,
off,25,r4,red,adc,射手,liuxing,,1,5,5,2,15382,11896,1500,51.1,,,,0,,,,,,,,,,,,,,,,,,0,,
off,25,r5,red,sup,輔助,mingyunyindao,,1,2,0,1,5390,13533,600,20.4,,,,0,,,,,,,,,,,,,,,,,,0,,
off,26,b1,blue,top,坦克,tiankong,,1,4,1,0,12268,20388,1200,45.4,,,,0,,,,,,,,,,,,,,,,,,0,,
off,26,b2,blue,jungle,戰士,xueyue,,1,4,0,0,5259,9352,1786,67.5,,,,0,,,,,,,,,,,,,,,,,,0,,
off,26,b3,blue,mid,法師,auralith,,1,0,2,0,11186,12808,0,0,,,,0,,,,,,,,,,,,,,,,,,0,,
off,26,b4,blue,adc,射手,guangsu,,1,3,4,1,12084,9864,900,34,,,,0,,,,,,,,,,,,,,,,,,0,,
off,26,b5,blue,sup,輔助,shiguang,,1,0,0,1,5660,12580,0,0,,,,0,,,,,,,,,,,,,,,,,,0,,
off,26,r1,red,top,坦克,tiankong,,0,1,2,0,9354,20702,300,11.3,,,,0,,,,,,,,,,,,,,,,,,0,,
off,26,r2,red,jungle,戰士,xueyue,,0,1,1,1,5831,12527,1105,41.8,,,,0,,,,,,,,,,,,,,,,,,0,,
off,26,r3,red,mid,法師,auralith,,0,0,4,1,10072,13485,0,0,,,,0,,,,,,,,,,,,,,,,,,0,,
off,26,r4,red,adc,射手,guangsu,,0,2,3,0,10386,11639,600,22.7,,,,0,,,,,,,,,,,,,,,,,,0,,
off,26,r5,red,sup,輔助,shiguang,,0,3,1,0,7144,13452,900,34,,,,0,,,,,,,,,,,,,,,,,,0,,
off,27,b1,blue,top,坦克,tiebi,,0,0,3,1,10313,20446,0,0,,,,0,,,,,,,,,,,,,,,,,,0,,
off,27,b2,blue,jungle,戰士,ronggang,,0,2,2,0,5964,12417,1177,45.5,,,,0,,,,,,,,,,,,,,,,,,0,,
off,27,b3,blue,mid,法師,xingjie,,0,1,4,1,11664,12111,300,11.6,,,,0,,,,,,,,,,,,,,,,,,0,,
off,27,b4,blue,adc,射手,mori,,0,2,4,0,8184,9119,600,23.2,,,,0,,,,,,,,,,,,,,,,,,0,,
off,27,b5,blue,sup,坦克,tixue,,0,4,7,1,5824,17103,1200,46.3,,,,0,,,,,,,,,,,,,,,,,,0,,
off,27,r1,red,top,坦克,tiebi,,1,11,0,1,12996,19277,3336,128.8,,,,0,,,,,,,,,,,,,,,,,,0,,
off,27,r2,red,jungle,戰士,ronggang,,1,3,1,4,5420,9189,1993,76.9,,,,0,,,,,,,,,,,,,,,,,,0,,
off,27,r3,red,mid,法師,xingjie,,1,2,3,5,12667,10073,600,23.2,,,,0,,,,,,,,,,,,,,,,,,0,,
off,27,r4,red,adc,射手,mori,,1,3,3,0,14093,10345,900,34.7,,,,0,,,,,,,,,,,,,,,,,,0,,
off,27,r5,red,sup,坦克,tixue,,1,1,2,2,7474,15823,300,11.6,,,,0,,,,,,,,,,,,,,,,,,0,,
off,28,b1,blue,top,坦克,xukong,,0,1,8,0,7475,25528,300,9.7,,,,0,,,,,,,,,,,,,,,,,,0,,
off,28,b2,blue,jungle,刺客,yueying,,0,3,6,0,10364,15195,1738,56.4,,,,0,,,,,,,,,,,,,,,,,,0,,
off,28,b3,blue,mid,法師,auralith,,0,3,8,2,14914,19360,900,29.2,,,,0,,,,,,,,,,,,,,,,,,0,,
off,28,b4,blue,adc,射手,leiting,,0,4,5,0,17842,13182,1200,38.9,,,,0,,,,,,,,,,,,,,,,,,0,,
off,28,b5,blue,sup,坦克,ironclad,,0,1,7,0,6940,21160,300,9.7,,,,0,,,,,,,,,,,,,,,,,,0,,
off,28,r1,red,top,坦克,xukong,,1,11,0,1,15981,22731,3300,107,,,,0,,,,,,,,,,,,,,,,,,0,,
off,28,r2,red,jungle,刺客,yueying,,1,6,3,4,10183,14623,2881,93.4,,,,0,,,,,,,,,,,,,,,,,,0,,
off,28,r3,red,mid,法師,auralith,,1,8,2,3,18690,15904,2400,77.8,,,,0,,,,,,,,,,,,,,,,,,0,,
off,28,r4,red,adc,射手,leiting,,1,4,2,6,20526,10706,1200,38.9,,,,0,,,,,,,,,,,,,,,,,,0,,
off,28,r5,red,sup,坦克,ironclad,,1,5,5,5,8046,20035,1500,48.6,,,,0,,,,,,,,,,,,,,,,,,0,,
off,29,b1,blue,top,坦克,shiqiang,,0,0,3,0,4916,17787,0,0,,,,0,,,,,,,,,,,,,,,,,,0,,
off,29,b2,blue,jungle,刺客,leisuhunter,,0,0,5,0,5522,13255,667,26.4,,,,0,,,,,,,,,,,,,,,,,,0,,
off,29,b3,blue,mid,法師,xingjie,,0,1,0,0,11599,13317,300,11.9,,,,0,,,,,,,,,,,,,,,,,,0,,
off,29,b4,blue,adc,射手,liangzi,,0,1,5,0,10565,9595,300,11.9,,,,0,,,,,,,,,,,,,,,,,,0,,
off,29,b5,blue,sup,輔助,huanjing,,0,1,3,1,5500,12652,300,11.9,,,,0,,,,,,,,,,,,,,,,,,0,,
off,29,r1,red,top,坦克,shiqiang,,1,9,0,1,10372,19900,2700,106.8,,,,0,,,,,,,,,,,,,,,,,,0,,
off,29,r2,red,jungle,刺客,leisuhunter,,1,4,0,0,6173,9668,2111,83.5,,,,0,,,,,,,,,,,,,,,,,,0,,
off,29,r3,red,mid,法師,xingjie,,1,1,0,2,17208,12193,300,11.9,,,,0,,,,,,,,,,,,,,,,,,0,,
off,29,r4,red,adc,射手,liangzi,,1,0,2,2,8905,8138,0,0,,,,0,,,,,,,,,,,,,,,,,,0,,
off,29,r5,red,sup,輔助,huanjing,,1,2,1,2,3333,11773,600,23.7,,,,0,,,,,,,,,,,,,,,,,,0,,
off,30,b1,blue,top,坦克,tiemu,,1,6,3,1,13182,24398,1800,57,,,,0,,,,,,,,,,,,,,,,,,0,,
off,30,b2,blue,jungle,刺客,duskblade,,1,3,5,2,12018,16681,1586,50.2,,,,0,,,,,,,,,,,,,,,,,,0,,
off,30,b3,blue,mid,法師,gambler,,1,6,2,1,18676,16296,1800,57,,,,0,,,,,,,,,,,,,,,,,,0,,
off,30,b4,blue,adc,射手,shengyan,,1,6,9,2,18535,13620,1800,57,,,,0,,,,,,,,,,,,,,,,,,0,,
off,30,b5,blue,sup,坦克,dadi,,1,3,7,1,8810,21578,982,31.1,,,,0,,,,,,,,,,,,,,,,,,0,,
off,30,r1,red,top,坦克,tiemu,,0,8,3,2,17193,29137,2472,78.3,,,,0,,,,,,,,,,,,,,,,,,0,,
off,30,r2,red,jungle,刺客,duskblade,,0,6,4,2,11113,17591,2834,89.7,,,,0,,,,,,,,,,,,,,,,,,0,,
off,30,r3,red,mid,法師,gambler,,0,4,5,5,17452,17684,1200,38,,,,0,,,,,,,,,,,,,,,,,,0,,
off,30,r4,red,adc,射手,shengyan,,0,6,6,6,16800,13494,1800,57,,,,0,,,,,,,,,,,,,,,,,,0,,
off,30,r5,red,sup,坦克,dadi,,0,2,6,3,6998,21664,600,19,,,,0,,,,,,,,,,,,,,,,,,0,,
off,31,b1,blue,top,坦克,dadi,,1,3,5,0,14889,29063,928,30.5,,,,0,,,,,,,,,,,,,,,,,,0,,
off,31,b2,blue,jungle,刺客,binghe,,1,0,4,0,7443,13322,739,24.3,,,,0,,,,,,,,,,,,,,,,,,0,,
off,31,b3,blue,mid,法師,ronghuo,,1,4,3,1,17879,16903,1200,39.5,,,,0,,,,,,,,,,,,,,,,,,0,,
off,31,b4,blue,adc,射手,mirrorshot,,1,1,4,0,15464,14039,354,11.6,,,,0,,,,,,,,,,,,,,,,,,0,,
off,31,b5,blue,sup,坦克,thornwall,,1,1,7,1,5762,19261,300,9.9,,,,0,,,,,,,,,,,,,,,,,,0,,
off,31,r1,red,top,坦克,dadi,,0,9,0,3,14719,24760,2700,88.8,,,,0,,,,,,,,,,,,,,,,,,0,,
off,31,r2,red,jungle,刺客,binghe,,0,4,5,4,9191,15338,2333,76.7,,,,0,,,,,,,,,,,,,,,,,,0,,
off,31,r3,red,mid,法師,ronghuo,,0,5,2,2,23008,17516,1500,49.3,,,,0,,,,,,,,,,,,,,,,,,0,,
off,31,r4,red,adc,射手,mirrorshot,,0,1,2,4,11458,11325,300,9.9,,,,0,,,,,,,,,,,,,,,,,,0,,
off,31,r5,red,sup,坦克,thornwall,,0,4,0,5,8192,18040,1200,39.5,,,,0,,,,,,,,,,,,,,,,,,0,,
off,32,b1,blue,top,坦克,tixue,,0,0,1,0,5049,16444,0,0,,,,0,,,,,,,,,,,,,,,,,,0,,
off,32,b2,blue,jungle,刺客,jueying,,0,0,3,0,5028,10503,704,29.6,,,,0,,,,,,,,,,,,,,,,,,0,,
off,32,b3,blue,mid,法師,gambler,,0,2,1,0,11546,11669,600,25.2,,,,0,,,,,,,,,,,,,,,,,,0,,
off,32,b4,blue,adc,射手,hanbing,,0,1,4,0,7604,8753,300,12.6,,,,0,,,,,,,,,,,,,,,,,,0,,
off,32,b5,blue,sup,輔助,xuemai,,0,0,3,0,4841,10598,54,2.3,,,,0,,,,,,,,,,,,,,,,,,0,,
off,32,r1,red,top,坦克,tixue,,1,4,1,2,9825,17687,1254,52.7,,,,0,,,,,,,,,,,,,,,,,,0,,
off,32,r2,red,jungle,刺客,jueying,,1,5,1,0,7043,10368,2611,109.6,,,,0,,,,,,,,,,,,,,,,,,0,,
off,32,r3,red,mid,法師,gambler,,1,1,0,1,10328,10531,300,12.6,,,,0,,,,,,,,,,,,,,,,,,0,,
off,32,r4,red,adc,射手,hanbing,,1,2,1,1,9593,8223,600,25.2,,,,0,,,,,,,,,,,,,,,,,,0,,
off,32,r5,red,sup,輔助,xuemai,,1,0,0,0,2641,9272,0,0,,,,0,,,,,,,,,,,,,,,,,,0,,
off,33,b1,blue,top,坦克,stoneguard,,0,1,0,0,9164,16910,328,14.6,,,,0,,,,,,,,,,,,,,,,,,0,,
off,33,b2,blue,jungle,刺客,anye,,0,2,2,0,7043,10945,1258,56.2,,,,0,,,,,,,,,,,,,,,,,,0,,
off,33,b3,blue,mid,法師,ronghuo,,0,0,4,0,8700,9964,0,0,,,,0,,,,,,,,,,,,,,,,,,0,,
off,33,b4,blue,adc,射手,tianfa,,0,1,1,1,7037,8514,300,13.4,,,,0,,,,,,,,,,,,,,,,,,0,,
off,33,b5,blue,sup,輔助,fengshen,,0,0,4,1,3599,12070,0,0,,,,0,,,,,,,,,,,,,,,,,,0,,
off,33,r1,red,top,坦克,stoneguard,,1,4,0,1,8694,13533,1200,53.7,,,,0,,,,,,,,,,,,,,,,,,0,,
off,33,r2,red,jungle,刺客,anye,,1,4,2,0,5455,9363,1958,87.5,,,,0,,,,,,,,,,,,,,,,,,0,,
off,33,r3,red,mid,法師,ronghuo,,1,3,0,2,11401,9822,900,40.2,,,,0,,,,,,,,,,,,,,,,,,0,,
off,33,r4,red,adc,射手,tianfa,,1,0,0,3,10448,8165,0,0,,,,0,,,,,,,,,,,,,,,,,,0,,
off,33,r5,red,sup,輔助,fengshen,,1,0,2,2,5126,8460,0,0,,,,0,,,,,,,,,,,,,,,,,,0,,
off,34,b1,blue,top,坦克,thornwall,,1,8,2,3,15764,35730,2454,63.6,,,,0,,,,,,,,,,,,,,,,,,0,,
off,34,b2,blue,jungle,刺客,wuxing,,1,2,5,3,11468,18144,1653,42.8,,,,0,,,,,,,,,,,,,,,,,,0,,
off,34,b3,blue,mid,法師,gambler,,1,9,5,2,23503,23627,2700,69.9,,,,0,,,,,,,,,,,,,,,,,,0,,
off,34,b4,blue,adc,射手,dawnstrike,,1,12,6,1,30546,18169,3600,93.2,,,,0,,,,,,,,,,,,,,,,,,0,,
off,34,b5,blue,sup,坦克,suishan,,1,1,6,3,8325,26535,300,7.8,,,,0,,,,,,,,,,,,,,,,,,0,,
off,34,r1,red,top,坦克,thornwall,,0,11,3,0,18446,34132,3354,86.9,,,,0,,,,,,,,,,,,,,,,,,0,,
off,34,r2,red,jungle,刺客,wuxing,,0,2,5,2,11932,19040,2097,54.3,,,,0,,,,,,,,,,,,,,,,,,0,,
off,34,r3,red,mid,法師,gambler,,0,5,5,1,24985,23085,1500,38.9,,,,0,,,,,,,,,,,,,,,,,,0,,
off,34,r4,red,adc,射手,dawnstrike,,0,6,9,3,34826,17131,1800,46.6,,,,0,,,,,,,,,,,,,,,,,,0,,
off,34,r5,red,sup,坦克,suishan,,0,0,10,5,9213,26621,0,0,,,,0,,,,,,,,,,,,,,,,,,0,,
off,35,b1,blue,top,戰士,ravager,,0,0,3,1,8377,18239,0,0,,,,0,,,,,,,,,,,,,,,,,,0,,
off,35,b2,blue,jungle,刺客,voidrift,,0,1,1,0,4853,10815,795,32.3,,,,0,,,,,,,,,,,,,,,,,,0,,
off,35,b3,blue,mid,法師,ronghuo,,0,1,2,0,13228,12724,318,12.9,,,,0,,,,,,,,,,,,,,,,,,0,,
off,35,b4,blue,adc,射手,yanfeng,,0,4,1,1,8013,8276,1200,48.7,,,,0,,,,,,,,,,,,,,,,,,0,,
off,35,b5,blue,sup,輔助,shengming,,0,0,3,0,3359,11130,0,0,,,,0,,,,,,,,,,,,,,,,,,0,,
off,35,r1,red,top,戰士,ravager,,1,2,0,1,7574,16286,600,24.4,,,,0,,,,,,,,,,,,,,,,,,0,,
off,35,r2,red,jungle,刺客,voidrift,,1,2,0,0,6436,10547,1249,50.7,,,,0,,,,,,,,,,,,,,,,,,0,,
off,35,r3,red,mid,法師,ronghuo,,1,2,4,0,9824,13287,600,24.4,,,,0,,,,,,,,,,,,,,,,,,0,,
off,35,r4,red,adc,射手,yanfeng,,1,2,0,2,10722,9978,600,24.4,,,,0,,,,,,,,,,,,,,,,,,0,,
off,35,r5,red,sup,輔助,shengming,,1,2,2,1,5742,10783,600,24.4,,,,0,,,,,,,,,,,,,,,,,,0,,
off,36,b1,blue,top,戰士,dadi2,,1,1,0,0,7684,16294,300,12.1,,,,0,,,,,,,,,,,,,,,,,,0,,
off,36,b2,blue,jungle,刺客,jingxiang,,1,2,1,0,8216,11857,1168,46.9,,,,0,,,,,,,,,,,,,,,,,,0,,
off,36,b3,blue,mid,法師,haixiao,,1,2,3,0,10301,11731,654,26.3,,,,0,,,,,,,,,,,,,,,,,,0,,
off,36,b4,blue,adc,射手,siwang,,1,4,4,0,7691,9624,1200,48.2,,,,0,,,,,,,,,,,,,,,,,,0,,
off,36,b5,blue,sup,輔助,mingyun,,1,1,3,0,3436,9104,300,12.1,,,,0,,,,,,,,,,,,,,,,,,0,,
off,36,r1,red,top,戰士,dadi2,,0,3,2,1,9287,17032,900,36.2,,,,0,,,,,,,,,,,,,,,,,,0,,
off,36,r2,red,jungle,刺客,jingxiang,,0,4,0,0,8971,11843,2045,82.1,,,,0,,,,,,,,,,,,,,,,,,0,,
off,36,r3,red,mid,法師,haixiao,,0,1,3,1,10315,12075,300,12.1,,,,0,,,,,,,,,,,,,,,,,,0,,
off,36,r4,red,adc,射手,siwang,,0,3,5,0,8536,10538,900,36.2,,,,0,,,,,,,,,,,,,,,,,,0,,
off,36,r5,red,sup,輔助,mingyun,,0,0,0,1,2156,11639,0,0,,,,0,,,,,,,,,,,,,,,,,,0,,
off,37,b1,blue,top,戰士,ronggang,,0,2,7,1,17164,37108,618,15.3,,,,0,,,,,,,,,,,,,,,,,,0,,
off,37,b2,blue,jungle,刺客,guihuo,,0,4,9,1,15174,23598,2302,57.1,,,,0,,,,,,,,,,,,,,,,,,0,,
off,37,b3,blue,mid,法師,leiming,,0,2,14,2,25692,25703,600,14.9,,,,0,,,,,,,,,,,,,,,,,,0,,
off,37,b4,blue,adc,射手,maestro,,0,2,9,1,24832,18222,618,15.3,,,,0,,,,,,,,,,,,,,,,,,0,,
off,37,b5,blue,sup,坦克,suishan,,0,2,10,1,10764,31619,600,14.9,,,,0,,,,,,,,,,,,,,,,,,0,,
off,37,r1,red,top,戰士,ronggang,,1,14,3,1,27784,39882,4272,105.9,,,,0,,,,,,,,,,,,,,,,,,0,,
off,37,r2,red,jungle,刺客,guihuo,,1,7,3,3,12292,19870,3484,86.4,,,,0,,,,,,,,,,,,,,,,,,0,,
off,37,r3,red,mid,法師,leiming,,1,13,0,1,33269,23592,3900,96.7,,,,0,,,,,,,,,,,,,,,,,,0,,
off,37,r4,red,adc,射手,maestro,,1,10,3,5,31922,16793,3000,74.4,,,,0,,,,,,,,,,,,,,,,,,0,,
off,37,r5,red,sup,坦克,suishan,,1,5,3,2,9309,24372,1500,37.2,,,,0,,,,,,,,,,,,,,,,,,0,,
off,38,b1,blue,top,戰士,jingci,,0,2,2,1,10789,20204,600,23.4,,,,0,,,,,,,,,,,,,,,,,,0,,
off,38,b2,blue,jungle,戰士,fengbao,,0,3,1,0,8399,12013,1458,56.9,,,,0,,,,,,,,,,,,,,,,,,0,,
off,38,b3,blue,mid,法師,haixiao,,0,4,2,2,13930,12081,1200,46.8,,,,0,,,,,,,,,,,,,,,,,,0,,
off,38,b4,blue,adc,射手,liuxing,,0,0,5,2,10891,9843,0,0,,,,0,,,,,,,,,,,,,,,,,,0,,
off,38,b5,blue,sup,坦克,tieshixin,,0,3,3,2,5665,15021,900,35.1,,,,0,,,,,,,,,,,,,,,,,,0,,
off,38,r1,red,top,戰士,jingci,,1,9,1,0,15046,21812,2808,109.6,,,,0,,,,,,,,,,,,,,,,,,0,,
off,38,r2,red,jungle,戰士,fengbao,,1,1,2,3,8049,11677,1220,47.6,,,,0,,,,,,,,,,,,,,,,,,0,,
off,38,r3,red,mid,法師,haixiao,,1,3,4,1,13111,13500,900,35.1,,,,0,,,,,,,,,,,,,,,,,,0,,
off,38,r4,red,adc,射手,liuxing,,1,0,2,2,8749,8738,0,0,,,,0,,,,,,,,,,,,,,,,,,0,,
off,38,r5,red,sup,坦克,tieshixin,,1,0,3,2,4416,14902,54,2.1,,,,0,,,,,,,,,,,,,,,,,,0,,
off,39,b1,blue,top,戰士,longyi,,0,8,4,0,14770,33071,2400,66.8,,,,0,,,,,,,,,,,,,,,,,,0,,
off,39,b2,blue,jungle,戰士,ronggang,,0,4,5,1,11434,17321,2165,60.3,,,,0,,,,,,,,,,,,,,,,,,0,,
off,39,b3,blue,mid,法師,leiming,,0,4,6,6,26134,22682,1200,33.4,,,,0,,,,,,,,,,,,,,,,,,0,,
off,39,b4,blue,adc,射手,guangsu,,0,6,6,1,19348,16197,1800,50.1,,,,0,,,,,,,,,,,,,,,,,,0,,
off,39,b5,blue,sup,輔助,shiguang,,0,2,5,4,9259,21119,600,16.7,,,,0,,,,,,,,,,,,,,,,,,0,,
off,39,r1,red,top,戰士,longyi,,1,9,2,0,17026,29873,2754,76.7,,,,0,,,,,,,,,,,,,,,,,,0,,
off,39,r2,red,jungle,戰士,ronggang,,1,4,7,3,12815,18626,2366,65.9,,,,0,,,,,,,,,,,,,,,,,,0,,
off,39,r3,red,mid,法師,leiming,,1,10,4,1,25316,19201,3018,84,,,,0,,,,,,,,,,,,,,,,,,0,,
off,39,r4,red,adc,射手,guangsu,,1,2,8,3,21282,15925,600,16.7,,,,0,,,,,,,,,,,,,,,,,,0,,
off,39,r5,red,sup,輔助,shiguang,,1,1,3,5,11827,19225,318,8.9,,,,0,,,,,,,,,,,,,,,,,,0,,
off,40,b1,blue,top,戰士,chichuan,,0,2,1,0,10115,18378,600,24.8,,,,0,,,,,,,,,,,,,,,,,,0,,
off,40,b2,blue,jungle,戰士,kuangfeng,,0,1,1,0,6069,8945,976,40.4,,,,0,,,,,,,,,,,,,,,,,,0,,
off,40,b3,blue,mid,法師,haixiao,,0,4,1,1,9962,12362,1228,50.8,,,,0,,,,,,,,,,,,,,,,,,0,,
off,40,b4,blue,adc,射手,mori,,0,2,1,3,12895,9221,600,24.8,,,,0,,,,,,,,,,,,,,,,,,0,,
off,40,b5,blue,sup,坦克,tixue,,0,0,4,1,4614,15375,54,2.2,,,,0,,,,,,,,,,,,,,,,,,0,,
off,40,r1,red,top,戰士,chichuan,,1,1,1,0,11458,19764,300,12.4,,,,0,,,,,,,,,,,,,,,,,,0,,
off,40,r2,red,jungle,戰士,kuangfeng,,1,2,2,0,5161,9938,1357,56.2,,,,0,,,,,,,,,,,,,,,,,,0,,
off,40,r3,red,mid,法師,haixiao,,1,2,3,0,10781,13614,600,24.8,,,,0,,,,,,,,,,,,,,,,,,0,,
off,40,r4,red,adc,射手,mori,,1,1,1,2,10634,8814,300,12.4,,,,0,,,,,,,,,,,,,,,,,,0,,
off,40,r5,red,sup,坦克,tixue,,1,2,2,4,4998,16002,600,24.8,,,,0,,,,,,,,,,,,,,,,,,0,,
off,41,b1,blue,top,戰士,xueyue,,0,1,2,1,13760,21997,300,11.6,,,,0,,,,,,,,,,,,,,,,,,0,,
off,41,b2,blue,jungle,戰士,longyi,,0,1,5,1,7756,13590,1093,42.2,,,,0,,,,,,,,,,,,,,,,,,0,,
off,41,b3,blue,mid,法師,leiming,,0,0,2,1,16918,15487,0,0,,,,0,,,,,,,,,,,,,,,,,,0,,
off,41,b4,blue,adc,射手,leiting,,0,0,8,0,7398,11633,0,0,,,,0,,,,,,,,,,,,,,,,,,0,,
off,41,b5,blue,sup,坦克,ironclad,,0,4,3,0,4295,15974,1272,49.1,,,,0,,,,,,,,,,,,,,,,,,0,,
off,41,r1,red,top,戰士,xueyue,,1,8,0,1,15232,21041,2400,92.7,,,,0,,,,,,,,,,,,,,,,,,0,,
off,41,r2,red,jungle,戰士,longyi,,1,0,1,2,6372,9439,872,33.7,,,,0,,,,,,,,,,,,,,,,,,0,,
off,41,r3,red,mid,法師,leiming,,1,3,2,4,13721,12431,918,35.4,,,,0,,,,,,,,,,,,,,,,,,0,,
off,41,r4,red,adc,射手,leiting,,1,4,1,3,13522,9159,1236,47.7,,,,0,,,,,,,,,,,,,,,,,,0,,
off,41,r5,red,sup,坦克,ironclad,,1,5,2,2,7761,17450,1518,58.6,,,,0,,,,,,,,,,,,,,,,,,0,,
off,42,b1,blue,top,戰士,fengbao,,1,3,0,0,9102,19731,900,33.2,,,,0,,,,,,,,,,,,,,,,,,0,,
off,42,b2,blue,jungle,戰士,ravager,,1,4,1,1,8653,12272,1921,70.8,,,,0,,,,,,,,,,,,,,,,,,0,,
off,42,b3,blue,mid,法師,mingyun2,,1,6,2,3,14743,14106,1800,66.4,,,,0,,,,,,,,,,,,,,,,,,0,,
off,42,b4,blue,adc,射手,liangzi,,1,1,3,7,13070,10007,354,13.1,,,,0,,,,,,,,,,,,,,,,,,0,,
off,42,b5,blue,sup,輔助,huanjing,,1,2,2,4,7799,13975,618,22.8,,,,0,,,,,,,,,,,,,,,,,,0,,
off,42,r1,red,top,戰士,fengbao,,0,6,3,0,11755,22317,1800,66.4,,,,0,,,,,,,,,,,,,,,,,,0,,
off,42,r2,red,jungle,戰士,ravager,,0,1,4,1,8951,13259,1354,49.9,,,,0,,,,,,,,,,,,,,,,,,0,,
off,42,r3,red,mid,法師,mingyun2,,0,1,4,2,11954,14147,300,11.1,,,,0,,,,,,,,,,,,,,,,,,0,,
off,42,r4,red,adc,射手,liangzi,,0,0,2,1,9798,11273,0,0,,,,0,,,,,,,,,,,,,,,,,,0,,
off,42,r5,red,sup,輔助,huanjing,,0,0,3,3,6829,13740,0,0,,,,0,,,,,,,,,,,,,,,,,,0,,
off,43,b1,blue,top,戰士,rongyan,,0,0,0,0,8601,20192,0,0,,,,0,,,,,,,,,,,,,,,,,,0,,
off,43,b2,blue,jungle,戰士,dushe,,0,1,1,0,4802,10397,985,39.5,,,,0,,,,,,,,,,,,,,,,,,0,,
off,43,b3,blue,mid,法師,bingshuang,,0,1,2,0,8835,13247,300,12,,,,0,,,,,,,,,,,,,,,,,,0,,
off,43,b4,blue,adc,射手,shengyan,,0,1,3,0,6881,9873,300,12,,,,0,,,,,,,,,,,,,,,,,,0,,
off,43,b5,blue,sup,輔助,zhanchang,,0,0,2,0,4000,11588,0,0,,,,0,,,,,,,,,,,,,,,,,,0,,
off,43,r1,red,top,戰士,rongyan,,1,2,1,0,8092,17716,600,24.1,,,,0,,,,,,,,,,,,,,,,,,0,,
off,43,r2,red,jungle,戰士,dushe,,1,0,0,0,3376,8662,850,34.1,,,,0,,,,,,,,,,,,,,,,,,0,,
off,43,r3,red,mid,法師,bingshuang,,1,3,0,0,12665,12621,900,36.1,,,,0,,,,,,,,,,,,,,,,,,0,,
off,43,r4,red,adc,射手,shengyan,,1,1,1,3,13486,9055,300,12,,,,0,,,,,,,,,,,,,,,,,,0,,
off,43,r5,red,sup,輔助,zhanchang,,1,2,1,1,6096,11610,600,24.1,,,,0,,,,,,,,,,,,,,,,,,0,,
off,44,b1,blue,top,戰士,embercoil,,0,2,3,1,7485,18338,600,24.6,,,,0,,,,,,,,,,,,,,,,,,0,,
off,44,b2,blue,jungle,戰士,jufeng,,0,2,2,1,5265,12485,1132,46.5,,,,0,,,,,,,,,,,,,,,,,,0,,
off,44,b3,blue,mid,法師,mingyun2,,0,4,3,0,11407,13440,1200,49.3,,,,0,,,,,,,,,,,,,,,,,,0,,
off,44,b4,blue,adc,射手,mirrorshot,,0,3,4,1,12233,8823,900,37,,,,0,,,,,,,,,,,,,,,,,,0,,
off,44,b5,blue,sup,坦克,thornwall,,0,0,2,2,4279,14388,0,0,,,,0,,,,,,,,,,,,,,,,,,0,,
off,44,r1,red,top,戰士,embercoil,,1,8,0,0,8083,16596,2400,98.6,,,,0,,,,,,,,,,,,,,,,,,0,,
off,44,r2,red,jungle,戰士,jufeng,,1,3,5,1,6382,10397,1819,74.7,,,,0,,,,,,,,,,,,,,,,,,0,,
off,44,r3,red,mid,法師,mingyun2,,1,1,2,6,16965,10742,300,12.3,,,,0,,,,,,,,,,,,,,,,,,0,,
off,44,r4,red,adc,射手,mirrorshot,,1,1,3,3,9785,8225,300,12.3,,,,0,,,,,,,,,,,,,,,,,,0,,
off,44,r5,red,sup,坦克,thornwall,,1,1,1,8,7607,13844,300,12.3,,,,0,,,,,,,,,,,,,,,,,,0,,
off,45,b1,blue,top,戰士,cinderfist,,0,1,1,0,5319,16955,300,12.7,,,,0,,,,,,,,,,,,,,,,,,0,,
off,45,b2,blue,jungle,戰士,langwang,,0,0,3,1,2952,10359,632,26.8,,,,0,,,,,,,,,,,,,,,,,,0,,
off,45,b3,blue,mid,法師,bingshuang,,0,0,3,0,10991,12266,0,0,,,,0,,,,,,,,,,,,,,,,,,0,,
off,45,b4,blue,adc,射手,dujian,,0,1,10,0,5724,9815,300,12.7,,,,0,,,,,,,,,,,,,,,,,,0,,
off,45,b5,blue,sup,輔助,xuemai,,0,1,2,1,3144,10082,300,12.7,,,,0,,,,,,,,,,,,,,,,,,0,,
off,45,r1,red,top,戰士,cinderfist,,1,5,1,0,6388,17955,1500,63.5,,,,0,,,,,,,,,,,,,,,,,,0,,
off,45,r2,red,jungle,戰士,langwang,,1,3,1,0,5136,9674,1792,75.8,,,,0,,,,,,,,,,,,,,,,,,0,,
off,45,r3,red,mid,法師,bingshuang,,1,5,1,1,10262,11475,1500,63.5,,,,0,,,,,,,,,,,,,,,,,,0,,
off,45,r4,red,adc,射手,dujian,,1,2,0,4,9071,7393,600,25.4,,,,0,,,,,,,,,,,,,,,,,,0,,
off,45,r5,red,sup,輔助,xuemai,,1,4,0,3,4717,10480,1200,50.8,,,,0,,,,,,,,,,,,,,,,,,0,,
off,46,b1,blue,top,戰士,leimingcf,,1,3,1,1,10726,22680,900,33.1,,,,0,,,,,,,,,,,,,,,,,,0,,
off,46,b2,blue,jungle,戰士,tielian,,1,2,2,2,8190,11738,1412,52,,,,0,,,,,,,,,,,,,,,,,,0,,
off,46,b3,blue,mid,法師,mingyun2,,1,3,3,1,11642,14674,900,33.1,,,,0,,,,,,,,,,,,,,,,,,0,,
off,46,b4,blue,adc,射手,tianfa,,1,3,2,1,11370,9981,900,33.1,,,,0,,,,,,,,,,,,,,,,,,0,,
off,46,b5,blue,sup,輔助,fengshen,,1,1,5,1,5718,14890,300,11,,,,0,,,,,,,,,,,,,,,,,,0,,
off,46,r1,red,top,戰士,leimingcf,,0,2,0,2,11205,21904,600,22.1,,,,0,,,,,,,,,,,,,,,,,,0,,
off,46,r2,red,jungle,戰士,tielian,,0,6,2,1,9178,13285,2807,103.3,,,,0,,,,,,,,,,,,,,,,,,0,,
off,46,r3,red,mid,法師,mingyun2,,0,3,3,1,12972,14601,900,33.1,,,,0,,,,,,,,,,,,,,,,,,0,,
off,46,r4,red,adc,射手,tianfa,,0,2,4,5,11609,11710,600,22.1,,,,0,,,,,,,,,,,,,,,,,,0,,
off,46,r5,red,sup,輔助,fengshen,,0,0,3,3,5921,13790,0,0,,,,0,,,,,,,,,,,,,,,,,,0,,
off,47,b1,blue,top,戰士,jufeng,,0,0,2,0,4783,17121,0,0,,,,0,,,,,,,,,,,,,,,,,,0,,
off,47,b2,blue,jungle,戰士,greymantle,,0,0,4,1,6445,9798,568,24,,,,0,,,,,,,,,,,,,,,,,,0,,
off,47,b3,blue,mid,法師,bingshuang,,0,2,0,1,9664,11942,600,25.3,,,,0,,,,,,,,,,,,,,,,,,0,,
off,47,b4,blue,adc,射手,dawnstrike,,0,1,5,0,8474,9707,300,12.7,,,,0,,,,,,,,,,,,,,,,,,0,,
off,47,b5,blue,sup,坦克,stoneguard,,0,2,1,1,4998,14300,600,25.3,,,,0,,,,,,,,,,,,,,,,,,0,,
off,47,r1,red,top,戰士,jufeng,,1,2,1,0,8042,14997,600,25.3,,,,0,,,,,,,,,,,,,,,,,,0,,
off,47,r2,red,jungle,戰士,greymantle,,1,3,0,1,5596,9323,1903,80.3,,,,0,,,,,,,,,,,,,,,,,,0,,
off,47,r3,red,mid,法師,bingshuang,,1,3,2,2,9406,12069,954,40.3,,,,0,,,,,,,,,,,,,,,,,,0,,
off,47,r4,red,adc,射手,dawnstrike,,1,2,1,3,10158,8034,600,25.3,,,,0,,,,,,,,,,,,,,,,,,0,,
off,47,r5,red,sup,坦克,stoneguard,,1,2,1,2,6538,13853,600,25.3,,,,0,,,,,,,,,,,,,,,,,,0,,
off,48,b1,blue,top,戰士,anliuyouXia,,0,1,3,1,8575,23698,300,10.9,,,,0,,,,,,,,,,,,,,,,,,0,,
off,48,b2,blue,jungle,刺客,miwu,,0,2,1,0,7682,13311,1411,51.1,,,,0,,,,,,,,,,,,,,,,,,0,,
off,48,b3,blue,mid,法師,lieyan,,0,1,3,2,10789,14402,318,11.5,,,,0,,,,,,,,,,,,,,,,,,0,,
off,48,b4,blue,adc,射手,yanfeng,,0,3,5,1,10924,11296,900,32.6,,,,0,,,,,,,,,,,,,,,,,,0,,
off,48,b5,blue,sup,坦克,bingshouweis,,0,1,7,0,4483,16799,300,10.9,,,,0,,,,,,,,,,,,,,,,,,0,,
off,48,r1,red,top,戰士,anliuyouXia,,1,2,0,1,11778,20060,654,23.7,,,,0,,,,,,,,,,,,,,,,,,0,,
off,48,r2,red,jungle,刺客,miwu,,1,2,1,0,4886,9816,1621,58.7,,,,0,,,,,,,,,,,,,,,,,,0,,
off,48,r3,red,mid,法師,lieyan,,1,7,1,4,18018,13806,2100,76,,,,0,,,,,,,,,,,,,,,,,,0,,
off,48,r4,red,adc,射手,yanfeng,,1,6,3,4,19071,11174,1800,65.2,,,,0,,,,,,,,,,,,,,,,,,0,,
off,48,r5,red,sup,坦克,bingshouweis,,1,2,3,1,4074,14158,600,21.7,,,,0,,,,,,,,,,,,,,,,,,0,,
off,49,b1,blue,top,戰士,tielian,,1,2,0,0,6475,21576,600,23.9,,,,0,,,,,,,,,,,,,,,,,,0,,
off,49,b2,blue,jungle,刺客,jueying,,1,1,1,0,5172,11997,1064,42.4,,,,0,,,,,,,,,,,,,,,,,,0,,
off,49,b3,blue,mid,法師,shikong,,1,3,5,0,8792,14297,900,35.8,,,,0,,,,,,,,,,,,,,,,,,0,,
off,49,b4,blue,adc,射手,siwang,,1,0,2,1,6252,10122,0,0,,,,0,,,,,,,,,,,,,,,,,,0,,
off,49,b5,blue,sup,輔助,mingyun,,1,0,2,0,5141,13465,0,0,,,,0,,,,,,,,,,,,,,,,,,0,,
off,49,r1,red,top,戰士,tielian,,0,2,1,0,8693,16236,600,23.9,,,,0,,,,,,,,,,,,,,,,,,0,,
off,49,r2,red,jungle,刺客,jueying,,0,4,1,1,7389,10968,2188,87.1,,,,0,,,,,,,,,,,,,,,,,,0,,
off,49,r3,red,mid,法師,shikong,,0,2,1,2,16491,11723,600,23.9,,,,0,,,,,,,,,,,,,,,,,,0,,
off,49,r4,red,adc,射手,siwang,,0,1,3,2,10461,8810,354,14.1,,,,0,,,,,,,,,,,,,,,,,,0,,
off,49,r5,red,sup,輔助,mingyun,,0,1,0,1,5186,11093,300,11.9,,,,0,,,,,,,,,,,,,,,,,,0,,
off,50,b1,blue,top,戰士,longyi,,0,1,6,0,9693,22085,300,11,,,,0,,,,,,,,,,,,,,,,,,0,,
off,50,b2,blue,jungle,刺客,anye,,0,2,3,0,7615,14836,1339,48.9,,,,0,,,,,,,,,,,,,,,,,,0,,
off,50,b3,blue,mid,法師,lieyan,,0,0,6,1,15038,15455,28,1,,,,0,,,,,,,,,,,,,,,,,,0,,
off,50,b4,blue,adc,射手,maestro,,0,1,5,0,10931,10704,300,11,,,,0,,,,,,,,,,,,,,,,,,0,,
off,50,b5,blue,sup,坦克,suishan,,0,1,3,1,4892,16516,354,12.9,,,,0,,,,,,,,,,,,,,,,,,0,,
off,50,r1,red,top,戰士,longyi,,1,9,0,3,17169,21930,2700,98.6,,,,0,,,,,,,,,,,,,,,,,,0,,
off,50,r2,red,jungle,刺客,anye,,1,5,2,2,8192,12152,2413,88.2,,,,0,,,,,,,,,,,,,,,,,,0,,
off,50,r3,red,mid,法師,lieyan,,1,2,1,4,14164,11495,654,23.9,,,,0,,,,,,,,,,,,,,,,,,0,,
off,50,r4,red,adc,射手,maestro,,1,5,1,2,17918,10243,1500,54.8,,,,0,,,,,,,,,,,,,,,,,,0,,
off,50,r5,red,sup,坦克,suishan,,1,2,1,2,5819,15113,600,21.9,,,,0,,,,,,,,,,,,,,,,,,0,,
off,51,b1,blue,top,戰士,chichuan,,0,0,1,1,6836,18061,0,0,,,,0,,,,,,,,,,,,,,,,,,0,,
off,51,b2,blue,jungle,刺客,hundun,,0,0,3,1,4201,9390,926,36.9,,,,0,,,,,,,,,,,,,,,,,,0,,
off,51,b3,blue,mid,法師,shikong,,0,2,7,0,9365,13774,600,23.9,,,,0,,,,,,,,,,,,,,,,,,0,,
off,51,b4,blue,adc,射手,huanying,,0,2,3,0,8196,9769,672,26.8,,,,0,,,,,,,,,,,,,,,,,,0,,
off,51,b5,blue,sup,坦克,tieshixin,,0,2,7,0,5175,16262,618,24.6,,,,0,,,,,,,,,,,,,,,,,,0,,
off,51,r1,red,top,戰士,chichuan,,1,5,1,0,7479,16751,1500,59.7,,,,0,,,,,,,,,,,,,,,,,,0,,
off,51,r2,red,jungle,刺客,hundun,,1,6,1,5,9648,10829,2845,113.3,,,,0,,,,,,,,,,,,,,,,,,0,,
off,51,r3,red,mid,法師,shikong,,1,5,2,2,9382,12084,1500,59.7,,,,0,,,,,,,,,,,,,,,,,,0,,
off,51,r4,red,adc,射手,huanying,,1,3,2,0,15601,9521,915,36.4,,,,0,,,,,,,,,,,,,,,,,,0,,
off,51,r5,red,sup,坦克,tieshixin,,1,2,0,5,5559,13110,669,26.6,,,,0,,,,,,,,,,,,,,,,,,0,,
off,52,b1,blue,top,戰士,xueyue,,0,1,3,0,6275,18465,300,12.5,,,,0,,,,,,,,,,,,,,,,,,0,,
off,52,b2,blue,jungle,刺客,razorwing,,0,0,3,0,4978,11745,631,26.2,,,,0,,,,,,,,,,,,,,,,,,0,,
off,52,b3,blue,mid,法師,lieyan,,0,2,1,1,8705,11182,600,24.9,,,,0,,,,,,,,,,,,,,,,,,0,,
off,52,b4,blue,adc,射手,guangsu,,0,1,5,0,9174,8435,300,12.5,,,,0,,,,,,,,,,,,,,,,,,0,,
off,52,b5,blue,sup,輔助,shiguang,,0,1,4,0,4333,10927,354,14.7,,,,0,,,,,,,,,,,,,,,,,,0,,
off,52,r1,red,top,戰士,xueyue,,1,8,2,0,11886,17424,2400,99.7,,,,0,,,,,,,,,,,,,,,,,,0,,
off,52,r2,red,jungle,刺客,razorwing,,1,6,0,1,9026,11131,2528,105,,,,0,,,,,,,,,,,,,,,,,,0,,
off,52,r3,red,mid,法師,lieyan,,1,1,1,3,10110,11121,300,12.5,,,,0,,,,,,,,,,,,,,,,,,0,,
off,52,r4,red,adc,射手,guangsu,,1,1,1,2,8554,7336,300,12.5,,,,0,,,,,,,,,,,,,,,,,,0,,
off,52,r5,red,sup,輔助,shiguang,,1,0,1,4,3754,10396,0,0,,,,0,,,,,,,,,,,,,,,,,,0,,
off,53,b1,blue,top,戰士,langwang,,0,3,4,0,13059,26408,900,29.7,,,,0,,,,,,,,,,,,,,,,,,0,,
off,53,b2,blue,jungle,刺客,jingxiang,,0,1,5,0,5944,13352,1103,36.3,,,,0,,,,,,,,,,,,,,,,,,0,,
off,53,b3,blue,mid,法師,auralith,,0,3,3,2,15877,16340,928,30.6,,,,0,,,,,,,,,,,,,,,,,,0,,
off,53,b4,blue,adc,射手,mori,,0,2,9,3,14357,12952,600,19.8,,,,0,,,,,,,,,,,,,,,,,,0,,
off,53,b5,blue,sup,輔助,fuwenbianzhi,,0,3,4,1,9078,16397,900,29.7,,,,0,,,,,,,,,,,,,,,,,,0,,
off,53,r1,red,top,戰士,langwang,,1,12,1,1,15878,24965,3600,118.6,,,,0,,,,,,,,,,,,,,,,,,0,,
off,53,r2,red,jungle,刺客,jingxiang,,1,4,3,1,11346,16033,2187,72.1,,,,0,,,,,,,,,,,,,,,,,,0,,
off,53,r3,red,mid,法師,auralith,,1,3,2,0,16681,16316,900,29.7,,,,0,,,,,,,,,,,,,,,,,,0,,
off,53,r4,red,adc,射手,mori,,1,4,4,0,11271,11430,1200,39.5,,,,0,,,,,,,,,,,,,,,,,,0,,
off,53,r5,red,sup,輔助,fuwenbianzhi,,1,2,2,5,7603,14948,600,19.8,,,,0,,,,,,,,,,,,,,,,,,0,,
off,54,b1,blue,top,戰士,kuangfeng,,0,0,2,1,10687,17462,0,0,,,,0,,,,,,,,,,,,,,,,,,0,,
off,54,b2,blue,jungle,刺客,sting,,0,2,0,1,3855,9252,1194,50.6,,,,0,,,,,,,,,,,,,,,,,,0,,
off,54,b3,blue,mid,法師,xingjie,,0,3,1,0,10682,11595,900,38.1,,,,0,,,,,,,,,,,,,,,,,,0,,
off,54,b4,blue,adc,射手,leiting,,0,3,3,0,8904,9412,900,38.1,,,,0,,,,,,,,,,,,,,,,,,0,,
off,54,b5,blue,sup,坦克,ironclad,,0,1,4,1,4293,14074,300,12.7,,,,0,,,,,,,,,,,,,,,,,,0,,
off,54,r1,red,top,戰士,kuangfeng,,1,3,0,0,10785,20067,900,38.1,,,,0,,,,,,,,,,,,,,,,,,0,,
off,54,r2,red,jungle,刺客,sting,,1,4,1,1,6178,8961,2201,93.2,,,,0,,,,,,,,,,,,,,,,,,0,,
off,54,r3,red,mid,法師,xingjie,,1,1,2,1,10547,11072,300,12.7,,,,0,,,,,,,,,,,,,,,,,,0,,
off,54,r4,red,adc,射手,leiting,,1,2,3,3,9598,8207,600,25.4,,,,0,,,,,,,,,,,,,,,,,,0,,
off,54,r5,red,sup,坦克,ironclad,,1,0,3,3,4170,13428,0,0,,,,0,,,,,,,,,,,,,,,,,,0,,
off,55,b1,blue,top,戰士,greymantle,,1,7,2,0,13936,31547,2118,62.6,,,,0,,,,,,,,,,,,,,,,,,0,,
off,55,b2,blue,jungle,刺客,yingsi,,1,1,4,1,5989,15998,1382,40.8,,,,0,,,,,,,,,,,,,,,,,,0,,
off,55,b3,blue,mid,法師,auralith,,1,3,7,2,19027,19346,900,26.6,,,,0,,,,,,,,,,,,,,,,,,0,,
off,55,b4,blue,adc,射手,liangzi,,1,1,3,0,20039,14046,300,8.9,,,,0,,,,,,,,,,,,,,,,,,0,,
off,55,b5,blue,sup,輔助,huanjing,,1,2,4,0,11568,20663,600,17.7,,,,0,,,,,,,,,,,,,,,,,,0,,
off,55,r1,red,top,戰士,greymantle,,0,9,2,0,12703,29461,2700,79.8,,,,0,,,,,,,,,,,,,,,,,,0,,
off,55,r2,red,jungle,刺客,yingsi,,0,4,3,1,11327,19233,2458,72.6,,,,0,,,,,,,,,,,,,,,,,,0,,
off,55,r3,red,mid,法師,auralith,,0,3,2,2,23511,17660,954,28.2,,,,0,,,,,,,,,,,,,,,,,,0,,
off,55,r4,red,adc,射手,liangzi,,0,3,5,3,22322,14793,900,26.6,,,,0,,,,,,,,,,,,,,,,,,0,,
off,55,r5,red,sup,輔助,huanjing,,0,1,2,5,8535,16545,408,12.1,,,,0,,,,,,,,,,,,,,,,,,0,,
off,56,b1,blue,top,戰士,ravager,,0,2,3,0,6872,19526,600,26.4,,,,0,,,,,,,,,,,,,,,,,,0,,
off,56,b2,blue,jungle,刺客,youming,,0,0,0,0,3731,9388,604,26.6,,,,0,,,,,,,,,,,,,,,,,,0,,
off,56,b3,blue,mid,法師,xingjie,,0,0,1,1,11974,11880,0,0,,,,0,,,,,,,,,,,,,,,,,,0,,
off,56,b4,blue,adc,射手,shengyan,,0,0,5,0,7137,8270,18,0.8,,,,0,,,,,,,,,,,,,,,,,,0,,
off,56,b5,blue,sup,輔助,zhanchang,,0,0,1,0,3780,11952,0,0,,,,0,,,,,,,,,,,,,,,,,,0,,
off,56,r1,red,top,戰士,ravager,,1,4,0,0,10658,18127,1200,52.9,,,,0,,,,,,,,,,,,,,,,,,0,,
off,56,r2,red,jungle,刺客,youming,,1,3,0,0,4968,7772,1870,82.4,,,,0,,,,,,,,,,,,,,,,,,0,,
off,56,r3,red,mid,法師,xingjie,,1,2,0,1,13101,10833,600,26.4,,,,0,,,,,,,,,,,,,,,,,,0,,
off,56,r4,red,adc,射手,shengyan,,1,0,0,1,13495,8166,0,0,,,,0,,,,,,,,,,,,,,,,,,0,,
off,56,r5,red,sup,輔助,zhanchang,,1,1,2,1,4148,10315,354,15.6,,,,0,,,,,,,,,,,,,,,,,,0,,
off,57,b1,blue,top,戰士,leimingcf,,0,1,1,1,9333,21410,354,14.2,,,,0,,,,,,,,,,,,,,,,,,0,,
off,57,b2,blue,jungle,刺客,yueying,,0,1,3,2,5181,11415,824,33.1,,,,0,,,,,,,,,,,,,,,,,,0,,
off,57,b3,blue,mid,法師,auralith,,0,2,2,0,13917,13765,654,26.3,,,,0,,,,,,,,,,,,,,,,,,0,,
off,57,b4,blue,adc,射手,xingchen,,0,4,6,0,11406,9652,1200,48.2,,,,0,,,,,,,,,,,,,,,,,,0,,
off,57,b5,blue,sup,坦克,thornwall,,0,1,5,1,3226,14116,300,12,,,,0,,,,,,,,,,,,,,,,,,0,,
off,57,r1,red,top,戰士,leimingcf,,1,6,1,1,11458,18031,1818,73,,,,0,,,,,,,,,,,,,,,,,,0,,
off,57,r2,red,jungle,刺客,yueying,,1,4,0,0,4978,9753,1972,79.2,,,,0,,,,,,,,,,,,,,,,,,0,,
off,57,r3,red,mid,法師,auralith,,1,2,2,2,16939,13214,600,24.1,,,,0,,,,,,,,,,,,,,,,,,0,,
off,57,r4,red,adc,射手,xingchen,,1,3,2,4,13754,8061,900,36.1,,,,0,,,,,,,,,,,,,,,,,,0,,
off,57,r5,red,sup,坦克,thornwall,,1,2,4,4,4595,13424,600,24.1,,,,0,,,,,,,,,,,,,,,,,,0,,
off,58,b1,blue,top,坦克,tiankong,,0,1,4,0,10827,22480,300,10.2,,,,0,,,,,,,,,,,,,,,,,,0,,
off,58,b2,blue,jungle,戰士,tielian,,0,1,6,0,5093,11756,1066,36.3,,,,0,,,,,,,,,,,,,,,,,,0,,
off,58,b3,blue,mid,法師,xingjie,,0,2,5,1,18765,17216,600,20.4,,,,0,,,,,,,,,,,,,,,,,,0,,
off,58,b4,blue,adc,射手,dujian,,0,3,4,0,13310,12223,900,30.6,,,,0,,,,,,,,,,,,,,,,,,0,,
off,58,b5,blue,sup,坦克,tiebi,,0,1,6,0,5434,19778,300,10.2,,,,0,,,,,,,,,,,,,,,,,,0,,
off,58,r1,red,top,坦克,tiankong,,1,8,1,0,14298,23807,2400,81.7,,,,0,,,,,,,,,,,,,,,,,,0,,
off,58,r2,red,jungle,戰士,tielian,,1,5,1,5,10573,12354,2611,88.9,,,,0,,,,,,,,,,,,,,,,,,0,,
off,58,r3,red,mid,法師,xingjie,,1,4,3,2,18175,15515,1200,40.9,,,,0,,,,,,,,,,,,,,,,,,0,,
off,58,r4,red,adc,射手,dujian,,1,5,1,1,17136,11394,1500,51.1,,,,0,,,,,,,,,,,,,,,,,,0,,
off,58,r5,red,sup,坦克,tiebi,,1,3,2,6,8032,19060,900,30.6,,,,0,,,,,,,,,,,,,,,,,,0,,
off,59,b1,blue,top,坦克,tiebi,,0,0,4,0,4345,17575,18,0.8,,,,0,,,,,,,,,,,,,,,,,,0,,
off,59,b2,blue,jungle,戰士,cinderfist,,0,3,3,0,5896,10744,1477,64,,,,0,,,,,,,,,,,,,,,,,,0,,
off,59,b3,blue,mid,法師,gambler,,0,0,4,1,6863,10683,0,0,,,,0,,,,,,,,,,,,,,,,,,0,,
off,59,b4,blue,adc,射手,tianfa,,0,4,2,0,7194,9418,1254,54.3,,,,0,,,,,,,,,,,,,,,,,,0,,
off,59,b5,blue,sup,輔助,fengshen,,0,0,5,2,4716,12338,0,0,,,,0,,,,,,,,,,,,,,,,,,0,,
off,59,r1,red,top,坦克,tiebi,,1,4,0,1,7365,14658,1200,52,,,,0,,,,,,,,,,,,,,,,,,0,,
off,59,r2,red,jungle,戰士,cinderfist,,1,6,1,0,7324,10651,2717,117.7,,,,0,,,,,,,,,,,,,,,,,,0,,
off,59,r3,red,mid,法師,gambler,,1,5,2,7,13225,10629,1500,65,,,,0,,,,,,,,,,,,,,,,,,0,,
off,59,r4,red,adc,射手,tianfa,,1,2,3,2,10712,7901,600,26,,,,0,,,,,,,,,,,,,,,,,,0,,
off,59,r5,red,sup,輔助,fengshen,,1,1,1,0,2366,8627,300,13,,,,0,,,,,,,,,,,,,,,,,,0,,
off,60,b1,blue,top,坦克,shengdun,,0,0,1,1,9489,17069,0,0,,,,0,,,,,,,,,,,,,,,,,,0,,
off,60,b2,blue,jungle,戰士,dushe,,0,1,1,0,5941,8332,946,41.4,,,,0,,,,,,,,,,,,,,,,,,0,,
off,60,b3,blue,mid,法師,ronghuo,,0,3,0,0,11602,11727,900,39.4,,,,0,,,,,,,,,,,,,,,,,,0,,
off,60,b4,blue,adc,射手,dawnstrike,,0,1,6,0,6519,9049,318,13.9,,,,0,,,,,,,,,,,,,,,,,,0,,
off,60,b5,blue,sup,坦克,stoneguard,,0,2,5,1,3364,12561,600,26.3,,,,0,,,,,,,,,,,,,,,,,,0,,
off,60,r1,red,top,坦克,shengdun,,1,2,0,0,7603,15770,600,26.3,,,,0,,,,,,,,,,,,,,,,,,0,,
off,60,r2,red,jungle,戰士,dushe,,1,4,2,0,7969,9590,2281,99.9,,,,0,,,,,,,,,,,,,,,,,,0,,
off,60,r3,red,mid,法師,ronghuo,,1,2,1,0,9104,11994,600,26.3,,,,0,,,,,,,,,,,,,,,,,,0,,
off,60,r4,red,adc,射手,dawnstrike,,1,3,3,3,8087,8449,900,39.4,,,,0,,,,,,,,,,,,,,,,,,0,,
off,60,r5,red,sup,坦克,stoneguard,,1,2,1,1,5193,13409,600,26.3,,,,0,,,,,,,,,,,,,,,,,,0,,
off,61,b1,blue,top,坦克,shiqiang,,0,2,2,0,6712,18352,600,27.1,,,,0,,,,,,,,,,,,,,,,,,0,,
off,61,b2,blue,jungle,戰士,jufeng,,0,1,5,1,4456,10064,895,40.4,,,,0,,,,,,,,,,,,,,,,,,0,,
off,61,b3,blue,mid,法師,gambler,,0,0,4,1,11043,11564,18,0.8,,,,0,,,,,,,,,,,,,,,,,,0,,
off,61,b4,blue,adc,射手,yanfeng,,0,1,4,1,8591,7916,318,14.4,,,,0,,,,,,,,,,,,,,,,,,0,,
off,61,b5,blue,sup,坦克,bingshouweis,,0,0,6,0,3438,13941,0,0,,,,0,,,,,,,,,,,,,,,,,,0,,
off,61,r1,red,top,坦克,shiqiang,,1,8,0,0,10004,16579,2400,108.4,,,,0,,,,,,,,,,,,,,,,,,0,,
off,61,r2,red,jungle,戰士,jufeng,,1,7,0,5,8645,8677,2896,130.8,,,,0,,,,,,,,,,,,,,,,,,0,,
off,61,r3,red,mid,法師,gambler,,1,0,1,0,7139,9995,0,0,,,,0,,,,,,,,,,,,,,,,,,0,,
off,61,r4,red,adc,射手,yanfeng,,1,2,2,5,10619,7788,600,27.1,,,,0,,,,,,,,,,,,,,,,,,0,,
off,61,r5,red,sup,坦克,bingshouweis,,1,4,1,4,5286,11618,1200,54.2,,,,0,,,,,,,,,,,,,,,,,,0,,
off,62,b1,blue,top,坦克,tiemu,,0,1,3,0,8506,20267,300,11.6,,,,0,,,,,,,,,,,,,,,,,,0,,
off,62,b2,blue,jungle,戰士,langwang,,0,0,3,0,5135,11009,739,28.6,,,,0,,,,,,,,,,,,,,,,,,0,,
off,62,b3,blue,mid,法師,ronghuo,,0,1,3,1,7422,13169,300,11.6,,,,0,,,,,,,,,,,,,,,,,,0,,
off,62,b4,blue,adc,射手,siwang,,0,1,5,0,9115,10279,318,12.3,,,,0,,,,,,,,,,,,,,,,,,0,,
off,62,b5,blue,sup,輔助,mingyun,,0,0,3,1,4124,13342,0,0,,,,0,,,,,,,,,,,,,,,,,,0,,
off,62,r1,red,top,坦克,tiemu,,1,6,0,0,9910,17968,1818,70.4,,,,0,,,,,,,,,,,,,,,,,,0,,
off,62,r2,red,jungle,戰士,langwang,,1,2,1,2,6449,10260,1432,55.5,,,,0,,,,,,,,,,,,,,,,,,0,,
off,62,r3,red,mid,法師,ronghuo,,1,4,0,2,9803,12725,1200,46.5,,,,0,,,,,,,,,,,,,,,,,,0,,
off,62,r4,red,adc,射手,siwang,,1,4,1,3,12070,9357,1200,46.5,,,,0,,,,,,,,,,,,,,,,,,0,,
off,62,r5,red,sup,輔助,mingyun,,1,1,1,2,4412,11930,300,11.6,,,,0,,,,,,,,,,,,,,,,,,0,,
off,63,b1,blue,top,坦克,dadi,,0,1,2,0,6725,19323,300,12.3,,,,0,,,,,,,,,,,,,,,,,,0,,
off,63,b2,blue,jungle,戰士,jingci,,0,0,3,0,3508,9530,776,31.8,,,,0,,,,,,,,,,,,,,,,,,0,,
off,63,b3,blue,mid,法師,gambler,,0,0,4,0,11667,13601,0,0,,,,0,,,,,,,,,,,,,,,,,,0,,
off,63,b4,blue,adc,射手,phantom,,0,0,4,0,10290,10245,54,2.2,,,,0,,,,,,,,,,,,,,,,,,0,,
off,63,b5,blue,sup,輔助,tianshi,,0,0,3,0,3648,11048,36,1.5,,,,0,,,,,,,,,,,,,,,,,,0,,
off,63,r1,red,top,坦克,dadi,,1,9,0,0,11992,18993,2700,110.6,,,,0,,,,,,,,,,,,,,,,,,0,,
off,63,r2,red,jungle,戰士,jingci,,1,1,0,2,5729,8627,1393,57.1,,,,0,,,,,,,,,,,,,,,,,,0,,
off,63,r3,red,mid,法師,gambler,,1,1,1,1,10645,12097,300,12.3,,,,0,,,,,,,,,,,,,,,,,,0,,
off,63,r4,red,adc,射手,phantom,,1,3,0,3,10174,8293,900,36.9,,,,0,,,,,,,,,,,,,,,,,,0,,
off,63,r5,red,sup,輔助,tianshi,,1,2,0,3,6371,10679,600,24.6,,,,0,,,,,,,,,,,,,,,,,,0,,
off,64,b1,blue,top,坦克,tixue,,0,0,2,1,6374,20175,54,2.1,,,,0,,,,,,,,,,,,,,,,,,0,,
off,64,b2,blue,jungle,戰士,greymantle,,0,4,0,0,9010,13178,1930,74.3,,,,0,,,,,,,,,,,,,,,,,,0,,
off,64,b3,blue,mid,法師,ronghuo,,0,1,4,0,11262,13729,300,11.6,,,,0,,,,,,,,,,,,,,,,,,0,,
off,64,b4,blue,adc,射手,huanying,,0,2,3,2,14547,9787,600,23.1,,,,0,,,,,,,,,,,,,,,,,,0,,
off,64,b5,blue,sup,坦克,tieshixin,,0,0,6,2,5522,16570,0,0,,,,0,,,,,,,,,,,,,,,,,,0,,
off,64,r1,red,top,坦克,tixue,,1,5,2,0,9884,18019,1500,57.8,,,,0,,,,,,,,,,,,,,,,,,0,,
off,64,r2,red,jungle,戰士,greymantle,,1,4,0,1,7891,12762,2205,84.9,,,,0,,,,,,,,,,,,,,,,,,0,,
off,64,r3,red,mid,法師,ronghuo,,1,0,1,0,11137,11992,0,0,,,,0,,,,,,,,,,,,,,,,,,0,,
off,64,r4,red,adc,射手,huanying,,1,4,1,1,14467,8850,1200,46.2,,,,0,,,,,,,,,,,,,,,,,,0,,
off,64,r5,red,sup,坦克,tieshixin,,1,2,3,3,6141,14982,600,23.1,,,,0,,,,,,,,,,,,,,,,,,0,,
off,65,b1,blue,top,坦克,suishan,,0,1,1,0,10646,26115,300,9.9,,,,0,,,,,,,,,,,,,,,,,,0,,
off,65,b2,blue,jungle,戰士,hunpo,,0,0,7,2,6087,15122,811,26.7,,,,0,,,,,,,,,,,,,,,,,,0,,
off,65,b3,blue,mid,法師,haixiao,,0,0,7,0,13048,16684,28,0.9,,,,0,,,,,,,,,,,,,,,,,,0,,
off,65,b4,blue,adc,射手,guangsu,,0,1,9,0,14398,14007,300,9.9,,,,0,,,,,,,,,,,,,,,,,,0,,
off,65,b5,blue,sup,輔助,huanjing,,0,0,3,0,7674,17610,0,0,,,,0,,,,,,,,,,,,,,,,,,0,,
off,65,r1,red,top,坦克,suishan,,1,11,0,2,18127,23348,3354,110.4,,,,0,,,,,,,,,,,,,,,,,,0,,
off,65,r2,red,jungle,戰士,hunpo,,1,2,0,3,10363,14637,1711,56.3,,,,0,,,,,,,,,,,,,,,,,,0,,
off,65,r3,red,mid,法師,haixiao,,1,5,0,1,16134,12163,1500,49.4,,,,0,,,,,,,,,,,,,,,,,,0,,
off,65,r4,red,adc,射手,guangsu,,1,5,0,4,17503,12199,1528,50.3,,,,0,,,,,,,,,,,,,,,,,,0,,
off,65,r5,red,sup,輔助,huanjing,,1,4,2,6,9508,12824,1200,39.5,,,,0,,,,,,,,,,,,,,,,,,0,,
off,66,b1,blue,top,坦克,thornwall,,1,2,0,1,6929,18857,600,24.6,,,,0,,,,,,,,,,,,,,,,,,0,,
off,66,b2,blue,jungle,戰士,leimingcf,,1,4,1,1,5688,9193,1867,76.5,,,,0,,,,,,,,,,,,,,,,,,0,,
off,66,b3,blue,mid,法師,leiming,,1,2,0,2,10194,13004,600,24.6,,,,0,,,,,,,,,,,,,,,,,,0,,
off,66,b4,blue,adc,射手,mori,,1,0,3,2,9469,9238,54,2.2,,,,0,,,,,,,,,,,,,,,,,,0,,
off,66,b5,blue,sup,輔助,fuwenbianzhi,,1,0,2,2,5148,10779,0,0,,,,0,,,,,,,,,,,,,,,,,,0,,
off,66,r1,red,top,坦克,thornwall,,0,0,1,0,6714,17674,0,0,,,,0,,,,,,,,,,,,,,,,,,0,,
off,66,r2,red,jungle,戰士,leimingcf,,0,3,1,0,8350,10633,1889,77.4,,,,0,,,,,,,,,,,,,,,,,,0,,
off,66,r3,red,mid,法師,leiming,,0,0,3,0,9957,13173,0,0,,,,0,,,,,,,,,,,,,,,,,,0,,
off,66,r4,red,adc,射手,mori,,0,2,2,1,12131,11038,600,24.6,,,,0,,,,,,,,,,,,,,,,,,0,,
off,66,r5,red,sup,輔助,fuwenbianzhi,,0,1,1,1,3582,10687,300,12.3,,,,0,,,,,,,,,,,,,,,,,,0,,
off,67,b1,blue,top,坦克,ironclad,,0,2,2,0,8803,21394,600,22.1,,,,0,,,,,,,,,,,,,,,,,,0,,
off,67,b2,blue,jungle,戰士,fengbao,,0,4,3,1,5687,13366,2107,77.7,,,,0,,,,,,,,,,,,,,,,,,0,,
off,67,b3,blue,mid,法師,haixiao,,0,3,1,3,16460,13737,900,33.2,,,,0,,,,,,,,,,,,,,,,,,0,,
off,67,b4,blue,adc,射手,leiting,,0,2,4,1,10446,9928,600,22.1,,,,0,,,,,,,,,,,,,,,,,,0,,
off,67,b5,blue,sup,坦克,thornwall,,0,2,3,1,6730,17354,618,22.8,,,,0,,,,,,,,,,,,,,,,,,0,,
off,67,r1,red,top,坦克,ironclad,,1,4,0,1,9587,20983,1200,44.3,,,,0,,,,,,,,,,,,,,,,,,0,,
off,67,r2,red,jungle,戰士,fengbao,,1,2,2,2,7135,10877,1548,57.1,,,,0,,,,,,,,,,,,,,,,,,0,,
off,67,r3,red,mid,法師,haixiao,,1,1,5,4,14169,13473,300,11.1,,,,0,,,,,,,,,,,,,,,,,,0,,
off,67,r4,red,adc,射手,leiting,,1,2,5,2,18574,10960,600,22.1,,,,0,,,,,,,,,,,,,,,,,,0,,
off,67,r5,red,sup,坦克,thornwall,,1,4,1,1,5769,18793,1200,44.3,,,,0,,,,,,,,,,,,,,,,,,0,,
off,68,b1,blue,top,坦克,bingshouweis,,0,4,0,1,7422,17622,1200,50.6,,,,0,,,,,,,,,,,,,,,,,,0,,
off,68,b2,blue,jungle,戰士,anliuyouXia,,0,0,4,0,3640,9261,631,26.6,,,,0,,,,,,,,,,,,,,,,,,0,,
off,68,b3,blue,mid,法師,leiming,,0,2,2,2,11782,13331,600,25.3,,,,0,,,,,,,,,,,,,,,,,,0,,
off,68,b4,blue,adc,射手,liangzi,,0,1,2,2,8217,8474,300,12.7,,,,0,,,,,,,,,,,,,,,,,,0,,
off,68,b5,blue,sup,坦克,shengdun,,0,2,3,1,5190,14125,600,25.3,,,,0,,,,,,,,,,,,,,,,,,0,,
off,68,r1,red,top,坦克,bingshouweis,,1,1,1,0,6892,15071,328,13.8,,,,0,,,,,,,,,,,,,,,,,,0,,
off,68,r2,red,jungle,戰士,anliuyouXia,,1,2,2,2,7050,11033,1504,63.4,,,,0,,,,,,,,,,,,,,,,,,0,,
off,68,r3,red,mid,法師,leiming,,1,3,0,0,12110,11151,900,38,,,,0,,,,,,,,,,,,,,,,,,0,,
off,68,r4,red,adc,射手,liangzi,,1,1,1,1,8708,8328,453,19.1,,,,0,,,,,,,,,,,,,,,,,,0,,
off,68,r5,red,sup,坦克,shengdun,,1,4,5,1,6650,15136,1200,50.6,,,,0,,,,,,,,,,,,,,,,,,0,,
off,69,b1,blue,top,坦克,tiankong,,0,0,1,0,3650,16532,0,0,,,,0,,,,,,,,,,,,,,,,,,0,,
off,69,b2,blue,jungle,刺客,yueying,,0,0,3,0,4251,10588,676,28.5,,,,0,,,,,,,,,,,,,,,,,,0,,
off,69,b3,blue,mid,法師,haixiao,,0,0,3,0,8573,10231,0,0,,,,0,,,,,,,,,,,,,,,,,,0,,
off,69,b4,blue,adc,射手,shengyan,,0,0,6,0,8342,9259,0,0,,,,0,,,,,,,,,,,,,,,,,,0,,
off,69,b5,blue,sup,輔助,zhanchang,,0,0,2,0,4234,10163,82,3.4,,,,0,,,,,,,,,,,,,,,,,,0,,
off,69,r1,red,top,坦克,tiankong,,1,5,0,0,7779,16135,1500,63.2,,,,0,,,,,,,,,,,,,,,,,,0,,
off,69,r2,red,jungle,刺客,yueying,,1,5,0,0,6133,9485,2200,92.8,,,,0,,,,,,,,,,,,,,,,,,0,,
off,69,r3,red,mid,法師,haixiao,,1,2,0,3,12955,10037,628,26.5,,,,0,,,,,,,,,,,,,,,,,,0,,
off,69,r4,red,adc,射手,shengyan,,1,1,0,1,9461,8363,300,12.6,,,,0,,,,,,,,,,,,,,,,,,0,,
off,69,r5,red,sup,輔助,zhanchang,,1,2,0,4,4739,10586,600,25.3,,,,0,,,,,,,,,,,,,,,,,,0,,
off,70,b1,blue,top,坦克,tiebi,,0,1,4,1,9639,21927,300,10.9,,,,0,,,,,,,,,,,,,,,,,,0,,
off,70,b2,blue,jungle,刺客,yeiren,,0,2,3,0,7407,12646,1606,58.2,,,,0,,,,,,,,,,,,,,,,,,0,,
off,70,b3,blue,mid,法師,bingshuang,,0,3,2,0,12329,13744,900,32.6,,,,0,,,,,,,,,,,,,,,,,,0,,
off,70,b4,blue,adc,射手,xingchen,,0,0,6,0,9268,11771,0,0,,,,0,,,,,,,,,,,,,,,,,,0,,
off,70,b5,blue,sup,坦克,thornwall,,0,0,7,0,4095,17293,0,0,,,,0,,,,,,,,,,,,,,,,,,0,,
off,70,r1,red,top,坦克,tiebi,,1,6,1,1,12392,18233,1800,65.3,,,,0,,,,,,,,,,,,,,,,,,0,,
off,70,r2,red,jungle,刺客,yeiren,,1,5,0,2,9283,11713,2160,78.3,,,,0,,,,,,,,,,,,,,,,,,0,,
off,70,r3,red,mid,法師,bingshuang,,1,3,1,1,14166,13649,900,32.6,,,,0,,,,,,,,,,,,,,,,,,0,,
off,70,r4,red,adc,射手,xingchen,,1,4,2,3,15160,9567,1200,43.5,,,,0,,,,,,,,,,,,,,,,,,0,,
off,70,r5,red,sup,坦克,thornwall,,1,4,2,5,7352,15379,1200,43.5,,,,0,,,,,,,,,,,,,,,,,,0,,
off,71,b1,blue,top,坦克,xukong,,1,0,2,0,4752,14386,0,0,,,,0,,,,,,,,,,,,,,,,,,0,,
off,71,b2,blue,jungle,刺客,sting,,1,0,3,0,3242,7533,649,28.7,,,,0,,,,,,,,,,,,,,,,,,0,,
off,71,b3,blue,mid,法師,mingyun2,,1,0,3,0,11292,10885,0,0,,,,0,,,,,,,,,,,,,,,,,,0,,
off,71,b4,blue,adc,射手,dujian,,1,0,1,0,9699,8456,0,0,,,,0,,,,,,,,,,,,,,,,,,0,,
off,71,b5,blue,sup,坦克,tiankong,,1,3,0,0,3617,13510,900,39.9,,,,0,,,,,,,,,,,,,,,,,,0,,
off,71,r1,red,top,坦克,xukong,,0,2,0,0,5985,13856,600,26.6,,,,0,,,,,,,,,,,,,,,,,,0,,
off,71,r2,red,jungle,刺客,sting,,0,5,0,0,5708,8989,2561,113.4,,,,0,,,,,,,,,,,,,,,,,,0,,
off,71,r3,red,mid,法師,mingyun2,,0,1,0,1,7785,11892,300,13.3,,,,0,,,,,,,,,,,,,,,,,,0,,
off,71,r4,red,adc,射手,dujian,,0,1,3,2,7824,8327,300,13.3,,,,0,,,,,,,,,,,,,,,,,,0,,
off,71,r5,red,sup,坦克,tiankong,,0,0,0,2,4129,12640,0,0,,,,0,,,,,,,,,,,,,,,,,,0,,
off,72,b1,blue,top,坦克,shiqiang,,1,1,2,0,11806,22805,300,11.3,,,,0,,,,,,,,,,,,,,,,,,0,,
off,72,b2,blue,jungle,刺客,yingsi,,1,0,3,1,6668,11468,658,24.7,,,,0,,,,,,,,,,,,,,,,,,0,,
off,72,b3,blue,mid,法師,bingshuang,,1,2,3,0,11609,13700,600,22.5,,,,0,,,,,,,,,,,,,,,,,,0,,
off,72,b4,blue,adc,射手,tianfa,,1,1,3,1,11612,12004,300,11.3,,,,0,,,,,,,,,,,,,,,,,,0,,
off,72,b5,blue,sup,輔助,fengshen,,1,2,1,1,5299,12393,600,22.5,,,,0,,,,,,,,,,,,,,,,,,0,,
off,72,r1,red,top,坦克,shiqiang,,0,4,0,2,13890,22674,1218,45.7,,,,0,,,,,,,,,,,,,,,,,,0,,
off,72,r2,red,jungle,刺客,yingsi,,0,2,0,1,6225,10372,1702,63.9,,,,0,,,,,,,,,,,,,,,,,,0,,
off,72,r3,red,mid,法師,bingshuang,,0,2,0,1,13618,14301,600,22.5,,,,0,,,,,,,,,,,,,,,,,,0,,
off,72,r4,red,adc,射手,tianfa,,0,4,4,2,12042,10480,1200,45,,,,0,,,,,,,,,,,,,,,,,,0,,
off,72,r5,red,sup,輔助,fengshen,,0,0,2,2,5772,13012,0,0,,,,0,,,,,,,,,,,,,,,,,,0,,
off,73,b1,blue,top,坦克,longji,,1,2,1,0,7582,15102,600,27,,,,0,,,,,,,,,,,,,,,,,,0,,
off,73,b2,blue,jungle,刺客,shanying,,1,2,0,0,3235,8690,1222,55,,,,0,,,,,,,,,,,,,,,,,,0,,
off,73,b3,blue,mid,法師,mingyun2,,1,3,3,0,7669,10668,900,40.5,,,,0,,,,,,,,,,,,,,,,,,0,,
off,73,b4,blue,adc,射手,dawnstrike,,1,0,1,0,10185,7806,0,0,,,,0,,,,,,,,,,,,,,,,,,0,,
off,73,b5,blue,sup,輔助,shengguang,,1,0,2,2,4187,9870,0,0,,,,0,,,,,,,,,,,,,,,,,,0,,
off,73,r1,red,top,坦克,longji,,0,1,0,0,7760,15822,300,13.5,,,,0,,,,,,,,,,,,,,,,,,0,,
off,73,r2,red,jungle,刺客,shanying,,0,2,1,0,4769,9771,1486,66.9,,,,0,,,,,,,,,,,,,,,,,,0,,
off,73,r3,red,mid,法師,mingyun2,,0,3,1,1,8885,10595,900,40.5,,,,0,,,,,,,,,,,,,,,,,,0,,
off,73,r4,red,adc,射手,dawnstrike,,0,1,2,0,9244,8663,300,13.5,,,,0,,,,,,,,,,,,,,,,,,0,,
off,73,r5,red,sup,輔助,shengguang,,0,0,3,0,3962,11150,0,0,,,,0,,,,,,,,,,,,,,,,,,0,,
off,74,b1,blue,top,坦克,dadi,,0,1,3,0,7635,16867,318,13.7,,,,0,,,,,,,,,,,,,,,,,,0,,
off,74,b2,blue,jungle,刺客,dianguang,,0,0,5,0,5666,10197,720,31,,,,0,,,,,,,,,,,,,,,,,,0,,
off,74,b3,blue,mid,法師,bingshuang,,0,1,2,1,11396,12470,318,13.7,,,,0,,,,,,,,,,,,,,,,,,0,,
off,74,b4,blue,adc,射手,yanfeng,,0,3,4,1,6671,9767,900,38.8,,,,0,,,,,,,,,,,,,,,,,,0,,
off,74,b5,blue,sup,坦克,bingshouweis,,0,0,4,0,4126,13737,0,0,,,,0,,,,,,,,,,,,,,,,,,0,,
off,74,r1,red,top,坦克,dadi,,1,1,0,0,8195,16348,354,15.2,,,,0,,,,,,,,,,,,,,,,,,0,,
off,74,r2,red,jungle,刺客,dianguang,,1,4,1,3,7446,9790,1975,85,,,,0,,,,,,,,,,,,,,,,,,0,,
off,74,r3,red,mid,法師,bingshuang,,1,5,1,2,12804,11272,1500,64.6,,,,0,,,,,,,,,,,,,,,,,,0,,
off,74,r4,red,adc,射手,yanfeng,,1,0,2,0,7529,7939,0,0,,,,0,,,,,,,,,,,,,,,,,,0,,
off,74,r5,red,sup,坦克,bingshouweis,,1,8,1,3,8471,13613,2400,103.3,,,,0,,,,,,,,,,,,,,,,,,0,,
off,75,b1,blue,top,坦克,tixue,,0,3,1,0,5062,14142,900,41.6,,,,0,,,,,,,,,,,,,,,,,,0,,
off,75,b2,blue,jungle,刺客,leisuhunter,,0,1,1,1,2852,8404,814,37.6,,,,0,,,,,,,,,,,,,,,,,,0,,
off,75,b3,blue,mid,法師,mingyun2,,0,1,2,1,8169,10049,300,13.9,,,,0,,,,,,,,,,,,,,,,,,0,,
off,75,b4,blue,adc,射手,siwang,,0,2,3,0,7578,8031,600,27.7,,,,0,,,,,,,,,,,,,,,,,,0,,
off,75,b5,blue,sup,輔助,shiguang,,0,0,3,2,3801,10043,54,2.5,,,,0,,,,,,,,,,,,,,,,,,0,,
off,75,r1,red,top,坦克,tixue,,1,3,1,1,5846,15949,900,41.6,,,,0,,,,,,,,,,,,,,,,,,0,,
off,75,r2,red,jungle,刺客,leisuhunter,,1,2,1,1,6674,9302,1420,65.6,,,,0,,,,,,,,,,,,,,,,,,0,,
off,75,r3,red,mid,法師,mingyun2,,1,2,1,1,7553,10961,600,27.7,,,,0,,,,,,,,,,,,,,,,,,0,,
off,75,r4,red,adc,射手,siwang,,1,3,2,0,7347,7537,900,41.6,,,,0,,,,,,,,,,,,,,,,,,0,,
off,75,r5,red,sup,輔助,shiguang,,1,0,2,1,3034,9233,0,0,,,,0,,,,,,,,,,,,,,,,,,0,,
off,76,b1,blue,top,坦克,stoneguard,,1,0,0,0,6295,14742,0,0,,,,0,,,,,,,,,,,,,,,,,,0,,
off,76,b2,blue,jungle,刺客,voidrift,,1,1,0,1,3878,10392,967,40.9,,,,0,,,,,,,,,,,,,,,,,,0,,
off,76,b3,blue,mid,法師,shikong,,1,0,1,0,11209,12808,0,0,,,,0,,,,,,,,,,,,,,,,,,0,,
off,76,b4,blue,adc,射手,phantom,,1,5,3,0,7182,9285,1554,65.8,,,,0,,,,,,,,,,,,,,,,,,0,,
off,76,b5,blue,sup,輔助,tianshi,,1,0,3,1,4938,11633,0,0,,,,0,,,,,,,,,,,,,,,,,,0,,
off,76,r1,red,top,坦克,stoneguard,,0,2,0,0,8212,16830,600,25.4,,,,0,,,,,,,,,,,,,,,,,,0,,
off,76,r2,red,jungle,刺客,voidrift,,0,1,0,1,9790,10796,1165,49.3,,,,0,,,,,,,,,,,,,,,,,,0,,
off,76,r3,red,mid,法師,shikong,,0,2,1,1,12038,12113,600,25.4,,,,0,,,,,,,,,,,,,,,,,,0,,
off,76,r4,red,adc,射手,phantom,,0,2,2,0,8696,9731,600,25.4,,,,0,,,,,,,,,,,,,,,,,,0,,
off,76,r5,red,sup,輔助,tianshi,,0,0,3,0,3573,11512,45,1.9,,,,0,,,,,,,,,,,,,,,,,,0,,
off,77,b1,blue,top,坦克,thornwall,,0,0,2,0,5432,16727,0,0,,,,0,,,,,,,,,,,,,,,,,,0,,
off,77,b2,blue,jungle,刺客,miwu,,0,1,3,1,6528,11210,949,40.2,,,,0,,,,,,,,,,,,,,,,,,0,,
off,77,b3,blue,mid,法師,lieyan,,0,0,3,0,8978,12697,54,2.3,,,,0,,,,,,,,,,,,,,,,,,0,,
off,77,b4,blue,adc,射手,huanying,,0,0,3,0,7967,9000,0,0,,,,0,,,,,,,,,,,,,,,,,,0,,
off,77,b5,blue,sup,坦克,tieshixin,,0,1,6,0,4189,15029,400,16.9,,,,0,,,,,,,,,,,,,,,,,,0,,
off,77,r1,red,top,坦克,thornwall,,1,8,0,0,9095,16175,2400,101.8,,,,0,,,,,,,,,,,,,,,,,,0,,
off,77,r2,red,jungle,刺客,miwu,,1,3,0,2,5969,9284,1924,81.6,,,,0,,,,,,,,,,,,,,,,,,0,,
off,77,r3,red,mid,法師,lieyan,,1,2,1,3,14014,11354,600,25.4,,,,0,,,,,,,,,,,,,,,,,,0,,
off,77,r4,red,adc,射手,huanying,,1,2,0,3,12051,7709,600,25.4,,,,0,,,,,,,,,,,,,,,,,,0,,
off,77,r5,red,sup,坦克,tieshixin,,1,2,1,5,5422,12177,600,25.4,,,,0,,,,,,,,,,,,,,,,,,0,,
off,78,b1,blue,top,坦克,tieshixin,,0,1,2,0,11964,21500,300,10,,,,0,,,,,,,,,,,,,,,,,,0,,
off,78,b2,blue,jungle,刺客,jueying,,0,5,3,1,7911,14355,2258,75,,,,0,,,,,,,,,,,,,,,,,,0,,
off,78,b3,blue,mid,法師,shikong,,0,1,2,2,17088,15663,300,10,,,,0,,,,,,,,,,,,,,,,,,0,,
off,78,b4,blue,adc,射手,guangsu,,0,11,4,3,22341,12786,3300,109.6,,,,0,,,,,,,,,,,,,,,,,,0,,
off,78,b5,blue,sup,坦克,xukong,,0,1,9,3,5777,19098,300,10,,,,0,,,,,,,,,,,,,,,,,,0,,
off,78,r1,red,top,坦克,tieshixin,,1,7,2,2,18353,25836,2100,69.7,,,,0,,,,,,,,,,,,,,,,,,0,,
off,78,r2,red,jungle,刺客,jueying,,1,4,3,0,6759,14408,2248,74.7,,,,0,,,,,,,,,,,,,,,,,,0,,
off,78,r3,red,mid,法師,shikong,,1,6,3,0,19134,17182,1800,59.8,,,,0,,,,,,,,,,,,,,,,,,0,,
off,78,r4,red,adc,射手,guangsu,,1,1,7,0,12634,11950,300,10,,,,0,,,,,,,,,,,,,,,,,,0,,
off,78,r5,red,sup,坦克,xukong,,1,2,4,5,7012,20447,600,19.9,,,,0,,,,,,,,,,,,,,,,,,0,,
off,79,b1,blue,top,坦克,bingshouweis,,0,0,4,0,9801,19054,0,0,,,,0,,,,,,,,,,,,,,,,,,0,,
off,79,b2,blue,jungle,戰士,langwang,,0,1,3,1,4079,13622,967,37.7,,,,0,,,,,,,,,,,,,,,,,,0,,
off,79,b3,blue,mid,法師,lieyan,,0,4,3,1,14073,14352,1200,46.8,,,,0,,,,,,,,,,,,,,,,,,0,,
off,79,b4,blue,adc,射手,mori,,0,2,5,2,7354,9753,600,23.4,,,,0,,,,,,,,,,,,,,,,,,0,,
off,79,b5,blue,sup,輔助,fuwenbianzhi,,0,0,5,3,5647,13729,100,3.9,,,,0,,,,,,,,,,,,,,,,,,0,,
off,79,r1,red,top,坦克,bingshouweis,,1,5,1,1,10614,17106,1518,59.2,,,,0,,,,,,,,,,,,,,,,,,0,,
off,79,r2,red,jungle,戰士,langwang,,1,3,1,1,6914,11766,1873,73,,,,0,,,,,,,,,,,,,,,,,,0,,
off,79,r3,red,mid,法師,lieyan,,1,5,1,3,10416,12019,1500,58.5,,,,0,,,,,,,,,,,,,,,,,,0,,
off,79,r4,red,adc,射手,mori,,1,4,3,5,14592,10013,1228,47.9,,,,0,,,,,,,,,,,,,,,,,,0,,
off,79,r5,red,sup,輔助,fuwenbianzhi,,1,3,1,2,6572,12452,900,35.1,,,,0,,,,,,,,,,,,,,,,,,0,,
off,80,b1,blue,top,坦克,tiankong,,0,0,2,0,10634,22525,28,1.1,,,,0,,,,,,,,,,,,,,,,,,0,,
off,80,b2,blue,jungle,戰士,anliuyouXia,,0,1,2,0,5367,10108,878,35.4,,,,0,,,,,,,,,,,,,,,,,,0,,
off,80,b3,blue,mid,法師,shikong,,0,2,2,0,12347,11468,600,24.2,,,,0,,,,,,,,,,,,,,,,,,0,,
off,80,b4,blue,adc,射手,leiting,,0,4,1,0,11280,8895,1200,48.3,,,,0,,,,,,,,,,,,,,,,,,0,,
off,80,b5,blue,sup,坦克,thornwall,,0,0,4,0,5467,16318,28,1.1,,,,0,,,,,,,,,,,,,,,,,,0,,
off,80,r1,red,top,坦克,tiankong,,1,0,0,0,8519,17445,54,2.2,,,,0,,,,,,,,,,,,,,,,,,0,,
off,80,r2,red,jungle,戰士,anliuyouXia,,1,7,0,0,12206,12061,3130,126,,,,0,,,,,,,,,,,,,,,,,,0,,
off,80,r3,red,mid,法師,shikong,,1,2,1,1,14967,11268,600,24.2,,,,0,,,,,,,,,,,,,,,,,,0,,
off,80,r4,red,adc,射手,leiting,,1,1,6,0,6362,8729,300,12.1,,,,0,,,,,,,,,,,,,,,,,,0,,
off,80,r5,red,sup,坦克,thornwall,,1,1,0,3,5739,14859,354,14.3,,,,0,,,,,,,,,,,,,,,,,,0,,
off,81,b1,blue,top,戰士,jingci,,0,2,3,2,18775,28255,600,18.6,,,,0,,,,,,,,,,,,,,,,,,0,,
off,81,b2,blue,jungle,戰士,embercoil,,0,1,7,1,7904,16183,1138,35.2,,,,0,,,,,,,,,,,,,,,,,,0,,
off,81,b3,blue,mid,法師,lieyan,,0,5,6,0,19309,18057,1500,46.4,,,,0,,,,,,,,,,,,,,,,,,0,,
off,81,b4,blue,adc,射手,liangzi,,0,3,4,0,15190,15401,900,27.8,,,,0,,,,,,,,,,,,,,,,,,0,,
off,81,b5,blue,sup,坦克,tiebi,,0,1,12,0,6571,19611,300,9.3,,,,0,,,,,,,,,,,,,,,,,,0,,
off,81,r1,red,top,戰士,jingci,,1,12,2,2,20992,26995,3600,111.3,,,,0,,,,,,,,,,,,,,,,,,0,,
off,81,r2,red,jungle,戰士,embercoil,,1,5,2,2,14538,16084,2483,76.8,,,,0,,,,,,,,,,,,,,,,,,0,,
off,81,r3,red,mid,法師,lieyan,,1,9,2,2,21040,19064,2700,83.5,,,,0,,,,,,,,,,,,,,,,,,0,,
off,81,r4,red,adc,射手,liangzi,,1,4,2,1,12869,12568,1200,37.1,,,,0,,,,,,,,,,,,,,,,,,0,,
off,81,r5,red,sup,坦克,tiebi,,1,2,4,3,8185,22319,600,18.6,,,,0,,,,,,,,,,,,,,,,,,0,,
off,82,b1,blue,top,戰士,longyi,,0,4,3,0,10892,22586,1200,40.8,,,,0,,,,,,,,,,,,,,,,,,0,,
off,82,b2,blue,jungle,戰士,hunpo,,0,1,2,1,6796,16560,1012,34.4,,,,0,,,,,,,,,,,,,,,,,,0,,
off,82,b3,blue,mid,法師,auralith,,0,1,4,2,14152,16508,300,10.2,,,,0,,,,,,,,,,,,,,,,,,0,,
off,82,b4,blue,adc,射手,liangzicz,,0,2,5,1,16500,12418,600,20.4,,,,0,,,,,,,,,,,,,,,,,,0,,
off,82,b5,blue,sup,輔助,zhanchang,,0,0,3,1,6465,16428,0,0,,,,0,,,,,,,,,,,,,,,,,,0,,
off,82,r1,red,top,戰士,longyi,,1,6,1,1,8757,22975,1800,61.2,,,,0,,,,,,,,,,,,,,,,,,0,,
off,82,r2,red,jungle,戰士,hunpo,,1,2,1,1,9427,14254,1264,42.9,,,,0,,,,,,,,,,,,,,,,,,0,,
off,82,r3,red,mid,法師,auralith,,1,5,2,0,18858,14445,1500,51,,,,0,,,,,,,,,,,,,,,,,,0,,
off,82,r4,red,adc,射手,liangzicz,,1,3,2,4,17423,11924,900,30.6,,,,0,,,,,,,,,,,,,,,,,,0,,
off,82,r5,red,sup,輔助,zhanchang,,1,1,2,3,7806,14073,300,10.2,,,,0,,,,,,,,,,,,,,,,,,0,,
off,83,b1,blue,top,戰士,chichuan,,0,1,1,0,6938,19786,300,12,,,,0,,,,,,,,,,,,,,,,,,0,,
off,83,b2,blue,jungle,戰士,leimingcf,,0,1,3,1,4205,11284,1081,43.4,,,,0,,,,,,,,,,,,,,,,,,0,,
off,83,b3,blue,mid,法師,xingjie,,0,4,3,0,14602,13361,1200,48.2,,,,0,,,,,,,,,,,,,,,,,,0,,
off,83,b4,blue,adc,射手,xingchen,,0,3,5,2,8571,10109,900,36.1,,,,0,,,,,,,,,,,,,,,,,,0,,
off,83,b5,blue,sup,輔助,hexweave,,0,0,5,1,4876,11634,0,0,,,,0,,,,,,,,,,,,,,,,,,0,,
off,83,r1,red,top,戰士,chichuan,,1,7,0,0,11579,16605,2100,84.3,,,,0,,,,,,,,,,,,,,,,,,0,,
off,83,r2,red,jungle,戰士,leimingcf,,1,2,0,1,4279,9862,1486,59.7,,,,0,,,,,,,,,,,,,,,,,,0,,
off,83,r3,red,mid,法師,xingjie,,1,5,4,4,15487,13077,1500,60.2,,,,0,,,,,,,,,,,,,,,,,,0,,
off,83,r4,red,adc,射手,xingchen,,1,0,5,1,10266,9862,0,0,,,,0,,,,,,,,,,,,,,,,,,0,,
off,83,r5,red,sup,輔助,hexweave,,1,3,0,4,4707,10307,900,36.1,,,,0,,,,,,,,,,,,,,,,,,0,,
off,84,b1,blue,top,戰士,xueyue,,0,0,2,0,8028,22177,0,0,,,,0,,,,,,,,,,,,,,,,,,0,,
off,84,b2,blue,jungle,戰士,fengbao,,0,2,3,0,5068,13634,1286,49.5,,,,0,,,,,,,,,,,,,,,,,,0,,
off,84,b3,blue,mid,法師,auralith,,0,1,4,0,11263,14593,300,11.6,,,,0,,,,,,,,,,,,,,,,,,0,,
off,84,b4,blue,adc,射手,dujian,,0,0,4,2,12624,10542,28,1.1,,,,0,,,,,,,,,,,,,,,,,,0,,
off,84,b5,blue,sup,坦克,tiankong,,0,1,5,0,6994,17318,408,15.7,,,,0,,,,,,,,,,,,,,,,,,0,,
off,84,r1,red,top,戰士,xueyue,,1,4,0,0,9718,17723,1200,46.2,,,,0,,,,,,,,,,,,,,,,,,0,,
off,84,r2,red,jungle,戰士,fengbao,,1,8,1,1,8613,12243,3559,137.1,,,,0,,,,,,,,,,,,,,,,,,0,,
off,84,r3,red,mid,法師,auralith,,1,5,0,3,14047,12939,1500,57.8,,,,0,,,,,,,,,,,,,,,,,,0,,
off,84,r4,red,adc,射手,dujian,,1,1,2,3,16199,9350,300,11.6,,,,0,,,,,,,,,,,,,,,,,,0,,
off,84,r5,red,sup,坦克,tiankong,,1,0,1,6,6685,15100,18,0.7,,,,0,,,,,,,,,,,,,,,,,,0,,
off,85,b1,blue,top,戰士,langwang,,0,1,0,0,6801,16571,354,15.8,,,,0,,,,,,,,,,,,,,,,,,0,,
off,85,b2,blue,jungle,戰士,ronggang,,0,0,1,0,3374,10179,703,31.4,,,,0,,,,,,,,,,,,,,,,,,0,,
off,85,b3,blue,mid,法師,xingjie,,0,0,2,0,7710,12433,0,0,,,,0,,,,,,,,,,,,,,,,,,0,,
off,85,b4,blue,adc,射手,tianfa,,0,1,3,0,7881,8574,318,14.2,,,,0,,,,,,,,,,,,,,,,,,0,,
off,85,b5,blue,sup,輔助,mingyun,,0,0,2,2,3332,9512,36,1.6,,,,0,,,,,,,,,,,,,,,,,,0,,
off,85,r1,red,top,戰士,langwang,,1,2,1,1,8476,15383,600,26.8,,,,0,,,,,,,,,,,,,,,,,,0,,
off,85,r2,red,jungle,戰士,ronggang,,1,1,1,0,4015,7591,1105,49.4,,,,0,,,,,,,,,,,,,,,,,,0,,
off,85,r3,red,mid,法師,xingjie,,1,3,0,0,11126,10399,900,40.2,,,,0,,,,,,,,,,,,,,,,,,0,,
off,85,r4,red,adc,射手,tianfa,,1,0,0,1,7792,7653,0,0,,,,0,,,,,,,,,,,,,,,,,,0,,
off,85,r5,red,sup,輔助,mingyun,,1,2,0,0,5119,9049,600,26.8,,,,0,,,,,,,,,,,,,,,,,,0,,
off,86,b1,blue,top,戰士,kuangfeng,,1,5,2,1,9496,20555,1500,57.4,,,,0,,,,,,,,,,,,,,,,,,0,,
off,86,b2,blue,jungle,戰士,rongyan,,1,0,2,1,7337,11815,845,32.4,,,,0,,,,,,,,,,,,,,,,,,0,,
off,86,b3,blue,mid,法師,auralith,,1,4,3,0,12828,14129,1200,45.9,,,,0,,,,,,,,,,,,,,,,,,0,,
off,86,b4,blue,adc,射手,dawnstrike,,1,1,4,2,9987,10545,300,11.5,,,,0,,,,,,,,,,,,,,,,,,0,,
off,86,b5,blue,sup,輔助,shengguang,,1,0,2,1,5592,12025,28,1.1,,,,0,,,,,,,,,,,,,,,,,,0,,
off,86,r1,red,top,戰士,kuangfeng,,0,3,0,0,8891,17470,928,35.5,,,,0,,,,,,,,,,,,,,,,,,0,,
off,86,r2,red,jungle,戰士,rongyan,,0,2,2,0,6219,11871,1426,54.6,,,,0,,,,,,,,,,,,,,,,,,0,,
off,86,r3,red,mid,法師,auralith,,0,5,5,1,13971,14937,1554,59.5,,,,0,,,,,,,,,,,,,,,,,,0,,
off,86,r4,red,adc,射手,dawnstrike,,0,2,3,4,12387,10345,600,23,,,,0,,,,,,,,,,,,,,,,,,0,,
off,86,r5,red,sup,輔助,shengguang,,0,1,0,2,4713,14129,300,11.5,,,,0,,,,,,,,,,,,,,,,,,0,,
off,87,b1,blue,top,戰士,greymantle,,0,1,1,1,9627,24061,300,10,,,,0,,,,,,,,,,,,,,,,,,0,,
off,87,b2,blue,jungle,戰士,tielian,,0,2,6,1,7530,15009,1367,45.7,,,,0,,,,,,,,,,,,,,,,,,0,,
off,87,b3,blue,mid,法師,xingjie,,0,4,1,0,19515,16939,1200,40.2,,,,0,,,,,,,,,,,,,,,,,,0,,
off,87,b4,blue,adc,射手,yanfeng,,0,5,4,2,16709,13604,1554,52,,,,0,,,,,,,,,,,,,,,,,,0,,
off,87,b5,blue,sup,坦克,bingshouweis,,0,1,8,2,5082,18447,328,11,,,,0,,,,,,,,,,,,,,,,,,0,,
off,87,r1,red,top,戰士,greymantle,,1,5,3,1,14976,26613,1572,52.6,,,,0,,,,,,,,,,,,,,,,,,0,,
off,87,r2,red,jungle,戰士,tielian,,1,3,2,1,5356,13065,2048,68.5,,,,0,,,,,,,,,,,,,,,,,,0,,
off,87,r3,red,mid,法師,xingjie,,1,2,4,3,19445,14494,654,21.9,,,,0,,,,,,,,,,,,,,,,,,0,,
off,87,r4,red,adc,射手,yanfeng,,1,6,1,4,17343,10232,1800,60.2,,,,0,,,,,,,,,,,,,,,,,,0,,
off,87,r5,red,sup,坦克,bingshouweis,,1,4,3,7,8467,19681,1200,40.2,,,,0,,,,,,,,,,,,,,,,,,0,,
off,88,b1,blue,top,戰士,cinderfist,,0,2,5,1,12591,23715,600,22.1,,,,0,,,,,,,,,,,,,,,,,,0,,
off,88,b2,blue,jungle,戰士,greymantle,,0,2,4,1,7162,13649,1339,49.4,,,,0,,,,,,,,,,,,,,,,,,0,,
off,88,b3,blue,mid,法師,gambler,,0,3,0,2,14007,14421,900,33.2,,,,0,,,,,,,,,,,,,,,,,,0,,
off,88,b4,blue,adc,射手,xuanfeng,,0,2,3,4,14456,9646,600,22.1,,,,0,,,,,,,,,,,,,,,,,,0,,
off,88,b5,blue,sup,坦克,xukong,,0,1,6,0,6850,17530,328,12.1,,,,0,,,,,,,,,,,,,,,,,,0,,
off,88,r1,red,top,戰士,cinderfist,,1,6,0,2,14600,19689,1800,66.4,,,,0,,,,,,,,,,,,,,,,,,0,,
off,88,r2,red,jungle,戰士,greymantle,,1,2,4,4,9694,13751,1537,56.7,,,,0,,,,,,,,,,,,,,,,,,0,,
off,88,r3,red,mid,法師,gambler,,1,1,2,1,15466,14170,300,11.1,,,,0,,,,,,,,,,,,,,,,,,0,,
off,88,r4,red,adc,射手,xuanfeng,,1,3,2,1,14508,11106,900,33.2,,,,0,,,,,,,,,,,,,,,,,,0,,
off,88,r5,red,sup,坦克,xukong,,1,6,2,3,6473,15944,1800,66.4,,,,0,,,,,,,,,,,,,,,,,,0,,
off,89,b1,blue,top,戰士,leimingcf,,0,0,4,0,5583,18011,0,0,,,,0,,,,,,,,,,,,,,,,,,0,,
off,89,b2,blue,jungle,刺客,binghe,,0,1,5,0,4601,11486,931,37.9,,,,0,,,,,,,,,,,,,,,,,,0,,
off,89,b3,blue,mid,法師,ronghuo,,0,2,3,0,9156,12815,600,24.4,,,,0,,,,,,,,,,,,,,,,,,0,,
off,89,b4,blue,adc,射手,phantom,,0,2,6,0,7208,10381,600,24.4,,,,0,,,,,,,,,,,,,,,,,,0,,
off,89,b5,blue,sup,輔助,tianshi,,0,0,3,0,3726,11829,0,0,,,,0,,,,,,,,,,,,,,,,,,0,,
off,89,r1,red,top,戰士,leimingcf,,1,9,1,0,8889,17352,2700,110,,,,0,,,,,,,,,,,,,,,,,,0,,
off,89,r2,red,jungle,刺客,binghe,,1,3,0,3,7354,9465,1842,75,,,,0,,,,,,,,,,,,,,,,,,0,,
off,89,r3,red,mid,法師,ronghuo,,1,5,1,2,14168,10449,1500,61.1,,,,0,,,,,,,,,,,,,,,,,,0,,
off,89,r4,red,adc,射手,phantom,,1,4,1,2,8866,8873,1200,48.9,,,,0,,,,,,,,,,,,,,,,,,0,,
off,89,r5,red,sup,輔助,tianshi,,1,0,2,1,4177,10776,0,0,,,,0,,,,,,,,,,,,,,,,,,0,,
off,90,b1,blue,top,戰士,jufeng,,0,1,2,0,11644,19666,300,11.6,,,,0,,,,,,,,,,,,,,,,,,0,,
off,90,b2,blue,jungle,刺客,shanying,,0,1,5,0,4732,13285,950,36.7,,,,0,,,,,,,,,,,,,,,,,,0,,
off,90,b3,blue,mid,法師,gambler,,0,1,5,1,13507,13425,300,11.6,,,,0,,,,,,,,,,,,,,,,,,0,,
off,90,b4,blue,adc,射手,huanying,,0,0,4,0,9558,10127,108,4.2,,,,0,,,,,,,,,,,,,,,,,,0,,
off,90,b5,blue,sup,坦克,ironclad,,0,0,4,1,5040,14582,108,4.2,,,,0,,,,,,,,,,,,,,,,,,0,,
off,90,r1,red,top,戰士,jufeng,,1,10,0,0,15353,21923,3000,115.8,,,,0,,,,,,,,,,,,,,,,,,0,,
off,90,r2,red,jungle,刺客,shanying,,1,3,0,1,7804,11090,1819,70.2,,,,0,,,,,,,,,,,,,,,,,,0,,
off,90,r3,red,mid,法師,gambler,,1,4,1,1,12456,11273,1200,46.3,,,,0,,,,,,,,,,,,,,,,,,0,,
off,90,r4,red,adc,射手,huanying,,1,2,1,3,11607,8506,600,23.2,,,,0,,,,,,,,,,,,,,,,,,0,,
off,90,r5,red,sup,坦克,ironclad,,1,1,1,2,5472,14783,300,11.6,,,,0,,,,,,,,,,,,,,,,,,0,,
off,91,b1,blue,top,戰士,anliuyouXia,,0,0,3,0,7993,17791,0,0,,,,0,,,,,,,,,,,,,,,,,,0,,
off,91,b2,blue,jungle,刺客,anye,,0,1,4,1,4824,9160,949,42.7,,,,0,,,,,,,,,,,,,,,,,,0,,
off,91,b3,blue,mid,法師,ronghuo,,0,3,1,0,11829,13489,900,40.5,,,,0,,,,,,,,,,,,,,,,,,0,,
off,91,b4,blue,adc,射手,guangsu,,0,0,3,0,3573,7442,0,0,,,,0,,,,,,,,,,,,,,,,,,0,,
off,91,b5,blue,sup,坦克,shengdun,,0,1,4,1,4691,13194,382,17.2,,,,0,,,,,,,,,,,,,,,,,,0,,
off,91,r1,red,top,戰士,anliuyouXia,,1,8,0,0,10812,14610,2472,111.2,,,,0,,,,,,,,,,,,,,,,,,0,,
off,91,r2,red,jungle,刺客,anye,,1,2,1,2,7005,8389,1348,60.6,,,,0,,,,,,,,,,,,,,,,,,0,,
off,91,r3,red,mid,法師,ronghuo,,1,3,1,4,9779,9455,900,40.5,,,,0,,,,,,,,,,,,,,,,,,0,,
off,91,r4,red,adc,射手,guangsu,,1,2,2,0,8672,7286,600,27,,,,0,,,,,,,,,,,,,,,,,,0,,
off,91,r5,red,sup,坦克,shengdun,,1,0,1,6,5843,11844,0,0,,,,0,,,,,,,,,,,,,,,,,,0,,
off,92,b1,blue,top,戰士,tielian,,1,0,2,2,8977,17284,0,0,,,,0,,,,,,,,,,,,,,,,,,0,,
off,92,b2,blue,jungle,刺客,wuxing,,1,1,4,0,4325,9556,1021,42.1,,,,0,,,,,,,,,,,,,,,,,,0,,
off,92,b3,blue,mid,法師,gambler,,1,2,3,1,9701,11012,600,24.7,,,,0,,,,,,,,,,,,,,,,,,0,,
off,92,b4,blue,adc,射手,mori,,1,6,1,0,12489,9773,1800,74.2,,,,0,,,,,,,,,,,,,,,,,,0,,
off,92,b5,blue,sup,輔助,fuwenbianzhi,,1,0,2,1,3694,11620,108,4.5,,,,0,,,,,,,,,,,,,,,,,,0,,
off,92,r1,red,top,戰士,tielian,,0,7,0,2,10393,20338,2100,86.5,,,,0,,,,,,,,,,,,,,,,,,0,,
off,92,r2,red,jungle,刺客,wuxing,,0,1,2,0,3438,9542,1178,48.5,,,,0,,,,,,,,,,,,,,,,,,0,,
off,92,r3,red,mid,法師,gambler,,0,3,1,3,11103,12934,900,37.1,,,,0,,,,,,,,,,,,,,,,,,0,,
off,92,r4,red,adc,射手,mori,,0,0,3,1,7353,8485,54,2.2,,,,0,,,,,,,,,,,,,,,,,,0,,
off,92,r5,red,sup,輔助,fuwenbianzhi,,0,1,3,3,3842,10785,300,12.4,,,,0,,,,,,,,,,,,,,,,,,0,,
off,93,b1,blue,top,戰士,hunpo,,0,1,0,0,5944,17965,300,12.1,,,,0,,,,,,,,,,,,,,,,,,0,,
off,93,b2,blue,jungle,刺客,voidrift,,0,3,2,0,4887,10057,1585,64.2,,,,0,,,,,,,,,,,,,,,,,,0,,
off,93,b3,blue,mid,法師,leiming,,0,2,3,1,11151,13121,600,24.3,,,,0,,,,,,,,,,,,,,,,,,0,,
off,93,b4,blue,adc,射手,leiting,,0,2,3,0,9531,9395,600,24.3,,,,0,,,,,,,,,,,,,,,,,,0,,
off,93,b5,blue,sup,輔助,luminary,,0,0,3,3,4929,11902,0,0,,,,0,,,,,,,,,,,,,,,,,,0,,
off,93,r1,red,top,戰士,hunpo,,1,2,1,0,6011,15297,600,24.3,,,,0,,,,,,,,,,,,,,,,,,0,,
off,93,r2,red,jungle,刺客,voidrift,,1,7,3,0,7125,11452,2956,119.7,,,,0,,,,,,,,,,,,,,,,,,0,,
off,93,r3,red,mid,法師,leiming,,1,1,1,4,13464,12962,300,12.1,,,,0,,,,,,,,,,,,,,,,,,0,,
off,93,r4,red,adc,射手,leiting,,1,1,2,1,8619,9120,300,12.1,,,,0,,,,,,,,,,,,,,,,,,0,,
off,93,r5,red,sup,輔助,luminary,,1,0,1,0,3393,9390,0,0,,,,0,,,,,,,,,,,,,,,,,,0,,
off,94,b1,blue,top,戰士,dushe,,0,1,4,1,14362,24477,317,11.2,,,,0,,,,,,,,,,,,,,,,,,0,,
off,94,b2,blue,jungle,刺客,miwu,,0,2,6,0,8751,14276,1524,53.8,,,,0,,,,,,,,,,,,,,,,,,0,,
off,94,b3,blue,mid,法師,haixiao,,0,1,4,2,13273,15536,363,12.8,,,,0,,,,,,,,,,,,,,,,,,0,,
off,94,b4,blue,adc,射手,shensheng,,0,2,3,0,14708,11893,600,21.2,,,,0,,,,,,,,,,,,,,,,,,0,,
off,94,b5,blue,sup,坦克,tiebi,,0,1,4,2,5730,16540,318,11.2,,,,0,,,,,,,,,,,,,,,,,,0,,
off,94,r1,red,top,戰士,dushe,,1,13,0,1,20392,24610,3954,139.5,,,,0,,,,,,,,,,,,,,,,,,0,,
off,94,r2,red,jungle,刺客,miwu,,1,2,0,2,7634,12082,1628,57.4,,,,0,,,,,,,,,,,,,,,,,,0,,
off,94,r3,red,mid,法師,haixiao,,1,3,2,1,16812,13205,900,31.7,,,,0,,,,,,,,,,,,,,,,,,0,,
off,94,r4,red,adc,射手,shensheng,,1,1,3,3,12689,10173,300,10.6,,,,0,,,,,,,,,,,,,,,,,,0,,
off,94,r5,red,sup,坦克,tiebi,,1,2,2,2,7046,17500,600,21.2,,,,0,,,,,,,,,,,,,,,,,,0,,
off,95,b1,blue,top,戰士,fengbao,,0,3,1,0,11038,21834,900,33.5,,,,0,,,,,,,,,,,,,,,,,,0,,
off,95,b2,blue,jungle,刺客,guihuo,,0,2,2,0,2887,12614,1439,53.5,,,,0,,,,,,,,,,,,,,,,,,0,,
off,95,b3,blue,mid,法師,leiming,,0,0,3,2,13009,15039,0,0,,,,0,,,,,,,,,,,,,,,,,,0,,
off,95,b4,blue,adc,射手,liangzicz,,0,2,3,1,9643,10664,654,24.3,,,,0,,,,,,,,,,,,,,,,,,0,,
off,95,b5,blue,sup,輔助,fengshen,,0,0,6,1,5147,13523,0,0,,,,0,,,,,,,,,,,,,,,,,,0,,
off,95,r1,red,top,戰士,fengbao,,1,5,1,1,12834,20576,1500,55.8,,,,0,,,,,,,,,,,,,,,,,,0,,
off,95,r2,red,jungle,刺客,guihuo,,1,5,1,2,6282,10923,2829,105.2,,,,0,,,,,,,,,,,,,,,,,,0,,
off,95,r3,red,mid,法師,leiming,,1,3,1,3,13429,13087,900,33.5,,,,0,,,,,,,,,,,,,,,,,,0,,
off,95,r4,red,adc,射手,liangzicz,,1,2,2,4,12686,9348,600,22.3,,,,0,,,,,,,,,,,,,,,,,,0,,
off,95,r5,red,sup,輔助,fengshen,,1,0,2,4,6521,11366,0,0,,,,0,,,,,,,,,,,,,,,,,,0,,
off,96,b1,blue,top,戰士,langwang,,1,5,4,1,13930,29448,1500,44,,,,0,,,,,,,,,,,,,,,,,,0,,
off,96,b2,blue,jungle,刺客,jiansheng,,1,3,6,1,6287,17493,1911,56,,,,0,,,,,,,,,,,,,,,,,,0,,
off,96,b3,blue,mid,法師,haixiao,,1,6,5,2,19413,20478,1800,52.8,,,,0,,,,,,,,,,,,,,,,,,0,,
off,96,b4,blue,adc,射手,xingchen,,1,6,3,2,23046,16824,1818,53.3,,,,0,,,,,,,,,,,,,,,,,,0,,
off,96,b5,blue,sup,輔助,hexweave,,1,0,6,5,9163,18774,0,0,,,,0,,,,,,,,,,,,,,,,,,0,,
off,96,r1,red,top,戰士,langwang,,0,10,3,0,17355,30535,3000,88,,,,0,,,,,,,,,,,,,,,,,,0,,
off,96,r2,red,jungle,刺客,jiansheng,,0,3,3,3,10503,17946,2308,67.7,,,,0,,,,,,,,,,,,,,,,,,0,,
off,96,r3,red,mid,法師,haixiao,,0,7,6,1,26159,17863,2100,61.6,,,,0,,,,,,,,,,,,,,,,,,0,,
off,96,r4,red,adc,射手,xingchen,,0,4,6,2,18922,14600,1200,35.2,,,,0,,,,,,,,,,,,,,,,,,0,,
off,96,r5,red,sup,輔助,hexweave,,0,0,2,3,7802,17135,0,0,,,,0,,,,,,,,,,,,,,,,,,0,,
off,97,b1,blue,top,戰士,kuangfeng,,0,2,6,1,17014,28477,618,19.4,,,,0,,,,,,,,,,,,,,,,,,0,,
off,97,b2,blue,jungle,刺客,hundun,,0,3,2,0,7165,14832,1810,56.9,,,,0,,,,,,,,,,,,,,,,,,0,,
off,97,b3,blue,mid,法師,leiming,,0,7,8,1,22787,19737,2118,66.6,,,,0,,,,,,,,,,,,,,,,,,0,,
off,97,b4,blue,adc,射手,dujian,,0,2,4,1,16437,13737,654,20.6,,,,0,,,,,,,,,,,,,,,,,,0,,
off,97,b5,blue,sup,坦克,tiankong,,0,0,5,3,7757,21089,0,0,,,,0,,,,,,,,,,,,,,,,,,0,,
off,97,r1,red,top,戰士,kuangfeng,,1,5,0,1,16479,29238,1500,47.1,,,,0,,,,,,,,,,,,,,,,,,0,,
off,97,r2,red,jungle,刺客,hundun,,1,9,2,1,10866,15937,3896,122.4,,,,0,,,,,,,,,,,,,,,,,,0,,
off,97,r3,red,mid,法師,leiming,,1,2,3,4,16496,16050,600,18.9,,,,0,,,,,,,,,,,,,,,,,,0,,
off,97,r4,red,adc,射手,dujian,,1,8,5,2,23522,14228,2400,75.4,,,,0,,,,,,,,,,,,,,,,,,0,,
off,97,r5,red,sup,坦克,tiankong,,1,1,4,3,8613,19924,300,9.4,,,,0,,,,,,,,,,,,,,,,,,0,,
off,98,b1,blue,top,戰士,greymantle,,0,0,1,0,8004,18391,0,0,,,,0,,,,,,,,,,,,,,,,,,0,,
off,98,b2,blue,jungle,刺客,yueying,,0,1,4,0,4525,10757,958,40.9,,,,0,,,,,,,,,,,,,,,,,,0,,
off,98,b3,blue,mid,法師,haixiao,,0,2,3,0,9875,12041,628,26.8,,,,0,,,,,,,,,,,,,,,,,,0,,
off,98,b4,blue,adc,射手,tianfa,,0,0,5,0,8071,9319,0,0,,,,0,,,,,,,,,,,,,,,,,,0,,
off,98,b5,blue,sup,坦克,shiqiang,,0,0,3,0,3995,15369,82,3.5,,,,0,,,,,,,,,,,,,,,,,,0,,
off,98,r1,red,top,戰士,greymantle,,1,2,0,1,11205,17421,600,25.6,,,,0,,,,,,,,,,,,,,,,,,0,,
off,98,r2,red,jungle,刺客,yueying,,1,3,0,1,5437,8631,1930,82.4,,,,0,,,,,,,,,,,,,,,,,,0,,
off,98,r3,red,mid,法師,haixiao,,1,5,1,0,11923,11756,1500,64.1,,,,0,,,,,,,,,,,,,,,,,,0,,
off,98,r4,red,adc,射手,tianfa,,1,3,2,3,13343,8158,900,38.4,,,,0,,,,,,,,,,,,,,,,,,0,,
off,98,r5,red,sup,坦克,shiqiang,,1,3,0,4,5954,12859,900,38.4,,,,0,,,,,,,,,,,,,,,,,,0,,
off,99,b1,blue,top,戰士,ravager,,1,0,2,0,8800,20793,0,0,,,,0,,,,,,,,,,,,,,,,,,0,,
off,99,b2,blue,jungle,戰士,longyi,,1,0,4,0,3030,10440,721,28.4,,,,0,,,,,,,,,,,,,,,,,,0,,
off,99,b3,blue,mid,法師,bingshuang,,1,1,3,0,10433,13425,300,11.8,,,,0,,,,,,,,,,,,,,,,,,0,,
off,99,b4,blue,adc,射手,dawnstrike,,1,3,3,0,10186,10216,900,35.5,,,,0,,,,,,,,,,,,,,,,,,0,,
off,99,b5,blue,sup,輔助,shengguang,,1,1,3,2,3481,12954,300,11.8,,,,0,,,,,,,,,,,,,,,,,,0,,
off,99,r1,red,top,戰士,ravager,,0,9,0,1,10831,16035,2700,106.5,,,,0,,,,,,,,,,,,,,,,,,0,,
off,99,r2,red,jungle,戰士,longyi,,0,3,0,2,8253,12888,1728,68.1,,,,0,,,,,,,,,,,,,,,,,,0,,
off,99,r3,red,mid,法師,bingshuang,,0,1,1,0,9927,11228,300,11.8,,,,0,,,,,,,,,,,,,,,,,,0,,
off,99,r4,red,adc,射手,dawnstrike,,0,2,3,1,13656,9090,600,23.7,,,,0,,,,,,,,,,,,,,,,,,0,,
off,99,r5,red,sup,輔助,shengguang,,0,0,1,3,4533,12040,0,0,,,,0,,,,,,,,,,,,,,,,,,0,,
off,100,b1,blue,top,戰士,dadi2,,1,6,0,1,15479,26797,1828,58.7,,,,0,,,,,,,,,,,,,,,,,,0,,
off,100,b2,blue,jungle,戰士,ravager,,1,1,2,2,7751,13371,1030,33.1,,,,0,,,,,,,,,,,,,,,,,,0,,
off,100,b3,blue,mid,法師,mingyun2,,1,4,2,3,18263,17073,1200,38.5,,,,0,,,,,,,,,,,,,,,,,,0,,
off,100,b4,blue,adc,射手,hanbing,,1,2,4,2,15341,12813,600,19.3,,,,0,,,,,,,,,,,,,,,,,,0,,
off,100,b5,blue,sup,坦克,tieshixin,,1,1,3,4,7887,18912,300,9.6,,,,0,,,,,,,,,,,,,,,,,,0,,
off,100,r1,red,top,戰士,dadi2,,0,5,1,0,14670,27625,1500,48.2,,,,0,,,,,,,,,,,,,,,,,,0,,
off,100,r2,red,jungle,戰士,ravager,,0,2,4,0,9401,14518,1684,54,,,,0,,,,,,,,,,,,,,,,,,0,,
off,100,r3,red,mid,法師,mingyun2,,0,4,2,1,15583,14827,1200,38.5,,,,0,,,,,,,,,,,,,,,,,,0,,
off,100,r4,red,adc,射手,hanbing,,0,0,0,0,17354,13326,0,0,,,,0,,,,,,,,,,,,,,,,,,0,,
off,100,r5,red,sup,坦克,tieshixin,,0,0,7,1,6569,20168,0,0,,,,0,,,,,,,,,,,,,,,,,,0,,
off,101,b1,blue,top,戰士,ronggang,,0,3,5,0,13932,25305,900,28.9,,,,0,,,,,,,,,,,,,,,,,,0,,
off,101,b2,blue,jungle,戰士,xueyue,,0,1,3,0,7250,14402,1068,34.4,,,,0,,,,,,,,,,,,,,,,,,0,,
off,101,b3,blue,mid,法師,bingshuang,,0,7,1,0,20856,16634,2100,67.5,,,,0,,,,,,,,,,,,,,,,,,0,,
off,101,b4,blue,adc,射手,xuanfeng,,0,7,3,2,23005,13070,2100,67.5,,,,0,,,,,,,,,,,,,,,,,,0,,
off,101,b5,blue,sup,坦克,xukong,,0,0,4,0,5549,20211,54,1.7,,,,0,,,,,,,,,,,,,,,,,,0,,
off,101,r1,red,top,戰士,ronggang,,1,7,3,2,14026,23955,2100,67.5,,,,0,,,,,,,,,,,,,,,,,,0,,
off,101,r2,red,jungle,戰士,xueyue,,1,5,1,1,12462,17832,2759,88.7,,,,0,,,,,,,,,,,,,,,,,,0,,
off,101,r3,red,mid,法師,bingshuang,,1,2,2,5,18094,15997,600,19.3,,,,0,,,,,,,,,,,,,,,,,,0,,
off,101,r4,red,adc,射手,xuanfeng,,1,1,6,0,17593,12400,300,9.6,,,,0,,,,,,,,,,,,,,,,,,0,,
off,101,r5,red,sup,坦克,xukong,,1,1,6,3,5724,20560,300,9.6,,,,0,,,,,,,,,,,,,,,,,,0,,
off,102,b1,blue,top,戰士,jingci,,0,2,0,0,6699,16940,600,24.4,,,,0,,,,,,,,,,,,,,,,,,0,,
off,102,b2,blue,jungle,戰士,jufeng,,0,2,1,1,9006,12937,1205,49,,,,0,,,,,,,,,,,,,,,,,,0,,
off,102,b3,blue,mid,法師,mingyun2,,0,3,3,1,11953,11794,900,36.6,,,,0,,,,,,,,,,,,,,,,,,0,,
off,102,b4,blue,adc,射手,phantom,,0,1,5,0,9647,9546,300,12.2,,,,0,,,,,,,,,,,,,,,,,,0,,
off,102,b5,blue,sup,輔助,tianshi,,0,0,3,2,5028,12840,0,0,,,,0,,,,,,,,,,,,,,,,,,0,,
off,102,r1,red,top,戰士,jingci,,1,2,1,0,9750,17843,600,24.4,,,,0,,,,,,,,,,,,,,,,,,0,,
off,102,r2,red,jungle,戰士,jufeng,,1,5,1,0,8088,12247,2344,95.2,,,,0,,,,,,,,,,,,,,,,,,0,,
off,102,r3,red,mid,法師,mingyun2,,1,1,1,2,10082,12963,300,12.2,,,,0,,,,,,,,,,,,,,,,,,0,,
off,102,r4,red,adc,射手,phantom,,1,3,4,1,11344,9050,900,36.6,,,,0,,,,,,,,,,,,,,,,,,0,,
off,102,r5,red,sup,輔助,tianshi,,1,1,1,2,5171,9596,300,12.2,,,,0,,,,,,,,,,,,,,,,,,0,,
off,103,b1,blue,top,戰士,tielian,,0,5,1,0,5207,18787,1500,62.1,,,,0,,,,,,,,,,,,,,,,,,0,,
off,103,b2,blue,jungle,戰士,rongyan,,0,1,1,3,5707,9745,832,34.4,,,,0,,,,,,,,,,,,,,,,,,0,,
off,103,b3,blue,mid,法師,bingshuang,,0,1,2,6,12438,13763,300,12.4,,,,0,,,,,,,,,,,,,,,,,,0,,
off,103,b4,blue,adc,射手,huanying,,0,4,2,1,9355,9010,1200,49.7,,,,0,,,,,,,,,,,,,,,,,,0,,
off,103,b5,blue,sup,輔助,mantra,,0,1,1,5,5117,10924,300,12.4,,,,0,,,,,,,,,,,,,,,,,,0,,
off,103,r1,red,top,戰士,tielian,,1,5,1,0,8825,17943,1518,62.9,,,,0,,,,,,,,,,,,,,,,,,0,,
off,103,r2,red,jungle,戰士,rongyan,,1,1,5,0,5149,10902,1294,53.6,,,,0,,,,,,,,,,,,,,,,,,0,,
off,103,r3,red,mid,法師,bingshuang,,1,0,2,2,11265,12389,0,0,,,,0,,,,,,,,,,,,,,,,,,0,,
off,103,r4,red,adc,射手,huanying,,1,1,3,1,7017,8278,300,12.4,,,,0,,,,,,,,,,,,,,,,,,0,,
off,103,r5,red,sup,輔助,mantra,,1,0,1,2,4345,10035,0,0,,,,0,,,,,,,,,,,,,,,,,,0,,
off,104,b1,blue,top,坦克,shiqiang,,0,2,1,0,7158,16880,600,26.4,,,,0,,,,,,,,,,,,,,,,,,0,,
off,104,b2,blue,jungle,戰士,tielian,,0,0,3,1,5328,9887,605,26.6,,,,0,,,,,,,,,,,,,,,,,,0,,
off,104,b3,blue,mid,法師,mingyun2,,0,1,0,0,8638,11599,300,13.2,,,,0,,,,,,,,,,,,,,,,,,0,,
off,104,b4,blue,adc,射手,guangsu,,0,1,2,0,6069,8010,300,13.2,,,,0,,,,,,,,,,,,,,,,,,0,,
off,104,b5,blue,sup,坦克,tiebi,,0,1,5,0,4068,13096,300,13.2,,,,0,,,,,,,,,,,,,,,,,,0,,
off,104,r1,red,top,坦克,shiqiang,,1,2,0,1,9497,14603,600,26.4,,,,0,,,,,,,,,,,,,,,,,,0,,
off,104,r2,red,jungle,戰士,tielian,,1,4,0,0,3584,7851,2206,97.2,,,,0,,,,,,,,,,,,,,,,,,0,,
off,104,r3,red,mid,法師,mingyun2,,1,3,1,0,10094,10941,900,39.6,,,,0,,,,,,,,,,,,,,,,,,0,,
off,104,r4,red,adc,射手,guangsu,,1,0,1,4,10865,7360,0,0,,,,0,,,,,,,,,,,,,,,,,,0,,
off,104,r5,red,sup,坦克,tiebi,,1,2,3,4,4827,14259,600,26.4,,,,0,,,,,,,,,,,,,,,,,,0,,
off,105,b1,blue,top,坦克,longji,,1,0,0,0,7653,17796,28,1.1,,,,0,,,,,,,,,,,,,,,,,,0,,
off,105,b2,blue,jungle,戰士,cinderfist,,1,1,1,0,5251,11091,904,36.1,,,,0,,,,,,,,,,,,,,,,,,0,,
off,105,b3,blue,mid,法師,shikong,,1,6,2,0,9486,12334,1800,71.8,,,,0,,,,,,,,,,,,,,,,,,0,,
off,105,b4,blue,adc,射手,mori,,1,4,3,0,8263,10182,1200,47.9,,,,0,,,,,,,,,,,,,,,,,,0,,
off,105,b5,blue,sup,輔助,zhanchang,,1,0,3,2,4176,12884,18,0.7,,,,0,,,,,,,,,,,,,,,,,,0,,
off,105,r1,red,top,坦克,longji,,0,3,1,0,8015,17470,900,35.9,,,,0,,,,,,,,,,,,,,,,,,0,,
off,105,r2,red,jungle,戰士,cinderfist,,0,2,3,2,6150,10418,1378,55,,,,0,,,,,,,,,,,,,,,,,,0,,
off,105,r3,red,mid,法師,shikong,,0,1,2,2,10520,12492,300,12,,,,0,,,,,,,,,,,,,,,,,,0,,
off,105,r4,red,adc,射手,mori,,0,3,4,0,10800,9971,900,35.9,,,,0,,,,,,,,,,,,,,,,,,0,,
off,105,r5,red,sup,輔助,zhanchang,,0,0,1,2,4400,11673,0,0,,,,0,,,,,,,,,,,,,,,,,,0,,
off,106,b1,blue,top,坦克,dadi,,0,0,0,0,7400,15409,0,0,,,,0,,,,,,,,,,,,,,,,,,0,,
off,106,b2,blue,jungle,戰士,chichuan,,0,1,4,0,3452,8292,903,39.9,,,,0,,,,,,,,,,,,,,,,,,0,,
off,106,b3,blue,mid,法師,lieyan,,0,1,1,0,8260,10037,300,13.3,,,,0,,,,,,,,,,,,,,,,,,0,,
off,106,b4,blue,adc,射手,leiting,,0,1,4,1,7756,9479,300,13.3,,,,0,,,,,,,,,,,,,,,,,,0,,
off,106,b5,blue,sup,輔助,luminary,,0,2,1,1,3048,10340,618,27.3,,,,0,,,,,,,,,,,,,,,,,,0,,
off,106,r1,red,top,坦克,dadi,,1,1,0,0,7750,17020,318,14.1,,,,0,,,,,,,,,,,,,,,,,,0,,
off,106,r2,red,jungle,戰士,chichuan,,1,4,0,0,3992,7573,2294,101.4,,,,0,,,,,,,,,,,,,,,,,,0,,
off,106,r3,red,mid,法師,lieyan,,1,0,1,1,9039,12187,0,0,,,,0,,,,,,,,,,,,,,,,,,0,,
off,106,r4,red,adc,射手,leiting,,1,3,3,0,7886,8133,900,39.8,,,,0,,,,,,,,,,,,,,,,,,0,,
off,106,r5,red,sup,輔助,luminary,,1,2,1,2,2524,10492,600,26.5,,,,0,,,,,,,,,,,,,,,,,,0,,
off,107,b1,blue,top,坦克,tixue,,0,3,2,1,12249,24710,900,31.8,,,,0,,,,,,,,,,,,,,,,,,0,,
off,107,b2,blue,jungle,戰士,dadi2,,0,1,4,1,8020,11804,1156,40.8,,,,0,,,,,,,,,,,,,,,,,,0,,
off,107,b3,blue,mid,法師,shikong,,0,2,5,2,13403,15444,600,21.2,,,,0,,,,,,,,,,,,,,,,,,0,,
off,107,b4,blue,adc,射手,shensheng,,0,6,4,1,15221,11761,1818,64.1,,,,0,,,,,,,,,,,,,,,,,,0,,
off,107,b5,blue,sup,坦克,tiankong,,0,2,3,1,6183,17179,618,21.8,,,,0,,,,,,,,,,,,,,,,,,0,,
off,107,r1,red,top,坦克,tixue,,1,5,1,1,12257,22060,1500,52.9,,,,0,,,,,,,,,,,,,,,,,,0,,
off,107,r2,red,jungle,戰士,dadi2,,1,6,3,1,6952,12881,2801,98.8,,,,0,,,,,,,,,,,,,,,,,,0,,
off,107,r3,red,mid,法師,shikong,,1,3,3,4,18202,15351,900,31.8,,,,0,,,,,,,,,,,,,,,,,,0,,
off,107,r4,red,adc,射手,shensheng,,1,2,5,4,19559,11048,600,21.2,,,,0,,,,,,,,,,,,,,,,,,0,,
off,107,r5,red,sup,坦克,tiankong,,1,2,2,3,5303,17214,600,21.2,,,,0,,,,,,,,,,,,,,,,,,0,,
off,108,b1,blue,top,坦克,stoneguard,,0,1,1,0,7353,20267,300,12,,,,0,,,,,,,,,,,,,,,,,,0,,
off,108,b2,blue,jungle,戰士,langwang,,0,1,4,0,6183,10752,1002,40,,,,0,,,,,,,,,,,,,,,,,,0,,
off,108,b3,blue,mid,法師,lieyan,,0,2,2,2,10351,13816,600,24,,,,0,,,,,,,,,,,,,,,,,,0,,
off,108,b4,blue,adc,射手,liangzicz,,0,2,2,1,11075,10116,600,24,,,,0,,,,,,,,,,,,,,,,,,0,,
off,108,b5,blue,sup,坦克,tiemu,,0,2,2,0,7919,16690,618,24.7,,,,0,,,,,,,,,,,,,,,,,,0,,
off,108,r1,red,top,坦克,stoneguard,,1,3,2,1,12464,19453,900,35.9,,,,0,,,,,,,,,,,,,,,,,,0,,
off,108,r2,red,jungle,戰士,langwang,,1,3,0,0,7838,11228,1883,75.2,,,,0,,,,,,,,,,,,,,,,,,0,,
off,108,r3,red,mid,法師,lieyan,,1,3,2,2,12769,12875,900,35.9,,,,0,,,,,,,,,,,,,,,,,,0,,
off,108,r4,red,adc,射手,liangzicz,,1,0,3,0,11269,9509,54,2.2,,,,0,,,,,,,,,,,,,,,,,,0,,
off,108,r5,red,sup,坦克,tiemu,,1,2,1,5,6903,14574,628,25.1,,,,0,,,,,,,,,,,,,,,,,,0,,
off,109,b1,blue,top,坦克,thornwall,,0,1,2,0,8505,21991,300,11.1,,,,0,,,,,,,,,,,,,,,,,,0,,
off,109,b2,blue,jungle,戰士,anliuyouXia,,0,0,2,2,6272,11858,712,26.3,,,,0,,,,,,,,,,,,,,,,,,0,,
off,109,b3,blue,mid,法師,shikong,,0,3,2,0,16577,15699,900,33.2,,,,0,,,,,,,,,,,,,,,,,,0,,
off,109,b4,blue,adc,射手,xingchen,,0,3,2,0,12444,11699,954,35.2,,,,0,,,,,,,,,,,,,,,,,,0,,
off,109,b5,blue,sup,輔助,hexweave,,0,3,2,0,5951,13829,900,33.2,,,,0,,,,,,,,,,,,,,,,,,0,,
off,109,r1,red,top,坦克,thornwall,,1,4,0,0,9299,18848,1200,44.3,,,,0,,,,,,,,,,,,,,,,,,0,,
off,109,r2,red,jungle,戰士,anliuyouXia,,1,2,3,1,8266,13612,1612,59.5,,,,0,,,,,,,,,,,,,,,,,,0,,
off,109,r3,red,mid,法師,shikong,,1,3,1,2,17421,14532,900,33.2,,,,0,,,,,,,,,,,,,,,,,,0,,
off,109,r4,red,adc,射手,xingchen,,1,1,6,3,13340,11021,300,11.1,,,,0,,,,,,,,,,,,,,,,,,0,,
off,109,r5,red,sup,輔助,hexweave,,1,0,0,2,7662,13123,0,0,,,,0,,,,,,,,,,,,,,,,,,0,,
off,110,b1,blue,top,坦克,tieshixin,,0,1,6,0,13518,28138,354,11.4,,,,0,,,,,,,,,,,,,,,,,,0,,
off,110,b2,blue,jungle,刺客,razorwing,,0,0,8,0,7499,14387,898,29,,,,0,,,,,,,,,,,,,,,,,,0,,
off,110,b3,blue,mid,法師,xingjie,,0,3,2,0,16668,16854,900,29.1,,,,0,,,,,,,,,,,,,,,,,,0,,
off,110,b4,blue,adc,射手,dujian,,0,5,6,1,17407,14721,1500,48.5,,,,0,,,,,,,,,,,,,,,,,,0,,
off,110,b5,blue,sup,坦克,tiankong,,0,1,8,0,6567,21993,300,9.7,,,,0,,,,,,,,,,,,,,,,,,0,,
off,110,r1,red,top,坦克,tieshixin,,1,12,1,0,15789,24454,3600,116.4,,,,0,,,,,,,,,,,,,,,,,,0,,
off,110,r2,red,jungle,刺客,razorwing,,1,8,1,5,14117,15949,3494,113,,,,0,,,,,,,,,,,,,,,,,,0,,
off,110,r3,red,mid,法師,xingjie,,1,6,1,6,24609,15486,1800,58.2,,,,0,,,,,,,,,,,,,,,,,,0,,
off,110,r4,red,adc,射手,dujian,,1,3,5,2,14093,11898,900,29.1,,,,0,,,,,,,,,,,,,,,,,,0,,
off,110,r5,red,sup,坦克,tiankong,,1,1,2,6,8972,18859,300,9.7,,,,0,,,,,,,,,,,,,,,,,,0,,
off,111,b1,blue,top,坦克,bingshouweis,,0,5,1,3,10075,16765,1500,61.7,,,,0,,,,,,,,,,,,,,,,,,0,,
off,111,b2,blue,jungle,刺客,jingxiang,,0,2,1,2,8840,11649,1240,51,,,,0,,,,,,,,,,,,,,,,,,0,,
off,111,b3,blue,mid,法師,auralith,,0,3,0,3,12342,11895,900,37,,,,0,,,,,,,,,,,,,,,,,,0,,
off,111,b4,blue,adc,射手,tianfa,,0,3,2,1,10631,9307,900,37,,,,0,,,,,,,,,,,,,,,,,,0,,
off,111,b5,blue,sup,坦克,shiqiang,,0,1,1,2,6308,14396,354,14.6,,,,0,,,,,,,,,,,,,,,,,,0,,
off,111,r1,red,top,坦克,bingshouweis,,1,3,2,0,9106,18398,900,37,,,,0,,,,,,,,,,,,,,,,,,0,,
off,111,r2,red,jungle,刺客,jingxiang,,1,0,5,1,9166,11168,845,34.7,,,,0,,,,,,,,,,,,,,,,,,0,,
off,111,r3,red,mid,法師,auralith,,1,2,3,0,10660,11975,628,25.8,,,,0,,,,,,,,,,,,,,,,,,0,,
off,111,r4,red,adc,射手,tianfa,,1,0,1,0,11595,8389,0,0,,,,0,,,,,,,,,,,,,,,,,,0,,
off,111,r5,red,sup,坦克,shiqiang,,1,0,3,2,5300,13851,0,0,,,,0,,,,,,,,,,,,,,,,,,0,,
off,112,b1,blue,top,坦克,tiankong,,0,4,1,0,10571,24230,1200,42.6,,,,0,,,,,,,,,,,,,,,,,,0,,
off,112,b2,blue,jungle,刺客,guihuo,,0,1,5,2,7017,12935,1219,43.3,,,,0,,,,,,,,,,,,,,,,,,0,,
off,112,b3,blue,mid,法師,xingjie,,0,5,4,0,16564,16276,1500,53.2,,,,0,,,,,,,,,,,,,,,,,,0,,
off,112,b4,blue,adc,射手,dawnstrike,,0,2,4,1,9721,12254,600,21.3,,,,0,,,,,,,,,,,,,,,,,,0,,
off,112,b5,blue,sup,輔助,tianshi,,0,1,5,1,6330,15906,318,11.3,,,,0,,,,,,,,,,,,,,,,,,0,,
off,112,r1,red,top,坦克,tiankong,,1,9,0,0,14445,22141,2772,98.4,,,,0,,,,,,,,,,,,,,,,,,0,,
off,112,r2,red,jungle,刺客,guihuo,,1,4,3,2,8514,13746,2257,80.1,,,,0,,,,,,,,,,,,,,,,,,0,,
off,112,r3,red,mid,法師,xingjie,,1,2,2,2,15892,15344,600,21.3,,,,0,,,,,,,,,,,,,,,,,,0,,
off,112,r4,red,adc,射手,dawnstrike,,1,2,4,1,13166,11768,600,21.3,,,,0,,,,,,,,,,,,,,,,,,0,,
off,112,r5,red,sup,輔助,tianshi,,1,2,4,4,7044,13491,654,23.2,,,,0,,,,,,,,,,,,,,,,,,0,,
off,113,b1,blue,top,坦克,shengdun,,0,1,3,0,6650,17160,354,15,,,,0,,,,,,,,,,,,,,,,,,0,,
off,113,b2,blue,jungle,刺客,yingsi,,0,0,4,0,4442,10979,558,23.6,,,,0,,,,,,,,,,,,,,,,,,0,,
off,113,b3,blue,mid,法師,auralith,,0,0,3,0,7737,12034,54,2.3,,,,0,,,,,,,,,,,,,,,,,,0,,
off,113,b4,blue,adc,射手,hanbing,,0,1,2,0,8272,8889,300,12.7,,,,0,,,,,,,,,,,,,,,,,,0,,
off,113,b5,blue,sup,輔助,linghun,,0,0,4,0,3678,11722,0,0,,,,0,,,,,,,,,,,,,,,,,,0,,
off,113,r1,red,top,坦克,shengdun,,1,5,1,3,10169,17246,1554,65.8,,,,0,,,,,,,,,,,,,,,,,,0,,
off,113,r2,red,jungle,刺客,yingsi,,1,3,0,2,6524,9521,1849,78.2,,,,0,,,,,,,,,,,,,,,,,,0,,
off,113,r3,red,mid,法師,auralith,,1,6,0,2,12907,10322,1800,76.2,,,,0,,,,,,,,,,,,,,,,,,0,,
off,113,r4,red,adc,射手,hanbing,,1,1,0,4,10608,8296,300,12.7,,,,0,,,,,,,,,,,,,,,,,,0,,
off,113,r5,red,sup,輔助,linghun,,1,1,1,5,3122,10097,300,12.7,,,,0,,,,,,,,,,,,,,,,,,0,,
off,114,b1,blue,top,坦克,xukong,,0,1,4,0,12863,20209,300,12,,,,0,,,,,,,,,,,,,,,,,,0,,
off,114,b2,blue,jungle,刺客,youming,,0,0,1,0,4033,10963,811,32.4,,,,0,,,,,,,,,,,,,,,,,,0,,
off,114,b3,blue,mid,法師,xingjie,,0,1,5,1,10897,13741,300,12,,,,0,,,,,,,,,,,,,,,,,,0,,
off,114,b4,blue,adc,射手,xuanfeng,,0,2,3,0,10385,10430,654,26.1,,,,0,,,,,,,,,,,,,,,,,,0,,
off,114,b5,blue,sup,坦克,shengdun,,0,1,7,1,4505,15713,300,12,,,,0,,,,,,,,,,,,,,,,,,0,,
off,114,r1,red,top,坦克,xukong,,1,7,0,2,11417,15188,2100,83.8,,,,0,,,,,,,,,,,,,,,,,,0,,
off,114,r2,red,jungle,刺客,youming,,1,3,0,2,8237,11246,1627,65,,,,0,,,,,,,,,,,,,,,,,,0,,
off,114,r3,red,mid,法師,xingjie,,1,5,0,1,12286,11411,1500,59.9,,,,0,,,,,,,,,,,,,,,,,,0,,
off,114,r4,red,adc,射手,xuanfeng,,1,3,2,4,12029,8795,954,38.1,,,,0,,,,,,,,,,,,,,,,,,0,,
off,114,r5,red,sup,坦克,shengdun,,1,2,3,5,7118,14695,600,24,,,,0,,,,,,,,,,,,,,,,,,0,,
off,115,b1,blue,top,坦克,tiemu,,0,4,3,1,6436,17602,1200,47.8,,,,0,,,,,,,,,,,,,,,,,,0,,
off,115,b2,blue,jungle,刺客,yueying,,0,1,2,2,5002,10465,1130,45,,,,0,,,,,,,,,,,,,,,,,,0,,
off,115,b3,blue,mid,法師,auralith,,0,1,1,0,9892,11958,300,11.9,,,,0,,,,,,,,,,,,,,,,,,0,,
off,115,b4,blue,adc,射手,phantom,,0,1,4,0,9831,10015,300,11.9,,,,0,,,,,,,,,,,,,,,,,,0,,
off,115,b5,blue,sup,輔助,fuwenbianzhi,,0,1,4,0,5441,11702,300,11.9,,,,0,,,,,,,,,,,,,,,,,,0,,
off,115,r1,red,top,坦克,tiemu,,1,5,0,1,8082,19543,1554,61.9,,,,0,,,,,,,,,,,,,,,,,,0,,
off,115,r2,red,jungle,刺客,yueying,,1,2,1,2,6684,10819,1672,66.6,,,,0,,,,,,,,,,,,,,,,,,0,,
off,115,r3,red,mid,法師,auralith,,1,3,1,1,13153,12415,900,35.8,,,,0,,,,,,,,,,,,,,,,,,0,,
off,115,r4,red,adc,射手,phantom,,1,3,3,0,10098,10348,900,35.8,,,,0,,,,,,,,,,,,,,,,,,0,,
off,115,r5,red,sup,輔助,fuwenbianzhi,,1,1,3,1,4621,10222,300,11.9,,,,0,,,,,,,,,,,,,,,,,,0,,
off,116,b1,blue,top,坦克,longji,,0,5,2,1,11349,26233,1500,48.1,,,,0,,,,,,,,,,,,,,,,,,0,,
off,116,b2,blue,jungle,刺客,yeiren,,0,4,1,1,9647,17885,1966,63.1,,,,0,,,,,,,,,,,,,,,,,,0,,
off,116,b3,blue,mid,法師,ronghuo,,0,6,2,2,15514,16806,1800,57.7,,,,0,,,,,,,,,,,,,,,,,,0,,
off,116,b4,blue,adc,射手,huanying,,0,6,3,5,16310,14014,1800,57.7,,,,0,,,,,,,,,,,,,,,,,,0,,
off,116,b5,blue,sup,輔助,mantra,,0,0,3,4,7912,16099,54,1.7,,,,0,,,,,,,,,,,,,,,,,,0,,
off,116,r1,red,top,坦克,longji,,1,8,3,0,10771,23322,2454,78.7,,,,0,,,,,,,,,,,,,,,,,,0,,
off,116,r2,red,jungle,刺客,yeiren,,1,1,4,0,9446,16794,1286,41.2,,,,0,,,,,,,,,,,,,,,,,,0,,
off,116,r3,red,mid,法師,ronghuo,,1,0,4,3,22630,16196,0,0,,,,0,,,,,,,,,,,,,,,,,,0,,
off,116,r4,red,adc,射手,huanying,,1,1,7,0,12489,13650,300,9.6,,,,0,,,,,,,,,,,,,,,,,,0,,
off,116,r5,red,sup,輔助,mantra,,1,1,3,1,6678,13625,300,9.6,,,,0,,,,,,,,,,,,,,,,,,0,,
off,117,b1,blue,top,坦克,dadi,,1,1,3,0,8203,17158,300,12.9,,,,0,,,,,,,,,,,,,,,,,,0,,
off,117,b2,blue,jungle,刺客,duskblade,,1,2,2,0,6234,10563,1141,48.9,,,,0,,,,,,,,,,,,,,,,,,0,,
off,117,b3,blue,mid,法師,gambler,,1,5,2,0,11201,10631,1500,64.3,,,,0,,,,,,,,,,,,,,,,,,0,,
off,117,b4,blue,adc,射手,guangsu,,1,2,3,0,11166,8178,600,25.7,,,,0,,,,,,,,,,,,,,,,,,0,,
off,117,b5,blue,sup,坦克,tiebi,,1,0,1,1,4642,12509,0,0,,,,0,,,,,,,,,,,,,,,,,,0,,
off,117,r1,red,top,坦克,dadi,,0,4,0,2,8120,15532,1218,52.2,,,,0,,,,,,,,,,,,,,,,,,0,,
off,117,r2,red,jungle,刺客,duskblade,,0,4,0,1,9043,11920,1979,84.8,,,,0,,,,,,,,,,,,,,,,,,0,,
off,117,r3,red,mid,法師,gambler,,0,2,4,3,9743,11452,600,25.7,,,,0,,,,,,,,,,,,,,,,,,0,,
off,117,r4,red,adc,射手,guangsu,,0,1,3,1,9789,8344,300,12.9,,,,0,,,,,,,,,,,,,,,,,,0,,
off,117,r5,red,sup,坦克,tiebi,,0,0,3,5,5049,13492,0,0,,,,0,,,,,,,,,,,,,,,,,,0,,
off,118,b1,blue,top,坦克,suishan,,1,3,7,1,9919,26176,900,28.7,,,,0,,,,,,,,,,,,,,,,,,0,,
off,118,b2,blue,jungle,刺客,binghe,,1,1,2,2,10199,14242,1193,38,,,,0,,,,,,,,,,,,,,,,,,0,,
off,118,b3,blue,mid,法師,ronghuo,,1,6,3,0,17225,17157,1800,57.4,,,,0,,,,,,,,,,,,,,,,,,0,,
off,118,b4,blue,adc,射手,mori,,1,4,4,3,21348,12654,1254,40,,,,0,,,,,,,,,,,,,,,,,,0,,
off,118,b5,blue,sup,坦克,tiemu,,1,2,7,2,8241,22230,600,19.1,,,,0,,,,,,,,,,,,,,,,,,0,,
off,118,r1,red,top,坦克,suishan,,0,8,3,1,15898,27652,2400,76.5,,,,0,,,,,,,,,,,,,,,,,,0,,
off,118,r2,red,jungle,刺客,binghe,,0,6,2,4,9835,16151,3056,97.4,,,,0,,,,,,,,,,,,,,,,,,0,,
off,118,r3,red,mid,法師,ronghuo,,0,5,2,4,20227,17743,1500,47.8,,,,0,,,,,,,,,,,,,,,,,,0,,
off,118,r4,red,adc,射手,mori,,0,3,7,2,15207,11389,900,28.7,,,,0,,,,,,,,,,,,,,,,,,0,,
off,118,r5,red,sup,坦克,tiemu,,0,1,2,2,6725,20126,300,9.6,,,,0,,,,,,,,,,,,,,,,,,0,,
off,119,b1,blue,top,坦克,stoneguard,,0,1,4,0,7084,22692,300,10.4,,,,0,,,,,,,,,,,,,,,,,,0,,
off,119,b2,blue,jungle,刺客,shanying,,0,1,6,1,7667,14655,1112,38.5,,,,0,,,,,,,,,,,,,,,,,,0,,
off,119,b3,blue,mid,法師,gambler,,0,3,2,1,14216,16903,900,31.2,,,,0,,,,,,,,,,,,,,,,,,0,,
off,119,b4,blue,adc,射手,liuxing,,0,1,8,1,11967,13237,300,10.4,,,,0,,,,,,,,,,,,,,,,,,0,,
off,119,b5,blue,sup,輔助,luminary,,0,0,2,2,5268,16042,82,2.8,,,,0,,,,,,,,,,,,,,,,,,0,,
off,119,r1,red,top,坦克,stoneguard,,1,9,1,1,13073,24424,2700,93.5,,,,0,,,,,,,,,,,,,,,,,,0,,
off,119,r2,red,jungle,刺客,shanying,,1,7,0,3,10048,12494,3064,106.1,,,,0,,,,,,,,,,,,,,,,,,0,,
off,119,r3,red,mid,法師,gambler,,1,4,1,0,16836,13483,1200,41.6,,,,0,,,,,,,,,,,,,,,,,,0,,
off,119,r4,red,adc,射手,liuxing,,1,2,2,2,16294,10191,600,20.8,,,,0,,,,,,,,,,,,,,,,,,0,,
off,119,r5,red,sup,輔助,luminary,,1,0,2,3,4840,12730,0,0,,,,0,,,,,,,,,,,,,,,,,,0,,
off,120,b1,blue,top,坦克,ironclad,,0,0,3,0,5685,17720,0,0,,,,0,,,,,,,,,,,,,,,,,,0,,
off,120,b2,blue,jungle,戰士,langwang,,0,0,2,0,4809,9154,758,31.7,,,,0,,,,,,,,,,,,,,,,,,0,,
off,120,b3,blue,mid,法師,ronghuo,,0,2,3,0,10798,13151,600,25.1,,,,0,,,,,,,,,,,,,,,,,,0,,
off,120,b4,blue,adc,射手,shensheng,,0,3,6,0,10906,11528,900,37.7,,,,0,,,,,,,,,,,,,,,,,,0,,
off,120,b5,blue,sup,坦克,tiankong,,0,0,2,0,4663,15427,54,2.3,,,,0,,,,,,,,,,,,,,,,,,0,,
off,120,r1,red,top,坦克,ironclad,,1,3,0,1,8309,16177,954,39.9,,,,0,,,,,,,,,,,,,,,,,,0,,
off,120,r2,red,jungle,戰士,langwang,,1,3,0,0,5979,9070,1522,63.7,,,,0,,,,,,,,,,,,,,,,,,0,,
off,120,r3,red,mid,法師,ronghuo,,1,4,2,2,16459,12072,1200,50.2,,,,0,,,,,,,,,,,,,,,,,,0,,
off,120,r4,red,adc,射手,shensheng,,1,4,2,4,7637,8607,1200,50.2,,,,0,,,,,,,,,,,,,,,,,,0,,
off,120,r5,red,sup,坦克,tiankong,,1,2,1,4,6541,13842,600,25.1,,,,0,,,,,,,,,,,,,,,,,,0,,
off,121,b1,blue,top,坦克,tieshixin,,0,1,6,1,11928,25207,300,10,,,,0,,,,,,,,,,,,,,,,,,0,,
off,121,b2,blue,jungle,戰士,jingci,,0,0,7,0,9068,15787,947,31.7,,,,0,,,,,,,,,,,,,,,,,,0,,
off,121,b3,blue,mid,法師,gambler,,0,4,4,1,16820,17484,1228,41,,,,0,,,,,,,,,,,,,,,,,,0,,
off,121,b4,blue,adc,射手,liangzicz,,0,3,6,2,13057,12575,918,30.7,,,,0,,,,,,,,,,,,,,,,,,0,,
off,121,b5,blue,sup,坦克,tiemu,,0,1,7,0,6630,20426,300,10,,,,0,,,,,,,,,,,,,,,,,,0,,
off,121,r1,red,top,坦克,tieshixin,,1,12,1,2,20673,24279,3654,122.2,,,,0,,,,,,,,,,,,,,,,,,0,,
off,121,r2,red,jungle,戰士,jingci,,1,5,1,6,8729,12073,2528,84.5,,,,0,,,,,,,,,,,,,,,,,,0,,
off,121,r3,red,mid,法師,gambler,,1,2,2,3,16761,15868,600,20.1,,,,0,,,,,,,,,,,,,,,,,,0,,
off,121,r4,red,adc,射手,liangzicz,,1,9,5,3,17481,12448,2754,92.1,,,,0,,,,,,,,,,,,,,,,,,0,,
off,121,r5,red,sup,坦克,tiemu,,1,2,0,3,8574,17399,600,20.1,,,,0,,,,,,,,,,,,,,,,,,0,,
off,122,b1,blue,top,坦克,bingshouweis,,0,1,1,0,6562,18746,300,12.3,,,,0,,,,,,,,,,,,,,,,,,0,,
off,122,b2,blue,jungle,戰士,greymantle,,0,2,1,0,4935,11380,1176,48.1,,,,0,,,,,,,,,,,,,,,,,,0,,
off,122,b3,blue,mid,法師,leiming,,0,1,3,1,9010,12999,300,12.3,,,,0,,,,,,,,,,,,,,,,,,0,,
off,122,b4,blue,adc,射手,xingchen,,0,0,6,1,6184,9868,0,0,,,,0,,,,,,,,,,,,,,,,,,0,,
off,122,b5,blue,sup,輔助,shengguang,,0,1,0,0,4512,12526,300,12.3,,,,0,,,,,,,,,,,,,,,,,,0,,
off,122,r1,red,top,坦克,bingshouweis,,1,2,2,1,7042,17200,600,24.5,,,,0,,,,,,,,,,,,,,,,,,0,,
off,122,r2,red,jungle,戰士,greymantle,,1,1,0,0,4932,9309,1182,48.3,,,,0,,,,,,,,,,,,,,,,,,0,,
off,122,r3,red,mid,法師,leiming,,1,4,3,0,10952,12463,1200,49,,,,0,,,,,,,,,,,,,,,,,,0,,
off,122,r4,red,adc,射手,xingchen,,1,3,0,4,13936,8951,900,36.8,,,,0,,,,,,,,,,,,,,,,,,0,,
off,122,r5,red,sup,輔助,shengguang,,1,1,0,0,3276,9688,300,12.3,,,,0,,,,,,,,,,,,,,,,,,0,,
off,123,b1,blue,top,坦克,tiebi,,1,3,2,2,7463,18870,900,38.8,,,,0,,,,,,,,,,,,,,,,,,0,,
off,123,b2,blue,jungle,戰士,chichuan,,1,1,2,1,2446,7249,832,35.8,,,,0,,,,,,,,,,,,,,,,,,0,,
off,123,b3,blue,mid,法師,haixiao,,1,1,1,0,8756,12034,300,12.9,,,,0,,,,,,,,,,,,,,,,,,0,,
off,123,b4,blue,adc,射手,dujian,,1,1,1,2,10519,7573,300,12.9,,,,0,,,,,,,,,,,,,,,,,,0,,
off,123,b5,blue,sup,輔助,mingyunyindao,,1,4,2,0,4438,10185,1254,54,,,,0,,,,,,,,,,,,,,,,,,0,,
off,123,r1,red,top,坦克,tiebi,,0,3,2,1,5737,16604,900,38.8,,,,0,,,,,,,,,,,,,,,,,,0,,
off,123,r2,red,jungle,戰士,chichuan,,0,3,2,2,6779,10114,1834,78.9,,,,0,,,,,,,,,,,,,,,,,,0,,
off,123,r3,red,mid,法師,haixiao,,0,2,1,0,10711,12131,600,25.8,,,,0,,,,,,,,,,,,,,,,,,0,,
off,123,r4,red,adc,射手,dujian,,0,0,3,1,9775,8929,0,0,,,,0,,,,,,,,,,,,,,,,,,0,,
off,123,r5,red,sup,輔助,mingyunyindao,,0,0,2,1,4816,10540,0,0,,,,0,,,,,,,,,,,,,,,,,,0,,
off,124,b1,blue,top,坦克,shengdun,,1,2,1,1,11139,20162,600,21.5,,,,0,,,,,,,,,,,,,,,,,,0,,
off,124,b2,blue,jungle,戰士,leimingcf,,1,2,0,0,10446,13954,1213,43.5,,,,0,,,,,,,,,,,,,,,,,,0,,
off,124,b3,blue,mid,法師,leiming,,1,9,2,1,17377,12698,2700,96.8,,,,0,,,,,,,,,,,,,,,,,,0,,
off,124,b4,blue,adc,射手,tianfa,,1,6,4,3,16764,10775,1800,64.5,,,,0,,,,,,,,,,,,,,,,,,0,,
off,124,b5,blue,sup,坦克,shiqiang,,1,2,3,5,5583,14891,600,21.5,,,,0,,,,,,,,,,,,,,,,,,0,,
off,124,r1,red,top,坦克,shengdun,,0,4,1,0,11150,22520,1254,45,,,,0,,,,,,,,,,,,,,,,,,0,,
off,124,r2,red,jungle,戰士,leimingcf,,0,0,3,0,7824,12554,970,34.8,,,,0,,,,,,,,,,,,,,,,,,0,,
off,124,r3,red,mid,法師,leiming,,0,2,5,1,13150,16254,600,21.5,,,,0,,,,,,,,,,,,,,,,,,0,,
off,124,r4,red,adc,射手,tianfa,,0,3,7,0,12343,12105,900,32.3,,,,0,,,,,,,,,,,,,,,,,,0,,
off,124,r5,red,sup,坦克,shiqiang,,0,1,5,1,4933,19106,300,10.8,,,,0,,,,,,,,,,,,,,,,,,0,,
off,125,b1,blue,top,坦克,shiqiang,,1,4,1,1,10541,18716,1200,45.9,,,,0,,,,,,,,,,,,,,,,,,0,,
off,125,b2,blue,jungle,戰士,fengbao,,1,1,0,1,5350,11713,877,33.5,,,,0,,,,,,,,,,,,,,,,,,0,,
off,125,b3,blue,mid,法師,haixiao,,1,6,2,0,11048,14063,1800,68.8,,,,0,,,,,,,,,,,,,,,,,,0,,
off,125,b4,blue,adc,射手,mirrorshot,,1,1,0,3,13278,9580,300,11.5,,,,0,,,,,,,,,,,,,,,,,,0,,
off,125,b5,blue,sup,輔助,tianshi,,1,1,1,4,8340,13837,300,11.5,,,,0,,,,,,,,,,,,,,,,,,0,,
off,125,r1,red,top,坦克,shiqiang,,0,3,1,0,11341,20444,900,34.4,,,,0,,,,,,,,,,,,,,,,,,0,,
off,125,r2,red,jungle,戰士,fengbao,,0,0,4,0,5972,12323,985,37.7,,,,0,,,,,,,,,,,,,,,,,,0,,
off,125,r3,red,mid,法師,haixiao,,0,1,1,0,10294,13098,300,11.5,,,,0,,,,,,,,,,,,,,,,,,0,,
off,125,r4,red,adc,射手,mirrorshot,,0,0,5,1,13052,10858,0,0,,,,0,,,,,,,,,,,,,,,,,,0,,
off,125,r5,red,sup,輔助,tianshi,,0,0,2,2,4593,12325,0,0,,,,0,,,,,,,,,,,,,,,,,,0,,
off,126,b1,blue,top,坦克,tiemu,,0,1,4,1,8688,22289,300,11.2,,,,0,,,,,,,,,,,,,,,,,,0,,
off,126,b2,blue,jungle,戰士,anliuyouXia,,0,2,4,0,4682,13501,1259,46.8,,,,0,,,,,,,,,,,,,,,,,,0,,
off,126,b3,blue,mid,法師,leiming,,0,2,4,2,13069,14260,600,22.3,,,,0,,,,,,,,,,,,,,,,,,0,,
off,126,b4,blue,adc,射手,hanbing,,0,0,8,0,10378,11145,108,4,,,,0,,,,,,,,,,,,,,,,,,0,,
off,126,b5,blue,sup,輔助,linghun,,0,1,3,1,6324,14317,318,11.8,,,,0,,,,,,,,,,,,,,,,,,0,,
off,126,r1,red,top,坦克,tiemu,,1,6,1,0,13325,19932,1800,66.9,,,,0,,,,,,,,,,,,,,,,,,0,,
off,126,r2,red,jungle,戰士,anliuyouXia,,1,7,1,1,9094,12582,2953,109.8,,,,0,,,,,,,,,,,,,,,,,,0,,
off,126,r3,red,mid,法師,leiming,,1,5,2,3,12819,13388,1500,55.8,,,,0,,,,,,,,,,,,,,,,,,0,,
off,126,r4,red,adc,射手,hanbing,,1,4,2,3,18925,8568,1200,44.6,,,,0,,,,,,,,,,,,,,,,,,0,,
off,126,r5,red,sup,輔助,linghun,,1,1,0,6,7481,12444,300,11.2,,,,0,,,,,,,,,,,,,,,,,,0,,
off,127,b1,blue,top,戰士,xueyue,,0,2,1,0,8593,18175,628,25.2,,,,0,,,,,,,,,,,,,,,,,,0,,
off,127,b2,blue,jungle,戰士,embercoil,,0,2,4,1,5635,11071,1453,58.3,,,,0,,,,,,,,,,,,,,,,,,0,,
off,127,b3,blue,mid,法師,haixiao,,0,1,4,1,13015,13736,382,15.3,,,,0,,,,,,,,,,,,,,,,,,0,,
off,127,b4,blue,adc,射手,xuanfeng,,0,3,4,1,9878,9510,954,38.3,,,,0,,,,,,,,,,,,,,,,,,0,,
off,127,b5,blue,sup,坦克,shengdun,,0,0,2,2,4790,15865,18,0.7,,,,0,,,,,,,,,,,,,,,,,,0,,
off,127,r1,red,top,戰士,xueyue,,1,4,0,1,12236,17524,1218,48.9,,,,0,,,,,,,,,,,,,,,,,,0,,
off,127,r2,red,jungle,戰士,embercoil,,1,4,3,0,6042,10920,1988,79.8,,,,0,,,,,,,,,,,,,,,,,,0,,
off,127,r3,red,mid,法師,haixiao,,1,2,2,2,10799,10856,600,24.1,,,,0,,,,,,,,,,,,,,,,,,0,,
off,127,r4,red,adc,射手,xuanfeng,,1,2,3,2,12587,9558,600,24.1,,,,0,,,,,,,,,,,,,,,,,,0,,
off,127,r5,red,sup,坦克,shengdun,,1,3,0,4,6681,13815,900,36.1,,,,0,,,,,,,,,,,,,,,,,,0,,
off,128,b1,blue,top,戰士,langwang,,0,1,3,0,10013,22510,300,10.8,,,,0,,,,,,,,,,,,,,,,,,0,,
off,128,b2,blue,jungle,戰士,longyi,,0,0,7,1,6402,11477,883,31.6,,,,0,,,,,,,,,,,,,,,,,,0,,
off,128,b3,blue,mid,法師,bingshuang,,0,3,2,1,13178,15145,900,32.3,,,,0,,,,,,,,,,,,,,,,,,0,,
off,128,b4,blue,adc,射手,phantom,,0,5,4,3,17419,12464,1500,53.8,,,,0,,,,,,,,,,,,,,,,,,0,,
off,128,b5,blue,sup,坦克,dadi,,0,1,7,1,5064,18375,346,12.4,,,,0,,,,,,,,,,,,,,,,,,0,,
off,128,r1,red,top,戰士,langwang,,1,6,2,1,16649,22329,1800,64.5,,,,0,,,,,,,,,,,,,,,,,,0,,
off,128,r2,red,jungle,戰士,longyi,,1,4,0,1,6731,10748,2413,86.5,,,,0,,,,,,,,,,,,,,,,,,0,,
off,128,r3,red,mid,法師,bingshuang,,1,9,2,0,14663,15269,2700,96.8,,,,0,,,,,,,,,,,,,,,,,,0,,
off,128,r4,red,adc,射手,phantom,,1,3,2,2,16124,10519,900,32.3,,,,0,,,,,,,,,,,,,,,,,,0,,
off,128,r5,red,sup,坦克,dadi,,1,1,4,1,4615,17162,300,10.8,,,,0,,,,,,,,,,,,,,,,,,0,,
off,129,b1,blue,top,戰士,kuangfeng,,0,1,1,1,8696,20809,328,12.3,,,,0,,,,,,,,,,,,,,,,,,0,,
off,129,b2,blue,jungle,戰士,ravager,,0,0,2,1,3894,11175,748,28.1,,,,0,,,,,,,,,,,,,,,,,,0,,
off,129,b3,blue,mid,法師,mingyun2,,0,2,2,1,12808,14284,600,22.5,,,,0,,,,,,,,,,,,,,,,,,0,,
off,129,b4,blue,adc,射手,huanying,,0,3,4,0,10265,10772,900,33.8,,,,0,,,,,,,,,,,,,,,,,,0,,
off,129,b5,blue,sup,輔助,mantra,,0,0,3,0,4251,11832,0,0,,,,0,,,,,,,,,,,,,,,,,,0,,
off,129,r1,red,top,戰士,kuangfeng,,1,6,1,0,10449,19694,1800,67.6,,,,0,,,,,,,,,,,,,,,,,,0,,
off,129,r2,red,jungle,戰士,ravager,,1,2,1,3,7944,13380,1696,63.7,,,,0,,,,,,,,,,,,,,,,,,0,,
off,129,r3,red,mid,法師,mingyun2,,1,1,1,0,14664,14010,300,11.3,,,,0,,,,,,,,,,,,,,,,,,0,,
off,129,r4,red,adc,射手,huanying,,1,2,1,0,9720,10271,600,22.5,,,,0,,,,,,,,,,,,,,,,,,0,,
off,129,r5,red,sup,輔助,mantra,,1,1,2,2,4034,12754,300,11.3,,,,0,,,,,,,,,,,,,,,,,,0,,
off,130,b1,blue,top,戰士,greymantle,,1,4,1,1,13838,21593,1200,43,,,,0,,,,,,,,,,,,,,,,,,0,,
off,130,b2,blue,jungle,刺客,yingsi,,1,5,1,2,5724,9557,2184,78.3,,,,0,,,,,,,,,,,,,,,,,,0,,
off,130,b3,blue,mid,法師,bingshuang,,1,4,1,2,18259,13686,1200,43,,,,0,,,,,,,,,,,,,,,,,,0,,
off,130,b4,blue,adc,射手,guangsu,,1,2,4,2,14548,10656,600,21.5,,,,0,,,,,,,,,,,,,,,,,,0,,
off,130,b5,blue,sup,坦克,tiebi,,1,2,4,1,6444,17184,618,22.2,,,,0,,,,,,,,,,,,,,,,,,0,,
off,130,r1,red,top,戰士,greymantle,,0,4,2,1,12767,21914,1200,43,,,,0,,,,,,,,,,,,,,,,,,0,,
off,130,r2,red,jungle,刺客,yingsi,,0,2,3,1,9525,13665,1640,58.8,,,,0,,,,,,,,,,,,,,,,,,0,,
off,130,r3,red,mid,法師,bingshuang,,0,2,4,4,12541,13673,600,21.5,,,,0,,,,,,,,,,,,,,,,,,0,,
off,130,r4,red,adc,射手,guangsu,,0,2,4,0,13875,11088,600,21.5,,,,0,,,,,,,,,,,,,,,,,,0,,
off,130,r5,red,sup,坦克,tiebi,,0,1,4,3,5331,18531,300,10.8,,,,0,,,,,,,,,,,,,,,,,,0,,
off,131,b1,blue,top,戰士,ravager,,0,0,0,0,7437,18834,0,0,,,,0,,,,,,,,,,,,,,,,,,0,,
off,131,b2,blue,jungle,刺客,shanying,,0,0,2,0,4479,9709,603,25.8,,,,0,,,,,,,,,,,,,,,,,,0,,
off,131,b3,blue,mid,法師,mingyun2,,0,0,4,0,6188,10730,0,0,,,,0,,,,,,,,,,,,,,,,,,0,,
off,131,b4,blue,adc,射手,maestro,,0,0,6,0,9516,10015,18,0.8,,,,0,,,,,,,,,,,,,,,,,,0,,
off,131,b5,blue,sup,坦克,longji,,0,1,5,0,5868,14406,354,15.1,,,,0,,,,,,,,,,,,,,,,,,0,,
off,131,r1,red,top,戰士,ravager,,1,1,0,2,11008,15969,300,12.8,,,,0,,,,,,,,,,,,,,,,,,0,,
off,131,r2,red,jungle,刺客,shanying,,1,7,0,0,6895,8636,2869,122.6,,,,0,,,,,,,,,,,,,,,,,,0,,
off,131,r3,red,mid,法師,mingyun2,,1,4,0,1,11589,10178,1200,51.3,,,,0,,,,,,,,,,,,,,,,,,0,,
off,131,r4,red,adc,射手,maestro,,1,3,1,1,9410,8490,928,39.6,,,,0,,,,,,,,,,,,,,,,,,0,,
off,131,r5,red,sup,坦克,longji,,1,2,0,4,5895,13429,600,25.6,,,,0,,,,,,,,,,,,,,,,,,0,,
off,132,b1,blue,top,戰士,dadi2,,0,0,3,0,8016,17930,0,0,,,,0,,,,,,,,,,,,,,,,,,0,,
off,132,b2,blue,jungle,刺客,dianguang,,0,2,1,1,5087,12255,1268,50.8,,,,0,,,,,,,,,,,,,,,,,,0,,
off,132,b3,blue,mid,法師,bingshuang,,0,4,4,1,10576,12645,1200,48.1,,,,0,,,,,,,,,,,,,,,,,,0,,
off,132,b4,blue,adc,射手,liuxing,,0,1,5,1,11874,9770,354,14.2,,,,0,,,,,,,,,,,,,,,,,,0,,
off,132,b5,blue,sup,輔助,hexweave,,0,2,5,1,4088,13632,654,26.2,,,,0,,,,,,,,,,,,,,,,,,0,,
off,132,r1,red,top,戰士,dadi2,,1,4,1,0,9452,16967,1254,50.2,,,,0,,,,,,,,,,,,,,,,,,0,,
off,132,r2,red,jungle,刺客,dianguang,,1,6,1,2,7773,10826,2988,119.7,,,,0,,,,,,,,,,,,,,,,,,0,,
off,132,r3,red,mid,法師,bingshuang,,1,3,1,1,11757,12947,900,36.1,,,,0,,,,,,,,,,,,,,,,,,0,,
off,132,r4,red,adc,射手,liuxing,,1,3,3,0,13439,10122,900,36.1,,,,0,,,,,,,,,,,,,,,,,,0,,
off,132,r5,red,sup,輔助,hexweave,,1,2,3,2,5507,11340,654,26.2,,,,0,,,,,,,,,,,,,,,,,,0,,
off,133,b1,blue,top,戰士,ronggang,,0,5,2,0,10748,31954,1500,45.2,,,,0,,,,,,,,,,,,,,,,,,0,,
off,133,b2,blue,jungle,刺客,leisuhunter,,0,5,4,1,8765,15676,2347,70.8,,,,0,,,,,,,,,,,,,,,,,,0,,
off,133,b3,blue,mid,法師,lieyan,,0,1,5,1,18763,19040,300,9,,,,0,,,,,,,,,,,,,,,,,,0,,
off,133,b4,blue,adc,射手,shensheng,,0,2,7,1,16724,13651,600,18.1,,,,0,,,,,,,,,,,,,,,,,,0,,
off,133,b5,blue,sup,輔助,shengming,,0,2,4,2,5343,17410,654,19.7,,,,0,,,,,,,,,,,,,,,,,,0,,
off,133,r1,red,top,戰士,ronggang,,1,4,0,0,11898,25496,1200,36.2,,,,0,,,,,,,,,,,,,,,,,,0,,
off,133,r2,red,jungle,刺客,leisuhunter,,1,1,4,2,6734,14638,1429,43.1,,,,0,,,,,,,,,,,,,,,,,,0,,
off,133,r3,red,mid,法師,lieyan,,1,7,2,1,21538,18045,2100,63.3,,,,0,,,,,,,,,,,,,,,,,,0,,
off,133,r4,red,adc,射手,shensheng,,1,9,4,1,23703,14022,2700,81.4,,,,0,,,,,,,,,,,,,,,,,,0,,
off,133,r5,red,sup,輔助,shengming,,1,1,5,3,7965,17939,300,9,,,,0,,,,,,,,,,,,,,,,,,0,,
off,134,b1,blue,top,戰士,anliuyouXia,,0,0,3,0,7123,16330,0,0,,,,0,,,,,,,,,,,,,,,,,,0,,
off,134,b2,blue,jungle,刺客,duskblade,,0,0,2,0,3435,9202,722,30.3,,,,0,,,,,,,,,,,,,,,,,,0,,
off,134,b3,blue,mid,法師,shikong,,0,0,3,0,7681,12124,0,0,,,,0,,,,,,,,,,,,,,,,,,0,,
off,134,b4,blue,adc,射手,liangzicz,,0,2,5,0,8657,8688,600,25.2,,,,0,,,,,,,,,,,,,,,,,,0,,
off,134,b5,blue,sup,坦克,tiemu,,0,1,7,0,3476,15155,372,15.6,,,,0,,,,,,,,,,,,,,,,,,0,,
off,134,r1,red,top,戰士,anliuyouXia,,1,10,0,0,9405,15426,3018,126.9,,,,0,,,,,,,,,,,,,,,,,,0,,
off,134,r2,red,jungle,刺客,duskblade,,1,3,0,5,7968,10500,1949,81.9,,,,0,,,,,,,,,,,,,,,,,,0,,
off,134,r3,red,mid,法師,shikong,,1,4,1,1,9306,11011,1200,50.4,,,,0,,,,,,,,,,,,,,,,,,0,,
off,134,r4,red,adc,射手,liangzicz,,1,3,1,3,9881,7829,900,37.8,,,,0,,,,,,,,,,,,,,,,,,0,,
off,134,r5,red,sup,坦克,tiemu,,1,0,1,3,4832,11730,0,0,,,,0,,,,,,,,,,,,,,,,,,0,,
off,135,b1,blue,top,戰士,tielian,,0,1,1,0,7533,15353,300,12.9,,,,0,,,,,,,,,,,,,,,,,,0,,
off,135,b2,blue,jungle,刺客,miwu,,0,1,2,1,4876,10000,832,35.7,,,,0,,,,,,,,,,,,,,,,,,0,,
off,135,b3,blue,mid,法師,lieyan,,0,1,2,2,7661,12344,300,12.9,,,,0,,,,,,,,,,,,,,,,,,0,,
off,135,b4,blue,adc,射手,xingchen,,0,1,4,0,10635,9329,354,15.2,,,,0,,,,,,,,,,,,,,,,,,0,,
off,135,b5,blue,sup,輔助,shengguang,,0,0,2,1,5826,12175,0,0,,,,0,,,,,,,,,,,,,,,,,,0,,
off,135,r1,red,top,戰士,tielian,,1,6,1,0,11060,15996,1854,79.7,,,,0,,,,,,,,,,,,,,,,,,0,,
off,135,r2,red,jungle,刺客,miwu,,1,2,1,0,5412,9401,1508,64.8,,,,0,,,,,,,,,,,,,,,,,,0,,
off,135,r3,red,mid,法師,lieyan,,1,0,1,1,9772,9995,54,2.3,,,,0,,,,,,,,,,,,,,,,,,0,,
off,135,r4,red,adc,射手,xingchen,,1,2,1,1,9190,8913,600,25.8,,,,0,,,,,,,,,,,,,,,,,,0,,
off,135,r5,red,sup,輔助,shengguang,,1,1,0,5,4828,8823,300,12.9,,,,0,,,,,,,,,,,,,,,,,,0,,
off,136,b1,blue,top,戰士,hunpo,,0,1,1,0,5881,15427,300,13.7,,,,0,,,,,,,,,,,,,,,,,,0,,
off,136,b2,blue,jungle,刺客,jueying,,0,1,0,0,3153,8120,1003,45.9,,,,0,,,,,,,,,,,,,,,,,,0,,
off,136,b3,blue,mid,法師,shikong,,0,2,3,0,6387,11200,618,28.3,,,,0,,,,,,,,,,,,,,,,,,0,,
off,136,b4,blue,adc,射手,dujian,,0,1,0,0,6462,7502,354,16.2,,,,0,,,,,,,,,,,,,,,,,,0,,
off,136,b5,blue,sup,輔助,mingyunyindao,,0,0,1,2,2998,10232,0,0,,,,0,,,,,,,,,,,,,,,,,,0,,
off,136,r1,red,top,戰士,hunpo,,1,4,0,0,7129,13626,1254,57.4,,,,0,,,,,,,,,,,,,,,,,,0,,
off,136,r2,red,jungle,刺客,jueying,,1,0,0,0,3807,7376,922,42.2,,,,0,,,,,,,,,,,,,,,,,,0,,
off,136,r3,red,mid,法師,shikong,,1,1,2,0,6079,10206,300,13.7,,,,0,,,,,,,,,,,,,,,,,,0,,
off,136,r4,red,adc,射手,dujian,,1,0,2,0,8024,7457,0,0,,,,0,,,,,,,,,,,,,,,,,,0,,
off,136,r5,red,sup,輔助,mingyunyindao,,1,0,1,1,4636,8519,0,0,,,,0,,,,,,,,,,,,,,,,,,0,,
off,137,b1,blue,top,戰士,dushe,,1,0,2,0,10582,19702,0,0,,,,0,,,,,,,,,,,,,,,,,,0,,
off,137,b2,blue,jungle,刺客,anye,,1,0,3,0,5296,11663,739,29.7,,,,0,,,,,,,,,,,,,,,,,,0,,
off,137,b3,blue,mid,法師,lieyan,,1,1,2,1,11469,13755,300,12.1,,,,0,,,,,,,,,,,,,,,,,,0,,
off,137,b4,blue,adc,射手,tianfa,,1,2,3,0,8140,9161,600,24.1,,,,0,,,,,,,,,,,,,,,,,,0,,
off,137,b5,blue,sup,坦克,xukong,,1,0,1,0,6439,15409,108,4.3,,,,0,,,,,,,,,,,,,,,,,,0,,
off,137,r1,red,top,戰士,dushe,,0,4,0,1,11312,19384,1200,48.3,,,,0,,,,,,,,,,,,,,,,,,0,,
off,137,r2,red,jungle,刺客,anye,,0,2,0,1,3658,8596,1739,69.9,,,,0,,,,,,,,,,,,,,,,,,0,,
off,137,r3,red,mid,法師,lieyan,,0,2,0,1,10936,12106,654,26.3,,,,0,,,,,,,,,,,,,,,,,,0,,
off,137,r4,red,adc,射手,tianfa,,0,2,3,0,13142,10490,600,24.1,,,,0,,,,,,,,,,,,,,,,,,0,,
off,137,r5,red,sup,坦克,xukong,,0,1,0,1,7924,15520,354,14.2,,,,0,,,,,,,,,,,,,,,,,,0,,
off,138,b1,blue,top,戰士,fengbao,,0,0,2,0,7364,17306,0,0,,,,0,,,,,,,,,,,,,,,,,,0,,
off,138,b2,blue,jungle,刺客,wuxing,,0,0,3,0,5348,9104,540,24.4,,,,0,,,,,,,,,,,,,,,,,,0,,
off,138,b3,blue,mid,法師,shikong,,0,1,3,1,9140,11533,300,13.5,,,,0,,,,,,,,,,,,,,,,,,0,,
off,138,b4,blue,adc,射手,mirrorshot,,0,1,2,0,9922,7588,300,13.5,,,,0,,,,,,,,,,,,,,,,,,0,,
off,138,b5,blue,sup,坦克,tixue,,0,2,2,0,6384,12122,618,27.9,,,,0,,,,,,,,,,,,,,,,,,0,,
off,138,r1,red,top,戰士,fengbao,,1,3,0,1,10944,14349,900,40.6,,,,0,,,,,,,,,,,,,,,,,,0,,
off,138,r2,red,jungle,刺客,wuxing,,1,3,0,3,7074,10143,1651,74.5,,,,0,,,,,,,,,,,,,,,,,,0,,
off,138,r3,red,mid,法師,shikong,,1,1,1,2,10003,9695,300,13.5,,,,0,,,,,,,,,,,,,,,,,,0,,
off,138,r4,red,adc,射手,mirrorshot,,1,2,2,2,9242,7353,600,27.1,,,,0,,,,,,,,,,,,,,,,,,0,,
off,138,r5,red,sup,坦克,tixue,,1,3,1,2,6661,10941,900,40.6,,,,0,,,,,,,,,,,,,,,,,,0,,
off,139,b1,blue,top,戰士,rongyan,,0,3,2,0,12709,23198,955,35.5,,,,0,,,,,,,,,,,,,,,,,,0,,
off,139,b2,blue,jungle,刺客,razorwing,,0,0,3,1,4095,12154,830,30.8,,,,0,,,,,,,,,,,,,,,,,,0,,
off,139,b3,blue,mid,法師,xingjie,,0,3,0,1,12869,15600,900,33.5,,,,0,,,,,,,,,,,,,,,,,,0,,
off,139,b4,blue,adc,射手,hanbing,,0,0,5,1,10543,11542,0,0,,,,0,,,,,,,,,,,,,,,,,,0,,
off,139,b5,blue,sup,輔助,linghun,,0,2,2,1,6242,13877,628,23.3,,,,0,,,,,,,,,,,,,,,,,,0,,
off,139,r1,red,top,戰士,rongyan,,1,3,1,0,14470,21123,900,33.5,,,,0,,,,,,,,,,,,,,,,,,0,,
off,139,r2,red,jungle,刺客,razorwing,,1,3,1,1,6854,11608,1927,71.6,,,,0,,,,,,,,,,,,,,,,,,0,,
off,139,r3,red,mid,法師,xingjie,,1,4,4,0,13291,14012,1200,44.6,,,,0,,,,,,,,,,,,,,,,,,0,,
off,139,r4,red,adc,射手,hanbing,,1,2,0,3,13235,10176,600,22.3,,,,0,,,,,,,,,,,,,,,,,,0,,
off,139,r5,red,sup,輔助,linghun,,1,0,2,1,4453,11029,0,0,,,,0,,,,,,,,,,,,,,,,,,0,,
off,140,b1,blue,top,戰士,embercoil,,1,7,1,1,17507,26906,2100,59.3,,,,0,,,,,,,,,,,,,,,,,,0,,
off,140,b2,blue,jungle,戰士,hunpo,,1,6,3,2,11406,16344,2800,79,,,,0,,,,,,,,,,,,,,,,,,0,,
off,140,b3,blue,mid,法師,auralith,,1,8,3,6,29361,19077,2400,67.8,,,,0,,,,,,,,,,,,,,,,,,0,,
off,140,b4,blue,adc,射手,xuanfeng,,1,3,3,4,18730,14767,900,25.4,,,,0,,,,,,,,,,,,,,,,,,0,,
off,140,b5,blue,sup,坦克,shengdun,,1,2,5,1,7321,22875,600,16.9,,,,0,,,,,,,,,,,,,,,,,,0,,
off,140,r1,red,top,戰士,embercoil,,0,3,6,0,16205,31380,918,25.9,,,,0,,,,,,,,,,,,,,,,,,0,,
off,140,r2,red,jungle,戰士,hunpo,,0,2,4,1,9272,17660,1633,46.1,,,,0,,,,,,,,,,,,,,,,,,0,,
off,140,r3,red,mid,法師,auralith,,0,6,4,1,23720,20318,1800,50.8,,,,0,,,,,,,,,,,,,,,,,,0,,
off,140,r4,red,adc,射手,xuanfeng,,0,2,5,2,14656,13542,600,16.9,,,,0,,,,,,,,,,,,,,,,,,0,,
off,140,r5,red,sup,坦克,shengdun,,0,2,7,1,10028,25760,600,16.9,,,,0,,,,,,,,,,,,,,,,,,0,,
off,141,b1,blue,top,戰士,greymantle,,0,0,3,0,9837,19138,0,0,,,,0,,,,,,,,,,,,,,,,,,0,,
off,141,b2,blue,jungle,戰士,leimingcf,,0,1,2,0,2913,10496,895,37.8,,,,0,,,,,,,,,,,,,,,,,,0,,
off,141,b3,blue,mid,法師,xingjie,,0,1,3,1,9783,12787,300,12.7,,,,0,,,,,,,,,,,,,,,,,,0,,
off,141,b4,blue,adc,射手,phantom,,0,1,3,0,9725,9517,300,12.7,,,,0,,,,,,,,,,,,,,,,,,0,,
off,141,b5,blue,sup,坦克,dadi,,0,1,5,0,3829,13045,300,12.7,,,,0,,,,,,,,,,,,,,,,,,0,,
off,141,r1,red,top,戰士,greymantle,,1,8,0,0,12040,16337,2400,101.3,,,,0,,,,,,,,,,,,,,,,,,0,,
off,141,r2,red,jungle,戰士,leimingcf,,1,4,0,1,6962,10387,2196,92.7,,,,0,,,,,,,,,,,,,,,,,,0,,
off,141,r3,red,mid,法師,xingjie,,1,1,0,2,11652,11146,354,14.9,,,,0,,,,,,,,,,,,,,,,,,0,,
off,141,r4,red,adc,射手,phantom,,1,2,3,1,11275,8324,600,25.3,,,,0,,,,,,,,,,,,,,,,,,0,,
off,141,r5,red,sup,坦克,dadi,,1,1,1,3,5714,13343,300,12.7,,,,0,,,,,,,,,,,,,,,,,,0,,
off,142,b1,blue,top,戰士,ravager,,0,0,3,0,11224,26323,0,0,,,,0,,,,,,,,,,,,,,,,,,0,,
off,142,b2,blue,jungle,戰士,xueyue,,0,3,4,0,6945,15968,1738,57.8,,,,0,,,,,,,,,,,,,,,,,,0,,
off,142,b3,blue,mid,法師,auralith,,0,3,3,2,10876,16818,900,29.9,,,,0,,,,,,,,,,,,,,,,,,0,,
off,142,b4,blue,adc,射手,huanying,,0,3,4,1,11438,12291,954,31.7,,,,0,,,,,,,,,,,,,,,,,,0,,
off,142,b5,blue,sup,輔助,luminary,,0,1,1,3,8487,16661,328,10.9,,,,0,,,,,,,,,,,,,,,,,,0,,
off,142,r1,red,top,戰士,ravager,,1,6,2,0,14163,25237,1800,59.9,,,,0,,,,,,,,,,,,,,,,,,0,,
off,142,r2,red,jungle,戰士,xueyue,,1,2,1,2,6273,12778,1492,49.6,,,,0,,,,,,,,,,,,,,,,,,0,,
off,142,r3,red,mid,法師,auralith,,1,5,1,2,13258,14282,1500,49.9,,,,0,,,,,,,,,,,,,,,,,,0,,
off,142,r4,red,adc,射手,huanying,,1,1,3,3,20009,11367,300,10,,,,0,,,,,,,,,,,,,,,,,,0,,
off,142,r5,red,sup,輔助,luminary,,1,1,3,2,7216,11952,318,10.6,,,,0,,,,,,,,,,,,,,,,,,0,,
off,143,b1,blue,top,戰士,dadi2,,0,0,3,0,7028,21912,0,0,,,,0,,,,,,,,,,,,,,,,,,0,,
off,143,b2,blue,jungle,戰士,anliuyouXia,,0,0,2,0,5947,10625,794,30.1,,,,0,,,,,,,,,,,,,,,,,,0,,
off,143,b3,blue,mid,法師,xingjie,,0,4,3,0,12115,14242,1200,45.5,,,,0,,,,,,,,,,,,,,,,,,0,,
off,143,b4,blue,adc,射手,guangsu,,0,2,4,1,12095,12190,600,22.7,,,,0,,,,,,,,,,,,,,,,,,0,,
off,143,b5,blue,sup,輔助,xuemai,,0,0,4,1,4787,13779,0,0,,,,0,,,,,,,,,,,,,,,,,,0,,
off,143,r1,red,top,戰士,dadi2,,1,5,0,0,11484,19898,1500,56.8,,,,0,,,,,,,,,,,,,,,,,,0,,
off,143,r2,red,jungle,戰士,anliuyouXia,,1,2,0,0,4721,10565,1630,61.7,,,,0,,,,,,,,,,,,,,,,,,0,,
off,143,r3,red,mid,法師,xingjie,,1,5,1,2,11486,11725,1500,56.8,,,,0,,,,,,,,,,,,,,,,,,0,,
off,143,r4,red,adc,射手,guangsu,,1,4,4,1,12198,9470,1200,45.5,,,,0,,,,,,,,,,,,,,,,,,0,,
off,143,r5,red,sup,輔助,xuemai,,1,0,1,4,6618,10251,17,0.7,,,,0,,,,,,,,,,,,,,,,,,0,,
off,144,b1,blue,top,戰士,ronggang,,0,0,2,1,8324,16861,0,0,,,,0,,,,,,,,,,,,,,,,,,0,,
off,144,b2,blue,jungle,戰士,kuangfeng,,0,2,4,0,5074,10502,1331,60.3,,,,0,,,,,,,,,,,,,,,,,,0,,
off,144,b3,blue,mid,法師,auralith,,0,1,4,0,8319,11866,300,13.6,,,,0,,,,,,,,,,,,,,,,,,0,,
off,144,b4,blue,adc,射手,maestro,,0,1,5,1,5972,8488,354,16,,,,0,,,,,,,,,,,,,,,,,,0,,
off,144,b5,blue,sup,坦克,longji,,0,1,3,1,3571,12613,354,16,,,,0,,,,,,,,,,,,,,,,,,0,,
off,144,r1,red,top,戰士,ronggang,,1,3,0,1,7849,14700,900,40.8,,,,0,,,,,,,,,,,,,,,,,,0,,
off,144,r2,red,jungle,戰士,kuangfeng,,1,6,0,2,7109,7888,2551,115.6,,,,0,,,,,,,,,,,,,,,,,,0,,
off,144,r3,red,mid,法師,auralith,,1,2,2,1,9412,10041,600,27.2,,,,0,,,,,,,,,,,,,,,,,,0,,
off,144,r4,red,adc,射手,maestro,,1,3,2,4,12317,7658,900,40.8,,,,0,,,,,,,,,,,,,,,,,,0,,
off,144,r5,red,sup,坦克,longji,,1,4,1,6,6466,12606,1200,54.4,,,,0,,,,,,,,,,,,,,,,,,0,,
off,145,b1,blue,top,戰士,jingci,,1,2,0,1,9217,17386,600,25.8,,,,0,,,,,,,,,,,,,,,,,,0,,
off,145,b2,blue,jungle,戰士,longyi,,1,0,0,1,4340,7744,648,27.9,,,,0,,,,,,,,,,,,,,,,,,0,,
off,145,b3,blue,mid,法師,ronghuo,,1,3,0,0,9195,11516,900,38.8,,,,0,,,,,,,,,,,,,,,,,,0,,
off,145,b4,blue,adc,射手,liuxing,,1,3,1,1,8896,7862,900,38.8,,,,0,,,,,,,,,,,,,,,,,,0,,
off,145,b5,blue,sup,輔助,hexweave,,1,3,2,0,4402,10306,900,38.8,,,,0,,,,,,,,,,,,,,,,,,0,,
off,145,r1,red,top,戰士,jingci,,0,2,2,0,9961,16598,600,25.8,,,,0,,,,,,,,,,,,,,,,,,0,,
off,145,r2,red,jungle,戰士,longyi,,0,1,1,0,5049,9519,1218,52.4,,,,0,,,,,,,,,,,,,,,,,,0,,
off,145,r3,red,mid,法師,ronghuo,,0,0,3,0,10419,9851,0,0,,,,0,,,,,,,,,,,,,,,,,,0,,
off,145,r4,red,adc,射手,liuxing,,0,0,4,0,6263,8436,0,0,,,,0,,,,,,,,,,,,,,,,,,0,,
off,145,r5,red,sup,輔助,hexweave,,0,0,1,1,4587,10190,0,0,,,,0,,,,,,,,,,,,,,,,,,0,,
off,146,b1,blue,top,戰士,longyi,,0,3,1,0,8965,21806,900,31.2,,,,0,,,,,,,,,,,,,,,,,,0,,
off,146,b2,blue,jungle,戰士,cinderfist,,0,3,7,0,10739,14091,1690,58.5,,,,0,,,,,,,,,,,,,,,,,,0,,
off,146,b3,blue,mid,法師,gambler,,0,5,3,1,15314,16125,1500,52,,,,0,,,,,,,,,,,,,,,,,,0,,
off,146,b4,blue,adc,射手,shensheng,,0,1,7,0,15627,12603,300,10.4,,,,0,,,,,,,,,,,,,,,,,,0,,
off,146,b5,blue,sup,輔助,shengming,,0,0,5,4,6205,14140,54,1.9,,,,0,,,,,,,,,,,,,,,,,,0,,
off,146,r1,red,top,戰士,longyi,,1,8,1,1,12760,22830,2400,83.2,,,,0,,,,,,,,,,,,,,,,,,0,,
off,146,r2,red,jungle,戰士,cinderfist,,1,5,2,3,8793,14771,2543,88.1,,,,0,,,,,,,,,,,,,,,,,,0,,
off,146,r3,red,mid,法師,gambler,,1,3,4,4,17127,14809,900,31.2,,,,0,,,,,,,,,,,,,,,,,,0,,
off,146,r4,red,adc,射手,shensheng,,1,5,4,3,13541,11979,1500,52,,,,0,,,,,,,,,,,,,,,,,,0,,
off,146,r5,red,sup,輔助,shengming,,1,2,1,4,8450,11950,600,20.8,,,,0,,,,,,,,,,,,,,,,,,0,,
off,147,b1,blue,top,戰士,chichuan,,0,3,0,1,9293,17042,900,39.4,,,,0,,,,,,,,,,,,,,,,,,0,,
off,147,b2,blue,jungle,戰士,xueyue,,0,2,0,1,5443,9880,1205,52.7,,,,0,,,,,,,,,,,,,,,,,,0,,
off,147,b3,blue,mid,法師,ronghuo,,0,4,1,2,7578,11757,1200,52.5,,,,0,,,,,,,,,,,,,,,,,,0,,
off,147,b4,blue,adc,射手,liangzicz,,0,0,1,0,10110,8919,0,0,,,,0,,,,,,,,,,,,,,,,,,0,,
off,147,b5,blue,sup,坦克,shiqiang,,0,0,4,1,4476,13193,0,0,,,,0,,,,,,,,,,,,,,,,,,0,,
off,147,r1,red,top,戰士,chichuan,,1,1,2,0,7480,15691,318,13.9,,,,0,,,,,,,,,,,,,,,,,,0,,
off,147,r2,red,jungle,戰士,xueyue,,1,1,1,0,7450,10614,1069,46.8,,,,0,,,,,,,,,,,,,,,,,,0,,
off,147,r3,red,mid,法師,ronghuo,,1,1,3,2,9997,11702,300,13.1,,,,0,,,,,,,,,,,,,,,,,,0,,
off,147,r4,red,adc,射手,liangzicz,,1,1,1,0,10127,8074,300,13.1,,,,0,,,,,,,,,,,,,,,,,,0,,
off,147,r5,red,sup,坦克,shiqiang,,1,2,2,1,4556,12300,654,28.6,,,,0,,,,,,,,,,,,,,,,,,0,,
off,148,b1,blue,top,戰士,xueyue,,0,0,2,0,9788,19875,0,0,,,,0,,,,,,,,,,,,,,,,,,0,,
off,148,b2,blue,jungle,戰士,jufeng,,0,4,3,0,7539,10826,2101,76.1,,,,0,,,,,,,,,,,,,,,,,,0,,
off,148,b3,blue,mid,法師,gambler,,0,2,5,2,12709,14244,600,21.7,,,,0,,,,,,,,,,,,,,,,,,0,,
off,148,b4,blue,adc,射手,xingchen,,0,5,2,3,20259,12318,1500,54.3,,,,0,,,,,,,,,,,,,,,,,,0,,
off,148,b5,blue,sup,坦克,suishan,,0,2,2,2,4859,16734,600,21.7,,,,0,,,,,,,,,,,,,,,,,,0,,
off,148,r1,red,top,戰士,xueyue,,1,1,1,0,8362,21858,318,11.5,,,,0,,,,,,,,,,,,,,,,,,0,,
off,148,r2,red,jungle,戰士,jufeng,,1,1,1,1,7429,11594,1438,52.1,,,,0,,,,,,,,,,,,,,,,,,0,,
off,148,r3,red,mid,法師,gambler,,1,2,3,2,14252,14516,600,21.7,,,,0,,,,,,,,,,,,,,,,,,0,,
off,148,r4,red,adc,射手,xingchen,,1,5,4,0,11379,11457,1500,54.3,,,,0,,,,,,,,,,,,,,,,,,0,,
off,148,r5,red,sup,坦克,suishan,,1,5,4,2,6410,17761,1500,54.3,,,,0,,,,,,,,,,,,,,,,,,0,,
off,149,b1,blue,top,戰士,fengbao,,0,1,4,1,8163,19069,300,12.7,,,,0,,,,,,,,,,,,,,,,,,0,,
off,149,b2,blue,jungle,戰士,rongyan,,0,2,1,0,3568,8542,1312,55.4,,,,0,,,,,,,,,,,,,,,,,,0,,
off,149,b3,blue,mid,法師,ronghuo,,0,1,2,0,11500,12041,300,12.7,,,,0,,,,,,,,,,,,,,,,,,0,,
off,149,b4,blue,adc,射手,dujian,,0,1,3,0,5198,8929,300,12.7,,,,0,,,,,,,,,,,,,,,,,,0,,
off,149,b5,blue,sup,輔助,linghun,,0,0,4,1,3870,12526,0,0,,,,0,,,,,,,,,,,,,,,,,,0,,
off,149,r1,red,top,戰士,fengbao,,1,7,0,1,7818,15364,2100,88.6,,,,0,,,,,,,,,,,,,,,,,,0,,
off,149,r2,red,jungle,戰士,rongyan,,1,2,1,4,7987,9475,1534,64.8,,,,0,,,,,,,,,,,,,,,,,,0,,
off,149,r3,red,mid,法師,ronghuo,,1,2,0,2,13252,11507,600,25.3,,,,0,,,,,,,,,,,,,,,,,,0,,
off,149,r4,red,adc,射手,dujian,,1,1,3,2,8889,8475,300,12.7,,,,0,,,,,,,,,,,,,,,,,,0,,
off,149,r5,red,sup,輔助,linghun,,1,2,1,3,3422,10755,600,25.3,,,,0,,,,,,,,,,,,,,,,,,0,,
off,150,b1,blue,top,坦克,suishan,,1,3,3,0,14349,22386,900,33,,,,0,,,,,,,,,,,,,,,,,,0,,
off,150,b2,blue,jungle,戰士,jingci,,1,3,1,4,6714,9919,1656,60.7,,,,0,,,,,,,,,,,,,,,,,,0,,
off,150,b3,blue,mid,法師,gambler,,1,2,3,0,14300,12993,600,22,,,,0,,,,,,,,,,,,,,,,,,0,,
off,150,b4,blue,adc,射手,shengyan,,1,3,7,1,11627,10073,900,33,,,,0,,,,,,,,,,,,,,,,,,0,,
off,150,b5,blue,sup,坦克,xukong,,1,0,4,3,5468,16631,0,0,,,,0,,,,,,,,,,,,,,,,,,0,,
off,150,r1,red,top,坦克,suishan,,0,7,0,1,14736,22458,2118,77.6,,,,0,,,,,,,,,,,,,,,,,,0,,
off,150,r2,red,jungle,戰士,jingci,,0,3,4,0,7596,12896,1999,73.3,,,,0,,,,,,,,,,,,,,,,,,0,,
off,150,r3,red,mid,法師,gambler,,0,4,1,1,12521,12989,1200,44,,,,0,,,,,,,,,,,,,,,,,,0,,
off,150,r4,red,adc,射手,shengyan,,0,3,2,5,12480,10791,900,33,,,,0,,,,,,,,,,,,,,,,,,0,,
off,150,r5,red,sup,坦克,xukong,,0,1,4,3,4512,16512,300,11,,,,0,,,,,,,,,,,,,,,,,,0,,
off,151,b1,blue,top,坦克,stoneguard,,1,3,4,2,15690,35804,900,22,,,,0,,,,,,,,,,,,,,,,,,0,,
off,151,b2,blue,jungle,刺客,voidrift,,1,2,8,0,17163,21135,1565,38.3,,,,0,,,,,,,,,,,,,,,,,,0,,
off,151,b3,blue,mid,法師,leiming,,1,6,11,1,29653,23705,1800,44.1,,,,0,,,,,,,,,,,,,,,,,,0,,
off,151,b4,blue,adc,射手,mirrorshot,,1,18,9,2,35147,21192,5400,132.2,,,,0,,,,,,,,,,,,,,,,,,0,,
off,151,b5,blue,sup,坦克,dadi,,1,3,8,3,13111,29766,900,22,,,,0,,,,,,,,,,,,,,,,,,0,,
off,151,r1,red,top,坦克,stoneguard,,0,18,3,0,26733,44879,5400,132.2,,,,0,,,,,,,,,,,,,,,,,,0,,
off,151,r2,red,jungle,刺客,voidrift,,0,5,4,2,18387,20987,3144,77,,,,0,,,,,,,,,,,,,,,,,,0,,
off,151,r3,red,mid,法師,leiming,,0,8,7,5,26995,25549,2400,58.8,,,,0,,,,,,,,,,,,,,,,,,0,,
off,151,r4,red,adc,射手,mirrorshot,,0,8,13,4,32118,19658,2400,58.8,,,,0,,,,,,,,,,,,,,,,,,0,,
off,151,r5,red,sup,坦克,dadi,,0,1,5,2,8488,28905,300,7.3,,,,0,,,,,,,,,,,,,,,,,,0,,
off,152,b1,blue,top,坦克,thornwall,,0,0,2,0,9200,18721,0,0,,,,0,,,,,,,,,,,,,,,,,,0,,
off,152,b2,blue,jungle,刺客,miwu,,0,0,1,0,4581,11944,595,25,,,,0,,,,,,,,,,,,,,,,,,0,,
off,152,b3,blue,mid,法師,haixiao,,0,2,5,0,9119,12898,600,25.2,,,,0,,,,,,,,,,,,,,,,,,0,,
off,152,b4,blue,adc,射手,hanbing,,0,1,5,0,6499,9186,300,12.6,,,,0,,,,,,,,,,,,,,,,,,0,,
off,152,b5,blue,sup,輔助,mantra,,0,0,2,1,2870,12504,0,0,,,,0,,,,,,,,,,,,,,,,,,0,,
off,152,r1,red,top,坦克,thornwall,,1,6,0,0,8080,15653,1854,77.8,,,,0,,,,,,,,,,,,,,,,,,0,,
off,152,r2,red,jungle,刺客,miwu,,1,3,2,2,6705,11477,1896,79.5,,,,0,,,,,,,,,,,,,,,,,,0,,
off,152,r3,red,mid,法師,haixiao,,1,2,0,2,10175,11579,600,25.2,,,,0,,,,,,,,,,,,,,,,,,0,,
off,152,r4,red,adc,射手,hanbing,,1,2,0,0,10854,7703,600,25.2,,,,0,,,,,,,,,,,,,,,,,,0,,
off,152,r5,red,sup,輔助,mantra,,1,2,1,3,4577,9506,600,25.2,,,,0,,,,,,,,,,,,,,,,,,0,,
off,153,b1,blue,top,坦克,tieshixin,,0,4,0,0,8463,17716,1200,47.8,,,,0,,,,,,,,,,,,,,,,,,0,,
off,153,b2,blue,jungle,刺客,guihuo,,0,4,1,0,6899,11665,1876,74.7,,,,0,,,,,,,,,,,,,,,,,,0,,
off,153,b3,blue,mid,法師,leiming,,0,1,2,3,11274,12495,300,11.9,,,,0,,,,,,,,,,,,,,,,,,0,,
off,153,b4,blue,adc,射手,xuanfeng,,0,3,3,0,12475,10371,900,35.8,,,,0,,,,,,,,,,,,,,,,,,0,,
off,153,b5,blue,sup,輔助,huanjing,,0,0,1,2,5251,13371,0,0,,,,0,,,,,,,,,,,,,,,,,,0,,
off,153,r1,red,top,坦克,tieshixin,,1,3,0,0,9020,20311,900,35.8,,,,0,,,,,,,,,,,,,,,,,,0,,
off,153,r2,red,jungle,刺客,guihuo,,1,0,0,2,6410,11387,805,32,,,,0,,,,,,,,,,,,,,,,,,0,,
off,153,r3,red,mid,法師,leiming,,1,3,2,0,14876,12264,900,35.8,,,,0,,,,,,,,,,,,,,,,,,0,,
off,153,r4,red,adc,射手,xuanfeng,,1,1,5,1,8481,10609,300,11.9,,,,0,,,,,,,,,,,,,,,,,,0,,
off,153,r5,red,sup,輔助,huanjing,,1,0,5,1,4134,13048,0,0,,,,0,,,,,,,,,,,,,,,,,,0,,
off,154,b1,blue,top,坦克,bingshouweis,,1,2,4,0,16097,30592,600,18.4,,,,0,,,,,,,,,,,,,,,,,,0,,
off,154,b2,blue,jungle,刺客,jiansheng,,1,2,3,0,8765,15661,1555,47.6,,,,0,,,,,,,,,,,,,,,,,,0,,
off,154,b3,blue,mid,法師,haixiao,,1,4,4,2,18798,16679,1200,36.8,,,,0,,,,,,,,,,,,,,,,,,0,,
off,154,b4,blue,adc,射手,phantom,,1,3,3,2,12890,13341,900,27.6,,,,0,,,,,,,,,,,,,,,,,,0,,
off,154,b5,blue,sup,坦克,dadi,,1,1,3,4,6876,20989,300,9.2,,,,0,,,,,,,,,,,,,,,,,,0,,
off,154,r1,red,top,坦克,bingshouweis,,0,4,2,2,13600,26000,1200,36.8,,,,0,,,,,,,,,,,,,,,,,,0,,
off,154,r2,red,jungle,刺客,jiansheng,,0,5,2,1,9955,12750,2699,82.7,,,,0,,,,,,,,,,,,,,,,,,0,,
off,154,r3,red,mid,法師,haixiao,,0,8,1,1,21969,17922,2400,73.5,,,,0,,,,,,,,,,,,,,,,,,0,,
off,154,r4,red,adc,射手,phantom,,0,0,5,0,16302,13513,0,0,,,,0,,,,,,,,,,,,,,,,,,0,,
off,154,r5,red,sup,坦克,dadi,,0,0,2,5,7384,21422,0,0,,,,0,,,,,,,,,,,,,,,,,,0,,
off,155,b1,blue,top,坦克,tiebi,,0,0,1,0,8046,20184,0,0,,,,0,,,,,,,,,,,,,,,,,,0,,
off,155,b2,blue,jungle,刺客,hundun,,0,2,3,0,5115,11198,1286,51.3,,,,0,,,,,,,,,,,,,,,,,,0,,
off,155,b3,blue,mid,法師,leiming,,0,2,3,0,13793,13144,600,23.9,,,,0,,,,,,,,,,,,,,,,,,0,,
off,155,b4,blue,adc,射手,huanying,,0,1,5,1,8486,9826,300,12,,,,0,,,,,,,,,,,,,,,,,,0,,
off,155,b5,blue,sup,輔助,luminary,,0,0,6,1,3551,12141,54,2.2,,,,0,,,,,,,,,,,,,,,,,,0,,
off,155,r1,red,top,坦克,tiebi,,1,8,1,0,12073,19270,2454,97.8,,,,0,,,,,,,,,,,,,,,,,,0,,
off,155,r2,red,jungle,刺客,hundun,,1,5,0,0,7132,10720,2410,96.1,,,,0,,,,,,,,,,,,,,,,,,0,,
off,155,r3,red,mid,法師,leiming,,1,3,1,5,14755,12061,900,35.9,,,,0,,,,,,,,,,,,,,,,,,0,,
off,155,r4,red,adc,射手,huanying,,1,1,1,4,9138,10056,300,12,,,,0,,,,,,,,,,,,,,,,,,0,,
off,155,r5,red,sup,輔助,luminary,,1,1,2,3,5782,11680,300,12,,,,0,,,,,,,,,,,,,,,,,,0,,
off,156,b1,blue,top,坦克,shengdun,,0,10,1,0,20070,28982,3028,86.2,,,,0,,,,,,,,,,,,,,,,,,0,,
off,156,b2,blue,jungle,刺客,razorwing,,0,2,3,3,7607,14379,1402,39.9,,,,0,,,,,,,,,,,,,,,,,,0,,
off,156,b3,blue,mid,法師,mingyun2,,0,4,2,5,23204,19314,1200,34.2,,,,0,,,,,,,,,,,,,,,,,,0,,
off,156,b4,blue,adc,射手,siwang,,0,9,4,1,26445,15390,2700,76.9,,,,0,,,,,,,,,,,,,,,,,,0,,
off,156,b5,blue,sup,輔助,xuemai,,0,2,2,2,8374,18394,600,17.1,,,,0,,,,,,,,,,,,,,,,,,0,,
off,156,r1,red,top,坦克,shengdun,,1,5,1,0,10772,31689,1554,44.3,,,,0,,,,,,,,,,,,,,,,,,0,,
off,156,r2,red,jungle,刺客,razorwing,,1,2,4,1,11512,18156,1958,55.8,,,,0,,,,,,,,,,,,,,,,,,0,,
off,156,r3,red,mid,法師,mingyun2,,1,2,9,2,19138,19251,600,17.1,,,,0,,,,,,,,,,,,,,,,,,0,,
off,156,r4,red,adc,射手,siwang,,1,2,8,3,19686,17228,600,17.1,,,,0,,,,,,,,,,,,,,,,,,0,,
off,156,r5,red,sup,輔助,xuemai,,1,1,5,4,8717,20428,300,8.5,,,,0,,,,,,,,,,,,,,,,,,0,,
off,157,b1,blue,top,坦克,xukong,,0,0,5,0,12992,21950,0,0,,,,0,,,,,,,,,,,,,,,,,,0,,
off,157,b2,blue,jungle,刺客,yeiren,,0,2,4,0,7458,11931,1285,51,,,,0,,,,,,,,,,,,,,,,,,0,,
off,157,b3,blue,mid,法師,bingshuang,,0,1,4,1,11122,13448,300,11.9,,,,0,,,,,,,,,,,,,,,,,,0,,
off,157,b4,blue,adc,射手,maestro,,0,1,7,0,6193,10638,354,14,,,,0,,,,,,,,,,,,,,,,,,0,,
off,157,b5,blue,sup,坦克,longji,,0,1,4,0,3935,15544,300,11.9,,,,0,,,,,,,,,,,,,,,,,,0,,
off,157,r1,red,top,坦克,xukong,,1,7,0,0,14803,18837,2118,84,,,,0,,,,,,,,,,,,,,,,,,0,,
off,157,r2,red,jungle,刺客,yeiren,,1,4,1,1,7747,10582,2155,85.5,,,,0,,,,,,,,,,,,,,,,,,0,,
off,157,r3,red,mid,法師,bingshuang,,1,4,1,0,10705,11606,1200,47.6,,,,0,,,,,,,,,,,,,,,,,,0,,
off,157,r4,red,adc,射手,maestro,,1,4,2,1,11138,8627,1228,48.7,,,,0,,,,,,,,,,,,,,,,,,0,,
off,157,r5,red,sup,坦克,longji,,1,5,1,4,8045,15034,1518,60.2,,,,0,,,,,,,,,,,,,,,,,,0,,
off,158,b1,blue,top,坦克,tiemu,,0,3,1,0,9855,21257,900,34.5,,,,0,,,,,,,,,,,,,,,,,,0,,
off,158,b2,blue,jungle,刺客,sting,,0,1,4,1,6580,13327,1021,39.1,,,,0,,,,,,,,,,,,,,,,,,0,,
off,158,b3,blue,mid,法師,mingyun2,,0,0,4,0,10032,13320,0,0,,,,0,,,,,,,,,,,,,,,,,,0,,
off,158,b4,blue,adc,射手,liuxing,,0,0,2,2,9431,9869,0,0,,,,0,,,,,,,,,,,,,,,,,,0,,
off,158,b5,blue,sup,坦克,stoneguard,,0,2,5,0,6375,15630,600,23,,,,0,,,,,,,,,,,,,,,,,,0,,
off,158,r1,red,top,坦克,tiemu,,1,3,0,3,10351,16980,900,34.5,,,,0,,,,,,,,,,,,,,,,,,0,,
off,158,r2,red,jungle,刺客,sting,,1,6,1,1,10330,11964,2791,106.9,,,,0,,,,,,,,,,,,,,,,,,0,,
off,158,r3,red,mid,法師,mingyun2,,1,2,3,1,11309,12157,654,25,,,,0,,,,,,,,,,,,,,,,,,0,,
off,158,r4,red,adc,射手,liuxing,,1,2,1,0,16387,10546,600,23,,,,0,,,,,,,,,,,,,,,,,,0,,
off,158,r5,red,sup,坦克,stoneguard,,1,3,1,4,7851,14052,900,34.5,,,,0,,,,,,,,,,,,,,,,,,0,,
off,159,b1,blue,top,坦克,longji,,0,1,3,0,6540,20811,354,14,,,,0,,,,,,,,,,,,,,,,,,0,,
off,159,b2,blue,jungle,刺客,yingsi,,0,2,1,0,4998,11580,1348,53.2,,,,0,,,,,,,,,,,,,,,,,,0,,
off,159,b3,blue,mid,法師,bingshuang,,0,1,2,0,9573,13022,300,11.8,,,,0,,,,,,,,,,,,,,,,,,0,,
off,159,b4,blue,adc,射手,shensheng,,0,1,6,1,9200,9832,318,12.5,,,,0,,,,,,,,,,,,,,,,,,0,,
off,159,b5,blue,sup,輔助,mingyunyindao,,0,1,3,0,5761,12904,300,11.8,,,,0,,,,,,,,,,,,,,,,,,0,,
off,159,r1,red,top,坦克,longji,,1,9,1,0,9966,21601,2700,106.5,,,,0,,,,,,,,,,,,,,,,,,0,,
off,159,r2,red,jungle,刺客,yingsi,,1,2,1,1,5265,9434,1447,57.1,,,,0,,,,,,,,,,,,,,,,,,0,,
off,159,r3,red,mid,法師,bingshuang,,1,1,2,1,8049,12302,300,11.8,,,,0,,,,,,,,,,,,,,,,,,0,,
off,159,r4,red,adc,射手,shensheng,,1,3,2,1,12930,9607,900,35.5,,,,0,,,,,,,,,,,,,,,,,,0,,
off,159,r5,red,sup,輔助,mingyunyindao,,1,0,0,5,5467,11523,0,0,,,,0,,,,,,,,,,,,,,,,,,0,,
off,160,b1,blue,top,坦克,tixue,,0,0,1,0,13405,26146,0,0,,,,0,,,,,,,,,,,,,,,,,,0,,
off,160,b2,blue,jungle,刺客,youming,,0,1,4,3,7955,14143,949,31.9,,,,0,,,,,,,,,,,,,,,,,,0,,
off,160,b3,blue,mid,法師,mingyun2,,0,6,3,1,20782,15121,1800,60.4,,,,0,,,,,,,,,,,,,,,,,,0,,
off,160,b4,blue,adc,射手,liangzicz,,0,5,5,4,17579,11675,1554,52.2,,,,0,,,,,,,,,,,,,,,,,,0,,
off,160,b5,blue,sup,坦克,shiqiang,,0,5,2,0,8402,18864,1528,51.3,,,,0,,,,,,,,,,,,,,,,,,0,,
off,160,r1,red,top,坦克,tixue,,1,3,1,0,14158,25265,1008,33.8,,,,0,,,,,,,,,,,,,,,,,,0,,
off,160,r2,red,jungle,刺客,youming,,1,2,1,0,11850,15597,1603,53.8,,,,0,,,,,,,,,,,,,,,,,,0,,
off,160,r3,red,mid,法師,mingyun2,,1,8,4,0,17199,16001,2400,80.6,,,,0,,,,,,,,,,,,,,,,,,0,,
off,160,r4,red,adc,射手,liangzicz,,1,2,6,3,17170,12113,600,20.1,,,,0,,,,,,,,,,,,,,,,,,0,,
off,160,r5,red,sup,坦克,shiqiang,,1,0,5,3,7522,18923,0,0,,,,0,,,,,,,,,,,,,,,,,,0,,
off,161,b1,blue,top,坦克,suishan,,1,0,1,0,6839,16868,0,0,,,,0,,,,,,,,,,,,,,,,,,0,,
off,161,b2,blue,jungle,戰士,rongyan,,1,0,4,0,6721,12133,677,28,,,,0,,,,,,,,,,,,,,,,,,0,,
off,161,b3,blue,mid,法師,bingshuang,,1,0,2,0,9386,12948,0,0,,,,0,,,,,,,,,,,,,,,,,,0,,
off,161,b4,blue,adc,射手,xingchen,,1,2,5,0,8970,10703,600,24.9,,,,0,,,,,,,,,,,,,,,,,,0,,
off,161,b5,blue,sup,坦克,tixue,,1,0,5,0,5317,14816,108,4.5,,,,0,,,,,,,,,,,,,,,,,,0,,
off,161,r1,red,top,坦克,suishan,,0,2,0,0,7490,15476,618,25.6,,,,0,,,,,,,,,,,,,,,,,,0,,
off,161,r2,red,jungle,戰士,rongyan,,0,2,0,1,7227,10016,1425,59,,,,0,,,,,,,,,,,,,,,,,,0,,
off,161,r3,red,mid,法師,bingshuang,,0,4,1,2,11278,12017,1228,50.9,,,,0,,,,,,,,,,,,,,,,,,0,,
off,161,r4,red,adc,射手,xingchen,,0,7,1,0,11489,9855,2128,88.2,,,,0,,,,,,,,,,,,,,,,,,0,,
off,161,r5,red,sup,坦克,tixue,,0,2,0,6,5748,13601,600,24.9,,,,0,,,,,,,,,,,,,,,,,,0,,
off,162,b1,blue,top,坦克,stoneguard,,0,0,1,0,9611,18563,0,0,,,,0,,,,,,,,,,,,,,,,,,0,,
off,162,b2,blue,jungle,戰士,tielian,,0,0,1,0,2990,9418,697,30.1,,,,0,,,,,,,,,,,,,,,,,,0,,
off,162,b3,blue,mid,法師,lieyan,,0,1,3,0,11373,10895,300,13,,,,0,,,,,,,,,,,,,,,,,,0,,
off,162,b4,blue,adc,射手,liangzi,,0,1,3,0,7495,9760,408,17.6,,,,0,,,,,,,,,,,,,,,,,,0,,
off,162,b5,blue,sup,輔助,linghun,,0,0,0,0,4620,10264,18,0.8,,,,0,,,,,,,,,,,,,,,,,,0,,
off,162,r1,red,top,坦克,stoneguard,,1,2,0,0,10415,17075,654,28.3,,,,0,,,,,,,,,,,,,,,,,,0,,
off,162,r2,red,jungle,戰士,tielian,,1,0,0,2,2914,8326,833,36,,,,0,,,,,,,,,,,,,,,,,,0,,
off,162,r3,red,mid,法師,lieyan,,1,4,1,2,14810,10593,1200,51.9,,,,0,,,,,,,,,,,,,,,,,,0,,
off,162,r4,red,adc,射手,liangzi,,1,2,1,2,9618,8062,600,25.9,,,,0,,,,,,,,,,,,,,,,,,0,,
off,162,r5,red,sup,輔助,linghun,,1,0,0,2,3713,10118,0,0,,,,0,,,,,,,,,,,,,,,,,,0,,
off,163,b1,blue,top,坦克,ironclad,,0,1,1,0,5990,15516,300,13.3,,,,0,,,,,,,,,,,,,,,,,,0,,
off,163,b2,blue,jungle,戰士,cinderfist,,0,0,3,2,1865,9157,523,23.1,,,,0,,,,,,,,,,,,,,,,,,0,,
off,163,b3,blue,mid,法師,shikong,,0,1,2,0,8977,11532,300,13.3,,,,0,,,,,,,,,,,,,,,,,,0,,
off,163,b4,blue,adc,射手,shengyan,,0,1,3,1,5017,8575,300,13.3,,,,0,,,,,,,,,,,,,,,,,,0,,
off,163,b5,blue,sup,輔助,shiguang,,0,1,2,1,3895,11708,354,15.7,,,,0,,,,,,,,,,,,,,,,,,0,,
off,163,r1,red,top,坦克,ironclad,,1,3,0,0,5593,14404,900,39.8,,,,0,,,,,,,,,,,,,,,,,,0,,
off,163,r2,red,jungle,戰士,cinderfist,,1,1,1,1,4886,8103,1261,55.8,,,,0,,,,,,,,,,,,,,,,,,0,,
off,163,r3,red,mid,法師,shikong,,1,4,0,0,10271,11167,1200,53.1,,,,0,,,,,,,,,,,,,,,,,,0,,
off,163,r4,red,adc,射手,shengyan,,1,2,3,2,11483,8279,600,26.5,,,,0,,,,,,,,,,,,,,,,,,0,,
off,163,r5,red,sup,輔助,shiguang,,1,1,0,1,2369,8789,300,13.3,,,,0,,,,,,,,,,,,,,,,,,0,,
off,164,b1,blue,top,坦克,tieshixin,,0,1,0,0,8386,26011,300,10.2,,,,0,,,,,,,,,,,,,,,,,,0,,
off,164,b2,blue,jungle,戰士,chichuan,,0,1,6,0,8673,14533,1165,39.7,,,,0,,,,,,,,,,,,,,,,,,0,,
off,164,b3,blue,mid,法師,lieyan,,0,2,3,1,14473,15431,600,20.4,,,,0,,,,,,,,,,,,,,,,,,0,,
off,164,b4,blue,adc,射手,mirrorshot,,0,3,6,1,14484,12755,900,30.7,,,,0,,,,,,,,,,,,,,,,,,0,,
off,164,b5,blue,sup,坦克,tixue,,0,3,9,2,8405,20447,954,32.5,,,,0,,,,,,,,,,,,,,,,,,0,,
off,164,r1,red,top,坦克,tieshixin,,1,9,2,1,14382,22141,2754,93.9,,,,0,,,,,,,,,,,,,,,,,,0,,
off,164,r2,red,jungle,戰士,chichuan,,1,4,2,4,9754,11657,2187,74.5,,,,0,,,,,,,,,,,,,,,,,,0,,
off,164,r3,red,mid,法師,lieyan,,1,5,1,1,22171,14332,1500,51.1,,,,0,,,,,,,,,,,,,,,,,,0,,
off,164,r4,red,adc,射手,mirrorshot,,1,3,1,4,16099,10864,900,30.7,,,,0,,,,,,,,,,,,,,,,,,0,,
off,164,r5,red,sup,坦克,tixue,,1,3,4,6,8609,19056,900,30.7,,,,0,,,,,,,,,,,,,,,,,,0,,
off,165,b1,blue,top,坦克,tiankong,,0,0,0,0,5672,18308,0,0,,,,0,,,,,,,,,,,,,,,,,,0,,
off,165,b2,blue,jungle,戰士,dadi2,,0,0,3,0,6241,10086,646,26.8,,,,0,,,,,,,,,,,,,,,,,,0,,
off,165,b3,blue,mid,法師,shikong,,0,0,2,0,8648,13029,0,0,,,,0,,,,,,,,,,,,,,,,,,0,,
off,165,b4,blue,adc,射手,hanbing,,0,3,4,0,9268,8578,954,39.6,,,,0,,,,,,,,,,,,,,,,,,0,,
off,165,b5,blue,sup,輔助,mantra,,0,0,3,0,2998,10985,0,0,,,,0,,,,,,,,,,,,,,,,,,0,,
off,165,r1,red,top,坦克,tiankong,,1,4,0,2,10569,17955,1254,52.1,,,,0,,,,,,,,,,,,,,,,,,0,,
off,165,r2,red,jungle,戰士,dadi2,,1,3,1,0,5836,8731,1803,74.8,,,,0,,,,,,,,,,,,,,,,,,0,,
off,165,r3,red,mid,法師,shikong,,1,2,1,0,10563,11634,600,24.9,,,,0,,,,,,,,,,,,,,,,,,0,,
off,165,r4,red,adc,射手,hanbing,,1,1,1,2,9570,9525,300,12.5,,,,0,,,,,,,,,,,,,,,,,,0,,
off,165,r5,red,sup,輔助,mantra,,1,2,0,2,3523,10586,654,27.1,,,,0,,,,,,,,,,,,,,,,,,0,,
off,166,b1,blue,top,坦克,tiebi,,1,3,1,2,11946,18700,900,38.5,,,,0,,,,,,,,,,,,,,,,,,0,,
off,166,b2,blue,jungle,戰士,langwang,,1,3,1,0,5470,10694,1378,59,,,,0,,,,,,,,,,,,,,,,,,0,,
off,166,b3,blue,mid,法師,lieyan,,1,3,1,0,13032,11943,900,38.5,,,,0,,,,,,,,,,,,,,,,,,0,,
off,166,b4,blue,adc,射手,xuanfeng,,1,1,2,1,8587,7760,300,12.8,,,,0,,,,,,,,,,,,,,,,,,0,,
off,166,b5,blue,sup,輔助,huanjing,,1,0,1,6,3972,9687,0,0,,,,0,,,,,,,,,,,,,,,,,,0,,
off,166,r1,red,top,坦克,tiebi,,0,3,1,1,10661,17288,900,38.5,,,,0,,,,,,,,,,,,,,,,,,0,,
off,166,r2,red,jungle,戰士,langwang,,0,2,3,1,6475,9801,1374,58.8,,,,0,,,,,,,,,,,,,,,,,,0,,
off,166,r3,red,mid,法師,lieyan,,0,1,3,0,10404,11979,300,12.8,,,,0,,,,,,,,,,,,,,,,,,0,,
off,166,r4,red,adc,射手,xuanfeng,,0,0,2,1,8962,7709,0,0,,,,0,,,,,,,,,,,,,,,,,,0,,
off,166,r5,red,sup,輔助,huanjing,,0,0,1,0,6098,11987,0,0,,,,0,,,,,,,,,,,,,,,,,,0,,
off,167,b1,blue,top,坦克,shengdun,,0,1,3,1,9253,21157,300,12.6,,,,0,,,,,,,,,,,,,,,,,,0,,
off,167,b2,blue,jungle,戰士,jingci,,0,1,2,0,3349,9912,1012,42.4,,,,0,,,,,,,,,,,,,,,,,,0,,
off,167,b3,blue,mid,法師,shikong,,0,1,4,1,10854,13197,300,12.6,,,,0,,,,,,,,,,,,,,,,,,0,,
off,167,b4,blue,adc,射手,phantom,,0,3,4,0,8445,9995,900,37.7,,,,0,,,,,,,,,,,,,,,,,,0,,
off,167,b5,blue,sup,坦克,dadi,,0,0,3,0,3617,17298,0,0,,,,0,,,,,,,,,,,,,,,,,,0,,
off,167,r1,red,top,坦克,shengdun,,1,9,1,0,8464,15025,2700,113,,,,0,,,,,,,,,,,,,,,,,,0,,
off,167,r2,red,jungle,戰士,jingci,,1,1,1,2,6985,10729,1285,53.8,,,,0,,,,,,,,,,,,,,,,,,0,,
off,167,r3,red,mid,法師,shikong,,1,3,0,6,18250,11703,900,37.7,,,,0,,,,,,,,,,,,,,,,,,0,,
off,167,r4,red,adc,射手,phantom,,1,2,2,0,15656,8831,600,25.1,,,,0,,,,,,,,,,,,,,,,,,0,,
off,167,r5,red,sup,坦克,dadi,,1,1,2,3,4495,12240,300,12.6,,,,0,,,,,,,,,,,,,,,,,,0,,
off,168,b1,blue,top,坦克,shiqiang,,0,1,4,0,11739,23094,300,10.5,,,,0,,,,,,,,,,,,,,,,,,0,,
off,168,b2,blue,jungle,戰士,embercoil,,0,2,3,0,7995,15096,1373,47.9,,,,0,,,,,,,,,,,,,,,,,,0,,
off,168,b3,blue,mid,法師,xingjie,,0,1,3,0,15074,16458,300,10.5,,,,0,,,,,,,,,,,,,,,,,,0,,
off,168,b4,blue,adc,射手,yanfeng,,0,0,7,1,13005,12677,0,0,,,,0,,,,,,,,,,,,,,,,,,0,,
off,168,b5,blue,sup,坦克,thornwall,,0,0,4,1,5260,17013,43,1.5,,,,0,,,,,,,,,,,,,,,,,,0,,
off,168,r1,red,top,坦克,shiqiang,,1,5,0,0,14021,21784,1500,52.4,,,,0,,,,,,,,,,,,,,,,,,0,,
off,168,r2,red,jungle,戰士,embercoil,,1,4,0,1,10166,13409,2141,74.8,,,,0,,,,,,,,,,,,,,,,,,0,,
off,168,r3,red,mid,法師,xingjie,,1,5,1,3,13457,13298,1500,52.4,,,,0,,,,,,,,,,,,,,,,,,0,,
off,168,r4,red,adc,射手,yanfeng,,1,3,2,3,15172,9929,900,31.4,,,,0,,,,,,,,,,,,,,,,,,0,,
off,168,r5,red,sup,坦克,thornwall,,1,4,1,3,6127,17316,1200,41.9,,,,0,,,,,,,,,,,,,,,,,,0,,
off,169,b1,blue,top,坦克,tiemu,,0,10,1,1,11610,22279,3000,108.4,,,,0,,,,,,,,,,,,,,,,,,0,,
off,169,b2,blue,jungle,戰士,hunpo,,0,2,1,1,5878,12496,1412,51.1,,,,0,,,,,,,,,,,,,,,,,,0,,
off,169,b3,blue,mid,法師,auralith,,0,6,2,4,15966,13410,1854,67,,,,0,,,,,,,,,,,,,,,,,,0,,
off,169,b4,blue,adc,射手,siwang,,0,1,2,5,12719,10061,300,10.8,,,,0,,,,,,,,,,,,,,,,,,0,,
off,169,b5,blue,sup,輔助,shengming,,0,2,2,6,6845,12291,600,21.7,,,,0,,,,,,,,,,,,,,,,,,0,,
off,169,r1,red,top,坦克,tiemu,,1,3,2,1,8714,19619,900,32.5,,,,0,,,,,,,,,,,,,,,,,,0,,
off,169,r2,red,jungle,戰士,hunpo,,1,4,6,0,8795,14621,2149,77.7,,,,0,,,,,,,,,,,,,,,,,,0,,
off,169,r3,red,mid,法師,auralith,,1,1,2,1,17166,13321,300,10.8,,,,0,,,,,,,,,,,,,,,,,,0,,
off,169,r4,red,adc,射手,siwang,,1,0,6,3,14656,12074,0,0,,,,0,,,,,,,,,,,,,,,,,,0,,
off,169,r5,red,sup,輔助,shengming,,1,0,5,0,4547,13009,54,2,,,,0,,,,,,,,,,,,,,,,,,0,,
off,170,b1,blue,top,坦克,dadi,,0,1,4,1,11483,26128,318,11.2,,,,0,,,,,,,,,,,,,,,,,,0,,
off,170,b2,blue,jungle,戰士,leimingcf,,0,1,5,0,8461,13900,1012,35.7,,,,0,,,,,,,,,,,,,,,,,,0,,
off,170,b3,blue,mid,法師,xingjie,,0,2,7,1,13365,15871,600,21.2,,,,0,,,,,,,,,,,,,,,,,,0,,
off,170,b4,blue,adc,射手,maestro,,0,0,6,1,12370,10945,0,0,,,,0,,,,,,,,,,,,,,,,,,0,,
off,170,b5,blue,sup,坦克,shiqiang,,0,1,8,0,6375,17707,300,10.6,,,,0,,,,,,,,,,,,,,,,,,0,,
off,170,r1,red,top,坦克,dadi,,1,11,1,0,13265,21610,3300,116.4,,,,0,,,,,,,,,,,,,,,,,,0,,
off,170,r2,red,jungle,戰士,leimingcf,,1,9,0,1,9684,11956,3653,128.8,,,,0,,,,,,,,,,,,,,,,,,0,,
off,170,r3,red,mid,法師,xingjie,,1,5,0,3,19291,12494,1500,52.9,,,,0,,,,,,,,,,,,,,,,,,0,,
off,170,r4,red,adc,射手,maestro,,1,4,3,5,20381,11394,1200,42.3,,,,0,,,,,,,,,,,,,,,,,,0,,
off,170,r5,red,sup,坦克,shiqiang,,1,1,1,5,8536,15538,300,10.6,,,,0,,,,,,,,,,,,,,,,,,0,,
off,171,b1,blue,top,坦克,tixue,,0,0,2,0,8499,20691,0,0,,,,0,,,,,,,,,,,,,,,,,,0,,
off,171,b2,blue,jungle,刺客,jiansheng,,0,2,3,2,7542,13123,1447,51.1,,,,0,,,,,,,,,,,,,,,,,,0,,
off,171,b3,blue,mid,法師,auralith,,0,4,3,0,10134,14549,1200,42.4,,,,0,,,,,,,,,,,,,,,,,,0,,
off,171,b4,blue,adc,射手,liuxing,,0,7,5,1,18829,11711,2100,74.1,,,,0,,,,,,,,,,,,,,,,,,0,,
off,171,b5,blue,sup,坦克,stoneguard,,0,2,5,0,7088,16612,672,23.7,,,,0,,,,,,,,,,,,,,,,,,0,,
off,171,r1,red,top,坦克,tixue,,1,4,0,3,12892,22339,1254,44.3,,,,0,,,,,,,,,,,,,,,,,,0,,
off,171,r2,red,jungle,刺客,jiansheng,,1,6,4,0,7982,12066,3122,110.2,,,,0,,,,,,,,,,,,,,,,,,0,,
off,171,r3,red,mid,法師,auralith,,1,3,1,1,16539,15457,900,31.8,,,,0,,,,,,,,,,,,,,,,,,0,,
off,171,r4,red,adc,射手,liuxing,,1,4,4,0,13604,11282,1217,43,,,,0,,,,,,,,,,,,,,,,,,0,,
off,171,r5,red,sup,坦克,stoneguard,,1,1,6,2,7052,18458,354,12.5,,,,0,,,,,,,,,,,,,,,,,,0,,
off,172,b1,blue,top,坦克,suishan,,0,1,7,0,11375,27812,300,9.6,,,,0,,,,,,,,,,,,,,,,,,0,,
off,172,b2,blue,jungle,刺客,youming,,0,5,2,0,12183,19592,2194,70,,,,0,,,,,,,,,,,,,,,,,,0,,
off,172,b3,blue,mid,法師,xingjie,,0,3,5,2,16732,17412,900,28.7,,,,0,,,,,,,,,,,,,,,,,,0,,
off,172,b4,blue,adc,射手,shensheng,,0,6,7,1,17903,13149,1800,57.4,,,,0,,,,,,,,,,,,,,,,,,0,,
off,172,b5,blue,sup,輔助,mingyunyindao,,0,0,6,6,9044,16450,0,0,,,,0,,,,,,,,,,,,,,,,,,0,,
off,172,r1,red,top,坦克,suishan,,1,12,2,0,18900,27211,3600,114.9,,,,0,,,,,,,,,,,,,,,,,,0,,
off,172,r2,red,jungle,刺客,youming,,1,8,1,2,14278,17071,3482,111.1,,,,0,,,,,,,,,,,,,,,,,,0,,
off,172,r3,red,mid,法師,xingjie,,1,4,4,3,16188,15063,1200,38.3,,,,0,,,,,,,,,,,,,,,,,,0,,
off,172,r4,red,adc,射手,shensheng,,1,2,6,1,19300,12412,600,19.1,,,,0,,,,,,,,,,,,,,,,,,0,,
off,172,r5,red,sup,輔助,mingyunyindao,,1,1,2,8,8689,16687,300,9.6,,,,0,,,,,,,,,,,,,,,,,,0,,
off,173,b1,blue,top,戰士,greymantle,,1,3,2,0,8031,20119,928,34.8,,,,0,,,,,,,,,,,,,,,,,,0,,
off,173,b2,blue,jungle,刺客,yueying,,1,1,3,1,7051,12171,1111,41.7,,,,0,,,,,,,,,,,,,,,,,,0,,
off,173,b3,blue,mid,法師,gambler,,1,4,4,1,13856,14399,1200,45,,,,0,,,,,,,,,,,,,,,,,,0,,
off,173,b4,blue,adc,射手,liangzicz,,1,2,4,1,9244,10465,600,22.5,,,,0,,,,,,,,,,,,,,,,,,0,,
off,173,b5,blue,sup,輔助,mingyun,,1,0,4,2,4144,12906,82,3.1,,,,0,,,,,,,,,,,,,,,,,,0,,
off,173,r1,red,top,戰士,greymantle,,0,8,3,0,12157,22627,2400,90,,,,0,,,,,,,,,,,,,,,,,,0,,
off,173,r2,red,jungle,刺客,yueying,,0,6,1,1,10712,12516,2905,108.9,,,,0,,,,,,,,,,,,,,,,,,0,,
off,173,r3,red,mid,法師,gambler,,0,1,1,2,9547,13809,300,11.3,,,,0,,,,,,,,,,,,,,,,,,0,,
off,173,r4,red,adc,射手,liangzicz,,0,2,2,0,9500,9723,600,22.5,,,,0,,,,,,,,,,,,,,,,,,0,,
off,173,r5,red,sup,輔助,mingyun,,0,0,3,1,5537,12124,0,0,,,,0,,,,,,,,,,,,,,,,,,0,,
off,174,b1,blue,top,戰士,ravager,,1,5,2,2,23941,38657,1500,38,,,,0,,,,,,,,,,,,,,,,,,0,,
off,174,b2,blue,jungle,刺客,yeiren,,1,3,2,0,13010,16091,1944,49.3,,,,0,,,,,,,,,,,,,,,,,,0,,
off,174,b3,blue,mid,法師,ronghuo,,1,12,7,1,30797,23681,3600,91.3,,,,0,,,,,,,,,,,,,,,,,,0,,
off,174,b4,blue,adc,射手,xingchen,,1,16,2,1,30865,18076,4800,121.8,,,,0,,,,,,,,,,,,,,,,,,0,,
off,174,b5,blue,sup,坦克,tixue,,1,2,9,3,11098,25731,600,15.2,,,,0,,,,,,,,,,,,,,,,,,0,,
off,174,r1,red,top,戰士,ravager,,0,11,3,0,26054,38498,3300,83.7,,,,0,,,,,,,,,,,,,,,,,,0,,
off,174,r2,red,jungle,刺客,yeiren,,0,7,5,1,14352,22518,3439,87.2,,,,0,,,,,,,,,,,,,,,,,,0,,
off,174,r3,red,mid,法師,ronghuo,,0,1,8,5,24093,24277,300,7.6,,,,0,,,,,,,,,,,,,,,,,,0,,
off,174,r4,red,adc,射手,xingchen,,0,1,17,3,24366,16507,300,7.6,,,,0,,,,,,,,,,,,,,,,,,0,,
off,174,r5,red,sup,坦克,tixue,,0,2,5,1,11133,30397,600,15.2,,,,0,,,,,,,,,,,,,,,,,,0,,
off,175,b1,blue,top,戰士,dadi2,,0,1,2,0,8024,22922,300,10.8,,,,0,,,,,,,,,,,,,,,,,,0,,
off,175,b2,blue,jungle,刺客,duskblade,,0,0,7,0,6608,14718,712,25.5,,,,0,,,,,,,,,,,,,,,,,,0,,
off,175,b3,blue,mid,法師,gambler,,0,0,4,0,9615,14746,0,0,,,,0,,,,,,,,,,,,,,,,,,0,,
off,175,b4,blue,adc,射手,liangzi,,0,1,6,0,9904,12694,300,10.8,,,,0,,,,,,,,,,,,,,,,,,0,,
off,175,b5,blue,sup,輔助,linghun,,0,0,2,0,6225,15839,0,0,,,,0,,,,,,,,,,,,,,,,,,0,,
off,175,r1,red,top,戰士,dadi2,,1,6,0,1,12643,22274,1800,64.5,,,,0,,,,,,,,,,,,,,,,,,0,,
off,175,r2,red,jungle,刺客,duskblade,,1,5,0,1,9252,11436,2534,90.9,,,,0,,,,,,,,,,,,,,,,,,0,,
off,175,r3,red,mid,法師,gambler,,1,4,1,0,14529,13594,1200,43,,,,0,,,,,,,,,,,,,,,,,,0,,
off,175,r4,red,adc,射手,liangzi,,1,4,1,4,16816,11230,1200,43,,,,0,,,,,,,,,,,,,,,,,,0,,
off,175,r5,red,sup,輔助,linghun,,1,2,0,3,5386,11926,600,21.5,,,,0,,,,,,,,,,,,,,,,,,0,,
off,176,b1,blue,top,戰士,ronggang,,0,4,2,0,7562,20621,1200,45.8,,,,0,,,,,,,,,,,,,,,,,,0,,
off,176,b2,blue,jungle,刺客,binghe,,0,1,3,0,6378,11148,868,33.1,,,,0,,,,,,,,,,,,,,,,,,0,,
off,176,b3,blue,mid,法師,ronghuo,,0,1,3,1,13768,13867,300,11.5,,,,0,,,,,,,,,,,,,,,,,,0,,
off,176,b4,blue,adc,射手,shengyan,,0,2,2,1,10000,10822,654,25,,,,0,,,,,,,,,,,,,,,,,,0,,
off,176,b5,blue,sup,輔助,shiguang,,0,0,5,1,6290,13874,0,0,,,,0,,,,,,,,,,,,,,,,,,0,,
off,176,r1,red,top,戰士,ronggang,,1,7,0,1,10813,19346,2100,80.2,,,,0,,,,,,,,,,,,,,,,,,0,,
off,176,r2,red,jungle,刺客,binghe,,1,4,2,0,7176,10618,2299,87.8,,,,0,,,,,,,,,,,,,,,,,,0,,
off,176,r3,red,mid,法師,ronghuo,,1,1,0,2,13155,13303,318,12.1,,,,0,,,,,,,,,,,,,,,,,,0,,
off,176,r4,red,adc,射手,shengyan,,1,2,4,1,12130,10797,600,22.9,,,,0,,,,,,,,,,,,,,,,,,0,,
off,176,r5,red,sup,輔助,shiguang,,1,1,2,1,4294,10601,300,11.5,,,,0,,,,,,,,,,,,,,,,,,0,,
off,177,b1,blue,top,戰士,jingci,,1,2,5,2,13964,25321,600,20.2,,,,0,,,,,,,,,,,,,,,,,,0,,
off,177,b2,blue,jungle,刺客,shanying,,1,2,4,2,5826,14661,1249,42.1,,,,0,,,,,,,,,,,,,,,,,,0,,
off,177,b3,blue,mid,法師,gambler,,1,5,5,1,17670,17332,1500,50.5,,,,0,,,,,,,,,,,,,,,,,,0,,
off,177,b4,blue,adc,射手,mirrorshot,,1,3,3,2,18107,11717,900,30.3,,,,0,,,,,,,,,,,,,,,,,,0,,
off,177,b5,blue,sup,坦克,dadi,,1,1,7,0,6160,18979,300,10.1,,,,0,,,,,,,,,,,,,,,,,,0,,
off,177,r1,red,top,戰士,jingci,,0,3,1,1,13369,24417,900,30.3,,,,0,,,,,,,,,,,,,,,,,,0,,
off,177,r2,red,jungle,刺客,shanying,,0,10,0,2,12104,16053,4058,136.7,,,,0,,,,,,,,,,,,,,,,,,0,,
off,177,r3,red,mid,法師,gambler,,0,7,3,3,23051,16125,2182,73.5,,,,0,,,,,,,,,,,,,,,,,,0,,
off,177,r4,red,adc,射手,mirrorshot,,0,3,5,2,16374,13110,900,30.3,,,,0,,,,,,,,,,,,,,,,,,0,,
off,177,r5,red,sup,坦克,dadi,,0,1,4,3,7030,20755,300,10.1,,,,0,,,,,,,,,,,,,,,,,,0,,
off,178,b1,blue,top,戰士,longyi,,0,3,7,0,15442,29960,954,29.3,,,,0,,,,,,,,,,,,,,,,,,0,,
off,178,b2,blue,jungle,刺客,dianguang,,0,3,4,0,10744,18708,1747,53.6,,,,0,,,,,,,,,,,,,,,,,,0,,
off,178,b3,blue,mid,法師,ronghuo,,0,1,6,2,17986,19384,300,9.2,,,,0,,,,,,,,,,,,,,,,,,0,,
off,178,b4,blue,adc,射手,hanbing,,0,4,10,2,19139,14755,1200,36.8,,,,0,,,,,,,,,,,,,,,,,,0,,
off,178,b5,blue,sup,坦克,ironclad,,0,0,10,1,6166,23429,0,0,,,,0,,,,,,,,,,,,,,,,,,0,,
off,178,r1,red,top,戰士,longyi,,1,12,2,3,25358,27135,3600,110.4,,,,0,,,,,,,,,,,,,,,,,,0,,
off,178,r2,red,jungle,刺客,dianguang,,1,8,4,7,14130,18648,3587,110,,,,0,,,,,,,,,,,,,,,,,,0,,
off,178,r3,red,mid,法師,ronghuo,,1,9,1,4,19003,15672,2700,82.8,,,,0,,,,,,,,,,,,,,,,,,0,,
off,178,r4,red,adc,射手,hanbing,,1,5,1,1,21445,13132,1500,46,,,,0,,,,,,,,,,,,,,,,,,0,,
off,178,r5,red,sup,坦克,ironclad,,1,3,3,2,6586,20360,900,27.6,,,,0,,,,,,,,,,,,,,,,,,0,,
off,179,b1,blue,top,戰士,chichuan,,1,2,0,0,6231,15254,600,26.2,,,,0,,,,,,,,,,,,,,,,,,0,,
off,179,b2,blue,jungle,刺客,wuxing,,1,2,0,0,4204,8730,1078,47,,,,0,,,,,,,,,,,,,,,,,,0,,
off,179,b3,blue,mid,法師,haixiao,,1,4,1,2,14494,11177,1200,52.4,,,,0,,,,,,,,,,,,,,,,,,0,,
off,179,b4,blue,adc,射手,xuanfeng,,1,4,3,3,7917,8514,1218,53.1,,,,0,,,,,,,,,,,,,,,,,,0,,
off,179,b5,blue,sup,輔助,xuemai,,1,1,0,0,3742,10229,300,13.1,,,,0,,,,,,,,,,,,,,,,,,0,,
off,179,r1,red,top,戰士,chichuan,,0,2,2,1,5830,18133,600,26.2,,,,0,,,,,,,,,,,,,,,,,,0,,
off,179,r2,red,jungle,刺客,wuxing,,0,0,3,0,6126,10420,1051,45.9,,,,0,,,,,,,,,,,,,,,,,,0,,
off,179,r3,red,mid,法師,haixiao,,0,2,4,0,9041,11963,600,26.2,,,,0,,,,,,,,,,,,,,,,,,0,,
off,179,r4,red,adc,射手,xuanfeng,,0,0,2,1,7321,8401,0,0,,,,0,,,,,,,,,,,,,,,,,,0,,
off,179,r5,red,sup,輔助,xuemai,,0,0,2,0,3689,10017,0,0,,,,0,,,,,,,,,,,,,,,,,,0,,
off,180,b1,blue,top,戰士,dushe,,0,0,5,0,8582,21193,0,0,,,,0,,,,,,,,,,,,,,,,,,0,,
off,180,b2,blue,jungle,刺客,voidrift,,0,1,6,0,6246,14157,976,37.7,,,,0,,,,,,,,,,,,,,,,,,0,,
off,180,b3,blue,mid,法師,leiming,,0,1,5,0,10707,13264,328,12.7,,,,0,,,,,,,,,,,,,,,,,,0,,
off,180,b4,blue,adc,射手,phantom,,0,2,6,0,10792,9779,600,23.2,,,,0,,,,,,,,,,,,,,,,,,0,,
off,180,b5,blue,sup,坦克,longji,,0,1,7,0,6222,17387,354,13.7,,,,0,,,,,,,,,,,,,,,,,,0,,
off,180,r1,red,top,戰士,dushe,,1,15,0,0,18662,18583,4500,174,,,,0,,,,,,,,,,,,,,,,,,0,,
off,180,r2,red,jungle,刺客,voidrift,,1,6,0,1,7564,10089,2980,115.2,,,,0,,,,,,,,,,,,,,,,,,0,,
off,180,r3,red,mid,法師,leiming,,1,2,2,3,13341,11541,600,23.2,,,,0,,,,,,,,,,,,,,,,,,0,,
off,180,r4,red,adc,射手,phantom,,1,4,3,3,14061,9843,1200,46.4,,,,0,,,,,,,,,,,,,,,,,,0,,
off,180,r5,red,sup,坦克,longji,,1,2,0,2,6172,15607,600,23.2,,,,0,,,,,,,,,,,,,,,,,,0,,
off,181,b1,blue,top,戰士,fengbao,,0,1,1,0,9372,18365,300,11.9,,,,0,,,,,,,,,,,,,,,,,,0,,
off,181,b2,blue,jungle,戰士,hunpo,,0,2,1,2,5535,8536,1168,46.4,,,,0,,,,,,,,,,,,,,,,,,0,,
off,181,b3,blue,mid,法師,haixiao,,0,3,2,0,10959,11750,900,35.8,,,,0,,,,,,,,,,,,,,,,,,0,,
off,181,b4,blue,adc,射手,yanfeng,,0,8,4,1,13617,10089,2400,95.5,,,,0,,,,,,,,,,,,,,,,,,0,,
off,181,b5,blue,sup,坦克,thornwall,,0,2,2,2,4970,14632,600,23.9,,,,0,,,,,,,,,,,,,,,,,,0,,
off,181,r1,red,top,戰士,fengbao,,1,1,0,1,9646,21595,318,12.6,,,,0,,,,,,,,,,,,,,,,,,0,,
off,181,r2,red,jungle,戰士,hunpo,,1,2,3,1,8554,11594,1501,59.7,,,,0,,,,,,,,,,,,,,,,,,0,,
off,181,r3,red,mid,法師,haixiao,,1,0,5,0,12939,13661,0,0,,,,0,,,,,,,,,,,,,,,,,,0,,
off,181,r4,red,adc,射手,yanfeng,,1,2,7,2,5987,9080,600,23.9,,,,0,,,,,,,,,,,,,,,,,,0,,
off,181,r5,red,sup,坦克,thornwall,,1,5,1,0,5077,15542,1500,59.7,,,,0,,,,,,,,,,,,,,,,,,0,,
off,182,b1,blue,top,戰士,rongyan,,0,2,0,3,11863,22754,600,22.7,,,,0,,,,,,,,,,,,,,,,,,0,,
off,182,b2,blue,jungle,戰士,leimingcf,,0,5,4,0,4734,13098,2310,87.3,,,,0,,,,,,,,,,,,,,,,,,0,,
off,182,b3,blue,mid,法師,leiming,,0,2,2,0,8638,14295,600,22.7,,,,0,,,,,,,,,,,,,,,,,,0,,
off,182,b4,blue,adc,射手,siwang,,0,0,5,1,10820,10955,0,0,,,,0,,,,,,,,,,,,,,,,,,0,,
off,182,b5,blue,sup,輔助,shengming,,0,2,2,2,3625,15422,600,22.7,,,,0,,,,,,,,,,,,,,,,,,0,,
off,182,r1,red,top,戰士,rongyan,,1,1,0,0,11126,20781,300,11.3,,,,0,,,,,,,,,,,,,,,,,,0,,
off,182,r2,red,jungle,戰士,leimingcf,,1,4,4,2,7696,10056,2130,80.5,,,,0,,,,,,,,,,,,,,,,,,0,,
off,182,r3,red,mid,法師,leiming,,1,5,1,2,15518,12911,1554,58.8,,,,0,,,,,,,,,,,,,,,,,,0,,
off,182,r4,red,adc,射手,siwang,,1,2,5,3,14685,10792,600,22.7,,,,0,,,,,,,,,,,,,,,,,,0,,
off,182,r5,red,sup,輔助,shengming,,1,1,1,3,5309,12793,300,11.3,,,,0,,,,,,,,,,,,,,,,,,0,,
off,183,b1,blue,top,戰士,embercoil,,0,1,3,0,11775,23443,300,10.6,,,,0,,,,,,,,,,,,,,,,,,0,,
off,183,b2,blue,jungle,戰士,fengbao,,0,1,4,0,4225,12232,1129,40,,,,0,,,,,,,,,,,,,,,,,,0,,
off,183,b3,blue,mid,法師,haixiao,,0,0,0,0,12450,15110,0,0,,,,0,,,,,,,,,,,,,,,,,,0,,
off,183,b4,blue,adc,射手,maestro,,0,1,6,0,8653,10632,382,13.5,,,,0,,,,,,,,,,,,,,,,,,0,,
off,183,b5,blue,sup,輔助,fengshen,,0,0,4,0,5236,14663,18,0.6,,,,0,,,,,,,,,,,,,,,,,,0,,
off,183,r1,red,top,戰士,embercoil,,1,6,1,1,13263,20748,1800,63.7,,,,0,,,,,,,,,,,,,,,,,,0,,
off,183,r2,red,jungle,戰士,fengbao,,1,2,1,0,9957,14495,1843,65.2,,,,0,,,,,,,,,,,,,,,,,,0,,
off,183,r3,red,mid,法師,haixiao,,1,7,0,1,17211,13527,2100,74.3,,,,0,,,,,,,,,,,,,,,,,,0,,
off,183,r4,red,adc,射手,maestro,,1,2,1,2,9609,10348,600,21.2,,,,0,,,,,,,,,,,,,,,,,,0,,
off,183,r5,red,sup,輔助,fengshen,,1,0,0,3,4272,9981,0,0,,,,0,,,,,,,,,,,,,,,,,,0,,
off,184,b1,blue,top,戰士,cinderfist,,0,1,2,0,8285,19836,382,14.9,,,,0,,,,,,,,,,,,,,,,,,0,,
off,184,b2,blue,jungle,戰士,anliuyouXia,,0,0,5,0,6603,11284,559,21.8,,,,0,,,,,,,,,,,,,,,,,,0,,
off,184,b3,blue,mid,法師,leiming,,0,1,4,0,10943,14112,300,11.7,,,,0,,,,,,,,,,,,,,,,,,0,,
off,184,b4,blue,adc,射手,liuxing,,0,2,3,2,13786,10609,654,25.5,,,,0,,,,,,,,,,,,,,,,,,0,,
off,184,b5,blue,sup,坦克,suishan,,0,1,6,0,7128,15326,300,11.7,,,,0,,,,,,,,,,,,,,,,,,0,,
off,184,r1,red,top,戰士,cinderfist,,1,9,0,0,13262,21819,2700,105.4,,,,0,,,,,,,,,,,,,,,,,,0,,
off,184,r2,red,jungle,戰士,anliuyouXia,,1,6,0,0,5813,9007,2713,105.9,,,,0,,,,,,,,,,,,,,,,,,0,,
off,184,r3,red,mid,法師,leiming,,1,1,3,2,9842,13095,300,11.7,,,,0,,,,,,,,,,,,,,,,,,0,,
off,184,r4,red,adc,射手,liuxing,,1,3,2,4,14115,8790,900,35.1,,,,0,,,,,,,,,,,,,,,,,,0,,
off,184,r5,red,sup,坦克,suishan,,1,1,0,6,9718,15550,300,11.7,,,,0,,,,,,,,,,,,,,,,,,0,,
off,185,b1,blue,top,戰士,leimingcf,,0,1,1,0,8866,20465,300,11.9,,,,0,,,,,,,,,,,,,,,,,,0,,
off,185,b2,blue,jungle,戰士,embercoil,,0,1,2,1,5668,12772,1153,45.9,,,,0,,,,,,,,,,,,,,,,,,0,,
off,185,b3,blue,mid,法師,mingyun2,,0,1,2,0,12189,14639,300,11.9,,,,0,,,,,,,,,,,,,,,,,,0,,
off,185,b4,blue,adc,射手,shensheng,,0,1,5,0,6559,9995,318,12.7,,,,0,,,,,,,,,,,,,,,,,,0,,
off,185,b5,blue,sup,輔助,mingyunyindao,,0,1,0,0,3819,12915,300,11.9,,,,0,,,,,,,,,,,,,,,,,,0,,
off,185,r1,red,top,戰士,leimingcf,,1,3,0,0,10898,17937,900,35.8,,,,0,,,,,,,,,,,,,,,,,,0,,
off,185,r2,red,jungle,戰士,embercoil,,1,3,2,1,5806,10138,1672,66.6,,,,0,,,,,,,,,,,,,,,,,,0,,
off,185,r3,red,mid,法師,mingyun2,,1,1,1,2,14768,11448,318,12.7,,,,0,,,,,,,,,,,,,,,,,,0,,
off,185,r4,red,adc,射手,shensheng,,1,3,2,0,12547,8917,900,35.8,,,,0,,,,,,,,,,,,,,,,,,0,,
off,185,r5,red,sup,輔助,mingyunyindao,,1,0,0,3,5549,10397,0,0,,,,0,,,,,,,,,,,,,,,,,,0,,
off,186,b1,blue,top,戰士,jufeng,,0,0,2,0,6153,18171,0,0,,,,0,,,,,,,,,,,,,,,,,,0,,
off,186,b2,blue,jungle,戰士,hunpo,,0,0,1,0,3107,8976,649,27.4,,,,0,,,,,,,,,,,,,,,,,,0,,
off,186,b3,blue,mid,法師,bingshuang,,0,0,5,0,10528,12018,0,0,,,,0,,,,,,,,,,,,,,,,,,0,,
off,186,b4,blue,adc,射手,liangzicz,,0,1,5,0,9689,9785,300,12.7,,,,0,,,,,,,,,,,,,,,,,,0,,
off,186,b5,blue,sup,輔助,mingyun,,0,1,1,0,3357,11743,300,12.7,,,,0,,,,,,,,,,,,,,,,,,0,,
off,186,r1,red,top,戰士,jufeng,,1,6,0,1,6870,17082,1854,78.3,,,,0,,,,,,,,,,,,,,,,,,0,,
off,186,r2,red,jungle,戰士,hunpo,,1,1,0,2,4788,10270,1216,51.3,,,,0,,,,,,,,,,,,,,,,,,0,,
off,186,r3,red,mid,法師,bingshuang,,1,4,0,0,14435,11039,1254,52.9,,,,0,,,,,,,,,,,,,,,,,,0,,
off,186,r4,red,adc,射手,liangzicz,,1,2,0,2,10074,7526,600,25.3,,,,0,,,,,,,,,,,,,,,,,,0,,
off,186,r5,red,sup,輔助,mingyun,,1,1,2,2,3744,10268,300,12.7,,,,0,,,,,,,,,,,,,,,,,,0,,
off,187,b1,blue,top,戰士,ronggang,,0,0,3,0,10609,26263,0,0,,,,0,,,,,,,,,,,,,,,,,,0,,
off,187,b2,blue,jungle,戰士,ravager,,0,1,6,1,7373,12151,1093,37.3,,,,0,,,,,,,,,,,,,,,,,,0,,
off,187,b3,blue,mid,法師,mingyun2,,0,2,4,1,16367,16193,618,21.1,,,,0,,,,,,,,,,,,,,,,,,0,,
off,187,b4,blue,adc,射手,leiting,,0,3,4,1,12545,12901,918,31.3,,,,0,,,,,,,,,,,,,,,,,,0,,
off,187,b5,blue,sup,坦克,tixue,,0,1,9,0,8038,19157,300,10.2,,,,0,,,,,,,,,,,,,,,,,,0,,
off,187,r1,red,top,戰士,ronggang,,1,4,0,3,13511,22133,1272,43.4,,,,0,,,,,,,,,,,,,,,,,,0,,
off,187,r2,red,jungle,戰士,ravager,,1,9,2,1,12824,13919,3973,135.4,,,,0,,,,,,,,,,,,,,,,,,0,,
off,187,r3,red,mid,法師,mingyun2,,1,6,1,2,20355,13680,1800,61.3,,,,0,,,,,,,,,,,,,,,,,,0,,
off,187,r4,red,adc,射手,leiting,,1,2,3,6,17745,10318,600,20.4,,,,0,,,,,,,,,,,,,,,,,,0,,
off,187,r5,red,sup,坦克,tixue,,1,5,1,4,8391,18675,1500,51.1,,,,0,,,,,,,,,,,,,,,,,,0,,
off,188,b1,blue,top,戰士,jingci,,0,1,4,1,7192,18977,354,14.8,,,,0,,,,,,,,,,,,,,,,,,0,,
off,188,b2,blue,jungle,戰士,xueyue,,0,0,3,2,8882,11421,568,23.8,,,,0,,,,,,,,,,,,,,,,,,0,,
off,188,b3,blue,mid,法師,bingshuang,,0,1,3,0,10319,11667,354,14.8,,,,0,,,,,,,,,,,,,,,,,,0,,
off,188,b4,blue,adc,射手,liangzi,,0,3,4,0,8136,8993,900,37.7,,,,0,,,,,,,,,,,,,,,,,,0,,
off,188,b5,blue,sup,坦克,tieshixin,,0,2,5,2,5444,14932,654,27.4,,,,0,,,,,,,,,,,,,,,,,,0,,
off,188,r1,red,top,戰士,jingci,,1,8,0,0,12940,18474,2400,100.6,,,,0,,,,,,,,,,,,,,,,,,0,,
off,188,r2,red,jungle,戰士,xueyue,,1,5,4,2,6090,9742,2379,99.7,,,,0,,,,,,,,,,,,,,,,,,0,,
off,188,r3,red,mid,法師,bingshuang,,1,3,0,1,8954,10936,900,37.7,,,,0,,,,,,,,,,,,,,,,,,0,,
off,188,r4,red,adc,射手,liangzi,,1,2,2,1,9430,7808,600,25.1,,,,0,,,,,,,,,,,,,,,,,,0,,
off,188,r5,red,sup,坦克,tieshixin,,1,1,1,2,5079,13433,300,12.6,,,,0,,,,,,,,,,,,,,,,,,0,,
off,189,b1,blue,top,戰士,longyi,,1,4,1,1,13232,19235,1200,48.1,,,,0,,,,,,,,,,,,,,,,,,0,,
off,189,b2,blue,jungle,戰士,jufeng,,1,1,1,0,3186,9771,903,36.2,,,,0,,,,,,,,,,,,,,,,,,0,,
off,189,b3,blue,mid,法師,mingyun2,,1,8,3,0,15338,13385,2400,96.1,,,,0,,,,,,,,,,,,,,,,,,0,,
off,189,b4,blue,adc,射手,shengyan,,1,2,3,1,9182,9589,600,24,,,,0,,,,,,,,,,,,,,,,,,0,,
off,189,b5,blue,sup,輔助,huanjing,,1,0,4,1,3765,13162,54,2.2,,,,0,,,,,,,,,,,,,,,,,,0,,
off,189,r1,red,top,戰士,longyi,,0,3,1,0,6898,18385,928,37.2,,,,0,,,,,,,,,,,,,,,,,,0,,
off,189,r2,red,jungle,戰士,jufeng,,0,2,5,1,8127,13520,1427,57.1,,,,0,,,,,,,,,,,,,,,,,,0,,
off,189,r3,red,mid,法師,mingyun2,,0,3,3,0,11620,12053,900,36,,,,0,,,,,,,,,,,,,,,,,,0,,
off,189,r4,red,adc,射手,shengyan,,0,4,2,1,11739,10587,1200,48.1,,,,0,,,,,,,,,,,,,,,,,,0,,
off,189,r5,red,sup,輔助,huanjing,,0,0,4,1,3957,12015,28,1.1,,,,0,,,,,,,,,,,,,,,,,,0,,
off,190,b1,blue,top,戰士,chichuan,,0,0,1,0,7213,19460,0,0,,,,0,,,,,,,,,,,,,,,,,,0,,
off,190,b2,blue,jungle,戰士,kuangfeng,,0,2,6,0,6330,11966,1304,52.4,,,,0,,,,,,,,,,,,,,,,,,0,,
off,190,b3,blue,mid,法師,bingshuang,,0,1,2,1,10763,13476,300,12.1,,,,0,,,,,,,,,,,,,,,,,,0,,
off,190,b4,blue,adc,射手,mirrorshot,,0,2,4,1,14587,10017,600,24.1,,,,0,,,,,,,,,,,,,,,,,,0,,
off,190,b5,blue,sup,坦克,dadi,,0,0,5,0,3896,14251,0,0,,,,0,,,,,,,,,,,,,,,,,,0,,
off,190,r1,red,top,戰士,chichuan,,1,6,0,0,8010,15950,1800,72.3,,,,0,,,,,,,,,,,,,,,,,,0,,
off,190,r2,red,jungle,戰士,kuangfeng,,1,6,2,3,8258,10347,2695,108.3,,,,0,,,,,,,,,,,,,,,,,,0,,
off,190,r3,red,mid,法師,bingshuang,,1,3,2,4,13364,14127,900,36.2,,,,0,,,,,,,,,,,,,,,,,,0,,
off,190,r4,red,adc,射手,mirrorshot,,1,3,1,2,15814,9715,954,38.3,,,,0,,,,,,,,,,,,,,,,,,0,,
off,190,r5,red,sup,坦克,dadi,,1,0,0,7,5103,14226,0,0,,,,0,,,,,,,,,,,,,,,,,,0,,
off,191,b1,blue,top,戰士,xueyue,,1,2,2,1,6054,19332,600,22.3,,,,0,,,,,,,,,,,,,,,,,,0,,
off,191,b2,blue,jungle,戰士,tielian,,1,0,3,3,5539,10925,523,19.4,,,,0,,,,,,,,,,,,,,,,,,0,,
off,191,b3,blue,mid,法師,lieyan,,1,8,1,1,17177,14469,2400,89.2,,,,0,,,,,,,,,,,,,,,,,,0,,
off,191,b4,blue,adc,射手,hanbing,,1,5,7,3,17396,10309,1500,55.8,,,,0,,,,,,,,,,,,,,,,,,0,,
off,191,b5,blue,sup,坦克,ironclad,,1,2,5,2,7675,17068,600,22.3,,,,0,,,,,,,,,,,,,,,,,,0,,
off,191,r1,red,top,戰士,xueyue,,0,7,3,1,12637,22245,2100,78.1,,,,0,,,,,,,,,,,,,,,,,,0,,
off,191,r2,red,jungle,戰士,tielian,,0,2,3,4,7517,12391,1696,63,,,,0,,,,,,,,,,,,,,,,,,0,,
off,191,r3,red,mid,法師,lieyan,,0,7,3,2,13111,15725,2100,78.1,,,,0,,,,,,,,,,,,,,,,,,0,,
off,191,r4,red,adc,射手,hanbing,,0,1,4,5,12024,10673,300,11.2,,,,0,,,,,,,,,,,,,,,,,,0,,
off,191,r5,red,sup,坦克,ironclad,,0,1,4,2,5288,17465,300,11.2,,,,0,,,,,,,,,,,,,,,,,,0,,
off,192,b1,blue,top,戰士,langwang,,1,5,1,0,7835,18149,1500,59.3,,,,0,,,,,,,,,,,,,,,,,,0,,
off,192,b2,blue,jungle,刺客,duskblade,,1,3,0,0,5054,9420,1621,64.1,,,,0,,,,,,,,,,,,,,,,,,0,,
off,192,b3,blue,mid,法師,shikong,,1,0,1,3,12660,12380,0,0,,,,0,,,,,,,,,,,,,,,,,,0,,
off,192,b4,blue,adc,射手,xuanfeng,,1,3,1,0,9510,9134,900,35.6,,,,0,,,,,,,,,,,,,,,,,,0,,
off,192,b5,blue,sup,輔助,xuemai,,1,0,1,2,4001,11027,0,0,,,,0,,,,,,,,,,,,,,,,,,0,,
off,192,r1,red,top,戰士,langwang,,0,2,1,0,5790,18514,654,25.9,,,,0,,,,,,,,,,,,,,,,,,0,,
off,192,r2,red,jungle,刺客,duskblade,,0,1,2,0,4640,10206,1258,49.8,,,,0,,,,,,,,,,,,,,,,,,0,,
off,192,r3,red,mid,法師,shikong,,0,0,2,1,12409,11077,0,0,,,,0,,,,,,,,,,,,,,,,,,0,,
off,192,r4,red,adc,射手,xuanfeng,,0,1,4,0,10126,8866,300,11.9,,,,0,,,,,,,,,,,,,,,,,,0,,
off,192,r5,red,sup,輔助,xuemai,,0,0,2,2,5348,12771,0,0,,,,0,,,,,,,,,,,,,,,,,,0,,
off,193,b1,blue,top,戰士,kuangfeng,,0,1,1,0,8936,15980,300,13.5,,,,0,,,,,,,,,,,,,,,,,,0,,
off,193,b2,blue,jungle,刺客,binghe,,0,1,3,1,3931,9871,967,43.5,,,,0,,,,,,,,,,,,,,,,,,0,,
off,193,b3,blue,mid,法師,lieyan,,0,0,1,0,7999,10683,54,2.4,,,,0,,,,,,,,,,,,,,,,,,0,,
off,193,b4,blue,adc,射手,dawnstrike,,0,0,3,1,6831,9380,0,0,,,,0,,,,,,,,,,,,,,,,,,0,,
off,193,b5,blue,sup,輔助,zhanchang,,0,1,3,1,3768,11617,300,13.5,,,,0,,,,,,,,,,,,,,,,,,0,,
off,193,r1,red,top,戰士,kuangfeng,,1,4,0,0,10614,16320,1254,56.5,,,,0,,,,,,,,,,,,,,,,,,0,,
off,193,r2,red,jungle,刺客,binghe,,1,4,0,1,7342,9200,2291,103.2,,,,0,,,,,,,,,,,,,,,,,,0,,
off,193,r3,red,mid,法師,lieyan,,1,2,1,3,9409,11066,600,27,,,,0,,,,,,,,,,,,,,,,,,0,,
off,193,r4,red,adc,射手,dawnstrike,,1,0,1,2,9109,7582,15,0.7,,,,0,,,,,,,,,,,,,,,,,,0,,
off,193,r5,red,sup,輔助,zhanchang,,1,1,1,2,3084,9905,328,14.8,,,,0,,,,,,,,,,,,,,,,,,0,,
off,194,b1,blue,top,戰士,greymantle,,0,0,2,0,8164,17022,0,0,,,,0,,,,,,,,,,,,,,,,,,0,,
off,194,b2,blue,jungle,刺客,jueying,,0,2,2,0,5069,9294,1385,59.3,,,,0,,,,,,,,,,,,,,,,,,0,,
off,194,b3,blue,mid,法師,shikong,,0,1,1,1,9746,12462,300,12.8,,,,0,,,,,,,,,,,,,,,,,,0,,
off,194,b4,blue,adc,射手,yanfeng,,0,1,1,0,9086,8905,300,12.8,,,,0,,,,,,,,,,,,,,,,,,0,,
off,194,b5,blue,sup,坦克,stoneguard,,0,1,4,0,5437,14089,300,12.8,,,,0,,,,,,,,,,,,,,,,,,0,,
off,194,r1,red,top,戰士,greymantle,,1,4,0,0,8354,16333,1200,51.4,,,,0,,,,,,,,,,,,,,,,,,0,,
off,194,r2,red,jungle,刺客,jueying,,1,1,1,0,7730,9161,1408,60.3,,,,0,,,,,,,,,,,,,,,,,,0,,
off,194,r3,red,mid,法師,shikong,,1,4,1,0,10374,10957,1200,51.4,,,,0,,,,,,,,,,,,,,,,,,0,,
off,194,r4,red,adc,射手,yanfeng,,1,1,2,2,10064,7597,300,12.8,,,,0,,,,,,,,,,,,,,,,,,0,,
off,194,r5,red,sup,坦克,stoneguard,,1,0,1,2,6201,12336,0,0,,,,0,,,,,,,,,,,,,,,,,,0,,
off,195,b1,blue,top,戰士,cinderfist,,0,2,8,0,16412,36520,600,15.1,,,,0,,,,,,,,,,,,,,,,,,0,,
off,195,b2,blue,jungle,刺客,anye,,0,5,4,0,9943,21062,2303,58,,,,0,,,,,,,,,,,,,,,,,,0,,
off,195,b3,blue,mid,法師,lieyan,,0,6,7,2,25637,22697,1800,45.3,,,,0,,,,,,,,,,,,,,,,,,0,,
off,195,b4,blue,adc,射手,siwang,,0,5,12,2,25810,17987,1500,37.8,,,,0,,,,,,,,,,,,,,,,,,0,,
off,195,b5,blue,sup,輔助,shengming,,0,2,6,3,12817,23354,600,15.1,,,,0,,,,,,,,,,,,,,,,,,0,,
off,195,r1,red,top,戰士,cinderfist,,1,13,1,0,22111,38651,3900,98.3,,,,0,,,,,,,,,,,,,,,,,,0,,
off,195,r2,red,jungle,刺客,anye,,1,6,5,1,14894,21737,3010,75.8,,,,0,,,,,,,,,,,,,,,,,,0,,
off,195,r3,red,mid,法師,lieyan,,1,11,4,3,29555,21312,3300,83.1,,,,0,,,,,,,,,,,,,,,,,,0,,
off,195,r4,red,adc,射手,siwang,,1,6,7,1,27391,17913,1800,45.3,,,,0,,,,,,,,,,,,,,,,,,0,,
off,195,r5,red,sup,輔助,shengming,,1,1,3,5,8169,20014,300,7.6,,,,0,,,,,,,,,,,,,,,,,,0,,
off,196,b1,blue,top,坦克,tieshixin,,0,1,2,0,10335,21780,300,11,,,,0,,,,,,,,,,,,,,,,,,0,,
off,196,b2,blue,jungle,刺客,wuxing,,0,1,0,0,4465,11336,1049,38.3,,,,0,,,,,,,,,,,,,,,,,,0,,
off,196,b3,blue,mid,法師,auralith,,0,5,3,0,17208,14979,1500,54.8,,,,0,,,,,,,,,,,,,,,,,,0,,
off,196,b4,blue,adc,射手,maestro,,0,4,3,1,10255,11027,1200,43.8,,,,0,,,,,,,,,,,,,,,,,,0,,
off,196,b5,blue,sup,輔助,mingyun,,0,0,3,1,3996,12931,0,0,,,,0,,,,,,,,,,,,,,,,,,0,,
off,196,r1,red,top,坦克,tieshixin,,1,5,1,0,12899,20409,1500,54.8,,,,0,,,,,,,,,,,,,,,,,,0,,
off,196,r2,red,jungle,刺客,wuxing,,1,3,3,1,7084,12533,1801,65.7,,,,0,,,,,,,,,,,,,,,,,,0,,
off,196,r3,red,mid,法師,auralith,,1,0,1,0,9952,12486,0,0,,,,0,,,,,,,,,,,,,,,,,,0,,
off,196,r4,red,adc,射手,maestro,,1,1,5,0,9132,10410,300,11,,,,0,,,,,,,,,,,,,,,,,,0,,
off,196,r5,red,sup,輔助,mingyun,,1,2,1,3,5813,14625,600,21.9,,,,0,,,,,,,,,,,,,,,,,,0,,
off,197,b1,blue,top,坦克,bingshouweis,,1,3,2,1,7318,17473,900,35.7,,,,0,,,,,,,,,,,,,,,,,,0,,
off,197,b2,blue,jungle,刺客,razorwing,,1,3,2,2,6258,11652,1477,58.6,,,,0,,,,,,,,,,,,,,,,,,0,,
off,197,b3,blue,mid,法師,xingjie,,1,1,2,1,11855,13376,300,11.9,,,,0,,,,,,,,,,,,,,,,,,0,,
off,197,b4,blue,adc,射手,liuxing,,1,3,3,3,9040,10116,918,36.4,,,,0,,,,,,,,,,,,,,,,,,0,,
off,197,b5,blue,sup,坦克,suishan,,1,2,2,4,5419,14552,600,23.8,,,,0,,,,,,,,,,,,,,,,,,0,,
off,197,r1,red,top,坦克,bingshouweis,,0,1,1,1,6995,18304,300,11.9,,,,0,,,,,,,,,,,,,,,,,,0,,
off,197,r2,red,jungle,刺客,razorwing,,0,5,3,0,8571,11315,2371,94.1,,,,0,,,,,,,,,,,,,,,,,,0,,
off,197,r3,red,mid,法師,xingjie,,0,1,2,3,11041,14385,300,11.9,,,,0,,,,,,,,,,,,,,,,,,0,,
off,197,r4,red,adc,射手,liuxing,,0,1,2,0,12751,9090,300,11.9,,,,0,,,,,,,,,,,,,,,,,,0,,
off,197,r5,red,sup,坦克,suishan,,0,3,4,3,5602,16727,900,35.7,,,,0,,,,,,,,,,,,,,,,,,0,,
off,198,b1,blue,top,坦克,tiebi,,0,1,0,2,6798,16411,300,13.2,,,,0,,,,,,,,,,,,,,,,,,0,,
off,198,b2,blue,jungle,刺客,jingxiang,,0,2,1,0,2898,8208,1285,56.5,,,,0,,,,,,,,,,,,,,,,,,0,,
off,198,b3,blue,mid,法師,auralith,,0,2,2,1,10122,11808,600,26.4,,,,0,,,,,,,,,,,,,,,,,,0,,
off,198,b4,blue,adc,射手,shensheng,,0,2,1,1,8374,7853,600,26.4,,,,0,,,,,,,,,,,,,,,,,,0,,
off,198,b5,blue,sup,坦克,bingshouweis,,0,1,4,0,2877,12969,300,13.2,,,,0,,,,,,,,,,,,,,,,,,0,,
off,198,r1,red,top,坦克,tiebi,,1,0,2,0,4767,15718,0,0,,,,0,,,,,,,,,,,,,,,,,,0,,
off,198,r2,red,jungle,刺客,jingxiang,,1,2,2,1,5551,8958,1519,66.8,,,,0,,,,,,,,,,,,,,,,,,0,,
off,198,r3,red,mid,法師,auralith,,1,0,2,2,13205,10953,0,0,,,,0,,,,,,,,,,,,,,,,,,0,,
off,198,r4,red,adc,射手,shensheng,,1,4,1,1,9426,8260,1200,52.8,,,,0,,,,,,,,,,,,,,,,,,0,,
off,198,r5,red,sup,坦克,bingshouweis,,1,2,1,0,3335,12257,600,26.4,,,,0,,,,,,,,,,,,,,,,,,0,,
off,199,b1,blue,top,坦克,shengdun,,0,0,4,2,7849,21405,0,0,,,,0,,,,,,,,,,,,,,,,,,0,,
off,199,b2,blue,jungle,刺客,guihuo,,0,4,3,1,7188,13920,1732,65.7,,,,0,,,,,,,,,,,,,,,,,,0,,
off,199,b3,blue,mid,法師,xingjie,,0,1,2,2,10928,13211,300,11.4,,,,0,,,,,,,,,,,,,,,,,,0,,
off,199,b4,blue,adc,射手,mori,,0,2,7,1,8409,11159,600,22.8,,,,0,,,,,,,,,,,,,,,,,,0,,
off,199,b5,blue,sup,輔助,shiguang,,0,1,3,1,4839,11630,300,11.4,,,,0,,,,,,,,,,,,,,,,,,0,,
off,199,r1,red,top,坦克,shengdun,,1,8,1,0,11279,20011,2400,91,,,,0,,,,,,,,,,,,,,,,,,0,,
off,199,r2,red,jungle,刺客,guihuo,,1,1,1,3,6298,11379,955,36.2,,,,0,,,,,,,,,,,,,,,,,,0,,
off,199,r3,red,mid,法師,xingjie,,1,6,1,1,14869,13086,1800,68.3,,,,0,,,,,,,,,,,,,,,,,,0,,
off,199,r4,red,adc,射手,mori,,1,4,3,7,12417,10436,1200,45.5,,,,0,,,,,,,,,,,,,,,,,,0,,
off,199,r5,red,sup,輔助,shiguang,,1,0,2,5,7487,11122,0,0,,,,0,,,,,,,,,,,,,,,,,,0,,
off,200,b1,blue,top,坦克,shiqiang,,0,2,4,0,7198,22342,600,22.7,,,,0,,,,,,,,,,,,,,,,,,0,,
off,200,b2,blue,jungle,刺客,jiansheng,,0,3,2,1,9094,13378,1521,57.5,,,,0,,,,,,,,,,,,,,,,,,0,,
off,200,b3,blue,mid,法師,auralith,,0,3,5,2,15624,13709,900,34,,,,0,,,,,,,,,,,,,,,,,,0,,
off,200,b4,blue,adc,射手,leiting,,0,0,2,0,11199,8941,18,0.7,,,,0,,,,,,,,,,,,,,,,,,0,,
off,200,b5,blue,sup,坦克,tixue,,0,1,3,3,6016,15873,318,12,,,,0,,,,,,,,,,,,,,,,,,0,,
off,200,r1,red,top,坦克,shiqiang,,1,7,2,0,11881,20126,2100,79.4,,,,0,,,,,,,,,,,,,,,,,,0,,
off,200,r2,red,jungle,刺客,jiansheng,,1,4,1,2,7024,12078,2122,80.2,,,,0,,,,,,,,,,,,,,,,,,0,,
off,200,r3,red,mid,法師,auralith,,1,2,1,1,13779,12660,600,22.7,,,,0,,,,,,,,,,,,,,,,,,0,,
off,200,r4,red,adc,射手,leiting,,1,1,2,2,9078,9347,300,11.3,,,,0,,,,,,,,,,,,,,,,,,0,,
off,200,r5,red,sup,坦克,tixue,,1,2,3,2,6481,14999,600,22.7,,,,0,,,,,,,,,,,,,,,,,,0,,
standard,1,b1,blue,top,戰士,embercoil,standard,0,1,2,0,10777,28665,9463,430.6,8.64,15.29,,2,1,1,2,2,213,1440,419,1183,4063,6970,8699,6253,1325,570,,475,,76,,t3_shieldbreaker|t3_finalstring
standard,1,b2,blue,jungle,戰士,cinderfist,standard,0,0,1,0,6662,15803,8378,381.3,8.2,18.99,,2,1,1,2,2,710,204,365,148,3810,5684,7645,6253,321,,,,994,76,,t3_shieldbreaker|t3_finalstring
standard,1,b3,blue,mid,法師,auralith,standard,0,0,9,1,10628,14395,8556,389.4,10.55,19.73,,2,0,1,2,2,1390,271,375,226,3650,5721,7925,6253,836,,285,475,,76,,t3_psyward
standard,1,b4,blue,adc,射手,liangzicz,standard,0,0,6,0,17273,10093,7815,355.6,9.36,20.01,,2,1,1,1,2,376,394,1428,495,3726,5474,7108,6253,779,,,,,76,,t3_shieldbreaker|t3_rendspear
standard,1,b5,blue,sup,坦克,tixue,standard,0,0,4,0,7566,18978,10000,455.1,7.23,13.95,18.91,3,1,2,3,3,746,426,294,420,4646,6926,9274,6253,272,,,475,,76,2197,t3_calmveil|t3_thornmail
standard,1,r1,red,top,戰士,embercoil,standard,1,5,0,1,17258,24810,12689,577.4,8.11,13.57,18.84,3,1,2,3,3,633,253,116,1238,3783,7403,11146,6253,1000,2280,142,1013,,456,,t3_shieldbreaker|t3_finalstring
standard,1,r2,red,jungle,戰士,cinderfist,standard,1,2,0,2,8848,10244,11670,531,8.12,16.22,20.45,3,1,1,2,3,403,1699,2070,869,4203,7179,10670,6253,171,1140,380,380,1890,456,,t3_shieldbreaker|t3_finalstring
standard,1,r3,red,mid,法師,auralith,standard,1,8,0,1,16348,12597,14370,653.9,8.52,14.73,18.79,3,1,2,3,3,1035,261,215,2290,4885,7811,12295,6253,1057,3420,95,1013,,456,,t3_psyward
standard,1,r4,red,adc,射手,liangzicz,standard,1,6,1,1,22703,8495,12290,559.3,10.55,18.09,20.34,3,0,1,2,3,1424,374,213,1089,3584,6054,9113,6253,598,1140,285,380,,456,,t3_shieldbreaker|t3_rendspear
standard,1,r5,red,sup,坦克,tixue,standard,1,1,0,3,7138,15943,12261,558,6.98,13.26,18.84,4,1,2,3,4,597,397,1062,661,4497,7337,11042,6253,136,570,237,1488,,456,1900,t3_calmveil|t3_thornmail
standard,2,b1,blue,top,戰士,cinderfist,standard,0,0,5,0,11726,32493,9002,375.6,8.78,17.54,,2,1,1,2,2,576,70,79,771,3726,5550,7659,6253,855,,,475,,76,,t3_shieldbreaker|t3_finalstring
standard,2,b2,blue,jungle,戰士,chichuan,standard,0,1,5,0,6588,16854,9890,412.7,7.82,16.51,23.44,3,1,1,2,3,188,956,94,340,4418,6386,8274,6253,228,570,,,1146,76,,t3_shieldbreaker|t3_finalstring
standard,2,b3,blue,mid,法師,ronghuo,standard,0,0,8,0,10968,15162,9021,376.4,10.47,20.27,,2,0,1,1,2,1466,201,1140,270,3726,5531,7640,6253,836,,,475,,76,,t3_psyward
standard,2,b4,blue,adc,射手,leiting,standard,0,7,4,0,25578,11654,13160,549.1,9.42,17.12,21.08,4,1,1,2,4,449,319,706,159,3799,5699,9556,6253,1041,1710,,475,,76,,t3_shieldbreaker|t3_rendspear
standard,2,b5,blue,sup,輔助,linghun,standard,0,1,3,2,6421,21926,11300,471.5,5.78,12.15,16.27,4,1,2,3,4,836,704,651,419,5136,7734,9691,6253,307,570,285,475,,76,1724,t3_calmveil
standard,2,r1,red,top,戰士,cinderfist,standard,1,11,0,0,21241,28201,16825,702,7.32,14.73,16.28,5,1,2,4,5,427,186,282,1525,4227,7286,13082,6253,874,4560,,760,77,557,,t3_shieldbreaker|t3_finalstring
standard,2,r2,red,jungle,戰士,chichuan,standard,1,1,2,3,9425,15076,12293,512.9,7.85,16.7,20.82,3,1,1,2,3,457,1128,1151,1362,4207,6558,9701,6253,254,,855,285,1748,304,,t3_shieldbreaker|t3_finalstring
standard,2,r3,red,mid,法師,ronghuo,standard,1,6,3,0,20960,12660,13690,571.2,11.03,17.98,22.2,3,0,1,2,3,1522,1577,819,1610,3782,6907,10219,6253,938,1710,,760,,557,,t3_psyward
standard,2,r4,red,adc,射手,leiting,standard,1,7,3,1,27414,10674,14249,594.5,9.56,16.32,21.08,4,1,1,2,4,373,969,418,398,3723,6649,9318,6253,813,1140,285,522,,304,,t3_shieldbreaker|t3_rendspear
standard,2,r5,red,sup,輔助,linghun,standard,1,0,1,3,6067,15369,12682,529.2,6.18,12.42,18.5,4,1,2,3,4,1470,926,1334,1302,4570,7106,10564,6253,272,,855,522,,557,2103,t3_calmveil
standard,3,b1,blue,top,戰士,leimingcf,standard,0,0,2,0,7073,25196,8719,381.7,9.81,19.38,,2,1,1,2,2,576,427,136,488,3726,5607,7716,6253,836,,,475,,152,,t3_shieldbreaker|t3_finalstring
standard,3,b2,blue,jungle,戰士,jufeng,standard,0,1,3,0,8428,18345,9563,418.7,9.2,16.27,,2,1,1,2,2,721,988,548,1382,3821,6418,8378,6253,494,570,,,908,152,,t3_shieldbreaker|t3_finalstring
standard,3,b3,blue,mid,法師,gambler,standard,0,0,3,1,13158,13499,8713,381.5,10.49,20.16,,2,0,1,1,2,1618,176,1229,263,3878,6076,7729,6253,988,,285,,51,152,,t3_psyward
standard,3,b4,blue,adc,射手,liangzi,standard,0,11,10,0,18315,11094,14267,624.6,6.58,15.77,18.67,4,1,1,3,4,67,839,953,666,4847,6519,11573,6253,608,4560,,,,152,,t3_shieldbreaker|t3_rendspear
standard,3,b5,blue,sup,輔助,shiguang,standard,0,1,1,0,4288,15108,11077,484.9,5.61,10.62,15.54,4,1,2,3,4,852,460,920,576,5152,7490,10150,6253,304,570,,950,,152,1920,t3_calmveil
standard,3,r1,red,top,戰士,leimingcf,standard,1,4,0,0,11670,21877,12747,558,8.85,14.47,20.96,3,1,2,2,3,154,308,1035,1346,3954,7108,9635,6253,1235,1140,,570,,437,,t3_shieldbreaker|t3_finalstring
standard,3,r2,red,jungle,戰士,jufeng,standard,1,1,0,2,8998,13344,11582,507.1,8.64,15.36,20.33,3,1,1,2,3,45,1763,1017,831,4095,6713,9567,6253,361,570,95,95,1755,437,,t3_shieldbreaker|t3_finalstring
standard,3,r3,red,mid,法師,gambler,standard,1,1,2,2,8101,13066,9992,437.4,10.89,19.49,,2,0,1,2,2,1428,258,284,591,3688,6158,8134,6253,969,,380,95,,437,,t3_psyward
standard,3,r4,red,adc,射手,liangzi,standard,1,12,10,0,24825,10709,15850,693.9,9.65,15.77,18.67,4,1,1,3,4,300,763,259,2000,3650,6443,11459,6253,969,3990,,95,,152,,t3_shieldbreaker|t3_rendspear
standard,3,r5,red,sup,輔助,shiguang,standard,1,1,1,2,9630,14143,12914,565.4,5.85,12.65,15.07,4,1,2,3,4,620,1094,2143,1533,4620,8124,11373,6253,342,570,380,1520,,437,1870,t3_calmveil
standard,4,b1,blue,top,戰士,dadi2,standard,1,4,3,0,25137,39130,14379,473.4,9.59,16.75,21.78,4,1,1,2,4,576,894,453,878,3726,6424,9103,6253,779,1140,,760,,171,,t3_shieldbreaker|t3_finalstring
standard,4,b2,blue,jungle,戰士,langwang,standard,1,4,0,2,15966,22725,15736,518.1,8.88,16.79,19.83,5,1,1,3,5,780,821,205,435,3880,6301,10105,6253,503,1140,427,443,786,551,,t3_shieldbreaker|t3_finalstring
standard,4,b3,blue,mid,法師,ronghuo,standard,1,11,5,0,47154,21644,18196,599,10.58,17.78,22.35,5,0,1,2,5,1541,288,665,2046,3801,6518,9165,6253,872,1140,,443,,456,,t3_psyward
standard,4,b4,blue,adc,射手,shengyan,standard,1,13,9,2,55547,17463,20412,672,9.18,17.32,20.72,5,1,1,2,5,595,757,1058,4812,3945,6437,9958,6253,1285,1140,285,443,,551,,t3_shieldbreaker|t3_rendspear
standard,4,b5,blue,sup,坦克,dadi,standard,1,0,3,3,11630,34874,15594,513.4,7.43,12.59,17.88,5,1,2,3,5,479,628,995,1993,4679,7868,10375,6253,283,,427,285,,551,2575,t3_calmveil|t3_thornmail
standard,4,r1,red,top,戰士,dadi2,standard,0,6,3,1,23061,45720,15927,524.4,9.65,15.59,18.66,4,1,1,3,4,405,1521,325,2577,3555,7051,10275,6253,696,2850,,475,,0,,t3_shieldbreaker|t3_finalstring
standard,4,r2,red,jungle,戰士,langwang,standard,0,1,6,3,18084,32115,12702,418.2,8.74,16.93,25.51,4,1,1,2,4,125,638,108,202,3925,6118,8108,6253,297,,570,,987,0,,t3_shieldbreaker|t3_finalstring
standard,4,r3,red,mid,法師,ronghuo,standard,0,3,11,2,32278,22365,13726,451.9,10.49,19.88,25.27,4,0,1,2,4,1485,258,48,96,3745,5588,7678,6253,997,,427,,,0,,t3_psyward
standard,4,r4,red,adc,射手,shengyan,standard,0,10,11,0,39986,14060,16817,553.6,9.38,18.68,23.33,5,1,1,2,5,471,94,292,1217,3821,5474,8242,6253,943,570,,475,,0,,t3_shieldbreaker|t3_rendspear
standard,4,r5,red,sup,坦克,dadi,standard,0,0,1,5,10503,30932,14087,463.8,6.46,13.18,19.08,4,1,2,3,4,149,767,648,2727,4649,6967,9328,6253,522,,427,,,0,2124,t3_calmveil|t3_thornmail
standard,5,b1,blue,top,戰士,ronggang,standard,1,1,4,0,12019,28187,10241,437.9,8.29,17.21,22.21,3,1,1,2,3,287,830,1614,40,4087,6310,8894,6253,1045,570,,950,,76,,t3_shieldbreaker|t3_finalstring
standard,5,b2,blue,jungle,戰士,tielian,standard,1,1,5,0,4447,19040,10374,443.7,8.93,16.83,22.2,3,1,1,2,3,636,327,1071,424,3736,5577,9051,6253,228,570,,950,973,76,,t3_shieldbreaker|t3_finalstring
standard,5,b3,blue,mid,法師,gambler,standard,1,0,7,0,15709,16792,8629,369,10.43,20.46,,2,0,1,1,2,1526,204,1278,378,3786,5534,7358,6253,1029,,,,,76,,t3_psyward
standard,5,b4,blue,adc,射手,mirrorshot,standard,1,4,5,1,21747,12110,11761,502.9,9.43,17.13,20.33,3,1,1,2,3,319,426,467,780,3669,5626,9217,6253,988,1140,285,475,,76,,t3_shieldbreaker|t3_rendspear
standard,5,b5,blue,sup,輔助,mantra,standard,1,0,4,0,4785,19035,11002,470.5,6.64,11.7,17.73,4,1,2,3,4,1265,262,1694,602,4665,6992,9694,6253,281,,,950,51,76,2081,t3_calmveil
standard,5,r1,red,top,戰士,ronggang,standard,0,7,0,0,19657,27843,14630,625.6,8.37,16.18,18.63,4,1,1,3,4,158,1229,1122,1649,4258,6709,11022,6253,1254,2280,,665,,570,,t3_shieldbreaker|t3_finalstring
standard,5,r2,red,jungle,戰士,tielian,standard,0,7,0,3,13071,13677,14945,639.1,8.43,13.78,15.64,4,1,2,4,4,269,815,608,2015,4919,8765,13538,6253,190,3990,332,190,2012,570,,t3_shieldbreaker|t3_finalstring
standard,5,r3,red,mid,法師,gambler,standard,0,4,4,1,17625,14568,12397,530.2,11.25,18.13,21.72,3,0,1,2,3,1381,458,283,317,3641,6358,9683,6253,1054,1140,95,665,,475,,t3_psyward
standard,5,r4,red,adc,射手,mirrorshot,standard,0,7,2,3,27583,9117,13351,571,10.3,18.89,,2,0,1,2,2,1158,309,273,4450,3318,5389,8223,6253,446,570,237,190,51,475,,t3_shieldbreaker|t3_rendspear
standard,5,r5,red,sup,輔助,mantra,standard,0,0,0,4,6812,15117,12106,517.7,6.58,11.58,15.51,4,1,2,3,4,491,702,1226,1146,4791,7432,10456,6253,247,,475,665,,570,2245,t3_calmveil
standard,6,b1,blue,top,戰士,jingci,standard,1,2,2,0,15434,29299,12414,484.8,9.12,18.3,22.58,3,1,1,2,3,633,717,275,1013,3783,5417,7355,6253,779,,,95,,228,,t3_shieldbreaker|t3_finalstring
standard,6,b2,blue,jungle,戰士,greymantle,standard,1,2,3,0,8916,17227,11737,458.3,7.86,16.74,23.33,3,1,1,2,3,750,641,748,387,3850,6071,8928,6253,418,570,,95,1268,323,,t3_shieldbreaker|t3_finalstring
standard,6,b3,blue,mid,法師,ronghuo,standard,1,9,4,1,28247,17511,16318,637.2,8.57,18.01,20.03,5,1,1,2,5,731,76,2002,168,4581,6576,11402,6253,1406,2850,,570,,323,,t3_psyward
standard,6,b4,blue,adc,射手,hanbing,standard,1,4,5,3,26080,13896,12851,501.8,10.43,18.14,22.64,3,0,1,2,3,1519,322,153,1050,3679,5522,8733,6253,731,570,285,570,,323,,t3_shieldbreaker|t3_rendspear
standard,6,b5,blue,sup,輔助,xuemai,standard,1,0,3,2,7945,18191,12448,486.1,5.71,12.14,16.81,4,1,2,3,4,361,146,762,998,4611,6876,9802,6253,351,,,1045,,323,1829,t3_calmveil
standard,6,r1,red,top,戰士,jingci,standard,0,1,1,1,16155,33949,11755,459,9.19,15.91,22.41,3,1,1,2,3,519,925,370,955,3669,6405,8970,6253,950,570,285,665,,247,,t3_shieldbreaker|t3_finalstring
standard,6,r2,red,jungle,戰士,greymantle,standard,0,3,2,1,10672,18211,12743,497.6,8.16,14.58,19.33,3,1,2,3,3,206,205,996,1392,4436,7855,10546,6253,114,1710,285,190,1746,247,,t3_shieldbreaker|t3_finalstring
standard,6,r3,red,mid,法師,ronghuo,standard,0,7,7,0,21582,16638,13760,537.3,11.12,19.3,24.53,3,0,1,2,3,1314,353,394,1679,3574,6253,7944,6253,779,570,,190,,152,,t3_psyward
standard,6,r4,red,adc,射手,hanbing,standard,0,5,6,2,20540,12432,14798,577.9,8.72,13.93,20.98,4,1,2,2,4,268,86,919,948,4268,7406,9819,6253,943,1710,,665,,247,,t3_shieldbreaker|t3_rendspear
standard,6,r5,red,sup,輔助,xuemai,standard,0,1,1,1,7620,18934,12402,484.3,6.93,11.99,15.34,4,1,2,3,4,311,675,1159,1022,4611,7705,9909,6253,405,570,,665,,247,1768,t3_calmveil
standard,7,b1,blue,top,戰士,longyi,standard,0,1,1,0,7365,22595,10027,442.2,9.18,16.85,21.24,3,1,1,2,3,386,310,586,277,3536,5360,8666,6253,665,570,,950,,228,,t3_shieldbreaker|t3_finalstring
standard,7,b2,blue,jungle,刺客,jingxiang,standard,0,2,5,2,8594,11562,10684,471.2,8.76,15.69,20.76,3,1,1,2,3,671,1313,1039,404,3871,6943,9169,6253,639,570,570,,908,228,,t3_finalstring
standard,7,b3,blue,mid,法師,haixiao,standard,0,5,6,1,15019,13925,11712,516.5,11.62,17.17,20.28,3,0,1,2,3,1270,338,1202,211,3530,5848,9382,6253,715,1710,,475,,228,,t3_psyward
standard,7,b4,blue,adc,射手,xuanfeng,standard,0,3,5,0,18116,11575,10338,455.9,9.68,18.45,21.91,3,1,1,2,3,249,575,1031,257,3599,5955,8881,6253,785,1140,,475,,228,,t3_shieldbreaker|t3_rendspear
standard,7,b5,blue,sup,坦克,longji,standard,0,0,3,0,5135,20574,10083,444.7,7.28,13.7,18.29,3,1,2,3,3,322,301,248,502,4522,7401,9228,6253,196,,,475,,228,2075,t3_calmveil|t3_thornmail
standard,7,r1,red,top,戰士,longyi,standard,1,8,0,1,14719,25809,15939,702.9,9.39,13.7,18.08,5,1,2,3,5,255,357,404,588,4885,7507,11854,6253,893,3420,285,665,34,304,,t3_shieldbreaker|t3_finalstring
standard,7,r2,red,jungle,刺客,jingxiang,standard,1,4,3,3,10628,11388,12972,572.1,8.73,15.59,18.77,3,1,1,3,3,249,1644,746,1841,4629,7274,11226,6253,329,1710,712,190,1727,304,,t3_finalstring
standard,7,r3,red,mid,法師,haixiao,standard,1,3,3,2,15257,12290,11759,518.6,10.26,18.82,21.91,3,0,1,2,3,1618,425,250,458,3878,6025,9460,6253,1064,570,570,665,34,304,,t3_psyward
standard,7,r4,red,adc,射手,xuanfeng,standard,1,4,4,1,18228,9737,10816,477,9.94,17.38,22.61,3,1,1,2,3,427,643,999,35,3777,6323,9249,6253,791,1710,,190,,304,,t3_shieldbreaker|t3_rendspear
standard,7,r5,red,sup,坦克,longji,standard,1,1,1,3,5607,18476,12683,559.3,7.33,11.85,16.63,4,1,2,3,4,690,591,1117,1082,5190,7831,11097,6253,265,570,142,1140,,304,2421,t3_calmveil|t3_thornmail
standard,8,b1,blue,top,戰士,chichuan,standard,0,3,0,0,8543,23100,10311,455.2,9.4,16.4,21.03,3,1,1,2,3,652,970,757,180,3802,6500,9407,6253,969,1710,,95,,380,,t3_shieldbreaker|t3_finalstring
standard,8,b2,blue,jungle,刺客,guihuo,standard,0,0,1,0,7206,10905,8947,395,8.77,16.75,,2,1,1,2,2,784,1187,61,567,3984,6167,7961,6253,256,,,95,975,380,,t3_finalstring
standard,8,b3,blue,mid,法師,leiming,standard,0,3,3,1,19739,12462,10976,484.6,10.64,18.73,,2,0,1,2,2,1561,499,351,1495,3821,5949,8951,6253,893,570,285,570,,380,,t3_psyward
standard,8,b4,blue,adc,射手,dawnstrike,standard,0,5,5,1,16688,10270,11492,507.4,9.78,18.69,21.79,3,1,1,2,3,291,102,17,1012,3641,5782,8917,6253,712,1140,285,95,51,380,,t3_shieldbreaker|t3_rendspear
standard,8,b5,blue,sup,坦克,thornwall,standard,0,0,1,0,5256,17250,10816,477.5,7.18,11.96,17.73,3,1,2,3,3,777,692,376,835,4677,7632,9456,6253,437,,,570,,380,1816,t3_calmveil|t3_thornmail
standard,8,r1,red,top,戰士,chichuan,standard,1,1,0,0,7649,21715,10912,481.8,9.01,18.64,20.83,3,1,1,2,3,627,257,146,62,3777,5487,7596,6253,905,,,285,,152,,t3_shieldbreaker|t3_finalstring
standard,8,r2,red,jungle,刺客,guihuo,standard,1,2,2,1,7670,13517,10890,480.8,8.73,15.63,20.88,3,1,1,2,3,1007,994,1292,590,4207,6324,9672,6253,357,1140,,285,1484,152,,t3_finalstring
standard,8,r3,red,mid,法師,leiming,standard,1,1,2,0,12573,11571,9430,416.3,10.7,19.29,,2,0,1,2,2,1460,504,464,530,3720,5354,8014,6253,848,,,760,,152,,t3_psyward
standard,8,r4,red,adc,射手,dawnstrike,standard,1,5,5,1,18335,9143,11473,506.5,9.88,18.37,21.79,3,1,1,2,3,208,207,347,992,3558,5287,8897,6253,782,1140,285,285,,152,,t3_shieldbreaker|t3_rendspear
standard,8,r5,red,sup,坦克,thornwall,standard,1,1,2,2,6845,19950,12622,557.3,6.63,13,17.26,4,1,2,3,4,647,515,1130,421,4547,6875,11110,6253,297,570,,1235,,152,2602,t3_calmveil|t3_thornmail
standard,9,b1,blue,top,戰士,xueyue,standard,1,4,2,0,18428,26291,12303,520.6,7.93,16.77,19.45,3,1,1,3,3,975,963,307,1322,4125,6443,9907,6253,1140,1710,,285,,519,,t3_shieldbreaker|t3_finalstring
standard,9,b2,blue,jungle,刺客,jiansheng,standard,1,1,3,2,2798,10725,10519,445.1,9.03,16.46,22.56,3,1,1,2,3,763,1520,109,568,3963,6450,8439,6253,256,,427,285,950,266,,t3_finalstring
standard,9,b3,blue,mid,法師,haixiao,standard,1,2,5,2,13728,12833,10862,459.6,10.6,18.77,,2,0,1,2,2,1314,220,503,1381,3574,6120,8353,6253,836,,427,760,,76,,t3_psyward
standard,9,b4,blue,adc,射手,yanfeng,standard,1,10,5,0,23797,11626,15694,664.1,8.25,15.66,19.18,4,1,1,3,4,804,640,1584,1844,4154,6320,12064,6253,636,3420,,1235,,519,,t3_shieldbreaker|t3_rendspear
standard,9,b5,blue,sup,輔助,shengming,standard,1,0,1,2,6631,17255,11216,474.6,6.81,12.82,18.02,4,1,2,3,4,527,422,302,336,4527,7162,9182,6253,247,,,285,77,519,1800,t3_calmveil
standard,9,r1,red,top,戰士,xueyue,standard,0,4,2,1,14194,29774,11555,488.9,9.69,16.77,20.1,3,1,1,2,3,652,319,1117,155,3802,5499,9717,6253,823,1710,285,475,,171,,t3_shieldbreaker|t3_finalstring
standard,9,r2,red,jungle,刺客,jiansheng,standard,0,1,3,1,9153,11603,10585,447.9,8.69,16.64,22.84,3,1,1,2,3,978,534,700,454,4178,6114,9030,6253,218,570,,237,1580,171,,t3_finalstring
standard,9,r3,red,mid,法師,haixiao,standard,0,4,4,3,17589,15138,11863,501.9,10.18,18.88,,2,0,1,2,2,1561,91,174,2382,3821,6291,8904,6253,1197,570,712,,,171,,t3_psyward
standard,9,r4,red,adc,射手,yanfeng,standard,0,7,7,1,17677,10586,13275,561.7,7.72,17.97,20.76,3,1,1,2,3,239,554,2158,1474,4239,6234,9778,6253,741,1710,285,712,,76,,t3_shieldbreaker|t3_rendspear
standard,9,r5,red,sup,輔助,shengming,standard,0,0,1,5,7870,15274,12449,526.8,5.96,12.77,17.33,4,1,2,3,4,282,220,1715,1569,4582,6960,10295,6253,288,,427,475,,171,2680,t3_calmveil
standard,10,b1,blue,top,戰士,langwang,standard,0,0,6,0,8589,30126,9894,394.6,10.11,15.18,24.8,3,0,1,2,3,1505,961,451,243,3555,5911,8001,6253,760,,,760,,228,,t3_shieldbreaker|t3_finalstring
standard,10,b2,blue,jungle,刺客,youming,standard,0,0,3,1,6383,10706,10793,430.4,8.88,16.27,,2,1,1,2,2,585,1213,403,2412,3785,6363,8483,6253,285,,285,285,1146,228,,t3_finalstring
standard,10,b3,blue,mid,法師,leiming,standard,0,7,4,0,22155,17682,14188,565.8,11.36,15.56,20.76,4,0,1,2,4,1504,882,810,357,3764,6662,10110,6253,1159,1710,,760,,228,,t3_psyward
standard,10,b4,blue,adc,射手,siwang,standard,0,9,9,0,23845,13071,14332,571.6,8.78,17.43,20.67,4,1,1,2,4,431,780,904,481,3781,6460,9804,6253,741,2280,,285,17,228,,t3_shieldbreaker|t3_rendspear
standard,10,b5,blue,sup,坦克,tiemu,standard,0,1,2,0,7991,21767,12495,498.3,7.66,12.5,18.38,4,1,2,3,4,363,145,179,295,4563,7385,10159,6253,247,,,760,,228,2671,t3_calmveil|t3_thornmail
standard,10,r1,red,top,戰士,langwang,standard,1,1,1,2,8762,27153,12226,487.6,9.56,18.57,21.97,3,1,1,2,3,647,989,155,1676,3797,6039,8205,6253,874,,285,475,14,304,,t3_shieldbreaker|t3_finalstring
standard,10,r2,red,jungle,刺客,youming,standard,1,5,1,0,12424,13703,13768,549.1,7.74,10.78,18.77,4,1,2,3,4,411,535,1001,968,6041,8615,10701,6253,503,2280,,,1360,304,,t3_finalstring
standard,10,r3,red,mid,法師,leiming,standard,1,5,7,1,16877,14182,13137,523.9,10.85,18.39,21.75,3,0,1,2,3,1599,315,1496,936,3859,5645,9046,6253,1159,570,285,475,,304,,t3_psyward
standard,10,r4,red,adc,射手,siwang,standard,1,12,6,1,34585,12701,16975,677,8.82,17.35,20.76,5,1,1,2,5,785,165,1020,1374,4135,5845,9920,6253,1130,1710,285,237,,304,,t3_shieldbreaker|t3_rendspear
standard,10,r5,red,sup,坦克,tiemu,standard,1,1,2,1,8142,23795,13495,538.2,7.29,12.67,17.38,4,1,2,3,4,487,382,216,1894,4687,7622,10196,6253,361,570,,237,,304,2470,t3_calmveil|t3_thornmail
standard,11,b1,blue,top,戰士,rongyan,standard,1,2,3,0,12411,25421,10166,449.2,8.77,16.21,22.58,3,1,1,2,3,47,736,247,215,3897,6266,8527,6253,1026,570,,475,,202,,t3_shieldbreaker|t3_finalstring
standard,11,b2,blue,jungle,刺客,yueying,standard,1,0,2,0,5314,10245,9264,409.3,8.41,17.13,,2,1,1,2,2,833,291,205,1133,4033,5921,7855,6253,440,,,,958,202,,t3_finalstring
standard,11,b3,blue,mid,法師,haixiao,standard,1,4,2,1,12248,13116,11847,523.4,8.18,15.88,22.22,3,1,1,2,3,354,615,862,447,4904,6845,9942,6253,1301,1710,,475,,202,,t3_psyward
standard,11,b4,blue,adc,射手,maestro,standard,1,3,6,1,14519,9638,10327,456.3,10.76,18.91,22.03,3,0,1,2,3,1474,192,254,627,3634,5392,8204,6253,734,1140,,,,76,,t3_shieldbreaker|t3_rendspear
standard,11,b5,blue,sup,坦克,suishan,standard,1,0,1,1,6456,21519,11673,515.7,7.14,13,17.33,4,1,2,3,4,666,145,682,772,4566,6925,10262,6253,449,,,1425,68,76,1989,t3_calmveil|t3_thornmail
standard,11,r1,red,top,戰士,rongyan,standard,0,1,1,1,15689,23730,9925,438.5,9.29,16.59,22.03,3,1,1,2,3,557,1122,658,275,3707,6652,9008,6253,627,570,285,855,,418,,t3_shieldbreaker|t3_finalstring
standard,11,r2,red,jungle,刺客,yueying,standard,0,4,1,0,8489,10268,12349,545.6,8.68,13.28,20.71,3,1,2,2,3,307,957,1860,1219,4207,7657,10240,6253,370,1140,,380,1678,418,,t3_finalstring
standard,11,r3,red,mid,法師,haixiao,standard,0,4,4,1,17046,13992,11274,498.1,10.48,17.74,22.24,3,0,1,2,3,1466,338,549,144,3726,6538,9179,6253,893,1140,95,380,,418,,t3_psyward
standard,11,r4,red,adc,射手,maestro,standard,0,5,2,3,18062,9553,12402,547.9,8.45,14.97,19.98,3,1,2,3,3,610,76,20,601,3960,7076,10800,6253,1136,2280,522,380,,228,,t3_shieldbreaker|t3_rendspear
standard,11,r5,red,sup,坦克,suishan,standard,0,0,1,2,4787,17291,11538,509.8,6.55,13.64,17.28,3,1,2,3,3,704,366,690,1558,4604,7606,10070,6253,202,,237,380,,418,2578,t3_calmveil|t3_thornmail
standard,12,b1,blue,top,戰士,embercoil,standard,1,0,1,1,12955,23946,9496,410.5,8.72,18.33,,2,1,1,2,2,709,336,210,895,3859,5816,8210,6253,798,,285,475,,399,,t3_shieldbreaker|t3_finalstring
standard,12,b2,blue,jungle,刺客,yeiren,standard,1,4,2,0,4143,10635,12284,531,9.32,15.71,18.18,3,1,1,3,3,1335,1341,1265,1204,4535,6921,10915,6253,342,2280,,475,975,589,,t3_finalstring
standard,12,b3,blue,mid,法師,leiming,standard,1,9,4,2,16032,13986,15196,656.9,11.11,17.72,19.24,4,0,1,3,4,1628,228,995,1365,3888,6728,12295,6253,1130,3420,427,475,,589,,t3_psyward
standard,12,b4,blue,adc,射手,liuxing,standard,1,9,3,0,31991,10762,15148,654.8,9.41,17.1,19.66,4,1,1,3,4,386,811,386,2248,3736,6491,10386,6253,978,1710,,950,,494,,t3_shieldbreaker|t3_rendspear
standard,12,b5,blue,sup,輔助,mingyunyindao,standard,1,1,1,2,7235,13952,12888,557.1,6.48,11.41,15.56,4,1,2,4,4,1202,1234,190,1437,5152,7974,11640,6253,209,570,427,950,,589,2641,t3_calmveil
standard,12,r1,red,top,戰士,embercoil,standard,0,4,2,0,15518,29295,11326,489.6,8.55,15.43,20.46,3,1,1,2,3,183,1467,532,345,3983,6947,9132,6253,1263,1140,,475,,0,,t3_shieldbreaker|t3_finalstring
standard,12,r2,red,jungle,刺客,yeiren,standard,0,0,4,0,4635,11229,8988,388.5,8.78,16.92,,2,1,1,2,2,955,622,523,908,4155,6202,7953,6253,152,,,,1548,0,,t3_finalstring
standard,12,r3,red,mid,法師,leiming,standard,0,1,5,0,14659,13837,10047,434.3,11.17,17.51,,2,0,1,2,2,1447,258,89,966,3707,6158,8419,6253,1216,,,950,,0,,t3_psyward
standard,12,r4,red,adc,射手,liuxing,standard,0,6,10,0,13134,10612,11367,491.4,8.53,18.53,22.61,3,1,1,2,3,78,389,719,1047,4078,5769,8619,6253,655,1710,,,,0,,t3_shieldbreaker|t3_rendspear
standard,12,r5,red,sup,輔助,mingyunyindao,standard,0,0,2,1,4341,17949,10633,459.6,7.13,13.15,18.87,3,1,2,3,3,468,198,1460,1203,4468,6938,9560,6253,247,,285,950,,0,1825,t3_calmveil
standard,13,b1,blue,top,坦克,ironclad,standard,0,1,1,0,10086,26168,9259,399.7,9.32,17.78,21.03,3,1,1,2,3,700,234,466,329,3650,5284,8096,6253,798,570,,475,,0,,t3_calmveil|t3_thornmail
standard,13,b2,blue,jungle,刺客,sting,standard,0,2,3,0,3242,10786,10465,451.7,9.52,17.81,21.4,3,1,1,2,3,366,583,466,1015,3566,6163,8546,6253,484,1140,,,668,0,,t3_finalstring
standard,13,b3,blue,mid,法師,mingyun2,standard,0,2,7,1,12361,15440,9677,417.7,9.03,19.77,,2,1,1,2,2,579,277,208,597,4429,6177,8058,6253,950,570,285,,,0,,t3_psyward
standard,13,b4,blue,adc,射手,shensheng,standard,0,3,5,1,12008,12248,10551,455.5,9.53,19.82,,2,1,1,2,2,224,375,189,1971,3574,5455,7089,6253,693,,142,,,0,,t3_shieldbreaker|t3_rendspear
standard,13,b5,blue,sup,輔助,mingyun,standard,0,0,1,3,5863,18043,10266,443.1,7.08,12,18.48,3,1,2,3,3,301,554,547,1016,4601,6994,8647,6253,418,,142,,,0,1833,t3_calmveil
standard,13,r1,red,top,坦克,ironclad,standard,1,1,0,0,11571,17938,10589,457.1,8.64,16.52,22.25,3,1,1,2,3,814,554,771,659,3764,5854,8001,6253,931,,,285,,532,,t3_calmveil|t3_thornmail
standard,13,r2,red,jungle,刺客,sting,standard,1,0,2,1,7827,9965,10934,472,8.99,15.68,21.81,3,1,1,2,3,472,1154,665,983,4322,6734,8995,6253,332,,,285,1592,532,,t3_finalstring
standard,13,r3,red,mid,法師,mingyun2,standard,1,6,3,0,17170,12851,14104,608.8,10.61,16.32,20.27,3,0,1,2,3,1552,722,1766,1904,3812,7222,10946,6253,1216,1710,,1235,,532,,t3_psyward
standard,13,r4,red,adc,射手,shensheng,standard,1,7,2,0,27411,9699,13287,573.6,10.11,18.66,20.67,4,0,1,2,4,1395,360,659,387,3555,5740,9559,6253,779,1710,,285,,532,,t3_shieldbreaker|t3_rendspear
standard,13,r5,red,sup,輔助,mingyun,standard,1,3,1,1,4931,13438,13520,583.6,6.45,11.27,15.24,5,1,2,4,5,1183,1785,603,320,5133,8525,12053,6253,237,1710,285,760,,532,2275,t3_calmveil
standard,14,b1,blue,top,坦克,tieshixin,standard,1,1,0,0,7964,22789,9555,411.9,9.17,15.94,,2,1,1,2,2,662,340,559,2265,3612,5740,7849,6253,589,,,475,,532,,t3_calmveil|t3_thornmail
standard,14,b2,blue,jungle,刺客,binghe,standard,1,1,3,0,3283,8371,10379,447.4,9.17,16.68,23.18,3,1,1,2,3,670,2197,468,198,3870,6397,8548,6253,209,,,475,1078,532,,t3_finalstring
standard,14,b3,blue,mid,法師,bingshuang,standard,1,3,2,1,15010,14156,11541,497.4,9.88,16.73,21.65,3,1,1,2,3,313,367,431,240,4163,6567,9911,6253,1225,1140,285,475,,532,,t3_psyward
standard,14,b4,blue,adc,射手,mori,standard,1,2,2,0,19581,10569,10847,467.5,9.18,17.82,22.88,3,1,1,2,3,462,425,572,327,3812,6225,8372,6253,1111,,,475,,532,,t3_shieldbreaker|t3_rendspear
standard,14,b5,blue,sup,坦克,tixue,standard,1,4,1,0,9705,21362,14480,624.1,6.17,10.2,13.28,5,1,3,4,5,1214,575,632,879,6264,9655,12232,6253,171,2280,,950,,532,2046,t3_calmveil|t3_thornmail
standard,14,r1,red,top,坦克,tieshixin,standard,0,1,1,1,9996,23524,11225,483.8,8.08,15,21.8,3,1,2,2,3,795,6,430,1634,3745,5956,8160,6253,836,570,,475,26,0,,t3_calmveil|t3_thornmail
standard,14,r2,red,jungle,刺客,binghe,standard,0,1,2,0,6079,9847,9661,416.4,8.78,16.58,,2,1,1,2,2,636,710,167,1231,3836,6040,8297,6253,228,570,,,1246,0,,t3_finalstring
standard,14,r3,red,mid,法師,bingshuang,standard,0,2,3,0,13048,15147,9764,420.9,10.35,18.16,,2,0,1,2,2,1561,206,465,884,3821,5636,8115,6253,1054,570,,237,,0,,t3_psyward
standard,14,r4,red,adc,射手,mori,standard,0,4,4,1,20560,11012,11959,515.5,9.1,17.84,21.94,3,1,1,2,3,338,288,202,158,3688,5968,8182,6253,931,,285,712,,0,,t3_shieldbreaker|t3_rendspear
standard,14,r5,red,sup,坦克,tixue,standard,0,0,1,1,4432,21038,10372,447.1,7.08,13.31,18.01,3,1,2,3,3,268,334,472,792,4468,6834,9152,6253,218,,,,,0,2680,t3_calmveil|t3_thornmail
standard,15,b1,blue,top,坦克,bingshouweis,standard,1,2,0,0,12982,32914,11015,421.9,8.92,17.35,22.16,4,1,1,2,4,700,398,48,165,3650,5398,7678,6253,874,,,475,,76,,t3_calmveil|t3_thornmail
standard,15,b2,blue,jungle,刺客,shanying,standard,1,0,6,0,5668,12179,10057,385.2,8.47,18.34,,2,1,1,2,2,547,791,240,1977,3747,5721,7670,6253,285,,,,1055,76,,t3_finalstring
standard,15,b3,blue,mid,法師,mingyun2,standard,1,0,7,0,12407,15906,9831,376.6,11.03,19.33,,2,0,1,2,2,1422,195,322,531,3682,5525,7672,6253,867,,,475,,76,,t3_psyward
standard,15,b4,blue,adc,射手,leiting,standard,1,7,6,1,22968,14983,13812,529,10.12,18.82,22.02,4,0,1,2,4,1408,568,1048,912,3568,5468,7948,6253,760,570,,237,51,76,,t3_shieldbreaker|t3_rendspear
standard,15,b5,blue,sup,輔助,linghun,standard,1,0,4,2,9259,19904,12715,487,6.86,12.34,17.15,4,1,2,3,4,194,362,500,1265,4494,6842,8960,6253,177,,285,237,51,76,1879,t3_calmveil
standard,15,r1,red,top,坦克,bingshouweis,standard,0,4,1,0,18435,28174,13175,504.6,8.01,16.33,19.32,4,1,1,3,4,871,469,482,1025,3821,5769,9512,6253,978,1140,,760,,380,,t3_calmveil|t3_thornmail
standard,15,r2,red,jungle,刺客,shanying,standard,0,1,2,0,11940,14035,11742,449.8,8.69,16.48,21.84,3,1,1,2,3,221,1130,639,662,4071,6410,8969,6253,152,570,,285,1329,380,,t3_finalstring
standard,15,r3,red,mid,法師,mingyun2,standard,0,4,1,0,22250,13958,13745,526.5,9.83,17.39,24.15,3,1,1,2,3,712,570,474,1965,4562,7070,9084,6253,1121,570,,760,,380,,t3_psyward
standard,15,r4,red,adc,射手,leiting,standard,0,14,5,0,32720,13061,18116,693.9,8.28,14.69,20.38,5,1,2,2,5,114,127,2610,2515,4714,7127,11510,6253,646,3420,,760,51,380,,t3_shieldbreaker|t3_rendspear
standard,15,r5,red,sup,輔助,linghun,standard,0,0,0,4,7114,10418,14271,546.6,6.85,13.19,18.35,5,1,2,3,5,1524,740,1437,1070,4924,7480,10387,6253,218,,570,285,,380,2680,t3_calmveil
standard,16,b1,blue,top,坦克,tiebi,standard,1,4,0,0,11620,20858,11273,515.3,8.08,13.88,18.02,3,1,2,3,3,69,54,318,1342,3919,6684,9648,6253,981,1710,,190,,513,,t3_calmveil|t3_thornmail
standard,16,b2,blue,jungle,刺客,dianguang,standard,1,3,2,1,6270,10985,11085,506.8,9.36,14.23,19.93,3,1,2,3,3,594,358,265,485,3794,7008,9915,6253,392,1710,285,190,856,228,,t3_finalstring
standard,16,b3,blue,mid,法師,bingshuang,standard,1,3,1,1,17987,12106,12530,572.8,8.85,15.43,19.6,3,1,1,3,3,440,1086,138,329,4290,7586,10968,6253,877,1710,,1615,,513,,t3_psyward
standard,16,b4,blue,adc,射手,liangzi,standard,1,8,2,0,18450,9380,13521,618.1,9.99,16.22,20.55,3,1,1,2,3,433,972,1856,2621,3783,6652,10756,6253,950,2850,,190,,513,,t3_shieldbreaker|t3_rendspear
standard,16,b5,blue,sup,輔助,huanjing,standard,1,0,1,0,5712,13778,10898,498.2,6.68,11.93,18.73,3,1,2,3,3,566,620,343,1467,4566,7360,9773,6253,142,,,190,51,513,2623,t3_calmveil
standard,16,r1,red,top,坦克,tiebi,standard,0,1,1,0,11321,23935,8956,409.4,8.48,14.66,19.58,3,1,2,3,3,252,246,150,206,3802,6096,8300,6253,1002,570,,475,,0,,t3_calmveil|t3_thornmail
standard,16,r2,red,jungle,刺客,dianguang,standard,0,2,5,0,5788,11244,9899,452.5,9.01,14.23,21.78,3,1,2,2,3,101,501,1117,149,4551,7151,9197,6253,389,1140,,,1414,0,,t3_finalstring
standard,16,r3,red,mid,法師,bingshuang,standard,0,1,5,0,7735,13367,8790,401.8,9.98,18.52,,2,1,1,2,2,332,338,285,390,4182,5968,8115,6253,817,570,,475,,0,,t3_psyward
standard,16,r4,red,adc,射手,liangzi,standard,0,2,5,1,16341,11582,9303,425.3,10.61,18.74,,2,0,1,2,2,1281,280,1215,1023,3441,5180,8115,6253,589,570,142,475,85,0,,t3_shieldbreaker|t3_rendspear
standard,16,r5,red,sup,輔助,huanjing,standard,0,0,2,2,5132,16160,10750,491.4,7.12,12.53,17.15,4,1,2,3,4,506,568,1128,350,4506,6848,10078,6253,242,,427,475,,0,2680,t3_calmveil
standard,17,b1,blue,top,坦克,shengdun,standard,1,1,1,0,7378,19459,11002,514.7,7.8,13.42,18.65,3,1,2,3,3,224,930,1912,971,3874,7180,10562,6253,1007,570,,2090,34,608,,t3_calmveil|t3_thornmail
standard,17,b2,blue,jungle,戰士,tielian,standard,1,3,0,1,8231,12161,11039,516.4,8.93,16.71,20.48,3,1,1,2,3,957,1358,1800,539,4057,6538,10030,6253,304,1140,285,190,1249,608,,t3_finalstring|t3_shieldbreaker
standard,17,b3,blue,mid,法師,mingyun2,standard,1,0,5,1,15222,12408,8444,395,11.37,19.47,,2,0,1,2,2,1561,328,299,413,3821,5778,7849,6253,988,,,190,,418,,t3_psyward
standard,17,b4,blue,adc,射手,shengyan,standard,1,3,0,0,15871,10026,10634,497.5,10.07,17.91,,2,0,1,2,2,1619,145,462,2054,3779,5945,9042,6253,912,570,,665,34,608,,t3_shieldbreaker|t3_rendspear
standard,17,b5,blue,sup,坦克,dadi,standard,1,0,2,1,4958,17623,11674,546.1,6.84,11.74,17.12,4,1,2,3,4,246,591,1099,373,4696,7831,11079,6253,285,,,1615,,418,2508,t3_calmveil|t3_thornmail
standard,17,r1,red,top,坦克,shengdun,standard,0,0,2,1,4645,18194,8170,382.2,8.97,17.18,,2,1,1,2,2,586,346,440,879,3536,5446,7730,6253,741,,142,593,,0,,t3_calmveil|t3_thornmail
standard,17,r2,red,jungle,戰士,tielian,standard,0,4,0,1,8641,14149,11061,517.5,8.63,14.88,18.83,3,1,2,3,3,747,151,721,260,3847,7231,10621,6253,490,2280,142,118,1336,0,,t3_finalstring|t3_shieldbreaker
standard,17,r3,red,mid,法師,mingyun2,standard,0,3,1,2,15458,11398,9866,461.5,11.85,16.94,,2,0,1,2,2,1295,159,446,465,3555,5759,9426,6253,893,1710,570,,,0,,t3_psyward
standard,17,r4,red,adc,射手,shengyan,standard,0,1,3,1,15893,10225,8866,414.8,10.91,18.3,,2,0,1,2,2,1424,477,177,586,3584,5857,7857,6253,725,,285,593,,0,,t3_shieldbreaker|t3_rendspear
standard,17,r5,red,sup,坦克,dadi,standard,0,0,1,3,5206,18833,10208,477.6,7.24,12.81,17.93,3,1,2,3,3,673,395,269,228,4573,7055,9769,6253,303,,570,118,,0,2522,t3_calmveil|t3_thornmail
standard,18,b1,blue,top,坦克,shiqiang,standard,1,0,3,0,9026,20435,8703,395.4,9.44,16.81,,2,1,1,2,2,700,435,881,1412,3650,5835,7871,6253,687,,,475,,456,,t3_calmveil|t3_thornmail
standard,18,b2,blue,jungle,戰士,greymantle,standard,1,0,2,0,6269,11842,9686,440.1,8.9,15.7,,2,1,1,2,2,97,1184,437,1405,3897,6414,8717,6253,549,,,475,983,456,,t3_finalstring|t3_shieldbreaker
standard,18,b3,blue,mid,法師,bingshuang,standard,1,1,0,0,17977,13248,10546,479.2,9.52,17.13,,2,1,1,2,2,269,142,1089,1145,4119,6342,9239,6253,1247,570,,712,,456,,t3_psyward
standard,18,b4,blue,adc,射手,mirrorshot,standard,1,6,2,0,19325,10744,12246,556.4,10.23,15.9,20.23,3,0,1,2,3,1471,624,1125,446,3631,6424,9705,6253,810,1710,,475,,456,,t3_shieldbreaker|t3_rendspear
standard,18,b5,blue,sup,坦克,ironclad,standard,1,0,2,1,7057,17189,12273,557.6,7.28,12.51,17.04,4,1,2,3,4,222,595,1304,672,4722,7835,10804,6253,391,,285,712,26,456,2680,t3_calmveil|t3_thornmail
standard,18,r1,red,top,坦克,shiqiang,standard,0,2,0,1,8853,20733,10289,467.5,8.53,14.92,18.58,3,1,2,3,3,283,164,98,259,4233,6114,9648,6253,848,1140,142,1187,,76,,t3_calmveil|t3_thornmail
standard,18,r2,red,jungle,戰士,greymantle,standard,0,2,0,2,10242,15018,10746,488.3,8.99,15.64,19.87,3,1,1,3,3,821,1561,205,545,3921,6791,9805,6253,433,1140,285,237,1379,76,,t3_finalstring|t3_shieldbreaker
standard,18,r3,red,mid,法師,bingshuang,standard,0,1,3,0,18837,12269,8798,399.8,10.13,20.23,,2,0,1,1,2,1555,210,1010,297,3815,5810,7510,6253,1181,,,,,76,,t3_psyward
standard,18,r4,red,adc,射手,mirrorshot,standard,0,1,3,1,9203,10575,8732,396.8,9.67,19.23,,2,1,1,2,2,186,454,582,152,3536,5354,7482,6253,817,,285,,51,76,,t3_shieldbreaker|t3_rendspear
standard,18,r5,red,sup,坦克,ironclad,standard,0,3,1,3,7733,20738,13550,615.7,7.28,11.31,15.01,4,1,2,4,4,953,1481,321,1350,5453,8721,11921,6253,367,1710,712,475,51,76,2275,t3_calmveil|t3_thornmail
standard,19,b1,blue,top,坦克,tiemu,standard,0,1,3,0,9009,25319,9449,404.9,8.77,14.58,20.88,3,1,2,2,3,62,284,1116,298,3612,6434,8346,6253,722,570,,522,,278,,t3_calmveil|t3_thornmail
standard,19,b2,blue,jungle,戰士,chichuan,standard,0,4,1,0,12315,18830,11721,502.3,9.08,16.76,19.37,3,1,1,3,3,588,404,66,371,3688,5834,9916,6253,228,1710,,285,907,531,,t3_shieldbreaker|t3_finalstring
standard,19,b3,blue,mid,法師,lieyan,standard,0,1,6,1,12570,13030,9984,427.9,11.64,19.73,,2,0,1,2,2,1485,387,176,583,3745,5987,8026,6253,845,,,522,,405,,t3_psyward
standard,19,b4,blue,adc,射手,hanbing,standard,0,8,6,1,19102,12050,14259,611.1,9.83,15.87,18.27,4,1,1,3,4,414,592,284,408,3764,6272,11484,6253,931,2850,285,760,,405,,t3_shieldbreaker|t3_rendspear
standard,19,b5,blue,sup,輔助,xuemai,standard,0,0,3,0,5047,15755,10813,463.4,6.86,12.92,18.28,4,1,2,3,4,1049,368,519,13,4449,6848,9749,6253,123,,,1235,,278,1858,t3_calmveil
standard,19,r1,red,top,坦克,tiemu,standard,1,1,0,2,10686,20876,11080,474.9,7.38,14.95,18.82,3,1,2,3,3,243,157,121,1750,4093,6007,8971,6253,899,570,570,475,51,152,,t3_calmveil|t3_thornmail
standard,19,r2,red,jungle,戰士,chichuan,standard,1,4,3,0,15039,17388,11686,500.8,9.05,15.37,20.54,3,1,1,2,3,994,1262,1190,336,4094,6692,9740,6253,351,1710,,,1273,152,,t3_shieldbreaker|t3_finalstring
standard,19,r3,red,mid,法師,lieyan,standard,1,10,5,1,18009,14624,16046,687.7,9.07,16.29,19.38,4,1,1,3,4,497,1035,540,1645,4347,6935,11390,6253,1086,2850,285,712,51,152,,t3_psyward
standard,19,r4,red,adc,射手,hanbing,standard,1,4,4,1,16667,9372,11555,495.2,10.7,18.74,21.43,3,0,1,2,3,1566,407,891,354,3726,5607,9141,6253,836,1140,285,475,,152,,t3_shieldbreaker|t3_rendspear
standard,19,r5,red,sup,輔助,xuemai,standard,1,0,2,2,8313,17119,11214,480.6,5.82,12.18,17.5,3,1,2,3,3,1249,317,558,1983,4649,7347,9218,6253,322,,285,237,,152,1967,t3_calmveil
standard,20,b1,blue,top,坦克,longji,standard,0,0,1,0,9981,23606,9368,401.8,9.1,17.32,22.91,3,1,1,2,3,710,84,524,237,3660,5484,7814,6253,839,,,475,,247,,t3_calmveil|t3_thornmail
standard,20,b2,blue,jungle,戰士,dadi2,standard,0,0,1,0,9494,17028,8967,384.6,9.61,17.16,,2,1,1,2,2,186,622,406,686,3986,5852,7786,6253,345,,,,940,247,,t3_finalstring|t3_shieldbreaker
standard,20,b3,blue,mid,法師,shikong,standard,0,4,3,1,19353,15351,12018,515.4,10.98,18.2,22.52,3,0,1,2,3,1561,306,895,418,3821,6386,9895,6253,924,1710,285,475,,247,,t3_psyward
standard,20,b4,blue,adc,射手,tianfa,standard,0,2,5,2,14618,12860,9795,420.1,9.49,19.28,,2,1,1,2,2,199,344,339,1215,3549,5544,7539,6253,563,,570,,,152,,t3_shieldbreaker|t3_rendspear
standard,20,b5,blue,sup,坦克,tiemu,standard,0,1,2,0,5226,23540,11249,482.4,6.68,12.97,16.87,3,1,2,3,3,171,376,209,1268,4671,7616,10189,6253,291,570,,475,,247,2352,t3_calmveil|t3_thornmail
standard,20,r1,red,top,坦克,longji,standard,1,1,0,2,10061,20844,10634,456.1,7.95,14.74,20.54,3,1,2,2,3,947,313,1424,604,3897,6263,8714,6253,921,570,285,380,,304,,t3_calmveil|t3_thornmail
standard,20,r2,red,jungle,戰士,dadi2,standard,1,1,3,0,8980,15583,10606,454.9,9.4,16.53,22.33,3,1,1,2,3,867,988,507,706,3967,6218,8487,6253,209,,,380,1340,304,,t3_finalstring|t3_shieldbreaker
standard,20,r3,red,mid,法師,shikong,standard,1,5,1,1,18275,14600,12712,545.2,8.9,18.31,22.52,3,1,1,2,3,465,76,140,631,4315,6576,8470,6253,962,570,,380,,304,,t3_psyward
standard,20,r4,red,adc,射手,tianfa,standard,1,3,3,2,26055,10703,11459,491.5,8.29,17.74,23.08,3,1,1,2,3,842,629,119,309,4192,6429,8399,6253,891,570,,380,,304,,t3_shieldbreaker|t3_rendspear
standard,20,r5,red,sup,坦克,tiemu,standard,1,2,0,3,7317,17152,12827,550.1,6.95,11.99,17.04,4,1,2,3,4,1172,585,252,627,4772,7825,10232,6253,283,570,285,855,,304,1681,t3_calmveil|t3_thornmail
standard,21,b1,blue,top,坦克,tixue,standard,0,0,1,1,6418,22712,9835,424.2,8.32,16.92,19.61,3,1,1,3,3,681,491,230,204,3631,5341,8780,6253,722,,285,1425,,95,,t3_calmveil|t3_thornmail
standard,21,b2,blue,jungle,戰士,fengbao,standard,0,3,4,1,9470,19483,10935,471.7,9.08,15.62,19.98,3,1,1,3,3,186,1624,182,435,4286,6854,9782,6253,383,1710,285,,1055,95,,t3_finalstring|t3_shieldbreaker
standard,21,b3,blue,mid,法師,lieyan,standard,0,3,5,0,18922,15470,10830,467.1,9.17,17.97,,2,1,1,2,2,348,108,225,1749,4898,6608,8825,6253,715,1710,,,51,95,,t3_psyward
standard,21,b4,blue,adc,射手,dawnstrike,standard,0,2,4,1,13098,13090,9971,430.1,9.48,17.01,22.95,3,1,1,2,3,199,149,234,370,3549,5829,8384,6253,848,570,142,475,,95,,t3_shieldbreaker|t3_rendspear
standard,21,b5,blue,sup,坦克,stoneguard,standard,0,0,3,2,4731,23109,11106,479,7.13,12.98,17.83,4,1,2,3,4,916,593,175,205,4516,7233,9975,6253,294,,427,475,,0,2525,t3_calmveil|t3_thornmail
standard,21,r1,red,top,坦克,tixue,standard,1,4,0,0,11649,19044,13347,575.7,6.96,12.43,18.04,4,1,2,3,4,599,189,837,1096,4249,7479,10867,6253,1605,1710,,728,,570,,t3_calmveil|t3_thornmail
standard,21,r2,red,jungle,戰士,fengbao,standard,1,3,1,3,7632,12200,12667,546.4,10,14.68,19.1,4,1,2,3,4,251,358,534,266,4051,6958,10434,6253,285,1140,570,95,1520,570,,t3_finalstring|t3_shieldbreaker
standard,21,r3,red,mid,法師,lieyan,standard,1,3,6,2,20196,14584,12260,528.8,9.13,16.94,20.71,3,1,1,2,3,535,348,970,180,4385,6848,10370,6253,823,1140,570,1203,,380,,t3_psyward
standard,21,r4,red,adc,射手,dawnstrike,standard,1,6,0,0,30727,9887,12455,537.2,9.63,19.13,21.72,3,1,1,2,3,451,163,903,2555,3801,5663,8703,6253,644,1140,,95,,570,,t3_shieldbreaker|t3_rendspear
standard,21,r5,red,sup,坦克,stoneguard,standard,1,1,1,4,7595,20912,13196,569.2,7.44,12.61,17.52,4,1,2,3,4,852,449,1849,995,4752,7689,11229,6253,289,570,570,1203,,570,1772,t3_calmveil|t3_thornmail
standard,22,b1,blue,top,坦克,suishan,standard,0,1,3,0,15875,34493,11223,413.9,9.44,16.66,21.33,3,1,1,2,3,681,136,790,1293,3631,5436,8020,6253,817,,,950,,0,,t3_calmveil|t3_thornmail
standard,22,b2,blue,jungle,戰士,anliuyouXia,standard,0,3,2,0,10667,23220,12615,465.2,8.39,15.57,22.35,3,1,1,2,3,645,646,271,1265,3745,6076,8821,6253,437,1140,,237,753,0,,t3_shieldbreaker|t3_finalstring
standard,22,b3,blue,mid,法師,shikong,standard,0,2,8,2,14554,18619,12667,467.1,10.18,18.84,24.84,3,0,1,2,3,1599,121,427,2117,3859,5721,8457,6253,1159,,570,475,,0,,t3_psyward
standard,22,b4,blue,adc,射手,yanfeng,standard,0,15,8,2,47643,16517,19287,711.3,7.86,16.01,19.69,5,1,1,3,5,173,681,308,3686,4173,6361,10788,6253,874,2850,285,475,51,0,,t3_shieldbreaker|t3_rendspear
standard,22,b5,blue,sup,輔助,shengming,standard,0,0,2,0,7338,17926,12760,470.6,6.63,13.18,20.41,4,1,2,2,4,159,293,1596,1380,4459,6773,8626,6253,171,,,237,,0,1964,t3_calmveil
standard,22,r1,red,top,坦克,suishan,standard,1,3,2,0,16979,30836,14073,519,9.04,14.81,22.34,5,1,2,2,5,624,189,885,523,3574,6519,8115,6253,798,570,,190,,304,,t3_calmveil|t3_thornmail
standard,22,r2,red,jungle,戰士,anliuyouXia,standard,1,1,1,2,14841,20395,12263,452.2,8.6,17.36,21.98,3,1,1,2,3,668,935,418,913,3768,6365,8668,6253,76,,285,190,1559,304,,t3_shieldbreaker|t3_finalstring
standard,22,r3,red,mid,法師,shikong,standard,1,6,8,1,25353,17868,15137,558.2,10.63,16.98,22.22,4,0,1,2,4,1561,665,127,737,3821,7165,9407,6253,1045,1140,,665,,304,,t3_psyward
standard,22,r4,red,adc,射手,yanfeng,standard,1,13,8,0,36301,15642,17655,651.1,7.88,16.81,21.49,5,1,1,2,5,937,811,992,2054,4287,6491,9892,6253,864,2280,,190,,304,,t3_shieldbreaker|t3_rendspear
standard,22,r5,red,sup,輔助,shengming,standard,1,0,2,2,8865,19500,12425,458.2,5.93,11.73,17.26,4,1,2,3,4,273,340,505,1045,4573,7370,8985,6253,218,,,190,26,304,1992,t3_calmveil
standard,23,b1,blue,top,坦克,thornwall,standard,1,2,0,0,11803,23083,11402,482.6,7.93,12.6,20.25,3,1,2,2,3,757,297,1778,2072,3707,6747,9008,6253,760,570,,1045,,380,,t3_calmveil|t3_thornmail
standard,23,b2,blue,jungle,戰士,embercoil,standard,1,10,0,1,17096,17131,15967,675.9,6.48,13.64,17.23,5,1,2,3,5,554,827,1592,716,4784,8177,12942,6253,456,4560,,95,1198,380,,t3_shieldbreaker|t3_finalstring
standard,23,b3,blue,mid,法師,lieyan,standard,1,1,3,3,10287,12302,10686,452.3,11.53,18.57,,2,0,1,2,2,1238,64,256,1286,3498,5664,8286,6253,703,,855,95,,380,,t3_psyward
standard,23,b4,blue,adc,射手,siwang,standard,1,8,4,3,27540,11920,15474,655,8.89,15.82,18.98,4,1,1,3,4,433,773,1250,1624,3783,6453,11250,6253,1007,1710,855,1045,,380,,t3_shieldbreaker|t3_rendspear
standard,23,b5,blue,sup,輔助,mingyun,standard,1,1,2,2,5742,18083,12095,511.9,5.99,11.28,15.14,4,1,2,3,4,571,780,1003,1134,5171,7810,10233,6253,228,570,,1045,,380,1756,t3_calmveil
standard,23,r1,red,top,坦克,thornwall,standard,0,1,3,1,10600,23216,11453,484.8,9.11,15.78,21.01,3,1,1,2,3,1337,735,1354,1922,4287,6035,8984,6253,940,570,,950,17,253,,t3_calmveil|t3_thornmail
standard,23,r2,red,jungle,戰士,embercoil,standard,0,3,3,0,10415,18203,11400,482.5,9.21,15.81,20.68,3,1,1,2,3,853,1129,1093,949,3953,6559,9273,6253,399,1140,,,1227,253,,t3_shieldbreaker|t3_finalstring
standard,23,r3,red,mid,法師,lieyan,standard,0,1,5,1,20279,16440,10223,432.7,10.84,19.96,,2,0,1,2,2,1542,40,57,942,3802,5550,8457,6253,969,,285,950,,0,,t3_psyward
standard,23,r4,red,adc,射手,siwang,standard,0,4,7,0,17897,10924,10723,453.9,10.34,19.48,,2,0,1,2,2,1452,422,285,1823,3612,5322,7285,6253,779,,,,,253,,t3_shieldbreaker|t3_rendspear
standard,23,r5,red,sup,輔助,mingyun,standard,0,0,4,0,4154,15999,10722,453.8,7.36,12.3,17.38,4,1,2,3,4,1097,85,1404,321,4497,6815,9564,6253,256,,,950,,0,2104,t3_calmveil
standard,24,b1,blue,top,坦克,ironclad,standard,0,3,3,0,9977,31197,11128,455.9,6.23,13.25,19.98,3,1,2,3,3,211,83,138,1198,4961,6833,9588,6253,1073,1710,,475,,76,,t3_calmveil|t3_thornmail
standard,24,b2,blue,jungle,戰士,hunpo,standard,0,2,5,0,7998,10749,10593,434,10.6,19.79,,2,0,1,2,2,1655,341,259,1743,3865,6191,8239,6253,278,570,,,1061,76,,t3_psyward
standard,24,b3,blue,mid,法師,shikong,standard,0,2,4,1,14476,14086,11518,471.9,10.99,18.01,23.68,3,0,1,2,3,1517,571,402,687,3777,6171,8432,6253,1057,570,,475,,76,,t3_psyward
standard,24,b4,blue,adc,射手,maestro,standard,0,11,7,1,35788,14076,16151,661.7,9.21,17.73,20.06,4,1,1,2,4,338,588,2362,2300,3688,5968,10462,6253,855,2280,285,712,,76,,t3_shieldbreaker|t3_rendspear
standard,24,b5,blue,sup,坦克,tixue,standard,0,2,1,2,8600,25082,12171,498.6,6.88,13.05,16.07,4,1,2,3,4,127,356,497,690,5127,7536,10377,6253,269,1140,570,237,,76,1830,t3_calmveil|t3_thornmail
standard,24,r1,red,top,坦克,ironclad,standard,1,1,2,0,8596,28469,11562,473.7,8.85,15.96,21.42,4,1,1,2,4,831,548,1024,311,3781,5548,8254,6253,798,570,,285,119,228,,t3_calmveil|t3_thornmail
standard,24,r2,red,jungle,戰士,hunpo,standard,1,3,6,0,10781,12589,12459,510.4,9.53,16.32,22.12,3,1,1,2,3,549,327,330,1258,4349,6777,9180,6253,190,570,,285,1654,228,,t3_psyward
standard,24,r3,red,mid,法師,shikong,standard,1,5,4,1,19977,14803,13696,561.1,10.21,16.61,21.76,3,0,1,2,3,1561,237,459,1496,3821,5987,9939,6253,1273,1140,285,760,,228,,t3_psyward
standard,24,r4,red,adc,射手,maestro,standard,1,9,7,1,25271,12996,14425,591,8.59,15.88,20.65,4,1,1,2,4,823,1297,970,1524,4173,6377,9550,6253,503,2280,,285,,228,,t3_shieldbreaker|t3_rendspear
standard,24,r5,red,sup,坦克,tixue,standard,1,2,1,3,11044,24279,12462,510.6,6.88,11,15.45,4,1,2,3,4,462,1136,620,962,5162,8316,10500,6253,161,1140,285,285,,228,2147,t3_calmveil|t3_thornmail
standard,25,b1,blue,top,坦克,tieshixin,standard,0,1,3,0,10480,22370,9411,421.4,9.08,15.09,19.66,3,1,1,3,3,681,725,197,361,3631,6025,8647,6253,798,570,,950,,76,,t3_calmveil|t3_thornmail
standard,25,b2,blue,jungle,戰士,ravager,standard,0,0,4,0,3706,15316,8567,383.6,9.32,18.87,,2,1,1,2,2,634,253,597,387,3734,5683,7647,6253,171,,,,1146,76,,t3_shieldbreaker|t3_finalstring
standard,25,b3,blue,mid,法師,xingjie,standard,0,1,4,0,11619,15753,9630,431.2,10.7,18.81,,2,0,1,2,2,1533,131,266,349,3793,5731,7916,6253,1016,570,,,,76,,t3_psyward
standard,25,b4,blue,adc,射手,liuxing,standard,0,0,4,0,15215,12785,8471,379.3,9.49,18.93,,2,1,1,2,2,424,360,487,620,3774,5560,7707,6253,902,,,475,,76,,t3_shieldbreaker|t3_rendspear
standard,25,b5,blue,sup,輔助,mingyunyindao,standard,0,0,3,0,7058,16126,9958,445.9,6.08,12.33,16.67,3,1,2,3,3,1182,321,116,917,4582,7351,9156,6253,418,,,475,,76,1933,t3_calmveil
standard,25,r1,red,top,坦克,tieshixin,standard,1,5,0,1,14446,20473,13082,585.7,8.71,12.94,17.63,4,1,2,3,4,195,477,1352,1531,3745,6627,11282,6253,962,2280,,1330,,456,,t3_calmveil|t3_thornmail
standard,25,r2,red,jungle,戰士,ravager,standard,1,6,0,1,14236,13256,13657,611.5,8.97,14.88,18.33,4,1,2,3,4,957,312,748,257,4057,7062,11198,6253,403,2280,,380,1425,456,,t3_shieldbreaker|t3_finalstring
standard,25,r3,red,mid,法師,xingjie,standard,1,2,1,2,14399,14111,10998,492.4,9.99,17.36,22.12,3,1,1,2,3,95,120,152,447,3945,6320,9132,6253,1187,570,285,380,,456,,t3_psyward
standard,25,r4,red,adc,射手,liuxing,standard,1,5,1,2,17022,8859,12220,547.2,8.59,17.72,20.12,3,1,1,2,3,509,323,1701,840,3859,6003,10601,6253,946,2280,285,380,,456,,t3_shieldbreaker|t3_rendspear
standard,25,r5,red,sup,輔助,mingyunyindao,standard,1,0,0,5,7288,13823,11877,531.8,5.93,11.5,15.73,3,1,2,3,3,920,660,1350,2646,4620,7390,10580,6253,223,,570,855,,456,2223,t3_calmveil
standard,26,b1,blue,top,坦克,tiankong,standard,1,2,1,3,10905,22249,10171,476.4,9.32,15.19,19.77,3,1,1,3,3,271,1153,107,1321,3821,6453,8657,6253,978,570,285,190,,380,,t3_calmveil|t3_thornmail
standard,26,b2,blue,jungle,戰士,xueyue,standard,1,2,0,2,11133,15231,10113,473.7,8.01,17.86,,2,1,1,2,2,815,707,466,1863,3915,6137,8116,6253,380,,142,190,770,380,,t3_shieldbreaker|t3_finalstring
standard,26,b3,blue,mid,法師,auralith,standard,1,3,3,2,17156,12328,10760,504,11.34,17.08,,2,0,1,2,2,1447,777,986,1360,3707,6377,9436,6253,855,1140,142,665,,380,,t3_psyward
standard,26,b4,blue,adc,射手,guangsu,standard,1,3,5,0,15179,8702,10352,484.9,9.13,17.75,,2,1,1,2,2,414,977,340,1451,3764,6177,8590,6253,722,570,,665,,380,,t3_shieldbreaker|t3_rendspear
standard,26,b5,blue,sup,輔助,shiguang,standard,1,1,1,4,7462,12843,11842,554.7,5.95,11.58,17.06,4,1,2,3,4,563,125,1611,1041,4563,7155,10841,6253,218,570,285,1140,,380,1993,t3_calmveil
standard,26,r1,red,top,坦克,tiankong,standard,0,0,1,0,8393,22367,8851,414.5,7.93,15.66,20.61,3,1,1,2,3,852,250,1189,300,3802,5550,8419,6253,1045,,,950,,171,,t3_calmveil|t3_thornmail
standard,26,r2,red,jungle,戰士,xueyue,standard,0,2,2,0,12181,19516,9694,454,8.3,16.16,,2,1,1,2,2,424,1393,674,1143,4654,6823,9224,6253,266,1140,,,1394,171,,t3_shieldbreaker|t3_finalstring
standard,26,r3,red,mid,法師,auralith,standard,0,1,4,1,14810,11708,8651,405.2,11.39,19.22,,2,0,1,2,2,1400,473,370,151,3660,5503,8220,6253,703,570,142,475,,76,,t3_psyward
standard,26,r4,red,adc,射手,guangsu,standard,0,7,3,1,14434,10772,12470,584.1,10.02,16.66,19.79,3,0,1,3,3,1633,1221,343,1090,3793,6301,10823,6253,931,2850,142,475,,171,,t3_shieldbreaker|t3_rendspear
standard,26,r5,red,sup,輔助,shiguang,standard,0,0,1,1,6921,14654,9773,457.7,5.86,12.67,17.92,3,1,2,3,3,468,296,111,542,4468,6776,9341,6253,209,,285,475,,171,1948,t3_calmveil
standard,27,b1,blue,top,坦克,tiebi,standard,1,0,2,2,16690,26613,10407,425.8,8.05,15.66,21.8,3,1,1,2,3,776,454,635,377,3726,5854,7925,6253,703,,,665,,304,,t3_calmveil|t3_thornmail
standard,27,b2,blue,jungle,戰士,ronggang,standard,1,3,1,0,9469,15526,11881,486.1,8.13,15.9,21.75,3,1,1,2,3,162,1335,990,1081,3962,6815,9220,6253,494,1140,,190,839,304,,t3_finalstring|t3_shieldbreaker
standard,27,b3,blue,mid,法師,xingjie,standard,1,1,2,3,18808,14869,12089,494.6,10.88,16.4,22.96,3,0,1,2,3,1685,732,380,488,3945,7232,9360,6253,1330,570,712,190,,304,,t3_psyward
standard,27,b4,blue,adc,射手,mori,standard,1,13,3,2,44177,11120,18682,764.3,10.07,16.13,19.02,5,0,1,3,5,1709,710,562,3081,3869,6510,10462,6253,817,2280,142,665,,304,,t3_shieldbreaker|t3_rendspear
standard,27,b5,blue,sup,坦克,tixue,standard,1,4,1,1,7482,22635,14061,575.3,8,12.75,15.79,4,1,2,3,4,1590,1332,1370,1860,5190,8572,11350,6253,342,1710,,190,,304,2551,t3_calmveil|t3_thornmail
standard,27,r1,red,top,坦克,tiebi,standard,0,2,3,1,13087,28433,10521,430.5,8.89,13.97,19.5,3,1,2,3,3,662,71,225,491,3612,6481,8875,6253,722,1140,285,475,,0,,t3_calmveil|t3_thornmail
standard,27,r2,red,jungle,戰士,ronggang,standard,0,3,2,2,13773,21762,12179,498.3,9.41,15.77,19.52,3,1,1,3,3,985,1814,227,779,4085,7294,10427,6253,427,1710,570,,1466,0,,t3_finalstring|t3_shieldbreaker
standard,27,r3,red,mid,法師,xingjie,standard,0,0,9,0,17495,15199,9742,398.6,10.8,21.05,,2,0,1,1,2,1466,324,1140,342,3726,5474,7640,6253,912,,,475,,0,,t3_psyward
standard,27,r4,red,adc,射手,mori,standard,0,4,4,0,18308,12887,11462,469,10.11,18,22.88,3,0,1,2,3,1443,235,146,481,3603,6035,8296,6253,997,570,,475,,0,,t3_shieldbreaker|t3_rendspear
standard,27,r5,red,sup,坦克,tixue,standard,0,0,3,1,7040,25856,12146,496.9,8.21,13.66,18.97,4,1,2,3,4,616,82,1515,765,4516,6862,10415,6253,247,,285,950,,0,2680,t3_calmveil|t3_thornmail
standard,28,b1,blue,top,坦克,xukong,standard,0,1,3,0,11451,25371,10292,446.2,8.74,16.18,22.7,3,1,1,2,3,162,264,624,701,3812,5664,7754,6253,950,,,475,,76,,t3_calmveil|t3_thornmail
standard,28,b2,blue,jungle,刺客,yueying,standard,0,0,5,0,6644,10719,9316,403.9,9.2,18.01,,2,1,1,2,2,650,1716,496,1186,3850,6096,7976,6253,361,,,,1285,76,,t3_finalstring
standard,28,b3,blue,mid,法師,auralith,standard,0,2,3,1,12924,14814,10233,443.6,10.66,15.21,22.26,3,0,1,2,3,1447,889,199,782,3707,6669,8379,6253,893,1140,,,17,76,,t3_psyward
standard,28,b4,blue,adc,射手,leiting,standard,0,2,4,0,13012,13856,9541,413.6,9.95,19.58,,2,1,1,2,2,348,360,146,791,3698,5560,7346,6253,1016,,,,,76,,t3_shieldbreaker|t3_rendspear
standard,28,b5,blue,sup,坦克,ironclad,standard,0,0,3,0,9154,22421,10828,469.4,7.36,13.08,17.58,3,1,2,3,3,139,132,117,1248,4639,7512,9697,6253,427,,,950,,76,1990,t3_calmveil|t3_thornmail
standard,28,r1,red,top,坦克,xukong,standard,1,5,0,0,17038,20786,13528,586.5,8.74,12.7,18.23,4,1,2,3,4,107,569,979,1277,4657,7279,11009,6253,627,2850,,823,,456,,t3_calmveil|t3_thornmail
standard,28,r2,red,jungle,刺客,yueying,standard,1,3,0,3,10374,10999,13137,569.5,7,13.79,16.99,4,1,2,3,4,912,715,1092,336,5292,8365,11492,6253,202,1710,570,348,1951,456,,t3_finalstring
standard,28,r3,red,mid,法師,auralith,standard,1,1,3,0,9553,13598,9915,429.8,10.21,19.66,,2,0,1,2,2,1621,542,133,434,3881,6142,8163,6253,1105,,,348,,456,,t3_psyward
standard,28,r4,red,adc,射手,leiting,standard,1,7,2,2,17495,10529,13659,592.2,8.8,16.33,20.17,4,1,1,2,4,1065,733,2485,439,4415,6533,11065,6253,935,2850,142,427,,456,,t3_shieldbreaker|t3_rendspear
standard,28,r5,red,sup,坦克,ironclad,standard,1,2,0,5,10727,20512,13229,573.5,6.8,12.51,17.55,4,1,2,3,4,1089,212,1187,1029,4989,7452,11167,6253,169,570,997,902,,456,1818,t3_calmveil|t3_thornmail
standard,29,b1,blue,top,坦克,shiqiang,standard,1,4,0,1,11078,22752,12206,528.6,8.23,13.25,18.86,4,1,2,3,4,246,306,212,655,3796,6456,10142,6253,753,1710,285,760,,380,,t3_calmveil|t3_thornmail
standard,29,b2,blue,jungle,刺客,leisuhunter,standard,1,1,3,0,4727,11080,10262,444.4,9.18,16.27,23.01,3,1,1,2,3,715,1125,565,312,3915,6225,8895,6253,272,570,,443,975,380,,t3_finalstring
standard,29,b3,blue,mid,法師,xingjie,standard,1,2,3,0,17946,12666,10490,454.3,10.27,19.1,,2,0,1,2,2,1662,291,509,1009,3922,6221,8539,6253,1051,570,,285,,380,,t3_psyward
standard,29,b4,blue,adc,射手,liangzi,standard,1,4,6,1,19719,10019,11823,512,9.93,18.05,21.35,3,1,1,2,3,411,632,339,1822,3761,5832,9239,6253,737,1140,285,443,,380,,t3_shieldbreaker|t3_rendspear
standard,29,b5,blue,sup,輔助,huanjing,standard,1,2,0,2,5027,13215,13756,595.7,8.03,12.18,18,4,1,2,3,4,317,937,2509,2306,4617,7677,11939,6253,262,1140,285,1868,,380,1749,t3_calmveil
standard,29,r1,red,top,坦克,shiqiang,standard,0,1,0,1,7950,24104,11848,513.1,8.31,13.75,19.19,3,1,2,3,3,1107,274,354,2698,4657,6424,8904,6253,1197,570,142,475,,266,,t3_calmveil|t3_thornmail
standard,29,r2,red,jungle,刺客,leisuhunter,standard,0,2,4,0,8303,13325,10389,449.9,7.15,15.17,21.83,3,1,1,2,3,309,1562,824,738,4459,6662,9154,6253,266,1140,,,1419,76,,t3_finalstring
standard,29,r3,red,mid,法師,xingjie,standard,0,7,4,0,18943,13432,13565,587.5,10.61,18.11,21.23,3,0,1,2,3,1561,357,761,1785,3821,5807,10241,6253,1225,1710,,950,26,76,,t3_psyward
standard,29,r4,red,adc,射手,liangzi,standard,0,2,3,0,10812,9634,10024,434.1,9.47,19.17,,2,1,1,2,2,357,341,249,1124,3707,5721,8799,6253,1140,1140,,,,266,,t3_shieldbreaker|t3_rendspear
standard,29,r5,red,sup,輔助,huanjing,standard,0,0,2,2,5754,17785,11318,490.1,6.78,12.28,17.15,4,1,2,3,4,1087,607,340,438,4487,7347,9770,6253,199,,142,475,,76,2624,t3_calmveil
standard,30,b1,blue,top,坦克,tiemu,standard,0,0,1,0,11619,24417,9708,409.5,8.11,16.79,22.02,3,1,1,2,3,890,562,683,277,3840,5712,7973,6253,940,,,475,,304,,t3_calmveil|t3_thornmail
standard,30,b2,blue,jungle,刺客,duskblade,standard,0,3,2,0,8022,12263,11009,464.4,9.16,16.03,20.5,3,1,1,2,3,1094,1449,1145,728,4294,6779,9575,6253,199,1710,,,1108,304,,t3_finalstring
standard,30,b3,blue,mid,法師,gambler,standard,0,4,1,1,17430,14360,11826,498.8,10.69,18.32,22.93,3,0,1,2,3,1495,169,123,46,3755,5769,8723,6253,1073,570,285,237,,304,,t3_psyward
standard,30,b4,blue,adc,射手,shengyan,standard,0,7,4,2,21399,12911,14268,601.8,9.37,16.5,19.59,4,1,1,3,4,310,311,1097,1047,3660,6111,11317,6253,769,2850,427,712,,304,,t3_shieldbreaker|t3_rendspear
standard,30,b5,blue,sup,坦克,dadi,standard,0,0,2,2,4277,17467,11153,470.4,7.81,14.62,17.77,4,1,2,3,4,149,252,419,252,4649,7052,9379,6253,247,,427,,,304,2147,t3_calmveil|t3_thornmail
standard,30,r1,red,top,坦克,tiemu,standard,1,4,0,0,12743,24139,12748,537.7,7.94,13.43,17.84,4,1,2,3,4,833,345,306,497,3783,7175,9436,6253,940,1710,,380,,152,,t3_calmveil|t3_thornmail
standard,30,r2,red,jungle,刺客,duskblade,standard,1,2,1,3,7730,10601,12337,520.4,9.04,13.18,17.79,3,1,2,3,3,470,1174,356,1457,4670,7874,10636,6253,237,1140,570,380,1903,152,,t3_finalstring
standard,30,r3,red,mid,法師,gambler,standard,1,0,5,0,13062,14107,9204,388.2,11.43,19.94,,2,0,1,2,2,1447,190,37,474,3707,6120,7887,6253,1102,,,380,,152,,t3_psyward
standard,30,r4,red,adc,射手,shengyan,standard,1,4,6,0,17354,12185,11598,489.2,7.6,16.64,22.93,3,1,1,2,3,249,548,1079,1078,4249,6348,9179,6253,779,1140,,855,,152,,t3_shieldbreaker|t3_rendspear
standard,30,r5,red,sup,坦克,dadi,standard,1,0,2,1,6111,21010,10603,447.2,7.03,12.11,18.18,3,1,2,3,3,143,674,244,623,4943,7614,9324,6253,399,,285,380,,152,1854,t3_calmveil|t3_thornmail
standard,31,b1,blue,top,坦克,dadi,standard,0,0,1,0,12629,24498,9928,427.8,7.24,14.73,21.77,3,1,2,2,3,394,157,1063,378,4344,6567,8353,6253,1434,,,285,,380,,t3_calmveil|t3_thornmail
standard,31,b2,blue,jungle,刺客,binghe,standard,0,2,1,0,8366,9910,10578,455.8,8.58,17.21,21.58,3,1,1,2,3,763,1567,1020,297,3963,6897,9450,6253,501,1140,,285,890,380,,t3_finalstring
standard,31,b3,blue,mid,法師,ronghuo,standard,0,5,2,1,17360,14307,12246,527.7,10.23,16,20.93,3,0,1,2,3,1685,276,545,696,3945,6776,10025,6253,1111,1710,285,285,,380,,t3_psyward
standard,31,b4,blue,adc,射手,mirrorshot,standard,0,4,1,0,15189,9237,11489,495.1,10.03,17.98,20.9,3,0,1,2,3,1493,600,1220,339,3653,5800,9800,6253,696,1710,,760,,380,,t3_shieldbreaker|t3_rendspear
standard,31,b5,blue,sup,坦克,thornwall,standard,0,2,1,3,8475,21457,12590,542.5,7.77,11.51,15.81,4,1,2,4,4,730,1055,266,390,5230,8295,11566,6253,207,1140,855,285,,380,2445,t3_calmveil|t3_thornmail
standard,31,r1,red,top,坦克,dadi,standard,1,4,0,0,14093,22827,12960,558.4,8.8,14.01,16.99,4,1,2,4,4,112,616,319,710,4062,7026,11669,6253,1409,2280,,1425,17,285,,t3_calmveil|t3_thornmail
standard,31,r2,red,jungle,刺客,binghe,standard,1,0,3,2,8358,11708,10157,437.6,7.69,16.77,22.36,3,1,1,2,3,321,848,341,656,4221,6178,8771,6253,475,,285,,1472,285,,t3_finalstring
standard,31,r3,red,mid,法師,ronghuo,standard,1,0,6,1,12359,14319,9903,426.7,10.75,18.81,,2,0,1,2,2,1526,69,287,722,3786,5819,8137,6253,934,,285,475,,190,,t3_psyward
standard,31,r4,red,adc,射手,mirrorshot,standard,1,2,3,0,14356,10631,11049,476.1,9.09,17.78,22.65,3,1,1,2,3,443,360,495,529,3793,5560,9075,6253,1016,570,,950,,285,,t3_shieldbreaker|t3_rendspear
standard,31,r5,red,sup,坦克,thornwall,standard,1,0,1,2,6733,21080,10753,463.3,7.33,13.4,18.56,3,1,2,3,3,133,311,339,373,4633,6951,9539,6253,345,,285,,,95,2560,t3_calmveil|t3_thornmail
standard,32,b1,blue,top,坦克,tixue,standard,1,1,7,1,13584,49474,14847,428.4,8.16,14.16,21.82,5,1,2,2,5,328,346,904,1296,3878,6196,8134,6253,1007,,285,285,,304,,t3_calmveil|t3_thornmail
standard,32,b2,blue,jungle,刺客,jueying,standard,1,2,10,0,13894,21504,14751,425.6,8.6,16.74,24.26,4,1,1,2,4,68,745,892,1400,3918,6325,8742,6253,560,570,,285,769,304,,t3_finalstring
standard,32,b3,blue,mid,法師,gambler,standard,1,9,12,0,38445,24453,18764,541.4,11.35,18.09,24.77,5,0,1,2,5,1409,463,294,2613,3669,6063,8324,6253,912,570,,285,,304,,t3_psyward
standard,32,b4,blue,adc,射手,hanbing,standard,1,22,13,2,86955,22273,26763,772.2,7.54,13.23,19.36,5,1,2,3,5,462,301,242,11162,4942,7621,11022,6253,760,3420,,285,,304,,t3_shieldbreaker|t3_rendspear
standard,32,b5,blue,sup,輔助,xuemai,standard,1,0,7,2,12696,34570,15430,445.2,6.94,12.88,17.75,5,1,2,3,5,282,664,623,2230,4582,7404,9503,6253,180,,,285,,304,2480,t3_calmveil
standard,32,r1,red,top,坦克,tixue,standard,0,4,5,1,19440,50431,16148,465.9,8.93,15.58,20.43,5,1,1,2,5,871,231,1275,2598,3821,5531,8505,6253,912,,142,950,,247,,t3_calmveil|t3_thornmail
standard,32,r2,red,jungle,刺客,jueying,standard,0,6,2,0,18922,22445,18280,527.4,8.91,16.25,21.4,5,1,1,2,5,239,599,687,3030,4089,6179,9017,6253,484,570,,,1462,247,,t3_finalstring
standard,32,r3,red,mid,法師,gambler,standard,0,12,11,3,38524,27806,21710,626.4,11.01,17.29,22.57,5,0,1,2,5,1523,240,240,5559,3783,5550,9540,6253,1045,570,570,950,,152,,t3_psyward
standard,32,r4,red,adc,射手,hanbing,standard,0,26,11,2,97750,18674,29290,845.1,11.09,17.18,19.87,5,0,1,3,5,1227,431,106,13689,3387,5211,10626,6253,706,3420,,,,247,,t3_shieldbreaker|t3_rendspear
standard,32,r5,red,sup,輔助,xuemai,standard,0,1,5,7,14105,28686,17875,515.8,6.93,12.38,17.37,5,1,2,3,5,794,632,479,4675,4494,6812,9519,6253,234,,142,475,,247,2167,t3_calmveil
standard,33,b1,blue,top,坦克,stoneguard,standard,0,1,1,0,7744,22284,9200,407.4,9.45,14.99,19.83,3,1,2,3,3,738,74,187,449,3688,5924,8337,6253,867,570,,475,,171,,t3_calmveil|t3_thornmail
standard,33,b2,blue,jungle,刺客,anye,standard,0,0,3,0,6332,10300,9161,405.7,8.98,15.98,,2,1,1,2,2,838,834,1034,1081,4038,6414,8284,6253,627,,,,1232,171,,t3_finalstring
standard,33,b3,blue,mid,法師,ronghuo,standard,0,0,5,0,9532,14706,8554,378.8,10.43,20.19,,2,0,1,1,2,1523,433,1249,603,3783,5563,7729,6253,829,,,475,,171,,t3_psyward
standard,33,b4,blue,adc,射手,tianfa,standard,0,5,5,0,18616,11431,11078,490.5,10.01,17.11,22.11,3,0,1,2,3,1509,455,317,997,3669,5655,8467,6253,760,1140,,237,,76,,t3_shieldbreaker|t3_rendspear
standard,33,b5,blue,sup,輔助,fengshen,standard,0,0,2,1,5552,17198,11455,507.2,7.2,11.96,17.56,4,1,2,3,4,918,673,2170,755,4618,7153,10630,6253,411,,285,1662,17,171,1829,t3_calmveil
standard,33,r1,red,top,坦克,stoneguard,standard,1,3,0,0,11023,22375,11714,518.7,8.73,12.94,20.51,3,1,2,2,3,567,126,2804,1784,3517,6576,10034,6253,646,1140,,1615,,380,,t3_calmveil|t3_thornmail
standard,33,r2,red,jungle,刺客,anye,standard,1,1,2,0,7406,10994,10661,472.1,8.94,15.81,20.92,3,1,1,2,3,781,821,700,1011,3981,6401,8730,6253,288,,,190,1618,380,,t3_finalstring
standard,33,r3,red,mid,法師,ronghuo,standard,1,6,0,0,16523,12281,12835,568.4,9.51,15,19.88,3,1,2,3,3,503,104,325,635,4353,8134,11155,6253,1007,2850,,665,,380,,t3_psyward
standard,33,r4,red,adc,射手,tianfa,standard,1,6,4,2,15254,10094,12493,553.2,9.19,16.84,20.93,3,1,1,2,3,785,934,963,1113,4135,6614,9863,6253,902,1710,427,190,,380,,t3_shieldbreaker|t3_rendspear
standard,33,r5,red,sup,輔助,fengshen,standard,1,0,0,1,5193,15523,11640,515.4,5.78,12.23,16.79,4,1,2,3,4,1154,1072,1100,760,4554,7812,10530,6253,234,,142,1140,,380,2380,t3_calmveil
standard,34,b1,blue,top,坦克,thornwall,standard,0,0,3,1,10277,20064,9260,427.7,9.31,16.42,19.77,3,1,1,3,3,757,353,107,229,3707,5503,8657,6253,741,,142,1425,,95,,t3_calmveil|t3_thornmail
standard,34,b2,blue,jungle,刺客,wuxing,standard,0,0,4,0,6819,11205,8410,388.4,8.63,17.49,,2,1,1,2,2,119,555,180,459,4019,5885,7830,6253,541,,,,940,95,,t3_finalstring
standard,34,b3,blue,mid,法師,gambler,standard,0,0,5,0,8627,13564,7711,356.2,11.05,21.04,,2,0,1,1,2,1390,305,704,361,3650,5455,7184,6253,836,,,,,95,,t3_psyward
standard,34,b4,blue,adc,射手,dawnstrike,standard,0,6,2,1,13520,12168,12328,569.4,8.05,16.02,18.93,3,1,1,3,3,434,1061,381,1478,4914,6861,11231,6253,1035,2850,142,950,,0,,t3_shieldbreaker|t3_rendspear
standard,34,b5,blue,sup,坦克,suishan,standard,0,1,2,0,3949,19599,11171,516,8.02,12.16,17.73,3,1,2,3,3,439,110,1064,1590,4639,7490,10644,6253,342,570,,1425,,95,1958,t3_calmveil|t3_thornmail
standard,34,r1,red,top,坦克,thornwall,standard,1,4,0,2,11741,16681,12911,596.4,7.95,12.2,16.88,3,1,2,3,3,931,182,720,2881,3881,7472,10750,6253,962,1710,570,760,,494,,t3_calmveil|t3_thornmail
standard,34,r2,red,jungle,刺客,wuxing,standard,1,3,0,1,8057,9424,11016,508.8,6.78,14.98,20.3,3,1,2,2,3,649,218,2002,135,4549,6918,9782,6253,435,1140,142,285,1031,494,,t3_finalstring
standard,34,r3,red,mid,法師,gambler,standard,1,5,3,2,13312,13228,13459,621.7,10.17,15.67,17.19,3,0,1,3,3,1580,1739,107,1258,3840,8239,11887,6253,1197,2280,427,1235,,494,,t3_psyward
standard,34,r4,red,adc,射手,dawnstrike,standard,1,3,3,1,12214,9926,10391,480,10.17,17.4,21.33,3,0,1,2,3,1411,222,292,170,3571,6022,8572,6253,633,570,285,285,51,494,,t3_shieldbreaker|t3_rendspear
standard,34,r5,red,sup,坦克,suishan,standard,1,1,1,3,7309,16024,11952,552,6.64,12.11,16.68,4,1,2,3,4,726,802,1160,351,4926,8042,11140,6253,305,570,570,760,,304,2376,t3_calmveil|t3_thornmail
standard,35,b1,blue,top,戰士,ravager,standard,0,0,1,0,15248,30887,9444,396.4,8.64,16.8,,2,1,1,2,2,173,849,324,1214,3973,6329,8204,6253,1323,,,475,,152,,t3_shieldbreaker|t3_finalstring
standard,35,b2,blue,jungle,刺客,voidrift,standard,0,1,4,0,4884,12449,10142,425.7,9.21,17.51,23.75,3,1,1,2,3,735,263,803,211,3935,5843,7933,6253,399,,,,1128,152,,t3_finalstring
standard,35,b3,blue,mid,法師,ronghuo,standard,0,3,5,0,13934,16343,11670,489.8,10.45,18.22,23.12,3,0,1,2,3,1723,177,839,170,3983,5807,8669,6253,1314,,,950,,152,,t3_psyward
standard,35,b4,blue,adc,射手,yanfeng,standard,0,5,6,0,12412,11832,11113,466.4,8.94,18.24,22.56,3,1,1,2,3,268,560,232,793,4268,5940,8182,6253,636,1140,,,,152,,t3_shieldbreaker|t3_rendspear
standard,35,b5,blue,sup,輔助,shengming,standard,0,1,1,1,6651,17669,11171,468.9,6.12,12.54,15.55,3,1,2,3,3,544,329,555,2130,4544,7359,9595,6253,240,570,,475,,152,1903,t3_calmveil
standard,35,r1,red,top,戰士,ravager,standard,1,2,0,0,18180,26923,11458,480.9,10.13,16.12,19.91,3,0,1,3,3,1613,729,143,958,3663,6209,9743,6253,829,1140,,1140,,380,,t3_shieldbreaker|t3_finalstring
standard,35,r2,red,jungle,刺客,voidrift,standard,1,3,1,1,10045,12250,12527,525.8,8.41,14.26,19.26,3,1,2,3,3,214,256,432,1927,4064,7206,10082,6253,386,1140,285,190,1447,380,,t3_finalstring
standard,35,r3,red,mid,法師,ronghuo,standard,1,4,4,0,17354,13358,12187,511.5,10.88,18.27,21.55,3,0,1,2,3,1409,213,256,886,3669,6443,8856,6253,893,1140,,190,,380,,t3_psyward
standard,35,r4,red,adc,射手,yanfeng,standard,1,8,5,1,20614,11463,14166,594.6,11.38,15.11,18.58,4,0,1,3,4,1177,1640,174,1265,3337,7320,10474,6253,611,2280,285,665,,380,,t3_shieldbreaker|t3_rendspear
standard,35,r5,red,sup,輔助,shengming,standard,1,0,0,1,5021,12236,12044,505.5,6.33,12.27,18.18,4,1,2,3,4,819,426,538,593,4519,7166,9968,6253,281,,285,190,,380,2577,t3_calmveil
standard,36,b1,blue,top,戰士,dadi2,standard,1,3,1,1,8666,25542,11820,528.9,9.09,16.67,19.25,3,1,1,3,3,491,323,900,420,3641,5503,10500,6253,883,1710,285,950,,418,,t3_shieldbreaker|t3_finalstring
standard,36,b2,blue,jungle,刺客,jingxiang,standard,1,0,5,1,3446,11063,9138,408.9,9.23,17.87,,2,1,1,2,2,685,603,125,807,3885,5883,8155,6253,532,,95,,857,418,,t3_finalstring
standard,36,b3,blue,mid,法師,haixiao,standard,1,4,2,1,19550,13020,11500,514.6,10,16.17,20.27,3,1,1,2,3,142,168,1192,300,3992,6348,10072,6253,1121,1710,285,475,,228,,t3_psyward
standard,36,b4,blue,adc,射手,siwang,standard,1,6,3,2,17772,9400,12169,544.5,8.88,17.48,20.48,3,1,1,2,3,417,405,662,368,3767,6085,9562,6253,706,1710,237,237,,418,,t3_shieldbreaker|t3_rendspear
standard,36,b5,blue,sup,輔助,mingyun,standard,1,0,2,2,3978,13650,12347,552.5,6.58,12.28,15.67,4,1,2,3,4,570,215,2849,897,4570,6945,11429,6253,177,,237,1662,,418,2680,t3_calmveil
standard,36,r1,red,top,戰士,dadi2,standard,0,6,1,0,8010,24473,12905,577.4,9.07,13.46,17.88,4,1,2,3,4,608,348,1981,404,3758,7748,12061,6253,962,3420,,1235,,190,,t3_shieldbreaker|t3_finalstring
standard,36,r2,red,jungle,刺客,jingxiang,standard,0,1,1,2,7356,10716,10603,474.4,9.1,17.1,20.27,3,1,1,2,3,802,1468,1292,172,4002,7048,9622,6253,288,570,285,285,1751,190,,t3_finalstring
standard,36,r3,red,mid,法師,haixiao,standard,0,1,6,0,10176,14787,9246,413.7,10.61,18.58,,2,0,1,2,2,1561,171,193,515,3821,6671,8343,6253,1045,570,,285,,190,,t3_psyward
standard,36,r4,red,adc,射手,siwang,standard,0,4,4,2,19196,8837,10892,487.4,10.21,18.63,,2,0,1,2,2,1436,135,262,1992,3596,5515,8812,6253,611,1140,285,522,,0,,t3_shieldbreaker|t3_rendspear
standard,36,r5,red,sup,輔助,mingyun,standard,0,1,1,3,5014,17738,11459,512.7,7.14,12.32,15.01,4,1,2,4,4,206,1538,195,579,4506,8278,10595,6253,209,570,570,522,,190,2280,t3_calmveil
standard,37,b1,blue,top,戰士,ronggang,standard,0,1,0,0,14910,28305,9576,420,9.72,16.8,,2,1,1,2,2,98,748,442,926,3948,6278,8492,6253,1117,570,,475,,76,,t3_shieldbreaker|t3_finalstring
standard,37,b2,blue,jungle,刺客,guihuo,standard,0,1,4,0,6395,11787,9236,405.1,8.8,18.3,,2,1,1,2,2,565,184,375,1105,3765,5514,7555,6253,370,,,,855,76,,t3_finalstring
standard,37,b3,blue,mid,法師,leiming,standard,0,2,5,0,14397,14511,9320,408.8,10.01,19.39,,2,0,1,2,2,1624,321,395,239,3884,5651,8425,6253,956,1140,,,,76,,t3_psyward
standard,37,b4,blue,adc,射手,maestro,standard,0,3,6,0,17279,9844,9795,429.6,9.23,19.57,,2,1,1,2,2,427,100,152,894,3777,5480,7152,6253,823,,,,,76,,t3_shieldbreaker|t3_rendspear
standard,37,b5,blue,sup,坦克,suishan,standard,0,0,2,1,5595,22036,11210,491.7,7.39,12.92,18.27,3,1,2,3,3,973,126,356,829,4573,7366,9556,6253,189,,,475,,76,2561,t3_calmveil|t3_thornmail
standard,37,r1,red,top,戰士,ronggang,standard,1,5,0,0,14205,23046,13321,584.2,9.91,16.95,20.44,4,1,1,2,4,422,740,2674,770,3572,6270,11324,6253,608,2280,,1710,17,456,,t3_shieldbreaker|t3_finalstring
standard,37,r2,red,jungle,刺客,guihuo,standard,1,1,1,1,9829,12929,10163,445.8,9.38,16.51,,2,1,1,2,2,526,626,938,1783,3726,6256,9018,6253,164,570,285,285,1004,456,,t3_finalstring
standard,37,r3,red,mid,法師,leiming,standard,1,3,4,1,13004,12180,10938,479.7,10.79,18.58,22.79,3,0,1,2,3,1428,235,304,107,3688,5835,8334,6253,817,,285,522,,456,,t3_psyward
standard,37,r4,red,adc,射手,maestro,standard,1,8,2,0,30395,8927,14339,628.9,10,16.11,19.92,4,1,1,3,4,329,697,151,1118,3679,6377,11051,6253,826,2280,,1235,,456,,t3_shieldbreaker|t3_rendspear
standard,37,r5,red,sup,坦克,suishan,standard,1,0,0,2,6034,15176,10974,481.3,7.36,13.98,19.48,3,1,2,3,3,884,280,357,993,4484,7220,9737,6253,243,,285,522,,456,1976,t3_calmveil|t3_thornmail
standard,38,b1,blue,top,戰士,jingci,standard,0,1,1,1,9780,21872,9131,430.4,9.42,16.36,,2,1,1,2,2,367,970,272,851,3517,6500,8552,6253,646,570,142,712,,228,,t3_shieldbreaker|t3_finalstring
standard,38,b2,blue,jungle,戰士,fengbao,standard,0,1,2,0,8031,14456,8927,420.8,8.88,17.19,,2,1,1,2,2,52,1114,99,696,4332,6594,8329,6253,218,570,,237,821,228,,t3_shieldbreaker|t3_finalstring
standard,38,b3,blue,mid,法師,haixiao,standard,0,1,6,0,10390,12739,9065,427.2,11.13,18.77,,2,0,1,2,2,1295,144,166,254,3555,6044,8676,6253,912,570,,712,,228,,t3_psyward
standard,38,b4,blue,adc,射手,liuxing,standard,0,2,5,1,12402,8615,9405,443.3,9.47,18.8,,2,1,1,2,2,243,479,287,1454,3593,5379,8237,6253,551,570,142,475,17,228,,t3_shieldbreaker|t3_rendspear
standard,38,b5,blue,sup,坦克,tieshixin,standard,0,0,3,0,5684,18299,10176,479.6,6.86,12.23,18.62,3,1,2,3,3,54,601,397,676,4554,7261,9597,6253,256,,,237,,228,2622,t3_calmveil|t3_thornmail
standard,38,r1,red,top,戰士,jingci,standard,1,4,0,0,14526,21490,12684,597.8,10.28,14,17.68,3,0,2,3,3,2189,923,655,1234,4239,7773,12105,6253,1368,2280,,1900,,304,,t3_shieldbreaker|t3_finalstring
standard,38,r2,red,jungle,戰士,fengbao,standard,1,4,0,0,13097,12047,11507,542.4,6.49,14.56,20.1,3,1,2,2,3,477,405,2154,707,4577,7805,10754,6253,199,2280,,,1716,304,,t3_shieldbreaker|t3_finalstring
standard,38,r3,red,mid,法師,haixiao,standard,1,2,2,3,11223,11925,10708,504.7,9.12,16.38,,2,1,1,2,2,503,750,653,1308,4353,6500,10053,6253,1026,1140,855,475,,304,,t3_psyward
standard,38,r4,red,adc,射手,liuxing,standard,1,6,3,3,16740,8178,13068,615.9,9.78,17.76,18.32,3,1,1,3,3,72,1063,1000,1267,4072,6143,11900,6253,636,2850,855,950,51,304,,t3_shieldbreaker|t3_rendspear
standard,38,r5,red,sup,坦克,tieshixin,standard,1,1,0,1,4659,16703,10347,487.7,7.78,13.46,18.04,3,1,2,3,3,578,183,385,367,4478,6843,9465,6253,266,570,,,,304,2071,t3_calmveil|t3_thornmail
standard,39,b1,blue,top,戰士,longyi,standard,1,1,2,0,8400,30328,11772,484.6,10.42,15.98,23.15,3,0,1,2,3,1999,1020,579,791,4049,6500,9179,6253,1311,570,,950,,95,,t3_shieldbreaker|t3_finalstring
standard,39,b2,blue,jungle,戰士,ronggang,standard,1,0,2,0,7191,17669,9468,389.7,8.6,18.09,,2,1,1,2,2,673,865,273,1287,3773,5695,7503,6253,297,,,,857,95,,t3_shieldbreaker|t3_finalstring
standard,39,b3,blue,mid,法師,leiming,standard,1,3,4,0,12532,15892,12158,500.5,9.13,17.87,23.87,3,1,1,2,3,503,391,503,378,4353,6291,9103,6253,1140,1140,,475,,95,,t3_psyward
standard,39,b4,blue,adc,射手,guangsu,standard,1,6,7,0,19621,10401,12253,504.4,9.56,17.87,21.46,3,1,1,2,3,246,310,1128,1303,3596,5990,9078,6253,877,1710,,237,,0,,t3_shieldbreaker|t3_rendspear
standard,39,b5,blue,sup,輔助,shiguang,standard,1,1,3,1,9758,21941,12321,507.2,6.88,12.24,17.07,4,1,2,3,4,554,503,821,871,4554,6983,9861,6253,326,,,1187,102,95,1896,t3_calmveil
standard,39,r1,red,top,戰士,longyi,standard,0,7,1,0,15419,26351,15122,622.5,7.71,13.72,18.09,4,1,2,3,4,181,447,364,1672,4461,8147,10864,6253,1057,2280,,760,,513,,t3_shieldbreaker|t3_finalstring
standard,39,r2,red,jungle,戰士,ronggang,standard,0,0,0,0,7023,15907,11057,455.2,9.13,15.36,22.68,3,1,1,2,3,541,1301,1949,307,4291,6731,9299,6253,297,,,285,1950,513,,t3_shieldbreaker|t3_finalstring
standard,39,r3,red,mid,法師,leiming,standard,0,8,4,0,25716,16622,15224,626.7,10.49,17.1,20.32,4,0,1,2,4,1552,253,1413,1573,3812,6453,10813,6253,1197,1710,,1235,,418,,t3_psyward
standard,39,r4,red,adc,射手,guangsu,standard,0,3,4,0,19757,10769,10933,450.1,9.96,19.36,23.65,3,1,1,2,3,417,82,42,932,3767,5762,7662,6253,801,,,285,,323,,t3_shieldbreaker|t3_rendspear
standard,39,r5,red,sup,輔助,shiguang,standard,0,0,2,5,8210,14624,13066,537.9,6.59,12.35,16.33,4,1,2,3,4,806,341,1732,1686,4506,7071,9912,6253,180,,,285,,513,2680,t3_calmveil
standard,40,b1,blue,top,戰士,chichuan,standard,0,3,1,0,19730,37853,12680,458.9,8.26,17.09,22.56,3,1,1,2,3,823,519,1606,1850,3973,5569,8736,6253,962,570,,950,,0,,t3_shieldbreaker|t3_finalstring
standard,40,b2,blue,jungle,戰士,kuangfeng,standard,0,4,4,2,9022,22840,12799,463.2,9.3,17.26,23.08,3,1,1,2,3,581,1008,872,1818,3681,6008,7972,6253,259,570,,,889,0,,t3_shieldbreaker|t3_finalstring
standard,40,b3,blue,mid,法師,haixiao,standard,0,2,6,2,24225,19578,12408,449,10.53,17.88,24.77,3,0,1,2,3,1523,435,159,307,3783,6035,8289,6253,1086,,,950,,0,,t3_psyward
standard,40,b4,blue,adc,射手,mori,standard,0,4,5,5,38770,14980,13372,483.9,9.34,20.16,24.86,3,1,1,1,3,348,341,1272,3472,3698,5421,7072,6253,750,,,,68,0,,t3_shieldbreaker|t3_rendspear
standard,40,b5,blue,sup,坦克,tixue,standard,0,0,2,1,5511,26089,12379,448,7.63,13.76,17.95,4,1,2,3,4,673,1137,353,1019,4573,7337,9033,6253,285,,,475,,0,2020,t3_calmveil|t3_thornmail
standard,40,r1,red,top,戰士,chichuan,standard,1,6,2,1,23601,34890,15321,554.4,9.37,18.08,19.64,4,1,1,3,4,513,660,308,2291,3663,6190,9958,6253,798,1710,,665,,532,,t3_shieldbreaker|t3_finalstring
standard,40,r2,red,jungle,戰士,kuangfeng,standard,1,4,2,0,13857,17577,14478,523.9,9.83,14.78,21.7,4,1,2,2,4,79,129,1358,1027,4179,7229,9958,6253,202,1140,,190,1640,532,,t3_shieldbreaker|t3_finalstring
standard,40,r3,red,mid,法師,haixiao,standard,1,1,3,1,26743,17854,11680,422.7,10.42,19.06,25.78,3,0,1,2,3,1536,324,381,829,3796,5924,7931,6253,956,,,190,,532,,t3_psyward
standard,40,r4,red,adc,射手,mori,standard,1,7,5,2,31937,12275,15986,578.5,8.93,18.02,21.61,5,1,1,2,5,398,500,868,386,3748,6180,9768,6253,750,1140,427,665,,532,,t3_shieldbreaker|t3_rendspear
standard,40,r5,red,sup,坦克,tixue,standard,1,0,1,1,7974,25642,12658,458.1,6.93,13.03,18.46,4,1,2,3,4,430,251,227,458,4630,7191,9727,6253,180,,142,665,,532,1953,t3_calmveil|t3_thornmail
standard,41,b1,blue,top,戰士,xueyue,standard,,13,16,1,79266,110240,31074,517.9,8.78,16.9,23.34,5,1,1,2,5,690,657,360,15723,3840,6187,8410,6253,1187,,,665,,304,,t3_shieldbreaker|t3_finalstring
standard,41,b2,blue,jungle,戰士,longyi,standard,,10,16,2,52704,67051,31523,525.4,8.47,14.29,20.94,5,1,2,2,5,239,415,1478,16223,4339,7215,9778,6253,462,1140,,190,1428,304,,t3_shieldbreaker|t3_finalstring
standard,41,b3,blue,mid,法師,leiming,standard,,43,29,1,214843,60400,48351,805.9,10.53,18.23,23.9,5,0,1,2,5,1533,760,411,32201,3793,6510,8441,6253,1219,,,665,,304,,t3_psyward
standard,41,b4,blue,adc,射手,leiting,standard,,43,30,1,328101,42700,47192,786.5,10.18,17.39,22.48,5,0,1,2,5,1609,331,136,31592,3769,6011,9036,6253,942,570,285,665,17,304,,t3_shieldbreaker|t3_rendspear
standard,41,b5,blue,sup,坦克,ironclad,standard,,2,23,6,27075,97101,26499,441.6,7.21,12.28,19.64,5,1,2,3,5,776,348,124,12898,4676,7288,9024,6253,368,,,190,26,304,1882,t3_calmveil|t3_thornmail
standard,41,r1,red,top,戰士,xueyue,standard,,14,26,1,79253,118448,32239,537.3,8.64,16.45,22.48,5,1,1,2,5,646,1002,215,16889,3796,6532,8565,6253,848,570,,665,,228,,t3_shieldbreaker|t3_finalstring
standard,41,r2,red,jungle,戰士,longyi,standard,,22,15,3,90239,74688,40447,674.1,8.5,15.16,18.66,5,1,1,3,5,213,1529,1011,25146,4493,7009,10611,6253,513,570,570,190,2286,228,,t3_shieldbreaker|t3_finalstring
standard,41,r3,red,mid,法師,leiming,standard,,36,27,1,166928,54610,42974,716.2,10.6,19.73,25.93,5,0,1,2,5,1447,176,166,26824,3707,5626,7716,6253,1045,,,190,,228,,t3_psyward
standard,41,r4,red,adc,射手,leiting,standard,,39,30,0,225305,36809,43598,726.6,9.31,17.5,21.58,5,1,1,2,5,338,298,213,27998,3688,5978,9113,6253,826,1140,,665,,228,,t3_shieldbreaker|t3_rendspear
standard,41,r5,red,sup,坦克,ironclad,standard,,3,13,6,27241,87603,27353,455.9,7.06,13.35,17.94,5,1,2,3,5,313,480,428,13753,4513,6840,9508,6253,186,570,,190,,228,2080,t3_calmveil|t3_thornmail
standard,42,b1,blue,top,戰士,fengbao,standard,0,0,2,0,13939,35984,10399,387.6,9.07,18.02,24.93,3,1,1,2,3,814,669,383,18,3964,6149,7783,6253,978,,,285,,266,,t3_shieldbreaker|t3_finalstring
standard,42,b2,blue,jungle,戰士,ravager,standard,0,2,1,0,12062,23815,12284,457.9,6.63,15.87,20.53,3,1,1,2,3,219,1449,170,933,4449,6879,8720,6253,418,570,,285,927,266,,t3_shieldbreaker|t3_finalstring
standard,42,b3,blue,mid,法師,mingyun2,standard,0,1,8,1,25631,18534,11121,414.6,10.78,19.57,25.38,3,0,1,2,3,1542,144,242,270,3802,6044,7792,6253,988,,,285,,266,,t3_psyward
standard,42,b4,blue,adc,射手,liangzi,standard,0,7,7,0,26795,13427,13971,520.8,10.17,19.35,22.59,4,0,1,2,4,1424,313,255,750,3584,5693,8505,6253,560,1140,,285,,266,,t3_shieldbreaker|t3_rendspear
standard,42,b5,blue,sup,輔助,huanjing,standard,0,1,4,1,7109,22947,12396,462.1,5.7,11.02,14.94,4,1,3,3,4,1174,55,390,1435,5124,7755,9620,6253,171,570,,285,,76,2265,t3_calmveil
standard,42,r1,red,top,戰士,fengbao,standard,1,5,1,0,20157,34443,15211,567,6.86,13.73,20.23,4,1,2,2,4,658,297,944,2711,4458,7397,9544,6253,978,1710,,475,51,76,,t3_shieldbreaker|t3_finalstring
standard,42,r2,red,jungle,戰士,ravager,standard,1,4,2,1,13996,23624,13851,516.3,7.88,16.5,19.55,3,1,1,3,3,260,995,473,2500,4010,6425,10023,6253,351,1710,142,,1489,76,,t3_shieldbreaker|t3_finalstring
standard,42,r3,red,mid,法師,mingyun2,standard,1,10,4,1,27890,18091,16474,614.1,11.58,20.47,22.96,4,0,1,1,4,1390,49,1273,2243,3650,5379,7773,6253,684,,285,475,,76,,t3_psyward
standard,42,r4,red,adc,射手,liangzi,standard,1,3,4,2,30678,10753,11616,433,11.58,20.81,,2,0,1,1,2,1218,359,1213,2716,3378,5259,6893,6253,421,,142,,,76,,t3_shieldbreaker|t3_rendspear
standard,42,r5,red,sup,輔助,huanjing,standard,1,0,0,0,9780,17760,12816,477.8,6.68,12.03,17.75,4,1,2,3,4,260,385,865,1436,4560,6935,8865,6253,452,,,,16,76,2066,t3_calmveil
standard,43,b1,blue,top,戰士,rongyan,standard,0,0,0,1,6624,22619,9118,417.5,8.9,18.29,,2,1,1,2,2,557,574,230,518,3707,6054,8530,6253,950,,142,1108,,76,,t3_shieldbreaker|t3_finalstring
standard,43,b2,blue,jungle,戰士,dushe,standard,0,2,0,0,9748,16482,9836,450.3,8.21,16.02,21.55,3,1,1,2,3,790,998,595,285,3890,6428,9145,6253,386,1140,,158,1130,76,,t3_shieldbreaker|t3_finalstring
standard,43,b3,blue,mid,法師,bingshuang,standard,0,1,3,0,15568,13599,8920,408.4,10.34,19.67,,2,0,1,2,2,1613,479,302,470,3873,6229,8332,6253,957,570,,475,,76,,t3_psyward
standard,43,b4,blue,adc,射手,shengyan,standard,0,6,6,1,18534,10633,11713,536.3,10.07,16.58,20.27,3,0,1,2,3,1514,1016,508,763,3674,6096,9358,6253,701,1710,142,475,,76,,t3_shieldbreaker|t3_rendspear
standard,43,b5,blue,sup,輔助,zhanchang,standard,0,1,0,1,6166,14947,10290,471.1,7.38,11.3,16.28,3,1,2,3,3,521,404,376,1059,5121,7434,9606,6253,272,570,285,158,,76,1991,t3_calmveil
standard,43,r1,red,top,戰士,rongyan,standard,1,1,1,0,10414,25839,9863,451.5,8.4,17,21.63,3,1,1,2,3,633,602,484,262,3783,6082,9084,6253,950,570,,855,,456,,t3_shieldbreaker|t3_finalstring
standard,43,r2,red,jungle,戰士,dushe,standard,1,1,0,0,7712,14409,10188,466.4,9.37,16.13,21.54,3,1,1,2,3,205,1707,1011,337,3955,7137,9261,6253,221,570,,380,1380,456,,t3_shieldbreaker|t3_finalstring
standard,43,r3,red,mid,法師,bingshuang,standard,1,1,4,0,15220,12872,9464,433.3,11.66,18.98,,2,0,1,2,2,1400,302,265,1133,3660,5902,8115,6253,1026,,,380,,456,,t3_psyward
standard,43,r4,red,adc,射手,shengyan,standard,1,6,4,0,18580,9449,12418,568.5,10.05,15.98,19.67,3,0,1,3,3,1509,1120,200,618,3669,6500,10500,6253,893,2280,,617,,456,,t3_shieldbreaker|t3_rendspear
standard,43,r5,red,sup,輔助,zhanchang,standard,1,0,1,0,7388,12686,11529,527.8,6.93,12.48,17.92,4,1,2,4,4,554,737,212,1028,4554,7467,10712,6253,367,,,1092,,456,2543,t3_calmveil
standard,44,b1,blue,top,戰士,embercoil,standard,1,0,5,0,29028,46459,13967,392.4,9.57,18.15,24.48,4,1,1,2,4,500,476,1402,936,3650,6006,8552,6253,779,,,1140,,380,,t3_shieldbreaker|t3_finalstring
standard,44,b2,blue,jungle,戰士,jufeng,standard,1,4,5,0,25124,35011,17172,482.5,8.72,15.37,22.95,5,1,1,2,5,17,1286,855,1872,3817,6766,8855,6253,665,,,665,702,570,,t3_shieldbreaker|t3_finalstring
standard,44,b3,blue,mid,法師,mingyun2,standard,1,20,9,0,62118,28632,25899,727.7,10.86,15.84,19.98,5,0,1,3,5,1447,608,54,9748,3707,7108,10604,6253,836,2280,,665,,570,,t3_psyward
standard,44,b4,blue,adc,射手,mirrorshot,standard,1,20,17,1,99528,21856,25120,705.8,10.69,18.99,22.07,5,0,1,2,5,1547,231,287,9519,3707,5911,8837,6253,779,570,,665,,570,,t3_shieldbreaker|t3_rendspear
standard,44,b5,blue,sup,坦克,thornwall,standard,1,1,8,0,14403,41783,16831,472.9,7.28,11.3,16.77,5,1,2,3,5,766,876,562,3230,5266,8116,10542,6253,361,570,,190,,570,2598,t3_calmveil|t3_thornmail
standard,44,r1,red,top,戰士,embercoil,standard,0,7,6,1,31915,50599,18558,521.4,9.7,20.36,23.04,5,1,1,1,5,500,654,2908,3208,3650,5284,8438,6253,589,,,1425,,171,,t3_shieldbreaker|t3_finalstring
standard,44,r2,red,jungle,戰士,jufeng,standard,0,7,5,3,36218,38705,20012,562.3,7.48,16.33,21.26,5,1,1,2,5,394,759,814,4712,4194,6239,9114,6253,351,570,142,,1625,171,,t3_shieldbreaker|t3_finalstring
standard,44,r3,red,mid,法師,mingyun2,standard,0,10,17,0,40920,30493,19182,538.9,9.78,18.01,23.82,5,1,1,2,5,85,416,466,3032,3935,6016,8866,6253,1159,1140,,237,,76,,t3_psyward
standard,44,r4,red,adc,射手,mirrorshot,standard,0,19,16,0,67632,22962,23758,667.5,10.16,17.12,22.07,5,0,1,2,5,1424,483,140,8157,3584,5683,8590,6253,788,1140,,237,,171,,t3_shieldbreaker|t3_rendspear
standard,44,r5,red,sup,坦克,thornwall,standard,0,1,1,5,15238,43536,17410,489.1,7.38,12.9,17.12,5,1,2,3,5,563,458,136,3809,4763,7698,10516,6253,456,570,142,475,,171,2448,t3_calmveil|t3_thornmail
standard,45,b1,blue,top,戰士,cinderfist,standard,0,2,11,0,19168,59282,15971,427.4,9.01,17.97,22.03,5,1,1,2,5,513,231,402,670,3663,5411,9002,6253,696,,,1900,,152,,t3_shieldbreaker|t3_finalstring
standard,45,b2,blue,jungle,戰士,langwang,standard,0,3,11,0,19112,48065,16423,439.5,9.03,15.99,23.12,5,1,1,2,5,127,1042,312,1173,3877,6472,8862,6253,402,570,,475,1010,152,,t3_shieldbreaker|t3_finalstring
standard,45,b3,blue,mid,法師,bingshuang,standard,0,8,14,1,48935,27393,19008,508.7,10.84,21.28,26.68,5,0,1,1,5,1447,239,779,2857,3707,5569,7279,6253,874,,,,,152,,t3_psyward
standard,45,b4,blue,adc,射手,dujian,standard,0,21,15,0,100792,22258,26394,706.3,9.05,17.93,21.15,5,1,1,2,5,466,435,957,10793,3816,6115,9507,6253,916,1710,,475,,152,,t3_shieldbreaker|t3_rendspear
standard,45,b5,blue,sup,輔助,xuemai,standard,0,0,14,3,13954,43143,15751,421.5,5.95,12.38,17.4,5,1,2,3,5,928,254,364,2550,4628,6984,9114,6253,302,,285,,,152,2121,t3_calmveil
standard,45,r1,red,top,戰士,cinderfist,standard,1,13,7,1,42797,62365,23523,629.5,8.12,15.77,20.73,5,1,1,2,5,950,1223,1238,8223,4100,6703,9838,6253,791,1710,285,380,,418,,t3_shieldbreaker|t3_finalstring
standard,45,r2,red,jungle,戰士,langwang,standard,1,3,3,2,15156,27981,17807,476.5,8.72,17.9,22.53,5,1,1,2,5,600,869,1305,2556,3700,5999,8355,6253,152,,142,380,1008,418,,t3_shieldbreaker|t3_finalstring
standard,45,r3,red,mid,法師,bingshuang,standard,1,22,9,1,67651,27446,27906,746.8,10.55,17.77,21.15,5,0,1,2,5,2226,485,188,11755,4486,6985,9588,6253,1254,1140,142,380,,418,,t3_psyward
standard,45,r4,red,adc,射手,dujian,standard,1,26,11,1,124123,20024,29024,776.7,9.93,18.07,22.06,5,1,1,2,5,303,120,771,13423,3653,5800,9021,6253,877,1140,142,380,,228,,t3_shieldbreaker|t3_rendspear
standard,45,r5,red,sup,輔助,xuemai,standard,1,1,4,9,14721,28075,20188,540.3,6.31,12.7,17.45,5,1,2,3,5,247,378,1199,6987,4547,7408,10429,6253,307,570,142,855,,418,1883,t3_calmveil
standard,46,b1,blue,top,戰士,leimingcf,standard,0,3,4,0,12268,36599,12225,459.2,9.08,16.92,21.15,3,1,1,2,3,481,545,883,825,3631,6025,9483,6253,950,1710,,475,,95,,t3_shieldbreaker|t3_finalstring
standard,46,b2,blue,jungle,戰士,tielian,standard,0,2,5,1,12305,26425,11433,429.4,9.07,14.67,22.05,3,1,2,2,3,513,316,509,82,4563,7066,9059,6253,335,1140,285,,1045,0,,t3_shieldbreaker|t3_finalstring
standard,46,b3,blue,mid,法師,mingyun2,standard,0,2,9,0,19737,19313,11180,419.9,10.22,19.63,25.36,3,0,1,2,3,1580,195,280,150,3840,5645,7830,6253,1007,,,475,,95,,t3_psyward
standard,46,b4,blue,adc,射手,tianfa,standard,0,8,9,0,25795,13145,13945,523.8,10.24,20.06,24.87,4,0,1,1,4,1395,242,2084,94,3555,5322,7764,6253,608,570,,237,,95,,t3_shieldbreaker|t3_rendspear
standard,46,b5,blue,sup,輔助,fengshen,standard,0,2,5,0,6269,23854,12874,483.5,6.22,11.81,14.68,4,1,3,3,4,805,182,541,1493,5105,7882,9771,6253,215,1140,,237,17,95,1812,t3_calmveil
standard,46,r1,red,top,戰士,leimingcf,standard,1,6,1,1,17895,30264,15386,577.9,8.73,16.61,19.12,4,1,1,3,4,627,444,827,2406,3777,5924,10427,6253,893,1710,285,855,51,380,,t3_shieldbreaker|t3_finalstring
standard,46,r2,red,jungle,戰士,tielian,standard,1,9,3,1,20931,21579,17155,644.3,9.98,13.81,19.88,5,1,2,3,5,60,500,110,1904,4110,7550,10560,6253,443,1710,,380,1393,380,,t3_shieldbreaker|t3_finalstring
standard,46,r3,red,mid,法師,mingyun2,standard,1,10,3,4,38086,15936,18546,696.6,9.4,15.36,20.06,5,1,1,2,5,370,1026,1907,2396,4220,7526,11307,6253,969,2850,,855,,380,,t3_psyward
standard,46,r4,red,adc,射手,tianfa,standard,1,7,9,0,27887,12905,14186,532.8,9.41,20.06,23.26,4,1,1,1,4,272,448,2476,335,3622,5648,8156,6253,573,570,,380,,380,,t3_shieldbreaker|t3_rendspear
standard,46,r5,red,sup,輔助,fengshen,standard,1,0,1,4,8120,17384,13280,498.8,6.91,11.68,16.34,4,1,2,3,4,1217,541,495,1900,4617,7271,9245,6253,199,,,380,,380,2032,t3_calmveil
standard,47,b1,blue,top,戰士,jufeng,standard,0,0,4,0,8128,27745,9202,395.2,9.02,18.37,,2,1,1,2,2,443,67,309,1121,3593,5417,8039,6253,836,,,950,,0,,t3_shieldbreaker|t3_finalstring
standard,47,b2,blue,jungle,戰士,greymantle,standard,0,0,3,1,6809,17653,8958,384.7,8.71,18.33,,2,1,1,2,2,761,945,227,1077,3861,5825,7807,6253,503,,142,,907,0,,t3_shieldbreaker|t3_finalstring
standard,47,b3,blue,mid,法師,bingshuang,standard,0,2,3,0,14641,13963,10057,431.9,12.34,17.61,21.39,3,0,1,2,3,1219,384,428,606,3479,5284,9008,6253,665,1140,,950,,0,,t3_psyward
standard,47,b4,blue,adc,射手,dawnstrike,standard,0,5,9,0,18682,13395,11703,502.6,10.25,18.08,21.66,3,0,1,2,3,1569,258,757,903,3729,5458,8907,6253,801,1140,,712,,0,,t3_shieldbreaker|t3_rendspear
standard,47,b5,blue,sup,坦克,stoneguard,standard,0,1,3,2,6009,26050,10979,471.5,7.39,13.35,17.24,3,1,2,3,3,196,434,350,1398,4646,7534,9930,6253,424,570,427,237,,0,2017,t3_calmveil|t3_thornmail
standard,47,r1,red,top,戰士,jufeng,standard,1,7,0,2,18158,26890,15535,667.2,8.13,14.51,18.91,4,1,2,3,4,842,279,314,2035,3992,7729,10864,6253,1209,2280,285,285,,551,,t3_shieldbreaker|t3_finalstring
standard,47,r2,red,jungle,戰士,greymantle,standard,1,2,0,3,10495,11421,11706,502.8,8.78,13.3,19.85,3,1,2,3,3,241,948,114,2106,4041,7748,9714,6253,470,1140,142,285,872,551,,t3_shieldbreaker|t3_finalstring
standard,47,r3,red,mid,法師,bingshuang,standard,1,1,2,2,21170,12137,11045,474.4,10.34,15.94,,2,0,1,2,2,1697,586,279,1644,3957,7086,9679,6253,1260,570,285,760,,551,,t3_psyward
standard,47,r4,red,adc,射手,dawnstrike,standard,1,11,6,1,30795,10865,15358,659.6,9.73,18.08,20.61,4,1,1,2,4,291,431,1989,1507,3641,6111,10889,6253,760,2850,285,285,,456,,t3_shieldbreaker|t3_rendspear
standard,47,r5,red,sup,坦克,stoneguard,standard,1,1,0,2,6559,17530,13720,589.3,7.22,12.2,16.42,4,1,2,3,4,94,853,2906,1520,5144,8093,12406,6253,213,570,427,1710,,551,2680,t3_calmveil|t3_thornmail
standard,48,b1,blue,top,戰士,anliuyouXia,standard,0,3,2,0,17877,30063,11494,470.1,9.47,15.93,20.9,3,1,1,2,3,519,762,1242,1243,3669,6292,9522,6253,855,1710,,475,26,202,,t3_shieldbreaker|t3_finalstring
standard,48,b2,blue,jungle,刺客,miwu,standard,0,0,6,2,6634,10400,10037,410.5,8.67,17.42,23.7,3,1,1,2,3,767,1147,719,536,3967,5827,7899,6253,408,,142,,1019,76,,t3_finalstring
standard,48,b3,blue,mid,法師,lieyan,standard,0,7,3,0,15389,15584,13957,570.8,9.8,16.94,21.21,4,1,1,2,4,579,385,568,326,4429,6285,9648,6253,1007,1710,,475,,202,,t3_psyward
standard,48,b4,blue,adc,射手,yanfeng,standard,0,7,7,1,24261,14544,13071,534.6,9.07,18.1,22.07,3,1,1,2,3,402,51,657,1270,3752,5551,9237,6253,734,1710,285,,51,202,,t3_shieldbreaker|t3_rendspear
standard,48,b5,blue,sup,坦克,bingshouweis,standard,0,1,5,2,8588,23470,13803,564.6,6.69,12.86,16.83,4,1,2,3,4,155,418,841,2023,4655,7518,9941,6253,262,,142,475,51,76,2680,t3_calmveil|t3_thornmail
standard,48,r1,red,top,戰士,anliuyouXia,standard,1,3,1,1,15084,28848,11531,471.6,9.63,16.71,21.63,3,1,1,2,3,51,970,415,1101,4201,6500,9065,6253,1045,1140,,285,,342,,t3_shieldbreaker|t3_finalstring
standard,48,r2,red,jungle,刺客,miwu,standard,1,4,4,2,11078,14417,14310,585.3,8.22,14.57,20.13,4,1,2,2,4,356,421,1878,910,4256,7121,10258,6253,418,570,427,285,1961,342,,t3_finalstring
standard,48,r3,red,mid,法師,lieyan,standard,1,2,6,2,17489,14325,11351,464.2,10.61,19.31,23.56,3,0,1,2,3,1447,234,441,520,3707,6434,9341,6253,893,1140,142,760,,152,,t3_psyward
standard,48,r4,red,adc,射手,yanfeng,standard,1,9,7,1,22988,11155,14337,586.4,10.03,15.72,20.83,3,0,1,2,3,1253,1137,406,2536,3413,6817,9306,6253,573,1710,142,285,,342,,t3_shieldbreaker|t3_rendspear
standard,48,r5,red,sup,坦克,bingshouweis,standard,1,5,0,3,9666,21465,14614,597.7,6.48,12.87,14.98,5,1,3,4,5,362,68,501,1013,5162,8968,12701,6253,300,2850,427,285,,342,2242,t3_calmveil|t3_thornmail
standard,49,b1,blue,top,戰士,tielian,standard,0,3,1,1,12907,36933,13686,482.2,9.18,15.93,21.85,4,1,1,2,4,614,678,328,705,3764,6158,8628,6253,893,570,285,475,,152,,t3_shieldbreaker|t3_finalstring
standard,49,b2,blue,jungle,刺客,jueying,standard,0,0,6,2,7254,14347,11782,415.1,8.69,18,23.77,3,1,1,2,3,624,390,580,1352,3824,5670,7710,6253,190,,,,1114,152,,t3_finalstring
standard,49,b3,blue,mid,法師,shikong,standard,0,12,4,1,25434,21688,18392,648,8.98,17.27,22.08,5,1,1,2,5,560,386,637,2241,4410,6586,9537,6253,1231,1140,285,475,,152,,t3_psyward
standard,49,b4,blue,adc,射手,siwang,standard,0,16,8,0,49111,16470,20169,710.6,8.39,15.38,19.36,5,1,1,3,5,794,1409,223,4569,4144,7089,11003,6253,1178,3420,,,,152,,t3_shieldbreaker|t3_rendspear
standard,49,b5,blue,sup,輔助,mingyun,standard,0,0,2,3,8174,22105,15106,532.2,7.51,11.73,16.39,4,1,2,3,4,94,1223,583,3656,4694,7383,10013,6253,307,,285,475,17,152,2523,t3_calmveil
standard,49,r1,red,top,戰士,tielian,standard,1,3,3,2,15676,33045,14332,504.9,9.63,16.68,22.68,4,1,1,2,4,633,840,300,1351,3783,6320,8900,6253,959,570,427,285,,405,,t3_shieldbreaker|t3_finalstring
standard,49,r2,red,jungle,刺客,jueying,standard,1,2,6,0,9954,15253,13414,472.6,9.05,18.24,21,3,1,1,2,3,848,779,685,2334,4048,6359,9015,6253,95,570,,285,1659,152,,t3_finalstring
standard,49,r3,red,mid,法師,shikong,standard,1,9,10,1,31128,18964,16239,572.1,10.57,16.87,20.84,4,0,1,2,4,1498,845,700,1838,3758,7045,10180,6253,874,2280,285,285,51,152,,t3_psyward
standard,49,r4,red,adc,射手,siwang,standard,1,7,8,0,29574,14077,16279,573.6,10.18,18.86,22.08,5,0,1,2,5,1414,351,1321,679,3574,5731,8321,6253,902,,,760,,405,,t3_shieldbreaker|t3_rendspear
standard,49,r5,red,sup,輔助,mingyun,standard,1,0,4,1,9714,21033,13446,473.7,7.36,13.74,18.83,4,1,2,3,4,449,502,987,1995,4449,7242,9937,6253,171,,142,285,,405,2680,t3_calmveil
standard,50,b1,blue,top,戰士,longyi,standard,1,1,4,0,7817,24880,9551,431.9,9.53,17.51,,2,1,1,2,2,481,438,367,1271,3631,5968,8647,6253,627,570,,1045,,152,,t3_shieldbreaker|t3_finalstring
standard,50,b2,blue,jungle,刺客,anye,standard,1,0,4,0,3568,9302,8803,398,9.35,19.31,,2,1,1,2,2,594,246,272,673,3794,5876,7922,6253,342,,,95,1079,152,,t3_finalstring
standard,50,b3,blue,mid,法師,lieyan,standard,1,1,3,0,12009,13726,9817,443.9,10.46,17.29,,2,0,1,2,2,1485,499,303,937,3745,6709,8913,6253,893,570,,1045,,152,,t3_psyward
standard,50,b4,blue,adc,射手,maestro,standard,1,3,6,1,19549,11851,10641,481.1,9.2,16.69,,2,1,1,2,2,515,717,454,1890,3865,5917,9204,6253,804,1140,285,570,,152,,t3_shieldbreaker|t3_rendspear
standard,50,b5,blue,sup,坦克,suishan,standard,1,1,4,0,3875,17720,11566,522.9,6.76,13.67,17.22,3,1,2,3,3,771,204,1082,1985,4671,7584,10662,6253,221,570,,1520,,152,1944,t3_calmveil|t3_thornmail
standard,50,r1,red,top,戰士,longyi,standard,0,11,0,1,12928,22028,17709,800.7,7.4,13.28,15.23,5,1,2,5,5,1159,1169,561,2358,4309,9819,15911,6253,867,5700,285,2375,,430,,t3_shieldbreaker|t3_finalstring
standard,50,r2,red,jungle,刺客,anye,standard,0,3,0,4,8989,11388,12067,545.6,8.07,15.01,19.45,3,1,1,3,3,967,1098,908,936,4167,6728,10608,6253,449,1140,783,,1550,430,,t3_finalstring
standard,50,r3,red,mid,法師,lieyan,standard,0,2,3,6,17463,12880,10823,489.3,10.42,17.13,,2,0,1,2,2,1628,113,107,1342,3888,6613,9007,6253,810,570,1068,,,304,,t3_psyward
standard,50,r4,red,adc,射手,maestro,standard,0,3,3,3,13678,8640,11041,499.2,11.39,17.18,19.97,3,0,1,3,3,1528,706,270,561,3688,5606,10270,6253,696,1710,356,950,,304,,t3_shieldbreaker|t3_rendspear
standard,50,r5,red,sup,坦克,suishan,standard,0,2,0,3,6249,18844,12305,556.3,6.4,11.38,15.8,4,1,2,3,4,619,1239,1572,704,5719,8479,11552,6253,291,1140,641,475,,430,2321,t3_calmveil|t3_thornmail
standard,51,b1,blue,top,戰士,chichuan,standard,0,0,4,0,5741,22738,8284,390.6,8.35,17.78,,2,1,1,2,2,614,199,280,404,3764,5379,7860,6253,703,,,752,,152,,t3_shieldbreaker|t3_finalstring
standard,51,b2,blue,jungle,刺客,hundun,standard,0,0,3,0,3523,8872,8534,402.4,10.18,20.09,,2,0,1,1,2,1700,203,1616,754,3910,5753,8046,6253,446,,,277,821,247,,t3_psyward
standard,51,b3,blue,mid,法師,shikong,standard,0,2,2,0,11721,12447,9418,444.1,10.94,18.59,,2,0,1,2,2,1602,356,114,538,3862,6256,8994,6253,1076,1140,,277,,247,,t3_psyward
standard,51,b4,blue,adc,射手,huanying,standard,0,2,2,0,6880,9019,10681,503.6,10.17,17.66,20.91,3,0,1,2,3,1471,206,1069,180,3631,6006,9819,6253,703,1140,,1425,51,247,,t3_shieldbreaker|t3_rendspear
standard,51,b5,blue,sup,坦克,tieshixin,standard,0,1,3,0,4330,16781,10858,512,6.65,13.44,17.48,4,1,2,3,4,1127,602,517,57,4627,7002,9997,6253,300,570,,118,,247,2506,t3_calmveil|t3_thornmail
standard,51,r1,red,top,戰士,chichuan,standard,1,3,0,2,7245,17513,11405,537.8,9.24,14.23,19.13,3,1,2,3,3,636,343,329,905,3786,7143,10829,6253,880,1710,427,1140,,418,,t3_shieldbreaker|t3_finalstring
standard,51,r2,red,jungle,刺客,hundun,standard,1,1,1,2,6396,8845,10428,491.7,9.36,17.4,,2,1,1,2,2,465,1023,379,1578,4265,6873,9229,6253,155,,427,190,1785,418,,t3_psyward
standard,51,r3,red,mid,法師,shikong,standard,1,3,2,2,10857,12778,11693,551.4,10.3,14.97,19.13,3,0,2,3,3,2169,166,148,743,4429,7716,11098,6253,1197,1710,570,1140,,228,,t3_psyward
standard,51,r4,red,adc,射手,huanying,standard,1,6,1,1,19459,8268,12669,597.3,8.13,16.48,19.93,3,1,1,3,3,968,1007,306,868,4318,6687,10306,6253,1212,1710,285,427,,418,,t3_shieldbreaker|t3_rendspear
standard,51,r5,red,sup,坦克,tieshixin,standard,1,1,1,0,3541,14972,11215,528.8,7.84,12.65,16.63,3,1,2,3,3,176,1239,721,1335,4576,7939,10601,6253,354,570,,427,,418,2577,t3_calmveil|t3_thornmail
standard,52,b1,blue,top,戰士,xueyue,standard,0,4,2,0,10102,31419,12083,500.8,7.01,13.74,17.21,3,1,2,3,3,785,459,114,682,4885,7859,10614,6253,1016,2280,,760,,304,,t3_shieldbreaker|t3_finalstring
standard,52,b2,blue,jungle,刺客,razorwing,standard,0,0,3,1,8495,13208,10278,426,9.14,16.27,23.53,3,1,1,2,3,783,819,292,327,3983,6399,8622,6253,418,,285,285,1077,304,,t3_finalstring
standard,52,b3,blue,mid,法師,lieyan,standard,0,7,5,0,16804,16248,13844,573.8,10.41,16.84,20.49,4,0,1,2,4,2695,716,1042,193,4955,7216,10522,6253,924,2280,,760,,304,,t3_psyward
standard,52,b4,blue,adc,射手,guangsu,standard,0,9,9,0,20534,13217,14667,608,9.57,17.52,19.42,4,1,1,3,4,234,716,215,866,3584,6396,10215,6253,617,2280,,760,,304,,t3_shieldbreaker|t3_rendspear
standard,52,b5,blue,sup,輔助,shiguang,standard,0,1,5,1,6327,20879,12028,498.6,7.13,11.64,17.88,4,1,2,3,4,336,737,910,1327,4636,7477,10340,6253,253,570,285,285,,304,2389,t3_calmveil
standard,52,r1,red,top,戰士,xueyue,standard,1,3,2,0,14245,27958,12238,507.3,8.37,13.83,21.33,3,1,2,2,3,557,141,389,838,3707,7241,8989,6253,874,1710,,,,152,,t3_shieldbreaker|t3_finalstring
standard,52,r2,red,jungle,刺客,razorwing,standard,1,2,3,3,5807,13329,12629,523.5,8.67,14.05,21.13,3,1,2,2,3,283,149,1444,1549,4133,7099,9774,6253,513,570,712,,1573,152,,t3_finalstring
standard,52,r3,red,mid,法師,lieyan,standard,1,1,9,0,14798,14169,9550,395.8,11.05,20.88,,2,0,1,1,2,1371,416,972,639,3631,5446,7472,6253,908,,,158,,152,,t3_psyward
standard,52,r4,red,adc,射手,guangsu,standard,1,18,6,0,42462,12545,20614,854.5,7.18,14.71,17.95,5,1,2,4,5,337,362,266,5013,5417,7982,13486,6253,984,5700,,395,,152,,t3_shieldbreaker|t3_rendspear
standard,52,r5,red,sup,輔助,shiguang,standard,1,0,1,5,7662,15691,13250,549.2,6.33,11.55,17.88,4,1,2,4,4,939,1262,592,1799,4639,8002,10992,6253,519,,1282,395,,152,2389,t3_calmveil
standard,53,b1,blue,top,戰士,langwang,standard,1,7,0,0,11491,24481,13271,572.4,8.72,18.85,19.72,4,1,1,3,4,636,396,375,290,3786,5876,10455,6253,1086,2280,,380,,456,,t3_shieldbreaker|t3_finalstring
standard,53,b2,blue,jungle,刺客,jingxiang,standard,1,0,2,2,3917,10754,10079,434.8,8.73,16.63,22.5,3,1,1,2,3,777,838,1545,429,3977,6118,8675,6253,256,,285,380,1044,456,,t3_finalstring
standard,53,b3,blue,mid,法師,auralith,standard,1,0,1,0,10647,13122,9144,394.4,10.29,20.56,,2,0,1,1,2,1675,87,1615,514,3935,5987,8115,6253,1026,,,380,,456,,t3_psyward
standard,53,b4,blue,adc,射手,mori,standard,1,11,5,2,28001,12555,16526,712.8,9.57,15.45,18.77,5,1,1,3,5,490,1409,1849,925,3840,7089,13229,6253,1105,3990,570,855,,456,,t3_shieldbreaker|t3_rendspear
standard,53,b5,blue,sup,輔助,fuwenbianzhi,standard,1,2,1,1,5509,14094,14434,622.6,5.78,11.93,16.13,5,1,2,3,5,917,566,4764,1234,4617,7306,13344,6253,250,1140,285,2280,,456,2680,t3_calmveil
standard,53,r1,red,top,戰士,langwang,standard,0,1,3,0,7856,21589,9946,429,8.28,17.31,23.06,3,1,1,2,3,605,624,458,345,3755,6104,8688,6253,839,570,,950,,76,,t3_shieldbreaker|t3_finalstring
standard,53,r2,red,jungle,刺客,jingxiang,standard,0,1,3,0,4547,9934,10231,441.3,8.68,17.5,22.49,3,1,1,2,3,227,1691,1040,481,4077,6621,8770,6253,399,570,,,1471,76,,t3_finalstring
standard,53,r3,red,mid,法師,auralith,standard,0,1,4,1,14291,14710,10018,432.1,10.98,19.13,,2,0,1,2,2,1409,818,693,938,3669,5968,8723,6253,1064,570,285,475,,76,,t3_psyward
standard,53,r4,red,adc,射手,mori,standard,0,6,7,0,18143,10678,12115,522.6,9.23,19.35,21.68,3,1,1,2,3,329,317,957,1164,3679,5997,8277,6253,807,1140,,,,76,,t3_shieldbreaker|t3_rendspear
standard,53,r5,red,sup,輔助,fuwenbianzhi,standard,0,0,3,1,4233,16675,11186,482.5,6.19,12.02,17.9,4,1,2,3,4,563,290,716,786,4563,7030,9596,6253,310,,,475,,76,2481,t3_calmveil
standard,54,b1,blue,top,戰士,kuangfeng,standard,0,2,0,1,13752,24317,10314,444.3,7.67,16.69,21.95,3,1,1,2,3,174,394,667,184,4024,5924,8717,6253,962,570,285,475,,171,,t3_shieldbreaker|t3_finalstring
standard,54,b2,blue,jungle,刺客,sting,standard,0,2,2,1,7938,12791,10683,460.2,9.61,17.29,21.9,3,1,1,2,3,631,215,246,203,3831,5845,8626,6253,389,570,,,1242,171,,t3_finalstring
standard,54,b3,blue,mid,法師,xingjie,standard,0,5,3,1,16882,15164,12049,519,10.22,17.68,21.9,3,0,1,2,3,1599,120,304,1699,3859,5550,8704,6253,950,570,285,475,,171,,t3_psyward
standard,54,b4,blue,adc,射手,leiting,standard,0,4,4,0,14104,9250,10480,451.4,9.65,19.09,22.3,3,1,1,2,3,193,352,1186,479,3543,6032,8806,6253,741,1710,,,26,76,,t3_shieldbreaker|t3_rendspear
standard,54,b5,blue,sup,坦克,ironclad,standard,0,1,1,2,5977,20267,12309,530.2,5.81,12.38,17.71,4,1,2,3,4,264,297,857,709,5064,7537,10237,6253,186,570,,475,51,171,2529,t3_calmveil|t3_thornmail
standard,54,r1,red,top,戰士,kuangfeng,standard,1,1,1,0,12624,25170,11188,481.9,9.02,16.82,21.48,3,1,1,2,3,557,850,291,338,3707,6380,8641,6253,677,570,,760,,380,,t3_shieldbreaker|t3_finalstring
standard,54,r2,red,jungle,刺客,sting,standard,1,1,3,1,8572,11804,10766,463.7,8.72,14.99,20.98,3,1,2,2,3,879,78,1075,286,4079,7258,9455,6253,183,570,285,285,1497,380,,t3_finalstring
standard,54,r3,red,mid,法師,xingjie,standard,1,2,2,0,16124,13941,10282,442.9,10.21,18.14,,2,0,1,2,2,1637,509,364,1072,3897,6709,8514,6253,1026,570,,285,,380,,t3_psyward
standard,54,r4,red,adc,射手,leiting,standard,1,6,6,0,20483,10426,12604,542.9,9.6,17.67,21.21,3,1,1,2,3,357,557,871,803,3707,6237,9771,6253,1143,1710,,285,,380,,t3_shieldbreaker|t3_rendspear
standard,54,r5,red,sup,坦克,ironclad,standard,1,0,2,1,8679,21141,11557,497.8,6.89,12.3,18.55,4,1,2,3,4,1008,468,579,256,4608,7708,9959,6253,275,,285,285,,380,2480,t3_calmveil|t3_thornmail
standard,55,b1,blue,top,戰士,greymantle,standard,1,0,4,0,11158,27342,9931,394.2,9.06,18.21,,2,1,1,2,2,627,231,139,1701,3777,5411,7539,6253,734,,,475,,76,,t3_shieldbreaker|t3_finalstring
standard,55,b2,blue,jungle,刺客,yingsi,standard,1,0,4,0,8277,12848,9778,388.1,8.31,17.34,,2,1,1,2,2,819,494,671,1697,4019,5774,7621,6253,437,,,,855,76,,t3_finalstring
standard,55,b3,blue,mid,法師,auralith,standard,1,8,5,0,23898,15440,14852,589.6,9.63,17.08,21.21,4,1,1,2,4,155,161,516,1702,4005,6361,9116,6253,1076,1710,,,,76,,t3_psyward
standard,55,b4,blue,adc,射手,liangzi,standard,1,8,8,0,24066,11904,13785,547.2,9.63,17.39,20.68,4,1,1,2,4,227,230,780,185,3577,5430,9030,6253,753,1710,,237,,76,,t3_shieldbreaker|t3_rendspear
standard,55,b5,blue,sup,輔助,huanjing,standard,1,0,2,1,9050,18172,12476,495.2,5.72,12.69,17.79,4,1,2,3,4,406,436,547,1025,4706,6876,9127,6253,455,,285,237,,76,1819,t3_calmveil
standard,55,r1,red,top,戰士,greymantle,standard,0,4,0,0,15756,30160,11720,465.2,9.17,19.18,23.57,3,1,1,2,3,453,251,212,320,3603,5731,7612,6253,636,,,285,,437,,t3_shieldbreaker|t3_finalstring
standard,55,r2,red,jungle,刺客,yingsi,standard,0,3,2,0,9459,16706,13070,518.8,8.25,15.7,20.46,4,1,1,2,4,409,1598,1555,619,4259,7178,9885,6253,380,570,,522,1722,437,,t3_finalstring
standard,55,r3,red,mid,法師,auralith,standard,0,5,7,0,14578,14919,12623,501.1,10.5,19.44,22.68,3,0,1,2,3,1599,471,522,422,3859,6671,9122,6253,1197,1140,,285,,247,,t3_psyward
standard,55,r4,red,adc,射手,liangzi,standard,0,10,7,0,21508,12676,15368,610.1,10.07,15.85,19.53,4,0,1,3,4,1576,811,286,1518,3736,6491,10766,6253,1035,2850,,285,,342,,t3_shieldbreaker|t3_rendspear
standard,55,r5,red,sup,輔助,huanjing,standard,0,1,0,5,6688,19650,13935,553.2,6.5,11.47,15.43,5,1,2,4,5,283,1642,656,734,5133,8382,11536,6253,285,570,855,997,,437,2138,t3_calmveil
standard,56,b1,blue,top,戰士,ravager,standard,0,0,1,0,12179,28169,9562,401.5,9.23,18.13,,2,1,1,2,2,462,142,149,961,3612,5322,7849,6253,665,,,570,,361,,t3_shieldbreaker|t3_finalstring
standard,56,b2,blue,jungle,刺客,youming,standard,0,1,5,1,5231,12852,10021,420.8,8.52,17.23,23.06,3,1,1,2,3,617,529,125,370,3817,5809,8455,6253,389,570,,95,975,171,,t3_finalstring
standard,56,b3,blue,mid,法師,xingjie,standard,0,3,4,0,13206,14689,11006,462.1,10.25,19.52,23.47,3,0,1,2,3,1713,311,1059,175,3973,5911,8609,6253,1330,570,,95,,361,,t3_psyward
standard,56,b4,blue,adc,射手,shengyan,standard,0,10,3,1,25510,10538,16449,690.7,7.38,15.79,20.05,4,1,1,2,4,477,868,2881,2599,4477,6548,11431,6253,1206,2850,285,570,,266,,t3_shieldbreaker|t3_rendspear
standard,56,b5,blue,sup,輔助,zhanchang,standard,0,2,1,2,6619,16286,12546,526.8,7.99,12.74,18.55,4,1,2,3,4,368,892,1128,1096,4668,7632,10558,6253,513,570,285,95,,361,2480,t3_calmveil
standard,56,r1,red,top,戰士,ravager,standard,1,3,2,0,14790,27295,11907,499.9,9.63,16.53,21.17,3,1,1,2,3,137,876,1346,506,4237,6356,8446,6253,712,570,,665,17,228,,t3_shieldbreaker|t3_finalstring
standard,56,r2,red,jungle,刺客,youming,standard,1,4,3,0,8071,12228,12393,520.3,8.5,17.23,17.87,3,1,1,3,3,985,2314,697,1312,4185,7594,10827,6253,323,2280,,190,1552,228,,t3_finalstring
standard,56,r3,red,mid,法師,xingjie,standard,1,4,3,2,15352,14784,12868,540.3,10.79,18.43,21.84,3,0,1,2,3,1523,348,1074,1087,3783,6548,8904,6253,1187,570,,665,,228,,t3_psyward
standard,56,r4,red,adc,射手,shengyan,standard,1,3,5,0,18871,9807,10464,439.4,10.98,20.43,23.47,3,0,1,1,3,1167,356,1685,464,3327,5436,7365,6253,456,,,427,,228,,t3_shieldbreaker|t3_rendspear
standard,56,r5,red,sup,輔助,zhanchang,standard,1,0,3,2,4741,16679,11928,500.8,6.38,12.27,17.55,4,1,2,3,4,449,464,851,1048,4449,7204,9731,6253,247,,,427,,228,2575,t3_calmveil
standard,57,b1,blue,top,戰士,leimingcf,standard,0,0,4,1,10139,25557,8583,380.4,9.86,18.68,,2,1,1,2,2,443,667,334,503,3593,5417,7764,6253,893,,142,475,,0,,t3_shieldbreaker|t3_finalstring
standard,57,b2,blue,jungle,刺客,yueying,standard,0,0,5,0,5184,11201,8989,398.3,8.63,17.14,,2,1,1,2,2,888,829,279,858,4088,6159,7929,6253,478,,,,1198,0,,t3_finalstring
standard,57,b3,blue,mid,法師,auralith,standard,0,1,6,0,9124,15249,9761,432.6,10.39,18.52,,2,0,1,2,2,1523,268,138,881,3783,5598,8448,6253,1149,570,,475,,0,,t3_psyward
standard,57,b4,blue,adc,射手,xingchen,standard,0,3,9,0,11097,12752,10008,443.5,9.72,19.42,,2,1,1,2,2,215,113,211,1258,3565,5313,8011,6253,712,570,,475,,0,,t3_shieldbreaker|t3_rendspear
standard,57,b5,blue,sup,坦克,thornwall,standard,0,0,0,1,5765,22003,10275,455.3,7.49,13.38,17.73,3,1,2,3,3,632,349,381,695,4532,7429,9361,6253,452,,142,475,,0,2037,t3_calmveil|t3_thornmail
standard,57,r1,red,top,戰士,leimingcf,standard,1,1,0,0,10079,20582,10930,484.3,9.19,16.06,,2,1,1,2,2,519,1065,263,2279,3669,6595,8913,6253,1083,570,,475,,532,,t3_shieldbreaker|t3_finalstring
standard,57,r2,red,jungle,刺客,yueying,standard,1,4,1,0,8331,11132,12633,559.8,8.7,13.61,18.2,3,1,2,3,3,1136,695,265,1502,4336,7875,11395,6253,228,2280,,475,1626,532,,t3_finalstring
standard,57,r3,red,mid,法師,auralith,standard,1,4,2,0,14735,12623,11826,524.1,10.06,18.11,21.97,3,0,1,2,3,1590,204,73,226,3850,6104,8973,6253,905,570,,712,,532,,t3_psyward
standard,57,r4,red,adc,射手,xingchen,standard,1,15,1,1,29035,10108,18590,823.8,7.9,12.66,16.89,5,1,2,4,5,357,596,1963,2990,4657,9496,15813,6253,1190,6840,285,712,,532,,t3_shieldbreaker|t3_rendspear
standard,57,r5,red,sup,坦克,thornwall,standard,1,0,0,2,6204,15369,12482,553.1,6.37,12.29,16.93,4,1,2,3,4,1777,575,1321,881,4677,7815,11301,6253,316,,570,950,,532,2679,t3_calmveil|t3_thornmail
standard,58,b1,blue,top,坦克,tiankong,standard,0,1,0,0,5407,21137,8794,415.8,6.73,13.39,,2,1,2,2,2,365,307,1003,1503,4315,6557,8293,6253,943,570,,475,51,0,,t3_calmveil|t3_thornmail
standard,58,b2,blue,jungle,戰士,tielian,standard,0,1,2,1,8666,12442,9397,444.3,9.1,15.97,,2,1,1,2,2,957,934,750,1117,4057,6164,9030,6253,810,570,285,237,873,0,,t3_finalstring|t3_shieldbreaker
standard,58,b3,blue,mid,法師,xingjie,standard,0,1,4,1,12163,11848,8429,398.5,11.82,19.8,,2,0,1,2,2,1507,117,78,578,3767,6047,7928,6253,820,570,285,,,0,,t3_psyward
standard,58,b4,blue,adc,射手,dujian,standard,0,3,3,0,13778,10563,10368,490.2,8.59,17.61,19.83,3,1,1,3,3,207,355,305,767,4207,5855,9905,6253,703,1710,,1187,51,0,,t3_shieldbreaker|t3_rendspear
standard,58,b5,blue,sup,坦克,tiebi,standard,0,0,1,1,3762,16644,9340,441.6,6.53,14.1,19.86,3,1,2,3,3,641,480,278,740,4541,6840,8878,6253,294,,285,,,0,2045,t3_calmveil|t3_thornmail
standard,58,r1,red,top,坦克,tiankong,standard,1,1,0,0,6887,19351,10527,497.7,7.95,14.42,18.97,3,1,2,3,3,581,310,839,496,4231,6720,9969,6253,1171,570,,1235,17,722,,t3_calmveil|t3_thornmail
standard,58,r2,red,jungle,戰士,tielian,standard,1,1,0,0,5955,9530,9904,468.3,9.82,20.28,,2,1,1,1,2,259,862,3444,1623,4059,6092,8674,6253,72,,,285,1340,722,,t3_finalstring|t3_shieldbreaker
standard,58,r3,red,mid,法師,xingjie,standard,1,1,1,2,14380,11522,10015,473.5,9.69,17.27,,2,1,1,2,2,231,345,1608,615,4081,6095,9458,6253,1057,570,570,285,,722,,t3_psyward
standard,58,r4,red,adc,射手,dujian,standard,1,7,4,0,22768,9716,12875,608.7,10.09,15.63,19.83,3,0,1,3,3,1759,657,559,1074,3919,5857,11709,6253,744,3420,,760,,532,,t3_shieldbreaker|t3_rendspear
standard,58,r5,red,sup,坦克,tiebi,standard,1,0,1,0,4844,14486,11016,520.9,6.39,11.81,17.36,3,1,2,3,3,1242,665,1079,1036,4842,7445,10459,6253,297,,,760,,722,2425,t3_calmveil|t3_thornmail
standard,59,b1,blue,top,坦克,tiebi,standard,0,0,2,0,4752,23430,8959,412.9,9.28,15.21,19.69,3,1,1,3,3,719,488,247,329,3669,5788,8397,6253,775,,,1140,,228,,t3_calmveil|t3_thornmail
standard,59,b2,blue,jungle,戰士,cinderfist,standard,0,1,4,0,7077,15186,9270,427.2,8.57,15.98,,2,1,1,2,2,616,663,547,1089,3716,6093,8727,6253,253,570,,190,1232,228,,t3_shieldbreaker|t3_finalstring
standard,59,b3,blue,mid,法師,gambler,standard,0,1,3,0,9356,13818,9472,436.5,10.28,18.26,,2,0,1,2,2,1580,201,1022,392,3840,6101,8872,6253,1155,570,,665,,228,,t3_psyward
standard,59,b4,blue,adc,射手,tianfa,standard,0,1,5,0,9119,8965,8231,379.3,10.39,19.73,,2,0,1,2,2,1262,132,688,280,3422,5512,7688,6253,446,570,,190,,228,,t3_shieldbreaker|t3_rendspear
standard,59,b5,blue,sup,輔助,fengshen,standard,0,1,3,1,6809,18932,10560,486.6,5.83,11.18,15.11,3,1,2,3,3,169,945,711,1330,5019,7975,9941,6253,218,570,285,665,,228,1721,t3_calmveil
standard,59,r1,red,top,坦克,tiebi,standard,1,4,1,2,9472,20136,12219,563.1,9.03,12.61,18.13,3,1,2,3,3,928,442,691,2288,3878,7372,10621,6253,912,1710,285,1140,17,304,,t3_calmveil|t3_thornmail
standard,59,r2,red,jungle,戰士,cinderfist,standard,1,3,0,3,8664,11488,12385,570.7,9.89,15.56,18.68,3,1,1,3,3,160,1715,549,1034,4210,6845,10399,6253,443,1140,142,348,1768,304,,t3_shieldbreaker|t3_finalstring
standard,59,r3,red,mid,法師,gambler,standard,1,4,0,0,13137,11233,11189,515.6,10.2,16.75,,2,0,1,2,2,1599,266,1516,1789,3859,6466,10266,6253,1029,2280,,348,51,304,,t3_psyward
standard,59,r4,red,adc,射手,tianfa,standard,1,5,2,2,25524,9934,12211,562.7,9.18,17.7,19.22,3,1,1,3,3,395,763,1288,831,3745,6443,11288,6253,1026,2850,427,427,,304,,t3_shieldbreaker|t3_rendspear
standard,59,r5,red,sup,輔助,fengshen,standard,1,1,1,3,6570,13390,12467,574.5,6.26,12.83,17.02,4,1,2,3,4,601,125,1497,1686,4601,7155,10727,6253,237,,570,1535,,304,1826,t3_calmveil
standard,60,b1,blue,top,坦克,shengdun,standard,0,1,1,0,6142,19762,8956,422,7.39,15.95,20.39,3,1,1,2,3,399,723,835,406,4049,5873,8565,6253,791,570,,950,,0,,t3_calmveil|t3_thornmail
standard,60,b2,blue,jungle,戰士,dushe,standard,0,0,1,0,6586,15394,8049,379.2,7.81,17.34,,2,1,1,2,2,140,546,382,249,3940,5776,7582,6253,490,,,,837,0,,t3_finalstring|t3_shieldbreaker
standard,60,b3,blue,mid,法師,ronghuo,standard,0,0,5,0,10820,13479,8019,377.8,10.67,19.27,,2,0,1,2,2,1308,580,277,189,3568,5430,7627,6253,899,,,475,,0,,t3_psyward
standard,60,b4,blue,adc,射手,dawnstrike,standard,0,3,7,0,12600,11973,9631,453.8,10.46,18.38,,2,0,1,2,2,1398,515,211,880,3558,5895,8061,6253,763,570,,475,,0,,t3_shieldbreaker|t3_rendspear
standard,60,b5,blue,sup,坦克,stoneguard,standard,0,0,5,0,6292,22327,9470,446.2,6.98,13.52,19.43,3,1,2,3,3,644,324,399,490,4544,6824,9079,6253,170,,,475,,0,2179,t3_calmveil|t3_thornmail
standard,60,r1,red,top,坦克,shengdun,standard,1,4,0,0,9706,17923,11939,562.5,8.22,12.52,18.18,4,1,2,3,4,244,340,378,289,3894,7330,10408,6253,820,2280,,522,,532,,t3_calmveil|t3_thornmail
standard,60,r2,red,jungle,戰士,dushe,standard,1,4,0,1,6947,8508,11996,565.2,8.92,14.72,21.13,3,1,2,2,3,648,240,3096,595,4448,7740,11376,6253,253,2280,142,285,1630,532,,t3_finalstring|t3_shieldbreaker
standard,60,r3,red,mid,法師,ronghuo,standard,1,3,2,6,18520,12122,12649,595.9,10.68,14.4,20.7,3,0,2,2,3,1599,375,1290,1048,3859,7925,10690,6253,1387,570,1425,522,,532,,t3_psyward
standard,60,r4,red,adc,射手,dawnstrike,standard,1,7,1,1,23116,8560,12649,595.9,11.32,14.98,19.93,3,0,2,3,3,1588,104,233,848,3748,7004,11383,6253,750,3420,142,285,,532,,t3_shieldbreaker|t3_rendspear
standard,60,r5,red,sup,坦克,stoneguard,standard,1,1,1,1,9161,17781,11758,553.9,7.28,11.33,17.15,4,1,2,3,4,409,469,959,457,5209,7709,10939,6253,284,570,285,1235,,532,1778,t3_calmveil|t3_thornmail
standard,61,b1,blue,top,坦克,shiqiang,standard,1,2,2,0,14553,37617,12911,466.2,9.03,16.13,20.23,4,1,1,2,4,643,549,290,1061,3593,5949,8020,6253,646,570,,475,,76,,t3_calmveil|t3_thornmail
standard,61,b2,blue,jungle,戰士,jufeng,standard,1,1,4,0,8095,17752,11365,410.4,9.27,18.68,25.34,3,1,1,2,3,560,411,325,585,3660,5641,7525,6253,186,,,,1008,76,,t3_finalstring|t3_shieldbreaker
standard,61,b3,blue,mid,法師,gambler,standard,1,1,4,1,23471,21216,11731,423.6,10.36,17.77,25.55,3,0,1,2,3,1466,610,191,531,3726,6210,8421,6253,1046,570,,475,,76,,t3_psyward
standard,61,b4,blue,adc,射手,yanfeng,standard,1,8,7,0,30078,15872,15045,543.3,10.73,17.13,22.41,4,0,1,2,4,1357,343,206,1495,3517,5493,7726,6253,589,570,,237,,76,,t3_shieldbreaker|t3_rendspear
standard,61,b5,blue,sup,坦克,bingshouweis,standard,1,0,4,2,6318,29006,12309,444.5,7.08,13.88,17.65,4,1,2,3,4,268,305,224,529,4468,7105,9204,6253,267,,285,237,,76,2085,t3_calmveil|t3_thornmail
standard,61,r1,red,top,坦克,shiqiang,standard,0,6,1,0,21676,31582,15840,572,7.47,14,20.02,5,1,2,2,5,1384,80,3548,2190,4334,7070,10838,6253,1830,1140,,1235,,380,,t3_calmveil|t3_thornmail
standard,61,r2,red,jungle,戰士,jufeng,standard,0,3,2,1,12602,17468,13881,501.3,8.75,14.78,20.79,4,1,2,2,4,223,156,1800,1480,4623,7256,10030,6253,247,1140,95,285,1630,380,,t3_finalstring|t3_shieldbreaker
standard,61,r3,red,mid,法師,gambler,standard,0,3,6,4,25842,18847,13969,504.4,10.73,20.68,25.73,3,0,1,1,3,1618,207,1555,3418,3878,5807,8055,6253,899,,237,285,,380,,t3_psyward
standard,61,r4,red,adc,射手,yanfeng,standard,0,8,2,1,33577,13495,15992,577.5,10.2,16.62,21.24,4,0,1,2,4,2127,710,586,2142,4287,6510,9166,6253,870,1140,,522,,380,,t3_shieldbreaker|t3_rendspear
standard,61,r5,red,sup,坦克,bingshouweis,standard,0,1,1,2,6778,27914,13503,487.6,6.72,12.87,18.17,4,1,2,3,4,373,173,308,1303,4573,7413,10288,6253,256,,237,522,,380,2637,t3_calmveil|t3_thornmail
standard,62,b1,blue,top,坦克,tiemu,standard,0,1,1,0,7982,29687,10402,448.9,9.24,14.61,19.86,3,1,2,3,3,271,232,162,652,3821,6082,9312,6253,1197,570,,1140,,152,,t3_calmveil|t3_thornmail
standard,62,b2,blue,jungle,戰士,langwang,standard,0,0,3,0,6319,18317,9247,399,9.32,16.83,,2,1,1,2,2,631,830,192,696,3731,6260,8142,6253,218,,,427,1090,152,,t3_shieldbreaker|t3_finalstring
standard,62,b3,blue,mid,法師,ronghuo,standard,0,1,4,0,13255,15551,9348,403.3,10.43,19.57,,2,0,1,2,2,1466,230,214,297,3726,6130,7764,6253,931,,,427,,152,,t3_psyward
standard,62,b4,blue,adc,射手,siwang,standard,0,3,4,0,18102,9946,10041,433.3,10.28,17.83,22.42,3,0,1,2,3,1433,497,267,341,3593,6177,7887,6253,722,570,,190,,152,,t3_shieldbreaker|t3_rendspear
standard,62,b5,blue,sup,輔助,mingyun,standard,0,0,3,0,3935,17295,9906,427.4,6.12,11.88,18.2,3,1,2,3,3,178,389,432,865,4478,7119,8892,6253,161,,,190,,152,2135,t3_calmveil
standard,62,r1,red,top,坦克,tiemu,standard,1,4,0,0,10127,23203,13302,574,7.94,12.99,17.39,4,1,2,3,4,991,277,1812,1151,4541,6907,11262,6253,1076,2280,,1203,68,380,,t3_calmveil|t3_thornmail
standard,62,r2,red,jungle,戰士,langwang,standard,1,3,0,1,12424,16745,12666,546.5,7.88,15.33,19.53,3,1,1,3,3,201,1598,157,1736,4251,7028,10607,6253,456,1140,285,570,1523,380,,t3_shieldbreaker|t3_finalstring
standard,62,r3,red,mid,法師,ronghuo,standard,1,3,2,1,17948,13218,11381,491.1,9.64,17.82,22.42,3,1,1,2,3,123,235,722,530,3973,5835,8752,6253,1295,570,,253,,380,,t3_psyward
standard,62,r4,red,adc,射手,siwang,standard,1,3,3,1,23728,9059,11780,508.3,10.28,17.45,21.17,3,0,1,2,3,1528,355,821,399,3688,6035,8771,6253,886,,285,965,,380,,t3_shieldbreaker|t3_rendspear
standard,62,r5,red,sup,輔助,mingyun,standard,1,2,0,1,5122,15376,12525,540.5,5.73,11.48,15.85,4,1,2,3,4,293,501,1450,1145,5143,7531,10200,6253,275,570,,807,,380,1914,t3_calmveil
standard,63,b1,blue,top,坦克,dadi,standard,0,1,1,0,7733,22660,9419,421.3,8.82,14.62,21.04,3,1,2,2,3,833,194,1303,269,3783,6044,8533,6253,836,570,,475,,399,,t3_calmveil|t3_thornmail
standard,63,b2,blue,jungle,戰士,jingci,standard,0,2,0,0,8413,15667,10778,482.1,8.99,16.14,20.95,3,1,1,2,3,490,1126,708,328,4540,6556,9258,6253,516,570,,475,1044,399,,t3_shieldbreaker|t3_finalstring
standard,63,b3,blue,mid,法師,gambler,standard,0,4,5,0,13125,14217,10724,479.6,10.83,18.18,,2,0,1,2,2,1441,132,886,1324,3701,5582,8736,6253,943,1140,,,,399,,t3_psyward
standard,63,b4,blue,adc,射手,phantom,standard,0,5,6,2,20490,9458,11627,520,9.54,18.31,21.06,3,1,1,2,3,223,662,1327,246,4223,6342,10227,6253,725,2280,427,237,,304,,t3_shieldbreaker|t3_rendspear
standard,63,b5,blue,sup,輔助,tianshi,standard,0,0,2,3,7218,17274,10646,476.2,6.67,13.31,16.15,3,1,2,3,3,235,446,1138,1416,4535,7176,9798,6253,171,,712,237,,399,2024,t3_calmveil
standard,63,r1,red,top,坦克,dadi,standard,1,3,0,0,10685,25610,11357,508,8.75,15.15,19.21,3,1,1,3,3,719,763,86,1427,3669,6063,9236,6253,1121,570,,1140,,152,,t3_calmveil|t3_thornmail
standard,63,r2,red,jungle,戰士,jingci,standard,1,3,1,0,6553,12685,11125,497.6,8.82,17.02,20.38,3,1,1,2,3,173,1871,1563,374,4523,7001,10113,6253,285,1710,,190,1523,152,,t3_shieldbreaker|t3_finalstring
standard,63,r3,red,mid,法師,gambler,standard,1,1,3,0,13486,12478,9049,404.7,11.59,20.27,,2,0,1,1,2,1352,169,1036,68,3612,5769,7536,6253,940,,,190,,152,,t3_psyward
standard,63,r4,red,adc,射手,phantom,standard,1,7,6,1,25199,10770,13124,587,8.18,15.28,20.13,3,1,1,2,3,756,1457,1828,1324,4106,7137,10728,6253,522,2850,285,665,,152,,t3_shieldbreaker|t3_rendspear
standard,63,r5,red,sup,輔助,tianshi,standard,1,0,2,2,6145,15470,11147,498.6,7.36,13.25,16.94,3,1,2,3,3,168,581,376,1917,4468,7611,9606,6253,285,,285,665,,152,1965,t3_calmveil
standard,64,b1,blue,top,坦克,tixue,standard,1,1,3,2,9523,20811,9417,453.8,7.74,14.56,19.26,3,1,2,3,3,369,231,337,767,4019,6641,8987,6253,995,570,427,285,,456,,t3_calmveil|t3_thornmail
standard,64,b2,blue,jungle,戰士,greymantle,standard,1,0,2,1,6445,11406,8920,429.9,9.26,16.46,,2,1,1,2,2,792,1046,510,640,3892,6276,8490,6253,298,,142,285,959,551,,t3_finalstring|t3_shieldbreaker
standard,64,b3,blue,mid,法師,ronghuo,standard,1,4,1,1,14113,11335,11549,556.6,10.53,15.63,,2,0,1,2,2,1592,183,1149,2148,3852,6683,10549,6253,1132,1710,142,760,,551,,t3_psyward
standard,64,b4,blue,adc,射手,huanying,standard,1,5,1,0,16629,9596,12144,585.2,8.39,14.88,18.65,3,1,2,3,3,887,159,294,343,4237,7059,11144,6253,824,2280,,1235,,551,,t3_shieldbreaker|t3_rendspear
standard,64,b5,blue,sup,坦克,tieshixin,standard,1,1,0,2,4099,14030,11134,536.6,7.04,13.26,17.09,3,1,2,3,3,689,503,724,1153,4589,7743,10704,6253,168,570,427,285,,551,2448,t3_calmveil|t3_thornmail
standard,64,r1,red,top,坦克,tixue,standard,0,1,0,4,5764,17923,10481,505.1,7.97,14.53,18.98,3,1,2,3,3,922,236,406,630,3872,6646,9956,6253,943,570,712,1425,51,0,,t3_calmveil|t3_thornmail
standard,64,r2,red,jungle,戰士,greymantle,standard,0,0,3,0,5866,11304,8443,406.9,9.02,18.3,,2,1,1,2,2,969,658,300,342,4069,5888,8100,6253,183,,,,1663,0,,t3_finalstring|t3_shieldbreaker
standard,64,r3,red,mid,法師,ronghuo,standard,0,2,3,0,13310,13002,8900,428.9,10.45,17.98,,2,0,1,2,2,1599,129,330,299,3859,6329,8660,6253,1266,1140,,,,0,,t3_psyward
standard,64,r4,red,adc,射手,huanying,standard,0,4,4,1,16618,10246,9951,479.6,9.93,17.68,,2,1,1,2,2,262,491,391,1201,3612,6291,9141,6253,798,1710,142,237,,0,,t3_shieldbreaker|t3_rendspear
standard,64,r5,red,sup,坦克,tieshixin,standard,0,0,1,3,3963,17408,9574,461.4,8.01,13.53,19.27,3,1,2,3,3,370,320,434,373,4570,7260,9334,6253,341,,570,237,,0,1931,t3_calmveil|t3_thornmail
standard,65,b1,blue,top,坦克,suishan,standard,0,2,0,1,6780,18839,9665,434.9,7.25,14.93,20.25,3,1,2,2,3,187,128,1198,685,4087,6028,8878,6253,620,1140,142,475,,247,,t3_calmveil|t3_thornmail
standard,65,b2,blue,jungle,戰士,hunpo,standard,0,2,4,0,3176,9976,9741,438.3,10.63,19.23,,2,0,1,2,2,1480,798,394,761,3690,6298,8324,6253,389,570,,,864,247,,t3_psyward
standard,65,b3,blue,mid,法師,haixiao,standard,0,1,4,0,10038,12711,8816,396.7,10.95,20.17,,2,0,1,1,2,1314,618,1106,1036,3574,5398,7536,6253,798,,,237,,247,,t3_psyward
standard,65,b4,blue,adc,射手,guangsu,standard,0,1,4,1,9920,11049,8940,402.2,9.93,18.73,,2,1,1,2,2,129,194,124,189,3479,5094,7944,6253,494,570,,475,,152,,t3_shieldbreaker|t3_rendspear
standard,65,b5,blue,sup,輔助,huanjing,standard,0,1,3,1,6164,15756,11538,519.2,6.49,12.07,15.79,4,1,2,4,4,449,317,13,838,4449,7047,10713,6253,357,570,142,712,26,247,2404,t3_calmveil
standard,65,r1,red,top,坦克,suishan,standard,1,3,1,0,8598,18233,11353,510.8,6.95,14.48,19.55,3,1,2,3,3,77,246,295,1372,4277,7526,10275,6253,772,1710,,1235,,304,,t3_calmveil|t3_thornmail
standard,65,r2,red,jungle,戰士,hunpo,standard,1,1,2,3,5970,8977,11118,500.3,9.21,16.41,20.81,3,1,1,2,3,351,771,1580,868,4801,7171,9910,6253,259,570,712,285,1525,304,,t3_psyward
standard,65,r3,red,mid,法師,haixiao,standard,1,3,1,2,14066,11916,11172,502.7,8.78,15.43,21.66,3,1,1,2,3,617,934,839,392,4467,7384,9999,6253,1162,1710,285,285,,304,,t3_psyward
standard,65,r4,red,adc,射手,guangsu,standard,1,7,3,0,17569,9318,12322,554.4,10.43,17.65,21.22,3,0,1,2,3,1443,256,754,1421,3603,5636,9654,6253,532,2280,,285,,304,,t3_shieldbreaker|t3_rendspear
standard,65,r5,red,sup,輔助,huanjing,standard,1,1,0,2,7430,12338,12192,548.6,7.35,11.43,16.38,4,1,2,4,4,270,825,300,741,4820,7565,11000,6253,123,570,427,760,,304,2561,t3_calmveil
standard,66,b1,blue,top,坦克,thornwall,standard,1,0,3,0,9361,25999,9098,383.4,8.32,15.49,22.16,3,1,1,2,3,271,668,367,348,3821,5968,7697,6253,969,,,475,,0,,t3_calmveil|t3_thornmail
standard,66,b2,blue,jungle,戰士,leimingcf,standard,1,0,5,1,5694,17934,9545,402.2,9.7,17.43,,2,1,1,2,2,693,207,551,1564,3793,5757,7881,6253,380,,,,1248,0,,t3_shieldbreaker|t3_finalstring
standard,66,b3,blue,mid,法師,leiming,standard,1,1,6,1,12901,15337,10352,436.2,11.18,19.3,,2,0,1,2,2,1504,501,309,1052,3764,5531,7659,6253,931,,,475,,0,,t3_psyward
standard,66,b4,blue,adc,射手,mori,standard,1,4,10,0,13228,11712,10618,447.4,9.5,19.79,,2,1,1,2,2,376,160,94,2038,3726,5360,6994,6253,741,,,,,0,,t3_shieldbreaker|t3_rendspear
standard,66,b5,blue,sup,輔助,fuwenbianzhi,standard,1,0,3,0,6292,18260,11740,494.7,6.34,11.75,17.55,4,1,2,3,4,582,364,1955,290,4582,7394,10415,6253,285,,,1900,,0,1976,t3_calmveil
standard,66,r1,red,top,坦克,thornwall,standard,0,6,0,0,12575,20877,14392,606.4,8.45,12.5,17.98,5,1,2,4,5,22,988,966,842,4422,7918,12516,6253,1045,3420,,1235,30,532,,t3_calmveil|t3_thornmail
standard,66,r2,red,jungle,戰士,leimingcf,standard,0,4,0,3,14018,13801,13564,571.5,9.98,16.14,20.57,3,1,1,2,3,136,1887,1717,2214,4186,7317,10267,6253,228,570,712,285,1686,532,,t3_shieldbreaker|t3_finalstring
standard,66,r3,red,mid,法師,leiming,standard,0,6,2,4,21585,13253,13696,577.1,9.57,16.71,21.64,3,1,1,2,3,218,618,1519,2366,4068,7118,10319,6253,1111,1710,427,285,,532,,t3_psyward
standard,66,r4,red,adc,射手,mori,standard,0,10,2,2,23604,10651,15330,645.9,9.27,16.53,18.48,4,1,1,3,4,433,972,487,1480,3783,6652,11687,6253,769,3420,427,285,,532,,t3_shieldbreaker|t3_rendspear
standard,66,r5,red,sup,輔助,fuwenbianzhi,standard,0,1,1,4,5840,13057,12474,525.6,5.75,12.93,14.84,4,1,3,3,4,544,313,1215,1093,4544,8013,10445,6253,342,570,142,760,,532,1845,t3_calmveil
standard,67,b1,blue,top,坦克,ironclad,standard,1,1,0,0,11130,25274,11185,454.4,9.57,14.29,21.3,3,1,2,2,3,833,265,571,1595,3783,6215,8001,6253,779,570,,95,,304,,t3_calmveil|t3_thornmail
standard,67,b2,blue,jungle,戰士,fengbao,standard,1,2,3,1,12197,15386,11554,469.4,8.29,16.47,22.08,3,1,1,2,3,447,1000,1095,954,4247,6230,8895,6253,280,570,142,95,1250,304,,t3_finalstring|t3_shieldbreaker
standard,67,b3,blue,mid,法師,haixiao,standard,1,0,5,0,17025,17005,9887,401.6,10.43,18.43,,2,0,1,2,2,1599,480,98,806,3859,5930,8128,6253,1000,,,570,,304,,t3_psyward
standard,67,b4,blue,adc,射手,leiting,standard,1,5,4,1,21138,14695,12732,517.2,9.32,17.81,20.77,3,1,1,2,3,628,245,1375,1932,3978,5745,9225,6253,815,1140,142,570,,304,,t3_shieldbreaker|t3_rendspear
standard,67,b5,blue,sup,坦克,thornwall,standard,1,0,4,3,7487,25343,11402,463.2,6.58,11.47,17.82,4,1,2,3,4,534,600,633,502,4734,7540,9833,6253,278,,570,570,,304,1857,t3_calmveil|t3_thornmail
standard,67,r1,red,top,坦克,ironclad,standard,0,4,0,0,12707,25639,12699,515.9,8.85,13.33,18.88,4,1,2,3,4,192,293,299,448,4442,6703,9249,6253,1076,570,,1045,,304,,t3_calmveil|t3_thornmail
standard,67,r2,red,jungle,戰士,fengbao,standard,0,2,0,2,11275,15272,12304,499.8,8.84,14.83,19.8,3,1,2,3,3,530,117,293,1503,4630,7697,10193,6253,183,1140,427,95,1789,304,,t3_finalstring|t3_shieldbreaker
standard,67,r3,red,mid,法師,haixiao,standard,0,3,0,1,21821,16395,11711,475.7,10.43,19.2,23.66,3,0,1,2,3,1669,865,492,1160,3929,5895,8042,6253,1247,,142,95,,304,,t3_psyward
standard,67,r4,red,adc,射手,leiting,standard,0,6,7,0,25068,13530,12981,527.3,10.58,16.87,22.63,3,0,1,2,3,1443,693,268,1830,3603,6073,8068,6253,845,570,,95,,304,,t3_shieldbreaker|t3_rendspear
standard,67,r5,red,sup,坦克,thornwall,standard,0,1,1,7,8977,23373,13874,563.6,7.27,11.59,15.99,5,1,2,3,5,914,1456,976,274,5114,8696,10956,6253,446,570,570,570,,304,2242,t3_calmveil|t3_thornmail
standard,68,b1,blue,top,坦克,bingshouweis,standard,1,1,1,0,10334,30638,12021,440.7,7.76,15.46,21.78,4,1,1,2,4,114,435,1021,371,3764,5835,8311,6253,931,570,,253,,304,,t3_calmveil|t3_thornmail
standard,68,b2,blue,jungle,戰士,anliuyouXia,standard,1,3,4,1,15233,21548,13466,493.7,7.12,16.05,19.38,4,1,1,3,4,384,2028,424,585,4484,7508,10324,6253,354,1710,,253,1448,304,,t3_finalstring|t3_shieldbreaker
standard,68,b3,blue,mid,法師,leiming,standard,1,5,6,0,31401,20742,13985,512.7,11.27,17.9,23.06,4,0,1,2,4,1403,123,472,334,3663,6323,8622,6253,924,570,,570,,304,,t3_psyward
standard,68,b4,blue,adc,射手,liangzi,standard,1,10,8,1,32842,16257,16578,607.8,10.23,16.91,20.72,5,0,1,2,5,1474,475,1092,978,3634,6275,9372,6253,820,1140,285,570,,304,,t3_shieldbreaker|t3_rendspear
standard,68,b5,blue,sup,坦克,shengdun,standard,1,1,2,3,12130,29963,14774,541.7,6.57,11.77,16.06,5,1,2,3,5,276,1294,1207,1173,5076,8534,11187,6253,275,570,570,728,,304,2486,t3_calmveil|t3_thornmail
standard,68,r1,red,top,坦克,bingshouweis,standard,0,4,0,1,14733,26512,14176,519.7,6.88,13.2,16.76,5,1,2,3,5,1812,19,1268,526,4762,7169,10858,6253,1428,1710,142,1045,51,228,,t3_calmveil|t3_thornmail
standard,68,r2,red,jungle,戰士,anliuyouXia,standard,0,2,3,1,12657,18894,12538,459.7,7.13,16.91,22.89,3,1,1,2,3,663,1166,1460,1138,4463,6396,8960,6253,285,570,285,95,1243,228,,t3_finalstring|t3_shieldbreaker
standard,68,r3,red,mid,法師,leiming,standard,0,5,8,1,32629,18632,14023,514.1,10.38,18.38,23.88,3,0,1,2,3,1656,243,962,1942,3916,5693,8812,6253,1048,570,142,570,,228,,t3_psyward
standard,68,r4,red,adc,射手,liangzi,standard,0,8,8,2,36509,15741,15381,563.9,10.29,19.31,23.23,4,0,1,2,4,1386,311,1137,1531,3546,5211,8517,6253,611,570,285,570,,228,,t3_shieldbreaker|t3_rendspear
standard,68,r5,red,sup,坦克,shengdun,standard,0,2,1,3,10515,28358,14825,543.5,7.22,12.77,17.73,5,1,2,3,5,382,30,674,1224,4582,6970,10174,6253,275,570,285,570,,228,1992,t3_calmveil|t3_thornmail
standard,69,b1,blue,top,坦克,tiankong,standard,0,0,1,1,7930,23706,8353,399.8,8.78,14.41,,2,1,2,2,2,138,242,438,722,3688,6092,8068,6253,978,,285,475,,76,,t3_calmveil|t3_thornmail
standard,69,b2,blue,jungle,刺客,yueying,standard,0,0,5,0,3437,10553,7922,379.2,8.86,18.64,,2,1,1,2,2,502,824,246,321,3702,5754,7496,6253,259,,,,907,76,,t3_finalstring
standard,69,b3,blue,mid,法師,haixiao,standard,0,2,3,0,10497,12495,9141,437.6,11.06,18.07,,2,0,1,2,2,1314,277,456,261,3574,5607,8856,6253,912,1140,,475,,76,,t3_psyward
standard,69,b4,blue,adc,射手,shengyan,standard,0,5,6,0,13409,9627,10143,485.5,10.11,17.43,,2,0,1,2,2,1952,692,1037,1292,4112,5892,9287,6253,627,2280,,,51,76,,t3_shieldbreaker|t3_rendspear
standard,69,b5,blue,sup,輔助,zhanchang,standard,0,0,1,1,5924,15332,10296,492.8,6.58,13.06,17.6,3,1,2,3,3,449,186,895,1255,4449,6916,9935,6253,262,,285,950,,76,2107,t3_calmveil
standard,69,r1,red,top,坦克,tiankong,standard,1,3,1,1,12368,19056,10701,512.2,8.46,13.77,18.33,3,1,2,3,3,136,106,296,771,3686,6436,10226,6253,874,1710,285,522,68,513,,t3_calmveil|t3_thornmail
standard,69,r2,red,jungle,刺客,yueying,standard,1,1,1,2,6314,9100,10624,508.5,8.82,15.04,20.24,3,1,1,2,3,307,2045,1819,494,4157,7625,10149,6253,570,570,427,522,1483,323,,t3_finalstring
standard,69,r3,red,mid,法師,haixiao,standard,1,3,1,0,12921,11310,10785,516.2,10.44,16.88,20.13,3,0,1,2,3,1523,500,1100,434,3783,6700,10310,6253,836,1710,,997,,513,,t3_psyward
standard,69,r4,red,adc,射手,shengyan,standard,1,8,4,1,20344,9341,13033,623.8,9.82,16.98,19.95,3,1,1,3,3,230,361,38,1653,3580,6041,11418,6253,519,3420,285,522,,418,,t3_shieldbreaker|t3_rendspear
standard,69,r5,red,sup,輔助,zhanchang,standard,1,1,0,3,4978,12034,12064,577.5,5.93,13.17,15.68,4,1,2,4,4,276,1085,424,1183,4576,7825,11304,6253,202,570,427,760,51,513,2526,t3_calmveil
standard,70,b1,blue,top,坦克,tiebi,standard,0,0,2,1,9188,25410,9232,400.5,8.68,14.61,21.85,3,1,2,2,3,266,189,920,281,3916,6139,8210,6253,1197,,285,475,,0,,t3_calmveil|t3_thornmail
standard,70,b2,blue,jungle,刺客,yeiren,standard,0,1,5,1,5752,11498,9494,411.9,8.89,16.24,,2,1,1,2,2,115,1159,909,1063,4015,6489,8389,6253,551,570,142,,872,0,,t3_finalstring
standard,70,b3,blue,mid,法師,bingshuang,standard,0,1,4,1,16774,13681,9663,419.2,11.22,18.05,,2,0,1,2,2,1384,347,434,583,3644,5677,8464,6253,829,570,285,475,51,0,,t3_psyward
standard,70,b4,blue,adc,射手,xingchen,standard,0,4,6,2,17003,13330,11360,492.9,8.38,16.04,20.2,3,1,1,2,3,1092,647,860,980,4442,6447,9610,6253,931,1710,427,237,51,0,,t3_shieldbreaker|t3_rendspear
standard,70,b5,blue,sup,坦克,thornwall,standard,0,2,2,0,6283,21332,12269,532.3,7.88,13.62,16.89,4,1,2,3,4,408,383,1043,669,4608,7163,11023,6253,329,1140,,712,,0,2587,t3_calmveil|t3_thornmail
standard,70,r1,red,top,坦克,tiebi,standard,1,1,1,1,10923,22658,11502,499,8.8,15.86,20.58,3,1,1,2,3,890,625,2098,1472,3840,6025,9388,6253,836,,,1710,,589,,t3_calmveil|t3_thornmail
standard,70,r2,red,jungle,刺客,yeiren,standard,1,0,2,1,8623,10757,11424,495.6,8.91,15.96,19.28,3,1,1,3,3,513,1732,448,543,4413,7062,9948,6253,513,,142,760,1690,589,,t3_finalstring
standard,70,r3,red,mid,法師,bingshuang,standard,1,1,3,1,15193,13375,10223,443.5,10.19,17.24,,2,0,1,2,2,1745,123,234,742,4005,6323,8964,6253,1171,570,285,285,,399,,t3_psyward
standard,70,r4,red,adc,射手,xingchen,standard,1,15,1,3,40017,10971,19178,832,10.13,15.43,18,5,0,1,3,5,2203,976,1749,3578,4363,6776,13549,6253,959,4560,427,760,,589,,t3_shieldbreaker|t3_rendspear
standard,70,r5,red,sup,坦克,thornwall,standard,1,2,1,3,7136,18061,12966,562.5,6.79,13.1,18.15,4,1,2,3,4,417,378,1423,1366,4617,7318,11403,6253,319,1140,570,760,,494,1866,t3_calmveil|t3_thornmail
standard,71,b1,blue,top,坦克,xukong,standard,0,1,0,1,12100,24768,9882,427.2,7.75,14.58,19.41,3,1,2,3,3,367,362,231,452,4017,6772,8881,6253,1108,570,285,285,,380,,t3_calmveil|t3_thornmail
standard,71,b2,blue,jungle,刺客,sting,standard,0,2,2,0,5434,9477,10677,461.5,9.13,15.48,21.87,3,1,1,2,3,47,1018,676,696,3947,6348,9106,6253,253,570,,285,1364,380,,t3_finalstring
standard,71,b3,blue,mid,法師,mingyun2,standard,0,2,5,0,13194,13585,10167,439.5,10.78,18.91,,2,0,1,2,2,1371,406,438,987,3631,6006,7988,6253,912,,,443,,380,,t3_psyward
standard,71,b4,blue,adc,射手,dujian,standard,0,3,3,0,17524,11987,10990,475.1,8.93,18.43,22.47,3,1,1,2,3,401,698,1050,470,3751,5898,8850,6253,728,570,,918,,380,,t3_shieldbreaker|t3_rendspear
standard,71,b5,blue,sup,坦克,tiankong,standard,0,0,2,0,6894,20023,10254,443.2,7.28,13.18,18.24,3,1,2,3,3,101,331,53,273,4601,7271,9253,6253,266,,,443,,380,1910,t3_calmveil|t3_thornmail
standard,71,r1,red,top,坦克,xukong,standard,1,2,0,1,12566,22599,11475,496,7.93,14.23,19.13,3,1,2,3,3,817,249,479,1444,3767,6199,9429,6253,1029,570,,1425,,152,,t3_calmveil|t3_thornmail
standard,71,r2,red,jungle,刺客,sting,standard,1,3,1,1,6421,10477,11827,511.2,7.08,15.48,21.87,3,1,1,2,3,686,1250,1036,946,4586,6580,9466,6253,560,1140,,,1360,152,,t3_finalstring
standard,71,r3,red,mid,法師,mingyun2,standard,1,1,2,1,16308,14268,10347,447.3,10.33,19.43,,2,0,1,2,2,1502,153,561,866,3762,5603,8111,6253,902,,285,475,43,152,,t3_psyward
standard,71,r4,red,adc,射手,dujian,standard,1,6,5,0,18707,12236,12165,525.9,9.86,16.98,21.41,3,1,1,2,3,158,184,985,1015,3508,5864,9265,6253,674,1710,,475,,152,,t3_shieldbreaker|t3_rendspear
standard,71,r5,red,sup,坦克,tiankong,standard,1,0,0,1,7619,18762,11182,483.4,7.01,12.36,17.76,3,1,2,3,3,654,510,415,1201,4554,7290,9915,6253,253,,285,475,51,152,2445,t3_calmveil|t3_thornmail
standard,72,b1,blue,top,坦克,shiqiang,standard,0,1,1,0,8102,24708,10217,429.6,7.88,15.62,20.15,3,1,1,2,3,328,567,1551,287,3878,5867,8781,6253,848,570,,665,26,418,,t3_calmveil|t3_thornmail
standard,72,b2,blue,jungle,刺客,yingsi,standard,0,3,4,2,7140,12813,11650,489.8,8.76,15.68,22.71,3,1,1,2,3,448,944,504,1219,3648,6524,8834,6253,231,570,427,190,744,418,,t3_finalstring
standard,72,b3,blue,mid,法師,bingshuang,standard,0,1,2,1,17206,14800,11160,469.2,11.53,18,23.11,3,0,1,2,3,1485,313,539,329,3745,6513,8869,6253,1057,,,1140,,418,,t3_psyward
standard,72,b4,blue,adc,射手,tianfa,standard,0,16,4,1,35706,11890,18234,766.7,9.83,13.6,18.55,5,1,2,3,5,319,358,970,2634,3669,7678,12770,6253,684,5130,285,190,,228,,t3_shieldbreaker|t3_rendspear
standard,72,b5,blue,sup,輔助,fengshen,standard,0,1,1,2,7560,15437,12983,545.9,7.32,12.25,15.7,4,1,2,4,4,592,1547,591,1532,4592,8287,11471,6253,370,570,427,1140,,418,2291,t3_calmveil
standard,72,r1,red,top,坦克,shiqiang,standard,1,2,3,0,10548,26471,11755,494.3,8.24,14.05,19.57,4,1,2,3,4,241,75,713,605,4391,6225,10243,6253,997,1140,,1662,,190,,t3_calmveil|t3_thornmail
standard,72,r2,red,jungle,刺客,yingsi,standard,1,0,5,3,7252,13472,10739,451.5,8.79,15.69,23.22,3,1,1,2,3,177,852,448,788,4327,6432,8778,6253,228,,570,237,1299,190,,t3_finalstring
standard,72,r3,red,mid,法師,bingshuang,standard,1,2,5,1,15946,15305,10919,459.1,11.09,18.78,23.67,3,0,1,2,3,1371,215,194,289,3631,5645,8324,6253,1026,570,285,,,190,,t3_psyward
standard,72,r4,red,adc,射手,tianfa,standard,1,8,6,0,22999,13130,13741,577.7,10.28,17.96,20.72,3,0,1,2,3,1300,897,140,2940,3460,5797,8590,6253,722,1140,,475,,0,,t3_shieldbreaker|t3_rendspear
standard,72,r5,red,sup,輔助,fengshen,standard,1,0,3,4,6667,18449,12104,508.9,6.73,11.96,18.18,4,1,2,3,4,225,313,80,654,4525,7043,9120,6253,332,,285,,,190,2058,t3_calmveil
standard,73,b1,blue,top,坦克,longji,standard,0,1,1,0,8020,24951,10608,455.8,9.6,16.21,21.27,3,1,1,2,3,395,317,237,1078,3945,5617,7567,6253,1111,,,,,202,,t3_calmveil|t3_thornmail
standard,73,b2,blue,jungle,刺客,shanying,standard,0,1,3,0,4165,11606,9615,413.1,8.86,17.18,,2,1,1,2,2,650,318,880,1534,3850,5898,8310,6253,446,570,,,837,202,,t3_finalstring
standard,73,b3,blue,mid,法師,mingyun2,standard,0,0,6,1,13207,15308,9219,396.1,11.37,17.58,,2,0,1,2,2,1540,481,249,1038,3800,5681,7679,6253,1029,,142,,51,202,,t3_psyward
standard,73,b4,blue,adc,射手,dawnstrike,standard,0,3,8,0,10786,13134,10881,467.5,10.77,17.92,21.42,3,0,1,2,3,1604,298,815,380,3764,5978,9265,6253,845,1140,,950,,76,,t3_shieldbreaker|t3_rendspear
standard,73,b5,blue,sup,輔助,shengguang,standard,0,0,3,2,6005,18607,10191,437.8,5.93,12.85,18.13,3,1,2,3,3,898,784,324,1150,4598,6964,8784,6253,253,,142,,17,76,2041,t3_calmveil
standard,73,r1,red,top,坦克,longji,standard,1,2,0,1,8356,21171,11680,501.8,8.55,16.13,20.08,4,1,1,2,4,193,533,2550,430,3743,5833,9780,6253,845,570,285,1377,68,380,,t3_calmveil|t3_thornmail
standard,73,r2,red,jungle,刺客,shanying,standard,1,2,1,1,11074,10192,11971,514.3,8.77,15.25,22.98,3,1,1,2,3,196,1591,1552,890,4826,7171,9882,6253,185,1140,142,190,1591,380,,t3_finalstring
standard,73,r3,red,mid,法師,mingyun2,standard,1,9,2,1,17912,12796,15118,649.5,9.2,16.04,19.59,4,1,1,3,4,684,684,325,717,4534,7184,10975,6253,874,2280,285,902,,380,,t3_psyward
standard,73,r4,red,adc,射手,dawnstrike,standard,1,8,2,0,20989,10943,13778,592,8.29,16.83,20.43,3,1,1,2,3,239,1447,1856,1978,4239,7127,10756,6253,1083,2850,,190,,380,,t3_shieldbreaker|t3_rendspear
standard,73,r5,red,sup,輔助,shengguang,standard,1,0,0,2,5558,12940,12162,522.5,6.49,12.51,17.06,4,1,2,3,4,1320,764,2039,711,4720,7504,10439,6253,318,,142,665,,380,2680,t3_calmveil
standard,74,b1,blue,top,坦克,dadi,standard,1,1,1,1,7253,19586,10347,461.6,8.79,13.53,19.63,3,1,2,3,3,890,223,393,916,3840,7213,9043,6253,855,570,,1060,,304,,t3_calmveil|t3_thornmail
standard,74,b2,blue,jungle,刺客,dianguang,standard,1,1,3,0,7046,10822,10286,458.9,9.02,17.62,,2,1,1,2,2,854,959,1331,1906,4054,6289,8511,6253,323,,,467,1163,304,,t3_finalstring
standard,74,b3,blue,mid,法師,bingshuang,standard,1,6,1,1,14482,13065,12825,572.1,10.42,16.78,20.44,3,0,1,2,3,1694,922,435,624,3954,7422,9915,6253,1102,1710,,546,,304,,t3_psyward
standard,74,b4,blue,adc,射手,yanfeng,standard,1,9,2,1,21647,10303,14832,661.7,9.29,14.27,18.5,4,1,2,3,4,398,563,304,982,3748,7463,12104,6253,1057,3420,285,783,,304,,t3_shieldbreaker|t3_rendspear
standard,74,b5,blue,sup,坦克,bingshouweis,standard,1,1,0,2,4782,17035,12376,552.1,6.43,11.61,17.27,4,1,2,3,4,782,826,1587,775,5282,8066,10967,6253,424,570,,942,,304,2473,t3_calmveil|t3_thornmail
standard,74,r1,red,top,坦克,dadi,standard,0,5,1,1,9331,24028,13400,597.7,9.24,12.48,16.31,4,1,2,3,4,643,229,1138,1549,3593,7659,10728,6253,760,2850,142,475,,247,,t3_calmveil|t3_thornmail
standard,74,r2,red,jungle,刺客,dianguang,standard,0,0,5,0,3443,10957,9228,411.6,8.63,17.83,,2,1,1,2,2,125,518,1059,797,4025,5848,8239,6253,299,,,237,1297,152,,t3_finalstring
standard,74,r3,red,mid,法師,bingshuang,standard,0,0,5,0,12912,13081,8688,387.5,10.49,19.68,,2,0,1,2,2,1495,55,266,287,3755,5655,7916,6253,940,,,475,,247,,t3_psyward
standard,74,r4,red,adc,射手,yanfeng,standard,0,2,5,0,10632,10966,9923,442.6,9.44,15.95,,2,1,1,2,2,500,193,481,1342,3850,5873,8581,6253,1035,570,,475,,247,,t3_shieldbreaker|t3_rendspear
standard,74,r5,red,sup,坦克,bingshouweis,standard,0,0,2,2,6560,22670,11349,506.3,7.29,13.51,17.83,4,1,2,3,4,630,139,999,148,4530,7219,10539,6253,270,,427,712,,247,2627,t3_calmveil|t3_thornmail
standard,75,b1,blue,top,坦克,tixue,standard,0,0,4,0,10414,27396,9981,401.2,9.54,16.43,21.48,3,1,1,2,3,562,448,467,1050,3512,5498,7797,6253,840,,,475,,228,,t3_calmveil|t3_thornmail
standard,75,b2,blue,jungle,刺客,leisuhunter,standard,0,1,6,0,5767,12783,10467,420.8,8.63,17.96,23.83,3,1,1,2,3,509,457,244,536,3709,5737,7844,6253,275,,,,1087,228,,t3_finalstring
standard,75,b3,blue,mid,法師,mingyun2,standard,0,2,5,1,18949,15899,11389,457.8,10.83,18.02,,2,0,1,2,2,1359,555,387,2508,3619,5405,8217,6253,760,,,950,26,228,,t3_psyward
standard,75,b4,blue,adc,射手,siwang,standard,0,6,5,1,24408,13419,13006,522.9,9.53,19.04,22.5,3,1,1,2,3,272,514,313,2026,3622,5294,8163,6253,636,570,,475,,228,,t3_shieldbreaker|t3_rendspear
standard,75,b5,blue,sup,輔助,shiguang,standard,0,0,2,0,3797,15839,12373,497.4,6.48,13.52,18.51,4,1,2,3,4,268,327,2065,922,4568,6807,10645,6253,375,,,1900,,228,1888,t3_calmveil
standard,75,r1,red,top,坦克,tixue,standard,1,1,0,4,10099,23371,11707,470.6,9.28,14.33,19.96,4,1,2,3,4,668,219,92,457,3618,6069,9422,6253,646,570,712,902,34,304,,t3_calmveil|t3_thornmail
standard,75,r2,red,jungle,刺客,leisuhunter,standard,1,5,1,2,11548,14721,13691,550.4,7.52,13.38,18.91,4,1,2,3,4,235,389,610,940,4865,7819,11040,6253,237,2280,570,190,1204,304,,t3_finalstring
standard,75,r3,red,mid,法師,mingyun2,standard,1,4,3,3,14807,12934,12762,513,10.89,18.55,22.37,3,0,1,2,3,1510,139,574,1161,3770,6639,9004,6253,845,570,570,427,34,304,,t3_psyward
standard,75,r4,red,adc,射手,siwang,standard,1,11,3,0,27043,11524,16151,649.3,9.88,17.64,19.89,4,1,1,3,4,110,488,46,2300,3460,6168,10946,6253,636,2850,,902,,304,,t3_shieldbreaker|t3_rendspear
standard,75,r5,red,sup,輔助,shiguang,standard,1,1,2,1,7039,16849,13492,542.4,5.91,12.5,16.99,5,1,2,3,5,1135,744,2542,291,4535,7484,11122,6253,218,570,142,902,51,304,2680,t3_calmveil
standard,76,b1,blue,top,坦克,stoneguard,standard,1,3,0,0,6446,21786,11983,501.4,8.87,11.73,18.52,4,1,2,3,4,598,282,367,432,4448,7032,9217,6253,1045,1140,,380,,399,,t3_calmveil|t3_thornmail
standard,76,b2,blue,jungle,刺客,voidrift,standard,1,2,1,1,5801,9419,11763,492.2,8.94,14.33,20.98,3,1,2,2,3,124,287,795,1813,3974,6937,9125,6253,345,570,,617,940,399,,t3_finalstring
standard,76,b3,blue,mid,法師,shikong,standard,1,0,4,1,11186,12948,9877,413.3,10.8,19.39,,2,0,1,2,2,1469,219,321,396,3729,5819,7871,6253,934,,,380,,304,,t3_psyward
standard,76,b4,blue,adc,射手,phantom,standard,1,11,5,0,25014,11331,15619,653.5,9.49,17.37,19.95,4,1,1,3,4,294,566,283,1768,3644,5766,10763,6253,829,2850,,380,51,399,,t3_shieldbreaker|t3_rendspear
standard,76,b5,blue,sup,輔助,tianshi,standard,1,1,1,1,6539,14338,13452,562.9,6.37,11.93,16.75,4,1,2,3,4,892,1310,1210,2572,4592,8050,10640,6253,342,570,,617,,399,2457,t3_calmveil
standard,76,r1,red,top,坦克,stoneguard,standard,0,0,2,0,5281,20943,9950,416.3,8.13,16.84,20.8,3,1,1,2,3,347,383,1674,419,3897,5683,8704,6253,874,,,1425,,152,,t3_calmveil|t3_thornmail
standard,76,r2,red,jungle,刺客,voidrift,standard,0,1,1,0,5385,10434,10225,427.8,9.64,16.38,22.4,3,1,1,2,3,287,551,695,295,4137,6131,8775,6253,361,570,,,1438,152,,t3_finalstring
standard,76,r3,red,mid,法師,shikong,standard,0,2,5,0,11768,15024,10349,433,10.47,18.45,,2,0,1,2,2,1523,167,378,1048,3783,5797,8628,6253,1083,1140,,,,152,,t3_psyward
standard,76,r4,red,adc,射手,phantom,standard,0,8,5,1,24337,11096,13778,576.5,9.93,17.05,20.65,3,1,1,2,3,310,260,814,2178,3660,5940,9664,6253,788,1710,285,475,,152,,t3_shieldbreaker|t3_rendspear
standard,76,r5,red,sup,輔助,tianshi,standard,0,0,4,1,5322,18166,10399,435.1,6.83,12,17.28,3,1,2,3,3,1135,180,516,1358,4535,6910,9096,6253,275,,285,,,152,2130,t3_calmveil
standard,77,b1,blue,top,坦克,thornwall,standard,0,0,1,1,11133,23108,10078,418.6,8.78,16.47,20.31,3,1,1,2,3,263,299,791,488,3913,5699,7941,6253,1060,,,475,,152,,t3_calmveil|t3_thornmail
standard,77,b2,blue,jungle,刺客,miwu,standard,0,0,5,0,8409,12616,9184,381.5,8.82,18.62,,2,1,1,2,2,539,218,687,753,3739,5548,7387,6253,313,,,,668,152,,t3_finalstring
standard,77,b3,blue,mid,法師,lieyan,standard,0,3,4,1,14218,16060,12015,499.1,10.98,19.61,22.4,3,0,1,2,3,1594,500,403,314,3854,5830,9003,6253,1268,570,285,475,,152,,t3_psyward
standard,77,b4,blue,adc,射手,huanying,standard,0,10,2,0,25026,11978,15585,647.4,9.83,14.45,18.69,4,1,2,3,4,119,339,1591,1735,4119,7539,11491,6253,715,3420,,950,,152,,t3_shieldbreaker|t3_rendspear
standard,77,b5,blue,sup,坦克,tieshixin,standard,0,1,3,1,6376,21901,10971,455.7,6.98,12.75,18.98,3,1,2,3,3,657,140,171,591,5157,7380,9071,6253,251,570,,,,152,1844,t3_calmveil|t3_thornmail
standard,77,r1,red,top,坦克,thornwall,standard,1,2,1,1,11667,23902,12612,523.9,8.85,15.6,20.52,4,1,1,2,4,776,473,1351,362,3726,5873,8641,6253,817,570,285,285,51,380,,t3_calmveil|t3_thornmail
standard,77,r2,red,jungle,刺客,miwu,standard,1,3,3,2,12969,13675,12433,516.4,9.48,15.59,19.61,3,1,1,3,3,212,1385,259,1553,4112,6715,10239,6253,424,1140,570,285,1186,380,,t3_finalstring
standard,77,r3,red,mid,法師,lieyan,standard,1,3,2,1,16264,14654,12453,517.3,10.83,17.3,21.24,3,0,1,2,3,1593,633,598,253,3853,7133,10078,6253,1070,1140,,1235,,380,,t3_psyward
standard,77,r4,red,adc,射手,huanying,standard,1,4,6,2,12639,12761,11905,494.5,7.82,16.3,21.98,3,1,1,2,3,201,453,719,1385,4201,6253,8999,6253,798,1140,142,285,,380,,t3_shieldbreaker|t3_rendspear
standard,77,r5,red,sup,坦克,tieshixin,standard,1,3,2,1,9048,21270,12877,534.9,6.82,13.08,16.83,4,1,2,3,4,363,560,865,677,4563,7800,10845,6253,196,1140,142,285,,380,2447,t3_calmveil|t3_thornmail
standard,78,b1,blue,top,坦克,tieshixin,standard,0,2,3,0,13198,29629,11085,441.3,8.79,15.3,21.99,3,1,1,2,3,732,1356,876,1055,3682,6456,8166,6253,829,570,,190,,323,,t3_calmveil|t3_thornmail
standard,78,b2,blue,jungle,刺客,jueying,standard,0,0,4,0,3097,10309,11333,451.2,9.03,16.54,21.92,3,1,1,2,3,752,1610,817,633,3952,6940,8947,6253,541,,,665,1163,323,,t3_finalstring
standard,78,b3,blue,mid,法師,shikong,standard,0,5,4,2,19628,15143,13999,557.3,9.98,16.67,23.04,4,1,1,2,4,427,475,1290,168,4277,6975,9920,6253,874,1710,570,190,,323,,t3_psyward
standard,78,b4,blue,adc,射手,guangsu,standard,0,10,6,1,25509,14830,16104,641.2,9.83,16.74,19.51,5,1,1,3,5,519,197,201,504,3869,5997,11051,6253,959,2850,,665,,323,,t3_shieldbreaker|t3_rendspear
standard,78,b5,blue,sup,坦克,xukong,standard,0,1,4,0,6925,23952,11349,451.9,7.07,11.68,18.42,4,1,2,3,4,611,762,269,49,5111,7702,9469,6253,443,570,,190,,228,1784,t3_calmveil|t3_thornmail
standard,78,r1,red,top,坦克,tieshixin,standard,1,3,2,1,14470,28339,13739,547,7.95,15.7,19.71,4,1,1,3,4,194,739,111,1488,4144,6139,8761,6253,1349,,285,570,,304,,t3_calmveil|t3_thornmail
standard,78,r2,red,jungle,刺客,jueying,standard,1,4,1,0,6004,9882,13110,522,6.23,13.43,19.61,3,1,2,3,3,2031,901,358,2230,5231,7601,9858,6253,256,1140,,95,1809,304,,t3_finalstring
standard,78,r3,red,mid,法師,shikong,standard,1,5,4,3,21987,15087,14062,559.9,9.64,17.66,20.19,3,1,1,2,3,123,57,1342,1861,3973,5987,10072,6253,1425,1710,285,95,,304,,t3_psyward
standard,78,r4,red,adc,射手,guangsu,standard,1,9,9,2,25243,13720,15382,612.4,9.05,17.22,20.49,4,1,1,2,4,348,546,1293,1532,3698,5446,9873,6253,750,1710,285,570,,304,,t3_shieldbreaker|t3_rendspear
standard,78,r5,red,sup,坦克,xukong,standard,1,0,2,0,6772,23513,11981,477,6.68,12.59,16.91,4,1,2,3,4,187,287,235,681,4687,7527,10215,6253,247,,,1045,,304,2365,t3_calmveil|t3_thornmail
standard,79,b1,blue,top,坦克,bingshouweis,standard,0,2,3,0,6768,25136,12008,511.3,7.13,14.32,19.43,4,1,2,3,4,260,289,379,677,4410,6139,10129,6253,855,570,,2375,,76,,t3_calmveil|t3_thornmail
standard,79,b2,blue,jungle,戰士,langwang,standard,0,0,2,0,9235,19983,8780,373.9,8.66,18.58,,2,1,1,2,2,630,151,462,600,3730,5581,7512,6253,418,,,,764,76,,t3_shieldbreaker|t3_finalstring
standard,79,b3,blue,mid,法師,lieyan,standard,0,3,3,2,16215,15651,11343,483,10.56,17.68,22.42,3,0,1,2,3,1409,266,194,92,3669,6766,8704,6253,950,1140,285,,,76,,t3_psyward
standard,79,b4,blue,adc,射手,mori,standard,0,7,10,0,17953,10873,12220,520.4,9.35,18.68,21.88,3,1,1,2,3,756,355,259,1270,4106,6035,8809,6253,769,1710,,,,76,,t3_shieldbreaker|t3_rendspear
standard,79,b5,blue,sup,輔助,fuwenbianzhi,standard,0,0,3,1,5155,16264,12007,511.3,6.22,11.21,16.27,4,1,2,3,4,301,560,1221,557,4601,7290,10261,6253,313,,285,950,,76,2383,t3_calmveil
standard,79,r1,red,top,坦克,bingshouweis,standard,1,2,0,0,9065,19462,11150,474.8,9.05,18.1,19.48,3,1,1,3,3,817,674,328,1219,3767,5724,8878,6253,839,570,,760,,456,,t3_calmveil|t3_thornmail
standard,79,r2,red,jungle,戰士,langwang,standard,1,5,2,1,14599,17689,13079,557,8.78,15.85,20.37,4,1,1,2,4,733,1308,1802,329,3833,6738,10352,6253,245,1710,285,285,1117,456,,t3_shieldbreaker|t3_finalstring
standard,79,r3,red,mid,法師,lieyan,standard,1,2,3,2,16275,14463,11118,473.4,10.52,19.18,23.22,3,0,1,2,3,1545,292,793,568,3805,5892,8343,6253,1063,,285,285,,456,,t3_psyward
standard,79,r4,red,adc,射手,mori,standard,1,12,6,0,22734,11883,16096,685.4,8.67,15.1,18.68,4,1,1,3,4,211,1571,391,2246,4211,7251,12191,6253,636,4560,,285,,456,,t3_shieldbreaker|t3_rendspear
standard,79,r5,red,sup,輔助,fuwenbianzhi,standard,1,0,1,2,7673,12647,13157,560.3,6.77,12.18,15.29,4,1,2,4,4,559,1166,377,1777,4559,7896,10877,6253,216,,285,1235,,456,2430,t3_calmveil
standard,80,b1,blue,top,坦克,tiankong,standard,1,1,1,0,8471,20389,9350,441.9,9.03,13.98,20.19,3,1,2,2,3,399,423,1500,219,4049,6833,8790,6253,1244,570,,285,,437,,t3_calmveil|t3_thornmail
standard,80,b2,blue,jungle,戰士,anliuyouXia,standard,1,2,2,0,5969,11863,10498,496.2,8.74,15.63,21.1,3,1,1,2,3,693,1341,1088,298,3793,6571,9368,6253,440,570,,760,907,437,,t3_finalstring|t3_shieldbreaker
standard,80,b3,blue,mid,法師,shikong,standard,1,1,4,0,14208,13855,9689,457.9,10.33,17.38,,2,0,1,2,2,1574,583,528,608,3834,7083,9128,6253,981,570,,760,,563,,t3_psyward
standard,80,b4,blue,adc,射手,leiting,standard,1,0,6,0,9739,10554,9252,437.3,9.95,18.49,,2,1,1,2,2,313,196,373,671,3663,5696,8653,6253,696,,,1235,,468,,t3_shieldbreaker|t3_rendspear
standard,80,b5,blue,sup,坦克,thornwall,standard,1,0,2,0,5331,18929,9657,456.4,6.59,12.38,19.09,3,1,2,3,3,1068,283,197,457,4668,7223,9097,6253,284,,,285,,373,1900,t3_calmveil|t3_thornmail
standard,80,r1,red,top,坦克,tiankong,standard,0,4,1,2,8767,18267,12339,583.2,7.24,12.74,17.83,4,1,2,3,4,1543,464,2063,88,5493,7754,11493,6253,855,2280,570,1425,34,76,,t3_calmveil|t3_thornmail
standard,80,r2,red,jungle,戰士,anliuyouXia,standard,0,1,0,2,11098,13515,9504,449.2,8.8,15.54,,2,1,1,2,2,1468,1382,816,1223,4568,6612,9096,6253,418,570,570,,1208,76,,t3_finalstring|t3_shieldbreaker
standard,80,r3,red,mid,法師,shikong,standard,0,1,2,1,13216,11703,8738,413,10.62,18.41,,2,0,1,2,2,1333,182,499,408,3593,5512,8349,6253,893,570,285,237,34,76,,t3_psyward
standard,80,r4,red,adc,射手,leiting,standard,0,9,1,1,22099,9561,14109,666.8,8.89,16.01,19.13,4,1,1,3,4,173,1242,803,259,4173,7042,11953,6253,731,3420,285,1187,,76,,t3_shieldbreaker|t3_rendspear
standard,80,r5,red,sup,坦克,thornwall,standard,0,0,0,1,3652,14313,9942,469.9,6.63,13.15,18.02,3,1,2,3,3,392,607,172,561,4592,6967,9552,6253,294,,285,,,76,2643,t3_calmveil|t3_thornmail
standard,81,b1,blue,top,戰士,jingci,standard,0,1,2,0,15427,27502,10672,424.3,9.06,17.83,22.83,3,1,1,2,3,538,571,143,121,3688,6101,7773,6253,703,,,665,,152,,t3_shieldbreaker|t3_finalstring
standard,81,b2,blue,jungle,戰士,embercoil,standard,0,0,3,0,9443,16432,9771,388.5,8.4,17.64,25.04,3,1,1,2,3,701,656,221,170,3801,6136,7971,6253,212,,,190,1163,152,,t3_shieldbreaker|t3_finalstring
standard,81,b3,blue,mid,法師,lieyan,standard,0,3,4,0,21969,15147,11014,437.9,10.83,18.58,23.49,3,0,1,2,3,1466,368,412,183,3726,5968,8742,6253,1007,1140,,190,,152,,t3_psyward
standard,81,b4,blue,adc,射手,liangzi,standard,0,7,9,0,22584,11907,12895,512.7,9.52,18.15,22.47,3,1,1,2,3,196,712,412,1294,3546,6092,8362,6253,627,1140,,190,,152,,t3_shieldbreaker|t3_rendspear
standard,81,b5,blue,sup,坦克,tiebi,standard,0,1,4,0,9322,24294,12238,486.6,7.61,12.9,18.48,4,1,2,3,4,651,393,530,938,4551,7173,9910,6253,186,,,665,,152,2652,t3_calmveil|t3_thornmail
standard,81,r1,red,top,戰士,jingci,standard,1,4,0,2,19338,31692,12997,516.8,9.93,17.45,19.74,4,1,1,3,4,527,294,149,447,3677,5824,10099,6253,596,1710,285,950,,304,,t3_shieldbreaker|t3_finalstring
standard,81,r2,red,jungle,戰士,embercoil,standard,1,5,0,2,15211,18460,14430,573.8,9.18,16.1,21.79,4,1,1,2,4,940,736,1355,980,4040,6216,9955,6253,351,1140,570,,1336,304,,t3_shieldbreaker|t3_finalstring
standard,81,r3,red,mid,法師,lieyan,standard,1,8,7,1,14982,19099,15194,604.1,10.11,17.41,21.38,4,0,1,2,4,1628,344,959,963,3888,6244,9939,6253,1054,1710,142,475,,304,,t3_psyward
standard,81,r4,red,adc,射手,liangzi,standard,1,3,5,1,16675,10244,11878,472.3,9.96,19.32,23.49,3,1,1,2,3,405,518,395,1398,3755,5598,8315,6253,902,570,285,,,304,,t3_shieldbreaker|t3_rendspear
standard,81,r5,red,sup,坦克,tiebi,standard,1,2,0,2,12478,24004,13152,523,6.98,11.73,15.06,4,1,2,3,4,488,1448,1110,952,4688,8688,11090,6253,286,1140,427,475,,304,2203,t3_calmveil|t3_thornmail
standard,82,b1,blue,top,戰士,longyi,standard,0,0,3,0,9450,28456,9379,417.6,8.17,17.2,,2,1,1,2,2,135,691,594,779,3935,6171,8594,6253,1092,,,950,51,247,,t3_shieldbreaker|t3_finalstring
standard,82,b2,blue,jungle,戰士,hunpo,standard,0,0,4,0,3616,7911,8827,393,11.79,19.21,,2,0,1,2,2,1582,1445,455,896,3792,5895,7905,6253,506,,,,992,152,,t3_psyward
standard,82,b3,blue,mid,法師,auralith,standard,0,1,4,0,9633,14363,9363,416.9,10.98,19.55,,2,0,1,2,2,1548,82,226,812,3808,5632,8026,6253,956,570,,,,247,,t3_psyward
standard,82,b4,blue,adc,射手,liangzicz,standard,0,10,5,0,23793,11043,13951,621.2,8.07,14.49,19.96,3,1,2,3,3,905,257,240,2571,4255,7257,10240,6253,889,2850,,,,247,,t3_shieldbreaker|t3_rendspear
standard,82,b5,blue,sup,輔助,zhanchang,standard,0,0,2,1,3211,15729,10969,488.4,6.37,13.01,19.48,4,1,2,3,4,323,790,754,89,4623,7530,10184,6253,316,,285,475,,247,2607,t3_calmveil
standard,82,r1,red,top,戰士,longyi,standard,1,2,0,0,9232,21020,10984,489.1,9.62,17.98,20.72,3,1,1,2,3,389,729,516,484,3539,6209,9116,6253,753,1140,,665,,304,,t3_shieldbreaker|t3_finalstring
standard,82,r2,red,jungle,戰士,hunpo,standard,1,1,3,0,3439,10323,10629,473.3,10.58,16.63,22.24,3,0,1,2,3,1683,450,1240,378,3893,6550,9570,6253,323,570,,665,1454,304,,t3_psyward
standard,82,r3,red,mid,法師,auralith,standard,1,6,3,0,17155,14603,12374,551,10.17,16.88,20.05,3,0,1,2,3,2074,506,2026,1174,4334,6956,10886,6253,972,2850,,506,,304,,t3_psyward
standard,82,r4,red,adc,射手,liangzicz,standard,1,9,4,5,24072,10575,15362,684,10,15.72,18.48,4,1,1,3,4,276,1005,972,2141,3626,6685,12772,6253,862,3420,1425,506,,304,,t3_shieldbreaker|t3_rendspear
standard,82,r5,red,sup,輔助,zhanchang,standard,1,0,1,1,2988,15687,11537,513.7,6.71,12.08,18.52,4,1,2,3,4,246,954,1084,837,4546,7234,10334,6253,318,,,981,,304,2477,t3_calmveil
standard,83,b1,blue,top,戰士,chichuan,standard,0,0,2,0,7656,22552,8248,386,9.11,17.67,,2,1,1,2,2,538,659,231,367,3688,6139,7811,6253,798,,,570,,190,,t3_shieldbreaker|t3_finalstring
standard,83,b2,blue,jungle,戰士,leimingcf,standard,0,0,0,0,6072,13734,9073,424.6,10.04,17.36,,2,0,1,2,2,1792,824,409,523,3792,6254,8059,6253,221,,,332,1061,190,,t3_shieldbreaker|t3_finalstring
standard,83,b3,blue,mid,法師,xingjie,standard,0,5,0,0,21087,14651,10930,511.5,10.48,16.62,20.2,3,0,1,2,3,1545,573,1093,380,3805,7073,10493,6253,1105,2850,,95,,190,,t3_psyward
standard,83,b4,blue,adc,射手,xingchen,standard,0,4,6,1,10019,9340,10045,470.1,9.4,17.58,20.78,3,1,1,2,3,330,291,150,344,3680,5371,9000,6253,657,1710,285,95,,0,,t3_shieldbreaker|t3_rendspear
standard,83,b5,blue,sup,輔助,hexweave,standard,0,0,5,1,4918,16291,10529,492.8,6.67,11.3,16.46,3,1,2,3,3,1127,422,445,1869,4527,7452,9105,6253,220,,285,332,,190,1824,t3_calmveil
standard,83,r1,red,top,戰士,chichuan,standard,1,4,1,1,13895,25069,12165,569.3,8.43,15.43,19.58,3,1,1,3,3,890,1315,342,1185,4040,6795,9942,6253,798,1710,142,570,,468,,t3_shieldbreaker|t3_finalstring
standard,83,r2,red,jungle,戰士,leimingcf,standard,1,4,0,1,13350,14223,11688,547,9.1,15.35,19.67,3,1,1,3,3,878,1477,324,757,4628,6907,10354,6253,468,1710,142,95,1216,468,,t3_shieldbreaker|t3_finalstring
standard,83,r3,red,mid,法師,xingjie,standard,1,2,2,0,14439,12898,10444,488.8,8.57,18.04,,2,1,1,2,2,592,514,417,1043,4442,6264,9817,6253,1037,1140,,1045,,342,,t3_psyward
standard,83,r4,red,adc,射手,xingchen,standard,1,3,5,2,10677,8284,10498,491.3,10.49,17.69,20.78,3,0,1,2,3,1566,287,401,497,3726,5967,9301,6253,758,1140,427,570,,152,,t3_shieldbreaker|t3_rendspear
standard,83,r5,red,sup,輔助,hexweave,standard,1,0,1,3,6514,12910,10444,488.8,6.07,11.21,19.36,3,1,2,3,3,741,405,588,1214,4741,7135,9818,6253,319,,427,570,,468,1778,t3_calmveil
standard,84,b1,blue,top,戰士,xueyue,standard,1,0,5,0,15500,33060,10266,389.6,8.63,17.74,25.14,3,1,1,2,3,709,106,343,316,3859,5636,7973,6253,1092,,,475,,152,,t3_shieldbreaker|t3_finalstring
standard,84,b2,blue,jungle,戰士,fengbao,standard,1,0,4,1,10862,23529,10245,388.8,9.01,17.94,25.19,3,1,1,2,3,716,553,421,344,3816,5733,7701,6253,456,,,,839,152,,t3_shieldbreaker|t3_finalstring
standard,84,b3,blue,mid,法師,auralith,standard,1,3,6,0,28287,18639,13556,514.5,10.17,17.8,22.01,4,0,1,2,4,1726,389,563,206,3986,6589,9363,6253,1342,1140,,475,,152,,t3_psyward
standard,84,b4,blue,adc,射手,dujian,standard,1,4,7,1,23862,12935,13039,494.8,9.02,17.81,23.93,3,1,1,2,3,432,226,484,1238,3782,5606,8104,6253,921,,285,475,17,152,,t3_shieldbreaker|t3_rendspear
standard,84,b5,blue,sup,坦克,tiankong,standard,1,1,5,0,8739,32236,12513,474.9,6.89,13.7,17.43,4,1,2,3,4,754,426,439,713,4654,7086,10239,6253,443,570,,475,17,152,2327,t3_calmveil|t3_thornmail
standard,84,r1,red,top,戰士,xueyue,standard,0,2,0,1,16025,33221,12522,475.2,9.57,16.92,22.6,3,1,1,2,3,625,813,895,1072,3775,6343,9545,6253,1041,570,285,997,17,380,,t3_shieldbreaker|t3_finalstring
standard,84,r2,red,jungle,戰士,fengbao,standard,0,2,1,2,15612,20751,12835,487.1,8.89,18.48,21.08,4,1,1,2,4,316,1106,904,334,4116,6586,9504,6253,430,570,95,285,1489,380,,t3_shieldbreaker|t3_finalstring
standard,84,r3,red,mid,法師,auralith,standard,0,9,3,1,28241,17025,16289,618.2,11.06,17.86,21.15,4,0,1,2,4,1612,666,428,2059,3872,6266,9828,6253,1247,1140,285,522,,380,,t3_psyward
standard,84,r4,red,adc,射手,dujian,standard,0,11,3,3,43718,10354,17730,672.9,9.71,19.39,21.64,4,1,1,2,4,139,146,1053,3879,3489,5826,9303,6253,674,1140,95,760,,380,,t3_shieldbreaker|t3_rendspear
standard,84,r5,red,sup,坦克,tiankong,standard,0,3,1,4,10808,26253,15254,578.9,6.9,13.3,16.13,5,1,2,3,5,635,848,1919,1653,4535,8088,11899,6253,367,1140,950,285,51,380,2472,t3_calmveil|t3_thornmail
standard,85,b1,blue,top,戰士,langwang,standard,1,0,2,1,10597,20720,9073,423.1,9.17,18.4,,2,1,1,2,2,747,327,399,773,3897,5807,8099,6253,1095,,,427,,323,,t3_shieldbreaker|t3_finalstring
standard,85,b2,blue,jungle,戰士,ronggang,standard,1,3,1,0,6236,12597,11200,522.4,9.06,15.13,19.33,3,1,1,3,3,174,1855,430,450,3924,6805,9980,6253,386,1140,,902,974,323,,t3_shieldbreaker|t3_finalstring
standard,85,b3,blue,mid,法師,xingjie,standard,1,3,1,2,11602,12894,10555,492.3,11.45,18.96,,2,0,1,2,2,1403,271,924,1155,3663,5601,9904,6253,905,1710,427,190,,418,,t3_psyward
standard,85,b4,blue,adc,射手,tianfa,standard,1,8,1,2,25313,9717,13890,647.8,9.66,15.13,18.56,3,1,1,3,3,538,782,299,2089,3888,6462,12099,6253,1010,3420,570,427,,418,,t3_shieldbreaker|t3_rendspear
standard,85,b5,blue,sup,輔助,mingyun,standard,1,2,1,1,4929,15086,12484,582.2,6.09,11.36,14.25,4,1,3,4,4,305,357,873,1523,5155,8357,11833,6253,250,1140,142,1377,,418,2251,t3_calmveil
standard,85,r1,red,top,戰士,langwang,standard,0,3,0,0,10521,24511,10720,500,8.88,14.91,18.76,3,1,2,3,3,681,140,660,220,3831,6940,10260,6253,934,1710,,1045,51,266,,t3_shieldbreaker|t3_finalstring
standard,85,r2,red,jungle,戰士,ronggang,standard,0,1,2,1,10112,15756,10044,468.4,8.93,16,20.97,3,1,1,2,3,79,1260,855,493,3829,6690,9405,6253,373,570,142,95,1704,266,,t3_shieldbreaker|t3_finalstring
standard,85,r3,red,mid,法師,xingjie,standard,0,0,5,2,8109,11827,8883,414.3,11.84,18.88,,2,0,1,2,2,1390,698,97,1033,3650,6028,7947,6253,905,,427,95,,266,,t3_psyward
standard,85,r4,red,adc,射手,tianfa,standard,0,1,7,0,9465,9752,8614,401.7,10.92,19.04,,2,0,1,2,2,1405,193,1153,363,3565,5873,8153,6253,731,570,,332,,266,,t3_shieldbreaker|t3_rendspear
standard,85,r5,red,sup,輔助,mingyun,standard,0,1,2,2,4909,14534,10875,507.2,6.81,10.98,16.81,4,1,2,3,4,438,686,1184,374,5038,7716,10414,6253,171,570,570,807,,76,1966,t3_calmveil
standard,86,b1,blue,top,戰士,kuangfeng,standard,1,0,2,1,16687,37697,10698,396.8,8.73,17.25,24.28,3,1,1,2,3,595,517,254,317,3745,5997,7954,6253,750,,285,285,,380,,t3_shieldbreaker|t3_finalstring
standard,86,b2,blue,jungle,戰士,rongyan,standard,1,1,2,0,8389,19161,12315,456.8,9.15,16.15,21.18,3,1,1,2,3,824,1957,1135,965,3924,6307,9085,6253,297,570,,522,1061,380,,t3_shieldbreaker|t3_finalstring
standard,86,b3,blue,mid,法師,auralith,standard,1,4,4,0,17420,17471,13937,517,10.82,17.83,22.61,3,0,1,2,3,1428,509,1199,1857,3688,6709,9949,6253,1083,1710,,522,,380,,t3_psyward
standard,86,b4,blue,adc,射手,dawnstrike,standard,1,10,7,0,32086,13894,16414,608.9,9.41,17.84,21.16,5,1,1,2,5,525,418,523,813,3875,6098,9423,6253,889,1140,,760,,380,,t3_shieldbreaker|t3_rendspear
standard,86,b5,blue,sup,輔助,shengguang,standard,1,0,4,1,13004,22469,11889,441,7.86,13.5,17.08,4,1,2,3,4,235,234,262,929,4535,7264,9012,6253,170,,,285,,380,1923,t3_calmveil
standard,86,r1,red,top,戰士,kuangfeng,standard,0,8,1,1,29697,36451,15907,590.1,8.68,16.74,20.62,4,1,1,2,4,281,425,807,2456,4081,5905,9407,6253,1285,1140,,475,,253,,t3_shieldbreaker|t3_finalstring
standard,86,r2,red,jungle,戰士,rongyan,standard,0,1,1,1,13410,20075,12593,467.1,8.11,17.35,22.07,3,1,1,2,3,843,1613,844,1662,3943,6143,8494,6253,126,,,,1860,253,,t3_shieldbreaker|t3_finalstring
standard,86,r3,red,mid,法師,auralith,standard,0,7,6,1,19638,17888,14336,531.8,10.22,19.53,22.33,4,0,1,2,4,1561,838,826,506,3821,6168,8676,6253,1092,570,285,475,,0,,t3_psyward
standard,86,r4,red,adc,射手,dawnstrike,standard,0,2,6,1,22096,10662,10729,398,9.91,21.27,26.7,3,1,1,1,3,151,273,1184,249,3501,5173,6864,6253,611,,,,,0,,t3_shieldbreaker|t3_rendspear
standard,86,r5,red,sup,輔助,shengguang,standard,0,1,1,1,6230,22469,12640,468.9,6.81,12.87,16.58,4,1,2,3,4,1154,359,636,1679,4554,6839,9866,6253,380,570,,475,,253,1934,t3_calmveil
standard,87,b1,blue,top,戰士,greymantle,standard,0,0,1,0,12955,23066,11424,493.8,9.28,16.84,,2,1,1,2,2,738,828,379,2774,3888,6358,8429,6253,940,,,665,,570,,t3_shieldbreaker|t3_finalstring
standard,87,b2,blue,jungle,戰士,tielian,standard,0,1,1,1,10690,16578,10093,436.3,8.86,17.67,21.92,3,1,1,2,3,708,573,455,192,3808,6053,8755,6253,433,570,,190,737,570,,t3_shieldbreaker|t3_finalstring
standard,87,b3,blue,mid,法師,xingjie,standard,0,3,2,0,15253,12826,11142,481.7,10.6,18.02,22.77,3,0,1,2,3,1517,398,402,292,3777,5848,8432,6253,943,,,665,,570,,t3_psyward
standard,87,b4,blue,adc,射手,yanfeng,standard,0,8,3,1,26675,9598,13726,593.4,8.32,15.53,19.52,4,1,1,3,4,166,1203,194,506,4166,6883,10674,6253,763,2850,,427,,380,,t3_shieldbreaker|t3_rendspear
standard,87,b5,blue,sup,坦克,bingshouweis,standard,0,0,0,1,5652,20653,10798,466.8,7.18,13.63,19.43,3,1,2,3,3,146,264,341,817,4596,7204,9721,6253,224,,285,427,17,570,1943,t3_calmveil|t3_thornmail
standard,87,r1,red,top,戰士,greymantle,standard,1,1,1,0,9636,26143,10043,434.1,8.25,17.82,22.78,3,1,1,2,3,781,662,164,393,3931,6192,8814,6253,1007,570,,950,34,0,,t3_shieldbreaker|t3_finalstring
standard,87,r2,red,jungle,戰士,tielian,standard,1,0,2,1,9913,17094,9407,406.7,8.86,17.6,,2,1,1,2,2,299,553,679,1177,4099,6033,7959,6253,278,,,,1427,0,,t3_shieldbreaker|t3_finalstring
standard,87,r3,red,mid,法師,xingjie,standard,1,2,3,0,20684,14357,10674,461.4,9.98,18.93,,2,1,1,2,2,85,1128,408,1273,3935,6158,8438,6253,1140,570,,475,,0,,t3_psyward
standard,87,r4,red,adc,射手,yanfeng,standard,1,4,6,1,15624,9120,11269,487.1,10.33,17.75,22.77,3,0,1,2,3,1458,309,140,949,3618,5689,7760,6253,747,,285,475,,0,,t3_shieldbreaker|t3_rendspear
standard,87,r5,red,sup,坦克,bingshouweis,standard,1,0,0,1,5896,23431,10850,469,6.78,13.29,19.39,3,1,2,3,3,382,540,317,470,4582,6900,9517,6253,246,,,950,,0,2066,t3_calmveil|t3_thornmail
standard,88,b1,blue,top,戰士,cinderfist,standard,1,1,1,0,13454,25312,10250,443.2,9.05,17.12,,2,1,1,2,2,668,759,237,1599,3818,5509,8587,6253,851,570,,570,,342,,t3_shieldbreaker|t3_finalstring
standard,88,b2,blue,jungle,戰士,greymantle,standard,1,3,0,0,9122,13046,10942,473.2,9.08,15.18,21.15,3,1,1,2,3,795,1436,1716,441,3895,6916,9716,6253,443,1710,,95,872,342,,t3_shieldbreaker|t3_finalstring
standard,88,b3,blue,mid,法師,gambler,standard,1,4,6,3,19030,15391,12205,527.8,10.81,17.34,21.44,3,0,1,2,3,1631,982,897,605,3891,6312,9877,6253,1032,1140,712,570,17,152,,t3_psyward
standard,88,b4,blue,adc,射手,xuanfeng,standard,1,4,3,2,20156,10010,12440,537.9,9.8,16.95,20.59,3,1,1,2,3,262,744,1136,639,3612,5824,10036,6253,810,1140,427,1045,17,342,,t3_shieldbreaker|t3_rendspear
standard,88,b5,blue,sup,坦克,xukong,standard,1,1,0,1,7018,20034,12133,524.6,6.63,12.15,17.69,4,1,2,3,4,503,716,927,832,4703,7376,10907,6253,471,570,285,570,51,342,2363,t3_calmveil|t3_thornmail
standard,88,r1,red,top,戰士,cinderfist,standard,0,2,0,1,12995,26439,10441,451.5,9.17,16.89,22.33,3,1,1,2,3,408,650,261,310,3558,6180,8911,6253,573,1140,,665,51,228,,t3_shieldbreaker|t3_finalstring
standard,88,r2,red,jungle,戰士,greymantle,standard,0,1,1,1,7458,14626,10463,452.4,8.9,17.12,,2,1,1,2,2,243,1974,583,1862,4043,6674,8583,6253,183,,142,190,1585,228,,t3_shieldbreaker|t3_finalstring
standard,88,r3,red,mid,法師,gambler,standard,0,1,5,0,17606,13661,9724,420.5,11,19,,2,0,1,2,2,1460,470,88,644,3720,6370,8118,6253,972,,,665,,228,,t3_psyward
standard,88,r4,red,adc,射手,xuanfeng,standard,0,6,7,0,20211,9638,12213,528.1,8.13,18.75,21.44,3,1,1,2,3,261,766,951,1263,4261,6446,9201,6253,820,1710,,190,,228,,t3_shieldbreaker|t3_rendspear
standard,88,r5,red,sup,坦克,xukong,standard,0,0,0,2,5960,21351,11150,482.2,7.16,12.97,18.48,3,1,2,3,3,44,722,86,769,4494,7382,9886,6253,186,,427,190,,228,2600,t3_calmveil|t3_thornmail
standard,89,b1,blue,top,戰士,leimingcf,standard,1,1,4,1,8316,23454,10764,463.8,8.61,17.22,20.66,3,1,1,2,3,196,925,1857,264,4296,6405,9607,6253,779,570,142,1710,,152,,t3_shieldbreaker|t3_finalstring
standard,89,b2,blue,jungle,刺客,binghe,standard,1,1,4,3,5227,9196,10518,453.2,8.87,16.14,22.91,3,1,1,2,3,664,975,385,587,3864,6555,8465,6253,164,,427,285,1182,152,,t3_finalstring
standard,89,b3,blue,mid,法師,ronghuo,standard,1,9,3,0,19273,15030,14162,610.2,10.99,15.48,20.06,4,0,1,2,4,1295,960,1400,332,3555,7460,10880,6253,769,3420,,285,,152,,t3_psyward
standard,89,b4,blue,adc,射手,phantom,standard,1,5,9,3,13019,11462,11760,506.7,10.23,17.43,21.22,3,0,1,2,3,1460,415,289,1109,3620,5795,9139,6253,579,1710,142,285,17,152,,t3_shieldbreaker|t3_rendspear
standard,89,b5,blue,sup,輔助,tianshi,standard,1,0,3,5,6394,18031,12290,529.6,6.01,12.83,16.97,4,1,2,3,4,573,1031,490,840,4573,7771,9920,6253,253,,712,285,,152,2264,t3_calmveil
standard,89,r1,red,top,戰士,leimingcf,standard,0,9,1,0,16662,22768,15492,667.5,8.46,13.03,18.83,4,1,2,4,4,1013,351,789,2512,4163,8951,13289,6253,1444,3990,,1203,,399,,t3_shieldbreaker|t3_finalstring
standard,89,r2,red,jungle,刺客,binghe,standard,0,4,2,2,10312,11268,12847,553.5,9.09,15.74,19.25,4,1,1,3,4,366,1326,679,396,4216,6606,10329,6253,345,1140,570,95,1526,399,,t3_finalstring
standard,89,r3,red,mid,法師,ronghuo,standard,0,0,5,0,11211,14516,9526,410.5,10.21,20.58,,2,0,1,1,2,1732,178,1526,346,3992,5778,8026,6253,1121,,,253,,399,,t3_psyward
standard,89,r4,red,adc,射手,phantom,standard,0,7,6,1,18768,10889,12664,545.7,10.14,17.91,21.22,3,0,1,2,3,1490,402,460,1284,3650,6082,9360,6253,855,1710,142,95,,304,,t3_shieldbreaker|t3_rendspear
standard,89,r5,red,sup,輔助,tianshi,standard,0,3,2,4,3397,14742,14365,618.9,6.98,12.54,14.86,5,1,3,4,5,907,122,1320,1164,5757,8702,12770,6253,300,1710,427,1203,,399,2476,t3_calmveil
standard,90,b1,blue,top,戰士,jufeng,standard,0,2,1,0,13014,26846,11968,473.4,7.92,15.23,20.71,3,1,1,2,3,1032,1407,776,518,4182,6937,9426,6253,779,1140,,760,,494,,t3_shieldbreaker|t3_finalstring
standard,90,b2,blue,jungle,刺客,shanying,standard,0,1,5,1,5379,13306,11177,442.1,9.4,15.69,23.34,3,1,1,2,3,739,1584,724,696,3939,6914,8804,6253,228,570,142,285,1021,304,,t3_finalstring
standard,90,b3,blue,mid,法師,gambler,standard,0,8,6,1,25046,16714,14957,591.6,8.95,15.81,20.49,4,1,1,2,4,490,329,1020,1127,4340,6829,10230,6253,1203,1710,285,285,,494,,t3_psyward
standard,90,b4,blue,adc,射手,huanying,standard,0,7,4,0,24522,11283,13840,547.4,9.58,18.73,20.09,4,1,1,2,4,253,465,1087,619,3603,5845,9987,6253,674,2280,,285,,494,,t3_shieldbreaker|t3_rendspear
standard,90,b5,blue,sup,坦克,ironclad,standard,0,1,2,1,5263,21309,13833,547.1,6.1,11.91,17.14,5,1,2,3,5,365,756,2386,233,5165,7996,11766,6253,117,570,142,1710,,494,2479,t3_calmveil|t3_thornmail
standard,90,r1,red,top,戰士,jufeng,standard,1,4,0,0,10406,32494,13722,542.7,8.08,15.49,21.24,4,1,1,2,4,326,888,694,692,4176,6418,9344,6253,1323,1140,,475,,152,,t3_shieldbreaker|t3_finalstring
standard,90,r2,red,jungle,刺客,shanying,standard,1,6,2,0,13176,15533,15069,596,9.32,12.88,18.24,4,1,2,3,4,396,436,2204,1668,5546,7916,11904,6253,671,2850,,237,1739,152,,t3_finalstring
standard,90,r3,red,mid,法師,gambler,standard,1,2,7,2,14855,14980,10888,430.6,11.76,20.62,25.14,3,0,1,1,3,1409,81,1188,58,3669,5531,7688,6253,760,,285,237,,152,,t3_psyward
standard,90,r4,red,adc,射手,huanying,standard,1,5,7,1,25085,10989,12326,487.5,9.78,19.84,24.39,3,1,1,2,3,338,249,57,1675,3688,5629,7377,6253,972,,,,,152,,t3_shieldbreaker|t3_rendspear
standard,90,r5,red,sup,坦克,ironclad,standard,1,1,3,3,7772,26546,14276,564.6,7.42,11.88,16.43,5,1,2,3,5,431,645,519,676,4931,7885,10499,6253,376,570,285,475,,152,2387,t3_calmveil|t3_thornmail
standard,91,b1,blue,top,戰士,anliuyouXia,standard,1,1,0,1,10389,25525,10904,460.6,8.9,16.69,21.89,3,1,1,2,3,709,856,692,473,3859,6386,8742,6253,931,,,1045,,513,,t3_shieldbreaker|t3_finalstring
standard,91,b2,blue,jungle,刺客,anye,standard,1,3,0,0,4337,10720,11362,479.9,7.48,16.81,19.92,3,1,1,3,3,665,1914,257,712,4565,7544,9957,6253,193,1710,,95,1192,513,,t3_finalstring
standard,91,b3,blue,mid,法師,ronghuo,standard,1,2,3,1,17795,14606,10809,456.5,10.36,18.22,22.98,3,0,1,2,3,1609,321,940,458,3869,5921,8970,6253,1111,570,285,332,,418,,t3_psyward
standard,91,b4,blue,adc,射手,guangsu,standard,1,14,3,3,37400,11007,18570,784.4,7.91,14.45,16.93,5,1,2,3,5,339,184,2597,2970,4819,8134,13977,6253,750,5130,285,1045,,513,,t3_shieldbreaker|t3_rendspear
standard,91,b5,blue,sup,坦克,shengdun,standard,1,0,2,2,6249,20290,13049,551.2,7.07,13.18,17.77,4,1,2,3,4,117,351,337,848,4617,7591,10317,6253,243,,570,332,,323,2594,t3_calmveil|t3_thornmail
standard,91,r1,red,top,戰士,anliuyouXia,standard,0,1,2,0,10236,26645,10708,452.3,8.64,17.51,21.6,3,1,1,2,3,614,191,513,458,3764,5721,7963,6253,1064,570,,,,76,,t3_shieldbreaker|t3_finalstring
standard,91,r2,red,jungle,刺客,anye,standard,0,1,2,1,7266,11163,10447,441.3,8.85,16.25,22.44,3,1,1,2,3,36,905,808,647,3936,6535,8938,6253,354,570,285,,1398,76,,t3_finalstring
standard,91,r3,red,mid,法師,ronghuo,standard,0,0,5,1,20363,15116,9495,401.1,10.19,19.89,,2,0,1,2,2,1596,345,82,614,3856,5775,7732,6253,1106,,285,,11,76,,t3_psyward
standard,91,r4,red,adc,射手,guangsu,standard,0,6,9,0,18403,11137,11607,490.3,9.63,19.04,21.49,3,1,1,2,3,224,637,1103,656,3574,5417,8723,6253,684,1710,,,,76,,t3_shieldbreaker|t3_rendspear
standard,91,r5,red,sup,坦克,shengdun,standard,0,0,2,2,5297,19768,11298,477.2,7.54,13.24,16.93,4,1,2,3,4,34,341,449,397,4484,7141,10029,6253,134,,570,475,62,76,2457,t3_calmveil|t3_thornmail
standard,92,b1,blue,top,戰士,tielian,standard,0,0,5,0,8540,28632,10074,397.5,9.42,19.07,,2,1,1,2,2,291,297,301,1844,3441,5297,7881,6253,601,,,950,,76,,t3_shieldbreaker|t3_finalstring
standard,92,b2,blue,jungle,刺客,wuxing,standard,0,3,8,0,7204,16778,11867,468.3,8.57,16.55,19.93,3,1,1,3,3,1220,960,35,616,4420,6540,9785,6253,551,1710,,,1194,76,,t3_finalstring
standard,92,b3,blue,mid,法師,gambler,standard,0,1,7,0,13128,14583,11002,434.1,8.94,18.16,,2,1,1,2,2,437,492,209,1921,4287,6092,8239,6253,864,570,,475,,76,,t3_psyward
standard,92,b4,blue,adc,射手,mori,standard,0,5,9,0,21262,12543,11812,466.1,9.07,20.26,23.65,3,1,1,1,3,338,390,1500,911,3688,5470,7180,6253,807,,,,43,76,,t3_shieldbreaker|t3_rendspear
standard,92,b5,blue,sup,輔助,fuwenbianzhi,standard,0,1,5,0,6120,25144,13228,522,5.98,11.11,15.46,4,1,2,4,4,535,792,60,1777,4535,7532,11510,6253,291,570,,1900,17,76,2401,t3_calmveil
standard,92,r1,red,top,戰士,tielian,standard,1,5,0,1,15174,27359,14283,563.6,8.62,15.43,20.41,4,1,1,2,4,655,1222,2689,833,3805,6702,11289,6253,817,2280,285,1140,57,456,,t3_shieldbreaker|t3_finalstring
standard,92,r2,red,jungle,刺客,wuxing,standard,1,5,1,2,10468,14570,14423,569.1,8.32,16.23,19.19,4,1,1,3,4,298,1437,346,1672,4148,7017,10946,6253,323,1710,285,427,1491,456,,t3_finalstring
standard,92,r3,red,mid,法師,gambler,standard,1,10,2,1,21496,13394,17316,683.3,10.33,16.76,20.34,4,0,1,2,4,1504,570,1077,3486,3764,6320,10557,6253,1140,2280,,427,,456,,t3_psyward
standard,92,r4,red,adc,射手,mori,standard,1,13,6,1,33675,12034,17836,703.8,9.13,15.76,18.82,5,1,1,3,5,319,1172,457,2235,3669,6852,10937,6253,902,2850,285,190,,456,,t3_shieldbreaker|t3_rendspear
standard,92,r5,red,sup,輔助,fuwenbianzhi,standard,1,1,1,3,5885,14785,13569,535.4,5.76,12.07,17.68,4,1,2,3,4,537,467,1316,2118,4537,7207,10746,6253,123,570,285,665,30,456,2362,t3_calmveil
standard,93,b1,blue,top,戰士,hunpo,standard,1,0,5,1,10076,24809,10843,435.8,10.42,18.37,24.58,3,0,1,2,3,1723,193,506,242,3983,6643,9056,6253,1073,,285,1140,,304,,t3_psyward
standard,93,b2,blue,jungle,刺客,voidrift,standard,1,1,4,1,5375,11000,11550,464.2,9.07,15.76,21.16,3,1,1,2,3,178,1250,829,950,4328,6530,9159,6253,313,570,285,190,1243,304,,t3_finalstring
standard,93,b3,blue,mid,法師,leiming,standard,1,5,2,0,17713,14439,12923,519.4,9.82,15.15,20.45,3,1,1,2,3,484,1257,1070,773,4334,7707,10500,6253,997,2280,,665,,304,,t3_psyward
standard,93,b4,blue,adc,射手,leiting,standard,1,12,5,2,29665,13681,17886,718.8,9.71,15.78,19.26,5,1,1,3,5,443,1381,1070,2285,3793,7061,11070,6253,902,2850,570,190,,304,,t3_shieldbreaker|t3_rendspear
standard,93,b5,blue,sup,輔助,luminary,standard,1,0,2,4,5909,20152,13815,555.2,6.42,11.75,17.94,4,1,2,3,4,554,668,894,2364,4554,7408,10324,6253,247,,285,665,51,304,2518,t3_calmveil
standard,93,r1,red,top,戰士,hunpo,standard,0,6,1,1,13791,24036,13889,558.2,10.91,16.79,19.3,4,0,1,3,4,1580,213,238,309,3840,5493,10338,6253,912,2280,,665,,228,,t3_psyward
standard,93,r2,red,jungle,刺客,voidrift,standard,0,3,4,3,9928,12899,12633,507.7,8.7,16.01,19.39,3,1,1,3,3,853,1069,488,1803,4053,6649,9938,6253,304,1140,427,190,1395,228,,t3_finalstring
standard,93,r3,red,mid,法師,leiming,standard,0,1,6,2,16921,14785,10746,431.8,10.42,19.3,23.73,3,0,1,2,3,1485,457,361,445,3745,5557,8141,6253,874,,570,190,26,228,,t3_psyward
standard,93,r4,red,adc,射手,leiting,standard,0,8,6,1,22971,12027,15115,607.4,8.27,16.95,21.43,4,1,1,2,4,785,830,914,1264,4135,6510,9464,6253,893,1140,285,665,,228,,t3_shieldbreaker|t3_rendspear
standard,93,r5,red,sup,輔助,luminary,standard,0,0,1,3,4633,19618,11901,478.3,5.92,11.96,19.25,4,1,2,3,4,197,493,640,1201,4497,7043,9680,6253,361,,142,665,,228,2030,t3_calmveil
standard,94,b1,blue,top,戰士,dushe,standard,1,2,1,1,8699,22084,10051,481.3,9.63,15.48,20.75,3,1,1,2,3,443,519,985,100,3593,5569,9635,6253,722,1140,95,1045,,380,,t3_shieldbreaker|t3_finalstring
standard,94,b2,blue,jungle,刺客,miwu,standard,1,1,2,2,6250,11696,9492,454.5,8.93,15.48,,2,1,1,2,2,897,488,735,1112,4097,6118,9115,6253,281,570,213,253,1162,380,,t3_finalstring
standard,94,b3,blue,mid,法師,haixiao,standard,1,2,2,2,13641,11980,9903,474.2,7.57,15.88,,2,1,1,2,2,278,304,46,423,4828,6804,9526,6253,969,1140,213,570,,380,,t3_psyward
standard,94,b4,blue,adc,射手,shensheng,standard,1,4,3,4,21114,8407,12054,577.2,9.32,16.53,19.76,3,1,1,3,3,424,1109,207,254,3774,6789,11107,6253,677,1710,593,1440,51,380,,t3_shieldbreaker|t3_rendspear
standard,94,b5,blue,sup,坦克,tiebi,standard,1,1,0,3,3965,16660,11581,554.6,7.46,12.89,16.54,4,1,2,3,4,654,446,1186,281,4554,7106,11166,6253,313,570,308,965,,380,2374,t3_calmveil|t3_thornmail
standard,94,r1,red,top,戰士,dushe,standard,0,1,1,1,7991,21659,9946,476.3,9.66,16.21,20.73,3,1,1,2,3,257,935,1376,296,4407,6465,9176,6253,779,570,142,1203,,228,,t3_shieldbreaker|t3_finalstring
standard,94,r2,red,jungle,刺客,miwu,standard,0,1,2,2,5058,10446,9675,463.3,9.14,15.81,,2,1,1,2,2,704,1571,1012,1294,4604,7201,9392,6253,297,570,237,95,1711,228,,t3_finalstring
standard,94,r3,red,mid,法師,haixiao,standard,0,2,3,0,20168,11249,9690,464,11.33,19.05,,2,0,1,2,2,1270,176,974,609,3530,6076,8824,6253,728,570,,1045,,228,,t3_psyward
standard,94,r4,red,adc,射手,shensheng,standard,0,3,4,3,12514,7971,10554,505.4,10.61,16.96,20.65,3,0,1,2,3,1569,440,852,234,3729,6120,9702,6253,972,1140,380,728,,228,,t3_shieldbreaker|t3_rendspear
standard,94,r5,red,sup,坦克,tiebi,standard,0,1,0,4,4782,18780,10407,498.4,7.54,11.93,17.48,3,1,2,3,3,1898,645,347,627,4798,7885,9827,6253,376,570,380,253,51,228,1714,t3_calmveil|t3_thornmail
standard,95,b1,blue,top,戰士,fengbao,standard,1,0,2,1,12917,29404,10009,432.7,9.08,19.16,21.89,3,1,1,2,3,709,127,366,408,3859,5607,8666,6253,988,,,1425,,0,,t3_shieldbreaker|t3_finalstring
standard,95,b2,blue,jungle,刺客,guihuo,standard,1,0,6,0,3410,11289,8729,377.3,9.53,17.81,,2,1,1,2,2,519,503,496,699,3719,5733,7626,6253,294,,,,1078,0,,t3_finalstring
standard,95,b3,blue,mid,法師,leiming,standard,1,6,3,0,23931,16445,12935,559.1,10.56,16.8,20.18,3,0,1,2,3,1609,637,1401,1434,3869,6367,10281,6253,1273,2280,,475,,0,,t3_psyward
standard,95,b4,blue,adc,射手,liangzicz,standard,1,6,6,0,15898,9818,11693,505.5,9.16,17.85,22.83,3,1,1,2,3,965,421,387,793,4315,6101,8337,6253,943,1140,,,,0,,t3_shieldbreaker|t3_rendspear
standard,95,b5,blue,sup,輔助,fengshen,standard,1,1,2,0,5247,17760,13043,563.8,6.68,10.73,16.18,4,1,2,4,4,1157,1151,536,1593,4557,7891,11986,6253,224,570,,2375,,0,2562,t3_calmveil
standard,95,r1,red,top,戰士,fengbao,standard,0,8,1,0,21709,28499,14664,633.9,9.12,13.63,17.57,4,1,2,3,4,652,278,621,1683,3802,7678,11421,6253,931,2850,,760,,627,,t3_shieldbreaker|t3_finalstring
standard,95,r2,red,jungle,刺客,guihuo,standard,0,3,2,0,10007,13832,12086,522.4,9.01,15.21,18,3,1,1,3,3,473,2434,851,1005,4323,8014,10981,6253,399,1710,,285,1706,627,,t3_finalstring
standard,95,r3,red,mid,法師,leiming,standard,0,2,2,1,14730,12838,9980,431.4,11.11,17.99,,2,0,1,2,2,1523,372,380,500,3783,5702,8410,6253,722,570,142,285,,437,,t3_psyward
standard,95,r4,red,adc,射手,liangzicz,standard,0,5,8,1,12972,10078,11484,496.4,10.44,18.34,22.83,3,0,1,2,3,1531,468,805,704,3691,5848,8755,6253,592,1140,142,285,,342,,t3_shieldbreaker|t3_rendspear
standard,95,r5,red,sup,輔助,fengshen,standard,0,1,0,4,8705,14669,12681,548.2,7.1,12.13,15.9,4,1,2,3,4,917,1137,1752,1231,4617,7877,11002,6253,319,570,285,1235,,627,1712,t3_calmveil
standard,96,b1,blue,top,戰士,langwang,standard,0,1,1,0,7903,24889,9885,428.2,8.07,17.01,22.88,3,1,1,2,3,101,469,176,285,4201,5949,8406,6253,684,570,,570,,329,,t3_shieldbreaker|t3_finalstring
standard,96,b2,blue,jungle,刺客,jiansheng,standard,0,2,5,1,9724,13376,10865,470.7,8.73,16.78,21.02,3,1,1,2,3,811,365,1143,634,4011,5945,9223,6253,484,570,142,332,1111,329,,t3_finalstring
standard,96,b3,blue,mid,法師,haixiao,standard,0,2,3,0,15262,13138,9679,419.3,8.91,17.32,,2,1,1,2,2,389,414,213,799,4239,6044,8343,6253,779,1140,,95,,76,,t3_psyward
standard,96,b4,blue,adc,射手,xingchen,standard,0,6,7,2,15776,13289,12292,532.5,9.15,16.42,19.93,3,1,1,3,3,332,506,190,791,3682,5886,10110,6253,582,2280,570,95,,329,,t3_shieldbreaker|t3_rendspear
standard,96,b5,blue,sup,輔助,hexweave,standard,0,1,5,1,5870,15625,12470,540.2,7.08,11.58,17.37,4,1,2,3,4,811,689,393,1019,5111,7429,9823,6253,129,570,142,332,,76,2318,t3_calmveil
standard,96,r1,red,top,戰士,langwang,standard,1,8,1,1,17044,27156,14930,646.8,8.9,14.3,17.58,4,1,2,3,4,668,309,341,1479,3818,7409,11741,6253,813,2850,285,1235,,304,,t3_shieldbreaker|t3_finalstring
standard,96,r2,red,jungle,刺客,jiansheng,standard,1,2,1,4,6491,11684,12420,538,8.8,13.35,19.94,3,1,2,3,3,214,982,90,1339,4064,7632,10040,6253,266,570,712,285,1649,304,,t3_finalstring
standard,96,r3,red,mid,法師,haixiao,standard,1,1,3,0,12384,12895,10151,439.8,10.66,18.26,,2,0,1,2,2,1510,397,399,971,3770,6297,8729,6253,1317,570,,285,,304,,t3_psyward
standard,96,r4,red,adc,射手,xingchen,standard,1,10,5,2,21686,10321,15243,660.4,7.65,14.3,17.52,4,1,2,3,4,293,265,720,1393,4293,8815,12520,6253,832,4560,285,285,,304,,t3_shieldbreaker|t3_rendspear
standard,96,r5,red,sup,輔助,hexweave,standard,1,0,2,2,4386,14103,12269,531.5,6.37,11.79,18.23,4,1,2,3,4,449,683,306,1389,4449,7423,9736,6253,152,,142,285,,304,2599,t3_calmveil
standard,97,b1,blue,top,戰士,kuangfeng,standard,1,1,0,1,12148,20937,9952,449.5,8.75,14.7,,2,1,2,2,2,576,283,440,1351,3726,7083,9040,6253,994,570,142,585,,494,,t3_shieldbreaker|t3_finalstring
standard,97,b2,blue,jungle,刺客,hundun,standard,1,1,0,0,4167,8981,9977,450.6,10.86,18.15,,2,0,1,2,2,1717,699,252,546,3927,6249,9102,6253,392,570,,348,1044,494,,t3_psyward
standard,97,b3,blue,mid,法師,leiming,standard,1,3,3,2,17781,12865,11257,508.4,11.22,16.53,20.61,3,0,1,2,3,1637,500,332,426,3897,7000,9812,6253,1006,1140,570,348,,494,,t3_psyward
standard,97,b4,blue,adc,射手,dujian,standard,1,6,4,1,20270,8701,12517,565.3,10.09,18.88,19.72,3,0,1,3,3,1626,937,203,716,3786,6617,10503,6253,763,2280,285,427,,494,,t3_shieldbreaker|t3_rendspear
standard,97,b5,blue,sup,坦克,tiankong,standard,1,1,1,2,7006,18582,12335,557.1,7.34,12.54,17.33,4,1,2,4,4,893,1161,185,834,4693,8341,11385,6253,376,570,427,1140,,304,2313,t3_calmveil|t3_thornmail
standard,97,r1,red,top,戰士,kuangfeng,standard,0,1,0,0,9517,23918,9845,444.6,7.88,18.2,21.54,3,1,1,2,3,426,456,893,244,4226,5936,9123,6253,747,570,,1425,51,76,,t3_shieldbreaker|t3_finalstring
standard,97,r2,red,jungle,刺客,hundun,standard,0,1,3,1,8998,13837,10118,457,8.9,18,,2,1,1,2,2,822,239,127,1088,4622,6689,9157,6253,139,570,285,,1833,76,,t3_psyward
standard,97,r3,red,mid,法師,leiming,standard,0,1,4,1,10698,13265,9794,442.3,9.1,17.04,,2,1,1,2,2,395,188,466,913,4245,6088,8596,6253,937,570,285,475,,76,,t3_psyward
standard,97,r4,red,adc,射手,dujian,standard,0,5,5,0,13895,11716,11421,515.8,9.41,17.98,20.82,3,1,1,2,3,528,350,771,441,3878,5550,9521,6253,1007,1710,,475,,76,,t3_shieldbreaker|t3_rendspear
standard,97,r5,red,sup,坦克,tiankong,standard,0,0,0,0,5432,20657,9841,444.5,7.28,13.21,17.52,3,1,2,3,3,501,167,419,361,4601,7447,9119,6253,361,,,475,,76,1953,t3_calmveil|t3_thornmail
standard,98,b1,blue,top,戰士,greymantle,standard,0,0,5,0,14361,33201,10062,389.1,9.07,18.19,24.67,3,1,1,2,3,443,515,290,311,3593,5265,8020,6253,646,,,950,,171,,t3_shieldbreaker|t3_finalstring
standard,98,b2,blue,jungle,刺客,yueying,standard,0,2,7,0,5558,14677,11066,428,8.76,16.77,23.4,3,1,1,2,3,538,745,1434,786,3738,6375,8914,6253,513,1140,,,837,171,,t3_finalstring
standard,98,b3,blue,mid,法師,haixiao,standard,0,2,8,2,21836,18914,11601,448.6,8.23,19.22,24.02,3,1,1,2,3,693,522,598,70,4543,6272,8628,6253,1064,570,570,,,171,,t3_psyward
standard,98,b4,blue,adc,射手,tianfa,standard,0,6,8,0,19633,15962,13688,529.4,9.51,18.32,21,4,1,1,2,4,395,388,275,768,3745,5588,9025,6253,969,1140,,475,16,171,,t3_shieldbreaker|t3_rendspear
standard,98,b5,blue,sup,坦克,shiqiang,standard,0,0,5,0,6412,24747,10593,409.6,7.37,14.09,18.62,3,1,2,3,3,401,439,222,1012,4601,6919,8722,6253,228,,,,,76,2164,t3_calmveil|t3_thornmail
standard,98,r1,red,top,戰士,greymantle,standard,1,9,1,2,20728,27216,16110,623,9.18,15.37,20.77,5,1,1,2,5,662,1274,1707,759,3812,6804,10357,6253,1064,1710,570,380,,380,,t3_shieldbreaker|t3_finalstring
standard,98,r2,red,jungle,刺客,yueying,standard,1,2,1,0,8030,11853,12690,490.8,8.88,14.68,19.23,3,1,2,3,3,999,142,506,1560,4199,7322,10206,6253,142,1140,,380,1910,380,,t3_finalstring
standard,98,r3,red,mid,法師,haixiao,standard,1,15,3,1,36733,16218,20683,799.8,10.39,17.11,20.28,5,0,1,2,5,1542,338,1982,4532,3802,6538,11462,6253,1124,2850,,855,,380,,t3_psyward
standard,98,r4,red,adc,射手,tianfa,standard,1,5,5,3,19451,11058,13602,526,10.16,17.57,23.53,4,0,1,2,4,1598,244,380,381,3758,5924,9280,6253,1127,570,570,380,,380,,t3_shieldbreaker|t3_rendspear
standard,98,r5,red,sup,坦克,shiqiang,standard,1,2,0,7,11129,23884,15347,593.5,6.99,11.66,15.42,5,1,2,4,5,359,1671,545,1746,5159,8911,12745,6253,569,1140,1140,855,,380,2406,t3_calmveil|t3_thornmail
standard,99,b1,blue,top,戰士,ravager,standard,0,0,5,1,8077,27886,10259,412,9.05,18.23,23.5,3,1,1,2,3,462,322,402,379,3612,5322,7602,6253,874,,,475,,0,,t3_shieldbreaker|t3_finalstring
standard,99,b2,blue,jungle,戰士,longyi,standard,0,0,4,0,5933,18916,9792,393.2,9.07,17.04,,2,1,1,2,2,970,629,594,1611,4070,6059,8124,6253,421,,,,1450,0,,t3_shieldbreaker|t3_finalstring
standard,99,b3,blue,mid,法師,bingshuang,standard,0,2,7,0,18096,18106,10106,405.8,10.68,19.02,,2,0,1,2,2,1580,124,245,825,3840,5634,7895,6253,1071,570,,,,0,,t3_psyward
standard,99,b4,blue,adc,射手,dawnstrike,standard,0,6,7,0,21964,11636,12732,511.3,9.43,19.89,22.82,3,1,1,2,3,351,483,314,2082,3701,5563,7634,6253,905,,,475,,0,,t3_shieldbreaker|t3_rendspear
standard,99,b5,blue,sup,輔助,shengguang,standard,0,0,4,2,5392,20350,11220,450.6,6.28,12.58,18.22,4,1,2,3,4,511,618,150,340,4511,6868,9190,6253,223,,,475,68,0,2170,t3_calmveil
standard,99,r1,red,top,戰士,ravager,standard,1,8,1,0,20058,27999,15250,612.4,9.35,13.38,18.52,4,1,2,3,4,833,277,316,1799,3983,7377,10816,6253,1162,2280,,570,,551,,t3_shieldbreaker|t3_finalstring
standard,99,r2,red,jungle,戰士,longyi,standard,1,6,0,1,8942,14041,15513,623,8.98,16.71,17.54,4,1,1,3,4,164,1952,1521,2112,3914,7382,11071,6253,110,1710,285,570,1591,551,,t3_shieldbreaker|t3_finalstring
standard,99,r3,red,mid,法師,bingshuang,standard,1,5,3,3,22755,14016,13977,561.3,10.83,19.03,22.13,3,0,1,2,3,1504,430,35,1896,3764,6180,9315,6253,1086,570,285,570,,551,,t3_psyward
standard,99,r4,red,adc,射手,dawnstrike,standard,1,7,4,2,29314,11021,14480,581.5,9.43,16.69,21.96,4,1,1,2,4,281,424,83,630,3631,6104,8983,6253,706,570,427,570,,456,,t3_shieldbreaker|t3_rendspear
standard,99,r5,red,sup,輔助,shengguang,standard,1,1,0,4,5864,10485,13950,560.2,7.33,13.51,15.6,3,1,2,3,3,263,975,1122,4719,4563,8005,10352,6253,354,570,142,570,,551,1910,t3_calmveil
standard,100,b1,blue,top,戰士,dadi2,standard,0,1,1,0,8827,22562,9832,440.1,8.97,16.95,,2,1,1,2,2,633,1027,388,1182,3783,6557,8438,6253,969,570,,475,,171,,t3_shieldbreaker|t3_finalstring
standard,100,b2,blue,jungle,戰士,ravager,standard,0,0,1,0,5714,13071,8746,391.5,8.32,17.7,,2,1,1,2,2,787,1098,244,516,3887,5798,7824,6253,304,,,,1095,171,,t3_shieldbreaker|t3_finalstring
standard,100,b3,blue,mid,法師,mingyun2,standard,0,2,3,1,16593,15053,10158,454.7,11.47,18.11,,2,0,1,2,2,1431,31,909,1078,3691,5781,9239,6253,915,1140,285,475,,171,,t3_psyward
standard,100,b4,blue,adc,射手,hanbing,standard,0,7,5,1,21051,9963,12439,556.8,9.64,16.61,19.77,3,1,1,3,3,1159,1052,167,838,4509,6732,9867,6253,826,2280,285,,51,171,,t3_shieldbreaker|t3_rendspear
standard,100,b5,blue,sup,坦克,tieshixin,standard,0,0,2,1,5847,19680,10697,478.8,6.93,12.78,19.73,3,1,2,3,3,370,585,126,317,4570,6945,9626,6253,329,,,950,,76,2017,t3_calmveil|t3_thornmail
standard,100,r1,red,top,戰士,dadi2,standard,1,4,0,0,10924,22534,12936,579,9.23,17.31,19.91,3,1,1,3,3,595,419,84,2086,3745,5949,10934,6253,817,1140,,2280,26,418,,t3_shieldbreaker|t3_finalstring
standard,100,r2,red,jungle,戰士,ravager,standard,1,2,0,1,11418,16098,11364,508.6,8.24,13.81,19.77,3,1,2,3,3,282,725,297,564,4862,7825,10377,6253,240,1140,142,380,1802,418,,t3_shieldbreaker|t3_finalstring
standard,100,r3,red,mid,法師,mingyun2,standard,1,1,1,1,18482,13601,9905,443.3,10.71,17.69,,2,0,1,2,2,1422,690,293,504,3682,6440,9043,6253,1136,570,285,380,,418,,t3_psyward
standard,100,r4,red,adc,射手,hanbing,standard,1,5,6,0,12840,8743,11365,508.7,10.36,17.5,21.24,3,0,1,2,3,1389,981,927,164,3549,6361,9477,6253,715,1710,,380,,418,,t3_shieldbreaker|t3_rendspear
standard,100,r5,red,sup,坦克,tieshixin,standard,1,0,3,1,5094,18340,10875,486.8,6.64,13.71,18.73,3,1,2,3,3,287,347,147,895,4487,7287,10127,6253,205,,142,1330,,228,1967,t3_calmveil|t3_thornmail
standard,101,b1,blue,top,戰士,ronggang,standard,0,1,2,2,16131,27878,11357,476.9,9.21,13.91,20.71,3,1,2,2,3,738,667,748,327,3888,7517,9398,6253,1111,570,570,665,,228,,t3_shieldbreaker|t3_finalstring
standard,101,b2,blue,jungle,戰士,xueyue,standard,0,1,1,0,8617,15719,10306,432.7,8,17.16,22.43,3,1,1,2,3,911,826,697,406,4011,6306,8697,6253,446,570,,190,1008,228,,t3_shieldbreaker|t3_finalstring
standard,101,b3,blue,mid,法師,bingshuang,standard,0,7,4,0,21091,15185,13590,570.6,10.6,18.12,21.03,3,0,1,2,3,1618,524,845,1509,3878,6424,9825,6253,969,1710,,665,,228,,t3_psyward
standard,101,b4,blue,adc,射手,xuanfeng,standard,0,4,6,1,19755,9911,11234,471.7,11.76,18.96,22.48,3,0,1,2,3,1462,32,1077,333,3622,5712,8077,6253,693,570,142,190,,228,,t3_shieldbreaker|t3_rendspear
standard,101,b5,blue,sup,坦克,xukong,standard,0,0,2,1,6936,19662,11695,491,6.8,13.56,19.71,3,1,2,3,3,468,145,345,1714,4668,7385,9845,6253,351,,142,190,,228,2680,t3_calmveil|t3_thornmail
standard,101,r1,red,top,戰士,ronggang,standard,1,4,2,1,15430,24886,13286,557.8,8.44,15.28,21.03,3,1,1,2,3,184,1274,1623,1835,4334,6804,9673,6253,969,1140,,950,,361,,t3_shieldbreaker|t3_finalstring
standard,101,r2,red,jungle,戰士,xueyue,standard,1,2,1,4,14081,20017,11881,498.9,9.24,16.23,22.11,3,1,1,2,3,933,1187,829,481,4033,6667,9429,6253,266,570,855,,1124,361,,t3_shieldbreaker|t3_finalstring
standard,101,r3,red,mid,法師,bingshuang,standard,1,1,4,0,16827,14509,10132,425.4,11,19.85,,2,0,1,2,2,1428,277,313,731,3688,5607,8343,6253,1064,,,950,,76,,t3_psyward
standard,101,r4,red,adc,射手,xuanfeng,standard,1,7,6,0,18240,11205,12934,543.1,9.51,17.05,20.26,3,1,1,2,3,376,451,1106,1134,3726,5531,10006,6253,874,2280,,237,,361,,t3_shieldbreaker|t3_rendspear
standard,101,r5,red,sup,坦克,xukong,standard,1,1,0,1,8272,20325,12605,529.3,6.58,13.27,18.76,4,1,2,3,4,720,354,439,1004,4620,7014,9819,6253,361,570,,237,,361,2036,t3_calmveil|t3_thornmail
standard,102,b1,blue,top,戰士,jingci,standard,0,0,0,0,7129,27583,9484,410.1,9.21,18.83,,2,1,1,2,2,700,522,391,883,3850,5522,8391,6253,845,,,950,,342,,t3_shieldbreaker|t3_finalstring
standard,102,b2,blue,jungle,戰士,jufeng,standard,0,4,0,0,8737,15105,11671,504.7,9.53,16.67,20.68,3,1,1,2,3,774,887,1143,740,3874,6317,9693,6253,190,1710,,237,959,342,,t3_shieldbreaker|t3_finalstring
standard,102,b3,blue,mid,法師,mingyun2,standard,0,3,3,2,15087,14273,11441,494.7,9.48,18.91,23.11,3,1,1,2,3,617,329,304,110,4467,6529,8334,6253,883,570,285,,,342,,t3_psyward
standard,102,b4,blue,adc,射手,phantom,standard,0,5,6,0,20071,11510,11593,501.3,9.76,17.87,21.57,3,1,1,2,3,471,470,289,212,3821,5550,8239,6253,836,570,,237,,342,,t3_shieldbreaker|t3_rendspear
standard,102,b5,blue,sup,輔助,tianshi,standard,0,0,2,0,5080,17500,11845,512.2,6.27,12.11,16.8,4,1,2,3,4,81,336,577,465,4681,7066,9327,6253,361,,,475,51,152,2034,t3_calmveil
standard,102,r1,red,top,戰士,jingci,standard,1,2,1,0,12910,26470,11118,480.8,7.99,15.38,19.52,3,1,1,3,3,126,1296,330,317,3926,6776,9930,6253,1073,1140,,1235,,228,,t3_shieldbreaker|t3_finalstring
standard,102,r2,red,jungle,戰士,jufeng,standard,1,2,1,0,8784,13473,11460,495.6,8.76,16.69,19.87,3,1,1,3,3,280,1247,137,529,4030,6677,9987,6253,304,1140,,522,1539,228,,t3_shieldbreaker|t3_finalstring
standard,102,r3,red,mid,法師,mingyun2,standard,1,2,4,0,17926,13658,10301,445.4,10.5,16,,2,0,1,2,2,1447,903,407,900,3707,7403,9037,6253,893,1140,,522,,228,,t3_psyward
standard,102,r4,red,adc,射手,phantom,standard,1,5,5,0,18617,9393,11612,502.1,9.36,17.08,22.76,3,1,1,2,3,215,830,194,411,3565,6510,8144,6253,807,570,,285,,228,,t3_shieldbreaker|t3_rendspear
standard,102,r5,red,sup,輔助,tianshi,standard,1,0,1,1,5228,14324,11465,495.8,5.86,13.1,17.33,3,1,2,3,3,468,435,420,2234,4468,7465,9650,6253,228,,285,760,,228,1895,t3_calmveil
standard,103,b1,blue,top,戰士,tielian,standard,0,1,6,1,12658,34535,10729,405.8,6.97,16.62,23.84,3,1,1,2,3,206,1001,360,529,4486,6481,8590,6253,722,570,285,570,,190,,t3_shieldbreaker|t3_finalstring
standard,103,b2,blue,jungle,戰士,rongyan,standard,0,1,8,0,9667,24374,10530,398.2,8.7,17.05,24.85,3,1,1,2,3,1000,1019,420,379,4100,6449,8250,6253,304,570,,95,837,190,,t3_shieldbreaker|t3_finalstring
standard,103,b3,blue,mid,法師,bingshuang,standard,0,2,6,0,22914,18333,11363,429.7,9.32,18.51,24.22,3,1,1,2,3,522,194,317,112,4372,6424,8647,6253,1064,570,,570,,190,,t3_psyward
standard,103,b4,blue,adc,射手,huanying,standard,0,9,13,1,22663,12968,14730,557.1,9.83,17.76,21.28,4,1,1,2,4,194,387,823,1129,3544,5767,9073,6253,522,1710,,570,17,0,,t3_shieldbreaker|t3_rendspear
standard,103,b5,blue,sup,輔助,mantra,standard,0,0,7,3,7947,26638,12635,477.8,7.13,12.98,17.53,4,1,2,3,4,159,332,946,1185,4459,7062,9986,6253,123,,285,1045,,190,2089,t3_calmveil
standard,103,r1,red,top,戰士,tielian,standard,1,13,1,0,28900,32071,19786,748.3,10.42,15.03,16.62,5,0,1,4,5,1866,1476,479,4485,3916,6956,12979,6253,1083,4560,,665,,418,,t3_shieldbreaker|t3_finalstring
standard,103,r2,red,jungle,戰士,rongyan,standard,1,6,3,2,19891,19798,14947,565.3,7.88,14.39,19.27,4,1,2,3,4,1538,459,551,1547,4638,7209,10401,6253,221,1710,570,190,1038,418,,t3_shieldbreaker|t3_finalstring
standard,103,r3,red,mid,法師,bingshuang,standard,1,5,4,3,19225,15548,13962,528,10.37,18.58,24.42,4,0,1,2,4,1979,158,275,612,4239,6358,9075,6253,836,1140,427,190,,228,,t3_psyward
standard,103,r4,red,adc,射手,huanying,standard,1,15,4,0,48265,11920,19315,730.5,8.54,16.94,20.22,4,1,1,2,4,912,938,2457,5464,4262,6618,11007,6253,769,2850,,665,51,418,,t3_shieldbreaker|t3_rendspear
standard,103,r5,red,sup,輔助,mantra,standard,1,1,1,5,7103,14279,14509,548.7,5.9,12.53,16.77,5,1,2,4,5,1217,159,350,1309,4617,7189,11730,6253,357,570,997,1140,,418,1993,t3_calmveil
standard,104,b1,blue,top,坦克,shiqiang,standard,1,1,2,0,10783,24598,10463,443.7,7.1,13.57,20.31,3,1,2,2,3,608,223,1642,912,4258,6633,8932,6253,760,570,,1045,,304,,t3_calmveil|t3_thornmail
standard,104,b2,blue,jungle,戰士,tielian,standard,1,1,1,0,7715,16069,10081,427.5,8.66,15.3,22.91,3,1,1,2,3,596,686,646,481,3696,5916,8626,6253,427,570,,95,975,304,,t3_finalstring|t3_shieldbreaker
standard,104,b3,blue,mid,法師,mingyun2,standard,1,2,3,0,17792,14663,10716,454.4,11.57,19.19,,2,0,1,2,2,1434,321,566,1316,3694,6221,8596,6253,899,570,,570,,304,,t3_psyward
standard,104,b4,blue,adc,射手,guangsu,standard,1,3,2,1,14600,12782,10523,446.2,9.55,17.68,23.1,3,1,1,2,3,329,461,306,302,3679,5541,8106,6253,598,570,285,95,,304,,t3_shieldbreaker|t3_rendspear
standard,104,b5,blue,sup,坦克,tiebi,standard,1,0,4,0,6864,21350,12863,545.4,6.78,12.97,19.18,4,1,2,3,4,723,418,1443,662,4623,7198,10523,6253,240,,,1045,,304,2680,t3_calmveil|t3_thornmail
standard,104,r1,red,top,坦克,shiqiang,standard,0,2,0,0,11072,23582,11520,488.5,7.94,15.02,19.02,3,1,1,3,3,158,1289,472,1490,3808,6139,9122,6253,1026,570,,1045,,228,,t3_calmveil|t3_thornmail
standard,104,r2,red,jungle,戰士,tielian,standard,0,4,1,1,10825,15131,12144,514.9,10.23,14.77,20.4,3,0,2,2,3,2048,110,1565,743,4048,7190,9845,6253,152,1710,,95,1406,228,,t3_finalstring|t3_shieldbreaker
standard,104,r3,red,mid,法師,mingyun2,standard,0,2,4,1,21382,13503,10156,430.6,10.63,19.52,,2,0,1,2,2,1533,299,316,1405,3793,6199,8346,6253,915,570,285,95,,228,,t3_psyward
standard,104,r4,red,adc,射手,guangsu,standard,0,2,2,0,17837,12387,9722,412.2,10.18,19.29,,2,0,1,2,2,1379,267,74,1141,3539,5347,7874,6253,728,570,,95,,228,,t3_shieldbreaker|t3_rendspear
standard,104,r5,red,sup,坦克,tiebi,standard,0,2,0,1,6543,19694,12756,540.9,7.04,11.78,17.78,4,1,2,3,4,914,753,1348,1156,5114,7993,10728,6253,256,570,,1045,,228,2375,t3_calmveil|t3_thornmail
standard,105,b1,blue,top,坦克,longji,standard,1,0,2,0,9765,24860,9620,381,8.59,14.43,23.18,3,1,2,2,3,757,213,467,290,3707,6063,7697,6253,817,,,475,,152,,t3_calmveil|t3_thornmail
standard,105,b2,blue,jungle,戰士,cinderfist,standard,1,2,0,0,11483,16550,11043,437.4,8.98,15.64,23.05,3,1,1,2,3,1377,1120,792,593,4477,6550,8442,6253,551,570,,,915,152,,t3_shieldbreaker|t3_finalstring
standard,105,b3,blue,mid,法師,shikong,standard,1,5,3,0,20998,18312,13116,519.5,10.59,18.12,23.48,3,0,1,2,3,1485,828,296,1036,3745,6158,9046,6253,1026,1140,,475,,152,,t3_psyward
standard,105,b4,blue,adc,射手,mori,standard,1,7,6,1,21635,12041,13466,533.3,9.88,16.59,20.23,4,1,1,2,4,519,621,1030,566,3869,6301,9930,6253,959,2280,285,,,152,,t3_shieldbreaker|t3_rendspear
standard,105,b5,blue,sup,輔助,zhanchang,standard,1,0,5,1,6979,18358,12678,502.1,6.53,12.56,16.73,4,1,2,3,4,573,411,640,1717,4573,7441,9120,6253,256,,,475,77,152,1906,t3_calmveil
standard,105,r1,red,top,坦克,longji,standard,0,4,0,1,17157,28931,12996,514.7,9.42,12.63,19.04,4,1,2,3,4,624,79,1127,846,3574,6709,9977,6253,836,1710,,760,,418,,t3_calmveil|t3_thornmail
standard,105,r2,red,jungle,戰士,cinderfist,standard,0,3,1,1,13267,16266,13300,526.7,8.21,14.1,23.53,4,1,2,2,4,846,559,1560,370,3946,7309,10110,6253,323,1140,285,285,1405,418,,t3_shieldbreaker|t3_finalstring
standard,105,r3,red,mid,法師,shikong,standard,0,0,3,1,19453,16582,10672,422.6,10.46,18.58,,2,0,1,2,2,1599,300,121,1271,3859,6500,8571,6253,1140,,,760,,418,,t3_psyward
standard,105,r4,red,adc,射手,mori,standard,0,9,9,0,14287,13251,13981,553.7,10.67,16.58,20.23,4,0,1,2,4,1196,830,1087,760,3356,6510,9987,6253,370,2850,,285,,228,,t3_shieldbreaker|t3_rendspear
standard,105,r5,red,sup,輔助,zhanchang,standard,0,0,1,0,6787,14926,11654,461.6,6.14,12.38,17.23,4,1,2,3,4,1492,616,1386,694,4592,7096,9566,6253,370,,,760,,418,1764,t3_calmveil
standard,106,b1,blue,top,坦克,dadi,standard,0,1,0,0,8430,22703,9464,435.6,8.25,14.65,20.22,3,1,2,2,3,317,365,1683,134,4467,6215,8913,6253,988,570,,950,,152,,t3_calmveil|t3_thornmail
standard,106,b2,blue,jungle,戰士,chichuan,standard,0,2,1,0,8577,14260,10062,463.2,8.82,15.95,20.43,3,1,1,2,3,774,2142,961,212,3874,6792,9511,6253,551,1140,,,1414,152,,t3_shieldbreaker|t3_finalstring
standard,106,b3,blue,mid,法師,lieyan,standard,0,2,3,1,13253,13589,9854,453.6,11.04,18.85,,2,0,1,2,2,1523,74,399,773,3783,5674,8999,6253,978,1140,,475,,152,,t3_psyward
standard,106,b4,blue,adc,射手,leiting,standard,0,6,4,0,16148,10468,11599,533.9,10.75,17.45,21.12,3,0,1,2,3,2275,617,399,1598,4435,6297,9299,6253,1184,1710,,,,152,,t3_shieldbreaker|t3_rendspear
standard,106,b5,blue,sup,輔助,luminary,standard,0,0,2,0,4577,13441,10169,468.1,6.82,12.22,15.58,3,1,2,3,3,1603,415,368,938,4703,7145,9598,6253,364,,,475,51,152,2302,t3_calmveil
standard,106,r1,red,top,坦克,dadi,standard,1,0,0,0,8637,20722,9372,431.4,9.11,15.88,19.63,3,1,1,3,3,719,735,221,342,3669,6035,8771,6253,1140,,,902,,475,,t3_calmveil|t3_thornmail
standard,106,r2,red,jungle,戰士,chichuan,standard,1,2,1,1,9684,12725,11283,519.4,8.88,16.38,20.4,3,1,1,2,3,751,2072,2360,532,3851,6902,10610,6253,152,1140,285,427,1877,475,,t3_shieldbreaker|t3_finalstring
standard,106,r3,red,mid,法師,lieyan,standard,1,5,5,0,16301,14238,11193,515.2,11.05,16.82,,2,0,1,2,2,1390,148,190,1793,3650,6348,9470,6253,937,1710,,190,,380,,t3_psyward
standard,106,r4,red,adc,射手,leiting,standard,1,3,4,3,12484,8025,12207,561.9,9.82,16.83,19.74,3,1,1,3,3,310,336,101,1006,3660,6016,10401,6253,775,570,712,1615,,475,,t3_shieldbreaker|t3_rendspear
standard,106,r5,red,sup,輔助,luminary,standard,1,0,1,3,6512,13684,11749,540.8,6.28,13.27,19.44,4,1,2,3,4,254,389,1233,948,4554,7119,10463,6253,338,,142,1140,,475,2113,t3_calmveil
standard,107,b1,blue,top,坦克,tixue,standard,1,1,1,0,7850,18201,9898,463.6,7.59,16.54,20.19,3,1,1,2,3,956,542,1417,1248,3906,5692,8707,6253,977,,,1045,,430,,t3_calmveil|t3_thornmail
standard,107,b2,blue,jungle,戰士,dadi2,standard,1,1,0,1,9783,12284,10408,487.5,9.49,16.93,20.41,3,1,1,2,3,810,969,1272,807,3910,6449,9502,6253,414,570,,807,1026,430,,t3_finalstring|t3_shieldbreaker
standard,107,b3,blue,mid,法師,shikong,standard,1,3,3,0,13648,12474,10808,506.2,10.33,16.88,,2,0,1,2,2,1523,319,216,1407,3783,6519,9616,6253,1349,1140,,570,,304,,t3_psyward
standard,107,b4,blue,adc,射手,shensheng,standard,1,2,6,0,14975,10088,10011,468.9,10.83,17.48,,2,0,1,2,2,1602,504,1439,1430,3762,6004,8819,6253,741,570,,807,17,430,,t3_shieldbreaker|t3_rendspear
standard,107,b5,blue,sup,坦克,tiankong,standard,1,0,1,1,5414,18563,10443,489.1,6.45,12.94,18.07,3,1,2,3,3,543,95,442,463,4743,7335,9822,6253,507,,285,570,68,304,1833,t3_calmveil|t3_thornmail
standard,107,r1,red,top,坦克,tixue,standard,0,0,0,0,6381,17526,9003,421.7,8.73,16.29,20.95,3,1,1,2,3,586,150,1861,352,3536,5550,8571,6253,513,,,1615,,190,,t3_calmveil|t3_thornmail
standard,107,r2,red,jungle,戰士,dadi2,standard,0,5,1,0,8535,15040,12130,568.2,8.92,15.38,20.5,3,1,1,2,3,1032,1309,2811,1330,4132,6539,11091,6253,522,2280,,190,1655,190,,t3_finalstring|t3_shieldbreaker
standard,107,r3,red,mid,法師,shikong,standard,0,1,2,0,11443,11136,8794,411.9,11.24,19.63,,2,0,1,2,2,1409,154,242,1243,3669,6054,7792,6253,874,,,665,,0,,t3_psyward
standard,107,r4,red,adc,射手,shensheng,standard,0,4,2,1,15643,10061,10355,485,10.13,16.62,,2,0,1,2,2,1379,399,1020,1774,3539,6199,9600,6253,687,2280,,190,,190,,t3_shieldbreaker|t3_rendspear
standard,107,r5,red,sup,坦克,tiankong,standard,0,1,2,0,7254,15881,10908,510.9,7.53,12.36,17.34,3,1,2,3,3,632,550,458,927,4532,7790,10438,6253,253,570,,665,,190,2506,t3_calmveil|t3_thornmail
standard,108,b1,blue,top,坦克,stoneguard,standard,1,0,2,0,11543,25097,8685,392.3,8.72,15.13,,2,1,1,2,2,719,887,381,955,3669,5987,7811,6253,931,,,475,,152,,t3_calmveil|t3_thornmail
standard,108,b2,blue,jungle,戰士,langwang,standard,1,1,3,0,5644,12276,9373,423.3,9.73,18.39,,2,1,1,2,2,93,676,346,972,3893,5906,8446,6253,449,570,,,1021,152,,t3_finalstring|t3_shieldbreaker
standard,108,b3,blue,mid,法師,lieyan,standard,1,2,2,0,20583,15948,9835,444.2,9.15,18.26,,2,1,1,2,2,389,444,194,554,4239,6044,8904,6253,883,1140,,475,,152,,t3_psyward
standard,108,b4,blue,adc,射手,liangzicz,standard,1,0,4,1,10397,10167,8058,363.9,10.65,19.99,,2,0,1,2,2,1405,422,284,378,3565,5322,7184,6253,636,,142,,,152,,t3_shieldbreaker|t3_rendspear
standard,108,b5,blue,sup,坦克,tiemu,standard,1,0,4,1,5261,19607,11280,509.5,7.03,13.31,18.08,4,1,2,3,4,118,100,807,380,4618,7480,10387,6253,329,,142,1425,102,152,1982,t3_calmveil|t3_thornmail
standard,108,r1,red,top,坦克,stoneguard,standard,0,4,0,2,15339,22474,11708,528.8,9.02,14.47,17.79,4,1,2,3,4,948,205,358,357,3898,6615,9788,6253,1333,1140,285,380,17,380,,t3_calmveil|t3_thornmail
standard,108,r2,red,jungle,戰士,langwang,standard,0,4,0,2,5349,11756,13351,603,8.93,16.17,17.36,4,1,1,3,4,406,2339,1027,470,4686,7819,11527,6253,171,1140,285,1330,1967,380,,t3_finalstring|t3_shieldbreaker
standard,108,r3,red,mid,法師,lieyan,standard,0,2,1,3,19777,12000,10494,474,10.19,17.13,,2,0,1,2,2,1846,431,267,1094,4106,6931,9667,6253,893,1140,570,380,51,380,,t3_psyward
standard,108,r4,red,adc,射手,liangzicz,standard,0,1,2,3,13884,10652,10120,457,10.53,17.93,21.92,3,0,1,2,3,1405,231,145,219,3565,5731,8125,6253,636,,,855,,380,,t3_shieldbreaker|t3_rendspear
standard,108,r5,red,sup,坦克,tiemu,standard,0,4,0,5,7903,19723,13305,600.9,7.43,12.15,14.97,4,1,3,4,4,370,188,145,1104,4570,8788,12345,6253,196,2280,570,380,,380,2285,t3_calmveil|t3_thornmail
standard,109,b1,blue,top,坦克,thornwall,standard,0,2,2,0,7368,23606,10134,451.9,8.21,13.23,18.74,3,1,2,3,3,317,370,311,804,4467,6700,9341,6253,1206,1140,,285,,456,,t3_calmveil|t3_thornmail
standard,109,b2,blue,jungle,戰士,anliuyouXia,standard,0,0,0,1,9039,12874,9558,426.2,8.8,17.08,,2,1,1,2,2,208,1510,1999,1007,3958,6340,8749,6253,408,,285,285,1061,456,,t3_shieldbreaker|t3_finalstring
standard,109,b3,blue,mid,法師,shikong,standard,0,6,4,1,18037,14259,13098,584.1,9.64,15.68,20.27,3,1,1,2,3,389,988,1176,1018,4239,7488,10576,6253,874,1710,285,997,,456,,t3_psyward
standard,109,b4,blue,adc,射手,xingchen,standard,0,16,1,0,31693,9945,17744,791.2,9.4,14.03,16.48,4,1,2,4,4,395,495,880,3893,3745,8115,14100,6253,836,6270,,285,,456,,t3_shieldbreaker|t3_rendspear
standard,109,b5,blue,sup,輔助,hexweave,standard,0,0,2,1,5281,13166,11589,516.8,6.23,12.93,18.63,4,1,2,3,4,273,512,1262,629,4573,7242,10492,6253,209,,,1472,,456,2101,t3_calmveil
standard,109,r1,red,top,坦克,thornwall,standard,1,1,1,0,7003,22340,9535,425.2,9.02,16.33,20.93,3,1,1,2,3,767,405,257,605,3717,5705,7887,6253,997,,,475,34,126,,t3_calmveil|t3_thornmail
standard,109,r2,red,jungle,戰士,anliuyouXia,standard,1,3,4,0,11218,15966,11004,490.7,8.77,15.77,19.28,3,1,1,3,3,208,1444,352,553,4258,6874,9902,6253,541,1710,,,1271,126,,t3_shieldbreaker|t3_finalstring
standard,109,r3,red,mid,法師,shikong,standard,1,3,5,0,16524,14695,11334,505.4,10.23,18.4,21.49,3,0,1,2,3,2017,1117,820,1184,4277,6627,9800,6253,855,1140,,1425,,126,,t3_psyward
standard,109,r4,red,adc,射手,xingchen,standard,1,2,10,3,12281,12605,10214,455.5,10.83,18.98,,2,0,1,2,2,1262,194,544,1464,3422,5094,8394,6253,475,570,570,475,51,0,,t3_shieldbreaker|t3_rendspear
standard,109,r5,red,sup,輔助,hexweave,standard,1,0,4,3,5294,16275,11317,504.7,7.08,12.25,18.01,4,1,2,3,4,1978,578,742,916,4478,6758,9782,6253,171,,285,475,,0,2598,t3_calmveil
standard,110,b1,blue,top,坦克,tieshixin,standard,0,0,3,0,9599,26278,9561,395.1,8.13,14.01,23.39,3,1,2,2,3,276,128,797,130,3926,6358,8087,6253,1035,,,475,,323,,t3_calmveil|t3_thornmail
standard,110,b2,blue,jungle,刺客,razorwing,standard,0,2,5,0,6114,10045,10634,439.4,8.9,17.68,22.74,3,1,1,2,3,577,1657,1274,1133,3777,6037,7974,6253,171,,,,1226,323,,t3_finalstring
standard,110,b3,blue,mid,法師,xingjie,standard,0,0,8,2,21064,16154,9976,412.2,10.91,19.58,,2,0,1,2,2,1568,41,363,496,3828,6241,7913,6253,905,,,475,51,228,,t3_psyward
standard,110,b4,blue,adc,射手,dujian,standard,0,7,8,0,17934,15126,13222,546.4,9.36,17.75,20.43,3,1,1,2,3,234,381,775,2242,3584,6181,9525,6253,712,1710,,475,51,323,,t3_shieldbreaker|t3_rendspear
standard,110,b5,blue,sup,坦克,tiankong,standard,0,1,2,2,8566,23981,12441,514.1,7.02,11.68,16.74,4,1,2,3,4,1559,921,768,1061,5159,8161,10568,6253,329,570,285,475,,323,2332,t3_calmveil|t3_thornmail
standard,110,r1,red,top,坦克,tieshixin,standard,1,6,0,1,11279,23999,14273,589.8,9.58,13.68,17.55,5,1,2,3,5,308,166,1382,622,4258,6576,11412,6253,798,3420,,712,,228,,t3_calmveil|t3_thornmail
standard,110,r2,red,jungle,刺客,razorwing,standard,1,1,2,4,9978,13100,11995,495.6,9.54,15.5,20.58,3,1,1,2,3,756,1242,753,1714,3956,6572,9183,6253,513,,855,,1333,228,,t3_finalstring
standard,110,r3,red,mid,法師,xingjie,standard,1,6,3,4,25645,15727,14111,583.1,10.32,18.2,20.55,3,0,1,2,3,1580,389,484,1911,3840,6139,9664,6253,950,1140,855,237,,228,,t3_psyward
standard,110,r4,red,adc,射手,dujian,standard,1,9,5,2,21221,13329,15033,621.2,7.57,14.32,19.23,4,1,2,3,4,686,450,1553,1182,4686,7650,11773,6253,826,3420,570,475,,228,,t3_shieldbreaker|t3_rendspear
standard,110,r5,red,sup,坦克,tiankong,standard,1,4,0,1,8435,19717,14332,592.2,7.59,12.78,17.49,4,1,2,3,4,344,168,873,2132,4544,6948,10853,6253,446,570,285,475,,228,2595,t3_calmveil|t3_thornmail
standard,111,b1,blue,top,坦克,bingshouweis,standard,0,1,2,0,6512,19000,7960,387.8,8.03,16.79,,2,1,1,2,2,700,343,1242,1410,3650,5493,7792,6253,817,570,,,,152,,t3_calmveil|t3_thornmail
standard,111,b2,blue,jungle,刺客,jingxiang,standard,0,0,4,1,6140,10480,8008,390.1,8.68,18.56,,2,1,1,2,2,113,674,360,527,4013,6004,7840,6253,351,,142,,940,152,,t3_finalstring
standard,111,b3,blue,mid,法師,auralith,standard,0,0,0,2,12555,10338,8141,396.6,11.04,20.14,,2,0,1,1,2,1723,452,1397,290,3983,5902,7897,6253,1064,,427,,,152,,t3_psyward
standard,111,b4,blue,adc,射手,tianfa,standard,0,2,4,0,14749,11696,8513,414.7,9.88,20.27,,2,1,1,1,2,396,408,1404,1312,3746,5608,7204,6253,782,,,,17,152,,t3_shieldbreaker|t3_rendspear
standard,111,b5,blue,sup,坦克,shiqiang,standard,0,1,2,0,4992,17048,10348,504.2,6.57,12.06,18.36,3,1,2,3,3,378,523,330,1448,5178,7463,9230,6253,367,570,,,,152,1887,t3_calmveil|t3_thornmail
standard,111,r1,red,top,坦克,bingshouweis,standard,1,5,1,1,12979,20403,11565,563.4,7.51,13.42,16.23,3,1,2,3,3,150,781,1176,1534,4100,7311,11206,6253,1102,2850,285,285,51,380,,t3_calmveil|t3_thornmail
standard,111,r2,red,jungle,刺客,jingxiang,standard,1,0,1,1,4673,7509,9305,453.3,8.69,16.24,,2,1,1,2,2,164,1154,1467,1824,4064,6484,8947,6253,66,,285,285,1676,380,,t3_finalstring
standard,111,r3,red,mid,法師,auralith,standard,1,3,1,0,14178,11203,11162,543.8,10.16,16.78,,2,0,1,2,2,1609,200,1624,1981,3869,6700,10804,6253,1225,1710,,1235,,380,,t3_psyward
standard,111,r4,red,adc,射手,tianfa,standard,1,4,1,0,12038,10459,11003,536.1,9.44,18.1,,2,1,1,2,2,265,414,925,2423,3615,5914,9505,6253,972,1140,,760,,380,,t3_shieldbreaker|t3_rendspear
standard,111,r5,red,sup,坦克,shiqiang,standard,1,0,0,0,4523,16050,9598,467.6,7.25,13.26,20.36,3,1,2,2,3,717,324,2000,517,4617,7264,9240,6253,433,,,285,,380,1887,t3_calmveil|t3_thornmail
standard,112,b1,blue,top,坦克,tiankong,standard,0,2,1,0,11514,25666,12059,494.1,8.58,15.74,18.97,4,1,1,3,4,142,602,121,509,3992,5902,9151,6253,1130,570,,950,,247,,t3_calmveil|t3_thornmail
standard,112,b2,blue,jungle,刺客,guihuo,standard,0,1,5,2,6724,13971,11515,471.8,7.81,16.03,21.02,3,1,1,2,3,162,790,755,1085,4012,6370,9085,6253,399,570,427,,1283,152,,t3_finalstring
standard,112,b3,blue,mid,法師,xingjie,standard,0,2,4,0,17665,15985,11075,453.7,10.85,18.4,24.21,3,0,1,2,3,1713,417,269,725,3973,5867,8299,6253,1273,,,475,51,247,,t3_psyward
standard,112,b4,blue,adc,射手,dawnstrike,standard,0,5,4,0,16966,11376,12515,512.7,9.75,18.33,21.41,3,1,1,2,3,357,360,1068,1315,3707,5740,9018,6253,902,1140,,475,,247,,t3_shieldbreaker|t3_rendspear
standard,112,b5,blue,sup,輔助,tianshi,standard,0,1,2,3,9384,20320,12608,516.5,6.15,12.54,16.41,4,1,2,4,4,70,1120,363,1157,4620,7860,10763,6253,361,570,427,475,,247,2429,t3_calmveil
standard,112,r1,red,top,坦克,tiankong,standard,1,1,0,0,10569,25137,10668,437,8.96,14.51,19.35,3,1,2,3,3,838,332,220,737,3788,6182,9070,6253,726,570,,1140,,380,,t3_calmveil|t3_thornmail
standard,112,r2,red,jungle,刺客,guihuo,standard,1,4,2,1,11549,14253,13581,556.4,9.07,14.83,18.48,4,1,2,3,4,761,179,1004,830,3961,6829,10654,6253,190,1140,285,665,1740,380,,t3_finalstring
standard,112,r3,red,mid,法師,xingjie,standard,1,3,3,0,17871,13562,11784,482.8,10.31,19.43,,2,0,1,2,2,1580,404,324,2303,3840,5854,7874,6253,1051,,,190,,380,,t3_psyward
standard,112,r4,red,adc,射手,dawnstrike,standard,1,8,3,0,23628,11533,13950,571.5,9.47,16.93,20.18,4,1,1,2,4,348,573,1691,729,3698,6253,10591,6253,918,2850,,190,,380,,t3_shieldbreaker|t3_rendspear
standard,112,r5,red,sup,輔助,tianshi,standard,1,0,3,0,7576,14860,10981,449.9,6.73,12.86,17.58,4,1,2,3,4,2087,233,1271,581,4587,6973,9371,6253,229,,,665,17,380,1826,t3_calmveil
standard,113,b1,blue,top,坦克,shengdun,standard,1,2,0,1,8647,18461,9312,450.2,7.12,14.29,18.91,3,1,2,3,3,137,108,149,462,4287,6738,8999,6253,921,1140,95,190,,399,,t3_calmveil|t3_thornmail
standard,113,b2,blue,jungle,刺客,yingsi,standard,1,3,1,1,8498,9570,10734,519,8.46,16.87,,2,1,1,2,2,741,1472,1245,2404,3941,6752,9575,6253,367,1140,285,190,940,399,,t3_finalstring
standard,113,b3,blue,mid,法師,auralith,standard,1,1,0,0,10624,11007,9388,453.9,10.79,17.27,,2,0,1,2,2,1352,72,925,208,3612,6272,9075,6253,712,570,,1140,,399,,t3_psyward
standard,113,b4,blue,adc,射手,hanbing,standard,1,7,4,1,16065,8992,12793,618.5,9.1,16.26,19.02,3,1,1,3,3,832,1327,1039,1593,4182,7007,11339,6253,646,2850,95,1140,51,304,,t3_shieldbreaker|t3_rendspear
standard,113,b5,blue,sup,輔助,linghun,standard,1,0,0,2,3526,9547,11071,535.3,7.02,12.13,17.28,3,1,2,3,3,1504,695,1090,1641,4604,7435,10520,6253,240,,380,665,,399,2582,t3_calmveil
standard,113,r1,red,top,坦克,shengdun,standard,0,1,2,0,9345,20523,8909,430.8,8.5,15.78,19.82,3,1,1,3,3,309,471,300,459,3859,5771,8450,6253,1083,570,,475,68,0,,t3_calmveil|t3_thornmail
standard,113,r2,red,jungle,刺客,yingsi,standard,0,1,3,0,6455,11691,8965,433.4,8.48,16.38,,2,1,1,2,2,822,718,137,634,4022,5998,8467,6253,171,570,,,1472,0,,t3_finalstring
standard,113,r3,red,mid,法師,auralith,standard,0,0,2,0,10592,12758,8476,409.8,10.86,18.98,,2,0,1,2,2,1476,245,518,446,3736,5845,8068,6253,1339,,,475,,0,,t3_psyward
standard,113,r4,red,adc,射手,hanbing,standard,0,3,3,0,8855,8680,9673,467.7,9.01,17.98,,2,1,1,2,2,319,227,977,823,3669,5607,9227,6253,1026,1710,,237,,0,,t3_shieldbreaker|t3_rendspear
standard,113,r5,red,sup,輔助,linghun,standard,0,0,3,0,2613,12328,8829,426.9,7.28,12.61,18.58,3,1,2,3,3,778,299,510,728,4478,6739,8610,6253,180,,,237,,0,1939,t3_calmveil
standard,114,b1,blue,top,坦克,xukong,standard,0,1,1,0,9507,26266,9548,429.6,8.26,14.03,20.21,3,1,2,2,3,285,402,1509,297,3935,6652,8799,6253,1159,570,,665,,152,,t3_calmveil|t3_thornmail
standard,114,b2,blue,jungle,刺客,youming,standard,0,1,2,0,5017,9460,9494,427.2,10.02,16.68,,2,0,1,2,2,1733,1168,250,1063,3663,6498,8680,6253,361,570,,427,916,152,,t3_finalstring
standard,114,b3,blue,mid,法師,xingjie,standard,0,3,4,1,13061,15057,11248,506.1,9.29,15.15,20.33,3,1,1,2,3,237,874,820,118,4087,7374,10300,6253,1235,1710,285,665,,152,,t3_psyward
standard,114,b4,blue,adc,射手,xuanfeng,standard,0,4,2,0,16879,11409,10526,473.6,7.67,15.88,22.04,3,1,1,2,3,965,1099,620,306,4315,6899,8600,6253,864,1140,,190,,152,,t3_shieldbreaker|t3_rendspear
standard,114,b5,blue,sup,坦克,shengdun,standard,0,1,0,0,3621,18750,13321,599.4,7.17,12.08,17.65,4,1,2,3,4,536,137,284,1120,4736,7377,10264,6253,370,,,902,77,152,2508,t3_calmveil|t3_thornmail
standard,114,r1,red,top,坦克,xukong,standard,1,0,0,0,9084,18378,9918,446.3,9.11,15.93,20.05,3,1,1,2,3,681,17,936,788,3631,5417,8666,6253,684,,,1425,,304,,t3_calmveil|t3_thornmail
standard,114,r2,red,jungle,刺客,youming,standard,1,2,3,0,9138,11421,10384,467.2,8.88,16.25,21.84,3,1,1,2,3,88,717,837,583,3988,6047,9267,6253,446,1140,,,1122,304,,t3_finalstring
standard,114,r3,red,mid,法師,xingjie,standard,1,1,5,1,12589,12564,9937,447.1,11.22,19.64,,2,0,1,2,2,1466,557,141,637,3726,5987,8391,6253,740,,142,950,,304,,t3_psyward
standard,114,r4,red,adc,射手,xuanfeng,standard,1,6,2,0,20282,13209,12255,551.4,9.52,17.13,19.83,3,1,1,3,3,300,655,59,1275,3650,6035,10139,6253,826,2280,,475,,304,,t3_shieldbreaker|t3_rendspear
standard,114,r5,red,sup,坦克,shengdun,standard,1,0,0,3,4402,15889,11976,538.9,7.32,13.1,17.41,4,1,2,3,4,101,505,1726,616,4601,7005,10406,6253,266,,427,475,,304,2680,t3_calmveil|t3_thornmail
standard,115,b1,blue,top,坦克,tiemu,standard,0,2,9,0,17063,68177,16046,412.3,6.25,14.5,19.45,5,1,2,3,5,279,217,439,2495,4429,6367,8989,6253,874,570,,1140,,152,,t3_calmveil|t3_thornmail
standard,115,b2,blue,jungle,刺客,yueying,standard,0,0,14,1,10926,25718,15841,407.1,9.42,16.34,24.26,5,1,1,2,5,641,571,682,591,3841,6151,8112,6253,266,,,190,1250,152,,t3_finalstring
standard,115,b3,blue,mid,法師,auralith,standard,0,10,14,1,57529,33110,21567,554.2,11.89,18.02,26.21,5,0,1,2,5,1400,120,683,5417,3660,6320,8533,6253,893,570,,665,,152,,t3_psyward
standard,115,b4,blue,adc,射手,phantom,standard,0,15,21,0,79345,22425,22698,583.2,9.99,19.68,24.98,5,1,1,2,5,281,578,330,7097,3631,5658,7330,6253,734,,,190,,152,,t3_shieldbreaker|t3_rendspear
standard,115,b5,blue,sup,輔助,fuwenbianzhi,standard,0,0,8,6,16333,39861,17776,456.8,6.3,11.87,17.91,5,1,2,3,5,459,366,379,4576,4459,7106,9809,6253,158,,,665,,152,2580,t3_calmveil
standard,115,r1,red,top,坦克,tiemu,standard,1,5,3,0,30066,58505,19502,501.1,6.69,14.2,18.73,5,1,2,3,5,693,441,476,5952,4543,6291,9806,6253,1026,570,,1520,,437,,t3_calmveil|t3_thornmail
standard,115,r2,red,jungle,刺客,yueying,standard,1,6,3,0,19249,24735,20446,525.4,10.18,15.23,23,5,0,1,2,5,1998,1294,1062,5195,3928,6224,9092,6253,297,570,,95,1438,437,,t3_finalstring
standard,115,r3,red,mid,法師,auralith,standard,1,19,13,0,67360,31001,26247,674.5,10.31,17.61,22.7,5,0,1,2,5,1618,350,165,10097,3878,5800,9375,6253,1165,1710,,95,,152,,t3_psyward
standard,115,r4,red,adc,射手,phantom,standard,1,35,8,6,148717,24269,36929,948.9,7.56,12.93,17.08,5,1,2,4,5,462,207,112,21328,4942,8457,13312,6253,636,5130,285,570,,437,,t3_shieldbreaker|t3_rendspear
standard,115,r5,red,sup,輔助,fuwenbianzhi,standard,1,1,0,11,16828,30722,20855,535.9,6.74,12.47,16.77,5,1,2,3,5,491,974,1811,7655,4791,7714,11241,6253,408,,1140,570,,437,2432,t3_calmveil
standard,116,b1,blue,top,坦克,longji,standard,1,0,3,0,10727,28354,9390,384.7,8.09,16.04,22.44,3,1,1,2,3,81,440,562,359,3631,5740,7792,6253,722,,,380,,437,,t3_calmveil|t3_thornmail
standard,116,b2,blue,jungle,刺客,yeiren,standard,1,1,5,1,5243,14498,11695,479.1,8.75,15.99,22.97,3,1,1,2,3,631,656,691,614,3831,6236,9021,6253,114,570,,380,1077,627,,t3_finalstring
standard,116,b3,blue,mid,法師,ronghuo,standard,1,3,4,0,17490,13806,11594,475,10.03,17.53,24,3,0,1,2,3,1770,262,388,343,4030,6462,8818,6253,1178,570,,380,,437,,t3_psyward
standard,116,b4,blue,adc,射手,huanying,standard,1,10,8,1,25489,12517,15831,648.6,9.53,16.68,19.16,4,1,1,3,4,215,744,908,1980,3565,6424,10908,6253,608,2850,285,380,,532,,t3_shieldbreaker|t3_rendspear
standard,116,b5,blue,sup,輔助,mantra,standard,1,0,2,2,6797,19369,12586,515.7,6.52,11.6,16.59,4,1,2,4,4,668,1243,289,1136,4668,7983,10989,6253,228,,570,855,,627,2455,t3_calmveil
standard,116,r1,red,top,坦克,longji,standard,0,3,0,0,11743,24900,11700,479.3,8.88,14.4,18.15,3,1,2,3,3,233,395,107,1769,3783,6245,9437,6253,1076,1140,,950,17,0,,t3_calmveil|t3_thornmail
standard,116,r2,red,jungle,刺客,yeiren,standard,0,4,2,1,14470,16771,12635,517.6,8.54,14.43,19.18,3,1,2,3,3,202,332,511,1554,4052,6982,10161,6253,560,1710,142,,1494,0,,t3_finalstring
standard,116,r3,red,mid,法師,ronghuo,standard,0,2,4,2,12773,13718,11264,461.5,10.83,16.93,24.21,3,0,1,2,3,1599,608,379,134,3859,7108,9559,6253,931,1140,285,950,,0,,t3_psyward
standard,116,r4,red,adc,射手,huanying,standard,0,13,7,1,30054,12341,16366,670.5,9.79,17.08,20.04,4,1,1,2,4,243,450,1961,2515,3593,6130,10861,6253,665,3420,285,237,,0,,t3_shieldbreaker|t3_rendspear
standard,116,r5,red,sup,輔助,mantra,standard,0,0,1,2,5132,14604,11876,486.6,7.21,12.5,17.58,4,1,2,3,4,1406,490,785,425,4506,7230,10215,6253,224,,427,712,,0,2596,t3_calmveil
standard,117,b1,blue,top,坦克,dadi,standard,1,2,3,0,13809,30713,13511,483.7,8.47,14.05,20.02,4,1,2,2,4,681,136,1395,1260,3631,6386,8685,6253,798,,,1140,,494,,t3_calmveil|t3_thornmail
standard,117,b2,blue,jungle,刺客,duskblade,standard,1,4,5,1,13053,14586,13897,497.5,8.12,16.68,23.95,4,1,1,2,4,742,1389,793,1096,3942,6719,8573,6253,361,570,,190,704,494,,t3_finalstring
standard,117,b3,blue,mid,法師,gambler,standard,1,14,5,1,45457,17881,19831,710,10.57,16.68,21.03,5,0,1,2,5,1580,209,1257,3681,3840,6709,10737,6253,950,2850,,190,,494,,t3_psyward
standard,117,b4,blue,adc,射手,guangsu,standard,1,11,7,1,32781,14969,17280,618.6,9.24,16.18,20.04,5,1,1,2,5,446,352,2284,1679,3796,6152,10864,6253,981,2850,285,190,,304,,t3_shieldbreaker|t3_rendspear
standard,117,b5,blue,sup,坦克,tiebi,standard,1,1,3,1,8952,25367,14833,531,7.15,12.11,16.33,5,1,2,3,5,716,788,433,1232,5216,8028,10413,6253,291,570,,190,,494,2614,t3_calmveil|t3_thornmail
standard,117,r1,red,top,坦克,dadi,standard,0,4,5,0,12430,37913,14556,521.1,8.33,15.58,20.47,5,1,1,2,5,732,318,1389,905,3682,5468,8679,6253,810,1140,,475,,0,,t3_calmveil|t3_thornmail
standard,117,r2,red,jungle,刺客,duskblade,standard,0,2,5,2,12474,17840,12614,451.6,8.3,14.93,20.58,3,1,2,2,3,1011,292,1089,1734,4211,6992,9519,6253,427,1140,285,,1413,0,,t3_finalstring
standard,117,r3,red,mid,法師,gambler,standard,0,3,11,0,18794,18353,11636,416.6,10.62,20.02,27.33,3,0,1,1,3,1409,292,1900,335,3669,5892,8400,6253,769,1140,,237,,0,,t3_psyward
standard,117,r4,red,adc,射手,guangsu,standard,0,12,7,4,33975,15674,18837,674.4,9.6,16.18,20.04,5,1,1,2,5,201,919,3031,3236,4201,6719,11611,6253,798,3420,427,712,,0,,t3_shieldbreaker|t3_rendspear
standard,117,r5,red,sup,坦克,tiebi,standard,0,2,4,4,11460,33106,13959,499.7,6.93,12.23,16.97,5,1,2,3,5,341,617,553,359,4541,7857,10533,6253,234,570,997,,,0,2478,t3_calmveil|t3_thornmail
standard,118,b1,blue,top,坦克,suishan,standard,0,0,3,0,12085,25963,10121,411.2,8.5,16.88,21.85,3,1,1,2,3,162,217,253,531,3812,5617,7403,6253,997,,,,,152,,t3_calmveil|t3_thornmail
standard,118,b2,blue,jungle,刺客,binghe,standard,0,0,7,1,5721,14691,9549,387.9,10,16.81,24.2,3,1,1,2,3,165,786,335,549,3665,5666,7615,6253,180,,,,1029,152,,t3_finalstring
standard,118,b3,blue,mid,法師,ronghuo,standard,0,3,8,0,21708,15602,10777,437.8,9.47,18.75,24.01,3,1,1,2,3,541,390,256,326,4391,6120,7906,6253,931,570,,,,152,,t3_psyward
standard,118,b4,blue,adc,射手,mori,standard,0,4,4,0,18694,13345,11375,462.1,9.2,19.83,23.42,3,1,1,2,3,281,198,170,225,3631,5398,7070,6253,665,,,,,152,,t3_shieldbreaker|t3_rendspear
standard,118,b5,blue,sup,坦克,tiemu,standard,0,0,3,1,6211,26175,11623,472.2,6.7,12.99,16.94,4,1,2,3,4,753,266,732,263,4653,7066,9712,6253,228,,,475,51,152,2552,t3_calmveil|t3_thornmail
standard,118,r1,red,top,坦克,suishan,standard,1,4,0,1,12344,22078,13389,543.9,8.73,12.26,17.77,4,1,2,3,4,2040,430,579,1739,4990,7260,10129,6253,1054,1710,142,665,,304,,t3_calmveil|t3_thornmail
standard,118,r2,red,jungle,刺客,binghe,standard,1,2,1,5,10027,13901,13146,534,9,13.1,18.43,4,1,2,3,4,1564,1137,396,646,4764,8317,10376,6253,323,1140,570,190,1596,304,,t3_finalstring
standard,118,r3,red,mid,法師,ronghuo,standard,1,4,4,1,20016,14056,12325,500.7,10.91,16.45,20.89,3,0,1,2,3,1295,509,554,125,3555,6709,10034,6253,817,1710,285,665,,304,,t3_psyward
standard,118,r4,red,adc,射手,mori,standard,1,12,1,1,35276,11992,17161,697.1,8.9,14.96,21.7,5,1,2,2,5,1070,123,818,1560,4420,7023,9398,6253,940,1710,,190,,304,,t3_shieldbreaker|t3_rendspear
standard,118,r5,red,sup,坦克,tiemu,standard,1,3,1,8,9314,22032,15564,632.3,6.77,12.36,16.67,5,1,2,3,5,758,905,671,1964,4658,8145,10651,6253,247,570,712,190,,304,2374,t3_calmveil|t3_thornmail
standard,119,b1,blue,top,坦克,stoneguard,standard,1,0,3,0,9699,28123,10240,422.5,8.87,17.1,19.58,3,1,1,3,3,605,215,377,709,3555,5265,8527,6253,722,,,1425,,126,,t3_calmveil|t3_thornmail
standard,119,b2,blue,jungle,刺客,shanying,standard,1,0,7,0,5820,12921,10201,420.9,8.78,17.37,,2,1,1,2,2,744,260,196,2120,3944,5840,7926,6253,468,,,,1077,126,,t3_finalstring
standard,119,b3,blue,mid,法師,gambler,standard,1,0,7,0,12924,15850,9014,372,11.93,20.13,,2,0,1,1,2,1460,119,954,464,3720,5449,7434,6253,943,,,237,,0,,t3_psyward
standard,119,b4,blue,adc,射手,liuxing,standard,1,4,8,0,15580,11850,11570,477.4,9.63,20.19,23.71,3,1,1,1,3,227,163,2030,1089,3577,5363,7710,6253,744,,,712,,0,,t3_shieldbreaker|t3_rendspear
standard,119,b5,blue,sup,輔助,luminary,standard,1,1,2,0,5458,16373,11511,475,5.83,12.19,16.73,4,1,2,3,4,1105,191,1352,631,5105,7221,9932,6253,237,570,,950,,126,1794,t3_calmveil
standard,119,r1,red,top,坦克,stoneguard,standard,0,6,0,1,14390,22161,14306,590.3,7.25,14.84,18.69,5,1,2,3,5,104,197,2226,755,3954,6047,12156,6253,934,2850,285,1377,,456,,t3_calmveil|t3_thornmail
standard,119,r2,red,jungle,刺客,shanying,standard,0,4,1,3,10138,11950,13582,560.5,8.73,15.73,19.31,4,1,1,3,4,871,961,295,231,4071,6541,10725,6253,247,1140,712,427,1488,456,,t3_finalstring
standard,119,r3,red,mid,法師,gambler,standard,0,4,1,0,16850,12989,12640,521.6,9.71,17.38,21.73,3,1,1,2,3,114,395,393,439,3964,6595,8723,6253,1349,,,665,,456,,t3_psyward
standard,119,r4,red,adc,射手,liuxing,standard,0,10,3,0,21853,11593,14705,606.8,9.32,17.43,18.81,4,1,1,3,4,319,130,198,854,3669,5810,10978,6253,658,3420,,190,,456,,t3_shieldbreaker|t3_rendspear
standard,119,r5,red,sup,輔助,luminary,standard,0,3,0,3,8232,15314,13347,550.8,5.85,11.8,14.07,4,1,3,4,4,862,562,317,1897,5162,8262,11767,6253,231,1710,712,665,,456,1739,t3_calmveil
standard,120,b1,blue,top,坦克,ironclad,standard,1,0,3,1,14723,34521,10843,375.3,8.41,16.81,22.93,3,1,1,2,3,713,365,527,1253,3663,5515,7377,6253,782,,,190,,152,,t3_calmveil|t3_thornmail
standard,120,b2,blue,jungle,戰士,langwang,standard,1,2,7,1,10279,23206,13054,451.8,7.6,16.51,21.24,3,1,1,2,3,176,824,551,1654,4456,6304,8781,6253,370,570,,190,991,405,,t3_finalstring|t3_shieldbreaker
standard,120,b3,blue,mid,法師,ronghuo,standard,1,5,9,2,30480,20940,14877,514.9,10.44,18.33,21.98,4,0,1,2,4,1460,432,161,1047,3720,5582,8191,6253,867,,,665,,405,,t3_psyward
standard,120,b4,blue,adc,射手,shensheng,standard,1,10,9,1,34892,16189,17016,589,10.18,17.1,22.28,5,0,1,2,5,1721,369,132,1416,3881,6169,8582,6253,877,570,285,427,17,152,,t3_shieldbreaker|t3_rendspear
standard,120,b5,blue,sup,坦克,tiankong,standard,1,1,2,2,11536,29948,15850,548.6,7.64,12.82,17.2,5,1,2,3,5,158,648,1093,2249,4658,7888,10873,6253,446,570,,902,,405,2295,t3_calmveil|t3_thornmail
standard,120,r1,red,top,坦克,ironclad,standard,0,6,1,1,17558,35563,16914,585.4,7.86,13.95,19.22,5,1,2,3,5,1441,193,459,3263,4391,6443,10009,6253,1057,2280,,190,,228,,t3_calmveil|t3_thornmail
standard,120,r2,red,jungle,戰士,langwang,standard,0,3,4,2,13812,18838,14511,502.3,7.28,16.26,21.23,4,1,1,2,4,471,1169,416,1210,4271,6649,8646,6253,193,,356,190,1425,228,,t3_finalstring|t3_shieldbreaker
standard,120,r3,red,mid,法師,ronghuo,standard,0,10,9,3,25600,23549,18036,624.3,10.52,17.04,19.65,5,0,1,3,5,1670,476,287,1886,3930,6676,10837,6253,1149,2280,498,427,,228,,t3_psyward
standard,120,r4,red,adc,射手,shensheng,standard,0,9,3,4,49331,13206,16788,581.1,11.05,19.07,23.28,5,0,1,2,5,1371,140,194,1188,3531,5640,8174,6253,766,,498,427,,228,,t3_shieldbreaker|t3_rendspear
standard,120,r5,red,sup,坦克,tiankong,standard,0,2,1,6,13093,27765,15468,535.4,5.71,11.98,16.04,5,1,2,3,5,600,348,1186,1867,5100,7588,11166,6253,215,1140,356,1140,,228,1833,t3_calmveil|t3_thornmail
standard,121,b1,blue,top,坦克,tieshixin,standard,0,1,2,0,7837,25886,9136,399,8,14.82,20.61,3,1,2,2,3,270,79,404,126,4220,6329,8134,6253,684,570,,475,,152,,t3_calmveil|t3_thornmail
standard,121,b2,blue,jungle,戰士,jingci,standard,0,0,2,0,4640,15951,9962,435,8.53,17.76,22.53,3,1,1,2,3,178,918,431,261,3978,6148,8831,6253,598,,,475,1352,152,,t3_finalstring|t3_shieldbreaker
standard,121,b3,blue,mid,法師,gambler,standard,0,0,4,1,11998,16072,9070,396.1,10.02,17.92,,2,0,1,2,2,1666,344,314,369,3926,5674,8144,6253,1121,,142,475,,152,,t3_psyward
standard,121,b4,blue,adc,射手,liangzicz,standard,0,4,6,1,17392,12103,11017,481.1,9.47,17.91,20.95,3,1,1,2,3,528,907,201,217,3878,5807,8951,6253,788,1140,142,475,,152,,t3_shieldbreaker|t3_rendspear
standard,121,b5,blue,sup,坦克,tiemu,standard,0,1,1,1,6131,23651,12559,548.4,6.8,12,16.11,4,1,2,3,4,400,193,1989,1199,5200,7873,11569,6253,380,570,285,1425,51,152,2452,t3_calmveil|t3_thornmail
standard,121,r1,red,top,坦克,tieshixin,standard,1,4,1,0,10108,19865,11708,511.3,9.27,13.32,19.32,3,1,2,3,3,643,94,87,1677,3593,6924,9337,6253,614,1710,,285,,475,,t3_calmveil|t3_thornmail
standard,121,r2,red,jungle,戰士,jingci,standard,1,1,0,2,11365,14134,11660,509.2,8.13,16.18,18.57,3,1,1,3,3,512,2136,29,860,4312,7366,10229,6253,503,570,427,285,1715,475,,t3_finalstring|t3_shieldbreaker
standard,121,r3,red,mid,法師,gambler,standard,1,2,3,2,18649,14083,11958,522.2,10.98,17.23,22.29,3,0,1,2,3,1485,266,912,357,3745,6766,9892,6253,1073,570,285,1235,,475,,t3_psyward
standard,121,r4,red,adc,射手,liangzicz,standard,1,6,2,2,22353,9831,12748,556.7,10.52,16.02,20.95,3,0,1,2,3,1457,930,1000,1897,3617,6730,9580,6253,623,1710,285,285,42,380,,t3_shieldbreaker|t3_rendspear
standard,121,r5,red,sup,坦克,tiemu,standard,1,2,0,1,5508,17520,13511,590,7.31,12.25,17.22,4,1,2,4,4,654,731,411,1311,4554,7971,11711,6253,186,570,142,1710,,475,2373,t3_calmveil|t3_thornmail
standard,122,b1,blue,top,坦克,bingshouweis,standard,1,0,4,0,7798,23341,9558,420.4,9.08,15.95,19.52,3,1,1,3,3,852,250,197,508,3802,5550,8647,6253,893,,,1235,,266,,t3_calmveil|t3_thornmail
standard,122,b2,blue,jungle,戰士,greymantle,standard,1,0,1,0,4343,14513,10194,448.4,9.13,17.48,22.35,3,1,1,2,3,759,474,438,344,3859,5904,8268,6253,335,,,285,1128,266,,t3_shieldbreaker|t3_finalstring
standard,122,b3,blue,mid,法師,leiming,standard,1,0,6,0,15343,15023,9029,397.2,11.03,18.55,,2,0,1,2,2,1371,85,213,449,3631,5465,7643,6253,839,,,285,,266,,t3_psyward
standard,122,b4,blue,adc,射手,xingchen,standard,1,2,7,0,13419,11693,9609,422.7,10.21,18.62,,2,0,1,2,2,1598,268,608,859,3758,5468,8128,6253,893,570,,285,51,76,,t3_shieldbreaker|t3_rendspear
standard,122,b5,blue,sup,輔助,shengguang,standard,1,0,2,0,4179,16922,10866,478,5.78,12.11,17.97,4,1,2,3,4,844,403,953,465,4544,6883,9993,6253,345,,,1235,,266,1893,t3_calmveil
standard,122,r1,red,top,坦克,bingshouweis,standard,0,4,0,1,7541,19887,12278,540.1,6.62,12.08,16.56,4,1,2,3,4,336,1988,1550,728,4486,8438,10880,6253,1045,2280,,902,,399,,t3_calmveil|t3_thornmail
standard,122,r2,red,jungle,戰士,greymantle,standard,0,5,0,4,15040,15088,13871,610.1,9.12,13.98,18.13,4,1,2,3,4,420,337,299,470,4650,7387,11229,6253,380,1710,712,190,1584,399,,t3_shieldbreaker|t3_finalstring
standard,122,r3,red,mid,法師,leiming,standard,0,4,0,2,14333,12226,12402,545.5,9.44,14.54,22.36,3,1,2,2,3,617,223,1176,321,4467,7773,10576,6253,1026,1710,285,902,,399,,t3_psyward
standard,122,r4,red,adc,射手,xingchen,standard,0,5,2,3,20330,7846,11895,523.2,9.94,16.94,22.41,3,1,1,2,3,167,269,781,515,3517,5949,9331,6253,589,1710,285,190,,304,,t3_shieldbreaker|t3_rendspear
standard,122,r5,red,sup,輔助,shengguang,standard,0,2,0,4,5259,16063,12879,566.5,5.75,11.7,14.85,4,1,3,3,4,282,312,1322,1498,4582,8012,10552,6253,266,570,712,190,,399,2161,t3_calmveil
standard,123,b1,blue,top,坦克,tiebi,standard,1,0,0,1,9251,23097,9544,408.9,8.96,15.22,21.3,3,1,1,2,3,881,590,1152,214,3831,5890,8382,6253,858,,142,570,26,532,,t3_calmveil|t3_thornmail
standard,123,b2,blue,jungle,戰士,chichuan,standard,1,1,0,0,6229,13639,9930,425.4,8.96,18.3,,2,1,1,2,2,786,561,199,1379,3886,5991,8449,6253,202,570,,95,795,532,,t3_shieldbreaker|t3_finalstring
standard,123,b3,blue,mid,法師,haixiao,standard,1,3,3,0,19418,13781,12125,519.5,10.23,15.14,20.9,3,0,1,2,3,1599,703,955,525,3859,7203,10355,6253,1368,1140,,1045,17,532,,t3_psyward
standard,123,b4,blue,adc,射手,dujian,standard,1,7,2,0,23140,11040,13932,596.9,8.82,15.97,18.45,4,1,1,3,4,490,649,736,732,3840,6329,11516,6253,836,2850,,1045,,532,,t3_shieldbreaker|t3_rendspear
standard,123,b5,blue,sup,輔助,mingyunyindao,standard,1,1,3,3,6076,15470,12506,535.8,6.15,12.08,20.28,4,1,2,2,4,330,169,3459,1546,4630,7199,10489,6253,307,,427,1045,,532,1924,t3_calmveil
standard,123,r1,red,top,坦克,tiebi,standard,0,1,1,0,7855,24622,10063,431.1,9.41,15.11,20.9,3,1,1,2,3,1169,637,816,1033,4119,5937,8046,6253,696,570,,475,51,0,,t3_calmveil|t3_thornmail
standard,123,r2,red,jungle,戰士,chichuan,standard,0,1,1,0,5825,16519,9781,419,8.75,16.05,,2,1,1,2,2,141,910,709,1601,3891,6040,8539,6253,408,570,,,1307,0,,t3_shieldbreaker|t3_finalstring
standard,123,r3,red,mid,法師,haixiao,standard,0,0,5,0,17280,14684,9429,404,11.07,19.73,,2,0,1,2,2,1504,334,105,1199,3764,5664,7735,6253,1007,,,475,,0,,t3_psyward
standard,123,r4,red,adc,射手,dujian,standard,0,6,4,1,20142,11708,12099,518.3,9.66,18.65,21.72,3,1,1,2,3,129,903,864,1118,3479,5683,8714,6253,703,1140,142,475,,0,,t3_shieldbreaker|t3_rendspear
standard,123,r5,red,sup,輔助,mingyunyindao,standard,0,0,1,1,5854,16397,9845,421.8,6.65,11.98,18.71,3,1,2,3,3,222,255,90,804,4522,6735,8550,6253,262,,142,,,0,1891,t3_calmveil
standard,124,b1,blue,top,坦克,shengdun,standard,0,1,3,0,12453,26399,10622,435.3,7.31,15.02,20.68,3,1,1,2,3,285,853,1449,1032,3935,6253,9179,6253,950,570,,950,,456,,t3_calmveil|t3_thornmail
standard,124,b2,blue,jungle,戰士,leimingcf,standard,0,0,6,0,9239,18308,9227,378.2,7.83,17.25,,2,1,1,2,2,838,733,467,827,3938,5963,7667,6253,361,,,,976,76,,t3_finalstring|t3_shieldbreaker
standard,124,b3,blue,mid,法師,leiming,standard,0,2,6,1,21066,19336,10290,421.7,9.57,17.46,,2,1,1,2,2,503,126,166,1009,4353,6206,8296,6253,1111,570,285,,,76,,t3_psyward
standard,124,b4,blue,adc,射手,tianfa,standard,0,7,12,1,20105,15373,12921,529.6,8.65,17.48,21.65,3,1,1,2,3,490,132,706,2121,3840,5512,8856,6253,817,1710,,,,76,,t3_shieldbreaker|t3_rendspear
standard,124,b5,blue,sup,坦克,shiqiang,standard,0,1,3,0,4910,24824,12050,493.9,6.3,12.47,16.3,4,1,2,3,4,553,465,1027,690,4753,8145,10607,6253,408,570,,950,51,76,2298,t3_calmveil|t3_thornmail
standard,124,r1,red,top,坦克,shengdun,standard,1,5,1,5,17372,25295,15093,618.6,7.31,11.91,17.96,5,1,2,3,5,122,200,1093,1443,4372,7190,11123,6253,1065,1710,498,1140,,456,,t3_calmveil|t3_thornmail
standard,124,r2,red,jungle,戰士,leimingcf,standard,1,6,0,3,13901,13261,14794,606.3,8.2,15.54,19.74,4,1,1,3,4,848,1486,160,1494,3948,6716,10060,6253,290,1140,356,190,1374,456,,t3_finalstring|t3_shieldbreaker
standard,124,r3,red,mid,法師,leiming,standard,1,5,2,2,18951,15503,14140,579.5,8.78,15.65,21.43,3,1,1,2,3,712,653,713,2629,4562,6883,10113,6253,1242,1140,356,665,,456,,t3_psyward
standard,124,r4,red,adc,射手,tianfa,standard,1,11,7,3,34575,12983,16414,672.7,8.41,13.89,18.38,4,1,2,3,4,661,661,1442,2563,4011,7561,11342,6253,951,2850,641,190,,456,,t3_shieldbreaker|t3_rendspear
standard,124,r5,red,sup,坦克,shiqiang,standard,1,3,1,3,8279,22113,15222,623.9,6.78,12.32,15.6,5,1,2,4,5,343,2049,545,1622,5143,9289,12145,6253,364,1710,427,665,,456,2268,t3_calmveil|t3_thornmail
standard,125,b1,blue,top,坦克,shiqiang,standard,0,1,1,1,12646,31867,10582,419.8,8.71,13.65,20.91,3,1,2,2,3,195,726,980,652,3745,6576,8210,6253,760,570,,285,,342,,t3_calmveil|t3_thornmail
standard,125,b2,blue,jungle,戰士,fengbao,standard,0,0,3,0,7551,18369,10195,404.4,9.12,16.83,24.17,3,1,1,2,3,685,846,797,344,3785,6276,8027,6253,342,,,285,804,342,,t3_shieldbreaker|t3_finalstring
standard,125,b3,blue,mid,法師,haixiao,standard,0,5,4,0,24160,17271,13211,524.1,10.5,18.88,22.5,3,0,1,2,3,1561,520,394,1610,3821,6120,7944,6253,1064,,,285,,342,,t3_psyward
standard,125,b4,blue,adc,射手,mirrorshot,standard,0,7,5,0,27168,10893,14360,569.7,9.86,15.59,20.25,4,1,1,2,4,386,1153,1448,1460,3736,6833,10348,6253,1187,2280,,285,,342,,t3_shieldbreaker|t3_rendspear
standard,125,b5,blue,sup,輔助,tianshi,standard,0,2,5,0,8678,18882,12307,488.2,5.98,11.99,16.63,4,1,2,3,4,639,1078,629,856,4639,7328,9669,6253,332,570,,285,,152,2075,t3_calmveil
standard,125,r1,red,top,坦克,shiqiang,standard,1,4,0,0,16468,25617,13236,525.1,8.2,13.49,18.27,4,1,2,3,4,114,331,788,1086,3964,6481,10718,6253,1292,2280,,570,,323,,t3_calmveil|t3_thornmail
standard,125,r2,red,jungle,戰士,fengbao,standard,1,7,1,1,15755,20245,15134,600.3,9.82,12.97,17.06,4,1,2,3,4,178,337,694,1733,4228,8287,11624,6253,152,2850,285,95,1665,323,,t3_shieldbreaker|t3_finalstring
standard,125,r3,red,mid,法師,haixiao,standard,1,1,4,1,19439,16490,10500,416.5,10.7,19.52,,2,0,1,2,2,1485,581,299,1100,3745,5911,7849,6253,893,,285,95,,323,,t3_psyward
standard,125,r4,red,adc,射手,mirrorshot,standard,1,6,9,2,20378,12373,13664,542,10.49,19.19,20.25,3,0,1,2,3,1329,375,1513,1863,3489,5275,10063,6253,731,1710,570,570,,228,,t3_shieldbreaker|t3_rendspear
standard,125,r5,red,sup,輔助,tianshi,standard,1,0,1,3,9824,21607,13249,525.6,6.99,12.11,16.66,4,1,2,3,4,506,91,1197,1869,4506,7121,10427,6253,275,,570,1045,,323,1960,t3_calmveil
standard,126,b1,blue,top,坦克,tiemu,standard,0,0,1,0,6029,26194,9527,386.3,7.77,15.47,23.73,3,1,1,2,3,919,279,610,196,3869,5579,7840,6253,1016,,,475,,95,,t3_calmveil|t3_thornmail
standard,126,b2,blue,jungle,戰士,anliuyouXia,standard,0,0,4,0,8711,16766,9482,384.5,10.46,19.06,,2,0,1,2,2,1768,593,167,1302,3768,5543,7517,6253,313,,,,855,95,,t3_shieldbreaker|t3_finalstring
standard,126,b3,blue,mid,法師,leiming,standard,0,1,6,0,16608,15591,9957,403.8,10.49,20.17,,2,0,1,1,2,1441,261,1278,957,3701,5591,7358,6253,1010,,,,,95,,t3_psyward
standard,126,b4,blue,adc,射手,hanbing,standard,0,5,9,1,15209,12581,11892,482.3,7.81,18.99,22.98,3,1,1,2,3,211,427,172,942,4211,5807,7792,6253,731,570,,237,,0,,t3_shieldbreaker|t3_rendspear
standard,126,b5,blue,sup,輔助,linghun,standard,0,0,3,0,9359,20510,11670,473.3,7.14,12.16,15.93,4,1,2,3,4,589,186,1187,709,4589,6916,9937,6253,196,,,712,,95,2680,t3_calmveil
standard,126,r1,red,top,坦克,tiemu,standard,1,5,0,0,14044,24924,14387,583.5,8.75,15.12,21.46,4,1,1,2,4,586,535,1180,2237,3536,5835,8410,6253,845,570,,285,,456,,t3_calmveil|t3_thornmail
standard,126,r2,red,jungle,戰士,anliuyouXia,standard,1,5,0,3,13361,13614,13880,562.9,9.42,15.85,19,4,1,1,3,4,398,1127,496,949,4448,6557,10826,6253,161,2280,285,285,1105,456,,t3_shieldbreaker|t3_finalstring
standard,126,r3,red,mid,法師,leiming,standard,1,3,0,3,23010,14108,13143,533,10.49,17.95,23.47,3,0,1,2,3,1523,338,425,1542,3783,6538,9825,6253,1073,570,712,760,,456,,t3_psyward
standard,126,r4,red,adc,射手,hanbing,standard,1,8,6,1,22646,12598,14714,596.7,9.98,17.94,20.84,4,1,1,2,4,348,332,754,1493,3698,5712,9654,6253,760,1140,285,760,,456,,t3_shieldbreaker|t3_rendspear
standard,126,r5,red,sup,輔助,linghun,standard,1,2,0,2,6961,12556,12577,510,7.56,11.11,14.72,4,1,3,3,4,391,166,1321,1616,4991,8166,10551,6253,199,1140,427,285,,456,1789,t3_calmveil
standard,127,b1,blue,top,戰士,xueyue,standard,0,7,3,0,26500,45178,18595,567.9,9.37,16.02,20.94,5,1,1,2,5,551,1353,1273,3245,3701,6883,9923,6253,763,1710,,665,,532,,t3_shieldbreaker|t3_finalstring
standard,127,b2,blue,jungle,戰士,embercoil,standard,0,2,3,1,24210,29095,15065,460.1,7.79,17.97,21.41,4,1,1,2,4,720,1893,1194,1615,4520,7373,9794,6253,617,1140,,190,1061,532,,t3_shieldbreaker|t3_finalstring
standard,127,b3,blue,mid,法師,haixiao,standard,0,16,9,2,40314,26552,22842,697.6,10.8,15.58,20.79,5,0,1,2,5,1536,640,1065,6691,3796,7140,10465,6253,924,2280,285,190,,532,,t3_psyward
standard,127,b4,blue,adc,射手,xuanfeng,standard,0,13,12,3,55979,17657,19695,601.5,9.04,16.98,23.84,5,1,1,2,5,450,638,48,4095,3800,6318,8598,6253,655,570,570,190,17,342,,t3_shieldbreaker|t3_rendspear
standard,127,b5,blue,sup,坦克,shengdun,standard,0,2,7,4,13039,40476,15757,481.2,6.72,12.27,15.68,5,1,2,3,5,582,1638,981,2156,5382,8878,10961,6253,231,1140,570,190,17,342,2217,t3_calmveil|t3_thornmail
standard,127,r1,red,top,戰士,xueyue,standard,1,3,7,1,19604,43875,15451,471.9,10.23,16.47,22.51,4,0,1,2,4,1480,508,1044,2101,3530,6038,8844,6253,639,1140,285,475,51,0,,t3_shieldbreaker|t3_finalstring
standard,127,r2,red,jungle,戰士,embercoil,standard,1,5,2,1,28436,29153,17286,528,7.69,17.58,21.25,5,1,1,2,5,317,1001,773,1986,4117,6481,8653,6253,443,570,285,,1101,0,,t3_shieldbreaker|t3_finalstring
standard,127,r3,red,mid,法師,haixiao,standard,1,8,13,1,38879,22618,16702,510.1,11.5,20.79,25.88,5,0,1,1,5,1308,360,1020,552,3568,5810,7520,6253,646,570,,,51,0,,t3_psyward
standard,127,r4,red,adc,射手,xuanfeng,standard,1,18,17,1,67166,19010,23386,714.3,9.13,18.96,21.91,5,1,1,2,5,395,261,184,7786,3745,5341,8134,6253,836,570,,475,,0,,t3_shieldbreaker|t3_rendspear
standard,127,r5,red,sup,坦克,shengdun,standard,1,0,1,4,9126,31580,14781,451.4,6.6,13.28,19.27,5,1,2,3,5,401,439,490,1180,4601,6919,8690,6253,436,,,,,0,1999,t3_calmveil|t3_thornmail
standard,128,b1,blue,top,戰士,langwang,standard,1,0,1,0,11594,24884,9472,408.1,9.71,18.39,,2,1,1,2,2,510,220,1484,822,3660,5750,8334,6253,693,,,1235,,152,,t3_shieldbreaker|t3_finalstring
standard,128,b2,blue,jungle,戰士,longyi,standard,1,0,4,1,6268,15880,9841,424,9.04,16.09,,2,1,1,2,2,743,1164,617,1611,3843,6644,8497,6253,209,,285,285,1313,152,,t3_shieldbreaker|t3_finalstring
standard,128,b3,blue,mid,法師,bingshuang,standard,1,2,4,0,13702,16400,10565,455.2,11.27,17.04,22.32,3,0,1,2,3,1485,534,977,414,3745,6614,9407,6253,1102,1140,,760,,152,,t3_psyward
standard,128,b4,blue,adc,射手,phantom,standard,1,6,7,0,21307,11145,12370,533,10.15,17.76,22.18,3,0,1,2,3,1329,478,279,1419,3489,6158,8229,6253,494,570,,760,,152,,t3_shieldbreaker|t3_rendspear
standard,128,b5,blue,sup,坦克,dadi,standard,1,0,5,1,5459,21221,11355,489.3,7.53,12.72,17.97,3,1,2,3,3,849,414,481,1774,4449,7214,8981,6253,161,,,285,,152,2129,t3_calmveil|t3_thornmail
standard,128,r1,red,top,戰士,langwang,standard,0,1,0,0,12736,22267,10880,468.8,8.63,16.15,20.25,3,1,1,2,3,821,883,1066,629,3971,6413,9716,6253,1149,570,,1345,17,380,,t3_shieldbreaker|t3_finalstring
standard,128,r2,red,jungle,戰士,longyi,standard,0,9,0,1,14709,14733,15331,660.6,8.68,12.83,15.75,4,1,2,3,4,912,336,2537,2350,4012,8936,13337,6253,342,4560,142,158,1501,380,,t3_shieldbreaker|t3_finalstring
standard,128,r3,red,mid,法師,bingshuang,standard,0,2,3,3,15710,14690,10593,456.4,10.72,18.87,,2,0,1,2,2,1580,125,247,1193,3840,6025,8277,6253,1121,,285,237,,380,,t3_psyward
standard,128,r4,red,adc,射手,phantom,standard,0,9,4,4,24617,10992,15530,669.2,7.78,15.76,18.18,4,1,1,3,4,353,1067,2681,1680,4353,6747,12681,6253,950,3420,570,1108,,380,,t3_shieldbreaker|t3_rendspear
standard,128,r5,red,sup,坦克,dadi,standard,0,0,1,4,7213,18356,11219,483.4,7.25,12.79,17.9,3,1,2,3,3,382,668,478,1239,4582,7328,9978,6253,237,,427,,,380,2680,t3_calmveil|t3_thornmail
standard,129,b1,blue,top,戰士,kuangfeng,standard,1,2,0,3,14939,24339,11196,496.1,8.14,15.28,20.82,3,1,1,2,3,928,1429,826,395,4078,6909,9426,6253,1026,570,570,475,,532,,t3_shieldbreaker|t3_finalstring
standard,129,b2,blue,jungle,戰士,ravager,standard,1,2,0,0,7503,15160,10855,481,8.18,16.29,21.84,3,1,1,2,3,761,851,539,525,3861,6281,9089,6253,95,570,,475,1163,532,,t3_shieldbreaker|t3_finalstring
standard,129,b3,blue,mid,法師,mingyun2,standard,1,3,1,0,12073,11724,11095,491.6,10.3,16.1,21.83,3,0,1,2,3,2125,408,383,544,4385,6608,9363,6253,962,1140,,475,,532,,t3_psyward
standard,129,b4,blue,adc,射手,huanying,standard,1,9,2,2,23820,9571,14768,654.4,8.89,14.67,18.33,4,1,2,3,4,557,384,1754,917,3907,7384,11754,6253,931,3420,142,475,,532,,t3_shieldbreaker|t3_rendspear
standard,129,b5,blue,sup,輔助,mantra,standard,1,1,0,2,6449,14184,12230,542,6.5,12.15,14.25,4,1,3,4,4,290,480,350,1730,5140,8180,10850,6253,177,570,142,1425,,532,1749,t3_calmveil
standard,129,r1,red,top,戰士,kuangfeng,standard,0,0,2,0,11064,24175,8884,393.7,8.55,17.77,,2,1,1,2,2,538,398,490,854,3688,5398,7570,6253,842,,,475,,0,,t3_shieldbreaker|t3_finalstring
standard,129,r2,red,jungle,戰士,ravager,standard,0,0,4,0,6350,15748,8588,380.6,8.33,18.98,,2,1,1,2,2,135,963,64,408,3885,5793,7594,6253,114,,,,1226,0,,t3_shieldbreaker|t3_finalstring
standard,129,r3,red,mid,法師,mingyun2,standard,0,0,4,1,13738,13900,8495,376.4,11.21,20.12,,2,0,1,1,2,1352,87,1595,244,3612,5417,7675,6253,804,,142,475,,0,,t3_psyward
standard,129,r4,red,adc,射手,huanying,standard,0,2,6,0,16244,13046,9587,424.8,9.31,18.53,,2,1,1,2,2,376,155,1152,837,3726,5835,8672,6253,804,1140,,475,,0,,t3_shieldbreaker|t3_rendspear
standard,129,r5,red,sup,輔助,mantra,standard,0,1,1,1,5011,14979,10084,446.9,7.04,11.89,17.27,3,1,2,3,3,1076,287,985,1044,5076,7317,9265,6253,360,570,142,,,0,1938,t3_calmveil
standard,130,b1,blue,top,戰士,greymantle,standard,0,2,1,0,7350,25298,9680,438.3,8.43,17.57,,2,1,1,2,2,614,558,696,1399,3764,6088,8976,6253,893,1140,,285,,405,,t3_shieldbreaker|t3_finalstring
standard,130,b2,blue,jungle,刺客,yingsi,standard,0,1,3,0,5429,8573,9344,423.1,9.56,17.28,,2,1,1,2,2,387,1581,408,1213,3587,5961,8538,6253,152,570,,285,872,405,,t3_finalstring
standard,130,b3,blue,mid,法師,bingshuang,standard,0,0,5,2,14491,13624,9670,437.9,10.98,18.73,,2,0,1,2,2,1533,555,124,590,3793,6155,8454,6253,940,,570,285,,405,,t3_psyward
standard,130,b4,blue,adc,射手,guangsu,standard,0,2,4,0,14030,9085,9506,430.5,11.81,18.73,,2,0,1,2,2,1484,183,912,655,3644,5563,8232,6253,734,570,,522,,152,,t3_shieldbreaker|t3_rendspear
standard,130,b5,blue,sup,坦克,tiebi,standard,0,2,4,0,6190,18759,12527,567.3,6.59,11.75,16.52,4,1,2,4,4,1734,1099,481,1146,4634,8339,11861,6253,205,1140,,1472,17,152,2620,t3_calmveil|t3_thornmail
standard,130,r1,red,top,戰士,greymantle,standard,1,3,0,0,7635,20702,11669,528.4,8.79,16,19.55,3,1,1,3,3,519,438,327,638,3669,5968,9977,6253,836,1140,,1520,,228,,t3_shieldbreaker|t3_finalstring
standard,130,r2,red,jungle,刺客,yingsi,standard,1,3,1,3,8783,10137,11416,517,8.92,14.7,20.61,3,1,2,2,3,644,99,1402,766,3844,6799,9782,6253,171,1140,712,95,1182,228,,t3_finalstring
standard,130,r3,red,mid,法師,bingshuang,standard,1,8,3,1,18072,13272,13806,625.2,9.82,14.95,19.1,4,1,2,3,4,351,43,981,456,4201,7593,11811,6253,1197,3420,142,570,,228,,t3_psyward
standard,130,r4,red,adc,射手,guangsu,standard,1,2,2,2,13323,8704,10177,460.9,10.78,17.67,,2,0,1,2,2,1205,322,226,1927,3365,5702,8476,6253,475,1140,285,95,,228,,t3_shieldbreaker|t3_rendspear
standard,130,r5,red,sup,坦克,tiebi,standard,1,1,1,1,5879,15760,11566,523.7,7.58,12.52,17.13,4,1,2,3,4,344,762,341,266,4544,8002,10321,6253,323,570,,570,,228,2376,t3_calmveil|t3_thornmail
standard,131,b1,blue,top,戰士,ravager,standard,0,0,0,0,16538,29883,9726,386.2,9.28,19.09,,2,1,1,2,2,462,187,232,1075,3612,5417,7982,6253,627,,,950,,152,,t3_shieldbreaker|t3_finalstring
standard,131,b2,blue,jungle,刺客,shanying,standard,0,3,3,0,6413,12625,12234,485.8,8.86,16.38,21.2,3,1,1,2,3,675,1024,911,1103,4575,6654,9291,6253,342,1140,,,1403,152,,t3_finalstring
standard,131,b3,blue,mid,法師,mingyun2,standard,0,7,0,0,23950,16973,13640,541.6,10.44,15.78,22.53,4,0,1,2,4,1542,399,474,289,3802,6899,9654,6253,1064,1710,,475,,152,,t3_psyward
standard,131,b4,blue,adc,射手,maestro,standard,0,13,12,1,29895,13887,16639,660.7,9.31,15.11,18.95,5,1,1,3,5,481,1362,56,1038,3831,7042,10956,6253,845,3420,285,,,152,,t3_shieldbreaker|t3_rendspear
standard,131,b5,blue,sup,坦克,longji,standard,0,0,2,2,7729,22832,12493,496.1,7.42,12.47,17,4,1,2,3,4,601,487,876,893,4801,7727,10256,6253,465,,,950,,152,2435,t3_calmveil|t3_thornmail
standard,131,r1,red,top,戰士,ravager,standard,1,3,1,0,18141,31291,13266,526.8,9.71,16.68,23.06,4,1,1,2,4,108,989,263,236,4258,6519,8913,6253,931,1140,,285,,304,,t3_shieldbreaker|t3_finalstring
standard,131,r2,red,jungle,刺客,shanying,standard,1,0,3,0,8284,13402,10764,427.4,8.71,16.5,22.84,3,1,1,2,3,614,1049,436,583,3814,6379,8516,6253,133,,,285,1541,304,,t3_finalstring
standard,131,r3,red,mid,法師,mingyun2,standard,1,1,5,2,16949,15124,10761,427.3,10.4,21.2,24.52,3,0,1,1,3,1675,448,1770,411,3935,6348,8270,6253,1000,,427,285,,304,,t3_psyward
standard,131,r4,red,adc,射手,maestro,standard,1,13,12,0,24965,13497,16841,668.7,10.53,15.11,18.76,5,0,1,3,5,2051,1324,291,1241,4211,7004,11671,6253,839,3990,,285,,304,,t3_shieldbreaker|t3_rendspear
standard,131,r5,red,sup,坦克,longji,standard,1,0,2,3,9002,25019,11635,462,7.32,13.42,19.25,4,1,2,3,4,411,300,425,334,4611,7240,9505,6253,364,,427,285,,304,1870,t3_calmveil|t3_thornmail
standard,132,b1,blue,top,戰士,dadi2,standard,1,0,3,0,8125,29285,12501,484.9,8.35,17.67,22.89,3,1,1,2,3,671,645,282,1101,3821,5645,7982,6253,912,,,475,,342,,t3_shieldbreaker|t3_finalstring
standard,132,b2,blue,jungle,刺客,dianguang,standard,1,2,2,1,9861,13271,11758,456,8.99,14.81,21.22,3,1,2,2,3,539,122,763,677,4389,6772,9093,6253,285,1140,285,,787,342,,t3_finalstring
standard,132,b3,blue,mid,法師,bingshuang,standard,1,7,9,0,16284,17382,14161,549.2,10.43,18.71,21.68,3,0,1,2,3,1732,129,1024,1960,3992,5759,9274,6253,1064,1140,,475,,342,,t3_psyward
standard,132,b4,blue,adc,射手,liuxing,standard,1,13,7,0,38432,14493,17159,665.5,7.86,17.51,20.67,5,1,1,2,5,226,588,921,1558,4226,6268,9821,6253,674,2280,,237,34,342,,t3_shieldbreaker|t3_rendspear
standard,132,b5,blue,sup,輔助,hexweave,standard,1,0,3,2,9552,18713,12979,503.4,6.83,12.13,17.9,4,1,2,3,4,326,518,797,1529,4626,7258,10227,6253,180,,285,712,34,152,2609,t3_calmveil
standard,132,r1,red,top,戰士,dadi2,standard,0,3,1,1,13569,29945,12398,480.9,8.79,17.65,21.62,3,1,1,2,3,211,545,313,998,4011,6025,8913,6253,1178,1140,,190,,152,,t3_shieldbreaker|t3_finalstring
standard,132,r2,red,jungle,刺客,dianguang,standard,0,3,3,1,10884,16383,12752,494.6,9.08,12.97,21.78,4,1,2,2,4,1467,50,1075,301,4667,7600,9405,6253,408,1140,,190,1260,152,,t3_finalstring
standard,132,r3,red,mid,法師,bingshuang,standard,0,6,7,0,14281,16820,13500,523.6,9.78,16.16,22.73,3,1,1,2,3,332,418,231,1300,4182,6918,9711,6253,931,1710,,665,,152,,t3_psyward
standard,132,r4,red,adc,射手,liuxing,standard,0,12,10,1,29465,13327,16032,621.8,8.65,17.97,20.67,4,1,1,2,4,718,421,726,2182,4068,6101,9626,6253,608,2280,142,190,,152,,t3_shieldbreaker|t3_rendspear
standard,132,r5,red,sup,輔助,hexweave,standard,0,0,1,3,7007,16763,12393,480.7,6.08,11.21,16.73,4,1,2,3,4,501,721,238,943,4801,7461,9668,6253,180,,427,190,,152,2464,t3_calmveil
standard,133,b1,blue,top,戰士,ronggang,standard,1,2,0,1,7265,20191,11203,512.1,9.49,17.93,20.83,3,1,1,2,3,747,545,769,1603,3897,6025,9369,6253,1045,570,285,665,,551,,t3_shieldbreaker|t3_finalstring
standard,133,b2,blue,jungle,刺客,leisuhunter,standard,1,1,2,0,3061,10171,9751,445.8,8.93,17.48,,2,1,1,2,2,654,679,1395,1421,3854,6259,8945,6253,266,570,,190,1114,551,,t3_finalstring
standard,133,b3,blue,mid,法師,lieyan,standard,1,2,2,2,14140,13195,11460,523.9,8.96,16.64,20.58,3,1,1,2,3,503,504,916,1109,4353,7004,9816,6253,1016,570,285,1140,,551,,t3_psyward
standard,133,b4,blue,adc,射手,shensheng,standard,1,5,4,0,13583,9747,11488,525.2,8.93,17.13,20.75,3,1,1,2,3,433,649,659,1188,3783,6329,9559,6253,712,1710,,427,,456,,t3_shieldbreaker|t3_rendspear
standard,133,b5,blue,sup,輔助,shengming,standard,1,1,0,1,5559,14191,11486,525.1,7.31,12.15,16.14,4,1,2,4,4,514,1101,280,786,5114,7841,10680,6253,114,570,285,427,,551,2479,t3_calmveil
standard,133,r1,red,top,戰士,ronggang,standard,0,0,1,1,7020,21172,9702,443.5,9.73,17.43,,2,1,1,2,2,158,944,503,1102,4258,6424,9103,6253,1064,,285,1425,,76,,t3_shieldbreaker|t3_finalstring
standard,133,r2,red,jungle,刺客,leisuhunter,standard,0,0,2,0,5493,10661,9138,417.7,7.9,16.63,,2,1,1,2,2,295,869,106,807,4145,6449,8436,6253,240,,,,1866,76,,t3_finalstring
standard,133,r3,red,mid,法師,lieyan,standard,0,7,5,0,16191,13953,12983,593.5,9.51,15.58,18.55,3,1,1,3,3,402,355,214,1382,4252,6855,11814,6253,1114,3420,,950,,76,,t3_psyward
standard,133,r4,red,adc,射手,shensheng,standard,0,1,3,0,7097,8935,8914,407.5,10.57,19.63,,2,0,1,2,2,1433,561,425,363,3593,5341,7745,6253,703,,,712,,76,,t3_shieldbreaker|t3_rendspear
standard,133,r5,red,sup,輔助,shengming,standard,0,0,0,1,5038,14826,10407,475.8,6.13,12.28,17.96,3,1,2,3,3,557,614,302,977,4557,6894,9732,6253,259,,285,237,,76,2620,t3_calmveil
standard,134,b1,blue,top,戰士,anliuyouXia,standard,0,3,3,0,12267,29445,11842,471.3,8.57,16.9,21.41,3,1,1,2,3,684,1040,565,391,3834,6570,8495,6253,836,570,,570,,266,,t3_shieldbreaker|t3_finalstring
standard,134,b2,blue,jungle,刺客,duskblade,standard,0,0,7,1,4324,11797,10148,403.9,8.7,18.62,24.36,3,1,1,2,3,560,79,800,647,3760,5709,7980,6253,304,,,95,1061,266,,t3_finalstring
standard,134,b3,blue,mid,法師,shikong,standard,0,3,6,0,19195,18437,11462,456.2,10.04,18.99,21.49,3,0,1,2,3,1694,291,375,261,3954,5721,8685,6253,1121,1140,,95,,76,,t3_psyward
standard,134,b4,blue,adc,射手,liangzicz,standard,0,3,9,0,12928,13384,11139,443.3,10.38,18.64,23.7,3,0,1,2,3,1177,109,197,758,3337,5259,7697,6253,370,,,807,,266,,t3_shieldbreaker|t3_rendspear
standard,134,b5,blue,sup,坦克,tiemu,standard,0,0,3,1,7340,27652,11809,470,6.86,13.18,17.35,4,1,2,3,4,666,385,752,448,4566,7185,9732,6253,294,,,332,,266,2585,t3_calmveil|t3_thornmail
standard,134,r1,red,top,戰士,anliuyouXia,standard,1,6,0,0,11795,26345,14624,582.1,9.03,16.48,20.18,4,1,1,2,4,538,894,1716,1124,3688,6424,10366,6253,734,2280,,760,34,304,,t3_shieldbreaker|t3_finalstring
standard,134,r2,red,jungle,刺客,duskblade,standard,1,3,3,2,12012,12957,13083,520.7,8.57,17.04,20.71,3,1,1,2,3,362,1681,1311,1952,4742,7311,9691,6253,405,570,380,285,1493,304,,t3_finalstring
standard,134,r3,red,mid,法師,shikong,standard,1,11,5,4,30276,17474,17849,710.4,8.85,15.78,19.51,5,1,1,3,5,1235,827,846,1698,5085,7327,11196,6253,1124,2850,380,285,,304,,t3_psyward
standard,134,r4,red,adc,射手,liangzicz,standard,1,7,1,4,30578,9276,14503,577.2,10.33,16.78,23.7,4,0,1,2,4,2109,1268,385,1603,4269,6948,9285,6253,733,1710,,285,,304,,t3_shieldbreaker|t3_rendspear
standard,134,r5,red,sup,坦克,tiemu,standard,1,1,0,4,6940,16619,14290,568.8,6.5,12.31,17.68,4,1,2,3,4,182,159,846,2690,4682,7399,9926,6253,308,,95,285,,304,2680,t3_calmveil|t3_thornmail
standard,135,b1,blue,top,戰士,tielian,standard,0,0,1,0,7346,24057,7923,374.4,8.99,17.88,,2,1,1,2,2,443,480,95,522,3593,5360,7495,6253,741,,,475,26,0,,t3_shieldbreaker|t3_finalstring
standard,135,b2,blue,jungle,刺客,miwu,standard,0,1,3,0,4387,9146,8583,405.7,9.2,17.66,,2,1,1,2,2,583,383,472,503,3783,5663,8072,6253,418,570,,,831,0,,t3_finalstring
standard,135,b3,blue,mid,法師,lieyan,standard,0,0,3,1,14052,12790,8688,410.6,11.21,18.08,,2,0,1,2,2,1371,242,169,288,3631,5572,8299,6253,953,,142,950,,0,,t3_psyward
standard,135,b4,blue,adc,射手,xingchen,standard,0,5,6,0,13258,10278,10689,505.2,8.12,17.75,20.13,3,1,1,2,3,937,649,861,989,4287,6329,9711,6253,940,2280,,237,,0,,t3_shieldbreaker|t3_rendspear
standard,135,b5,blue,sup,輔助,shengguang,standard,0,1,2,1,4579,15892,9742,460.4,6.34,11.49,17.38,3,1,2,3,3,1143,818,84,492,5143,7558,9334,6253,367,570,142,237,,0,1763,t3_calmveil
standard,135,r1,red,top,戰士,tielian,standard,1,4,0,0,16271,25404,11976,566,7.78,15.72,18.98,3,1,1,3,3,193,1148,466,995,3993,6628,10846,6253,1222,1710,,1045,26,589,,t3_shieldbreaker|t3_finalstring
standard,135,r2,red,jungle,刺客,miwu,standard,1,0,0,1,4896,9345,9921,468.9,7.38,15.23,,2,1,1,2,2,509,1147,1296,1890,4359,6727,9326,6253,329,,285,95,1774,589,,t3_finalstring
standard,135,r3,red,mid,法師,lieyan,standard,1,3,3,0,12982,12036,10322,487.8,10.34,18.73,,2,0,1,2,2,1631,165,1162,1142,3891,6665,9192,6253,1146,1140,,253,,399,,t3_psyward
standard,135,r4,red,adc,射手,xingchen,standard,1,7,2,0,16924,9721,13261,626.7,9.68,15.24,19.23,3,1,1,3,3,300,972,491,1460,3650,6652,10971,6253,646,2280,,1203,,589,,t3_shieldbreaker|t3_rendspear
standard,135,r5,red,sup,輔助,shengguang,standard,1,1,2,3,4054,13156,12330,582.8,5.8,11.88,19.31,4,1,2,4,4,339,534,586,880,4639,7274,11466,6253,265,570,570,728,,494,2584,t3_calmveil
standard,136,b1,blue,top,戰士,hunpo,standard,1,2,3,2,15849,24298,12617,489.4,9.98,16.12,22.15,3,1,1,2,3,275,800,203,1117,4125,6650,9053,6253,969,570,427,427,26,380,,t3_psyward
standard,136,b2,blue,jungle,刺客,jueying,standard,1,1,3,0,7633,14628,11598,449.8,8.53,18.12,22.81,3,1,1,2,3,233,1133,397,1168,4083,6713,8727,6253,332,570,,190,1000,380,,t3_finalstring
standard,136,b3,blue,mid,法師,shikong,standard,1,10,6,2,22226,16213,17042,661,11.53,16.52,19.48,4,0,1,3,4,1612,1184,273,2692,3872,7064,10873,6253,1010,2280,285,665,,380,,t3_psyward
standard,136,b4,blue,adc,射手,dujian,standard,1,9,3,1,25549,9416,16184,627.7,9.54,15.38,20.23,4,1,1,2,4,543,1253,1771,2333,3893,6933,10021,6253,931,1710,285,427,34,380,,t3_shieldbreaker|t3_rendspear
standard,136,b5,blue,sup,輔助,mingyunyindao,standard,1,3,1,1,8901,19356,14336,556,6.52,11.09,15.62,5,1,2,4,5,427,2276,638,1136,4727,8556,11518,6253,253,1710,142,665,34,380,2079,t3_calmveil
standard,136,r1,red,top,戰士,hunpo,standard,0,6,3,1,18052,26357,13794,535,10.99,15.15,19.62,4,0,1,3,4,1517,1051,188,394,3777,7501,10788,6253,969,2280,285,950,51,0,,t3_psyward
standard,136,r2,red,jungle,刺客,jueying,standard,0,1,7,0,6081,13003,10619,411.8,8.63,15.69,22.66,3,1,1,2,3,719,969,504,268,3919,6549,8584,6253,247,570,,,1513,0,,t3_finalstring
standard,136,r3,red,mid,法師,shikong,standard,0,1,6,2,17906,14999,11415,442.7,10.26,20.18,23.98,3,0,1,1,3,1580,375,1732,215,3840,5655,8182,6253,1168,,285,475,,0,,t3_psyward
standard,136,r4,red,adc,射手,dujian,standard,0,7,8,0,19555,10832,12945,502.1,9.69,18.65,22.29,3,1,1,2,3,110,128,476,1344,3460,5208,8096,6253,703,1140,,,,0,,t3_shieldbreaker|t3_rendspear
standard,136,r5,red,sup,輔助,mingyunyindao,standard,0,1,1,1,6747,19608,12375,479.9,5.78,12.1,16.95,4,1,2,3,4,311,208,686,924,4611,6948,10116,6253,332,570,,475,51,0,2433,t3_calmveil
standard,137,b1,blue,top,戰士,dushe,standard,0,2,3,0,12071,26448,10384,467.7,7.58,16.78,22.11,3,1,1,2,3,456,809,381,253,4306,6339,8731,6253,807,1140,,190,17,323,,t3_shieldbreaker|t3_finalstring
standard,137,b2,blue,jungle,刺客,anye,standard,0,0,4,0,3525,12821,9590,432,10.43,16.83,,2,0,1,2,2,1995,985,705,1210,3925,6615,8785,6253,123,,,665,1420,323,,t3_finalstring
standard,137,b3,blue,mid,法師,lieyan,standard,0,1,3,1,14097,14171,9331,420.3,10.48,18.53,,2,0,1,2,2,1561,442,208,1180,3821,5892,8058,6253,1007,,285,190,,323,,t3_psyward
standard,137,b4,blue,adc,射手,tianfa,standard,0,6,4,1,15716,10908,12770,575.2,9.14,16.07,19.74,3,1,1,3,3,557,991,124,969,3907,6671,10604,6253,1083,2280,,665,,323,,t3_shieldbreaker|t3_rendspear
standard,137,b5,blue,sup,坦克,xukong,standard,0,0,2,1,5150,18456,10946,493.1,6.85,11.63,17.76,3,1,2,3,3,427,306,443,565,4877,7546,10243,6253,247,,285,665,,228,2565,t3_calmveil|t3_thornmail
standard,137,r1,red,top,戰士,dushe,standard,1,2,1,1,11415,23618,11147,502.1,8.7,16.46,20.2,3,1,1,2,3,728,413,1452,296,3878,5643,10102,6253,1038,1140,285,1140,17,228,,t3_shieldbreaker|t3_finalstring
standard,137,r2,red,jungle,刺客,anye,standard,1,2,2,2,7100,9223,11718,527.8,10.12,16.49,20.08,3,0,1,2,3,2402,915,1618,587,4332,6545,9998,6253,218,570,570,190,1968,228,,t3_finalstring
standard,137,r3,red,mid,法師,lieyan,standard,1,4,2,0,18500,13432,11206,504.8,8.8,17.22,21.67,3,1,1,2,3,617,186,591,375,4467,6386,9021,6253,1209,1140,,190,,228,,t3_psyward
standard,137,r4,red,adc,射手,tianfa,standard,1,5,4,1,21828,8846,12663,570.4,9.57,15.88,20.07,3,1,1,2,3,205,668,1242,1762,3555,6348,10142,6253,810,1710,,1140,,228,,t3_shieldbreaker|t3_rendspear
standard,137,r5,red,sup,坦克,xukong,standard,1,3,0,2,4954,17475,12738,573.8,8.71,13.21,17.77,3,1,2,3,3,335,22,1439,2757,4535,6962,10819,6253,256,1140,285,665,,228,1991,t3_calmveil|t3_thornmail
standard,138,b1,blue,top,戰士,fengbao,standard,0,1,0,0,9574,18932,8914,431.1,7.67,16.98,,2,1,1,2,2,330,926,348,563,4480,6456,8698,6253,1247,570,,475,,152,,t3_shieldbreaker|t3_finalstring
standard,138,b2,blue,jungle,刺客,wuxing,standard,0,1,5,1,7585,10426,8615,416.7,9.1,16.32,,2,1,1,2,2,987,1054,620,485,4187,6684,8400,6253,478,570,142,,803,152,,t3_finalstring
standard,138,b3,blue,mid,法師,shikong,standard,0,1,1,1,11600,11573,8287,400.8,10.57,19.08,,2,0,1,2,2,1488,392,521,256,3748,6142,8071,6253,715,570,142,237,,152,,t3_psyward
standard,138,b4,blue,adc,射手,mirrorshot,standard,0,3,4,0,9126,8273,9460,457.5,10.5,18.42,,2,0,1,2,2,1500,265,424,1209,3660,5645,8674,6253,636,1140,,475,17,152,,t3_shieldbreaker|t3_rendspear
standard,138,b5,blue,sup,坦克,tixue,standard,0,0,4,0,6535,18485,9281,448.9,7.68,13.38,17.83,3,1,2,3,3,515,247,85,301,4715,7347,9065,6253,342,,,237,,152,2080,t3_calmveil|t3_thornmail
standard,138,r1,red,top,戰士,fengbao,standard,1,8,1,0,12261,21565,14386,695.8,8.57,13.48,17.93,4,1,2,4,4,161,731,380,1355,4011,7881,13410,6253,1295,3990,,1567,,304,,t3_shieldbreaker|t3_finalstring
standard,138,r2,red,jungle,刺客,wuxing,standard,1,1,1,2,8516,10892,10247,495.6,8.63,15.79,,2,1,1,2,2,877,1072,754,1866,4077,6702,9134,6253,297,,427,380,1471,304,,t3_finalstring
standard,138,r3,red,mid,法師,shikong,standard,1,4,2,2,11343,12067,11298,546.5,10.73,17.09,,2,0,1,2,2,1419,93,842,1818,3679,6323,10322,6253,1010,1710,427,617,,304,,t3_psyward
standard,138,r4,red,adc,射手,mirrorshot,standard,1,1,2,0,9708,7243,8483,410.3,11.25,18.09,,2,0,1,2,2,1300,284,757,533,3460,5664,8077,6253,569,570,,380,,304,,t3_shieldbreaker|t3_rendspear
standard,138,r5,red,sup,坦克,tixue,standard,1,0,0,2,5314,14766,10697,517.4,7.23,12.88,17.78,3,1,2,3,3,616,88,911,1317,4516,7328,10291,6253,285,,570,380,,304,2498,t3_calmveil|t3_thornmail
standard,139,b1,blue,top,戰士,rongyan,standard,0,2,2,0,11210,22815,11141,506.2,8.93,16.03,20.5,3,1,1,2,3,177,1115,2524,341,4277,6595,10224,6253,855,1140,,1900,,76,,t3_shieldbreaker|t3_finalstring
standard,139,b2,blue,jungle,刺客,razorwing,standard,0,0,3,1,5777,11734,8953,406.8,8.27,16.96,,2,1,1,2,2,689,700,359,623,3889,6280,8209,6253,671,,95,,1113,76,,t3_finalstring
standard,139,b3,blue,mid,法師,xingjie,standard,0,2,4,0,12928,13050,9214,418.7,9.5,18.16,,2,1,1,2,2,240,503,305,403,4790,6703,8335,6253,848,1140,,,17,76,,t3_psyward
standard,139,b4,blue,adc,射手,hanbing,standard,0,6,6,1,18218,10983,11923,541.8,9.55,16.83,21.38,3,1,1,2,3,243,1070,615,1023,3593,6750,9515,6253,905,1710,95,475,,76,,t3_shieldbreaker|t3_rendspear
standard,139,b5,blue,sup,輔助,linghun,standard,0,0,1,3,4425,15149,10647,483.8,6.8,12.27,18.4,3,1,2,3,3,334,944,537,1217,4634,7224,9417,6253,481,,95,,51,76,2460,t3_calmveil
standard,139,r1,red,top,戰士,rongyan,standard,1,3,2,0,13147,25180,10913,495.9,8.99,16.73,19.05,3,1,1,3,3,97,716,163,533,3897,6196,10063,6253,1092,1710,,475,,532,,t3_shieldbreaker|t3_finalstring
standard,139,r2,red,jungle,刺客,razorwing,standard,1,2,1,0,6700,11315,11087,503.8,8.35,15.96,21.59,3,1,1,2,3,387,963,1857,487,4237,6543,10187,6253,190,1140,,475,1597,532,,t3_finalstring
standard,139,r3,red,mid,法師,xingjie,standard,1,2,1,0,10944,10040,10961,498,10.98,17.17,21.12,3,0,1,2,3,2084,561,374,610,4344,7061,9854,6253,978,1140,,950,,532,,t3_psyward
standard,139,r4,red,adc,射手,hanbing,standard,1,8,6,0,21150,11405,13744,624.5,9.27,17.31,20.18,3,1,1,2,3,870,706,1495,1944,4220,6386,10395,6253,855,2280,,475,,532,,t3_shieldbreaker|t3_rendspear
standard,139,r5,red,sup,輔助,linghun,standard,1,1,0,1,5291,13044,11813,536.8,7.13,11.45,15.66,4,1,2,4,4,1405,1158,83,933,5105,7898,10963,6253,190,570,285,475,,532,2657,t3_calmveil
standard,140,b1,blue,top,戰士,embercoil,standard,0,3,1,0,11244,26225,10919,464.9,9.14,17.24,21.92,3,1,1,2,3,994,336,1086,418,4144,5816,8666,6253,798,1140,,475,,0,,t3_shieldbreaker|t3_finalstring
standard,140,b2,blue,jungle,戰士,hunpo,standard,0,1,4,2,7769,11096,9830,418.6,11.28,18.47,,2,0,1,2,2,1617,324,337,800,3827,5874,8317,6253,307,570,142,,1044,0,,t3_psyward
standard,140,b3,blue,mid,法師,auralith,standard,0,1,4,2,10821,15386,10181,433.5,11.88,18.32,,2,0,1,2,2,1583,347,412,1300,3843,5677,8242,6253,1228,,285,475,,0,,t3_psyward
standard,140,b4,blue,adc,射手,xuanfeng,standard,0,6,7,2,20966,10591,11992,510.7,10.45,19.27,21.42,3,0,1,2,3,1319,98,1512,1042,3479,5778,9132,6253,598,1710,570,,,0,,t3_shieldbreaker|t3_rendspear
standard,140,b5,blue,sup,坦克,shengdun,standard,0,1,2,1,5050,21565,12060,513.5,7.05,14.03,16.86,4,1,2,3,4,514,141,916,959,4614,7141,10396,6253,373,570,142,475,,0,2582,t3_calmveil|t3_thornmail
standard,140,r1,red,top,戰士,embercoil,standard,1,6,3,0,17896,25535,13009,553.9,8.18,15.78,18.31,3,1,1,3,3,633,944,928,1608,3783,6424,10528,6253,931,2280,,665,,399,,t3_shieldbreaker|t3_finalstring
standard,140,r2,red,jungle,戰士,hunpo,standard,1,2,2,1,7159,10013,11982,510.2,8.8,15.91,21.4,3,1,1,2,3,893,1691,809,482,4693,7241,9939,6253,152,570,285,427,1662,589,,t3_psyward
standard,140,r3,red,mid,法師,auralith,standard,1,3,3,1,18212,13445,12062,513.6,11.43,19.47,23.08,3,0,1,2,3,1479,533,753,761,3739,6133,9353,6253,1038,1140,,427,,494,,t3_psyward
standard,140,r4,red,adc,射手,xuanfeng,standard,1,7,4,2,19386,10951,14579,620.8,9.38,15.04,19.67,4,1,1,3,4,436,1431,217,1359,3786,7111,10997,6253,972,1710,570,902,,589,,t3_shieldbreaker|t3_rendspear
standard,140,r5,red,sup,坦克,shengdun,standard,1,0,0,2,6111,20884,12142,517,7.23,12.7,17.96,4,1,2,3,4,561,716,636,641,4661,7416,10516,6253,288,,285,427,,589,2673,t3_calmveil|t3_thornmail
standard,141,b1,blue,top,戰士,greymantle,standard,1,2,3,0,17610,32010,12582,451.1,8.48,18.01,22.06,3,1,1,2,3,671,495,468,1132,3821,6025,8818,6253,855,570,,760,,380,,t3_shieldbreaker|t3_finalstring
standard,141,b2,blue,jungle,戰士,leimingcf,standard,1,1,3,1,8933,21975,12683,454.7,9.35,17.27,23.08,3,1,1,2,3,795,805,741,1283,3895,6285,8441,6253,354,,142,285,1026,380,,t3_shieldbreaker|t3_finalstring
standard,141,b3,blue,mid,法師,xingjie,standard,1,8,8,1,35263,20531,16449,589.7,10.21,17.3,21.08,4,0,1,2,4,1542,200,283,2048,3802,6700,9683,6253,1054,1710,,285,,380,,t3_psyward
standard,141,b4,blue,adc,射手,phantom,standard,1,10,9,1,42712,13869,17045,611.1,10.89,17.43,22.1,5,0,1,2,5,1576,355,652,1445,3736,6035,8902,6253,921,570,,760,17,380,,t3_shieldbreaker|t3_rendspear
standard,141,b5,blue,sup,坦克,dadi,standard,1,2,3,3,10596,30430,14546,521.5,7.43,11.35,16.37,5,1,2,3,5,539,959,1049,945,5339,8199,11029,6253,386,1140,142,285,,380,2441,t3_calmveil|t3_thornmail
standard,141,r1,red,top,戰士,greymantle,standard,0,2,2,0,13454,34306,12224,438.3,9.53,16.46,22.84,3,1,1,2,3,519,476,320,774,3669,6006,8970,6253,817,570,,1140,,190,,t3_shieldbreaker|t3_finalstring
standard,141,r2,red,jungle,戰士,leimingcf,standard,0,7,3,0,16501,25184,15957,572.1,8.76,16.13,18.77,5,1,1,3,5,922,1258,255,657,4022,6738,10755,6253,437,2280,,190,1404,190,,t3_shieldbreaker|t3_finalstring
standard,141,r3,red,mid,法師,xingjie,standard,0,4,8,4,29356,19697,13773,493.8,9.01,18.77,25.23,3,1,1,2,3,389,258,321,1692,4239,6158,8771,6253,997,570,570,190,,190,,t3_psyward
standard,141,r4,red,adc,射手,phantom,standard,0,13,9,0,40061,13722,17627,632,9.96,18.31,22.1,5,1,1,2,5,68,774,306,2026,4068,5854,8856,6253,703,1710,,190,,0,,t3_shieldbreaker|t3_rendspear
standard,141,r5,red,sup,坦克,dadi,standard,0,0,1,3,8564,27691,13412,480.9,7.31,12.52,17.06,4,1,2,3,4,587,401,495,1212,4487,7641,10475,6253,237,,570,665,,190,2559,t3_calmveil|t3_thornmail
standard,142,b1,blue,top,戰士,ravager,standard,0,0,4,0,13488,29502,9455,364.5,9.33,18.08,,2,1,1,2,2,462,797,626,1424,3612,5797,7526,6253,722,,,475,,76,,t3_shieldbreaker|t3_finalstring
standard,142,b2,blue,jungle,戰士,xueyue,standard,0,0,7,0,8837,21300,9979,384.7,7.58,17.98,25.66,3,1,1,2,3,282,599,281,428,4032,6029,7811,6253,446,,,,1035,76,,t3_shieldbreaker|t3_finalstring
standard,142,b3,blue,mid,法師,auralith,standard,0,1,7,0,14115,17879,10874,419.2,11.03,19.12,23.81,3,0,1,2,3,1580,97,539,124,3840,5607,8369,6253,969,570,,475,26,76,,t3_psyward
standard,142,b4,blue,adc,射手,huanying,standard,0,6,9,0,20877,15584,12580,484.9,9.84,17.63,22.99,3,1,1,2,3,243,527,263,1780,3593,5427,7783,6253,883,570,,,,76,,t3_shieldbreaker|t3_rendspear
standard,142,b5,blue,sup,輔助,luminary,standard,0,0,7,1,8718,21702,12722,490.4,7.3,12.41,16.18,4,1,2,3,4,1425,1106,822,1271,4525,7356,8982,6253,171,,,475,,76,2006,t3_calmveil
standard,142,r1,red,top,戰士,ravager,standard,1,11,0,1,28223,31926,18211,702,9.03,14.45,18.99,5,1,2,3,5,785,491,399,2910,3935,8191,10899,6253,1083,2280,285,617,,380,,t3_shieldbreaker|t3_finalstring
standard,142,r2,red,jungle,戰士,xueyue,standard,1,7,0,0,13958,18202,14753,568.7,8.63,15.85,17.68,4,1,1,3,4,337,1905,293,1823,4387,7335,11043,6253,209,2850,,380,971,380,,t3_shieldbreaker|t3_finalstring
standard,142,r3,red,mid,法師,auralith,standard,1,4,2,5,28500,16094,14506,559.2,10.57,16.76,20.74,4,0,1,2,4,1571,551,843,855,3831,7051,10243,6253,1377,1140,712,380,,380,,t3_psyward
standard,142,r4,red,adc,射手,huanying,standard,1,10,5,1,27237,12131,16026,617.8,9.87,17.38,19.63,4,1,1,3,4,272,640,257,2175,3622,6320,10557,6253,693,2850,,380,,380,,t3_shieldbreaker|t3_rendspear
standard,142,r5,red,sup,輔助,luminary,standard,1,2,0,3,5877,13508,15135,583.4,7.23,10.88,14.36,5,1,3,3,5,1228,943,2117,1935,5228,8943,11347,6253,247,1140,427,617,,380,2282,t3_calmveil
standard,143,b1,blue,top,戰士,dadi2,standard,1,1,1,0,9554,19383,9819,439,9.11,17.38,22.07,3,1,1,2,3,405,906,867,219,3555,6386,8267,6253,646,570,,285,,513,,t3_shieldbreaker|t3_finalstring
standard,143,b2,blue,jungle,戰士,anliuyouXia,standard,1,1,1,1,7422,15976,10461,467.7,8.79,15.67,20.73,3,1,1,2,3,669,1712,1050,910,3769,7142,9300,6253,247,570,285,285,1146,513,,t3_shieldbreaker|t3_finalstring
standard,143,b3,blue,mid,法師,xingjie,standard,1,9,2,1,19866,15309,15065,673.6,9.07,15.35,19.59,4,1,1,3,4,465,1121,338,1235,4315,7621,11668,6253,1102,3420,285,285,,323,,t3_psyward
standard,143,b4,blue,adc,射手,guangsu,standard,1,6,3,2,20537,9842,13539,605.3,9.8,17.49,20.28,4,1,1,2,4,291,890,2443,319,3641,6570,10693,6253,931,2280,,760,51,418,,t3_shieldbreaker|t3_rendspear
standard,143,b5,blue,sup,輔助,xuemai,standard,1,1,3,1,5938,15835,12131,542.4,7.42,11.33,16.08,3,1,2,3,3,429,811,530,2900,5029,7841,9760,6253,228,570,,285,,513,1910,t3_calmveil
standard,143,r1,red,top,戰士,dadi2,standard,0,5,0,0,14070,23272,11800,527.6,8.36,15.83,18.31,3,1,1,3,3,1083,1175,244,400,4233,6655,11044,6253,896,2850,,950,,95,,t3_shieldbreaker|t3_finalstring
standard,143,r2,red,jungle,戰士,anliuyouXia,standard,0,1,3,0,7527,16841,9358,418.4,8.78,16.08,,2,1,1,2,2,710,1074,867,1177,3810,6504,8567,6253,247,570,,,1402,95,,t3_shieldbreaker|t3_finalstring
standard,143,r3,red,mid,法師,xingjie,standard,0,1,8,0,9572,15307,9441,422.1,11.13,19.29,,2,0,1,2,2,1428,387,855,441,3688,5417,8685,6253,817,570,,950,,95,,t3_psyward
standard,143,r4,red,adc,射手,guangsu,standard,0,3,6,2,15825,9035,9935,444.2,9.81,19.38,,2,1,1,2,2,101,390,469,1385,3451,5170,7469,6253,646,,570,,,0,,t3_shieldbreaker|t3_rendspear
standard,143,r5,red,sup,輔助,xuemai,standard,0,0,1,3,8281,12794,11022,492.8,5.93,12.49,16.57,3,1,2,3,3,279,594,926,1981,4579,7074,9506,6253,281,,570,475,,95,1830,t3_calmveil
standard,144,b1,blue,top,戰士,ronggang,standard,0,1,0,0,8885,22342,9570,440.7,10.33,18.21,,2,0,1,2,2,1505,73,352,1289,3555,5303,7982,6253,532,570,,475,,152,,t3_shieldbreaker|t3_finalstring
standard,144,b2,blue,jungle,戰士,kuangfeng,standard,0,0,2,0,6974,15308,8940,411.7,8.89,17.36,,2,1,1,2,2,968,649,454,710,4068,6129,8204,6253,722,,,237,839,152,,t3_shieldbreaker|t3_finalstring
standard,144,b3,blue,mid,法師,auralith,standard,0,1,3,1,13452,12424,9272,426.9,10.73,18.79,,2,0,1,2,2,1485,157,123,941,3745,5607,8153,6253,988,,285,475,,152,,t3_psyward
standard,144,b4,blue,adc,射手,maestro,standard,0,5,6,0,15892,10307,11514,530.2,9.93,16.85,19.86,3,1,1,3,3,405,461,49,1193,3755,5541,9749,6253,921,1710,,712,,152,,t3_shieldbreaker|t3_rendspear
standard,144,b5,blue,sup,坦克,longji,standard,0,1,2,0,6216,19273,11011,507,7.39,13.41,19.03,3,1,2,3,3,392,534,1312,1030,4592,7014,9912,6253,256,570,,,,152,2680,t3_calmveil|t3_thornmail
standard,144,r1,red,top,戰士,ronggang,standard,1,0,1,0,7056,21838,10469,482.1,8.38,19.26,20.38,3,1,1,2,3,614,343,1080,338,3764,5873,9730,6253,1140,,,1995,,342,,t3_shieldbreaker|t3_finalstring
standard,144,r2,red,jungle,戰士,kuangfeng,standard,1,4,0,0,11283,13568,11652,536.5,7.9,16.85,21.53,3,1,1,2,3,203,950,1607,251,4303,6430,10207,6253,418,1710,,95,1388,342,,t3_shieldbreaker|t3_finalstring
standard,144,r3,red,mid,法師,auralith,standard,1,2,3,0,16171,13392,9908,456.2,11.12,16.68,,2,0,1,2,2,1495,428,215,508,3755,6928,9265,6253,1149,1140,,570,,152,,t3_psyward
standard,144,r4,red,adc,射手,maestro,standard,1,6,4,1,17449,9398,11970,551.2,9.98,16.85,19.93,3,1,1,3,3,224,1192,53,1069,3574,6272,10053,6253,560,2280,285,332,,342,,t3_shieldbreaker|t3_rendspear
standard,144,r5,red,sup,坦克,longji,standard,1,1,0,0,6062,15760,10409,479.3,6.93,12.37,18.89,3,1,2,3,3,616,280,591,429,4516,7220,9671,6253,266,570,,332,,342,1907,t3_calmveil|t3_thornmail
standard,145,b1,blue,top,戰士,jingci,standard,0,0,7,0,10987,27922,8708,356.7,10.46,19.43,,2,0,1,2,2,1505,370,422,408,3555,5550,7222,6253,627,,,190,,152,,t3_shieldbreaker|t3_finalstring
standard,145,b2,blue,jungle,戰士,longyi,standard,0,1,4,0,8101,15559,10220,418.6,8.79,17.23,22.76,3,1,1,2,3,760,1069,1375,70,3860,6199,8605,6253,361,570,,190,1078,152,,t3_shieldbreaker|t3_finalstring
standard,145,b3,blue,mid,法師,ronghuo,standard,0,2,5,0,14410,15700,10684,437.6,10.7,19.23,,2,0,1,2,2,1523,330,360,1604,3783,5930,8210,6253,1045,570,,190,,152,,t3_psyward
standard,145,b4,blue,adc,射手,liuxing,standard,0,5,4,0,22275,10279,12179,498.8,10.6,17.98,22.01,3,0,1,2,3,1465,453,376,579,3625,6133,8926,6253,715,1140,,665,,152,,t3_shieldbreaker|t3_rendspear
standard,145,b5,blue,sup,輔助,hexweave,standard,0,2,3,0,8915,16845,12142,497.3,6.92,11.59,14.7,4,1,3,3,4,2592,353,1426,1182,5092,8053,10656,6253,291,1140,,1140,,152,1679,t3_calmveil
standard,145,r1,red,top,戰士,jingci,standard,1,6,0,0,15364,26491,14490,593.4,8.96,15.66,19.35,3,1,1,3,3,600,1196,52,3089,3750,6676,10432,6253,734,2280,,665,68,430,,t3_shieldbreaker|t3_finalstring
standard,145,r2,red,jungle,戰士,longyi,standard,1,3,2,1,12889,18480,12365,506.4,8.92,14.69,20.85,3,1,2,2,3,575,212,1405,1014,4325,6962,9955,6253,329,1140,142,190,1596,304,,t3_shieldbreaker|t3_finalstring
standard,145,r3,red,mid,法師,ronghuo,standard,1,4,2,2,14056,14305,13221,541.5,10.75,17.76,22.01,3,0,1,2,3,1441,208,88,1140,3701,5658,9068,6253,848,570,427,665,,304,,t3_psyward
standard,145,r4,red,adc,射手,liuxing,standard,1,10,5,0,25621,10184,15229,623.7,9.27,18.16,20.43,4,1,1,2,4,395,170,1878,1378,3745,5550,10778,6253,817,2850,,427,,430,,t3_shieldbreaker|t3_rendspear
standard,145,r5,red,sup,輔助,hexweave,standard,1,0,1,8,7295,18290,13700,561.1,6.15,11.47,15.83,5,1,2,3,5,308,462,2464,500,4608,7492,11694,6253,234,,1995,902,,430,1878,t3_calmveil
standard,146,b1,blue,top,戰士,longyi,standard,0,0,2,0,11955,31215,9617,394.7,8.8,17.38,,2,1,1,2,2,709,626,305,1387,3859,5626,8185,6253,981,,,950,,0,,t3_shieldbreaker|t3_finalstring
standard,146,b2,blue,jungle,戰士,cinderfist,standard,0,0,5,1,8528,19054,9202,377.6,9.24,18.63,,2,1,1,2,2,626,538,140,1021,3726,5668,7490,6253,399,,,,837,0,,t3_shieldbreaker|t3_finalstring
standard,146,b3,blue,mid,法師,gambler,standard,0,1,5,0,16484,16799,10244,420.4,10.73,19.82,,2,0,1,2,2,1466,182,284,944,3726,5512,7634,6253,905,,,475,,0,,t3_psyward
standard,146,b4,blue,adc,射手,shensheng,standard,0,2,4,0,13934,14804,10564,433.5,9.49,19.77,,2,1,1,2,2,215,265,161,1984,3565,5465,7061,6253,570,,,237,,0,,t3_shieldbreaker|t3_rendspear
standard,146,b5,blue,sup,輔助,shengming,standard,0,0,3,1,6925,18790,10431,428.1,6.28,12.41,16.49,3,1,2,3,3,573,141,314,1390,4573,7171,8894,6253,411,,,237,,0,1991,t3_calmveil
standard,146,r1,red,top,戰士,longyi,standard,1,3,0,0,19893,27026,13262,544.3,8.6,16.46,20.29,3,1,1,2,3,154,830,1273,2462,3954,6310,9873,6253,1282,1140,,665,,532,,t3_shieldbreaker|t3_finalstring
standard,146,r2,red,jungle,戰士,cinderfist,standard,1,4,1,1,15586,16812,13412,550.4,9.32,15.98,20.84,4,1,1,2,4,226,1183,1173,481,4276,6613,9723,6253,212,570,95,190,1870,532,,t3_shieldbreaker|t3_finalstring
standard,146,r3,red,mid,法師,gambler,standard,1,3,0,3,19679,15167,14041,576.2,10.5,16.8,21.22,4,0,1,2,4,1685,238,1214,211,3945,6738,10614,6253,1263,1140,285,1140,,532,,t3_psyward
standard,146,r4,red,adc,射手,shensheng,standard,1,7,1,3,29276,9970,15096,619.5,10.72,16.6,20.42,3,0,1,2,3,1718,288,545,3295,3878,5968,9445,6253,902,570,522,665,,532,,t3_shieldbreaker|t3_rendspear
standard,146,r5,red,sup,輔助,shengming,standard,1,2,1,2,5254,14776,12210,501.1,5.72,11.37,16.28,4,1,2,3,4,55,727,712,830,4655,7757,9942,6253,329,570,237,190,,532,1829,t3_calmveil
standard,147,b1,blue,top,戰士,chichuan,standard,0,3,1,0,16876,28002,11346,499.6,9.17,17.32,19.67,3,1,1,3,3,899,453,217,495,4049,5683,10167,6253,1178,1710,,950,,76,,t3_shieldbreaker|t3_finalstring
standard,147,b2,blue,jungle,戰士,xueyue,standard,0,0,3,0,8046,15416,8997,396.2,9.52,17.68,,2,1,1,2,2,913,782,377,767,4013,5962,7957,6253,380,,,,1248,76,,t3_shieldbreaker|t3_finalstring
standard,147,b3,blue,mid,法師,ronghuo,standard,0,0,3,0,11347,14276,10092,444.4,9.96,18.68,,2,1,1,2,2,218,444,184,1011,4068,6044,8514,6253,1710,,,475,,76,,t3_psyward
standard,147,b4,blue,adc,射手,liangzicz,standard,0,7,7,0,16584,10987,12096,532.7,9.86,17.04,21.09,3,1,1,2,3,509,478,971,1146,3859,6158,9521,6253,912,2280,,,,76,,t3_shieldbreaker|t3_rendspear
standard,147,b5,blue,sup,坦克,shiqiang,standard,0,1,5,0,6337,23694,10998,484.3,7.38,12.23,18.03,4,1,2,3,4,215,651,181,97,4715,7891,9981,6253,304,570,,950,,76,1827,t3_calmveil|t3_thornmail
standard,147,r1,red,top,戰士,chichuan,standard,1,2,0,0,18390,24418,10985,483.8,8.72,15.96,19.82,3,1,1,3,3,675,1044,280,555,3825,6574,9930,6253,839,1140,,1171,51,475,,t3_shieldbreaker|t3_finalstring
standard,147,r2,red,jungle,戰士,xueyue,standard,1,4,1,2,13077,12102,13113,577.4,8.04,16.24,22.11,3,1,1,2,3,917,1751,2489,1712,4017,6931,11089,6253,405,1710,427,380,1437,475,,t3_shieldbreaker|t3_finalstring
standard,147,r3,red,mid,法師,ronghuo,standard,1,3,3,2,11805,13781,11710,515.7,11.78,18.37,22.04,3,0,1,2,3,1409,192,1300,1159,3669,6092,8850,6253,997,,427,696,,475,,t3_psyward
standard,147,r4,red,adc,射手,liangzicz,standard,1,8,5,0,19053,9824,13531,595.8,9.09,16.92,19.02,4,1,1,3,4,452,820,998,630,3802,6500,11298,6253,864,3420,,380,,380,,t3_shieldbreaker|t3_rendspear
standard,147,r5,red,sup,坦克,shiqiang,standard,1,2,2,4,8315,17960,13158,579.5,6.58,12.84,15.54,4,1,2,3,4,406,981,2104,958,5206,8221,12084,6253,351,1140,855,696,,475,2313,t3_calmveil|t3_thornmail
standard,148,b1,blue,top,戰士,xueyue,standard,0,2,2,0,15387,34093,12118,454.4,9.09,17.86,21.49,3,1,1,2,3,519,533,1032,668,3669,6063,9312,6253,969,570,,1425,,95,,t3_shieldbreaker|t3_finalstring
standard,148,b2,blue,jungle,戰士,jufeng,standard,0,0,6,1,11521,24707,11076,415.3,9.03,15.95,23.12,3,1,1,2,3,358,1039,277,275,4458,6519,8507,6253,380,,285,,1493,95,,t3_shieldbreaker|t3_finalstring
standard,148,b3,blue,mid,法師,gambler,standard,0,3,8,1,21889,18813,12916,484.4,11.04,19.12,23.57,3,0,1,2,3,1428,258,722,816,3688,5588,8552,6253,969,,285,950,,95,,t3_psyward
standard,148,b4,blue,adc,射手,xingchen,standard,0,9,12,1,29077,12332,14785,554.4,10.13,18.27,21.4,4,0,1,2,4,1680,364,800,1184,3840,6044,9350,6253,817,2280,,,,0,,t3_shieldbreaker|t3_rendspear
standard,148,b5,blue,sup,坦克,suishan,standard,0,1,4,0,8010,33249,12945,485.4,6.58,11.65,17.36,4,1,2,3,4,324,686,215,1144,5124,7926,10595,6253,247,570,,950,,95,2479,t3_calmveil|t3_thornmail
standard,148,r1,red,top,戰士,xueyue,standard,1,8,0,0,29090,32787,16271,610.2,8.32,15.95,17.63,5,1,1,3,5,707,1076,449,921,3857,6606,11299,6253,1074,2280,,1235,,456,,t3_shieldbreaker|t3_finalstring
standard,148,r2,red,jungle,戰士,jufeng,standard,1,4,1,1,16438,16654,14926,559.7,9.41,18.63,19.01,4,1,1,3,4,412,1508,583,1946,4212,6988,10483,6253,340,1140,142,285,1866,456,,t3_shieldbreaker|t3_finalstring
standard,148,r3,red,mid,法師,gambler,standard,1,7,4,1,32016,15816,15239,571.5,10.04,16.42,21.82,4,0,1,2,4,2105,544,291,839,4365,7044,9691,6253,923,1140,,918,,456,,t3_psyward
standard,148,r4,red,adc,射手,xingchen,standard,1,13,10,0,36637,14310,18402,690.1,9.26,16.6,19.29,5,1,1,3,5,365,821,859,2802,3715,6501,10859,6253,856,2850,,443,,456,,t3_shieldbreaker|t3_rendspear
standard,148,r5,red,sup,坦克,suishan,standard,1,0,0,3,7590,24765,12746,478,6.58,13.1,18.82,4,1,2,3,4,405,305,227,545,4605,7245,9427,6253,225,,142,443,,456,1906,t3_calmveil|t3_thornmail
standard,149,b1,blue,top,戰士,fengbao,standard,1,2,0,0,9800,27380,10157,437.8,8.95,16.32,22.99,3,1,1,2,3,443,868,275,556,3593,6348,8875,6253,741,1140,,285,,456,,t3_shieldbreaker|t3_finalstring
standard,149,b2,blue,jungle,戰士,rongyan,standard,1,0,0,0,5833,13154,10597,456.8,8.02,15.8,22.3,3,1,1,2,3,210,1432,515,566,3960,6862,9065,6253,291,,,918,1145,456,,t3_shieldbreaker|t3_finalstring
standard,149,b3,blue,mid,法師,ronghuo,standard,1,1,2,2,18306,13421,10524,453.6,11.16,18.98,,2,0,1,2,2,1612,638,292,1124,3872,6538,8742,6253,1019,,570,443,,456,,t3_psyward
standard,149,b4,blue,adc,射手,dujian,standard,1,4,0,0,17446,8826,11456,493.8,9.34,18.68,21.77,3,1,1,2,3,393,353,234,256,3743,6033,8484,6253,902,570,,285,17,456,,t3_shieldbreaker|t3_rendspear
standard,149,b5,blue,sup,輔助,linghun,standard,1,1,0,2,9454,13830,12793,551.4,5.53,13.55,16.79,4,1,2,3,4,620,472,2784,1832,4620,7502,11264,6253,351,570,285,1393,,456,1955,t3_calmveil
standard,149,r1,red,top,戰士,fengbao,standard,0,0,2,1,8329,25153,8966,386.5,8.95,17.88,,2,1,1,2,2,443,784,345,736,3593,5664,7925,6253,817,,285,475,,95,,t3_shieldbreaker|t3_finalstring
standard,149,r2,red,jungle,戰士,rongyan,standard,0,2,0,0,9584,14771,10515,453.2,7.95,15.81,21.07,3,1,1,2,3,873,1178,991,664,3973,6608,8691,6253,427,570,,,1345,95,,t3_shieldbreaker|t3_finalstring
standard,149,r3,red,mid,法師,ronghuo,standard,0,0,3,1,14997,13588,8909,384,10.43,21.02,,2,0,1,1,2,1428,510,1190,209,3688,5360,7270,6253,921,,,,,95,,t3_psyward
standard,149,r4,red,adc,射手,dujian,standard,0,0,2,0,17038,9857,7997,344.7,10.93,20.77,,2,0,1,1,2,1158,267,919,617,3318,5047,6719,6253,465,,,,,0,,t3_shieldbreaker|t3_rendspear
standard,149,r5,red,sup,輔助,linghun,standard,0,0,1,0,5339,14695,10795,465.3,7.58,12.58,17.89,4,1,2,3,4,740,517,657,95,4440,6767,9697,6253,180,,,950,,95,2218,t3_calmveil
standard,150,b1,blue,top,坦克,suishan,standard,1,2,3,1,16888,33315,13827,467,8.16,14.1,21.03,4,1,2,2,4,776,326,1034,1576,3726,6576,8324,6253,1064,570,,285,,152,,t3_calmveil|t3_thornmail
standard,150,b2,blue,jungle,戰士,jingci,standard,1,1,5,1,16491,24569,12845,433.8,8.96,15.81,23.62,3,1,1,2,3,106,1283,437,1444,3906,6513,8417,6253,494,,,285,1232,152,,t3_finalstring|t3_shieldbreaker
standard,150,b3,blue,mid,法師,gambler,standard,1,9,6,0,33559,20916,17144,579,11.29,18.07,23.38,5,0,1,2,5,1449,1073,413,993,3709,6673,8563,6253,1065,570,,522,,152,,t3_psyward
standard,150,b4,blue,adc,射手,shengyan,standard,1,14,7,4,57365,15715,20648,697.4,7.62,15.38,20.26,5,1,1,2,5,832,1099,1606,5047,4182,6899,10186,6253,741,2280,,760,,152,,t3_shieldbreaker|t3_rendspear
standard,150,b5,blue,sup,坦克,xukong,standard,1,1,3,1,6103,31663,14596,493,7.23,11.52,17,5,1,2,3,5,1283,774,466,996,5183,8014,10446,6253,321,570,,522,51,152,2575,t3_calmveil|t3_thornmail
standard,150,r1,red,top,坦克,suishan,standard,0,5,3,1,18911,34729,15218,514,7.68,15.85,19.49,5,1,1,3,5,884,936,392,1568,3834,6336,9522,6253,1076,1140,,570,102,380,,t3_calmveil|t3_thornmail
standard,150,r2,red,jungle,戰士,jingci,standard,0,2,4,3,13825,21710,13902,469.5,8.69,15.79,22.73,4,1,1,2,4,218,1426,654,601,4018,6306,8934,6253,297,,427,95,1480,380,,t3_finalstring|t3_shieldbreaker
standard,150,r3,red,mid,法師,gambler,standard,0,5,6,1,30759,21799,15163,512.1,10.05,18.63,24.43,4,0,1,2,4,1732,281,225,1333,3992,6481,8555,6253,1209,,142,570,,380,,t3_psyward
standard,150,r4,red,adc,射手,shengyan,standard,0,11,12,2,43228,17817,18092,611.1,9.81,15.88,20.05,5,1,1,2,5,268,843,1704,2492,4268,6643,10284,6253,801,2280,,570,,380,,t3_shieldbreaker|t3_rendspear
standard,150,r5,red,sup,坦克,xukong,standard,0,1,2,0,10130,31889,14082,475.6,6.94,13.19,17.64,5,1,2,3,5,91,208,570,482,4541,7448,10070,6253,186,,,570,,380,2680,t3_calmveil|t3_thornmail
standard,151,b1,blue,top,坦克,stoneguard,standard,0,1,2,0,12646,30974,10829,406.7,8.51,15.94,21.59,3,1,1,2,3,643,378,319,1238,3593,5778,8049,6253,598,570,,475,,152,,t3_calmveil|t3_thornmail
standard,151,b2,blue,jungle,刺客,voidrift,standard,0,1,7,0,6529,14270,11148,418.7,8.26,16.38,23.68,3,1,1,2,3,834,1252,485,268,4034,6582,8615,6253,494,570,,,1145,152,,t3_finalstring
standard,151,b3,blue,mid,法師,leiming,standard,0,4,7,2,21644,16817,13733,515.8,10.91,18.48,23.86,3,0,1,2,3,1498,526,366,1452,3758,6126,8216,6253,861,,,950,,152,,t3_psyward
standard,151,b4,blue,adc,射手,mirrorshot,standard,0,3,7,3,22168,15588,13189,495.3,9.4,19.23,23.03,4,1,1,2,4,386,373,212,268,3736,5573,8062,6253,750,570,285,,51,152,,t3_shieldbreaker|t3_rendspear
standard,151,b5,blue,sup,坦克,dadi,standard,0,0,2,2,8413,32771,12370,464.6,7.2,12.83,17.56,4,1,2,3,4,493,290,179,569,4693,7530,9979,6253,335,,285,475,,152,2478,t3_calmveil|t3_thornmail
standard,151,r1,red,top,坦克,stoneguard,standard,1,4,0,2,14588,31144,15185,570.3,9.28,12.77,18.22,5,1,2,3,5,1455,896,246,1534,4405,7426,10276,6253,983,1140,285,1140,,475,,t3_calmveil|t3_thornmail
standard,151,r2,red,jungle,刺客,voidrift,standard,1,0,1,1,6211,11211,11499,431.9,8.83,15.81,21.85,3,1,1,2,3,878,1202,1217,618,4078,6532,8697,6253,199,,142,190,1436,475,,t3_finalstring
standard,151,r3,red,mid,法師,leiming,standard,1,12,3,3,32610,16362,18898,709.8,10.31,15.53,18.58,5,0,1,3,5,1906,877,169,2747,4166,7377,11719,6253,1048,2850,427,665,,475,,t3_psyward
standard,151,r4,red,adc,射手,mirrorshot,standard,1,8,4,1,35580,13621,15392,578.1,9.63,17.32,22.33,4,1,1,2,4,218,591,118,1542,3568,5791,8698,6253,829,570,,665,,380,,t3_shieldbreaker|t3_rendspear
standard,151,r5,red,sup,坦克,dadi,standard,1,1,1,2,8339,22110,12680,476.2,6.95,12.79,19.54,4,1,2,3,4,286,176,249,480,4486,7116,9149,6253,245,,,190,,475,1985,t3_calmveil|t3_thornmail
standard,152,b1,blue,top,坦克,thornwall,standard,1,3,1,0,14015,27343,13348,525.5,8.06,13.56,22.11,4,1,2,2,4,227,287,1164,1798,3777,6437,8394,6253,734,570,,285,,551,,t3_calmveil|t3_thornmail
standard,152,b2,blue,jungle,刺客,miwu,standard,1,0,2,1,7544,12201,11125,438,8.84,15.88,23.74,3,1,1,2,3,683,929,356,694,3883,6509,8686,6253,370,,142,522,941,456,,t3_finalstring
standard,152,b3,blue,mid,法師,haixiao,standard,1,12,7,0,21628,18640,17154,675.4,10.13,15.35,18.01,5,0,1,3,5,2017,428,1090,1004,4277,6928,12390,6253,1073,3990,,522,,551,,t3_psyward
standard,152,b4,blue,adc,射手,hanbing,standard,1,17,1,1,42356,11408,20904,823,10.06,15.18,17.9,5,0,1,4,5,2263,1453,209,5303,4423,7133,13109,6253,842,4560,142,760,,551,,t3_shieldbreaker|t3_rendspear
standard,152,b5,blue,sup,輔助,mantra,standard,1,0,2,4,5016,16750,13711,539.8,7.02,11.58,17.11,5,1,2,3,5,323,825,1674,511,4623,7565,10624,6253,284,,570,285,,551,2680,t3_calmveil
standard,152,r1,red,top,坦克,thornwall,standard,0,3,2,0,11179,29299,11606,456.9,8.78,14.44,18.7,4,1,2,3,4,890,213,74,276,3840,6063,8704,6253,931,570,,950,,0,,t3_calmveil|t3_thornmail
standard,152,r2,red,jungle,刺客,miwu,standard,0,2,4,0,12000,15961,11362,447.3,8.77,16.97,22.11,3,1,1,2,3,753,463,581,531,3953,6043,8661,6253,342,570,,,1495,0,,t3_finalstring
standard,152,r3,red,mid,法師,haixiao,standard,0,0,8,1,10347,16027,9602,378,11.11,20.88,,2,0,1,1,2,1276,306,685,301,3536,5436,7165,6253,912,,,,,0,,t3_psyward
standard,152,r4,red,adc,射手,hanbing,standard,0,7,12,1,23958,13699,12946,509.7,9.28,18.46,22.23,3,1,1,2,3,832,250,796,1345,4182,5930,8096,6253,703,1140,,,,0,,t3_shieldbreaker|t3_rendspear
standard,152,r5,red,sup,輔助,mantra,standard,0,1,6,0,5221,20022,12620,496.8,6.23,12.53,15.72,4,1,2,3,4,1995,693,336,1169,5095,7723,9376,6253,266,570,,475,,0,1811,t3_calmveil
standard,153,b1,blue,top,坦克,tieshixin,standard,0,0,2,0,9682,26223,8812,362.3,8.13,15.83,23.13,3,1,1,2,3,719,990,624,362,3669,5740,7374,6253,570,,,475,,76,,t3_calmveil|t3_thornmail
standard,153,b2,blue,jungle,刺客,guihuo,standard,0,1,5,0,8167,11652,10301,423.5,8.02,16.87,,2,1,1,2,2,745,852,282,2221,3945,5952,8012,6253,285,,,,1397,76,,t3_finalstring
standard,153,b3,blue,mid,法師,leiming,standard,0,3,4,1,13771,15501,11567,475.5,10.83,19.02,22.48,3,0,1,2,3,1466,400,38,367,3726,5550,8438,6253,874,,285,950,,76,,t3_psyward
standard,153,b4,blue,adc,射手,xuanfeng,standard,0,5,4,1,17532,14987,11928,490.4,9.52,19.53,22.14,3,1,1,2,3,367,508,18,948,3717,5588,7868,6253,969,570,,,,76,,t3_shieldbreaker|t3_rendspear
standard,153,b5,blue,sup,輔助,huanjing,standard,0,0,2,0,6056,20122,11505,472.9,7.08,12.08,16.8,4,1,2,3,4,292,338,479,624,4592,7368,9059,6253,266,,,475,,76,1989,t3_calmveil
standard,153,r1,red,top,坦克,tieshixin,standard,1,4,0,0,17326,23598,14100,579.6,7.95,11.8,17.98,5,1,2,3,5,306,245,326,549,5056,7475,9356,6253,1263,1140,,285,34,380,,t3_calmveil|t3_thornmail
standard,153,r2,red,jungle,刺客,guihuo,standard,1,1,3,0,6551,12538,10691,439.5,8.71,15.83,,2,1,1,2,2,175,908,675,2360,4025,6488,8405,6253,361,,,285,1126,380,,t3_finalstring
standard,153,r3,red,mid,法師,leiming,standard,1,7,3,0,20570,15605,14481,595.3,10.94,16.64,18.53,3,0,1,3,3,1542,891,317,2281,3802,7391,11447,6253,1152,2850,,760,51,380,,t3_psyward
standard,153,r4,red,adc,射手,xuanfeng,standard,1,5,3,2,21263,10651,12303,505.8,10.74,18.59,23.61,3,0,1,2,3,1300,317,140,923,3460,5697,8690,6253,631,1140,,285,,380,,t3_shieldbreaker|t3_rendspear
standard,153,r5,red,sup,輔助,huanjing,standard,1,0,0,3,6506,14037,11724,482,6.63,12.63,20.91,4,1,2,2,4,487,392,2321,844,4487,7132,9061,6253,315,,,285,,380,1827,t3_calmveil
standard,154,b1,blue,top,坦克,bingshouweis,standard,0,1,3,0,6995,23654,10160,426.6,8.18,15.18,21.21,3,1,1,2,3,48,1204,53,570,3698,6054,7783,6253,788,,,570,,171,,t3_calmveil|t3_thornmail
standard,154,b2,blue,jungle,刺客,jiansheng,standard,0,0,7,1,10054,14530,10083,423.4,8.08,17.74,22.47,3,1,1,2,3,185,689,432,103,4085,6019,8382,6253,506,,,95,975,551,,t3_finalstring
standard,154,b3,blue,mid,法師,haixiao,standard,0,1,6,0,17131,15771,9396,394.5,10.98,18.88,,2,0,1,2,2,1400,438,176,515,3660,6168,8006,6253,864,570,,95,52,171,,t3_psyward
standard,154,b4,blue,adc,射手,phantom,standard,0,7,8,0,19930,13489,13504,567,9.7,18.93,21.43,4,1,1,2,4,471,64,313,904,3821,5864,8163,6253,1026,,,807,,76,,t3_shieldbreaker|t3_rendspear
standard,154,b5,blue,sup,坦克,dadi,standard,0,0,1,0,7435,23102,11353,476.7,6.83,12.62,17.84,4,1,2,3,4,468,518,402,152,4668,7318,9982,6253,272,,,332,,551,2572,t3_calmveil|t3_thornmail
standard,154,r1,red,top,坦克,bingshouweis,standard,1,7,1,2,16252,22782,14912,626.1,7.59,11.68,19.24,5,1,2,3,5,297,248,415,1262,4847,7538,10445,6253,855,2850,,190,68,228,,t3_calmveil|t3_thornmail
standard,154,r2,red,jungle,刺客,jiansheng,standard,1,1,2,2,5939,11350,10877,456.7,8.12,15.86,23.75,3,1,1,2,3,952,1250,906,176,4152,6580,8856,6253,361,,570,190,1254,228,,t3_finalstring
standard,154,r3,red,mid,法師,haixiao,standard,1,5,3,2,14606,14249,13504,567,10.7,16.35,19.82,3,0,1,3,3,1390,466,145,1304,3650,6966,10975,6253,1073,1710,570,1140,,228,,t3_psyward
standard,154,r4,red,adc,射手,phantom,standard,1,9,2,1,29767,11888,15271,641.2,7.57,17.54,19.88,4,1,1,3,4,91,1042,252,1421,4391,6842,11402,6253,1121,2850,285,665,,228,,t3_shieldbreaker|t3_rendspear
standard,154,r5,red,sup,坦克,dadi,standard,1,3,1,4,8413,18389,13757,577.6,5.78,12.45,15.84,4,1,2,4,4,633,1095,36,1576,5133,8335,11616,6253,199,1710,570,190,,228,2465,t3_calmveil|t3_thornmail
standard,155,b1,blue,top,坦克,tiebi,standard,1,0,1,2,9849,25298,9940,411.5,8.09,14.88,20.43,3,1,2,2,3,814,211,1149,560,3764,6111,8429,6253,950,,570,427,,228,,t3_calmveil|t3_thornmail
standard,155,b2,blue,jungle,刺客,hundun,standard,1,4,5,1,8673,12599,12298,509.1,10.83,15.73,22.19,3,0,1,2,3,1683,690,610,798,3893,6790,9990,6253,323,1710,285,190,1000,228,,t3_psyward
standard,155,b3,blue,mid,法師,leiming,standard,1,2,3,0,12083,13795,11223,464.5,10.94,17.89,22.24,3,0,1,2,3,1609,496,234,442,3869,6196,9084,6253,1130,570,,902,,228,,t3_psyward
standard,155,b4,blue,adc,射手,huanying,standard,1,10,6,0,22561,12118,14700,608.5,8.65,16.98,19.83,4,1,1,3,4,1469,1172,84,1479,4819,6852,10864,6253,772,3420,,190,,228,,t3_shieldbreaker|t3_rendspear
standard,155,b5,blue,sup,輔助,luminary,standard,1,0,3,0,6263,17791,12630,522.8,6.48,13.15,17.88,4,1,2,3,4,216,453,1183,1180,4516,7193,9583,6253,205,,,190,26,228,2680,t3_calmveil
standard,155,r1,red,top,坦克,tiebi,standard,0,3,0,1,11789,23389,12103,501,8.78,14.09,18.23,4,1,2,3,4,107,63,635,803,3707,6443,10015,6253,855,1710,285,570,,342,,t3_calmveil|t3_thornmail
standard,155,r2,red,jungle,刺客,hundun,standard,0,3,3,1,12448,12818,12431,514.5,9.05,16.15,22.19,3,1,1,2,3,424,738,550,930,4224,7138,9350,6253,342,570,285,95,1462,342,,t3_psyward
standard,155,r3,red,mid,法師,leiming,standard,0,1,5,0,15258,14651,10526,435.7,10.48,18.4,,2,0,1,2,2,1656,247,325,1096,3916,5797,8305,6253,1140,,,570,,342,,t3_psyward
standard,155,r4,red,adc,射手,huanying,standard,0,10,7,2,22994,12600,14922,617.7,9.68,16.68,18.63,4,1,1,3,4,383,514,319,1072,3733,6194,11219,6253,845,3420,427,95,26,152,,t3_shieldbreaker|t3_rendspear
standard,155,r5,red,sup,輔助,luminary,standard,0,1,1,1,4876,16549,12287,508.6,6.21,11.22,16.39,4,1,2,3,4,1152,835,769,1407,5152,7575,10199,6253,237,570,142,95,,342,2559,t3_calmveil
standard,156,b1,blue,top,坦克,shengdun,standard,1,4,7,0,24049,56781,18568,471.7,7.88,12.18,19.33,5,1,2,3,5,157,497,401,5017,3707,7127,8951,6253,950,1140,,285,,323,,t3_calmveil|t3_thornmail
standard,156,b2,blue,jungle,刺客,razorwing,standard,1,2,5,0,11619,21355,17571,446.3,8.59,17.36,22.63,4,1,1,2,4,121,660,412,4220,3971,6240,8742,6253,465,570,,285,940,228,,t3_finalstring|t2_scythe
standard,156,b3,blue,mid,法師,mingyun2,standard,1,22,15,3,67926,30127,28712,729.4,11.18,15.92,20.93,5,0,1,2,5,1485,789,184,12662,3745,7289,9664,6253,950,1140,712,285,,323,,t3_soulrend|t3_psyward
standard,156,b4,blue,adc,射手,siwang,standard,1,24,18,1,110864,22297,28370,720.7,9.46,18.33,23.19,5,1,1,2,5,289,676,680,12770,3639,6356,9580,6253,655,1710,285,285,68,323,,t3_shieldbreaker|t3_rendspear
standard,156,b5,blue,sup,輔助,xuemai,standard,1,1,8,3,20683,40686,18782,477.1,6.83,11.6,16.05,4,1,2,4,4,282,1386,407,8082,4582,8126,11107,6253,285,570,142,1235,,323,2298,t3_thornmail|t3_calmveil
standard,156,r1,red,top,坦克,shengdun,standard,0,4,3,1,25538,53586,18626,473.1,7.92,15.36,19.18,5,1,1,3,5,833,782,134,5076,3783,6082,9464,6253,893,570,,1520,,228,,t3_calmveil|t3_thornmail
standard,156,r2,red,jungle,刺客,razorwing,standard,0,11,8,3,26909,29610,23948,608.3,8.77,14.18,20.58,4,1,2,2,4,273,456,1785,10598,4123,7106,10115,6253,437,1140,285,95,1676,228,,t2_scythe|t3_finalstring
standard,156,r3,red,mid,法師,mingyun2,standard,0,15,17,2,51042,28394,22965,583.4,10.73,18.77,25.16,5,0,1,2,5,1580,438,508,6914,3840,5588,8058,6253,912,570,,95,,228,,t3_soulrend|t3_psyward
standard,156,r4,red,adc,射手,siwang,standard,0,23,18,1,85615,22869,27132,689.2,9.24,16.42,19.9,5,1,1,3,5,937,503,82,11532,4287,5883,10082,6253,655,2850,,95,,228,,t3_rendspear|t3_shieldbreaker
standard,156,r5,red,sup,輔助,xuemai,standard,0,0,7,8,16608,39487,19737,501.4,5.93,12.31,16.72,5,1,2,4,5,406,835,198,6637,4706,7575,11078,6253,408,,285,1520,,228,2383,t3_thornmail|t3_calmveil
standard,157,b1,blue,top,坦克,xukong,standard,0,0,2,0,8014,28082,9839,403.1,8.73,15.99,21.36,3,1,1,2,3,95,419,189,249,3745,5569,7919,6253,1190,,,475,,0,,t3_calmveil|t3_thornmail
standard,157,b2,blue,jungle,刺客,yeiren,standard,0,1,5,0,7012,12921,9571,392.1,9.04,17.53,24.32,3,1,1,2,3,452,484,709,71,3652,6114,8009,6253,228,570,,,957,0,,t3_finalstring
standard,157,b3,blue,mid,法師,bingshuang,standard,0,0,5,0,16870,16088,8742,358.2,11.31,20.27,,2,0,1,1,2,1504,215,854,41,3764,5645,7334,6253,1064,,,,17,0,,t3_psyward
standard,157,b4,blue,adc,射手,maestro,standard,0,4,9,0,14418,14360,11663,477.8,10.9,18.56,21.75,3,0,1,2,3,1452,322,145,1283,3612,5702,7995,6253,696,570,,475,,0,,t3_shieldbreaker|t3_rendspear
standard,157,b5,blue,sup,坦克,longji,standard,0,2,6,0,7636,28219,10816,443.1,6.54,11.2,18.62,3,1,2,3,3,666,522,209,436,5166,7762,9409,6253,240,1140,,,51,0,1723,t3_calmveil|t3_thornmail
standard,157,r1,red,top,坦克,xukong,standard,1,3,0,0,11676,24602,13487,552.6,8.73,15.28,18.24,4,1,1,3,4,903,562,394,1237,3853,5962,9344,6253,943,1140,,475,,532,,t3_calmveil|t3_thornmail
standard,157,r2,red,jungle,刺客,yeiren,standard,1,5,2,1,15312,12358,14215,582.4,8.65,14.22,18.27,4,1,2,3,4,137,1221,626,815,4037,7921,10906,6253,304,1710,142,475,1488,532,,t3_finalstring
standard,157,r3,red,mid,法師,bingshuang,standard,1,3,1,1,18597,13962,12230,501.1,10.64,17.42,23.86,3,0,1,2,3,1466,239,245,450,3726,6139,8875,6253,1045,570,,475,,532,,t3_psyward
standard,157,r4,red,adc,射手,maestro,standard,1,8,4,2,27886,11432,15223,623.7,9.31,17.88,21.98,3,1,1,2,3,319,121,324,3422,3669,5921,8904,6253,788,570,285,475,,532,,t3_shieldbreaker|t3_rendspear
standard,157,r5,red,sup,坦克,longji,standard,1,8,0,7,11331,21287,17885,732.7,7.65,11.21,14.34,5,1,3,4,5,689,542,1398,4284,4589,9922,13598,6253,300,3420,712,475,,532,1904,t3_calmveil|t3_thornmail
standard,158,b1,blue,top,坦克,tiemu,standard,0,1,2,0,11776,29532,11142,425.8,9.12,15.87,19.39,4,1,1,3,4,789,239,433,191,3739,5639,8983,6253,905,570,,950,,304,,t3_calmveil|t3_thornmail
standard,158,b2,blue,jungle,刺客,sting,standard,0,1,6,1,7506,10612,11241,429.6,9.66,17.77,24.22,3,1,1,2,3,475,913,72,360,3675,5763,8202,6253,357,,285,,1002,304,,t3_finalstring
standard,158,b3,blue,mid,法師,mingyun2,standard,0,6,5,1,27719,18013,14201,542.7,9.4,19.6,22.12,4,1,1,2,4,231,237,364,100,4081,5867,8014,6253,1171,,285,,,304,,t3_psyward
standard,158,b4,blue,adc,射手,liuxing,standard,0,11,12,0,28714,16180,16414,627.3,10.46,16.42,20.21,5,0,1,2,5,1503,249,1040,814,3663,5449,9790,6253,715,2280,,237,,304,,t3_shieldbreaker|t3_rendspear
standard,158,b5,blue,sup,坦克,stoneguard,standard,0,1,1,3,7086,24560,12817,489.8,7.07,13.74,16.29,4,1,2,3,4,247,245,647,1457,4697,7025,10227,6253,345,570,570,237,26,304,1920,t3_calmveil|t3_thornmail
standard,158,r1,red,top,坦克,tiemu,standard,1,3,0,0,11545,25945,13333,509.5,8.66,13.4,21.16,4,1,2,2,4,1384,345,996,1083,4334,6595,8286,6253,931,570,,380,,152,,t3_calmveil|t3_thornmail
standard,158,r2,red,jungle,刺客,sting,standard,1,2,5,2,10671,13553,12589,481.1,8.48,16.69,19.38,3,1,1,3,3,293,1698,210,1708,4193,7028,9710,6253,199,570,427,380,1728,152,,t3_finalstring
standard,158,r3,red,mid,法師,mingyun2,standard,1,3,6,2,17597,16859,12206,466.5,11,17.92,24.76,3,0,1,2,3,1428,171,408,425,3688,6671,9008,6253,1083,1140,,380,,152,,t3_psyward
standard,158,r4,red,adc,射手,liuxing,standard,1,16,7,1,41609,15750,19366,740.1,6.69,13.63,18.36,5,1,2,3,5,500,167,505,3765,4980,8267,11355,6253,912,3420,,617,,152,,t3_shieldbreaker|t3_rendspear
standard,158,r5,red,sup,坦克,stoneguard,standard,1,2,2,2,8669,25065,13299,508.2,7.24,12.12,16.58,4,1,2,3,4,234,800,729,1098,4734,8040,10709,6253,256,570,427,617,,152,2432,t3_calmveil|t3_thornmail
standard,159,b1,blue,top,坦克,longji,standard,1,2,0,0,5267,18891,10230,457.2,9.03,15.49,20.08,3,1,1,2,3,662,466,1462,1379,3612,5766,8692,6253,627,570,,665,26,551,,t3_calmveil|t3_thornmail
standard,159,b2,blue,jungle,刺客,yingsi,standard,1,0,1,1,5274,8696,9710,434,8.67,17.21,,2,1,1,2,2,862,621,1109,1379,4062,6201,8659,6253,361,,285,190,1208,361,,t3_finalstring
standard,159,b3,blue,mid,法師,bingshuang,standard,1,6,2,0,16986,13009,12978,580,10.99,17.68,20.76,3,0,1,2,3,1561,448,763,1677,3821,6348,10243,6253,874,1710,,1140,,266,,t3_psyward
standard,159,b4,blue,adc,射手,shensheng,standard,1,11,1,2,27099,9193,16059,717.7,10.6,14.74,19.35,4,0,2,3,4,1683,361,1097,2208,3843,7681,12897,6253,962,4560,142,427,,551,,t3_shieldbreaker|t3_rendspear
standard,159,b5,blue,sup,輔助,mingyunyindao,standard,1,0,1,3,3151,12714,12921,577.5,5.79,12.35,16.44,4,1,2,4,4,974,613,516,2520,4674,7353,10916,6253,291,,712,427,,551,2680,t3_calmveil
standard,159,r1,red,top,坦克,longji,standard,0,2,2,0,5216,22302,11526,515.1,6.69,14.29,20.11,4,1,2,2,4,351,373,1600,276,4201,6703,8830,6253,817,1140,,475,68,76,,t3_calmveil|t3_thornmail
standard,159,r2,red,jungle,刺客,yingsi,standard,0,0,3,3,6232,11844,9990,446.5,8.55,17.21,21.5,3,1,1,2,3,613,1196,811,340,4463,6776,9141,6253,304,,855,,1653,76,,t3_finalstring
standard,159,r3,red,mid,法師,bingshuang,standard,0,2,6,0,11613,14757,9900,442.4,10.67,18.94,,2,0,1,2,2,1447,315,351,819,3707,5645,8381,6253,1007,570,,475,,76,,t3_psyward
standard,159,r4,red,adc,射手,shensheng,standard,0,1,6,0,8951,9485,8294,370.7,10.5,20.76,,2,0,1,1,2,1272,75,1210,974,3432,5275,6890,6253,560,,,,,76,,t3_shieldbreaker|t3_rendspear
standard,159,r5,red,sup,輔助,mingyunyindao,standard,0,0,2,0,4881,15935,9858,440.6,7.44,12.13,18.55,3,1,2,3,3,216,151,362,428,4516,6891,9062,6253,199,,,,,76,2533,t3_calmveil
standard,160,b1,blue,top,坦克,tixue,standard,1,2,1,0,9375,22843,11384,476.3,8.89,13.82,19.95,3,1,2,3,3,643,579,68,1354,3593,6529,9018,6253,725,570,,918,,551,,t3_calmveil|t3_thornmail
standard,160,b2,blue,jungle,刺客,youming,standard,1,2,0,1,8998,10016,11299,472.8,9.73,17,21.18,3,1,1,2,3,453,1114,1464,599,3653,6444,8944,6253,196,570,285,285,803,551,,t3_finalstring
standard,160,b3,blue,mid,法師,mingyun2,standard,1,9,3,1,31313,11834,15700,656.9,10.72,17.73,20.13,4,0,1,2,4,1621,205,1181,2350,3881,6405,10661,6253,991,2280,142,443,,551,,t3_psyward
standard,160,b4,blue,adc,射手,liangzicz,standard,1,8,4,0,25255,12446,14337,599.9,9.23,17.51,18.98,4,1,1,3,4,574,859,1108,1116,3924,6239,11008,6253,1005,2850,,443,,456,,t3_shieldbreaker|t3_rendspear
standard,160,b5,blue,sup,坦克,shiqiang,standard,1,0,1,2,8477,19941,12499,523,7.28,12.08,17.45,3,1,2,3,3,779,201,710,2518,4679,7441,10690,6253,349,,427,1235,51,551,1821,t3_calmveil|t3_thornmail
standard,160,r1,red,top,坦克,tixue,standard,0,2,3,0,13836,26655,11280,471.9,8.02,14.63,19.66,3,1,2,3,3,966,227,244,1249,3916,6177,8894,6253,1026,1140,,475,,0,,t3_calmveil|t3_thornmail
standard,160,r2,red,jungle,刺客,youming,standard,0,1,3,0,4363,11466,10009,418.8,8.82,16.07,,2,1,1,2,2,871,1223,596,1578,4071,6553,8376,6253,228,570,,,1324,0,,t3_finalstring
standard,160,r3,red,mid,法師,mingyun2,standard,0,2,6,1,20757,14659,10434,436.6,10.81,18.53,,2,0,1,2,2,1476,682,551,1354,3736,6282,8581,6253,997,570,285,475,,0,,t3_psyward
standard,160,r4,red,adc,射手,liangzicz,standard,0,3,7,0,13771,13489,11232,470,10.02,18.98,22.44,3,0,1,2,3,1433,217,1627,852,3593,5417,8847,6253,836,570,,1187,,0,,t3_shieldbreaker|t3_rendspear
standard,160,r5,red,sup,坦克,shiqiang,standard,0,1,2,2,7338,26054,12060,504.6,7.24,11.98,18.96,4,1,2,3,4,992,407,1591,259,4592,7347,10491,6253,370,570,285,1187,,0,1825,t3_calmveil|t3_thornmail
standard,161,b1,blue,top,坦克,suishan,standard,1,2,9,0,25802,54933,16040,423.9,8.78,15.72,21.33,5,1,1,2,5,719,511,445,2390,3669,5911,7735,6253,817,,,285,,380,,t3_calmveil|t3_thornmail
standard,161,b2,blue,jungle,戰士,rongyan,standard,1,3,3,1,24027,31242,17937,474,8.65,15.36,21.98,5,1,1,2,5,858,2320,838,2636,3958,6420,9118,6253,370,570,285,285,974,380,,t3_finalstring|t3_shieldbreaker
standard,161,b3,blue,mid,法師,bingshuang,standard,1,13,15,3,53729,31029,23073,609.7,10.63,19.43,22.71,5,0,1,2,5,1780,208,386,6923,4040,6408,8416,6253,927,,570,285,,380,,t3_psyward
standard,161,b4,blue,adc,射手,xingchen,standard,1,29,14,1,120675,25325,31142,823,9.01,14.68,19.47,5,1,2,3,5,1317,137,1474,15541,4667,7517,11994,6253,611,3990,,760,,380,,t3_shieldbreaker|t3_rendspear
standard,161,b5,blue,sup,坦克,tixue,standard,1,0,7,3,21325,43841,17220,455,7.22,12.88,19.08,5,1,2,3,5,430,429,530,3619,4630,7369,9130,6253,351,,,285,,380,1860,t3_calmveil|t3_thornmail
standard,161,r1,red,top,坦克,suishan,standard,0,4,10,0,20636,58351,17554,463.9,7.32,14.69,20.42,5,1,2,2,5,399,294,1386,3904,4049,6244,8676,6253,750,570,,950,,152,,t3_calmveil|t3_thornmail
standard,161,r2,red,jungle,戰士,rongyan,standard,0,5,5,2,33569,35882,18450,487.5,8.55,16.61,22.79,5,1,1,2,5,894,1069,939,3149,3994,6249,8219,6253,278,,,,1535,152,,t3_finalstring|t3_shieldbreaker
standard,161,r3,red,mid,法師,bingshuang,standard,0,14,17,1,47830,30416,23238,614.1,10.63,19.27,24.61,5,0,1,2,5,1393,109,359,7087,3653,5439,7909,6253,1029,,,475,,152,,t3_psyward
standard,161,r4,red,adc,射手,xingchen,standard,0,23,14,2,94862,24222,28501,753.2,7.68,17.14,20.48,5,1,1,2,5,242,504,1890,12900,4242,6304,10170,6253,962,2280,285,237,,152,,t3_shieldbreaker|t3_rendspear
standard,161,r5,red,sup,坦克,tixue,standard,0,2,1,3,21434,46010,18847,498,7.12,12.88,16.75,5,1,2,3,5,158,491,1438,5246,4658,7271,10938,6253,475,1140,,237,,152,2680,t3_calmveil|t3_thornmail
standard,162,b1,blue,top,坦克,stoneguard,standard,0,0,2,0,8822,22385,8277,367.1,8.78,15.85,,2,1,1,2,2,681,364,344,647,3631,5664,7374,6253,684,,,190,,247,,t3_calmveil|t3_thornmail
standard,162,b2,blue,jungle,戰士,tielian,standard,0,0,4,0,6005,17152,8705,386,8.79,17.69,,2,1,1,2,2,626,394,687,525,3726,5824,7737,6253,199,,,190,942,152,,t3_shieldbreaker|t3_finalstring
standard,162,b3,blue,mid,法師,lieyan,standard,0,1,2,0,12923,12632,9968,442.1,11.08,16.89,,2,0,1,2,2,1257,205,298,888,3517,6405,8628,6253,893,570,,665,,247,,t3_psyward
standard,162,b4,blue,adc,射手,liangzi,standard,0,4,4,0,16260,10021,11371,504.3,9.53,17.68,21.38,3,1,1,2,3,595,450,1129,1051,3945,6130,9379,6253,1073,1140,,665,,247,,t3_shieldbreaker|t3_rendspear
standard,162,b5,blue,sup,輔助,linghun,standard,0,0,2,0,4543,14398,9831,436,6.23,13.53,16.95,3,1,2,3,3,449,935,781,791,4449,7185,8941,6253,152,,,190,,247,2098,t3_calmveil
standard,162,r1,red,top,坦克,stoneguard,standard,1,1,0,3,10113,21560,11308,501.5,9.57,15.5,18.15,3,1,1,3,3,385,383,221,1377,3935,5683,10151,6253,1038,570,712,1235,,342,,t3_calmveil|t3_thornmail
standard,162,r2,red,jungle,戰士,tielian,standard,1,5,0,1,11916,13554,13231,586.8,8.96,15.79,20.71,3,1,1,2,3,798,740,2282,2301,3898,6170,10832,6253,209,1710,285,522,1510,342,,t3_shieldbreaker|t3_finalstring
standard,162,r3,red,mid,法師,lieyan,standard,1,3,2,0,18016,11839,10820,479.8,9.92,17.8,,2,1,1,2,2,57,629,344,1420,3907,6529,9094,6253,1263,1140,,285,,152,,t3_psyward
standard,162,r4,red,adc,射手,liangzi,standard,1,5,3,2,17004,11041,12628,560,9.32,17.73,21.38,3,1,1,2,3,300,123,1212,1248,3650,5503,9762,6253,839,1140,427,760,,342,,t3_shieldbreaker|t3_rendspear
standard,162,r5,red,sup,輔助,linghun,standard,1,0,0,3,5498,12354,11317,501.9,6.12,13.3,17.8,3,1,2,3,3,611,265,607,2086,4611,6995,9837,6253,373,,285,522,,342,2061,t3_calmveil
standard,163,b1,blue,top,坦克,ironclad,standard,0,1,3,3,11031,31890,11161,435.7,8.5,14.92,19.22,3,1,2,3,3,450,221,400,1230,4000,6071,8950,6253,1033,570,427,285,,380,,t3_calmveil|t3_thornmail
standard,163,b2,blue,jungle,戰士,cinderfist,standard,0,1,1,3,6315,20097,11927,465.6,9.43,15.43,21,3,1,1,2,3,411,1355,1210,577,4161,6785,9760,6253,348,570,570,285,1353,380,,t3_shieldbreaker|t3_finalstring
standard,163,b3,blue,mid,法師,shikong,standard,0,11,6,0,25800,20085,16614,648.5,10.69,14.83,18.27,5,0,2,3,5,1485,142,220,463,3745,8172,11250,6253,1007,2850,,760,,380,,t3_psyward
standard,163,b4,blue,adc,射手,shengyan,standard,0,8,5,0,32591,12903,15764,615.4,9.61,15.5,20.84,4,1,1,2,4,332,1175,1193,1913,3682,6855,9743,6253,734,1140,,1235,,380,,t3_shieldbreaker|t3_rendspear
standard,163,b5,blue,sup,輔助,shiguang,standard,0,2,3,3,7593,21370,13464,525.6,6.12,11.23,17.62,5,1,2,3,5,1444,651,1310,264,5144,7681,10540,6253,144,1140,427,285,51,380,1859,t3_calmveil
standard,163,r1,red,top,坦克,ironclad,standard,1,2,2,1,11905,31599,13259,517.6,8.49,14.73,17.59,4,1,2,3,4,360,166,113,1508,3910,6316,9863,6253,1222,1140,,950,,297,,t3_calmveil|t3_thornmail
standard,163,r2,red,jungle,戰士,cinderfist,standard,1,5,4,0,11430,16485,13881,541.9,8.1,17.05,20.25,3,1,1,2,3,398,1620,1484,3130,4928,7050,9664,6253,427,1140,,,1672,171,,t3_shieldbreaker|t3_finalstring
standard,163,r3,red,mid,法師,shikong,standard,1,1,7,0,17375,17713,11406,445.3,10.33,18.72,22.98,3,0,1,2,3,1533,451,918,356,3793,5781,8568,6253,1067,570,,475,,202,,t3_psyward
standard,163,r4,red,adc,射手,shengyan,standard,1,9,7,2,46120,14495,15517,605.7,9.47,17.68,21.65,4,1,1,2,4,357,648,337,1966,3707,5848,9087,6253,826,570,427,712,,297,,t3_shieldbreaker|t3_rendspear
standard,163,r5,red,sup,輔助,shiguang,standard,1,1,3,4,6936,18487,13656,533.1,5.83,10.64,16.07,5,1,2,3,5,601,624,935,455,4551,7654,10165,6253,294,570,712,237,,171,1926,t3_calmveil
standard,164,b1,blue,top,坦克,tieshixin,standard,1,0,1,4,13574,27386,11153,458.8,7.93,15.35,21.05,3,1,1,2,3,390,644,799,1563,4040,6044,8229,6253,1111,,237,475,,152,,t3_calmveil|t3_thornmail
standard,164,b2,blue,jungle,戰士,chichuan,standard,1,2,3,1,13238,16689,10821,445.2,9.01,14.68,22.21,3,1,2,2,3,885,160,788,221,3985,6760,8588,6253,408,570,142,,1061,152,,t3_finalstring|t3_shieldbreaker
standard,164,b3,blue,mid,法師,lieyan,standard,1,0,6,0,12973,14419,9253,380.7,10.87,19.69,,2,0,1,2,2,1523,315,119,453,3783,5645,7669,6253,1026,,,237,,152,,t3_psyward
standard,164,b4,blue,adc,射手,mirrorshot,standard,1,7,6,1,26624,13208,13636,561,10.55,17.27,22.53,4,0,1,2,4,1522,333,200,1036,3682,6133,8650,6253,867,570,95,712,,152,,t3_shieldbreaker|t3_rendspear
standard,164,b5,blue,sup,坦克,tixue,standard,1,0,2,3,6230,22210,12140,499.4,7.63,13.36,19.7,4,1,2,3,4,670,91,122,539,4570,7031,8722,6253,234,,95,,,152,1987,t3_calmveil|t3_thornmail
standard,164,r1,red,top,坦克,tieshixin,standard,0,2,0,2,12234,23536,11820,486.3,7.45,13.48,18.43,4,1,2,3,4,563,343,553,170,4213,7633,10103,6253,741,1140,285,1235,68,380,,t3_calmveil|t3_thornmail
standard,164,r2,red,jungle,戰士,chichuan,standard,0,2,3,0,11586,17075,11393,468.7,8.94,15.83,22.31,3,1,1,2,3,1066,962,1209,592,4166,6192,9189,6253,240,570,,285,1459,380,,t3_finalstring|t3_shieldbreaker
standard,164,r3,red,mid,法師,lieyan,standard,0,6,1,2,23425,15326,14326,589.4,9.23,16.11,20.99,4,1,1,2,4,617,471,1033,96,4467,6671,10433,6253,1235,2280,,285,,380,,t3_psyward
standard,164,r4,red,adc,射手,mirrorshot,standard,0,5,5,1,22326,12776,12462,512.7,9.82,19.68,22.53,3,1,1,2,3,205,301,398,1311,3555,5681,8198,6253,741,,285,522,16,380,,t3_shieldbreaker|t3_rendspear
standard,164,r5,red,sup,坦克,tixue,standard,0,3,0,2,8118,22755,13567,558.1,7.34,13.18,16.79,4,1,2,4,4,294,484,140,1366,4494,7724,11440,6253,234,1140,285,522,51,380,2574,t3_calmveil|t3_thornmail
standard,165,b1,blue,top,坦克,tiankong,standard,0,1,3,0,4926,23685,9786,421.8,9.13,15.21,19.84,3,1,1,3,3,119,586,58,736,3669,5886,8508,6253,734,570,,950,,0,,t3_calmveil|t3_thornmail
standard,165,b2,blue,jungle,戰士,dadi2,standard,0,0,3,0,6814,17070,8934,385.1,9.26,18.32,,2,1,1,2,2,780,264,669,753,3880,5694,7719,6253,421,,,,1044,0,,t3_shieldbreaker|t3_finalstring
standard,165,b3,blue,mid,法師,shikong,standard,0,0,2,1,14492,15283,8836,380.9,11.09,19.84,,2,0,1,2,2,1352,100,170,136,3612,5430,7520,6253,981,,285,,,0,,t3_psyward
standard,165,b4,blue,adc,射手,hanbing,standard,0,5,6,0,13357,9518,11427,492.5,9.58,16.98,20.58,3,1,1,2,3,272,336,985,476,3622,6016,9835,6253,826,2280,,475,,0,,t3_shieldbreaker|t3_rendspear
standard,165,b5,blue,sup,輔助,mantra,standard,0,0,4,0,5671,19083,10861,468.2,6.5,12.54,18.74,4,1,2,3,4,478,300,216,161,4478,6780,8376,6253,152,,,,17,0,1953,t3_calmveil
standard,165,r1,red,top,坦克,tiankong,standard,1,5,0,1,9856,20069,13371,576.3,9.01,12.02,16.75,4,1,2,3,4,716,1054,1184,1220,3666,7504,11114,6253,813,2280,,1140,,627,,t3_calmveil|t3_thornmail
standard,165,r2,red,jungle,戰士,dadi2,standard,1,5,0,1,14192,12700,13211,569.4,8.98,14.75,18.72,4,1,2,3,4,788,162,822,281,3888,6912,10852,6253,171,2280,142,190,1187,627,,t3_shieldbreaker|t3_finalstring
standard,165,r3,red,mid,法師,shikong,standard,1,2,3,4,14583,12320,12804,551.9,10.8,18.33,20.58,3,0,1,2,3,1542,974,1090,724,3802,6424,10490,6253,1235,570,1140,665,,627,,t3_psyward
standard,165,r4,red,adc,射手,hanbing,standard,1,5,2,0,22705,9957,12364,532.9,10.42,18,21.48,3,0,1,2,3,1468,323,337,983,3628,6003,8587,6253,709,570,,427,,627,,t3_shieldbreaker|t3_rendspear
standard,165,r5,red,sup,輔助,mantra,standard,1,1,1,1,5133,15751,11890,512.5,7.36,12.23,16.79,4,1,2,3,4,301,1026,707,1089,4601,8056,9937,6253,262,570,142,427,,532,1748,t3_calmveil
standard,166,b1,blue,top,坦克,tiebi,standard,0,2,0,0,9188,24581,10438,456.8,8.61,15.29,20.9,3,1,1,2,3,176,858,1138,987,3726,6158,8368,6253,1013,,,760,,342,,t3_calmveil|t3_thornmail
standard,166,b2,blue,jungle,戰士,langwang,standard,0,0,3,1,4780,16233,10076,440.9,9.48,16.33,,2,1,1,2,2,641,2140,336,1895,3741,6370,8516,6253,494,,285,285,857,342,,t3_shieldbreaker|t3_finalstring
standard,166,b3,blue,mid,法師,lieyan,standard,0,1,3,1,15826,13105,9260,405.2,9.45,19.45,,2,1,1,2,2,218,118,195,659,4068,6348,8045,6253,595,570,,285,,342,,t3_psyward
standard,166,b4,blue,adc,射手,xuanfeng,standard,0,5,8,0,19794,11200,11210,490.6,9.93,17.73,22.38,3,1,1,2,3,338,592,302,890,3688,6272,8552,6253,722,1140,,285,,152,,t3_shieldbreaker|t3_rendspear
standard,166,b5,blue,sup,輔助,huanjing,standard,0,1,2,1,4646,15870,10837,474.3,6.06,12.61,15.23,4,1,2,3,4,1182,782,1043,437,4582,7812,9623,6253,367,570,,285,,342,1805,t3_calmveil
standard,166,r1,red,top,坦克,tiebi,standard,1,2,0,0,11394,24131,10723,469.3,7.7,14.55,19.14,3,1,2,3,3,95,389,1025,792,3945,6719,9575,6253,1003,1140,,950,,228,,t3_calmveil|t3_thornmail
standard,166,r2,red,jungle,戰士,langwang,standard,1,2,2,2,9735,15916,11376,497.8,9.2,16.12,21.96,3,1,1,2,3,695,1256,950,1345,3795,6386,9500,6253,323,570,427,,1698,228,,t3_shieldbreaker|t3_finalstring
standard,166,r3,red,mid,法師,lieyan,standard,1,2,2,0,15850,14420,10707,468.6,10.33,18.63,,2,0,1,2,2,1504,157,203,1306,3764,5607,8533,6253,1007,570,,475,,228,,t3_psyward
standard,166,r4,red,adc,射手,xuanfeng,standard,1,10,4,2,26788,9444,15701,687.1,7.78,15.49,19.27,4,1,1,3,4,344,659,1831,1850,4344,6339,12311,6253,937,3420,285,1187,,228,,t3_shieldbreaker|t3_rendspear
standard,166,r5,red,sup,輔助,huanjing,standard,1,0,1,3,5728,16735,11383,498.2,6.45,11.97,17.38,4,1,2,3,4,301,169,725,883,4601,7199,9475,6253,338,,427,237,,228,1990,t3_calmveil
standard,167,b1,blue,top,坦克,shengdun,standard,0,0,2,1,9257,24487,10953,472.6,8.18,15.71,20.12,3,1,1,2,3,247,435,913,1823,3897,5835,8343,6253,1178,,285,475,,152,,t3_calmveil|t3_thornmail
standard,167,b2,blue,jungle,戰士,jingci,standard,0,0,3,0,11873,14539,8980,387.5,9.7,17.47,,2,1,1,2,2,123,583,166,580,3923,5813,7666,6253,456,,,,804,152,,t3_finalstring|t3_shieldbreaker
standard,167,b3,blue,mid,法師,shikong,standard,0,3,5,0,18099,14582,10788,465.5,11.34,17.88,22.03,3,0,1,2,3,1618,290,656,438,3878,5740,9736,6253,1146,1710,,475,,152,,t3_psyward
standard,167,b4,blue,adc,射手,phantom,standard,0,2,5,0,13165,12608,9934,428.7,9.13,19.31,,2,1,1,2,2,332,281,310,1354,3682,5481,7210,6253,753,,,,51,152,,t3_shieldbreaker|t3_rendspear
standard,167,b5,blue,sup,坦克,dadi,standard,0,0,4,0,4703,19618,11303,487.7,7.32,13.35,19.01,4,1,2,3,4,76,432,90,103,4576,6932,8770,6253,227,,,,,152,2136,t3_calmveil|t3_thornmail
standard,167,r1,red,top,坦克,shengdun,standard,1,5,0,0,11644,19048,13733,592.6,8.18,13.93,17.12,4,1,2,3,4,285,66,574,1483,3935,6776,10604,6253,1491,2280,,427,,152,,t3_calmveil|t3_thornmail
standard,167,r2,red,jungle,戰士,jingci,standard,1,1,1,3,11118,16298,10981,473.8,8.98,16.91,21.9,3,1,1,2,3,652,1190,1140,480,3752,6420,9420,6253,304,570,712,190,1238,152,,t3_finalstring|t3_shieldbreaker
standard,167,r3,red,mid,法師,shikong,standard,1,5,2,0,13688,13549,12441,536.8,10.72,17.38,22.17,3,0,1,2,3,1561,475,1187,361,3821,6975,9217,6253,1007,1140,,665,,152,,t3_psyward
standard,167,r4,red,adc,射手,phantom,standard,1,7,2,2,28861,11929,13800,595.5,9.03,15.89,19.8,4,1,1,3,4,443,653,353,579,3793,6453,10253,6253,997,2280,142,427,,152,,t3_shieldbreaker|t3_rendspear
standard,167,r5,red,sup,坦克,dadi,standard,1,1,0,1,5605,18804,10985,474,7.41,12.14,18.5,3,1,2,3,3,362,413,207,1005,5162,7653,9287,6253,304,570,,190,,152,1818,t3_calmveil|t3_thornmail
standard,168,b1,blue,top,坦克,shiqiang,standard,1,0,0,0,6159,16991,8020,388.7,8.57,16.58,,2,1,1,2,2,757,362,645,1190,3707,5512,7475,6253,646,,,348,,228,,t3_calmveil|t3_thornmail
standard,168,b2,blue,jungle,戰士,embercoil,standard,1,1,1,0,5252,12564,9283,449.9,8.78,16.58,,2,1,1,2,2,205,933,458,1002,4005,6163,8738,6253,380,570,,348,958,228,,t3_finalstring|t3_shieldbreaker
standard,168,b3,blue,mid,法師,xingjie,standard,1,0,2,2,9099,10322,8612,417.4,11.1,20.13,,2,0,1,1,2,1504,235,1568,582,3764,5835,8068,6253,969,,427,190,,228,,t3_psyward
standard,168,b4,blue,adc,射手,yanfeng,standard,1,7,1,1,18927,9674,12523,606.9,9.03,15.67,18.73,3,1,1,3,3,1079,672,1188,2303,4429,6472,11408,6253,1016,3420,142,348,,228,,t3_shieldbreaker|t3_rendspear
standard,168,b5,blue,sup,坦克,thornwall,standard,1,0,0,0,2982,14239,11394,552.2,7.18,12.08,17.49,3,1,2,3,3,515,449,870,1414,4715,7689,10850,6253,294,,,1615,,228,2458,t3_calmveil|t3_thornmail
standard,168,r1,red,top,坦克,shiqiang,standard,0,2,2,0,6471,21824,9838,476.8,9.53,15.07,18.13,3,1,1,3,3,327,1271,685,287,4277,6671,9635,6253,798,1140,,1140,,304,,t3_calmveil|t3_thornmail
standard,168,r2,red,jungle,戰士,embercoil,standard,0,1,1,0,6232,10894,9427,456.9,9.39,15.11,,2,1,1,2,2,709,1304,841,1146,3809,6534,9121,6253,304,570,,190,1500,304,,t3_finalstring|t3_shieldbreaker
standard,168,r3,red,mid,法師,xingjie,standard,0,0,3,2,11740,10814,8774,425.2,9.91,19.21,,2,1,1,2,2,161,818,33,273,4011,5968,8533,6253,883,,427,665,,304,,t3_psyward
standard,168,r4,red,adc,射手,yanfeng,standard,0,1,2,0,14921,9494,8593,416.5,10.03,19.13,,2,0,1,2,2,1367,337,373,613,3527,5237,8353,6253,560,570,,665,,304,,t3_shieldbreaker|t3_rendspear
standard,168,r5,red,sup,坦克,thornwall,standard,0,0,0,1,3040,15530,10265,497.5,7.35,12.42,16.48,3,1,2,3,3,692,934,683,885,4592,7594,10063,6253,190,,142,665,,304,2508,t3_calmveil|t3_thornmail
standard,169,b1,blue,top,坦克,tiemu,standard,0,0,2,0,7648,22959,9120,416.1,8.93,15.33,20.78,3,1,1,2,3,922,821,1095,220,3872,6171,8375,6253,943,,,950,,228,,t3_calmveil|t3_thornmail
standard,169,b2,blue,jungle,戰士,hunpo,standard,0,0,4,0,4598,9613,8775,400.4,10.04,19.69,,2,0,1,2,2,1761,162,272,274,3971,5962,8022,6253,446,,,,1094,228,,t3_psyward
standard,169,b3,blue,mid,法師,auralith,standard,0,1,4,0,9255,13574,8974,409.5,11.12,18.54,,2,0,1,2,2,1580,150,382,214,3840,5550,8362,6253,836,570,,475,,228,,t3_psyward
standard,169,b4,blue,adc,射手,siwang,standard,0,3,2,0,11377,9373,10190,465,9.34,17.77,21.35,3,1,1,2,3,452,284,439,190,3802,5664,8989,6253,893,1140,,475,,228,,t3_shieldbreaker|t3_rendspear
standard,169,b5,blue,sup,輔助,shengming,standard,0,1,2,1,4277,13931,11674,532.7,7.33,11.68,15.83,4,1,2,3,4,750,574,597,224,4750,7604,9637,6253,452,570,285,,,228,1847,t3_calmveil
standard,169,r1,red,top,坦克,tiemu,standard,1,2,0,1,9882,21459,10770,491.4,8.19,13.42,19.23,3,1,2,3,3,938,329,278,789,3888,6709,9778,6253,1149,1140,,665,,570,,t3_calmveil|t3_thornmail
standard,169,r2,red,jungle,戰士,hunpo,standard,1,3,1,0,2903,6771,11750,536.1,9.84,17.23,,2,1,1,2,2,541,1763,496,2369,4341,7263,9876,6253,285,1140,,427,1580,190,,t3_psyward
standard,169,r3,red,mid,法師,auralith,standard,1,1,2,1,9445,13451,9877,450.7,10.52,17.77,,2,0,1,2,2,1485,388,39,446,3745,6538,8619,6253,1225,,285,665,,190,,t3_psyward
standard,169,r4,red,adc,射手,siwang,standard,1,8,2,0,21795,8374,12968,591.7,9.38,15.97,20.13,3,1,1,2,3,265,443,2049,2067,3615,6123,10949,6253,848,3420,,427,,0,,t3_shieldbreaker|t3_rendspear
standard,169,r5,red,sup,輔助,shengming,standard,1,0,0,0,3375,13372,12242,558.6,6.83,12.73,16.94,4,1,2,3,4,194,442,679,1841,4494,7182,10109,6253,253,,,665,,570,2367,t3_calmveil
standard,170,b1,blue,top,坦克,dadi,standard,1,1,1,2,11445,24238,10506,444.7,8.27,15.15,20.19,3,1,1,2,3,657,1143,1318,1556,3607,6543,8608,6253,786,570,427,190,,380,,t3_calmveil|t3_thornmail
standard,170,b2,blue,jungle,戰士,leimingcf,standard,1,6,1,0,15434,14092,13772,583,8.82,14.68,18.09,4,1,2,3,4,660,289,1112,472,4460,8269,11612,6253,684,2850,,348,1096,380,,t3_finalstring|t3_shieldbreaker
standard,170,b3,blue,mid,法師,xingjie,standard,1,3,1,2,22645,13483,12512,529.6,10.75,16.89,23.1,3,0,1,2,3,1713,257,625,1662,3973,6757,10025,6253,1570,570,427,823,,380,,t3_psyward
standard,170,b4,blue,adc,射手,maestro,standard,1,9,5,1,22085,13157,13969,591.3,9.44,15.2,19.56,3,1,1,3,3,737,1071,973,2168,4087,6871,10873,6253,487,3420,142,190,,380,,t3_shieldbreaker|t3_rendspear
standard,170,b5,blue,sup,坦克,shiqiang,standard,1,1,1,2,6934,19458,13136,556,6.77,11.58,16.05,4,1,2,3,4,850,929,1809,936,5300,8169,11789,6253,384,570,427,1298,,380,2474,t3_calmveil|t3_thornmail
standard,170,r1,red,top,坦克,dadi,standard,0,2,0,0,10449,24370,9938,420.6,8.99,16.36,22.54,3,1,1,2,3,76,476,191,347,3726,5626,7621,6253,988,,,190,,190,,t3_calmveil|t3_thornmail
standard,170,r2,red,jungle,戰士,leimingcf,standard,0,0,4,2,8615,17832,10126,428.6,9.17,16.89,22.8,3,1,1,2,3,68,626,974,526,4168,6106,8724,6253,475,,142,190,1472,190,,t3_finalstring|t3_shieldbreaker
standard,170,r3,red,mid,法師,xingjie,standard,0,0,7,1,14920,14141,9266,392.2,10.78,19.47,,2,0,1,2,2,1314,330,345,566,3574,5360,7995,6253,791,,285,665,,0,,t3_psyward
standard,170,r4,red,adc,射手,maestro,standard,0,6,8,1,19523,14819,12230,517.7,8.38,16.6,21.58,3,1,1,2,3,813,244,613,1250,4163,6044,9363,6253,734,1710,285,190,,190,,t3_shieldbreaker|t3_rendspear
standard,170,r5,red,sup,坦克,shiqiang,standard,0,1,1,2,8010,21005,11925,504.7,6.66,11.48,15.48,4,1,2,3,4,439,341,1025,144,4639,8021,10605,6253,430,570,142,665,,190,2354,t3_calmveil|t3_thornmail
standard,171,b1,blue,top,坦克,tixue,standard,1,0,4,0,10687,32187,10878,401.2,8.38,16.84,19.71,3,1,1,3,3,710,445,166,1288,3660,5845,8416,6253,693,,,1140,,329,,t3_calmveil|t3_thornmail
standard,171,b2,blue,jungle,刺客,jiansheng,standard,1,1,5,0,8589,14682,11955,440.9,8.72,18.32,23.83,3,1,1,2,3,571,205,686,1074,3771,5835,8166,6253,487,,,190,906,329,,t3_finalstring
standard,171,b3,blue,mid,法師,auralith,standard,1,2,7,0,21072,18770,11119,410,11.33,17.98,24.32,3,0,1,2,3,1514,145,349,488,3774,5655,8049,6253,959,570,,190,,76,,t3_psyward
standard,171,b4,blue,adc,射手,liuxing,standard,1,11,9,2,31749,15854,18313,675.4,10.83,17.93,19.5,5,0,1,3,5,1417,120,166,2713,3577,5800,10246,6253,687,2280,285,665,,76,,t3_shieldbreaker|t3_rendspear
standard,171,b5,blue,sup,坦克,stoneguard,standard,1,0,0,1,7513,29339,12546,462.7,7.7,13.43,17.91,4,1,2,3,4,756,531,610,766,4656,7031,9590,6253,364,,285,190,51,329,2116,t3_calmveil|t3_thornmail
standard,171,r1,red,top,坦克,tixue,standard,0,3,2,2,15456,29145,13915,513.2,10.45,13.97,20.98,4,0,2,2,4,2590,389,1240,1664,4220,6339,8530,6253,718,1140,,190,,228,,t3_calmveil|t3_thornmail
standard,171,r2,red,jungle,刺客,jiansheng,standard,0,1,4,1,8371,10623,12293,453.3,8.6,15.96,22.4,3,1,1,2,3,352,1452,348,1592,4252,6782,8778,6253,326,,285,190,1369,354,,t3_finalstring
standard,171,r3,red,mid,法師,auralith,standard,0,7,4,2,28846,17193,15932,587.5,10.76,18.31,22.13,4,0,1,2,4,1637,319,293,2582,3897,6519,8723,6253,1007,570,,665,,228,,t3_psyward
standard,171,r4,red,adc,射手,liuxing,standard,0,8,4,2,33883,13752,15289,563.8,7.53,15.58,21.48,4,1,1,2,4,78,1181,789,1439,4378,6981,9369,6253,861,1710,,190,,354,,t3_shieldbreaker|t3_rendspear
standard,171,r5,red,sup,坦克,stoneguard,standard,0,6,0,2,10623,27763,16762,618.2,7.24,11.56,16.78,5,1,2,4,5,228,762,53,3162,4728,8002,11653,6253,468,1140,285,665,,354,2486,t3_calmveil|t3_thornmail
standard,172,b1,blue,top,坦克,suishan,standard,0,0,3,0,8712,29600,9683,384.7,9.25,14.97,21.07,3,1,2,2,3,770,112,213,152,3720,5962,7843,6253,1038,,,475,,76,,t3_calmveil|t3_thornmail
standard,172,b2,blue,jungle,刺客,youming,standard,0,1,5,0,4697,11206,10213,405.8,9.38,18.07,23.33,3,1,1,2,3,697,297,838,463,3897,5877,7788,6253,285,,,,1174,76,,t3_finalstring
standard,172,b3,blue,mid,法師,xingjie,standard,0,1,2,0,15784,16282,9423,374.4,11.72,21.56,,2,0,1,1,2,1390,268,723,122,3650,5398,7203,6253,874,,,,,76,,t3_psyward
standard,172,b4,blue,adc,射手,shensheng,standard,0,5,9,0,18410,14133,12284,488.1,9.57,19.31,23.33,3,1,1,2,3,300,134,866,1134,3650,5334,7766,6253,855,570,,,11,76,,t3_shieldbreaker|t3_rendspear
standard,172,b5,blue,sup,輔助,mingyunyindao,standard,0,1,4,1,6815,19661,12457,495,6.44,12.58,16.28,4,1,2,3,4,192,261,266,1006,4492,6741,9306,6253,139,570,285,,28,76,1953,t3_calmveil
standard,172,r1,red,top,坦克,suishan,standard,1,2,0,0,14253,24146,12140,482.4,7.89,13.35,18.38,4,1,2,3,4,376,316,229,589,3926,6766,9559,6253,1045,1140,,665,,456,,t3_calmveil|t3_thornmail
standard,172,r2,red,jungle,刺客,youming,standard,1,6,0,1,12138,10980,14820,588.9,8.81,16.08,18.7,4,1,1,3,4,641,834,752,2070,3841,6414,10402,6253,202,1710,,190,1590,456,,t3_finalstring
standard,172,r3,red,mid,法師,xingjie,standard,1,5,4,0,21267,13894,13897,552.2,9.83,16.78,24.23,3,1,1,2,3,85,356,380,1697,3935,6586,8980,6253,1368,,,902,,456,,t3_psyward
standard,172,r4,red,adc,射手,shensheng,standard,1,9,4,1,25069,11685,14591,579.8,8.44,16.93,20.17,4,1,1,2,4,87,497,1058,740,4087,6177,9958,6253,494,2280,285,190,,456,,t3_shieldbreaker|t3_rendspear
standard,172,r5,red,sup,輔助,mingyunyindao,standard,1,1,0,2,7105,14458,14400,572.2,5.83,12.3,16.01,5,1,2,3,5,1217,1753,1810,1200,4617,8493,11240,6253,272,570,285,902,,456,2501,t3_calmveil
standard,173,b1,blue,top,戰士,greymantle,standard,0,1,4,0,9844,26537,9237,390.9,9.53,18.85,,2,1,1,2,2,443,184,312,637,3593,5664,7412,6253,551,,,285,,323,,t3_shieldbreaker|t3_finalstring
standard,173,b2,blue,jungle,刺客,yueying,standard,0,1,3,0,7169,12153,10502,444.4,8.84,15.48,23.02,3,1,1,2,3,833,1687,1110,852,4033,6617,8540,6253,326,,,285,1162,513,,t3_finalstring
standard,173,b3,blue,mid,法師,gambler,standard,0,3,4,1,16699,14023,11907,503.8,10.21,17.71,22.08,3,0,1,2,3,1659,120,722,656,3919,6320,8752,6253,1130,570,,285,,513,,t3_psyward
standard,173,b4,blue,adc,射手,liangzicz,standard,0,9,6,1,22422,11835,14609,618.1,8.95,14.51,18.45,4,1,2,3,4,446,292,108,1008,3796,7292,11358,6253,836,3420,,285,51,513,,t3_shieldbreaker|t3_rendspear
standard,173,b5,blue,sup,輔助,mingyun,standard,0,0,2,0,7510,20011,10933,462.6,7.35,12.82,17.03,4,1,2,3,4,409,775,248,232,4709,7515,9678,6253,310,,,285,,418,2411,t3_calmveil
standard,173,r1,red,top,戰士,greymantle,standard,1,9,1,1,21816,27802,15735,665.8,8.68,14.79,19.18,4,1,2,3,4,570,264,986,2755,3720,7064,11966,6253,867,3420,,1425,,0,,t3_shieldbreaker|t3_finalstring
standard,173,r2,red,jungle,刺客,yueying,standard,1,3,1,2,9451,13861,12067,510.6,8.86,15.43,18.92,3,1,1,3,3,769,1604,178,987,3969,7184,10308,6253,332,1710,570,,1442,0,,t3_finalstring
standard,173,r3,red,mid,法師,gambler,standard,1,1,3,1,15555,14010,9978,422.2,10.58,18.35,,2,0,1,2,2,1485,368,327,498,3745,5398,8457,6253,874,570,285,475,,0,,t3_psyward
standard,173,r4,red,adc,射手,liangzicz,standard,1,6,7,1,16115,10821,12727,538.5,9.19,17.25,22.23,3,1,1,2,3,927,339,509,927,4277,6019,9059,6253,905,1140,285,475,,0,,t3_shieldbreaker|t3_rendspear
standard,173,r5,red,sup,輔助,mingyun,standard,1,0,2,3,6128,15925,12505,529.1,5.86,12.6,18.2,4,1,2,3,4,241,566,463,1624,4541,6846,9343,6253,250,,285,,,0,2554,t3_calmveil
standard,174,b1,blue,top,戰士,ravager,standard,0,0,4,0,8969,24596,8640,395.4,9.32,18.56,,2,1,1,2,2,443,111,419,359,3593,5341,8049,6253,845,,,950,,0,,t3_shieldbreaker|t3_finalstring
standard,174,b2,blue,jungle,刺客,yeiren,standard,0,0,4,0,5171,11241,8415,385.1,8.57,18.65,,2,1,1,2,2,620,523,148,634,3820,5853,7628,6253,313,,,,1061,0,,t3_finalstring
standard,174,b3,blue,mid,法師,ronghuo,standard,0,0,6,0,8659,13960,8377,383.4,10.68,19.46,,2,0,1,2,2,1403,133,398,247,3663,5563,7748,6253,969,,,475,51,0,,t3_psyward
standard,174,b4,blue,adc,射手,xingchen,standard,0,0,5,0,10613,9271,7526,344.5,10.16,21.06,,2,0,1,1,2,1405,223,1238,526,3565,5303,6918,6253,665,,,,,0,,t3_shieldbreaker|t3_rendspear
standard,174,b5,blue,sup,坦克,tixue,standard,0,1,3,0,5475,21999,10544,482.6,6.57,13.03,15.57,3,1,2,3,3,1020,399,373,964,4620,7499,9953,6253,399,570,,475,,0,2256,t3_calmveil|t3_thornmail
standard,174,r1,red,top,戰士,ravager,standard,1,4,0,0,11612,18191,12810,586.3,8.98,16.22,20.18,3,1,1,2,3,405,875,2695,1780,3555,6405,11345,6253,665,1710,,2185,,532,,t3_shieldbreaker|t3_finalstring
standard,174,r2,red,jungle,刺客,yeiren,standard,1,1,0,5,6897,10837,11187,512,9.02,16.24,20.52,3,1,1,2,3,788,1246,1541,706,3988,6876,9921,6253,326,570,855,285,1100,532,,t3_finalstring
standard,174,r3,red,mid,法師,ronghuo,standard,1,6,0,0,18388,10910,12649,578.9,11.65,15.52,19.45,3,0,1,3,3,1523,608,416,1998,3783,7108,10766,6253,940,2280,,760,,532,,t3_psyward
standard,174,r4,red,adc,射手,xingchen,standard,1,9,1,4,27364,9159,14948,684.1,10.38,14.55,19.48,4,0,2,3,4,1937,156,884,1097,4097,7156,11364,6253,874,2850,570,285,,532,,t3_shieldbreaker|t3_rendspear
standard,174,r5,red,sup,坦克,tixue,standard,1,2,0,1,6476,15032,12471,570.8,7.16,14.03,17.66,4,1,2,4,4,180,681,428,871,4630,7461,11728,6253,348,1140,285,760,51,532,2358,t3_calmveil|t3_thornmail
standard,175,b1,blue,top,戰士,dadi2,standard,0,0,4,0,7781,28511,8804,381,8.66,17.82,,2,1,1,2,2,519,531,231,573,3669,5531,7811,6253,1007,,,475,,76,,t3_shieldbreaker|t3_finalstring
standard,175,b2,blue,jungle,刺客,duskblade,standard,0,1,7,0,5009,10829,9783,423.3,9.51,16.58,,2,1,1,2,2,833,280,900,1702,4033,5860,8630,6253,304,570,,,1427,76,,t3_finalstring
standard,175,b3,blue,mid,法師,gambler,standard,0,2,7,0,13696,15391,9963,431.1,11.07,16.98,,2,0,1,2,2,1428,277,731,1082,3688,6177,8381,6253,912,1140,,,,76,,t3_psyward
standard,175,b4,blue,adc,射手,liangzi,standard,0,4,10,1,17783,11758,10844,469.3,9.63,19.01,21.92,3,1,1,2,3,308,216,195,824,3658,5596,7515,6253,883,,285,,17,76,,t3_shieldbreaker|t3_rendspear
standard,175,b5,blue,sup,輔助,linghun,standard,0,1,2,1,4740,20114,11855,513,6.63,11.26,15.23,4,1,2,3,4,1219,1291,1110,405,5219,8031,10540,6253,427,570,,950,,76,2262,t3_calmveil
standard,175,r1,red,top,戰士,dadi2,standard,1,6,0,1,14742,24425,14361,621.5,8.64,12.18,16.58,4,1,2,3,4,9,858,641,911,5009,8258,11621,6253,1111,3420,285,95,,456,,t3_shieldbreaker|t3_finalstring
standard,175,r2,red,jungle,刺客,duskblade,standard,1,5,1,2,8144,11126,13389,579.4,8.65,14.5,20.07,4,1,2,2,4,889,412,2277,639,4089,7062,10607,6253,316,1710,570,95,1206,456,,t3_finalstring
standard,175,r3,red,mid,法師,gambler,standard,1,6,3,1,13505,12269,13345,577.5,10.43,16.16,20.92,3,0,1,2,3,1457,665,250,1144,3717,7165,9730,6253,1168,1140,142,570,,456,,t3_psyward
standard,175,r4,red,adc,射手,liangzi,standard,1,13,4,3,38889,10771,17078,739.1,9.09,15.74,19.18,4,1,1,4,4,604,2188,231,3228,3954,7868,13131,6253,437,5130,285,570,,456,,t3_shieldbreaker|t3_rendspear
standard,175,r5,red,sup,輔助,linghun,standard,1,0,0,5,4787,11529,13520,585.1,6.23,11.68,16.14,4,1,2,4,4,525,1164,631,2069,4525,7904,12081,6253,234,,997,1520,,456,2619,t3_calmveil
standard,176,b1,blue,top,戰士,ronggang,standard,1,3,2,0,11709,30616,11256,445.2,9.5,17.98,22.48,3,1,1,2,3,595,285,432,455,3745,5465,8182,6253,731,570,,475,,152,,t3_shieldbreaker|t3_finalstring
standard,176,b2,blue,jungle,刺客,binghe,standard,1,0,4,1,5234,10716,10167,402.1,9.13,17.92,,2,1,1,2,2,627,77,362,2086,3827,5657,7492,6253,180,,,,906,152,,t3_finalstring
standard,176,b3,blue,mid,法師,ronghuo,standard,1,3,4,1,20310,16788,12250,484.5,10.11,17.19,22.56,3,0,1,2,3,1849,82,77,1599,4109,5832,9157,6253,994,1140,142,475,,152,,t3_psyward
standard,176,b4,blue,adc,射手,shengyan,standard,1,10,6,1,23370,11409,15202,601.3,9.07,17.06,20.23,4,1,1,2,4,817,976,1112,1601,4167,6656,9962,6253,1083,2280,142,,51,152,,t3_shieldbreaker|t3_rendspear
standard,176,b5,blue,sup,輔助,shiguang,standard,1,1,4,3,7885,24019,13820,546.6,5.93,11.28,15.99,5,1,2,3,5,404,429,851,619,5254,7459,9891,6253,316,570,285,475,,152,1838,t3_calmveil
standard,176,r1,red,top,戰士,ronggang,standard,0,8,1,0,22123,27262,16962,670.9,9.45,13.86,17.97,5,1,2,3,5,595,126,802,1661,3745,7526,11782,6253,874,2850,,1330,,475,,t3_shieldbreaker|t3_finalstring
standard,176,r2,red,jungle,刺客,binghe,standard,0,1,1,1,3920,10458,11845,468.5,7.87,16.2,20.51,3,1,1,2,3,865,1674,1105,764,4065,6604,9435,6253,152,570,285,380,1319,475,,t3_finalstring
standard,176,r3,red,mid,法師,ronghuo,standard,0,2,6,1,21367,15549,11572,457.7,11.71,19.22,24.48,3,0,1,2,3,1371,235,442,922,3631,5835,7992,6253,836,,142,380,,380,,t3_psyward
standard,176,r4,red,adc,射手,shengyan,standard,0,8,7,1,24947,13143,14498,573.4,10.88,18.36,21.26,4,0,1,2,4,1338,322,952,1598,3498,5702,9502,6253,684,1710,,380,,475,,t3_shieldbreaker|t3_rendspear
standard,176,r5,red,sup,輔助,shiguang,standard,0,1,2,3,8372,18507,12961,512.6,6.52,12.01,15.07,4,1,2,4,4,202,1353,590,1510,4502,8093,10990,6253,190,570,427,380,14,475,2680,t3_calmveil
standard,177,b1,blue,top,戰士,jingci,standard,0,4,0,1,11881,22379,10418,522.4,6.92,15.83,18.71,3,1,1,,3,274,1217,,768,4904,6747,,,,,,,,,,t3_shieldbreaker|t3_finalstring
standard,177,b2,blue,jungle,刺客,shanying,standard,0,1,2,3,4724,11720,8932,447.9,8.46,15.82,,2,1,1,,2,691,792,,552,3891,6422,,,,,,,,,,t3_finalstring
standard,177,b3,blue,mid,法師,gambler,standard,0,1,4,2,10640,12532,8658,434.1,10.48,18.44,,2,0,1,,2,1561,410,,807,3821,5740,,,,,,,,,,t3_psyward
standard,177,b4,blue,adc,射手,mirrorshot,standard,0,2,5,1,11020,7952,8772,439.9,8.91,18.87,,2,1,1,,2,652,237,,1451,4002,5617,,,,,,,,,,t3_shieldbreaker|t3_rendspear
standard,177,b5,blue,sup,坦克,dadi,standard,0,1,0,1,3078,15023,10468,524.9,6.35,12.94,17.33,3,1,2,,3,455,265,,487,4655,7505,,,,,,,,,,t3_calmveil|t3_thornmail
standard,177,r1,red,top,戰士,jingci,standard,1,1,1,0,9518,19287,9146,458.6,8.4,16.94,,2,1,1,,2,659,455,,495,3809,5985,,,,,,,,,,t3_shieldbreaker|t3_finalstring
standard,177,r2,red,jungle,刺客,shanying,standard,1,0,1,0,3427,9238,8218,412.1,9.03,17.02,,2,1,1,,2,577,263,,738,3777,5893,,,,,,,,,,t3_finalstring
standard,177,r3,red,mid,法師,gambler,standard,1,3,2,0,17581,10878,10637,533.4,10.43,17.48,,2,0,1,,2,1517,329,,1156,3777,6829,,,,,,,,,,t3_psyward
standard,177,r4,red,adc,射手,mirrorshot,standard,1,6,2,2,13920,8856,12477,625.7,11.91,15.43,18.36,3,0,1,,3,2032,1735,,1096,4192,7415,,,,,,,,,,t3_shieldbreaker|t3_rendspear
standard,177,r5,red,sup,坦克,dadi,standard,1,1,3,0,4035,15984,9550,478.9,6.93,12.33,18.17,3,1,2,,3,85,447,,350,4585,7687,,,,,,,,,,t3_calmveil|t3_thornmail
standard,178,b1,blue,top,戰士,longyi,standard,0,3,0,0,13352,22684,11404,499.3,7.18,13.52,20.39,3,1,2,2,3,440,465,1169,374,4290,7615,9819,6253,848,1710,,665,,342,,t3_shieldbreaker|t3_finalstring
standard,178,b2,blue,jungle,刺客,dianguang,standard,0,1,2,0,7123,13236,9626,421.4,8.57,17.24,,2,1,1,2,2,636,450,371,1245,3836,6080,8451,6253,240,570,,190,855,342,,t3_finalstring
standard,178,b3,blue,mid,法師,ronghuo,standard,0,1,6,0,10305,13407,9092,398.1,11.15,20.1,,2,0,1,1,2,1498,41,1115,192,3758,5791,7615,6253,1019,,,190,,152,,t3_psyward
standard,178,b4,blue,adc,射手,hanbing,standard,0,7,4,0,19697,9689,12367,541.4,10.44,15.72,19.27,3,0,1,3,3,1509,649,281,1166,3669,6329,10281,6253,646,2850,,190,,342,,t3_shieldbreaker|t3_rendspear
standard,178,b5,blue,sup,坦克,ironclad,standard,0,1,2,2,8322,21287,12013,525.9,6.65,12.38,15.72,4,1,2,3,4,747,1099,486,413,5247,8339,10466,6253,247,570,570,190,51,342,2242,t3_calmveil|t3_thornmail
standard,178,r1,red,top,戰士,longyi,standard,1,2,0,0,12976,24646,11227,491.5,9.45,15.28,19.43,3,1,1,3,3,576,1274,460,676,3726,6804,10110,6253,1102,1140,,1425,,190,,t3_shieldbreaker|t3_finalstring
standard,178,r2,red,jungle,刺客,dianguang,standard,1,5,2,2,14171,14225,13260,580.5,8.75,15.9,18.68,4,1,1,3,4,9,1081,125,460,4209,6711,11255,6253,171,2280,570,,1790,190,,t3_finalstring
standard,178,r3,red,mid,法師,ronghuo,standard,1,3,4,1,17129,12651,11445,501.1,11.25,17.46,,2,0,1,2,2,1409,363,246,1965,3669,6263,8676,6253,1045,570,142,475,,190,,t3_psyward
standard,178,r4,red,adc,射手,hanbing,standard,1,3,6,1,11921,9800,10134,443.7,10.11,19.01,,2,0,1,2,2,1272,227,141,1234,3432,5427,8391,6253,522,1140,285,,,190,,t3_shieldbreaker|t3_rendspear
standard,178,r5,red,sup,坦克,ironclad,standard,1,1,1,3,5654,17657,12451,545.1,7.08,12.97,17.7,4,1,2,3,4,335,234,898,250,4535,7014,10878,6253,237,570,712,475,,0,2629,t3_calmveil|t3_thornmail
standard,179,b1,blue,top,戰士,chichuan,standard,0,1,1,0,9830,29049,10668,412.2,8.84,18.28,23.65,3,1,1,2,3,719,361,706,468,3869,5541,8106,6253,731,,,950,,171,,t3_shieldbreaker|t3_finalstring
standard,179,b2,blue,jungle,刺客,wuxing,standard,0,3,8,1,7111,17373,11794,455.7,8.46,15.83,21.02,3,1,1,2,3,657,1466,1088,714,3857,6396,9418,6253,240,1710,,,1043,171,,t3_finalstring
standard,179,b3,blue,mid,法師,haixiao,standard,0,1,6,0,11715,16037,9490,366.6,10.2,19.98,,2,0,1,2,2,1751,196,224,490,4011,5826,7574,6253,674,570,,,,76,,t3_psyward
standard,179,b4,blue,adc,射手,xuanfeng,standard,0,11,10,0,32601,14247,16397,633.5,10.03,15.96,21.28,5,0,1,2,5,1699,1029,1020,796,3859,6709,9920,6253,836,1710,,950,,171,,t3_shieldbreaker|t3_rendspear
standard,179,b5,blue,sup,輔助,xuemai,standard,0,0,3,3,7699,19465,11879,458.9,6.32,12.63,16.85,4,1,2,3,4,362,336,485,428,4662,7066,9525,6253,367,,570,,51,171,2112,t3_calmveil
standard,179,r1,red,top,戰士,chichuan,standard,1,3,1,0,12443,26577,12084,466.8,8.5,17.36,25.19,3,1,1,2,3,519,849,305,683,3669,6329,8305,6253,798,570,,380,,304,,t3_shieldbreaker|t3_finalstring
standard,179,r2,red,jungle,刺客,wuxing,standard,1,3,3,1,10238,11989,13482,520.9,8.25,15.77,19.74,4,1,1,3,4,432,1438,179,732,4282,7018,9829,6253,228,1140,,380,1524,304,,t3_finalstring
standard,179,r3,red,mid,法師,haixiao,standard,1,11,4,0,27889,14837,17907,691.8,8.53,17.63,20.05,4,1,1,2,4,579,390,1039,3507,4429,6890,10519,6253,1159,1710,,1092,,304,,t3_psyward
standard,179,r4,red,adc,射手,xuanfeng,standard,1,11,6,1,25674,12464,16305,629.9,8.06,17.62,21.28,5,1,1,2,5,813,652,1175,704,4163,6332,10075,6253,715,2280,142,380,,304,,t3_shieldbreaker|t3_rendspear
standard,179,r5,red,sup,輔助,xuemai,standard,1,0,2,6,6641,16537,14145,546.5,7.08,13.72,17.68,4,1,2,3,4,544,832,1259,2694,4544,7572,10689,6253,215,,712,617,,304,2586,t3_calmveil
standard,180,b1,blue,top,戰士,dushe,standard,1,0,1,0,13594,20720,9210,443.9,8.46,18.13,,2,1,1,2,2,690,533,487,560,3840,6063,8837,6253,912,,,1140,,532,,t3_shieldbreaker|t3_finalstring
standard,180,b2,blue,jungle,刺客,voidrift,standard,1,0,2,0,5414,8698,8773,422.8,9.38,16.9,,2,1,1,2,2,731,1487,658,993,3931,6337,8438,6253,522,,,190,940,532,,t3_finalstring
standard,180,b3,blue,mid,法師,leiming,standard,1,4,2,1,14754,11279,11481,553.3,10.72,16.98,19.93,3,0,1,3,3,1400,405,131,180,3660,6605,10481,6253,1035,1710,285,665,,532,,t3_psyward
standard,180,b4,blue,adc,射手,phantom,standard,1,6,3,1,15979,10731,12811,617.4,9.07,17.18,19.78,3,1,1,3,3,319,801,106,1010,3669,6481,11906,6253,608,2850,285,1377,,532,,t3_shieldbreaker|t3_rendspear
standard,180,b5,blue,sup,坦克,longji,standard,1,2,0,1,5630,15766,11557,556.9,6.73,11.98,16.02,3,1,2,3,3,447,495,1223,1576,5247,7735,11203,6253,380,1140,285,902,,532,1710,t3_calmveil|t3_thornmail
standard,180,r1,red,top,戰士,dushe,standard,0,2,1,0,13624,24486,11459,552.2,8.53,17.16,,2,1,1,2,2,199,432,194,2809,4049,5962,8844,6253,1399,1140,,,51,0,,t3_shieldbreaker|t3_finalstring
standard,180,r2,red,jungle,刺客,voidrift,standard,0,0,3,1,4318,9517,8820,425.1,8.48,16.96,,2,1,1,2,2,464,656,363,440,4364,6286,8443,6253,152,,285,,1753,0,,t3_finalstring
standard,180,r3,red,mid,法師,leiming,standard,0,0,5,2,10276,12258,8602,414.6,9.96,19.09,,2,1,1,2,2,114,619,474,272,3964,5769,8324,6253,1168,,427,475,,0,,t3_psyward
standard,180,r4,red,adc,射手,phantom,standard,0,5,3,0,16681,10298,10787,519.9,9.77,16.81,,2,1,1,2,2,414,345,519,1937,3764,6025,9369,6253,1168,1710,,237,,0,,t3_shieldbreaker|t3_rendspear
standard,180,r5,red,sup,坦克,longji,standard,0,1,0,2,5496,17374,10686,515,7.93,12.98,17.63,3,1,2,3,3,352,177,181,705,4552,7117,10161,6253,443,570,142,712,68,0,1971,t3_calmveil|t3_thornmail
standard,181,b1,blue,top,戰士,fengbao,standard,0,1,3,0,12071,24834,9221,412.9,8.31,17.14,,2,1,1,2,2,576,583,468,991,3726,6063,7868,6253,988,,,475,,152,,t3_shieldbreaker|t3_finalstring
standard,181,b2,blue,jungle,戰士,hunpo,standard,0,0,4,0,4990,11670,8688,389,10.13,19.6,,2,0,1,2,2,1715,676,264,587,3925,5956,7764,6253,399,,,,959,152,,t3_psyward
standard,181,b3,blue,mid,法師,haixiao,standard,0,0,8,0,15630,13726,8632,386.5,10.57,20.52,,2,0,1,1,2,1580,252,912,32,3840,5702,7412,6253,1007,,,,,152,,t3_psyward
standard,181,b4,blue,adc,射手,yanfeng,standard,0,3,2,0,12256,9646,10197,456.6,10.13,17.35,21.28,3,0,1,2,3,1474,447,332,177,3634,6127,8882,6253,810,1140,,475,51,152,,t3_shieldbreaker|t3_rendspear
standard,181,b5,blue,sup,坦克,thornwall,standard,0,0,4,0,3359,21694,10050,450,6.88,12.85,19.13,3,1,2,3,3,306,792,205,350,4706,7072,9305,6253,367,,,475,51,152,2006,t3_calmveil|t3_thornmail
standard,181,r1,red,top,戰士,fengbao,standard,1,5,0,1,12108,21219,11957,535.4,9.4,14.97,21.68,3,1,2,2,3,472,90,921,557,3622,6890,9521,6253,750,1710,142,285,,380,,t3_shieldbreaker|t3_finalstring
standard,181,r2,red,jungle,戰士,hunpo,standard,1,1,1,5,12103,9118,12141,543.6,10.15,15.89,,2,0,1,2,2,1820,1015,930,2711,4030,7465,10360,6253,209,570,855,285,1808,380,,t3_psyward
standard,181,r3,red,mid,法師,haixiao,standard,1,1,1,1,10396,12048,10133,453.7,10.2,18.24,,2,0,1,2,2,1580,292,232,653,3840,5892,8562,6253,931,570,142,285,,380,,t3_psyward
standard,181,r4,red,adc,射手,yanfeng,standard,1,11,1,1,29733,10222,16046,718.5,9.72,17.71,19.15,4,1,1,3,4,303,804,2027,2195,3653,6484,12507,6253,839,3990,285,760,,380,,t3_shieldbreaker|t3_rendspear
standard,181,r5,red,sup,坦克,thornwall,standard,1,3,1,3,6403,17198,13371,598.7,7.14,11.32,16.02,4,1,2,4,4,113,981,252,1871,4513,8161,11752,6253,576,1710,285,760,,380,1787,t3_calmveil|t3_thornmail
standard,182,b1,blue,top,戰士,rongyan,standard,1,0,4,2,11009,28580,11408,454.9,9.71,18.81,22.69,3,1,1,2,3,595,279,332,607,3745,5759,8932,6253,684,,,1615,,380,,t3_shieldbreaker|t3_finalstring
standard,182,b2,blue,jungle,戰士,leimingcf,standard,1,7,1,1,16198,17864,15102,602.3,8.71,15.71,20.6,4,1,1,2,4,918,2171,1391,1702,4018,7301,9941,6253,712,1140,,427,932,475,,t3_shieldbreaker|t3_finalstring
standard,182,b3,blue,mid,法師,leiming,standard,1,4,1,1,22926,15919,13568,541.1,10.13,15.53,23.91,3,0,1,2,3,1618,707,701,1487,3878,7207,10101,6253,994,1140,285,902,51,475,,t3_psyward
standard,182,b4,blue,adc,射手,siwang,standard,1,12,8,0,34459,12620,16500,658,7.83,14.32,20.08,5,1,2,2,5,845,1002,2465,900,4195,8002,11365,6253,525,3420,,665,26,475,,t3_shieldbreaker|t3_rendspear
standard,182,b5,blue,sup,輔助,shengming,standard,1,0,0,1,7738,14855,12192,486.2,6.99,11.83,16.61,4,1,2,3,4,1204,809,498,811,4604,7359,9248,6253,237,,,190,,475,2091,t3_calmveil
standard,182,r1,red,top,戰士,rongyan,standard,0,3,3,1,12552,30253,12797,510.3,8.51,15.71,20.84,4,1,1,2,4,614,545,2433,96,3764,6025,10663,6253,988,1710,142,1425,68,76,,t3_shieldbreaker|t3_finalstring
standard,182,r2,red,jungle,戰士,leimingcf,standard,0,1,2,1,12077,21326,10738,428.2,8.81,16.64,23.25,3,1,1,2,3,102,564,634,588,4152,5994,8814,6253,323,570,285,,1306,76,,t3_shieldbreaker|t3_finalstring
standard,182,r3,red,mid,法師,leiming,standard,0,3,5,1,23064,17594,12462,497,10.13,17.45,23,3,0,1,2,3,1713,140,342,362,3973,5740,9322,6253,1235,1140,142,475,,76,,t3_psyward
standard,182,r4,red,adc,射手,siwang,standard,0,7,9,0,19773,10930,12880,513.7,9.41,20.08,23.28,3,1,1,1,3,205,552,1951,1500,3555,5332,7631,6253,731,570,,,,76,,t3_shieldbreaker|t3_rendspear
standard,182,r5,red,sup,輔助,shengming,standard,0,0,4,0,6235,17535,11281,449.9,7.65,11.98,17.38,4,1,2,3,4,1425,654,1500,880,4525,6834,9660,6253,218,,,950,,76,2162,t3_calmveil
standard,183,b1,blue,top,戰士,embercoil,standard,1,1,0,1,10177,24579,10035,439,9.02,16.84,,2,1,1,2,2,633,1020,932,1435,3783,6500,8932,6253,988,570,285,380,,456,,t3_shieldbreaker|t3_finalstring
standard,183,b2,blue,jungle,戰士,fengbao,standard,1,0,2,1,8990,15899,10281,449.8,8.22,16.25,22.08,3,1,1,2,3,882,1618,1072,731,3982,6568,8722,6253,237,,,617,1158,456,,t3_shieldbreaker|t3_finalstring
standard,183,b3,blue,mid,法師,haixiao,standard,1,10,1,0,24430,14767,15308,669.7,10.07,15.94,19.88,3,0,1,3,3,1609,1036,159,3227,3869,7536,10709,6253,1102,2280,,617,,456,,t3_psyward
standard,183,b4,blue,adc,射手,maestro,standard,1,5,4,1,19561,10851,12372,541.2,9.91,16.47,21.45,3,1,1,2,3,186,896,1009,992,4486,6576,9559,6253,1045,1140,285,380,,456,,t3_shieldbreaker|t3_rendspear
standard,183,b5,blue,sup,輔助,fengshen,standard,1,0,1,3,6128,16236,12059,527.6,6.78,12.26,16.2,4,1,2,3,4,2082,904,1156,1098,4582,7384,10386,6253,275,,285,1330,,456,1786,t3_calmveil
standard,183,r1,red,top,戰士,embercoil,standard,0,2,2,0,12063,23330,10083,441.1,9.22,17.65,22.18,3,1,1,2,3,519,1076,336,483,3669,5956,7736,6253,905,,,475,26,76,,t3_shieldbreaker|t3_finalstring
standard,183,r2,red,jungle,戰士,fengbao,standard,0,0,1,2,10980,16998,9224,403.5,8.2,18.69,,2,1,1,2,2,866,903,328,1043,3966,5853,7678,6253,285,,,,1064,76,,t3_shieldbreaker|t3_finalstring
standard,183,r3,red,mid,法師,haixiao,standard,0,0,4,0,16646,14413,8775,383.9,10.12,19.38,,2,0,1,2,2,1808,372,213,364,4068,5702,7843,6253,1038,,,475,,76,,t3_psyward
standard,183,r4,red,adc,射手,maestro,standard,0,6,7,0,19451,12673,11745,513.8,10.71,16.97,21.45,3,0,1,2,3,1433,398,972,765,3593,5778,9122,6253,608,1710,,475,,76,,t3_shieldbreaker|t3_rendspear
standard,183,r5,red,sup,輔助,fengshen,standard,0,0,2,2,4948,15898,10331,452,6.19,12.81,16.46,3,1,2,3,3,601,151,540,1291,4601,6881,9000,6253,316,,285,,16,76,2053,t3_calmveil
standard,184,b1,blue,top,戰士,cinderfist,standard,0,3,3,0,12788,24283,11572,473.3,7.8,17.66,20.86,3,1,1,2,3,956,457,1032,722,4106,5987,9312,6253,722,1710,,475,,152,,t3_shieldbreaker|t3_finalstring
standard,184,b2,blue,jungle,戰士,anliuyouXia,standard,0,0,5,0,10324,17892,9802,400.9,9.43,17.87,24.38,3,1,1,2,3,795,456,363,202,3895,5936,7943,6253,338,,,,1199,152,,t3_shieldbreaker|t3_finalstring
standard,184,b3,blue,mid,法師,leiming,standard,0,4,3,0,23307,16705,11566,473,10.27,20.56,22.36,3,0,1,1,3,1567,217,1471,315,3827,5727,7551,6253,1146,,,,,152,,t3_psyward
standard,184,b4,blue,adc,射手,liuxing,standard,0,6,6,3,20429,11025,13051,533.8,10.04,16.05,19.23,4,0,1,3,4,1458,275,302,51,3618,5955,10002,6253,747,2850,,,,152,,t3_shieldbreaker|t3_rendspear
standard,184,b5,blue,sup,坦克,suishan,standard,0,0,3,0,8472,24001,11661,477,7.39,12.58,16.66,4,1,2,3,4,500,1088,747,301,4700,7588,9727,6253,275,,,475,51,152,2520,t3_calmveil|t3_thornmail
standard,184,r1,red,top,戰士,cinderfist,standard,1,3,1,0,14120,29950,12054,493,8.85,16.97,21.44,3,1,1,2,3,684,793,989,1204,3834,6323,9639,6253,1244,1140,,570,51,380,,t3_shieldbreaker|t3_finalstring
standard,184,r2,red,jungle,戰士,anliuyouXia,standard,1,6,0,0,13584,15950,14374,587.9,8.83,15.42,17.43,4,1,1,3,4,985,1964,551,1393,4085,7444,11951,6253,209,2850,,570,1688,380,,t3_shieldbreaker|t3_finalstring
standard,184,r3,red,mid,法師,leiming,standard,1,1,6,2,11587,14142,10891,445.5,11.29,18.13,,2,0,1,2,2,1495,277,607,1491,3755,6177,8457,6253,1016,,427,570,,190,,t3_psyward
standard,184,r4,red,adc,射手,liuxing,standard,1,9,6,1,23191,11445,15008,613.8,9.09,16.52,19.57,4,1,1,3,4,528,1257,1079,1158,3878,6937,11079,6253,931,2850,285,570,,190,,t3_shieldbreaker|t3_rendspear
standard,184,r5,red,sup,坦克,suishan,standard,1,1,0,4,9799,24851,13397,547.9,7.05,12.35,16.95,4,1,2,3,4,267,819,1040,1196,5067,8059,11020,6253,247,570,427,570,,380,2571,t3_calmveil|t3_thornmail
standard,185,b1,blue,top,戰士,leimingcf,standard,0,2,5,0,8600,30929,9926,420.4,9.01,16.85,22.98,3,1,1,2,3,652,602,544,326,3802,6082,8774,6253,829,1140,,475,,76,,t3_shieldbreaker|t3_finalstring
standard,185,b2,blue,jungle,戰士,embercoil,standard,0,1,5,1,6718,18589,10048,425.6,8.3,15.53,,2,1,1,2,2,863,1292,453,1867,3963,6722,8633,6253,456,570,285,,992,76,,t3_shieldbreaker|t3_finalstring
standard,185,b3,blue,mid,法師,mingyun2,standard,0,0,3,0,15758,15492,10192,431.7,10.58,18.31,,2,0,1,2,2,1561,391,1120,892,3821,5721,8470,6253,1190,,,950,,76,,t3_psyward
standard,185,b4,blue,adc,射手,shensheng,standard,0,2,6,1,18973,11953,10340,438,8.77,17.48,22.27,3,1,1,2,3,436,458,948,319,3786,5838,8568,6253,908,570,285,475,,76,,t3_shieldbreaker|t3_rendspear
standard,185,b5,blue,sup,輔助,mingyunyindao,standard,0,1,5,0,6538,18553,10788,457,5.73,11.39,16.25,4,1,2,3,4,868,353,452,388,5168,7383,9492,6253,262,570,,475,,76,1854,t3_calmveil
standard,185,r1,red,top,戰士,leimingcf,standard,1,7,0,0,13890,24113,14537,615.7,9.23,14.22,19.28,4,1,2,3,4,519,535,128,1556,3669,7935,11108,6253,1035,2850,,475,,494,,t3_shieldbreaker|t3_finalstring
standard,185,r2,red,jungle,戰士,embercoil,standard,1,2,0,1,14467,19099,12234,518.2,7.46,13.39,18.42,3,1,2,3,3,180,1016,244,1303,4230,8066,10574,6253,408,1140,142,475,1660,494,,t3_shieldbreaker|t3_finalstring
standard,185,r3,red,mid,法師,mingyun2,standard,1,4,2,1,17228,12778,12051,510.5,10.53,17.66,21.73,3,0,1,2,3,1438,40,969,1500,3698,5940,9949,6253,826,1710,285,475,,399,,t3_psyward
standard,185,r4,red,adc,射手,shensheng,standard,1,10,4,3,33849,9271,16430,696,9.71,17.24,19.27,4,1,1,3,4,414,763,471,2580,3764,6443,10471,6253,779,2280,285,475,,399,,t3_shieldbreaker|t3_rendspear
standard,185,r5,red,sup,輔助,mingyunyindao,standard,1,1,0,4,6932,13077,13480,571,7.39,11.46,14.72,4,1,3,3,4,1319,166,954,2099,5019,7866,10184,6253,142,570,427,475,,494,1821,t3_calmveil
standard,186,b1,blue,top,戰士,jufeng,standard,0,1,0,0,8722,20609,8012,391.6,8.46,17.9,,2,1,1,2,2,538,228,765,311,3688,5408,7865,6253,712,570,,,,329,,t3_shieldbreaker|t3_finalstring
standard,186,b2,blue,jungle,戰士,hunpo,standard,0,0,4,0,4071,9484,8160,398.9,10.31,19.68,,2,0,1,2,2,1572,365,564,710,3782,5865,8014,6253,437,,,,994,329,,t3_psyward
standard,186,b3,blue,mid,法師,bingshuang,standard,0,1,3,1,9636,11509,8309,406.2,10.85,20.13,,2,0,1,1,2,1504,384,1713,329,3764,5664,8163,6253,1121,570,142,,,76,,t3_psyward
standard,186,b4,blue,adc,射手,liangzicz,standard,0,9,2,1,12291,8614,13306,650.4,7.53,14.89,16.89,4,1,2,3,4,2153,144,1742,406,5503,7764,13122,6253,902,5130,285,475,,76,,t3_shieldbreaker|t3_rendspear
standard,186,b5,blue,sup,輔助,mingyun,standard,0,0,0,3,4523,12342,9591,468.8,6.77,12.82,17.9,3,1,2,3,3,516,385,494,640,4516,6825,9444,6253,285,,712,,,329,1863,t3_calmveil
standard,186,r1,red,top,戰士,jufeng,standard,1,3,1,0,11194,22139,10246,500.8,8.65,14.43,19.71,3,1,2,3,3,327,905,309,645,4427,7705,9909,6253,1035,1710,,665,17,228,,t3_shieldbreaker|t3_finalstring
standard,186,r2,red,jungle,戰士,hunpo,standard,1,2,2,1,4071,8185,9869,482.4,10.19,16.89,,2,0,1,2,2,1690,950,309,488,3900,6750,9389,6253,152,1140,,190,1426,228,,t3_psyward
standard,186,r3,red,mid,法師,bingshuang,standard,1,4,3,2,13023,12116,11891,581.2,10.06,17.29,,2,0,1,2,2,1628,563,1554,2460,3888,7013,10984,6253,1225,1710,427,1140,,228,,t3_psyward
standard,186,r4,red,adc,射手,liangzicz,standard,1,0,4,0,3555,8627,8290,405.2,10.18,20.08,,2,0,1,1,2,1462,313,2274,340,3622,5693,7954,6253,807,,,665,,228,,t3_shieldbreaker|t3_rendspear
standard,186,r5,red,sup,輔助,mingyun,standard,1,0,1,2,5209,13401,10020,489.8,5.68,12.28,17.18,3,1,2,3,3,263,597,661,1140,4563,7337,9541,6253,123,,142,190,,228,2603,t3_calmveil
standard,187,b1,blue,top,戰士,ronggang,standard,0,1,1,1,14452,26263,10511,449,9.09,16.44,22.42,3,1,1,2,3,902,992,146,381,4052,6522,8796,6253,937,570,142,665,,228,,t3_shieldbreaker|t3_finalstring
standard,187,b2,blue,jungle,戰士,ravager,standard,0,0,0,2,6596,15057,9836,420.2,8.84,16.15,23.23,3,1,1,2,3,1076,974,181,235,4176,6454,8481,6253,446,,285,190,1078,228,,t3_shieldbreaker|t3_finalstring
standard,187,b3,blue,mid,法師,mingyun2,standard,0,2,2,1,14310,14438,10698,457,11.05,18.62,23.23,3,0,1,2,3,1523,72,235,148,3783,6272,8565,6253,848,570,,665,,228,,t3_psyward
standard,187,b4,blue,adc,射手,leiting,standard,0,8,4,0,25163,10880,13182,563.1,9.86,16.5,20.4,4,1,1,2,4,443,507,1256,282,3793,6187,10156,6253,617,2850,,190,17,228,,t3_shieldbreaker|t3_rendspear
standard,187,b5,blue,sup,坦克,tixue,standard,0,2,4,1,7268,19898,12428,530.9,7.42,11.99,16.96,4,1,2,3,4,1354,1206,600,228,5254,7866,10580,6253,227,570,142,665,,228,2493,t3_calmveil|t3_thornmail
standard,187,r1,red,top,戰士,ronggang,standard,1,2,1,0,12674,25397,10931,467,7.92,16.76,20.7,3,1,1,2,3,182,588,489,500,4332,6118,9139,6253,722,570,,1235,17,342,,t3_shieldbreaker|t3_finalstring
standard,187,r2,red,jungle,戰士,ravager,standard,1,3,2,1,12012,20634,11986,512,9.25,15.98,20.68,3,1,1,2,3,857,1199,715,585,3957,6679,9315,6253,576,570,,285,1288,342,,t3_shieldbreaker|t3_finalstring
standard,187,r3,red,mid,法師,mingyun2,standard,1,3,3,0,23841,13814,11908,508.7,11.13,17.8,,2,0,1,2,2,1453,340,302,2507,3713,6240,9052,6253,1032,1140,,285,,342,,t3_psyward
standard,187,r4,red,adc,射手,leiting,standard,1,2,6,0,14613,9884,9742,416.2,9.81,19.46,,2,1,1,2,2,363,261,988,841,3713,5461,7988,6253,728,570,,285,,152,,t3_shieldbreaker|t3_rendspear
standard,187,r5,red,sup,坦克,tixue,standard,1,1,1,2,7122,20773,11828,505.3,7.73,12.77,17.25,4,1,2,3,4,449,382,161,527,4649,7622,10141,6253,285,570,,285,,342,2405,t3_calmveil|t3_thornmail
standard,188,b1,blue,top,戰士,jingci,standard,0,4,1,1,23782,31120,14790,520.6,7.14,14.83,19.42,4,1,2,3,4,374,334,935,1289,4524,7184,10585,6253,988,2280,,665,,399,,t3_shieldbreaker|t3_finalstring
standard,188,b2,blue,jungle,戰士,xueyue,standard,0,2,3,1,19680,23310,12913,454.6,8.88,17.43,24.61,4,1,1,2,4,772,2102,374,413,3872,6202,8074,6253,408,,,190,823,399,,t3_shieldbreaker|t3_finalstring
standard,188,b3,blue,mid,法師,bingshuang,standard,0,3,6,1,32821,20603,13054,459.5,10.63,19.17,26.53,3,0,1,2,3,1637,349,907,974,3897,5949,8457,6253,855,,285,665,,399,,t3_psyward
standard,188,b4,blue,adc,射手,liangzi,standard,0,12,10,0,42741,16368,18434,648.9,10.6,16.99,20.35,5,0,1,2,5,1430,646,1785,2834,3590,6326,10335,6253,927,1710,,1140,,304,,t3_shieldbreaker|t3_rendspear
standard,188,b5,blue,sup,坦克,tieshixin,standard,0,1,4,2,9562,26083,13166,463.5,7.08,12.46,20.02,4,1,2,2,4,1695,337,1766,986,4595,7277,9006,6253,240,,,190,,399,1923,t3_calmveil|t3_thornmail
standard,188,r1,red,top,戰士,jingci,standard,1,4,2,0,18865,37829,13907,489.5,8.82,15.49,21.53,4,1,1,2,4,209,1322,596,406,4059,6852,9246,6253,1136,1140,,475,51,190,,t3_shieldbreaker|t3_finalstring
standard,188,r2,red,jungle,戰士,xueyue,standard,1,2,1,3,20182,25675,13471,474.2,8.99,17.46,23.15,4,1,1,2,4,860,589,517,491,3960,6069,9117,6253,326,570,285,,1492,190,,t3_shieldbreaker|t3_finalstring
standard,188,r3,red,mid,法師,bingshuang,standard,1,5,7,2,21982,20275,14593,513.7,10.9,19.01,26.28,4,0,1,2,4,1526,238,487,1243,3786,5838,8337,6253,991,570,285,237,,0,,t3_psyward
standard,188,r4,red,adc,射手,liangzi,standard,1,13,11,1,42214,15453,18573,653.8,8.38,16.88,20.35,5,1,1,2,5,308,974,1980,2972,4308,6654,10530,6253,921,2280,142,712,30,190,,t3_shieldbreaker|t3_rendspear
standard,188,r5,red,sup,坦克,tieshixin,standard,1,0,1,6,14106,31202,13249,466.4,7.19,12.53,19.4,4,1,2,3,4,455,330,355,1048,4655,7270,9255,6253,462,,427,,,190,1922,t3_calmveil|t3_thornmail
standard,189,b1,blue,top,戰士,longyi,standard,1,3,2,0,14606,30233,12288,489.1,9.07,16.48,20.7,3,1,1,2,3,728,707,813,888,3878,6187,9113,6253,1111,570,,760,,418,,t3_shieldbreaker|t3_finalstring
standard,189,b2,blue,jungle,戰士,jufeng,standard,1,3,1,1,10663,19285,12529,498.7,9.07,18.01,19.13,3,1,1,3,3,46,1994,636,1178,4276,7424,10186,6253,223,1710,,285,1296,418,,t3_shieldbreaker|t3_finalstring
standard,189,b3,blue,mid,法師,mingyun2,standard,1,4,3,1,21175,15671,12773,508.4,10.54,17.27,22.2,3,0,1,2,3,1704,391,527,692,3964,6291,9027,6253,1216,570,285,285,,418,,t3_psyward
standard,189,b4,blue,adc,射手,shengyan,standard,1,4,6,0,22087,10290,11553,459.8,10.57,20.08,23.68,3,0,1,1,3,1393,261,1557,1252,3553,5641,7237,6253,437,,,285,34,228,,t3_shieldbreaker|t3_rendspear
standard,189,b5,blue,sup,輔助,huanjing,standard,1,0,4,3,6789,19899,12989,517,8.13,13.23,16.23,4,1,2,3,4,911,332,759,1608,4611,7362,9509,6253,356,,285,285,,418,1911,t3_calmveil
standard,189,r1,red,top,戰士,longyi,standard,0,3,1,1,16643,30965,13621,542.1,9.21,17.29,21.13,4,1,1,2,4,700,664,427,641,3850,5664,9027,6253,1083,1140,,475,,76,,t3_shieldbreaker|t3_finalstring
standard,189,r2,red,jungle,戰士,jufeng,standard,0,2,0,2,12622,18087,12417,494.2,8.82,16.49,20.4,3,1,1,2,3,1033,1568,983,1066,4133,6998,9533,6253,513,570,285,,1835,76,,t3_shieldbreaker|t3_finalstring
standard,189,r3,red,mid,法師,mingyun2,standard,0,3,3,0,20093,14397,11652,463.7,10.83,20.7,24.25,3,0,1,1,3,1333,381,1254,321,3593,5531,7754,6253,950,,,475,,76,,t3_psyward
standard,189,r4,red,adc,射手,shengyan,standard,0,6,9,0,21743,12313,12174,484.5,10.18,21.5,23.68,3,0,1,1,3,1395,565,1400,794,3555,5465,7080,6253,750,,,,,76,,t3_shieldbreaker|t3_rendspear
standard,189,r5,red,sup,輔助,huanjing,standard,0,2,1,4,8746,18614,13336,530.8,6.33,11.28,14.83,4,1,3,3,4,543,73,1317,1955,5143,7773,10547,6253,427,1140,285,475,,76,1890,t3_calmveil
standard,190,b1,blue,top,戰士,chichuan,standard,1,1,0,0,15936,30478,11348,451.6,8.23,16.46,21.19,3,1,1,2,3,203,1141,312,497,4353,6671,8362,6253,893,570,,475,,171,,t3_shieldbreaker|t3_finalstring
standard,190,b2,blue,jungle,戰士,kuangfeng,standard,1,1,1,1,12662,17924,10928,435,8.63,17.63,22.68,3,1,1,2,3,865,442,707,428,3965,5922,8707,6253,348,570,285,,1079,171,,t3_shieldbreaker|t3_finalstring
standard,190,b3,blue,mid,法師,bingshuang,standard,1,1,4,0,17637,15859,10892,433.5,10.54,19.51,,2,0,1,2,2,1580,252,237,1491,3840,5702,8267,6253,893,,,950,,171,,t3_psyward
standard,190,b4,blue,adc,射手,mirrorshot,standard,1,5,6,0,22323,11305,11899,473.6,10.47,19.45,23.88,3,0,1,2,3,1699,413,339,518,3859,5493,7659,6253,760,570,,,,76,,t3_shieldbreaker|t3_rendspear
standard,190,b5,blue,sup,坦克,dadi,standard,1,1,2,0,8291,22693,13139,522.9,7.32,13.49,16.98,4,1,2,3,4,750,830,128,938,4650,8070,10108,6253,259,570,,475,17,171,2362,t3_calmveil|t3_thornmail
standard,190,r1,red,top,戰士,chichuan,standard,0,4,0,0,15581,27185,12735,506.8,9.7,14.11,20.2,4,1,2,2,4,481,505,1099,184,3631,7355,9749,6253,817,1710,,665,,304,,t3_shieldbreaker|t3_finalstring
standard,190,r2,red,jungle,戰士,kuangfeng,standard,0,2,0,1,13748,18349,11857,471.9,8.09,15.13,21.38,3,1,1,2,3,815,1286,1460,456,3915,6766,9460,6253,145,1140,,190,1427,304,,t3_shieldbreaker|t3_finalstring
standard,190,r3,red,mid,法師,bingshuang,standard,0,2,3,1,15516,16039,11490,457.3,10.54,19.99,24.92,3,0,1,2,3,1447,218,24,160,3707,5968,8524,6253,1016,,285,665,,304,,t3_psyward
standard,190,r4,red,adc,射手,mirrorshot,standard,0,5,6,1,23963,10704,12402,493.6,9.15,19.38,23.88,3,1,1,2,3,348,51,501,602,3698,5731,7821,6253,788,,285,190,,304,,t3_shieldbreaker|t3_rendspear
standard,190,r5,red,sup,坦克,dadi,standard,0,0,0,1,8019,22978,11954,475.8,7.73,12.88,18.06,4,1,2,3,4,660,478,238,354,4560,7258,9738,6253,310,,,190,,304,2680,t3_calmveil|t3_thornmail
standard,191,b1,blue,top,戰士,xueyue,standard,1,0,4,0,14974,30969,9712,385.4,9.31,18.11,,2,1,1,2,2,595,358,469,1432,3745,5588,7919,6253,1019,,,475,,171,,t3_shieldbreaker|t3_finalstring
standard,191,b2,blue,jungle,戰士,tielian,standard,1,1,5,0,9485,18125,10642,422.3,8.53,18.08,23.66,3,1,1,2,3,160,756,319,141,3960,5936,7899,6253,551,,,,923,171,,t3_shieldbreaker|t3_finalstring
standard,191,b3,blue,mid,法師,lieyan,standard,1,6,6,0,21039,19154,13265,526.4,10.33,17.96,21.98,3,0,1,2,3,1593,309,444,1165,3853,5639,9154,6253,1114,1140,,475,,171,,t3_psyward
standard,191,b4,blue,adc,射手,hanbing,standard,1,6,3,0,24995,11547,12571,498.9,9,15.83,22.3,3,1,1,2,3,94,563,518,1191,4394,6243,9068,6253,994,1710,,,34,76,,t3_shieldbreaker|t3_rendspear
standard,191,b5,blue,sup,坦克,ironclad,standard,1,0,3,0,8965,25911,12969,514.6,7.43,13.21,16.48,4,1,2,3,4,174,236,770,1188,4674,7036,9750,6253,386,,,475,34,171,2430,t3_calmveil|t3_thornmail
standard,191,r1,red,top,戰士,xueyue,standard,0,7,1,0,23752,31506,14288,567,9.42,14.3,20.18,4,1,2,2,4,595,325,1641,1438,3745,7175,10291,6253,1187,1710,,760,,380,,t3_shieldbreaker|t3_finalstring
standard,191,r2,red,jungle,戰士,tielian,standard,0,9,0,1,17452,19437,16828,667.8,8.92,13.28,16.49,5,1,2,4,5,235,1179,489,1527,4515,8579,13469,6253,509,3990,285,443,1607,380,,t3_shieldbreaker|t3_finalstring
standard,191,r3,red,mid,法師,lieyan,standard,0,2,4,3,17555,15978,11712,464.8,11.12,18.54,23.15,3,0,1,2,3,1499,457,202,381,3759,6207,8532,6253,1027,,427,443,,380,,t3_psyward
standard,191,r4,red,adc,射手,hanbing,standard,0,3,7,0,21407,10624,11242,446.1,10.2,19.19,24.06,3,0,1,2,3,1443,171,513,941,3603,5851,7833,6253,756,,,443,,380,,t3_shieldbreaker|t3_rendspear
standard,191,r5,red,sup,坦克,ironclad,standard,0,0,1,2,8148,22769,11607,460.6,7.63,12.38,18.73,4,1,2,3,4,368,142,234,306,4568,7382,9434,6253,242,,427,285,,380,1845,t3_calmveil|t3_thornmail
standard,192,b1,blue,top,戰士,langwang,standard,0,1,6,1,11336,40538,13385,458,8.12,17.3,22.76,4,1,1,2,4,747,1083,719,584,3897,6263,8419,6253,1016,,285,712,,152,,t3_shieldbreaker|t3_finalstring
standard,192,b2,blue,jungle,刺客,duskblade,standard,0,2,4,1,8204,14934,13280,454.4,8.3,16.08,23.02,4,1,1,2,4,927,675,462,529,4127,6255,8492,6253,266,,285,,1535,152,,t3_finalstring
standard,192,b3,blue,mid,法師,shikong,standard,0,8,7,0,32244,21237,15959,546.1,10.29,18.02,24.68,4,0,1,2,4,1571,186,573,1559,3831,6386,9303,6253,1045,1140,,712,,152,,t3_psyward
standard,192,b4,blue,adc,射手,xuanfeng,standard,0,17,9,0,51000,17904,21241,726.8,9.66,17.3,19.74,5,1,1,3,5,386,955,265,5641,3736,6035,11165,6253,864,3420,,475,,152,,t3_shieldbreaker|t3_rendspear
standard,192,b5,blue,sup,輔助,xuemai,standard,0,0,5,3,10193,25180,12558,429.7,6.23,13.15,19.9,4,1,2,3,4,601,175,187,1107,4601,6915,8587,6253,304,,,,,152,1877,t3_calmveil
standard,192,r1,red,top,戰士,langwang,standard,1,6,5,2,15825,36073,16133,552,9.05,16.94,21.04,5,1,1,2,5,367,735,1031,833,3517,6215,9331,6253,646,1710,285,285,,152,,t3_shieldbreaker|t3_finalstring
standard,192,r2,red,jungle,刺客,duskblade,standard,1,6,4,0,15399,18875,15670,536.2,8.38,13.58,18.89,5,1,2,3,5,693,633,932,419,3893,7283,10882,6253,209,2280,,285,1322,532,,t3_finalstring
standard,192,r3,red,mid,法師,shikong,standard,1,6,8,1,23767,21130,15462,529.1,11.09,17.38,23.84,4,0,1,2,4,1466,140,301,1061,3726,6370,8631,6253,896,570,,760,,152,,t3_psyward
standard,192,r4,red,adc,射手,xuanfeng,standard,1,13,8,2,44484,15436,19069,652.5,10.17,17.6,21.16,5,0,1,2,5,1376,360,867,3468,3536,5560,9417,6253,636,1140,570,285,,532,,t3_shieldbreaker|t3_rendspear
standard,192,r5,red,sup,輔助,xuemai,standard,1,0,3,3,11341,23015,13686,468.3,6.82,13.91,16.82,5,1,2,3,5,206,737,1187,486,4506,7477,10137,6253,196,,570,285,,152,2680,t3_calmveil
standard,193,b1,blue,top,戰士,kuangfeng,standard,0,2,1,0,8420,27884,11658,472.3,8.24,16.63,22.07,3,1,1,2,3,757,1125,228,1157,3907,6605,8828,6253,1149,,,1045,,380,,t3_shieldbreaker|t3_finalstring
standard,193,b2,blue,jungle,刺客,binghe,standard,0,3,2,0,7283,16332,11868,480.8,8.63,15.74,21.62,3,1,1,2,3,1097,932,1267,787,4297,6512,9597,6253,736,1140,,95,992,380,,t3_finalstring
standard,193,b3,blue,mid,法師,lieyan,standard,0,6,4,0,13780,14909,13928,564.3,10.28,15.78,19.74,4,0,1,3,4,1675,475,230,278,3935,6975,11060,6253,1102,2280,,1045,,380,,t3_psyward
standard,193,b4,blue,adc,射手,dawnstrike,standard,0,16,7,0,36521,13115,18282,740.7,7.63,13.42,19.09,5,1,2,3,5,880,229,1541,2682,5360,7849,12441,6253,582,5130,,95,,380,,t3_shieldbreaker|t3_rendspear
standard,193,b5,blue,sup,輔助,zhanchang,standard,0,1,1,2,5241,18047,13052,528.8,5.87,11.86,17.14,4,1,2,4,4,450,1087,321,1602,5300,7827,11201,6253,267,570,570,570,,380,2590,t3_calmveil
standard,193,r1,red,top,戰士,kuangfeng,standard,1,4,2,0,8769,29345,13955,565.4,9.19,17.41,21.46,4,1,1,2,4,595,1010,1270,1075,3745,6190,8850,6253,1140,570,,570,,316,,t3_shieldbreaker|t3_finalstring
standard,193,r2,red,jungle,刺客,binghe,standard,1,0,5,1,4872,10578,10108,409.5,8.7,17.8,23.88,3,1,1,2,3,181,586,488,658,4031,5866,8088,6253,190,,,95,1360,190,,t3_finalstring
standard,193,r3,red,mid,法師,lieyan,standard,1,2,8,2,19781,15209,11628,471.1,10.31,19.15,23.08,3,0,1,2,3,1979,278,905,977,4239,6028,8935,6253,972,570,570,570,,0,,t3_psyward
standard,193,r4,red,adc,射手,dawnstrike,standard,1,8,9,0,21397,11841,13534,548.3,9.79,18.9,21.62,4,1,1,2,4,272,85,939,354,3622,5465,9189,6253,813,1710,,95,,316,,t3_shieldbreaker|t3_rendspear
standard,193,r5,red,sup,輔助,zhanchang,standard,1,1,4,2,5626,18573,12372,501.2,6.13,11.14,16.62,4,1,2,3,4,767,640,401,921,5067,7380,9831,6253,341,570,,570,,316,1779,t3_calmveil
standard,194,b1,blue,top,戰士,greymantle,standard,0,0,3,0,11408,24895,9381,428.3,8.88,18.02,,2,1,1,2,2,785,276,675,1300,3935,5626,8755,6253,1000,,,1425,,76,,t3_shieldbreaker|t3_finalstring
standard,194,b2,blue,jungle,刺客,jueying,standard,0,0,6,0,6877,10903,8435,385.1,8.25,17.33,,2,1,1,2,2,776,635,456,304,3976,5915,7756,6253,253,,,,1173,76,,t3_finalstring
standard,194,b3,blue,mid,法師,shikong,standard,0,1,5,0,13831,13616,8909,406.8,10.54,19.53,,2,0,1,2,2,1476,384,453,508,3736,5534,8283,6253,908,570,,475,,76,,t3_psyward
standard,194,b4,blue,adc,射手,yanfeng,standard,0,0,7,1,10697,12978,7934,362.3,10.24,19.12,,2,0,1,2,2,1547,275,107,413,3707,5655,7327,6253,712,,285,,,76,,t3_shieldbreaker|t3_rendspear
standard,194,b5,blue,sup,坦克,stoneguard,standard,0,1,4,0,5290,25186,10188,465.2,7.34,12.26,17.24,3,1,2,3,3,768,503,481,607,4668,7883,9581,6253,316,570,,475,26,76,1863,t3_calmveil|t3_thornmail
standard,194,r1,red,top,戰士,greymantle,standard,1,8,0,2,19219,22576,14555,664.6,8.59,13.98,16.79,4,1,2,3,4,194,1284,978,2005,4524,8134,12428,6253,1320,3420,237,665,,532,,t3_shieldbreaker|t3_finalstring
standard,194,r2,red,jungle,刺客,jueying,standard,1,4,1,6,11246,10775,13784,629.4,8.6,14.99,16.89,4,1,2,3,4,248,519,1348,984,4448,8899,12478,6253,199,2280,1425,190,1598,532,,t3_finalstring
standard,194,r3,red,mid,法師,shikong,standard,1,2,0,4,13794,12183,11360,518.7,11.51,17.72,21.12,3,0,1,2,3,1438,234,190,1009,3698,6434,9090,6253,959,,522,823,,532,,t3_psyward
standard,194,r4,red,adc,射手,yanfeng,standard,1,8,1,3,26256,9457,14451,659.8,8.19,13.66,18.63,4,1,2,3,4,394,491,554,1230,4394,7491,11934,6253,763,3420,142,823,,532,,t3_shieldbreaker|t3_rendspear
standard,194,r5,red,sup,坦克,stoneguard,standard,1,3,0,4,7198,13518,13730,626.9,6.53,11.68,15.91,4,1,2,4,4,512,1576,505,1529,4712,8816,12705,6253,367,1710,522,823,,532,2496,t3_calmveil|t3_thornmail
standard,195,b1,blue,top,戰士,cinderfist,standard,0,0,1,0,10290,22841,8802,405,9.43,18.72,,2,1,1,2,2,443,41,218,771,3593,5341,8248,6253,893,,,950,,152,,t3_shieldbreaker|t3_finalstring
standard,195,b2,blue,jungle,刺客,anye,standard,0,0,1,0,5210,10098,8975,413,8.94,17.19,,2,1,1,2,2,19,342,201,895,3869,5922,8281,6253,475,,,475,925,152,,t3_finalstring
standard,195,b3,blue,mid,法師,lieyan,standard,0,2,4,0,15134,14184,9708,446.7,9.95,17.25,,2,1,1,2,2,479,302,203,827,4329,6202,8603,6253,1005,1140,,,52,152,,t3_psyward
standard,195,b4,blue,adc,射手,siwang,standard,0,4,5,0,11935,11095,10553,485.6,9.67,18.68,21.08,3,1,1,2,3,246,771,382,953,3596,5971,8232,6253,782,570,,475,,152,,t3_shieldbreaker|t3_rendspear
standard,195,b5,blue,sup,輔助,shengming,standard,0,0,1,0,2991,12756,9819,451.8,6.96,12.49,17.18,3,1,2,3,3,548,297,710,1359,4498,7327,9170,6253,378,,,475,,152,1911,t3_calmveil
standard,195,r1,red,top,戰士,cinderfist,standard,1,3,0,1,14169,23129,12003,552.3,9.11,15.03,19.39,3,1,1,3,3,918,1391,437,603,4068,6871,10937,6253,1225,1710,,1330,,418,,t3_shieldbreaker|t3_finalstring
standard,195,r2,red,jungle,刺客,anye,standard,1,0,0,2,6838,10350,10349,476.2,7.83,14.78,20.82,3,1,2,2,3,146,149,1138,698,4476,7099,9468,6253,375,,427,380,1614,418,,t3_finalstring
standard,195,r3,red,mid,法師,lieyan,standard,1,2,3,2,13304,12428,10632,489.2,8.17,16.48,21.63,3,1,1,2,3,636,605,332,282,4486,7105,9812,6253,1193,1140,427,380,,418,,t3_psyward
standard,195,r4,red,adc,射手,siwang,standard,1,6,3,0,10866,9659,11937,549.2,7.41,13.58,19.25,3,1,2,3,3,1032,187,623,556,5512,7507,10623,6253,912,2850,,380,,228,,t3_shieldbreaker|t3_rendspear
standard,195,r5,red,sup,輔助,shengming,standard,1,1,0,1,4557,13463,12492,574.8,6.88,11.88,18.2,3,1,2,3,3,301,748,798,3062,4601,7488,10228,6253,321,,285,380,,418,2570,t3_calmveil
standard,196,b1,blue,top,坦克,tieshixin,standard,0,0,1,0,5512,29327,9843,412.1,9.13,16.94,20.58,3,1,1,2,3,662,310,1758,312,3612,5360,8508,6253,627,,,1425,,202,,t3_calmveil|t3_thornmail
standard,196,b2,blue,jungle,刺客,wuxing,standard,0,1,3,0,3380,12205,10626,444.9,9.58,17.7,22.08,3,1,1,2,3,875,465,619,396,4075,6045,8699,6253,218,570,,,1454,202,,t3_finalstring
standard,196,b3,blue,mid,法師,auralith,standard,0,2,7,1,13703,16216,10562,442.2,9.48,18.68,23.78,3,1,1,2,3,456,514,1026,111,4306,6244,8676,6253,1016,570,285,475,,76,,t3_psyward
standard,196,b4,blue,adc,射手,maestro,standard,0,8,8,0,19487,11087,12747,533.7,9.12,16.77,20.93,3,1,1,2,3,766,754,377,1146,4116,6434,9227,6253,617,2280,,,,76,,t3_shieldbreaker|t3_rendspear
standard,196,b5,blue,sup,輔助,mingyun,standard,0,1,2,1,7354,15844,11736,491.4,5.99,11.44,15.96,4,1,2,3,4,448,433,1171,286,5048,7463,10211,6253,256,570,,950,51,202,1927,t3_calmveil
standard,196,r1,red,top,坦克,tieshixin,standard,1,4,0,0,9833,20210,13191,552.3,8.86,14.89,16.8,4,1,2,3,4,907,111,311,1041,3857,6441,10241,6253,893,2280,,380,17,418,,t3_calmveil|t3_thornmail
standard,196,r2,red,jungle,刺客,wuxing,standard,1,1,1,0,5215,11223,11451,479.5,7.36,15.43,20.81,3,1,1,2,3,614,1929,1429,1021,4764,7209,9759,6253,261,570,,380,1876,418,,t3_finalstring
standard,196,r3,red,mid,法師,auralith,standard,1,1,2,2,20911,11346,10965,459.1,11.21,18.93,,2,0,1,2,2,1661,346,345,2535,3921,6096,8775,6253,774,570,570,380,,228,,t3_psyward
standard,196,r4,red,adc,射手,maestro,standard,1,14,7,0,29114,14352,17677,740.1,9.62,16.02,18.75,5,1,1,3,5,319,1143,1027,2077,3669,6823,12827,6253,646,5130,,380,,418,,t3_shieldbreaker|t3_rendspear
standard,196,r5,red,sup,輔助,mingyun,standard,1,1,2,1,5571,15996,12030,503.7,6.94,10.88,15.41,4,1,2,3,4,1228,1177,1113,580,5228,7917,10543,6253,351,570,285,380,,418,2285,t3_calmveil
standard,197,b1,blue,top,坦克,bingshouweis,standard,0,0,0,0,4899,18669,9095,456.3,8.79,16.49,,2,1,1,,2,95,150,,1965,3745,5550,,,,,,,,,,t3_calmveil|t3_thornmail
standard,197,b2,blue,jungle,刺客,razorwing,standard,0,2,2,0,3641,9570,8785,440.7,8.78,16.29,,2,1,1,,2,662,948,,655,3862,6278,,,,,,,,,,t3_finalstring
standard,197,b3,blue,mid,法師,xingjie,standard,0,1,3,1,12482,12015,8639,433.4,10.52,17.48,,2,0,1,,2,1580,408,,39,3840,6158,,,,,,,,,,t3_psyward
standard,197,b4,blue,adc,射手,liuxing,standard,0,0,4,0,11213,10864,7357,369.1,9.78,18.74,,2,1,1,,2,227,549,,456,3577,5629,,,,,,,,,,t3_shieldbreaker|t3_rendspear
standard,197,b5,blue,sup,坦克,suishan,standard,0,0,1,0,4376,17000,9321,467.6,7.31,12.33,,2,1,2,,2,712,255,,2080,4612,7195,,,,,,,,,,t3_calmveil|t3_thornmail
standard,197,r1,red,top,坦克,bingshouweis,standard,1,4,0,0,8194,17457,10765,540.1,7.87,15.82,18.56,3,1,1,,3,241,562,,735,3891,5962,,,,,,,,,,t3_calmveil|t3_thornmail
standard,197,r2,red,jungle,刺客,razorwing,standard,1,0,1,1,3913,7707,9108,456.9,8.65,15.64,,2,1,1,,2,84,1237,,677,4284,6567,,,,,,,,,,t3_finalstring
standard,197,r3,red,mid,法師,xingjie,standard,1,0,0,4,17458,10170,10697,536.7,10.07,16.18,19.48,3,0,1,,3,1932,732,,347,4192,7232,,,,,,,,,,t3_psyward
standard,197,r4,red,adc,射手,liuxing,standard,1,4,1,1,13061,8435,10815,542.5,9.78,16.73,,2,1,1,,2,398,1256,,2234,3748,6636,,,,,,,,,,t3_shieldbreaker|t3_rendspear
standard,197,r5,red,sup,坦克,suishan,standard,1,2,1,3,6712,17222,11924,598.2,6.98,12.19,15.25,4,1,2,,4,208,1951,,623,5258,9191,,,,,,,,,,t3_calmveil|t3_thornmail
standard,198,b1,blue,top,坦克,tiebi,standard,0,1,3,1,11295,23870,9162,419.3,8.68,15.86,19.51,3,1,1,3,3,251,663,188,612,4201,6063,8438,6253,627,570,285,475,,228,,t3_calmveil|t3_thornmail
standard,198,b2,blue,jungle,刺客,jingxiang,standard,0,0,2,0,4463,11171,8257,377.9,9.04,17.84,,2,1,1,2,2,691,515,83,476,3891,5845,7563,6253,224,,,,857,228,,t3_finalstring
standard,198,b3,blue,mid,法師,auralith,standard,0,0,3,1,14300,14562,9017,412.7,11.45,18.72,,2,0,1,2,2,1447,785,238,136,3707,6095,8368,6253,1127,,285,475,,228,,t3_psyward
standard,198,b4,blue,adc,射手,shensheng,standard,0,5,5,0,11625,10616,11227,513.8,11.56,17.24,20.86,3,0,1,2,3,1386,253,903,1146,3546,5933,9353,6253,592,2280,,,,228,,t3_shieldbreaker|t3_rendspear
standard,198,b5,blue,sup,坦克,bingshouweis,standard,0,0,2,0,5939,18696,10588,484.6,6.72,13.02,17.63,3,1,2,3,3,401,746,305,1008,4601,7546,9285,6253,316,,,475,,228,2012,t3_calmveil|t3_thornmail
standard,198,r1,red,top,坦克,tiebi,standard,1,5,0,2,12688,20025,13390,612.8,9.56,13.22,17.72,4,1,2,4,4,833,107,366,1139,3783,6937,11716,6253,931,2280,142,1710,,399,,t3_calmveil|t3_thornmail
standard,198,r2,red,jungle,刺客,jingxiang,standard,1,0,1,3,6287,8897,10020,458.6,8.42,15.13,20.96,3,1,1,2,3,668,1866,691,520,3868,6716,9121,6253,142,,712,285,1329,399,,t3_finalstring
standard,198,r3,red,mid,法師,auralith,standard,1,3,3,2,14767,12272,10815,495,9.81,17.22,21.28,3,1,1,2,3,351,205,79,465,4201,6405,9559,6253,1007,1140,570,285,,304,,t3_psyward
standard,198,r4,red,adc,射手,shensheng,standard,1,6,2,1,20202,11009,12117,554.5,10.38,15.98,20.38,3,0,1,2,3,1956,995,1707,1266,4116,6795,9987,6253,769,2280,,285,,399,,t3_shieldbreaker|t3_rendspear
standard,198,r5,red,sup,坦克,bingshouweis,standard,1,1,0,2,6638,15877,12613,577.3,6.79,12.23,16.66,4,1,2,3,4,297,990,1396,412,4497,8230,11376,6253,266,570,285,1235,,399,2367,t3_calmveil|t3_thornmail
standard,199,b1,blue,top,坦克,shengdun,standard,1,1,2,0,11925,24898,11511,467.5,7.73,13.75,19.49,4,1,2,3,4,271,83,230,260,3821,7013,8780,6253,1064,570,,665,,228,,t3_calmveil|t3_thornmail
standard,199,b2,blue,jungle,刺客,guihuo,standard,1,2,2,0,7510,12742,11214,455.4,9.51,15.75,23.4,3,1,1,2,3,594,1635,803,663,3794,6735,9133,6253,95,1140,,190,1226,228,,t2_scythe|t3_finalstring
standard,199,b3,blue,mid,法師,xingjie,standard,1,1,5,0,15695,13946,10422,423.2,11.42,17.46,,2,0,1,2,2,1580,437,229,1491,3840,6937,8679,6253,962,570,,665,,228,,t3_soulrend|t3_psyward
standard,199,b4,blue,adc,射手,mori,standard,1,5,5,1,17073,10587,12746,517.6,8.94,17.84,21.06,3,1,1,2,3,490,364,1324,1145,3840,6044,8324,6253,893,,285,665,,228,,t3_rendspear|t3_shieldbreaker
standard,199,b5,blue,sup,輔助,shiguang,standard,1,1,2,1,7000,17742,12941,525.5,5.71,11.41,16.66,4,1,2,3,4,1490,996,844,1290,5190,7736,10324,6253,253,570,285,190,,228,2544,t3_thornmail|t3_calmveil
standard,199,r1,red,top,坦克,shengdun,standard,0,4,0,0,12866,27126,12252,497.5,7.8,15.64,19.09,4,1,1,3,4,890,668,553,701,3840,5968,9103,6253,1387,1140,,95,,228,,t3_calmveil|t3_thornmail
standard,199,r2,red,jungle,刺客,guihuo,standard,0,0,3,1,8722,12759,10751,436.6,8.81,16.35,22.35,3,1,1,2,3,761,1451,1466,501,3961,6381,8896,6253,209,,285,95,1826,228,,t3_finalstring
standard,199,r3,red,mid,法師,xingjie,standard,0,6,4,1,17378,16361,13458,546.5,10.63,19.02,21.83,4,0,1,2,4,1723,226,930,108,3983,5826,8780,6253,1254,570,142,332,,228,,t3_psyward
standard,199,r4,red,adc,射手,mori,standard,0,6,3,1,18595,12941,13097,531.9,9.65,17.07,22.14,4,1,1,2,4,338,795,761,197,3688,6595,9341,6253,1007,1140,142,570,,228,,t3_shieldbreaker|t3_rendspear
standard,199,r5,red,sup,輔助,shiguang,standard,0,0,0,2,6479,15852,11697,475,6.73,12.72,16.64,4,1,2,3,4,2016,256,553,997,4516,6986,9593,6253,323,,,332,,228,2456,t3_calmveil
standard,200,b1,blue,top,坦克,shiqiang,standard,1,1,2,0,9832,32196,12618,465.6,8.25,16.2,21.91,4,1,1,2,4,795,131,100,1187,3745,5531,7830,6253,798,,,475,,304,,t3_calmveil|t3_thornmail
standard,200,b2,blue,jungle,刺客,jiansheng,standard,1,0,7,0,5138,12990,10686,394.3,8.33,18.43,24.48,3,1,1,2,3,764,714,529,705,3964,6044,8009,6253,494,,,,957,304,,t3_finalstring
standard,200,b3,blue,mid,法師,auralith,standard,1,1,4,0,19682,18693,11530,425.4,10.07,17.77,25.18,3,0,1,2,3,1653,200,441,899,3913,5830,8091,6253,1041,,,475,17,304,,t3_psyward
standard,200,b4,blue,adc,射手,leiting,standard,1,7,7,0,29185,16149,13963,515.3,9.43,18.89,24.21,4,1,1,2,4,205,407,316,1043,3555,5607,7536,6253,740,,,237,,304,,t3_shieldbreaker|t3_rendspear
standard,200,b5,blue,sup,坦克,tixue,standard,1,0,2,1,6226,28707,13285,490.2,6.49,13.39,18.04,4,1,2,3,4,161,222,1008,1925,4661,7302,10588,6253,269,,,1187,,304,2574,t3_calmveil|t3_thornmail
standard,200,r1,red,top,坦克,shiqiang,standard,0,2,0,0,10047,25858,11788,435,8.68,14.62,22.71,3,1,2,2,3,795,322,1205,1757,3745,6272,8495,6253,874,570,,570,,228,,t3_calmveil|t3_thornmail
standard,200,r2,red,jungle,刺客,jiansheng,standard,0,2,2,1,8604,14621,13296,490.6,8.23,15.42,21.71,4,1,1,2,4,478,1461,557,496,4378,6791,8987,6253,373,,,95,2037,228,,t3_finalstring
standard,200,r3,red,mid,法師,auralith,standard,0,10,2,2,32100,18255,17573,648.5,10.08,16.88,21.43,4,0,1,2,4,1846,361,288,3173,4106,6861,9768,6253,1529,570,142,1045,,228,,t3_psyward
standard,200,r4,red,adc,射手,leiting,standard,0,7,4,3,33054,12081,14866,548.6,10.63,18.97,21.61,4,0,1,2,4,1452,151,272,1015,3612,5531,8552,6253,646,570,285,570,,228,,t3_shieldbreaker|t3_rendspear
standard,200,r5,red,sup,坦克,tixue,standard,0,1,1,9,7311,23593,15397,568.1,7.08,12.35,16.53,5,1,2,3,5,378,1130,889,1796,5178,8370,10869,6253,338,570,142,1045,,228,2291,t3_calmveil|t3_thornmail
