config,seed,pid,side,role,arch,heroId,strategy,won,k,d,a,dmg,taken_approx,gold,goldPerMin,t3_1_min,t3_2_min,t3_3_min,t3Count,completed10,completed15,completed20,completedEnd,unspent10,unspent15,unspent20,unspentEnd,earned10,earned15,earned20,earned20_passive,earned20_minion,earned20_kill,earned20_assist,earned20_tower,earned20_camp,earned20_objective,earned20_tithe,counterPlanned
standard,1,b1,blue,top,戰士,embercoil,standard,0,1,5,0,12631,25918,9226,394.1,9.28,17.28,,2,1,1,2,2,281,169,267,1146,3431,5519,7697,5924,711,540,,450,,72,,t3_shieldbreaker|t3_finalstring
standard,1,b2,blue,jungle,戰士,cinderfist,standard,0,1,9,1,9981,16756,9332,398.6,9.66,17.62,,2,1,1,2,2,548,145,349,1301,3648,5445,8029,5924,396,540,270,,827,72,,t3_shieldbreaker|t3_finalstring
standard,1,b3,blue,mid,法師,auralith,standard,0,0,4,1,14096,16480,8983,383.8,11.22,19.29,,2,0,1,2,2,1252,612,302,453,3512,5162,7952,5924,786,,270,900,,72,,t3_psyward
standard,1,b4,blue,adc,射手,liangzicz,standard,0,5,8,0,19430,14375,10483,447.8,10.3,19.37,,2,0,1,2,2,1370,280,356,1903,3530,5060,7256,5924,720,540,,,,72,,t3_shieldbreaker|t3_rendspear
standard,1,b5,blue,sup,坦克,tixue,standard,0,0,2,0,6235,21497,10344,441.9,8.03,13.58,18.6,3,1,2,3,3,204,388,212,763,4404,6588,9192,5924,266,,,900,,72,2029,t3_calmveil|t3_thornmail
standard,1,r1,red,top,戰士,embercoil,standard,1,4,1,3,14689,24454,13015,556,9.28,17.41,20.07,3,1,1,2,3,536,1198,1498,1985,3686,6728,10148,5924,822,1080,810,1080,,432,,t3_shieldbreaker|t3_finalstring
standard,1,r2,red,jungle,戰士,cinderfist,standard,1,12,0,4,19668,15561,17336,740.6,8.62,13,16.09,5,1,2,4,5,274,560,1452,2036,4974,8260,13952,5924,216,4860,675,180,1665,432,,t3_shieldbreaker|t3_finalstring
standard,1,r3,red,mid,法師,auralith,standard,1,1,1,7,20572,12431,11012,470.4,10.53,20.25,,2,0,1,1,2,1720,267,2023,1612,3980,6167,8523,5924,1026,,945,180,16,432,,t3_psyward
standard,1,r4,red,adc,射手,liangzicz,standard,1,7,4,1,20232,10864,13087,559.1,11.01,16.45,20.83,3,0,1,2,3,1283,796,726,1287,3443,6476,9626,5924,750,1620,270,630,,432,,t3_shieldbreaker|t3_rendspear
standard,1,r5,red,sup,坦克,tixue,standard,1,4,1,3,8920,20629,14053,600.4,8.39,13.21,17.68,4,1,2,3,4,354,615,1494,1853,4254,7395,11474,5924,209,2160,270,180,,432,2298,t3_calmveil|t3_thornmail
standard,2,b1,blue,top,戰士,cinderfist,standard,0,0,4,0,8039,19542,7854,376.2,10.28,19.18,,2,0,1,2,2,1192,42,509,174,3242,5042,7589,5924,693,,,900,,72,,t3_shieldbreaker|t3_finalstring
standard,2,b2,blue,jungle,戰士,chichuan,standard,0,1,0,0,5628,12731,8352,400.1,10.29,17.77,,2,0,1,2,2,1449,427,477,851,3449,5677,7977,5924,189,540,,450,802,72,,t3_shieldbreaker|t3_finalstring
standard,2,b3,blue,mid,法師,ronghuo,standard,0,2,3,0,14239,13989,8331,399.1,11.91,17.78,,2,0,1,2,2,1180,472,236,501,3440,5852,8066,5924,990,1080,,,,72,,t3_psyward
standard,2,b4,blue,adc,射手,leiting,standard,0,3,4,2,14111,11602,9675,463.5,10.73,18.38,,2,0,1,2,2,1280,220,1320,925,3440,5420,8840,5924,774,1080,540,450,,72,,t3_shieldbreaker|t3_rendspear
standard,2,b5,blue,sup,輔助,linghun,standard,0,0,1,0,5005,13611,9027,432.4,7.67,12.48,18.56,3,1,2,3,3,1106,237,292,587,4206,6967,8732,5924,234,,,450,24,72,2027,t3_calmveil
standard,2,r1,red,top,戰士,cinderfist,standard,1,5,0,0,10650,22670,11239,538.4,9.46,16.51,20.2,3,1,1,2,3,810,478,1654,259,3960,5958,10254,5924,732,2160,,990,16,432,,t3_shieldbreaker|t3_finalstring
standard,2,r2,red,jungle,戰士,chichuan,standard,1,4,1,1,9797,11177,11094,531.4,8.9,15.06,19.82,3,1,1,3,3,293,1312,69,643,4043,6742,10519,5924,210,2160,270,90,1433,432,,t3_shieldbreaker|t3_finalstring
standard,2,r3,red,mid,法師,ronghuo,standard,1,1,1,3,14580,11266,9756,467.4,12.03,17.78,,2,0,1,2,2,1144,342,241,356,3404,6242,9041,5924,750,540,405,990,,432,,t3_psyward
standard,2,r4,red,adc,射手,leiting,standard,1,2,4,1,11835,9182,9150,438.3,9.96,19.21,,2,1,1,2,2,90,157,845,1200,3440,5537,8165,5924,594,540,135,540,,432,,t3_shieldbreaker|t3_rendspear
standard,2,r5,red,sup,輔助,linghun,standard,1,0,0,1,6350,9848,9993,478.7,7.23,11.59,19.39,3,1,2,3,3,1805,272,689,1242,4305,7002,9439,5924,269,,270,540,,432,2003,t3_calmveil
standard,3,b1,blue,top,戰士,leimingcf,standard,0,1,1,1,9820,23254,8661,396.1,9.95,17.99,,2,1,1,2,2,164,462,696,61,3314,5942,8096,5924,558,540,270,540,,264,,t3_shieldbreaker|t3_finalstring
standard,3,b2,blue,jungle,戰士,jufeng,standard,0,0,3,1,6577,16914,8784,401.7,8.98,17.08,,2,1,1,2,2,489,1601,559,603,3589,6131,8089,5924,522,,270,540,689,144,,t3_shieldbreaker|t3_finalstring
standard,3,b3,blue,mid,法師,gambler,standard,0,1,3,0,14149,13735,8662,396.1,11.39,20.52,,2,0,1,1,2,1301,331,2017,112,3561,5181,8097,5924,756,540,,540,73,264,,t3_psyward
standard,3,b4,blue,adc,射手,liangzi,standard,0,2,5,0,14586,12395,8877,406,10.88,18.58,,2,0,1,2,2,1100,364,1092,426,3260,4844,8312,5924,504,1080,,540,,263,,t3_shieldbreaker|t3_rendspear
standard,3,b5,blue,sup,輔助,shiguang,standard,0,0,1,0,3435,14151,9965,455.7,7.98,13.08,19.95,3,1,2,3,3,197,531,40,925,4197,6411,8500,5924,180,,,90,,144,2162,t3_calmveil
standard,3,r1,red,top,戰士,leimingcf,standard,1,1,2,0,13262,22349,9588,438.5,9.37,18.88,,2,1,1,2,2,362,456,831,988,3512,5636,8831,5924,594,540,,1485,,288,,t3_shieldbreaker|t3_finalstring
standard,3,r2,red,jungle,戰士,jufeng,standard,1,3,0,0,6428,13821,10151,464.2,9.42,15.08,21.67,3,1,1,2,3,570,1978,727,301,3670,7108,9277,5924,90,1620,,360,994,288,,t3_shieldbreaker|t3_finalstring
standard,3,r3,red,mid,法師,gambler,standard,1,2,0,1,17584,12557,9790,447.7,10.93,19.38,,2,0,1,2,2,1387,498,7,1039,3647,6248,8457,5924,1026,540,270,360,48,288,,t3_psyward
standard,3,r4,red,adc,射手,liangzi,standard,1,7,2,0,18343,9044,11829,541,11.2,17.66,20.44,3,0,1,2,3,1271,256,3176,448,3431,5636,10496,5924,684,3240,,360,,288,,t3_shieldbreaker|t3_rendspear
standard,3,r5,red,sup,輔助,shiguang,standard,1,0,0,1,6666,11190,10309,471.5,6.61,13.25,16.38,3,1,2,3,3,305,239,814,1559,4305,7269,9564,5924,234,,270,1035,,288,1813,t3_calmveil
standard,4,b1,blue,top,戰士,dadi2,standard,1,0,4,0,11083,25388,9369,388.8,10.18,18.13,,2,0,1,2,2,1426,460,360,1289,3476,5510,7490,5924,594,,,900,,72,,t3_shieldbreaker|t3_finalstring
standard,4,b2,blue,jungle,戰士,langwang,standard,1,2,5,1,13455,20604,10241,424.9,9.54,17.68,22.77,3,1,1,2,3,567,461,459,840,3667,5461,8489,5924,333,1080,270,,810,72,,t3_shieldbreaker|t3_finalstring
standard,4,b3,blue,mid,法師,ronghuo,standard,1,1,5,1,21791,16439,10530,436.9,10.97,19.68,,2,0,1,2,2,1378,444,218,1250,3638,5294,7868,5924,1152,,270,450,,72,,t3_psyward
standard,4,b4,blue,adc,射手,shengyan,standard,1,7,5,0,25889,12374,12078,501.2,9.89,19.16,21.43,3,1,1,2,3,180,340,2138,928,3530,5240,9038,5924,882,2160,,,,72,,t3_shieldbreaker|t3_rendspear
standard,4,b5,blue,sup,坦克,dadi,standard,1,0,3,1,3942,23232,11731,486.8,7.85,12.67,18.5,3,1,2,3,3,1459,514,440,2151,4359,7014,9420,5924,243,,270,900,,72,2010,t3_calmveil|t3_thornmail
standard,4,r1,red,top,戰士,dadi2,standard,0,2,0,0,12923,24119,10215,423.9,8.29,19.13,22.76,3,1,1,2,3,893,583,199,85,4043,6113,8849,5924,927,1080,,450,,468,,t3_shieldbreaker|t3_finalstring
standard,4,r2,red,jungle,戰士,langwang,standard,0,6,0,1,12756,15652,13995,580.7,7.33,14.4,19.26,4,1,2,3,4,117,206,374,544,4217,8206,10754,5924,342,1620,135,675,1589,468,,t3_shieldbreaker|t3_finalstring
standard,4,r3,red,mid,法師,ronghuo,standard,0,6,3,2,19916,14234,13185,547.1,11.88,16.13,20.2,3,0,1,2,3,1144,363,1393,1105,3404,6293,10793,5924,666,2700,540,675,,288,,t3_psyward
standard,4,r4,red,adc,射手,shengyan,standard,0,7,6,2,23365,11041,12924,536.3,10.63,19.39,22.57,3,0,1,2,3,1262,340,824,1544,3422,5420,8444,5924,522,1080,,450,,468,,t3_shieldbreaker|t3_rendspear
standard,4,r5,red,sup,坦克,dadi,standard,0,1,1,5,8322,22785,12578,521.9,7.9,12.39,17.35,4,1,2,3,4,720,312,728,378,4620,7552,10708,5924,207,,1215,450,16,468,2427,t3_calmveil|t3_thornmail
standard,5,b1,blue,top,戰士,ronggang,standard,1,1,1,2,10264,22101,10089,431.4,10.51,17.5,22.38,3,0,1,2,3,1210,552,1080,488,3260,6032,8480,5924,468,540,,1260,,288,,t3_shieldbreaker|t3_finalstring
standard,5,b2,blue,jungle,戰士,tielian,standard,1,7,2,1,10547,17587,12695,542.9,9.19,17.17,19.27,3,1,1,3,3,332,1097,232,1344,3432,6227,10082,5924,144,2700,,360,665,288,,t3_shieldbreaker|t3_finalstring
standard,5,b3,blue,mid,法師,gambler,standard,1,0,2,0,16200,13473,8487,362.9,11.16,21.75,,2,0,1,1,2,1180,405,783,336,3440,5735,7283,5924,711,,,360,,288,,t3_psyward
standard,5,b4,blue,adc,射手,mirrorshot,standard,1,5,5,2,18971,10331,11340,484.9,11.5,18.48,22.26,3,0,1,2,3,1055,547,230,139,3215,5447,8480,5924,423,1080,405,360,,288,,t3_shieldbreaker|t3_rendspear
standard,5,b5,blue,sup,輔助,mantra,standard,1,0,2,2,7653,17730,11006,470.7,7.13,13.33,15.92,4,1,2,3,4,1778,327,500,506,4278,7057,9730,5924,90,,405,810,15,288,2197,t3_calmveil
standard,5,r1,red,top,戰士,ronggang,standard,0,3,3,0,10130,22838,10020,428.5,11.44,18.48,22.28,3,0,1,2,3,1282,270,316,119,3332,4970,8066,5924,612,1080,,450,,0,,t3_shieldbreaker|t3_finalstring
standard,5,r2,red,jungle,戰士,tielian,standard,0,3,2,1,13853,16105,10867,464.7,9.85,15.78,22.26,3,1,1,2,3,667,785,80,536,3767,6215,8630,5924,468,1080,,,1157,0,,t3_shieldbreaker|t3_finalstring
standard,5,r3,red,mid,法師,gambler,standard,0,0,2,3,16249,12658,9381,401.2,11.83,20.4,,2,0,1,1,2,1144,264,882,1050,3404,5114,7382,5924,768,,540,150,,0,,t3_psyward
standard,5,r4,red,adc,射手,mirrorshot,standard,0,5,4,1,22258,10928,12510,535,10.81,19.69,22.16,3,0,1,2,3,1271,331,388,709,3431,5411,7388,5924,819,,270,374,,0,,t3_shieldbreaker|t3_rendspear
standard,5,r5,red,sup,輔助,mantra,standard,0,1,2,1,6790,15849,11545,493.7,7.16,13.63,17.47,4,1,2,3,4,560,330,471,95,4260,6510,9051,5924,212,,,374,,0,2539,t3_calmveil
standard,6,b1,blue,top,戰士,jingci,standard,0,1,6,0,13200,30611,10420,380.8,9.85,17.16,25.53,3,1,1,2,3,218,426,192,220,3368,5906,7892,5924,420,540,,720,,288,,t3_shieldbreaker|t3_finalstring
standard,6,b2,blue,jungle,戰士,greymantle,standard,0,0,3,0,8568,22049,10434,381.3,9.98,17.77,25.43,3,1,1,2,3,555,522,495,284,3655,5952,7845,5924,324,,,270,1038,288,,t3_shieldbreaker|t3_finalstring
standard,6,b3,blue,mid,法師,ronghuo,standard,0,1,7,0,22438,17008,10534,384.9,11.02,20.94,,2,0,1,1,2,1342,486,1194,1134,3602,6086,7694,5924,762,,,720,,288,,t3_psyward
standard,6,b4,blue,adc,射手,hanbing,standard,0,12,8,1,51469,14621,17113,625.3,10.55,16.73,20.12,4,0,1,2,4,1361,829,1691,3263,3521,6509,10241,5924,878,2160,270,720,,288,,t3_shieldbreaker|t3_rendspear
standard,6,b5,blue,sup,輔助,xuemai,standard,0,0,3,0,8226,22836,11181,408.5,6.91,12.18,17.3,4,1,2,3,4,32,284,580,220,4332,7014,8760,5924,207,,,270,,288,2071,t3_calmveil
standard,6,r1,red,top,戰士,jingci,standard,1,1,2,1,13867,34135,11251,411.1,10.78,17.99,23.94,3,0,1,2,3,1786,348,72,451,3836,5528,8372,5924,594,540,,1080,,234,,t3_shieldbreaker|t3_finalstring
standard,6,r2,red,jungle,戰士,greymantle,standard,1,7,1,0,12974,21183,14576,532.6,9.34,16.39,20.13,4,1,1,2,4,419,911,1251,1645,3519,6041,9801,5924,417,2160,,180,885,234,,t3_shieldbreaker|t3_finalstring
standard,6,r3,red,mid,法師,ronghuo,standard,1,4,0,5,27427,17116,14341,524,10.67,19.08,24.86,4,0,1,2,4,1576,222,318,691,3836,5672,8168,5924,1020,,810,180,,234,,t3_psyward
standard,6,r4,red,adc,射手,hanbing,standard,1,15,9,0,47539,15563,17809,650.8,11.31,17.93,21.39,5,0,1,2,5,1289,289,1121,2209,3449,5069,8741,5924,783,1620,,180,,234,,t3_shieldbreaker|t3_rendspear
standard,6,r5,red,sup,輔助,xuemai,standard,1,0,2,3,9388,18628,12867,470.2,8.32,12.45,17.92,4,1,2,3,4,914,711,889,1486,4314,6591,8889,5924,461,,270,180,,144,1909,t3_calmveil
standard,7,b1,blue,top,戰士,longyi,standard,0,0,1,0,5174,21403,7317,355.9,9.79,19.35,,2,1,1,2,2,146,862,498,187,3296,5312,7148,5924,702,,,450,,72,,t3_shieldbreaker|t3_finalstring
standard,7,b2,blue,jungle,刺客,jingxiang,standard,0,0,5,0,4371,10383,7554,367.5,9.14,18.71,,2,1,1,2,2,510,552,173,374,3710,5532,7353,5924,351,,,,1005,72,,t3_finalstring
standard,7,b3,blue,mid,法師,haixiao,standard,0,0,5,1,10836,13600,7794,379.1,11.18,20.13,,2,0,1,1,2,1288,155,875,144,3548,5285,7355,5924,909,,,450,,72,,t3_psyward
standard,7,b4,blue,adc,射手,xuanfeng,standard,0,1,4,0,13881,12219,7803,379.6,11.01,19.88,,2,0,1,2,2,1136,172,194,423,3296,4952,7094,5924,648,,,450,,72,,t3_shieldbreaker|t3_rendspear
standard,7,b5,blue,sup,坦克,longji,standard,0,0,3,0,4713,18123,9497,461.9,8.88,14.08,19.02,3,1,2,3,3,360,247,1055,416,4260,6447,9255,5924,270,,,450,,72,2539,t3_calmveil|t3_thornmail
standard,7,r1,red,top,戰士,longyi,standard,1,1,0,2,7363,16838,9126,443.9,9.9,16.92,,2,1,1,2,2,380,124,127,476,3530,5654,8777,5924,666,540,225,990,,432,,t3_shieldbreaker|t3_finalstring
standard,7,r2,red,jungle,刺客,jingxiang,standard,1,5,0,0,8456,8444,11692,568.7,9.54,13.1,19.02,3,1,2,3,3,406,95,660,1041,4306,8175,11310,5924,471,2700,,540,1243,432,,t3_finalstring
standard,7,r3,red,mid,法師,haixiao,standard,1,4,1,2,18783,10501,10962,533.2,10.02,17.13,,2,0,1,2,2,1594,1044,1213,1562,3854,7544,10613,5924,882,2160,225,990,,432,,t3_psyward
standard,7,r4,red,adc,射手,xuanfeng,standard,1,6,0,2,23166,7145,11682,568.3,9.89,18.49,19.58,3,1,1,3,3,63,1003,253,1682,3413,6383,10253,5924,837,2160,360,540,,432,,t3_shieldbreaker|t3_rendspear
standard,7,r5,red,sup,坦克,longji,standard,1,2,0,5,7765,15628,12386,602.5,7.43,12.48,14.79,4,1,3,3,4,600,247,1984,785,4500,8847,11964,5924,239,1080,1080,990,,432,2218,t3_calmveil|t3_thornmail
standard,8,b1,blue,top,戰士,chichuan,standard,1,1,1,0,13475,28904,9778,394.8,10.01,18.68,,2,0,1,2,2,1354,460,412,1127,3404,5510,7562,5924,594,,,900,,144,,t3_shieldbreaker|t3_finalstring
standard,8,b2,blue,jungle,刺客,guihuo,standard,1,0,4,0,7683,11739,9023,364.3,10.26,19.37,,2,0,1,2,2,1546,510,421,943,3476,5310,7121,5924,162,,,,891,144,,t3_finalstring
standard,8,b3,blue,mid,法師,leiming,standard,1,3,4,1,21950,15619,10714,432.6,11.95,19.27,,2,0,1,2,2,1198,300,108,1313,3458,5150,7958,5924,630,540,270,450,,144,,t3_psyward
standard,8,b4,blue,adc,射手,dawnstrike,standard,1,9,7,1,29690,13309,14318,578.1,9.98,17.46,20.66,4,1,1,2,4,216,329,970,1097,3566,6009,9870,5924,648,2160,270,675,48,144,,t3_shieldbreaker|t3_rendspear
standard,8,b5,blue,sup,坦克,thornwall,standard,1,1,3,0,6672,21989,11674,471.4,9.03,13.08,18.93,4,1,2,3,4,105,297,1348,374,4305,7077,9948,5924,126,540,,675,,144,2539,t3_calmveil|t3_thornmail
standard,8,r1,red,top,戰士,chichuan,standard,0,4,0,1,15986,28120,11353,458.4,9.53,18.13,22.59,3,1,1,2,3,173,391,211,322,3323,5321,7661,5924,531,540,,270,,396,,t3_shieldbreaker|t3_finalstring
standard,8,r2,red,jungle,刺客,guihuo,standard,0,6,2,1,12574,11736,13917,561.9,8.85,16.48,21.03,4,1,1,2,4,670,1324,1640,516,3870,6474,10020,5924,148,1620,,270,1661,396,,t3_finalstring
standard,8,r3,red,mid,法師,leiming,standard,0,0,5,1,12721,13784,9889,399.3,11.18,19.63,,2,0,1,2,2,1165,417,129,488,3425,5567,7979,5924,849,,270,720,,216,,t3_psyward
standard,8,r4,red,adc,射手,dawnstrike,standard,0,6,7,1,26477,11795,12316,497.3,10.75,18.77,22.88,3,0,1,2,3,1190,604,74,935,3350,5384,7994,5924,594,540,270,270,,396,,t3_shieldbreaker|t3_rendspear
standard,8,r5,red,sup,坦克,thornwall,standard,0,3,0,4,10508,21846,13603,549.2,7.91,12.21,17.54,4,1,2,3,4,1202,163,741,1402,4802,7403,10721,5924,145,1080,540,270,,396,2365,t3_calmveil|t3_thornmail
standard,9,b1,blue,top,戰士,xueyue,standard,0,1,5,0,10097,24512,9217,382.7,11.22,18.22,,2,0,1,2,2,1228,570,202,987,3278,5450,7952,5924,498,540,,810,,180,,t3_shieldbreaker|t3_finalstring
standard,9,b2,blue,jungle,刺客,jiansheng,standard,0,0,6,1,6803,10411,9470,393.2,9.34,19.57,,2,1,1,2,2,305,460,282,1389,3505,5740,7882,5924,255,,270,360,893,180,,t3_finalstring
standard,9,b3,blue,mid,法師,haixiao,standard,0,3,6,0,11677,15339,9916,411.8,11.51,20.01,,2,0,1,1,2,1090,99,1101,516,3350,5549,7601,5924,596,540,,360,,180,,t3_psyward
standard,9,b4,blue,adc,射手,yanfeng,standard,0,3,5,1,16247,11276,10177,422.6,10.58,19.65,23.66,3,0,1,2,3,1208,304,286,177,3368,5504,7286,5924,552,,270,360,,180,,t3_shieldbreaker|t3_rendspear
standard,9,b5,blue,sup,輔助,shengming,standard,0,0,6,1,4630,17131,10444,433.6,7.13,12.82,16.92,3,1,2,3,3,560,83,412,1403,4260,6813,8872,5924,149,,,810,,0,1988,t3_calmveil
standard,9,r1,red,top,戰士,xueyue,standard,1,12,0,1,23956,25046,17018,706.6,9.89,15.89,19.14,5,1,1,3,5,284,1287,489,1717,3434,6767,10389,5924,735,2700,135,450,48,396,,t3_shieldbreaker|t3_finalstring
standard,9,r2,red,jungle,刺客,jiansheng,standard,1,2,1,2,8522,11353,11377,472.4,8.46,17.22,20.76,3,1,1,2,3,749,702,1277,1726,3949,6282,9607,5924,495,1080,405,,1306,396,,t3_finalstring
standard,9,r3,red,mid,法師,haixiao,standard,1,3,2,4,14229,13235,11910,494.5,11.41,19.11,23.66,3,0,1,2,3,1342,206,581,479,3602,5236,8611,5924,985,540,540,225,,396,,t3_psyward
standard,9,r4,red,adc,射手,yanfeng,standard,1,11,3,0,25063,11009,15214,631.7,11.43,17.44,19.9,4,0,1,3,4,1235,793,163,1364,3395,5573,10163,5924,693,2700,,450,,396,,t3_shieldbreaker|t3_rendspear
standard,9,r5,red,sup,輔助,shengming,standard,1,0,1,7,6141,13220,12046,500.2,7.88,12.93,17.12,4,1,2,3,4,370,184,633,1645,4320,6734,9673,5924,259,,1080,225,,216,1968,t3_calmveil
standard,10,b1,blue,top,戰士,langwang,standard,0,1,3,0,14821,31936,9257,387.2,10.01,19.35,,2,0,1,2,2,1453,301,319,607,3503,5231,7769,5924,693,540,,450,,162,,t3_shieldbreaker|t3_finalstring
standard,10,b2,blue,jungle,刺客,youming,standard,0,2,3,2,8309,14097,10653,445.6,9.23,17.11,23.67,3,1,1,2,3,415,291,352,173,3615,5621,8132,5924,414,540,540,,551,162,,t3_finalstring
standard,10,b3,blue,mid,法師,leiming,standard,0,6,4,0,15413,15240,11653,487.4,11.65,18.03,23.7,3,0,1,2,3,1149,403,163,102,3409,5713,8563,5924,706,1620,,150,,162,,t3_psyward
standard,10,b4,blue,adc,射手,siwang,standard,0,6,3,2,21768,13735,12611,527.5,10.75,18.64,21.4,3,0,1,2,3,1172,463,1421,1461,3332,4943,8801,5924,495,1620,540,149,,72,,t3_shieldbreaker|t3_rendspear
standard,10,b5,blue,sup,坦克,tiemu,standard,0,0,1,2,8794,19221,11483,480.3,8.39,14.71,17.91,4,1,2,3,4,755,534,149,103,4355,6734,9689,5924,283,,270,599,48,162,2400,t3_calmveil|t3_thornmail
standard,10,r1,red,top,戰士,langwang,standard,1,2,2,1,15275,27006,10413,435.5,9.83,17.37,22.34,3,1,1,2,3,470,898,316,463,3620,6428,8966,5924,918,1080,270,630,,144,,t3_shieldbreaker|t3_finalstring
standard,10,r2,red,jungle,刺客,youming,standard,1,1,3,1,9741,13674,9702,405.8,9.38,16.27,,2,1,1,2,2,425,738,179,1322,3625,6368,8259,5924,189,540,270,180,1011,144,,t3_finalstring
standard,10,r3,red,mid,法師,leiming,standard,1,3,4,0,20799,15104,11315,473.3,12.66,16.18,22.97,3,0,1,2,3,1135,303,151,485,3395,6803,9431,5924,663,1620,,1080,,144,,t3_psyward
standard,10,r4,red,adc,射手,siwang,standard,1,8,6,0,25689,10274,12659,529.5,9.82,18.38,22.6,3,1,1,2,3,63,193,977,859,3413,5393,8597,5924,729,1620,,180,,144,,t3_shieldbreaker|t3_rendspear
standard,10,r5,red,sup,坦克,tiemu,standard,1,0,0,2,7657,18903,10835,453.2,8.32,13.46,18.82,3,1,2,3,3,1414,438,273,855,4314,7098,9473,5924,200,,540,180,,144,2484,t3_calmveil|t3_thornmail
standard,11,b1,blue,top,戰士,rongyan,standard,0,1,2,0,7544,18074,7239,386.4,10.58,16.23,,2,0,1,,2,1234,620,,509,3284,5570,,,,,,,,,,t3_shieldbreaker|t3_finalstring
standard,11,b2,blue,jungle,刺客,yueying,standard,0,0,6,0,3499,7519,6598,352.2,9.39,17.98,,2,1,1,,2,361,308,,598,3561,5238,,,,,,,,,,t3_finalstring
standard,11,b3,blue,mid,法師,haixiao,standard,0,0,5,0,9705,11589,6333,338.1,12.38,,,1,0,1,,1,1324,438,,553,3584,5168,,,,,,,,,,t3_psyward
standard,11,b4,blue,adc,射手,maestro,standard,0,1,3,0,6886,9088,7287,389,10.38,17.99,,2,0,1,,2,1073,402,,1037,3233,5132,,,,,,,,,,t3_shieldbreaker|t3_rendspear
standard,11,b5,blue,sup,坦克,suishan,standard,0,1,2,0,4399,15623,8547,456.3,8.82,14.22,18.27,3,1,2,,3,672,895,,347,4272,7395,,,,,,,,,,t3_calmveil|t3_thornmail
standard,11,r1,red,top,戰士,rongyan,standard,1,2,0,0,9096,16267,9240,493.3,10.03,15.58,,2,0,1,,2,2506,1141,,590,4556,6671,,,,,,,,,,t3_shieldbreaker|t3_finalstring
standard,11,r2,red,jungle,刺客,yueying,standard,1,8,0,1,8452,8229,13067,697.5,8.53,12.32,15.89,3,1,2,,3,577,1330,,1937,5257,9710,,,,,,,,,,t3_finalstring
standard,11,r3,red,mid,法師,haixiao,standard,1,1,0,3,9429,9617,8331,444.7,10.49,17.51,,2,0,1,,2,1459,399,,781,3719,6599,,,,,,,,,,t3_psyward
standard,11,r4,red,adc,射手,maestro,standard,1,6,2,0,14558,7804,10815,577.3,11.08,16.66,,2,0,1,,2,1352,520,,1915,3512,5600,,,,,,,,,,t3_shieldbreaker|t3_rendspear
standard,11,r5,red,sup,坦克,suishan,standard,1,1,1,4,5678,11550,10244,546.9,6.86,12.83,18.49,3,1,2,,3,1681,1170,,744,4581,7830,,,,,,,,,,t3_calmveil|t3_thornmail
standard,12,b1,blue,top,戰士,embercoil,standard,0,2,2,0,15203,27400,9648,417.4,10.03,16.68,,2,0,1,2,2,1399,237,603,1618,3449,5537,8633,5924,657,1080,,900,,72,,t3_shieldbreaker|t3_finalstring
standard,12,b2,blue,jungle,刺客,yeiren,standard,0,1,4,1,4560,11100,8909,385.4,10.22,18.98,,2,0,1,2,2,1578,402,310,828,3508,5332,7260,5924,36,,270,,957,72,,t3_finalstring
standard,12,b3,blue,mid,法師,leiming,standard,0,3,1,0,14528,14624,10337,447.1,11.62,18.88,22.48,3,0,1,2,3,1266,308,272,186,3526,5218,7702,5924,805,,,900,,72,,t3_psyward
standard,12,b4,blue,adc,射手,liuxing,standard,0,2,5,0,13262,13209,8478,366.7,11.64,19.49,,2,0,1,2,2,1253,495,205,1098,3413,4925,6455,5924,459,,,,,72,,t3_shieldbreaker|t3_rendspear
standard,12,b5,blue,sup,輔助,mingyunyindao,standard,0,2,1,2,5188,17169,11667,504.7,6.3,13.17,16.69,4,1,2,3,4,892,730,1144,787,4292,7460,10184,5924,202,1080,,900,48,72,1956,t3_calmveil
standard,12,r1,red,top,戰士,embercoil,standard,1,1,1,0,12410,25531,10221,442.1,9.91,17.47,22.98,3,1,1,2,3,362,336,222,621,3512,5816,8822,5924,828,540,,1080,,450,,t3_shieldbreaker|t3_finalstring
standard,12,r2,red,jungle,刺客,yeiren,standard,1,4,3,0,10577,12814,11689,505.6,8.27,14.08,19.16,3,1,2,3,3,1290,591,579,608,4490,7241,10229,5924,72,2160,,180,1532,360,,t3_finalstring
standard,12,r3,red,mid,法師,leiming,standard,1,1,3,1,18578,13346,9684,418.9,12.33,19.03,,2,0,1,2,2,1333,291,135,1184,3593,6041,7985,5924,891,,90,630,,450,,t3_psyward
standard,12,r4,red,adc,射手,liuxing,standard,1,7,1,1,23246,8854,12678,548.4,12.44,17.86,22.48,3,0,1,2,3,1352,415,219,1777,3512,6095,9119,5924,855,1620,90,180,,450,,t3_shieldbreaker|t3_rendspear
standard,12,r5,red,sup,輔助,mingyunyindao,standard,1,0,2,1,6111,13691,10827,468.3,7.57,13.29,18.63,3,1,2,3,3,68,280,592,1786,4368,7310,9632,5924,270,,90,1080,,450,1817,t3_calmveil
standard,13,b1,blue,top,坦克,ironclad,standard,0,0,1,0,5663,16463,7381,364.8,9.62,17.21,,2,1,1,2,2,346,226,1160,1231,3296,5276,7310,5924,486,,,900,,0,,t3_calmveil|t3_thornmail
standard,13,b2,blue,jungle,刺客,sting,standard,0,1,4,0,3962,9691,7863,388.6,9.73,18.99,,2,1,1,2,2,293,630,62,132,3493,5430,7792,5924,306,540,,,1021,0,,t3_finalstring
standard,13,b3,blue,mid,法師,mingyun2,standard,0,0,3,0,11897,12594,7633,377.3,12.03,17.69,,2,0,1,2,2,1054,358,132,203,3314,4988,7562,5924,738,,,900,,0,,t3_psyward
standard,13,b4,blue,adc,射手,shensheng,standard,0,1,4,0,12204,11618,7660,378.6,10.48,19.52,,2,0,1,2,2,1181,235,689,760,3341,5015,7589,5924,675,540,,450,,0,,t3_shieldbreaker|t3_rendspear
standard,13,b5,blue,sup,輔助,mingyun,standard,0,0,1,0,3670,13501,8891,439.4,7.81,14.53,18.65,3,1,2,3,3,278,332,360,430,4278,6582,8820,5924,315,,,450,,0,2130,t3_calmveil
standard,13,r1,red,top,坦克,ironclad,standard,1,3,0,1,12270,20623,10290,508.6,9.83,13.13,17.39,3,1,2,3,3,71,325,709,359,3921,6655,10039,5924,576,1620,270,1080,64,504,,t3_calmveil|t3_thornmail
standard,13,r2,red,jungle,刺客,sting,standard,1,5,0,1,7300,10350,11429,564.9,8.65,14.28,20.02,3,1,2,2,3,260,892,2848,349,4110,7842,11178,5924,186,2700,270,405,1189,504,,t3_finalstring
standard,13,r3,red,mid,法師,mingyun2,standard,1,3,0,1,14295,9703,10123,500.3,11.3,17.47,,2,0,1,2,2,1318,264,472,723,3578,6494,9872,5924,924,1620,270,630,,504,,t3_psyward
standard,13,r4,red,adc,射手,shensheng,standard,1,2,1,0,10470,6984,9724,480.6,10.48,16.08,,2,0,1,2,2,1346,1012,923,1174,3506,6692,9473,5924,1334,1080,,630,,504,,t3_shieldbreaker|t3_rendspear
standard,13,r5,red,sup,輔助,mingyun,standard,1,0,1,4,5209,9419,10808,534.2,7.03,11.53,15.83,3,1,2,3,3,359,275,1445,1767,4359,7305,10485,5924,290,,1080,855,,504,1830,t3_calmveil
standard,14,b1,blue,top,坦克,tieshixin,standard,0,1,2,2,11275,24880,8803,387.2,8.78,15.8,,2,1,1,2,2,472,596,686,1513,3422,5996,7976,5924,702,540,360,450,,0,,t3_calmveil|t3_thornmail
standard,14,b2,blue,jungle,刺客,binghe,standard,0,1,5,1,4935,11668,8942,393.4,9.9,17.95,,2,1,1,2,2,629,1004,506,512,3829,5854,7986,5924,180,540,270,450,621,0,,t3_finalstring
standard,14,b3,blue,mid,法師,bingshuang,standard,0,1,6,1,18079,14708,8416,370.2,11.2,20.59,,2,0,1,1,2,1306,431,1037,166,3566,5861,7517,5924,963,540,90,,,0,,t3_psyward
standard,14,b4,blue,adc,射手,mori,standard,0,4,3,0,14147,13223,10488,461.4,10.7,18.33,21.58,3,0,1,2,3,1451,219,449,408,3611,5899,8599,5924,1017,1620,,,38,0,,t3_shieldbreaker|t3_rendspear
standard,14,b5,blue,sup,坦克,tixue,standard,0,1,3,1,6624,22885,10427,458.7,7.61,12.55,17.77,3,1,2,3,3,78,391,548,847,4278,7491,9528,5924,162,540,90,450,,0,2361,t3_calmveil|t3_thornmail
standard,14,r1,red,top,坦克,tieshixin,standard,1,1,0,1,12673,22798,9640,424.1,8.16,13.07,21.08,3,1,2,2,3,1120,703,1199,690,4070,6653,8489,5924,702,540,270,495,,558,,t3_calmveil|t3_thornmail
standard,14,r2,red,jungle,刺客,binghe,standard,1,12,2,0,16364,11878,16138,709.9,8.82,12.31,17.11,4,1,2,3,4,559,1678,1800,2738,4459,8378,12680,5924,90,4320,,495,1292,558,,t3_finalstring
standard,14,r3,red,mid,法師,bingshuang,standard,1,2,3,0,16976,13094,10459,460.1,11.24,18.68,,2,0,1,2,2,1216,180,180,1059,3476,5780,8210,5924,1008,,,720,,558,,t3_psyward
standard,14,r4,red,adc,射手,mori,standard,1,4,3,4,21673,10819,11908,523.8,10.7,19.58,20.33,3,0,1,2,3,1478,442,1262,1388,3638,6122,9542,5924,990,1620,,720,,288,,t3_shieldbreaker|t3_rendspear
standard,14,r5,red,sup,坦克,tixue,standard,1,0,0,6,8934,16562,12220,537.5,8.78,13.74,18.68,3,1,2,3,3,105,697,414,2240,4305,6897,10394,5924,126,,540,720,,558,2526,t3_calmveil|t3_thornmail
standard,15,b1,blue,top,坦克,bingshouweis,standard,0,0,4,1,7031,21481,8139,389,9.87,16.73,,2,1,1,2,2,562,751,529,509,3512,5501,7859,5924,765,,270,900,,0,,t3_calmveil|t3_thornmail
standard,15,b2,blue,jungle,刺客,shanying,standard,0,0,3,0,5014,10151,7819,373.7,10.27,18.36,,2,0,1,2,2,1517,124,340,388,3447,5224,7470,5924,270,,,450,826,0,,t3_finalstring
standard,15,b3,blue,mid,法師,mingyun2,standard,0,1,5,1,10967,14613,8292,396.3,12.98,18.45,,2,0,1,2,2,1126,66,132,382,3386,5096,7742,5924,828,540,,450,,0,,t3_psyward
standard,15,b4,blue,adc,射手,leiting,standard,0,1,4,0,9189,11344,7554,361,11.73,19.02,,2,0,1,2,2,1100,192,484,1304,3260,5222,6734,5924,360,,,450,,0,,t3_shieldbreaker|t3_rendspear
standard,15,b5,blue,sup,輔助,linghun,standard,0,0,2,0,3657,15634,8985,429.4,7.31,13.19,19.28,3,1,2,3,3,215,253,264,544,4215,6433,8704,5924,153,,,450,48,0,2128,t3_calmveil
standard,15,r1,red,top,坦克,bingshouweis,standard,1,5,0,0,9259,16802,11478,548.5,9.1,13.31,19.38,3,1,2,3,3,862,332,620,1548,4412,6482,10550,5924,666,2700,,720,,540,,t3_calmveil|t3_thornmail
standard,15,r2,red,jungle,刺客,shanying,standard,1,3,0,0,6238,7948,10128,484,9.44,15.76,,2,1,1,2,2,394,1272,1305,1797,3594,5902,9635,5924,54,1620,,270,1226,540,,t3_finalstring
standard,15,r3,red,mid,法師,mingyun2,standard,1,4,1,1,14171,10773,11682,558.3,11.4,16.77,,2,0,1,2,2,1432,774,1264,2282,3692,7274,10664,5924,990,1620,270,1320,,540,,t3_psyward
standard,15,r4,red,adc,射手,leiting,standard,1,6,1,4,22211,8436,12591,601.7,10.69,17.88,19.78,3,0,1,3,3,1217,817,139,791,3377,5897,10439,5924,585,1620,1080,869,,360,,t3_shieldbreaker|t3_rendspear
standard,15,r5,red,sup,輔助,linghun,standard,1,0,0,2,4888,11896,9840,470.2,6.73,12.27,20.28,3,1,2,2,3,266,214,2350,799,4566,6944,9380,5924,261,,540,419,,540,1694,t3_calmveil
standard,16,b1,blue,top,坦克,tiebi,standard,1,1,1,0,13278,29941,11348,426.2,9.73,14.33,21.77,3,1,2,2,3,142,362,674,1417,3692,6212,7904,5924,936,540,,270,,234,,t3_calmveil|t3_thornmail
standard,16,b2,blue,jungle,刺客,dianguang,standard,1,0,2,0,7881,16574,10446,392.4,9.81,17.17,25.06,3,1,1,2,3,164,253,691,496,3364,5833,7821,5924,180,,,720,762,234,,t3_finalstring
standard,16,b3,blue,mid,法師,bingshuang,standard,1,7,7,0,18179,18098,13283,498.9,10.48,18.93,24.97,3,0,1,2,3,1252,315,705,802,3512,5915,8255,5924,747,1080,,270,,234,,t3_psyward
standard,16,b4,blue,adc,射手,liangzi,standard,1,8,6,1,35165,12734,14817,556.5,10.97,19.54,22.16,4,0,1,2,4,1338,377,269,1216,3498,5577,8169,5924,657,,135,1170,48,234,,t3_shieldbreaker|t3_rendspear
standard,16,b5,blue,sup,輔助,huanjing,standard,1,1,5,1,9654,21090,11555,434,8.83,13.03,17.55,4,1,2,3,4,663,121,1029,675,4363,6851,9029,5924,216,540,135,270,48,144,1751,t3_calmveil
standard,16,r1,red,top,坦克,tiebi,standard,0,3,1,1,18403,34027,12331,463.1,8.15,14.48,17.19,4,1,2,3,4,814,325,235,780,3764,6655,10165,5924,1098,1620,270,900,64,288,,t3_calmveil|t3_thornmail
standard,16,r2,red,jungle,刺客,dianguang,standard,0,6,2,0,14542,15122,13556,509.1,9.88,16.43,22.03,4,1,1,2,4,324,1020,1199,805,3524,6120,9529,5924,270,2160,,,886,288,,t3_finalstring
standard,16,r3,red,mid,法師,bingshuang,standard,0,3,4,3,24439,17056,12725,477.9,11.29,18.94,23.82,3,0,1,2,3,1252,372,1209,824,3512,5222,8759,5924,702,540,405,900,,288,,t3_psyward
standard,16,r4,red,adc,射手,liangzi,standard,0,9,8,1,27660,12532,14012,526.3,10.17,18.48,23.19,4,0,1,2,4,1172,340,1192,161,3332,5420,8192,5924,630,1080,270,,,288,,t3_shieldbreaker|t3_rendspear
standard,16,r5,red,sup,輔助,huanjing,standard,0,0,2,2,9792,18733,12192,457.9,7.83,13.5,18.98,4,1,2,3,4,305,135,702,1492,4305,6615,9162,5924,216,,405,450,,288,1879,t3_calmveil
standard,17,b1,blue,top,坦克,shengdun,standard,1,1,2,0,11872,25285,10397,421.1,9.29,16.48,21.16,3,1,1,2,3,400,360,1492,967,3350,5510,7742,5924,540,540,,450,,288,,t3_calmveil|t3_thornmail
standard,17,b2,blue,jungle,戰士,tielian,standard,1,3,0,0,14277,17298,10731,434.6,8.68,18.33,23.11,3,1,1,2,3,403,764,325,351,3503,5944,8325,5924,432,1080,,,600,288,,t3_finalstring|t3_shieldbreaker
standard,17,b3,blue,mid,法師,mingyun2,standard,1,1,5,1,15617,14898,10313,417.7,11.35,21.03,,2,0,1,1,2,1216,78,1152,913,3476,5528,7652,5924,720,,270,450,,288,,t3_psyward
standard,17,b4,blue,adc,射手,shengyan,standard,1,5,4,2,26249,13222,11915,482.6,10.64,19.88,24.1,3,0,1,2,3,1181,478,128,1065,3341,5258,7328,5924,621,,270,225,,288,,t3_shieldbreaker|t3_rendspear
standard,17,b5,blue,sup,坦克,dadi,standard,1,0,2,0,6918,22563,12076,489.1,7.9,13.83,19.48,4,1,2,3,4,477,652,283,475,4377,6852,9183,5924,207,,,225,,288,2539,t3_calmveil|t3_thornmail
standard,17,r1,red,top,坦克,shengdun,standard,0,3,1,2,14764,24387,11474,464.7,10.12,15.45,19.81,4,0,1,3,4,1720,452,316,124,3350,5852,8966,5924,702,1080,,1080,,180,,t3_calmveil|t3_thornmail
standard,17,r2,red,jungle,戰士,tielian,standard,0,1,2,1,9947,16189,10212,413.6,9.04,17.57,23.01,3,1,1,2,3,441,1898,57,311,3541,6478,8357,5924,144,540,,180,1388,180,,t3_finalstring|t3_shieldbreaker
standard,17,r3,red,mid,法師,mingyun2,standard,0,5,1,2,23700,14758,12221,495,11.88,18.29,22.56,3,0,1,2,3,1288,42,288,1191,3548,5942,8318,5924,774,540,270,630,,180,,t3_psyward
standard,17,r4,red,adc,射手,shengyan,standard,0,4,4,0,17707,12262,10385,420.6,10.36,21.06,,2,0,1,1,2,1136,151,952,1805,3296,5051,6752,5924,648,,,180,,0,,t3_shieldbreaker|t3_rendspear
standard,17,r5,red,sup,坦克,dadi,standard,0,0,2,2,6766,20655,10738,434.9,7.78,13.16,19.2,3,1,2,3,3,633,438,277,757,4233,6798,8877,5924,180,,,630,,180,1963,t3_calmveil|t3_thornmail
standard,18,b1,blue,top,坦克,shiqiang,standard,0,0,2,1,7929,21499,8064,352,9.97,16.66,,2,1,1,2,2,346,296,34,334,3296,5096,7184,5924,540,,270,450,,0,,t3_calmveil|t3_thornmail
standard,18,b2,blue,jungle,戰士,greymantle,standard,0,2,5,0,11486,21573,8932,389.9,9.26,20.57,,2,1,1,1,2,462,352,1395,331,3562,5232,6875,5924,309,,,,641,0,,t3_finalstring|t3_shieldbreaker
standard,18,b3,blue,mid,法師,bingshuang,standard,0,1,5,0,17235,15523,8688,379.3,11.69,19.52,,2,0,1,2,2,1252,126,16,278,3512,5636,7646,5924,732,540,,450,,0,,t3_psyward
standard,18,b4,blue,adc,射手,mirrorshot,standard,0,3,3,0,15362,11581,9144,399.2,10.77,17.47,,2,0,1,2,2,1316,340,150,694,3476,6140,7670,5924,666,1080,,,,0,,t3_shieldbreaker|t3_rendspear
standard,18,b5,blue,sup,坦克,ironclad,standard,0,0,3,2,6777,22082,10860,474.1,7.98,14.3,18.38,3,1,2,3,3,114,307,310,1279,4314,6787,8810,5924,236,,270,450,24,0,1904,t3_calmveil|t3_thornmail
standard,18,r1,red,top,坦克,shiqiang,standard,1,2,0,1,12034,19112,11070,483.2,8.67,15.3,19.02,3,1,1,3,3,580,848,160,1040,3530,6248,9290,5924,924,1080,,810,,552,,t3_calmveil|t3_thornmail
standard,18,r2,red,jungle,戰士,greymantle,standard,1,4,1,0,11473,14679,11569,505,7.36,17.58,21.01,3,1,1,2,3,296,990,520,1019,4096,6470,9120,5924,90,1080,,360,1113,552,,t3_finalstring|t3_shieldbreaker
standard,18,r3,red,mid,法師,bingshuang,standard,1,7,2,1,25007,13420,12984,566.8,11.28,15.79,20.08,3,0,1,2,3,1309,888,1462,904,3569,7388,10862,5924,771,3240,135,360,,432,,t3_psyward
standard,18,r4,red,adc,射手,mirrorshot,standard,1,4,2,4,22643,11404,11550,504.2,10.3,17.57,22.38,3,0,1,2,3,1199,253,1454,1029,3359,6053,8834,5924,513,540,945,360,,551,,t3_shieldbreaker|t3_rendspear
standard,18,r5,red,sup,坦克,ironclad,standard,1,1,1,3,8904,18627,11382,496.9,7.24,13.51,19.85,3,1,2,3,3,417,367,282,1402,4617,7307,9782,5924,221,,540,810,,432,1854,t3_calmveil|t3_thornmail
standard,19,b1,blue,top,坦克,tiemu,standard,0,0,3,0,9966,25593,9603,389.8,9.37,15.78,21.42,3,1,1,2,3,697,489,371,452,3647,5789,7301,5924,891,,,270,,216,,t3_calmveil|t3_thornmail
standard,19,b2,blue,jungle,戰士,chichuan,standard,0,1,3,0,6762,16614,10004,406.1,9.31,18.68,24.42,3,1,1,2,3,473,1087,362,453,3573,5737,7712,5924,360,,,270,941,216,,t3_shieldbreaker|t3_finalstring
standard,19,b3,blue,mid,法師,lieyan,standard,0,0,8,0,18382,14432,8964,363.9,11.81,21.08,,2,0,1,1,2,1198,174,1008,513,3458,5924,7508,5924,648,,,720,,216,,t3_psyward
standard,19,b4,blue,adc,射手,hanbing,standard,0,6,4,0,20782,10130,12000,487.1,10.94,18.52,22.22,3,0,1,2,3,1154,100,548,1699,3314,5780,7868,5924,378,1080,,270,,216,,t3_shieldbreaker|t3_rendspear
standard,19,b5,blue,sup,輔助,xuemai,standard,0,0,5,0,7254,19821,9924,402.9,7.22,13.09,19.13,3,1,2,3,3,860,285,277,884,4260,6765,8277,5924,63,,,270,,216,1803,t3_calmveil
standard,19,r1,red,top,坦克,tiemu,standard,1,3,0,0,13651,22536,12003,487.3,8.84,16.62,20.76,4,1,1,2,4,526,796,887,452,3476,5546,8117,5924,690,540,,675,,288,,t3_calmveil|t3_thornmail
standard,19,r2,red,jungle,戰士,chichuan,standard,1,6,2,0,14661,19664,13345,541.7,9.38,15.19,19.56,3,1,1,3,3,747,1448,434,1994,3847,6878,10464,5924,396,2700,,,1155,288,,t3_shieldbreaker|t3_finalstring
standard,19,r3,red,mid,法師,lieyan,standard,1,9,2,2,24222,15729,14937,606.4,10.89,17.97,20.65,4,0,1,2,4,1324,108,481,1586,3584,5438,9881,5924,1014,2160,270,225,,288,,t3_psyward
standard,19,r4,red,adc,射手,hanbing,standard,1,5,3,0,19219,10529,11754,477.1,11.58,19.83,22.57,3,0,1,2,3,1100,190,256,373,3260,4970,7256,5924,594,,,450,,288,,t3_shieldbreaker|t3_rendspear
standard,19,r5,red,sup,輔助,xuemai,standard,1,0,0,4,7075,15855,12374,502.3,6.57,12.7,17.97,4,1,2,3,4,251,32,414,1574,4251,6512,9164,5924,257,,810,,,288,1883,t3_calmveil
standard,20,b1,blue,top,坦克,longji,standard,1,0,0,0,7310,17063,7646,385,10.09,17.69,,2,0,1,,2,1720,414,,655,3350,5564,,,,,,,,,,t3_calmveil|t3_thornmail
standard,20,b2,blue,jungle,戰士,dadi2,standard,1,0,0,0,6112,9483,7754,390.5,8.88,17.44,,2,1,1,,2,575,802,,654,3675,5982,,,,,,,,,,t3_finalstring|t3_shieldbreaker
standard,20,b3,blue,mid,法師,shikong,standard,1,1,4,0,12870,11382,7880,396.8,11.3,19.78,,2,0,1,,2,1378,198,,29,3638,5798,,,,,,,,,,t3_psyward
standard,20,b4,blue,adc,射手,tianfa,standard,1,3,1,0,17150,9750,9722,489.6,9.81,16.13,,2,1,1,,2,132,406,,2221,3482,5606,,,,,,,,,,t3_shieldbreaker|t3_rendspear
standard,20,b5,blue,sup,坦克,tiemu,standard,1,0,1,0,4879,16466,9988,503,8.19,12.8,17.09,3,1,2,,3,450,1626,,608,4350,7986,,,,,,,,,,t3_calmveil|t3_thornmail
standard,20,r1,red,top,坦克,longji,standard,0,3,0,1,7190,16524,9644,485.6,9.68,16.06,18.62,3,1,1,,3,508,704,,93,3458,6104,,,,,,,,,,t3_calmveil|t3_thornmail
standard,20,r2,red,jungle,戰士,dadi2,standard,0,0,0,1,7148,9367,8063,406,9.45,17.43,,2,1,1,,2,606,1511,,663,3706,5791,,,,,,,,,,t3_finalstring|t3_shieldbreaker
standard,20,r3,red,mid,法師,shikong,standard,0,2,2,0,11922,11009,8444,425.2,12.03,19.13,,2,0,1,,2,1120,348,,893,3380,5678,,,,,,,,,,t3_psyward
standard,20,r4,red,adc,射手,tianfa,standard,0,1,2,2,14931,10501,7763,390.9,10.89,19.62,,2,0,1,,2,1091,313,,862,3251,5213,,,,,,,,,,t3_shieldbreaker|t3_rendspear
standard,20,r5,red,sup,坦克,tiemu,standard,0,0,0,0,4389,17196,8692,437.7,7.83,13.18,19.58,3,1,2,,3,684,540,,91,4284,6900,,,,,,,,,,t3_calmveil|t3_thornmail
standard,21,b1,blue,top,坦克,tixue,standard,0,1,0,0,10739,23779,9594,415,9.72,15.17,20.38,3,1,1,2,3,472,821,461,464,3422,6221,7751,5924,558,540,,495,,234,,t3_calmveil|t3_thornmail
standard,21,b2,blue,jungle,戰士,fengbao,standard,0,0,3,0,6017,15604,8714,376.9,10.05,18.54,,2,0,1,2,2,1573,965,260,483,3573,5665,7540,5924,270,,,270,842,234,,t3_finalstring|t3_shieldbreaker
standard,21,b3,blue,mid,法師,lieyan,standard,0,3,5,1,19071,14223,9975,431.5,9.41,17.53,,2,1,1,2,2,301,402,384,895,4151,6302,8984,5924,576,1620,135,495,,234,,t3_psyward
standard,21,b4,blue,adc,射手,dawnstrike,standard,0,0,6,1,15624,12233,8508,368,9.93,19.77,,2,1,1,2,2,144,337,315,358,3494,5537,7535,5924,612,,135,720,,144,,t3_shieldbreaker|t3_rendspear
standard,21,b5,blue,sup,坦克,stoneguard,standard,0,1,4,1,7372,21427,10170,439.9,7.31,12.51,18.83,3,1,2,3,3,726,475,17,390,4926,7415,9197,5924,216,540,270,270,,234,1743,t3_calmveil|t3_thornmail
standard,21,r1,red,top,坦克,tixue,standard,1,4,0,1,14691,21382,11151,482.4,8.7,14.38,19.84,3,1,2,3,3,724,160,196,1121,3674,6410,9326,5924,684,1620,270,540,,288,,t3_calmveil|t3_thornmail
standard,21,r2,red,jungle,戰士,fengbao,standard,1,5,0,1,9565,15690,12145,525.4,10.89,17.08,21.59,3,0,1,2,3,1392,237,1141,1114,3392,5717,9741,5924,252,1620,270,315,1072,288,,t3_finalstring|t3_shieldbreaker
standard,21,r3,red,mid,法師,lieyan,standard,1,4,2,1,22345,14598,11268,487.4,11.71,19.39,,2,0,1,2,2,1126,363,87,1868,3386,5393,8417,5924,900,1080,135,90,,288,,t3_psyward
standard,21,r4,red,adc,射手,dawnstrike,standard,1,2,2,4,22200,11153,11043,477.7,10.48,18.83,21.33,3,0,1,2,3,1373,244,443,1143,3533,5324,9023,5924,831,540,675,765,,288,,t3_shieldbreaker|t3_rendspear
standard,21,r5,red,sup,坦克,stoneguard,standard,1,3,1,2,7925,19593,13352,577.6,6.87,12.23,16.83,4,1,2,4,4,288,914,274,1151,4788,8154,11574,5924,212,1620,,990,,288,2539,t3_calmveil|t3_thornmail
standard,22,b1,blue,top,坦克,suishan,standard,0,0,4,0,10764,26416,9559,381.2,8.88,17.67,21.25,3,1,1,2,3,436,148,1418,629,3386,4898,7868,5924,594,,,1350,,0,,t3_calmveil|t3_thornmail
standard,22,b2,blue,jungle,戰士,anliuyouXia,standard,0,0,10,0,7097,20799,8855,353.2,9.54,17.97,,2,1,1,2,2,459,433,110,1525,3559,5333,6960,5924,144,,,,892,0,,t3_shieldbreaker|t3_finalstring
standard,22,b3,blue,mid,法師,shikong,standard,0,1,9,0,12740,18751,10207,407.1,11.41,18.48,23.15,3,0,1,2,3,1126,178,198,757,3386,5078,7148,5924,774,,,450,,0,,t3_psyward
standard,22,b4,blue,adc,射手,yanfeng,standard,0,3,5,0,24977,15475,10483,418.1,10.23,19.26,22.93,3,0,1,2,3,1334,612,164,103,3494,5042,6734,5924,810,,,,,0,,t3_shieldbreaker|t3_rendspear
standard,22,b5,blue,sup,輔助,shengming,standard,0,0,4,0,5611,23866,10117,403.5,7.62,13.12,17.53,3,1,2,3,3,1205,339,290,1076,4305,6519,8570,5924,270,,,450,,0,1925,t3_calmveil
standard,22,r1,red,top,坦克,suishan,standard,1,6,0,1,15828,22676,13651,544.4,6.3,13.2,18.69,4,1,2,3,4,148,236,1766,1501,4898,7166,11216,5924,558,2700,270,1260,,504,,t3_calmveil|t3_thornmail
standard,22,r2,red,jungle,戰士,anliuyouXia,standard,1,10,2,0,18359,22241,15430,615.4,8.96,13.17,17.72,5,1,2,3,5,616,615,1044,180,4846,8265,12394,5924,399,4320,,360,886,504,,t3_shieldbreaker|t3_finalstring
standard,22,r3,red,mid,法師,shikong,standard,1,4,1,2,22603,13663,11812,471.1,12.28,18.2,24.1,3,0,1,2,3,1126,186,187,212,3386,6086,8687,5924,594,1080,225,360,,504,,t3_psyward
standard,22,r4,red,adc,射手,yanfeng,standard,1,12,1,4,40891,11009,17410,694.3,9.31,18.25,20.68,4,1,1,2,4,324,154,777,3560,3674,5834,9677,5924,504,1620,765,360,,504,,t3_shieldbreaker|t3_rendspear
standard,22,r5,red,sup,輔助,shengming,standard,1,0,0,13,6194,15154,15086,601.6,6.53,12.29,13.93,5,1,3,4,5,254,700,455,1886,4854,8400,11835,5924,104,,2250,810,,504,2242,t3_calmveil
standard,23,b1,blue,top,坦克,thornwall,standard,0,1,1,0,8443,23349,8545,381.2,9.09,16.93,21.75,3,1,1,2,3,598,346,148,395,3548,5096,7778,5924,612,540,,450,,252,,t3_calmveil|t3_thornmail
standard,23,b2,blue,jungle,戰士,embercoil,standard,0,1,5,0,9718,15534,8698,388,10.68,17.77,,2,0,1,2,2,1548,248,274,517,3548,5378,7804,5924,153,540,,,935,252,,t3_shieldbreaker|t3_finalstring
standard,23,b3,blue,mid,法師,lieyan,standard,0,0,6,0,10310,15041,7950,354.6,12.03,20.83,,2,0,1,1,2,1198,82,1102,299,3458,5112,7182,5924,720,,,450,16,72,,t3_psyward
standard,23,b4,blue,adc,射手,siwang,standard,0,5,7,2,19358,12002,10768,480.4,10.29,18.55,21.38,3,0,1,2,3,1289,505,1007,118,3449,5105,8957,5924,621,1620,540,,,252,,t3_shieldbreaker|t3_rendspear
standard,23,b5,blue,sup,輔助,mingyun,standard,0,0,4,1,4083,16644,10191,454.6,7.15,11.93,17.71,3,1,2,3,3,400,486,420,1150,4350,7036,9460,5924,162,,270,900,48,252,1902,t3_calmveil
standard,23,r1,red,top,坦克,thornwall,standard,1,1,0,3,7862,20398,10329,460.8,10.18,15.54,22.17,3,0,1,2,3,1924,401,1018,398,3514,5701,8248,5924,532,,675,720,,396,,t3_calmveil|t3_thornmail
standard,23,r2,red,jungle,戰士,embercoil,standard,1,1,0,3,13612,15599,10290,459,8.98,17.41,21.91,3,1,1,2,3,154,781,751,440,3904,6211,9001,5924,255,540,270,270,1345,396,,t3_shieldbreaker|t3_finalstring
standard,23,r3,red,mid,法師,lieyan,standard,1,5,1,3,15241,11629,12601,562.1,10.99,15.23,21.38,3,0,1,2,3,1465,1821,1102,1091,3725,7271,10502,5924,942,1620,675,945,,396,,t3_psyward
standard,23,r4,red,adc,射手,siwang,standard,1,14,5,1,32941,9378,15733,701.9,10.07,16.41,18.27,5,0,1,3,5,1895,940,1366,133,4055,6620,13166,5924,680,5940,135,270,,216,,t3_shieldbreaker|t3_rendspear
standard,23,r5,red,sup,輔助,mingyun,standard,1,2,1,3,5656,12865,12082,539,9.1,12.13,16.86,4,1,2,4,4,799,985,130,1581,4499,7235,10630,5924,289,540,405,945,,396,2130,t3_calmveil
standard,24,b1,blue,top,坦克,ironclad,standard,0,2,2,0,15120,27023,10548,415.1,10.31,16.71,22.79,3,0,1,2,3,1760,210,728,1218,3350,5510,7958,5924,666,540,,360,,468,,t3_calmveil|t3_thornmail
standard,24,b2,blue,jungle,戰士,hunpo,standard,0,0,1,1,12368,13553,10277,404.5,10.86,19.15,,2,0,1,2,2,1477,908,738,926,3687,5888,8238,5924,315,,270,360,900,468,,t3_psyward
standard,24,b3,blue,mid,法師,shikong,standard,0,3,5,1,20099,15943,11293,444.5,11.79,20.41,23.87,3,0,1,1,3,1162,241,1051,742,3422,5841,7551,5924,954,,,360,24,288,,t3_psyward
standard,24,b4,blue,adc,射手,maestro,standard,0,7,4,0,25168,11810,13761,541.6,11.06,16.9,20.99,4,0,1,2,4,1154,778,1430,861,3314,6158,10010,5924,648,2160,,810,,468,,t3_shieldbreaker|t3_rendspear
standard,24,b5,blue,sup,坦克,tixue,standard,0,1,1,1,8026,23050,11720,461.3,9.68,13.81,19.16,3,1,2,3,3,241,135,549,1839,4341,7015,9049,5924,153,,270,360,,468,1873,t3_calmveil|t3_thornmail
standard,24,r1,red,top,坦克,ironclad,standard,1,4,0,0,16052,26754,11747,462.3,10.56,15.35,20.38,3,0,1,2,3,2779,671,1279,1816,4369,5971,8509,5924,504,1620,,450,10,0,,t3_calmveil|t3_thornmail
standard,24,r2,red,jungle,戰士,hunpo,standard,1,1,4,1,10312,15193,9978,392.7,9.75,20.26,,2,1,1,1,2,103,318,981,627,3903,5718,7431,5924,300,,135,,1072,0,,t3_psyward
standard,24,r3,red,mid,法師,shikong,standard,1,1,5,3,17989,14906,11063,435.4,11.29,19.69,,2,0,1,2,2,1344,128,239,1662,3604,5278,7789,5924,864,,540,450,10,0,,t3_psyward
standard,24,r4,red,adc,射手,maestro,standard,1,5,3,1,19266,13782,12414,488.6,9.82,19.67,23.43,3,1,1,2,3,135,154,188,1264,3485,5054,7088,5924,444,,270,450,,0,,t3_shieldbreaker|t3_rendspear
standard,24,r5,red,sup,坦克,tixue,standard,1,2,1,3,8343,23709,12273,483,8.49,13.85,19.68,4,1,2,3,4,460,215,133,772,4260,6495,9413,5924,263,1080,135,,,0,2009,t3_calmveil|t3_thornmail
standard,25,b1,blue,top,坦克,tieshixin,standard,0,1,0,0,10717,24142,9124,398.3,9.45,15.9,21.99,3,1,1,2,3,490,298,492,93,3440,5598,7722,5924,675,540,,270,24,288,,t3_calmveil|t3_thornmail
standard,25,b2,blue,jungle,戰士,ravager,standard,0,0,2,1,8329,16883,8735,381.3,9.01,18.04,,2,1,1,2,2,452,896,659,485,3552,5726,7709,5924,252,,270,270,705,288,,t3_shieldbreaker|t3_finalstring
standard,25,b3,blue,mid,法師,xingjie,standard,0,3,4,1,18403,13042,10458,456.5,11.35,18.62,,2,0,1,2,2,1306,186,1188,1058,3566,6086,9038,5924,756,1080,270,720,,288,,t3_psyward
standard,25,b4,blue,adc,射手,liuxing,standard,0,13,1,0,31938,10649,15872,692.9,9.35,15.42,20.32,4,1,1,2,4,324,676,2334,2022,3674,6356,11234,5924,972,3780,,270,,288,,t3_shieldbreaker|t3_rendspear
standard,25,b5,blue,sup,輔助,mingyunyindao,standard,0,0,2,1,6045,16939,10317,450.4,7.38,12.99,17.61,3,1,2,3,3,283,176,935,1087,4233,6906,8935,5924,117,,270,270,,288,2066,t3_calmveil
standard,25,r1,red,top,坦克,tieshixin,standard,1,1,2,0,12993,24932,9543,416.6,9.32,16.48,20.63,3,1,1,2,3,472,393,1253,393,3422,5693,8483,5924,642,540,,1125,,252,,t3_calmveil|t3_thornmail
standard,25,r2,red,jungle,戰士,ravager,standard,1,3,3,0,13542,17975,10850,473.6,9.7,15.71,21.35,3,1,1,2,3,171,1296,838,399,3921,6726,9088,5924,342,1080,,225,1264,252,,t3_shieldbreaker|t3_finalstring
standard,25,r3,red,mid,法師,xingjie,standard,1,1,5,1,15480,12831,9777,426.8,10.51,20.17,,2,0,1,1,2,1396,117,1407,377,3656,5447,7907,5924,1011,,,900,,72,,t3_psyward
standard,25,r4,red,adc,射手,liuxing,standard,1,4,5,0,21791,10409,10557,460.8,10.09,19.39,22.8,3,0,1,2,3,1271,385,877,257,3431,5465,7877,5924,711,540,,450,,252,,t3_shieldbreaker|t3_rendspear
standard,25,r5,red,sup,輔助,mingyunyindao,standard,1,0,2,1,5876,14643,10295,449.4,8.03,12.67,17.44,3,1,2,3,3,896,681,133,1255,4296,6561,8713,5924,209,,270,,,252,2057,t3_calmveil
standard,26,b1,blue,top,坦克,tiankong,standard,0,0,2,2,8288,24728,7960,367.8,9.21,17.28,,2,1,1,2,2,310,30,377,329,3260,5330,7427,5924,468,,405,450,,180,,t3_calmveil|t3_thornmail
standard,26,b2,blue,jungle,戰士,xueyue,standard,0,1,2,0,3259,13635,8554,395.3,9.31,17.44,,2,1,1,2,2,672,843,827,374,3772,6273,8057,5924,315,540,,,1098,180,,t3_shieldbreaker|t3_finalstring
standard,26,b3,blue,mid,法師,auralith,standard,0,1,2,1,10608,14143,9517,439.8,11.79,19.21,,2,0,1,2,2,991,750,686,236,3251,5600,8516,5924,702,540,270,900,,180,,t3_psyward
standard,26,b4,blue,adc,射手,guangsu,standard,0,5,2,1,18884,11581,10718,495.2,9.34,17.63,20.61,3,1,1,2,3,364,512,877,217,3714,5712,9627,5924,909,2160,135,450,48,0,,t3_shieldbreaker|t3_rendspear
standard,26,b5,blue,sup,輔助,shiguang,standard,0,0,5,0,5539,14158,9257,427.7,7.65,12.4,19.48,3,1,2,3,3,323,120,180,217,4323,6600,8760,5924,342,,,450,,180,1864,t3_calmveil
standard,26,r1,red,top,坦克,tiankong,standard,1,6,2,0,13488,17632,11614,536.6,9.4,13.26,18.18,3,1,2,3,3,454,287,1367,1683,3404,6437,10397,5924,612,2700,,945,,216,,t3_calmveil|t3_thornmail
standard,26,r2,red,jungle,戰士,xueyue,standard,1,2,1,2,7571,14438,10033,463.6,8.34,16.06,,2,1,1,2,2,1193,1500,640,1482,4293,6930,9190,5924,201,1080,135,270,1183,396,,t3_shieldbreaker|t3_finalstring
standard,26,r3,red,mid,法師,auralith,standard,1,0,3,2,17022,12714,8842,408.6,11.44,18.79,,2,0,1,2,2,1360,684,135,511,3620,6284,8165,5924,720,,405,720,,396,,t3_psyward
standard,26,r4,red,adc,射手,guangsu,standard,1,5,1,1,19623,8831,11486,530.7,9.62,17.67,,2,1,1,2,2,160,371,1779,2585,3510,5751,9729,5924,774,1620,270,720,24,396,,t3_shieldbreaker|t3_rendspear
standard,26,r5,red,sup,輔助,shiguang,standard,1,0,0,1,6433,10133,10394,480.3,6.09,11.52,16.27,3,1,2,3,3,1010,923,352,1163,4410,7173,9582,5924,284,,,495,,396,2481,t3_calmveil
standard,27,b1,blue,top,坦克,tiebi,standard,1,1,0,1,13687,36485,12783,424.6,9.65,16.95,21.83,4,1,1,2,4,508,237,1465,533,3458,5637,7995,5924,732,540,,450,24,324,,t3_calmveil|t3_thornmail
standard,27,b2,blue,jungle,戰士,ronggang,standard,1,3,3,2,18421,25414,13321,442.4,10.34,16.97,24.5,4,0,1,2,4,1631,657,330,441,3631,5657,8030,5924,360,540,,,1061,144,,t3_finalstring|t3_shieldbreaker
standard,27,b3,blue,mid,法師,xingjie,standard,1,13,8,1,44920,27045,18677,620.3,10.27,17.17,21.15,5,0,1,2,5,1828,414,268,2527,4088,6014,9668,5924,990,1620,135,675,,324,,t3_psyward
standard,27,b4,blue,adc,射手,mori,standard,1,18,5,4,68553,17312,22553,749.1,11.24,15.45,19.33,5,0,1,3,5,1208,817,339,6953,3368,6617,11189,5924,621,3240,405,675,,324,,t3_shieldbreaker|t3_rendspear
standard,27,b5,blue,sup,坦克,tixue,standard,1,0,5,1,7577,31983,13003,431.9,7.08,13.64,18.75,4,1,2,3,4,285,850,778,803,4485,6750,9378,5924,320,,270,,,324,2539,t3_calmveil|t3_thornmail
standard,27,r1,red,top,坦克,tiebi,standard,0,3,1,0,14983,37848,12516,415.7,10.1,17.08,23.68,4,0,1,2,4,1954,606,399,266,3584,5456,7089,5924,720,,,180,48,216,,t3_calmveil|t3_thornmail
standard,27,r2,red,jungle,戰士,ronggang,standard,0,4,4,3,24707,25535,14505,481.8,9.56,15.14,20.24,4,1,1,2,4,563,2747,1474,1204,3663,7027,10074,5924,120,2160,270,180,1204,216,,t3_finalstring|t3_shieldbreaker
standard,27,r3,red,mid,法師,xingjie,standard,0,7,9,0,32659,20889,15623,518.9,10.88,18.3,24.2,4,0,1,2,4,1702,342,238,1393,3962,6842,9218,5924,918,1080,,1080,,216,,t3_psyward
standard,27,r4,red,adc,射手,mori,standard,0,6,13,2,35995,17683,14579,484.2,10.11,18.54,24.27,4,0,1,2,4,1199,568,198,1029,3359,5348,7418,5924,513,,135,630,,216,,t3_shieldbreaker|t3_rendspear
standard,27,r5,red,sup,坦克,tixue,standard,0,1,8,2,9833,36408,12696,421.7,7.12,13.16,19.73,4,1,2,3,4,66,543,270,1315,4266,6903,9170,5924,212,540,135,180,,216,1962,t3_calmveil|t3_thornmail
standard,28,b1,blue,top,坦克,xukong,standard,1,5,1,0,10377,19242,10405,503.9,9.73,15.08,19.25,3,1,1,3,3,310,1028,898,375,3260,6428,10028,5924,594,2700,,360,,450,,t3_calmveil|t3_thornmail
standard,28,b2,blue,jungle,刺客,yueying,standard,1,0,1,1,3080,8021,8285,401.2,9.74,18.58,,2,1,1,2,2,432,440,428,505,3632,5770,7908,5924,144,,90,360,1030,360,,t3_finalstring
standard,28,b3,blue,mid,法師,auralith,standard,1,1,1,2,15923,11033,9712,470.3,11.93,17.08,,2,0,1,2,2,1252,192,585,312,3512,6392,9335,5924,756,540,405,1260,,450,,t3_psyward
standard,28,b4,blue,adc,射手,leiting,standard,1,4,3,3,14912,8717,10639,515.2,11.19,17.63,,2,0,1,2,2,1163,709,1106,2059,3323,5609,9686,5924,477,1620,630,585,,450,,t3_shieldbreaker|t3_rendspear
standard,28,b5,blue,sup,坦克,ironclad,standard,1,0,1,3,4265,15504,10000,484.3,8.38,13.22,18.14,3,1,2,3,3,342,553,543,620,4242,6913,9623,5924,225,,495,585,24,450,1919,t3_calmveil|t3_thornmail
standard,28,r1,red,top,坦克,xukong,standard,0,2,0,0,10457,19400,8275,400.7,10.01,15.13,,2,0,1,2,2,2224,1592,788,985,3854,6392,8078,5924,552,1080,,450,,72,,t3_calmveil|t3_thornmail
standard,28,r2,red,jungle,刺客,yueying,standard,0,0,3,1,5890,9172,8099,392.2,9.11,17.43,,2,1,1,2,2,754,584,1202,148,3954,5914,7902,5924,372,,135,,1398,72,,t3_finalstring
standard,28,r3,red,mid,法師,auralith,standard,0,1,1,1,14313,10227,8650,418.9,11.43,19.08,,2,0,1,2,2,1288,1101,417,150,3548,5951,7967,5924,846,540,135,450,,72,,t3_psyward
standard,28,r4,red,adc,射手,leiting,standard,0,3,6,1,15995,11995,9175,444.3,9.89,17.63,,2,1,1,2,2,102,442,188,895,3452,5342,7988,5924,642,1080,270,,,72,,t3_shieldbreaker|t3_rendspear
standard,28,r5,red,sup,坦克,ironclad,standard,0,1,0,1,4008,16785,10040,486.2,6.92,12.79,17.52,3,1,2,3,3,1975,393,463,660,4875,7053,9843,5924,179,540,270,450,,72,2407,t3_calmveil|t3_thornmail
standard,29,b1,blue,top,坦克,shiqiang,standard,0,0,1,0,6147,15324,6738,374.2,8.46,15.58,,2,1,1,,2,52,886,,288,3602,5636,,,,,,,,,,t3_calmveil|t3_thornmail
standard,29,b2,blue,jungle,刺客,leisuhunter,standard,0,1,3,0,5434,8906,7433,412.7,9.97,16.88,,2,1,1,,2,311,533,,482,3511,5813,,,,,,,,,,t3_finalstring
standard,29,b3,blue,mid,法師,xingjie,standard,0,0,1,0,7455,9116,6171,342.7,12.65,,,1,0,1,,1,1189,39,,271,3449,5069,,,,,,,,,,t3_psyward
standard,29,b4,blue,adc,射手,liangzi,standard,0,1,2,0,7400,6374,6969,387,10.88,,,1,0,1,,1,1325,97,,1289,3485,4997,,,,,,,,,,t3_shieldbreaker|t3_rendspear
standard,29,b5,blue,sup,輔助,huanjing,standard,0,0,2,0,3163,9417,7650,424.8,8.07,14.78,,2,1,2,,2,574,184,,619,4274,6434,,,,,,,,,,t3_calmveil
standard,29,r1,red,top,坦克,shiqiang,standard,1,3,1,0,7029,14189,9426,523.4,9.59,14.85,,2,1,2,,2,472,80,,2196,3422,7310,,,,,,,,,,t3_calmveil|t3_thornmail
standard,29,r2,red,jungle,刺客,leisuhunter,standard,1,3,0,0,8038,7605,8774,487.2,8.57,14.29,,2,1,2,,2,182,407,,443,4812,7537,,,,,,,,,,t3_finalstring
standard,29,r3,red,mid,法師,xingjie,standard,1,2,0,1,10174,8958,8517,473,11.91,16.83,,2,0,1,,2,1180,261,,367,3440,5861,,,,,,,,,,t3_psyward
standard,29,r4,red,adc,射手,liangzi,standard,1,1,1,1,7431,6673,7338,407.5,10.31,,,1,0,1,,1,1190,358,,1658,3350,5438,,,,,,,,,,t3_shieldbreaker|t3_rendspear
standard,29,r5,red,sup,輔助,huanjing,standard,1,0,0,2,2520,7311,8529,473.6,7.37,13.62,,2,1,2,,2,215,338,,1498,4215,7068,,,,,,,,,,t3_calmveil
standard,30,b1,blue,top,坦克,tiemu,standard,1,3,0,1,10655,21646,10912,476.9,9.49,14.38,20.69,3,1,2,2,3,628,238,1238,882,3578,6188,8528,5924,750,540,270,900,,144,,t3_calmveil|t3_thornmail
standard,30,b2,blue,jungle,刺客,duskblade,standard,1,1,2,2,8711,14146,9403,410.9,9.23,18.63,,2,1,1,2,2,428,666,484,1023,3628,5646,7964,5924,264,540,135,,956,144,,t3_finalstring
standard,30,b3,blue,mid,法師,gambler,standard,1,4,4,1,17629,13485,11251,491.7,11.36,19.94,,2,0,1,2,2,1342,171,279,1851,3602,5321,8309,5924,801,540,,900,,144,,t3_psyward
standard,30,b4,blue,adc,射手,shengyan,standard,1,4,2,1,15516,12839,11512,503.1,10.03,17.41,20.69,3,0,1,2,3,1379,700,1160,362,3539,5600,9740,5924,792,1620,135,1125,,144,,t3_shieldbreaker|t3_rendspear
standard,30,b5,blue,sup,坦克,dadi,standard,1,1,2,1,7069,17516,11314,494.4,8.86,13.04,18.49,3,1,2,3,3,408,717,495,1334,4308,7377,9875,5924,164,540,,675,,144,2426,t3_calmveil|t3_thornmail
standard,30,r1,red,top,坦克,tiemu,standard,0,4,1,0,13345,22488,11498,502.5,8.63,16.06,19.34,4,1,1,3,4,760,389,487,148,3710,5789,9137,5924,738,1620,,495,,360,,t3_calmveil|t3_thornmail
standard,30,r2,red,jungle,刺客,duskblade,standard,0,0,2,0,7630,11377,9246,404,8.63,17.32,,2,1,1,2,2,837,795,234,815,4037,6125,8184,5924,252,,,270,1378,360,,t3_finalstring
standard,30,r3,red,mid,法師,gambler,standard,0,2,3,1,16062,12155,10336,451.7,10.49,17.33,,2,0,1,2,2,1390,318,34,936,3650,5918,9014,5924,885,1080,270,495,,360,,t3_psyward
standard,30,r4,red,adc,射手,shengyan,standard,0,2,7,0,13424,11402,9244,404,10.18,19.66,,2,0,1,2,2,1361,523,356,964,3521,5303,7256,5924,477,,,495,,360,,t3_shieldbreaker|t3_rendspear
standard,30,r5,red,sup,坦克,dadi,standard,0,2,0,2,5199,19136,12390,541.5,8.07,13.58,17.98,4,1,2,3,4,810,703,962,190,4410,6903,10942,5924,203,1080,,945,,360,2428,t3_calmveil|t3_thornmail
standard,31,b1,blue,top,坦克,dadi,standard,0,0,4,0,9758,24213,7854,358.4,10.33,14.76,21.04,3,0,2,2,3,1630,134,436,304,3260,5384,7166,5924,648,,,450,,144,,t3_calmveil|t3_thornmail
standard,31,b2,blue,jungle,刺客,binghe,standard,0,0,5,0,4772,10709,8290,378.3,9,17.66,,2,1,1,2,2,587,724,313,640,3787,5704,7613,5924,336,,,,1118,234,,t3_finalstring
standard,31,b3,blue,mid,法師,ronghuo,standard,0,0,3,0,12588,13809,8142,371.5,12.12,17.25,,2,0,1,2,2,1360,534,432,232,3620,6014,7562,5924,954,,,450,,234,,t3_psyward
standard,31,b4,blue,adc,射手,mirrorshot,standard,0,5,5,0,18355,12237,10626,484.8,9.74,18.5,,2,1,1,2,2,234,496,870,1876,3584,5276,8390,5924,702,1080,,450,,234,,t3_shieldbreaker|t3_rendspear
standard,31,b5,blue,sup,坦克,thornwall,standard,0,0,3,0,5355,19289,9442,430.8,8.98,13.63,18.97,3,1,2,3,3,477,463,329,341,4377,6663,8829,5924,131,,,,,234,2539,t3_calmveil|t3_thornmail
standard,31,r1,red,top,坦克,dadi,standard,1,5,0,1,11749,19928,12516,571.1,8.04,12.55,15.82,4,1,2,3,4,1354,1334,1150,866,4304,8624,11180,5924,1296,2160,270,1170,,360,,t3_calmveil|t3_thornmail
standard,31,r2,red,jungle,刺客,binghe,standard,1,2,0,1,5985,9547,10346,472.1,8.73,16.67,20.5,3,1,1,2,3,654,1510,1027,846,4554,6840,9457,5924,288,1080,135,270,1399,360,,t3_finalstring
standard,31,r3,red,mid,法師,ronghuo,standard,1,5,2,1,17098,13442,11733,535.4,9.63,15.3,21.39,3,1,1,2,3,184,738,232,403,4034,7238,9632,5924,738,1620,270,720,,360,,t3_psyward
standard,31,r4,red,adc,射手,mirrorshot,standard,1,6,3,3,26167,10840,12327,562.5,9.57,17.39,20.54,3,1,1,2,3,171,511,1907,1177,3521,6311,10487,5924,963,2160,810,270,,360,,t3_shieldbreaker|t3_rendspear
standard,31,r5,red,sup,坦克,thornwall,standard,1,2,0,5,6008,15824,12480,569.4,7.33,12.23,17.11,4,1,2,3,4,429,413,939,879,4629,7653,10919,5924,171,1080,675,270,,360,2438,t3_calmveil|t3_thornmail
standard,32,b1,blue,top,坦克,tixue,standard,0,2,1,0,11686,27514,10596,398.2,9.2,16.49,21.08,3,1,1,2,3,589,255,557,665,3539,5555,7787,5924,693,540,,270,,360,,t3_calmveil|t3_thornmail
standard,32,b2,blue,jungle,刺客,jueying,standard,0,3,5,0,8281,16447,11577,435.1,9.85,17.8,23.19,3,1,1,2,3,248,883,993,497,3448,5683,8123,5924,249,540,,270,779,360,,t3_finalstring
standard,32,b3,blue,mid,法師,gambler,standard,0,3,5,1,16581,14840,11727,440.7,12.54,20.42,26.43,3,0,1,1,3,1153,438,894,127,3413,5468,7394,5924,570,,270,270,,360,,t3_psyward
standard,32,b4,blue,adc,射手,hanbing,standard,0,10,6,0,35454,13832,15276,574.1,9.93,16.89,21.08,4,1,1,2,4,81,775,291,2055,3431,6455,9191,5924,567,1620,,720,,360,,t3_shieldbreaker|t3_rendspear
standard,32,b5,blue,sup,輔助,xuemai,standard,0,1,0,2,10005,19175,13078,491.5,7.53,12.81,15.6,4,1,2,3,4,320,395,527,1627,4320,7425,9567,5924,188,540,,720,,360,1833,t3_calmveil
standard,32,r1,red,top,坦克,tixue,standard,1,2,2,2,13166,31737,12484,469.2,8.73,15.08,21.85,4,1,1,2,4,598,723,393,334,3548,6023,7623,5924,828,540,,225,16,90,,t3_calmveil|t3_thornmail
standard,32,r2,red,jungle,刺客,jueying,standard,1,0,4,2,6761,15933,10604,398.5,9.18,18.58,25.69,3,1,1,2,3,439,670,662,473,3639,5470,7612,5924,261,,135,,1292,0,,t3_finalstring
standard,32,r3,red,mid,法師,gambler,standard,1,6,2,0,29553,14917,13692,514.6,11.68,20.69,23.57,3,0,1,1,3,1180,381,1575,2661,3440,5411,8075,5924,756,1080,,225,,90,,t3_psyward
standard,32,r4,red,adc,射手,hanbing,standard,1,9,9,0,23888,12728,13946,524.1,11.57,19.98,23.23,4,0,1,2,4,1163,273,231,726,3323,5053,7231,5924,639,540,,,38,90,,t3_shieldbreaker|t3_rendspear
standard,32,r5,red,sup,輔助,xuemai,standard,1,0,2,3,10469,17227,12578,472.7,6.06,12.98,17.73,4,1,2,3,4,569,305,1096,1127,4269,6555,9076,5924,252,,405,450,,90,1954,t3_calmveil
standard,33,b1,blue,top,坦克,stoneguard,standard,1,1,3,1,13826,25045,10436,436.5,9.32,16.19,21.03,3,1,1,2,3,472,468,817,505,3422,5518,8047,5924,588,540,135,360,32,468,,t3_calmveil|t3_thornmail
standard,33,b2,blue,jungle,刺客,anye,standard,1,3,3,1,10699,12863,11413,477.4,8.78,16.12,20.63,3,1,1,2,3,530,892,1404,333,3730,6472,9734,5924,201,1620,270,360,891,468,,t3_finalstring
standard,33,b3,blue,mid,法師,ronghuo,standard,1,4,1,2,18881,13749,11858,496,10.85,17.88,22.28,3,0,1,2,3,1324,504,231,428,3584,5834,8561,5924,864,540,405,360,,468,,t3_psyward
standard,33,b4,blue,adc,射手,tianfa,standard,1,5,5,0,16277,10770,11861,496.1,10.43,17.99,22.61,3,0,1,2,3,1325,541,203,481,3485,5621,8753,5924,650,1080,,810,,288,,t3_shieldbreaker|t3_rendspear
standard,33,b5,blue,sup,輔助,fengshen,standard,1,0,0,2,8474,17855,11288,472.1,9.76,13.43,16.53,4,1,2,3,4,122,452,571,408,4422,7182,9611,5924,324,,540,360,32,468,1962,t3_calmveil
standard,33,r1,red,top,坦克,stoneguard,standard,0,4,1,0,14974,28693,11019,460.9,7.98,12.54,21.88,3,1,2,2,3,389,339,1059,1089,3939,6669,8289,5924,696,1620,,,48,0,,t3_calmveil|t3_thornmail
standard,33,r2,red,jungle,刺客,anye,standard,0,0,2,1,6583,12831,8883,371.6,9.78,18.88,,2,1,1,2,2,488,466,528,803,3688,5566,7478,5924,300,,270,,983,0,,t3_finalstring
standard,33,r3,red,mid,法師,ronghuo,standard,0,3,4,0,19848,14690,10130,423.7,11.62,18.83,,2,0,1,2,2,1288,138,468,1050,3548,5168,8318,5924,864,1080,,450,,0,,t3_psyward
standard,33,r4,red,adc,射手,tianfa,standard,0,5,4,1,18434,8353,10589,442.9,11.16,19.58,23.68,3,0,1,2,3,992,235,787,109,3152,4835,7787,5924,513,1080,270,,,0,,t3_shieldbreaker|t3_rendspear
standard,33,r5,red,sup,輔助,fengshen,standard,0,0,2,2,7044,16359,10984,459.4,8.67,13.83,17.76,4,1,2,3,4,911,660,488,284,4311,6540,8488,5924,362,,270,,,0,1931,t3_calmveil
standard,34,b1,blue,top,坦克,thornwall,standard,0,0,3,0,6793,20381,7794,366.9,9.7,17.85,,2,1,1,2,2,382,348,268,364,3332,4898,7418,5924,594,,,900,,0,,t3_calmveil|t3_thornmail
standard,34,b2,blue,jungle,刺客,wuxing,standard,0,2,4,0,5263,11123,8767,412.7,9.74,15.93,,2,1,1,2,2,478,200,243,637,3678,5530,8373,5924,315,1080,,,1054,0,,t3_finalstring
standard,34,b3,blue,mid,法師,gambler,standard,0,1,4,0,12105,13001,8271,389.4,10.98,18.23,,2,0,1,2,2,1351,219,405,571,3611,5249,7355,5924,981,,,450,,0,,t3_psyward
standard,34,b4,blue,adc,射手,dawnstrike,standard,0,0,4,0,14164,11648,7218,339.8,10,20.34,,2,1,1,1,2,45,268,1024,318,3395,5168,6824,5924,675,,,225,,0,,t3_shieldbreaker|t3_rendspear
standard,34,b5,blue,sup,坦克,suishan,standard,0,0,0,0,4203,17467,9327,439.1,7.18,13.86,18.91,3,1,2,3,3,678,499,151,227,4278,6699,8951,5924,243,,,675,,0,2109,t3_calmveil|t3_thornmail
standard,34,r1,red,top,坦克,thornwall,standard,1,3,0,0,7151,17449,10776,507.3,8.9,14.56,18.37,3,1,2,3,3,706,244,118,746,3656,6194,10148,5924,840,1620,,1260,,504,,t3_calmveil|t3_thornmail
standard,34,r2,red,jungle,刺客,wuxing,standard,1,1,1,0,6210,8632,9652,454.4,8.82,16.35,,2,1,1,2,2,663,927,536,1221,3863,6257,8966,5924,423,540,,360,1215,504,,t3_finalstring
standard,34,r3,red,mid,法師,gambler,standard,1,3,2,2,15902,11385,10525,495.5,10.68,18.18,,2,0,1,2,2,1306,150,413,1124,3566,6050,9393,5924,936,1080,540,360,48,504,,t3_psyward
standard,34,r4,red,adc,射手,dawnstrike,standard,1,7,0,1,21777,9459,12018,565.8,9.9,18.23,20.18,3,1,1,2,3,36,478,2102,868,3386,5978,10382,5924,624,2700,270,360,,504,,t3_shieldbreaker|t3_rendspear
standard,34,r5,red,sup,坦克,suishan,standard,1,1,0,3,7461,17161,11348,534.2,6.76,12.98,17.87,3,1,2,3,3,186,372,362,1368,4386,7032,10342,5924,272,540,810,360,,504,1931,t3_calmveil|t3_thornmail
standard,35,b1,blue,top,戰士,ravager,standard,0,3,1,0,14827,25023,9750,440.5,9.6,17.04,,2,1,1,2,2,272,66,920,1469,3422,5666,8420,5924,660,1080,,450,,306,,t3_shieldbreaker|t3_finalstring
standard,35,b2,blue,jungle,刺客,voidrift,standard,0,4,3,0,9364,14453,10694,483.2,9.79,16.91,21.37,3,1,1,2,3,425,707,1181,1043,3625,6287,8731,5924,387,1080,,,1033,306,,t3_finalstring
standard,35,b3,blue,mid,法師,ronghuo,standard,0,2,3,0,14173,12978,9573,432.5,11.87,19.94,,2,0,1,2,2,1126,15,303,172,3386,5045,8333,5924,663,1080,,450,,216,,t3_psyward
standard,35,b4,blue,adc,射手,yanfeng,standard,0,5,3,2,17388,9961,10801,488,10.67,19.58,,2,0,1,2,2,1199,551,243,1900,3359,5331,8193,5924,596,1080,270,,16,306,,t3_shieldbreaker|t3_rendspear
standard,35,b5,blue,sup,輔助,shengming,standard,0,0,2,2,4643,13837,11184,505.3,6.33,13.5,17.19,4,1,2,3,4,1787,302,842,783,4287,7032,9422,5924,212,,540,450,,306,1989,t3_calmveil
standard,35,r1,red,top,戰士,ravager,standard,1,0,2,1,10467,23961,8958,404.7,10.42,18.53,,2,0,1,2,2,1264,402,366,357,3314,5582,8066,5924,693,,135,1170,,144,,t3_shieldbreaker|t3_finalstring
standard,35,r2,red,jungle,刺客,voidrift,standard,1,3,1,0,8453,12189,10319,466.2,9.59,15.54,21.33,3,1,1,2,3,352,1627,1338,669,3552,6907,9188,5924,180,1620,,270,1049,144,,t3_finalstring
standard,35,r3,red,mid,法師,ronghuo,standard,1,4,4,0,14017,12918,10650,481.2,11.07,18.54,,2,0,1,2,2,1252,354,232,1249,3512,6104,8732,5924,864,1080,,720,,144,,t3_psyward
standard,35,r4,red,adc,射手,yanfeng,standard,1,5,4,1,20547,9239,11268,509.1,10.67,18.38,21.37,3,0,1,2,3,1244,274,56,1267,3404,5474,8606,5924,648,1620,,270,,144,,t3_shieldbreaker|t3_rendspear
standard,35,r5,red,sup,輔助,shengming,standard,1,0,3,4,7720,13348,10780,487,7.63,12.64,15.97,3,1,2,3,3,215,527,812,1739,4215,7257,9852,5924,135,,945,270,,144,2434,t3_calmveil
standard,36,b1,blue,top,戰士,dadi2,standard,0,1,2,0,11875,19907,7637,400.4,9.52,17.5,,2,1,1,,2,398,522,,236,3548,5702,,,,,,,,,,t3_shieldbreaker|t3_finalstring
standard,36,b2,blue,jungle,刺客,jingxiang,standard,0,0,2,1,5744,8338,7200,377.5,9.62,18.49,,2,1,1,,2,252,167,,550,3452,5447,,,,,,,,,,t3_finalstring
standard,36,b3,blue,mid,法師,haixiao,standard,0,0,3,1,11886,11197,6737,353.2,11.33,,,1,0,1,,1,1189,222,,236,3449,5252,,,,,,,,,,t3_psyward
standard,36,b4,blue,adc,射手,siwang,standard,0,8,2,0,16516,8802,10640,557.8,10.69,15.89,,2,0,1,,2,1775,973,,1739,3935,6653,,,,,,,,,,t3_shieldbreaker|t3_rendspear
standard,36,b5,blue,sup,輔助,mingyun,standard,0,0,0,1,3195,11856,8626,452.2,6.57,13.37,17.73,3,1,2,,3,1854,417,,165,4354,6667,,,,,,,,,,t3_calmveil
standard,36,r1,red,top,戰士,dadi2,standard,1,4,0,0,15049,21114,9711,509.1,9.53,15.68,,2,1,1,,2,540,1144,,1111,3690,6624,,,,,,,,,,t3_shieldbreaker|t3_finalstring
standard,36,r2,red,jungle,刺客,jingxiang,standard,1,1,2,0,6162,10345,8099,424.6,9.61,15.44,,2,1,1,,2,518,887,,369,3718,6467,,,,,,,,,,t3_finalstring
standard,36,r3,red,mid,法師,haixiao,standard,1,4,3,0,9766,10876,10073,528.1,10.97,16.73,,2,0,1,,2,1261,54,,1092,3521,6554,,,,,,,,,,t3_psyward
standard,36,r4,red,adc,射手,siwang,standard,1,0,3,1,9768,6368,6743,353.5,11.54,,,1,0,1,,1,1064,850,,1062,3224,5330,,,,,,,,,,t3_shieldbreaker|t3_rendspear
standard,36,r5,red,sup,輔助,mingyun,standard,1,0,1,4,5340,9856,9377,491.6,6.05,11.98,16.47,3,1,2,,3,1214,680,,796,4314,7410,,,,,,,,,,t3_calmveil
standard,37,b1,blue,top,戰士,ronggang,standard,1,2,4,0,11054,22085,9614,442.5,10.33,17.25,,2,0,1,2,2,1318,916,1444,964,3368,6446,8894,5924,522,1080,,1080,,288,,t3_shieldbreaker|t3_finalstring
standard,37,b2,blue,jungle,刺客,guihuo,standard,1,0,4,1,7201,10399,8707,400.8,9.2,17.42,,2,1,1,2,2,704,961,673,926,3904,6111,7853,5924,324,,270,180,867,288,,t3_finalstring
standard,37,b3,blue,mid,法師,leiming,standard,1,3,3,0,17798,14041,10467,481.8,12.29,17.46,,2,0,1,2,2,1133,421,1117,1067,3393,6021,9747,5924,810,1620,,1080,24,288,,t3_psyward
standard,37,b4,blue,adc,射手,maestro,standard,1,6,4,1,14336,9403,11090,510.5,10.01,18.39,20.7,3,0,1,2,3,1766,526,218,1070,3926,5906,8768,5924,486,1620,270,180,,288,,t3_shieldbreaker|t3_rendspear
standard,37,b5,blue,sup,坦克,suishan,standard,1,0,3,1,7350,18803,10239,471.3,7.53,13.32,18.22,3,1,2,3,3,705,167,619,258,4305,7107,9519,5924,126,,270,1080,,288,1830,t3_calmveil|t3_thornmail
standard,37,r1,red,top,戰士,ronggang,standard,0,4,1,1,12416,23363,10715,493.2,9.98,16.04,19.24,3,1,1,3,3,281,493,543,285,3431,6023,10193,5924,720,2160,135,990,,264,,t3_shieldbreaker|t3_finalstring
standard,37,r2,red,jungle,刺客,guihuo,standard,0,2,3,2,6857,10618,9622,442.9,8.73,16.36,,2,1,1,2,2,735,838,891,1242,3935,5818,8971,5924,306,1080,270,90,1156,144,,t3_finalstring
standard,37,r3,red,mid,法師,leiming,standard,0,2,0,4,17034,13199,10022,461.3,10.46,18.39,,2,0,1,2,2,1801,447,264,622,4061,5897,9014,5924,846,1080,810,90,,264,,t3_psyward
standard,37,r4,red,adc,射手,maestro,standard,0,8,6,0,17914,9624,12089,556.5,10.19,17.46,20.7,3,0,1,2,3,1289,367,1587,889,3449,5447,10487,5924,639,3240,,540,,144,,t3_shieldbreaker|t3_rendspear
standard,37,r5,red,sup,坦克,suishan,standard,0,2,1,3,6190,16922,10518,484.1,6.56,12.73,18.27,3,1,2,3,3,1122,179,460,537,5322,7419,9960,5924,189,1080,675,90,,263,1737,t3_calmveil|t3_thornmail
standard,38,b1,blue,top,戰士,jingci,standard,0,0,3,0,10826,25441,8544,373.9,10.43,19,,2,0,1,2,2,1426,316,214,264,3476,5546,7664,5924,768,,,900,,72,,t3_shieldbreaker|t3_finalstring
standard,38,b2,blue,jungle,戰士,fengbao,standard,0,0,3,0,5468,16080,8562,374.7,8.86,19.5,,2,1,1,2,2,401,218,323,332,3501,5398,7603,5924,360,,,225,1021,72,,t3_shieldbreaker|t3_finalstring
standard,38,b3,blue,mid,法師,haixiao,standard,0,0,3,0,17805,14382,7833,342.8,11.97,21.74,,2,0,1,1,2,1258,72,879,183,3518,5102,6959,5924,738,,,225,,72,,t3_psyward
standard,38,b4,blue,adc,射手,liuxing,standard,0,1,7,0,16827,12911,8409,368,10.75,20.21,,2,0,1,1,2,1253,79,1141,909,3413,4979,6941,5924,495,,,450,,72,,t3_shieldbreaker|t3_rendspear
standard,38,b5,blue,sup,坦克,tieshixin,standard,0,0,2,0,5009,21580,10025,438.7,7.03,13.77,18.04,3,1,2,3,3,462,358,170,444,4362,6558,9150,5924,230,,,450,,72,2473,t3_calmveil|t3_thornmail
standard,38,r1,red,top,戰士,jingci,standard,1,4,0,1,14520,23694,11565,506.1,9.58,13.85,18.43,3,1,2,3,3,866,667,357,715,4016,7517,10307,5924,711,2160,270,810,,432,,t3_shieldbreaker|t3_finalstring
standard,38,r2,red,jungle,戰士,fengbao,standard,1,4,0,2,9592,11388,12630,552.7,9.47,15.06,18.51,3,1,1,3,3,663,1655,742,2130,3763,7135,11242,5924,342,2160,360,360,1664,432,,t3_shieldbreaker|t3_finalstring
standard,38,r3,red,mid,法師,haixiao,standard,1,1,0,0,22585,11622,9455,413.8,11.72,19.41,,2,0,1,2,2,1158,284,404,654,3418,5614,7954,5924,697,540,,360,,432,,t3_psyward
standard,38,r4,red,adc,射手,liuxing,standard,1,7,1,4,21673,9880,13014,569.6,11.93,18.27,21.18,3,0,1,2,3,1127,478,696,1634,3287,6158,9596,5924,495,1620,765,360,,432,,t3_shieldbreaker|t3_rendspear
standard,38,r5,red,sup,坦克,tieshixin,standard,1,2,0,6,9119,16800,13605,595.4,7.72,12.72,14.65,4,1,3,4,4,296,165,161,1404,4796,8765,11761,5924,202,1080,1035,810,,432,2277,t3_calmveil|t3_thornmail
standard,39,b1,blue,top,戰士,longyi,standard,0,0,12,0,19708,56211,12225,350.9,9.99,20.4,26.93,3,1,1,1,3,38,444,966,824,3188,4844,6566,5924,570,,,,,72,,t3_shieldbreaker|t3_finalstring
standard,39,b2,blue,jungle,戰士,ronggang,standard,0,0,10,1,14654,33350,12959,372,10.73,19.8,27.9,4,0,1,2,4,1502,738,179,309,3502,5388,7229,5924,453,,,,779,72,,t3_shieldbreaker|t3_finalstring
standard,39,b3,blue,mid,法師,leiming,standard,0,9,15,0,33852,28042,17364,498.4,12.68,20.86,27.26,5,0,1,1,5,1036,1102,693,1213,3296,4952,6773,5924,551,,,225,,72,,t3_psyward
standard,39,b4,blue,adc,射手,guangsu,standard,0,20,13,0,91148,23939,22788,654,10.16,17.2,20.36,5,0,1,2,5,1253,436,225,7187,3413,5636,8975,5924,684,1620,,675,,72,,t3_shieldbreaker|t3_rendspear
standard,39,b5,blue,sup,輔助,shiguang,standard,0,0,5,1,16310,35401,14099,404.6,7.81,14.04,19.03,5,1,2,3,5,551,70,170,898,4251,6550,8170,5924,297,,,,,72,1877,t3_calmveil
standard,39,r1,red,top,戰士,longyi,standard,1,14,4,0,46440,52312,20985,602.3,9.78,14.92,19.89,5,1,2,3,5,200,126,320,5684,3350,7526,9920,5924,720,2160,,720,,396,,t3_shieldbreaker|t3_finalstring
standard,39,r2,red,jungle,戰士,ronggang,standard,1,11,0,2,38834,26795,21453,615.7,9.16,15.13,22.36,5,1,1,2,5,696,1364,1227,6203,3796,6794,9777,5924,453,1080,540,495,888,396,,t3_shieldbreaker|t3_finalstring
standard,39,r3,red,mid,法師,leiming,standard,1,13,11,0,45755,25205,19866,570.2,10.15,18.54,24.28,5,0,1,2,5,1750,258,783,3715,4010,6458,9113,5924,678,1620,,495,,396,,t3_psyward
standard,39,r4,red,adc,射手,guangsu,standard,1,17,13,2,101530,18346,22755,653.1,10.58,20.14,23.47,5,0,1,1,5,1058,97,1957,7154,3218,5477,7637,5924,641,,135,720,,216,,t3_shieldbreaker|t3_rendspear
standard,39,r5,red,sup,輔助,shiguang,standard,1,0,1,10,14436,19629,16950,486.5,6.87,12.28,17.98,4,1,2,3,4,632,441,1345,5570,4332,6921,9045,5924,243,,405,270,,396,1806,t3_calmveil
standard,40,b1,blue,top,戰士,chichuan,standard,0,0,2,1,10330,20707,8043,384.4,9.63,18.83,,2,1,1,2,2,245,313,363,793,3395,5663,7313,5924,507,,270,450,,162,,t3_shieldbreaker|t3_finalstring
standard,40,b2,blue,jungle,戰士,kuangfeng,standard,0,1,4,0,9808,16041,8365,399.7,8.6,17.75,,2,1,1,2,2,442,287,334,134,3542,5467,8084,5924,381,540,,150,1017,72,,t3_shieldbreaker|t3_finalstring
standard,40,b3,blue,mid,法師,haixiao,standard,0,4,4,1,18049,13018,9918,474,12.32,16.46,,2,0,1,2,2,1306,684,304,638,3566,6284,9584,5924,918,2160,270,149,,162,,t3_psyward
standard,40,b4,blue,adc,射手,mori,standard,0,0,5,0,13228,11575,6924,330.9,10.57,,,1,0,1,1,1,1226,208,826,1124,3386,4988,6626,5924,540,,,,,162,,t3_shieldbreaker|t3_rendspear
standard,40,b5,blue,sup,坦克,tixue,standard,0,1,2,1,4946,17423,10660,509.5,6.87,13.19,16.59,3,1,2,3,3,387,373,840,1120,4287,7473,10380,5924,137,540,270,1049,,162,2296,t3_calmveil|t3_thornmail
standard,40,r1,red,top,戰士,chichuan,standard,1,3,1,3,12973,20532,9816,469.1,10.58,17.68,,2,0,1,2,2,1498,790,466,1166,3548,6320,8816,5924,651,1080,675,270,,216,,t3_shieldbreaker|t3_finalstring
standard,40,r2,red,jungle,戰士,kuangfeng,standard,1,4,1,2,7687,12252,11165,533.6,8.5,16.66,20.23,3,1,1,2,3,1573,2116,1186,664,4673,7596,9786,5924,225,1620,,495,1126,396,,t3_shieldbreaker|t3_finalstring
standard,40,r3,red,mid,法師,haixiao,standard,1,5,0,0,16660,11760,11811,564.5,11.23,15.18,19.75,3,0,1,3,3,1234,1098,321,781,3494,7598,11351,5924,936,2700,,1395,,396,,t3_psyward
standard,40,r4,red,adc,射手,mori,standard,1,3,0,2,19842,7593,10050,480.3,11.54,18.75,,2,0,1,2,2,1201,351,256,1499,3361,5431,8806,5924,661,1080,,720,24,396,,t3_shieldbreaker|t3_rendspear
standard,40,r5,red,sup,坦克,tixue,standard,1,2,4,5,8434,17506,11787,563.3,7.15,13.33,17.66,3,1,2,3,3,236,248,510,1806,4436,7028,10490,5924,226,540,675,270,,396,2458,t3_calmveil|t3_thornmail
standard,41,b1,blue,top,戰士,xueyue,standard,0,0,3,0,9645,23009,8166,373.3,9.43,19.37,,2,1,1,2,2,272,316,298,115,3422,5546,7148,5924,630,,,450,,144,,t3_shieldbreaker|t3_finalstring
standard,41,b2,blue,jungle,戰士,longyi,standard,0,0,3,0,6882,16412,8117,371,9.63,18.42,,2,1,1,2,2,618,565,400,236,3718,5745,7500,5924,414,,,,1018,144,,t3_shieldbreaker|t3_finalstring
standard,41,b3,blue,mid,法師,leiming,standard,0,0,1,0,15448,12686,8067,368.8,12.15,20.28,,2,0,1,1,2,1252,108,999,216,3512,5258,7499,5924,756,,,675,,144,,t3_psyward
standard,41,b4,blue,adc,射手,leiting,standard,0,3,4,0,16196,10832,9120,416.9,10.17,20.33,,2,0,1,1,2,1532,304,1792,869,3692,5384,7472,5924,864,540,,,,144,,t3_shieldbreaker|t3_rendspear
standard,41,b5,blue,sup,坦克,ironclad,standard,0,0,2,0,6906,17358,9885,451.9,6.78,13.54,19.48,3,1,2,3,3,195,106,369,384,4395,7046,9269,5924,216,,,1125,,144,1859,t3_calmveil|t3_thornmail
standard,41,r1,red,top,戰士,xueyue,standard,1,2,0,2,10712,23007,10314,471.5,9.68,16.68,21.13,3,1,1,2,3,362,580,403,663,3512,6110,9053,5924,780,1080,405,720,,144,,t3_shieldbreaker|t3_finalstring
standard,41,r2,red,jungle,戰士,longyi,standard,1,3,0,1,11884,13489,10588,484,9.13,17.18,21.18,3,1,1,2,3,650,1103,337,688,3750,5983,8937,5924,129,1080,135,270,1254,144,,t3_shieldbreaker|t3_finalstring
standard,41,r3,red,mid,法師,leiming,standard,1,0,1,2,12225,10696,9645,440.9,11.5,21.7,,2,0,1,1,2,1180,24,1884,364,3440,6224,8384,5924,1055,,540,720,,144,,t3_psyward
standard,41,r4,red,adc,射手,leiting,standard,1,6,2,1,23070,8649,11973,547.3,9.78,18.76,,2,1,1,2,2,261,529,971,3072,3611,5609,8921,5924,783,1080,270,720,,144,,t3_shieldbreaker|t3_rendspear
standard,41,r5,red,sup,坦克,ironclad,standard,1,2,0,3,5193,17119,12098,553.1,7.29,13.18,18.87,3,1,2,3,3,651,489,1279,2118,4251,6849,10359,5924,131,1080,270,270,,144,2539,t3_calmveil|t3_thornmail
standard,42,b1,blue,top,戰士,fengbao,standard,0,0,1,0,9806,20210,7549,376,10.85,19.58,,2,0,1,2,2,1354,156,146,169,3404,5456,7526,5924,558,,,900,,144,,t3_shieldbreaker|t3_finalstring
standard,42,b2,blue,jungle,戰士,ravager,standard,0,0,1,0,9161,12496,7473,372.3,10.2,19.27,,2,0,1,2,2,2003,437,400,423,3703,5567,7450,5924,408,,,,974,144,,t3_shieldbreaker|t3_finalstring
standard,42,b3,blue,mid,法師,mingyun2,standard,0,0,2,0,8988,12126,7381,367.7,10.84,,,1,0,1,1,1,1288,354,1278,1301,3548,5204,7358,5924,840,,,450,,144,,t3_psyward
standard,42,b4,blue,adc,射手,liangzi,standard,0,2,1,0,12988,10013,8065,401.8,10.9,19.57,,2,0,1,2,2,1361,289,822,215,3521,5069,8042,5924,669,1080,,225,,144,,t3_shieldbreaker|t3_rendspear
standard,42,b5,blue,sup,輔助,huanjing,standard,0,0,1,1,4428,14685,9270,461.8,6.6,12.83,17.26,3,1,2,3,3,602,200,206,229,4302,6930,9246,5924,188,,270,675,,144,2044,t3_calmveil
standard,42,r1,red,top,戰士,fengbao,standard,1,1,0,0,12167,20926,8440,420.4,10.02,18.04,,2,0,1,2,2,1309,285,417,440,3359,5465,8417,5924,603,540,,990,,360,,t3_shieldbreaker|t3_finalstring
standard,42,r2,red,jungle,戰士,ravager,standard,1,3,0,1,10875,13369,10194,507.8,9.32,14.98,19.59,3,1,2,3,3,1123,211,621,644,4223,7261,10171,5924,225,1620,135,540,1367,360,,t3_shieldbreaker|t3_finalstring
standard,42,r3,red,mid,法師,mingyun2,standard,1,1,1,1,10470,10165,8782,437.5,10.9,18.12,,2,0,1,2,2,1396,225,429,452,3656,6725,8759,5924,675,540,270,990,,360,,t3_psyward
standard,42,r4,red,adc,射手,liangzi,standard,1,1,1,0,11269,6828,8917,444.2,10.28,18.73,,2,0,1,2,2,1154,340,1274,17,3314,5420,8894,5924,630,540,,1440,,360,,t3_shieldbreaker|t3_rendspear
standard,42,r5,red,sup,輔助,huanjing,standard,1,0,0,1,2902,10413,8892,442.9,7.84,13.36,18.27,3,1,2,3,3,251,327,388,411,4251,6807,8868,5924,135,,135,540,,360,1774,t3_calmveil
standard,43,b1,blue,top,戰士,rongyan,standard,0,1,2,0,9375,26977,8212,371.2,11.1,18.88,,2,0,1,2,2,1217,301,933,411,3267,5301,7533,5924,522,540,,450,24,72,,t3_shieldbreaker|t3_finalstring
standard,43,b2,blue,jungle,戰士,dushe,standard,0,0,5,1,4149,18673,8165,369,9.67,18.33,,2,1,1,2,2,469,886,275,665,3569,5536,7425,5924,312,,135,,981,72,,t3_shieldbreaker|t3_finalstring
standard,43,b3,blue,mid,法師,bingshuang,standard,0,0,6,0,11038,13752,8331,376.5,11.43,21.26,,2,0,1,1,2,1126,264,1086,201,3386,5114,7166,5924,720,,,450,,72,,t3_psyward
standard,43,b4,blue,adc,射手,shengyan,standard,0,4,2,0,17167,11272,10266,464,10.42,17.66,21.04,3,0,1,2,3,1037,1165,393,366,3197,5465,8543,5924,567,1080,,900,,72,,t3_shieldbreaker|t3_rendspear
standard,43,b5,blue,sup,輔助,zhanchang,standard,0,0,2,2,3789,15011,9692,438.1,6.63,13.55,17.68,3,1,2,3,3,242,927,733,652,4242,6627,9013,5924,218,,405,,,72,2393,t3_calmveil
standard,43,r1,red,top,戰士,rongyan,standard,1,2,1,1,10993,23143,10431,471.5,9.34,17.63,,2,1,1,2,2,344,228,684,1831,3494,5708,8384,5924,966,,270,720,,504,,t3_shieldbreaker|t3_finalstring
standard,43,r2,red,jungle,戰士,dushe,standard,1,4,0,1,7107,13142,11752,531.2,6.98,14.99,20.7,3,1,2,2,3,1115,129,2073,1002,4865,7779,10623,5924,225,2160,,270,1540,504,,t3_shieldbreaker|t3_finalstring
standard,43,r3,red,mid,法師,bingshuang,standard,1,3,1,1,23643,11699,10404,470.2,11.18,16.79,,2,0,1,2,2,1408,462,375,1004,3668,6962,8825,5924,762,1080,135,420,,504,,t3_psyward
standard,43,r4,red,adc,射手,shengyan,standard,1,6,1,1,25109,8756,11906,538.1,10.48,18.46,20.76,3,0,1,2,3,1192,435,257,1605,3352,5635,9157,5924,688,1620,,419,,504,,t3_shieldbreaker|t3_rendspear
standard,43,r5,red,sup,輔助,zhanchang,standard,1,2,2,3,5963,12907,12473,563.8,7.69,12.75,18.84,4,1,2,4,4,673,369,916,1092,4373,7399,11416,5924,382,1080,405,1319,,504,1800,t3_calmveil
standard,44,b1,blue,top,戰士,embercoil,standard,0,0,1,0,10746,26913,8128,357.9,9.26,18.87,,2,1,1,2,2,266,112,381,378,3416,5162,7231,5924,678,,,450,16,162,,t3_shieldbreaker|t3_finalstring
standard,44,b2,blue,jungle,戰士,jufeng,standard,0,0,1,1,5278,15790,8378,368.9,10.69,20.04,,2,0,1,1,2,1616,1384,1716,378,3616,5484,7196,5924,234,,,,876,162,,t3_shieldbreaker|t3_finalstring
standard,44,b3,blue,mid,法師,mingyun2,standard,0,0,6,0,15388,14596,8487,373.7,11.78,20.33,,2,0,1,1,2,1261,237,1455,356,3521,5087,7535,5924,639,,,900,,72,,t3_psyward
standard,44,b4,blue,adc,射手,mirrorshot,standard,0,3,4,0,18300,12725,9091,400.3,10.41,19.69,,2,0,1,2,2,1163,133,274,1111,3323,5033,7174,5924,531,540,,,16,162,,t3_shieldbreaker|t3_rendspear
standard,44,b5,blue,sup,坦克,thornwall,standard,0,0,4,0,5550,21407,9658,425.3,7.44,13.76,19.02,3,1,2,3,3,147,415,566,117,4347,6615,8766,5924,185,,,450,,162,2044,t3_calmveil|t3_thornmail
standard,44,r1,red,top,戰士,embercoil,standard,1,7,0,1,13568,22030,12822,564.6,10,13.53,19.62,3,1,2,3,3,58,493,144,1371,3908,7643,10694,5924,747,2700,135,810,,378,,t3_shieldbreaker|t3_finalstring
standard,44,r2,red,jungle,戰士,jufeng,standard,1,2,0,2,9236,12977,10948,482.1,9.68,16.5,22.48,3,1,1,2,3,119,1036,836,448,3919,6216,9436,5924,144,1080,405,360,1144,378,,t3_shieldbreaker|t3_finalstring
standard,44,r3,red,mid,法師,mingyun2,standard,1,3,0,4,27664,12112,11374,500.9,11,16.31,,2,0,1,2,2,1198,92,1190,1974,3458,6592,9220,5924,802,1080,675,360,,378,,t3_psyward
standard,44,r4,red,adc,射手,mirrorshot,standard,1,4,3,1,23669,8443,10785,474.9,10.38,19.47,,2,0,1,2,2,1145,466,827,1884,3305,5366,8147,5924,450,540,135,810,,288,,t3_shieldbreaker|t3_rendspear
standard,44,r5,red,sup,坦克,thornwall,standard,1,0,0,2,6312,16712,11150,491,7.62,13.43,18.9,3,1,2,3,3,342,287,1182,1169,4242,7067,10082,5924,160,,270,810,,378,2539,t3_calmveil|t3_thornmail
standard,45,b1,blue,top,戰士,cinderfist,standard,0,0,3,0,11065,26881,7972,362.2,9.79,18.66,,2,1,1,2,2,362,132,248,291,3512,5132,7328,5924,882,,,450,,72,,t3_shieldbreaker|t3_finalstring
standard,45,b2,blue,jungle,戰士,langwang,standard,0,0,5,1,6264,16681,8225,373.7,8.56,18.21,,2,1,1,2,2,675,297,190,244,3775,5547,7520,5924,270,,135,,1118,72,,t3_shieldbreaker|t3_finalstring
standard,45,b3,blue,mid,法師,bingshuang,standard,0,0,6,0,10215,14038,8038,365.2,11.22,19.88,,2,0,1,2,2,1162,498,44,207,3422,5348,7394,5924,948,,,450,,72,,t3_psyward
standard,45,b4,blue,adc,射手,dujian,standard,0,1,2,0,16854,11377,8743,397.3,9.63,18.21,,2,1,1,2,2,180,328,861,292,3530,5528,8081,5924,870,540,,675,,72,,t3_shieldbreaker|t3_rendspear
standard,45,b5,blue,sup,輔助,xuemai,standard,0,0,2,1,5392,14674,9697,440.6,7.46,12.6,17.84,3,1,2,3,3,293,221,611,656,4293,6471,9071,5924,197,,135,675,,72,2067,t3_calmveil
standard,45,r1,red,top,戰士,cinderfist,standard,1,7,1,0,19269,23932,12256,556.9,10.1,15.5,18.18,3,0,1,3,3,2236,1452,1010,855,4286,6932,10910,5924,954,3240,,360,,432,,t3_shieldbreaker|t3_finalstring
standard,45,r2,red,jungle,戰士,langwang,standard,1,5,0,1,8124,14013,12163,552.6,9.73,16.09,19.38,3,1,1,3,3,106,2095,303,812,3856,7525,11053,5924,237,2700,270,360,1129,432,,t3_shieldbreaker|t3_finalstring
standard,45,r3,red,mid,法師,bingshuang,standard,1,1,0,2,13976,11139,10309,468.4,9.1,16.48,,2,1,1,2,2,574,717,672,908,4424,7217,9422,5924,1311,540,405,810,,432,,t3_psyward
standard,45,r4,red,adc,射手,dujian,standard,1,5,0,1,21285,8134,11879,539.8,10.63,18.77,,2,0,1,2,2,1498,102,307,3929,3658,5782,8257,5924,865,540,135,360,,432,,t3_shieldbreaker|t3_rendspear
standard,45,r5,red,sup,輔助,xuemai,standard,1,0,0,4,5532,9252,11859,538.8,12.9,12.9,17.55,3,0,2,3,3,2417,904,2034,3108,4397,7634,10784,5924,268,,810,810,,432,2539,t3_calmveil
standard,46,b1,blue,top,戰士,leimingcf,standard,0,0,2,0,11861,26464,9134,371.3,10.29,19.52,,2,0,1,2,2,1390,360,176,853,3440,5060,7256,5924,738,,,450,,144,,t3_shieldbreaker|t3_finalstring
standard,46,b2,blue,jungle,戰士,tielian,standard,0,2,3,0,10470,17295,10272,417.6,9.98,18.97,23.13,3,1,1,2,3,342,176,1316,421,3442,5306,8546,5924,216,1080,,225,956,144,,t3_shieldbreaker|t3_finalstring
standard,46,b3,blue,mid,法師,mingyun2,standard,0,4,5,0,14491,18412,11159,453.6,12.25,18.48,24.05,3,0,1,2,3,1189,225,167,1008,3449,5825,8597,5924,999,1080,,450,,144,,t3_psyward
standard,46,b4,blue,adc,射手,tianfa,standard,0,6,3,2,24177,13924,12164,494.5,11.18,18.89,20.57,3,0,1,2,3,1253,133,252,1184,3413,5033,9002,5924,549,1620,540,225,,144,,t3_shieldbreaker|t3_rendspear
standard,46,b5,blue,sup,輔助,fengshen,standard,0,0,3,2,7457,19959,10731,436.2,6.05,12.74,18.6,3,1,2,3,3,269,321,381,1690,4269,6501,8961,5924,162,,270,450,16,144,1994,t3_calmveil
standard,46,r1,red,top,戰士,leimingcf,standard,1,4,0,0,14565,25170,11960,486.2,10.48,17.73,22.03,3,0,1,2,3,1318,498,438,1579,3368,5978,9038,5924,828,1080,,810,,396,,t3_shieldbreaker|t3_finalstring
standard,46,r2,red,jungle,戰士,tielian,standard,1,6,1,3,18725,20310,14051,571.2,7.97,15.96,21.36,4,1,1,2,4,869,1642,1575,1600,3969,7072,10125,5924,99,1620,405,360,1320,396,,t3_shieldbreaker|t3_finalstring
standard,46,r3,red,mid,法師,mingyun2,standard,1,2,2,1,18487,14760,10907,443.4,11.39,18.12,,2,0,1,2,2,1351,225,75,1506,3611,5825,8525,5924,1035,540,270,360,,396,,t3_psyward
standard,46,r4,red,adc,射手,tianfa,standard,1,4,6,1,19624,10574,12221,496.8,10.65,18.77,22.99,3,0,1,2,3,1757,535,527,1020,3917,5915,8147,5924,477,540,,810,,396,,t3_shieldbreaker|t3_rendspear
standard,46,r5,red,sup,輔助,fengshen,standard,1,0,3,4,7164,16605,11203,455.4,6.6,13.04,18.94,4,1,2,3,4,923,325,341,402,4323,6805,9091,5924,117,,675,360,,216,1799,t3_calmveil
standard,47,b1,blue,top,戰士,jufeng,standard,1,0,3,0,12738,23060,7354,359.8,9.73,19.94,,2,1,1,2,2,182,262,190,504,3332,5492,7040,5924,666,,,270,,180,,t3_shieldbreaker|t3_finalstring
standard,47,b2,blue,jungle,戰士,greymantle,standard,1,0,1,1,5596,15336,8227,402.5,8.99,18.38,,2,1,1,2,2,457,800,213,527,3557,5980,7913,5924,351,,270,420,948,0,,t3_shieldbreaker|t3_finalstring
standard,47,b3,blue,mid,法師,bingshuang,standard,1,2,2,0,15700,10584,9050,442.7,11.34,18.38,,2,0,1,2,2,1018,495,406,719,3278,6995,8736,5924,657,1080,,869,24,180,,t3_psyward
standard,47,b4,blue,adc,射手,dawnstrike,standard,1,2,1,0,11477,8783,9074,443.9,10.45,18.38,,2,0,1,2,2,1145,379,270,823,3305,6059,8220,5924,657,540,,869,48,180,,t3_shieldbreaker|t3_rendspear
standard,47,b5,blue,sup,坦克,stoneguard,standard,1,0,1,0,4159,17922,9781,478.5,8.25,13.95,17.77,3,1,2,3,3,405,300,287,601,4305,6960,9467,5924,225,,,720,,180,2418,t3_calmveil|t3_thornmail
standard,47,r1,red,top,戰士,jufeng,standard,0,2,0,0,10652,21169,9253,452.7,9.82,16.54,,2,1,1,2,2,308,1303,469,603,3458,5933,9119,5924,630,1080,,1125,,360,,t3_shieldbreaker|t3_finalstring
standard,47,r2,red,jungle,戰士,greymantle,standard,0,2,0,1,10130,12704,9506,465,9.34,17.73,,2,1,1,2,2,673,868,2195,2406,3773,5868,9295,5924,432,1080,270,225,1004,360,,t3_shieldbreaker|t3_finalstring
standard,47,r3,red,mid,法師,bingshuang,standard,0,1,1,1,18365,12755,8965,438.6,11.28,17.48,,2,0,1,2,2,1414,183,111,515,3674,6383,8561,5924,837,540,,900,,360,,t3_psyward
standard,47,r4,red,adc,射手,dawnstrike,standard,0,1,2,0,13206,7589,8497,415.7,12.24,19.2,,2,0,1,2,2,1271,343,503,247,3431,5123,7823,5924,639,,,900,,360,,t3_shieldbreaker|t3_rendspear
standard,47,r5,red,sup,坦克,stoneguard,standard,0,2,1,3,8825,16558,11613,568.1,8.6,13.41,17.8,3,1,2,3,3,867,323,959,1633,4467,7563,10939,5924,342,540,810,450,,360,2513,t3_calmveil|t3_thornmail
standard,48,b1,blue,top,戰士,anliuyouXia,standard,0,0,5,3,10281,25961,9059,382.1,9.4,17.61,,2,1,1,2,2,290,328,525,978,3440,5078,7655,5924,651,,540,450,,90,,t3_shieldbreaker|t3_finalstring
standard,48,b2,blue,jungle,刺客,miwu,standard,0,1,7,0,5175,11071,9334,393.7,9.38,18.08,,2,1,1,2,2,440,807,505,1203,3640,5487,7985,5924,198,540,,,1053,270,,t3_finalstring
standard,48,b3,blue,mid,法師,lieyan,standard,0,5,3,0,19114,15353,12035,507.6,11.28,19.08,22.21,3,0,1,2,3,1144,58,1566,834,3404,5258,8516,5924,882,540,,900,,270,,t3_psyward
standard,48,b4,blue,adc,射手,yanfeng,standard,0,4,3,1,21397,13907,11279,475.7,10.65,16.98,21.51,3,0,1,2,3,1271,156,494,898,3431,5186,7994,5924,810,540,,450,,270,,t3_shieldbreaker|t3_rendspear
standard,48,b5,blue,sup,坦克,bingshouweis,standard,0,0,5,0,7070,21351,10090,425.6,8.23,14.2,19.24,3,1,2,3,3,1324,415,468,509,4224,6915,8968,5924,374,,,450,,180,2039,t3_calmveil|t3_thornmail
standard,48,r1,red,top,戰士,anliuyouXia,standard,1,3,0,2,9284,24124,11441,482.6,9.98,16.98,21.25,3,1,1,2,3,482,379,337,410,3632,5909,8987,5924,642,1080,405,720,,216,,t3_shieldbreaker|t3_finalstring
standard,48,r2,red,jungle,刺客,miwu,standard,1,4,4,1,10282,13142,11760,496,8.14,13.63,20.09,3,1,2,2,3,464,637,1315,629,4844,7337,9695,5924,318,1620,270,270,1076,216,,t3_finalstring
standard,48,r3,red,mid,法師,lieyan,standard,1,4,4,1,17293,14822,11744,495.3,9.68,16.91,22.63,3,1,1,2,3,238,54,702,1193,4088,6554,9452,5924,702,1620,270,720,,216,,t3_psyward
standard,48,r4,red,adc,射手,yanfeng,standard,1,8,2,3,26336,10409,14177,598,12,18.08,21.46,4,0,1,2,4,1112,148,1313,956,3272,5828,8933,5924,497,1080,270,945,,216,,t3_shieldbreaker|t3_rendspear
standard,48,r5,red,sup,坦克,bingshouweis,standard,1,4,0,4,10772,19470,13618,574.4,7.25,12.41,16.08,4,1,2,3,4,648,1142,1401,1418,4548,8382,11381,5924,108,1620,675,495,,216,2342,t3_calmveil|t3_thornmail
standard,49,b1,blue,top,戰士,tielian,standard,0,1,3,0,17129,30221,10461,412.5,9.67,19.57,23.13,3,1,1,2,3,308,306,174,560,3458,5186,7274,5924,810,540,,,,0,,t3_shieldbreaker|t3_finalstring
standard,49,b2,blue,jungle,刺客,jueying,standard,0,1,6,0,7628,13784,10077,397.4,9.71,18.47,25.01,3,1,1,2,3,350,229,321,327,3550,5159,7921,5924,162,540,,450,844,0,,t3_finalstring
standard,49,b3,blue,mid,法師,shikong,standard,0,4,5,1,17173,16051,11829,466.5,10.55,18.77,23.73,3,0,1,2,3,1756,242,134,328,4016,5672,8534,5924,810,1080,270,450,,0,,t3_psyward
standard,49,b4,blue,adc,射手,siwang,standard,0,6,4,1,24238,11958,12720,501.6,9.15,18.89,21.83,4,1,1,2,4,297,175,923,19,3647,5375,8543,5924,1089,1080,,450,,0,,t3_shieldbreaker|t3_rendspear
standard,49,b5,blue,sup,輔助,mingyun,standard,0,0,5,1,6835,19314,10465,412.7,6.62,13.68,17.64,3,1,2,3,3,260,576,612,1424,4260,6456,8772,5924,225,,270,450,,0,1902,t3_calmveil
standard,49,r1,red,top,戰士,tielian,standard,1,8,0,0,16181,27967,15171,598.3,9.57,14.56,19.01,4,1,2,3,4,344,391,105,2191,3494,7791,11085,5924,702,3240,,720,48,450,,t3_shieldbreaker|t3_finalstring
standard,49,r2,red,jungle,刺客,jueying,standard,1,6,1,1,16943,16283,13848,546.1,8.72,13.76,19.38,3,1,2,3,3,761,273,216,2768,3961,7523,9866,5924,279,1620,270,270,1053,450,,t3_finalstring
standard,49,r3,red,mid,法師,shikong,standard,1,1,4,0,17304,14855,10569,416.8,11.71,19.28,,2,0,1,2,2,1288,222,336,1168,3548,5672,7886,5924,792,,,720,,450,,t3_psyward
standard,49,r4,red,adc,射手,siwang,standard,1,8,6,0,24200,13128,13834,545.5,10.14,18.46,22.63,4,0,1,2,4,1280,227,303,613,3440,5607,8253,5924,684,540,,720,24,360,,t3_shieldbreaker|t3_rendspear
standard,49,r5,red,sup,輔助,mingyun,standard,1,0,1,5,9316,18015,12204,481.3,5.98,13.54,17.07,4,1,2,3,4,632,770,517,754,4332,7320,9557,5924,171,,810,270,,450,1932,t3_calmveil
standard,50,b1,blue,top,戰士,longyi,standard,0,0,5,0,7933,26611,7745,346.5,10.38,19.93,,2,0,1,2,2,1246,250,148,295,3296,5000,6998,5924,624,,,450,,0,,t3_shieldbreaker|t3_finalstring
standard,50,b2,blue,jungle,刺客,anye,standard,0,0,5,0,3929,10226,7869,352.1,9.57,19.59,,2,1,1,2,2,227,216,360,688,3427,5196,7060,5924,228,,,,908,0,,t3_finalstring
standard,50,b3,blue,mid,法師,lieyan,standard,0,1,6,0,12052,15338,8507,380.6,11.96,20.8,,2,0,1,1,2,1162,162,740,377,3422,5492,7220,5924,846,,,450,,0,,t3_psyward
standard,50,b4,blue,adc,射手,maestro,standard,0,0,7,1,11827,13018,8429,377.1,10.73,21.48,,2,0,1,1,2,1208,184,712,1229,3368,4964,6512,5924,587,,,,,0,,t3_shieldbreaker|t3_rendspear
standard,50,b5,blue,sup,坦克,suishan,standard,0,0,5,0,6215,22877,9775,437.3,7.09,14.28,18.65,3,1,2,3,3,736,332,264,674,4336,6532,9064,5924,198,,,450,48,0,2442,t3_calmveil|t3_thornmail
standard,50,r1,red,top,戰士,longyi,standard,1,5,0,1,15642,17944,12152,543.7,9.78,15.54,19.84,3,1,1,3,3,434,1330,126,1122,3584,6860,9776,5924,738,1620,270,720,,504,,t3_shieldbreaker|t3_finalstring
standard,50,r2,red,jungle,刺客,anye,standard,1,3,0,3,7420,7822,11838,529.7,9.76,16.55,19.42,3,1,1,3,3,686,1172,469,708,3886,6802,10169,5924,120,1080,630,270,1640,504,,t3_finalstring
standard,50,r3,red,mid,法師,lieyan,standard,1,5,1,1,15802,11749,12296,550.2,11.01,16.05,21.55,3,0,1,2,3,1414,450,556,696,3674,6950,9956,5924,1098,1620,90,720,,504,,t3_psyward
standard,50,r4,red,adc,射手,maestro,standard,1,12,0,2,33237,8133,15683,701.7,9.22,15.79,18.48,4,1,1,3,4,324,1084,460,2463,3674,6764,11840,5924,1002,3780,360,270,,504,,t3_shieldbreaker|t3_rendspear
standard,50,r5,red,sup,坦克,suishan,standard,1,3,0,6,7814,17754,13790,617,8.43,12.38,14.86,4,1,3,4,4,183,289,284,1589,4383,8889,12484,5924,281,1620,1350,720,,504,2084,t3_calmveil|t3_thornmail
standard,51,b1,blue,top,戰士,chichuan,standard,1,1,1,0,7203,13930,8085,405.4,10.45,,,1,0,1,,1,1318,492,,2604,3368,5492,,,,,,,,,,t3_shieldbreaker|t3_finalstring
standard,51,b2,blue,jungle,刺客,hundun,standard,1,1,2,1,6932,9517,8949,448.8,11.05,18.77,,2,0,1,,2,1289,365,,369,3499,6065,,,,,,,,,,t3_psyward
standard,51,b3,blue,mid,法師,shikong,standard,1,3,2,0,6607,10219,9375,470.1,11.64,17.9,,2,0,1,,2,1354,1254,,394,3614,6854,,,,,,,,,,t3_psyward
standard,51,b4,blue,adc,射手,huanying,standard,1,6,1,3,17531,7746,12081,605.8,10.91,16.47,,2,0,1,,2,1199,760,,3180,3359,6140,,,,,,,,,,t3_shieldbreaker|t3_rendspear
standard,51,b5,blue,sup,坦克,tieshixin,standard,1,1,1,1,5771,14532,10267,514.9,6.78,13.62,17.43,3,1,2,,3,280,1097,,387,4380,7377,,,,,,,,,,t3_calmveil|t3_thornmail
standard,51,r1,red,top,戰士,chichuan,standard,0,2,3,1,6053,18259,8313,416.9,9.75,17.74,,2,1,1,,2,146,331,,433,3296,5811,,,,,,,,,,t3_shieldbreaker|t3_finalstring
standard,51,r2,red,jungle,刺客,hundun,standard,0,3,4,1,9905,11513,9162,459.4,11.03,17.66,,2,0,1,,2,1474,382,,611,3684,6832,,,,,,,,,,t3_psyward
standard,51,r3,red,mid,法師,shikong,standard,0,1,2,1,9368,10473,8193,410.8,12.24,19.61,,2,0,1,,2,1108,108,,162,3368,5438,,,,,,,,,,t3_psyward
standard,51,r4,red,adc,射手,huanying,standard,0,0,2,1,10776,7447,7800,391.1,11.64,,,1,0,1,,1,1139,529,,2119,3299,5009,,,,,,,,,,t3_shieldbreaker|t3_rendspear
standard,51,r5,red,sup,坦克,tieshixin,standard,0,1,1,0,4554,15197,8545,428.5,7.93,12.56,,2,1,2,,2,448,440,,1365,4248,7020,,,,,,,,,,t3_calmveil|t3_thornmail
standard,52,b1,blue,top,戰士,xueyue,standard,0,1,5,0,10777,24753,9576,418,10.58,17.68,,2,0,1,2,2,1336,258,444,1346,3386,5438,7544,5924,774,,,630,,216,,t3_shieldbreaker|t3_finalstring
standard,52,b2,blue,jungle,刺客,razorwing,standard,0,1,4,1,4179,9305,9611,419.5,10.04,17.63,22.72,3,0,1,2,3,1598,1020,581,160,3528,5820,7711,5924,270,,,180,1121,216,,t3_finalstring
standard,52,b3,blue,mid,法師,lieyan,standard,0,6,2,1,21050,14935,12339,538.6,10.48,17.76,21.53,3,0,1,2,3,1810,36,189,439,4070,6536,8939,5924,864,1080,,855,,216,,t3_psyward
standard,52,b4,blue,adc,射手,guangsu,standard,0,4,4,1,16077,10852,10623,463.7,11.12,17.99,21.39,3,0,1,2,3,1181,403,983,303,3341,5483,8933,5924,768,1620,,405,,216,,t3_shieldbreaker|t3_rendspear
standard,52,b5,blue,sup,輔助,shiguang,standard,0,0,2,3,5877,15398,10741,468.9,9.5,12.7,17.02,3,1,2,3,3,278,338,750,1701,4278,6888,9330,5924,275,,270,630,16,216,1998,t3_calmveil
standard,52,r1,red,top,戰士,xueyue,standard,1,5,0,0,14998,25887,12266,535.4,9.54,16.3,19.83,3,1,1,3,3,353,812,208,865,3503,6292,10108,5924,723,2160,,1012,,288,,t3_shieldbreaker|t3_finalstring
standard,52,r2,red,jungle,刺客,razorwing,standard,1,3,3,1,6967,10999,11301,493.3,9.38,16.56,20.36,3,1,1,2,3,459,1166,1094,871,3659,6746,9424,5924,282,1620,,112,1197,288,,t3_finalstring
standard,52,r3,red,mid,法師,lieyan,standard,1,1,4,0,12651,13825,9212,402.1,11.91,20.98,,2,0,1,1,2,1360,332,1112,231,3620,5362,7612,5924,837,,,562,,288,,t3_psyward
standard,52,r4,red,adc,射手,guangsu,standard,1,8,4,2,22643,10422,12665,552.8,11.29,17.77,20.55,3,0,1,2,3,1154,324,1085,864,3314,5224,9985,5924,690,2700,270,112,,288,,t3_shieldbreaker|t3_rendspear
standard,52,r5,red,sup,輔助,shiguang,standard,1,0,1,5,5901,14091,11520,502.9,6.17,12.23,17.77,4,1,2,3,4,1004,488,1078,820,4404,7218,10118,5924,275,,810,900,,288,1920,t3_calmveil
standard,53,b1,blue,top,戰士,langwang,standard,1,1,0,0,8515,18695,8440,433.9,9.99,17.11,,2,1,1,,2,317,525,,440,3467,6005,,,,,,,,,,t3_shieldbreaker|t3_finalstring
standard,53,b2,blue,jungle,刺客,jingxiang,standard,1,3,0,1,7160,8394,9429,484.8,10.03,16.87,,2,0,1,,2,2156,982,,1399,4086,6262,,,,,,,,,,t3_finalstring
standard,53,b3,blue,mid,法師,auralith,standard,1,1,2,0,9877,10564,8336,428.6,11.64,18.2,,2,0,1,,2,1310,58,,305,3570,5658,,,,,,,,,,t3_psyward
standard,53,b4,blue,adc,射手,mori,standard,1,2,0,2,10787,7938,9295,477.9,10.45,16.94,,2,0,1,,2,1514,910,,395,3674,6590,,,,,,,,,,t3_shieldbreaker|t3_rendspear
standard,53,b5,blue,sup,輔助,fuwenbianzhi,standard,1,0,2,1,3970,10568,9210,473.5,7.68,13.58,17.11,3,1,2,,3,1187,185,,629,4287,7215,,,,,,,,,,t3_calmveil
standard,53,r1,red,top,戰士,langwang,standard,0,0,1,0,8122,19139,6976,358.7,10.13,,,1,0,1,,1,1375,87,,1496,3425,5567,,,,,,,,,,t3_shieldbreaker|t3_finalstring
standard,53,r2,red,jungle,刺客,jingxiang,standard,0,2,1,0,7072,9217,8539,439,7.99,15.8,,2,1,1,,2,267,1148,,508,4117,6728,,,,,,,,,,t3_finalstring
standard,53,r3,red,mid,法師,auralith,standard,0,1,2,0,11235,10364,7552,388.3,11.49,,,1,0,1,,1,1180,246,,1052,3440,5096,,,,,,,,,,t3_psyward
standard,53,r4,red,adc,射手,mori,standard,0,1,2,1,9448,7742,7813,401.7,10.29,18.18,,2,0,1,,2,1217,463,,193,3377,6143,,,,,,,,,,t3_shieldbreaker|t3_rendspear
standard,53,r5,red,sup,輔助,fuwenbianzhi,standard,0,0,1,0,3379,10732,8979,461.6,8.32,13.33,17.38,3,1,2,,3,857,573,,398,4257,6573,,,,,,,,,,t3_calmveil
standard,54,b1,blue,top,戰士,kuangfeng,standard,0,1,3,0,11256,24826,8337,372.5,9.53,17.59,,2,1,1,2,2,308,310,450,257,3458,5060,7580,5924,594,540,,450,,72,,t3_shieldbreaker|t3_finalstring
standard,54,b2,blue,jungle,刺客,sting,standard,0,0,5,3,8421,10697,9381,419.1,9.35,17.8,,2,1,1,2,2,392,115,363,1251,3592,5745,7843,5924,405,,540,,901,72,,t3_finalstring
standard,54,b3,blue,mid,法師,xingjie,standard,0,0,5,1,12030,13758,7891,352.5,11.53,20.63,,2,0,1,1,2,1144,138,627,241,3404,4988,7107,5924,666,,270,150,24,72,,t3_psyward
standard,54,b4,blue,adc,射手,leiting,standard,0,9,3,0,24586,12193,13230,591.1,10.96,17.26,19.59,3,0,1,3,3,1208,841,299,2250,3368,6041,9899,5924,603,2700,,599,,72,,t3_shieldbreaker|t3_rendspear
standard,54,b5,blue,sup,坦克,ironclad,standard,0,1,3,0,5668,19001,10248,457.8,8.25,14.08,19.73,3,1,2,3,3,168,337,221,1267,4368,6537,8901,5924,216,,,149,,72,2539,t3_calmveil|t3_thornmail
standard,54,r1,red,top,戰士,kuangfeng,standard,1,5,0,1,15676,22368,13247,591.8,9.23,16.1,21.29,3,1,1,2,3,362,1396,1108,2396,3512,6626,9758,5924,990,1620,270,720,,234,,t3_shieldbreaker|t3_finalstring
standard,54,r2,red,jungle,刺客,sting,standard,1,5,3,1,6924,12098,12047,538.2,8.39,13.48,19.92,3,1,2,3,3,323,463,345,917,5003,8063,10995,5924,180,2700,270,270,1416,234,,t3_finalstring
standard,54,r3,red,mid,法師,xingjie,standard,1,7,4,0,16663,14011,12230,546.4,11.12,16.25,21.88,3,0,1,2,3,1369,942,142,799,3629,6842,9542,5924,1044,2160,,270,,144,,t3_psyward
standard,54,r4,red,adc,射手,leiting,standard,1,2,2,3,17691,8652,11213,500.9,10.87,18.85,,2,0,1,2,2,1244,328,890,2312,3404,5708,8210,5924,972,540,270,270,,234,,t3_shieldbreaker|t3_rendspear
standard,54,r5,red,sup,坦克,ironclad,standard,1,0,2,3,6468,17050,10921,487.9,7.41,13.42,17.68,3,1,2,3,3,642,405,203,941,4242,7185,9583,5924,126,,540,270,,234,2489,t3_calmveil|t3_thornmail
standard,55,b1,blue,top,戰士,greymantle,standard,0,0,1,0,5616,20416,7465,390,10.43,17.03,,2,0,1,,2,1318,554,,84,3368,5204,,,,,,,,,,t3_shieldbreaker|t3_finalstring
standard,55,b2,blue,jungle,刺客,yingsi,standard,0,0,4,0,2998,8957,6767,353.5,9.35,18.98,,2,1,1,,2,278,118,,116,3478,5348,,,,,,,,,,t3_finalstring
standard,55,b3,blue,mid,法師,auralith,standard,0,1,2,0,10293,11044,7735,404.1,12.27,16.35,,2,0,1,,2,1270,526,,204,3530,5906,,,,,,,,,,t3_psyward
standard,55,b4,blue,adc,射手,liangzi,standard,0,4,4,0,11895,10158,8648,451.8,9.78,17.76,,2,1,1,,2,180,299,,797,3530,5199,,,,,,,,,,t3_shieldbreaker|t3_rendspear
standard,55,b5,blue,sup,輔助,huanjing,standard,0,0,2,0,3666,12476,8816,460.6,6.72,12.83,17.83,3,1,2,,3,614,746,,1116,4314,6996,,,,,,,,,,t3_calmveil
standard,55,r1,red,top,戰士,greymantle,standard,1,4,0,0,8677,16736,9823,513.2,9.91,14.6,,2,1,2,,2,78,132,,1222,4358,6932,,,,,,,,,,t3_shieldbreaker|t3_finalstring
standard,55,r2,red,jungle,刺客,yingsi,standard,1,3,1,2,9452,8979,10309,538.6,8.36,13.88,18.16,3,1,2,,3,221,1283,,658,4371,7933,,,,,,,,,,t3_finalstring
standard,55,r3,red,mid,法師,auralith,standard,1,2,1,1,8262,8664,8644,451.6,12.27,17.02,,2,0,1,,2,1234,93,,493,3494,6293,,,,,,,,,,t3_psyward
standard,55,r4,red,adc,射手,liangzi,standard,1,4,3,2,13340,8037,9886,516.5,9.51,17.43,,2,1,1,,2,549,1369,,985,3899,7049,,,,,,,,,,t3_shieldbreaker|t3_rendspear
standard,55,r5,red,sup,輔助,huanjing,standard,1,0,0,3,4969,10164,9904,517.4,9.17,12.73,,2,1,2,,2,578,356,,2874,4278,7086,,,,,,,,,,t3_calmveil
standard,56,b1,blue,top,戰士,ravager,standard,0,1,1,0,6376,20865,9495,413.4,9.13,18.41,,2,1,1,2,2,461,189,317,1214,3611,5789,8597,5924,819,540,,900,,414,,t3_shieldbreaker|t3_finalstring
standard,56,b2,blue,jungle,刺客,youming,standard,0,0,4,0,6086,13170,8584,373.8,9.53,18.93,,2,1,1,2,2,145,237,553,253,3345,5037,7503,5924,108,,,450,696,324,,t3_finalstring
standard,56,b3,blue,mid,法師,xingjie,standard,0,1,5,2,14328,14386,9297,404.8,11.17,19.35,,2,0,1,2,2,1198,255,473,896,3458,5285,7823,5924,630,,405,450,,414,,t3_psyward
standard,56,b4,blue,adc,射手,shengyan,standard,0,11,5,1,27678,11400,14634,637.2,9.53,16.63,19.48,4,1,1,3,4,342,325,608,1033,3692,6005,11558,5924,810,3780,135,675,,234,,t3_shieldbreaker|t3_rendspear
standard,56,b5,blue,sup,輔助,zhanchang,standard,0,0,3,1,7027,18489,10502,457.3,6.13,13.31,19.15,3,1,2,3,3,363,417,352,1461,4363,6667,8812,5924,225,,,225,48,414,1975,t3_calmveil
standard,56,r1,red,top,戰士,ravager,standard,1,9,1,0,12755,21663,14160,616.5,9.7,13.3,18.02,4,1,2,3,4,488,576,662,1179,3638,7376,11642,5924,984,4320,,270,,144,,t3_shieldbreaker|t3_finalstring
standard,56,r2,red,jungle,刺客,youming,standard,1,2,4,2,9510,14392,10502,457.3,8.65,16.16,21.13,3,1,1,2,3,173,1246,998,372,4323,6826,9328,5924,228,1080,540,270,1141,144,,t3_finalstring
standard,56,r3,red,mid,法師,xingjie,standard,1,2,2,3,12824,13835,11136,484.9,11.21,18.9,22.92,3,0,1,2,3,1198,270,678,105,3458,6170,8528,5924,929,,810,720,,144,,t3_psyward
standard,56,r4,red,adc,射手,shengyan,standard,1,5,5,1,20745,10740,11007,479.2,10.83,18.21,,2,0,1,2,2,1199,367,359,2106,3359,5447,8309,5924,621,1080,270,270,,144,,t3_shieldbreaker|t3_rendspear
standard,56,r5,red,sup,輔助,zhanchang,standard,1,0,1,3,6475,12115,10779,469.3,7.94,11.98,16.27,3,1,2,3,3,1394,349,355,1738,4494,7379,9395,5924,189,,540,720,,144,1878,t3_calmveil
standard,57,b1,blue,top,戰士,leimingcf,standard,0,0,2,0,6860,23682,7919,369.9,10.5,18.83,,2,0,1,2,2,1330,304,234,319,3380,5054,7484,5924,498,,,900,,162,,t3_shieldbreaker|t3_finalstring
standard,57,b2,blue,jungle,刺客,yueying,standard,0,0,6,0,4747,11987,8028,375,10.2,19.48,,2,0,1,2,2,1604,200,412,247,3534,5350,7592,5924,228,,,450,828,162,,t3_finalstring
standard,57,b3,blue,mid,法師,auralith,standard,0,0,3,1,10168,12396,7313,341.6,11.68,19.71,,2,0,1,2,2,1126,312,192,663,3386,5042,6842,5924,486,,270,,,162,,t3_psyward
standard,57,b4,blue,adc,射手,xingchen,standard,0,5,1,0,17572,10987,11028,515.1,10.03,17.64,20.78,3,0,1,2,3,1418,293,1276,647,3578,5373,10026,5924,830,2160,,900,48,162,,t3_shieldbreaker|t3_rendspear
standard,57,b5,blue,sup,坦克,thornwall,standard,0,0,4,0,6248,19778,8954,418.2,7.86,13.51,20.19,3,1,2,2,3,159,355,803,173,4359,6555,8483,5924,333,,,,,72,2153,t3_calmveil|t3_thornmail
standard,57,r1,red,top,戰士,leimingcf,standard,1,4,0,3,9518,17726,11816,552,7.09,14.57,19.69,3,1,2,3,3,475,139,120,366,4325,6989,10670,5924,966,1620,540,1260,,360,,t3_shieldbreaker|t3_finalstring
standard,57,r2,red,jungle,刺客,yueying,standard,1,7,2,3,10620,10758,13010,607.7,6.95,13.35,17.11,3,1,2,3,3,575,672,1144,1880,4955,7852,12274,5924,138,3780,360,360,1352,360,,t3_finalstring
standard,57,r3,red,mid,法師,auralith,standard,1,0,3,4,17162,11256,8513,397.7,10.96,19.63,,2,0,1,2,2,1498,300,321,663,3758,5900,7871,5924,731,,495,360,,360,,t3_psyward
standard,57,r4,red,adc,射手,xingchen,standard,1,3,0,3,16255,7566,11012,514.4,10.73,17.56,21.23,3,0,1,2,3,1253,247,480,532,3413,5627,9380,5924,711,1080,495,810,,360,,t3_shieldbreaker|t3_rendspear
standard,57,r5,red,sup,坦克,thornwall,standard,1,2,0,2,5795,13673,11227,524.4,8.45,12.96,17.93,3,1,2,3,3,1306,369,371,1246,4206,7309,10351,5924,117,1080,270,810,,360,1789,t3_calmveil|t3_thornmail
standard,58,b1,blue,top,坦克,tiankong,standard,0,1,2,0,9662,25264,7881,386.3,8.92,16.52,,2,1,1,2,2,1156,290,330,151,4106,5690,7760,5924,846,540,,450,,0,,t3_calmveil|t3_thornmail
standard,58,b2,blue,jungle,戰士,tielian,standard,0,0,5,1,4803,14307,7202,353,8.97,19.97,,2,1,1,2,2,665,128,180,301,3765,5358,7080,5924,237,,270,,649,0,,t3_finalstring|t3_shieldbreaker
standard,58,b3,blue,mid,法師,xingjie,standard,0,0,5,0,12171,11768,6781,332.4,11.88,,,1,0,1,1,1,1111,374,1280,1401,3371,5004,6660,5924,687,,,,48,0,,t3_psyward
standard,58,b4,blue,adc,射手,dujian,standard,0,0,4,0,9360,12255,7071,346.6,10.81,20.4,,2,0,1,1,2,1136,136,1150,171,3296,4916,6950,5924,576,,,450,,0,,t3_shieldbreaker|t3_rendspear
standard,58,b5,blue,sup,坦克,tiebi,standard,0,0,2,0,4833,15976,9182,450.1,9.18,14.13,18.33,3,1,2,3,3,408,268,80,201,4308,6468,9060,5924,173,,,450,,0,2512,t3_calmveil|t3_thornmail
standard,58,r1,red,top,坦克,tiankong,standard,1,7,1,2,13338,18300,13524,663,7.83,11.78,14.51,4,1,3,4,4,231,229,445,1274,3881,8879,12695,5924,597,3780,360,1530,,504,,t3_calmveil|t3_thornmail
standard,58,r2,red,jungle,戰士,tielian,standard,1,3,0,5,9610,10952,10956,537,9.82,14.83,19.6,3,1,2,3,3,126,319,144,405,3926,7119,10694,5924,264,1620,720,180,1481,504,,t3_finalstring|t3_shieldbreaker
standard,58,r3,red,mid,法師,xingjie,standard,1,4,0,4,21576,11252,11448,561.2,10.96,16.73,20.35,3,0,1,2,3,1639,807,1777,118,3899,7307,11177,5924,969,2160,540,1080,,504,,t3_psyward
standard,58,r4,red,adc,射手,dujian,standard,1,3,0,2,16575,9068,9996,490,9.88,16.43,,2,1,1,2,2,216,163,1595,1416,3566,5663,9875,5924,791,1620,405,630,,504,,t3_shieldbreaker|t3_rendspear
standard,58,r5,red,sup,坦克,tiebi,standard,1,1,0,7,7703,13156,10659,522.5,7.64,13.43,18.76,3,1,2,3,3,411,334,408,679,4311,7274,10388,5924,149,540,1215,180,,504,1874,t3_calmveil|t3_thornmail
standard,59,b1,blue,top,坦克,tiebi,standard,1,0,4,0,8241,24757,9607,411.1,9.62,14.93,19.63,3,1,2,3,3,418,38,150,556,3368,5888,8300,5924,612,,,1620,,144,,t3_calmveil|t3_thornmail
standard,59,b2,blue,jungle,戰士,cinderfist,standard,1,0,3,0,5736,14414,8849,378.7,9.48,17.92,,2,1,1,2,2,599,1072,413,1149,3699,5902,7463,5924,135,,,270,990,144,,t3_shieldbreaker|t3_finalstring
standard,59,b3,blue,mid,法師,gambler,standard,1,2,5,1,11973,12930,10219,437.3,12.63,20.3,,2,0,1,1,2,1270,342,882,818,3530,5492,7382,5924,774,,270,270,,144,,t3_psyward
standard,59,b4,blue,adc,射手,tianfa,standard,1,6,4,2,23452,10092,12136,519.4,10.33,18.49,21.51,3,0,1,2,3,1253,367,365,535,3413,5447,8615,5924,657,1620,,270,,144,,t3_shieldbreaker|t3_rendspear
standard,59,b5,blue,sup,輔助,fengshen,standard,1,0,5,0,6562,16823,10213,437.1,6.61,12.68,17.14,3,1,2,3,3,287,293,327,1173,4287,7323,8907,5924,234,,,720,,144,1884,t3_calmveil
standard,59,r1,red,top,坦克,tiebi,standard,0,8,1,1,14105,23538,13597,581.9,8.46,13.13,17.53,4,1,2,4,4,1894,363,345,1447,4844,7593,11895,5924,684,3780,270,900,48,288,,t3_calmveil|t3_thornmail
standard,59,r2,red,jungle,戰士,cinderfist,standard,0,3,2,2,10549,15431,11234,480.8,8.43,15.83,19.58,3,1,1,3,3,1728,1259,143,483,4828,6689,9693,5924,282,1620,405,,1173,288,,t3_shieldbreaker|t3_finalstring
standard,59,r3,red,mid,法師,gambler,standard,0,2,3,0,15287,13077,9832,420.8,11.08,20.47,,2,0,1,1,2,1369,381,1017,551,3629,5411,7517,5924,855,,,450,,288,,t3_psyward
standard,59,r4,red,adc,射手,tianfa,standard,0,8,1,0,22110,10414,13381,572.6,11.12,18.02,22.82,3,0,1,2,3,1352,400,482,1580,3512,5180,9032,5924,750,1620,,450,,288,,t3_shieldbreaker|t3_rendspear
standard,59,r5,red,sup,輔助,fengshen,standard,0,0,1,3,5008,16996,10752,460.1,6.74,13.41,17.59,3,1,2,3,3,668,566,569,1521,4368,7116,9319,5924,344,,405,450,,288,1907,t3_calmveil
standard,60,b1,blue,top,坦克,shengdun,standard,,1,19,2,45687,112677,22732,378.9,9.48,16.56,21.9,5,1,1,2,5,618,76,1084,9082,3568,5476,8374,5924,924,,157,1080,,288,,t3_calmveil|t3_thornmail
standard,60,b2,blue,jungle,戰士,dushe,standard,,5,19,2,39925,68522,25538,425.6,9.6,18.31,24.86,5,1,1,2,5,389,621,641,10237,4189,6101,8041,5924,168,540,90,180,761,378,,t3_finalstring|t3_shieldbreaker
standard,60,b3,blue,mid,法師,ronghuo,standard,,43,35,2,209828,61690,44869,747.8,10.68,18.13,25.5,5,0,1,2,5,1488,302,164,28719,3748,6502,8194,5924,924,,337,630,,378,,t3_psyward
standard,60,b4,blue,adc,射手,dawnstrike,standard,,55,24,3,470323,38750,52161,869.4,9.69,18.23,22.48,5,1,1,2,5,287,314,186,36561,3637,5514,8286,5924,623,540,157,630,32,378,,t3_shieldbreaker|t3_rendspear
standard,60,b5,blue,sup,坦克,stoneguard,standard,,2,18,7,37471,103544,25914,431.9,7.84,12.98,18.8,5,1,2,3,5,314,321,399,12313,4514,7561,10379,5924,203,1080,67,180,32,378,2513,t3_calmveil|t3_thornmail
standard,60,r1,red,top,坦克,shengdun,standard,,7,14,5,47014,107800,26409,440.1,10.66,14.29,19.05,5,0,2,3,5,1855,850,406,12758,3485,6800,9056,5924,783,1620,135,450,,144,,t3_calmveil|t3_thornmail
standard,60,r2,red,jungle,戰士,dushe,standard,,18,21,1,73070,75153,32657,544.3,9.28,18.49,23.84,5,1,1,2,5,696,570,515,17357,3796,5750,7615,5924,282,,135,,1129,144,,t3_finalstring|t3_shieldbreaker
standard,60,r3,red,mid,法師,ronghuo,standard,,40,33,3,154343,63514,43143,719,11.32,17.78,23.35,5,0,1,2,5,1306,285,1251,26992,3566,6185,9281,5924,723,1620,270,600,,144,,t3_psyward
standard,60,r4,red,adc,射手,dawnstrike,standard,,47,19,7,439089,39200,48208,803.5,10.59,18.98,23.74,5,0,1,2,5,1469,214,137,32607,3629,5414,8417,5924,849,540,135,824,,144,,t3_shieldbreaker|t3_rendspear
standard,60,r5,red,sup,坦克,stoneguard,standard,,3,19,14,37098,105587,27648,460.8,6.79,13.19,17.62,5,1,2,3,5,795,891,931,14048,4395,7671,10911,5924,314,1080,675,374,,144,2397,t3_calmveil|t3_thornmail
standard,61,b1,blue,top,坦克,shiqiang,standard,0,0,3,0,7978,20028,7760,363.2,9.06,18.96,,2,1,1,2,2,346,312,30,929,3296,4862,6860,5924,486,,,450,,0,,t3_calmveil|t3_thornmail
standard,61,b2,blue,jungle,戰士,jufeng,standard,0,0,3,0,4274,12717,7310,342.1,9.56,19.33,,2,1,1,2,2,407,856,296,229,3507,5136,6896,5924,162,,,,810,0,,t3_finalstring|t3_shieldbreaker
standard,61,b3,blue,mid,法師,gambler,standard,0,0,4,0,14943,15142,7706,360.6,11.06,20.23,,2,0,1,1,2,1216,336,1212,355,3476,5186,7292,5924,918,,,450,,0,,t3_psyward
standard,61,b4,blue,adc,射手,yanfeng,standard,0,0,5,0,13030,11098,7733,361.9,10.88,20.53,,2,0,1,1,2,1109,1003,1069,832,3269,5303,6869,5924,495,,,450,,0,,t3_shieldbreaker|t3_rendspear
standard,61,b5,blue,sup,坦克,bingshouweis,standard,0,0,4,0,4264,19651,8754,409.7,7.98,14.24,21.33,3,1,2,2,3,642,551,660,94,4242,6451,8340,5924,171,,,,48,0,2196,t3_calmveil|t3_thornmail
standard,61,r1,red,top,坦克,shiqiang,standard,1,3,0,1,12174,21126,11195,523.9,9.85,15.13,18.48,3,1,1,3,3,598,731,379,1164,3548,6131,9929,5924,696,1620,135,1050,,504,,t3_calmveil|t3_thornmail
standard,61,r2,red,jungle,戰士,jufeng,standard,1,5,0,1,7630,12220,11893,556.6,10.58,15.68,19.72,3,0,1,3,3,1901,2134,106,1513,3601,7614,10486,5924,138,2160,135,599,1024,504,,t3_finalstring|t3_shieldbreaker
standard,61,r3,red,mid,法師,gambler,standard,1,4,0,4,21640,10315,11759,550.3,10.95,18.35,,2,0,1,2,2,1288,564,271,2358,3548,6464,9671,5924,903,1080,810,450,,504,,t3_psyward
standard,61,r4,red,adc,射手,yanfeng,standard,1,5,0,0,17010,8690,11303,529,9.98,18.23,21.16,3,1,1,2,3,171,367,1331,452,3521,6167,9911,5924,873,2160,,450,,504,,t3_shieldbreaker|t3_rendspear
standard,61,r5,red,sup,坦克,bingshouweis,standard,1,2,0,2,6605,14567,12134,567.9,6.93,12.01,16.27,4,1,2,3,4,1396,507,1392,833,4296,7747,11372,5924,197,1080,540,599,24,504,2501,t3_calmveil|t3_thornmail
standard,62,b1,blue,top,坦克,tiemu,standard,0,0,1,0,4847,24975,8778,390.1,8.98,16.88,22.31,3,1,1,2,3,445,219,437,227,3395,5519,7067,5924,621,,,450,,72,,t3_calmveil|t3_thornmail
standard,62,b2,blue,jungle,戰士,langwang,standard,0,3,2,1,9040,18829,10246,455.4,10.57,16.55,22.21,3,0,1,2,3,1591,361,566,216,3591,5791,8816,5924,327,1080,135,450,828,72,,t3_shieldbreaker|t3_finalstring
standard,62,b3,blue,mid,法師,ronghuo,standard,0,4,4,0,12280,15914,10023,445.4,11.48,20.08,,2,0,1,1,2,1138,24,1566,722,3398,5054,7646,5924,660,540,,450,,72,,t3_psyward
standard,62,b4,blue,adc,射手,siwang,standard,0,6,4,3,17230,10237,12123,538.8,9.71,17.89,20.89,3,1,1,2,3,147,386,712,923,3497,5166,9612,5924,776,1620,270,900,48,72,,t3_shieldbreaker|t3_rendspear
standard,62,b5,blue,sup,輔助,mingyun,standard,0,0,1,5,8002,17889,9852,437.9,7.19,13.38,17.81,3,1,2,3,3,587,260,193,622,4287,6510,8673,5924,207,,405,,,72,2064,t3_calmveil
standard,62,r1,red,top,坦克,tiemu,standard,1,4,2,0,13697,22816,10983,488.1,9.6,14.87,19.13,3,1,2,3,3,364,68,1106,1052,3314,6698,9956,5924,786,2160,,690,,396,,t3_calmveil|t3_thornmail
standard,62,r2,red,jungle,戰士,langwang,standard,1,0,2,2,12264,12383,9170,407.5,9.6,17.08,,2,1,1,2,2,501,1761,664,919,3601,6111,8014,5924,135,,270,239,1048,396,,t3_shieldbreaker|t3_finalstring
standard,62,r3,red,mid,法師,ronghuo,standard,1,4,2,0,18360,11121,11016,489.6,12.54,17.54,,2,0,1,2,2,1000,204,618,1615,3260,5804,8648,5924,558,1080,,689,,396,,t3_psyward
standard,62,r4,red,adc,射手,siwang,standard,1,4,5,1,15912,9267,10344,459.7,11.72,19.85,,2,0,1,2,2,1010,715,167,1443,3170,5195,7787,5924,432,540,135,540,,216,,t3_shieldbreaker|t3_rendspear
standard,62,r5,red,sup,輔助,mingyun,standard,1,0,2,2,6915,11162,11166,496.3,8.48,12.8,18.26,3,1,2,3,3,905,334,1249,2986,4305,7364,9429,5924,248,,405,540,48,396,1866,t3_calmveil
standard,63,b1,blue,top,坦克,dadi,standard,1,0,0,0,21128,31697,11032,403.7,9.14,15.01,24.43,3,1,1,2,3,598,750,332,1101,3548,6050,7562,5924,792,,,630,,216,,t3_calmveil|t3_thornmail
standard,63,b2,blue,jungle,戰士,jingci,standard,1,3,4,0,12690,23886,12277,449.3,10.51,18.12,22.62,3,0,1,2,3,1659,495,271,926,3659,5925,8221,5924,306,540,,180,1055,216,,t3_shieldbreaker|t3_finalstring
standard,63,b3,blue,mid,法師,gambler,standard,1,3,7,0,18730,17538,12424,454.7,11.36,20.48,26.07,3,0,1,1,3,1234,150,1746,343,3494,5600,8246,5924,936,540,,630,,216,,t3_psyward
standard,63,b4,blue,adc,射手,phantom,standard,1,10,6,1,35453,14089,14992,548.6,10.6,19.36,23.65,4,0,1,2,4,1199,73,293,1141,3359,5753,7913,5924,513,1080,,180,,216,,t3_shieldbreaker|t3_rendspear
standard,63,b5,blue,sup,輔助,tianshi,standard,1,0,6,2,10847,22123,12459,456,6.85,12.28,17.23,4,1,2,3,4,950,234,638,1498,4350,7264,9118,5924,225,,270,630,,216,1853,t3_calmveil
standard,63,r1,red,top,坦克,dadi,standard,0,4,0,0,22663,35350,13054,477.7,8.83,16.02,19.95,4,1,1,3,4,634,444,92,903,3584,5744,8642,5924,972,1080,,450,,216,,t3_calmveil|t3_thornmail
standard,63,r2,red,jungle,戰士,jingci,standard,0,2,1,0,18826,20729,11752,430.1,8.63,15.56,23.43,3,1,1,2,3,635,1094,178,401,3735,6524,8428,5924,450,540,,,1298,216,,t3_shieldbreaker|t3_finalstring
standard,63,r3,red,mid,法師,gambler,standard,0,4,6,1,17817,17450,12325,451,12.79,20.48,25.13,3,0,1,1,3,1108,381,1413,244,3368,5231,7913,5924,648,540,135,450,,216,,t3_psyward
standard,63,r4,red,adc,射手,phantom,standard,0,13,4,1,45496,13463,17608,644.4,10.23,17.24,21.09,5,0,1,2,5,1478,364,878,2007,3638,5744,9128,5924,918,1620,,450,,216,,t3_shieldbreaker|t3_rendspear
standard,63,r5,red,sup,輔助,tianshi,standard,0,0,5,1,8224,20241,11262,412.2,6.8,12.79,18.24,4,1,2,3,4,587,792,387,302,4287,6672,8867,5924,180,,135,,,216,2411,t3_calmveil
standard,64,b1,blue,top,坦克,tixue,standard,0,0,3,0,10933,24535,7633,353.5,9.73,16.51,,2,1,1,2,2,553,237,271,482,3503,5087,7121,5924,747,,,450,,0,,t3_calmveil|t3_thornmail
standard,64,b2,blue,jungle,戰士,greymantle,standard,0,0,4,0,6143,12717,7398,342.6,10.68,19.87,,2,0,1,2,2,1334,194,237,318,3334,5074,6837,5924,297,,,,615,0,,t3_finalstring|t3_shieldbreaker
standard,64,b3,blue,mid,法師,ronghuo,standard,0,0,3,0,14073,13686,8272,383.1,11.42,20.21,,2,0,1,1,2,1252,376,1475,922,3512,5276,6855,5924,882,,,,48,0,,t3_psyward
standard,64,b4,blue,adc,射手,huanying,standard,0,0,4,0,14328,12227,7459,345.4,10.57,19.88,,2,0,1,2,2,1154,145,41,258,3314,4925,6941,5924,567,,,450,,0,,t3_shieldbreaker|t3_rendspear
standard,64,b5,blue,sup,坦克,tieshixin,standard,0,0,6,0,3937,19232,9040,418.7,8.28,13.89,18.87,3,1,2,3,3,1373,271,347,540,4273,6451,8547,5924,99,,,450,48,0,2025,t3_calmveil|t3_thornmail
standard,64,r1,red,top,坦克,tixue,standard,1,4,0,2,13077,18671,11680,540.9,9.18,15.1,18.83,3,1,1,3,3,562,740,268,1649,3512,6140,10298,5924,900,1620,540,810,,504,,t3_calmveil|t3_thornmail
standard,64,r2,red,jungle,戰士,greymantle,standard,1,6,0,1,10680,11720,12766,591.3,7.69,15.85,19.21,3,1,1,3,3,868,1638,403,2386,3968,7118,10783,5924,180,2160,270,360,1385,504,,t3_finalstring|t3_shieldbreaker
standard,64,r3,red,mid,法師,ronghuo,standard,1,2,0,0,14532,11471,9574,443.4,11.17,18.88,,2,0,1,2,2,1252,234,268,773,3512,5834,8768,5924,900,1080,,360,,504,,t3_psyward
standard,64,r4,red,adc,射手,huanying,standard,1,5,0,3,20237,9404,11999,555.7,11.11,16.12,19.16,3,0,1,3,3,1258,1146,448,1149,3418,6946,10348,5924,639,2160,270,810,40,504,,t3_shieldbreaker|t3_rendspear
standard,64,r5,red,sup,坦克,tieshixin,standard,1,3,0,3,7827,14880,12568,582.1,7.57,12.49,16.37,4,1,2,3,4,132,1034,1512,1267,4332,8274,11492,5924,297,1620,270,810,,504,2067,t3_calmveil|t3_thornmail
standard,65,b1,blue,top,坦克,suishan,standard,0,0,0,0,9880,20559,7356,349.6,10.08,16.73,,2,0,1,2,2,1742,302,240,555,3332,5402,7040,5924,432,,,450,,234,,t3_calmveil|t3_thornmail
standard,65,b2,blue,jungle,戰士,hunpo,standard,0,0,3,0,5608,10411,7674,364.7,11.34,,,1,0,1,1,1,1314,63,829,1274,3524,5293,7229,5924,162,,,,909,234,,t3_psyward
standard,65,b3,blue,mid,法師,haixiao,standard,0,3,1,0,10403,12329,9282,441.1,9.88,19.28,,2,1,1,2,2,184,230,416,251,4034,5780,8966,5924,738,1620,,450,,234,,t3_psyward
standard,65,b4,blue,adc,射手,guangsu,standard,0,4,3,0,10252,8911,10245,486.9,10.08,18.34,,2,0,1,2,2,1397,205,893,1394,3557,5285,9443,5924,765,2160,,450,,144,,t3_shieldbreaker|t3_rendspear
standard,65,b5,blue,sup,輔助,huanjing,standard,0,0,1,1,6133,16615,8833,419.8,6.73,13.17,18.98,3,1,2,3,3,260,346,237,552,4260,6526,8517,5924,171,,270,,16,234,1901,t3_calmveil
standard,65,r1,red,top,坦克,suishan,standard,1,3,0,0,14152,16072,9312,442.5,9.54,14.9,20.42,3,1,2,2,3,364,60,1536,411,3314,6440,8816,5924,678,1620,,270,,324,,t3_calmveil|t3_thornmail
standard,65,r2,red,jungle,戰士,hunpo,standard,1,1,2,2,9736,9918,9683,460.2,11.01,17.55,,2,0,1,2,2,1539,441,620,382,3749,6541,8550,5924,102,,405,270,1524,324,,t3_psyward
standard,65,r3,red,mid,法師,haixiao,standard,1,2,2,0,14466,10640,9687,460.3,11.08,18.15,,2,0,1,2,2,1180,509,1691,456,3440,6059,9191,5924,648,1080,,1395,,144,,t3_psyward
standard,65,r4,red,adc,射手,guangsu,standard,1,2,3,2,11842,7625,9861,468.6,11.44,17.36,,2,0,1,2,2,1199,313,815,960,3359,5693,9365,5924,686,1080,405,945,,324,,t3_shieldbreaker|t3_rendspear
standard,65,r5,red,sup,輔助,huanjing,standard,1,0,0,1,4813,9407,9592,455.9,7.66,13.99,19.08,3,1,2,3,3,506,530,517,1012,4206,6780,9097,5924,153,,270,270,,324,2155,t3_calmveil
standard,66,b1,blue,top,坦克,thornwall,standard,0,1,7,0,11994,36501,10873,397.2,9.54,18.03,20.66,3,1,1,2,3,328,220,80,1342,3278,4970,7130,5924,666,540,,,,0,,t3_calmveil|t3_thornmail
standard,66,b2,blue,jungle,戰士,leimingcf,standard,0,0,5,0,11421,26168,10077,368.1,9.57,19.2,25.53,3,1,1,2,3,581,264,413,426,3681,5514,7263,5924,300,,,,1038,0,,t3_shieldbreaker|t3_finalstring
standard,66,b3,blue,mid,法師,leiming,standard,0,1,10,0,17037,19731,11140,406.9,12.24,17.59,24.29,3,0,1,2,3,1531,427,267,989,3791,5327,7397,5924,1023,,,450,,0,,t3_psyward
standard,66,b4,blue,adc,射手,mori,standard,0,4,5,0,23005,13530,11758,429.5,10.27,19.81,24.45,3,0,1,2,3,1361,325,129,777,3521,5225,7349,5924,884,540,,,,0,,t3_shieldbreaker|t3_rendspear
standard,66,b5,blue,sup,輔助,fuwenbianzhi,standard,0,0,7,0,9580,23651,11463,418.7,7.73,13.5,19.46,4,1,2,3,4,282,748,260,12,4282,6448,8260,5924,185,,,,48,0,2101,t3_calmveil
standard,66,r1,red,top,坦克,thornwall,standard,1,7,0,0,25149,32484,14983,547.3,9.97,12.42,17.42,5,1,2,3,5,16,836,1112,1432,4466,8066,11042,5924,654,2700,,1260,,504,,t3_calmveil|t3_thornmail
standard,66,r2,red,jungle,戰士,leimingcf,standard,1,14,0,2,28026,21877,18962,692.7,9.53,14.9,18.08,5,1,2,3,5,216,111,1686,3711,3966,7161,12136,5924,270,3780,270,360,1028,504,,t3_shieldbreaker|t3_finalstring
standard,66,r3,red,mid,法師,leiming,standard,1,5,3,6,28674,18167,14206,518.9,10.39,18.11,22.39,4,0,1,2,4,1594,54,165,375,3854,6284,9215,5924,942,540,945,360,,504,,t3_psyward
standard,66,r4,red,adc,射手,mori,standard,1,8,3,5,45448,13233,16744,611.6,9.47,18.32,23.17,4,1,1,2,4,336,676,230,2893,3686,5756,8780,5924,912,1080,,360,,504,,t3_shieldbreaker|t3_rendspear
standard,66,r5,red,sup,輔助,fuwenbianzhi,standard,1,0,0,7,6737,14628,13758,502.6,6.53,13.33,18.08,4,1,2,3,4,329,1041,1262,2377,4329,6921,10492,5924,389,,945,810,,504,1919,t3_calmveil
standard,67,b1,blue,top,坦克,ironclad,standard,0,0,2,1,10543,22811,7955,371.4,9.08,17.04,,2,1,1,2,2,706,363,236,664,3656,5213,7526,5924,810,,270,450,,72,,t3_calmveil|t3_thornmail
standard,67,b2,blue,jungle,戰士,fengbao,standard,0,0,2,1,8476,15685,7819,365.1,9.98,19,,2,1,1,2,2,435,560,403,419,3535,5440,7203,5924,261,,135,,811,72,,t3_finalstring|t3_shieldbreaker
standard,67,b3,blue,mid,法師,haixiao,standard,0,0,4,0,14837,12278,7847,366.4,11.42,20.91,,2,0,1,1,2,1198,270,810,296,3458,5600,7310,5924,864,,,450,,72,,t3_psyward
standard,67,b4,blue,adc,射手,leiting,standard,0,6,2,1,21074,12024,11933,557.2,9.86,16.92,20.21,3,1,1,2,3,153,664,1844,1712,3503,6464,10424,5924,783,2700,270,675,,72,,t3_shieldbreaker|t3_rendspear
standard,67,b5,blue,sup,坦克,thornwall,standard,0,2,3,3,4548,17916,11170,521.6,7.35,12.17,17.98,3,1,2,3,3,1936,458,654,1190,4836,7698,10634,5924,234,1080,675,225,,72,2423,t3_calmveil|t3_thornmail
standard,67,r1,red,top,坦克,ironclad,standard,1,1,1,0,12609,22470,9155,427.5,9.1,15.49,20.76,3,1,1,2,3,700,464,1856,504,3650,5864,8546,5924,1002,540,,720,,360,,t3_calmveil|t3_thornmail
standard,67,r2,red,jungle,戰士,fengbao,standard,1,5,0,0,9828,13216,11567,540.1,9.11,13.58,19.69,3,1,2,3,3,777,650,208,536,3877,7750,10288,5924,165,2160,,270,1409,360,,t3_finalstring|t3_shieldbreaker
standard,67,r3,red,mid,法師,haixiao,standard,1,1,5,3,20187,12430,9668,451.4,12.14,21.18,,2,0,1,1,2,1144,171,1749,867,3404,6071,8249,5924,750,,270,945,,360,,t3_psyward
standard,67,r4,red,adc,射手,leiting,standard,1,5,2,1,15388,9951,10928,510.3,11.53,17.56,20.21,3,0,1,2,3,1058,457,1739,407,3218,5657,10319,5924,569,2700,270,495,,360,,t3_shieldbreaker|t3_rendspear
standard,67,r5,red,sup,坦克,thornwall,standard,1,1,0,3,6170,16912,11710,546.8,8.38,12,16.18,3,1,2,3,3,1891,585,635,1729,4791,7825,10615,5924,212,540,540,720,48,360,2269,t3_calmveil|t3_thornmail
standard,68,b1,blue,top,坦克,bingshouweis,standard,0,0,4,0,8085,21342,7440,359,9.4,17.13,,2,1,1,2,2,418,516,334,289,3368,5366,7184,5924,720,,,450,,90,,t3_calmveil|t3_thornmail
standard,68,b2,blue,jungle,戰士,anliuyouXia,standard,0,0,4,0,4099,13565,7477,360.8,9.87,19.49,,2,1,1,2,2,261,440,506,876,3361,5190,7106,5924,282,,,,810,90,,t3_finalstring|t3_shieldbreaker
standard,68,b3,blue,mid,法師,leiming,standard,0,2,3,0,15286,12922,7890,380.7,12.3,19.23,,2,0,1,2,2,1126,412,242,479,3386,5042,7652,5924,648,1080,,,,0,,t3_psyward
standard,68,b4,blue,adc,射手,liangzi,standard,0,0,6,0,10619,10954,7179,346.4,10.17,19.88,,2,0,1,2,2,1163,91,59,278,3323,4871,6959,5924,495,,,450,,90,,t3_shieldbreaker|t3_rendspear
standard,68,b5,blue,sup,坦克,shengdun,standard,0,0,2,0,4188,17695,10018,483.4,8.27,13.64,19.36,3,1,2,3,3,450,178,656,438,4350,6978,9756,5924,302,,,900,,90,2539,t3_calmveil|t3_thornmail
standard,68,r1,red,top,坦克,bingshouweis,standard,1,2,0,1,12750,18306,9819,473.8,9.65,14.64,17.91,3,1,2,3,3,156,275,470,389,4106,6225,9420,5924,513,1080,270,1080,48,504,,t3_calmveil|t3_thornmail
standard,68,r2,red,jungle,戰士,anliuyouXia,standard,1,10,0,0,11139,12950,14403,695,7.19,14.37,18.74,4,1,2,4,4,259,492,705,1103,4959,8492,13405,5924,288,4860,,180,1649,504,,t3_finalstring|t3_shieldbreaker
standard,68,r3,red,mid,法師,leiming,standard,1,2,1,2,17792,9719,9603,463.3,11.65,17.18,,2,0,1,2,2,1207,333,223,322,3467,6833,9203,5924,795,1080,270,630,,504,,t3_psyward
standard,68,r4,red,adc,射手,liangzi,standard,1,5,0,2,15341,7698,11895,573.9,11.03,17.76,19.52,3,0,1,3,3,1226,1024,435,744,3386,6824,10955,5924,1017,2160,270,1080,,504,,t3_shieldbreaker|t3_rendspear
standard,68,r5,red,sup,坦克,shengdun,standard,1,0,1,3,3745,14197,11088,535,7.18,13.1,18.74,3,1,2,3,3,1468,600,636,1107,4368,6960,10616,5924,266,,810,630,,504,2480,t3_calmveil|t3_thornmail
standard,69,b1,blue,top,坦克,tiankong,standard,0,1,0,0,9460,22125,8527,380.4,8.67,16.43,21.76,3,1,1,2,3,436,318,394,377,3386,5618,7724,5924,810,540,,450,,0,,t3_calmveil|t3_thornmail
standard,69,b2,blue,jungle,刺客,yueying,standard,0,0,3,1,6138,11908,8219,366.7,9.04,18.62,,2,1,1,2,2,412,343,272,489,3612,5573,7402,5924,282,,270,,925,0,,t3_finalstring
standard,69,b3,blue,mid,法師,haixiao,standard,0,1,4,0,13215,15411,8950,399.3,11.15,19.42,,2,0,1,2,2,1252,327,329,250,3512,5177,7679,5924,855,,,900,,0,,t3_psyward
standard,69,b4,blue,adc,射手,shengyan,standard,0,4,4,0,12663,9950,10448,466.1,10.17,18.43,21.93,3,0,1,2,3,1190,166,513,427,3350,5546,8133,5924,630,1080,,450,48,0,,t3_shieldbreaker|t3_rendspear
standard,69,b5,blue,sup,輔助,zhanchang,standard,0,0,3,0,5698,15687,9252,412.7,6.85,13.72,17.89,3,1,2,3,3,875,282,217,212,4275,6462,8377,5924,266,,,,48,0,2137,t3_calmveil
standard,69,r1,red,top,坦克,tiankong,standard,1,7,0,1,17615,21074,12856,573.5,10.63,13.68,18.32,4,0,2,3,4,1994,1187,647,706,3584,7517,10577,5924,1035,2700,,360,,558,,t3_calmveil|t3_thornmail
standard,69,r2,red,jungle,刺客,yueying,standard,1,0,1,1,5961,8542,9489,423.3,8.84,17.83,,2,1,1,2,2,631,471,1261,1159,3831,6051,8211,5924,108,,135,360,1305,378,,t3_finalstring
standard,69,r3,red,mid,法師,haixiao,standard,1,2,2,0,15038,11659,10309,459.9,11.7,18.4,,2,0,1,2,2,1180,432,360,909,3440,6032,8390,5924,648,540,,810,,468,,t3_psyward
standard,69,r4,red,adc,射手,shengyan,standard,1,5,2,4,22034,8414,12496,557.5,10.98,17.1,19.88,3,0,1,3,3,1172,118,46,696,3332,5798,10046,5924,594,1620,540,810,,558,,t3_shieldbreaker|t3_rendspear
standard,69,r5,red,sup,輔助,zhanchang,standard,1,0,1,3,7093,13139,11003,490.9,9.54,12.43,16.2,4,1,2,3,4,323,743,1779,603,4323,7473,9939,5924,351,,405,810,,558,1891,t3_calmveil
standard,70,b1,blue,top,坦克,tiebi,standard,1,0,0,1,11970,21052,9068,379.3,9.46,15.86,23.22,3,1,1,2,3,427,906,308,418,3377,5456,7598,5924,594,,270,450,,360,,t3_calmveil|t3_thornmail
standard,70,b2,blue,jungle,刺客,yeiren,standard,1,0,4,0,6855,11471,9530,398.6,9.19,17.85,,2,1,1,2,2,540,433,602,1099,3740,5763,7782,5924,237,,,450,811,360,,t3_finalstring
standard,70,b3,blue,mid,法師,bingshuang,standard,1,5,4,0,18494,14599,12191,509.9,10.83,18.67,22.39,3,0,1,2,3,1414,453,1125,1341,3674,6203,9155,5924,801,1620,,450,,360,,t3_psyward
standard,70,b4,blue,adc,射手,xingchen,standard,1,6,7,1,24220,13039,12551,525,11.51,18.59,22,3,0,1,2,3,1127,457,1349,751,3287,5357,9029,5924,495,1080,270,900,,360,,t3_shieldbreaker|t3_rendspear
standard,70,b5,blue,sup,坦克,thornwall,standard,1,0,3,1,7909,20851,11314,473.2,6.68,13.52,18.93,3,1,2,3,3,264,414,478,1333,4464,7074,9558,5924,284,,,450,,360,2539,t3_calmveil|t3_thornmail
standard,70,r1,red,top,坦克,tiebi,standard,0,3,0,2,15055,24213,11528,482.2,9.03,17.47,19.75,4,1,1,3,4,733,252,220,178,3683,5402,8870,5924,804,1080,540,450,,72,,t3_calmveil|t3_thornmail
standard,70,r2,red,jungle,刺客,yeiren,standard,0,1,3,1,7491,11388,9780,409.1,8.5,18.63,23.2,3,1,1,2,3,645,556,185,280,3845,5536,8315,5924,121,540,270,,1387,72,,t3_finalstring
standard,70,r3,red,mid,法師,bingshuang,standard,0,6,4,0,15358,15619,12158,508.5,12.12,18.18,22,3,0,1,2,3,1162,363,370,258,3422,5213,8870,5924,1029,1620,,225,,72,,t3_psyward
standard,70,r4,red,adc,射手,xingchen,standard,0,6,3,2,27022,13107,12470,521.6,10.83,18.82,22.94,3,0,1,2,3,1262,307,1622,1620,3422,5087,8822,5924,801,1080,270,675,,72,,t3_shieldbreaker|t3_rendspear
standard,70,r5,red,sup,坦克,thornwall,standard,0,2,1,0,6954,19900,10207,426.9,7.27,12.95,18.74,3,1,2,3,3,1236,188,124,706,4836,7428,9024,5924,196,1080,,,,72,1751,t3_calmveil|t3_thornmail
standard,71,b1,blue,top,坦克,xukong,standard,0,2,4,0,6954,21650,9150,434.9,9.82,15.26,19.64,3,1,1,3,3,79,735,267,120,4029,6135,8817,5924,720,1080,,900,48,144,,t3_calmveil|t3_thornmail
standard,71,b2,blue,jungle,刺客,sting,standard,0,2,3,1,5977,10199,8766,416.6,9.39,15.68,,2,1,1,2,2,396,273,321,636,3596,5903,8451,5924,372,1080,135,,795,144,,t3_finalstring
standard,71,b3,blue,mid,法師,mingyun2,standard,0,0,5,0,9267,13665,8193,389.3,11,18.33,,2,0,1,2,2,1360,83,227,542,3620,5393,7877,5924,909,,,900,,144,,t3_psyward
standard,71,b4,blue,adc,射手,dujian,standard,0,2,4,0,10685,11157,8722,414.5,10.89,18.27,,2,0,1,2,2,1352,356,868,271,3512,5256,8388,5924,774,1080,,450,16,144,,t3_shieldbreaker|t3_rendspear
standard,71,b5,blue,sup,坦克,tiankong,standard,0,0,2,1,6125,16691,9976,474.1,7.17,12.88,19.43,3,1,2,3,3,122,380,426,876,4572,6880,9526,5924,284,,135,450,48,144,2539,t3_calmveil|t3_thornmail
standard,71,r1,red,top,坦克,xukong,standard,1,5,0,2,8679,19021,12369,587.8,9.11,12.89,15.33,4,1,2,3,4,517,1271,1303,718,3467,8561,11333,5924,819,2160,405,1665,,360,,t3_calmveil|t3_thornmail
standard,71,r2,red,jungle,刺客,sting,standard,1,3,2,1,6178,9493,10517,499.8,10.11,13.77,20.05,3,0,2,2,3,1784,698,1495,417,3714,7398,9925,5924,144,1620,270,315,1291,360,,t3_finalstring
standard,71,r3,red,mid,法師,mingyun2,standard,1,0,1,2,14200,9796,8781,417.3,11.23,19.36,,2,0,1,2,2,1318,336,255,450,3578,5936,8285,5924,606,,405,990,,360,,t3_psyward
standard,71,r4,red,adc,射手,dujian,standard,1,9,3,0,20980,10407,12450,591.7,11.58,18.27,20.23,3,0,1,2,3,1154,142,1754,649,3314,5222,10334,5924,720,3240,,90,,360,,t3_shieldbreaker|t3_rendspear
standard,71,r5,red,sup,坦克,tiankong,standard,1,1,0,3,6488,12860,10815,514,7.65,12.36,19.51,3,1,2,3,3,588,311,550,835,4788,7251,10050,5924,158,540,270,990,,360,1806,t3_calmveil|t3_thornmail
standard,72,b1,blue,top,坦克,shiqiang,standard,0,0,2,0,8143,21262,7770,358.9,9.78,16.17,,2,1,1,2,2,394,322,329,540,3344,5072,7259,5924,723,,,450,,162,,t3_calmveil|t3_thornmail
standard,72,b2,blue,jungle,刺客,yingsi,standard,0,1,3,0,3696,10894,8492,392.2,9.64,18.11,,2,1,1,2,2,346,51,121,942,3546,5331,7671,5924,282,540,,,762,162,,t3_finalstring
standard,72,b3,blue,mid,法師,bingshuang,standard,0,0,2,2,12405,14036,8631,398.7,11.68,19.16,,2,0,1,2,2,1336,246,546,181,3596,5396,8096,5924,1019,,540,450,,162,,t3_psyward
standard,72,b4,blue,adc,射手,tianfa,standard,0,6,3,0,16632,11361,10854,501.4,10.85,18.92,20.75,3,0,1,2,3,1253,478,977,854,3413,5258,9227,5924,846,2160,,225,,72,,t3_shieldbreaker|t3_rendspear
standard,72,b5,blue,sup,輔助,fengshen,standard,0,0,0,0,2827,12864,9864,455.6,9.11,13.88,17.58,3,1,2,3,3,578,339,547,823,4278,6519,9127,5924,297,,,675,,162,2069,t3_calmveil
standard,72,r1,red,top,坦克,shiqiang,standard,1,1,0,1,8363,18342,9564,441.8,9.76,14.61,20.65,3,1,2,2,3,436,218,1502,234,3386,6068,8732,5924,702,540,,1170,,396,,t3_calmveil|t3_thornmail
standard,72,r2,red,jungle,刺客,yingsi,standard,1,0,0,0,5055,8897,8740,403.7,9.78,18.63,,2,1,1,2,2,409,931,382,1310,3609,5731,7812,5924,126,,,270,1096,396,,t3_finalstring
standard,72,r3,red,mid,法師,bingshuang,standard,1,1,4,0,14703,11941,9154,422.8,10.94,19.71,,2,0,1,2,2,1360,157,385,1124,3620,5757,7935,5924,846,,,720,48,396,,t3_psyward
standard,72,r4,red,adc,射手,tianfa,standard,1,8,3,0,19654,9275,12039,556.1,10.27,18.92,20.65,3,0,1,2,3,1154,148,2120,1739,3314,5348,9740,5924,630,2700,,270,,216,,t3_shieldbreaker|t3_rendspear
standard,72,r5,red,sup,輔助,fengshen,standard,1,0,0,2,4316,12960,10810,499.3,7.63,12.78,17.96,3,1,2,3,3,337,347,668,1770,4287,6897,9708,5924,180,,,1170,,396,2037,t3_calmveil
standard,73,b1,blue,top,坦克,longji,standard,0,0,5,0,9913,23229,7729,344.8,9.36,20.02,,2,1,1,1,2,238,148,1644,499,3188,4898,6944,5924,480,,,450,,90,,t3_calmveil|t3_thornmail
standard,73,b2,blue,jungle,刺客,shanying,standard,0,1,5,0,3847,10773,8968,400,9.23,17.13,,2,1,1,2,2,490,886,539,887,3690,6166,8139,5924,450,540,,,1135,90,,t3_finalstring
standard,73,b3,blue,mid,法師,mingyun2,standard,0,1,4,0,12420,15191,9295,414.7,10.88,20.05,,2,0,1,1,2,1324,554,986,895,3584,5384,7466,5924,1002,,,450,,90,,t3_psyward
standard,73,b4,blue,adc,射手,dawnstrike,standard,0,8,6,1,16718,10646,12262,547,9.93,16.69,20.46,3,1,1,2,3,108,253,1511,1312,3458,5933,10361,5924,927,3240,270,,,0,,t3_shieldbreaker|t3_rendspear
standard,73,b5,blue,sup,輔助,shengguang,standard,0,0,3,1,4407,19506,10770,480.5,6.99,13.02,16.37,4,1,2,3,4,659,942,1117,370,4359,7122,9697,5924,416,,,1350,,90,1915,t3_calmveil
standard,73,r1,red,top,坦克,longji,standard,1,5,0,0,15928,20677,12247,546.3,8.53,15.06,17.49,3,1,1,3,3,574,1590,686,2317,3524,6890,10616,5924,822,2160,,1260,,450,,t3_calmveil|t3_thornmail
standard,73,r2,red,jungle,刺客,shanying,standard,1,3,3,1,7236,10206,11118,495.9,7.82,15.63,20.43,3,1,1,2,3,1109,1393,2199,517,4309,6973,9929,5924,198,1620,270,360,1107,450,,t3_finalstring
standard,73,r3,red,mid,法師,mingyun2,standard,1,1,2,1,11913,13027,9550,426,11.69,19.81,,2,0,1,2,2,1198,510,243,570,3458,5840,7793,5924,924,,135,360,,450,,t3_psyward
standard,73,r4,red,adc,射手,dawnstrike,standard,1,14,5,0,31957,10604,16330,728.5,8.34,15.51,18.84,4,1,1,3,4,639,955,2269,2480,3989,6635,13169,5924,675,5400,,810,,360,,t3_shieldbreaker|t3_rendspear
standard,73,r5,red,sup,輔助,shengguang,standard,1,0,0,2,2826,11191,10395,463.7,7.94,13.96,19.83,3,1,2,3,3,352,782,246,1355,4302,7032,9286,5924,188,,405,360,,450,1958,t3_calmveil
standard,74,b1,blue,top,坦克,dadi,standard,0,1,2,0,7390,19011,8463,404.5,9.38,16.69,,2,1,1,2,2,418,165,313,1313,3368,5015,7463,5924,567,,,900,,72,,t3_calmveil|t3_thornmail
standard,74,b2,blue,jungle,刺客,dianguang,standard,0,2,3,0,4724,12307,8653,413.5,8.79,17.43,,2,1,1,2,2,497,662,243,223,3697,5992,8373,5924,324,1080,,,973,72,,t3_finalstring
standard,74,b3,blue,mid,法師,bingshuang,standard,0,0,6,0,10365,14244,7536,360.2,11.22,,,1,0,1,1,1,1306,240,756,1036,3566,5690,7256,5924,810,,,450,,72,,t3_psyward
standard,74,b4,blue,adc,射手,yanfeng,standard,0,1,0,2,13925,9476,9088,434.3,10.34,18.31,,2,0,1,2,2,1235,217,1458,507,3395,4997,8358,5924,603,540,270,900,48,72,,t3_shieldbreaker|t3_rendspear
standard,74,b5,blue,sup,坦克,bingshouweis,standard,0,0,2,1,5514,17123,8915,426,7.27,14.15,19.15,3,1,2,3,3,714,343,399,135,4314,6843,8599,5924,216,,270,,,72,2116,t3_calmveil|t3_thornmail
standard,74,r1,red,top,坦克,dadi,standard,1,0,0,0,10273,17550,9480,453.1,9.15,15.83,,2,1,1,2,2,418,560,470,2190,3368,5960,7760,5924,810,,,630,,396,,t3_calmveil|t3_thornmail
standard,74,r2,red,jungle,刺客,dianguang,standard,1,4,0,0,8722,8698,10723,512.5,7.06,13.78,18.66,3,1,2,3,3,103,216,124,623,4953,7696,10224,5924,288,2160,,180,1275,396,,t3_finalstring
standard,74,r3,red,mid,法師,bingshuang,standard,1,1,1,0,14964,10799,8361,399.6,11.15,19.33,,2,0,1,2,2,1243,339,441,331,3503,5939,7991,5924,681,540,,630,,216,,t3_psyward
standard,74,r4,red,adc,射手,yanfeng,standard,1,5,1,1,15435,9747,11469,548.1,10.04,16.77,,2,0,1,2,2,1388,136,2543,3489,3548,5816,10523,5924,918,2160,270,855,,396,,t3_shieldbreaker|t3_rendspear
standard,74,r5,red,sup,坦克,bingshouweis,standard,1,3,2,1,4328,16148,11721,560.1,7.23,12.05,14.71,3,1,3,3,3,204,208,884,1740,4404,8808,10864,5924,218,1620,270,405,,396,2030,t3_calmveil|t3_thornmail
standard,75,b1,blue,top,坦克,tixue,standard,0,0,2,1,7492,18837,7410,354.1,10.52,18.27,,2,0,1,2,2,1652,412,80,360,3242,4862,7130,5924,486,,270,450,,0,,t3_calmveil|t3_thornmail
standard,75,b2,blue,jungle,刺客,leisuhunter,standard,0,2,4,0,5086,9353,8294,396.4,9.9,16.31,,2,1,1,2,2,245,220,284,214,3445,5800,8014,5924,216,1080,,,793,0,,t3_finalstring
standard,75,b3,blue,mid,法師,mingyun2,standard,0,0,4,0,9051,12720,7293,348.5,12.48,19.15,,2,0,1,2,2,1135,349,345,643,3395,4979,6995,5924,621,,,450,,0,,t3_psyward
standard,75,b4,blue,adc,射手,siwang,standard,0,5,5,0,13263,11375,9961,476,10.11,18.26,,2,0,1,2,2,1239,203,991,1210,3399,4983,9141,5924,558,2160,,450,48,0,,t3_shieldbreaker|t3_rendspear
standard,75,b5,blue,sup,輔助,shiguang,standard,0,0,2,1,5566,17302,9059,432.9,6.15,13.08,17.63,3,1,2,3,3,596,201,301,599,4296,7231,8761,5924,243,,270,450,,0,1873,t3_calmveil
standard,75,r1,red,top,坦克,tixue,standard,1,3,0,0,11340,16013,9953,475.6,8.79,14.69,19.09,3,1,2,3,3,435,361,163,622,3385,6211,9493,5924,774,1620,,600,16,558,,t3_calmveil|t3_thornmail
standard,75,r2,red,jungle,刺客,leisuhunter,standard,1,5,2,1,9837,10049,11166,533.6,8.8,16.31,20.48,3,1,1,2,3,381,1562,1836,565,4231,7142,10166,5924,108,2160,135,450,920,468,,t3_finalstring
standard,75,r3,red,mid,法師,mingyun2,standard,1,1,0,1,14215,10503,8837,422.3,12.26,19.12,,2,0,1,2,2,1017,443,347,386,3277,5473,8377,5924,468,540,270,599,16,558,,t3_psyward
standard,75,r4,red,adc,射手,siwang,standard,1,7,5,1,15558,9690,11739,561,10.59,16.98,20.27,3,0,1,2,3,1127,607,1839,959,3287,5987,10739,5924,387,3240,135,675,,378,,t3_shieldbreaker|t3_rendspear
standard,75,r5,red,sup,輔助,shiguang,standard,1,1,0,6,5801,9679,11546,551.8,6.59,12.35,17.81,4,1,2,4,4,878,324,206,665,4278,7354,11086,5924,99,540,1350,824,,558,1789,t3_calmveil
standard,76,b1,blue,top,坦克,stoneguard,standard,0,0,4,0,15580,33802,11737,388.2,8.93,16.12,21.93,4,1,1,2,4,814,336,218,187,3764,5636,7148,5924,810,,,270,,144,,t3_calmveil|t3_thornmail
standard,76,b2,blue,jungle,刺客,voidrift,standard,0,3,4,0,9791,15256,13868,458.7,8.73,17.52,21.24,4,1,1,2,4,397,815,1028,1417,3597,6395,9358,5924,342,1080,,720,967,324,,t3_finalstring
standard,76,b3,blue,mid,法師,shikong,standard,0,9,10,0,25812,20006,15409,509.7,11.9,22.35,25.67,4,0,1,1,4,1144,162,504,1009,3404,5492,7004,5924,486,,,270,,324,,t3_psyward
standard,76,b4,blue,adc,射手,phantom,standard,0,15,6,0,67244,16841,18982,627.9,10.7,17.93,22.5,5,0,1,2,5,1271,103,383,3382,3431,5483,8633,5924,585,1080,,720,,324,,t3_shieldbreaker|t3_rendspear
standard,76,b5,blue,sup,輔助,tianshi,standard,0,0,2,4,12867,26984,13739,454.4,9.27,12.12,17.58,5,1,2,3,5,341,510,348,539,4341,6990,8808,5924,261,,270,270,,324,1759,t3_calmveil
standard,76,r1,red,top,坦克,stoneguard,standard,1,4,2,0,20384,38592,13843,457.9,9.91,14.28,20.9,5,1,2,2,5,32,336,1130,292,3582,6186,8360,5924,817,1080,,450,16,72,,t3_calmveil|t3_thornmail
standard,76,r2,red,jungle,刺客,voidrift,standard,1,3,5,1,13300,20009,13466,445.4,9.48,17.08,22.68,4,1,1,2,4,371,908,163,715,3571,6008,8493,5924,243,1080,,,1173,72,,t3_finalstring
standard,76,r3,red,mid,法師,shikong,standard,1,7,8,0,27048,21521,15637,517.2,11.25,19.38,25.64,4,0,1,2,4,1354,48,492,1237,3614,5378,8042,5924,1056,540,,450,,72,,t3_psyward
standard,76,r4,red,adc,射手,phantom,standard,1,12,9,0,40241,14457,16660,551.1,12.13,19.21,23.43,5,0,1,2,5,1064,136,373,1060,3224,4736,7373,5924,387,540,,450,,72,,t3_shieldbreaker|t3_rendspear
standard,76,r5,red,sup,輔助,tianshi,standard,1,0,3,1,8530,22602,12856,425.2,8.04,13.52,19.07,4,1,2,3,4,503,387,65,1406,4203,6387,8525,5924,88,,270,,,72,2170,t3_calmveil
standard,77,b1,blue,top,坦克,thornwall,standard,0,1,0,1,9229,20935,8977,419,8.79,17.06,19.37,3,1,1,3,3,454,210,296,267,3404,5060,8546,5924,660,540,270,900,,252,,t3_calmveil|t3_thornmail
standard,77,b2,blue,jungle,刺客,miwu,standard,0,2,6,0,5915,10385,8587,400.8,10.88,16.36,,2,0,1,2,2,1546,320,726,1157,3476,5250,8156,5924,162,1080,,,737,252,,t3_finalstring
standard,77,b3,blue,mid,法師,lieyan,standard,0,0,3,1,11472,13878,8320,388.4,11.9,17.93,,2,0,1,2,2,1144,150,243,410,3404,5060,7853,5924,822,,135,900,,72,,t3_psyward
standard,77,b4,blue,adc,射手,huanying,standard,0,5,4,0,15764,12593,10763,502.4,9.93,18.63,,2,1,1,2,2,162,254,766,2013,3512,5454,9216,5924,720,1620,,675,24,252,,t3_shieldbreaker|t3_rendspear
standard,77,b5,blue,sup,坦克,tieshixin,standard,0,0,3,1,3885,17721,9677,451.7,9.23,13.37,19.27,3,1,2,3,3,633,190,230,697,4233,6690,9210,5924,119,,135,675,,252,2103,t3_calmveil|t3_thornmail
standard,77,r1,red,top,坦克,thornwall,standard,1,4,0,1,11280,18424,10801,504.2,7.43,11.29,18.22,3,1,2,3,3,564,284,490,771,5114,7274,9920,5924,468,2160,,1080,,288,,t3_calmveil|t3_thornmail
standard,77,r2,red,jungle,刺客,miwu,standard,1,3,3,1,7268,9363,10338,482.5,7.28,15.31,,2,1,1,2,2,84,1938,1156,1908,4464,7268,9586,5924,126,1620,135,180,1313,288,,t3_finalstring
standard,77,r3,red,mid,法師,lieyan,standard,1,2,2,0,11988,12181,9622,449.1,11.13,18.63,,2,0,1,2,2,1486,258,441,1172,3746,6158,8471,5924,864,540,,855,,288,,t3_psyward
standard,77,r4,red,adc,射手,huanying,standard,1,6,1,3,23276,8528,12178,568.4,10.51,17.32,20.23,3,0,1,2,3,1649,481,1331,378,3809,5861,9911,5924,774,1620,675,630,,288,,t3_shieldbreaker|t3_rendspear
standard,77,r5,red,sup,坦克,tieshixin,standard,1,1,2,5,7444,15409,11560,539.5,6.96,10.71,17.31,3,1,2,3,3,1947,953,662,1579,5547,8193,10642,5924,216,540,1080,405,,288,2189,t3_calmveil|t3_thornmail
standard,78,b1,blue,top,坦克,tieshixin,standard,0,1,1,0,10243,24930,9295,397.1,10.59,17.66,21.51,3,0,1,2,3,1765,282,534,285,3395,5132,7364,5924,828,540,,,,72,,t3_calmveil|t3_thornmail
standard,78,b2,blue,jungle,刺客,jueying,standard,0,1,7,0,8438,12151,8863,378.6,9.72,18.85,,2,1,1,2,2,331,364,255,733,3531,5344,7735,5924,339,540,,,859,72,,t3_finalstring
standard,78,b3,blue,mid,法師,shikong,standard,0,1,3,1,12193,14115,9061,387.1,11.9,20.14,,2,0,1,1,2,1108,528,956,61,3368,5078,7436,5924,720,,270,450,,72,,t3_psyward
standard,78,b4,blue,adc,射手,guangsu,standard,0,3,4,1,15672,12560,10663,455.5,11.18,20.17,23.09,3,0,1,1,3,1226,178,1294,763,3386,5078,7094,5924,828,,270,,,72,,t3_shieldbreaker|t3_rendspear
standard,78,b5,blue,sup,坦克,xukong,standard,0,1,1,0,8230,22358,10075,430.4,7.71,14.13,19.68,3,1,2,3,3,678,640,364,495,4278,6540,9044,5924,344,540,,,,72,2163,t3_calmveil|t3_thornmail
standard,78,r1,red,top,坦克,tieshixin,standard,1,4,0,2,19356,21922,11860,506.7,9.51,14.08,19.13,4,1,2,3,4,436,403,157,230,3386,6653,9587,5924,837,1620,270,720,,216,,t3_calmveil|t3_thornmail
standard,78,r2,red,jungle,刺客,jueying,standard,1,1,2,0,5685,9753,10278,439.1,9.88,17.09,22.33,3,1,1,2,3,139,1243,704,778,4339,6573,8484,5924,306,540,,420,1077,216,,t3_finalstring
standard,78,r3,red,mid,法師,shikong,standard,1,2,2,1,15506,12560,10636,454.4,11.29,19.93,,2,0,1,2,2,1489,207,117,1236,3749,5807,8147,5924,912,540,135,419,,216,,t3_psyward
standard,78,r4,red,adc,射手,guangsu,standard,1,7,3,1,27382,12731,13198,563.8,10.8,19.17,22.86,3,0,1,2,3,1154,436,206,2048,3314,5336,8306,5924,486,540,270,869,,216,,t3_shieldbreaker|t3_rendspear
standard,78,r5,red,sup,坦克,xukong,standard,1,2,0,1,6583,18686,11754,502.1,7.63,12.88,17.73,4,1,2,3,4,600,329,722,454,4500,7569,10102,5924,194,1080,135,270,,216,2282,t3_calmveil|t3_thornmail
standard,79,b1,blue,top,坦克,bingshouweis,standard,0,0,4,0,6068,19762,7551,345.5,10.62,17.08,,2,0,1,2,2,1670,30,503,221,3260,5330,6953,5924,579,,,450,,0,,t3_calmveil|t3_thornmail
standard,79,b2,blue,jungle,戰士,langwang,standard,0,1,7,0,9276,19324,8476,387.8,8.58,17.64,,2,1,1,2,2,180,542,286,645,3930,5972,7816,5924,282,540,,,1070,0,,t3_shieldbreaker|t3_finalstring
standard,79,b3,blue,mid,法師,lieyan,standard,0,1,4,0,10314,14450,8736,399.7,11.8,17.31,,2,0,1,2,2,1162,202,102,456,3422,5582,8102,5924,738,540,,900,,0,,t3_psyward
standard,79,b4,blue,adc,射手,mori,standard,0,2,4,0,9042,11033,8844,404.6,10.18,19.9,,2,0,1,2,2,1697,544,266,1044,3377,5024,7166,5924,792,,,450,,0,,t3_shieldbreaker|t3_rendspear
standard,79,b5,blue,sup,輔助,fuwenbianzhi,standard,0,0,4,0,4502,18132,9560,437.4,7.43,12.93,18.1,3,1,2,3,3,1124,149,538,520,4224,6879,8998,5924,164,,,900,,0,2008,t3_calmveil
standard,79,r1,red,top,坦克,bingshouweis,standard,1,9,0,2,14348,18839,14431,660.2,9.53,12.74,14.84,4,1,3,4,4,479,288,429,2881,3429,8838,11979,5924,717,3780,135,870,48,504,,t3_calmveil|t3_thornmail
standard,79,r2,red,jungle,戰士,langwang,standard,1,7,1,6,18469,13200,13971,639.2,8.95,15.64,18.61,3,1,1,3,3,261,1702,754,2621,4011,7132,12104,5924,318,3240,810,270,1037,504,,t3_shieldbreaker|t3_finalstring
standard,79,r3,red,mid,法師,lieyan,standard,1,1,1,5,13198,11889,10275,470.1,11.16,18.58,,2,0,1,2,2,1300,450,213,875,3560,6050,8543,5924,794,,675,644,,504,,t3_psyward
standard,79,r4,red,adc,射手,mori,standard,1,6,2,1,16338,9289,11688,534.7,10.89,17.23,20.93,3,0,1,2,3,1154,475,336,1208,3314,5555,9236,5924,558,1620,135,495,,504,,t3_shieldbreaker|t3_rendspear
standard,79,r5,red,sup,輔助,fuwenbianzhi,standard,1,0,0,5,5906,10067,10729,490.9,6.66,13.31,19.21,3,1,2,3,3,269,311,652,1979,4269,7341,9402,5924,275,,405,419,,504,1872,t3_calmveil
standard,80,b1,blue,top,坦克,tiankong,standard,0,0,1,0,7529,21892,8456,386.4,9.23,16.86,21.31,3,1,1,2,3,454,138,436,206,3404,4988,6986,5924,612,,,450,,0,,t3_calmveil|t3_thornmail
standard,80,b2,blue,jungle,戰士,anliuyouXia,standard,0,0,6,0,7703,16900,7947,363.2,8.84,18.27,,2,1,1,2,2,561,191,362,447,3661,5421,7262,5924,639,,,,698,0,,t3_finalstring|t3_shieldbreaker
standard,80,b3,blue,mid,法師,shikong,standard,0,1,6,0,16633,14255,7862,359.3,11.86,20.08,,2,0,1,1,2,1126,502,1876,512,3386,5132,7256,5924,612,540,,,,180,,t3_psyward
standard,80,b4,blue,adc,射手,leiting,standard,0,0,7,2,13667,12552,8514,389,10.97,20.07,,2,0,1,1,2,1073,87,1606,1613,3233,4817,6756,5924,513,,270,,48,0,,t3_shieldbreaker|t3_rendspear
standard,80,b5,blue,sup,坦克,thornwall,standard,0,1,1,0,4577,20692,10007,457.3,8.32,14.17,18.13,3,1,2,3,3,105,181,109,426,4305,6681,8789,5924,252,,,450,,180,1982,t3_calmveil|t3_thornmail
standard,80,r1,red,top,坦克,tiankong,standard,1,1,0,3,10432,18326,9518,434.9,9.73,15.84,20.72,3,1,1,2,3,418,344,596,568,3368,5744,7886,5924,522,,360,720,,360,,t3_calmveil|t3_thornmail
standard,80,r2,red,jungle,戰士,anliuyouXia,standard,1,8,0,1,12243,13345,13346,609.9,7.84,12.8,15.18,3,1,2,3,3,194,2763,1256,2316,5374,9863,12286,5924,201,4320,270,270,940,360,,t3_finalstring|t3_shieldbreaker
standard,80,r3,red,mid,法師,shikong,standard,1,2,1,3,15706,11972,10508,480.2,10.84,18.93,,2,0,1,2,2,1462,390,396,1108,3722,6590,8426,5924,792,540,540,270,,360,,t3_psyward
standard,80,r4,red,adc,射手,leiting,standard,1,10,1,2,28848,10236,15074,688.8,9.28,14.21,18.22,4,1,2,3,4,249,629,1967,1854,3599,7529,11867,5924,813,3240,360,1170,,360,,t3_shieldbreaker|t3_rendspear
standard,80,r5,red,sup,坦克,thornwall,standard,1,0,0,4,7474,16598,11245,513.9,7.62,12.78,17.55,3,1,2,3,3,153,561,685,1265,4653,7341,10185,5924,191,,900,270,,360,2539,t3_calmveil|t3_thornmail
standard,81,b1,blue,top,戰士,jingci,standard,0,2,4,2,9242,25004,9862,434.8,8.53,15.5,21.53,3,1,1,2,3,722,346,898,411,3872,5996,8978,5924,534,1080,540,900,,0,,t3_shieldbreaker|t3_finalstring
standard,81,b2,blue,jungle,戰士,embercoil,standard,0,0,4,0,7529,16128,8103,357.2,8.84,19,,2,1,1,2,2,482,653,375,603,3582,5353,6975,5924,111,,,,939,0,,t3_shieldbreaker|t3_finalstring
standard,81,b3,blue,mid,法師,lieyan,standard,0,3,5,1,13548,16473,10480,462,11.3,17.75,21.69,3,0,1,2,3,1486,588,410,329,3746,5438,9110,5924,936,1080,270,900,,0,,t3_psyward
standard,81,b4,blue,adc,射手,liangzi,standard,0,5,4,0,15779,12308,10762,474.4,10.7,17.74,20.98,3,0,1,2,3,1208,130,348,261,3368,5510,8798,5924,803,1620,,450,,0,,t3_shieldbreaker|t3_rendspear
standard,81,b5,blue,sup,坦克,tiebi,standard,0,0,5,0,5804,19716,9665,426.1,7.83,14.22,19.87,3,1,2,3,3,1432,292,137,84,4332,6492,8817,5924,207,,,450,,0,2235,t3_calmveil|t3_thornmail
standard,81,r1,red,top,戰士,jingci,standard,1,11,0,0,16730,21799,15719,693,7.67,12.93,17.38,4,1,2,3,4,904,755,2557,2219,4754,9105,14007,5924,918,5400,,1170,73,522,,t3_shieldbreaker|t3_finalstring
standard,81,r2,red,jungle,戰士,embercoil,standard,1,4,0,4,9532,11097,11820,521.1,8.89,15.52,20.63,3,1,1,2,3,346,1465,2338,1739,4146,6945,9438,5924,81,1080,495,270,1065,522,,t3_shieldbreaker|t3_finalstring
standard,81,r3,red,mid,法師,lieyan,standard,1,1,7,0,15570,13473,9850,434.2,11.39,18.49,,2,0,1,2,2,1261,360,162,449,3521,5960,8192,5924,801,540,,495,,432,,t3_psyward
standard,81,r4,red,adc,射手,liangzi,standard,1,3,3,3,20817,8822,10606,467.6,9.98,19.63,22.46,3,1,1,2,3,234,238,914,305,3584,5618,8534,5924,693,540,360,495,,522,,t3_shieldbreaker|t3_rendspear
standard,81,r5,red,sup,坦克,tiebi,standard,1,3,0,4,10074,17015,13432,592.2,8.92,12.63,15.01,4,1,2,4,4,192,1401,390,1232,4942,8641,11990,5924,207,1620,495,720,24,522,2477,t3_calmveil|t3_thornmail
standard,82,b1,blue,top,戰士,longyi,standard,0,0,0,0,10545,20821,7971,373.3,10.94,19.33,,2,0,1,2,2,1246,144,276,270,3296,4844,7076,5924,540,,,450,,162,,t3_shieldbreaker|t3_finalstring
standard,82,b2,blue,jungle,戰士,hunpo,standard,0,0,4,1,3672,10504,8137,381.1,11.94,20.52,,2,0,1,1,2,1205,720,898,106,3415,5470,7278,5924,189,,135,,957,72,,t3_psyward
standard,82,b3,blue,mid,法師,auralith,standard,0,1,3,0,10602,13338,8457,396.1,9.18,18.93,,2,1,1,2,2,292,452,512,56,4142,5852,8012,5924,936,540,,450,,162,,t3_psyward
standard,82,b4,blue,adc,射手,liangzicz,standard,0,7,3,0,16333,11001,10851,508.2,11.01,17.9,20.72,3,0,1,2,3,1172,112,372,770,3332,5492,8822,5924,576,2160,,,,162,,t3_shieldbreaker|t3_rendspear
standard,82,b5,blue,sup,輔助,zhanchang,standard,0,0,1,2,5925,15846,9984,467.6,8.1,12.27,17.6,3,1,2,3,3,323,63,499,943,4323,7093,9539,5924,243,,405,900,16,162,1888,t3_calmveil
standard,82,r1,red,top,戰士,longyi,standard,1,1,0,0,11307,18386,9357,438.3,10.21,17.36,,2,0,1,2,2,1210,384,468,756,3260,5564,8768,5924,684,540,,1260,,360,,t3_shieldbreaker|t3_finalstring
standard,82,r2,red,jungle,戰士,hunpo,standard,1,3,3,1,9012,9163,10807,506.2,9.91,15.13,20.82,3,1,1,2,3,407,1836,821,356,4207,7936,10121,5924,252,1620,270,360,1334,360,,t3_psyward
standard,82,r3,red,mid,法師,auralith,standard,1,2,1,1,15225,11586,9267,434,12.22,18.33,,2,0,1,2,2,1234,374,878,36,3494,5654,8678,5924,684,1080,270,360,,360,,t3_psyward
standard,82,r4,red,adc,射手,liangzicz,standard,1,5,3,2,15601,8632,10917,511.3,12,17.86,20.72,3,0,1,2,3,1046,286,348,916,3206,5666,9248,5924,444,1620,540,360,,360,,t3_shieldbreaker|t3_rendspear
standard,82,r5,red,sup,輔助,zhanchang,standard,1,0,1,1,5194,11936,9916,464.4,6.4,13.17,17.68,3,1,2,3,3,851,453,477,875,4251,6933,9057,5924,167,,,810,,360,1794,t3_calmveil
standard,83,b1,blue,top,戰士,chichuan,standard,0,1,2,0,8725,23754,8151,375.5,9.98,17.93,,2,1,1,2,2,182,510,434,601,3332,5510,7634,5924,720,540,,450,,0,,t3_shieldbreaker|t3_finalstring
standard,83,b2,blue,jungle,戰士,leimingcf,standard,0,1,3,0,7612,16177,8428,388.2,9.5,16.84,,2,1,1,2,2,686,518,434,447,3786,6068,7764,5924,198,540,,,1101,0,,t3_shieldbreaker|t3_finalstring
standard,83,b3,blue,mid,法師,xingjie,standard,0,0,6,0,10592,14178,7827,360.6,11.93,17.96,,2,0,1,2,2,1198,394,380,117,3458,5294,7310,5924,936,,,450,,0,,t3_psyward
standard,83,b4,blue,adc,射手,xingchen,standard,0,2,5,0,14574,11296,8496,391.4,9.94,19.48,,2,1,1,2,2,81,142,707,346,3431,5042,7907,5924,678,1080,,225,,0,,t3_shieldbreaker|t3_rendspear
standard,83,b5,blue,sup,輔助,hexweave,standard,0,0,3,1,4472,16194,9599,442.2,6.54,12.42,18.27,3,1,2,3,3,292,647,622,559,4242,6897,9082,5924,239,,270,675,,0,1973,t3_calmveil
standard,83,r1,red,top,戰士,chichuan,standard,1,9,0,1,10232,22451,14685,676.5,9.82,13.43,17.25,4,1,2,4,4,236,1026,948,1235,3386,8426,13448,5924,684,4320,270,1710,,540,,t3_shieldbreaker|t3_finalstring
standard,83,r2,red,jungle,戰士,leimingcf,standard,1,4,0,1,13543,15120,11728,540.2,8.07,13.48,18.8,3,1,2,3,3,225,225,843,797,4875,7875,10393,5924,351,1620,135,360,1463,540,,t3_shieldbreaker|t3_finalstring
standard,83,r3,red,mid,法師,xingjie,standard,1,1,1,3,14049,11699,9645,444.3,11.53,17.11,,2,0,1,2,2,1288,384,462,895,3548,5834,8912,5924,918,540,810,360,,360,,t3_psyward
standard,83,r4,red,adc,射手,xingchen,standard,1,5,1,0,21433,7516,10950,504.4,10.72,17.23,,2,0,1,2,2,1289,355,923,2050,3449,5555,9173,5924,729,1620,,360,,540,,t3_shieldbreaker|t3_rendspear
standard,83,r5,red,sup,輔助,hexweave,standard,1,0,2,3,5743,12172,10198,469.8,7.41,11.91,18.4,3,1,2,3,3,350,384,1321,967,4350,6864,9501,5924,198,,675,360,,540,1803,t3_calmveil
standard,84,b1,blue,top,戰士,xueyue,standard,0,0,2,0,7797,18027,7118,386,10.24,17.38,,2,0,1,,2,1390,160,,168,3440,5510,,,,,,,,,,t3_shieldbreaker|t3_finalstring
standard,84,b2,blue,jungle,戰士,fengbao,standard,0,0,2,0,3339,10583,6506,352.8,9.49,,,1,1,1,,1,342,335,,906,3442,5335,,,,,,,,,,t3_shieldbreaker|t3_finalstring
standard,84,b3,blue,mid,法師,auralith,standard,0,0,2,0,10344,11293,6794,368.4,10.99,,,1,0,1,,1,1297,403,,1414,3557,5303,,,,,,,,,,t3_psyward
standard,84,b4,blue,adc,射手,dujian,standard,0,0,4,0,6650,8873,6614,358.7,11.19,17.54,,2,0,1,,2,1082,348,,364,3242,4898,,,,,,,,,,t3_shieldbreaker|t3_rendspear
standard,84,b5,blue,sup,坦克,tiankong,standard,0,0,2,0,3874,16196,8311,450.6,7.67,13.81,,2,1,2,,2,432,671,,630,4332,6571,,,,,,,,,,t3_calmveil|t3_thornmail
standard,84,r1,red,top,戰士,xueyue,standard,1,4,0,0,10232,15029,9311,504.9,10.18,16.27,,2,0,1,,2,1402,1126,,661,3452,6656,,,,,,,,,,t3_shieldbreaker|t3_finalstring
standard,84,r2,red,jungle,戰士,fengbao,standard,1,3,0,1,6754,7960,9611,521.1,6.88,16.1,,2,1,1,,2,88,2474,,1310,4368,7954,,,,,,,,,,t3_shieldbreaker|t3_finalstring
standard,84,r3,red,mid,法師,auralith,standard,1,3,0,1,14034,8549,9841,533.6,8.33,17.18,,2,1,1,,2,594,212,,440,4444,6712,,,,,,,,,,t3_psyward
standard,84,r4,red,adc,射手,dujian,standard,1,1,0,3,10796,6071,8354,453,9.98,17.23,,2,1,1,,2,90,154,,404,3440,5834,,,,,,,,,,t3_shieldbreaker|t3_rendspear
standard,84,r5,red,sup,坦克,tiankong,standard,1,1,0,2,4386,10339,10349,561.2,7.99,13.28,16.63,3,1,2,,3,161,965,,368,4361,7745,,,,,,,,,,t3_calmveil|t3_thornmail
standard,85,b1,blue,top,戰士,langwang,standard,0,1,5,0,7976,26062,8519,376.7,10.87,16.49,,2,0,1,2,2,1282,488,91,1138,3332,5438,7121,5924,747,,,450,,0,,t3_shieldbreaker|t3_finalstring
standard,85,b2,blue,jungle,戰士,ronggang,standard,0,1,5,0,7932,17979,8409,371.8,10.03,18.18,,2,0,1,2,2,1396,128,190,429,3396,5678,7520,5924,279,540,,,776,0,,t3_shieldbreaker|t3_finalstring
standard,85,b3,blue,mid,法師,xingjie,standard,0,1,6,2,15320,15994,8474,374.7,11.54,17.89,,2,0,1,2,2,1198,376,378,643,3458,5276,7328,5924,594,540,270,,,0,,t3_psyward
standard,85,b4,blue,adc,射手,tianfa,standard,0,2,2,0,12539,11578,9038,399.6,11.09,18.89,22.51,3,0,1,2,3,1316,537,224,87,3476,5087,7094,5924,720,,,450,,0,,t3_shieldbreaker|t3_rendspear
standard,85,b5,blue,sup,輔助,mingyun,standard,0,0,4,1,6652,16167,9869,436.3,8.28,12.7,18.13,3,1,2,3,3,233,774,443,828,4233,6474,9023,5924,288,,270,450,,0,2090,t3_calmveil
standard,85,r1,red,top,戰士,langwang,standard,1,5,0,1,16553,23763,11751,519.6,7.78,14.15,18.03,3,1,2,3,3,916,242,466,951,4066,7342,10546,5924,787,2700,270,360,,504,,t3_shieldbreaker|t3_finalstring
standard,85,r2,red,jungle,戰士,ronggang,standard,1,5,0,2,10624,13482,12453,550.6,7.31,13.86,21.52,3,1,2,2,3,214,567,2217,1103,4444,7917,10167,5924,315,1620,225,360,1219,504,,t3_shieldbreaker|t3_finalstring
standard,85,r3,red,mid,法師,xingjie,standard,1,5,2,2,18311,12763,12275,542.7,10.88,16.62,21.77,3,0,1,2,3,1261,531,913,1244,3521,6731,10313,5924,825,2160,90,810,,504,,t3_psyward
standard,85,r4,red,adc,射手,tianfa,standard,1,7,2,0,23022,9969,12440,550,10.87,18.03,20.97,3,0,1,2,3,1370,460,714,639,3530,6140,9614,5924,666,2160,,360,,504,,t3_shieldbreaker|t3_rendspear
standard,85,r5,red,sup,輔助,mingyun,standard,1,0,1,7,8476,11670,12439,550,6.58,12.7,17.13,4,1,2,4,4,1945,639,463,1479,4445,7669,10963,5924,178,,1305,1260,24,504,1766,t3_calmveil
standard,86,b1,blue,top,戰士,kuangfeng,standard,1,1,1,0,10408,25827,10008,429.2,9.31,17.66,22.89,3,1,1,2,3,254,747,369,408,3404,5927,8069,5924,597,,,1080,,468,,t3_shieldbreaker|t3_finalstring
standard,86,b2,blue,jungle,戰士,rongyan,standard,1,1,1,0,9870,17702,9710,416.4,8.43,18.48,23.29,3,1,1,2,3,699,1205,633,159,3799,5855,8283,5924,342,540,,180,829,468,,t3_shieldbreaker|t3_finalstring
standard,86,b3,blue,mid,法師,auralith,standard,1,4,3,0,17099,14323,11139,477.7,11.45,16.98,23.23,3,0,1,2,3,1360,270,382,109,3620,6770,9362,5924,900,1620,,630,,288,,t3_psyward
standard,86,b4,blue,adc,射手,dawnstrike,standard,1,10,2,2,26503,12063,14640,627.9,10.28,16.79,20.02,4,0,1,2,4,1271,406,2171,790,3431,6086,10721,5924,594,2700,405,630,,468,,t3_shieldbreaker|t3_rendspear
standard,86,b5,blue,sup,輔助,shengguang,standard,1,0,0,4,8262,16910,11690,501.4,6.48,11.99,15.16,4,1,2,3,4,418,1562,953,310,4368,7812,10183,5924,194,,675,630,,468,2290,t3_calmveil
standard,86,r1,red,top,戰士,kuangfeng,standard,0,0,1,1,12618,22044,8502,364.7,9.31,18.68,,2,1,1,2,2,290,177,329,472,3440,5177,7409,5924,540,,270,675,,0,,t3_shieldbreaker|t3_finalstring
standard,86,r2,red,jungle,戰士,rongyan,standard,0,1,5,1,10655,19007,9720,416.9,9.18,18.92,23.28,3,1,1,2,3,699,442,514,169,3799,5872,7744,5924,183,,,,1637,0,,t3_shieldbreaker|t3_finalstring
standard,86,r3,red,mid,法師,auralith,standard,0,1,4,0,15585,14653,9129,391.5,11.25,20.36,,2,0,1,1,2,1339,138,1176,149,3599,5588,7676,5924,987,540,,225,,0,,t3_psyward
standard,86,r4,red,adc,射手,dawnstrike,standard,0,5,5,0,20021,11083,11435,490.4,10.07,18.91,23.06,3,0,1,2,3,1189,84,1038,234,3349,5464,8038,5924,673,540,,900,,0,,t3_shieldbreaker|t3_rendspear
standard,86,r5,red,sup,輔助,shengguang,standard,0,0,1,2,7907,15343,10143,435,7.13,12.86,18.48,3,1,2,3,3,1807,334,683,912,4307,6584,8383,5924,316,,,,,0,2142,t3_calmveil
standard,87,b1,blue,top,戰士,greymantle,standard,0,1,1,0,11500,20502,8698,406.9,8.49,18.77,,2,1,1,2,2,920,232,982,348,4070,5762,7832,5924,684,540,,450,,234,,t3_shieldbreaker|t3_finalstring
standard,87,b2,blue,jungle,戰士,tielian,standard,0,0,0,0,6809,14643,8182,382.8,8.99,17.9,,2,1,1,2,2,351,656,533,182,3451,5536,7633,5924,387,,,225,682,414,,t3_shieldbreaker|t3_finalstring
standard,87,b3,blue,mid,法師,xingjie,standard,0,4,2,1,13498,12466,10795,505,10.71,17.59,20.93,3,0,1,2,3,1378,270,529,245,3638,5420,9929,5924,801,2160,270,450,,324,,t3_psyward
standard,87,b4,blue,adc,射手,yanfeng,standard,0,6,2,0,19823,11044,11524,539.1,9.77,17.13,20.72,3,1,1,2,3,153,55,1200,744,3503,5735,10100,5924,837,2700,,225,,414,,t3_shieldbreaker|t3_rendspear
standard,87,b5,blue,sup,坦克,bingshouweis,standard,0,0,1,1,6348,17398,10453,489,6.96,13.64,18.43,3,1,2,3,3,432,333,304,952,4332,7113,9804,5924,207,,270,450,,414,2539,t3_calmveil|t3_thornmail
standard,87,r1,red,top,戰士,greymantle,standard,1,1,1,0,9980,20960,9597,449,10.35,17.86,,2,0,1,2,2,1425,411,651,946,3475,5941,9001,5924,736,540,,1620,,180,,t3_shieldbreaker|t3_finalstring
standard,87,r2,red,jungle,戰士,tielian,standard,1,3,2,1,12903,16510,10284,481.1,7.74,15.86,20.33,3,1,1,2,3,405,1185,1055,203,4505,6665,9655,5924,174,1620,135,270,1352,180,,t3_shieldbreaker|t3_finalstring
standard,87,r3,red,mid,法師,xingjie,standard,1,1,4,0,14157,11139,8050,376.6,11.13,21.35,,2,0,1,1,2,1270,216,414,20,3530,5366,6914,5924,720,,,270,,0,,t3_psyward
standard,87,r4,red,adc,射手,yanfeng,standard,1,1,4,1,13865,8611,8868,414.9,11.39,19.9,,2,0,1,2,2,1135,156,210,947,3295,5356,7210,5924,565,,270,270,,180,,t3_shieldbreaker|t3_rendspear
standard,87,r5,red,sup,坦克,bingshouweis,standard,1,0,0,2,6276,15298,9521,445.4,7.95,13.11,20.84,3,1,2,2,3,678,309,1684,440,4278,6969,8924,5924,252,,405,270,,180,1893,t3_calmveil|t3_thornmail
standard,88,b1,blue,top,戰士,cinderfist,standard,0,0,8,0,17618,37731,9531,348.6,9.82,19.27,,2,1,1,2,2,362,526,424,880,3512,5456,7274,5924,612,,,270,,468,,t3_shieldbreaker|t3_finalstring
standard,88,b2,blue,jungle,戰士,greymantle,standard,0,1,5,1,13456,23287,12130,443.6,8.61,15.65,21.52,3,1,1,2,3,586,1777,536,729,3686,7257,9136,5924,333,540,135,720,1016,468,,t3_shieldbreaker|t3_finalstring
standard,88,b3,blue,mid,法師,gambler,standard,0,7,7,0,32637,19612,14655,536,11.35,18.39,22.88,4,0,1,2,4,1366,1122,232,1004,3626,6272,9512,5924,960,1620,,720,,288,,t3_psyward
standard,88,b4,blue,adc,射手,xuanfeng,standard,0,12,9,0,43986,14863,16683,610.2,10.01,19.01,22.39,5,0,1,2,5,1352,58,982,1082,3512,5438,8282,5924,630,540,,720,,468,,t3_shieldbreaker|t3_rendspear
standard,88,b5,blue,sup,坦克,xukong,standard,0,0,6,2,8867,28206,12074,441.6,7.63,12.08,18.75,4,1,2,3,4,171,681,365,473,4371,7341,9745,5924,164,,405,270,,468,2513,t3_calmveil|t3_thornmail
standard,88,r1,red,top,戰士,cinderfist,standard,1,6,2,1,21038,34089,13665,499.8,9.19,14.88,20.63,4,1,2,2,4,752,220,1138,634,3902,7070,9788,5924,624,2700,,450,,90,,t3_shieldbreaker|t3_finalstring
standard,88,r2,red,jungle,戰士,greymantle,standard,1,14,1,3,30943,26997,19094,698.4,8.5,12.77,17.29,5,1,2,3,5,123,467,1055,3794,4823,7867,11555,5924,303,3240,675,150,1172,90,,t3_shieldbreaker|t3_finalstring
standard,88,r3,red,mid,法師,gambler,standard,1,5,6,5,30229,16984,14052,513.9,10.72,18.39,22.86,3,0,1,2,3,1537,1431,220,1971,3797,6461,9500,5924,726,1080,1080,599,,90,,t3_psyward
standard,88,r4,red,adc,射手,xuanfeng,standard,1,9,10,0,35012,13392,14394,526.4,10.93,20.29,23.47,4,0,1,1,4,1247,241,1867,1173,3407,5441,7547,5924,633,540,,450,,0,,t3_shieldbreaker|t3_rendspear
standard,88,r5,red,sup,坦克,xukong,standard,1,1,1,4,7650,25226,13924,509.3,7.97,13.61,19.76,4,1,2,3,4,774,679,140,1724,4674,6879,10120,5924,233,540,675,149,,90,2506,t3_calmveil|t3_thornmail
standard,89,b1,blue,top,戰士,leimingcf,standard,0,2,1,0,7732,24522,9749,429.2,10.44,19.22,22.64,3,0,1,2,3,1246,93,1177,149,3296,5573,8927,5924,639,1080,,900,,384,,t3_shieldbreaker|t3_finalstring
standard,89,b2,blue,jungle,刺客,binghe,standard,0,0,4,0,4764,10282,8512,374.7,9.92,19.48,,2,1,1,2,2,379,559,294,432,3579,5489,7424,5924,108,,,,1007,383,,t3_finalstring
standard,89,b3,blue,mid,法師,ronghuo,standard,0,1,6,1,11216,14783,9236,406.6,11.41,20.6,,2,0,1,1,2,1144,108,1374,186,3404,5708,7874,5924,846,,270,450,,383,,t3_psyward
standard,89,b4,blue,adc,射手,phantom,standard,0,6,4,1,19241,10439,10904,480,11.5,19.08,22.69,3,0,1,2,3,1226,424,212,254,3386,5024,8462,5924,504,1620,270,,,144,,t3_shieldbreaker|t3_rendspear
standard,89,b5,blue,sup,輔助,tianshi,standard,0,0,3,1,7188,17340,10493,461.9,6.69,13.1,18.13,4,1,2,3,4,587,473,341,93,4287,6953,8501,5924,171,,,450,16,144,1796,t3_calmveil
standard,89,r1,red,top,戰士,leimingcf,standard,1,5,0,1,12331,22662,12182,536.3,9.91,17.27,20.36,3,1,1,2,3,146,696,1905,782,3296,6176,10505,5924,612,2160,135,1440,,234,,t3_shieldbreaker|t3_finalstring
standard,89,r2,red,jungle,刺客,binghe,standard,1,0,1,0,2894,7276,9208,405.3,10.18,18.41,,2,0,1,2,2,1662,566,877,1657,3592,5666,7527,5924,198,,,90,1081,234,,t3_finalstring
standard,89,r3,red,mid,法師,ronghuo,standard,1,6,3,1,18142,13827,12179,536.1,12.08,16.44,20.92,3,0,1,2,3,1432,282,1183,849,3692,6182,10583,5924,1140,2700,135,540,,144,,t3_psyward
standard,89,r4,red,adc,射手,phantom,standard,1,7,3,0,21120,8999,11507,506.5,10.81,20.1,22.69,3,0,1,1,3,1046,244,1576,127,3206,5024,7256,5924,468,540,,90,,234,,t3_shieldbreaker|t3_rendspear
standard,89,r5,red,sup,輔助,tianshi,standard,1,0,2,3,7787,13605,11416,502.5,6.68,12.94,17.26,3,1,2,3,3,779,359,483,2376,4179,7089,9523,5924,173,,270,990,,234,1931,t3_calmveil
standard,90,b1,blue,top,戰士,jufeng,standard,0,0,3,0,7127,23026,8110,377.5,9.78,20.31,,2,1,1,1,2,128,112,1111,260,3278,4862,6761,5924,612,,,225,,0,,t3_shieldbreaker|t3_finalstring
standard,90,b2,blue,jungle,刺客,shanying,standard,0,0,3,0,7127,10392,7900,367.7,9.23,18.63,,2,1,1,2,2,451,592,303,599,3651,5572,7303,5924,351,,,,908,120,,t3_finalstring
standard,90,b3,blue,mid,法師,gambler,standard,0,1,5,0,10564,13304,7924,368.8,12.28,18.94,,2,0,1,2,2,1108,160,309,224,3368,5090,7439,5924,630,540,,225,,120,,t3_psyward
standard,90,b4,blue,adc,射手,huanying,standard,0,2,4,0,13592,12811,8959,417,11.98,16.89,,2,0,1,2,2,1226,534,1046,1159,3386,5684,7916,5924,882,540,,450,,119,,t3_shieldbreaker|t3_rendspear
standard,90,b5,blue,sup,坦克,ironclad,standard,0,0,5,0,5269,17461,9196,428.1,7.21,14.43,20.19,3,1,2,2,3,315,502,617,116,4215,6402,8297,5924,117,,,,,0,2256,t3_calmveil|t3_thornmail
standard,90,r1,red,top,戰士,jufeng,standard,1,5,0,0,11399,18614,12119,564.1,9.01,15.46,19.32,3,1,1,3,3,236,1544,400,1988,4086,7074,10530,5924,639,2700,,810,24,432,,t3_shieldbreaker|t3_finalstring
standard,90,r2,red,jungle,刺客,shanying,standard,1,6,0,1,12242,9559,12552,584.3,6.86,15.08,18.68,3,1,1,3,3,493,2146,754,1422,4393,7776,11884,5924,378,3240,270,360,1279,432,,t3_finalstring
standard,90,r3,red,mid,法師,gambler,standard,1,5,1,2,14739,10668,11437,532.4,10.64,16.47,20.89,3,0,1,2,3,1603,372,808,887,3863,6122,10208,5924,567,2160,540,585,,432,,t3_psyward
standard,90,r4,red,adc,射手,huanying,standard,1,3,2,2,14730,8625,9919,461.7,9.6,18.59,,2,1,1,2,2,189,373,1520,1019,3539,5753,8840,5924,639,1080,405,360,,432,,t3_shieldbreaker|t3_rendspear
standard,90,r5,red,sup,坦克,ironclad,standard,1,1,0,5,8430,17885,12342,574.5,7.94,12.56,15.74,4,1,2,3,4,522,809,1223,742,4422,8049,11203,5924,261,540,1215,585,,432,2246,t3_calmveil|t3_thornmail
standard,91,b1,blue,top,戰士,anliuyouXia,standard,0,0,5,1,6548,27692,9605,385.6,9.89,19.08,,2,1,1,2,2,146,160,166,1324,3296,5690,7796,5924,576,,,1080,,216,,t3_shieldbreaker|t3_finalstring
standard,91,b2,blue,jungle,刺客,anye,standard,0,0,9,0,8533,12615,9738,390.9,9.04,19.13,,2,1,1,2,2,409,815,429,1607,3609,5665,7609,5924,282,,,180,1006,216,,t3_finalstring
standard,91,b3,blue,mid,法師,ronghuo,standard,0,1,7,0,14594,15965,9317,374,11.33,21.46,,2,0,1,1,2,1072,54,756,266,3332,5384,7256,5924,711,,,405,,216,,t3_psyward
standard,91,b4,blue,adc,射手,guangsu,standard,0,9,6,0,28446,12644,13952,560.1,10.07,17.27,20.43,4,0,1,2,4,1289,295,827,771,3449,5375,9677,5924,747,2160,,630,,216,,t3_shieldbreaker|t3_rendspear
standard,91,b5,blue,sup,坦克,shengdun,standard,0,1,3,0,10411,25921,11373,456.6,8,12.99,18.65,4,1,2,3,4,402,162,112,472,4302,6822,9312,5924,239,,,405,,216,2527,t3_calmveil|t3_thornmail
standard,91,r1,red,top,戰士,anliuyouXia,standard,1,10,1,0,23593,26371,15545,624.1,8.52,16.14,18.78,4,1,1,3,4,1485,1295,100,2045,4635,6825,10650,5924,789,2700,,900,48,288,,t3_shieldbreaker|t3_finalstring
standard,91,r2,red,jungle,刺客,anye,standard,1,1,2,3,7540,12008,11087,445.1,9.88,17.22,22.43,3,1,1,2,3,733,318,549,606,3933,5948,8929,5924,376,540,405,450,945,288,,t3_finalstring
standard,91,r3,red,mid,法師,ronghuo,standard,1,5,5,3,19479,15811,13379,537.1,10.73,18.51,23.3,3,0,1,2,3,1408,627,210,898,3668,5657,8060,5924,857,,540,450,,288,,t3_psyward
standard,91,r4,red,adc,射手,guangsu,standard,1,13,3,0,39508,11818,17099,686.5,10.68,17.59,20.43,5,0,1,2,5,1316,391,1797,1499,3476,5771,10697,5924,795,3240,,450,,288,,t3_shieldbreaker|t3_rendspear
standard,91,r5,red,sup,坦克,shengdun,standard,1,1,0,5,10576,22409,12516,502.5,7.34,13.16,18.02,4,1,2,3,4,741,1122,563,316,4341,7322,9943,5924,313,540,405,,,288,2472,t3_calmveil|t3_thornmail
standard,92,b1,blue,top,戰士,tielian,standard,0,0,1,0,8578,21761,8425,393.3,9.57,19.66,,2,1,1,2,2,326,96,244,675,3476,5096,7994,5924,648,,,1350,,72,,t3_shieldbreaker|t3_finalstring
standard,92,b2,blue,jungle,刺客,wuxing,standard,0,0,4,0,2911,10129,7957,371.4,9.15,18.23,,2,1,1,2,2,618,681,221,706,3818,5611,7471,5924,405,,,,1070,72,,t3_finalstring
standard,92,b3,blue,mid,法師,gambler,standard,0,1,3,0,10834,13118,8569,400,10.99,18.71,,2,0,1,2,2,1486,324,234,239,3746,5474,8084,5924,1098,540,,450,,72,,t3_psyward
standard,92,b4,blue,adc,射手,mori,standard,0,3,3,1,13446,9802,9647,450.3,10.64,18.6,,2,0,1,2,2,1319,905,1056,797,3479,5985,8676,5924,741,1080,135,675,48,72,,t3_shieldbreaker|t3_rendspear
standard,92,b5,blue,sup,輔助,fuwenbianzhi,standard,0,0,3,1,5145,16741,9514,444.1,6.79,13.09,18.37,3,1,2,3,3,369,549,353,933,4369,6799,8633,5924,203,,135,225,48,72,2023,t3_calmveil
standard,92,r1,red,top,戰士,tielian,standard,1,1,0,0,10370,19919,9433,440.3,8.99,17.21,,2,1,1,2,2,398,348,822,833,3548,5528,8822,5924,828,540,,1080,,450,,t3_shieldbreaker|t3_finalstring
standard,92,r2,red,jungle,刺客,wuxing,standard,1,1,1,1,7030,10015,10016,467.5,8.02,15.22,,2,1,1,2,2,784,1490,675,1686,3984,6590,9005,5924,315,540,,180,1596,450,,t3_finalstring
standard,92,r3,red,mid,法師,gambler,standard,1,7,1,0,17306,10861,12655,590.7,11.68,16.59,20,3,0,1,3,3,1342,789,114,1805,3602,6689,10964,5924,1035,2700,,855,,450,,t3_psyward
standard,92,r4,red,adc,射手,mori,standard,1,4,2,1,12627,8261,9910,462.6,10.26,18.71,,2,0,1,2,2,1118,232,269,1010,3278,5312,8219,5924,540,1080,135,180,,360,,t3_shieldbreaker|t3_rendspear
standard,92,r5,red,sup,輔助,fuwenbianzhi,standard,1,1,0,2,6529,12272,11367,530.5,6.45,12.93,17.23,4,1,2,4,4,1124,545,56,667,4224,7275,10756,5924,234,540,405,1305,,450,1897,t3_calmveil
standard,93,b1,blue,top,戰士,hunpo,standard,0,0,3,1,7342,17544,7661,354.3,12.15,18.61,,2,0,1,2,2,1000,286,219,710,3260,4916,7169,5924,660,,135,450,,0,,t3_psyward
standard,93,b2,blue,jungle,刺客,voidrift,standard,0,2,5,0,3749,11028,8978,415.2,8.48,15.78,,2,1,1,2,2,373,447,370,897,4223,6027,8450,5924,327,1080,,,1118,0,,t3_finalstring
standard,93,b3,blue,mid,法師,leiming,standard,0,0,4,0,11953,14647,7514,347.5,11.45,20.18,,2,0,1,1,2,1261,339,1242,213,3521,5249,7022,5924,873,,,225,,0,,t3_psyward
standard,93,b4,blue,adc,射手,leiting,standard,0,0,7,0,11281,10818,7226,334.1,10.45,21.18,,2,0,1,1,2,1046,271,934,325,3206,4871,6734,5924,585,,,225,,0,,t3_shieldbreaker|t3_rendspear
standard,93,b5,blue,sup,輔助,luminary,standard,0,0,5,1,3458,16726,9665,447,7.42,12.96,17.91,3,1,2,3,3,283,338,733,625,4233,6888,9173,5924,290,,135,900,,0,1923,t3_calmveil
standard,93,r1,red,top,戰士,hunpo,standard,1,3,0,0,9604,16227,10730,496.2,11.07,17.79,,2,0,1,2,2,1054,326,282,1379,3314,5306,9212,5924,534,1080,,1170,,504,,t3_psyward
standard,93,r2,red,jungle,刺客,voidrift,standard,1,8,1,0,8537,11703,13560,627.1,8.53,14.55,17.49,3,1,2,3,3,440,400,422,2480,4290,8430,11502,5924,174,3240,,495,1165,504,,t3_finalstring
standard,93,r3,red,mid,法師,leiming,standard,1,2,1,2,14835,9934,9896,457.6,11.53,19.51,,2,0,1,2,2,1171,413,338,2395,3431,5513,7838,5924,735,,405,270,,504,,t3_psyward
standard,93,r4,red,adc,射手,leiting,standard,1,11,0,3,29300,8991,15948,737.5,10.13,15.22,18.33,4,0,1,3,4,1298,2315,1055,2097,3458,7995,12855,5924,821,4320,540,720,24,504,,t3_shieldbreaker|t3_rendspear
standard,93,r5,red,sup,輔助,luminary,standard,1,0,0,3,3373,10212,11095,513.1,6.39,12,15.08,3,1,2,3,3,932,959,852,2054,4332,7689,9892,5924,254,,675,495,,504,2039,t3_calmveil
standard,94,b1,blue,top,戰士,dushe,standard,0,2,1,0,12619,23346,8897,406.6,10.04,18.09,,2,0,1,2,2,1264,574,691,817,3314,5024,8291,5924,747,1080,,450,,90,,t3_shieldbreaker|t3_finalstring
standard,94,b2,blue,jungle,刺客,miwu,standard,0,0,2,1,6518,9123,8175,373.6,9.44,18.18,,2,1,1,2,2,387,1248,374,694,3587,5448,7554,5924,201,,270,,1069,90,,t3_finalstring
standard,94,b3,blue,mid,法師,haixiao,standard,0,0,5,0,12557,13383,8205,374.9,12.24,17.96,,2,0,1,2,2,1262,410,505,294,3522,5340,7635,5924,897,,,675,48,90,,t3_psyward
standard,94,b4,blue,adc,射手,shensheng,standard,0,1,3,0,20087,10954,8297,379.1,10.27,20.07,,2,0,1,1,2,1292,433,1351,317,3452,5333,7151,5924,776,,,450,,0,,t3_shieldbreaker|t3_rendspear
standard,94,b5,blue,sup,坦克,tiebi,standard,0,0,1,0,4921,19648,10098,461.4,8.02,14.14,18.71,3,1,2,3,3,711,286,950,517,4311,6786,9450,5924,221,,,675,,90,2539,t3_calmveil|t3_thornmail
standard,94,r1,red,top,戰士,dushe,standard,1,1,0,1,12326,23888,9208,420.8,9.01,18.88,,2,1,1,2,2,308,378,414,557,3458,5308,7864,5924,499,,270,720,,450,,t3_shieldbreaker|t3_finalstring
standard,94,r2,red,jungle,刺客,miwu,standard,1,4,1,1,9062,10876,11441,522.8,9.23,14.84,19.69,3,1,2,3,3,445,178,332,960,3645,7178,10512,5924,216,2160,270,270,1221,450,,t3_finalstring
standard,94,r3,red,mid,法師,haixiao,standard,1,1,1,0,11799,11800,10097,461.4,11.35,18.29,,2,0,1,2,2,1180,717,397,697,3440,6467,8897,5924,813,540,,1170,,450,,t3_psyward
standard,94,r4,red,adc,射手,shensheng,standard,1,3,1,2,19643,8275,10202,466.2,10.92,19.17,,2,0,1,2,2,1370,112,374,1302,3530,5492,8624,5924,720,1080,270,270,,360,,t3_shieldbreaker|t3_rendspear
standard,94,r5,red,sup,坦克,tiebi,standard,1,3,0,2,8210,17581,11795,539,7.01,12.29,17.8,4,1,2,3,4,177,181,993,494,4377,7121,10973,5924,343,1620,540,270,,450,1825,t3_calmveil|t3_thornmail
standard,95,b1,blue,top,戰士,fengbao,standard,0,0,3,0,8362,27863,8236,358.2,10.08,18.41,,2,0,1,2,2,1210,369,495,236,3260,5249,7295,5924,831,,,450,,90,,t3_shieldbreaker|t3_finalstring
standard,95,b2,blue,jungle,刺客,guihuo,standard,0,0,1,0,4544,10114,8126,353.4,9.71,18.8,,2,1,1,2,2,244,537,173,525,3444,5337,7123,5924,282,,,,827,90,,t3_finalstring
standard,95,b3,blue,mid,法師,leiming,standard,0,0,5,1,11778,13659,8107,352.6,11.52,21.01,,2,0,1,1,2,1126,138,587,157,3386,5168,7067,5924,828,,,225,,90,,t3_psyward
standard,95,b4,blue,adc,射手,liangzicz,standard,0,5,4,0,18535,10724,10798,469.7,10.56,19.85,,2,0,1,2,2,1064,334,175,1898,3224,4934,7175,5924,486,,,675,,90,,t3_shieldbreaker|t3_rendspear
standard,95,b5,blue,sup,輔助,fengshen,standard,0,1,5,1,6805,17316,10083,438.6,7.66,13.62,17.83,3,1,2,3,3,229,168,449,1043,4179,6348,8449,5924,128,,,450,,0,1946,t3_calmveil
standard,95,r1,red,top,戰士,fengbao,standard,1,3,0,1,13829,21701,11257,489.6,9.7,17.08,20.68,3,1,1,2,3,236,588,474,277,3386,6068,9074,5924,630,1080,270,810,,360,,t3_shieldbreaker|t3_finalstring
standard,95,r2,red,jungle,刺客,guihuo,standard,1,2,1,0,9017,12254,11131,484.1,7.47,14.19,21.15,3,1,2,2,3,706,435,1276,1180,5036,7385,9606,5924,219,1080,,360,1663,360,,t3_finalstring
standard,95,r3,red,mid,法師,leiming,standard,1,4,2,2,20447,14099,12061,524.6,11.12,18.87,22.1,3,0,1,2,3,1408,264,264,1031,3668,5864,8294,5924,1110,540,,360,,360,,t3_psyward
standard,95,r4,red,adc,射手,liangzicz,standard,1,9,1,1,22663,9587,14107,613.6,10.35,17.14,21.8,4,0,1,2,4,1250,532,1850,1207,3410,5912,9800,5924,726,2160,270,360,,360,,t3_shieldbreaker|t3_rendspear
standard,95,r5,red,sup,輔助,fengshen,standard,1,0,2,2,4711,13980,10936,475.7,6.18,12.6,17.23,3,1,2,3,3,611,182,433,1896,4311,6912,9473,5924,122,,270,810,,360,1986,t3_calmveil
standard,96,b1,blue,top,戰士,langwang,standard,0,1,5,0,11918,27959,9434,375.6,9.84,18.71,,2,1,1,2,2,308,288,216,1203,3458,5168,7796,5924,558,540,,630,,144,,t3_shieldbreaker|t3_finalstring
standard,96,b2,blue,jungle,刺客,jiansheng,standard,0,0,6,1,4795,14828,9460,376.6,9.56,17.43,,2,1,1,2,2,350,1123,335,1130,3550,5753,7765,5924,144,,270,180,923,324,,t3_finalstring
standard,96,b3,blue,mid,法師,haixiao,standard,0,0,5,1,16266,16434,9206,366.5,11.53,21.99,,2,0,1,1,2,1252,306,726,575,3512,5456,7226,5924,648,,,330,,324,,t3_psyward
standard,96,b4,blue,adc,射手,xingchen,standard,0,10,7,0,30858,12012,14210,565.8,9.81,18.78,21.48,4,1,1,2,4,171,412,242,1029,3521,5492,8792,5924,594,1620,,329,,324,,t3_shieldbreaker|t3_rendspear
standard,96,b5,blue,sup,輔助,hexweave,standard,0,0,4,1,6157,17781,12431,494.9,6.53,12.08,15.83,4,1,2,3,4,104,671,1196,981,4404,7401,10236,5924,144,,270,1229,,324,2343,t3_calmveil
standard,96,r1,red,top,戰士,langwang,standard,1,10,1,1,21823,28734,16465,655.5,9.01,14.78,18.78,4,1,2,3,4,353,245,205,3014,4153,7645,11605,5924,792,3240,270,990,64,324,,t3_shieldbreaker|t3_finalstring
standard,96,r2,red,jungle,刺客,jiansheng,standard,1,1,2,1,8029,14037,10923,434.9,9.18,18.26,22.52,3,1,1,2,3,563,795,240,492,3763,5895,8270,5924,288,,270,90,1373,324,,t3_finalstring
standard,96,r3,red,mid,法師,haixiao,standard,1,9,4,1,19991,15278,14315,569.9,11.32,17.5,22.45,4,0,1,2,4,1126,210,468,964,3386,6410,9218,5924,900,2160,,90,,144,,t3_psyward
standard,96,r4,red,adc,射手,xingchen,standard,1,7,2,2,26185,13206,13181,524.8,10.57,19.79,22.41,4,0,1,2,4,1235,235,395,280,3395,5015,7715,5924,567,540,270,90,,324,,t3_shieldbreaker|t3_rendspear
standard,96,r5,red,sup,輔助,hexweave,standard,1,0,2,2,5015,16937,12023,478.7,7.22,12.86,19.22,4,1,2,3,4,1706,558,424,573,4206,6438,9464,5924,117,,,990,,324,2109,t3_calmveil
standard,97,b1,blue,top,戰士,kuangfeng,standard,0,3,6,1,18341,33025,11130,448.2,8.96,15.58,21.49,3,1,1,2,3,866,282,1078,630,4016,5762,9308,5924,720,1620,,900,,144,,t3_shieldbreaker|t3_finalstring
standard,97,b2,blue,jungle,刺客,hundun,standard,0,0,5,0,7998,12712,9069,365.2,11.65,21.65,,2,0,1,1,2,1439,781,882,119,3649,5581,7312,5924,270,,,,974,144,,t3_psyward
standard,97,b3,blue,mid,法師,leiming,standard,0,3,4,1,24383,17767,10962,441.4,10.93,19.78,22.82,3,0,1,2,3,1288,108,170,512,3548,5258,8300,5924,882,1080,270,,,144,,t3_psyward
standard,97,b4,blue,adc,射手,dujian,standard,0,7,5,0,27345,10813,12487,502.8,10.42,19.79,23.14,3,0,1,2,3,1356,392,237,1536,3516,5172,7557,5924,675,540,,225,48,144,,t3_shieldbreaker|t3_rendspear
standard,97,b5,blue,sup,坦克,tiankong,standard,0,0,6,2,7016,26291,11678,470.2,7.98,13.61,18.41,4,1,2,3,4,1450,254,568,397,4350,6654,9448,5924,225,,,675,,144,2479,t3_calmveil|t3_thornmail
standard,97,r1,red,top,戰士,kuangfeng,standard,1,9,0,1,23493,32367,14586,587.4,8.07,13.61,19.33,4,1,2,3,4,252,372,308,1606,4052,7472,10388,5924,855,2700,270,495,,144,,t3_shieldbreaker|t3_finalstring
standard,97,r2,red,jungle,刺客,hundun,standard,1,3,5,3,15011,14966,13347,537.5,9.63,15.68,22.56,3,1,1,2,3,200,1107,382,1496,4000,7557,9732,5924,234,540,540,495,1854,144,,t3_psyward
standard,97,r3,red,mid,法師,leiming,standard,1,3,2,2,17942,16350,11049,444.9,11.01,19.78,,2,0,1,2,2,1252,288,102,1649,3512,5618,8552,5924,864,1080,270,270,,144,,t3_psyward
standard,97,r4,red,adc,射手,dujian,standard,1,8,6,2,34831,11919,14559,586.3,11.3,19.79,23.14,4,0,1,2,4,1253,457,206,1659,3413,5537,8156,5924,783,540,270,495,,144,,t3_shieldbreaker|t3_rendspear
standard,97,r5,red,sup,坦克,tiankong,standard,1,3,0,2,6606,20175,13466,542.3,7.22,13.06,16.67,4,1,2,3,4,196,630,702,1366,4296,7810,10582,5924,324,1080,270,495,62,144,2283,t3_calmveil|t3_thornmail
standard,98,b1,blue,top,戰士,greymantle,standard,0,3,4,0,17380,38161,12267,447,9.95,18.23,21.59,3,1,1,2,3,389,646,412,816,3539,6176,8762,5924,738,540,,1080,,480,,t3_shieldbreaker|t3_finalstring
standard,98,b2,blue,jungle,刺客,yueying,standard,0,1,7,0,11789,15622,10860,395.8,9.22,18.58,26.61,3,1,1,2,3,433,2010,251,380,3633,5910,7551,5924,180,,,180,907,360,,t3_finalstring
standard,98,b3,blue,mid,法師,haixiao,standard,0,5,5,2,31085,18816,13428,489.3,11.13,18.3,25.75,3,0,1,2,3,1288,324,288,1527,3548,5654,8618,5924,774,540,270,630,,480,,t3_psyward
standard,98,b4,blue,adc,射手,tianfa,standard,0,12,12,0,34046,17305,16338,595.4,10.26,16.79,19.98,5,0,1,3,5,1325,909,51,737,3485,6059,10271,5924,657,2700,,630,,360,,t3_shieldbreaker|t3_rendspear
standard,98,b5,blue,sup,坦克,shiqiang,standard,0,0,1,3,7779,27729,12907,470.3,8.95,12.66,17.3,4,1,2,3,4,504,822,535,706,4404,7482,9915,5924,207,,270,630,,479,2404,t3_calmveil|t3_thornmail
standard,98,r1,red,top,戰士,greymantle,standard,1,9,1,0,23216,34740,15891,579.1,9.06,15.59,20.18,4,1,1,2,4,1376,1642,2248,2390,4526,7172,10898,5924,744,2700,,1350,,180,,t3_shieldbreaker|t3_finalstring
standard,98,r2,red,jungle,刺客,yueying,standard,1,2,3,2,9932,13797,12707,463.1,7.53,14.84,21.44,3,1,2,2,3,285,306,1187,1577,5265,7486,9567,5924,330,1080,405,,1648,180,,t3_finalstring
standard,98,r3,red,mid,法師,haixiao,standard,1,5,4,3,27967,19534,13974,509.2,10.98,16.27,24.43,4,0,1,2,4,2203,213,171,323,4463,6713,8801,5924,941,1080,405,450,,0,,t3_psyward
standard,98,r4,red,adc,射手,tianfa,standard,1,11,11,2,44161,14959,15780,575,11.12,18.97,22.09,4,0,1,2,4,1199,451,203,1929,3359,5051,8453,5924,729,1080,540,,,180,,t3_shieldbreaker|t3_rendspear
standard,98,r5,red,sup,坦克,shiqiang,standard,1,2,2,1,7436,26883,14297,521,7.41,13.06,18.33,5,1,2,3,5,324,162,350,696,4224,6942,10330,5924,279,1080,,450,,180,2417,t3_calmveil|t3_thornmail
standard,99,b1,blue,top,戰士,ravager,standard,0,3,6,0,12054,30812,11256,439.2,10.53,16.52,20.58,3,0,1,2,3,1456,456,748,455,3506,5936,8978,5924,678,1080,,1080,,216,,t3_shieldbreaker|t3_finalstring
standard,99,b2,blue,jungle,戰士,longyi,standard,0,0,7,0,9346,19690,9551,372.7,9.9,19.69,,2,1,1,2,2,340,635,277,1370,3440,5765,7507,5924,198,,,180,989,216,,t3_shieldbreaker|t3_finalstring
standard,99,b3,blue,mid,法師,bingshuang,standard,0,2,5,0,20737,18650,9843,384.1,11.65,17.93,24.38,3,0,1,2,3,1165,61,315,392,3425,5441,7565,5924,705,540,,180,,216,,t3_psyward
standard,99,b4,blue,adc,射手,dawnstrike,standard,0,3,4,1,17449,14082,10968,428,11.37,18.26,21.91,3,0,1,2,3,1256,510,62,1367,3416,5360,7862,5924,551,540,,630,,216,,t3_shieldbreaker|t3_rendspear
standard,99,b5,blue,sup,輔助,shengguang,standard,0,0,7,1,8155,21777,11391,444.5,6.97,12.69,17.16,4,1,2,3,4,206,512,276,511,4206,6762,8736,5924,99,,270,180,,216,2046,t3_calmveil
standard,99,r1,red,top,戰士,ravager,standard,1,11,1,0,24411,31848,16821,656.4,9.19,15.21,19.36,4,1,1,3,4,362,1299,311,3370,3512,6779,10811,5924,909,3240,,450,,288,,t3_shieldbreaker|t3_finalstring
standard,99,r2,red,jungle,戰士,longyi,standard,1,8,0,5,20580,22096,15543,606.6,8.73,13.69,19.37,4,1,2,3,4,216,346,377,2143,4266,7396,10407,5924,75,2160,675,,1285,288,,t3_shieldbreaker|t3_finalstring
standard,99,r3,red,mid,法師,bingshuang,standard,1,2,5,2,23239,17452,12136,473.6,10.8,20.38,25.03,3,0,1,1,3,1558,203,1877,1106,3818,5533,8377,5924,994,,270,900,,288,,t3_psyward
standard,99,r4,red,adc,射手,dawnstrike,standard,1,8,2,0,23628,12056,13953,544.5,9.51,18.73,22.31,4,1,1,2,4,207,421,215,732,3557,5321,8165,5924,873,1080,,,,288,,t3_shieldbreaker|t3_rendspear
standard,99,r5,red,sup,輔助,shengguang,standard,1,0,0,3,10801,16985,12335,481.4,7.61,13.13,19.22,4,1,2,3,4,1184,376,101,954,4284,6926,9331,5924,100,,135,900,,288,1983,t3_calmveil
standard,100,b1,blue,top,戰士,dadi2,standard,0,0,3,0,10732,25723,9456,400,10.03,15.97,21.96,3,0,1,2,3,1426,920,424,705,3476,5870,7454,5924,756,,,630,,144,,t3_shieldbreaker|t3_finalstring
standard,100,b2,blue,jungle,戰士,ravager,standard,0,0,4,0,7435,16242,8605,364,10.61,17.44,,2,0,1,2,2,1396,882,257,1274,3396,5482,7237,5924,144,,,180,844,144,,t3_shieldbreaker|t3_finalstring
standard,100,b3,blue,mid,法師,mingyun2,standard,0,2,9,1,17092,15247,9996,422.8,12.01,18.63,,2,0,1,2,2,1288,342,164,715,3548,5942,7994,5924,756,540,,630,,144,,t3_psyward
standard,100,b4,blue,adc,射手,hanbing,standard,0,3,7,1,16811,10196,10116,427.9,10.96,20.38,23.36,3,0,1,1,3,1064,365,1787,116,3224,5145,7467,5924,360,540,270,180,48,144,,t3_shieldbreaker|t3_rendspear
standard,100,b5,blue,sup,坦克,tieshixin,standard,0,0,3,0,6542,20164,10304,435.8,6.91,13.18,18.36,3,1,2,3,3,669,607,467,723,4269,6807,8967,5924,180,,,180,,144,2539,t3_calmveil|t3_thornmail
standard,100,r1,red,top,戰士,dadi2,standard,1,7,0,0,16399,24320,13845,585.6,8.3,15.74,19.87,3,1,1,3,3,166,1258,204,2394,4016,6788,10334,5924,612,2160,,1350,,288,,t3_shieldbreaker|t3_finalstring
standard,100,r2,red,jungle,戰士,ravager,standard,1,7,0,0,15184,15286,13572,574.1,9.27,12.83,19.66,4,1,2,3,4,950,1147,311,1072,5050,8847,11291,5924,454,3240,,,1384,288,,t3_shieldbreaker|t3_finalstring
standard,100,r3,red,mid,法師,mingyun2,standard,1,5,4,2,18439,17385,13050,552,10.78,17.43,22.31,3,0,1,2,3,1588,768,912,969,3848,6368,9662,5924,930,1080,540,900,,288,,t3_psyward
standard,100,r4,red,adc,射手,hanbing,standard,1,6,1,1,19534,10414,12799,541.4,9.71,18.15,21.69,3,1,1,2,3,158,54,1336,999,3508,5254,9286,5924,733,1620,270,450,,288,,t3_shieldbreaker|t3_rendspear
standard,100,r5,red,sup,坦克,tieshixin,standard,1,1,0,4,7985,15901,12555,531.1,7.79,13.27,19.08,3,1,2,3,3,1789,297,1009,2575,4689,6957,10089,5924,257,540,540,,,288,2539,t3_calmveil|t3_thornmail
standard,101,b1,blue,top,戰士,ronggang,standard,0,6,11,0,36100,70816,19158,436.9,8.23,16.13,23.55,5,1,1,2,5,124,1198,190,3807,3974,6728,8240,5924,588,1080,,360,,288,,t3_shieldbreaker|t3_finalstring
standard,101,b2,blue,jungle,戰士,xueyue,standard,0,2,10,3,31774,45867,18787,428.4,8.32,16.73,24.05,5,1,1,2,5,729,801,735,3487,3829,6281,8135,5924,156,,270,360,1137,288,,t3_shieldbreaker|t3_finalstring
standard,101,b3,blue,mid,法師,bingshuang,standard,0,34,22,2,118070,38679,34023,775.9,9.67,18.93,23.21,5,1,1,2,5,250,912,114,17872,4100,6512,8564,5924,776,1080,135,360,,288,,t3_psyward
standard,101,b4,blue,adc,射手,xuanfeng,standard,0,28,18,2,186121,27347,30843,703.4,10.77,18.77,23.5,5,0,1,2,5,1136,376,188,15242,3296,5456,7508,5924,396,540,,360,,288,,t3_shieldbreaker|t3_rendspear
standard,101,b5,blue,sup,坦克,xukong,standard,0,2,13,11,17604,60527,21261,484.9,7.4,13.98,18.49,5,1,2,3,5,477,633,63,7661,4377,7293,9443,5924,207,,135,360,16,288,2513,t3_calmveil|t3_thornmail
standard,101,r1,red,top,戰士,ronggang,standard,1,4,15,2,37071,72930,18620,424.6,9.52,18.44,22.22,5,1,1,2,5,313,375,501,3270,3463,5605,8251,5924,486,1080,135,450,32,144,,t3_shieldbreaker|t3_finalstring
standard,101,r2,red,jungle,戰士,xueyue,standard,1,12,9,4,42083,47809,24176,551.3,8.7,16.31,21.07,5,1,1,2,5,278,812,968,8875,4078,6292,9568,5924,324,1620,540,,1016,144,,t3_shieldbreaker|t3_finalstring
standard,101,r3,red,mid,法師,bingshuang,standard,1,19,18,1,70626,35706,27216,620.7,10.68,20.48,24.4,5,0,1,1,5,1297,393,1053,11065,3557,5843,7553,5924,900,,135,450,,144,,t3_psyward
standard,101,r4,red,adc,射手,xuanfeng,standard,1,34,21,2,202190,25661,33171,756.5,10.63,20.36,24.03,5,0,1,1,5,1145,394,1324,17570,3305,5294,7004,5924,666,,270,,,144,,t3_shieldbreaker|t3_rendspear
standard,101,r5,red,sup,坦克,xukong,standard,1,5,9,9,19935,58680,23027,525.1,6.75,12.46,15.98,5,1,2,3,5,1722,971,662,9426,5322,8211,10642,5924,360,1620,,450,,144,2143,t3_calmveil|t3_thornmail
standard,102,b1,blue,top,戰士,jingci,standard,0,0,4,2,14086,32206,9462,375.3,9.49,18.07,,2,1,1,2,2,218,294,782,1181,3368,5294,7382,5924,612,,135,405,,306,,t3_shieldbreaker|t3_finalstring
standard,102,b2,blue,jungle,戰士,jufeng,standard,0,3,5,0,8617,17526,11377,451.3,9.61,17.19,23.46,3,1,1,2,3,579,358,653,827,3679,5908,8283,5924,180,540,,180,973,486,,t3_shieldbreaker|t3_finalstring
standard,102,b3,blue,mid,法師,mingyun2,standard,0,10,5,0,27813,18321,14718,583.8,11.45,16.39,20.03,4,0,1,2,4,1252,400,1432,667,3512,5780,10712,5924,882,3240,,180,,486,,t3_psyward
standard,102,b4,blue,adc,射手,phantom,standard,0,4,6,0,25832,14370,12900,511.7,10.03,17.03,21.13,4,0,1,2,4,1415,397,342,299,3575,6077,9092,5924,837,540,,1305,,486,,t3_shieldbreaker|t3_rendspear
standard,102,b5,blue,sup,輔助,tianshi,standard,0,1,2,4,7864,17164,11942,473.7,8.25,13.42,16.39,4,1,2,3,4,860,900,624,491,4260,6780,9664,5924,45,540,405,180,,396,2174,t3_calmveil
standard,102,r1,red,top,戰士,jingci,standard,1,3,4,4,13864,30148,12085,479.4,9.17,14.28,21.11,3,1,2,2,3,668,317,200,685,3818,7117,8800,5924,738,1080,607,450,,0,,t3_shieldbreaker|t3_finalstring
standard,102,r2,red,jungle,戰士,jufeng,standard,1,9,1,4,18925,24923,15042,596.7,8.66,14.38,17.25,4,1,2,3,4,438,561,441,2111,4188,8511,11371,5924,225,3240,562,225,1194,0,,t3_shieldbreaker|t3_finalstring
standard,102,r3,red,mid,法師,mingyun2,standard,1,6,4,6,27973,18838,13578,538.6,10.27,16.83,23.46,3,0,1,2,3,1918,759,361,1497,4178,7259,9761,5924,732,2160,495,450,,0,,t3_psyward
standard,102,r4,red,adc,射手,phantom,standard,1,3,7,4,19691,10072,10627,421.6,10.31,20.02,24.93,3,0,1,1,3,1082,117,1329,327,3242,5497,7009,5924,477,,382,225,,0,,t3_shieldbreaker|t3_rendspear
standard,102,r5,red,sup,輔助,tianshi,standard,1,1,2,8,6902,17661,12590,499.4,6.03,13.78,16.93,4,1,2,3,4,305,88,200,1209,4305,6818,9430,5924,167,540,382,450,,0,1965,t3_calmveil
standard,103,b1,blue,top,戰士,tielian,standard,0,0,3,0,8838,18836,7014,335.2,10.16,,,1,0,1,1,1,1336,390,1146,1534,3386,4970,6626,5924,702,,,,,0,,t3_shieldbreaker|t3_finalstring
standard,103,b2,blue,jungle,戰士,rongyan,standard,0,2,0,0,7919,12890,8692,415.4,9.85,17.35,,2,1,1,2,2,407,559,543,512,3507,5389,8243,5924,378,1080,,,860,0,,t3_shieldbreaker|t3_finalstring
standard,103,b3,blue,mid,法師,bingshuang,standard,0,0,3,1,10221,11799,7680,367,11.93,20.62,,2,0,1,1,2,1198,156,1248,330,3458,5006,7328,5924,684,,270,450,,0,,t3_psyward
standard,103,b4,blue,adc,射手,huanying,standard,0,4,2,0,17914,9135,9714,464.2,9.93,17.98,,2,1,1,2,2,162,28,1202,864,3512,5708,8822,5924,828,1620,,450,,0,,t3_shieldbreaker|t3_rendspear
standard,103,b5,blue,sup,輔助,mantra,standard,0,0,1,2,4576,12042,8956,428,8.08,14.48,18.62,3,1,2,3,3,265,549,174,795,4215,6429,8334,5924,216,,270,,,0,1923,t3_calmveil
standard,103,r1,red,top,戰士,tielian,standard,1,3,0,0,8759,17033,10228,488.8,9.83,15.47,20.09,3,1,1,2,3,392,1518,1168,628,3542,6998,9768,5924,930,1620,,810,16,468,,t3_shieldbreaker|t3_finalstring
standard,103,r2,red,jungle,戰士,rongyan,standard,1,4,0,0,11671,15958,10782,515.3,9.93,15.59,19.41,3,1,1,3,3,563,1228,291,451,3663,6658,10321,5924,270,2160,,360,1139,468,,t3_shieldbreaker|t3_finalstring
standard,103,r3,red,mid,法師,bingshuang,standard,1,0,3,1,11922,11676,8490,405.7,11.82,19.73,,2,0,1,2,2,1234,96,180,640,3494,5996,8030,5924,738,,270,810,,288,,t3_psyward
standard,103,r4,red,adc,射手,huanying,standard,1,2,2,0,10284,8494,9723,464.7,10.42,19.13,,2,0,1,2,2,1742,211,863,1173,3422,5591,8813,5924,531,1080,,810,,468,,t3_shieldbreaker|t3_rendspear
standard,103,r5,red,sup,輔助,mantra,standard,1,0,1,2,6793,12996,10372,495.7,6.7,13.38,16.51,3,1,2,3,3,875,344,682,1142,4275,7074,9912,5924,122,,540,360,,468,2496,t3_calmveil
standard,104,b1,blue,top,坦克,shiqiang,standard,1,1,3,0,14738,32537,11541,407.2,8.81,17.5,22.35,4,1,1,2,4,454,110,1102,290,3404,5510,7652,5924,612,,,900,,216,,t3_calmveil|t3_thornmail
standard,104,b2,blue,jungle,戰士,tielian,standard,1,0,2,0,13404,26823,11652,411.1,10.73,17.5,24.49,3,0,1,2,3,1705,752,707,852,3705,6232,8107,5924,495,,,675,797,216,,t3_finalstring|t3_shieldbreaker
standard,104,b3,blue,mid,法師,mingyun2,standard,1,8,6,3,38577,21960,16019,565.2,10.28,19.33,23.82,4,0,1,2,4,1810,162,338,1619,4070,5762,7688,5924,738,540,270,,,216,,t3_psyward
standard,104,b4,blue,adc,射手,guangsu,standard,1,8,6,2,39624,17054,15584,549.9,10.63,17.1,20.31,4,0,1,2,4,1262,211,333,2034,3422,5411,9083,5924,648,1620,,675,,216,,t3_shieldbreaker|t3_rendspear
standard,104,b5,blue,sup,坦克,tiebi,standard,1,1,5,1,5623,25940,12423,438.3,7.32,14.18,21.09,4,1,2,2,4,432,400,804,623,4332,6600,8484,5924,207,,,,,216,2137,t3_calmveil|t3_thornmail
standard,104,r1,red,top,坦克,shiqiang,standard,0,0,0,1,14366,30081,11217,395.8,9.86,15.43,21.78,3,1,1,2,3,689,534,930,1186,3639,5934,8220,5924,1203,,,720,48,324,,t3_calmveil|t3_thornmail
standard,104,r2,red,jungle,戰士,tielian,standard,0,7,2,1,20902,21915,15226,537.2,8.92,16.93,18.43,4,1,1,3,4,416,2732,532,1926,4216,8212,11562,5924,270,3240,270,270,1263,324,,t3_finalstring|t3_shieldbreaker
standard,104,r3,red,mid,法師,mingyun2,standard,0,3,7,2,25585,18144,12053,425.3,11.46,20.3,27.93,3,0,1,1,3,1111,135,912,723,3371,5585,7412,5924,939,,135,270,,144,,t3_psyward
standard,104,r4,red,adc,射手,guangsu,standard,0,9,9,0,41739,17249,15821,558.2,10.23,19.99,22.35,4,0,1,2,4,1382,286,86,1971,3542,5666,8366,5924,948,,,1170,,324,,t3_shieldbreaker|t3_rendspear
standard,104,r5,red,sup,坦克,tiebi,standard,0,3,0,5,9332,29024,15117,533.4,8.53,13.38,16.93,5,1,2,3,5,702,671,1059,1516,4302,7911,11039,5924,203,540,945,720,48,324,2333,t3_calmveil|t3_thornmail
standard,105,b1,blue,top,坦克,longji,standard,0,1,1,0,7929,20946,7987,386.6,8.88,16.6,,2,1,1,2,2,580,372,530,756,3530,5672,7760,5924,702,540,,450,,144,,t3_calmveil|t3_thornmail
standard,105,b2,blue,jungle,戰士,cinderfist,standard,0,0,1,0,6213,14678,7563,366.1,10.38,18.63,,2,0,1,2,2,1718,423,313,512,3718,5553,7363,5924,306,,,,989,144,,t3_shieldbreaker|t3_finalstring
standard,105,b3,blue,mid,法師,shikong,standard,0,1,4,0,12100,13428,8149,394.4,11.18,20.04,,2,0,1,1,2,1324,552,1440,298,3584,5402,7940,5924,882,540,,450,,144,,t3_psyward
standard,105,b4,blue,adc,射手,mori,standard,0,1,3,0,15265,9467,7375,357,10.61,,,1,0,1,1,1,1208,226,946,1694,3368,5006,6626,5924,558,,,,,144,,t3_shieldbreaker|t3_rendspear
standard,105,b5,blue,sup,輔助,zhanchang,standard,0,0,2,0,3169,13401,9792,474,7.34,13.08,16.58,3,1,2,3,3,1259,396,526,752,4359,7126,9566,5924,252,,,900,48,144,2297,t3_calmveil
standard,105,r1,red,top,坦克,longji,standard,1,1,1,0,6594,19117,9304,450.4,8.53,16.35,19.6,3,1,1,3,3,562,282,375,274,3512,5582,8925,5924,792,540,,1260,48,360,,t3_calmveil|t3_thornmail
standard,105,r2,red,jungle,戰士,cinderfist,standard,1,1,0,0,8317,12195,9307,450.5,8.8,17.38,,2,1,1,2,2,624,897,678,1057,3724,6327,8928,5924,90,540,,360,1653,360,,t3_shieldbreaker|t3_finalstring
standard,105,r3,red,mid,法師,shikong,standard,1,2,0,2,16318,12658,9304,450.4,11.73,18.14,,2,0,1,2,2,1162,435,234,323,3422,5585,8384,5924,795,540,405,360,,360,,t3_psyward
standard,105,r4,red,adc,射手,mori,standard,1,7,2,0,16363,9293,11992,580.5,10.07,16.77,20.04,3,0,1,2,3,1334,352,2522,1091,3494,6032,11072,5924,738,3240,,810,,360,,t3_shieldbreaker|t3_rendspear
standard,105,r5,red,sup,輔助,zhanchang,standard,1,0,0,1,7065,11189,9299,450.2,6.5,13.45,18.93,3,1,2,3,3,305,343,704,1119,4305,6823,8884,5924,284,,135,360,,360,1819,t3_calmveil
standard,106,b1,blue,top,坦克,dadi,standard,0,1,0,0,7555,20863,8726,418.5,8.7,16.2,20.16,3,1,1,2,3,598,372,688,275,3548,5672,8318,5924,720,540,,900,,234,,t3_calmveil|t3_thornmail
standard,106,b2,blue,jungle,戰士,chichuan,standard,0,0,1,0,5103,12717,7796,373.9,9.1,19.28,,2,1,1,2,2,547,1000,489,746,3647,5530,7539,5924,360,,,,1020,234,,t3_shieldbreaker|t3_finalstring
standard,106,b3,blue,mid,法師,lieyan,standard,0,0,4,0,9782,12478,7619,365.4,11.97,20.13,,2,0,1,1,2,1198,372,1131,268,3458,5222,7211,5924,828,,,225,,234,,t3_psyward
standard,106,b4,blue,adc,射手,leiting,standard,0,2,2,0,12029,9527,8414,403.5,11.06,17.71,,2,0,1,2,2,1064,223,936,263,3224,5123,8156,5924,558,1080,,450,,144,,t3_shieldbreaker|t3_rendspear
standard,106,b5,blue,sup,輔助,luminary,standard,0,0,1,0,2865,10563,9302,446.1,7.58,13.28,19.32,3,1,2,3,3,1133,164,314,721,4233,6644,8894,5924,198,,,675,,234,1863,t3_calmveil
standard,106,r1,red,top,坦克,dadi,standard,1,2,0,0,10152,19510,9944,476.9,7.83,14.5,20.08,3,1,2,2,3,322,188,2276,493,3872,6518,9506,5924,1116,1080,,1080,,306,,t3_calmveil|t3_thornmail
standard,106,r2,red,jungle,戰士,chichuan,standard,1,1,0,0,6580,12759,9507,455.9,8.55,16.84,,2,1,1,2,2,291,1562,787,956,4041,6992,9037,5924,432,540,,180,1654,306,,t3_shieldbreaker|t3_finalstring
standard,106,r3,red,mid,法師,lieyan,standard,1,2,2,0,14583,10753,9626,461.7,11.29,18.23,,2,0,1,2,2,1180,810,148,225,3440,6410,8648,5924,738,540,,1230,,216,,t3_psyward
standard,106,r4,red,adc,射手,leiting,standard,1,3,1,0,12465,8444,9518,456.5,10.97,18.16,,2,0,1,2,2,1190,82,830,617,3350,5762,9080,5924,450,1620,,779,,306,,t3_shieldbreaker|t3_rendspear
standard,106,r5,red,sup,輔助,luminary,standard,1,0,0,1,3699,10162,9910,475.3,6.41,12.5,18.09,3,1,2,3,3,605,629,243,680,4305,6879,9473,5924,252,,270,779,,306,1940,t3_calmveil
standard,107,b1,blue,top,坦克,tixue,standard,0,1,2,1,11023,23043,9727,433.9,8.63,16.98,22.31,3,1,1,2,3,436,264,230,177,3386,5114,7520,5924,642,,270,450,,234,,t3_calmveil|t3_thornmail
standard,107,b2,blue,jungle,戰士,dadi2,standard,0,0,2,0,12288,17039,8185,365.1,8.63,19.03,,2,1,1,2,2,515,60,593,484,3615,5540,7393,5924,318,,,,1006,144,,t3_finalstring|t3_shieldbreaker
standard,107,b3,blue,mid,法師,shikong,standard,0,6,2,0,19589,12574,11683,521.2,10.07,18.84,21.34,3,0,1,2,3,1972,18,1072,353,4232,6518,9872,5924,1104,2160,,450,,234,,t3_psyward
standard,107,b4,blue,adc,射手,shensheng,standard,0,3,1,3,15720,11432,10999,490.7,11.72,18.99,21.39,3,0,1,2,3,1280,577,332,149,3440,5357,8612,5924,654,540,135,1125,,234,,t3_shieldbreaker|t3_rendspear
standard,107,b5,blue,sup,坦克,tiankong,standard,0,2,2,3,9472,22997,11615,518.2,7.78,13.5,16.48,4,1,2,3,4,699,924,609,315,4599,7704,10589,5924,233,1080,405,225,,234,2487,t3_calmveil|t3_thornmail
standard,107,r1,red,top,坦克,tixue,standard,1,1,1,1,13701,22212,9538,425.5,9.54,15.06,20.1,3,1,1,2,3,421,635,1427,288,3371,6035,8717,5924,759,540,270,900,,324,,t3_calmveil|t3_thornmail
standard,107,r2,red,jungle,戰士,dadi2,standard,1,5,1,1,14044,17538,12276,547.6,8.66,16.94,18.54,3,1,1,3,3,609,1160,344,1246,3709,6640,11374,5924,345,2700,270,450,1360,324,,t3_finalstring|t3_shieldbreaker
standard,107,r3,red,mid,法師,shikong,standard,1,2,5,1,16858,13601,9889,441.2,12.43,18.23,,2,0,1,2,2,1012,366,198,489,3272,6566,8528,5924,749,540,270,900,,144,,t3_psyward
standard,107,r4,red,adc,射手,shensheng,standard,1,0,3,1,10402,10268,9634,429.8,10.52,20.07,,2,0,1,1,2,1073,379,1663,1954,3233,5159,7463,5924,495,,270,450,,324,,t3_shieldbreaker|t3_rendspear
standard,107,r5,red,sup,坦克,tiankong,standard,1,1,2,0,7623,18386,10944,488.2,7.98,13.02,17.26,3,1,2,3,3,1360,300,520,964,4260,6960,10020,5924,243,540,,450,,324,2539,t3_calmveil|t3_thornmail
standard,108,b1,blue,top,坦克,stoneguard,standard,0,0,1,0,8642,16368,7095,355.8,9.46,18.28,,2,1,1,,2,598,300,,844,3548,5150,,,,,,,,,,t3_calmveil|t3_thornmail
standard,108,b2,blue,jungle,戰士,langwang,standard,0,0,3,0,6648,13862,7245,363.3,8.4,19.49,,2,1,1,,2,619,556,,445,3719,5556,,,,,,,,,,t3_finalstring|t3_shieldbreaker
standard,108,b3,blue,mid,法師,lieyan,standard,0,1,3,0,11420,12242,7185,360.3,10.97,,,1,0,1,,1,1702,234,,1104,3962,5564,,,,,,,,,,t3_psyward
standard,108,b4,blue,adc,射手,liangzicz,standard,0,0,3,0,12786,10645,7059,354,9.64,19.43,,2,1,1,,2,270,523,,158,3620,5303,,,,,,,,,,t3_shieldbreaker|t3_rendspear
standard,108,b5,blue,sup,坦克,tiemu,standard,0,0,0,0,2864,15617,9464,474.6,7.47,13.13,19.5,3,1,2,,3,168,250,,364,4368,7050,,,,,,,,,,t3_calmveil|t3_thornmail
standard,108,r1,red,top,坦克,stoneguard,standard,1,3,0,1,11073,18210,9883,495.6,8.38,14.1,19.21,3,1,2,,3,650,980,,1233,3600,6930,,,,,,,,,,t3_calmveil|t3_thornmail
standard,108,r2,red,jungle,戰士,langwang,standard,1,2,0,0,8972,10824,9756,489.2,8.32,15.93,,2,1,1,,2,748,1482,,1156,3848,6962,,,,,,,,,,t3_finalstring|t3_shieldbreaker
standard,108,r3,red,mid,法師,lieyan,standard,1,3,0,2,12528,9007,10173,510.1,10.52,18.69,,2,0,1,,2,1585,573,,772,3845,6473,,,,,,,,,,t3_psyward
standard,108,r4,red,adc,射手,liangzicz,standard,1,2,1,2,14096,9092,9570,479.9,10.25,18.03,,2,0,1,,2,1163,301,,1289,3323,5501,,,,,,,,,,t3_shieldbreaker|t3_rendspear
standard,108,r5,red,sup,坦克,tiemu,standard,1,0,0,2,4909,13044,10099,506.4,7.74,13.4,19.92,3,1,2,,3,705,789,,119,4305,7149,,,,,,,,,,t3_calmveil|t3_thornmail
standard,109,b1,blue,top,坦克,thornwall,standard,0,1,1,1,9173,23230,9689,442.8,9.66,15.51,20.94,3,1,1,2,3,454,597,1223,659,3404,5897,8453,5924,720,540,135,900,,234,,t3_calmveil|t3_thornmail
standard,109,b2,blue,jungle,戰士,anliuyouXia,standard,0,0,0,0,5674,14326,8263,377.6,9.25,19.02,,2,1,1,2,2,498,748,343,612,3598,5578,7393,5924,198,,,,1036,234,,t3_shieldbreaker|t3_finalstring
standard,109,b3,blue,mid,法師,shikong,standard,0,5,3,1,13972,14606,11030,504,9.49,16.79,,2,1,1,2,2,265,318,778,1630,4115,6518,9758,5924,855,2160,135,450,,234,,t3_psyward
standard,109,b4,blue,adc,射手,xingchen,standard,0,1,3,0,16207,9832,8831,403.6,10.98,20.46,,2,0,1,1,2,1343,265,1675,1211,3503,5645,7355,5924,747,,,450,,234,,t3_shieldbreaker|t3_rendspear
standard,109,b5,blue,sup,輔助,hexweave,standard,0,0,4,2,3858,15843,10412,475.8,7.49,12.53,17.71,3,1,2,3,3,618,586,390,1181,4318,6766,9050,5924,108,,270,450,48,144,2104,t3_calmveil
standard,109,r1,red,top,坦克,thornwall,standard,1,5,0,1,10878,19529,11084,506.5,10.21,13.58,19.08,3,0,2,3,3,1796,152,134,1154,3386,6482,10064,5924,630,2700,,450,,360,,t3_calmveil|t3_thornmail
standard,109,r2,red,jungle,戰士,anliuyouXia,standard,1,1,1,2,8286,13402,10082,460.7,10.21,16.1,21.87,3,0,1,2,3,1519,1444,445,51,3519,6574,8695,5924,210,,405,450,1345,360,,t3_shieldbreaker|t3_finalstring
standard,109,r3,red,mid,法師,shikong,standard,1,3,3,0,13405,12620,10418,476.1,11.99,18.4,,2,0,1,2,2,1180,462,228,1018,3440,6212,8678,5924,864,1080,,450,,360,,t3_psyward
standard,109,r4,red,adc,射手,xingchen,standard,1,2,3,4,19571,8613,10220,467,10.32,19.08,,2,0,1,2,2,1109,157,1610,1320,3269,5537,8930,5924,486,540,945,675,,360,,t3_shieldbreaker|t3_rendspear
standard,109,r5,red,sup,輔助,hexweave,standard,1,0,0,3,4355,11172,10164,464.5,9.32,12.34,18.4,3,1,2,3,3,524,299,628,934,4224,7029,9378,5924,149,,540,675,,360,1729,t3_calmveil
standard,110,b1,blue,top,坦克,tieshixin,standard,0,1,3,1,9133,28218,10296,413,9.76,16.5,20.57,3,1,1,2,3,418,138,354,706,3368,4988,8084,5924,576,540,,900,,144,,t3_calmveil|t3_thornmail
standard,110,b2,blue,jungle,刺客,razorwing,standard,0,1,5,0,7231,12048,9603,385.1,10.07,17.47,,2,0,1,2,2,1609,667,296,1172,3539,5997,7776,5924,243,540,,,924,144,,t3_finalstring
standard,110,b3,blue,mid,法師,xingjie,standard,0,1,4,0,17595,15582,9540,382.6,10.67,17.95,,2,0,1,2,2,1306,948,218,660,3566,5978,8048,5924,990,540,,450,,144,,t3_psyward
standard,110,b4,blue,adc,射手,dujian,standard,0,6,7,0,23135,13317,12204,489.5,11.15,20.57,23.41,3,0,1,1,3,1118,154,1240,1054,3278,4934,7040,5924,432,540,,,,144,,t3_shieldbreaker|t3_rendspear
standard,110,b5,blue,sup,坦克,tiankong,standard,0,0,4,0,7519,24207,10260,411.5,10.08,14.5,19.12,3,0,2,3,3,2734,400,532,720,4314,6600,8732,5924,207,,,450,,144,2006,t3_calmveil|t3_thornmail
standard,110,r1,red,top,坦克,tieshixin,standard,1,6,1,0,16919,23084,13458,539.8,9.62,14.42,19,4,1,2,3,4,382,190,916,1208,3332,6440,10346,5924,804,2160,,1170,,288,,t3_calmveil|t3_thornmail
standard,110,r2,red,jungle,刺客,razorwing,standard,1,3,1,2,9129,12213,12398,497.2,9.43,16.43,20.46,3,1,1,2,3,603,1390,1105,1517,3803,6720,9535,5924,324,1080,405,270,1244,288,,t3_finalstring
standard,110,r3,red,mid,法師,xingjie,standard,1,7,3,1,26655,14307,13176,528.5,12.53,18.48,24.34,3,0,1,2,3,1072,462,990,1576,3332,5312,9020,5924,648,1620,270,270,,288,,t3_psyward
standard,110,r4,red,adc,射手,dujian,standard,1,6,4,2,21891,11683,13068,524.1,10.38,18.68,21.4,3,0,1,2,3,1145,385,782,1268,3305,5285,8462,5924,585,540,405,720,,288,,t3_shieldbreaker|t3_rendspear
standard,110,r5,red,sup,坦克,tiankong,standard,1,1,0,3,5018,17722,12326,494.4,11.48,13.64,18.11,4,0,2,3,4,2644,663,490,725,4224,7443,9990,5924,158,540,270,270,,288,2539,t3_calmveil|t3_thornmail
standard,111,b1,blue,top,坦克,bingshouweis,standard,0,0,2,0,9684,21440,7615,355.4,9.09,18,,2,1,1,2,2,454,165,298,185,3404,5015,7148,5924,702,,,450,,72,,t3_calmveil|t3_thornmail
standard,111,b2,blue,jungle,刺客,jingxiang,standard,0,0,6,0,4466,10693,7650,357,9.46,19.92,,2,1,1,2,2,296,84,121,649,3496,5364,7121,5924,234,,,,891,72,,t3_finalstring
standard,111,b3,blue,mid,法師,auralith,standard,0,0,4,0,12319,13208,7304,340.9,11.06,,,1,0,1,1,1,1427,223,693,824,3687,5253,6873,5924,828,,,,48,72,,t3_psyward
standard,111,b4,blue,adc,射手,tianfa,standard,0,2,2,0,13262,12066,8470,395.4,9.62,19.93,,2,1,1,2,2,234,562,54,320,3584,5762,7274,5924,738,540,,,,72,,t3_shieldbreaker|t3_rendspear
standard,111,b5,blue,sup,坦克,shiqiang,standard,0,1,1,0,4858,20172,10301,480.8,7.75,14.03,18.08,3,1,2,3,3,423,250,65,721,4323,7050,9645,5924,162,540,,450,,72,2496,t3_calmveil|t3_thornmail
standard,111,r1,red,top,坦克,bingshouweis,standard,1,4,0,1,15123,20397,11659,544.2,8.81,13.66,17.65,4,1,2,3,4,348,188,568,309,3998,7178,10598,5924,912,2160,270,900,,432,,t3_calmveil|t3_thornmail
standard,111,r2,red,jungle,刺客,jingxiang,standard,1,5,0,0,6738,7556,11836,552.4,8.19,15.97,18.78,3,1,1,3,3,760,2068,755,955,3960,7398,10555,5924,297,2160,,450,1291,432,,t3_finalstring
standard,111,r3,red,mid,法師,auralith,standard,1,2,2,0,16264,10582,9761,455.6,11.13,18.55,,2,0,1,2,2,1234,139,1060,361,3494,6369,8610,5924,990,540,,675,48,432,,t3_psyward
standard,111,r4,red,adc,射手,tianfa,standard,1,4,0,3,16463,8021,10999,513.4,10.92,18.08,20.82,3,0,1,2,3,1127,187,2612,479,3287,5987,9812,5924,621,1620,540,675,,432,,t3_shieldbreaker|t3_rendspear
standard,111,r5,red,sup,坦克,shiqiang,standard,1,0,1,4,6599,14710,10791,503.6,7.08,13.64,17.65,3,1,2,3,3,351,215,199,810,4251,7155,10179,5924,275,,810,900,,432,1837,t3_calmveil|t3_thornmail
standard,112,b1,blue,top,坦克,tiankong,standard,1,3,1,0,11544,20737,10261,478.9,8.69,14.53,18.77,3,1,2,3,3,70,188,170,1231,3620,6338,9200,5924,792,1620,,270,,594,,t3_calmveil|t3_thornmail
standard,112,b2,blue,jungle,刺客,guihuo,standard,1,0,1,2,5307,11254,8987,419.5,8.58,16.49,,2,1,1,2,2,433,475,314,657,3633,6055,8344,5924,270,,540,270,925,414,,t3_finalstring
standard,112,b3,blue,mid,法師,xingjie,standard,1,2,5,0,13069,13692,9955,464.7,11.26,18.42,,2,0,1,2,2,1234,132,444,555,3494,6032,8894,5924,576,1080,,720,,594,,t3_psyward
standard,112,b4,blue,adc,射手,dawnstrike,standard,1,5,2,2,15542,9021,11782,549.9,10.1,17.66,19.95,3,0,1,3,3,1397,649,151,402,3557,6329,10631,5924,783,2160,540,720,,504,,t3_shieldbreaker|t3_rendspear
standard,112,b5,blue,sup,輔助,tianshi,standard,1,0,3,1,3877,12994,10693,499.1,6.35,12.43,16.66,3,1,2,3,3,758,428,591,1652,4458,7158,9631,5924,279,,270,270,,414,2474,t3_calmveil
standard,112,r1,red,top,坦克,tiankong,standard,0,6,1,0,10291,21267,11107,518.4,10.87,16.59,18.03,3,0,1,3,3,1634,516,546,1577,3224,5816,9596,5924,522,2700,,450,,0,,t3_calmveil|t3_thornmail
standard,112,r2,red,jungle,刺客,guihuo,standard,0,4,2,0,7648,11562,9861,460.3,8,15.88,,2,1,1,2,2,147,808,470,1531,4777,6388,8800,5924,273,1620,,,982,0,,t3_finalstring
standard,112,r3,red,mid,法師,xingjie,standard,0,2,2,2,14720,12499,10021,467.7,11.16,16.75,,2,0,1,2,2,1552,846,412,621,3812,6746,9392,5924,948,1080,540,900,,0,,t3_psyward
standard,112,r4,red,adc,射手,dawnstrike,standard,0,0,3,1,12778,8135,7249,338.4,10.5,21.27,,2,0,1,1,2,1148,346,868,249,3308,4946,6548,5924,623,,,,,0,,t3_shieldbreaker|t3_rendspear
standard,112,r5,red,sup,輔助,tianshi,standard,0,0,2,0,3747,10333,9629,449.4,7.25,14.17,20.54,3,1,2,2,3,851,258,1628,589,4251,6438,8658,5924,153,,,450,,0,2130,t3_calmveil
standard,113,b1,blue,top,坦克,shengdun,standard,1,3,2,1,7446,21572,10950,478.2,9.03,15.13,20.53,3,1,1,2,3,598,1218,1376,1020,3548,6518,8606,5924,774,1080,270,270,,288,,t3_calmveil|t3_thornmail
standard,113,b2,blue,jungle,刺客,yingsi,standard,1,1,2,0,5475,8630,10042,438.5,8.8,16.83,,2,1,1,2,2,437,718,643,1711,3637,5998,8493,5924,414,540,,270,876,468,,t3_finalstring
standard,113,b3,blue,mid,法師,auralith,standard,1,1,5,0,10275,13641,9213,402.3,12.48,20.6,,2,0,1,1,2,1144,252,1116,583,3404,5852,7616,5924,504,,,720,,468,,t3_psyward
standard,113,b4,blue,adc,射手,hanbing,standard,1,8,2,1,29251,9808,13227,577.6,10.71,17.92,21.74,3,0,1,2,3,1307,499,1760,2327,3467,5879,10010,5924,918,2160,270,270,,468,,t3_shieldbreaker|t3_rendspear
standard,113,b5,blue,sup,輔助,linghun,standard,1,0,0,1,5326,16926,11933,521.1,6.39,13.43,15.73,4,1,2,3,4,458,410,1449,482,4458,7140,10029,5924,378,,,720,,468,2539,t3_calmveil
standard,113,r1,red,top,坦克,shengdun,standard,0,3,0,0,10230,25221,10356,452.2,8.75,13.71,18.61,3,1,2,3,3,238,425,257,426,4088,7355,9407,5924,873,1620,,900,,90,,t3_calmveil|t3_thornmail
standard,113,r2,red,jungle,刺客,yingsi,standard,0,2,3,1,8262,12253,10048,438.8,9.02,17.05,,2,1,1,2,2,653,473,65,1717,3853,6053,7795,5924,306,,270,,1205,90,,t3_finalstring
standard,113,r3,red,mid,法師,auralith,standard,0,0,4,0,10429,14306,8745,381.9,11.58,20.09,,2,0,1,1,2,1288,342,1296,295,3548,5672,7796,5924,882,,,900,,90,,t3_psyward
standard,113,r4,red,adc,射手,hanbing,standard,0,6,2,0,19337,9624,11472,501,10.71,18.29,21.99,3,0,1,2,3,1082,559,743,92,3242,5159,8993,5924,594,2160,,225,,90,,t3_shieldbreaker|t3_rendspear
standard,113,r5,red,sup,輔助,linghun,standard,0,0,4,3,4245,15322,10496,458.3,6.45,14.23,17.79,3,1,2,3,3,323,755,708,1455,4323,7005,9168,5924,261,,810,225,,0,1948,t3_calmveil
standard,114,b1,blue,top,坦克,xukong,standard,0,1,6,0,11410,43233,11892,379.4,9.52,17.19,23.28,4,1,1,2,4,274,312,310,642,3224,4862,6860,5924,486,,,450,,0,,t3_calmveil|t3_thornmail
standard,114,b2,blue,jungle,刺客,youming,standard,0,0,14,0,10035,19823,11115,354.6,9.8,20.13,28.31,3,1,1,1,3,254,726,1338,635,3454,5226,6968,5924,135,,,,909,0,,t3_finalstring
standard,114,b3,blue,mid,法師,xingjie,standard,0,3,12,0,28771,24371,13158,419.8,10.28,18.52,25.78,3,0,1,2,3,1828,224,422,1058,4088,5654,8072,5924,1008,540,,600,,0,,t3_psyward
standard,114,b4,blue,adc,射手,xuanfeng,standard,0,10,11,1,54759,20313,16380,522.6,10.57,18.46,23.84,5,0,1,2,5,1208,400,420,780,3368,5600,7640,5924,801,540,,374,,0,,t3_shieldbreaker|t3_rendspear
standard,114,b5,blue,sup,坦克,shengdun,standard,0,0,9,1,8044,38487,13781,439.7,7.43,14.24,17.68,5,1,2,3,5,333,592,489,181,4233,6492,9469,5924,234,,,824,,0,2486,t3_calmveil|t3_thornmail
standard,114,r1,red,top,坦克,xukong,standard,1,12,0,2,24254,37321,19938,636.2,8.62,13.83,16.58,5,1,2,3,5,294,384,1498,6288,3944,6914,10928,5924,882,2700,,990,,432,,t3_calmveil|t3_thornmail
standard,114,r2,red,jungle,刺客,youming,standard,1,8,2,3,19932,17916,18420,587.7,8.89,13.25,18.45,5,1,2,3,5,582,385,839,3119,4962,8515,11719,5924,432,3240,270,90,1331,432,,t3_finalstring
standard,114,r3,red,mid,法師,xingjie,standard,1,18,5,7,52541,24191,23838,760.6,9.7,16.99,20.72,5,1,1,2,5,274,606,1036,7688,4124,6806,10436,5924,1020,1080,1215,765,,432,,t3_psyward
standard,114,r4,red,adc,射手,xuanfeng,standard,1,14,6,0,59877,15466,19385,618.5,9.8,22.03,22.91,5,1,1,1,5,77,510,1437,3784,3427,5110,7237,5924,552,,,315,13,432,,t3_shieldbreaker|t3_rendspear
standard,114,r5,red,sup,坦克,shengdun,standard,1,0,1,6,12757,28775,15013,479,7.07,13.63,20.39,5,1,2,2,5,378,357,2033,1413,4278,6717,9273,5924,245,,135,540,,432,1995,t3_calmveil|t3_thornmail
standard,115,b1,blue,top,坦克,tiemu,standard,0,0,3,0,3958,16565,7130,353.7,8.61,16.36,,2,1,1,2,2,466,186,932,80,3416,5486,7082,5924,708,,,450,,0,,t3_calmveil|t3_thornmail
standard,115,b2,blue,jungle,刺客,yueying,standard,0,0,3,0,4526,9798,7037,349.1,9.43,19.97,,2,1,1,2,2,391,320,38,86,3591,5250,6988,5924,102,,,,962,0,,t3_finalstring
standard,115,b3,blue,mid,法師,auralith,standard,0,0,2,0,7677,11126,7526,373.4,11.66,19.95,,2,0,1,2,2,1138,414,128,176,3398,4964,7478,5924,654,,,900,,0,,t3_psyward
standard,115,b4,blue,adc,射手,phantom,standard,0,2,2,0,11170,8912,8033,398.5,10.16,18.98,,2,0,1,2,2,1289,277,35,83,3449,5177,7985,5924,981,1080,,,,0,,t3_shieldbreaker|t3_rendspear
standard,115,b5,blue,sup,輔助,fuwenbianzhi,standard,0,0,3,1,4750,14737,8352,414.3,6.3,13.01,18.72,3,1,2,3,3,836,534,144,192,4236,6414,8304,5924,182,,270,,,0,1926,t3_calmveil
standard,115,r1,red,top,坦克,tiemu,standard,1,4,0,0,7715,16328,10931,542.3,8.93,13.33,17.97,3,1,2,3,3,562,140,2243,1001,3512,6770,10793,5924,702,2160,,1485,,522,,t3_calmveil|t3_thornmail
standard,115,r2,red,jungle,刺客,yueying,standard,1,4,0,2,8292,7971,10871,539.3,9.74,16.46,,2,1,1,2,2,530,1997,2402,2540,3730,7577,10732,5924,414,2160,405,360,947,522,,t3_finalstring
standard,115,r3,red,mid,法師,auralith,standard,1,2,1,1,11718,10669,9910,491.6,12.41,18.98,,2,0,1,2,2,1203,383,422,1459,3463,5713,8872,5924,715,1080,270,360,,522,,t3_psyward
standard,115,r4,red,adc,射手,phantom,standard,1,3,1,1,14731,7654,9779,485.1,10.95,15.9,,2,0,1,2,2,1280,793,741,879,3440,6473,9641,5924,810,1620,270,585,,432,,t3_shieldbreaker|t3_rendspear
standard,115,r5,red,sup,輔助,fuwenbianzhi,standard,1,0,0,5,6860,10246,10998,545.6,9.04,12.32,15.06,3,1,2,3,3,655,2498,1819,1957,4355,8198,10859,5924,310,,1215,810,,522,2077,t3_calmveil
standard,116,b1,blue,top,坦克,longji,standard,0,0,1,1,7159,23765,8985,401.1,10.77,16.13,20.5,3,0,1,2,3,1706,205,368,54,3296,5505,7998,5924,675,,270,900,48,180,,t3_calmveil|t3_thornmail
standard,116,b2,blue,jungle,刺客,yeiren,standard,0,0,6,0,5388,11093,7899,352.7,11.03,18.04,,2,0,1,2,2,1287,700,130,819,3217,5150,6910,5924,144,,,,842,0,,t3_finalstring
standard,116,b3,blue,mid,法師,ronghuo,standard,0,3,3,0,14577,14016,9791,437.1,12.51,19.23,,2,0,1,2,2,1072,114,252,1611,3332,5024,7202,5924,828,,,450,,0,,t3_psyward
standard,116,b4,blue,adc,射手,huanying,standard,0,8,3,2,19849,12033,13220,590.2,10.24,16.34,19.58,3,0,1,3,3,1352,286,936,1720,3512,6086,11486,5924,792,4320,,450,,0,,t3_shieldbreaker|t3_rendspear
standard,116,b5,blue,sup,輔助,mantra,standard,0,0,2,4,4670,13779,10266,458.3,6.73,12.86,17.79,3,1,2,3,3,833,197,230,1226,4233,6447,9270,5924,225,,810,,,180,2130,t3_calmveil
standard,116,r1,red,top,坦克,longji,standard,1,2,1,1,9742,22461,10304,460,8.77,14.43,20.47,3,1,2,2,3,1048,389,1367,374,3998,6239,8597,5924,630,540,135,900,,468,,t3_calmveil|t3_thornmail
standard,116,r2,red,jungle,刺客,yeiren,standard,1,5,1,0,6655,11604,12438,555.3,8.41,16.05,19.46,3,1,1,3,3,620,1656,452,1358,4470,7236,11052,5924,192,2700,,450,1317,468,,t3_finalstring
standard,116,r3,red,mid,法師,ronghuo,standard,1,4,3,1,19743,13943,11240,501.8,12.12,18.31,21.88,3,0,1,2,3,1306,90,394,390,3566,5690,9794,5924,792,1620,270,900,,288,,t3_psyward
standard,116,r4,red,adc,射手,huanying,standard,1,4,3,0,14496,10223,11141,497.4,9.74,19.58,,2,1,1,2,2,162,10,755,2241,3512,5690,8705,5924,783,1080,,450,,468,,t3_shieldbreaker|t3_rendspear
standard,116,r5,red,sup,輔助,mantra,standard,1,0,3,1,6820,10026,10162,453.7,6.55,12.1,19.18,3,1,2,3,3,269,1374,658,1122,4269,7074,9238,5924,194,,135,450,,468,2066,t3_calmveil
standard,117,b1,blue,top,坦克,dadi,standard,1,3,3,2,14021,27375,12027,477.1,9.11,16.8,20.25,4,1,1,2,4,526,486,1343,376,3476,5636,8633,5924,576,1080,405,360,,288,,t3_calmveil|t3_thornmail
standard,117,b2,blue,jungle,刺客,duskblade,standard,1,0,5,1,5410,13770,10284,408,8.57,18,24.42,3,1,1,2,3,514,735,491,584,3714,6065,7971,5924,225,,135,360,1038,288,,t3_finalstring
standard,117,b3,blue,mid,法師,gambler,standard,1,4,5,2,20048,14355,12207,484.2,11.48,19.33,25.14,3,0,1,2,3,1198,240,333,306,3458,5690,8183,5924,666,540,405,360,,288,,t3_psyward
standard,117,b4,blue,adc,射手,guangsu,standard,1,11,6,1,40416,14583,15951,632.7,10,16.43,19.93,5,1,1,3,5,63,229,245,350,3413,5609,10145,5924,693,2160,270,810,,288,,t3_shieldbreaker|t3_rendspear
standard,117,b5,blue,sup,坦克,tiebi,standard,1,0,4,2,6691,22311,11248,446.2,7.95,12.74,20.94,3,1,2,2,3,459,150,1497,1268,4359,7090,8737,5924,144,,135,360,,288,1885,t3_calmveil|t3_thornmail
standard,117,r1,red,top,坦克,dadi,standard,0,8,1,1,17319,30377,14397,571.1,9.51,14.24,17.77,5,1,2,3,5,544,345,535,746,3494,6755,10085,5924,741,2700,90,450,,180,,t3_calmveil|t3_thornmail
standard,117,r2,red,jungle,刺客,duskblade,standard,0,2,8,1,6162,15584,10252,406.7,9.69,17.32,23.83,3,1,1,2,3,251,632,199,152,3451,5962,7849,5924,223,540,135,,1026,0,,t3_finalstring
standard,117,r3,red,mid,法師,gambler,standard,0,3,3,1,17857,14895,11571,459,11.7,20.78,23.45,3,0,1,1,3,1144,366,1848,720,3404,5216,8348,5924,803,540,,900,,180,,t3_psyward
standard,117,r4,red,adc,射手,guangsu,standard,0,9,5,3,31633,13961,14328,568.4,10.93,18.2,21.94,4,0,1,2,4,1235,436,1070,477,3395,5336,9170,5924,771,1620,225,450,,180,,t3_shieldbreaker|t3_rendspear
standard,117,r5,red,sup,坦克,tiebi,standard,0,1,1,9,8513,23410,13797,547.3,8.35,13.05,17.75,4,1,2,3,4,396,632,379,1597,4296,7292,10359,5924,268,,1170,450,,180,2366,t3_calmveil|t3_thornmail
standard,118,b1,blue,top,坦克,suishan,standard,0,0,3,0,8101,24401,7845,342.6,10.77,17.92,,2,0,1,2,2,1630,294,346,115,3260,4844,6896,5924,522,,,450,,0,,t3_calmveil|t3_thornmail
standard,118,b2,blue,jungle,刺客,binghe,standard,0,1,6,1,5664,11097,9204,401.9,9.12,18.64,,2,1,1,2,2,429,809,306,774,3629,5659,7956,5924,315,540,270,,907,0,,t3_finalstring
standard,118,b3,blue,mid,法師,ronghuo,standard,0,2,5,1,14395,14504,9933,433.8,10.79,20.25,,2,0,1,1,2,1180,206,1064,633,3440,5636,7544,5924,810,540,270,,,0,,t3_psyward
standard,118,b4,blue,adc,射手,mori,standard,0,1,2,0,13439,12675,7899,345,10.63,22.08,,2,0,1,1,2,1190,82,682,99,3350,4862,6482,5924,558,,,,,0,,t3_shieldbreaker|t3_rendspear
standard,118,b5,blue,sup,坦克,tiemu,standard,0,0,4,0,5591,22663,9586,418.6,8.01,14.48,18.42,3,1,2,3,3,414,442,208,785,4314,6942,8708,5924,279,,,450,,0,2055,t3_calmveil|t3_thornmail
standard,118,r1,red,top,坦克,suishan,standard,1,2,0,0,8964,21206,10569,461.5,10.1,15.51,19.78,3,0,1,3,3,1810,864,82,1019,3440,6014,8732,5924,684,1080,,540,,504,,t3_calmveil|t3_thornmail
standard,118,r2,red,jungle,刺客,binghe,standard,1,9,1,1,12644,10798,14655,640,8.78,13.53,17.07,4,1,2,4,4,379,731,183,1854,4279,8381,12683,5924,423,4320,135,540,837,504,,t3_finalstring
standard,118,r3,red,mid,法師,ronghuo,standard,1,1,2,0,11839,11714,9381,409.7,11.47,18.07,,2,0,1,2,2,1234,810,624,931,3494,6140,8174,5924,666,540,,540,,504,,t3_psyward
standard,118,r4,red,adc,射手,mori,standard,1,6,1,4,32755,10983,13755,600.7,9.85,17.03,20.08,3,1,1,2,3,63,394,1946,1955,3413,5474,10226,5924,558,1620,1080,540,,504,,t3_shieldbreaker|t3_rendspear
standard,118,r5,red,sup,坦克,tiemu,standard,1,2,0,5,9780,17648,13103,572.2,7.23,12.67,16.55,4,1,2,4,4,432,1056,259,902,4332,8296,11559,5924,189,1080,945,540,48,504,2328,t3_calmveil|t3_thornmail
standard,119,b1,blue,top,坦克,stoneguard,standard,0,1,2,1,11530,25342,9518,411.4,8.71,15.92,20.15,3,1,1,2,3,490,372,992,588,3440,5672,7742,5924,756,540,,450,,72,,t3_calmveil|t3_thornmail
standard,119,b2,blue,jungle,刺客,shanying,standard,0,1,3,0,6548,13281,8689,375.6,9.53,19.52,,2,1,1,2,2,362,330,346,1138,3562,5260,6996,5924,318,,,,681,72,,t3_finalstring
standard,119,b3,blue,mid,法師,gambler,standard,0,2,4,0,14148,14055,9644,416.9,11.39,17.62,23.01,3,0,1,2,3,1144,852,240,194,3404,5582,7670,5924,684,540,,450,,72,,t3_psyward
standard,119,b4,blue,adc,射手,liuxing,standard,0,7,5,0,14936,11657,11831,511.4,11.68,16.5,20.43,3,0,1,2,3,1136,432,1463,851,3296,5582,9263,5924,657,2160,,450,,72,,t3_shieldbreaker|t3_rendspear
standard,119,b5,blue,sup,輔助,luminary,standard,0,0,0,1,6281,15847,10620,459.1,6,12.82,18.62,3,1,2,3,3,569,396,221,1579,4269,6646,8501,5924,284,,,,48,72,2171,t3_calmveil
standard,119,r1,red,top,坦克,stoneguard,standard,1,6,2,2,13759,23107,12557,542.8,9.43,13.9,18.38,4,1,2,3,4,490,626,1229,1007,3440,6776,10259,5924,663,2160,270,810,,432,,t3_calmveil|t3_thornmail
standard,119,r2,red,jungle,刺客,shanying,standard,1,2,1,1,13498,13968,10807,467.2,9.44,14.64,21.24,3,1,2,2,3,722,390,1187,557,3922,7520,9517,5924,408,1080,270,360,1043,432,,t3_finalstring
standard,119,r3,red,mid,法師,gambler,standard,1,1,5,0,13204,11902,9410,406.8,11.81,20.42,,2,0,1,1,2,1180,138,1242,430,3440,5888,7742,5924,576,,,810,,432,,t3_psyward
standard,119,r4,red,adc,射手,liuxing,standard,1,5,2,2,18195,8794,11894,514.2,9.72,17.4,20.43,3,1,1,2,3,135,355,1056,1414,3485,5735,9956,5924,585,2160,270,585,,432,,t3_shieldbreaker|t3_rendspear
standard,119,r5,red,sup,輔助,luminary,standard,1,0,1,3,10406,13445,10912,471.7,5.99,14.62,18.33,3,1,2,3,3,314,356,1036,1871,4314,7086,9496,5924,251,,270,585,,432,2032,t3_calmveil
standard,120,b1,blue,top,坦克,ironclad,standard,1,1,1,1,9404,17996,9666,449.1,8.78,16.55,,2,1,1,2,2,472,380,866,2376,3422,5780,8156,5924,612,,270,990,,360,,t3_calmveil|t3_thornmail
standard,120,b2,blue,jungle,戰士,langwang,standard,1,0,4,1,8601,14878,8871,412.1,9.19,18.81,,2,1,1,2,2,584,488,805,1071,3684,5718,7705,5924,390,,,90,940,360,,t3_finalstring|t3_shieldbreaker
standard,120,b3,blue,mid,法師,ronghuo,standard,1,6,3,0,19001,12698,11444,531.6,10.68,16.22,,2,0,1,2,2,1342,360,772,2043,3602,6860,10172,5924,873,2700,,315,,360,,t3_psyward
standard,120,b4,blue,adc,射手,shensheng,standard,1,3,3,3,17597,9726,10458,485.9,10.53,17.79,,2,0,1,2,2,1226,457,173,1878,3386,5357,8273,5924,504,540,405,540,,360,,t3_shieldbreaker|t3_rendspear
standard,120,b5,blue,sup,坦克,tiankong,standard,1,0,1,1,6554,16909,10719,498,8.99,14.43,18.1,3,1,2,3,3,696,320,405,1339,4296,7560,9785,5924,140,,135,765,,360,2460,t3_calmveil|t3_thornmail
standard,120,r1,red,top,坦克,ironclad,standard,0,1,2,3,11542,21082,8720,405.1,8.43,15.21,,2,1,1,2,2,186,506,798,1430,3836,5906,8088,5924,648,540,405,450,48,72,,t3_calmveil|t3_thornmail
standard,120,r2,red,jungle,戰士,langwang,standard,0,3,0,3,11792,16678,10399,483.1,7.13,14.32,19.45,3,1,2,3,3,110,431,295,19,4390,7231,9895,5924,405,1620,540,,1333,72,,t3_finalstring|t3_shieldbreaker
standard,120,r3,red,mid,法師,ronghuo,standard,0,2,6,1,11030,14531,9606,446.2,10.95,18.87,,2,0,1,2,2,2008,201,351,555,4268,6401,9101,5924,855,1080,270,900,,72,,t3_psyward
standard,120,r4,red,adc,射手,shensheng,standard,0,4,1,0,10882,9754,10130,470.6,8.63,16.8,,2,1,1,2,2,441,250,98,1549,3791,6050,8678,5924,612,1620,,450,,72,,t3_shieldbreaker|t3_rendspear
standard,120,r5,red,sup,坦克,tiankong,standard,0,2,1,3,6376,17499,10993,510.7,8.14,12.35,16.73,3,1,2,3,3,168,764,381,1013,4368,8004,10361,5924,180,1080,405,450,,72,2249,t3_calmveil|t3_thornmail
standard,121,b1,blue,top,坦克,tieshixin,standard,1,3,1,1,14548,25991,11743,472.2,9.55,15.58,20.23,3,1,1,2,3,679,531,1331,1713,3629,5681,8621,5924,837,540,270,450,,600,,t3_calmveil|t3_thornmail
standard,121,b2,blue,jungle,戰士,jingci,standard,1,1,2,0,9578,17186,10531,423.5,8.57,17.72,24.06,3,1,1,2,3,595,979,752,630,3695,5859,8452,5924,126,540,,450,812,599,,t3_finalstring|t3_shieldbreaker
standard,121,b3,blue,mid,法師,gambler,standard,1,1,5,1,18142,15558,10042,403.8,12.11,20.73,,2,0,1,1,2,1198,360,1224,1062,3458,5690,7724,5924,720,,270,450,,360,,t3_psyward
standard,121,b4,blue,adc,射手,liangzicz,standard,1,11,2,2,34690,12572,16444,661.3,9.61,14.55,18.93,4,1,2,3,4,180,434,492,2594,3530,7814,10712,5924,738,3240,,450,,360,,t3_shieldbreaker|t3_rendspear
standard,121,b5,blue,sup,坦克,tiemu,standard,1,0,3,1,9130,23181,12436,500.1,6.93,12.88,17.46,4,1,2,3,4,168,708,744,835,4368,7068,10124,5924,207,,,900,,599,2492,t3_calmveil|t3_thornmail
standard,121,r1,red,top,坦克,tieshixin,standard,0,1,2,0,11455,25957,10157,408.5,8.89,16.28,22.3,3,1,1,2,3,641,625,477,727,3591,5175,7767,5924,837,540,,450,16,0,,t3_calmveil|t3_thornmail
standard,121,r2,red,jungle,戰士,jingci,standard,0,5,2,0,16383,20040,12138,488.1,9.57,15.57,19.48,3,1,1,3,3,235,1181,300,1108,4335,6661,10200,5924,447,2700,,,1128,0,,t3_finalstring|t3_shieldbreaker
standard,121,r3,red,mid,法師,gambler,standard,0,0,5,3,18712,15801,9763,392.6,11.54,19.41,,2,0,1,2,2,1261,237,311,733,3521,5087,7661,5924,612,,675,450,,0,,t3_psyward
standard,121,r4,red,adc,射手,liangzicz,standard,0,7,6,1,22911,13878,12652,508.8,11.43,19.68,23.53,3,0,1,2,3,1370,52,272,1502,3530,5132,7472,5924,738,540,270,,,0,,t3_shieldbreaker|t3_rendspear
standard,121,r5,red,sup,坦克,tiemu,standard,0,0,1,2,7360,24692,11415,459.1,7.34,13.71,18,3,1,2,3,3,252,318,275,1435,4452,7098,9475,5924,209,,405,450,,0,2486,t3_calmveil|t3_thornmail
standard,122,b1,blue,top,坦克,bingshouweis,standard,0,0,1,0,7837,21024,8099,379.2,10.04,17.63,,2,0,1,2,2,1742,238,416,469,3332,4988,7166,5924,720,,,450,,72,,t3_calmveil|t3_thornmail
standard,122,b2,blue,jungle,戰士,greymantle,standard,0,1,2,0,2612,13748,8700,407.4,9.68,17.06,,2,1,1,2,2,448,224,719,1070,3548,5474,7749,5924,234,,,450,1069,72,,t3_shieldbreaker|t3_finalstring
standard,122,b3,blue,mid,法師,leiming,standard,0,0,3,1,9979,13352,8288,388.1,11.07,19.02,,2,0,1,2,2,1306,520,297,288,3566,5420,7427,5924,1161,,270,,,72,,t3_psyward
standard,122,b4,blue,adc,射手,xingchen,standard,0,6,3,1,14512,12216,10919,511.2,10.53,16.73,20.74,3,0,1,2,3,1082,172,408,1019,3242,5852,9158,5924,552,2160,,450,,72,,t3_shieldbreaker|t3_rendspear
standard,122,b5,blue,sup,輔助,shengguang,standard,0,0,4,2,6897,14651,10184,476.8,8.13,13.52,17.62,3,1,2,3,3,215,195,1158,1143,4215,6375,9738,5924,212,,540,450,,72,2539,t3_calmveil
standard,122,r1,red,top,坦克,bingshouweis,standard,1,2,0,1,11721,17509,10043,470.2,8.97,14.38,19.11,3,1,2,3,3,868,470,902,593,3818,6320,9452,5924,540,1080,270,1170,,468,,t3_calmveil|t3_thornmail
standard,122,r2,red,jungle,戰士,greymantle,standard,1,3,0,0,7217,11658,10714,501.6,8.97,16.13,21.27,3,1,1,2,3,1286,1324,936,264,4386,6754,9486,5924,126,1080,,270,1617,468,,t3_shieldbreaker|t3_finalstring
standard,122,r3,red,mid,法師,leiming,standard,1,2,2,1,13888,11693,10385,486.2,11.18,18.52,,2,0,1,2,2,1450,558,174,1755,3710,5708,8804,5924,882,540,270,720,,468,,t3_psyward
standard,122,r4,red,adc,射手,xingchen,standard,1,6,4,0,18055,9531,11303,529.2,11.44,17.6,20.74,3,0,1,2,3,1370,370,192,1003,3530,6050,9092,5924,540,1620,,720,,288,,t3_shieldbreaker|t3_rendspear
standard,122,r5,red,sup,輔助,shengguang,standard,1,0,1,1,4822,10902,9738,455.9,6.82,11.64,16.85,3,1,2,3,3,821,209,667,508,4521,7239,9147,5924,396,,270,270,,468,1818,t3_calmveil
standard,123,b1,blue,top,坦克,tiebi,standard,1,0,2,1,6281,25080,9540,401.8,9.42,16.69,22.13,3,1,1,2,3,274,112,152,610,3224,4862,7202,5924,558,,270,450,,0,,t3_calmveil|t3_thornmail
standard,123,b2,blue,jungle,戰士,chichuan,standard,1,1,4,0,6995,17176,9688,408,9.8,18.41,23.64,3,1,1,2,3,362,723,466,337,3462,5373,7796,5924,360,540,,,972,0,,t3_shieldbreaker|t3_finalstring
standard,123,b3,blue,mid,法師,haixiao,standard,1,2,6,1,14255,16858,10278,432.9,11.53,18.8,,2,0,1,2,2,1234,282,250,998,3494,5132,8480,5924,756,1080,270,450,,0,,t3_psyward
standard,123,b4,blue,adc,射手,dujian,standard,1,6,6,2,17181,13050,12141,511.4,10.09,18.42,22.04,3,0,1,2,3,1307,79,705,1161,3467,4979,9155,5924,621,1620,540,450,,0,,t3_shieldbreaker|t3_rendspear
standard,123,b5,blue,sup,輔助,mingyunyindao,standard,1,0,3,0,5679,16638,10492,441.9,7.28,13.33,19.45,3,1,2,3,3,242,522,528,1451,4242,6402,9108,5924,153,,,900,,0,2130,t3_calmveil
standard,123,r1,red,top,坦克,tiebi,standard,0,2,1,1,9213,21462,10971,462.1,9.51,15.53,18.85,3,1,1,3,3,463,489,35,1041,3413,5789,9065,5924,693,1080,270,540,,558,,t3_calmveil|t3_thornmail
standard,123,r2,red,jungle,戰士,chichuan,standard,0,4,1,2,13472,13853,12789,538.7,9.14,16.08,20.33,3,1,1,2,3,272,1821,1242,1439,4322,7251,9792,5924,198,1080,270,540,1312,468,,t3_shieldbreaker|t3_finalstring
standard,123,r3,red,mid,法師,haixiao,standard,0,2,2,1,18136,12186,10656,448.8,11.78,19.76,,2,0,1,2,2,1234,126,246,1256,3494,5726,7796,5924,774,,,540,,558,,t3_psyward
standard,123,r4,red,adc,射手,dujian,standard,0,12,5,0,30191,11782,15210,640.6,10.88,16.61,19.49,4,0,1,3,4,1307,496,1366,1360,3467,6176,11846,5924,684,4320,,540,,378,,t3_shieldbreaker|t3_rendspear
standard,123,r5,red,sup,輔助,mingyunyindao,standard,0,1,0,2,5657,11148,11499,484.3,6.89,12.27,16.34,4,1,2,3,4,905,439,867,539,4305,7469,10097,5924,171,540,540,540,,558,1824,t3_calmveil
standard,124,b1,blue,top,坦克,shengdun,standard,0,1,7,0,9815,31764,10485,405.1,9.13,16.98,22.73,3,1,1,2,3,499,83,163,894,3449,5483,7013,5924,567,,,450,,72,,t3_calmveil|t3_thornmail
standard,124,b2,blue,jungle,戰士,leimingcf,standard,0,0,8,0,10125,23359,9521,367.8,8.76,18.67,,2,1,1,2,2,671,359,526,1291,3771,5839,7626,5924,417,,,225,988,72,,t3_finalstring|t3_shieldbreaker
standard,124,b3,blue,mid,法師,leiming,standard,0,3,10,1,22066,18435,11073,427.8,10.94,19.18,,2,0,1,2,2,1288,327,293,1772,3548,5357,7643,5924,882,540,,225,,72,,t3_psyward
standard,124,b4,blue,adc,射手,tianfa,standard,0,2,6,0,26647,14721,10566,408.2,9.53,19.9,25.78,3,1,1,2,3,174,517,38,45,3524,5117,6938,5924,717,,,225,,72,,t3_shieldbreaker|t3_rendspear
standard,124,b5,blue,sup,坦克,shiqiang,standard,0,0,3,0,4790,26843,11140,430.4,8.36,13.88,19.55,3,1,2,3,3,138,352,302,1599,4338,6552,8502,5924,188,,,225,,72,2091,t3_calmveil|t3_thornmail
standard,124,r1,red,top,坦克,shengdun,standard,1,7,1,1,13594,26663,14376,555.4,8.7,16.37,18.14,4,1,1,3,4,472,560,1042,2125,3422,5960,11072,5924,774,3240,,630,,504,,t3_calmveil|t3_thornmail
standard,124,r2,red,jungle,戰士,leimingcf,standard,1,9,0,1,13658,18742,15406,595.2,9.03,14.91,18.18,4,1,2,3,4,325,115,172,2106,4125,6915,11202,5924,243,3240,135,180,976,504,,t3_finalstring|t3_shieldbreaker
standard,124,r3,red,mid,法師,leiming,standard,1,4,3,3,25473,15715,12714,491.2,11.78,18.5,23.75,3,0,1,2,3,1207,132,108,633,3467,6032,8138,5924,675,,405,630,,504,,t3_psyward
standard,124,r4,red,adc,射手,tianfa,standard,1,11,1,8,51302,12616,17538,677.6,10.07,15.6,19.83,4,0,1,3,4,1247,442,186,3687,3407,6242,10706,5924,678,1080,1890,630,,504,,t3_shieldbreaker|t3_rendspear
standard,124,r5,red,sup,坦克,shiqiang,standard,1,3,1,6,10803,26217,15604,602.9,6.68,13.43,16.83,5,1,2,4,5,1591,948,514,2004,4491,8188,12114,5924,149,1620,810,630,24,504,2451,t3_calmveil|t3_thornmail
standard,125,b1,blue,top,坦克,shiqiang,standard,0,0,1,1,6229,21293,8027,381.2,10.94,14.78,21.05,3,0,2,2,3,1634,158,640,476,3224,5708,7670,5924,576,,270,900,,0,,t3_calmveil|t3_thornmail
standard,125,b2,blue,jungle,戰士,fengbao,standard,0,0,3,0,4614,13779,7408,351.8,10.04,17.23,,2,0,1,2,2,1664,774,408,428,3364,5374,7088,5924,288,,,,875,0,,t3_shieldbreaker|t3_finalstring
standard,125,b3,blue,mid,法師,haixiao,standard,0,3,6,0,13460,15171,8570,406.9,11.66,17.46,,2,0,1,2,2,1183,187,819,289,3443,5567,8249,5924,705,1620,,,,0,,t3_psyward
standard,125,b4,blue,adc,射手,mirrorshot,standard,0,2,4,1,13718,11798,8684,412.4,10.29,17.38,,2,0,1,2,2,1361,843,263,583,3521,5573,8363,5924,639,1080,270,450,,0,,t3_shieldbreaker|t3_rendspear
standard,125,b5,blue,sup,輔助,tianshi,standard,0,1,4,1,3792,16727,9492,450.7,8.58,12.16,16.59,3,1,2,3,3,275,359,591,911,4275,7389,9171,5924,131,540,270,450,,0,1855,t3_calmveil
standard,125,r1,red,top,坦克,shiqiang,standard,1,5,0,4,10015,18407,12248,581.6,9.95,12.65,16.71,4,1,2,3,4,292,497,1313,697,4142,7427,11243,5924,630,2700,675,810,,504,,t3_calmveil|t3_thornmail
standard,125,r2,red,jungle,戰士,fengbao,standard,1,8,0,4,15811,12945,14747,700.3,8.19,11.06,16.87,4,1,2,4,4,415,1402,655,1346,5845,9052,13105,5924,108,3780,675,360,1753,504,,t3_shieldbreaker|t3_finalstring
standard,125,r3,red,mid,法師,haixiao,standard,1,1,2,2,13813,9215,9719,461.5,11.73,17.49,,2,0,1,2,2,1279,609,462,668,3539,6059,8912,5924,729,540,405,810,,504,,t3_psyward
standard,125,r4,red,adc,射手,mirrorshot,standard,1,3,4,3,20761,9760,10952,520.1,9.92,18.02,21.03,3,1,1,2,3,126,397,1055,471,3476,6077,9605,5924,612,1080,675,810,,504,,t3_shieldbreaker|t3_rendspear
standard,125,r5,red,sup,輔助,tianshi,standard,1,1,0,2,3796,10603,10759,510.9,6.28,12.47,17.43,3,1,2,3,3,650,208,735,2009,4350,6938,9485,5924,225,,270,810,,504,1751,t3_calmveil
standard,126,b1,blue,top,坦克,tiemu,standard,0,0,1,2,13477,23187,9210,401,9.32,16.13,20.99,3,1,1,2,3,490,498,812,659,3440,5798,8042,5924,588,,270,900,,360,,t3_calmveil|t3_thornmail
standard,126,b2,blue,jungle,戰士,anliuyouXia,standard,0,4,1,0,7284,15645,11034,480.5,8.86,17.89,21.83,3,1,1,2,3,468,665,925,104,3568,5315,9475,5924,210,1620,,450,911,360,,t3_shieldbreaker|t3_finalstring
standard,126,b3,blue,mid,法師,leiming,standard,0,4,3,0,12795,14677,10785,469.6,10.96,17.69,22.93,3,0,1,2,3,1324,447,357,234,3584,5897,8807,5924,992,1080,,450,,360,,t3_psyward
standard,126,b4,blue,adc,射手,hanbing,standard,0,10,4,2,29700,11520,14033,611,10.84,16.34,18.98,4,0,1,3,4,1272,1534,1444,1133,3432,6734,11444,5924,498,3780,405,450,26,360,,t3_shieldbreaker|t3_rendspear
standard,126,b5,blue,sup,輔助,linghun,standard,0,0,3,3,7412,19251,10574,460.4,6.98,12.16,17.02,3,1,2,3,3,334,866,620,1343,4334,6746,9370,5924,158,,405,450,35,360,2036,t3_calmveil
standard,126,r1,red,top,坦克,tiemu,standard,1,2,0,1,15877,27803,10218,444.9,8.89,13.14,20.3,3,1,2,2,3,538,434,1424,287,3488,6584,8654,5924,714,1080,,720,,216,,t3_calmveil|t3_thornmail
standard,126,r2,red,jungle,戰士,anliuyouXia,standard,1,3,1,1,10574,15706,11281,491.2,9.36,16.43,22.01,3,1,1,2,3,678,1084,464,350,3778,6514,8414,5924,342,,270,270,1392,216,,t3_shieldbreaker|t3_finalstring
standard,126,r3,red,mid,法師,leiming,standard,1,0,6,1,14402,13725,9354,407.3,11.43,19.47,,2,0,1,2,2,1246,642,276,373,3506,6242,7826,5924,696,,270,720,,216,,t3_psyward
standard,126,r4,red,adc,射手,hanbing,standard,1,7,7,0,21182,9805,12171,529.9,11.48,18.37,21.05,3,0,1,2,3,1157,1003,983,1850,3317,5783,8933,5924,452,1620,,720,,216,,t3_shieldbreaker|t3_rendspear
standard,126,r5,red,sup,輔助,linghun,standard,1,0,4,0,5554,14771,9709,422.7,7.91,12.18,17.51,3,1,2,3,3,332,194,435,668,4332,6924,8595,5924,171,,,270,,216,2014,t3_calmveil
standard,127,b1,blue,top,戰士,xueyue,standard,0,0,3,0,11834,26937,8653,365.6,10.49,18.71,,2,0,1,2,2,1246,604,268,373,3296,4934,7418,5924,522,,,900,,72,,t3_shieldbreaker|t3_finalstring
standard,127,b2,blue,jungle,戰士,embercoil,standard,0,0,4,0,6571,16355,8753,369.8,8.78,19.17,,2,1,1,2,2,483,992,624,152,3583,5692,7424,5924,486,,,,941,72,,t3_shieldbreaker|t3_finalstring
standard,127,b3,blue,mid,法師,haixiao,standard,0,0,7,0,15035,16218,9349,395,12.37,19.63,,2,0,1,2,2,1174,246,440,949,3434,5576,7790,5924,894,,,900,,72,,t3_psyward
standard,127,b4,blue,adc,射手,xuanfeng,standard,0,5,5,0,17657,11128,11236,474.8,10.41,19.34,22.64,3,0,1,2,3,1253,169,761,286,3413,5249,8381,5924,855,1080,,450,,72,,t3_shieldbreaker|t3_rendspear
standard,127,b5,blue,sup,坦克,shengdun,standard,0,1,2,1,5927,24995,10960,463.1,8.62,12.74,17.36,4,1,2,3,4,738,325,363,60,4338,7565,9563,5924,410,540,,900,,72,1716,t3_calmveil|t3_thornmail
standard,127,r1,red,top,戰士,xueyue,standard,1,4,0,0,18268,25648,12340,521.4,9.23,17.72,21.5,3,1,1,2,3,326,336,768,889,3476,5866,8818,5924,738,540,,1080,32,504,,t3_shieldbreaker|t3_finalstring
standard,127,r2,red,jungle,戰士,embercoil,standard,1,1,1,0,8615,15753,10924,461.6,9.59,15.67,22.44,3,1,1,2,3,765,966,860,844,3865,6446,9160,5924,432,540,,630,1129,504,,t3_shieldbreaker|t3_finalstring
standard,127,r3,red,mid,法師,haixiao,standard,1,8,3,4,20517,12893,14323,605.2,11.35,18.12,20.45,3,0,1,2,3,1333,249,1834,2243,3593,6149,11234,5924,981,3240,405,180,,504,,t3_psyward
standard,127,r4,red,adc,射手,xuanfeng,standard,1,8,2,1,25562,10033,14014,592.2,9.14,17.48,19.94,4,1,1,3,4,450,520,31,794,3800,6200,10331,5924,618,2160,270,855,,504,,t3_shieldbreaker|t3_rendspear
standard,127,r5,red,sup,坦克,shengdun,standard,1,0,0,6,7606,16661,11769,497.3,7.17,13.1,20.1,3,1,2,2,3,702,281,2519,1788,4602,7221,9759,5924,182,,945,405,,504,1798,t3_calmveil|t3_thornmail
standard,128,b1,blue,top,戰士,langwang,standard,0,0,1,0,10641,20887,7561,352.9,9.79,19.54,,2,1,1,2,2,182,988,444,311,3332,5438,7094,5924,558,,,450,,162,,t3_shieldbreaker|t3_finalstring
standard,128,b2,blue,jungle,戰士,longyi,standard,0,2,5,0,7189,14800,8835,412.4,8.92,18.77,,2,1,1,2,2,483,416,1227,805,3583,5416,8307,5924,216,1080,,,924,162,,t3_shieldbreaker|t3_finalstring
standard,128,b3,blue,mid,法師,bingshuang,standard,0,3,3,1,16290,13882,10063,469.7,11.34,17.81,,2,0,1,2,2,1252,162,76,783,3512,5492,9056,5924,720,1080,270,900,,162,,t3_psyward
standard,128,b4,blue,adc,射手,phantom,standard,0,5,5,1,16730,11797,10558,492.8,9.53,16.96,20.81,3,1,1,2,3,189,331,261,958,3539,6131,9011,5924,675,1620,270,450,,72,,t3_shieldbreaker|t3_rendspear
standard,128,b5,blue,sup,坦克,dadi,standard,0,0,0,1,5253,16631,9555,446,6.93,14.45,18.77,3,1,2,3,3,360,46,24,455,4260,6546,9124,5924,171,,270,450,,162,2147,t3_calmveil|t3_thornmail
standard,128,r1,red,top,戰士,langwang,standard,1,3,2,0,11139,24004,9955,464.7,9.66,14.77,21.35,3,1,2,2,3,758,232,694,305,3908,7082,9344,5924,672,1620,,720,,408,,t3_shieldbreaker|t3_finalstring
standard,128,r2,red,jungle,戰士,longyi,standard,1,3,0,3,11493,12281,11028,514.7,9.13,14.71,19.63,3,1,2,3,3,800,359,222,527,3900,7759,10302,5924,168,1620,495,270,1416,408,,t3_shieldbreaker|t3_finalstring
standard,128,r3,red,mid,法師,bingshuang,standard,1,2,2,2,16042,11327,10375,484.3,11.43,19.13,,2,0,1,2,2,1252,372,1314,975,3512,6272,9764,5924,941,1080,360,1170,,288,,t3_psyward
standard,128,r4,red,adc,射手,phantom,standard,1,4,6,3,15407,8632,10585,494.1,11.08,18.27,,2,0,1,2,2,1226,466,644,1685,3386,5546,8894,5924,702,1080,630,270,,288,,t3_shieldbreaker|t3_rendspear
standard,128,r5,red,sup,坦克,dadi,standard,1,2,0,4,7440,17345,12535,585.1,7.99,13.43,17.01,4,1,2,3,4,321,1070,1944,935,4521,8310,11924,5924,144,1080,945,1170,,407,2252,t3_calmveil|t3_thornmail
standard,129,b1,blue,top,戰士,kuangfeng,standard,0,0,6,0,8229,28245,7896,341.4,10.33,19.43,,2,0,1,2,2,1264,252,314,215,3314,4952,6914,5924,540,,,450,,0,,t3_shieldbreaker|t3_finalstring
standard,129,b2,blue,jungle,戰士,ravager,standard,0,0,4,0,6693,21529,8095,350,8.93,19.53,,2,1,1,2,2,367,144,430,164,3467,5094,6980,5924,180,,,,875,0,,t3_shieldbreaker|t3_finalstring
standard,129,b3,blue,mid,法師,mingyun2,standard,0,1,7,0,16291,18693,9264,400.6,11.17,18.28,,2,0,1,2,2,1414,304,378,683,3674,5204,7328,5924,954,,,450,,0,,t3_psyward
standard,129,b4,blue,adc,射手,huanying,standard,0,0,7,0,16718,11820,8049,348,10.36,21.5,,2,0,1,1,2,1289,169,817,668,3449,5069,6617,5924,693,,,,,0,,t3_shieldbreaker|t3_rendspear
standard,129,b5,blue,sup,輔助,mantra,standard,0,0,3,0,4498,19299,9992,432.1,7.67,13.3,18.24,3,1,2,3,3,256,990,571,952,4206,6870,9011,5924,153,,,900,,0,2033,t3_calmveil
standard,129,r1,red,top,戰士,kuangfeng,standard,1,9,0,1,23333,26596,14767,638.6,9.28,13.78,16.63,4,1,2,3,4,936,175,435,1786,4086,8175,10815,5924,636,2700,135,900,16,504,,t3_shieldbreaker|t3_finalstring
standard,129,r2,red,jungle,戰士,ravager,standard,1,5,0,0,7386,14277,12509,540.9,9.27,14.87,18.81,3,1,2,3,3,619,162,501,1758,3719,7212,10831,5924,222,2700,,450,1031,504,,t3_shieldbreaker|t3_finalstring
standard,129,r3,red,mid,法師,mingyun2,standard,1,4,0,3,20115,12286,11952,516.8,10.35,16.5,22.23,3,0,1,2,3,1333,183,424,351,3593,6683,8924,5924,695,1080,270,450,,504,,t3_psyward
standard,129,r4,red,adc,射手,huanying,standard,1,9,1,2,36404,9174,14529,628.3,9.98,18.13,21.15,4,1,1,2,4,345,415,1116,678,3695,5495,10016,5924,708,2160,270,450,,504,,t3_shieldbreaker|t3_rendspear
standard,129,r5,red,sup,輔助,mantra,standard,1,0,0,3,4728,11425,11373,491.8,6.95,12.5,17.11,4,1,2,3,4,1955,1446,846,412,4455,7146,9596,5924,149,,405,450,,504,2163,t3_calmveil
standard,130,b1,blue,top,戰士,greymantle,standard,1,1,6,0,12215,29507,10371,429.1,9.3,16.71,22.43,3,1,1,2,3,452,394,614,420,3602,5924,8894,5924,936,540,,1350,,144,,t3_shieldbreaker|t3_finalstring
standard,130,b2,blue,jungle,刺客,yingsi,standard,1,0,6,1,3617,11773,8912,368.8,10.48,19.23,,2,0,1,2,2,1665,887,126,1131,3595,5567,7306,5924,126,,90,,1021,144,,t3_finalstring
standard,130,b3,blue,mid,法師,bingshuang,standard,1,0,8,0,11265,15777,8751,362.1,12.43,20.41,,2,0,1,1,2,1288,654,794,500,3548,5204,7274,5924,756,,,450,,144,,t3_psyward
standard,130,b4,blue,adc,射手,guangsu,standard,1,7,4,1,31311,12209,12900,533.8,9.82,19.21,22.5,3,1,1,2,3,63,415,113,1949,3413,5195,8363,5924,585,1620,90,,,144,,t3_shieldbreaker|t3_rendspear
standard,130,b5,blue,sup,坦克,tiebi,standard,1,0,4,1,6718,24469,10699,442.7,10.24,14.08,19.39,3,0,2,3,3,2716,474,59,319,4296,6654,9259,5924,117,,90,450,,144,2533,t3_calmveil|t3_thornmail
standard,130,r1,red,top,戰士,greymantle,standard,0,9,1,0,17597,25932,13587,562.2,9.99,16.84,18.91,3,1,1,3,3,99,887,553,2137,3249,6417,11103,5924,486,3780,,510,24,378,,t3_shieldbreaker|t3_finalstring
standard,130,r2,red,jungle,刺客,yingsi,standard,0,1,2,3,9304,13576,11128,460.5,9.45,14.27,21.73,3,1,2,2,3,223,493,1096,828,4423,7193,9476,5924,429,540,675,509,1019,378,,t3_finalstring
standard,130,r3,red,mid,法師,bingshuang,standard,0,7,3,4,21906,13207,13494,558.4,12.24,19.72,22.5,4,0,1,2,4,1090,354,355,143,3350,5384,9335,5924,648,1080,810,585,,288,,t3_psyward
standard,130,r4,red,adc,射手,guangsu,standard,0,11,1,2,32711,8914,15771,652.6,10.99,17.06,20.15,4,0,1,2,4,1118,394,1514,2550,3278,5294,10064,5924,612,2160,405,585,,378,,t3_shieldbreaker|t3_rendspear
standard,130,r5,red,sup,坦克,tiebi,standard,0,0,1,5,5086,18496,12161,503.2,8.09,14.96,20.16,3,1,2,2,3,312,120,2582,2181,4212,6900,9822,5924,200,,270,509,,378,2539,t3_calmveil|t3_thornmail
standard,131,b1,blue,top,戰士,ravager,standard,1,0,4,0,10335,20051,8075,395.2,9.82,19.67,,2,1,1,2,2,92,193,133,444,3242,5423,7763,5924,507,,,810,,522,,t3_shieldbreaker|t3_finalstring
standard,131,b2,blue,jungle,刺客,shanying,standard,1,0,3,0,5265,8322,8290,405.7,9.87,17.83,,2,1,1,2,2,268,431,798,1109,3468,5761,7978,5924,279,,,360,893,522,,t3_finalstring
standard,131,b3,blue,mid,法師,mingyun2,standard,1,0,2,0,11454,10318,7671,375.4,12.14,,,1,0,1,1,1,1072,476,860,1171,3332,5506,7360,5924,553,,,360,,522,,t3_psyward
standard,131,b4,blue,adc,射手,maestro,standard,1,5,6,0,14240,8418,10142,496.3,10.83,16.91,,2,0,1,2,2,1334,184,390,1241,3494,5384,9290,5924,774,2160,,360,,72,,t3_shieldbreaker|t3_rendspear
standard,131,b5,blue,sup,坦克,longji,standard,1,0,1,1,7627,16962,10534,515.5,7.03,12.78,17.45,3,1,2,3,3,378,262,242,554,4278,7502,10222,5924,226,,270,810,,522,2469,t3_calmveil|t3_thornmail
standard,131,r1,red,top,戰士,ravager,standard,0,6,0,0,12007,21193,10796,528.3,8.92,15.49,19.49,3,1,1,3,3,992,1258,174,245,4142,6788,10124,5924,828,2700,,600,,72,,t3_shieldbreaker|t3_finalstring
standard,131,r2,red,jungle,刺客,shanying,standard,0,2,0,1,9493,10727,9189,449.7,8.68,15.68,,2,1,1,2,2,340,991,677,809,4720,6621,9057,5924,342,1080,270,,1369,72,,t3_finalstring
standard,131,r3,red,mid,法師,mingyun2,standard,0,3,1,0,12451,11127,9260,453.2,12.2,19.09,,2,0,1,2,2,1318,360,148,279,3578,5810,9128,5924,912,1620,,599,,72,,t3_psyward
standard,131,r4,red,adc,射手,maestro,standard,0,3,4,3,12148,8703,9095,445.1,10.37,17.98,,2,0,1,2,2,1316,241,173,844,3476,5141,8423,5924,522,1080,675,149,,72,,t3_shieldbreaker|t3_rendspear
standard,131,r5,red,sup,坦克,longji,standard,0,2,0,2,7104,15395,10137,496.1,8.21,13.8,17.45,3,1,2,3,3,375,486,626,157,4275,7146,10006,5924,203,1080,405,,,72,2320,t3_calmveil|t3_thornmail
standard,132,b1,blue,top,戰士,dadi2,standard,0,0,2,0,9457,23003,7749,353.4,9.62,20.33,,2,1,1,1,2,344,198,1560,648,3494,5078,7040,5924,594,,,450,,72,,t3_shieldbreaker|t3_finalstring
standard,132,b2,blue,jungle,刺客,dianguang,standard,0,0,2,0,4489,8724,8068,368,9.24,19.16,,2,1,1,2,2,403,555,463,337,3603,5485,7413,5924,360,,,,1057,72,,t3_finalstring
standard,132,b3,blue,mid,法師,bingshuang,standard,0,1,4,0,11907,14158,8562,390.5,11.36,20.48,,2,0,1,1,2,1336,183,1407,111,3596,5333,7907,5924,921,540,,450,,72,,t3_psyward
standard,132,b4,blue,adc,射手,liuxing,standard,0,3,3,0,14262,10193,9849,449.2,10.55,19.09,,2,0,1,2,2,1202,328,218,998,3362,5108,8168,5924,642,1080,,450,,72,,t3_shieldbreaker|t3_rendspear
standard,132,b5,blue,sup,輔助,hexweave,standard,0,0,3,1,6125,16208,9465,431.7,6.73,12.48,17.46,3,1,2,3,3,335,378,69,425,4335,6558,8649,5924,254,,270,,,72,2127,t3_calmveil
standard,132,r1,red,top,戰士,dadi2,standard,1,2,0,0,12012,21594,10161,463.4,9.82,16.64,,2,1,1,2,2,272,852,510,1560,3422,6032,8210,5924,720,1080,,270,,216,,t3_shieldbreaker|t3_finalstring
standard,132,r2,red,jungle,刺客,dianguang,standard,1,4,0,1,8135,10095,11672,532.4,8.74,17.4,19.99,3,1,1,3,3,625,2076,110,591,3825,7006,10060,5924,270,1620,270,495,1264,216,,t3_finalstring
standard,132,r3,red,mid,法師,bingshuang,standard,1,4,2,0,19370,12711,10863,495.4,11.97,17.93,,2,0,1,2,2,1180,216,346,1462,3440,5546,9326,5924,846,1620,,720,,216,,t3_psyward
standard,132,r4,red,adc,射手,liuxing,standard,1,4,2,0,14120,8722,10440,476.2,9.77,18.02,21.47,3,1,1,2,3,135,127,1115,439,3485,5807,9065,5924,810,1620,,495,,216,,t3_shieldbreaker|t3_rendspear
standard,132,r5,red,sup,輔助,hexweave,standard,1,0,0,2,3728,10829,11190,510.4,8.13,14.29,16.58,3,1,2,3,3,1106,311,739,2149,4206,6861,9779,5924,162,,540,720,16,216,2201,t3_calmveil
standard,133,b1,blue,top,戰士,ronggang,standard,1,2,4,0,10765,25709,8500,396.6,9.9,17.05,,2,1,1,2,2,254,354,186,799,3404,5834,7886,5924,468,1080,,270,,144,,t3_shieldbreaker|t3_finalstring
standard,133,b2,blue,jungle,刺客,leisuhunter,standard,1,2,5,1,7330,13994,9829,458.6,10.04,15.61,,2,0,1,2,2,1445,695,635,1248,3375,6225,9215,5924,252,1080,135,720,779,324,,t3_finalstring
standard,133,b3,blue,mid,法師,lieyan,standard,1,1,4,0,12645,10942,8401,392,11.43,19.81,,2,0,1,2,2,1198,132,237,550,3458,6032,7787,5924,504,540,,495,,324,,t3_psyward
standard,133,b4,blue,adc,射手,shensheng,standard,1,2,2,0,15035,8483,9202,429.3,10.06,20.04,,2,0,1,1,2,1280,166,1828,951,3440,5546,7508,5924,540,,,720,,324,,t3_shieldbreaker|t3_rendspear
standard,133,b5,blue,sup,輔助,shengming,standard,1,0,2,2,5830,14787,10221,476.9,7.26,11.98,18.21,3,1,2,3,3,323,202,568,1181,4323,7232,9608,5924,180,,405,945,,324,1829,t3_calmveil
standard,133,r1,red,top,戰士,ronggang,standard,0,5,1,2,15964,23571,10852,506.3,9.02,15.86,19.27,3,1,1,3,3,308,1104,320,351,3458,6584,10400,5924,849,2700,405,450,,72,,t3_shieldbreaker|t3_finalstring
standard,133,r2,red,jungle,刺客,leisuhunter,standard,0,3,3,1,9001,14268,10051,468.9,9.43,15.68,21.39,3,1,1,2,3,481,1060,679,100,3681,6640,9009,5924,288,1080,270,,1194,252,,t3_finalstring
standard,133,r3,red,mid,法師,lieyan,standard,0,3,1,1,13751,13410,10504,490.1,12.6,18.93,,2,0,1,2,2,1144,174,372,1753,3404,5204,8822,5924,936,540,270,900,,252,,t3_psyward
standard,133,r4,red,adc,射手,shensheng,standard,0,6,1,0,17223,7289,11584,540.5,10.6,18.02,,2,0,1,2,2,1604,649,1430,2683,3764,6329,9380,5924,684,1620,,900,,252,,t3_shieldbreaker|t3_rendspear
standard,133,r5,red,sup,輔助,shengming,standard,0,0,1,1,2600,13186,9478,442.2,7.48,13.95,19.08,3,1,2,3,3,215,870,314,897,4215,6750,8894,5924,122,,135,450,,252,2009,t3_calmveil
standard,134,b1,blue,top,戰士,anliuyouXia,standard,1,4,2,0,12492,24855,11265,481.7,9.66,17.52,,2,1,1,2,2,290,280,376,2614,3440,5510,8426,5924,540,1080,,360,,522,,t3_shieldbreaker|t3_finalstring
standard,134,b2,blue,jungle,刺客,duskblade,standard,1,2,2,2,9791,12077,11184,478.3,9.43,16.07,22.11,3,1,1,2,3,638,1040,1284,704,3838,6670,9664,5924,270,1080,405,360,1102,522,,t3_finalstring
standard,134,b3,blue,mid,法師,shikong,standard,1,1,2,2,18920,13763,10500,449,11.57,19.2,,2,0,1,2,2,1252,372,96,1099,3512,6572,8426,5924,720,540,,810,,432,,t3_psyward
standard,134,b4,blue,adc,射手,liangzicz,standard,1,6,9,3,18229,10619,12780,546.5,10.49,17.46,21.11,3,0,1,2,3,1307,328,966,979,3467,5708,9866,5924,765,1620,675,360,,522,,t3_shieldbreaker|t3_rendspear
standard,134,b5,blue,sup,坦克,tiemu,standard,1,0,0,3,6826,19061,12691,542.7,7.93,12.63,18.44,4,1,2,3,4,414,179,916,1390,4314,7419,10896,5924,189,,540,1260,,522,2461,t3_calmveil|t3_thornmail
standard,134,r1,red,top,戰士,anliuyouXia,standard,0,1,1,0,13935,26251,9576,409.5,10.13,20.13,,2,0,1,1,2,1372,412,2032,925,3422,5042,7562,5924,738,,,900,,0,,t3_shieldbreaker|t3_finalstring
standard,134,r2,red,jungle,刺客,duskblade,standard,0,4,3,0,10890,12892,11102,474.8,6.97,12.87,20.34,3,1,2,2,3,168,435,1406,451,4848,7735,9786,5924,324,2160,,,1378,0,,t3_finalstring
standard,134,r3,red,mid,法師,shikong,standard,0,3,2,1,16934,14126,10857,464.3,11.31,17.5,22.78,3,0,1,2,3,1279,405,267,306,3539,6005,9317,5924,1053,1620,270,450,,0,,t3_psyward
standard,134,r4,red,adc,射手,liangzicz,standard,0,6,5,3,19443,9606,12492,534.2,10.29,17.88,21.11,3,0,1,2,3,2357,40,986,691,3557,5420,9236,5924,522,1080,810,900,,0,,t3_shieldbreaker|t3_rendspear
standard,134,r5,red,sup,坦克,tiemu,standard,0,1,2,1,5156,19913,10498,449,7.33,14.24,20.37,3,1,2,2,3,369,336,1376,518,4269,6996,8616,5924,243,540,,,,0,1909,t3_calmveil|t3_thornmail
standard,135,b1,blue,top,戰士,tielian,standard,0,0,0,1,5923,15177,6387,344.8,10.01,,,1,0,1,,1,1246,324,,787,3296,5024,,,,,,,,,,t3_shieldbreaker|t3_finalstring
standard,135,b2,blue,jungle,刺客,miwu,standard,0,1,1,0,4792,8910,7317,395,9.82,,,1,1,1,,1,364,279,,1737,3564,5559,,,,,,,,,,t3_finalstring
standard,135,b3,blue,mid,法師,lieyan,standard,0,1,2,0,6526,10331,7168,387,12.08,,,1,0,1,,1,1018,274,,1388,3278,5004,,,,,,,,,,t3_psyward
standard,135,b4,blue,adc,射手,xingchen,standard,0,3,1,1,11721,7698,8376,452.2,11.2,17.02,,2,0,1,,2,1064,148,,1476,3224,5348,,,,,,,,,,t3_shieldbreaker|t3_rendspear
standard,135,b5,blue,sup,輔助,shengguang,standard,0,0,1,0,4171,13802,7824,422.4,6.63,12.89,,2,1,2,,2,257,363,,794,4257,6543,,,,,,,,,,t3_calmveil
standard,135,r1,red,top,戰士,tielian,standard,1,2,1,0,11589,16769,8699,469.6,9.78,16.23,,2,1,1,,2,396,364,,698,3546,5544,,,,,,,,,,t3_shieldbreaker|t3_finalstring
standard,135,r2,red,jungle,刺客,miwu,standard,1,1,0,0,4286,6607,8418,454.4,8.12,15.71,,2,1,1,,2,818,1296,,87,4018,6876,,,,,,,,,,t3_finalstring
standard,135,r3,red,mid,法師,lieyan,standard,1,0,0,1,9425,10040,7879,425.3,11.56,,,1,0,1,,1,1144,423,,1379,3404,5753,,,,,,,,,,t3_psyward
standard,135,r4,red,adc,射手,xingchen,standard,1,2,2,0,9753,6996,7719,416.7,10.45,,,1,0,1,,1,1127,151,,2039,3287,5231,,,,,,,,,,t3_shieldbreaker|t3_rendspear
standard,135,r5,red,sup,輔助,shengguang,standard,1,0,2,2,3603,10493,9506,513.2,7.31,12.22,16.1,3,1,2,,3,632,401,,466,4332,7131,,,,,,,,,,t3_calmveil
standard,136,b1,blue,top,戰士,hunpo,standard,1,4,3,0,8666,20174,9710,473.1,11.69,16.06,,2,0,1,2,2,1216,707,141,480,3476,7157,9371,5924,567,2160,,360,,360,,t3_psyward
standard,136,b2,blue,jungle,刺客,jueying,standard,1,0,1,2,2028,9526,8442,411.3,9.38,16.63,,2,1,1,2,2,382,558,276,712,3582,6138,8006,5924,135,,270,360,956,360,,t3_finalstring
standard,136,b3,blue,mid,法師,shikong,standard,1,1,2,1,11250,12408,8923,434.7,11.25,17.94,,2,0,1,2,2,1234,340,184,522,3494,6190,8584,5924,679,540,270,810,,360,,t3_psyward
standard,136,b4,blue,adc,射手,dujian,standard,1,5,1,2,14860,9227,10992,535.5,9.91,17.45,20.41,3,1,1,2,3,49,359,133,91,3399,5739,9033,5924,540,1080,270,810,48,360,,t3_shieldbreaker|t3_rendspear
standard,136,b5,blue,sup,輔助,mingyunyindao,standard,1,0,0,2,5600,12018,10333,503.4,7.79,13.34,16.63,3,1,2,3,3,1232,316,1496,2172,4332,7046,9656,5924,202,,270,360,,360,2539,t3_calmveil
standard,136,r1,red,top,戰士,hunpo,standard,0,2,2,0,8968,18561,9173,446.9,9.8,17.68,,2,1,1,2,2,659,519,313,472,4509,6669,9013,5924,828,1080,,1012,24,144,,t3_psyward
standard,136,r2,red,jungle,刺客,jueying,standard,0,0,3,1,3971,10926,8191,399.1,9.63,18.55,,2,1,1,2,2,797,495,269,461,3997,5775,7999,5924,270,,270,225,1166,144,,t3_finalstring
standard,136,r3,red,mid,法師,shikong,standard,0,1,3,0,11641,11490,7654,372.9,12.19,,,1,0,1,1,1,1108,488,1009,1203,3368,4988,7459,5924,738,540,,112,,144,,t3_psyward
standard,136,r4,red,adc,射手,dujian,standard,0,4,2,1,14027,9121,10106,492.4,10.99,18.43,,2,0,1,2,2,1127,271,251,1526,3287,4871,8831,5924,513,1080,270,900,,144,,t3_shieldbreaker|t3_rendspear
standard,136,r5,red,sup,輔助,mingyunyindao,standard,0,0,0,2,3774,10390,9921,483.4,7.48,13.93,19.77,3,1,2,3,3,1142,212,452,880,4242,6942,9492,5924,207,,270,900,,144,2046,t3_calmveil
standard,137,b1,blue,top,戰士,dushe,standard,0,0,2,0,7808,21562,7241,360.7,10.58,18.49,,2,0,1,2,2,1334,158,88,111,3384,5508,7218,5924,738,,,450,16,90,,t3_shieldbreaker|t3_finalstring
standard,137,b2,blue,jungle,刺客,anye,standard,0,0,5,0,4765,10055,7186,357.9,10.51,19.02,,2,0,1,2,2,1544,296,462,485,3474,5276,7162,5924,306,,,,842,90,,t3_finalstring
standard,137,b3,blue,mid,法師,lieyan,standard,0,0,4,0,10211,12591,6955,346.5,11.93,,,1,0,1,1,1,1162,102,452,475,3422,4952,6932,5924,558,,,450,,0,,t3_psyward
standard,137,b4,blue,adc,射手,tianfa,standard,0,1,4,0,10368,9938,7549,376,11.19,,,1,0,1,1,1,1208,436,1726,1749,3368,4916,7526,5924,522,540,,450,,90,,t3_shieldbreaker|t3_rendspear
standard,137,b5,blue,sup,坦克,xukong,standard,0,0,1,0,4079,16819,9114,454,7.34,14.18,18.25,3,1,2,3,3,669,578,291,14,4269,6478,9091,5924,144,,,450,48,90,2434,t3_calmveil|t3_thornmail
standard,137,r1,red,top,戰士,dushe,standard,1,5,0,0,9754,18650,11035,549.7,9.62,15.87,18.48,3,1,1,3,3,182,982,1044,1085,3332,6512,10994,5924,498,2700,,1440,,432,,t3_shieldbreaker|t3_finalstring
standard,137,r2,red,jungle,刺客,anye,standard,1,2,0,3,7265,7694,9933,494.8,10.3,16.01,,2,0,1,2,2,1943,1699,1530,1553,3873,7329,9910,5924,351,1080,540,540,1043,432,,t3_finalstring
standard,137,r3,red,mid,法師,lieyan,standard,1,0,0,4,17965,9682,9532,474.8,11.57,17.08,,2,0,1,2,2,1288,204,691,732,3548,6404,9491,5924,885,,810,1440,,432,,t3_psyward
standard,137,r4,red,adc,射手,tianfa,standard,1,5,1,4,18023,7594,11185,557.2,10.52,17.13,,2,0,1,2,2,1208,1126,2612,2635,3368,6806,11162,5924,756,2700,810,540,,432,,t3_shieldbreaker|t3_rendspear
standard,137,r5,red,sup,坦克,xukong,standard,1,4,0,3,7533,14773,11853,590.4,7.58,12.52,16.03,4,1,2,4,4,1290,488,530,553,4890,7728,11830,5924,209,2160,540,540,,432,2023,t3_calmveil|t3_thornmail
standard,138,b1,blue,top,戰士,fengbao,standard,0,0,4,2,12307,25854,7693,367.6,10.23,18.72,,2,0,1,2,2,1453,473,513,312,3503,5123,7413,5924,585,,405,450,48,0,,t3_shieldbreaker|t3_finalstring
standard,138,b2,blue,jungle,刺客,wuxing,standard,0,0,6,0,5329,10972,7270,347.4,10.07,17.22,,2,0,1,2,2,1546,830,389,319,3476,5280,6989,5924,318,,,,747,0,,t3_finalstring
standard,138,b3,blue,mid,法師,shikong,standard,0,2,6,0,13916,13948,9096,434.7,10.7,17.01,,2,0,1,2,2,1594,484,504,916,3854,5684,8204,5924,840,540,,900,,0,,t3_psyward
standard,138,b4,blue,adc,射手,mirrorshot,standard,0,2,2,0,7727,10654,8767,419,10.11,19.64,,2,0,1,2,2,1212,316,711,966,3372,5346,7911,5924,497,540,,900,48,0,,t3_shieldbreaker|t3_rendspear
standard,138,b5,blue,sup,坦克,tixue,standard,0,1,3,1,4986,19888,9251,442.1,7.58,13.98,18.01,3,1,2,3,3,186,364,98,150,4386,6564,8898,5924,243,540,135,,,0,2056,t3_calmveil|t3_thornmail
standard,138,r1,red,top,戰士,fengbao,standard,1,5,0,1,16718,22324,12204,583.2,9.24,13.48,18.79,3,1,2,3,3,1892,172,174,754,5042,8522,11204,5924,591,2160,135,1890,,504,,t3_shieldbreaker|t3_finalstring
standard,138,r2,red,jungle,刺客,wuxing,standard,1,10,2,0,11707,10095,14302,683.5,7.73,11.76,15.47,3,1,2,3,3,88,2399,2032,3172,5418,9999,13162,5924,249,4860,,90,1534,504,,t3_finalstring
standard,138,r3,red,mid,法師,shikong,standard,1,2,2,3,16829,9546,9798,468.3,10.25,16.72,,2,0,1,2,2,1588,522,1308,398,3848,7022,9338,5924,795,1080,495,540,,504,,t3_psyward
standard,138,r4,red,adc,射手,mirrorshot,standard,1,3,1,2,16833,8533,9849,470.7,10.06,18.6,,2,0,1,2,2,1271,469,899,949,3431,5249,8849,5924,441,1080,360,540,,504,,t3_shieldbreaker|t3_rendspear
standard,138,r5,red,sup,坦克,tixue,standard,1,1,0,3,6315,14604,11310,540.5,8.07,11.55,17.97,3,1,2,3,3,192,752,870,1329,4392,7992,10850,5924,191,540,630,540,,504,2519,t3_calmveil|t3_thornmail
standard,139,b1,blue,top,戰士,rongyan,standard,0,1,2,0,5280,21282,8538,393.1,10.65,17.46,,2,0,1,2,2,1318,360,420,507,3368,5960,7970,5924,606,540,,900,,0,,t3_shieldbreaker|t3_finalstring
standard,139,b2,blue,jungle,刺客,razorwing,standard,0,0,5,0,5070,10463,8098,372.9,11.16,18.52,,2,0,1,2,2,1596,300,80,668,3526,5580,7510,5924,582,,,,1004,0,,t3_finalstring
standard,139,b3,blue,mid,法師,xingjie,standard,0,1,2,0,11166,12624,7923,364.8,12.38,19.43,,2,0,1,2,2,1045,259,201,572,3305,4889,6851,5924,477,,,450,,0,,t3_psyward
standard,139,b4,blue,adc,射手,hanbing,standard,0,0,3,1,10942,11275,7735,356.2,11.2,20.5,,2,0,1,1,2,1060,276,1110,355,3220,4876,6910,5924,535,,,450,,0,,t3_shieldbreaker|t3_rendspear
standard,139,b5,blue,sup,輔助,linghun,standard,0,0,2,1,4602,14681,9648,444.3,8.14,12.33,18.43,3,1,2,3,3,252,140,206,1187,4202,6620,8666,5924,175,,270,450,,0,1846,t3_calmveil
standard,139,r1,red,top,戰士,rongyan,standard,1,4,1,0,8868,18373,11568,532.7,9.68,16.2,19.98,3,1,1,3,3,200,912,248,587,3350,6392,10328,5924,750,1620,,1530,,504,,t3_shieldbreaker|t3_finalstring
standard,139,r2,red,jungle,刺客,razorwing,standard,1,6,1,1,12251,11313,12254,564.3,8.9,15.05,19.32,3,1,1,3,3,614,1548,438,1653,4464,7128,10388,5924,207,2160,135,180,1277,504,,t3_finalstring
standard,139,r3,red,mid,法師,xingjie,standard,1,0,0,1,15407,10611,8733,402.1,12.18,21.26,,2,0,1,1,2,1180,363,759,402,3440,5393,7259,5924,651,,,180,,504,,t3_psyward
standard,139,r4,red,adc,射手,hanbing,standard,1,4,0,1,13426,8376,11469,528.1,10.23,18.04,20.08,3,0,1,2,3,1352,613,1293,1468,3512,6293,10193,5924,794,1620,270,1080,,504,,t3_shieldbreaker|t3_rendspear
standard,139,r5,red,sup,輔助,linghun,standard,1,0,0,3,4211,11048,10587,487.5,6.83,13.08,18.04,3,1,2,3,3,887,303,812,1547,4287,6783,9852,5924,261,,675,630,,504,1857,t3_calmveil
standard,140,b1,blue,top,戰士,embercoil,standard,1,4,0,0,13161,22667,11761,529.4,9.88,15.17,19.92,3,1,1,3,3,218,1476,254,960,3368,6956,10334,5924,684,1620,,1530,,576,,t3_shieldbreaker|t3_finalstring
standard,140,b2,blue,jungle,戰士,hunpo,standard,1,1,3,0,9691,10951,9654,434.5,10.58,19.75,,2,0,1,2,2,1543,790,144,303,3753,5770,7644,5924,279,,,180,924,336,,t3_psyward
standard,140,b3,blue,mid,法師,auralith,standard,1,3,2,1,14439,12455,10006,450.4,11.16,18.83,,2,0,1,2,2,1273,177,1089,605,3533,6077,9119,5924,669,1620,270,180,,455,,t3_psyward
standard,140,b4,blue,adc,射手,xuanfeng,standard,1,5,3,1,17609,9446,11383,512.4,10.44,19.32,21.26,3,0,1,2,3,1118,136,902,1082,3278,5516,9452,5924,432,1620,270,630,,574,,t3_shieldbreaker|t3_rendspear
standard,140,b5,blue,sup,坦克,shengdun,standard,1,0,4,2,4660,15801,10924,491.7,8.08,13.18,20.13,3,1,2,2,3,520,869,2531,1043,4320,6669,9711,5924,131,,270,630,,216,2539,t3_calmveil|t3_thornmail
standard,140,r1,red,top,戰士,embercoil,standard,0,2,1,0,11235,20408,9973,448.9,9.67,18.73,22.08,3,1,1,2,3,398,145,163,73,3548,5325,7863,5924,828,540,,450,48,72,,t3_shieldbreaker|t3_finalstring
standard,140,r2,red,jungle,戰士,hunpo,standard,0,2,3,1,8632,11653,10030,451.4,10.47,18,,2,0,1,2,2,1793,454,492,679,4003,6334,8592,5924,423,540,270,,1362,72,,t3_psyward
standard,140,r3,red,mid,法師,auralith,standard,0,2,2,1,12575,14473,9733,438.1,11.48,18.32,,2,0,1,2,2,1108,180,342,332,3368,5630,8792,5924,816,1080,,900,,72,,t3_psyward
standard,140,r4,red,adc,射手,xuanfeng,standard,0,5,5,0,14679,9214,10204,459.3,12.17,18.46,,2,0,1,2,2,1100,202,1453,1303,3260,5582,8453,5924,612,1620,,225,,72,,t3_shieldbreaker|t3_rendspear
standard,140,r5,red,sup,坦克,shengdun,standard,0,1,2,1,6315,20412,10728,482.9,6.98,13.88,17.37,3,1,2,3,3,478,632,141,848,4278,7812,10021,5924,200,540,270,675,,72,2339,t3_calmveil|t3_thornmail
standard,141,b1,blue,top,戰士,greymantle,standard,1,0,1,0,10566,18800,7707,386.5,9.44,18.32,,2,1,1,,2,182,478,,556,3332,5708,,,,,,,,,,t3_shieldbreaker|t3_finalstring
standard,141,b2,blue,jungle,戰士,leimingcf,standard,1,0,1,0,4794,11654,8023,402.3,9.54,17.85,,2,1,1,,2,412,260,,1223,3512,5740,,,,,,,,,,t3_shieldbreaker|t3_finalstring
standard,141,b3,blue,mid,法師,xingjie,standard,1,1,4,0,10872,10375,8175,409.9,11.55,19.71,,2,0,1,,2,1180,534,,324,3440,5564,,,,,,,,,,t3_psyward
standard,141,b4,blue,adc,射手,phantom,standard,1,4,3,1,15179,8550,10351,519,11.37,17.24,,2,0,1,,2,1163,577,,1450,3323,5357,,,,,,,,,,t3_shieldbreaker|t3_rendspear
standard,141,b5,blue,sup,坦克,dadi,standard,1,1,1,1,5752,15236,10380,520.5,8.73,12.68,17.27,3,1,2,,3,114,314,,999,4314,7554,,,,,,,,,,t3_calmveil|t3_thornmail
standard,141,r1,red,top,戰士,greymantle,standard,0,2,2,1,10098,20471,8499,426.2,9.94,17.08,,2,1,1,,2,110,376,,448,3260,5906,,,,,,,,,,t3_shieldbreaker|t3_finalstring
standard,141,r2,red,jungle,戰士,leimingcf,standard,0,3,0,0,9423,12875,9424,472.6,9.07,17.38,,2,1,1,,2,596,942,,824,3696,6422,,,,,,,,,,t3_shieldbreaker|t3_finalstring
standard,141,r3,red,mid,法師,xingjie,standard,0,1,2,1,17371,10600,8067,404.5,10.19,19.18,,2,0,1,,2,1738,318,,216,3998,6518,,,,,,,,,,t3_psyward
standard,141,r4,red,adc,射手,phantom,standard,0,3,2,1,10651,8447,9462,474.5,10.84,17.56,,2,0,1,,2,1145,361,,911,3305,6041,,,,,,,,,,t3_shieldbreaker|t3_rendspear
standard,141,r5,red,sup,坦克,dadi,standard,0,1,0,2,4661,13237,10000,501.5,7.3,14.32,18.6,3,1,2,,3,24,96,,620,4224,6456,,,,,,,,,,t3_calmveil|t3_thornmail
standard,142,b1,blue,top,戰士,ravager,standard,0,0,2,0,6429,22480,7794,364.4,10.02,19.3,,2,0,1,2,2,1372,261,323,714,3422,4961,6923,5924,477,,,450,,72,,t3_shieldbreaker|t3_finalstring
standard,142,b2,blue,jungle,戰士,xueyue,standard,0,0,3,0,6521,16626,7689,359.5,9.85,19.3,,2,1,1,2,2,570,807,421,639,3670,5457,7171,5924,300,,,,874,72,,t3_shieldbreaker|t3_finalstring
standard,142,b3,blue,mid,法師,auralith,standard,0,0,6,0,14110,14598,7464,348.9,12.35,20.03,,2,0,1,1,2,1162,262,1438,114,3422,5162,6818,5924,822,,,,,72,,t3_psyward
standard,142,b4,blue,adc,射手,huanying,standard,0,0,4,0,13599,12515,6915,323.3,10.94,,,1,0,1,1,1,1244,46,694,1115,3404,4946,6494,5924,497,,,,,72,,t3_shieldbreaker|t3_rendspear
standard,142,b5,blue,sup,輔助,luminary,standard,0,0,3,0,5427,16158,9677,452.4,6.58,12.73,17.55,3,1,2,3,3,251,158,571,637,4251,6888,9031,5924,99,,,900,,72,2035,t3_calmveil
standard,142,r1,red,top,戰士,ravager,standard,1,9,0,1,17598,22331,13499,631,8.76,15.73,18.73,4,1,1,3,4,180,1182,1072,518,3980,6662,10972,5924,835,3240,90,450,,432,,t3_shieldbreaker|t3_finalstring
standard,142,r2,red,jungle,戰士,xueyue,standard,1,1,0,2,6745,10163,10602,495.6,8.83,15.99,,2,1,1,2,2,779,1211,876,2052,3879,6341,9426,5924,144,540,270,450,1666,432,,t3_shieldbreaker|t3_finalstring
standard,142,r3,red,mid,法師,auralith,standard,1,2,0,4,21283,11698,10989,513.7,11.88,17.43,,2,0,1,2,2,1234,237,172,1709,3494,6437,9452,5924,981,1080,360,675,,432,,t3_psyward
standard,142,r4,red,adc,射手,huanying,standard,1,6,0,0,18799,8074,11552,540,10.77,18,20.02,3,0,1,2,3,1190,376,1205,651,3350,5456,10105,5924,598,2700,,450,,432,,t3_shieldbreaker|t3_rendspear
standard,142,r5,red,sup,輔助,luminary,standard,1,0,0,2,5555,9782,11348,530.5,7.12,12.36,17.81,3,1,2,3,3,1715,356,1285,2597,4215,7086,10035,5924,104,,360,675,,432,2539,t3_calmveil
standard,143,b1,blue,top,戰士,dadi2,standard,0,0,4,0,7092,20832,6962,350.6,9.63,,,1,1,1,,1,146,408,,1481,3296,4988,,,,,,,,,,t3_shieldbreaker|t3_finalstring
standard,143,b2,blue,jungle,戰士,anliuyouXia,standard,0,0,2,0,5320,12810,7272,366.2,9.67,18.22,,2,1,1,,2,512,453,,222,3612,5583,,,,,,,,,,t3_shieldbreaker|t3_finalstring
standard,143,b3,blue,mid,法師,xingjie,standard,0,2,4,0,10706,12249,7718,388.6,11.56,19.14,,2,0,1,,2,1216,90,,367,3476,5600,,,,,,,,,,t3_psyward
standard,143,b4,blue,adc,射手,guangsu,standard,0,1,2,1,8867,9714,7835,394.5,9.96,19.05,,2,1,1,,2,144,373,,934,3494,5753,,,,,,,,,,t3_shieldbreaker|t3_rendspear
standard,143,b5,blue,sup,輔助,xuemai,standard,0,0,4,0,5331,14077,8563,431.2,6.25,13.08,17.35,3,1,2,,3,623,672,,403,4323,6552,,,,,,,,,,t3_calmveil
standard,143,r1,red,top,戰士,dadi2,standard,1,5,0,0,10149,18493,11399,574,9.97,15.67,18.98,3,1,1,,3,182,1029,,1318,3332,6509,,,,,,,,,,t3_shieldbreaker|t3_finalstring
standard,143,r2,red,jungle,戰士,anliuyouXia,standard,1,5,0,1,11818,12766,10873,547.5,9.09,13.96,18.56,3,1,2,,3,475,1224,,1023,3575,7974,,,,,,,,,,t3_shieldbreaker|t3_finalstring
standard,143,r3,red,mid,法師,xingjie,standard,1,0,1,0,11750,10037,7970,401.3,11.48,19.62,,2,0,1,,2,1180,480,,419,3440,5510,,,,,,,,,,t3_psyward
standard,143,r4,red,adc,射手,guangsu,standard,1,6,2,5,21798,7438,12632,636.1,10.83,18.02,,2,0,1,,2,1469,820,,4081,3629,6500,,,,,,,,,,t3_shieldbreaker|t3_rendspear
standard,143,r5,red,sup,輔助,xuemai,standard,1,0,0,3,2968,10340,10028,505,7.01,12.63,16,3,1,2,,3,1733,2001,,798,4233,7401,,,,,,,,,,t3_calmveil
standard,144,b1,blue,top,戰士,ronggang,standard,1,1,2,0,12838,27137,9256,387.7,9.28,17.9,,2,1,1,2,2,290,280,256,606,3440,5510,7706,5924,540,540,,270,,432,,t3_shieldbreaker|t3_finalstring
standard,144,b2,blue,jungle,戰士,kuangfeng,standard,1,1,2,0,12764,16217,10520,440.6,9.28,19.06,23.06,3,1,1,2,3,498,1045,239,620,3598,5745,8239,5924,342,540,,270,731,432,,t3_shieldbreaker|t3_finalstring
standard,144,b3,blue,mid,法師,auralith,standard,1,3,4,0,19952,14668,10924,457.6,11.81,20.05,,2,0,1,1,2,1336,216,1272,1524,3596,6116,7772,5924,696,,,720,,432,,t3_psyward
standard,144,b4,blue,adc,射手,maestro,standard,1,8,4,0,27829,11398,13306,557.3,10.18,18.22,20.88,4,0,1,2,4,1352,247,1178,406,3512,5627,9128,5924,657,1620,,495,,432,,t3_shieldbreaker|t3_rendspear
standard,144,b5,blue,sup,坦克,longji,standard,1,0,1,2,8355,21413,12272,514,8.6,13.24,18.48,4,1,2,3,4,765,289,842,671,4365,7069,9922,5924,212,,270,495,48,432,2539,t3_calmveil|t3_thornmail
standard,144,r1,red,top,戰士,ronggang,standard,0,3,1,0,15276,28006,10042,420.6,10.33,17.29,23.08,3,0,1,2,3,1444,682,202,92,3494,6212,8852,5924,858,1620,,450,,0,,t3_shieldbreaker|t3_finalstring
standard,144,r2,red,jungle,戰士,kuangfeng,standard,0,2,1,1,10991,20108,10078,422.1,9.78,18.13,23.75,3,1,1,2,3,549,546,557,178,3649,5726,7657,5924,480,,270,,982,0,,t3_shieldbreaker|t3_finalstring
standard,144,r3,red,mid,法師,auralith,standard,0,0,5,0,15429,13887,8581,359.4,11.49,20.88,,2,0,1,1,2,1180,309,423,551,3440,5339,6923,5924,774,,,225,,0,,t3_psyward
standard,144,r4,red,adc,射手,maestro,standard,0,5,6,3,25850,10389,11419,478.3,9.9,19.34,23.25,3,1,1,2,3,63,133,389,1119,3413,5033,7709,5924,704,540,540,,,0,,t3_shieldbreaker|t3_rendspear
standard,144,r5,red,sup,坦克,longji,standard,0,3,0,0,7813,24287,11652,488,8.21,14.02,16.94,4,1,2,3,4,432,209,481,51,4332,7149,10461,5924,387,1620,,675,,0,1855,t3_calmveil|t3_thornmail
standard,145,b1,blue,top,戰士,jingci,standard,0,2,4,0,10099,23900,9282,432.5,8.81,17.5,,2,1,1,2,2,324,732,538,1051,4124,6212,8768,5924,864,1080,,900,,0,,t3_shieldbreaker|t3_finalstring
standard,145,b2,blue,jungle,戰士,longyi,standard,0,2,1,1,7775,15379,8989,418.9,10.03,15.66,,2,0,1,2,2,1516,652,235,809,3516,6082,8415,5924,417,1080,135,,858,0,,t3_shieldbreaker|t3_finalstring
standard,145,b3,blue,mid,法師,ronghuo,standard,0,1,5,1,14354,15042,8376,390.3,11.78,18.93,,2,0,1,2,2,1162,475,126,375,3422,5375,7826,5924,867,540,270,225,,0,,t3_psyward
standard,145,b4,blue,adc,射手,liuxing,standard,0,2,6,0,14314,10856,8736,407.1,10.19,19.67,,2,0,1,2,2,1109,316,178,785,3269,5216,7178,5924,579,,,675,,0,,t3_shieldbreaker|t3_rendspear
standard,145,b5,blue,sup,輔助,hexweave,standard,0,0,2,2,4430,13431,9774,455.5,9.08,13.22,18.91,3,1,2,3,3,542,178,1172,733,4242,6908,9332,5924,260,,405,900,48,0,1793,t3_calmveil
standard,145,r1,red,top,戰士,jingci,standard,1,5,0,1,13092,21764,11784,549.1,9.05,13.23,20.32,3,1,2,2,3,866,354,2562,383,4016,7454,11162,5924,576,2700,270,1170,,522,,t3_shieldbreaker|t3_finalstring
standard,145,r2,red,jungle,戰士,longyi,standard,1,5,2,1,11075,13180,11926,555.8,8.93,15.66,18.93,3,1,1,3,3,672,1843,642,995,3772,7273,11092,5924,315,2700,270,270,1091,522,,t3_shieldbreaker|t3_finalstring
standard,145,r3,red,mid,法師,ronghuo,standard,1,0,2,1,16073,10518,9144,426.1,12.53,20.09,,2,0,1,1,2,1178,403,2023,644,3438,6003,8523,5924,621,,270,1170,15,522,,t3_psyward
standard,145,r4,red,adc,射手,liuxing,standard,1,7,2,0,17786,9281,12090,563.4,11.02,17.23,20.78,3,0,1,2,3,1235,511,948,1189,3395,5591,9848,5924,747,2160,,495,,522,,t3_shieldbreaker|t3_rendspear
standard,145,r5,red,sup,輔助,hexweave,standard,1,1,1,5,8483,13051,11498,535.8,6.39,11.83,16.57,4,1,2,4,4,278,446,376,537,4278,7176,10876,5924,189,540,1350,495,,432,1946,t3_calmveil
standard,146,b1,blue,top,戰士,longyi,standard,0,1,4,0,12945,27020,9363,396.2,9.93,19.88,,2,1,1,2,2,218,96,138,1133,3368,5096,7238,5924,792,,,450,,72,,t3_shieldbreaker|t3_finalstring
standard,146,b2,blue,jungle,戰士,cinderfist,standard,0,0,3,1,6381,19560,8348,353.2,9.43,20.26,,2,1,1,1,2,284,616,1564,397,3384,5266,6994,5924,180,,135,,682,72,,t3_shieldbreaker|t3_finalstring
standard,146,b3,blue,mid,法師,gambler,standard,0,2,6,1,10449,14936,9987,422.6,11.67,20.29,,2,0,1,1,2,1126,654,2112,687,3386,5204,8192,5924,756,540,270,450,,252,,t3_psyward
standard,146,b4,blue,adc,射手,shensheng,standard,0,7,3,1,29177,14653,12790,541.2,11.22,17.51,20.32,3,0,1,2,3,1176,329,499,1809,3336,5109,9249,5924,684,1620,,900,48,72,,t3_shieldbreaker|t3_rendspear
standard,146,b5,blue,sup,輔助,shengming,standard,0,0,3,1,5885,17049,9638,407.8,7.12,13.02,18.18,3,1,2,3,3,488,27,491,598,4188,6507,8491,5924,252,,135,,48,252,1879,t3_calmveil
standard,146,r1,red,top,戰士,longyi,standard,1,7,0,0,16816,31053,12763,540.1,10.19,16.52,20.94,3,0,1,2,3,1534,930,1804,1363,3584,6410,10404,5924,774,2700,,630,16,360,,t3_shieldbreaker|t3_finalstring
standard,146,r2,red,jungle,戰士,cinderfist,standard,1,3,2,3,14261,15103,12638,534.7,8.25,15.83,19.37,3,1,1,3,3,669,1194,451,1287,3769,6624,10001,5924,198,1080,810,180,1449,360,,t3_shieldbreaker|t3_finalstring
standard,146,r3,red,mid,法師,gambler,standard,1,0,4,1,18119,12222,9330,394.8,12.01,19.38,,2,0,1,2,2,1198,549,231,350,3458,5879,7781,5924,1092,,,405,,360,,t3_psyward
standard,146,r4,red,adc,射手,shensheng,standard,1,9,4,2,30397,10985,14199,600.8,10.23,16.96,19.97,4,0,1,3,4,1271,505,220,979,3431,5285,10220,5924,741,2160,405,630,,360,,t3_shieldbreaker|t3_rendspear
standard,146,r5,red,sup,輔助,shengming,standard,1,0,0,3,6216,15976,11566,489.4,5.93,13.73,16.95,4,1,2,3,4,296,356,1087,766,4296,7386,9837,5924,146,,675,855,,360,1875,t3_calmveil
standard,147,b1,blue,top,戰士,chichuan,standard,1,2,2,2,18232,32524,11444,463.2,10.89,17.08,21.08,3,0,1,2,3,1366,388,268,594,3416,5738,8598,5924,678,1080,270,225,24,396,,t3_shieldbreaker|t3_finalstring
standard,147,b2,blue,jungle,戰士,xueyue,standard,1,1,2,0,8125,19616,10341,418.5,9,16.8,23.36,3,1,1,2,3,602,1030,143,741,3702,5730,8423,5924,291,540,,225,1046,396,,t3_shieldbreaker|t3_finalstring
standard,147,b3,blue,mid,法師,ronghuo,standard,1,3,4,1,22319,14399,11377,460.5,11.09,19.61,24.68,3,0,1,2,3,1480,594,317,77,3740,5444,7667,5924,1032,,270,225,,216,,t3_psyward
standard,147,b4,blue,adc,射手,liangzicz,standard,1,9,5,0,23900,15066,14071,569.5,10.72,17.11,20.55,4,0,1,2,4,1334,592,1583,1171,3494,5672,10163,5924,648,2700,,675,,216,,t3_shieldbreaker|t3_rendspear
standard,147,b5,blue,sup,坦克,shiqiang,standard,1,1,3,1,7498,24395,11375,460.4,7.93,13.28,16.54,4,1,2,3,4,1441,454,87,475,4341,7254,9627,5924,230,540,270,450,,216,1995,t3_calmveil|t3_thornmail
standard,147,r1,red,top,戰士,chichuan,standard,0,2,2,1,16448,26638,10898,441.1,9.53,16.27,23.09,3,1,1,2,3,267,1118,266,347,3417,6648,8916,5924,729,1080,,810,48,324,,t3_shieldbreaker|t3_finalstring
standard,147,r2,red,jungle,戰士,xueyue,standard,0,7,1,2,15556,18105,14376,581.8,8.31,12.64,17.58,4,1,2,3,4,674,1266,586,1395,3774,8366,10966,5924,264,2160,360,360,1574,324,,t3_shieldbreaker|t3_finalstring
standard,147,r3,red,mid,法師,ronghuo,standard,0,0,7,1,17179,14687,9105,368.5,12.65,20.48,,2,0,1,1,2,1072,336,912,304,3332,5666,7412,5924,713,,90,360,,324,,t3_psyward
standard,147,r4,red,adc,射手,liangzicz,standard,0,5,5,0,26973,9721,11963,484.2,10.52,20.55,22.94,3,0,1,1,3,1217,101,1925,1962,3377,5481,7605,5924,621,540,,360,15,144,,t3_shieldbreaker|t3_rendspear
standard,147,r5,red,sup,坦克,shiqiang,standard,0,2,1,2,9333,20545,12727,515.1,7.36,12.45,17.43,4,1,2,3,4,145,1078,459,527,4345,7858,10439,5924,227,540,360,810,48,324,2204,t3_calmveil|t3_thornmail
standard,148,b1,blue,top,戰士,xueyue,standard,1,1,0,0,9711,24848,8299,387.4,9.93,19.24,,2,1,1,2,2,200,172,238,549,3350,5402,7688,5924,522,540,,180,,522,,t3_shieldbreaker|t3_finalstring
standard,148,b2,blue,jungle,戰士,jufeng,standard,1,1,2,0,8599,15057,9525,444.6,9,15.56,,2,1,1,2,2,531,1533,516,924,3631,7013,8816,5924,333,540,,630,956,432,,t3_shieldbreaker|t3_finalstring
standard,148,b3,blue,mid,法師,gambler,standard,1,6,3,2,15786,12923,11614,542.1,11.73,18.8,21.3,3,0,1,2,3,1288,147,1063,284,3548,5747,10463,5924,732,2700,405,180,,522,,t3_psyward
standard,148,b4,blue,adc,射手,xingchen,standard,1,3,3,1,14171,9337,10378,484.4,11.37,17.65,21.04,3,0,1,2,3,1289,229,368,378,3449,5429,8318,5924,567,540,135,630,,522,,t3_shieldbreaker|t3_rendspear
standard,148,b5,blue,sup,坦克,suishan,standard,1,0,0,4,6124,15119,11348,529.7,7.63,14.23,17.46,3,1,2,3,3,432,744,262,1368,4332,7524,10242,5924,185,,540,630,,522,2439,t3_calmveil|t3_thornmail
standard,148,r1,red,top,戰士,xueyue,standard,0,0,2,0,11202,20503,7831,365.5,9.53,20.7,,2,1,1,1,2,200,184,1870,381,3350,4934,7400,5924,576,,,900,,0,,t3_shieldbreaker|t3_finalstring
standard,148,r2,red,jungle,戰士,jufeng,standard,0,2,2,0,10048,13384,9175,428.2,9.21,16.61,,2,1,1,2,2,935,899,1334,944,4035,6379,8614,5924,396,1080,,,1213,0,,t3_shieldbreaker|t3_finalstring
standard,148,r3,red,mid,法師,gambler,standard,0,0,3,1,11436,11367,7921,369.7,12.13,20.57,,2,0,1,1,2,1270,288,954,371,3530,5888,7454,5924,810,,270,450,,0,,t3_psyward
standard,148,r4,red,adc,射手,xingchen,standard,0,5,3,0,21460,9238,10711,500,10.81,17.68,21.3,3,0,1,2,3,1208,370,840,231,3368,6050,9740,5924,756,2160,,900,,0,,t3_shieldbreaker|t3_rendspear
standard,148,r5,red,sup,坦克,suishan,standard,0,1,1,0,5070,17110,9074,423.5,7.11,12.55,20.24,3,1,2,2,3,431,155,1403,174,4881,7095,8643,5924,306,540,,,,0,1872,t3_calmveil|t3_thornmail
standard,149,b1,blue,top,戰士,fengbao,standard,0,3,3,0,12999,21841,8360,409.1,10.31,16.69,,2,0,1,2,2,1390,960,528,359,3440,6140,8228,5924,540,1620,,,,144,,t3_shieldbreaker|t3_finalstring
standard,149,b2,blue,jungle,戰士,rongyan,standard,0,0,1,0,3670,13127,7395,361.9,9.17,18.54,,2,1,1,2,2,439,490,233,364,3539,5440,7263,5924,369,,,,826,144,,t3_shieldbreaker|t3_finalstring
standard,149,b3,blue,mid,法師,ronghuo,standard,0,1,3,1,9287,12499,8436,412.9,10.78,19.43,,2,0,1,2,2,1491,275,755,106,3751,5425,8305,5924,976,540,270,450,,144,,t3_psyward
standard,149,b4,blue,adc,射手,dujian,standard,0,3,2,1,11388,9469,8675,424.5,10.28,19.7,,2,0,1,2,2,1244,313,143,1354,3404,5393,7463,5924,720,540,135,,,144,,t3_shieldbreaker|t3_rendspear
standard,149,b5,blue,sup,輔助,linghun,standard,0,0,1,4,6753,14985,11006,538.7,6.63,12.56,15.43,4,1,2,3,4,712,823,1105,206,4412,7553,10335,5924,238,,405,1350,64,144,2208,t3_calmveil
standard,149,r1,red,top,戰士,fengbao,standard,1,1,3,2,10841,18902,8963,438.6,10.25,17.13,,2,0,1,2,2,1318,621,381,962,3368,5501,8381,5924,702,540,135,720,,360,,t3_shieldbreaker|t3_finalstring
standard,149,r2,red,jungle,戰士,rongyan,standard,1,4,0,1,9514,11526,10671,522.3,9.67,15.07,19.24,3,1,1,3,3,172,1791,510,821,4822,7221,10360,5924,204,2160,135,270,1306,360,,t3_shieldbreaker|t3_finalstring
standard,149,r3,red,mid,法師,ronghuo,standard,1,0,2,3,10957,9631,8666,424.1,10.53,19.32,,2,0,1,2,2,1333,198,324,635,3593,5798,8354,5924,855,,495,720,,360,,t3_psyward
standard,149,r4,red,adc,射手,dujian,standard,1,4,1,2,16290,7881,10340,506,12.16,17.73,20.4,3,0,1,2,3,1082,961,1778,39,3242,6041,10028,5924,504,2160,360,720,,360,,t3_shieldbreaker|t3_rendspear
standard,149,r5,red,sup,輔助,linghun,standard,1,1,1,3,6597,10909,10767,526.9,6.17,12.37,17.42,3,1,2,3,3,230,422,1165,2016,4530,7152,9915,5924,290,,495,1170,,360,1675,t3_calmveil
standard,150,b1,blue,top,坦克,suishan,standard,0,0,2,0,8366,22119,7406,362.4,9.99,16,,2,1,1,2,2,508,236,106,255,3458,5636,7256,5924,720,,,450,,162,,t3_calmveil|t3_thornmail
standard,150,b2,blue,jungle,戰士,jingci,standard,0,0,3,0,6419,13464,7699,376.8,8.97,17.82,,2,1,1,2,2,531,593,649,198,3631,5473,7549,5924,570,,,,893,162,,t3_finalstring|t3_shieldbreaker
standard,150,b3,blue,mid,法師,gambler,standard,0,0,6,0,15513,14220,7179,351.3,11.73,19.31,,2,0,1,2,2,1387,473,397,528,3647,5373,7047,5924,945,,,,16,162,,t3_psyward
standard,150,b4,blue,adc,射手,shengyan,standard,0,0,3,0,12604,10272,7037,344.4,10.23,20.18,,2,0,1,1,2,1298,102,1755,136,3458,5132,6905,5924,594,,,225,,162,,t3_shieldbreaker|t3_rendspear
standard,150,b5,blue,sup,坦克,xukong,standard,0,0,4,0,5600,18230,9527,466.2,7.11,14.82,18.39,3,1,2,3,3,48,166,895,426,4248,6966,9395,5924,230,,,1125,,72,2043,t3_calmveil|t3_thornmail
standard,150,r1,red,top,坦克,suishan,standard,1,6,0,2,12001,16331,12086,591.5,7.58,12.96,16.98,4,1,2,4,4,834,1220,124,435,4484,8210,11774,5924,990,3240,540,720,,360,,t3_calmveil|t3_thornmail
standard,150,r2,red,jungle,戰士,jingci,standard,1,6,0,1,13674,14674,12876,630.2,8.16,13.69,17.45,4,1,2,4,4,129,1171,165,476,4829,8871,12565,5924,315,3240,270,945,1510,360,,t3_finalstring|t3_shieldbreaker
standard,150,r3,red,mid,法師,gambler,standard,1,3,0,1,14207,10645,9935,486.2,10.83,16.09,,2,0,1,2,2,1558,153,103,954,3818,6653,9083,5924,954,1080,270,495,,360,,t3_psyward
standard,150,r4,red,adc,射手,shengyan,standard,1,1,0,1,17214,8766,8675,424.5,10.14,19.18,,2,0,1,2,2,1190,412,911,394,3350,5312,8291,5924,612,540,135,720,,360,,t3_shieldbreaker|t3_rendspear
standard,150,r5,red,sup,坦克,xukong,standard,1,2,0,5,7696,15006,11040,540.3,7.79,12.49,17.7,3,1,2,3,3,213,671,478,1059,5313,7911,10458,5924,189,1080,945,270,,360,1690,t3_calmveil|t3_thornmail
standard,151,b1,blue,top,坦克,stoneguard,standard,0,1,5,0,13017,36015,12186,407.1,9.23,16,20.98,4,1,1,2,4,607,594,1118,536,3557,5744,8408,5924,990,540,,720,,234,,t3_calmveil|t3_thornmail
standard,151,b2,blue,jungle,刺客,voidrift,standard,0,1,11,2,12393,19060,11820,394.9,10.73,18.67,26.4,3,0,1,2,3,1416,676,784,1420,3346,5526,7484,5924,135,,135,270,875,144,,t3_finalstring
standard,151,b3,blue,mid,法師,leiming,standard,0,7,12,2,23740,20886,14679,490.4,12.26,19.27,24.83,4,0,1,2,4,1018,270,291,279,3278,5870,7841,5924,558,,405,720,,234,,t3_psyward
standard,151,b4,blue,adc,射手,mirrorshot,standard,0,17,6,0,61744,17098,19917,665.4,10.22,18.19,22.73,5,0,1,2,5,1451,355,329,4317,3611,5555,8129,5924,711,540,,720,,234,,t3_shieldbreaker|t3_rendspear
standard,151,b5,blue,sup,坦克,dadi,standard,0,2,3,1,11418,34373,13765,459.8,8.08,13.16,18.93,5,1,2,3,5,35,148,408,164,4485,7088,9788,5924,414,1080,,270,,234,1866,t3_calmveil|t3_thornmail
standard,151,r1,red,top,坦克,stoneguard,standard,1,2,4,1,13777,36103,13494,450.8,8.82,16.23,22.44,4,1,1,2,4,739,285,845,1244,3689,5435,8135,5924,834,540,135,450,,252,,t3_calmveil|t3_thornmail
standard,151,r2,red,jungle,刺客,voidrift,standard,1,2,2,1,14732,17776,13148,439.2,9.13,17.78,23.52,4,1,1,2,4,345,588,639,647,3545,5568,8289,5924,246,540,270,,1057,252,,t3_finalstring
standard,151,r3,red,mid,法師,leiming,standard,1,12,9,0,33696,18856,17532,585.7,12.12,18.77,24.61,5,0,1,2,5,982,192,96,1382,3242,6122,8246,5924,720,1080,,450,,72,,t3_psyward
standard,151,r4,red,adc,射手,mirrorshot,standard,1,19,9,3,71298,18012,22257,743.6,9.31,15.4,19.78,5,1,1,3,5,277,1873,281,6657,4277,7373,10181,5924,855,2160,540,450,,252,,t3_shieldbreaker|t3_rendspear
standard,151,r5,red,sup,坦克,dadi,standard,1,2,4,3,11000,31596,14476,483.6,6.93,12.52,17.23,5,1,2,3,5,471,1269,694,876,4971,8049,10674,5924,296,1080,405,450,,252,2265,t3_calmveil|t3_thornmail
standard,152,b1,blue,top,坦克,thornwall,standard,0,1,1,0,6896,21476,8330,387,7.4,14.48,,2,1,2,2,2,940,218,484,699,3890,6068,7814,5924,720,540,,450,,180,,t3_calmveil|t3_thornmail
standard,152,b2,blue,jungle,刺客,miwu,standard,0,2,5,1,8049,11807,8779,407.9,9.2,17.42,,2,1,1,2,2,410,755,520,699,3610,5385,8250,5924,261,1080,67,,827,90,,t3_finalstring
standard,152,b3,blue,mid,法師,haixiao,standard,0,0,4,1,9376,12974,8163,379.2,12.24,18.84,,2,0,1,2,2,1230,234,272,463,3490,5164,7702,5924,630,,67,900,,180,,t3_psyward
standard,152,b4,blue,adc,射手,hanbing,standard,0,5,2,2,13292,11258,11187,519.7,10.63,15.48,19.33,3,0,1,3,3,1456,444,356,967,3616,6244,10276,5924,684,2700,337,450,,180,,t3_shieldbreaker|t3_rendspear
standard,152,b5,blue,sup,輔助,mantra,standard,0,0,5,2,5577,17137,9437,438.4,9.25,12.85,17.69,3,1,2,3,3,382,470,815,396,4382,6650,8975,5924,261,,337,450,,90,1912,t3_calmveil
standard,152,r1,red,top,坦克,thornwall,standard,1,3,0,1,11651,18442,10193,473.5,9.88,15.43,20.26,3,1,1,2,3,508,1006,2096,742,3458,6056,9326,5924,588,1620,270,510,,414,,t3_calmveil|t3_thornmail
standard,152,r2,red,jungle,刺客,miwu,standard,1,6,2,1,12837,11756,12572,584.1,7.73,15.17,20.28,3,1,1,2,3,278,1912,2423,1491,4608,7492,10753,5924,351,2160,270,360,1364,324,,t3_finalstring
standard,152,r3,red,mid,法師,haixiao,standard,1,2,1,1,15545,11421,10616,493.2,11.28,16.73,,2,0,1,2,2,1459,375,949,1215,3719,6875,9749,5924,1101,1080,270,959,,414,,t3_psyward
standard,152,r4,red,adc,射手,hanbing,standard,1,6,4,1,17062,9532,11828,549.5,9.89,17.42,19.93,3,1,1,3,3,360,322,106,927,3710,6002,10106,5924,828,2160,270,509,,414,,t3_shieldbreaker|t3_rendspear
standard,152,r5,red,sup,輔助,mantra,standard,1,0,1,1,3437,10777,9731,452.1,9.89,11.89,17.52,3,1,2,3,3,113,717,630,1271,4413,6897,9090,5924,227,,270,360,,234,2073,t3_calmveil
standard,153,b1,blue,top,坦克,tieshixin,standard,0,0,2,0,8762,23215,7992,368.2,8.68,15.49,,2,1,1,2,2,88,426,133,662,3638,5726,7463,5924,999,,,450,,90,,t3_calmveil|t3_thornmail
standard,153,b2,blue,jungle,刺客,guihuo,standard,0,0,3,1,3734,10446,7873,362.7,9.86,19.46,,2,1,1,2,2,397,434,394,442,3597,5364,7344,5924,441,,135,,843,0,,t3_finalstring
standard,153,b3,blue,mid,法師,leiming,standard,0,1,3,1,11168,13458,8610,396.6,11.58,19.59,,2,0,1,2,2,1180,342,171,280,3440,5492,8021,5924,747,540,270,450,,90,,t3_psyward
standard,153,b4,blue,adc,射手,xuanfeng,standard,0,4,3,0,12807,10743,10203,470,10.68,18.02,20.82,3,0,1,2,3,1226,70,396,303,3386,4970,9146,5924,612,1620,,900,,90,,t3_shieldbreaker|t3_rendspear
standard,153,b5,blue,sup,輔助,huanjing,standard,0,0,2,3,3363,14035,9753,449.3,7.61,13.43,17.99,3,1,2,3,3,497,477,608,1172,4197,6357,9188,5924,81,,675,450,,90,1967,t3_calmveil
standard,153,r1,red,top,坦克,tieshixin,standard,1,2,0,0,10588,18653,10224,471,9.53,16.13,18.88,3,1,1,3,3,634,447,389,894,3584,5747,9419,5924,813,1080,,1170,,432,,t3_calmveil|t3_thornmail
standard,153,r2,red,jungle,刺客,guihuo,standard,1,2,1,1,6364,9136,10306,474.8,9.02,16.15,21.69,3,1,1,2,3,619,647,1103,176,3819,6227,9433,5924,180,1080,135,270,1411,432,,t3_finalstring
standard,153,r3,red,mid,法師,leiming,standard,1,3,2,1,13960,11411,10212,470.4,11.81,17.84,,2,0,1,2,2,1234,171,439,812,3494,6401,8939,5924,738,1080,270,495,,432,,t3_psyward
standard,153,r4,red,adc,射手,xuanfeng,standard,1,6,2,0,18276,8145,11229,517.3,10.76,18.35,,2,0,1,2,2,1208,424,1052,2329,3368,6104,8372,5924,666,1080,,270,,432,,t3_shieldbreaker|t3_rendspear
standard,153,r5,red,sup,輔助,huanjing,standard,1,0,0,2,6522,13758,10964,505,5.91,13.63,20.5,4,1,2,2,4,305,132,3165,563,4305,7162,10195,5924,194,,405,1395,,432,1843,t3_calmveil
standard,154,b1,blue,top,坦克,bingshouweis,standard,0,0,3,0,6457,23099,7914,378.2,8.85,16.86,,2,1,1,2,2,544,432,204,484,3494,5582,7634,5924,810,,,900,,0,,t3_calmveil|t3_thornmail
standard,154,b2,blue,jungle,刺客,jiansheng,standard,0,0,5,0,3150,10072,7588,362.6,9.38,18.98,,2,1,1,2,2,514,207,211,288,3714,5537,7211,5924,153,,,,1134,0,,t3_finalstring
standard,154,b3,blue,mid,法師,haixiao,standard,0,0,5,0,13731,13201,7410,354.1,12.12,19.27,,2,0,1,2,2,1144,322,480,60,3404,4952,7130,5924,756,,,450,,0,,t3_psyward
standard,154,b4,blue,adc,射手,phantom,standard,0,0,7,0,9228,11384,6766,323.3,11.8,19.37,,2,0,1,2,2,1194,208,236,515,3354,4938,6486,5924,513,,,,48,0,,t3_shieldbreaker|t3_rendspear
standard,154,b5,blue,sup,坦克,dadi,standard,0,0,5,0,5206,19467,9257,442.4,8.2,12.94,18.85,3,1,2,3,3,96,109,477,277,4296,6889,8977,5924,288,,,900,,0,1865,t3_calmveil|t3_thornmail
standard,154,r1,red,top,坦克,bingshouweis,standard,1,9,0,2,14037,20310,13638,651.8,9.28,13.32,17.6,4,1,2,4,4,418,207,316,1388,3368,6617,12566,5924,603,4320,405,810,,504,,t3_calmveil|t3_thornmail
standard,154,r2,red,jungle,刺客,jiansheng,standard,1,5,0,0,5026,6682,11675,558,8.91,12.03,16.31,3,1,2,3,3,46,2163,743,1275,4896,9163,11143,5924,225,2700,,472,1317,504,,t3_finalstring
standard,154,r3,red,mid,法師,haixiao,standard,1,6,0,1,16188,10339,11789,563.4,12.05,18,20.19,3,0,1,2,3,1198,371,2457,478,3458,6271,11257,5924,846,3240,270,472,,504,,t3_psyward
standard,154,r4,red,adc,射手,phantom,standard,1,5,0,3,17234,9670,11996,573.3,10.21,15.47,19.33,3,0,1,3,3,1298,489,533,845,3458,6289,10753,5924,702,2160,540,922,,504,,t3_shieldbreaker|t3_rendspear
standard,154,r5,red,sup,坦克,dadi,standard,1,0,0,6,7463,13726,11299,540,6.33,12.03,17.16,3,1,2,3,3,990,436,652,1319,4890,7676,10632,5924,216,,1215,472,,504,2300,t3_calmveil|t3_thornmail
standard,155,b1,blue,top,坦克,tiebi,standard,0,2,1,2,16237,27724,11672,438.4,7.88,14.82,19.01,4,1,2,3,4,670,84,192,371,3620,6464,9272,5924,720,1080,270,990,,288,,t3_calmveil|t3_thornmail
standard,155,b2,blue,jungle,刺客,hundun,standard,0,1,6,0,7478,14497,10691,401.6,11.78,17.68,,2,0,1,2,2,1276,731,159,1391,3486,6561,8389,5924,252,540,,540,844,288,,t3_psyward
standard,155,b3,blue,mid,法師,leiming,standard,0,3,5,2,23192,17185,11672,438.4,10.78,20.89,25.95,3,0,1,1,3,1270,692,1040,291,3530,5672,7490,5924,648,,540,90,,288,,t3_psyward
standard,155,b4,blue,adc,射手,huanying,standard,0,11,6,0,33054,13705,15272,573.6,11.49,19.13,22.24,4,0,1,2,4,1190,406,1556,1471,3350,5186,8876,5924,504,1620,,540,,288,,t3_shieldbreaker|t3_rendspear
standard,155,b5,blue,sup,輔助,luminary,standard,0,0,4,1,7896,21772,11881,446.2,8.36,12.9,16.63,4,1,2,3,4,287,539,477,431,4287,6789,9517,5924,144,,270,540,,288,2351,t3_calmveil
standard,155,r1,red,top,坦克,tiebi,standard,1,2,2,1,15711,29607,11670,438.3,8.79,16.92,21.34,4,1,1,2,4,294,356,820,370,4194,5706,8100,5924,864,1080,,,16,216,,t3_calmveil|t3_thornmail
standard,155,r2,red,jungle,刺客,hundun,standard,1,11,3,1,18371,15798,16349,614,9.99,16.33,20.86,4,1,1,2,4,37,380,1145,2048,4487,6780,10445,5924,351,2700,270,,983,216,,t3_psyward
standard,155,r3,red,mid,法師,leiming,standard,1,0,5,1,19976,16325,9506,357,11.56,22.16,,2,0,1,1,2,1234,560,626,505,3494,5060,7076,5924,666,,270,,,216,,t3_psyward
standard,155,r4,red,adc,射手,huanying,standard,1,9,4,1,29980,14156,16127,605.7,10.68,17.41,21.6,5,0,1,2,5,1172,355,309,526,3332,5735,9209,5924,819,1080,270,900,,216,,t3_shieldbreaker|t3_rendspear
standard,155,r5,red,sup,輔助,luminary,standard,1,0,3,1,9294,18595,11686,438.9,6.8,12.64,18.87,4,1,2,3,4,614,321,621,985,4314,6501,9201,5924,252,,270,,,216,2539,t3_calmveil
standard,156,b1,blue,top,坦克,shengdun,standard,0,0,4,0,7010,27164,8790,354.8,9.49,15.88,,2,1,1,2,2,328,354,344,1560,3278,5654,7274,5924,576,,,630,,144,,t3_calmveil|t3_thornmail
standard,156,b2,blue,jungle,刺客,razorwing,standard,0,1,5,0,5645,14246,9583,386.8,9.93,18.97,,2,1,1,2,2,285,314,514,1252,3485,5594,7944,5924,279,540,,180,876,144,,t3_finalstring
standard,156,b3,blue,mid,法師,mingyun2,standard,0,1,7,2,13897,15273,9654,389.7,11.92,21.46,,2,0,1,1,2,1234,342,630,254,3494,5492,7130,5924,882,,,180,,144,,t3_psyward
standard,156,b4,blue,adc,射手,siwang,standard,0,4,5,1,23459,11632,11301,456.2,10.6,18.88,23.4,3,0,1,2,3,1325,313,391,101,3485,5393,7391,5924,693,,,630,,144,,t3_shieldbreaker|t3_rendspear
standard,156,b5,blue,sup,輔助,xuemai,standard,0,0,2,1,5489,19298,10596,427.7,6.78,13.83,17.04,4,1,2,3,4,551,195,349,195,4251,7225,8809,5924,234,,,630,,144,1877,t3_calmveil
standard,156,r1,red,top,坦克,shengdun,standard,1,1,1,0,9710,24273,10639,429.4,9.07,17.97,21.49,3,1,1,2,3,454,377,561,709,3404,5127,6891,5924,630,,,,48,288,,t3_calmveil|t3_thornmail
standard,156,r2,red,jungle,刺客,razorwing,standard,1,0,1,0,7981,12095,9957,401.9,9.1,18.06,,2,1,1,2,2,545,334,479,1926,3745,5614,7729,5924,598,,,,918,288,,t3_finalstring
standard,156,r3,red,mid,法師,mingyun2,standard,1,13,3,0,30583,15317,16539,667.6,11.08,18.97,20.92,4,0,1,2,4,1333,609,745,2709,3593,5159,10145,5924,783,2700,,450,,288,,t3_psyward
standard,156,r4,red,adc,射手,siwang,standard,1,9,0,2,26827,9800,14439,582.8,9.86,18.48,22.28,3,1,1,2,3,90,286,1220,3059,3440,5186,8840,5924,738,1620,270,,,288,,t3_shieldbreaker|t3_rendspear
standard,156,r5,red,sup,輔助,xuemai,standard,1,0,1,3,5283,16652,11880,479.5,6.58,12.56,17.33,4,1,2,3,4,955,362,1443,1000,4355,6542,9143,5924,238,,270,450,,288,1972,t3_calmveil
standard,157,b1,blue,top,坦克,xukong,standard,0,1,1,0,7658,24704,9598,428.2,9.22,15,20.95,3,1,2,2,3,544,151,237,1348,3494,6401,7967,5924,828,540,,675,,0,,t3_calmveil|t3_thornmail
standard,157,b2,blue,jungle,刺客,yeiren,standard,0,0,6,0,5558,11059,8428,376,10.49,18.83,,2,0,1,2,2,1635,581,159,777,3565,5261,7459,5924,306,,,450,779,0,,t3_finalstring
standard,157,b3,blue,mid,法師,bingshuang,standard,0,1,4,0,13291,14359,8391,374.3,11.98,20.13,,2,0,1,1,2,1216,207,1144,140,3476,5357,7624,5924,918,540,,225,16,0,,t3_psyward
standard,157,b4,blue,adc,射手,maestro,standard,0,5,2,0,22438,12637,10372,462.7,10.7,17.49,21.86,3,0,1,2,3,1334,109,915,292,3494,5789,9065,5924,981,2160,,,,0,,t3_shieldbreaker|t3_rendspear
standard,157,b5,blue,sup,坦克,longji,standard,0,0,2,0,4439,19044,10359,462.1,7.61,14.17,18.09,3,1,2,3,3,333,520,421,779,4233,6420,9101,5924,171,,,450,16,0,2539,t3_calmveil|t3_thornmail
standard,157,r1,red,top,坦克,xukong,standard,1,2,0,1,8882,22903,10318,460.3,9.73,14.68,20.61,3,1,2,2,3,526,135,1487,288,3476,6545,8777,5924,747,540,270,810,,486,,t3_calmveil|t3_thornmail
standard,157,r2,red,jungle,刺客,yeiren,standard,1,3,0,1,9025,10492,11337,505.7,8.75,16.06,20.57,3,1,1,2,3,535,2227,1096,1837,3735,7557,9526,5924,384,1080,270,360,1021,486,,t3_finalstring
standard,157,r3,red,mid,法師,bingshuang,standard,1,0,3,3,14971,12477,9571,427,11.14,19.95,,2,0,1,2,2,1270,258,228,1071,3530,6158,7778,5924,828,,360,360,,306,,t3_psyward
standard,157,r4,red,adc,射手,maestro,standard,1,7,4,2,24156,11636,12424,554.2,11.48,16.18,20.49,3,0,1,2,3,1199,745,2093,1274,3359,6545,9893,5924,693,2160,360,360,,396,,t3_shieldbreaker|t3_rendspear
standard,157,r5,red,sup,坦克,longji,standard,1,3,0,3,8060,18714,13047,582,7.76,14.02,15.68,4,1,2,3,4,486,1181,1616,846,4386,8421,11596,5924,299,1620,630,360,,486,2275,t3_calmveil|t3_thornmail
standard,158,b1,blue,top,坦克,tiemu,standard,0,0,0,1,11830,23862,9223,407.5,8.94,17.31,,2,1,1,2,2,466,258,226,1492,3416,5108,7376,5924,588,,270,450,,144,,t3_calmveil|t3_thornmail
standard,158,b2,blue,jungle,刺客,sting,standard,0,0,4,0,3758,10162,7787,344,10.05,19.53,,2,0,1,2,2,1514,409,254,306,3444,5259,6954,5924,156,,,,730,144,,t3_finalstring
standard,158,b3,blue,mid,法師,mingyun2,standard,0,2,2,0,16223,14435,9592,423.8,12.12,19.37,,2,0,1,2,2,1228,102,347,711,3488,5252,8177,5924,803,1080,,225,,144,,t3_psyward
standard,158,b4,blue,adc,射手,liuxing,standard,0,4,4,0,16957,12044,11131,491.8,10.03,19.18,22.16,3,0,1,2,3,1505,241,864,750,3665,5321,8714,5924,981,540,,1125,,144,,t3_shieldbreaker|t3_rendspear
standard,158,b5,blue,sup,坦克,stoneguard,standard,0,0,3,0,7710,19960,9393,415,7.63,13.95,19.53,3,1,2,3,3,1468,400,228,452,4368,6600,8428,5924,243,,,,,144,2116,t3_calmveil|t3_thornmail
standard,158,r1,red,top,坦克,tiemu,standard,1,3,0,0,13222,19942,10051,444.1,8.32,15.64,22.5,3,1,1,2,3,330,614,902,500,3980,6014,8192,5924,774,1080,,270,,144,,t3_calmveil|t3_thornmail
standard,158,r2,red,jungle,刺客,sting,standard,1,1,3,1,7502,11341,9818,433.8,9.82,16.49,,2,1,1,2,2,348,1225,632,1387,3548,5905,8582,5924,126,540,135,270,1442,144,,t3_finalstring
standard,158,r3,red,mid,法師,mingyun2,standard,1,3,2,1,18206,13368,10726,473.9,9.81,16.85,,2,1,1,2,2,76,282,91,1325,3926,6482,9371,5924,828,1620,135,720,,144,,t3_psyward
standard,158,r4,red,adc,射手,liuxing,standard,1,5,1,0,13347,10911,12031,531.6,10.03,18.74,,2,0,1,2,2,1262,142,236,3450,3422,5942,8516,5924,738,540,,1170,,144,,t3_shieldbreaker|t3_rendspear
standard,158,r5,red,sup,坦克,stoneguard,standard,1,1,0,3,6765,16325,11114,491.1,7.16,14.18,19.05,3,1,2,3,3,441,537,655,1134,4341,6897,9255,5924,414,,540,270,,144,1963,t3_calmveil|t3_thornmail
standard,159,b1,blue,top,坦克,longji,standard,1,0,4,0,7650,27120,9470,377.9,9.4,16.06,23.79,3,1,1,2,3,562,246,578,440,3512,5546,7508,5924,648,,,720,,216,,t3_calmveil|t3_thornmail
standard,159,b2,blue,jungle,刺客,yingsi,standard,1,3,6,0,8231,16976,11630,464.1,8.56,16.37,23.36,3,1,1,2,3,559,405,953,1029,3759,5985,8803,5924,405,1080,,270,908,216,,t3_finalstring
standard,159,b3,blue,mid,法師,bingshuang,standard,1,7,4,1,25294,16709,13046,520.6,11.52,18.23,23.09,3,0,1,2,3,1198,330,270,566,3458,6230,8300,5924,540,1080,270,270,,216,,t3_psyward
standard,159,b4,blue,adc,射手,shensheng,standard,1,9,7,1,26687,12403,14006,558.9,11.07,18.07,21.65,3,0,1,2,3,1280,832,1020,2206,3440,6212,9920,5924,540,2700,270,270,,216,,t3_shieldbreaker|t3_rendspear
standard,159,b5,blue,sup,輔助,mingyunyindao,standard,1,0,3,5,7690,18708,13047,520.7,7.39,12.56,16.62,4,1,2,3,4,305,299,1119,2167,4305,7329,9579,5924,135,,270,1170,,216,1864,t3_calmveil
standard,159,r1,red,top,坦克,longji,standard,0,7,1,1,15873,32227,13502,538.8,9.84,13.6,17.89,4,1,2,3,4,106,332,854,1352,3956,6962,10784,5924,678,2700,270,900,,312,,t3_calmveil|t3_thornmail
standard,159,r2,red,jungle,刺客,yingsi,standard,0,6,3,1,12945,14563,12817,511.5,8.72,13.78,20.57,3,1,2,2,3,151,50,2004,1737,4481,7480,10334,5924,324,2700,135,,1179,72,,t3_finalstring
standard,159,r3,red,mid,法師,bingshuang,standard,0,3,5,1,21216,14723,10475,418,11.28,17.44,,2,0,1,2,2,1180,882,160,1075,3440,6212,8660,5924,804,1620,,,,311,,t3_psyward
standard,159,r4,red,adc,射手,shensheng,standard,0,8,5,5,31256,11019,14138,564.2,10.66,20.19,22.86,3,0,1,1,3,1145,571,2557,2338,3305,5051,8237,5924,651,540,810,,,311,,t3_shieldbreaker|t3_rendspear
standard,159,r5,red,sup,輔助,mingyunyindao,standard,0,0,5,1,5929,18568,10724,427.9,10.5,12.35,17.47,4,0,2,3,4,2721,164,662,323,4401,6644,9122,5924,206,,135,900,,72,1883,t3_calmveil
standard,160,b1,blue,top,坦克,tixue,standard,0,2,5,2,14968,46433,14616,431.7,9.82,15.63,20.33,5,1,1,2,5,562,434,1478,966,3512,5834,8768,5924,738,540,270,1080,,216,,t3_calmveil|t3_thornmail
standard,160,b2,blue,jungle,刺客,youming,standard,0,1,10,2,15172,19795,13432,396.7,10.22,18.96,25.74,4,0,1,2,4,1601,225,562,632,3531,5555,7262,5924,243,,,180,698,216,,t3_finalstring
standard,160,b3,blue,mid,法師,mingyun2,standard,0,17,10,1,41988,25929,20940,618.5,10.37,17.79,21.63,5,0,1,2,5,1792,450,208,4790,4052,6050,9488,5924,738,2160,270,180,,216,,t3_psyward
standard,160,b4,blue,adc,射手,liangzicz,standard,0,15,10,2,75408,21666,20769,613.4,10.36,17.88,22.98,5,0,1,2,5,1316,82,356,5169,3476,5762,8336,5924,576,540,,1080,,216,,t3_shieldbreaker|t3_rendspear
standard,160,b5,blue,sup,坦克,shiqiang,standard,0,3,4,4,19074,44986,17007,502.3,7.91,13.13,17.69,5,1,2,3,5,486,595,440,3406,4386,6955,10420,5924,261,1080,270,180,48,216,2440,t3_calmveil|t3_thornmail
standard,160,r1,red,top,坦克,tixue,standard,1,2,3,1,19323,39679,14495,428.1,8.93,16.93,22.88,5,1,1,2,5,520,648,726,845,3470,5198,7556,5924,1038,,,450,,144,,t3_calmveil|t3_thornmail
standard,160,r2,red,jungle,刺客,youming,standard,1,5,7,2,20016,21942,16218,479,9.03,16.62,22.9,5,1,1,2,5,457,908,783,917,3657,6238,8563,5924,372,1080,270,,773,144,,t3_finalstring
standard,160,r3,red,mid,法師,mingyun2,standard,1,13,12,1,51595,24182,21050,621.7,10.6,18.7,24.16,5,0,1,2,5,1546,411,331,4900,3806,6311,8831,5924,1278,540,135,450,,504,,t3_psyward
standard,160,r4,red,adc,射手,liangzicz,standard,1,16,11,3,78347,20702,21755,642.5,10.23,19.88,22.85,5,0,1,2,5,1793,238,326,6155,3953,5618,7706,5924,738,540,,,,504,,t3_shieldbreaker|t3_rendspear
standard,160,r5,red,sup,坦克,shiqiang,standard,1,3,5,4,15657,38237,17063,504,7.79,14.18,17.78,5,1,2,3,5,330,448,646,3463,4230,6648,9726,5924,173,540,405,,,144,2539,t3_calmveil|t3_thornmail
standard,161,b1,blue,top,坦克,suishan,standard,0,0,2,0,10224,24885,7796,348.8,9.13,16.98,,2,1,1,2,2,418,252,235,366,3368,5402,7085,5924,639,,,450,,72,,t3_calmveil|t3_thornmail
standard,161,b2,blue,jungle,戰士,rongyan,standard,0,1,1,0,7608,15369,8487,379.7,8.83,17.94,,2,1,1,2,2,399,1177,363,607,3499,5757,7643,5924,378,540,,,729,72,,t3_finalstring|t3_shieldbreaker
standard,161,b3,blue,mid,法師,bingshuang,standard,0,1,3,0,14888,15807,9002,402.8,11.64,19.15,,2,0,1,2,2,1351,723,191,772,3611,5753,7841,5924,855,540,,450,,72,,t3_psyward
standard,161,b4,blue,adc,射手,xingchen,standard,0,0,3,1,13278,10998,8408,376.2,10.51,19.74,,2,0,1,2,2,1280,115,347,728,3440,5015,7247,5924,531,,270,450,,72,,t3_shieldbreaker|t3_rendspear
standard,161,b5,blue,sup,坦克,tixue,standard,0,0,2,0,3837,18962,10400,465.3,7.49,13.58,18.51,3,1,2,3,3,150,469,151,820,4350,6969,9131,5924,189,,,450,,72,2495,t3_calmveil|t3_thornmail
standard,161,r1,red,top,坦克,suishan,standard,1,4,0,1,13002,21364,10712,479.3,9.55,14.96,20.18,3,1,2,2,3,240,82,1172,1162,3890,6032,8462,5924,666,1080,,360,,432,,t3_calmveil|t3_thornmail
standard,161,r2,red,jungle,戰士,rongyan,standard,1,3,0,2,9959,12291,11422,511.1,8.71,17.07,20.83,3,1,1,2,3,396,1351,1490,872,4496,6831,10090,5924,306,1620,405,360,1043,432,,t3_finalstring|t3_shieldbreaker
standard,161,r3,red,mid,法師,bingshuang,standard,1,0,1,1,18751,11687,9618,430.3,10.42,18.01,,2,0,1,2,2,1549,868,172,817,3809,6468,8322,5924,837,,270,810,48,432,,t3_psyward
standard,161,r4,red,adc,射手,xingchen,standard,1,3,0,3,20308,10074,10874,486.5,10.61,19.38,21.1,3,0,1,2,3,1316,274,344,974,3476,5654,7544,5924,828,,,360,,432,,t3_shieldbreaker|t3_rendspear
standard,161,r5,red,sup,坦克,tixue,standard,1,1,1,2,5311,14559,12197,545.7,7.29,13.46,17.77,4,1,2,3,4,714,216,817,896,4314,6996,10317,5924,207,,405,810,,432,2539,t3_calmveil|t3_thornmail
standard,162,b1,blue,top,坦克,stoneguard,standard,0,0,0,0,9323,21067,7995,373.8,9.64,18.23,,2,1,1,2,2,454,606,196,365,3404,5006,7526,5924,630,,,900,,72,,t3_calmveil|t3_thornmail
standard,162,b2,blue,jungle,戰士,tielian,standard,0,0,2,0,6278,13922,7716,360.7,9.31,18.86,,2,1,1,2,2,546,1143,200,665,3646,5493,7250,5924,216,,,,1037,72,,t3_shieldbreaker|t3_finalstring
standard,162,b3,blue,mid,法師,lieyan,standard,0,0,2,0,14095,13216,7401,346,11.67,,,1,0,1,1,1,1288,462,852,1321,3548,5312,6932,5924,936,,,,,72,,t3_psyward
standard,162,b4,blue,adc,射手,liangzi,standard,0,4,4,0,15361,11259,9660,451.6,9.3,18.25,,2,1,1,2,2,219,181,173,810,3569,5081,8123,5924,597,1080,,450,,72,,t3_shieldbreaker|t3_rendspear
standard,162,b5,blue,sup,輔助,linghun,standard,0,0,1,1,3803,14422,9432,440.9,7.93,12.61,17.29,3,1,2,3,3,284,182,514,391,4284,6912,8974,5924,176,,270,450,,72,2081,t3_calmveil
standard,162,r1,red,top,坦克,stoneguard,standard,1,2,0,0,10854,18389,9837,459.9,9,14.83,20.08,3,1,2,2,3,382,191,1466,387,3332,6041,8696,5924,747,540,,1035,,450,,t3_calmveil|t3_thornmail
standard,162,r2,red,jungle,戰士,tielian,standard,1,0,0,0,7836,10523,9082,424.6,9.89,16.62,,2,1,1,2,2,647,1639,702,832,3747,6289,8352,5924,288,,,360,1329,450,,t3_shieldbreaker|t3_finalstring
standard,162,r3,red,mid,法師,lieyan,standard,1,3,2,1,14984,11260,10764,503.2,11.73,18.76,,2,0,1,2,2,1252,846,2073,1364,3512,6446,9623,5924,864,1080,270,1035,,450,,t3_psyward
standard,162,r4,red,adc,射手,liangzi,standard,1,4,2,2,18099,9552,10935,511.2,10.41,18.31,20.79,3,0,1,2,3,1172,262,354,35,3332,5942,9254,5924,540,1080,540,810,,360,,t3_shieldbreaker|t3_rendspear
standard,162,r5,red,sup,輔助,linghun,standard,1,0,0,1,6756,12467,9604,448.9,8.79,13.48,19.24,3,1,2,3,3,815,308,72,373,4215,6788,8732,5924,225,,,360,,450,1773,t3_calmveil
standard,163,b1,blue,top,坦克,ironclad,standard,0,0,2,0,4885,16843,7084,361.3,9.26,17.25,,2,1,1,,2,328,340,,354,3278,4790,,,,,,,,,,t3_calmveil|t3_thornmail
standard,163,b2,blue,jungle,戰士,cinderfist,standard,0,0,3,1,7951,14870,7419,378.3,9.11,18.3,,2,1,1,,2,556,478,,188,3656,5608,,,,,,,,,,t3_shieldbreaker|t3_finalstring
standard,163,b3,blue,mid,法師,shikong,standard,0,1,2,1,7738,11907,7732,394.3,11.38,19.03,,2,0,1,,2,1090,498,,82,3350,5348,,,,,,,,,,t3_psyward
standard,163,b4,blue,adc,射手,shengyan,standard,0,3,2,1,10529,8860,9103,464.2,10.72,18.23,,2,0,1,,2,1154,490,,353,3314,5870,,,,,,,,,,t3_shieldbreaker|t3_rendspear
standard,163,b5,blue,sup,輔助,shiguang,standard,0,0,1,1,3368,11042,8714,444.4,7.07,13.35,18.22,3,1,2,,3,824,238,,553,4224,6418,,,,,,,,,,t3_calmveil
standard,163,r1,red,top,坦克,ironclad,standard,1,2,0,0,7621,16271,9415,480.2,8.27,13.77,19.14,3,1,2,,3,370,185,,385,3920,6635,,,,,,,,,,t3_calmveil|t3_thornmail
standard,163,r2,red,jungle,戰士,cinderfist,standard,1,4,1,1,9686,10473,10878,554.7,8.96,15.42,17.25,3,1,1,,3,873,1944,,1327,3973,7374,,,,,,,,,,t3_shieldbreaker|t3_finalstring
standard,163,r3,red,mid,法師,shikong,standard,1,0,1,1,9765,9069,8232,419.8,11.3,18.29,,2,0,1,,2,1282,374,,681,3542,5974,,,,,,,,,,t3_psyward
standard,163,r4,red,adc,射手,shengyan,standard,1,4,2,1,11611,8156,9979,508.9,11.68,17.28,,2,0,1,,2,1226,346,,1079,3386,5426,,,,,,,,,,t3_shieldbreaker|t3_rendspear
standard,163,r5,red,sup,輔助,shiguang,standard,1,0,0,0,4418,10668,9958,507.8,6.83,12.18,17.33,3,1,2,,3,287,355,,728,4287,7385,,,,,,,,,,t3_calmveil
standard,164,b1,blue,top,坦克,tieshixin,standard,0,3,2,0,14672,26250,9984,429.9,9.72,15.36,20.16,3,1,1,2,3,436,632,666,393,3386,6032,8396,5924,558,1080,,450,,384,,t3_calmveil|t3_thornmail
standard,164,b2,blue,jungle,戰士,chichuan,standard,0,0,4,4,10549,17576,9416,405.4,8.58,17.13,,2,1,1,2,2,516,691,713,1016,3616,5571,7913,5924,288,,360,,956,383,,t3_finalstring|t3_shieldbreaker
standard,164,b3,blue,mid,法師,lieyan,standard,0,3,2,2,24410,14685,11094,477.7,11.72,17.77,21.79,3,0,1,2,3,1306,292,140,943,3566,5672,7850,5924,702,540,90,450,,144,,t3_psyward
standard,164,b4,blue,adc,射手,mirrorshot,standard,0,3,7,0,14734,12752,9600,413.3,10.43,20.09,,2,0,1,1,2,1226,262,1204,1019,3386,5042,7004,5924,486,,,450,,144,,t3_shieldbreaker|t3_rendspear
standard,164,b5,blue,sup,坦克,tixue,standard,0,0,3,2,7781,20344,10185,438.5,6.83,13.58,18.69,3,1,2,3,3,441,373,202,604,4341,6573,9002,5924,198,,90,450,,383,1955,t3_calmveil|t3_thornmail
standard,164,r1,red,top,坦克,tieshixin,standard,1,6,1,0,17225,24308,11727,504.9,8.39,14.14,17.78,3,1,2,3,3,33,267,373,1696,3983,7097,9923,5924,813,2700,,270,,216,,t3_calmveil|t3_thornmail
standard,164,r2,red,jungle,戰士,chichuan,standard,1,1,1,5,11296,16907,10624,457.5,9.16,17.04,21.78,3,1,1,2,3,526,1258,502,424,3626,6738,9102,5924,102,540,720,270,1329,216,,t3_finalstring|t3_shieldbreaker
standard,164,r3,red,mid,法師,lieyan,standard,1,2,2,3,20300,13504,10425,448.9,11.82,17.73,,2,0,1,2,2,1160,772,214,1025,3420,6102,8964,5924,794,1080,180,720,48,216,,t3_psyward
standard,164,r4,red,adc,射手,mirrorshot,standard,1,9,3,0,22783,12774,13740,591.6,10.07,17.23,19.77,3,0,1,3,3,1217,151,390,1939,3377,5951,10910,5924,810,3240,,720,,216,,t3_shieldbreaker|t3_rendspear
standard,164,r5,red,sup,坦克,tixue,standard,1,0,2,4,6707,18640,11240,483.9,7.89,13.49,18.52,3,1,2,3,3,642,787,529,1259,4242,6987,10029,5924,180,,450,720,,216,2539,t3_calmveil|t3_thornmail
standard,165,b1,blue,top,坦克,tiankong,standard,0,1,3,0,6156,20626,8476,391.7,7.16,16.85,21.05,3,1,1,2,3,430,642,574,325,3980,5942,7904,5924,468,540,,900,,72,,t3_calmveil|t3_thornmail
standard,165,b2,blue,jungle,戰士,dadi2,standard,0,0,3,0,6183,13157,8304,383.7,8.65,17.48,,2,1,1,2,2,535,381,635,323,3635,5631,7665,5924,414,,,450,804,72,,t3_shieldbreaker|t3_finalstring
standard,165,b3,blue,mid,法師,shikong,standard,0,0,5,0,13433,14821,7499,346.5,10.86,20.22,,2,0,1,1,2,1324,581,1568,848,3584,5391,6948,5924,927,,,,24,72,,t3_psyward
standard,165,b4,blue,adc,射手,hanbing,standard,0,4,3,0,16524,12757,9863,455.7,10.16,19.57,,2,0,1,2,2,1244,185,115,1113,3404,5085,7635,5924,633,540,,450,16,72,,t3_shieldbreaker|t3_rendspear
standard,165,b5,blue,sup,輔助,mantra,standard,0,0,1,1,3943,14687,9518,439.8,6.18,12.74,17.56,3,1,2,3,3,305,710,552,478,4305,6960,8712,5924,185,,,450,,72,2080,t3_calmveil
standard,165,r1,red,top,坦克,tiankong,standard,1,6,0,1,11128,22316,11596,535.8,9.88,12.58,17.91,3,1,2,3,3,304,959,419,1665,3854,7409,10349,5924,573,2700,90,630,,432,,t3_calmveil|t3_thornmail
standard,165,r2,red,jungle,戰士,dadi2,standard,1,4,0,4,8317,11547,11509,531.8,8.24,14.75,,2,1,2,2,2,204,292,2294,3258,4734,7342,10544,5924,108,2160,675,180,1064,432,,t3_shieldbreaker|t3_finalstring
standard,165,r3,red,mid,法師,shikong,standard,1,1,3,3,10545,12210,9541,440.9,11.1,18.55,,2,0,1,2,2,1315,918,1014,140,3575,6248,8864,5924,798,540,540,630,,432,,t3_psyward
standard,165,r4,red,adc,射手,hanbing,standard,1,3,2,2,17211,8655,10990,507.8,10.26,17.58,20.85,3,0,1,2,3,1136,382,2141,989,3296,5762,9761,5924,569,1080,225,1530,,432,,t3_shieldbreaker|t3_rendspear
standard,165,r5,red,sup,輔助,mantra,standard,1,1,0,7,9668,11282,11390,526.3,7.88,12.42,17.18,3,1,2,3,3,473,626,1573,2640,4773,7356,10323,5924,182,540,1170,180,,432,1894,t3_calmveil
standard,166,b1,blue,top,坦克,tiebi,standard,1,0,1,0,9319,22250,8834,381.9,8.54,15.73,23.1,3,1,1,2,3,526,246,260,284,3476,5546,7490,5924,612,,,450,,504,,t3_calmveil|t3_thornmail
standard,166,b2,blue,jungle,戰士,langwang,standard,1,3,1,0,8079,13774,10779,466,10.1,19.23,20.92,3,0,1,2,3,1433,1422,248,929,3433,5652,8798,5924,288,1080,,450,551,504,,t3_shieldbreaker|t3_finalstring
standard,166,b3,blue,mid,法師,lieyan,standard,1,1,1,0,14877,12675,9986,431.7,11.88,20.04,,2,0,1,1,2,1360,144,1188,1486,3620,5744,7688,5924,810,,,450,,504,,t3_psyward
standard,166,b4,blue,adc,射手,xuanfeng,standard,1,9,3,2,34812,10444,14214,614.4,9.58,16.94,20.04,3,1,1,2,3,144,146,3386,2414,3494,5526,10386,5924,612,2160,270,900,16,504,,t3_shieldbreaker|t3_rendspear
standard,166,b5,blue,sup,輔助,huanjing,standard,1,0,0,2,7120,16380,10774,465.7,7.08,13.03,17.93,3,1,2,3,3,1805,358,1766,1543,4305,6838,9466,5924,90,,270,900,,504,1777,t3_calmveil
standard,166,r1,red,top,坦克,tiebi,standard,0,2,2,1,9832,27686,9305,402.2,9.26,14.06,21.51,3,1,2,2,3,382,296,863,755,3332,6446,8093,5924,504,1080,135,450,,0,,t3_calmveil|t3_thornmail
standard,166,r2,red,jungle,戰士,langwang,standard,0,0,3,0,11849,17932,8571,370.5,9.01,18.62,,2,1,1,2,2,315,254,123,921,3415,5384,7173,5924,396,,,,853,0,,t3_shieldbreaker|t3_finalstring
standard,166,r3,red,mid,法師,lieyan,standard,0,0,3,1,18772,14154,9359,404.6,11.01,19.93,,2,0,1,2,2,1306,120,189,549,3566,5150,8219,5924,810,,135,1350,,0,,t3_psyward
standard,166,r4,red,adc,射手,xuanfeng,standard,0,3,2,0,9570,9372,10193,440.6,11.53,19.34,,2,0,1,2,2,1424,40,215,1293,3584,5420,7535,5924,846,540,,225,,0,,t3_shieldbreaker|t3_rendspear
standard,166,r5,red,sup,輔助,huanjing,standard,0,1,3,1,5760,16916,10505,454.1,7.13,14.37,16.63,3,1,2,3,3,815,377,63,1274,4215,6627,9293,5924,108,540,270,225,,0,2225,t3_calmveil
standard,167,b1,blue,top,坦克,shengdun,standard,0,1,0,0,9008,24313,8935,398.6,9.38,16.04,21.63,3,1,1,2,3,400,210,372,285,3350,5060,7202,5924,756,,,450,,72,,t3_calmveil|t3_thornmail
standard,167,b2,blue,jungle,戰士,jingci,standard,0,1,1,1,9398,16183,9643,430.2,8.93,18.33,,2,1,1,2,2,565,231,268,1413,3665,5711,8018,5924,621,540,,,860,72,,t3_finalstring|t3_shieldbreaker
standard,167,b3,blue,mid,法師,shikong,standard,0,1,5,2,11988,13768,9067,404.5,11.58,19.54,,2,0,1,2,2,1063,399,174,917,3323,5249,7724,5924,513,,540,675,,72,,t3_psyward
standard,167,b4,blue,adc,射手,phantom,standard,0,3,2,1,20025,11452,10087,450,9.93,17.21,,2,1,1,2,2,354,664,1530,1337,3704,5864,9050,5924,983,1620,,450,,72,,t3_shieldbreaker|t3_rendspear
standard,167,b5,blue,sup,坦克,dadi,standard,0,0,2,0,4185,18421,10770,480.4,6.9,13.43,18.49,3,1,2,3,3,192,405,118,389,4392,7065,9918,5924,293,,,1125,,72,2503,t3_calmveil|t3_thornmail
standard,167,r1,red,top,坦克,shengdun,standard,1,1,0,0,8282,17667,10183,454.3,8.88,14.63,20.23,3,1,2,2,3,940,178,1370,753,3890,6428,8660,5924,558,540,,1170,,468,,t3_calmveil|t3_thornmail
standard,167,r2,red,jungle,戰士,jingci,standard,1,2,0,0,9982,15106,10108,450.9,9.56,17.46,,2,1,1,2,2,524,505,344,1507,3624,5985,8944,5924,252,1080,,270,950,468,,t3_finalstring|t3_shieldbreaker
standard,167,r3,red,mid,法師,shikong,standard,1,1,3,1,20577,11937,9391,418.9,9.98,18.77,,2,1,1,2,2,238,312,204,411,4088,6212,8354,5924,972,540,270,270,,378,,t3_psyward
standard,167,r4,red,adc,射手,phantom,standard,1,3,3,2,18525,9722,10921,487.2,11.46,18.05,,2,0,1,2,2,1226,130,1400,2341,3386,5510,8300,5924,738,,540,720,,378,,t3_shieldbreaker|t3_rendspear
standard,167,r5,red,sup,坦克,dadi,standard,1,3,0,2,6733,16845,12547,559.7,7.03,12.99,18.29,4,1,2,3,4,441,124,1296,947,4341,7064,11276,5924,396,1620,270,720,,468,1878,t3_calmveil|t3_thornmail
standard,168,b1,blue,top,坦克,shiqiang,standard,0,0,0,0,12109,24707,8746,377,8.58,15.38,23.17,3,1,1,2,3,760,632,488,96,3710,6032,7778,5924,1152,,,450,,252,,t3_calmveil|t3_thornmail
standard,168,b2,blue,jungle,戰士,embercoil,standard,0,1,3,0,6569,19075,8793,379,8.76,18.32,,2,1,1,2,2,394,164,328,563,3494,5344,7728,5924,234,540,,,777,252,,t3_finalstring|t3_shieldbreaker
standard,168,b3,blue,mid,法師,xingjie,standard,0,0,6,0,17511,16235,8098,349.1,11.94,21,,2,0,1,1,2,1162,732,1014,448,3422,5582,7094,5924,558,,,450,,162,,t3_psyward
standard,168,b4,blue,adc,射手,yanfeng,standard,0,3,5,0,16853,13714,9421,406.1,10.35,18.85,,2,0,1,2,2,1343,223,117,671,3503,5123,7337,5924,621,540,,,,252,,t3_shieldbreaker|t3_rendspear
standard,168,b5,blue,sup,坦克,thornwall,standard,0,0,3,0,6107,20101,9708,418.5,8.45,13.63,19.37,3,1,2,3,3,396,310,240,128,4296,6510,8740,5924,135,,,450,,162,2069,t3_calmveil|t3_thornmail
standard,168,r1,red,top,坦克,shiqiang,standard,1,2,0,3,10902,22530,10786,464.9,9.53,16.29,21.63,3,1,1,2,3,286,320,1086,756,3236,5720,7916,5924,534,540,90,540,,288,,t3_calmveil|t3_thornmail
standard,168,r2,red,jungle,戰士,embercoil,standard,1,5,0,0,11736,14757,11894,512.7,8.03,16.44,20.65,3,1,1,2,3,175,2239,697,863,4275,6939,9297,5924,252,1620,,90,1123,288,,t3_finalstring|t3_shieldbreaker
standard,168,r3,red,mid,法師,xingjie,standard,1,1,0,1,20518,14196,10519,453.4,11.32,18.75,,2,0,1,2,2,1198,345,531,1119,3458,6245,8081,5924,909,,270,690,,288,,t3_psyward
standard,168,r4,red,adc,射手,yanfeng,standard,1,9,4,1,29360,11456,14269,615.1,10.23,17.22,20.46,4,0,1,2,4,1343,343,1229,1049,3503,5723,9809,5924,882,2160,90,464,,288,,t3_shieldbreaker|t3_rendspear
standard,168,r5,red,sup,坦克,thornwall,standard,1,0,0,4,6162,15799,10966,472.7,8.5,12.93,20.17,3,1,2,2,3,120,358,2146,985,4320,7298,9386,5924,302,,630,464,,288,1775,t3_calmveil|t3_thornmail
standard,169,b1,blue,top,坦克,tiemu,standard,0,2,0,0,8451,24625,9476,397.9,9.23,16.43,21.26,3,1,1,2,3,517,545,429,275,3467,5645,7709,5924,597,540,,360,,288,,t3_calmveil|t3_thornmail
standard,169,b2,blue,jungle,戰士,hunpo,standard,0,0,3,0,5326,9343,8931,375,12.19,21.14,,2,0,1,1,2,1395,213,1235,50,3605,6013,7635,5924,138,,,360,924,288,,t3_psyward
standard,169,b3,blue,mid,法師,auralith,standard,0,0,3,2,14377,13744,8999,377.8,11.6,19.6,,2,0,1,2,2,1234,62,314,248,3494,5762,7814,5924,702,,540,360,,288,,t3_psyward
standard,169,b4,blue,adc,射手,siwang,standard,0,12,6,1,30794,12789,15626,656.1,9.32,16.43,19.68,4,1,1,3,4,216,1048,112,1775,3566,6728,11492,5924,690,3780,,810,,288,,t3_shieldbreaker|t3_rendspear
standard,169,b5,blue,sup,輔助,shengming,standard,0,0,2,1,6290,16257,10341,434.2,6.37,12.48,18.24,3,1,2,3,3,296,507,375,1300,4296,6987,8535,5924,248,,,360,,288,1713,t3_calmveil
standard,169,r1,red,top,坦克,tiemu,standard,1,5,3,1,12447,25842,12713,533.8,8.35,14.83,19.41,4,1,2,3,4,200,78,240,512,3800,5978,8840,5924,936,1080,270,450,,180,,t3_calmveil|t3_thornmail
standard,169,r2,red,jungle,戰士,hunpo,standard,1,3,2,0,8076,10110,10955,460,8.57,19.79,23.68,3,1,1,2,3,531,107,411,225,4331,6207,8811,5924,162,1080,,,1464,180,,t3_psyward
standard,169,r3,red,mid,法師,auralith,standard,1,1,0,2,18633,14898,10724,450.3,11.18,18.74,,2,0,1,2,2,1207,107,155,1373,3467,5807,8435,5924,981,,270,900,,360,,t3_psyward
standard,169,r4,red,adc,射手,siwang,standard,1,5,9,1,18660,11831,11426,479.7,10.83,19.68,22.87,3,0,1,2,3,1172,229,311,1125,3332,5609,7931,5924,747,540,270,450,,0,,t3_shieldbreaker|t3_rendspear
standard,169,r5,red,sup,輔助,shengming,standard,1,0,0,2,4913,13888,11609,487.4,6.21,13.28,19.61,4,1,2,3,4,560,555,874,728,4260,6555,9914,5924,378,,270,900,,360,2082,t3_calmveil
standard,170,b1,blue,top,坦克,dadi,standard,1,1,4,0,11527,25047,9919,427.4,9.01,15.64,20.23,3,1,1,2,3,508,848,560,668,3458,6248,7850,5924,612,540,,630,,144,,t3_calmveil|t3_thornmail
standard,170,b2,blue,jungle,戰士,leimingcf,standard,1,1,1,1,10634,14461,9837,423.9,7.8,16.18,,2,1,1,2,2,115,1205,835,1237,4215,6685,8535,5924,522,540,135,180,910,324,,t3_finalstring|t3_shieldbreaker
standard,170,b3,blue,mid,法師,xingjie,standard,1,1,2,1,16721,12375,9730,419.2,11.63,17.83,,2,0,1,2,2,1288,129,513,679,3548,6329,8543,5924,990,540,135,630,,324,,t3_psyward
standard,170,b4,blue,adc,射手,maestro,standard,1,4,2,1,19645,12887,10891,469.3,11.84,19.44,23.08,3,0,1,2,3,1154,394,356,370,3314,5294,7256,5924,378,,,630,,324,,t3_shieldbreaker|t3_rendspear
standard,170,b5,blue,sup,坦克,shiqiang,standard,1,2,3,3,6309,19775,12495,538.4,7.3,12.28,17.78,4,1,2,3,4,477,555,266,294,4377,7795,10246,5924,198,540,270,630,16,324,2343,t3_calmveil|t3_thornmail
standard,170,r1,red,top,坦克,dadi,standard,0,6,0,0,11227,21609,12835,553,9.72,14.88,18.33,4,1,2,3,4,310,50,605,585,3260,6000,10635,5924,720,2700,,990,48,252,,t3_calmveil|t3_thornmail
standard,170,r2,red,jungle,戰士,leimingcf,standard,0,3,0,2,10467,14781,10742,462.9,8.68,16.51,,2,1,1,2,2,480,471,812,2142,3580,5951,8812,5924,270,1080,180,90,1016,252,,t3_finalstring|t3_shieldbreaker
standard,170,r3,red,mid,法師,xingjie,standard,0,0,5,4,18088,13936,8434,363.4,12.11,20.85,,2,0,1,1,2,1162,138,1248,183,3422,5168,7328,5924,792,,450,90,,72,,t3_psyward
standard,170,r4,red,adc,射手,maestro,standard,0,3,2,1,18738,12580,10384,447.4,11.3,18.77,,2,0,1,2,2,1055,109,251,1803,3215,4889,7751,5924,495,540,,540,,252,,t3_shieldbreaker|t3_rendspear
standard,170,r5,red,sup,坦克,shiqiang,standard,0,0,2,5,7640,20430,10379,447.2,8.13,13.58,18.34,3,1,2,3,3,324,237,313,839,4224,6717,9273,5924,243,,720,90,,252,2044,t3_calmveil|t3_thornmail
standard,171,b1,blue,top,坦克,tixue,standard,1,0,0,0,7629,19216,9246,413.1,9.46,17.38,,2,1,1,2,2,454,297,1001,1956,3404,5447,8291,5924,513,,,1350,,504,,t3_calmveil|t3_thornmail
standard,171,b2,blue,jungle,刺客,jiansheng,standard,1,2,2,0,7473,9817,10033,448.2,10.17,15.87,21.87,3,0,1,2,3,1641,984,855,533,3571,6314,8985,5924,346,1080,,450,680,504,,t3_finalstring
standard,171,b3,blue,mid,法師,auralith,standard,1,0,1,0,15905,11989,8517,380.5,11.57,20.53,,2,0,1,1,2,1234,450,1062,667,3494,5600,7562,5924,684,,,450,,504,,t3_psyward
standard,171,b4,blue,adc,射手,liuxing,standard,1,10,1,0,28461,12221,14061,628.2,10.83,17.7,19.94,4,0,1,3,4,1190,223,132,1161,3350,6023,10352,5924,549,2700,,675,,504,,t3_shieldbreaker|t3_rendspear
standard,171,b5,blue,sup,坦克,stoneguard,standard,1,0,2,3,6338,18929,11494,513.5,7.58,12.93,17.52,4,1,2,3,4,105,79,343,193,4305,7319,10323,5924,139,,540,675,48,504,2491,t3_calmveil|t3_thornmail
standard,171,r1,red,top,坦克,tixue,standard,0,0,2,1,7927,24681,8724,389.8,8.11,16.13,,2,1,1,2,2,661,317,443,1434,3611,5717,7733,5924,909,,,900,,0,,t3_calmveil|t3_thornmail
standard,171,r2,red,jungle,刺客,jiansheng,standard,0,1,4,1,6196,10710,8969,400.7,9.37,18.12,,2,1,1,2,2,373,833,201,539,3573,5813,8151,5924,327,540,135,,1224,0,,t3_finalstring
standard,171,r3,red,mid,法師,auralith,standard,0,2,2,1,18141,13529,9892,441.9,12.12,18.85,,2,0,1,2,2,1372,312,151,811,3632,6062,8181,5924,948,540,270,450,48,0,,t3_psyward
standard,171,r4,red,adc,射手,liuxing,standard,0,1,4,1,14519,12168,8076,360.8,10.38,21.17,,2,0,1,1,2,1163,313,925,696,3323,5213,6725,5924,531,,270,,,0,,t3_shieldbreaker|t3_rendspear
standard,171,r5,red,sup,坦克,stoneguard,standard,0,2,0,1,6712,21290,11362,507.6,7.69,12.16,16.57,3,1,2,3,3,1266,533,643,1382,4866,7773,10623,5924,344,1080,135,900,,0,2238,t3_calmveil|t3_thornmail
standard,172,b1,blue,top,坦克,suishan,standard,0,1,1,0,5952,28329,9172,380.1,9.07,16.68,23.62,3,1,1,2,3,454,670,152,322,3404,5420,7382,5924,666,,,450,,342,,t3_calmveil|t3_thornmail
standard,172,b2,blue,jungle,刺客,youming,standard,0,0,6,0,6165,11685,8866,367.4,9.48,19.43,,2,1,1,2,2,366,414,292,786,3566,5344,7422,5924,216,,,,939,342,,t3_finalstring
standard,172,b3,blue,mid,法師,xingjie,standard,0,4,2,1,19653,17345,12376,512.8,10.08,17.9,23.19,3,0,1,2,3,1567,1029,105,1526,3827,5879,8435,5924,1179,540,,450,,342,,t3_psyward
standard,172,b4,blue,adc,射手,shensheng,standard,0,3,2,0,14539,10894,10477,434.1,10.6,18.67,22.98,3,0,1,2,3,1244,331,125,157,3404,5231,8075,5924,594,540,,675,,342,,t3_shieldbreaker|t3_rendspear
standard,172,b5,blue,sup,輔助,mingyunyindao,standard,0,0,4,2,5790,18551,10646,441.1,8.98,12.99,18.42,4,1,2,3,4,632,485,991,245,4332,6735,8991,5924,153,,,675,,72,2166,t3_calmveil
standard,172,r1,red,top,坦克,suishan,standard,1,3,0,1,8507,23250,11890,492.7,9.54,14.85,19.63,4,1,2,3,4,490,197,143,340,3440,6347,8993,5924,828,1080,,945,,216,,t3_calmveil|t3_thornmail
standard,172,r2,red,jungle,刺客,youming,standard,1,3,1,0,8857,12208,11119,460.7,10.05,16.44,22.08,3,0,1,2,3,1599,750,455,1169,3529,6330,8785,5924,90,1080,,270,1205,216,,t3_finalstring
standard,172,r3,red,mid,法師,xingjie,standard,1,3,3,1,19792,13989,11143,461.7,11.28,18.2,,2,0,1,2,2,1288,345,177,1743,3548,6545,8327,5924,882,540,270,495,,216,,t3_psyward
standard,172,r4,red,adc,射手,shensheng,standard,1,6,4,2,31262,10228,12478,517.1,11.08,18.95,23.19,3,0,1,2,3,1154,178,983,1098,3314,5378,8303,5924,588,1080,,495,,216,,t3_shieldbreaker|t3_rendspear
standard,172,r5,red,sup,輔助,mingyunyindao,standard,1,0,0,1,6274,15871,11144,461.8,7.98,12.12,17.91,4,1,2,3,4,251,155,404,444,4251,7185,9444,5924,203,,270,945,,216,1884,t3_calmveil
standard,173,b1,blue,top,戰士,greymantle,standard,0,1,0,0,9434,24221,7926,378.8,9.4,17.98,,2,1,1,2,2,200,276,246,346,3350,5456,7526,5924,540,540,,450,,72,,t3_shieldbreaker|t3_finalstring
standard,173,b2,blue,jungle,刺客,yueying,standard,0,0,3,0,8076,11564,7589,362.7,8.57,19.02,,2,1,1,2,2,587,335,161,459,3787,5565,7291,5924,378,,,,916,72,,t3_finalstring
standard,173,b3,blue,mid,法師,gambler,standard,0,1,4,1,14598,12033,8695,415.5,11.53,17.8,,2,0,1,2,2,1288,450,265,364,3548,5780,8295,5924,990,540,270,450,48,72,,t3_psyward
standard,173,b4,blue,adc,射手,liangzicz,standard,0,4,2,0,9416,8135,9541,456,10.61,18.11,,2,0,1,2,2,1154,946,117,991,3314,5546,8667,5924,576,1620,,450,24,72,,t3_shieldbreaker|t3_rendspear
standard,173,b5,blue,sup,輔助,mingyun,standard,0,0,1,1,5635,11969,9313,445.1,6.59,12.7,17.07,3,1,2,3,3,77,411,333,733,4377,6591,8913,5924,252,,270,450,,72,1945,t3_calmveil
standard,173,r1,red,top,戰士,greymantle,standard,1,2,0,0,14105,22577,9936,474.9,10.11,18.17,20.43,3,0,1,2,3,1342,216,876,336,3392,5696,9476,5924,816,1080,,1260,,396,,t3_shieldbreaker|t3_finalstring
standard,173,r2,red,jungle,刺客,yueying,standard,1,5,1,0,7861,11405,11039,527.5,8.61,15.18,19.88,3,1,1,3,3,651,1065,339,438,3851,6645,9989,5924,150,2160,,360,999,396,,t3_finalstring
standard,173,r3,red,mid,法師,gambler,standard,1,1,2,0,12323,11813,9111,435.4,11,18.63,,2,0,1,2,2,1441,327,201,361,3701,6077,8651,5924,1161,540,,810,,216,,t3_psyward
standard,173,r4,red,adc,射手,liangzicz,standard,1,2,2,2,11300,8691,9732,465.1,11.13,17.07,,2,0,1,2,2,1118,898,182,1182,3278,5978,8732,5924,521,540,540,810,,396,,t3_shieldbreaker|t3_rendspear
standard,173,r5,red,sup,輔助,mingyun,standard,1,0,1,1,6448,10141,9503,454.1,7.9,13.51,18.55,3,1,2,3,3,1166,824,313,1042,4266,7074,8773,5924,194,,,360,,396,1897,t3_calmveil
standard,174,b1,blue,top,戰士,ravager,standard,0,0,5,0,8936,26660,8391,362.7,11.03,16.78,,2,0,1,2,2,1307,405,389,1010,3357,5355,6939,5924,540,,,450,24,0,,t3_shieldbreaker|t3_finalstring
standard,174,b2,blue,jungle,刺客,yeiren,standard,0,0,5,0,6431,11940,8178,353.5,10.75,19.59,,2,0,1,2,2,1451,405,328,277,3381,5085,7028,5924,186,,,,918,0,,t3_finalstring
standard,174,b3,blue,mid,法師,ronghuo,standard,0,0,6,0,12962,16528,8108,350.5,12.5,19.13,,2,0,1,2,2,1072,322,120,278,3332,4952,7070,5924,696,,,450,,0,,t3_psyward
standard,174,b4,blue,adc,射手,xingchen,standard,0,6,5,0,18748,13670,11409,493.2,10.04,19.11,21.43,3,0,1,2,3,1343,128,79,429,3503,5328,8229,5924,759,1080,,450,16,0,,t3_shieldbreaker|t3_rendspear
standard,174,b5,blue,sup,坦克,tixue,standard,0,0,4,0,3710,22007,10321,446.2,7.16,13.76,19.08,3,1,2,3,3,1378,193,1101,781,4278,6693,9301,5924,302,,,900,,0,2174,t3_calmveil|t3_thornmail
standard,174,r1,red,top,戰士,ravager,standard,1,6,0,0,15504,21109,13257,573.1,8.43,14.49,19.34,4,1,2,3,4,1347,293,241,226,4497,7143,10671,5924,684,2700,,810,48,504,,t3_shieldbreaker|t3_finalstring
standard,174,r2,red,jungle,刺客,yeiren,standard,1,5,0,2,7903,9958,12846,555.3,8.88,15.91,18.74,3,1,1,3,3,405,2084,651,1715,3605,7714,10651,5924,54,2160,405,360,1244,504,,t3_finalstring
standard,174,r3,red,mid,法師,ronghuo,standard,1,2,3,0,15843,12586,10544,455.8,13.05,17.35,,2,0,1,2,2,1126,198,382,1144,3386,5798,9182,5924,864,1080,,810,,504,,t3_psyward
standard,174,r4,red,adc,射手,xingchen,standard,1,12,3,1,37039,10483,16421,709.8,10.16,16.13,19.13,5,0,1,3,5,1406,1135,1933,821,3566,6815,12233,5924,945,3780,270,810,,504,,t3_shieldbreaker|t3_rendspear
standard,174,r5,red,sup,坦克,tixue,standard,1,0,0,7,8016,18389,12629,545.9,7.44,12.78,16.63,3,1,2,3,3,496,1074,747,2649,4696,8314,10727,5924,225,,1485,360,48,504,2180,t3_calmveil|t3_thornmail
standard,175,b1,blue,top,戰士,dadi2,standard,1,4,0,1,13498,21282,11815,527.1,9.71,16.26,19.87,3,1,1,3,3,272,1986,194,415,3422,6566,10274,5924,786,1620,270,1170,,504,,t3_shieldbreaker|t3_finalstring
standard,175,b2,blue,jungle,刺客,duskblade,standard,1,1,2,2,6451,11051,10398,463.8,9.7,16.97,21.25,3,1,1,2,3,616,717,750,747,3816,6297,9080,5924,282,540,540,270,1019,504,,t3_finalstring
standard,175,b3,blue,mid,法師,gambler,standard,1,4,4,1,16968,13266,10849,484,11.5,18.36,22.24,3,0,1,2,3,1162,324,18,299,3422,5924,8768,5924,720,1080,270,270,,504,,t3_psyward
standard,175,b4,blue,adc,射手,liangzi,standard,1,7,0,2,21803,9735,13338,595,9.68,16.88,20.64,4,1,1,2,4,153,679,1286,438,3503,6359,10186,5924,578,2160,270,720,29,504,,t3_shieldbreaker|t3_rendspear
standard,175,b5,blue,sup,輔助,linghun,standard,1,2,2,0,4526,15177,11154,497.6,8.03,12.79,15.85,4,1,2,3,4,418,576,834,753,4368,7606,9874,5924,225,1080,,270,,504,1870,t3_calmveil
standard,175,r1,red,top,戰士,dadi2,standard,0,1,3,1,12552,27707,9012,402,9.59,18.5,,2,1,1,2,2,236,516,364,781,3386,5996,8244,5924,594,540,270,900,16,0,,t3_shieldbreaker|t3_finalstring
standard,175,r2,red,jungle,刺客,duskblade,standard,0,1,4,1,5188,10583,8891,396.6,10.07,17.27,,2,0,1,2,2,1536,177,520,811,3466,5277,7950,5924,216,540,270,,1000,0,,t3_finalstring
standard,175,r3,red,mid,法師,gambler,standard,0,1,3,0,14324,12646,8503,379.3,11.98,19.32,,2,0,1,2,2,1108,228,266,373,3368,5078,7616,5924,702,540,,450,,0,,t3_psyward
standard,175,r4,red,adc,射手,liangzi,standard,0,5,4,0,14045,9905,10327,460.7,10.73,18.36,22.24,3,0,1,2,3,1136,226,366,727,3296,4826,8516,5924,522,1620,,450,,0,,t3_shieldbreaker|t3_rendspear
standard,175,r5,red,sup,輔助,linghun,standard,0,0,4,1,4231,14580,9114,406.6,10.74,14.16,20.28,3,0,2,2,3,2217,549,998,533,4197,6429,8028,5924,198,,,,,0,1906,t3_calmveil
standard,176,b1,blue,top,戰士,ronggang,standard,1,2,1,0,9695,17068,8205,418.1,9.7,18.43,,2,1,1,,2,236,462,,505,3386,5942,,,,,,,,,,t3_shieldbreaker|t3_finalstring
standard,176,b2,blue,jungle,刺客,binghe,standard,1,1,1,1,6881,8965,8657,441.1,8.72,16.73,,2,1,1,,2,113,1199,,626,4263,6779,,,,,,,,,,t3_finalstring
standard,176,b3,blue,mid,法師,ronghuo,standard,1,2,2,0,9464,10003,9393,478.6,11.49,17.3,,2,0,1,,2,1315,1008,,643,3575,6338,,,,,,,,,,t3_psyward
standard,176,b4,blue,adc,射手,shengyan,standard,1,7,0,0,14768,8326,11605,591.3,11.24,16.02,18.83,3,0,1,,3,1136,1027,,1124,3296,6707,,,,,,,,,,t3_shieldbreaker|t3_rendspear
standard,176,b5,blue,sup,輔助,shiguang,standard,1,0,2,2,3421,10154,9652,491.8,7.72,15.26,16.46,3,1,1,,3,296,2326,,1071,4296,7176,,,,,,,,,,t3_calmveil
standard,176,r1,red,top,戰士,ronggang,standard,0,3,1,0,11465,19695,8679,442.2,9.92,17.58,,2,1,1,,2,236,366,,449,3386,5546,,,,,,,,,,t3_shieldbreaker|t3_finalstring
standard,176,r2,red,jungle,刺客,binghe,standard,0,1,3,1,3848,9146,8231,419.4,9.22,16.31,,2,1,1,,2,735,885,,631,3935,6465,,,,,,,,,,t3_finalstring
standard,176,r3,red,mid,法師,ronghuo,standard,0,1,3,0,6375,10635,7545,384.5,11.22,,,1,0,1,,1,1612,444,,1045,3872,5474,,,,,,,,,,t3_psyward
standard,176,r4,red,adc,射手,shengyan,standard,0,1,5,1,10008,8163,6954,354.4,10.38,,,1,0,1,,1,1163,847,,1274,3323,5447,,,,,,,,,,t3_shieldbreaker|t3_rendspear
standard,176,r5,red,sup,輔助,shiguang,standard,0,0,0,2,5817,12025,9114,464.4,8.23,12.98,17.56,3,1,2,,3,833,567,,653,4233,6447,,,,,,,,,,t3_calmveil
standard,177,b1,blue,top,戰士,jingci,standard,0,0,5,0,9148,23596,7395,344.6,10.61,18.58,,2,0,1,2,2,1174,203,157,364,3224,4853,6887,5924,423,,,450,,90,,t3_shieldbreaker|t3_finalstring
standard,177,b2,blue,jungle,刺客,shanying,standard,0,0,7,0,4809,11573,7563,352.4,9.6,19.3,,2,1,1,2,2,236,584,306,262,3436,5264,7006,5924,108,,,,974,0,,t3_finalstring
standard,177,b3,blue,mid,法師,gambler,standard,0,1,6,0,15399,15350,7680,357.9,12.03,18.23,,2,0,1,2,2,1144,220,288,729,3404,5150,7238,5924,684,540,,,,90,,t3_psyward
standard,177,b4,blue,adc,射手,mirrorshot,standard,0,4,4,1,15375,11774,10005,466.2,10.05,19.23,20.93,3,0,1,2,3,1739,373,771,404,3899,5573,8921,5924,567,1620,270,450,,90,,t3_shieldbreaker|t3_rendspear
standard,177,b5,blue,sup,坦克,dadi,standard,0,0,2,0,6768,20134,9768,455.2,7.18,14.11,18.76,3,1,2,3,3,96,541,281,188,4296,7041,9261,5924,270,,,900,,90,2076,t3_calmveil|t3_thornmail
standard,177,r1,red,top,戰士,jingci,standard,1,10,0,3,20832,24331,14709,685.4,9.59,12.43,17.38,4,1,2,4,4,758,271,481,1678,3908,8021,13511,5924,630,4860,675,990,,432,,t3_shieldbreaker|t3_finalstring
standard,177,r2,red,jungle,刺客,shanying,standard,1,2,0,0,5897,8026,9806,457,8.57,16.87,,2,1,1,2,2,650,1257,805,1426,3850,6107,9185,5924,216,1080,,90,1442,432,,t3_finalstring
standard,177,r3,red,mid,法師,gambler,standard,1,1,2,2,13574,11770,9192,428.3,11.05,18.7,,2,0,1,2,2,1306,384,540,441,3566,5834,8570,5924,954,540,405,315,,432,,t3_psyward
standard,177,r4,red,adc,射手,mirrorshot,standard,1,6,3,1,17091,8788,12183,567.7,10.3,16.53,19.02,3,0,1,3,3,1571,427,1021,382,3731,6107,11021,5924,705,2700,270,990,,432,,t3_shieldbreaker|t3_rendspear
standard,177,r5,red,sup,坦克,dadi,standard,1,5,0,6,10664,16591,14350,668.7,8.39,12.63,14.73,5,1,3,4,5,432,127,1259,750,4932,9207,13459,5924,266,2700,1350,765,,432,2020,t3_calmveil|t3_thornmail
standard,178,b1,blue,top,戰士,longyi,standard,1,0,0,0,9725,19927,8279,395.8,9.62,19.55,,2,1,1,2,2,243,269,371,528,3393,5499,7821,5924,702,,,720,24,450,,t3_shieldbreaker|t3_finalstring
standard,178,b2,blue,jungle,刺客,dianguang,standard,1,1,3,0,4880,8394,8931,427,9.11,16.19,,2,1,1,2,2,421,638,596,550,3621,5968,8376,5924,234,540,,270,957,450,,t3_finalstring
standard,178,b3,blue,mid,法師,ronghuo,standard,1,3,2,0,12967,11881,10475,500.8,11.73,17.7,,2,0,1,2,2,1270,192,497,1074,3530,6122,9477,5924,828,1080,,1170,24,450,,t3_psyward
standard,178,b4,blue,adc,射手,hanbing,standard,1,2,2,0,14500,9037,9313,445.2,9.99,19.13,,2,1,1,2,2,51,667,995,412,3401,6047,8315,5924,681,540,,720,,450,,t3_shieldbreaker|t3_rendspear
standard,178,b5,blue,sup,坦克,ironclad,standard,1,0,1,2,7362,15807,10212,488.2,7.4,13.73,18.35,3,1,2,3,3,390,276,104,231,4290,6936,9484,5924,146,,270,270,,360,2513,t3_calmveil|t3_thornmail
standard,178,r1,red,top,戰士,longyi,standard,0,3,0,0,11303,22276,10108,483.2,9.69,18.13,19.84,3,1,1,3,3,398,586,144,157,3548,5636,9794,5924,828,1620,,1350,,72,,t3_shieldbreaker|t3_finalstring
standard,178,r2,red,jungle,刺客,dianguang,standard,0,2,1,1,11003,11579,9395,449.2,8.38,14.86,,2,1,2,2,2,726,135,572,1014,3926,6835,8952,5924,288,1080,270,,1317,72,,t3_finalstring
standard,178,r3,red,mid,法師,ronghuo,standard,0,1,2,0,12958,12467,8578,410.1,12.1,18.27,,2,0,1,2,2,1252,282,270,247,3512,5132,8300,5924,864,540,,900,,72,,t3_psyward
standard,178,r4,red,adc,射手,hanbing,standard,0,1,3,1,10723,7795,8164,390.3,11.84,19.67,,2,0,1,2,2,1262,298,346,213,3422,5078,7346,5924,630,,270,450,,72,,t3_shieldbreaker|t3_rendspear
standard,178,r5,red,sup,坦克,ironclad,standard,0,1,0,1,5152,15717,10675,510.4,8.38,14.28,19.06,3,1,2,3,3,123,129,117,695,4323,6789,9497,5924,162,540,270,,,72,2529,t3_calmveil|t3_thornmail
standard,179,b1,blue,top,戰士,chichuan,standard,0,1,1,0,13850,26724,9953,430.1,8.72,18.02,,2,1,1,2,2,560,276,552,1922,3710,5276,8102,5924,792,540,,540,,306,,t3_shieldbreaker|t3_finalstring
standard,179,b2,blue,jungle,刺客,wuxing,standard,0,0,8,0,3080,11191,8347,360.7,9.67,19.44,,2,1,1,2,2,226,498,349,916,3426,5298,7299,5924,72,,,90,907,306,,t3_finalstring
standard,179,b3,blue,mid,法師,haixiao,standard,0,0,4,0,15405,13926,8045,347.6,11.7,19.38,,2,0,1,2,2,1216,556,108,344,3476,5186,7058,5924,738,,,90,,306,,t3_psyward
standard,179,b4,blue,adc,射手,xuanfeng,standard,0,2,5,0,13097,11837,9098,393.1,10.48,20.5,,2,0,1,1,2,1172,787,1195,517,3332,5087,6995,5924,450,,,315,,306,,t3_shieldbreaker|t3_rendspear
standard,179,b5,blue,sup,輔助,xuemai,standard,0,0,4,0,5752,17629,10162,439.1,6.52,12.55,17.03,3,1,2,3,3,605,708,171,1121,4305,6708,9211,5924,252,,,765,,216,2054,t3_calmveil
standard,179,r1,red,top,戰士,chichuan,standard,1,8,0,0,19910,24394,13877,599.6,7.5,13.51,19.67,3,1,2,3,3,450,300,392,2476,4250,7400,10892,5924,882,2700,,1170,,216,,t3_shieldbreaker|t3_finalstring
standard,179,r2,red,jungle,刺客,wuxing,standard,1,2,0,1,9001,13636,10835,468.2,7.35,13.61,22.39,3,1,2,2,3,477,640,888,234,4327,7290,9218,5924,198,1080,,270,1530,216,,t3_finalstring
standard,179,r3,red,mid,法師,haixiao,standard,1,1,1,1,11693,13005,9197,397.4,11.58,19.85,,2,0,1,2,2,1270,342,180,696,3530,5672,8030,5924,810,540,270,270,,216,,t3_psyward
standard,179,r4,red,adc,射手,xuanfeng,standard,1,11,2,1,30608,10000,15167,655.4,10.18,17.03,19.15,4,0,1,3,4,1562,544,1606,1316,3722,6224,11606,5924,696,3780,270,720,,216,,t3_shieldbreaker|t3_rendspear
standard,179,r5,red,sup,輔助,xuemai,standard,1,0,0,2,4466,11373,10870,469.7,6.29,12.16,17.89,3,1,2,3,3,239,371,794,2410,4239,6921,9254,5924,185,,270,720,,216,1937,t3_calmveil
standard,180,b1,blue,top,戰士,dushe,standard,0,2,5,1,15450,41501,12220,440.5,10.03,15.78,20.98,3,0,1,2,3,1492,658,304,769,3542,6188,8654,5924,714,1080,270,450,,216,,t3_shieldbreaker|t3_finalstring
standard,180,b2,blue,jungle,刺客,voidrift,standard,0,1,6,0,7698,15347,11074,399.2,9.37,16.43,24.46,3,1,1,2,3,582,542,1203,423,3782,6172,8203,5924,567,540,,,955,216,,t3_finalstring
standard,180,b3,blue,mid,法師,leiming,standard,0,5,4,1,27174,20125,12928,466,11.84,19.93,25.52,3,0,1,2,3,1270,156,156,447,3530,5186,7706,5924,756,540,270,,,216,,t3_psyward
standard,180,b4,blue,adc,射手,phantom,standard,0,11,8,0,41611,15116,15589,561.9,11.73,19.92,22.71,4,0,1,2,4,1262,106,287,1988,3422,5006,7607,5924,702,540,,225,,216,,t3_shieldbreaker|t3_rendspear
standard,180,b5,blue,sup,坦克,longji,standard,0,1,5,4,6668,31847,13368,481.9,8.1,13.56,17.82,4,1,2,3,4,210,159,278,1567,4410,7099,10078,5924,356,540,540,675,,216,1826,t3_calmveil|t3_thornmail
standard,180,r1,red,top,戰士,dushe,standard,1,7,3,2,24055,37220,16411,591.6,9.4,15.15,20.33,4,1,1,2,4,650,1411,1708,2910,3800,6941,9758,5924,1143,1080,135,1080,,396,,t3_shieldbreaker|t3_finalstring
standard,180,r2,red,jungle,刺客,voidrift,standard,1,2,6,1,6576,14412,12599,454.2,8.25,17.44,23.12,3,1,1,2,3,690,1398,527,1469,3890,6378,8907,5924,387,540,135,180,1344,396,,t3_finalstring
standard,180,r3,red,mid,法師,leiming,standard,1,6,5,1,26326,16672,14206,512.1,11.14,18.55,26.22,4,0,1,2,4,1252,180,684,375,3512,5780,8534,5924,954,1080,,180,,396,,t3_psyward
standard,180,r4,red,adc,射手,phantom,standard,1,12,5,1,55705,12756,17230,621.1,9.94,18.77,23.18,4,1,1,2,4,72,520,1241,3379,3422,5600,8561,5924,756,1080,,405,,396,,t3_shieldbreaker|t3_rendspear
standard,180,r5,red,sup,坦克,longji,standard,1,1,1,4,8388,26132,13464,485.3,8.47,13.78,18.55,4,1,2,3,4,432,285,242,1263,4332,7225,10222,5924,324,540,540,855,,216,1823,t3_calmveil|t3_thornmail
standard,181,b1,blue,top,戰士,fengbao,standard,0,0,7,0,12075,34909,10000,368.9,10.84,20.33,27.08,3,0,1,1,3,1210,696,1434,100,3260,5276,6914,5924,486,,,270,,234,,t3_shieldbreaker|t3_finalstring
standard,181,b2,blue,jungle,戰士,hunpo,standard,0,0,6,0,8645,13652,10233,377.5,11.27,19.65,,2,0,1,2,2,1377,2012,205,883,3587,5812,7705,5924,126,,,270,1151,234,,t3_psyward
standard,181,b3,blue,mid,法師,haixiao,standard,0,0,11,0,14741,16565,9748,359.6,10.99,21.99,,2,0,1,1,2,1198,354,522,348,3458,5384,7022,5924,684,,,270,,144,,t3_psyward
standard,181,b4,blue,adc,射手,yanfeng,standard,0,12,8,0,42469,12764,16210,598,10.33,19.02,22.39,4,0,1,2,4,1154,412,80,2610,3314,5312,8030,5924,522,1080,,270,,234,,t3_shieldbreaker|t3_rendspear
standard,181,b5,blue,sup,坦克,thornwall,standard,0,1,7,0,7354,33962,12477,460.2,8.43,11.73,17.22,4,1,2,3,4,169,689,590,1196,4269,7869,10290,5924,162,540,,1170,,234,2260,t3_calmveil|t3_thornmail
standard,181,r1,red,top,戰士,fengbao,standard,1,7,1,1,14334,29892,14998,553.3,10.28,14.56,19.69,4,0,2,3,4,2398,258,107,1548,4448,7058,10487,5924,432,2700,135,900,,396,,t3_shieldbreaker|t3_finalstring
standard,181,r2,red,jungle,戰士,hunpo,standard,1,10,3,1,28291,18172,16487,608.2,10.29,17,21.43,5,0,1,2,5,2198,263,1395,386,4408,6413,9675,5924,282,1620,135,,1317,396,,t3_psyward
standard,181,r3,red,mid,法師,haixiao,standard,1,6,4,4,25522,16523,14872,548.6,11.07,18.62,24.25,4,0,1,2,4,1723,315,459,472,3983,5765,8309,5924,894,540,405,150,,396,,t3_psyward
standard,181,r4,red,adc,射手,yanfeng,standard,1,14,5,3,49688,14023,18100,667.7,10.91,17.33,19.9,5,0,1,3,5,1256,211,34,2500,3416,5891,10334,5924,713,2700,405,374,,216,,t3_shieldbreaker|t3_rendspear
standard,181,r5,red,sup,坦克,thornwall,standard,1,2,0,4,9702,23802,14958,551.8,7.87,13.36,17.68,5,1,2,3,5,487,254,630,1457,4287,6834,10510,5924,198,540,270,824,,396,2356,t3_calmveil|t3_thornmail
standard,182,b1,blue,top,戰士,rongyan,standard,0,0,2,0,9805,21459,7050,353.7,9.94,19.48,,2,1,1,,2,230,300,,150,3380,5000,,,,,,,,,,t3_shieldbreaker|t3_finalstring
standard,182,b2,blue,jungle,戰士,leimingcf,standard,0,2,1,0,3955,15534,8281,415.4,9.22,15.63,,2,1,1,,2,521,1105,,450,3621,6535,,,,,,,,,,t3_shieldbreaker|t3_finalstring
standard,182,b3,blue,mid,法師,leiming,standard,0,0,3,1,11850,12347,7116,357,12.26,18.67,,2,0,1,,2,1060,589,,466,3320,5399,,,,,,,,,,t3_psyward
standard,182,b4,blue,adc,射手,siwang,standard,0,0,5,0,7841,10167,6525,327.4,9.8,,,1,1,1,,1,63,217,,725,3413,4997,,,,,,,,,,t3_shieldbreaker|t3_rendspear
standard,182,b5,blue,sup,輔助,shengming,standard,0,0,4,0,4659,14337,9176,460.3,7.81,13.06,17.43,3,1,2,,3,248,282,,135,4248,6462,,,,,,,,,,t3_calmveil
standard,182,r1,red,top,戰士,rongyan,standard,1,2,1,0,13528,20434,9906,497,9.15,16.52,19.8,3,1,1,,3,506,876,,306,3656,6356,,,,,,,,,,t3_shieldbreaker|t3_finalstring
standard,182,r2,red,jungle,戰士,leimingcf,standard,1,5,1,2,12649,11402,11345,569.2,8.48,15.1,17.84,3,1,1,,3,141,2180,,1795,3891,7610,,,,,,,,,,t3_shieldbreaker|t3_finalstring
standard,182,r3,red,mid,法師,leiming,standard,1,3,0,0,15470,10605,10164,509.9,11.18,14.7,,2,0,2,,2,2344,258,,764,4604,7808,,,,,,,,,,t3_psyward
standard,182,r4,red,adc,射手,siwang,standard,1,5,0,1,14862,7274,10476,525.6,11.42,17.53,19.66,3,0,1,,3,1316,892,,176,3476,6572,,,,,,,,,,t3_shieldbreaker|t3_rendspear
standard,182,r5,red,sup,輔助,shengming,standard,1,0,0,5,5958,10825,11517,577.8,7.45,12.28,15.09,3,1,2,,3,1379,1583,,2286,4479,8313,,,,,,,,,,t3_calmveil
standard,183,b1,blue,top,戰士,embercoil,standard,1,0,3,0,11637,25452,8783,386.5,10.84,18.88,,2,0,1,2,2,1318,414,126,782,3368,5294,7526,5924,504,,,810,,288,,t3_shieldbreaker|t3_finalstring
standard,183,b2,blue,jungle,戰士,fengbao,standard,1,1,0,2,8388,13420,9793,430.9,9.38,17.76,,2,1,1,2,2,649,714,1425,1242,3749,5844,8475,5924,216,540,270,360,876,288,,t3_shieldbreaker|t3_finalstring
standard,183,b3,blue,mid,法師,haixiao,standard,1,2,3,0,16949,13948,9845,433.2,11.1,20.33,,2,0,1,1,2,1513,486,1530,864,3773,5816,8030,5924,918,540,,360,,288,,t3_psyward
standard,183,b4,blue,adc,射手,maestro,standard,1,7,4,3,31529,10760,12710,559.3,9.28,17.88,21.73,3,1,1,2,3,360,295,1259,2229,3710,5675,9509,5924,777,1620,540,360,,288,,t3_shieldbreaker|t3_rendspear
standard,183,b5,blue,sup,輔助,fengshen,standard,1,2,1,0,6546,15602,11783,518.5,6.85,12.93,16.34,4,1,2,3,4,368,375,1351,983,4368,6855,10581,5924,248,1080,,1260,,288,1779,t3_calmveil
standard,183,r1,red,top,戰士,embercoil,standard,0,3,0,1,14453,28132,10205,449,9.33,15.89,20.98,3,1,1,2,3,686,516,780,124,3836,5996,9380,5924,504,1620,90,990,,252,,t3_shieldbreaker|t3_finalstring
standard,183,r2,red,jungle,戰士,fengbao,standard,0,3,3,2,8239,20915,10962,482.4,8.45,15.98,20.63,3,1,1,2,3,961,837,1454,511,4061,6267,10004,5924,297,1620,405,90,1415,252,,t3_shieldbreaker|t3_finalstring
standard,183,r3,red,mid,法師,haixiao,standard,0,2,2,1,19715,12959,9062,398.7,9.98,18.35,,2,1,1,2,2,193,189,387,311,4043,5789,8237,5924,801,1080,90,90,,252,,t3_psyward
standard,183,r4,red,adc,射手,maestro,standard,0,3,4,2,14007,10786,9944,437.6,11.13,20.04,,2,0,1,1,2,1118,307,1783,1043,3278,5087,7463,5924,522,,405,540,,72,,t3_shieldbreaker|t3_rendspear
standard,183,r5,red,sup,輔助,fengshen,standard,0,0,3,2,5616,15005,10540,463.8,8.31,12.8,18.11,3,1,2,3,3,851,287,215,1309,4251,6537,9445,5924,180,,90,540,,252,2459,t3_calmveil
standard,184,b1,blue,top,戰士,cinderfist,standard,1,3,2,1,19644,33971,12899,463.3,9.54,15.35,21.88,3,1,1,2,3,335,282,468,1449,3485,5812,8818,5924,913,1080,270,270,,360,,t3_shieldbreaker|t3_finalstring
standard,184,b2,blue,jungle,戰士,anliuyouXia,standard,1,4,2,1,10166,17744,13385,480.8,8.93,18.08,20.75,3,1,1,2,3,1034,1366,896,1985,4134,6846,9196,5924,261,1620,,270,761,360,,t3_shieldbreaker|t3_finalstring
standard,184,b3,blue,mid,法師,leiming,standard,1,10,7,0,31700,18637,15925,572,12.2,18.39,22.79,4,0,1,2,4,1108,615,525,1524,3368,5465,8075,5924,531,540,,720,,360,,t3_psyward
standard,184,b4,blue,adc,射手,liuxing,standard,1,13,6,3,50706,13883,17911,643.3,10.96,19.38,21.29,5,0,1,2,5,1418,304,539,2310,3578,5684,8159,5924,525,540,540,270,,360,,t3_shieldbreaker|t3_rendspear
standard,184,b5,blue,sup,坦克,suishan,standard,1,0,3,2,11369,26174,13713,492.6,7.81,13.82,16.98,4,1,2,3,4,438,542,462,1513,4338,7322,9842,5924,217,,270,720,,360,2350,t3_calmveil|t3_thornmail
standard,184,r1,red,top,戰士,cinderfist,standard,0,5,4,0,17515,38990,13090,470.2,8.47,16.12,19.9,4,1,1,3,4,902,808,216,239,4052,6338,9866,5924,882,2160,,900,,0,,t3_shieldbreaker|t3_finalstring
standard,184,r2,red,jungle,戰士,anliuyouXia,standard,0,0,5,1,12858,21855,10888,391.1,8.79,17.63,26.7,3,1,1,2,3,488,220,368,508,3588,5700,7768,5924,396,,,,1448,0,,t3_shieldbreaker|t3_finalstring
standard,184,r3,red,mid,法師,leiming,standard,0,3,9,0,25408,18368,11611,417,12.4,20.9,27.08,3,0,1,1,3,1183,153,1065,280,3443,6053,7565,5924,651,540,,450,,0,,t3_psyward
standard,184,r4,red,adc,射手,liuxing,standard,0,12,8,2,41716,13514,16879,606.2,9.68,17.12,21.29,5,1,1,2,5,234,247,201,1278,3584,5447,9101,5924,972,1620,135,450,,0,,t3_shieldbreaker|t3_rendspear
standard,184,r5,red,sup,坦克,suishan,standard,0,0,4,3,9669,28540,12545,450.6,7.3,14.42,20.73,4,1,2,2,4,774,345,1379,945,4374,6705,8619,5924,302,,405,,,0,1987,t3_calmveil|t3_thornmail
standard,185,b1,blue,top,戰士,leimingcf,standard,0,1,1,0,8158,20999,8442,397.4,9.8,18.52,,2,1,1,2,2,218,102,516,412,3368,5402,8066,5924,702,540,,900,,0,,t3_shieldbreaker|t3_finalstring
standard,185,b2,blue,jungle,戰士,embercoil,standard,0,0,3,1,7290,15263,7653,360.3,9.57,18.88,,2,1,1,2,2,384,981,227,122,3484,5331,7277,5924,180,,135,,1037,0,,t3_shieldbreaker|t3_finalstring
standard,185,b3,blue,mid,法師,mingyun2,standard,0,1,5,0,11973,14805,7938,373.7,11.48,19.63,,2,0,1,2,2,1108,144,212,288,3368,5474,7562,5924,648,540,,450,,0,,t3_psyward
standard,185,b4,blue,adc,射手,shensheng,standard,0,0,4,1,12620,11578,7290,343.2,9.93,20.14,,2,1,1,1,2,54,178,1114,390,3404,5078,6914,5924,720,,270,,,0,,t3_shieldbreaker|t3_rendspear
standard,185,b5,blue,sup,輔助,mingyunyindao,standard,0,0,2,1,5429,15542,10045,472.9,7.34,13.29,17.98,3,1,2,3,3,479,293,629,1004,4179,6843,9669,5924,306,,135,1350,,0,1953,t3_calmveil
standard,185,r1,red,top,戰士,leimingcf,standard,1,2,0,0,14292,21557,10039,472.6,9.74,16.45,20.84,3,1,1,2,3,321,133,811,438,3471,5613,9411,5924,666,1080,,1170,48,522,,t3_shieldbreaker|t3_finalstring
standard,185,r2,red,jungle,戰士,embercoil,standard,1,6,0,1,10791,13618,12245,576.4,8.64,14.46,18.91,3,1,2,3,3,346,378,207,894,4096,7128,10537,5924,90,2160,90,270,1480,522,,t3_shieldbreaker|t3_finalstring
standard,185,r3,red,mid,法師,mingyun2,standard,1,1,1,1,15472,11130,9414,443.2,11.9,18.13,,2,0,1,2,2,1144,168,36,364,3404,6068,8786,5924,810,540,270,720,,522,,t3_psyward
standard,185,r4,red,adc,射手,shensheng,standard,1,6,1,4,18602,8396,12159,572.4,11.46,16.41,19.06,3,0,1,3,3,1271,595,166,359,3431,6275,10946,5924,585,3240,495,270,,432,,t3_shieldbreaker|t3_rendspear
standard,185,r5,red,sup,輔助,mingyunyindao,standard,1,0,0,5,6216,9723,10916,513.9,6.11,12.74,18.53,3,1,2,3,3,332,1458,617,1686,4332,7338,9847,5924,225,,495,720,,522,1961,t3_calmveil
standard,186,b1,blue,top,戰士,jufeng,standard,0,0,2,0,6661,21183,8046,376.1,9.75,17.98,,2,1,1,2,2,146,294,425,496,3296,5294,7625,5924,576,,,1125,,0,,t3_shieldbreaker|t3_finalstring
standard,186,b2,blue,jungle,戰士,hunpo,standard,0,0,4,0,5351,10087,7568,353.8,11.43,18.82,,2,0,1,2,2,1348,1125,247,188,3558,5405,7147,5924,468,,,,754,0,,t3_psyward
standard,186,b3,blue,mid,法師,bingshuang,standard,0,0,3,0,10131,13090,7578,354.3,12.78,20.33,,2,0,1,1,2,964,204,927,278,3224,4934,6707,5924,558,,,225,,0,,t3_psyward
standard,186,b4,blue,adc,射手,liangzicz,standard,0,6,6,0,18295,12791,10476,489.7,9.32,16.38,20.86,3,1,1,2,3,423,547,189,876,3773,6347,8939,5924,405,2160,,450,,0,,t3_shieldbreaker|t3_rendspear
standard,186,b5,blue,sup,輔助,mingyun,standard,0,0,1,0,3137,15744,9206,430.4,7.96,13.51,18.18,3,1,2,3,3,206,684,205,166,4206,6384,8785,5924,117,,,450,122,0,2171,t3_calmveil
standard,186,r1,red,top,戰士,jufeng,standard,1,8,0,0,15492,18896,13050,610.1,7.82,15.93,17.13,3,1,1,3,3,162,1209,365,1650,3962,6689,11765,5924,792,3780,,765,,504,,t3_shieldbreaker|t3_finalstring
standard,186,r2,red,jungle,戰士,hunpo,standard,1,1,2,0,4409,9116,9618,449.6,10.46,17.77,,2,0,1,2,2,1633,1496,403,438,3843,6426,8333,5924,162,,,315,1427,504,,t3_psyward
standard,186,r3,red,mid,法師,bingshuang,standard,1,4,1,2,17352,12982,11763,549.9,10.75,17.9,20.67,3,0,1,2,3,1252,452,606,963,3512,6302,9956,5924,828,1620,540,540,,504,,t3_psyward
standard,186,r4,red,adc,射手,liangzicz,standard,1,3,3,2,17095,8867,10710,500.7,10.93,17.11,20.86,3,0,1,2,3,1415,271,525,410,3575,5951,9425,5924,837,1080,540,540,,504,,t3_shieldbreaker|t3_rendspear
standard,186,r5,red,sup,輔助,mingyun,standard,1,0,0,2,5210,12381,10838,506.6,6.67,13.02,16.52,4,1,2,3,4,296,618,746,437,4296,6798,9786,5924,153,,270,540,,504,2395,t3_calmveil
standard,187,b1,blue,top,戰士,ronggang,standard,0,0,10,0,9504,33990,9694,368.1,10.2,18.73,,2,0,1,2,2,1246,526,430,1413,3296,5276,7760,5924,486,,,1170,,180,,t3_shieldbreaker|t3_finalstring
standard,187,b2,blue,jungle,戰士,ravager,standard,0,1,3,1,13985,22018,10712,406.8,10.13,18.52,23.5,3,0,1,2,3,1328,1534,210,212,3328,5814,7610,5924,162,,135,495,713,180,,t3_shieldbreaker|t3_finalstring
standard,187,b3,blue,mid,法師,mingyun2,standard,0,1,7,2,23100,17810,9703,368.5,11.18,19.77,,2,0,1,2,2,1234,507,302,402,3494,5357,7652,5924,783,540,135,270,,0,,t3_psyward
standard,187,b4,blue,adc,射手,leiting,standard,0,7,9,0,27363,13950,13516,513.3,11.39,20.23,23.07,3,0,1,1,3,1163,421,2404,1715,3323,5321,8084,5924,495,540,,945,,180,,t3_shieldbreaker|t3_rendspear
standard,187,b5,blue,sup,坦克,tixue,standard,0,0,2,1,11352,31549,11899,451.8,8.62,13.87,17.88,4,1,2,3,4,360,940,502,718,4260,7140,9482,5924,162,,,720,16,180,2479,t3_calmveil|t3_thornmail
standard,187,r1,red,top,戰士,ronggang,standard,1,9,0,0,28954,34761,15817,600.6,10.43,13.76,19.1,4,0,2,3,4,1258,697,357,2786,3308,7547,10787,5924,732,2160,,1575,,396,,t3_shieldbreaker|t3_finalstring
standard,187,r2,red,jungle,戰士,ravager,standard,1,4,0,0,9969,17132,13437,510.3,8.34,15.11,22.13,4,1,1,2,4,124,1635,2587,637,4224,7115,10287,5924,417,1620,,675,1254,396,,t3_shieldbreaker|t3_finalstring
standard,187,r3,red,mid,法師,mingyun2,standard,1,2,4,1,28192,16274,11299,429.1,11.46,21.15,,2,0,1,1,2,1525,135,741,1898,3785,5585,7241,5924,830,,270,,,216,,t3_psyward
standard,187,r4,red,adc,射手,leiting,standard,1,16,4,2,55909,12609,19507,740.8,10.42,16.88,19.42,5,0,1,3,5,1388,592,790,3906,3548,5492,11270,5924,765,3240,270,675,,396,,t3_shieldbreaker|t3_rendspear
standard,187,r5,red,sup,坦克,tixue,standard,1,0,1,7,12199,22424,13399,508.8,7.13,13.66,18.06,4,1,2,3,4,723,267,907,1199,4323,6627,10407,5924,243,,1080,225,,396,2539,t3_calmveil|t3_thornmail
standard,188,b1,blue,top,戰士,jingci,standard,1,0,1,0,14960,28433,10182,388,9.52,19.74,25.02,3,1,1,2,3,218,310,84,732,3368,5360,7034,5924,498,,,450,,162,,t3_shieldbreaker|t3_finalstring
standard,188,b2,blue,jungle,戰士,xueyue,standard,1,0,3,0,10085,20319,10170,387.6,9.53,22.74,,2,1,1,1,2,615,274,1791,1570,3715,5454,7271,5924,243,,,,941,162,,t3_shieldbreaker|t3_finalstring
standard,188,b3,blue,mid,法師,bingshuang,standard,1,9,4,1,21715,21500,14808,564.3,11.24,19.13,22.78,4,0,1,2,4,1342,420,94,1178,3602,5270,8024,5924,948,540,,450,,162,,t3_psyward
standard,188,b4,blue,adc,射手,liangzi,standard,1,4,4,2,22179,15877,12322,469.6,10.61,19.93,22.28,3,0,1,2,3,1307,328,30,1341,3467,5108,7250,5924,713,540,,,,72,,t3_shieldbreaker|t3_rendspear
standard,188,b5,blue,sup,坦克,tieshixin,standard,1,0,4,2,9606,27020,11538,439.7,7.07,14.25,18.77,3,1,2,3,3,267,586,295,1957,4467,7086,8975,5924,405,,,450,,162,2033,t3_calmveil|t3_thornmail
standard,188,r1,red,top,戰士,jingci,standard,0,5,2,0,21398,30036,13488,514,9.25,16,21.43,4,1,1,2,4,310,1186,838,938,4160,6716,9488,5924,918,1620,,630,,396,,t3_shieldbreaker|t3_finalstring
standard,188,r2,red,jungle,戰士,xueyue,standard,0,4,0,2,18454,18343,13445,512.4,8.18,15.51,20.56,3,1,1,2,3,130,1681,818,2465,4410,7161,9418,5924,288,1080,270,180,1279,396,,t3_shieldbreaker|t3_finalstring
standard,188,r3,red,mid,法師,bingshuang,standard,0,1,4,0,19943,15561,10926,416.4,11.14,18.72,26.03,3,0,1,2,3,1378,354,90,76,3638,6554,8840,5924,900,540,,1080,,396,,t3_psyward
standard,188,r4,red,adc,射手,liangzi,standard,0,6,7,0,28468,11991,12510,476.7,10.37,20.45,25.13,3,0,1,1,3,1514,256,1540,710,3674,5636,7220,5924,900,,,180,,216,,t3_shieldbreaker|t3_rendspear
standard,188,r5,red,sup,坦克,tieshixin,standard,0,0,0,1,9083,23015,12199,464.9,8.23,13.53,18.73,4,1,2,3,4,208,782,331,599,4408,6982,9711,5924,234,,,630,48,396,2478,t3_calmveil|t3_thornmail
standard,189,b1,blue,top,戰士,longyi,standard,0,0,4,0,12979,25600,8586,379.2,9.32,19.84,,2,1,1,2,2,308,138,182,556,3458,5438,7562,5924,666,,,900,,72,,t3_shieldbreaker|t3_finalstring
standard,189,b2,blue,jungle,戰士,jufeng,standard,0,0,2,0,6927,17470,8170,360.9,8.99,18.71,,2,1,1,2,2,675,359,470,220,3775,5489,7220,5924,363,,,,860,72,,t3_shieldbreaker|t3_finalstring
standard,189,b3,blue,mid,法師,mingyun2,standard,0,1,3,0,13834,14914,8904,393.3,11.23,18.85,,2,0,1,2,2,1210,348,50,224,3470,5198,7880,5924,894,540,,450,,72,,t3_psyward
standard,189,b4,blue,adc,射手,shengyan,standard,0,1,5,0,11517,11051,8769,387.3,11.36,20.49,,2,0,1,1,2,1130,118,1180,189,3290,5018,6980,5924,533,,,450,,72,,t3_shieldbreaker|t3_rendspear
standard,189,b5,blue,sup,輔助,huanjing,standard,0,0,2,1,5566,14912,9263,409.1,6.21,12.9,18.71,3,1,2,3,3,400,648,166,223,4350,6528,8446,5924,279,,270,,,72,1900,t3_calmveil
standard,189,r1,red,top,戰士,longyi,standard,1,5,0,1,14609,24344,12297,543.1,9.83,14.97,18.73,3,1,2,3,3,230,228,1058,897,3380,7628,11138,5924,714,2700,270,1170,,360,,t3_shieldbreaker|t3_finalstring
standard,189,r2,red,jungle,戰士,jufeng,standard,1,1,0,1,11403,15545,10282,454.1,8.93,17.04,21.64,3,1,1,2,3,713,1359,711,732,3813,6489,8961,5924,261,540,135,270,1470,360,,t3_shieldbreaker|t3_finalstring
standard,189,r3,red,mid,法師,mingyun2,standard,1,4,0,1,18842,11847,11718,517.6,11.64,16.54,21.56,3,0,1,2,3,1090,315,369,388,3350,6815,9119,5924,900,1080,135,720,,360,,t3_psyward
standard,189,r4,red,adc,射手,shengyan,standard,1,3,1,2,15350,8765,10470,462.4,11.82,18.36,22.37,3,0,1,2,3,1139,394,311,470,3299,5774,8861,5924,732,1080,270,495,,360,,t3_shieldbreaker|t3_rendspear
standard,189,r5,red,sup,輔助,huanjing,standard,1,3,1,1,7357,12533,12360,545.9,7.77,12.33,17.96,4,1,2,3,4,1163,400,513,1400,4263,7430,9743,5924,344,540,270,495,,360,1809,t3_calmveil
standard,190,b1,blue,top,戰士,chichuan,standard,0,0,3,0,8867,22363,7485,357.7,11.05,19.23,,2,0,1,2,2,1516,562,337,635,3566,5612,7187,5924,741,,,450,,72,,t3_shieldbreaker|t3_finalstring
standard,190,b2,blue,jungle,戰士,kuangfeng,standard,0,0,3,0,6958,15294,7671,366.6,10.35,18.83,,2,0,1,2,2,1595,419,494,871,3595,5599,7294,5924,210,,,,1087,72,,t3_shieldbreaker|t3_finalstring
standard,190,b3,blue,mid,法師,bingshuang,standard,0,0,4,0,14887,12987,7899,377.5,11.1,20.1,,2,0,1,1,2,1234,228,1119,349,3494,5378,7619,5924,948,,,675,,72,,t3_psyward
standard,190,b4,blue,adc,射手,mirrorshot,standard,0,2,4,0,12509,9045,8073,385.8,10.45,19.88,,2,0,1,2,2,1175,385,217,123,3335,5165,7217,5924,681,540,,,,72,,t3_shieldbreaker|t3_rendspear
standard,190,b5,blue,sup,坦克,dadi,standard,0,0,2,0,5047,17938,9639,460.7,7.79,13.18,18.81,3,1,2,3,3,708,454,361,659,4308,6954,9341,5924,155,,,1125,,72,2063,t3_calmveil|t3_thornmail
standard,190,r1,red,top,戰士,chichuan,standard,1,1,0,1,8081,19788,8616,411.8,9.37,17.13,,2,1,1,2,2,254,550,196,266,3404,5780,8246,5924,720,540,270,360,,432,,t3_shieldbreaker|t3_finalstring
standard,190,r2,red,jungle,戰士,kuangfeng,standard,1,5,0,0,13589,14359,12011,574,8.68,14.31,19.85,3,1,2,3,3,573,351,178,1030,3673,7151,11158,5924,174,2700,,360,1568,432,,t3_shieldbreaker|t3_finalstring
standard,190,r3,red,mid,法師,bingshuang,standard,1,3,1,2,13241,10910,10887,520.3,12.37,18.94,20.88,3,0,1,2,3,1030,414,577,37,3290,5864,9977,5924,876,1080,405,1260,,432,,t3_psyward
standard,190,r4,red,adc,射手,mirrorshot,standard,1,5,1,3,20058,8247,12093,577.9,10.24,17.6,,2,0,1,2,2,1121,265,753,3193,3281,5945,9653,5924,506,1080,675,1035,,432,,t3_shieldbreaker|t3_rendspear
standard,190,r5,red,sup,坦克,dadi,standard,1,2,0,7,4889,16364,11948,571,7.89,13.02,17.34,4,1,2,3,4,624,363,788,348,4224,7303,10768,5924,171,1080,810,585,,432,1765,t3_calmveil|t3_thornmail
standard,191,b1,blue,top,戰士,xueyue,standard,0,0,1,0,12261,25752,9561,415.6,9.74,17.65,,2,1,1,2,2,470,835,421,911,3620,6365,8471,5924,972,,,1215,,360,,t3_shieldbreaker|t3_finalstring
standard,191,b2,blue,jungle,戰士,tielian,standard,0,0,4,1,11456,20288,9260,402.5,9.13,17.86,,2,1,1,2,2,363,250,543,659,3463,5730,7943,5924,441,,270,315,632,360,,t3_shieldbreaker|t3_finalstring
standard,191,b3,blue,mid,法師,lieyan,standard,0,2,6,0,17500,14399,9078,394.6,11.57,21.06,,2,0,1,1,2,1210,366,912,328,3470,5216,7412,5924,498,540,,90,,360,,t3_psyward
standard,191,b4,blue,adc,射手,hanbing,standard,0,6,4,0,23959,10140,11541,501.6,11.14,17.61,21.84,3,0,1,2,3,1181,193,561,1061,3341,5573,9461,5924,477,2160,,540,,360,,t3_shieldbreaker|t3_rendspear
standard,191,b5,blue,sup,坦克,ironclad,standard,0,0,0,1,8651,21078,11013,478.7,7.38,13.72,19.49,3,1,2,3,3,129,297,271,1033,4329,6777,9351,5924,167,,270,90,,360,2539,t3_calmveil|t3_thornmail
standard,191,r1,red,top,戰士,xueyue,standard,1,2,0,2,20222,26944,10958,476.3,8.7,15.64,22.03,3,1,1,2,3,92,1112,432,528,3942,6642,8482,5924,1114,1080,225,,48,90,,t3_shieldbreaker|t3_finalstring
standard,191,r2,red,jungle,戰士,tielian,standard,1,4,0,1,13705,18157,10887,473.2,8.88,15.34,20.11,3,1,1,2,3,785,1237,1067,987,3885,6717,9667,5924,376,2160,90,,1027,90,,t3_shieldbreaker|t3_finalstring
standard,191,r3,red,mid,法師,lieyan,standard,1,6,2,1,22775,14426,13060,567.6,10.09,16.93,22.41,3,0,1,2,3,1952,100,185,980,4212,5850,9585,5924,1006,1080,135,1350,,90,,t3_psyward
standard,191,r4,red,adc,射手,hanbing,standard,1,3,5,2,19585,9382,10547,458.4,11.18,19.13,,2,0,1,2,2,1168,321,877,1647,3328,5101,8197,5924,607,1080,135,450,,0,,t3_shieldbreaker|t3_rendspear
standard,191,r5,red,sup,坦克,ironclad,standard,1,0,1,3,5963,18534,10617,461.4,8.3,13.54,19.98,3,1,2,3,3,133,322,50,636,4333,6682,8950,5924,171,,225,,,90,2539,t3_calmveil|t3_thornmail
standard,192,b1,blue,top,戰士,langwang,standard,0,0,0,0,7089,21530,7299,360.3,9.13,18.87,,2,1,1,2,2,380,156,420,198,3530,5636,7220,5924,774,,,450,,72,,t3_shieldbreaker|t3_finalstring
standard,192,b2,blue,jungle,刺客,duskblade,standard,0,0,4,0,2710,8362,7474,368.9,8.54,18.79,,2,1,1,2,2,70,462,265,344,3920,5692,7395,5924,408,,,,991,72,,t3_finalstring
standard,192,b3,blue,mid,法師,shikong,standard,0,1,4,0,9241,11740,7203,355.5,11.55,,,1,0,1,1,1,1198,510,104,722,3458,5060,6584,5924,588,,,,,72,,t3_psyward
standard,192,b4,blue,adc,射手,xuanfeng,standard,0,0,3,1,10383,10222,6957,343.4,11.13,,,1,0,1,1,1,1172,406,808,1156,3332,5006,6608,5924,612,,,,,72,,t3_shieldbreaker|t3_rendspear
standard,192,b5,blue,sup,輔助,xuemai,standard,0,0,2,0,6875,16848,8881,438.4,6.97,12.33,17.74,3,1,2,3,3,413,396,522,600,4413,7126,8802,5924,353,,,450,48,72,1953,t3_calmveil
standard,192,r1,red,top,戰士,langwang,standard,1,3,0,0,11085,17858,10071,497.1,10.56,16.11,19.34,3,0,1,3,3,1264,462,212,470,3314,5942,9812,5924,504,1620,,1260,,504,,t3_shieldbreaker|t3_finalstring
standard,192,r2,red,jungle,刺客,duskblade,standard,1,2,0,1,8371,8030,10044,495.8,7.08,14.08,,2,1,2,2,2,443,601,1326,1714,4293,7251,9656,5924,306,1080,270,360,1211,504,,t3_finalstring
standard,192,r3,red,mid,法師,shikong,standard,1,3,0,2,17862,10637,9855,486.4,11.72,16.73,,2,0,1,2,2,1252,996,196,454,3512,6896,9596,5924,648,1620,540,360,,504,,t3_psyward
standard,192,r4,red,adc,射手,xuanfeng,standard,1,5,1,1,14891,9125,11133,549.5,10.23,17.37,19.5,3,0,1,3,3,1199,328,316,1132,3359,5708,10316,5924,783,2160,135,810,,504,,t3_shieldbreaker|t3_rendspear
standard,192,r5,red,sup,輔助,xuemai,standard,1,0,0,2,4482,9339,10065,496.8,7.1,13.83,17.37,3,1,2,3,3,1850,899,713,1025,4350,7149,9753,5924,171,,405,810,,504,1938,t3_calmveil
standard,193,b1,blue,top,戰士,kuangfeng,standard,0,1,0,2,10905,22363,8920,417.3,10.68,16.46,,2,0,1,2,2,1318,426,506,890,3368,5726,8186,5924,810,540,270,450,,192,,t3_shieldbreaker|t3_finalstring
standard,193,b2,blue,jungle,刺客,binghe,standard,0,0,5,0,3856,10763,7658,358.3,9.1,19.23,,2,1,1,2,2,479,521,482,227,3679,5451,7132,5924,108,,,,908,192,,t3_finalstring
standard,193,b3,blue,mid,法師,lieyan,standard,0,3,3,0,12490,12652,9250,432.8,11.62,18.89,,2,0,1,2,2,1144,192,464,370,3404,5042,8294,5924,648,1080,,450,,191,,t3_psyward
standard,193,b4,blue,adc,射手,dawnstrike,standard,0,3,4,2,12043,9855,9706,454.1,10.78,17.43,21.03,3,0,1,2,3,1316,292,900,106,3476,5672,8750,5924,684,1080,540,450,,72,,t3_shieldbreaker|t3_rendspear
standard,193,b5,blue,sup,輔助,zhanchang,standard,0,0,3,0,5321,13737,8665,405.4,8.35,13.78,19.12,3,1,2,3,3,287,267,537,225,4287,6447,8237,5924,162,,,,,72,2079,t3_calmveil
standard,193,r1,red,top,戰士,kuangfeng,standard,1,4,1,0,12326,17758,10019,468.7,9.38,16.36,21.01,3,1,1,2,3,333,541,1183,419,3483,6021,8883,5924,684,1620,,270,24,360,,t3_shieldbreaker|t3_finalstring
standard,193,r2,red,jungle,刺客,binghe,standard,1,4,1,0,7370,10006,10757,503.2,9.39,15.69,19.74,3,1,1,3,3,385,1753,241,1106,3585,6853,9891,5924,75,2160,,270,1101,360,,t3_finalstring
standard,193,r3,red,mid,法師,lieyan,standard,1,3,1,2,17795,11966,10486,490.6,12.06,19.85,,2,0,1,2,2,1126,81,184,1086,3386,5981,9584,5924,645,1620,90,945,,360,,t3_psyward
standard,193,r4,red,adc,射手,dawnstrike,standard,1,4,3,2,11019,7791,10734,502.2,10.32,17.15,21.03,3,0,1,2,3,1742,324,508,433,3422,6004,9058,5924,613,1080,360,720,,360,,t3_shieldbreaker|t3_rendspear
standard,193,r5,red,sup,輔助,zhanchang,standard,1,0,1,3,6132,12706,10817,506.1,7.77,12.73,16.23,3,1,2,3,3,515,488,1181,1776,4215,7518,10221,5924,142,,630,1395,,360,1769,t3_calmveil
standard,194,b1,blue,top,戰士,greymantle,standard,1,0,2,1,11193,23750,8518,392.5,9.61,18.06,,2,1,1,2,2,236,544,103,467,3386,5474,7553,5924,540,,135,450,,504,,t3_shieldbreaker|t3_finalstring
standard,194,b2,blue,jungle,刺客,jueying,standard,1,4,1,0,4995,10297,11078,510.5,8.61,15.09,20.53,3,1,1,2,3,704,1479,1644,428,3904,6809,10024,5924,342,1620,,450,1183,504,,t3_finalstring
standard,194,b3,blue,mid,法師,shikong,standard,1,6,6,2,17141,14093,12235,563.8,11.28,17.4,20.49,3,0,1,2,3,1288,237,1780,354,3548,6437,11180,5924,882,2700,270,900,,504,,t3_psyward
standard,194,b4,blue,adc,射手,yanfeng,standard,1,7,1,1,25078,9819,12991,598.6,10.95,16.62,20.53,3,0,1,2,3,1343,541,1560,2090,3503,6221,10460,5924,747,2700,135,450,,504,,t3_shieldbreaker|t3_rendspear
standard,194,b5,blue,sup,坦克,stoneguard,standard,1,0,1,2,4337,13910,10325,475.8,6.58,13.1,19.14,3,1,2,3,3,576,270,395,945,4476,7210,9775,5924,333,,270,900,,504,1843,t3_calmveil|t3_thornmail
standard,194,r1,red,top,戰士,greymantle,standard,0,0,1,2,7951,21530,7723,355.9,10.23,19.38,,2,0,1,2,2,1261,295,358,272,3311,5345,7208,5924,609,,225,450,,0,,t3_shieldbreaker|t3_finalstring
standard,194,r2,red,jungle,刺客,jueying,standard,0,3,5,3,9917,13804,10301,474.7,6.56,14.68,21.07,3,1,2,2,3,446,353,1310,301,5296,7053,9690,5924,132,1620,495,,1518,0,,t3_finalstring
standard,194,r3,red,mid,法師,shikong,standard,0,5,5,0,16013,13778,11119,512.4,11.9,15.3,21.53,3,0,1,2,3,1924,402,754,88,4184,6902,10154,5924,1079,2700,,450,,0,,t3_psyward
standard,194,r4,red,adc,射手,yanfeng,standard,0,3,5,1,14312,9618,9538,439.5,11.28,19.43,,2,0,1,2,2,1253,199,863,687,3413,5879,8483,5924,759,1080,270,450,,0,,t3_shieldbreaker|t3_rendspear
standard,194,r5,red,sup,坦克,stoneguard,standard,0,0,1,3,4785,19286,9816,452.3,7.08,13.46,19.01,3,1,2,3,3,321,411,131,35,4521,6771,9031,5924,335,,360,450,,0,1961,t3_calmveil|t3_thornmail
standard,195,b1,blue,top,戰士,cinderfist,standard,0,2,4,0,13975,40377,11722,406.7,10.1,18.07,24.5,3,0,1,2,3,1462,666,198,922,3512,5546,7598,5924,738,,,720,,216,,t3_shieldbreaker|t3_finalstring
standard,195,b2,blue,jungle,刺客,anye,standard,0,1,7,0,6114,16694,11616,403,10.14,17.3,24.48,3,0,1,2,3,1754,1506,383,535,3684,6136,7813,5924,240,,,270,1163,216,,t3_finalstring
standard,195,b3,blue,mid,法師,lieyan,standard,0,10,10,1,33153,22669,16009,555.4,11.93,16.43,23.79,4,0,1,2,4,1462,240,328,1609,3722,6740,8828,5924,888,1080,,720,,216,,t3_psyward
standard,195,b4,blue,adc,射手,siwang,standard,0,15,5,1,52058,13989,18125,628.8,10.28,19.47,21.56,5,0,1,2,5,1274,346,938,2525,3434,5426,8558,5924,527,1620,,270,,216,,t3_shieldbreaker|t3_rendspear
standard,195,b5,blue,sup,輔助,shengming,standard,0,1,2,6,10508,24404,14382,498.9,6.54,12.78,16.41,5,1,2,3,5,341,354,702,1181,4341,7384,9742,5924,198,540,270,720,,216,1873,t3_calmveil
standard,195,r1,red,top,戰士,cinderfist,standard,1,1,6,1,15859,38917,11773,408.4,9.5,19.1,24.2,3,1,1,2,3,344,246,222,973,3494,5726,7322,5924,858,,,450,,90,,t3_shieldbreaker|t3_finalstring
standard,195,r2,red,jungle,刺客,anye,standard,1,2,5,1,9618,13649,12787,443.6,8.58,17.03,22.78,3,1,1,2,3,580,1617,582,1707,3780,5767,8132,5924,378,540,,,1199,90,,t3_finalstring
standard,195,r3,red,mid,法師,lieyan,standard,1,14,5,0,39933,21663,19201,666.1,11.76,18.94,21.76,5,0,1,2,5,1090,234,190,3051,3350,5834,9470,5924,936,1620,,900,,90,,t3_psyward
standard,195,r4,red,adc,射手,siwang,standard,1,11,10,0,38832,14426,15319,531.5,11.78,20.48,22.62,4,0,1,1,4,1046,100,1894,1469,3206,4880,7574,5924,570,1080,,,,0,,t3_shieldbreaker|t3_rendspear
standard,195,r5,red,sup,輔助,shengming,standard,1,0,3,1,6447,20435,13179,457.2,7.53,13.49,17.43,4,1,2,3,4,515,203,321,1728,4215,6933,8901,5924,137,,270,450,,90,2029,t3_calmveil
standard,196,b1,blue,top,坦克,tieshixin,standard,1,0,3,0,5385,16996,6938,361.6,9.74,17.24,,2,1,1,,2,310,192,,187,3260,5492,,,,,,,,,,t3_calmveil|t3_thornmail
standard,196,b2,blue,jungle,刺客,wuxing,standard,1,1,1,0,4265,7840,8238,429.4,9.12,16.47,,2,1,1,,2,442,1083,,208,3642,6663,,,,,,,,,,t3_finalstring
standard,196,b3,blue,mid,法師,auralith,standard,1,0,0,1,10606,10320,7604,396.4,11.27,,,1,0,1,,1,1234,186,,1103,3494,6086,,,,,,,,,,t3_psyward
standard,196,b4,blue,adc,射手,maestro,standard,1,2,0,0,11772,7154,8291,432.2,8.14,17.61,,2,1,1,,2,715,590,,1291,4065,6270,,,,,,,,,,t3_shieldbreaker|t3_rendspear
standard,196,b5,blue,sup,輔助,mingyun,standard,1,0,1,0,3157,11557,9689,505.1,8.28,13.01,15.93,3,1,2,,3,251,320,,649,4251,7050,,,,,,,,,,t3_calmveil
standard,196,r1,red,top,坦克,tieshixin,standard,0,1,0,0,7082,16503,7370,384.2,8.98,15.51,,2,1,1,,2,454,300,,619,3404,5600,,,,,,,,,,t3_calmveil|t3_thornmail
standard,196,r2,red,jungle,刺客,wuxing,standard,0,0,1,1,4966,8744,7746,403.8,9.11,17.22,,2,1,1,,2,578,712,,196,3778,5992,,,,,,,,,,t3_finalstring
standard,196,r3,red,mid,法師,auralith,standard,0,0,1,2,8172,10235,7172,373.8,12.14,,,1,0,1,,1,1252,354,,671,3512,5204,,,,,,,,,,t3_psyward
standard,196,r4,red,adc,射手,maestro,standard,0,4,0,0,13430,8639,9051,471.8,10.18,18.03,,2,0,1,,2,1378,375,,151,3538,5455,,,,,,,,,,t3_shieldbreaker|t3_rendspear
standard,196,r5,red,sup,輔助,mingyun,standard,0,0,1,1,3569,10683,8422,439,7.18,13.67,17.8,3,1,2,,3,322,827,,262,4322,6707,,,,,,,,,,t3_calmveil
standard,197,b1,blue,top,坦克,bingshouweis,standard,1,0,1,0,8227,18094,8528,396.2,9.61,15.57,,2,1,1,2,2,562,578,344,1237,3512,5978,7634,5924,882,,,360,,468,,t3_calmveil|t3_thornmail
standard,197,b2,blue,jungle,刺客,razorwing,standard,1,1,2,0,4965,9705,9461,439.5,9.11,17.28,,2,1,1,2,2,487,718,280,1031,3687,6048,7930,5924,270,,,360,908,468,,t3_finalstring
standard,197,b3,blue,mid,法師,xingjie,standard,1,0,4,1,12156,11901,8636,401.2,11.38,20.63,,2,0,1,1,2,1324,714,972,1085,3584,5744,7472,5924,900,,,360,,288,,t3_psyward
standard,197,b4,blue,adc,射手,liuxing,standard,1,5,2,0,19418,11499,10826,502.9,9.81,18.91,20.3,3,1,1,2,3,102,316,272,925,3452,6116,8852,5924,480,1620,,360,,468,,t3_shieldbreaker|t3_rendspear
standard,197,b5,blue,sup,坦克,suishan,standard,1,1,0,2,7126,15731,11285,524.3,7.67,13.87,18.43,3,1,2,3,3,411,157,981,1305,4311,7097,9581,5924,239,,270,810,,468,1869,t3_calmveil|t3_thornmail
standard,197,r1,red,top,坦克,bingshouweis,standard,0,2,0,0,9878,21299,9158,425.4,8.83,16.45,20.63,3,1,1,2,3,562,282,1406,207,3512,5132,8696,5924,792,1080,,900,,0,,t3_calmveil|t3_thornmail
standard,197,r2,red,jungle,刺客,razorwing,standard,0,1,2,0,6254,10244,8198,380.8,9.48,17.27,,2,1,1,2,2,344,521,256,417,3544,5371,7736,5924,192,540,,,1080,0,,t3_finalstring
standard,197,r3,red,mid,法師,xingjie,standard,0,5,1,2,18032,13443,11126,516.9,10.5,15.85,21.44,3,0,1,2,3,1522,462,814,95,3782,6662,10214,5924,900,2700,540,150,,0,,t3_psyward
standard,197,r4,red,adc,射手,liuxing,standard,0,0,3,2,10351,10241,7958,369.7,10.11,20.02,,2,0,1,1,2,1163,178,1246,157,3323,5078,7046,5924,567,,405,149,,0,,t3_shieldbreaker|t3_rendspear
standard,197,r5,red,sup,坦克,suishan,standard,0,1,1,1,6003,16172,10310,479,6.83,13.4,18.34,3,1,2,3,3,246,321,468,329,4746,7101,9848,5924,176,540,135,599,,0,2472,t3_calmveil|t3_thornmail
standard,198,b1,blue,top,坦克,tiebi,standard,0,0,3,0,9747,22026,9044,390.8,8.72,17.51,22.07,3,1,1,2,3,535,465,193,333,3485,5015,6743,5924,675,,,,,144,,t3_calmveil|t3_thornmail
standard,198,b2,blue,jungle,刺客,jingxiang,standard,0,1,5,0,7969,14467,8624,372.7,9.63,17.88,,2,1,1,2,2,347,280,458,194,3547,5260,7638,5924,283,540,,,746,144,,t3_finalstring
standard,198,b3,blue,mid,法師,auralith,standard,0,2,3,1,14925,13350,10217,441.5,12.04,19.05,,2,0,1,2,2,1198,152,357,1337,3458,5582,8187,5924,810,540,270,450,48,144,,t3_psyward
standard,198,b4,blue,adc,射手,shensheng,standard,0,4,5,1,15259,12981,10451,451.6,10.52,19.4,22.64,3,0,1,2,3,1226,184,444,850,3386,4964,7664,5924,516,1080,,,,144,,t3_shieldbreaker|t3_rendspear
standard,198,b5,blue,sup,坦克,bingshouweis,standard,0,0,4,1,7635,24928,10761,465,7.59,14.46,17.62,3,1,2,3,3,245,429,685,1180,4445,6629,9365,5924,307,,,450,,144,2539,t3_calmveil|t3_thornmail
standard,198,r1,red,top,坦克,tiebi,standard,1,4,0,2,11967,19567,11475,495.8,8.89,14.48,19.96,3,1,2,3,3,1156,296,92,1444,4106,6246,9522,5924,918,1620,540,360,16,144,,t3_calmveil|t3_thornmail
standard,198,r2,red,jungle,刺客,jingxiang,standard,1,7,0,1,14024,12096,13421,580,8.98,13.89,18.59,4,1,2,3,4,116,264,491,621,4616,8394,11371,5924,240,3240,270,360,1193,144,,t3_finalstring
standard,198,r3,red,mid,法師,auralith,standard,1,1,3,2,13621,12545,9455,408.6,12.3,21.68,,2,0,1,1,2,1150,414,762,704,3410,5444,7262,5924,564,,270,360,,144,,t3_psyward
standard,198,r4,red,adc,射手,shensheng,standard,1,5,4,1,24051,10525,12302,531.6,10.97,18.08,22.64,3,0,1,2,3,1235,193,785,1151,3395,5573,8885,5924,656,1080,270,810,,144,,t3_shieldbreaker|t3_rendspear
standard,198,r5,red,sup,坦克,bingshouweis,standard,1,3,0,1,6095,16390,12297,531.4,7.96,13.86,17.34,4,1,2,3,4,294,654,148,96,4194,7434,10128,5924,104,1080,,360,,144,2515,t3_calmveil|t3_thornmail
standard,199,b1,blue,top,坦克,shengdun,standard,0,1,2,0,6766,19102,9040,417.7,9.07,16.52,19.44,3,1,1,3,3,553,291,393,409,3503,5591,8543,5924,657,540,,1350,,72,,t3_calmveil|t3_thornmail
standard,199,b2,blue,jungle,刺客,guihuo,standard,0,0,1,1,3529,9540,8211,379.4,9.75,18.41,,2,1,1,2,2,334,186,187,481,3534,5466,7617,5924,432,,135,,1054,72,,t3_finalstring
standard,199,b3,blue,mid,法師,xingjie,standard,0,0,3,2,12540,13498,8104,374.5,12.09,21.04,,2,0,1,1,2,1054,291,641,753,3314,5141,7121,5924,720,,405,,,72,,t3_psyward
standard,199,b4,blue,adc,射手,mori,standard,0,6,3,0,16147,9430,11182,516.7,9.69,17.88,21.31,3,1,1,2,3,180,157,1619,231,3530,5357,9569,5924,738,2160,,675,,72,,t3_shieldbreaker|t3_rendspear
standard,199,b5,blue,sup,輔助,shiguang,standard,0,0,2,2,5551,14821,9061,418.7,6.21,13.51,17.7,3,1,2,3,3,382,311,248,481,4332,6791,8528,5924,225,,270,225,,72,1812,t3_calmveil
standard,199,r1,red,top,坦克,shengdun,standard,1,5,1,1,9265,19256,12307,568.7,8.56,14.03,17.56,3,1,2,3,3,256,488,1328,2376,4106,6338,10658,5924,864,2160,,1260,,450,,t3_calmveil|t3_thornmail
standard,199,r2,red,jungle,刺客,guihuo,standard,1,1,1,2,4013,8079,10530,486.5,8.41,15.35,21.05,3,1,1,2,3,304,1916,1600,579,4154,7196,9630,5924,324,540,540,360,1491,450,,t3_finalstring
standard,199,r3,red,mid,法師,xingjie,standard,1,1,1,2,13979,10880,8896,411.1,12.56,20.42,,2,0,1,1,2,982,207,1089,865,3242,5357,7589,5924,405,,540,360,,360,,t3_psyward
standard,199,r4,red,adc,射手,mori,standard,1,4,4,0,12617,8270,10435,482.2,11.06,19.13,,2,0,1,2,2,1064,232,968,1534,3224,5312,8588,5924,324,1080,,810,,450,,t3_shieldbreaker|t3_rendspear
standard,199,r5,red,sup,輔助,shiguang,standard,1,0,0,2,6692,12742,10794,498.7,6,12.23,18.63,3,1,2,3,3,1769,554,987,1753,4269,7284,10027,5924,351,,540,810,,450,1951,t3_calmveil
standard,200,b1,blue,top,坦克,shiqiang,standard,1,1,0,1,9939,23146,9805,419.6,10.03,18.49,22.42,3,0,1,2,3,1738,146,290,1154,3368,5546,7580,5924,540,,,810,,306,,t3_calmveil|t3_thornmail
standard,200,b2,blue,jungle,刺客,jiansheng,standard,1,0,1,0,5845,12537,9174,392.6,9.22,18.5,,2,1,1,2,2,340,662,301,744,3540,5992,7601,5924,279,,,360,732,306,,t3_finalstring
standard,200,b3,blue,mid,法師,auralith,standard,1,4,6,0,17361,13783,11209,479.7,11.22,18.13,,2,0,1,2,2,1288,108,270,1808,3548,5708,8300,5924,720,1080,,360,,216,,t3_psyward
standard,200,b4,blue,adc,射手,leiting,standard,1,5,2,1,22684,11859,11947,511.3,11.56,16.66,21.27,3,0,1,2,3,1235,136,908,796,3395,5636,9488,5924,558,1620,270,810,,306,,t3_shieldbreaker|t3_rendspear
standard,200,b5,blue,sup,坦克,tixue,standard,1,0,2,1,7153,17444,10170,435.2,7.43,13.53,19.21,3,1,2,3,3,114,444,335,789,4314,7104,8935,5924,171,,270,360,,306,1904,t3_calmveil|t3_thornmail
standard,200,r1,red,top,坦克,shiqiang,standard,0,3,0,1,9339,21269,10921,467.4,9.18,14.35,18.78,3,1,2,3,3,1102,388,466,890,4052,6338,9416,5924,972,1620,,900,,0,,t3_calmveil|t3_thornmail
standard,200,r2,red,jungle,刺客,jiansheng,standard,0,1,3,0,10538,15204,9296,397.8,9.21,18.13,,2,1,1,2,2,583,413,444,865,3783,5743,8094,5924,372,540,,,1258,0,,t3_finalstring
standard,200,r3,red,mid,法師,auralith,standard,0,2,3,0,16674,12712,9787,418.8,12.38,19.22,,2,0,1,2,2,1207,369,291,506,3467,5699,7841,5924,927,540,,450,,0,,t3_psyward
standard,200,r4,red,adc,射手,leiting,standard,0,4,3,1,21310,13006,11599,496.4,10.35,17.41,21.7,3,0,1,2,3,1409,394,218,1078,3569,5774,7898,5924,714,540,270,450,,0,,t3_shieldbreaker|t3_rendspear
standard,200,r5,red,sup,坦克,tixue,standard,0,1,1,3,7331,21436,11051,473,7.97,13.38,17.98,3,1,2,3,3,81,282,320,1071,4281,7062,9700,5924,254,540,540,,,0,2440,t3_calmveil|t3_thornmail
