config,seed,strategySide,over,duration_min,winner,strategyWon,kills,kills10,kills15,kills20,bK,rK,towers_blue_down,towers_red_down,towers20,blue_lane_cleared_min,red_lane_cleared_min,stall_min,guards_down_end,blue_nexus_hp_end,red_nexus_hp_end,dragons,barons,lastTowerFall_min,team_t3_20,rejected,violations,conservationFails,wallMs
off,1,,1,23.91,red,,20,4,7,14,6,14,10,7,8,,,,2,-1472,7200,3,2,23.87,,0,0,0,14723
off,2,,1,21.41,red,,8,0,3,7,1,7,9,3,10,,,,2,-152,7200,3,2,21.36,,0,0,0,13845
off,3,,1,26.37,red,,25,3,7,14,3,22,9,7,8,,,,2,-512,7200,3,3,25.92,,0,0,0,15127
off,4,,1,24.41,blue,,27,3,10,19,13,14,5,10,9,,,,2,7200,-2156,3,2,24.37,,0,0,0,14459
off,5,,1,24.18,blue,,15,0,2,8,11,4,6,6,9,,,,2,7200,-1982,4,3,24.15,,0,0,0,14920
off,6,,1,23.48,blue,,6,0,1,3,3,3,6,9,8,,,,2,7200,-257,3,2,23.43,,0,0,0,14505
off,7,,1,23.83,blue,,12,1,3,8,6,6,7,10,8,,,,2,7200,-13,3,2,23.73,,0,0,0,14535
off,8,,1,26.94,red,,26,0,6,12,4,22,9,5,7,,,,2,-924,7200,4,2,26.9,,0,0,0,15037
off,9,,1,24.13,red,,14,1,4,9,4,10,9,4,9,,,,2,-390,7200,3,2,24.09,,0,0,0,7292
off,10,,1,23.36,red,,13,2,3,7,3,10,10,3,9,,,,2,-3574,7200,3,3,23.33,,0,0,0,6827
off,11,,1,28.2,blue,,27,3,9,16,10,17,9,11,10,28.16,23.71,0.04,2,7200,-2253,6,3,28.17,,0,0,0,8456
off,12,,1,22.2,red,,15,0,3,11,6,9,9,6,13,,,,2,-809,7200,3,2,22.13,,0,0,0,6418
off,13,,1,23.41,red,,11,1,1,5,1,10,9,7,9,,,,2,-813,7200,3,2,23.37,,0,0,0,7166
off,14,,1,29.61,red,,37,4,9,16,7,30,11,6,10,28.8,,,2,-4966,7200,5,4,29.59,,0,0,0,8160
off,15,,1,36.1,blue,,41,1,3,8,15,26,7,10,10,,,,2,7200,-2802,5,4,36.08,,0,0,0,9909
off,16,,1,23.37,red,,15,1,4,9,2,13,10,6,4,,,,2,-1373,7200,3,2,23.33,,0,0,0,6966
off,17,,1,23.63,red,,16,1,5,9,7,9,9,6,11,,,,2,-1096,7200,3,2,23.58,,0,0,0,6225
off,18,,1,30.36,blue,,33,2,6,12,17,16,8,9,9,,,,2,7200,-276,4,3,30.34,,0,0,0,8247
off,19,,1,24.41,red,,17,2,7,13,5,12,10,3,8,,,,2,-2156,7200,3,3,24.37,,0,0,0,6364
off,20,,1,22.84,red,,24,1,7,16,14,10,9,6,11,,,,2,-53,7200,3,2,22.73,,0,0,0,6226
off,21,,1,24.19,red,,20,1,2,12,9,11,9,5,5,,,,2,-1152,7200,3,2,24.14,,0,0,0,6691
off,22,,1,21.43,red,,14,3,7,12,4,10,11,5,10,20.63,,,2,-1039,7200,3,2,21.37,,0,0,0,5849
off,23,,1,22.9,red,,7,0,3,4,1,6,9,5,9,,,,2,-169,7200,5,3,22.86,,0,0,0,6373
off,24,,1,22.42,red,,13,2,5,8,4,9,10,5,11,,,,2,-1139,7200,3,2,22.37,,0,0,0,6243
off,25,,1,24.18,red,,17,2,7,12,2,15,8,7,8,,,,2,-1982,7200,3,3,24.15,,0,0,0,6125
off,26,,1,23.12,red,,17,3,5,14,0,17,11,4,9,23.08,,,2,-566,7200,3,3,23.09,,0,0,0,5782
off,27,,1,21.92,red,,15,3,5,11,5,10,9,4,11,,,,2,-420,7200,3,2,21.87,,0,0,0,5844
off,28,,1,26.85,red,,25,3,8,13,7,18,9,4,9,,,,2,-1649,7200,3,3,26.83,,0,0,0,6837
off,29,,1,25.87,red,,21,3,7,13,6,15,11,7,10,25.28,,,2,-2530,7200,3,3,25.83,,0,0,0,6724
off,30,,1,18.97,red,,16,3,7,,1,15,9,2,,,,,2,-262,7200,3,2,18.88,,0,0,0,4947
off,31,,1,26.11,blue,,25,2,7,12,9,16,9,10,9,25.98,,,2,7200,-111,4,3,26.08,,0,0,0,6679
off,32,,1,21.62,red,,12,3,9,10,5,7,9,2,9,,,,2,-1348,7200,3,2,21.56,,0,0,0,5719
off,33,,1,24.69,red,,23,1,4,11,5,18,10,5,9,,,,2,-302,7200,5,3,24.65,,0,0,0,5843
off,34,,1,19.75,blue,,12,1,4,,4,8,4,8,,,,,2,7200,-45,3,2,19.65,,0,0,0,5352
off,35,,1,22.5,red,,14,2,4,10,5,9,9,3,9,,,,2,-165,7200,3,2,22.41,,0,0,0,5911
off,36,,1,20.95,red,,11,0,6,10,3,8,8,4,9,,,,2,-689,7200,2,2,20.92,,0,0,0,5308
off,37,,1,21.71,red,,17,5,7,12,2,15,9,5,12,,,,2,-115,7200,3,2,21.64,,0,0,0,5375
off,38,,1,20.43,red,,12,2,6,12,2,10,9,5,11,,,,2,-581,7200,3,2,20.38,,0,0,0,5150
off,39,,1,24.31,blue,,16,2,4,8,2,14,7,10,11,,,,2,7200,-568,3,3,24.22,,0,0,0,6137
off,40,,1,21.87,red,,11,2,4,10,1,10,10,6,13,,,,2,-289,7200,4,2,21.73,,0,0,0,5631
off,41,,1,21.53,red,,20,2,9,15,4,16,9,4,9,,,,2,-258,7200,3,2,21.41,,0,0,0,5397
off,42,,1,22.89,red,,19,2,8,14,2,17,10,8,8,,,,2,-1528,7200,3,3,22.87,,0,0,0,5492
off,43,,1,23.42,blue,,12,1,3,8,4,8,8,9,11,,,,2,7200,-824,3,3,23.38,,0,0,0,5753
off,44,,1,21.92,red,,17,2,10,15,1,16,10,5,10,,,,2,-420,7200,3,2,21.87,,0,0,0,5364
off,45,,1,25.18,blue,,18,3,6,11,5,13,6,10,8,,,,2,7200,-848,3,2,25.14,,0,0,0,5931
off,46,,1,24.36,blue,,11,3,4,7,4,7,7,11,7,,21.5,,2,7200,-1378,3,2,24.33,,0,0,0,6011
off,47,,1,22.91,red,,22,3,6,15,4,18,10,6,9,,,,2,-179,7200,3,2,22.87,,0,0,0,5628
off,48,,1,21.95,red,,20,4,7,18,5,15,9,5,10,,,,2,-453,7200,4,2,21.88,,0,0,0,5751
off,49,,1,21.92,red,,13,1,5,11,1,12,9,4,11,,,,2,-420,7200,3,2,21.87,,0,0,0,5262
off,50,,1,24.41,red,,18,0,3,11,5,13,11,7,8,23.57,,,2,-2156,7200,4,3,24.37,,0,0,0,6160
off,51,,1,24.41,blue,,18,2,8,10,8,10,7,9,10,,,,2,7200,-1429,4,3,24.36,,0,0,0,6341
off,52,,1,23.41,blue,,14,1,5,11,7,7,5,10,8,,,,2,7200,-813,3,2,23.37,,0,0,0,5963
off,53,,1,21.72,red,,11,1,5,10,4,7,9,4,11,,,,2,-127,7200,3,2,21.65,,0,0,0,5427
off,54,,1,35.66,blue,,59,1,5,14,33,26,8,11,12,,31.93,,2,7200,-2456,6,4,35.64,,0,0,0,8558
off,55,,1,19.45,red,,6,3,3,,4,2,9,5,,,,,2,-128,7200,3,2,19.38,,0,0,0,5094
off,56,,1,24.4,red,,7,1,2,3,3,4,11,8,8,23.73,,,2,-2145,7200,4,3,24.36,,0,0,0,6398
off,57,,1,23.23,blue,,15,2,5,6,5,10,8,7,9,,,,2,7200,-1174,2,2,23.18,,0,0,0,5837
off,58,,1,22.38,red,,19,0,3,14,4,15,9,3,9,,,,2,-48,7200,4,3,22.33,,0,0,0,5791
off,59,,1,23.71,red,,17,0,6,14,7,10,8,6,10,,,,2,-552,7200,3,2,23.66,,0,0,0,5985
off,60,,1,20.88,red,,17,4,8,15,3,14,9,2,9,,,,2,-1365,7200,3,2,20.83,,0,0,0,5382
off,61,,1,22.64,red,,17,2,6,10,4,13,9,5,10,,,,2,-1473,7200,3,2,22.59,,0,0,0,5472
off,62,,1,24.2,blue,,20,2,8,13,6,14,5,10,8,,,,2,7200,-1451,3,3,24.16,,0,0,0,6276
off,63,,1,25.41,red,,19,0,2,5,6,13,10,6,9,,,,2,-1112,7200,3,3,25.38,,0,0,0,6327
off,64,,1,19.94,red,,8,2,5,,2,6,9,3,,,,,2,-89,7200,4,2,19.88,,0,0,0,5184
off,65,,1,22.34,red,,15,4,8,11,4,11,11,5,7,21.85,,,2,-523,7200,3,2,22.3,,0,0,0,5691
off,66,,1,23.87,red,,18,3,4,8,6,12,10,6,11,,,,2,-1416,7200,3,3,23.83,,0,0,0,5877
off,67,,1,24.64,red,,20,2,6,14,10,10,9,8,10,,,,2,-247,7200,3,3,24.6,,0,0,0,6287
off,68,,1,27.32,red,,23,2,6,9,4,19,10,5,7,,,,2,-1958,7200,3,3,26.92,,0,0,0,6404
off,69,,1,22.91,red,,17,0,3,12,2,15,11,6,12,21.63,,,2,-179,7200,3,2,22.87,,0,0,0,5369
off,70,,1,22.87,red,,22,4,8,15,3,19,11,3,9,22.49,,,2,-128,7200,5,3,22.83,,0,0,0,5457
off,71,,1,24.86,red,,29,2,9,19,3,26,10,5,7,,,,2,-491,7200,3,2,24.83,,0,0,0,5907
off,72,,1,23.71,red,,15,0,0,7,8,7,9,6,10,,,,2,-552,7200,3,2,23.66,,0,0,0,5920
off,73,,1,27.44,blue,,20,0,1,5,8,12,7,10,11,,,,2,7200,-1438,4,3,27.4,,0,0,0,6450
off,74,,1,20.4,red,,21,3,10,21,1,20,10,3,11,,,,2,-525,7200,3,2,20.33,,0,0,0,4962
off,75,,1,26.39,red,,14,0,1,6,4,10,10,7,9,,,,2,-2278,7200,4,3,26.36,,0,0,0,6533
off,76,,1,20.89,red,,15,2,6,14,7,8,8,3,9,,,,2,-207,7200,4,2,20.83,,0,0,0,5322
off,77,,1,21.85,red,,18,2,10,14,2,16,10,4,10,,,,2,-1097,7200,4,3,21.83,,0,0,0,5195
off,78,,1,56.88,red,,172,2,8,17,65,107,11,9,9,27.15,23.61,29.73,2,-29140,7200,12,9,56.87,,0,0,0,12368
off,79,,1,22.42,blue,,13,3,8,10,7,6,5,10,11,,,,2,7200,-1139,3,2,22.37,,0,0,0,5552
off,80,,1,22.91,red,,14,1,5,8,2,12,11,8,13,21.98,,,2,-179,7200,4,2,22.87,,0,0,0,5714
off,81,,1,21.93,blue,,15,1,6,13,6,9,6,9,8,,,,2,7200,-908,3,2,21.88,,0,0,0,5423
off,82,,1,23.28,blue,,15,0,4,10,7,8,5,11,11,,22.99,,2,7200,-755,3,3,23.23,,0,0,0,5781
off,83,,1,28.66,red,,27,2,6,12,10,17,11,8,11,26.34,,,2,-273,7200,5,3,28.63,,0,0,0,7106
off,84,,1,27.68,blue,,35,1,7,15,17,18,8,9,10,,,,2,7200,-1697,5,3,27.65,,0,0,0,6486
off,85,,1,21.73,red,,13,1,4,8,1,12,10,3,9,,,,2,-885,7200,3,3,21.67,,0,0,0,5409
off,86,,1,23.4,red,,13,0,0,8,3,10,10,3,9,,,,2,-803,7200,4,3,23.36,,0,0,0,5806
off,87,,1,22.91,red,,17,2,5,13,3,14,11,6,9,21.35,,,2,-179,7200,3,2,22.87,,0,0,0,5758
off,88,,1,24.34,red,,20,1,3,9,3,17,10,6,6,,,,2,-652,7200,4,3,24.33,,0,0,0,5700
off,89,,1,26.85,blue,,24,1,10,11,6,18,7,10,11,,,,2,7200,-842,4,3,26.83,,0,0,0,6313
off,90,,1,21.43,blue,,17,2,8,15,10,7,5,7,10,,,,2,7200,-176,3,2,21.38,,0,0,0,5444
off,91,,1,23.09,red,,23,3,8,16,8,15,10,4,9,,,,2,-3114,7200,3,3,23.07,,0,0,0,5638
off,92,,1,19.69,red,,5,1,4,,0,5,9,4,,,,,2,-12,7200,2,2,19.6,,0,0,0,5305
off,93,,1,21.44,blue,,9,0,2,9,6,3,3,9,9,,,,2,7200,-200,3,2,21.39,,0,0,0,5529
off,94,,1,21.91,red,,17,3,7,12,2,15,9,3,9,,,,2,-883,7200,3,2,21.86,,0,0,0,5308
off,95,,1,23.86,red,,17,4,5,11,4,13,9,6,11,,,,2,-3006,7200,3,3,23.83,,0,0,0,5954
off,96,,1,21.91,red,,11,1,3,9,3,8,11,3,9,21.49,,,2,-883,7200,3,2,21.86,,0,0,0,5412
off,97,,1,23.89,red,,16,1,5,9,9,7,7,7,8,,,,2,-123,7200,3,2,23.86,,0,0,0,5732
off,98,,1,22.5,red,,17,3,6,13,1,16,11,4,12,20.73,,,2,-165,7200,3,2,22.41,,0,0,0,5190
off,99,,1,26.68,red,,20,2,3,8,6,14,9,6,8,,,,2,-669,7200,3,2,26.65,,0,0,0,6038
off,100,,1,21.4,red,,12,2,2,11,3,9,10,5,9,,,,2,-576,7200,3,2,21.35,,0,0,0,5039
off,101,,1,20.08,red,,14,3,6,14,2,12,9,3,11,,,,2,-212,7200,3,2,20.07,,0,0,0,4747
off,102,,1,25.87,red,,20,2,5,10,5,15,9,5,9,,,,2,-1646,7200,3,2,25.83,,0,0,0,5899
off,103,,1,26.34,blue,,22,3,6,10,12,10,7,9,10,,,,2,7200,-1094,3,3,26.33,,0,0,0,6172
off,104,,1,24.37,blue,,22,1,5,15,14,8,8,11,10,,23.96,,2,7200,-672,4,3,24.33,,0,0,0,5624
off,105,,1,22.98,blue,,10,1,4,7,4,6,4,9,9,,,,2,7200,-234,3,3,22.9,,0,0,0,5292
off,106,,1,26.17,red,,18,1,4,8,7,11,11,8,11,22.56,,,2,-162,7200,4,2,26.13,,0,0,0,6162
off,107,,1,24.88,red,,29,3,7,15,2,27,10,5,8,,,,2,-610,7200,4,3,24.62,,0,0,0,5614
off,108,,1,23.89,red,,24,1,8,15,5,19,10,6,9,,,,2,-3059,7200,3,3,23.87,,0,0,0,5622
off,109,,1,23.63,red,,12,2,3,7,4,8,9,5,12,,,,2,-1745,7200,3,2,23.59,,0,0,0,5701
off,110,,1,22.67,red,,12,3,7,9,1,11,11,5,11,21.78,,,2,-432,7200,3,2,22.63,,0,0,0,5150
off,111,,1,26.8,red,,24,2,6,11,5,19,9,6,9,,,,2,-769,7200,4,3,26.73,,0,0,0,5982
off,112,,1,20.97,red,,13,4,9,12,2,11,10,4,12,,,,2,-694,7200,3,2,20.88,,0,0,0,4802
off,113,,1,21.43,red,,12,0,4,9,5,7,10,4,12,,,,2,-1039,7200,4,2,21.37,,0,0,0,4869
off,114,,1,25.35,red,,29,2,8,16,5,24,9,5,8,,,,2,-1879,7200,3,3,25.33,,0,0,0,5898
off,115,,1,23.47,red,,18,0,4,11,8,10,9,7,9,,,,2,-246,7200,3,3,23.4,,0,0,0,5543
off,116,,1,22.35,red,,15,1,6,11,0,15,9,4,9,,,,2,-749,7200,4,3,22.33,,0,0,0,5286
off,117,,1,21.83,red,,8,0,3,5,2,6,9,4,10,,,,2,-243,7200,3,2,21.7,,0,0,0,5506
off,118,,1,20.13,red,,3,0,2,3,3,0,8,3,9,,,,2,-100,7200,2,2,20.09,,0,0,0,5168
off,119,,1,23.38,red,,15,0,3,9,3,12,9,6,8,,,,2,-912,7200,3,3,23.36,,0,0,0,5806
off,120,,1,22.92,blue,,13,1,7,10,3,10,7,11,10,,22.52,,2,7200,-757,4,2,22.88,,0,0,0,5381
off,121,,1,24.21,blue,,13,2,3,8,1,12,6,8,10,,,,2,7200,-1174,3,2,24.16,,0,0,0,5768
off,122,,1,26.61,red,,22,0,3,9,5,17,10,5,7,,,,2,-600,7200,4,3,26.58,,0,0,0,6184
off,123,,1,21.64,red,,9,0,3,7,3,6,9,5,10,,,,2,-489,7200,4,2,21.59,,0,0,0,5296
off,124,,1,50.34,blue,,105,2,5,8,57,48,9,11,9,26.47,25.91,23.88,2,7200,-4981,8,7,50.33,,0,0,0,11486
off,125,,1,21.88,red,,8,1,4,7,0,8,10,7,9,,,,2,-373,7200,3,2,21.83,,0,0,0,5224
off,126,,1,26.12,blue,,20,1,4,9,12,8,7,11,9,,24.28,,2,7200,-1945,4,3,26.08,,0,0,0,6117
off,127,,1,22.14,red,,15,4,5,11,2,13,9,7,12,,,,2,-740,7200,3,2,22.09,,0,0,0,5105
off,128,,1,23.41,red,,23,3,11,16,9,14,9,6,10,,,,2,-813,7200,3,2,23.37,,0,0,0,5260
off,129,,1,24.85,red,,21,1,7,11,4,17,10,3,7,,,,2,-482,7200,4,3,24.82,,0,0,0,5779
off,130,,1,22.37,red,,23,4,9,16,7,16,9,6,12,,,,2,-39,7200,3,2,22.33,,0,0,0,5214
off,131,,1,23.83,blue,,17,1,2,10,9,8,3,10,9,,,,2,7200,-718,2,2,23.8,,0,0,0,5658
off,132,,1,25.85,red,,18,0,5,11,4,14,10,5,8,,,,2,-2519,7200,3,3,25.83,,0,0,0,6183
off,133,,1,20.75,red,,9,3,6,8,1,8,10,5,11,,,,2,-349,7200,3,2,20.67,,0,0,0,5041
off,134,,1,20.93,red,,19,5,7,16,6,13,9,3,10,,,,2,-258,7200,3,2,20.87,,0,0,0,5250
off,135,,1,21.9,red,,12,0,5,10,5,7,9,4,11,,,,2,-336,7200,4,2,21.77,,0,0,0,5350
off,136,,1,21.85,red,,9,3,3,8,0,9,9,5,11,,,,2,-266,7200,4,2,21.72,,0,0,0,5359
off,137,,1,22.99,red,,16,0,3,11,8,8,10,5,8,,,,2,-247,7200,3,2,22.91,,0,0,0,5538
off,138,,1,24.42,red,,12,1,1,5,4,8,10,5,9,,,,2,-1439,7200,4,3,24.37,,0,0,0,5682
off,139,,1,23.63,red,,13,2,4,9,6,7,9,5,9,,,,2,-1733,7200,3,2,23.58,,0,0,0,5731
off,140,,1,25.39,blue,,18,0,0,5,7,11,6,9,9,,,,2,7200,-1921,3,3,25.36,,0,0,0,5835
off,141,,1,23.83,blue,,22,1,7,15,9,13,6,10,7,,,,2,7200,-13,3,2,23.73,,0,0,0,5483
off,142,,1,24.41,red,,12,1,2,7,2,10,9,6,10,,,,2,-2156,7200,3,3,24.37,,0,0,0,5606
off,143,,1,23.14,red,,18,2,7,16,3,15,10,4,9,,,,2,-2256,7200,3,3,23.11,,0,0,0,5189
off,144,,1,21.92,red,,13,1,7,12,4,9,10,5,10,,,,2,-420,7200,3,2,21.87,,0,0,0,5271
off,145,,1,21.72,blue,,16,1,5,11,4,12,5,9,11,,,,2,7200,-127,3,2,21.65,,0,0,0,5043
off,146,,1,29.12,red,,22,2,3,9,4,18,11,7,9,27.93,,,2,-1974,7200,4,3,29.09,,0,0,0,6285
off,147,,1,23.17,red,,14,1,3,11,2,12,10,7,11,,,,2,-1082,7200,3,2,23.11,,0,0,0,5249
off,148,,1,25.85,red,,24,1,6,15,5,19,9,4,10,,,,2,-1626,7200,3,3,25.82,,0,0,0,5715
off,149,,1,24.69,blue,,12,0,3,7,6,6,3,9,7,,,,2,7200,-302,3,2,24.65,,0,0,0,5901
off,150,,1,21.79,blue,,14,1,7,13,4,10,3,10,11,,,,2,7200,-680,3,2,21.68,,0,0,0,5165
off,151,,1,27.44,red,,34,2,9,17,13,21,8,8,10,,,,2,-1438,7200,4,3,27.4,,0,0,0,5879
off,152,,1,24.92,red,,17,3,5,10,3,14,10,5,8,,,,2,-550,7200,3,3,24.88,,0,0,0,5888
off,153,,1,19.94,red,,7,1,2,,2,5,9,4,,,,,2,-717,7200,3,2,19.87,,0,0,0,4691
off,154,,1,28.39,red,,31,0,4,10,9,22,10,6,11,,,,2,-3439,7200,4,4,28.38,,0,0,0,6397
off,155,,1,21.38,red,,13,5,5,11,0,13,9,2,9,,,,2,-538,7200,3,2,21.33,,0,0,0,5164
off,156,,1,20.93,red,,7,2,3,6,2,5,10,4,12,,,,2,-258,7200,3,2,20.87,,0,0,0,5133
off,157,,1,24.35,red,,15,0,2,7,2,13,10,5,8,,,,2,-3800,7200,3,3,24.33,,0,0,0,5736
off,158,,1,27.84,red,,26,2,4,10,15,11,10,7,9,,,,2,-738,7200,4,3,27.82,,0,0,0,6340
off,159,,1,20.21,blue,,4,0,1,4,2,2,6,9,12,,,,2,7200,-189,2,2,20.13,,0,0,0,4703
off,160,,1,22.37,red,,18,4,9,14,1,17,10,5,13,,,,2,-1073,7200,3,2,22.33,,0,0,0,5219
off,161,,1,23.9,red,,19,1,4,9,4,15,9,6,9,,,,2,-1461,7200,4,3,23.86,,0,0,0,5420
off,162,,1,23.89,red,,22,1,7,12,5,17,9,6,8,,,,2,-123,7200,3,2,23.86,,0,0,0,5449
off,163,,1,23.63,red,,15,1,4,8,6,9,9,6,9,,,,2,-1243,7200,3,3,23.61,,0,0,0,5695
off,164,,1,23.38,red,,12,0,2,6,8,4,10,6,8,,,,2,-770,7200,3,2,23.33,,0,0,0,5542
off,165,,1,26.39,blue,,23,4,5,12,15,8,8,11,11,,26.08,,2,7200,-381,5,3,26.36,,0,0,0,6012
off,166,,1,21.53,red,,14,1,3,11,5,9,10,5,10,,,,2,-258,7200,3,2,21.41,,0,0,0,5163
off,167,,1,21.7,red,,14,2,4,10,1,13,10,5,11,,,,2,-104,7200,2,2,21.63,,0,0,0,5107
off,168,,1,20.13,red,,11,0,4,11,2,9,8,4,10,,,,2,-87,7200,2,2,20.08,,0,0,0,4983
off,169,,1,21.92,red,,12,0,2,9,2,10,10,6,14,,,,2,-895,7200,3,2,21.87,,0,0,0,5195
off,170,,1,24.53,red,,20,3,6,15,8,12,10,7,11,,,,2,-2495,7200,3,3,24.52,,0,0,0,5848
off,171,,1,30.1,blue,,34,3,7,12,9,25,7,10,7,,,,2,7200,-80,4,3,30.08,,0,0,0,6881
off,172,,1,20.38,red,,13,2,8,12,1,12,9,4,11,,,,2,-507,7200,4,2,20.33,,0,0,0,5105
off,173,,1,23.35,red,,13,2,4,10,1,12,10,5,10,,,,2,-12,7200,3,3,23.33,,0,0,0,5390
off,174,,1,26.92,red,,22,3,5,12,4,18,10,5,8,,,,2,-909,7200,4,3,26.89,,0,0,0,6134
off,175,,1,22.92,red,,11,0,0,8,4,7,9,6,12,,,,2,-190,7200,3,2,22.88,,0,0,0,5433
off,176,,1,23.32,red,,15,1,6,10,1,14,10,7,11,,,,2,-823,7200,3,3,22.92,,0,0,0,5459
off,177,,1,23.88,blue,,15,2,5,11,5,10,3,10,6,,,,2,7200,-1428,3,2,23.83,,0,0,0,5975
off,178,,1,24.33,blue,,14,1,3,8,4,10,7,7,10,,,,2,7200,-1346,3,2,24.3,,0,0,0,6269
off,179,,1,21.42,blue,,9,1,2,6,6,3,6,10,11,,,,2,7200,-163,3,2,21.36,,0,0,0,5370
off,180,,1,23.89,red,,24,3,8,17,5,19,9,2,7,,,,2,-3059,7200,3,3,23.87,,0,0,0,5683
off,181,,1,20.08,red,,13,2,6,13,3,10,9,4,13,,,,2,-212,7200,3,2,19.91,,0,0,0,4968
off,182,,1,25.2,blue,,23,3,6,12,13,10,7,11,8,,22.53,,2,7200,-867,3,2,25.16,,0,0,0,6407
off,183,,1,21.65,red,,16,1,8,14,5,11,9,5,11,,,,2,-501,7200,4,2,21.6,,0,0,0,5579
off,184,,1,26.85,red,,22,2,5,15,10,12,10,8,9,,,,2,-3854,7200,4,3,26.82,,0,0,0,6678
off,185,,1,22.92,blue,,9,1,2,5,1,8,6,9,10,,,,2,7200,-757,3,2,22.88,,0,0,0,6009
off,186,,1,24.37,blue,,21,2,4,11,12,9,5,9,10,,,,2,7200,-2098,4,3,24.33,,0,0,0,5997
off,187,,1,21.95,red,,16,3,6,14,2,14,10,6,9,,,,2,-453,7200,4,2,21.88,,0,0,0,5562
off,188,,1,28.12,red,,29,1,4,9,5,24,10,7,11,,,,2,-997,7200,4,3,28.09,,0,0,0,6601
off,189,,1,22.43,red,,15,0,4,12,7,8,10,8,12,,,,2,-1151,7200,3,2,22.38,,0,0,0,5474
off,190,,1,21.46,red,,21,4,6,15,4,17,9,3,10,,,,2,-640,7200,3,2,21.38,,0,0,0,5374
off,191,,1,23.41,red,,19,2,4,9,1,18,11,4,8,22.33,,,2,-813,7200,3,2,23.4,,0,0,0,5739
off,192,,1,24.69,red,,10,1,4,8,1,9,9,4,7,,,,2,-302,7200,3,2,24.65,,0,0,0,6116
off,193,,1,22.38,red,,18,5,10,15,2,16,11,4,10,21.69,,,2,-1090,7200,3,2,22.33,,0,0,0,5480
off,194,,1,20.93,red,,12,5,9,11,2,10,10,6,13,,,,2,-258,7200,3,2,20.87,,0,0,0,5348
off,195,,1,23.91,blue,,12,2,6,10,4,8,6,9,10,,,,2,7200,-1472,3,2,23.87,,0,0,0,5960
off,196,,1,21.92,red,,13,0,4,11,1,12,10,4,9,,,,2,-420,7200,3,2,21.87,,0,0,0,5293
off,197,,1,24.08,blue,,22,3,7,16,10,12,8,9,9,,,,2,7200,-3366,3,3,24.06,,0,0,0,6139
off,198,,1,23.33,blue,,23,0,6,17,14,9,6,9,10,,,,2,7200,-71,5,2,23.23,,0,0,0,5678
off,199,,1,19.64,red,,14,1,6,,2,12,10,3,,,,,2,-613,7200,3,2,19.59,,0,0,0,4963
off,200,,1,22.86,red,,18,1,7,14,4,14,10,6,10,,,,2,-5767,7200,3,2,22.83,,0,0,0,5557
standard,1,,1,21.42,red,,11,0,2,8,4,7,10,5,9,,,,2,-164,7200,4,2,21.39,5,0,0,0,6063
standard,2,,1,22.62,red,,14,0,3,5,4,10,10,3,11,,,,2,-1990,7200,3,2,22.58,5,0,0,0,6383
standard,3,,1,20.89,red,,25,4,10,23,2,23,9,4,11,,,,2,-207,7200,3,2,20.83,6,0,0,0,5442
standard,4,,1,23.59,red,,26,3,10,20,5,21,10,6,10,,,,2,-1188,7200,4,3,23.57,5.5,0,0,0,6371
standard,5,,1,22.91,red,,19,1,4,12,3,16,10,7,8,,,,2,-179,7200,3,2,22.88,4.5,0,0,0,6422
standard,6,,1,20.43,red,,13,1,4,13,2,11,9,3,10,,,,2,-581,7200,3,2,20.37,5.5,0,0,0,5784
standard,7,,1,20.42,blue,,17,3,7,16,10,7,4,10,14,,,,2,7200,-519,3,2,19.93,5,0,0,0,6067
standard,8,,1,25.89,red,,33,2,9,17,16,17,10,6,9,,,,2,-1676,7200,3,3,25.86,5,0,0,0,7399
standard,9,,1,20.17,red,,11,3,4,11,1,10,11,5,13,20.08,,,2,-470,7200,3,2,20.1,5,0,0,0,5553
standard,10,,1,23.2,red,,23,1,7,13,7,16,10,7,10,,,,2,-1128,7200,3,2,23.14,5,0,0,0,6156
standard,11,,1,19.94,red,,17,4,8,,3,14,9,4,,,,,2,-717,7200,3,2,19.87,0,0,0,0,5274
standard,12,,1,27.63,red,,33,1,4,8,16,17,11,7,9,26.2,,,2,-1636,7200,3,3,27.59,5,0,0,0,7547
standard,13,,1,28.18,red,,38,2,3,10,23,15,11,8,9,23.42,,,2,-2235,7200,4,3,28.15,4.5,0,0,0,7622
standard,14,,1,27.12,red,,41,3,7,18,19,22,11,8,8,24.92,,,2,-74,7200,4,3,27.09,5.5,0,0,0,7530
standard,15,,1,19.94,red,,13,0,5,,3,10,9,5,,,,,2,-717,7200,3,2,19.87,0,0,0,0,5415
standard,16,,1,20.99,blue,,13,2,5,10,4,9,5,9,12,,,,2,7200,-734,2,2,20.91,5,0,0,0,5999
standard,17,,1,23.9,red,,21,1,5,9,4,17,9,5,9,,,,2,-1603,7200,3,3,23.88,5,0,0,0,6487
standard,18,,1,20.43,red,,16,3,8,16,3,13,10,4,11,,,,2,-581,7200,3,2,20.37,5,0,0,0,5241
standard,19,,1,26.39,red,,23,1,3,7,15,8,11,7,8,24.04,,,2,-3236,7200,3,3,26.38,5,0,0,0,6551
standard,20,,1,21.43,red,,22,3,6,16,1,21,10,4,9,,,,2,-1039,7200,3,2,21.37,5,0,0,0,5378
standard,21,,1,22.91,blue,,18,1,5,11,14,4,6,10,10,,,,2,7200,-179,5,2,22.87,5,0,0,0,5848
standard,22,,1,22.36,red,,20,2,5,15,2,18,10,5,10,,,,2,-1898,7200,3,3,22.33,6,0,0,0,5372
standard,23,,1,41.88,blue,,103,0,2,9,61,42,9,11,10,30.27,33.2,8.68,2,7200,-9391,6,6,41.88,5,0,0,0,9998
standard,24,,1,23.39,red,,23,0,2,15,8,15,10,7,11,,,,2,-1319,7200,4,3,23.12,5,0,0,0,5633
standard,25,,1,22.13,blue,,16,0,5,11,1,15,6,7,10,,,,2,7200,-1222,4,2,22.08,5,0,0,0,5621
standard,26,,1,21.18,red,,17,2,9,15,1,16,10,4,11,,,,2,-69,7200,4,3,21.12,6,0,0,0,5239
standard,27,,1,21.04,red,,16,1,7,16,4,12,10,5,13,,,,2,-363,7200,4,2,20.91,5.5,0,0,0,5272
standard,28,,0,60,,,210,2,4,8,100,110,9,9,11,24.53,24.88,35.13,0,7200,7200,8,8,24.88,5.5,0,0,0,13565
standard,29,,1,20.93,red,,13,1,4,10,3,10,10,4,11,,,,2,-258,7200,3,2,20.87,5,0,0,0,5717
standard,30,,1,28.37,red,,40,0,5,14,21,19,10,8,9,,,,2,-2441,7200,5,3,28.34,5,0,0,0,7553
standard,31,,1,19.45,red,,12,2,6,,4,8,8,3,,,,,2,-128,7200,3,2,19.38,0,0,0,0,5424
standard,32,,1,24.36,red,,25,2,6,15,4,21,11,6,9,22.42,,,2,-3814,7200,3,3,24.33,5,0,0,0,6471
standard,33,,1,24.2,blue,,20,1,3,9,5,15,7,10,8,,,,2,7200,-1163,3,3,24.15,5,0,0,0,6464
standard,34,,1,22.01,red,,20,1,4,15,1,19,10,5,11,,,,2,-20,7200,3,2,21.91,5,0,0,0,5640
standard,35,,1,23.14,blue,,16,0,3,10,14,2,5,10,8,,,,2,7200,-1061,3,2,23.1,5,0,0,0,6345
standard,36,,1,21.18,red,,18,3,7,15,2,16,9,6,13,,,,2,-81,7200,3,3,21.14,5,0,0,0,5709
standard,37,,1,23.62,red,,14,1,2,7,1,13,10,6,12,,,,2,-440,7200,4,3,23.57,5,0,0,0,6326
standard,38,,1,25.4,red,,29,2,5,12,12,17,9,6,8,,,,2,-1102,7200,3,2,25.37,5,0,0,0,7184
standard,39,,1,20.56,red,,10,1,3,8,2,8,10,5,12,,,,2,-343,7200,3,2,20.41,5.5,0,0,0,5678
standard,40,,1,22.99,red,,25,2,7,16,5,20,10,5,10,,,,2,-247,7200,3,2,22.91,5.5,0,0,0,6194
standard,41,,1,23.96,red,,26,5,6,13,11,15,11,8,9,20.95,,,2,-855,7200,3,2,23.9,5,0,0,0,6311
standard,42,,1,23.42,red,,19,2,3,8,8,11,10,6,12,,,,2,-824,7200,3,2,23.38,5,0,0,0,6336
standard,43,,1,20.75,red,,13,1,4,10,1,12,9,6,12,,,,2,-349,7200,4,2,20.67,5,0,0,0,5469
standard,44,,1,21.93,blue,,20,2,7,14,10,10,6,10,13,,,,2,7200,-432,3,2,21.88,5,0,0,0,5954
standard,45,,1,24.69,blue,,25,1,5,15,5,20,5,9,9,,,,2,7200,-302,3,2,24.65,5.5,0,0,0,6574
standard,46,,1,24.33,red,,21,0,3,8,6,15,9,7,9,,,,2,-587,7200,4,2,24.24,5,0,0,0,6224
standard,47,,1,26.26,red,,32,1,5,12,9,23,9,6,10,,,,2,-996,7200,4,4,26.23,5,0,0,0,6607
standard,48,,1,21.53,red,,16,2,6,13,1,15,10,5,11,,,,2,-258,7200,3,2,21.41,5.5,0,0,0,5671
standard,49,,1,21.92,red,,17,0,2,12,6,11,10,5,9,,,,2,-420,7200,4,2,21.87,5,0,0,0,5540
standard,50,,1,21.39,red,,18,3,6,14,2,16,11,3,11,20.68,,,2,-986,7200,3,2,21.33,4.5,0,0,0,5714
standard,51,,1,23.72,red,,21,0,4,11,12,9,11,6,8,21.93,,,2,-562,7200,3,2,23.67,5,0,0,0,6291
standard,52,,1,21.88,red,,17,1,5,13,6,11,10,4,9,,,,2,-373,7200,3,2,21.83,5,0,0,0,5652
standard,53,,1,23.4,red,,21,1,3,12,2,19,9,4,8,,,,2,-1417,7200,3,2,23.36,5,0,0,0,5868
standard,54,,1,24.08,red,,27,4,9,15,7,20,9,7,11,,,,2,-351,7200,3,3,24.07,5,0,0,0,5881
standard,55,,1,20.42,blue,,13,0,5,12,8,5,2,8,8,,,,2,7200,-1266,3,2,20.36,4.5,0,0,0,5359
standard,56,,1,22.68,red,,15,1,2,10,4,11,9,6,11,,,,2,-2405,7200,4,3,22.64,5,0,0,0,5591
standard,57,,1,22.87,red,,22,2,4,14,2,20,9,6,8,,,,2,-128,7200,4,3,22.83,5.5,0,0,0,5827
standard,58,,1,23.6,red,,21,1,3,11,1,20,9,5,9,,,,2,-1063,7200,4,3,23.56,5,0,0,0,5796
standard,59,,1,22.83,red,,18,0,0,9,5,13,10,7,10,,,,2,-33,7200,3,2,22.72,5,0,0,0,5853
standard,60,,1,22.42,blue,,24,1,5,17,9,15,7,10,9,,,,2,7200,-1139,3,2,22.37,5,0,0,0,5446
standard,61,,1,23.42,red,,18,2,5,8,4,14,10,7,12,,,,2,-824,7200,3,2,23.38,5,0,0,0,5827
standard,62,,1,19.94,red,,11,1,3,,3,8,9,5,,,,,2,-717,7200,4,2,19.87,0,0,0,0,5063
standard,63,,1,21.43,red,,12,0,2,10,1,11,11,4,10,20.24,,,2,-1039,7200,3,2,21.37,5.5,0,0,0,5377
standard,64,,1,20.38,red,,18,1,4,16,3,15,10,5,13,,,,2,-507,7200,3,2,20.33,5,0,0,0,4921
standard,65,,1,23.91,red,,14,0,1,6,7,7,9,6,8,,,,2,-1472,7200,3,2,23.87,5,0,0,0,6071
standard,66,,1,22.39,red,,12,1,4,6,1,11,11,2,8,22.36,,,2,-1943,7200,4,3,22.36,4.5,0,0,0,5568
standard,67,,1,24.7,red,,13,1,2,6,1,12,9,6,10,,,,2,-311,7200,3,2,24.66,5,0,0,0,5931
standard,68,,1,21.71,red,,18,2,8,13,6,12,11,3,9,21.26,,,2,-115,7200,3,2,21.64,5,0,0,0,5571
standard,69,,1,26.12,red,,40,3,8,15,12,28,10,5,9,,,,2,-1945,7200,4,3,26.08,5,0,0,0,6093
standard,70,,1,21.71,blue,,14,1,2,11,7,7,6,10,14,,,,2,7200,-115,3,2,21.64,5.5,0,0,0,5475
standard,71,,1,26.08,red,,36,5,9,15,10,26,10,6,11,,,,2,-2825,7200,3,3,26.08,5.5,0,0,0,5928
standard,72,,1,21.43,red,,13,1,3,9,5,8,9,5,11,,,,2,-1039,7200,3,2,21.37,5,0,0,0,5429
standard,73,,1,23.19,red,,27,0,4,14,3,24,10,5,12,,,,2,-1117,7200,4,2,23.13,6,0,0,0,5553
standard,74,,1,23.33,red,,20,1,5,13,10,10,9,7,12,,,,2,-71,7200,3,2,23.23,5,0,0,0,5806
standard,75,,1,23.41,blue,,20,1,5,12,13,7,7,11,10,,22.68,,2,7200,-813,4,2,23.37,5.5,0,0,0,6072
standard,76,,1,22.38,red,,16,0,4,8,3,13,10,3,9,,,,2,-1090,7200,5,3,22.33,5,0,0,0,5496
standard,77,,1,21.41,red,,25,3,11,19,1,24,11,5,11,21.39,,,2,-152,7200,3,2,21.39,5,0,0,0,5317
standard,78,,1,18.42,red,,6,0,0,,1,5,8,3,,,,,2,-389,7200,2,2,18.37,0,0,0,0,4650
standard,79,,1,22.89,red,,17,1,2,10,5,12,10,6,9,,,,2,-1528,7200,3,3,22.87,4.5,0,0,0,5638
standard,80,,1,17.45,red,,12,2,5,,1,11,7,2,,,,,2,-495,7200,3,2,17.36,0,0,0,0,4384
standard,81,,1,20.88,red,,13,1,5,12,3,10,10,5,12,,,,2,-115,7200,3,2,20.73,5,0,0,0,5388
standard,82,,1,22.35,red,,19,2,4,14,1,18,10,4,9,,,,2,-749,7200,4,3,22.33,4,0,0,0,5587
standard,83,,1,22.83,red,,18,1,2,9,1,17,11,7,9,22.62,,,2,-1431,7200,4,3,22.8,5,0,0,0,5671
standard,84,,1,19.93,red,,13,2,6,,1,12,10,5,,,,,2,-75,7200,3,2,19.87,0,0,0,0,5056
standard,85,,1,22.1,red,,18,1,5,12,2,16,10,6,12,,,,2,-1478,7200,3,3,22.08,5,0,0,0,5527
standard,86,,1,24.92,blue,,18,1,4,8,14,4,9,9,7,24.58,,,2,7200,-1331,5,2,24.88,4.5,0,0,0,5960
standard,87,,1,23.91,red,,24,1,5,11,6,18,9,6,7,,,,2,-1472,7200,3,2,23.87,5,0,0,0,6027
standard,88,,0,60,,,219,0,5,11,97,122,9,9,12,23.21,20.7,36.79,0,7200,7200,12,9,23.21,5.5,0,0,0,12819
standard,89,,1,23.19,red,,21,0,5,12,1,20,9,5,11,,,,2,-1117,7200,3,2,23.13,5.5,0,0,0,5772
standard,90,,1,25.11,red,,27,1,7,13,8,19,11,8,10,24.88,,,2,-1577,7200,3,3,25.09,5.5,0,0,0,6197
standard,91,,1,23.37,red,,32,2,8,19,6,26,10,5,9,,,,2,-1373,7200,3,2,23.33,4.5,0,0,0,5771
standard,92,,1,21.91,red,,14,2,6,13,6,8,10,4,9,,,,2,-883,7200,3,2,21.86,5,0,0,0,5680
standard,93,,1,24.37,blue,,28,1,2,15,18,10,7,10,8,,,,2,7200,-2815,3,2,24.33,5,0,0,0,6147
standard,94,,1,23.3,red,,17,0,3,7,8,9,10,5,11,,,,2,-31,7200,3,2,23.2,4.5,0,0,0,5772
standard,95,,1,22.42,blue,,10,1,3,8,7,3,5,9,10,,,,2,7200,-1139,3,2,22.37,5,0,0,0,5949
standard,96,,1,24.12,red,,25,0,2,8,10,15,10,6,9,,,,2,-381,7200,3,2,24.08,5,0,0,0,6110
standard,97,,1,21.53,blue,,13,1,6,9,6,7,7,10,11,,,,2,7200,-258,3,2,21.41,5,0,0,0,5515
standard,98,,1,20.85,red,,17,2,9,16,1,16,11,4,12,19.87,,,2,-1307,7200,4,2,20.79,5,0,0,0,5260
standard,99,,1,22.14,blue,,27,2,3,17,15,12,5,8,11,,,,2,7200,-1544,3,3,22.11,5.5,0,0,0,5592
standard,100,,1,30.64,blue,,49,4,6,14,14,35,8,11,8,,26.23,,2,7200,-2029,6,4,30.62,5.5,0,0,0,7392
standard,101,,1,20.43,red,,13,2,7,13,1,12,10,4,12,,,,2,-581,7200,3,2,20.37,5,0,0,0,5198
standard,102,,1,25.29,red,,26,0,3,10,14,12,10,6,11,,,,2,-137,7200,3,3,25.22,4.5,0,0,0,6542
standard,103,,1,20.88,red,,9,0,3,7,5,4,7,5,10,,,,2,-103,7200,2,2,20.72,5,0,0,0,5528
standard,104,,1,23.63,blue,,16,1,5,8,5,11,9,11,13,,23.38,,4,6580,-1096,4,3,23.58,5,0,0,0,6203
standard,105,,1,21.19,red,,11,1,5,10,2,9,9,4,11,,,,2,-240,7200,3,2,21.12,5,0,0,0,5470
standard,106,,1,23.38,red,,22,2,7,14,5,17,10,6,10,,,,2,-3618,7200,3,3,23.36,5.5,0,0,0,6118
standard,107,,1,19.4,blue,,7,0,2,,3,4,5,9,,,,,2,7200,-607,3,2,19.33,0,0,0,0,5097
standard,108,,1,24.33,red,,21,0,1,10,5,16,11,5,8,22.71,,,2,-642,7200,3,3,24.32,5,0,0,0,6112
standard,109,,1,30.91,blue,,52,1,3,11,12,40,8,11,12,,27.36,,2,7200,-3859,5,4,30.88,5,0,0,0,7890
standard,110,,1,20.43,red,,15,0,5,15,4,11,10,5,13,,,,2,-932,7200,3,2,20.37,5,0,0,0,5353
standard,111,,1,25.31,red,,28,2,6,15,14,14,9,7,7,,,,2,-154,7200,5,2,25.23,5,0,0,0,6489
standard,112,,1,26.94,red,,38,2,6,14,22,16,11,7,12,24.82,,,2,-924,7200,5,3,26.9,5.5,0,0,0,6939
standard,113,,1,24.39,red,,19,0,2,6,5,14,9,7,10,,,,2,-3869,7200,3,3,24.37,5,0,0,0,6301
standard,114,,1,22.47,red,,12,0,1,9,3,9,10,4,10,,,,2,-149,7200,4,2,22.4,5,0,0,0,6088
standard,115,,1,19.41,red,,11,1,5,,1,10,9,3,,,,,2,-185,7200,2,2,19.36,0,0,0,0,5325
standard,116,,1,28.34,red,,41,0,1,4,19,22,10,8,9,,,,2,-3379,7200,3,3,28.33,5,0,0,0,7026
standard,117,,1,23.81,blue,,17,1,5,11,9,8,4,9,9,,,,2,7200,-644,3,2,23.71,5,0,0,0,6334
standard,118,,1,21.43,red,,24,3,9,19,5,19,10,5,10,,,,2,-1039,7200,3,2,21.37,5.5,0,0,0,5454
standard,119,,1,19.94,red,,16,1,5,,0,16,9,3,,,,,2,-717,7200,3,2,19.87,0,0,0,0,5190
standard,120,,1,26.42,red,,34,0,5,15,5,29,11,6,9,25.23,,,2,-411,7200,5,3,26.39,5,0,0,0,6349
standard,121,,1,29.37,blue,,42,2,3,12,19,23,7,10,10,,,,2,7200,-3573,5,3,29.34,4.5,0,0,0,7026
standard,122,,1,22.47,blue,,18,1,5,11,11,7,6,8,10,,,,2,7200,-149,4,2,22.47,5,0,0,0,5544
standard,123,,1,21.43,red,,17,1,4,13,2,15,9,6,12,,,,2,-1039,7200,3,2,21.37,5,0,0,0,5351
standard,124,,1,20.41,red,,21,1,9,21,7,14,10,3,11,,,,2,-889,7200,4,2,20.34,6,0,0,0,4909
standard,125,,1,22.14,red,,17,0,6,14,2,15,10,5,12,,,,2,-740,7200,3,2,22.09,5,0,0,0,5236
standard,126,,1,23.7,blue,,17,0,2,8,2,15,7,10,10,,,,2,7200,-542,3,2,23.65,5.5,0,0,0,5647
standard,127,,1,23.42,red,,23,1,3,12,6,17,10,7,11,,,,2,-824,7200,5,3,23.38,4.5,0,0,0,5471
standard,128,,1,21.43,red,,20,3,6,17,3,17,10,4,11,,,,2,-1039,7200,3,2,21.37,5.5,0,0,0,4970
standard,129,,1,22.96,red,,16,0,0,7,6,10,9,7,11,,,,2,-226,7200,4,3,22.9,5,0,0,0,5354
standard,130,,1,18.01,red,,8,2,5,,2,6,9,3,,,,,2,-191,7200,2,1,17.9,0,0,0,0,4396
standard,131,,1,18.86,red,,8,2,2,,0,8,7,3,,,,,2,-303,7200,2,2,18.82,0,0,0,0,4645
standard,132,,1,22.92,red,,16,1,4,10,3,13,9,7,8,,,,2,-190,7200,4,2,22.88,5.5,0,0,0,5290
standard,133,,1,21.53,red,,18,1,5,13,5,13,10,2,6,,,,2,-258,7200,3,2,21.5,5,0,0,0,5277
standard,134,,1,20.38,red,,14,2,4,14,1,13,11,6,15,18.97,,,2,-2967,7200,3,2,20.33,5,0,0,0,4867
standard,135,,1,27.18,red,,29,1,2,6,8,21,10,8,9,,,,2,-2013,7200,4,3,27.15,5,0,0,0,6394
standard,136,,1,26.83,blue,,35,2,4,9,12,23,7,10,8,,,,2,7200,-816,4,3,26.8,5,0,0,0,6181
standard,137,,1,21.04,red,,22,0,9,17,4,18,10,5,13,,,,2,-363,7200,4,2,20.91,5.5,0,0,0,4976
standard,138,,1,20.89,red,,11,0,2,8,4,7,10,6,14,,,,2,-207,7200,3,2,20.83,5,0,0,0,5040
standard,139,,1,20.56,red,,14,2,4,14,0,14,10,2,10,,,,2,-343,7200,3,2,20.41,4.5,0,0,0,4839
standard,140,,1,22.64,blue,,25,2,9,16,13,12,7,10,10,,,,2,7200,-1473,3,2,22.59,5,0,0,0,5141
standard,141,,1,34.83,blue,,64,0,4,9,39,25,9,11,13,21.08,21.26,13.58,2,7200,-2730,7,5,34.42,5,0,0,0,7626
standard,142,,1,20.84,blue,,15,1,5,10,6,9,4,10,10,,,,2,7200,-53,4,2,20.68,5.5,0,0,0,4924
standard,143,,1,22.94,red,,17,0,2,8,6,11,10,6,12,,,,2,-778,7200,4,2,22.88,5,0,0,0,5485
standard,144,,1,23.89,blue,,18,0,4,10,11,7,5,9,10,,,,2,7200,-123,3,2,23.86,5.5,0,0,0,5606
standard,145,,1,24.33,red,,21,1,2,10,4,17,11,5,9,23.5,,,2,-1346,7200,4,3,24.3,5.5,0,0,0,5801
standard,146,,1,26.4,red,,28,2,6,13,15,13,11,8,13,24.18,,,2,-394,7200,4,3,26.38,5.5,0,0,0,6314
standard,147,,1,27.13,red,,30,1,6,15,14,16,10,6,10,,,,2,-1121,7200,5,3,27.1,5,0,0,0,6337
standard,148,,1,22.42,red,,21,0,8,15,5,16,9,7,9,,,,2,-1139,7200,3,2,22.37,5,0,0,0,5171
standard,149,,1,20.43,red,,14,2,4,13,0,14,9,4,11,,,,2,-581,7200,3,2,20.37,5.5,0,0,0,4996
standard,150,,1,19.93,red,,12,2,8,,0,12,10,5,,,,,2,-702,7200,3,2,19.86,0,0,0,0,4793
standard,151,,1,20.93,red,,15,1,4,14,3,12,8,5,10,,,,2,-1446,7200,2,2,20.88,5,0,0,0,5033
standard,152,,1,25.35,red,,25,1,5,13,6,19,11,8,12,24.83,,,2,-62,7200,3,3,25.33,5,0,0,0,5857
standard,153,,1,25.33,blue,,29,0,5,13,11,18,8,11,11,,22.27,,2,7200,-1849,4,3,25.3,5.5,0,0,0,6119
standard,154,,1,21.7,red,,24,3,7,19,3,21,11,4,10,20.84,,,2,-104,7200,3,2,21.63,5,0,0,0,5082
standard,155,,1,23.72,red,,20,1,3,11,7,13,11,4,8,23.04,,,2,-562,7200,3,2,23.67,5,0,0,0,5751
standard,156,,1,23.38,red,,29,0,6,14,12,17,10,3,9,,,,2,-162,7200,4,3,23.34,5,0,0,0,5414
standard,157,,1,22.89,blue,,26,0,5,16,18,8,5,10,9,,,,2,7200,-726,3,2,22.85,5,0,0,0,5489
standard,158,,1,28.95,blue,,39,4,6,14,11,28,5,11,9,,26.49,,2,7200,-510,6,4,28.91,5.5,0,0,0,6443
standard,159,,1,21.9,red,,15,1,4,11,3,12,11,6,12,21.63,,,2,-336,7200,4,2,21.77,6,0,0,0,5016
standard,160,,1,24.24,red,,18,0,5,11,1,17,9,5,11,,,,2,-490,7200,3,2,24.15,5.5,0,0,0,5694
standard,161,,1,25.26,blue,,29,1,6,14,6,23,8,10,10,,,,2,7200,-103,3,2,25.18,5,0,0,0,5986
standard,162,,1,23.35,red,,18,0,3,8,4,14,9,4,10,,,,2,-91,7200,3,2,23.25,5.5,0,0,0,5813
standard,163,,1,23.83,blue,,12,0,2,6,5,7,8,10,10,,,,2,7200,-57,3,3,23.81,5,0,0,0,5802
standard,164,,1,22.89,red,,21,3,4,12,1,20,11,5,10,22.21,,,2,-640,7200,4,3,22.45,5.5,0,0,0,5557
standard,165,,1,19.47,blue,,10,2,4,,0,10,4,9,,,,,2,7200,-438,3,2,19.39,0,0,0,0,4780
standard,166,,1,31.11,red,,52,0,4,10,21,31,11,8,10,28.11,,,2,-861,7200,4,3,31.09,5,0,0,0,7107
standard,167,,1,25.86,red,,22,1,3,8,7,15,11,7,9,22.99,,,2,-1636,7200,3,2,25.83,5,0,0,0,6482
standard,168,,1,25.62,red,,29,2,5,10,14,15,11,6,9,23.18,,,2,-2207,7200,3,2,25.58,5,0,0,0,6168
standard,169,,1,25.54,red,,21,3,8,11,6,15,10,6,9,,,,2,-256,7200,3,3,25.53,4.5,0,0,0,5899
standard,170,,0,60,,,211,1,6,13,90,121,9,9,8,27.37,26.14,32.63,0,7200,7200,9,8,27.37,5,0,0,0,12473
standard,171,,1,30.3,red,,46,0,3,12,18,28,11,8,9,30,,,2,-5878,7200,4,4,30.28,5,0,0,0,6911
standard,172,,1,21.92,red,,17,2,6,14,6,11,10,5,8,,,,2,-420,7200,3,2,21.87,5.5,0,0,0,5183
standard,173,,1,22.5,blue,,16,1,5,11,6,10,6,9,11,,,,2,7200,-165,4,2,22.41,5,0,0,0,5384
standard,174,,1,23.67,blue,,20,3,9,13,8,12,5,9,11,,,,2,7200,-501,3,3,23.62,5,0,0,0,5682
standard,175,,1,29.62,blue,,53,1,4,12,24,29,8,11,9,,25.8,,2,7200,-2483,5,3,29.59,6,0,0,0,6778
standard,176,,1,24.36,blue,,26,0,4,13,16,10,7,10,11,,,,2,7200,-3814,4,3,24.33,5,0,0,0,5753
standard,177,,1,21.39,red,,22,3,8,17,4,18,9,6,12,,,,2,-986,7200,3,2,21.33,5.5,0,0,0,4917
standard,178,,1,20.73,blue,,19,4,7,17,5,14,6,9,11,,,,2,7200,-309,3,2,20.64,5.5,0,0,0,4873
standard,179,,1,20.08,red,,10,1,3,10,4,6,9,3,12,,,,2,-212,7200,3,2,19.91,5.5,0,0,0,4836
standard,180,,1,19.26,blue,,6,0,2,,2,4,3,11,,,18.67,,2,7200,-284,2,2,19.14,0,0,0,0,4753
standard,181,,1,19.94,red,,13,3,8,,0,13,10,3,,,,,2,-717,7200,3,2,19.87,0,0,0,0,4588
standard,182,,1,23.62,red,,21,1,4,11,8,13,9,6,10,,,,2,-1221,7200,3,3,23.59,5,0,0,0,5383
standard,183,,1,22.42,blue,,13,1,2,7,6,7,3,9,9,,,,2,7200,-1139,3,2,22.37,5,0,0,0,5352
standard,184,,1,24.41,blue,,27,0,4,15,8,19,6,8,8,,,,2,7200,-2156,3,2,24.37,5,0,0,0,5695
standard,185,,1,21.92,red,,16,1,5,14,3,13,9,4,10,,,,2,-359,7200,3,2,21.78,5,0,0,0,5119
standard,186,,1,20.56,red,,8,2,3,6,1,7,9,3,10,,,,2,-343,7200,3,2,20.41,5.5,0,0,0,5142
standard,187,,1,20.08,red,,14,3,8,14,1,13,10,5,15,,,,2,-212,7200,4,2,19.91,5.5,0,0,0,5025
standard,188,,1,20.4,red,,12,1,4,11,6,6,10,4,12,,,,2,-525,7200,3,2,20.33,5,0,0,0,5020
standard,189,,1,21.64,red,,17,0,5,11,1,16,9,5,12,,,,2,-24,7200,4,3,21.58,5.5,0,0,0,5151
standard,190,,1,20.13,blue,,16,1,8,16,7,9,6,9,13,,,,2,7200,-87,2,2,20.08,5,0,0,0,4712
standard,191,,1,22.88,red,,17,1,3,10,4,13,10,5,10,,,,2,-1845,7200,4,2,22.84,5.5,0,0,0,5437
standard,192,,1,24.64,blue,,28,0,2,12,14,14,6,10,10,,,,2,7200,-247,3,3,24.6,5,0,0,0,5830
standard,193,,1,24.67,red,,20,1,3,8,7,13,11,8,10,21.17,,,2,-2678,7200,3,3,24.64,5.5,0,0,0,6207
standard,194,,1,22.01,red,,16,1,3,11,7,9,10,6,8,,,,2,-20,7200,3,2,21.91,5,0,0,0,5271
standard,195,,1,21.38,red,,13,1,4,10,0,13,11,5,8,21.18,,,2,-538,7200,3,2,21.33,5.5,0,0,0,5238
standard,196,,1,20.43,red,,19,1,5,19,3,16,10,4,12,,,,2,-581,7200,3,2,20.37,6,0,0,0,5053
standard,197,,1,22.43,red,,18,1,8,11,12,6,8,5,10,,,,2,-112,7200,3,2,22.38,5,0,0,0,5456
standard,198,,1,52.33,blue,,180,0,2,10,87,93,8,11,10,,49.91,,2,7200,-6234,9,7,52.33,5,0,0,0,10463
standard,199,,1,24.83,red,,23,1,5,14,9,14,10,4,7,,,,2,-434,7200,4,2,24.75,5,0,0,0,5946
standard,200,,1,22.22,red,,11,1,3,8,6,5,9,5,12,,,,2,-833,7200,3,2,22.15,5,0,0,0,5340
early,1,red,1,21.38,red,1,15,1,3,11,1,14,9,5,11,,,,2,-538,7200,3,2,21.33,4.5,0,0,0,5174
early,2,blue,1,21.64,red,0,12,1,4,8,5,7,9,4,10,,,,2,-489,7200,3,2,21.59,4.5,0,0,0,5311
early,3,red,1,28.43,red,1,42,3,4,12,14,28,11,7,10,28.15,,,2,-85,7200,4,4,28.41,5,0,0,0,6626
early,4,blue,1,22.63,red,0,33,5,9,22,3,30,11,7,10,22.18,,,2,-2323,7200,3,3,22.59,4.5,0,0,0,5294
early,5,red,1,21.65,red,1,18,0,9,14,0,18,10,4,10,,,,2,-784,7200,3,3,21.62,5,0,0,0,5168
early,6,blue,1,18.39,red,0,5,1,2,,1,4,8,3,,,,,2,-685,7200,2,1,18.31,0,0,0,0,4528
early,7,red,1,20.87,red,1,21,1,7,18,3,18,11,5,13,19.74,,,2,-1354,7200,4,3,20.83,5.5,0,0,0,4919
early,8,blue,1,23.4,red,0,25,2,6,15,7,18,11,5,8,21.74,,,2,-1417,7200,3,2,23.36,4.5,0,0,0,5421
early,9,red,1,22.99,red,1,19,1,4,12,4,15,9,3,9,,,,2,-247,7200,3,2,22.91,5,0,0,0,5634
early,10,blue,1,22.91,blue,1,24,0,0,10,15,9,6,10,11,,,,2,7200,-746,3,2,22.88,5,0,0,0,5405
early,11,red,1,19.46,blue,0,19,2,8,,6,13,4,8,,,,,2,7200,-138,2,2,19.38,0,0,0,0,4871
early,12,blue,1,22.14,blue,1,17,0,2,8,7,10,7,8,13,,,,2,7200,-740,3,2,22.09,5,0,0,0,5420
early,13,red,1,21.73,blue,0,19,3,3,12,4,15,4,9,10,,,,2,7200,-150,3,2,21.67,5,0,0,0,5289
early,14,blue,1,23.14,red,0,20,3,7,15,5,15,9,6,10,,,,2,-598,7200,3,3,23.12,5.5,0,0,0,5505
early,15,red,1,20.93,red,1,14,0,2,12,2,12,10,4,12,,,,2,-258,7200,3,2,20.87,5.5,0,0,0,4968
early,16,blue,1,24.62,red,0,22,0,5,12,6,16,11,6,9,24.36,,,2,-226,7200,4,3,24.58,5,0,0,0,6021
early,17,red,1,23.81,red,1,26,2,5,14,1,25,9,4,10,,,,2,-644,7200,4,3,23.71,4.5,0,0,0,5633
early,18,blue,1,22.88,red,0,21,3,5,15,2,19,11,6,11,22.13,,,2,-702,7200,3,3,22.83,4.5,0,0,0,5493
early,19,red,1,20.47,red,1,7,0,1,7,4,3,10,3,10,,,,2,-612,7200,2,2,20.38,4.5,0,0,0,5187
early,20,blue,1,19.14,red,0,12,1,5,,4,8,10,6,,,,,2,-208,7200,4,2,18.92,0,0,0,0,4611
early,21,red,1,19.95,blue,0,12,1,4,,3,9,4,9,,,,,2,7200,-733,3,2,19.88,0,0,0,0,4778
early,22,blue,1,25.12,blue,1,23,0,3,7,6,17,7,9,13,,,,2,7200,-1577,3,2,25.08,4,0,0,0,5977
early,23,red,1,27.11,red,1,32,1,2,6,15,17,9,7,10,,,,2,-1104,7200,4,3,27.08,4.5,0,0,0,6432
early,24,blue,1,28.78,red,0,50,3,6,15,21,29,10,7,8,,,,2,-368,7200,5,3,28.73,4.5,0,0,0,6778
early,25,red,1,21.43,red,1,13,0,4,11,3,10,10,4,12,,,,2,-1039,7200,3,2,21.37,4.5,0,0,0,5429
early,26,blue,1,21.36,red,0,19,2,6,14,3,16,9,4,11,,,,2,-14,7200,5,2,21.22,4.5,0,0,0,5371
early,27,red,1,22.2,red,1,15,1,4,10,5,10,9,6,13,,,,2,-809,7200,4,2,22.13,4.5,0,0,0,5763
early,28,blue,1,23.13,red,0,26,1,6,15,4,22,10,7,15,,,,2,-1050,7200,4,2,23.09,5,0,0,0,5683
early,29,red,1,21.43,red,1,18,1,7,13,1,17,10,6,12,,,,2,-1039,7200,3,2,21.37,4.5,0,0,0,5302
early,30,blue,1,26.33,blue,1,32,0,4,13,13,19,9,11,10,26.16,23.16,0.17,2,7200,-321,4,3,26.3,5.5,0,0,0,6713
early,31,red,1,26.19,blue,0,30,1,4,13,2,28,6,8,10,,,,2,7200,-186,6,3,26.16,5,0,0,0,6383
early,32,blue,1,18.97,red,0,14,1,4,,3,11,10,2,,,,,2,-262,7200,3,2,18.88,0,0,0,0,5309
early,33,red,1,21.43,red,1,12,0,3,9,5,7,9,6,10,,,,2,-1039,7200,3,2,21.37,4.5,0,0,0,5715
early,34,blue,1,22.39,red,0,17,1,6,12,11,6,10,5,11,,,,2,-591,7200,3,2,22.35,4.5,0,0,0,6062
early,35,red,1,24.88,red,1,29,3,6,15,11,18,9,5,9,,,,2,-1339,7200,4,3,24.43,4.5,0,0,0,6326
early,36,blue,1,23.33,red,0,22,3,8,11,13,9,8,6,12,,,,2,-71,7200,3,2,23.23,5,0,0,0,6042
early,37,red,1,21.04,red,1,17,1,3,12,3,14,10,6,12,,,,2,-363,7200,3,2,20.91,5,0,0,0,5327
early,38,blue,1,23.77,red,0,20,0,4,10,7,13,9,6,11,,,,2,-1405,7200,3,3,23.72,4.5,0,0,0,6085
early,39,red,1,24.81,red,1,23,1,3,9,5,18,10,8,7,,,,2,-1193,7200,3,3,24.77,5,0,0,0,6272
early,40,blue,1,21.53,red,0,14,0,6,13,3,11,9,6,7,,,,2,-258,7200,3,2,21.41,5,0,0,0,5570
early,41,red,1,23.41,red,1,25,3,5,16,11,14,10,7,11,,,,2,-813,7200,3,2,23.37,4.5,0,0,0,6075
early,42,blue,1,24.89,red,0,27,1,4,12,15,12,10,7,10,,,,2,-1301,7200,4,3,24.86,5.5,0,0,0,6372
early,43,red,1,21.88,red,1,18,1,4,13,5,13,11,5,10,20.54,,,2,-373,7200,4,2,21.83,5,0,0,0,5425
early,44,blue,1,19.93,red,0,13,0,7,,2,11,10,4,,,,,2,-75,7200,4,2,19.87,0,0,0,0,5152
early,45,red,1,20.4,red,1,8,2,2,6,4,4,9,4,11,,,,2,-84,7200,2,1,20.23,4.5,0,0,0,5417
early,46,blue,1,22.73,blue,1,13,1,4,10,2,11,5,9,10,,,,2,7200,-501,2,2,22.68,4.5,0,0,0,5983
early,47,red,1,21.93,red,1,9,1,3,8,2,7,9,5,10,,,,2,-908,7200,2,2,21.88,4.5,0,0,0,5889
early,48,blue,1,24.89,blue,1,23,2,3,11,14,9,9,11,9,24.54,22.91,0.35,2,7200,-1301,3,2,24.86,4.5,0,0,0,6352
early,49,red,1,23.4,red,1,26,0,8,13,9,17,9,5,8,,,,2,-1417,7200,3,2,23.36,5,0,0,0,6067
early,50,blue,1,21.33,red,0,23,3,9,19,2,21,10,6,14,,,,2,-2120,7200,4,3,20.93,5.5,0,0,0,5530
early,51,red,1,22.42,blue,0,21,1,4,11,10,11,6,9,11,,,,2,7200,-101,3,2,22.38,4.5,0,0,0,5768
early,52,blue,1,22.42,red,0,15,1,4,11,4,11,10,6,11,,,,2,-1139,7200,3,2,22.37,4.5,0,0,0,5971
early,53,red,1,22.01,blue,0,12,1,1,7,9,3,6,10,8,,,,2,7200,-20,4,2,21.91,4.5,0,0,0,5721
early,54,blue,1,25.37,red,0,35,2,7,13,10,25,9,7,9,,,,2,-1889,7200,4,3,25.33,4,0,0,0,6337
early,55,red,1,23.98,blue,0,21,1,4,10,8,13,5,9,8,,,,2,7200,-191,4,2,23.91,5,0,0,0,6194
early,56,blue,1,28.33,blue,1,42,1,3,8,25,17,7,10,9,,,,2,7200,-1204,4,3,28.31,5,0,0,0,7202
early,57,red,1,21.83,red,1,22,1,3,16,2,20,10,4,12,,,,2,-2097,7200,3,3,21.42,5,0,0,0,5500
early,58,blue,1,21.89,red,0,17,2,5,13,3,14,10,4,9,,,,2,-116,7200,3,3,21.87,5,0,0,0,5828
early,59,red,1,20.18,red,1,10,1,2,9,2,8,10,4,12,,,,2,-168,7200,2,2,20.13,4.5,0,0,0,5151
early,60,blue,1,26.9,red,0,39,3,8,19,12,27,10,8,10,,,,2,-2911,7200,4,3,26.87,4.5,0,0,0,7049
early,61,red,1,25.63,red,1,33,2,6,15,9,24,11,8,12,22.57,,,2,-1362,7200,4,3,25.59,5.5,0,0,0,6423
early,62,blue,1,20.43,blue,1,5,1,2,5,3,2,5,11,14,,19.1,,2,7200,-581,3,2,20.37,5,0,0,0,5429
early,63,red,1,22.84,blue,0,12,1,2,8,5,7,6,9,12,,,,2,7200,-53,3,2,22.73,4,0,0,0,5887
early,64,blue,1,20.44,blue,1,12,1,5,12,6,6,4,8,10,,,,2,7200,-947,3,2,20.38,4.5,0,0,0,5476
early,65,red,1,23.85,red,1,22,0,5,11,8,14,10,6,10,,,,2,-2993,7200,4,3,23.83,4.5,0,0,0,5966
early,66,blue,1,22.4,red,0,18,1,3,11,8,10,10,6,11,,,,2,-1074,7200,4,3,22.03,5.5,0,0,0,5743
early,67,red,1,23.14,red,1,12,0,2,8,8,4,10,5,12,,,,2,-598,7200,3,3,23.12,4.5,0,0,0,6245
early,68,blue,1,19.45,red,0,18,1,9,,2,16,9,3,,,,,2,-128,7200,3,2,19.38,0,0,0,0,4932
early,69,red,1,25.38,red,1,21,1,1,6,11,10,10,7,10,,,,2,-87,7200,3,3,25.36,5,0,0,0,6388
early,70,blue,1,30.23,blue,1,50,2,2,15,24,26,8,11,10,,27.51,,2,7200,-164,4,3,30.18,5,0,0,0,7358
early,71,red,1,21.04,red,1,18,2,8,15,2,16,10,5,11,,,,2,-363,7200,3,2,20.91,5.5,0,0,0,5150
early,72,blue,1,23.3,red,0,28,2,6,17,10,18,10,6,13,,,,2,-787,7200,3,3,23.25,5.5,0,0,0,5686
early,73,red,1,22.92,blue,0,13,1,3,6,2,11,3,10,8,,,,2,7200,-757,3,2,22.88,4,0,0,0,5692
early,74,blue,1,21.23,blue,1,10,0,2,7,7,3,4,9,11,,,,2,7200,-289,3,2,21.15,4.5,0,0,0,5665
early,75,red,1,20.23,red,1,7,0,2,7,0,7,9,4,11,,,,2,-223,7200,3,2,20.14,5,0,0,0,5165
early,76,blue,1,20.43,blue,1,8,1,3,8,5,3,3,8,9,,,,2,7200,-581,2,2,20.37,5,0,0,0,5375
early,77,red,1,27.35,red,1,39,1,8,15,10,29,10,7,13,,,,2,-284,7200,4,3,27.33,5,0,0,0,6760
early,78,blue,1,23.72,red,0,21,2,2,13,13,8,11,8,9,22.73,,,2,-562,7200,3,2,23.67,5,0,0,0,6005
early,79,red,1,18.91,red,1,6,0,2,,1,5,8,2,,,,,2,-1478,7200,2,2,18.86,0,0,0,0,4965
early,80,blue,1,23.22,red,0,24,3,5,16,5,19,11,8,15,22.58,,,2,-1151,7200,5,2,23.16,5,0,0,0,5778
early,81,red,1,21.65,red,1,18,2,5,14,7,11,10,4,11,,,,2,-501,7200,3,2,21.6,5.5,0,0,0,5792
early,82,blue,1,17.99,red,0,10,0,7,,2,8,8,3,,,,,2,-268,7200,2,2,17.89,0,0,0,0,4653
early,83,red,1,28.68,red,1,40,0,3,13,9,31,11,7,7,25.78,,,2,-3786,7200,4,4,28.66,5,0,0,0,7049
early,84,blue,1,22.88,red,0,12,1,4,6,3,9,10,6,11,,,,2,-138,7200,3,2,22.83,4,0,0,0,6087
early,85,red,1,23.8,red,1,15,1,5,7,7,8,11,6,10,23.12,,,2,-289,7200,3,3,23.4,4.5,0,0,0,6396
early,86,blue,1,24.7,blue,1,21,2,6,10,8,13,4,10,7,,,,2,7200,-311,3,2,24.66,5,0,0,0,6522
early,87,red,1,24.47,blue,0,29,2,6,15,16,13,6,10,9,,,,2,7200,-43,3,2,24.41,4.5,0,0,0,6158
early,88,blue,1,28.78,red,0,42,1,3,12,14,28,9,5,8,,,,2,-361,7200,4,3,28.73,4.5,0,0,0,6953
early,89,red,1,21.88,red,1,12,1,5,10,5,7,9,5,12,,,,2,-1310,7200,3,2,21.83,5,0,0,0,5478
early,90,blue,1,23.21,red,0,28,3,9,19,6,22,11,5,11,21.14,,,2,-1139,7200,3,2,23.15,5,0,0,0,5838
early,91,red,1,22.58,red,1,21,2,5,12,5,16,9,5,11,,,,2,-1080,7200,3,3,22.56,5,0,0,0,5711
early,92,blue,1,26.21,red,0,27,0,2,5,14,13,11,8,9,21.88,,,2,-186,7200,3,3,26.14,5,0,0,0,6567
early,93,red,1,23.12,red,1,31,3,7,18,5,26,10,5,9,,,,2,-566,7200,4,3,23.09,5,0,0,0,5905
early,94,blue,1,22.41,red,0,21,2,7,15,5,16,10,6,12,,,,2,-90,7200,3,2,22.37,5,0,0,0,5431
early,95,red,1,19.45,blue,0,8,0,1,,5,3,6,9,,,,,2,7200,-128,3,2,19.38,0,0,0,0,4969
early,96,blue,1,24.37,blue,1,31,1,5,19,17,14,5,9,8,,,,2,7200,-2098,3,3,24.33,5,0,0,0,5775
early,97,red,1,23.13,red,1,18,2,4,12,7,11,9,6,12,,,,2,-462,7200,4,2,23.09,4.5,0,0,0,5826
early,98,blue,1,20.93,red,0,17,0,6,14,4,13,11,5,10,20.44,,,2,-258,7200,3,2,20.87,5,0,0,0,5254
early,99,red,1,18.52,red,1,9,1,5,,0,9,9,1,,,,,2,-256,7200,2,2,18.38,0,0,0,0,4741
early,100,blue,1,23.36,blue,1,19,2,4,12,8,11,8,10,13,,,,2,7200,-1974,4,2,23.32,5,0,0,0,5918
early,101,red,1,30.78,red,1,55,4,8,17,14,41,11,8,9,27.62,,,2,-588,7200,5,4,30.73,5.5,0,0,0,7405
early,102,blue,1,24.29,red,0,27,0,1,8,11,16,9,5,10,,,,2,-578,7200,3,3,24.25,5,0,0,0,6173
early,103,red,1,21.35,blue,0,19,0,4,15,16,3,3,9,9,,,,2,7200,-420,3,2,21.2,4.5,0,0,0,5491
early,104,blue,1,21.41,red,0,19,2,7,17,1,18,11,4,11,21.29,,,2,-152,7200,3,2,21.36,5,0,0,0,5322
early,105,red,1,21.41,red,1,12,1,4,9,1,11,10,5,11,,,,2,-422,7200,3,3,21.38,5,0,0,0,5691
early,106,blue,1,20.48,red,0,15,3,8,13,0,15,9,3,9,,,,2,-647,7200,2,2,20.4,4,0,0,0,5302
early,107,red,1,22.86,red,1,15,0,3,8,3,12,10,5,11,,,,2,-1479,7200,3,3,22.83,5,0,0,0,5931
early,108,blue,1,21.92,red,0,8,3,4,6,4,4,10,4,10,,,,2,-420,7200,3,2,21.87,4.5,0,0,0,5573
early,109,red,1,22.86,red,1,17,1,7,12,3,14,10,4,9,,,,2,-2719,7200,3,3,22.83,5.5,0,0,0,5398
early,110,blue,1,19.98,red,0,13,1,2,,3,10,10,4,,,,,2,-433,7200,3,2,19.88,0,0,0,0,4872
early,111,red,1,25.84,red,1,24,2,4,12,7,17,10,8,9,,,,2,-2571,7200,4,3,25.52,5,0,0,0,6406
early,112,blue,1,19.88,red,0,12,1,2,,3,9,9,4,,,,,2,-1770,7200,2,2,19.84,0,0,0,0,5102
early,113,red,1,24.7,red,1,26,1,4,11,10,16,11,6,10,24.55,,,2,-311,7200,3,2,24.66,4.5,0,0,0,6039
early,114,blue,1,20.92,red,0,14,1,6,11,2,12,9,5,12,,,,2,-635,7200,3,2,20.86,4.5,0,0,0,5097
early,115,red,1,23.85,red,1,18,1,3,8,5,13,10,7,9,,,,2,-85,7200,3,3,23.83,4.5,0,0,0,5956
early,116,blue,1,21.18,red,0,17,1,6,12,2,15,10,5,11,,,,2,-1895,7200,4,2,21.12,5,0,0,0,5230
early,117,red,1,20.93,blue,0,11,1,4,9,1,10,7,10,14,,,,2,7200,-179,3,2,20.77,5,0,0,0,5123
early,118,blue,1,43.85,red,0,124,1,5,10,60,64,11,9,9,28.03,28.01,15.83,2,-1322,7200,5,5,43.84,5,0,0,0,9813
early,119,red,1,27.07,red,1,36,0,2,10,12,24,9,6,9,,,,2,-4165,7200,3,3,27.05,4.5,0,0,0,6581
early,120,blue,1,20.89,red,0,22,3,9,18,4,18,10,3,11,,,,2,-207,7200,4,2,20.83,6,0,0,0,5060
early,121,red,1,21.78,blue,0,15,3,5,11,6,9,5,9,12,,,,2,7200,-172,3,2,21.65,5,0,0,0,5506
early,122,blue,1,22.5,red,0,17,1,7,12,2,15,10,3,10,,,,2,-165,7200,3,2,22.41,5,0,0,0,5530
early,123,red,1,21.43,blue,0,16,0,3,12,6,10,8,9,12,,,,2,7200,-1039,3,2,21.37,5.5,0,0,0,5555
early,124,blue,1,26.83,red,0,32,0,2,13,18,14,10,8,10,,,,2,-3831,7200,5,3,26.8,5,0,0,0,6484
early,125,red,1,20.88,blue,0,11,1,4,10,6,5,5,9,11,,,,2,7200,-1365,3,2,20.83,4.5,0,0,0,5180
early,126,blue,1,24.9,red,0,24,0,3,9,5,19,11,8,10,22.28,,,2,-538,7200,4,2,24.87,4.5,0,0,0,6229
early,127,red,1,27.36,red,1,40,1,7,15,11,29,11,6,10,26.5,,,2,-1362,7200,4,3,27.33,5,0,0,0,6542
early,128,blue,1,22.91,red,0,19,1,2,10,2,17,10,5,10,,,,2,-179,7200,3,2,22.87,4.5,0,0,0,5545
early,129,red,1,24.64,red,1,21,1,4,11,7,14,10,6,8,,,,2,-247,7200,4,3,24.6,5,0,0,0,6078
early,130,blue,1,21.41,red,0,18,0,3,13,7,11,9,6,13,,,,2,-152,7200,3,2,21.36,5,0,0,0,5352
early,131,red,1,21.88,red,1,20,4,6,17,8,12,9,6,9,,,,2,-373,7200,3,2,21.83,4.5,0,0,0,5349
early,132,blue,1,21.88,red,0,15,1,3,12,6,9,9,4,9,,,,2,-373,7200,3,2,21.83,4.5,0,0,0,5345
early,133,red,1,19.61,red,1,9,1,1,,1,8,10,3,,,,,2,-5,7200,3,2,19.42,0,0,0,0,5047
early,134,blue,0,60,,,236,2,5,18,112,124,9,9,7,27.77,28.02,31.98,0,7200,7200,9,8,28.02,5,0,0,0,12737
early,135,red,1,21.92,red,1,17,0,4,12,3,14,11,4,10,20.63,,,2,-420,7200,3,2,21.87,5.5,0,0,0,5415
early,136,blue,1,25.92,red,0,31,3,6,12,15,16,10,9,10,,25.51,,2,-635,7200,4,3,25.92,5,0,0,0,6391
early,137,red,1,22.88,red,1,19,0,3,11,3,16,9,5,8,,,,2,-1504,7200,3,3,22.85,5,0,0,0,5776
early,138,blue,1,27.38,blue,1,45,2,6,12,18,27,7,11,8,,25.56,,2,7200,-315,3,3,27.36,4.5,0,0,0,6484
early,139,red,1,23.6,red,1,22,0,3,14,2,20,10,6,9,,,,2,-1698,7200,3,3,23.56,5,0,0,0,5675
early,140,blue,1,22.36,red,0,15,1,6,11,1,14,9,5,11,,,,2,-484,7200,3,2,22.23,4.5,0,0,0,5447
early,141,red,1,20.08,blue,0,14,3,7,14,7,7,5,7,12,,,,2,7200,-212,2,2,19.91,4.5,0,0,0,4988
early,142,blue,1,23.41,red,0,23,0,2,14,11,12,11,6,8,22.09,,,2,-813,7200,3,2,23.37,5,0,0,0,5782
early,143,red,1,23.68,blue,0,22,1,4,10,7,15,7,8,12,,,,2,7200,-1310,3,3,23.66,4.5,0,0,0,5906
early,144,blue,1,21.53,blue,1,17,1,6,13,10,7,6,10,10,,,,2,7200,-258,3,2,21.5,5,0,0,0,5457
early,145,red,1,22.44,blue,0,19,2,5,13,9,10,6,10,9,,,,2,7200,-121,4,2,22.38,4.5,0,0,0,5773
early,146,blue,1,22.4,red,0,18,2,4,12,3,15,9,5,9,,,,2,-80,7200,3,2,22.36,5,0,0,0,5414
early,147,red,1,23.63,blue,0,24,5,8,15,5,19,7,9,11,,,,2,7200,-1745,3,2,23.59,5.5,0,0,0,5597
early,148,blue,1,25.84,blue,1,34,2,5,13,12,22,6,10,11,,,,2,7200,-1617,3,3,25.81,4.5,0,0,0,5987
early,149,red,1,23.83,blue,0,21,1,5,11,9,12,4,9,9,,,,2,7200,-13,4,2,23.73,4.5,0,0,0,5932
early,150,blue,1,23.95,blue,1,22,1,4,11,8,14,8,11,10,,23.84,,2,7200,-849,4,3,23.9,5,0,0,0,6069
early,151,red,1,23.2,red,1,16,1,2,10,1,15,10,3,9,,,,2,-674,7200,3,3,23.18,4.5,0,0,0,5972
early,152,blue,1,23.21,red,0,22,1,2,10,11,11,9,6,12,,,,2,-1139,7200,3,2,23.19,5,0,0,0,5719
early,153,red,1,21.23,red,1,13,1,6,11,2,11,10,6,11,,,,2,-289,7200,3,2,21.15,5,0,0,0,5344
early,154,blue,1,32.85,red,0,65,3,6,13,24,41,11,8,7,31.5,,,2,-401,7200,5,4,32.83,4.5,0,0,0,7460
early,155,red,1,22.44,red,1,21,0,4,13,1,20,11,3,7,21.37,,,2,-121,7200,3,2,22.38,5,0,0,0,5705
early,156,blue,1,25.06,red,0,26,0,2,8,10,16,9,6,11,,,,2,-4994,7200,3,3,25.03,5,0,0,0,6178
early,157,red,1,26.21,red,1,22,1,2,6,3,19,10,8,7,,,,2,-186,7200,4,3,26.14,4.5,0,0,0,6445
early,158,blue,1,27.7,blue,1,44,2,7,15,15,29,8,11,10,,26.85,,2,7200,-1715,4,3,27.7,5,0,0,0,6399
early,159,red,1,20.08,red,1,6,0,3,6,2,4,10,7,17,,,,2,-212,7200,4,2,20,5,0,0,0,5178
early,160,blue,1,30.16,blue,1,44,2,5,10,23,21,8,11,10,,26.16,,2,7200,-1584,5,3,30.13,4.5,0,0,0,7442
early,161,red,1,23.43,red,1,28,1,5,16,4,24,10,7,11,,,,2,-210,7200,4,3,23.38,5,0,0,0,5518
early,162,blue,1,20.93,blue,1,10,0,1,8,7,3,4,10,10,,,,2,7200,-258,3,2,20.89,4.5,0,0,0,5155
early,163,red,1,22.08,red,1,12,0,3,9,1,11,10,5,10,,,,2,-2520,7200,4,3,21.92,5.5,0,0,0,5233
early,164,blue,1,18.38,red,0,13,2,4,,2,11,7,2,,,,,2,-317,7200,2,2,18.33,0,0,0,0,4482
early,165,red,1,40.03,red,1,90,0,2,8,44,46,11,8,9,36.52,,,2,-7481,7200,6,5,40.03,4.5,0,0,0,9137
early,166,blue,1,19.14,red,0,9,0,2,,0,9,9,4,,,,,2,-208,7200,3,2,18.92,0,0,0,0,4742
early,167,red,1,24.88,red,1,23,2,4,11,10,13,11,5,10,24.19,,,2,-1290,7200,4,3,24.85,5,0,0,0,6011
early,168,blue,1,21.04,blue,1,18,4,8,17,6,12,2,9,9,,,,2,7200,-363,3,2,20.91,5,0,0,0,5182
early,169,red,1,23.63,red,1,21,1,6,11,7,14,10,5,12,,,,2,-1733,7200,3,2,23.58,5,0,0,0,5799
early,170,blue,1,24.41,red,0,19,1,2,8,10,9,10,7,9,,,,2,-2156,7200,3,2,24.37,4.5,0,0,0,6001
early,171,red,1,22.42,red,1,21,2,5,12,6,15,10,5,11,,,,2,-1139,7200,3,2,22.37,4.5,0,0,0,5531
early,172,blue,1,23.89,red,0,18,0,1,5,3,15,10,6,11,,,,2,-1450,7200,4,3,23.85,4.5,0,0,0,5913
early,173,red,1,21.43,red,1,16,0,3,14,6,10,10,6,14,,,,2,-1039,7200,3,2,21.37,4.5,0,0,0,5427
early,174,blue,1,31.11,red,0,65,3,5,14,26,39,9,6,9,,,,2,-10533,7200,4,4,31.09,4.5,0,0,0,6849
early,175,red,1,24.35,blue,0,23,1,4,10,17,6,7,11,11,,23.62,,2,7200,-662,4,3,24.33,5,0,0,0,6008
early,176,blue,1,22.23,blue,1,18,1,2,11,4,14,7,9,11,,,,2,7200,-857,3,2,22.17,4.5,0,0,0,5380
early,177,red,1,24.13,red,1,22,1,3,10,9,13,9,6,10,,,,2,-1766,7200,3,2,24.08,5,0,0,0,5824
early,178,blue,1,23.05,red,0,25,2,9,16,5,20,9,5,11,,,,2,-1763,7200,3,3,23.03,5.5,0,0,0,5441
early,179,red,1,21.92,red,1,19,2,5,16,3,16,9,5,10,,,,2,-420,7200,3,2,21.87,4.5,0,0,0,5368
early,180,blue,1,21.36,red,0,17,2,6,14,4,13,10,5,7,,,,2,-962,7200,3,2,21.26,4.5,0,0,0,5224
early,181,red,1,24.12,blue,0,39,3,10,22,17,22,7,9,13,,,,2,7200,-381,3,2,24.08,5,0,0,0,5797
early,182,blue,1,22.67,red,0,14,0,1,7,5,9,9,3,9,,,,2,-2392,7200,3,3,22.63,5,0,0,0,5729
early,183,red,1,23.38,blue,0,23,1,7,14,10,13,4,9,6,,,,2,7200,-770,3,2,23.33,4.5,0,0,0,5891
early,184,blue,1,22.23,blue,1,13,2,4,11,8,5,4,10,10,,,,2,7200,-857,5,2,22.17,5,0,0,0,5599
early,185,red,1,21.87,blue,0,14,1,3,10,10,4,6,9,12,,,,2,7200,-289,3,2,21.73,5,0,0,0,5294
early,186,blue,1,23.41,red,0,25,1,7,13,5,20,10,5,9,,,,2,-813,7200,3,2,23.4,4.5,0,0,0,5526
early,187,red,1,29.33,blue,0,49,2,5,13,24,25,8,9,11,,,,2,7200,-3525,4,3,29.3,4.5,0,0,0,6868
early,188,blue,1,25.71,red,0,35,1,8,12,6,29,9,8,10,,,,2,-1453,7200,5,3,25.67,5,0,0,0,6012
early,189,red,1,21.39,red,1,12,0,1,9,1,11,9,6,10,,,,2,-986,7200,3,2,21.33,5,0,0,0,5529
early,190,blue,1,18.87,red,0,12,1,5,,2,10,9,4,,,,,2,-858,7200,3,2,18.83,0,0,0,0,4837
early,191,red,1,23.46,red,1,17,1,1,8,8,9,9,6,9,,,,2,-245,7200,3,2,23.4,4.5,0,0,0,6069
early,192,blue,1,24.08,blue,1,31,2,6,15,15,16,8,10,9,,,,2,7200,-351,3,3,24.07,5.5,0,0,0,6006
early,193,red,1,32.35,blue,0,58,0,5,13,15,43,9,11,10,27.65,24.84,4.7,2,7200,-789,5,4,32.34,5,0,0,0,7521
early,194,blue,1,24.91,red,0,26,0,5,7,14,12,11,6,11,24.78,,,2,-547,7200,4,3,24.88,5,0,0,0,6255
early,195,red,1,22.64,red,1,14,2,5,12,2,12,10,4,11,,,,2,-1473,7200,3,2,22.59,5.5,0,0,0,5608
early,196,blue,1,23.22,red,0,13,0,1,5,7,6,10,5,10,,,,2,-1151,7200,3,2,23.16,5,0,0,0,6007
early,197,red,1,20.92,red,1,14,1,5,12,1,13,11,3,12,19.16,,,2,-635,7200,3,2,20.86,5,0,0,0,5307
early,198,blue,1,20.75,red,0,24,4,9,24,4,20,9,4,11,,,,2,-349,7200,4,2,20.67,6.5,0,0,0,5084
early,199,red,1,22.36,red,1,18,0,2,13,3,15,9,6,11,,,,2,-484,7200,3,2,22.27,5,0,0,0,5665
early,200,blue,1,23.13,red,0,16,2,3,11,5,11,10,4,11,,,,2,-462,7200,3,2,23.09,4,0,0,0,5738
scaling,1,red,1,26.65,red,1,34,0,2,11,11,23,10,8,10,,,,2,-636,7200,5,3,26.62,5.5,0,0,0,6298
scaling,2,blue,1,24.63,red,0,20,0,3,10,7,13,11,6,6,22.88,,,2,-235,7200,3,2,24.59,5.5,0,0,0,6326
scaling,3,red,1,19.69,red,1,17,4,8,,2,15,11,3,,19.61,,,2,-12,7200,2,2,19.61,0,0,0,0,4892
scaling,4,blue,1,23.59,red,0,28,3,10,20,5,23,10,6,10,,,,2,-1188,7200,4,3,23.57,5.5,0,0,0,5654
scaling,5,red,1,21.53,red,1,18,1,5,14,2,16,11,4,12,19.79,,,2,-258,7200,3,2,21.41,6,0,0,0,5447
scaling,6,blue,1,19.91,red,0,5,1,3,,1,4,10,5,,,,,2,-657,7200,3,2,19.83,0,0,0,0,5184
scaling,7,red,1,22.42,blue,0,26,3,5,18,13,13,7,10,12,,,,2,7200,-1139,3,2,22.37,5,0,0,0,5736
scaling,8,blue,1,20.7,red,0,17,2,9,16,6,11,11,4,12,20.38,,,2,-270,7200,3,2,20.62,5,0,0,0,5211
scaling,9,red,1,22.9,red,1,12,3,3,7,1,11,10,5,10,,,,2,-735,7200,4,3,22.86,5.5,0,0,0,5712
scaling,10,blue,1,20.38,red,0,17,1,7,17,4,13,9,4,11,,,,2,-510,7200,2,2,20.34,5.5,0,0,0,5158
scaling,11,red,1,20.56,red,1,18,4,8,15,2,16,11,6,15,19.1,,,2,-343,7200,3,2,20.41,6,0,0,0,5234
scaling,12,blue,1,26.9,blue,1,35,1,5,12,21,14,8,9,10,,,,2,7200,-2911,3,2,26.87,5.5,0,0,0,6415
scaling,13,red,1,22.92,blue,0,12,2,2,6,8,4,7,10,9,,,,2,7200,-190,4,2,22.88,5.5,0,0,0,5821
scaling,14,blue,1,22.36,blue,1,21,3,7,17,7,14,6,10,11,,,,2,7200,-484,3,2,22.23,5.5,0,0,0,5465
scaling,15,red,1,23.63,red,1,22,0,2,12,7,15,10,5,10,,,,2,-1107,7200,3,2,23.59,5.5,0,0,0,5570
scaling,16,blue,1,22.44,blue,1,21,2,10,15,10,11,4,9,8,,,,2,7200,-121,3,2,22.38,5.5,0,0,0,5676
scaling,17,red,1,24.62,red,1,20,1,5,11,0,20,10,6,8,,,,2,-968,7200,4,3,24.58,5.5,0,0,0,5911
scaling,18,blue,1,19.94,red,0,19,3,8,,5,14,9,4,,,,,2,-717,7200,3,2,19.87,0,0,0,0,4871
scaling,19,red,1,25.34,red,1,24,1,3,9,13,11,9,5,7,,,,2,-54,7200,3,3,25.33,5.5,0,0,0,6220
scaling,20,blue,1,22.38,red,0,22,3,6,17,2,20,10,5,9,,,,2,-1090,7200,3,2,22.33,5.5,0,0,0,5473
scaling,21,red,1,21.88,blue,0,13,1,5,10,8,5,6,10,10,,,,2,7200,-373,4,2,21.84,5.5,0,0,0,5673
scaling,22,blue,1,23.13,red,0,17,2,4,10,2,15,9,5,11,,,,2,-462,7200,4,2,23.09,5.5,0,0,0,5635
scaling,23,red,1,20.15,blue,0,11,0,2,11,8,3,6,9,11,,,,2,7200,-111,3,2,20.1,5.5,0,0,0,5022
scaling,24,blue,1,21.91,red,0,17,0,2,12,2,15,9,6,11,,,,2,-409,7200,4,3,21.86,5.5,0,0,0,5531
scaling,25,red,1,24.89,red,1,22,0,3,6,6,16,10,7,12,,,,2,-528,7200,4,3,24.86,5.5,0,0,0,6201
scaling,26,blue,1,21.18,red,0,17,2,9,15,1,16,10,4,11,,,,2,-69,7200,4,3,21.12,6,0,0,0,5055
scaling,27,red,1,26.12,red,1,33,1,7,13,8,25,11,6,10,25.76,,,2,-1945,7200,5,3,26.08,5.5,0,0,0,6196
scaling,28,blue,1,23.85,red,0,20,2,5,10,4,16,11,8,13,23.23,,,2,-85,7200,4,3,23.83,5,0,0,0,5752
scaling,29,red,1,20.93,red,1,9,1,3,6,2,7,11,4,13,19.23,,,2,-258,7200,3,2,20.87,4.5,0,0,0,5215
scaling,30,blue,1,20.13,blue,1,8,0,5,8,3,5,5,8,11,,,,2,7200,-100,3,2,20.09,5.5,0,0,0,5320
scaling,31,red,1,18.68,red,1,9,2,5,,4,5,7,4,,,,,2,-209,7200,3,2,18.42,0,0,0,0,4665
scaling,32,blue,1,20.4,red,0,17,2,7,16,8,9,10,5,12,,,,2,-525,7200,3,2,20.33,5.5,0,0,0,5196
scaling,33,red,1,24.64,red,1,18,1,3,9,12,6,8,6,10,,,,2,-2642,7200,3,3,24.62,5.5,0,0,0,5795
scaling,34,blue,1,21.37,red,0,16,1,4,11,0,16,11,4,12,21.23,,,2,-965,7200,3,2,21.33,5,0,0,0,5166
scaling,35,red,1,19.91,blue,0,9,0,3,,8,1,4,9,,,,,2,7200,-657,3,2,19.83,0,0,0,0,4911
scaling,36,blue,1,24.43,red,0,27,3,9,17,2,25,10,6,10,,,,2,-22,7200,4,3,24.39,5.5,0,0,0,5567
scaling,37,red,1,19.44,red,1,11,1,2,,1,10,7,6,,,,,2,-392,7200,4,2,19.37,0,0,0,0,4836
scaling,38,blue,1,21.38,red,0,17,2,5,13,5,12,9,4,10,,,,2,-538,7200,2,2,21.33,5,0,0,0,5243
scaling,39,red,1,21.46,red,1,18,1,3,11,4,14,9,3,9,,,,2,-640,7200,3,2,21.38,5,0,0,0,5171
scaling,40,blue,1,19.45,red,0,16,2,7,,3,13,9,2,,,,,2,-128,7200,3,2,19.38,0,0,0,0,4954
scaling,41,red,1,29.66,blue,0,56,5,6,13,18,38,8,11,10,,26.25,,2,7200,-1135,4,3,29.63,5,0,0,0,6692
scaling,42,blue,1,24.19,blue,1,22,2,4,10,5,17,4,9,6,,,,2,7200,-1152,3,2,24.14,5.5,0,0,0,5733
scaling,43,red,1,22.4,red,1,17,1,5,13,5,12,9,6,11,,,,2,-1956,7200,4,3,22.37,5.5,0,0,0,5367
scaling,44,blue,1,23.68,red,0,18,2,6,10,11,7,10,6,10,,,,2,-521,7200,3,2,23.63,5.5,0,0,0,5995
scaling,45,red,1,19.89,blue,0,10,1,5,,1,9,4,11,,,18.97,,2,7200,-952,3,2,19.83,0,0,0,0,5080
scaling,46,blue,1,20.93,red,0,16,0,4,15,5,11,11,4,13,19.33,,,2,-270,7200,3,2,20.88,6,0,0,0,5190
scaling,47,red,1,22.63,blue,0,16,1,4,10,8,8,7,9,10,,,,2,7200,-382,3,2,22.59,5.5,0,0,0,5452
scaling,48,blue,1,21.67,red,0,15,2,6,13,3,12,9,4,10,,,,2,-784,7200,2,2,21.6,5,0,0,0,5564
scaling,49,red,1,22.38,red,1,17,0,4,13,4,13,10,5,10,,,,2,-1090,7200,4,2,22.33,5.5,0,0,0,5667
scaling,50,blue,1,21.53,red,0,21,3,7,18,2,19,10,3,11,,,,2,-258,7200,3,2,21.41,5.5,0,0,0,5291
scaling,51,red,1,21.43,red,1,14,0,4,11,5,9,10,6,14,,,,2,-1052,7200,4,2,21.38,5.5,0,0,0,5473
scaling,52,blue,1,24.19,blue,1,23,1,4,12,18,5,8,10,11,,,,2,7200,-1152,4,2,24.14,5.5,0,0,0,6135
scaling,53,red,1,20.72,red,1,15,1,5,13,3,12,11,4,11,20.54,,,2,-296,7200,3,2,20.63,5.5,0,0,0,5307
scaling,54,blue,1,27.87,red,0,46,4,11,19,10,36,10,6,10,,,,2,-1898,7200,5,3,27.84,5,0,0,0,6652
scaling,55,red,1,23.22,blue,0,14,0,5,9,6,8,5,8,9,,,,2,7200,-1151,3,2,23.16,5.5,0,0,0,5770
scaling,56,blue,1,19.82,red,0,10,1,2,,2,8,8,1,,,,,2,-1091,7200,3,2,19.69,0,0,0,0,5087
scaling,57,red,1,25.22,blue,0,26,2,3,11,3,23,8,7,8,,,,2,7200,-61,4,3,25.17,5.5,0,0,0,6019
scaling,58,blue,1,32.38,red,0,45,1,3,12,5,40,11,9,10,23.37,23.63,8.75,2,-814,7200,5,5,32.38,5.5,0,0,0,7599
scaling,59,red,1,21.41,red,1,12,0,0,9,3,9,10,5,13,,,,2,-422,7200,3,3,21.38,6,0,0,0,5358
scaling,60,blue,1,27.37,blue,1,36,1,4,15,13,23,7,10,8,,,,2,7200,-337,3,3,27.25,5.5,0,0,0,6594
scaling,61,red,1,27.56,red,1,34,2,5,13,8,26,9,7,11,,,,2,-2452,7200,4,4,27.54,5.5,0,0,0,6526
scaling,62,blue,1,19.61,red,0,6,1,3,,1,5,8,5,,,,,2,-5,7200,4,2,19.47,0,0,0,0,4867
scaling,63,red,1,19.91,red,1,8,0,3,,2,6,10,3,,,,,2,-657,7200,3,2,19.83,0,0,0,0,5150
scaling,64,blue,1,20.72,red,0,14,1,4,14,4,10,9,5,10,,,,2,-296,7200,3,2,20.69,5,0,0,0,5145
scaling,65,red,1,22.42,red,1,14,0,1,7,5,9,10,6,9,,,,2,-1139,7200,3,2,22.37,5.5,0,0,0,5569
scaling,66,blue,1,19.89,red,0,14,1,4,,2,12,8,3,,,,,2,-952,7200,3,2,19.83,0,0,0,0,4817
scaling,67,red,1,24.41,red,1,11,1,2,7,2,9,10,6,10,,,,2,-1,7200,3,2,24.38,5.5,0,0,0,5928
scaling,68,blue,1,22.42,red,0,20,2,8,15,5,15,10,4,9,,,,2,-1139,7200,3,2,22.37,5,0,0,0,5467
scaling,69,red,1,35.33,red,1,74,3,8,10,24,50,11,7,11,34.57,,,2,-3150,7200,6,5,35.33,5.5,0,0,0,7868
scaling,70,blue,1,20.93,blue,1,11,1,2,9,4,7,4,11,12,,19.98,,2,7200,-258,3,2,20.87,5,0,0,0,5321
scaling,71,red,1,24.45,red,1,25,5,12,15,9,16,10,7,7,,,,2,-35,7200,3,2,24.4,6,0,0,0,5929
scaling,72,blue,1,23.32,red,0,15,1,3,7,8,7,10,5,11,,,,2,-51,7200,3,2,23.22,5.5,0,0,0,6034
scaling,73,red,1,22.2,red,1,15,0,5,10,5,10,9,6,13,,,,2,-809,7200,4,2,22.13,6,0,0,0,5524
scaling,74,blue,1,23.16,blue,1,24,1,5,17,11,13,6,9,10,,,,2,7200,-1084,3,2,23.12,5.5,0,0,0,5720
scaling,75,red,1,23.91,blue,0,19,1,5,11,9,10,6,11,10,,22.63,,2,7200,-1472,4,2,23.87,6,0,0,0,5908
scaling,76,blue,1,23.94,red,0,21,0,4,13,9,12,9,8,11,,,,2,-839,7200,6,3,23.89,5.5,0,0,0,5838
scaling,77,red,1,25.13,red,1,26,3,9,13,5,21,10,5,8,,,,2,-3362,7200,3,3,25.11,6,0,0,0,5789
scaling,78,blue,1,22.44,red,0,20,0,0,8,2,18,9,5,10,,,,2,-121,7200,3,2,22.38,5,0,0,0,5413
scaling,79,red,1,21.65,red,1,13,1,2,8,3,10,8,5,10,,,,2,-501,7200,3,2,21.6,5.5,0,0,0,5452
scaling,80,blue,1,17.45,red,0,12,2,5,,1,11,7,2,,,,,2,-495,7200,3,2,17.36,0,0,0,0,4444
scaling,81,red,1,21.95,red,1,16,1,5,14,3,13,10,5,12,,,,2,-453,7200,3,2,21.88,5.5,0,0,0,5391
scaling,82,blue,1,21.15,red,0,12,2,4,8,1,11,10,3,10,,,,2,-605,7200,5,2,21.09,5.5,0,0,0,5170
scaling,83,red,1,20.91,red,1,15,1,2,13,2,13,9,2,9,,,,2,-236,7200,3,2,20.42,5,0,0,0,5187
scaling,84,blue,1,20.93,red,0,17,2,6,12,1,16,10,4,10,,,,2,-258,7200,3,2,20.87,5,0,0,0,4990
scaling,85,red,1,20.38,red,1,16,1,8,15,3,13,9,4,11,,,,2,-507,7200,3,2,20.33,5.5,0,0,0,5067
scaling,86,blue,1,24.58,blue,1,19,1,4,11,11,8,7,8,7,,,,2,7200,-4187,4,3,24.56,5.5,0,0,0,6213
scaling,87,red,1,23.13,red,1,22,1,6,12,7,15,10,6,10,,,,2,-1050,7200,3,2,23.09,5.5,0,0,0,5694
scaling,88,blue,1,22.36,blue,1,21,0,5,15,8,13,6,8,12,,,,2,7200,-484,4,2,22.23,5,0,0,0,5623
scaling,89,red,1,20.43,red,1,7,0,3,5,0,7,10,5,13,,,,2,-918,7200,3,2,20.36,5,0,0,0,5166
scaling,90,blue,1,28.81,red,0,52,1,7,15,16,36,9,6,9,,,,2,-3951,7200,3,3,28.79,5.5,0,0,0,6618
scaling,91,red,1,22.01,red,1,23,2,8,17,4,19,9,6,10,,,,2,-20,7200,3,2,21.91,6,0,0,0,5165
scaling,92,blue,1,21.43,red,0,14,2,5,12,4,10,10,5,9,,,,2,-1039,7200,3,2,21.37,5,0,0,0,5155
scaling,93,red,1,22.63,blue,0,14,1,2,7,10,4,3,9,10,,,,2,7200,-371,3,2,22.58,5,0,0,0,5659
scaling,94,blue,1,21.88,red,0,17,0,3,11,7,10,9,5,10,,,,2,-373,7200,3,2,21.83,5.5,0,0,0,5432
scaling,95,red,1,23.92,blue,0,14,1,3,4,10,4,6,9,6,,,,2,7200,-1484,3,2,23.88,5.5,0,0,0,5945
scaling,96,blue,1,24.58,red,0,19,0,2,8,12,7,9,7,7,,,,2,-4187,7200,3,3,24.56,5.5,0,0,0,6015
scaling,97,red,1,23.63,blue,0,22,1,8,14,8,14,5,9,11,,,,2,7200,-1096,3,2,23.58,6,0,0,0,5785
scaling,98,blue,1,20.89,red,0,17,2,9,15,0,17,11,5,13,19.68,,,2,-207,7200,4,2,20.83,5.5,0,0,0,4903
scaling,99,red,1,23.7,blue,0,16,2,3,8,5,11,8,10,10,,,,2,7200,-542,3,2,23.65,5.5,0,0,0,5377
scaling,100,blue,1,22.58,red,0,24,4,7,15,3,21,11,5,12,20.99,,,2,-1080,7200,3,3,22.56,5.5,0,0,0,5220
scaling,101,red,1,19.93,red,1,13,2,6,,1,12,10,4,,,,,2,-61,7200,3,2,19.86,0,0,0,0,4810
scaling,102,blue,1,21.98,blue,1,15,0,2,7,6,9,5,8,11,,,,2,7200,-1,3,2,21.9,5.5,0,0,0,5480
scaling,103,red,1,22.5,blue,0,10,0,3,8,6,4,4,11,10,,22.38,,2,7200,-165,3,2,22.41,5,0,0,0,5633
scaling,104,blue,1,19.45,red,0,5,1,5,,2,3,10,4,,,,,2,-128,7200,3,2,19.38,0,0,0,0,4827
scaling,105,red,1,22.42,red,1,18,1,5,12,4,14,10,6,11,,,,2,-1139,7200,4,2,22.37,6,0,0,0,5070
scaling,106,blue,1,21.95,red,0,16,2,6,12,3,13,10,3,9,,,,2,-453,7200,3,2,21.88,5,0,0,0,5474
scaling,107,red,1,21.43,blue,0,15,0,2,13,6,9,6,9,10,,,,2,7200,-1039,3,2,21.37,5,0,0,0,5358
scaling,108,blue,1,23.12,red,0,18,0,1,10,4,14,10,7,12,,,,2,-566,7200,3,3,23.09,5,0,0,0,5447
scaling,109,red,1,23.6,red,1,20,1,4,11,2,18,10,6,12,,,,2,-439,7200,4,3,23.58,6.5,0,0,0,5786
scaling,110,blue,1,19.4,red,0,11,0,5,,4,7,9,3,,,,,2,-607,7200,3,2,19.33,0,0,0,0,5161
scaling,111,red,1,27.33,blue,0,30,2,6,9,13,17,9,11,9,27.31,24.86,0.03,2,7200,-269,5,3,27.31,5.5,0,0,0,6979
scaling,112,blue,0,60,,,202,2,6,15,95,107,9,9,11,35.38,37.6,22.4,0,7200,7200,9,9,37.6,5.5,0,0,0,13309
scaling,113,red,1,42.34,red,1,109,0,2,6,41,68,11,9,12,23.7,21.58,18.64,2,-9882,7200,9,6,42.33,5.5,0,0,0,9967
scaling,114,blue,1,19.37,red,0,10,0,1,,2,8,9,3,,,,,2,-536,7200,3,2,19.14,0,0,0,0,4751
scaling,115,red,1,22.83,red,1,22,1,6,13,3,19,10,4,10,,,,2,-1431,7200,3,3,22.8,6,0,0,0,5545
scaling,116,blue,1,20.42,red,0,7,0,1,7,1,6,9,5,12,,,,2,-553,7200,3,2,20.35,5.5,0,0,0,5130
scaling,117,red,1,25.38,blue,0,27,1,5,10,17,10,6,9,9,,,,2,7200,-1032,4,3,25.17,5,0,0,0,6218
scaling,118,blue,1,23.89,red,0,35,3,9,20,6,29,10,6,10,,,,2,-1450,7200,4,3,23.85,5.5,0,0,0,5749
scaling,119,red,1,22.85,red,1,17,1,6,11,0,17,9,4,8,,,,2,-1467,7200,3,3,22.83,5.5,0,0,0,5720
scaling,120,blue,1,21.84,red,0,22,0,5,15,1,21,10,4,10,,,,2,-49,7200,4,3,21.82,4.5,0,0,0,5411
scaling,121,red,1,21.92,red,1,16,2,4,12,5,11,9,5,10,,,,2,-420,7200,3,2,21.87,5.5,0,0,0,5195
scaling,122,blue,1,31.74,blue,1,52,1,4,10,32,20,8,11,10,,28.94,,2,7200,-1360,6,4,31.7,5.5,0,0,0,7262
scaling,123,red,1,21.73,red,1,15,1,5,11,2,13,10,5,12,,,,2,-150,7200,3,2,21.67,6,0,0,0,5560
scaling,124,blue,1,21.83,red,0,24,1,9,20,8,16,10,4,11,,,,2,-243,7200,3,2,21.7,6.5,0,0,0,5561
scaling,125,red,1,20.65,red,1,15,0,6,14,1,14,9,5,11,,,,2,-949,7200,3,2,20.58,6,0,0,0,5073
scaling,126,blue,1,21.9,blue,1,12,0,2,7,6,6,5,9,11,,,,2,7200,-336,3,2,21.77,5.5,0,0,0,5780
scaling,127,red,1,21.88,red,1,13,1,3,11,7,6,10,7,14,,,,2,-1148,7200,3,3,21.86,5,0,0,0,5442
scaling,128,blue,1,22.15,red,0,19,3,6,16,3,16,9,7,11,,,,2,-1557,7200,3,3,22.12,6,0,0,0,5279
scaling,129,red,1,20.38,red,1,4,0,1,4,1,3,9,4,11,,,,2,-507,7200,3,2,20.33,5.5,0,0,0,5313
scaling,130,blue,1,21.92,red,0,18,2,6,16,8,10,9,4,10,,,,2,-420,7200,3,2,21.87,5.5,0,0,0,5548
scaling,131,red,1,26.67,red,1,36,2,3,12,12,24,10,8,10,,,,2,-653,7200,4,3,26.63,5,0,0,0,6415
scaling,132,blue,1,19.38,red,0,7,1,3,,0,7,8,2,,,,,2,-747,7200,3,2,19.33,0,0,0,0,5152
scaling,133,red,1,22.21,red,1,17,1,5,12,6,11,9,3,8,,,,2,-821,7200,2,2,22.14,5.5,0,0,0,5573
scaling,134,blue,1,22.89,red,0,23,2,4,12,5,18,8,3,8,,,,2,-1307,7200,3,2,22.87,5,0,0,0,5558
scaling,135,red,1,22.13,blue,0,13,1,2,7,6,7,8,9,11,,,,2,7200,-1222,3,2,22.08,5.5,0,0,0,5693
scaling,136,blue,1,20.34,blue,1,12,2,5,12,5,7,4,10,12,,,,2,7200,-327,3,2,20.16,5,0,0,0,5165
scaling,137,red,1,22.67,red,1,27,0,7,21,4,23,11,6,12,22.29,,,2,-2392,7200,4,3,22.63,6.5,0,0,0,5597
scaling,138,blue,1,26.2,blue,1,35,0,2,8,19,16,6,10,9,,,,2,7200,-194,3,2,26.17,5.5,0,0,0,6226
scaling,139,red,1,23.87,red,1,22,2,4,12,1,21,10,9,9,,23.82,,2,-1416,7200,4,3,23.83,5,0,0,0,5946
scaling,140,blue,1,20.93,red,0,19,2,9,17,4,15,10,6,14,,,,2,-258,7200,3,2,20.87,5.5,0,0,0,5182
scaling,141,red,1,25.91,blue,0,28,0,4,10,8,20,6,10,10,,,,2,7200,-1696,4,4,25.88,5.5,0,0,0,6218
scaling,142,blue,1,19.67,blue,1,11,1,5,,3,8,5,8,,,,,2,7200,-815,3,2,19.59,0,0,0,0,5004
scaling,143,red,1,26.39,red,1,34,0,2,10,11,23,9,5,11,,,,2,-381,7200,4,3,26.36,5,0,0,0,6383
scaling,144,blue,1,23.96,red,0,15,0,4,8,2,13,10,8,11,,,,2,-855,7200,3,2,23.9,5,0,0,0,5773
scaling,145,red,1,21.83,red,1,15,1,4,10,3,12,11,5,11,20.82,,,2,-243,7200,3,2,21.7,5.5,0,0,0,5588
scaling,146,blue,1,23.71,blue,1,29,2,6,17,18,11,7,9,10,,,,2,7200,-1327,3,3,23.66,5.5,0,0,0,5816
scaling,147,red,1,22.99,blue,0,25,1,6,12,9,16,6,9,10,,,,2,7200,-247,4,2,22.91,5,0,0,0,5799
scaling,148,blue,1,20.97,red,0,18,0,8,15,2,16,11,3,11,20.68,,,2,-694,7200,3,2,20.88,5.5,0,0,0,5507
scaling,149,red,1,23.91,red,1,21,2,4,11,5,16,11,5,10,22.98,,,2,-1472,7200,5,2,23.87,6.5,0,0,0,6207
scaling,150,blue,1,19.93,red,0,12,2,8,,0,12,10,5,,,,,2,-702,7200,3,2,19.86,0,0,0,0,5222
scaling,151,red,1,20.93,red,1,13,1,4,11,1,12,10,3,10,,,,2,-649,7200,3,2,20.87,5,0,0,0,5300
scaling,152,blue,1,21.88,blue,1,15,1,5,9,8,7,8,9,11,,,,2,7200,-373,3,2,21.83,5.5,0,0,0,5823
scaling,153,red,1,22.39,red,1,19,0,5,13,7,12,9,3,9,,,,2,-808,7200,3,3,22.37,5.5,0,0,0,5849
scaling,154,blue,1,22.86,red,0,22,3,6,15,5,17,11,3,9,22.12,,,2,-2719,7200,4,3,22.83,6,0,0,0,5827
scaling,155,red,1,22.99,red,1,18,1,3,13,4,14,10,5,8,,,,2,-247,7200,3,2,22.91,5.5,0,0,0,5579
scaling,156,blue,1,20.88,red,0,19,0,5,18,6,13,9,4,11,,,,2,-1365,7200,3,2,20.83,5.5,0,0,0,5205
scaling,157,red,1,20.98,blue,0,21,0,5,17,15,6,3,8,9,,,,2,7200,-635,2,2,20.9,5,0,0,0,5217
scaling,158,blue,1,26.8,red,0,26,4,7,11,5,21,9,6,10,,,,2,-769,7200,5,3,26.73,5,0,0,0,6275
scaling,159,red,1,21.73,red,1,21,1,4,15,1,20,10,5,12,,,,2,-138,7200,4,2,21.66,6,0,0,0,5062
scaling,160,blue,1,21.91,blue,1,23,0,5,18,11,12,4,9,10,,,,2,7200,-409,3,2,21.86,5.5,0,0,0,5407
scaling,161,red,1,22.06,red,1,21,1,6,16,4,17,9,4,9,,,,2,-344,7200,2,2,22.03,6,0,0,0,5471
scaling,162,blue,1,22.92,red,0,13,0,1,5,10,3,10,8,11,,,,2,-190,7200,3,3,22.88,5.5,0,0,0,5645
scaling,163,red,1,25.87,red,1,14,0,2,5,4,10,10,7,8,,,,2,-2530,7200,4,3,25.83,5.5,0,0,0,6423
scaling,164,blue,1,22.89,red,0,22,3,4,12,1,21,11,5,10,22.18,,,2,-117,7200,4,3,22.45,5.5,0,0,0,5598
scaling,165,red,1,25.33,blue,0,34,2,4,19,16,18,4,10,10,,,,2,7200,-1849,4,3,25.3,5,0,0,0,6135
scaling,166,blue,1,23.91,blue,1,19,0,3,9,9,10,7,9,7,,,,2,7200,-1472,3,2,23.87,6,0,0,0,5900
scaling,167,red,1,22.66,blue,0,16,1,3,10,1,15,6,10,9,,,,2,7200,-1498,2,2,22.61,6,0,0,0,5850
scaling,168,blue,1,24.9,blue,1,25,2,6,13,17,8,5,10,9,,,,2,7200,-538,3,2,24.87,5,0,0,0,6296
scaling,169,red,1,22.87,red,1,20,3,8,14,3,17,10,5,7,,,,2,-693,7200,3,2,22.83,6,0,0,0,5804
scaling,170,blue,1,25.88,red,0,31,1,6,15,9,22,10,8,11,,,,2,-2616,7200,4,3,25.43,5,0,0,0,6700
scaling,171,red,1,24.62,red,1,27,0,3,13,7,20,11,7,8,24.33,,,2,-968,7200,4,3,24.58,5.5,0,0,0,6389
scaling,172,blue,1,24.43,red,0,19,2,6,9,7,12,9,4,10,,,,2,-2333,7200,3,3,24.4,5,0,0,0,6222
scaling,173,red,1,26.4,red,1,36,1,5,11,13,23,11,7,9,25.18,,,2,-2289,7200,5,3,26.37,5.5,0,0,0,6486
scaling,174,blue,1,23.91,blue,1,33,3,9,19,14,19,6,9,9,,,,2,7200,-1472,3,2,23.87,5.5,0,0,0,5920
scaling,175,red,1,23.41,red,1,16,1,4,7,12,4,10,8,8,,,,2,-813,7200,4,2,23.38,5.5,0,0,0,5942
scaling,176,blue,1,21.04,blue,1,17,0,7,13,8,9,4,10,12,,,,2,7200,-363,3,2,20.91,5.5,0,0,0,5614
scaling,177,red,1,19.5,red,1,17,3,9,,2,15,8,2,,,,,2,-306,7200,2,2,19.4,0,0,0,0,5126
scaling,178,blue,1,48.34,red,0,167,4,7,15,67,100,11,9,7,24.84,23.96,23.5,2,-3784,7200,7,6,48.33,5,0,0,0,10695
scaling,179,red,1,21.72,red,1,17,1,2,12,9,8,11,6,11,21.41,,,2,-3811,7200,4,2,21.65,5.5,0,0,0,5531
scaling,180,blue,1,20.4,blue,1,7,0,2,7,3,4,5,9,11,,,,2,7200,-525,3,2,20.33,5.5,0,0,0,5283
scaling,181,red,1,22.07,red,1,27,3,9,21,1,26,10,5,11,,,,2,-1434,7200,5,3,22.04,6,0,0,0,5337
scaling,182,blue,1,18.68,red,0,5,1,5,,1,4,10,4,,,,,2,-8,7200,3,2,18.42,0,0,0,0,4838
scaling,183,red,1,24.12,blue,0,26,1,2,11,7,19,7,9,7,,,,2,7200,-381,3,2,24.08,5,0,0,0,5867
scaling,184,blue,1,23.11,red,0,22,0,4,16,6,16,9,5,11,,,,2,-1850,7200,3,3,23.08,5.5,0,0,0,5981
scaling,185,red,1,23.35,red,1,23,1,5,12,10,13,11,6,9,22.13,,,2,-91,7200,3,2,23.25,5.5,0,0,0,5904
scaling,186,blue,1,24.6,red,0,21,2,3,11,3,18,10,6,10,,,,2,-958,7200,3,3,24.58,4.5,0,0,0,6103
scaling,187,red,1,22.66,red,1,28,3,9,22,3,25,11,4,12,22.16,,,2,-962,7200,4,3,22.62,6.5,0,0,0,5549
scaling,188,blue,1,22.88,red,0,17,1,4,11,6,11,10,5,10,,,,2,-702,7200,4,3,22.83,5,0,0,0,5773
scaling,189,red,1,24.13,red,1,21,0,4,12,10,11,10,7,11,,,,2,-1766,7200,3,2,24.08,5.5,0,0,0,5915
scaling,190,blue,1,27.83,red,0,42,1,8,16,16,26,11,7,11,26.4,,,2,-1854,7200,4,3,27.8,4.5,0,0,0,6733
scaling,191,red,1,21.43,red,1,12,1,3,10,5,7,9,5,10,,,,2,-1039,7200,4,2,21.37,5.5,0,0,0,5535
scaling,192,blue,1,25.91,blue,1,27,0,3,7,11,16,7,11,10,,23.6,,2,7200,-1696,3,3,25.88,5.5,0,0,0,6544
scaling,193,red,1,20.93,blue,0,11,1,3,10,8,3,5,9,11,,,,2,7200,-662,3,2,20.88,5.5,0,0,0,5541
scaling,194,blue,1,22.21,red,0,13,1,3,8,7,6,9,5,10,,,,2,-821,7200,3,2,22.14,5,0,0,0,5537
scaling,195,red,1,22.87,red,1,18,1,3,9,2,16,10,5,10,,,,2,-693,7200,3,3,22.83,5.5,0,0,0,5727
scaling,196,blue,1,20.56,red,0,16,1,5,15,3,13,10,6,13,,,,2,-343,7200,3,2,20.41,6,0,0,0,5022
scaling,197,red,1,21.43,red,1,18,1,8,16,6,12,10,3,8,,,,2,-1039,7200,3,2,21.37,5.5,0,0,0,5477
scaling,198,blue,1,22.66,blue,1,11,0,2,9,5,6,6,9,12,,,,2,7200,-402,3,3,22.6,5.5,0,0,0,5790
scaling,199,red,1,21.43,red,1,11,1,4,11,3,8,9,4,10,,,,2,-1039,7200,3,2,21.37,5.5,0,0,0,5385
scaling,200,blue,1,21.24,red,0,7,1,3,6,4,3,8,5,11,,,,2,-314,7200,3,2,21.17,5.5,0,0,0,5573
counter,1,red,1,24.94,red,1,26,0,2,13,11,15,9,7,10,,,,2,-577,7200,5,3,24.9,5,0,0,0,6279
counter,2,blue,1,22.62,red,0,14,0,3,5,4,10,10,3,11,,,,2,-1990,7200,3,2,22.58,5,0,0,0,5681
counter,3,red,1,20.89,red,1,25,4,10,23,2,23,9,4,11,,,,2,-207,7200,3,2,20.83,6,0,0,0,5075
counter,4,blue,1,21.53,red,0,23,3,10,19,4,19,10,4,12,,,,2,-258,7200,4,2,21.41,5,0,0,0,5275
counter,5,red,1,22.91,red,1,19,1,4,12,3,16,10,7,8,,,,2,-179,7200,3,2,22.88,4.5,0,0,0,5722
counter,6,blue,1,20.43,red,0,13,1,4,13,2,11,9,3,10,,,,2,-581,7200,3,2,20.37,5.5,0,0,0,5193
counter,7,red,1,21.16,blue,0,24,3,7,20,16,8,4,10,11,,,,2,7200,-1028,3,2,21.1,5.5,0,0,0,5247
counter,8,blue,1,22.38,red,0,23,2,9,16,7,16,10,3,8,,,,2,-1090,7200,3,2,22.33,5,0,0,0,5666
counter,9,red,1,20.17,red,1,13,3,4,13,2,11,10,4,12,,,,2,-470,7200,3,2,20.1,5,0,0,0,4906
counter,10,blue,1,21.09,red,0,17,1,7,13,4,13,9,4,11,,,,2,-1754,7200,2,2,21.06,5,0,0,0,5236
counter,11,red,1,21.2,red,1,22,4,8,17,2,20,10,4,12,,,,2,-117,7200,3,3,21.17,5,0,0,0,5373
counter,12,blue,1,22.11,blue,1,14,1,4,8,9,5,5,9,10,,,,2,7200,-692,3,2,22.06,5,0,0,0,5712
counter,13,red,1,21.39,blue,0,12,2,3,8,7,5,8,10,13,,,,2,7200,-986,4,2,21.33,5,0,0,0,5500
counter,14,blue,1,21.98,blue,1,28,3,7,22,9,19,6,10,10,,,,2,7200,-1,3,2,21.9,5,0,0,0,5620
counter,15,red,1,28.43,blue,0,39,0,4,11,16,23,6,9,10,,,,2,7200,-79,4,3,28.4,5,0,0,0,6842
counter,16,blue,1,25.13,red,0,22,2,5,9,9,13,9,6,8,,,,2,-1587,7200,3,2,25.09,5,0,0,0,6430
counter,17,red,1,23.41,red,1,13,1,5,9,2,11,10,7,11,,,,2,-813,7200,3,2,23.37,5,0,0,0,5811
counter,18,blue,1,20.43,red,0,16,3,8,16,3,13,10,4,11,,,,2,-581,7200,3,2,20.37,5,0,0,0,5170
counter,19,red,1,22.88,red,1,16,1,3,7,10,6,10,7,9,,,,2,-1845,7200,3,2,22.84,5,0,0,0,5964
counter,20,blue,1,21.43,red,0,22,3,6,16,1,21,10,4,9,,,,2,-1039,7200,3,2,21.37,5,0,0,0,5317
counter,21,red,1,22.91,blue,0,18,1,5,11,12,6,6,10,10,,,,2,7200,-179,4,2,22.87,5,0,0,0,5813
counter,22,blue,1,23.41,red,0,28,2,5,16,3,25,10,5,10,,,,2,-1429,7200,4,3,23.37,6,0,0,0,5647
counter,23,red,1,23.65,blue,0,15,0,2,9,13,2,7,10,10,,,,2,7200,-481,3,3,23.6,5,0,0,0,5938
counter,24,blue,1,23.39,red,0,23,0,2,15,8,15,10,7,11,,,,2,-1319,7200,4,3,23.12,5,0,0,0,5686
counter,25,red,1,23.88,red,1,18,0,5,10,5,13,9,4,10,,,,2,-1428,7200,4,3,23.83,5,0,0,0,5685
counter,26,blue,1,21.58,red,0,18,2,9,15,1,17,10,4,11,,,,2,-2642,7200,3,3,21.54,6,0,0,0,5205
counter,27,red,1,25.12,red,1,26,1,7,14,6,20,10,8,11,,,,2,-1577,7200,5,3,25.08,5,0,0,0,5972
counter,28,blue,1,20.93,red,0,16,2,4,14,4,12,9,5,12,,,,2,-258,7200,3,2,20.87,5,0,0,0,5070
counter,29,red,1,22.84,red,1,18,1,6,9,2,16,10,3,8,,,,2,-665,7200,4,3,22.82,4.5,0,0,0,5690
counter,30,blue,1,25.81,red,0,29,0,5,15,6,23,10,5,11,,,,2,-676,7200,3,2,25.73,5.5,0,0,0,6310
counter,31,red,1,24.37,red,1,27,2,6,14,12,15,10,5,8,,,,2,-2098,7200,3,3,24.33,5,0,0,0,6019
counter,32,blue,1,21.53,red,0,16,2,6,13,4,12,10,4,11,,,,2,-258,7200,3,2,21.41,5.5,0,0,0,5515
counter,33,red,1,29.62,red,1,41,1,3,9,9,32,11,8,10,26.69,,,2,-2483,7200,5,3,29.6,5,0,0,0,7252
counter,34,blue,1,22.01,red,0,20,1,4,15,1,19,10,5,11,,,,2,-20,7200,3,2,21.91,5,0,0,0,5331
counter,35,red,1,29.23,blue,0,42,0,3,9,25,17,8,11,9,,26.57,,2,7200,-752,5,3,29.18,5,0,0,0,7395
counter,36,blue,1,21.18,red,0,18,3,7,15,2,16,9,6,13,,,,2,-81,7200,3,3,21.14,5,0,0,0,5151
counter,37,red,1,22.58,red,1,17,1,2,11,1,16,10,5,11,,,,2,-1080,7200,4,3,22.58,5,0,0,0,5582
counter,38,blue,1,22.91,red,0,14,2,5,12,6,8,10,6,8,,,,2,-179,7200,3,2,22.87,5,0,0,0,5942
counter,39,red,1,20.56,red,1,10,1,3,8,2,8,10,5,12,,,,2,-343,7200,3,2,20.41,5.5,0,0,0,5239
counter,40,blue,1,22.89,red,0,24,2,7,17,2,22,10,5,10,,,,2,-117,7200,4,3,22.43,5.5,0,0,0,5519
counter,41,red,1,22.5,blue,0,17,5,6,11,7,10,7,10,10,,,,2,7200,-165,3,2,22.41,5,0,0,0,5641
counter,42,blue,1,23.39,red,0,16,2,3,8,7,9,11,6,12,23.14,,,2,-808,7200,3,2,23.37,5,0,0,0,5898
counter,43,red,1,20.75,red,1,13,1,4,10,1,12,9,6,12,,,,2,-349,7200,4,2,20.67,5,0,0,0,5289
counter,44,blue,1,26.9,red,0,33,2,7,13,21,12,11,7,9,24.59,,,2,-2911,7200,3,2,26.87,5,0,0,0,6855
counter,45,red,1,24.69,blue,0,28,1,5,15,8,20,9,9,9,,,,4,586,-302,3,3,24.68,5.5,0,0,0,6099
counter,46,blue,1,24.7,blue,1,26,0,3,8,8,18,8,11,9,,23.86,,2,7200,-311,4,2,24.66,5,0,0,0,6274
counter,47,red,1,31.85,red,1,65,1,5,11,25,40,11,6,10,30.23,,,2,-4920,7200,5,4,31.83,5,0,0,0,7490
counter,48,blue,1,21.53,red,0,18,2,6,13,1,17,9,4,11,,,,2,-258,7200,3,2,21.41,5,0,0,0,5309
counter,49,red,1,22.88,red,1,23,0,1,14,3,20,11,4,10,22.71,,,2,-94,7200,4,2,22.77,5.5,0,0,0,5718
counter,50,blue,1,21.39,red,0,18,3,6,13,1,17,10,3,11,,,,2,-986,7200,3,2,21.33,4.5,0,0,0,5332
counter,51,red,1,23.72,red,1,21,0,4,11,12,9,11,6,8,21.93,,,2,-562,7200,4,2,23.67,5,0,0,0,6122
counter,52,blue,1,24.9,red,0,26,1,4,10,7,19,10,6,11,,,,2,-538,7200,3,2,24.87,5,0,0,0,6138
counter,53,red,1,25.62,red,1,29,1,3,11,13,16,9,6,10,,,,2,-1353,7200,3,2,25.58,5,0,0,0,6376
counter,54,blue,1,21.92,blue,1,23,4,9,17,9,14,5,10,11,,,,2,7200,-420,3,2,21.87,5,0,0,0,5569
counter,55,red,1,23.87,blue,0,22,0,5,11,17,5,6,9,11,,,,2,7200,-95,4,3,23.83,5,0,0,0,5768
counter,56,blue,1,21.43,red,0,17,1,2,12,4,13,9,5,12,,,,2,-1039,7200,4,2,21.37,5,0,0,0,5262
counter,57,red,1,25.13,red,1,21,2,4,9,2,19,11,6,10,22.04,,,2,-1598,7200,4,3,25.1,5,0,0,0,6180
counter,58,blue,1,23.6,red,0,23,1,3,11,4,19,9,5,9,,,,2,-1063,7200,3,3,23.56,5,0,0,0,5674
counter,59,red,1,23.59,red,1,13,0,0,5,1,12,10,7,9,,,,2,-1188,7200,3,3,23.58,5,0,0,0,5958
counter,60,blue,1,19.45,blue,1,15,1,5,,4,11,5,9,,,,,2,7200,-407,2,2,19.38,0,0,0,0,5014
counter,61,red,1,36.62,blue,0,77,2,5,13,32,45,8,10,12,,,,2,7200,-5818,7,5,36.6,5,0,0,0,8875
counter,62,blue,1,19.94,red,0,10,1,3,,2,8,9,5,,,,,2,-717,7200,4,2,19.87,0,0,0,0,5223
counter,63,red,1,22.91,red,1,13,0,2,8,2,11,9,6,9,,,,2,-179,7200,3,2,22.87,5,0,0,0,5546
counter,64,blue,1,20.38,red,0,18,1,4,16,3,15,10,5,13,,,,2,-507,7200,3,2,20.33,5,0,0,0,4953
counter,65,red,1,23.91,red,1,13,0,1,6,7,6,10,6,8,,,,2,-1472,7200,3,2,23.87,5,0,0,0,6075
counter,66,blue,1,21.86,red,0,9,1,4,6,1,8,10,5,11,,,,2,-71,7200,4,3,21.83,5,0,0,0,5709
counter,67,red,1,21.93,blue,0,11,1,2,6,3,8,4,10,8,,,,2,7200,-432,3,2,21.88,5,0,0,0,5742
counter,68,blue,1,21.71,red,0,16,2,8,13,4,12,10,3,9,,,,2,-115,7200,3,2,21.64,5,0,0,0,5619
counter,69,red,1,21.88,red,1,22,3,8,16,8,14,11,7,11,21.68,,,2,-1310,7200,3,2,21.83,5,0,0,0,5683
counter,70,blue,1,25.19,red,0,26,1,2,10,11,15,9,6,11,,,,2,-858,7200,4,3,25.15,5,0,0,0,6461
counter,71,red,1,22.9,red,1,23,5,9,20,7,16,10,5,11,,,,2,-735,7200,3,2,22.86,5,0,0,0,5695
counter,72,blue,1,21.86,red,0,14,1,3,10,7,7,9,5,11,,,,2,-277,7200,3,2,21.73,5.5,0,0,0,5758
counter,73,red,1,21.86,blue,0,15,0,4,10,4,11,8,10,12,,,,2,7200,-1283,4,2,21.81,5.5,0,0,0,5726
counter,74,blue,1,19.94,blue,1,16,1,5,,6,10,6,10,,,,,2,7200,-717,3,2,19.87,0,0,0,0,5366
counter,75,red,1,22.44,blue,0,19,1,5,13,14,5,5,11,11,,21.62,,2,7200,-121,4,2,22.38,4.5,0,0,0,5915
counter,76,blue,1,22.38,red,0,18,0,4,9,8,10,9,7,13,,,,2,-1090,7200,5,3,22.33,5,0,0,0,5822
counter,77,red,1,22.88,red,1,23,3,11,14,3,20,11,4,10,21.62,,,2,-138,7200,3,2,22.83,4.5,0,0,0,5908
counter,78,blue,1,18.6,red,0,2,0,0,,1,1,8,4,,,,,2,-271,7200,2,2,18.42,0,0,0,0,4786
counter,79,red,1,22.22,red,1,10,1,2,7,4,6,10,3,9,,,,2,-833,7200,3,2,22.15,5.5,0,0,0,5836
counter,80,blue,1,17.45,red,0,12,2,5,,1,11,7,2,,,,,2,-495,7200,3,2,17.36,0,0,0,0,4647
counter,81,red,1,21.36,red,1,18,1,5,16,5,13,9,4,10,,,,2,-2239,7200,4,3,21.33,5,0,0,0,5491
counter,82,blue,1,22.35,red,0,19,2,4,14,1,18,10,4,9,,,,2,-749,7200,4,3,22.33,4,0,0,0,5743
counter,83,red,1,22.83,red,1,18,1,2,9,1,17,11,7,9,22.62,,,2,-1431,7200,4,3,22.8,5,0,0,0,5919
counter,84,blue,1,19.93,red,0,17,2,6,,1,16,9,4,,,,,2,-75,7200,3,2,19.87,0,0,0,0,5090
counter,85,red,1,22.1,red,1,18,1,5,12,2,16,10,6,12,,,,2,-1478,7200,3,3,22.08,5,0,0,0,5360
counter,86,blue,1,27.35,red,0,33,1,4,8,26,7,11,9,7,24.91,27.28,0.08,2,-1353,7200,5,3,27.33,4.5,0,0,0,6764
counter,87,red,1,20.93,red,1,13,1,5,13,2,11,11,3,9,20.88,,,2,-649,7200,3,2,20.91,5,0,0,0,5307
counter,88,blue,1,22.38,blue,1,15,0,5,11,4,11,7,11,12,,20.73,,2,7200,-58,5,3,22.34,5.5,0,0,0,5702
counter,89,red,1,22.4,red,1,18,0,5,12,3,15,11,3,9,22.34,,,2,-80,7200,3,2,22.36,4.5,0,0,0,5744
counter,90,blue,1,22.63,red,0,24,1,7,16,4,20,11,7,11,22.1,,,2,-382,7200,3,2,22.59,5,0,0,0,5665
counter,91,red,1,19.95,red,1,18,2,8,,6,12,7,3,,,,,2,-733,7200,2,2,19.88,0,0,0,0,5111
counter,92,blue,1,26.11,blue,1,31,2,6,10,20,11,7,9,11,,,,2,7200,-111,3,2,26.08,5,0,0,0,6648
counter,93,red,1,30.83,blue,0,52,1,2,9,31,21,8,11,7,,28.21,,2,7200,-3768,4,3,30.8,5,0,0,0,7167
counter,94,blue,1,27.79,blue,1,33,0,3,9,17,16,8,11,6,,24.14,,2,7200,-674,3,2,27.73,4.5,0,0,0,6837
counter,95,red,1,23.92,blue,0,20,1,3,9,12,8,8,10,8,,,,2,7200,-1484,3,2,23.88,4.5,0,0,0,6163
counter,96,blue,1,25.86,red,0,24,0,2,7,11,13,10,5,9,,,,2,-2521,7200,4,3,25.83,5,0,0,0,6684
counter,97,red,1,21.53,blue,0,10,1,6,9,5,5,5,10,11,,,,2,7200,-258,3,2,21.41,5,0,0,0,5849
counter,98,blue,1,20.85,red,0,17,2,9,16,0,17,11,4,12,19.87,,,2,-1307,7200,4,2,20.79,5,0,0,0,5129
counter,99,red,1,22.75,blue,0,23,2,3,17,11,12,5,8,11,,,,2,7200,-485,3,3,22.63,5.5,0,0,0,5883
counter,100,blue,1,24.82,red,0,30,4,6,14,6,24,10,7,8,,,,2,-1335,7200,4,3,24.73,5.5,0,0,0,6083
counter,101,red,1,22.88,red,1,20,2,6,11,9,11,11,4,11,21.48,,,2,-138,7200,3,2,22.83,5,0,0,0,5517
counter,102,blue,1,24.82,red,0,21,0,3,10,10,11,9,6,11,,,,2,-416,7200,3,2,24.73,4.5,0,0,0,6139
counter,103,red,1,20.88,red,1,9,0,3,7,5,4,7,5,10,,,,2,-103,7200,2,2,20.72,5,0,0,0,5367
counter,104,blue,1,22.42,red,0,16,1,5,9,7,9,9,7,13,,,,2,-1139,7200,3,2,22.37,5,0,0,0,5537
counter,105,red,1,25.68,red,1,26,1,5,10,10,16,10,8,7,,,,2,-1424,7200,3,2,25.64,5.5,0,0,0,6157
counter,106,blue,1,22.9,red,0,26,2,7,14,5,21,11,4,10,21.37,,,2,-735,7200,3,2,22.86,5.5,0,0,0,5689
counter,107,red,1,19.4,blue,0,7,0,2,,3,4,5,9,,,,,2,7200,-607,3,2,19.33,0,0,0,0,5073
counter,108,blue,1,26.87,red,0,31,0,1,10,13,18,11,6,8,24.92,,,2,-2869,7200,3,2,26.83,5,0,0,0,6734
counter,109,red,1,24.19,blue,0,28,1,3,16,8,20,6,9,9,,,,2,7200,-1152,3,2,24.14,5.5,0,0,0,5727
counter,110,blue,1,20.43,red,0,15,0,5,15,4,11,10,5,13,,,,2,-932,7200,3,2,20.37,5,0,0,0,4920
counter,111,red,1,22.13,red,1,21,2,6,15,7,14,9,8,11,,,,2,-1222,7200,4,2,22.08,5,0,0,0,5432
counter,112,blue,1,19.38,red,0,14,2,6,,7,7,7,3,,,,,2,-763,7200,2,2,19.34,0,0,0,0,4992
counter,113,red,1,23.39,red,1,15,0,2,7,2,13,11,6,10,21.31,,,2,-2279,7200,3,3,23.37,5,0,0,0,5772
counter,114,blue,1,26.13,red,0,26,0,1,11,7,19,10,7,12,,,,2,-127,7200,4,3,26.1,5,0,0,0,6429
counter,115,red,1,21.42,red,1,18,1,5,15,3,15,11,3,12,19.58,,,2,-164,7200,3,2,21.37,6,0,0,0,5257
counter,116,blue,1,21.41,red,0,4,0,1,3,1,3,11,5,9,20.88,,,2,-1012,7200,3,2,21.35,5,0,0,0,5509
counter,117,red,1,20.93,blue,0,11,1,5,10,5,6,6,10,11,,,,2,7200,-649,3,2,20.9,5,0,0,0,5236
counter,118,blue,1,21.43,red,0,24,3,9,19,5,19,10,5,10,,,,2,-1039,7200,3,2,21.37,5.5,0,0,0,5205
counter,119,red,1,21.46,red,1,21,1,5,16,4,17,10,4,12,,,,2,-640,7200,3,2,21.38,5.5,0,0,0,5326
counter,120,blue,1,30.1,red,0,40,0,5,14,8,32,11,8,9,27.24,,,2,-5611,7200,5,4,30.08,5,0,0,0,7070
counter,121,red,1,24.41,blue,0,24,2,3,11,13,11,7,10,9,,,,2,7200,-2156,4,2,24.37,4.5,0,0,0,6013
counter,122,blue,1,21.49,blue,1,17,1,5,13,6,11,6,10,14,,,,2,7200,-235,4,2,21.4,5.5,0,0,0,5412
counter,123,red,1,21.43,red,1,15,1,4,13,2,13,11,6,12,21.42,,,2,-1039,7200,3,2,21.42,5,0,0,0,5396
counter,124,blue,1,23.91,red,0,29,1,9,21,9,20,11,5,10,23.07,,,2,-1472,7200,5,3,23.87,5.5,0,0,0,5827
counter,125,red,1,23.37,red,1,22,0,6,11,3,19,10,3,9,,,,2,-1373,7200,3,2,23.33,5,0,0,0,5718
counter,126,blue,1,24.68,blue,1,17,0,2,8,2,15,9,11,10,23.03,22.69,1.65,2,7200,-1042,3,3,24.64,5.5,0,0,0,6159
counter,127,red,1,22.7,red,1,21,1,3,16,7,14,9,5,12,,,,2,-457,7200,4,2,22.64,5.5,0,0,0,5773
counter,128,blue,1,20.08,red,0,18,3,6,18,2,16,9,4,13,,,,2,-212,7200,3,2,19.91,5.5,0,0,0,5042
counter,129,red,1,22.96,red,1,16,0,0,7,6,10,9,7,11,,,,2,-226,7200,4,3,22.9,5,0,0,0,5765
counter,130,blue,1,18.01,red,0,7,2,5,,3,4,9,3,,,,,2,-191,7200,2,1,17.9,0,0,0,0,4919
counter,131,red,1,18.43,red,1,4,2,2,,0,4,9,2,,,,,2,-326,7200,2,2,18.36,0,0,0,0,4873
counter,132,blue,1,20.97,red,0,13,1,4,12,1,12,11,3,12,19.16,,,2,-694,7200,4,2,20.88,5.5,0,0,0,5370
counter,133,red,1,21.04,red,1,10,1,5,9,3,7,10,4,10,,,,2,-363,7200,3,2,20.91,4.5,0,0,0,5289
counter,134,blue,1,24.35,red,0,18,2,4,9,5,13,9,5,9,,,,2,-3800,7200,3,3,24.33,5,0,0,0,6081
counter,135,red,1,23.63,red,1,22,1,3,11,11,11,10,7,15,,,,2,-1733,7200,4,2,23.58,5,0,0,0,5990
counter,136,blue,1,22.87,blue,1,20,2,4,12,9,11,6,10,12,,,,2,7200,-693,3,2,22.83,5,0,0,0,5808
counter,137,red,1,22.37,red,1,24,0,9,16,4,20,10,7,13,,,,2,-39,7200,4,2,22.33,5,0,0,0,5300
counter,138,blue,1,21.22,blue,1,12,0,2,9,3,9,8,8,14,,,,2,7200,-277,3,2,21.14,5,0,0,0,5525
counter,139,red,1,19.38,red,1,14,2,4,,0,14,8,3,,,,,2,-763,7200,2,2,19.34,0,0,0,0,4798
counter,140,blue,1,22.83,red,0,26,2,9,19,14,12,9,6,13,,,,2,-33,7200,4,2,22.72,5,0,0,0,5694
counter,141,red,1,24.68,blue,0,26,0,4,9,15,11,8,11,13,,20.78,,2,7200,-283,4,3,24.63,5,0,0,0,5766
counter,142,blue,1,22.43,blue,1,19,1,5,13,5,14,6,9,12,,,,2,7200,-1151,4,2,22.38,5,0,0,0,5209
counter,143,red,1,22.94,red,1,12,0,2,8,6,6,11,7,12,21.74,,,2,-778,7200,4,2,22.88,5,0,0,0,5756
counter,144,blue,1,27.15,blue,1,33,0,4,10,21,12,8,11,10,,23.49,,2,7200,-1976,3,3,27.12,5.5,0,0,0,6260
counter,145,red,1,26.83,red,1,33,1,2,10,6,27,10,5,9,,,,2,-816,7200,4,3,26.8,5.5,0,0,0,6214
counter,146,blue,1,28.62,blue,1,51,2,6,13,28,23,8,11,13,,25.89,,2,7200,-2718,4,3,28.59,5.5,0,0,0,6539
counter,147,red,1,50.85,red,1,178,1,6,17,77,101,11,9,8,25.38,25.4,25.45,2,-20289,7200,9,8,50.84,5,0,0,0,10367
counter,148,blue,1,22.99,red,0,22,0,8,14,5,17,10,7,10,,,,2,-247,7200,3,2,22.93,5,0,0,0,5284
counter,149,red,1,20.43,red,1,14,2,4,13,0,14,9,4,11,,,,2,-581,7200,3,2,20.37,5.5,0,0,0,4757
counter,150,blue,1,19.93,red,0,12,2,8,,0,12,10,5,,,,,2,-702,7200,3,2,19.86,0,0,0,0,4477
counter,151,red,1,21.83,red,1,23,1,4,16,2,21,10,5,13,,,,2,-1203,7200,3,2,21.72,4.5,0,0,0,5082
counter,152,blue,1,24.12,red,0,21,1,5,13,6,15,10,5,10,,,,2,-381,7200,3,2,24.08,5.5,0,0,0,5563
counter,153,red,1,21.43,red,1,19,0,5,13,7,12,10,5,12,,,,2,-1039,7200,3,2,21.37,5,0,0,0,4871
counter,154,blue,1,21.7,red,0,24,3,7,19,3,21,11,4,10,20.84,,,2,-104,7200,3,2,21.63,5,0,0,0,5045
counter,155,red,1,29.14,red,1,41,1,3,9,17,24,10,5,9,,,,2,-3313,7200,4,3,29.12,5.5,0,0,0,6433
counter,156,blue,1,24.86,red,0,26,0,5,13,7,19,10,7,9,,,,2,-491,7200,4,3,24.83,5,0,0,0,5847
counter,157,red,1,21.92,blue,0,22,0,5,15,15,7,5,10,6,,,,2,7200,-420,3,2,21.87,5,0,0,0,5290
counter,158,blue,1,22.42,blue,1,25,4,6,18,11,14,5,9,11,,,,2,7200,-1139,4,2,22.37,5.5,0,0,0,5339
counter,159,red,1,23.37,red,1,16,1,4,8,4,12,10,5,8,,,,2,-1373,7200,3,2,23.33,5,0,0,0,5970
counter,160,blue,1,23.4,blue,1,21,0,5,11,8,13,6,9,10,,,,2,7200,-1417,3,2,23.36,5.5,0,0,0,5533
counter,161,red,1,23.41,red,1,23,1,6,14,6,17,10,7,10,,,,2,-813,7200,3,2,23.37,5,0,0,0,5627
counter,162,blue,1,23.35,red,0,13,0,3,8,2,11,9,4,10,,,,2,-91,7200,3,2,23.25,5.5,0,0,0,5731
counter,163,red,1,22.42,red,1,16,0,2,9,8,8,9,4,9,,,,2,-1139,7200,3,2,22.37,5,0,0,0,5378
counter,164,blue,1,22.38,red,0,15,3,4,12,1,14,9,5,10,,,,2,-48,7200,3,3,22.33,5.5,0,0,0,5454
counter,165,red,1,26.37,red,1,31,2,4,11,5,26,11,8,11,23.45,,,2,-362,7200,5,3,26.34,5.5,0,0,0,5990
counter,166,blue,1,24.79,red,0,20,0,4,9,11,9,9,7,10,,,,2,-1173,7200,3,3,24.75,5,0,0,0,6031
counter,167,red,1,25.86,blue,0,29,1,3,8,11,18,7,10,11,,,,2,7200,-1636,3,2,25.83,5,0,0,0,6358
counter,168,blue,1,24.41,blue,1,22,2,5,10,14,8,6,9,9,,,,2,7200,-2156,3,2,24.37,5,0,0,0,5874
counter,169,red,1,25.46,red,1,22,3,8,11,4,18,11,7,9,24.62,,,2,-318,7200,4,3,25.41,4.5,0,0,0,5904
counter,170,blue,1,27.34,red,0,37,1,6,13,10,27,11,7,8,27.12,,,2,-2203,7200,4,3,27.33,5,0,0,0,6430
counter,171,red,1,24.9,blue,0,26,0,3,13,9,17,7,11,9,,24.08,,2,7200,-538,4,3,24.87,5,0,0,0,5899
counter,172,blue,1,21.92,red,0,17,2,6,14,6,11,10,5,8,,,,2,-420,7200,3,2,21.87,5.5,0,0,0,5483
counter,173,red,1,23.31,red,1,22,1,5,15,4,18,10,6,12,,,,2,-2152,7200,4,3,23.28,5,0,0,0,5269
counter,174,blue,1,24.62,red,0,23,3,9,13,9,14,11,8,7,23.63,,,2,-226,7200,3,3,24.58,5,0,0,0,5944
counter,175,red,1,24.19,red,1,22,1,4,11,12,10,9,6,8,,,,2,-1152,7200,3,2,24.14,5,0,0,0,5914
counter,176,blue,1,25.13,red,0,32,0,4,16,11,21,9,7,10,,,,2,-3349,7200,3,3,25.1,5,0,0,0,5992
counter,177,red,1,20.43,red,1,15,3,8,14,2,13,11,5,14,19.72,,,2,-918,7200,3,2,20.36,5,0,0,0,5064
counter,178,blue,1,20.73,blue,1,15,4,7,15,2,13,5,10,11,,,,2,7200,-309,3,2,20.64,5,0,0,0,5194
counter,179,red,1,21.43,red,1,14,1,4,11,9,5,10,5,12,,,,2,-1039,7200,3,2,21.37,5,0,0,0,5243
counter,180,blue,1,22.38,blue,1,15,0,2,9,8,7,6,10,11,,,,2,7200,-1080,3,2,21.92,5,0,0,0,5563
counter,181,red,1,19.94,red,1,14,3,8,,0,14,10,4,,,,,2,-717,7200,3,2,19.87,0,0,0,0,4733
counter,182,blue,1,23.62,red,0,23,1,4,11,9,14,9,5,10,,,,2,-1221,7200,3,3,23.59,5,0,0,0,5562
counter,183,red,1,22.42,blue,0,13,1,2,7,6,7,3,9,9,,,,2,7200,-1139,3,2,22.37,5,0,0,0,5403
counter,184,blue,1,30.34,red,0,54,0,4,16,20,34,11,8,8,27.83,,,2,-263,7200,4,3,30.33,5,0,0,0,6870
counter,185,red,1,21.92,red,1,17,1,5,14,4,13,9,4,10,,,,2,-359,7200,3,2,21.78,5,0,0,0,5485
counter,186,blue,1,20.56,red,0,8,2,3,6,1,7,9,3,10,,,,2,-343,7200,3,2,20.41,5.5,0,0,0,5140
counter,187,red,1,21.59,red,1,21,3,8,16,2,19,10,3,9,,,,2,-2673,7200,4,3,21.58,6,0,0,0,5071
counter,188,blue,1,20.4,red,0,10,1,4,9,5,5,10,5,13,,,,2,-525,7200,3,2,20.33,5,0,0,0,4905
counter,189,red,1,21.64,red,1,17,0,5,11,1,16,9,5,12,,,,2,-24,7200,4,3,21.58,5.5,0,0,0,5222
counter,190,blue,1,20.65,blue,1,15,1,8,13,6,9,6,8,12,,,,2,7200,-949,2,1,20.58,5,0,0,0,5111
counter,191,red,1,23.18,red,1,17,1,3,9,5,12,9,3,10,,,,2,-641,7200,4,3,23.15,5.5,0,0,0,5610
counter,192,blue,1,22.41,red,0,17,0,2,11,11,6,11,6,12,20.35,,,2,-90,7200,3,2,22.37,5,0,0,0,5215
counter,193,red,1,23.42,red,1,23,1,3,11,17,6,10,7,13,,,,2,-824,7200,3,2,23.38,5,0,0,0,5688
counter,194,blue,1,22.91,red,0,16,1,3,12,10,6,10,5,9,,,,2,-746,7200,3,2,22.87,5,0,0,0,5389
counter,195,red,1,20.4,red,1,13,1,3,13,1,12,11,3,12,19.46,,,2,-525,7200,3,2,20.33,4.5,0,0,0,4909
counter,196,blue,1,20.43,red,0,19,1,5,19,3,16,10,4,12,,,,2,-581,7200,3,2,20.37,6,0,0,0,4731
counter,197,red,1,22.9,red,1,19,1,8,15,9,10,9,7,9,,,,2,-735,7200,3,2,22.86,5,0,0,0,5659
counter,198,blue,1,22.73,blue,1,15,0,2,11,7,8,7,10,12,,,,2,7200,-490,3,2,22.67,5,0,0,0,5708
counter,199,red,1,24.22,blue,0,25,1,5,15,10,15,7,9,12,,,,2,7200,-1184,4,2,24.17,5,0,0,0,5700
counter,200,blue,1,22.22,red,0,15,1,3,9,9,6,9,6,12,,,,2,-833,7200,3,2,22.15,5.5,0,0,0,5490
survival,1,red,1,23.9,red,1,21,0,2,8,9,12,9,5,9,,,,2,-132,7200,5,3,23.87,5,0,0,0,5906
survival,2,blue,1,21.92,red,0,9,0,1,6,4,5,10,4,11,,,,2,-420,7200,3,2,21.87,5,0,0,0,5307
survival,3,red,1,26.12,red,1,24,2,8,11,11,13,10,8,9,,,,2,-1945,7200,3,2,26.08,5.5,0,0,0,6439
survival,4,blue,1,23.59,red,0,28,3,10,20,5,23,10,5,10,,,,2,-1188,7200,4,3,23.57,5.5,0,0,0,5404
survival,5,red,1,20.4,red,1,5,1,2,5,1,4,9,4,11,,,,2,-84,7200,3,2,20.23,5.5,0,0,0,5358
survival,6,blue,1,23.39,blue,1,20,1,3,12,12,8,5,9,11,,,,2,7200,-2279,3,3,23.37,5,0,0,0,5892
survival,7,red,1,21.16,blue,0,22,3,7,17,16,6,5,11,11,,20.64,,2,7200,-1028,3,2,21.1,5.5,0,0,0,5257
survival,8,blue,1,22.38,red,0,20,2,9,16,7,13,10,4,8,,,,2,-1090,7200,3,2,22.33,5,0,0,0,5445
survival,9,red,1,21.41,red,1,14,1,2,11,2,12,11,3,10,20.86,,,2,-152,7200,3,2,21.36,5,0,0,0,5085
survival,10,blue,1,23.48,red,0,24,1,7,13,6,18,10,4,9,,,,2,-257,7200,3,2,23.41,5,0,0,0,5761
survival,11,red,1,19.94,red,1,18,4,8,,1,17,10,3,,,,,2,-717,7200,3,2,19.87,0,0,0,0,4798
survival,12,blue,1,28.62,red,0,41,1,6,13,24,17,9,6,11,,,,2,-2718,7200,4,3,28.59,5,0,0,0,6615
survival,13,red,1,25.93,red,1,21,3,6,12,6,15,11,6,5,25.71,,,2,-652,7200,3,3,25.9,5,0,0,0,6423
survival,14,blue,1,25.9,red,0,40,3,7,22,15,25,11,6,10,23.92,,,2,-2574,7200,4,3,25.87,5,0,0,0,6137
survival,15,red,1,22.5,blue,0,15,1,4,8,6,9,6,11,10,,21.38,,2,7200,-165,3,2,22.41,5,0,0,0,5743
survival,16,blue,1,23.69,blue,1,15,0,0,5,6,9,6,11,9,,22.03,,2,7200,-531,3,2,23.64,5.5,0,0,0,5879
survival,17,red,1,34.88,red,1,59,1,5,12,13,46,11,9,9,25.15,25.92,8.97,2,-2775,7200,6,5,34.88,5,0,0,0,8021
survival,18,blue,1,22.42,red,0,17,3,8,13,3,14,9,5,9,,,,2,-3022,7200,3,3,22.37,5.5,0,0,0,5311
survival,19,red,1,19.94,red,1,11,2,7,,5,6,11,6,,19.78,,,2,-717,7200,3,2,19.87,0,0,0,0,5038
survival,20,blue,1,21.43,red,0,22,3,6,16,1,21,10,4,9,,,,2,-1039,7200,3,2,21.37,5,0,0,0,5010
survival,21,red,1,23.13,blue,0,17,1,5,11,12,5,4,9,11,,,,2,7200,-462,4,2,23.09,5,0,0,0,5616
survival,22,blue,1,21.71,red,0,11,0,2,10,2,9,9,5,11,,,,2,-115,7200,3,2,21.64,5,0,0,0,5403
survival,23,red,1,24.9,red,1,23,3,6,11,3,20,11,6,10,23.4,,,2,-538,7200,3,2,24.87,5,0,0,0,6215
survival,24,blue,1,23.91,blue,1,20,0,3,8,11,9,9,11,10,23.68,23.76,0.15,2,7200,-798,4,3,23.86,5,0,0,0,5849
survival,25,red,1,19.73,red,1,7,0,3,,4,3,9,2,,,,,2,-69,7200,3,2,19.63,0,0,0,0,4938
survival,26,blue,1,20.93,red,0,18,1,5,14,1,17,10,3,11,,,,2,-258,7200,3,2,20.87,5.5,0,0,0,5321
survival,27,red,1,23.57,red,1,22,1,7,13,3,19,9,7,11,,,,2,-2549,7200,4,3,23.54,5,0,0,0,5542
survival,28,blue,1,20.93,red,0,16,2,4,14,4,12,9,5,12,,,,2,-258,7200,3,2,20.87,5,0,0,0,5044
survival,29,red,1,21.42,red,1,10,1,1,7,2,8,10,3,11,,,,2,-164,7200,3,2,21.37,5,0,0,0,5469
survival,30,blue,1,25.79,red,0,29,0,5,15,6,23,10,7,11,,,,2,-1022,7200,3,3,25.73,5.5,0,0,0,6047
survival,31,red,1,24.35,red,1,28,2,6,14,10,18,9,7,8,,,,2,-3800,7200,3,3,24.33,5,0,0,0,5898
survival,32,blue,1,24.8,blue,1,27,0,1,12,15,12,5,9,11,,,,2,7200,-398,4,3,24.72,5,0,0,0,6261
survival,33,red,1,22.08,red,1,20,2,6,12,2,18,11,5,12,22.07,,,2,-3610,7200,3,3,22.07,6,0,0,0,5325
survival,34,blue,1,22.01,red,0,20,1,4,15,1,19,10,5,11,,,,2,-20,7200,3,2,21.91,5,0,0,0,5396
survival,35,red,1,21.16,blue,0,14,1,5,12,7,7,4,9,9,,,,2,7200,-1028,3,2,21.1,5.5,0,0,0,5286
survival,36,blue,1,22.42,blue,1,16,2,4,11,6,10,4,10,9,,,,2,7200,-1139,3,2,22.37,5,0,0,0,5410
survival,37,red,1,22.23,red,1,13,1,2,8,3,10,10,6,14,,,,2,-857,7200,4,2,22.17,5,0,0,0,5499
survival,38,blue,1,22.87,red,0,15,2,5,12,6,9,11,6,9,20.56,,,2,-693,7200,3,2,22.83,5,0,0,0,5940
survival,39,red,1,21.04,red,1,14,2,3,12,2,12,9,3,10,,,,2,-363,7200,3,2,20.91,5.5,0,0,0,5016
survival,40,blue,1,27.24,red,0,42,2,7,18,11,31,11,8,9,24.41,,,2,-2079,7200,4,4,27.21,5.5,0,0,0,6454
survival,41,red,1,23.2,blue,0,21,5,6,10,8,13,4,8,9,,,,2,7200,-1128,3,2,23.14,4.5,0,0,0,5801
survival,42,blue,1,23.48,blue,1,17,0,2,7,12,5,6,10,9,,,,2,7200,-257,3,2,23.41,5.5,0,0,0,5907
survival,43,red,1,31.78,red,1,58,0,7,15,18,40,11,7,12,29.64,,,2,-1388,7200,6,4,31.73,5,0,0,0,7146
survival,44,blue,1,23.89,blue,1,22,2,7,12,16,6,6,11,8,,22.97,,2,7200,-123,3,2,23.86,5,0,0,0,6139
survival,45,red,1,23.1,red,1,19,3,4,15,1,18,11,5,11,22.58,,,2,-1005,7200,4,3,23.06,5,0,0,0,5879
survival,46,blue,1,23.38,red,0,17,1,2,9,8,9,9,6,10,,,,2,-912,7200,3,3,23.36,5,0,0,0,5880
survival,47,red,1,22.63,blue,0,18,1,5,9,5,13,6,9,12,,,,2,7200,-1460,3,2,22.58,5,0,0,0,5707
survival,48,blue,1,21.53,red,0,16,2,6,13,1,15,10,6,11,,,,2,-258,7200,3,2,21.41,5.5,0,0,0,5498
survival,49,red,1,20.23,blue,0,7,0,2,7,5,2,6,9,13,,,,2,7200,-209,3,2,20.13,5,0,0,0,5182
survival,50,blue,1,21.39,red,0,18,3,6,14,2,16,11,3,11,20.68,,,2,-986,7200,3,2,21.33,4.5,0,0,0,5509
survival,51,red,1,24.4,red,1,26,1,4,14,3,23,11,5,9,23.98,,,2,-2145,7200,4,3,24.36,5,0,0,0,5927
survival,52,blue,1,18.83,red,0,8,1,5,,1,7,9,2,,,,,2,-4,7200,2,1,18.71,0,0,0,0,4928
survival,53,red,1,23.38,red,1,24,1,4,16,4,20,11,6,10,22.39,,,2,-770,7200,3,2,23.33,5,0,0,0,5617
survival,54,blue,1,21.92,blue,1,20,4,9,17,7,13,6,10,10,,,,2,7200,-420,3,2,21.87,5,0,0,0,5237
survival,55,red,1,24.41,red,1,25,1,3,11,14,11,9,6,9,,,,2,-2156,7200,3,2,24.37,5,0,0,0,5705
survival,56,blue,1,21.43,red,0,17,0,2,15,3,14,9,5,12,,,,2,-1039,7200,3,2,21.37,5.5,0,0,0,4986
survival,57,red,1,23.25,blue,0,17,2,4,9,3,14,6,8,12,,,,2,7200,-565,3,3,23.14,5,0,0,0,5364
survival,58,blue,1,24.45,red,0,21,1,3,11,7,14,11,7,11,23.33,,,2,-35,7200,4,3,24.4,5,0,0,0,5715
survival,59,red,1,22.17,red,1,19,3,5,14,6,13,9,3,10,,,,2,-1583,7200,3,3,22.13,5.5,0,0,0,5177
survival,60,blue,1,21.43,blue,1,18,1,5,15,8,10,6,9,12,,,,2,7200,-1039,3,2,21.37,5,0,0,0,4828
survival,61,red,1,28.4,red,1,41,2,5,13,15,26,10,7,12,,,,2,-2478,7200,4,4,28.38,5,0,0,0,6234
survival,62,blue,1,22.91,red,0,18,3,6,12,7,11,10,5,11,,,,2,-179,7200,5,2,22.87,5,0,0,0,5012
survival,63,red,1,21.72,red,1,10,0,0,7,2,8,10,5,10,,,,2,-127,7200,3,2,21.65,5,0,0,0,5008
survival,64,blue,1,20.38,red,0,18,1,4,16,3,15,10,5,13,,,,2,-507,7200,3,2,20.33,5,0,0,0,4579
survival,65,red,1,21.92,red,1,17,1,5,11,0,17,11,8,10,20.33,,,2,-420,7200,3,2,21.87,5.5,0,0,0,4997
survival,66,blue,1,25.37,red,0,22,1,2,9,7,15,9,5,8,,,,2,-1900,7200,3,3,25.35,5,0,0,0,5721
survival,67,red,1,21.4,blue,0,12,1,2,11,3,9,2,9,9,,,,2,7200,-67,3,2,20.92,5,0,0,0,4919
survival,68,blue,1,22.42,red,0,16,2,8,12,3,13,11,7,15,21.16,,,2,-1139,7200,4,2,22.37,5.5,0,0,0,5189
survival,69,red,1,21.85,red,1,15,0,2,9,5,10,9,5,10,,,,2,-677,7200,4,3,21.75,5,0,0,0,5056
survival,70,blue,1,26.62,blue,1,31,1,2,11,16,15,7,10,11,,,,2,7200,-608,4,3,26.59,5,0,0,0,5764
survival,71,red,1,21.04,red,1,20,5,9,20,6,14,9,3,10,,,,2,-363,7200,3,2,20.91,5.5,0,0,0,4771
survival,72,blue,1,21.65,red,0,16,1,3,8,8,8,9,7,13,,,,2,-501,7200,3,2,21.6,5,0,0,0,5249
survival,73,red,1,22.42,red,1,22,0,4,14,2,20,11,6,11,21.77,,,2,-1139,7200,4,2,22.42,5,0,0,0,5035
survival,74,blue,1,19.94,blue,1,16,1,5,,6,10,6,10,,,,,2,7200,-717,3,2,19.87,0,0,0,0,4815
survival,75,red,1,22.88,red,1,20,1,4,14,3,17,10,5,8,,,,2,-138,7200,3,2,22.83,5.5,0,0,0,5397
survival,76,blue,1,24.41,blue,1,26,1,5,12,11,15,7,9,11,,,,2,7200,-721,3,2,24.38,6,0,0,0,5594
survival,77,red,1,23.41,red,1,22,3,11,17,3,19,10,6,7,,,,2,-813,7200,3,2,23.37,5,0,0,0,5246
survival,78,blue,1,18.6,red,0,2,0,0,,1,1,8,4,,,,,2,-271,7200,2,2,18.42,0,0,0,0,4437
survival,79,red,1,20.88,red,1,15,2,8,13,3,12,11,4,13,18.63,,,2,-1365,7200,4,2,20.83,6,0,0,0,4808
survival,80,blue,1,17.45,red,0,12,2,5,,1,11,7,2,,,,,2,-495,7200,3,2,17.36,0,0,0,0,4304
survival,81,red,1,21.36,red,1,14,1,5,12,1,13,9,3,9,,,,2,-356,7200,3,3,21.33,5,0,0,0,4893
survival,82,blue,1,20.56,red,0,6,0,1,5,2,4,9,4,11,,,,2,-343,7200,4,2,20.41,5,0,0,0,5006
survival,83,red,1,22.42,red,1,14,0,3,9,2,12,10,4,7,,,,2,-1139,7200,3,2,22.37,4.5,0,0,0,5236
survival,84,blue,1,19.93,red,0,13,2,6,,1,12,10,5,,,,,2,-75,7200,3,2,19.87,0,0,0,0,4591
survival,85,red,1,23.83,red,1,19,1,6,9,4,15,9,6,9,,,,2,-13,7200,4,2,23.73,5,0,0,0,5526
survival,86,blue,1,22.42,blue,1,14,3,7,11,4,10,7,8,10,,,,2,7200,-1139,4,2,22.37,5,0,0,0,5307
survival,87,red,1,22.44,red,1,19,1,5,15,1,18,10,5,9,,,,2,-121,7200,3,2,22.38,5,0,0,0,5316
survival,88,blue,1,21.73,red,0,12,0,5,8,5,7,9,6,13,,,,2,-138,7200,5,2,21.66,5.5,0,0,0,4939
survival,89,red,1,25.35,red,1,32,1,7,17,8,24,10,6,7,,,,2,-1879,7200,4,3,25.33,5,0,0,0,5812
survival,90,blue,1,25.13,red,0,34,1,7,18,6,28,10,6,9,,,,2,-3349,7200,3,3,25.1,5,0,0,0,5721
survival,91,red,1,18.92,red,1,16,2,8,,4,12,9,3,,,,,2,-397,7200,2,2,18.86,0,0,0,0,4543
survival,92,blue,1,24.93,blue,1,24,0,1,10,16,8,7,10,9,,,,2,7200,-559,3,2,24.88,4.5,0,0,0,5751
survival,93,red,1,23.55,blue,0,24,1,4,13,12,12,8,10,14,,,,2,7200,-2523,3,3,23.53,5.5,0,0,0,5363
survival,94,blue,1,23.87,red,0,13,0,3,9,7,6,11,6,6,23.59,,,2,-2081,7200,3,2,23.83,4.5,0,0,0,5359
survival,95,red,1,21.04,red,1,15,1,4,13,4,11,11,6,14,20.08,,,2,-363,7200,3,2,20.91,6,0,0,0,4821
survival,96,blue,1,22.42,red,0,18,2,3,12,8,10,10,8,12,,,,2,-1139,7200,3,2,22.37,5.5,0,0,0,5177
survival,97,red,1,23.37,red,1,22,1,3,11,2,20,9,5,8,,,,2,-3589,7200,3,3,23.34,5,0,0,0,5099
survival,98,blue,1,20.85,red,0,17,2,9,16,1,16,11,4,12,19.87,,,2,-1307,7200,4,2,20.79,5,0,0,0,4504
survival,99,red,1,23.2,blue,0,14,0,6,9,7,7,5,11,6,,23.13,,2,7200,-1128,3,2,23.14,5,0,0,0,5473
survival,100,blue,1,23.33,red,0,21,4,6,14,3,18,10,6,10,,,,2,-71,7200,4,2,23.23,5.5,0,0,0,5075
survival,101,red,1,20.43,red,1,13,2,7,12,1,12,10,4,12,,,,2,-581,7200,3,2,20.37,5,0,0,0,4548
survival,102,blue,1,24.83,blue,1,27,2,5,16,12,15,6,9,8,,,,2,7200,-434,3,2,24.77,5.5,0,0,0,5438
survival,103,red,1,18.83,red,1,7,1,5,,2,5,9,2,,,,,2,-237,7200,2,2,18.78,0,0,0,0,4380
survival,104,blue,1,20.97,red,0,12,1,5,8,3,9,9,6,11,,,,2,-694,7200,3,2,20.88,5,0,0,0,4759
survival,105,red,1,24.63,red,1,18,1,2,7,4,14,10,4,7,,,,2,-2630,7200,3,3,24.63,4.5,0,0,0,5513
survival,106,blue,1,22.39,red,0,21,1,4,13,6,15,10,4,9,,,,2,-71,7200,3,2,22.35,5,0,0,0,5029
survival,107,red,1,19.4,blue,0,6,0,2,,5,1,5,9,,,,,2,7200,-607,3,2,19.33,0,0,0,0,4455
survival,108,blue,1,22.01,red,0,11,0,1,9,2,9,9,6,9,,,,2,-20,7200,3,2,21.91,4.5,0,0,0,5278
survival,109,red,1,25.89,blue,0,25,0,2,9,15,10,4,9,9,,,,2,7200,-1676,4,3,25.86,4.5,0,0,0,5676
survival,110,blue,1,20.43,red,0,15,0,5,15,4,11,10,5,13,,,,2,-932,7200,3,2,20.37,5,0,0,0,4675
survival,111,red,1,22.13,red,1,20,2,6,15,6,14,9,5,11,,,,2,-1222,7200,4,2,22.08,5,0,0,0,4869
survival,112,blue,1,23.07,red,0,17,1,4,9,5,12,11,6,13,22.76,,,2,-3071,7200,3,3,23.04,5,0,0,0,5370
survival,113,red,1,23.22,red,1,25,1,6,16,13,12,10,6,10,,,,2,-4754,7200,3,2,23.21,5.5,0,0,0,5337
survival,114,blue,1,22.63,blue,1,15,0,1,10,4,11,7,9,13,,,,2,7200,-371,3,2,22.58,5,0,0,0,5228
survival,115,red,1,28.11,red,1,30,0,0,8,9,21,11,7,9,27.18,,,2,-2159,7200,4,3,28.08,5,0,0,0,6427
survival,116,blue,1,22.9,red,0,22,1,3,13,9,13,10,6,11,,,,2,-291,7200,3,3,22.88,5,0,0,0,5319
survival,117,red,1,26.86,blue,0,29,1,5,13,12,17,9,11,7,26.62,26.19,0.24,2,7200,-2858,4,3,26.83,5,0,0,0,6061
survival,118,blue,1,21.43,red,0,24,3,9,19,5,19,10,5,10,,,,2,-1039,7200,3,2,21.37,5.5,0,0,0,4732
survival,119,red,1,20.43,red,1,9,0,2,9,1,8,9,5,12,,,,2,-581,7200,3,2,20.37,5,0,0,0,4491
survival,120,blue,1,30.66,red,0,45,0,5,14,11,34,11,7,9,27.66,,,2,-2044,7200,6,4,30.63,5,0,0,0,6549
survival,121,red,1,23.41,red,1,17,2,3,8,6,11,10,7,9,,,,2,-813,7200,3,2,23.37,5,0,0,0,5125
survival,122,blue,1,20.45,red,0,10,0,3,10,2,8,8,3,9,,,,2,-584,7200,4,2,20.36,5,0,0,0,4677
survival,123,red,1,22.83,red,1,14,1,4,8,2,12,10,5,12,,,,2,-33,7200,3,2,22.83,5.5,0,0,0,5331
survival,124,blue,1,21.86,red,0,22,1,9,15,8,14,10,6,12,,,,2,-1295,7200,4,2,21.83,5.5,0,0,0,4812
survival,125,red,1,20.56,red,1,16,1,4,14,4,12,10,4,10,,,,2,-343,7200,3,2,20.41,5,0,0,0,4812
survival,126,blue,1,23.86,red,0,19,0,3,12,8,11,10,7,13,,,,2,-51,7200,3,3,23.77,5.5,0,0,0,5512
survival,127,red,1,20.43,red,1,13,1,3,13,1,12,10,6,14,,,,2,-581,7200,4,2,20.37,5,0,0,0,4638
survival,128,blue,1,20.08,red,0,18,3,6,18,3,15,9,5,14,,,,2,-212,7200,3,2,19.91,5,0,0,0,4494
survival,129,red,1,20.43,red,1,16,1,4,15,4,12,9,4,11,,,,2,-581,7200,3,2,20.37,5,0,0,0,4586
survival,130,blue,1,18.01,red,0,7,2,5,,3,4,9,3,,,,,2,-191,7200,2,1,17.9,0,0,0,0,4269
survival,131,red,1,18.43,red,1,7,2,2,,1,6,9,2,,,,,2,-326,7200,2,2,18.36,0,0,0,0,4202
survival,132,blue,1,20.93,red,0,11,0,0,8,5,6,11,4,12,19.24,,,2,-649,7200,3,2,20.87,5,0,0,0,4859
survival,133,red,1,21.35,red,1,12,2,4,9,3,9,10,5,11,,,,2,-2223,7200,2,2,21.32,5,0,0,0,5005
survival,134,blue,1,25.8,red,0,26,2,4,9,13,13,11,7,9,25.34,,,2,-667,7200,3,2,25.73,5,0,0,0,5847
survival,135,red,1,20.16,blue,0,12,0,5,11,10,2,4,9,11,,,,2,7200,-124,4,2,20.09,5,0,0,0,4634
survival,136,blue,1,22.91,red,0,18,1,4,14,6,12,9,7,8,,,,2,-746,7200,3,2,22.87,5,0,0,0,5208
survival,137,red,1,22.37,red,1,25,0,9,18,4,21,9,4,11,,,,2,-39,7200,4,2,22.33,5,0,0,0,5067
survival,138,blue,1,21.22,blue,1,11,0,2,9,3,8,8,8,14,,,,2,7200,-277,3,2,21.14,5,0,0,0,5174
survival,139,red,1,17.9,red,1,6,1,2,,1,5,8,3,,,,,2,-342,7200,2,1,17.81,0,0,0,0,4134
survival,140,blue,1,23.62,blue,1,24,0,4,13,18,6,5,11,13,,20.08,,2,7200,-3005,3,2,23.58,5,0,0,0,5457
survival,141,red,1,24.98,red,1,26,0,4,11,13,13,11,7,13,22.18,,,2,-602,7200,4,3,24.91,5,0,0,0,5874
survival,142,blue,1,25.76,red,0,28,1,4,10,7,21,10,7,10,,,,2,-623,7200,4,3,25.68,5,0,0,0,5573
survival,143,red,1,20.08,red,1,12,1,4,12,3,9,10,4,14,,,,2,-212,7200,3,2,19.91,6,0,0,0,4564
survival,144,blue,1,22.91,blue,1,16,0,4,11,9,7,7,10,11,,,,2,7200,-179,4,2,22.87,5,0,0,0,5326
survival,145,red,1,26.67,red,1,34,0,4,15,5,29,11,8,9,25.07,,,2,-653,7200,4,3,26.63,5.5,0,0,0,6113
survival,146,blue,1,25.32,red,0,22,2,6,9,8,14,11,7,7,24.97,,,2,-1837,7200,3,3,25.3,5,0,0,0,5876
survival,147,red,1,31.18,blue,0,49,1,6,15,24,25,8,11,9,,27.68,,2,7200,-2532,6,4,31.15,5,0,0,0,6873
survival,148,blue,1,22.01,red,0,21,0,8,15,4,17,10,4,9,,,,2,-20,7200,3,2,21.91,5,0,0,0,5154
survival,149,red,1,25.88,red,1,31,1,5,14,12,19,10,6,9,,,,2,-609,7200,3,3,25.87,5,0,0,0,5906
survival,150,blue,1,19.93,red,0,12,2,8,,0,12,10,5,,,,,2,-702,7200,3,2,19.86,0,0,0,0,4856
survival,151,red,1,21.71,red,1,18,1,4,15,3,15,11,5,13,20.38,,,2,-115,7200,3,2,21.64,5,0,0,0,4885
survival,152,blue,1,22.44,red,0,22,0,5,14,1,21,11,6,9,20.89,,,2,-868,7200,3,3,22.41,5.5,0,0,0,5304
survival,153,red,1,20.93,red,1,6,0,2,5,1,5,10,4,11,,,,2,-649,7200,3,2,20.87,5,0,0,0,5048
survival,154,blue,1,21.7,red,0,24,3,7,19,3,21,11,4,10,20.84,,,2,-104,7200,3,2,21.63,5,0,0,0,4998
survival,155,red,1,22.85,red,1,17,1,3,9,2,15,11,3,11,21.66,,,2,-212,7200,4,3,22.8,4.5,0,0,0,5372
survival,156,blue,1,18.97,red,0,10,2,4,,0,10,11,5,,18.45,,,2,-262,7200,3,2,18.88,0,0,0,0,4512
survival,157,red,1,21.92,blue,0,22,0,5,15,15,7,5,10,6,,,,2,7200,-420,3,2,21.87,5,0,0,0,5419
survival,158,blue,1,22.42,blue,1,24,4,6,18,10,14,5,9,11,,,,2,7200,-1139,4,2,22.37,5.5,0,0,0,5011
survival,159,red,1,31.85,red,1,54,1,4,11,17,37,11,8,9,29.56,,,2,-423,7200,4,4,31.84,5,0,0,0,7202
survival,160,blue,1,29.3,red,0,40,0,5,11,17,23,9,7,10,,,,2,-4569,7200,3,3,29.28,5.5,0,0,0,6521
survival,161,red,1,28.28,blue,0,32,1,6,10,12,20,8,11,9,,24.08,,2,7200,-1139,3,3,28.23,5,0,0,0,6707
survival,162,blue,1,25.13,red,0,14,2,2,6,6,8,10,7,10,,,,2,-1587,7200,3,2,25.09,5,0,0,0,6108
survival,163,red,1,23.41,red,1,21,2,5,14,6,15,11,5,10,23.18,,,2,-813,7200,3,2,23.37,6,0,0,0,5554
survival,164,blue,1,22.38,red,0,15,3,4,12,1,14,9,5,10,,,,2,-48,7200,3,3,22.33,5.5,0,0,0,5264
survival,165,red,1,23.33,red,1,11,0,3,6,4,7,10,4,9,,,,2,-71,7200,3,2,23.23,5,0,0,0,5891
survival,166,blue,1,20.88,red,0,16,0,2,13,4,12,10,3,11,,,,2,-1365,7200,3,2,20.83,5,0,0,0,5323
survival,167,red,1,22.42,blue,0,16,1,3,8,9,7,6,11,11,,20.86,,2,7200,-1139,3,2,22.37,5,0,0,0,5816
survival,168,blue,1,23.69,blue,1,17,2,5,8,9,8,6,9,9,,,,2,7200,-531,3,2,23.64,5,0,0,0,6121
survival,169,red,1,22.21,blue,0,13,1,3,6,10,3,6,10,10,,,,2,7200,-821,3,2,22.14,5.5,0,0,0,5856
survival,170,blue,1,26.25,red,0,26,1,6,13,16,10,11,8,8,23.59,,,2,-227,7200,4,3,26.18,5,0,0,0,6776
survival,171,red,1,24.9,blue,0,29,0,3,13,11,18,6,11,9,,24.03,,2,7200,-538,4,3,24.87,5,0,0,0,6289
survival,172,blue,1,21.43,red,0,16,2,4,14,4,12,9,3,9,,,,2,-1039,7200,4,2,21.37,5,0,0,0,5373
survival,173,red,1,21.43,red,1,21,3,8,17,1,20,11,2,9,20.38,,,2,-1039,7200,3,2,21.37,5,0,0,0,5447
survival,174,blue,1,25.12,red,0,24,3,9,13,10,14,11,7,7,24.09,,,2,-1577,7200,3,2,25.08,5,0,0,0,6286
survival,175,red,1,21.91,blue,0,10,1,2,6,6,4,7,10,10,,,,2,7200,-409,3,2,21.86,4.5,0,0,0,5848
survival,176,blue,1,26.41,blue,1,40,0,3,13,16,24,7,11,10,,22.78,,2,7200,-2299,5,3,26.38,5,0,0,0,6468
survival,177,red,1,22.13,red,1,21,3,8,18,3,18,10,4,11,,,,2,-1222,7200,3,2,22.08,5,0,0,0,5685
survival,178,blue,1,20.73,blue,1,16,4,7,15,3,13,5,10,11,,,,2,7200,-309,3,2,20.64,5,0,0,0,5272
survival,179,red,1,21.92,red,1,24,2,7,19,9,15,10,7,12,,,,2,-420,7200,3,2,21.87,5.5,0,0,0,5591
survival,180,blue,1,22.41,blue,1,18,0,2,9,7,11,6,10,10,,,,2,7200,-90,3,2,22.37,5,0,0,0,5895
survival,181,red,1,21.88,red,1,27,2,6,21,3,24,10,3,9,,,,2,-373,7200,3,2,21.83,5,0,0,0,5451
survival,182,blue,1,23.86,red,0,18,1,2,9,8,10,9,7,12,,,,2,-94,7200,3,3,23.84,5,0,0,0,6032
survival,183,red,1,22.16,red,1,21,1,8,16,2,19,9,5,12,,,,2,-1570,7200,3,3,22.13,6,0,0,0,5410
survival,184,blue,1,21.92,blue,1,13,0,4,11,6,7,4,9,8,,,,2,7200,-420,3,2,21.87,5,0,0,0,5499
survival,185,red,1,22.43,red,1,14,1,3,10,7,7,10,6,12,,,,2,-1151,7200,3,2,22.38,5,0,0,0,5556
survival,186,blue,1,20.16,blue,1,13,2,7,12,9,4,3,8,9,,,,2,7200,-141,2,2,20.12,5,0,0,0,5194
survival,187,red,1,20.93,red,1,19,3,8,17,1,18,10,4,11,,,,2,-258,7200,4,2,20.87,5,0,0,0,5210
survival,188,blue,1,20.4,red,0,9,1,4,9,4,5,10,5,13,,,,2,-525,7200,3,2,20.33,5,0,0,0,5309
survival,189,red,1,26.41,red,1,19,0,1,6,9,10,10,7,10,,,,2,-2299,7200,4,3,26.38,5,0,0,0,6673
survival,190,blue,1,20.15,blue,1,11,1,8,11,6,5,6,9,12,,,,2,7200,-494,3,2,20.14,5,0,0,0,5037
survival,191,red,1,22.99,red,1,18,1,3,11,5,13,9,6,9,,,,2,-247,7200,4,2,22.91,5,0,0,0,5881
survival,192,blue,1,23.18,red,0,19,0,5,11,11,8,10,5,9,,,,2,-1094,7200,3,2,23.12,5.5,0,0,0,5834
survival,193,red,1,22.21,blue,0,15,2,3,12,6,9,6,9,11,,,,2,7200,-821,3,2,22.14,5,0,0,0,5478
survival,194,blue,1,22.38,red,0,18,1,3,12,10,8,8,7,9,,,,2,-1090,7200,3,2,22.33,5,0,0,0,5526
survival,195,red,1,22.55,red,1,20,2,4,12,1,19,10,3,10,,,,2,-1033,7200,4,3,22.53,6,0,0,0,5571
survival,196,blue,1,24.71,red,0,30,0,8,16,14,16,10,6,11,,,,2,-320,7200,3,2,24.67,5.5,0,0,0,6041
survival,197,red,1,21.43,red,1,17,1,8,14,7,10,9,5,10,,,,2,-1039,7200,3,2,21.37,5,0,0,0,5087
survival,198,blue,1,22.73,blue,1,14,0,2,11,5,9,6,10,12,,,,2,7200,-490,3,2,22.67,5,0,0,0,5256
survival,199,red,1,20.93,red,1,15,0,2,9,4,11,9,2,8,,,,2,-258,7200,3,2,20.87,5,0,0,0,3843
survival,200,blue,1,22.22,red,0,10,1,3,9,5,5,9,6,12,,,,2,-833,7200,3,2,22.15,5.5,0,0,0,3677
