config,seed,pid,side,role,arch,heroId,strategy,won,k,d,a,dmg,taken_approx,gold,goldPerMin,t3_1_min,t3_2_min,t3_3_min,t3Count,completed10,completed15,completed20,completedEnd,unspent10,unspent15,unspent20,unspentEnd,earned10,earned15,earned20,earned20_passive,earned20_minion,earned20_kill,earned20_assist,earned20_tower,earned20_camp,earned20_objective,earned20_tithe,counterPlanned
off,1,b1,blue,top,戰士,embercoil,,0,3,2,0,9106,18320,900,37.2,,,,0,,,,,,,,,,,,,,,,,,0,,
off,1,b2,blue,jungle,戰士,cinderfist,,0,1,2,1,7817,12129,931,38.5,,,,0,,,,,,,,,,,,,,,,,,0,,
off,1,b3,blue,mid,法師,auralith,,0,3,1,0,12108,12430,900,37.2,,,,0,,,,,,,,,,,,,,,,,,0,,
off,1,b4,blue,adc,射手,liangzicz,,0,0,3,0,8997,9853,0,0,,,,0,,,,,,,,,,,,,,,,,,0,,
off,1,b5,blue,sup,坦克,tixue,,0,0,4,1,4559,13266,0,0,,,,0,,,,,,,,,,,,,,,,,,0,,
off,1,r1,red,top,戰士,embercoil,,1,6,1,0,10487,18917,1908,78.8,,,,0,,,,,,,,,,,,,,,,,,0,,
off,1,r2,red,jungle,戰士,cinderfist,,1,2,1,2,9479,11927,1405,58,,,,0,,,,,,,,,,,,,,,,,,0,,
off,1,r3,red,mid,法師,auralith,,1,3,1,1,9688,10867,900,37.2,,,,0,,,,,,,,,,,,,,,,,,0,,
off,1,r4,red,adc,射手,liangzicz,,1,1,2,1,9408,7270,300,12.4,,,,0,,,,,,,,,,,,,,,,,,0,,
off,1,r5,red,sup,坦克,tixue,,1,0,2,1,5959,13669,0,0,,,,0,,,,,,,,,,,,,,,,,,0,,
off,2,b1,blue,top,戰士,cinderfist,,0,2,2,0,11461,30040,600,18.5,,,,0,,,,,,,,,,,,,,,,,,0,,
off,2,b2,blue,jungle,戰士,chichuan,,0,0,3,0,7818,16597,803,24.8,,,,0,,,,,,,,,,,,,,,,,,0,,
off,2,b3,blue,mid,法師,ronghuo,,0,2,4,0,11788,17128,654,20.2,,,,0,,,,,,,,,,,,,,,,,,0,,
off,2,b4,blue,adc,射手,leiting,,0,3,6,0,17406,14579,900,27.8,,,,0,,,,,,,,,,,,,,,,,,0,,
off,2,b5,blue,sup,輔助,linghun,,0,2,4,1,8634,17929,628,19.4,,,,0,,,,,,,,,,,,,,,,,,0,,
off,2,r1,red,top,戰士,cinderfist,,1,6,0,0,14106,25708,1800,55.6,,,,0,,,,,,,,,,,,,,,,,,0,,
off,2,r2,red,jungle,戰士,chichuan,,1,3,2,1,9923,15226,2081,64.3,,,,0,,,,,,,,,,,,,,,,,,0,,
off,2,r3,red,mid,法師,ronghuo,,1,6,2,2,24942,17172,1800,55.6,,,,0,,,,,,,,,,,,,,,,,,0,,
off,2,r4,red,adc,射手,leiting,,1,3,3,3,21149,13056,954,29.5,,,,0,,,,,,,,,,,,,,,,,,0,,
off,2,r5,red,sup,輔助,linghun,,1,1,2,4,7980,16498,300,9.3,,,,0,,,,,,,,,,,,,,,,,,0,,
off,3,b1,blue,top,戰士,leimingcf,,0,0,1,0,7299,17012,0,0,,,,0,,,,,,,,,,,,,,,,,,0,,
off,3,b2,blue,jungle,戰士,jufeng,,0,1,2,0,4547,10102,759,32.1,,,,0,,,,,,,,,,,,,,,,,,0,,
off,3,b3,blue,mid,法師,gambler,,0,0,1,0,8865,11537,0,0,,,,0,,,,,,,,,,,,,,,,,,0,,
off,3,b4,blue,adc,射手,liangzi,,0,0,4,0,9781,8290,0,0,,,,0,,,,,,,,,,,,,,,,,,0,,
off,3,b5,blue,sup,輔助,shiguang,,0,1,2,0,3226,10487,300,12.7,,,,0,,,,,,,,,,,,,,,,,,0,,
off,3,r1,red,top,戰士,leimingcf,,1,4,0,0,8161,16735,1200,50.8,,,,0,,,,,,,,,,,,,,,,,,0,,
off,3,r2,red,jungle,戰士,jufeng,,1,3,0,2,6585,10154,1661,70.2,,,,0,,,,,,,,,,,,,,,,,,0,,
off,3,r3,red,mid,法師,gambler,,1,0,0,0,10859,13114,0,0,,,,0,,,,,,,,,,,,,,,,,,0,,
off,3,r4,red,adc,射手,liangzi,,1,2,2,3,7464,8128,600,25.4,,,,0,,,,,,,,,,,,,,,,,,0,,
off,3,r5,red,sup,輔助,shiguang,,1,1,0,0,3709,10213,332,14.1,,,,0,,,,,,,,,,,,,,,,,,0,,
off,4,b1,blue,top,戰士,dadi2,,0,0,1,1,6007,18092,0,0,,,,0,,,,,,,,,,,,,,,,,,0,,
off,4,b2,blue,jungle,戰士,langwang,,0,0,6,0,5167,11039,586,24.1,,,,0,,,,,,,,,,,,,,,,,,0,,
off,4,b3,blue,mid,法師,ronghuo,,0,0,2,0,12539,12514,0,0,,,,0,,,,,,,,,,,,,,,,,,0,,
off,4,b4,blue,adc,射手,shengyan,,0,2,4,1,9374,8969,654,26.9,,,,0,,,,,,,,,,,,,,,,,,0,,
off,4,b5,blue,sup,坦克,dadi,,0,3,5,0,6484,15948,954,39.2,,,,0,,,,,,,,,,,,,,,,,,0,,
off,4,r1,red,top,戰士,dadi2,,1,6,0,0,8711,17122,1800,74,,,,0,,,,,,,,,,,,,,,,,,0,,
off,4,r2,red,jungle,戰士,langwang,,1,5,0,3,10330,11085,2191,90.1,,,,0,,,,,,,,,,,,,,,,,,0,,
off,4,r3,red,mid,法師,ronghuo,,1,1,1,1,12690,10736,300,12.3,,,,0,,,,,,,,,,,,,,,,,,0,,
off,4,r4,red,adc,射手,shengyan,,1,4,2,1,11170,8530,1200,49.4,,,,0,,,,,,,,,,,,,,,,,,0,,
off,4,r5,red,sup,坦克,dadi,,1,2,2,8,5817,13495,600,24.7,,,,0,,,,,,,,,,,,,,,,,,0,,
off,5,b1,blue,top,戰士,ronggang,,1,3,5,1,15613,29938,900,27.6,,,,0,,,,,,,,,,,,,,,,,,0,,
off,5,b2,blue,jungle,戰士,tielian,,1,2,8,1,7208,15654,1384,42.4,,,,0,,,,,,,,,,,,,,,,,,0,,
off,5,b3,blue,mid,法師,gambler,,1,3,6,4,19671,18315,928,28.4,,,,0,,,,,,,,,,,,,,,,,,0,,
off,5,b4,blue,adc,射手,mirrorshot,,1,4,6,0,18222,14749,1200,36.7,,,,0,,,,,,,,,,,,,,,,,,0,,
off,5,b5,blue,sup,輔助,mantra,,1,1,3,3,5638,17277,300,9.2,,,,0,,,,,,,,,,,,,,,,,,0,,
off,5,r1,red,top,戰士,ronggang,,0,11,2,0,22080,30045,3354,102.7,,,,0,,,,,,,,,,,,,,,,,,0,,
off,5,r2,red,jungle,戰士,tielian,,0,5,5,2,9663,17216,2701,82.7,,,,0,,,,,,,,,,,,,,,,,,0,,
off,5,r3,red,mid,法師,gambler,,0,6,1,1,20088,16588,1800,55.1,,,,0,,,,,,,,,,,,,,,,,,0,,
off,5,r4,red,adc,射手,mirrorshot,,0,4,1,3,16404,13150,1200,36.7,,,,0,,,,,,,,,,,,,,,,,,0,,
off,5,r5,red,sup,輔助,mantra,,0,2,4,5,8043,16731,600,18.4,,,,0,,,,,,,,,,,,,,,,,,0,,
off,6,b1,blue,top,戰士,jingci,,0,3,3,1,11789,27154,900,28.3,,,,0,,,,,,,,,,,,,,,,,,0,,
off,6,b2,blue,jungle,戰士,greymantle,,0,1,4,1,7973,15282,1127,35.4,,,,0,,,,,,,,,,,,,,,,,,0,,
off,6,b3,blue,mid,法師,ronghuo,,0,4,3,0,20462,16814,1200,37.7,,,,0,,,,,,,,,,,,,,,,,,0,,
off,6,b4,blue,adc,射手,hanbing,,0,4,5,2,17676,13639,1254,39.4,,,,0,,,,,,,,,,,,,,,,,,0,,
off,6,b5,blue,sup,輔助,xuemai,,0,2,2,4,8866,18356,628,19.7,,,,0,,,,,,,,,,,,,,,,,,0,,
off,6,r1,red,top,戰士,jingci,,1,3,1,0,11691,26725,900,28.3,,,,0,,,,,,,,,,,,,,,,,,0,,
off,6,r2,red,jungle,戰士,greymantle,,1,3,5,1,10613,15566,2084,65.4,,,,0,,,,,,,,,,,,,,,,,,0,,
off,6,r3,red,mid,法師,ronghuo,,1,4,2,3,23618,16238,1200,37.7,,,,0,,,,,,,,,,,,,,,,,,0,,
off,6,r4,red,adc,射手,hanbing,,1,6,4,2,19565,14586,1800,56.5,,,,0,,,,,,,,,,,,,,,,,,0,,
off,6,r5,red,sup,輔助,xuemai,,1,1,2,5,9660,16440,300,9.4,,,,0,,,,,,,,,,,,,,,,,,0,,
off,7,b1,blue,top,戰士,longyi,,1,0,3,0,6370,20326,0,0,,,,0,,,,,,,,,,,,,,,,,,0,,
off,7,b2,blue,jungle,刺客,jingxiang,,1,2,6,0,7037,11600,1375,51.4,,,,0,,,,,,,,,,,,,,,,,,0,,
off,7,b3,blue,mid,法師,haixiao,,1,3,1,0,14606,14571,900,33.7,,,,0,,,,,,,,,,,,,,,,,,0,,
off,7,b4,blue,adc,射手,xuanfeng,,1,2,3,2,16286,11274,600,22.4,,,,0,,,,,,,,,,,,,,,,,,0,,
off,7,b5,blue,sup,坦克,longji,,1,0,4,0,5632,17052,54,2,,,,0,,,,,,,,,,,,,,,,,,0,,
off,7,r1,red,top,戰士,longyi,,0,0,1,1,6909,19030,0,0,,,,0,,,,,,,,,,,,,,,,,,0,,
off,7,r2,red,jungle,刺客,jingxiang,,0,7,1,2,7468,12637,3034,113.5,,,,0,,,,,,,,,,,,,,,,,,0,,
off,7,r3,red,mid,法師,haixiao,,0,5,3,0,14409,15360,1554,58.1,,,,0,,,,,,,,,,,,,,,,,,0,,
off,7,r4,red,adc,射手,xuanfeng,,0,3,2,4,13649,9355,900,33.7,,,,0,,,,,,,,,,,,,,,,,,0,,
off,7,r5,red,sup,坦克,longji,,0,2,0,1,6505,17007,654,24.5,,,,0,,,,,,,,,,,,,,,,,,0,,
off,8,b1,blue,top,戰士,chichuan,,1,4,1,1,9891,17775,1200,48.2,,,,0,,,,,,,,,,,,,,,,,,0,,
off,8,b2,blue,jungle,刺客,guihuo,,1,1,3,3,6752,9958,887,35.6,,,,0,,,,,,,,,,,,,,,,,,0,,
off,8,b3,blue,mid,法師,leiming,,1,2,2,1,12800,13074,600,24.1,,,,0,,,,,,,,,,,,,,,,,,0,,
off,8,b4,blue,adc,射手,dawnstrike,,1,5,2,0,10318,10373,1500,60.2,,,,0,,,,,,,,,,,,,,,,,,0,,
off,8,b5,blue,sup,坦克,thornwall,,1,3,1,0,5894,15082,900,36.1,,,,0,,,,,,,,,,,,,,,,,,0,,
off,8,r1,red,top,戰士,chichuan,,0,2,2,1,7489,19156,600,24.1,,,,0,,,,,,,,,,,,,,,,,,0,,
off,8,r2,red,jungle,刺客,guihuo,,0,3,3,0,10018,12968,1588,63.7,,,,0,,,,,,,,,,,,,,,,,,0,,
off,8,r3,red,mid,法師,leiming,,0,2,3,0,8246,11777,600,24.1,,,,0,,,,,,,,,,,,,,,,,,0,,
off,8,r4,red,adc,射手,dawnstrike,,0,2,3,0,13034,10545,600,24.1,,,,0,,,,,,,,,,,,,,,,,,0,,
off,8,r5,red,sup,坦克,thornwall,,0,0,4,0,3875,14031,0,0,,,,0,,,,,,,,,,,,,,,,,,0,,
off,9,b1,blue,top,戰士,xueyue,,0,1,0,0,6707,14961,300,14.5,,,,0,,,,,,,,,,,,,,,,,,0,,
off,9,b2,blue,jungle,刺客,jiansheng,,0,4,0,1,3192,8155,1841,89.2,,,,0,,,,,,,,,,,,,,,,,,0,,
off,9,b3,blue,mid,法師,haixiao,,0,1,1,1,7932,9705,300,14.5,,,,0,,,,,,,,,,,,,,,,,,0,,
off,9,b4,blue,adc,射手,yanfeng,,0,2,2,1,5842,7487,600,29.1,,,,0,,,,,,,,,,,,,,,,,,0,,
off,9,b5,blue,sup,輔助,shengming,,0,2,3,0,2584,9051,600,29.1,,,,0,,,,,,,,,,,,,,,,,,0,,
off,9,r1,red,top,戰士,xueyue,,1,4,4,0,6924,14776,1200,58.1,,,,0,,,,,,,,,,,,,,,,,,0,,
off,9,r2,red,jungle,刺客,jiansheng,,1,0,0,1,3614,7280,857,41.5,,,,0,,,,,,,,,,,,,,,,,,0,,
off,9,r3,red,mid,法師,haixiao,,1,1,2,0,8048,9331,300,14.5,,,,0,,,,,,,,,,,,,,,,,,0,,
off,9,r4,red,adc,射手,yanfeng,,1,1,4,0,6089,7355,300,14.5,,,,0,,,,,,,,,,,,,,,,,,0,,
off,9,r5,red,sup,輔助,shengming,,1,0,0,1,3285,9919,0,0,,,,0,,,,,,,,,,,,,,,,,,0,,
off,10,b1,blue,top,戰士,langwang,,1,3,1,0,5694,17201,900,38.9,,,,0,,,,,,,,,,,,,,,,,,0,,
off,10,b2,blue,jungle,刺客,youming,,1,1,4,1,5070,9830,950,41,,,,0,,,,,,,,,,,,,,,,,,0,,
off,10,b3,blue,mid,法師,leiming,,1,1,1,1,11863,11999,300,13,,,,0,,,,,,,,,,,,,,,,,,0,,
off,10,b4,blue,adc,射手,siwang,,1,2,5,0,11957,9741,618,26.7,,,,0,,,,,,,,,,,,,,,,,,0,,
off,10,b5,blue,sup,坦克,tiemu,,1,0,4,2,3666,13975,54,2.3,,,,0,,,,,,,,,,,,,,,,,,0,,
off,10,r1,red,top,戰士,langwang,,0,5,2,1,8988,17066,1500,64.8,,,,0,,,,,,,,,,,,,,,,,,0,,
off,10,r2,red,jungle,刺客,youming,,0,3,1,1,5279,8990,1637,70.7,,,,0,,,,,,,,,,,,,,,,,,0,,
off,10,r3,red,mid,法師,leiming,,0,3,1,0,11234,10513,900,38.9,,,,0,,,,,,,,,,,,,,,,,,0,,
off,10,r4,red,adc,射手,siwang,,0,0,1,4,12322,9011,0,0,,,,0,,,,,,,,,,,,,,,,,,0,,
off,10,r5,red,sup,坦克,tiemu,,0,4,2,5,4681,15283,1200,51.8,,,,0,,,,,,,,,,,,,,,,,,0,,
off,11,b1,blue,top,戰士,rongyan,,0,2,3,2,9443,21888,600,23.2,,,,0,,,,,,,,,,,,,,,,,,0,,
off,11,b2,blue,jungle,刺客,yueying,,0,0,3,0,7133,13111,649,25,,,,0,,,,,,,,,,,,,,,,,,0,,
off,11,b3,blue,mid,法師,haixiao,,0,2,2,0,11504,14470,600,23.2,,,,0,,,,,,,,,,,,,,,,,,0,,
off,11,b4,blue,adc,射手,maestro,,0,1,2,1,7379,10019,300,11.6,,,,0,,,,,,,,,,,,,,,,,,0,,
off,11,b5,blue,sup,坦克,suishan,,0,2,4,0,4988,15693,600,23.2,,,,0,,,,,,,,,,,,,,,,,,0,,
off,11,r1,red,top,戰士,rongyan,,1,7,0,2,13659,17890,2100,81.1,,,,0,,,,,,,,,,,,,,,,,,0,,
off,11,r2,red,jungle,刺客,yueying,,1,2,1,2,8995,11291,1561,60.3,,,,0,,,,,,,,,,,,,,,,,,0,,
off,11,r3,red,mid,法師,haixiao,,1,0,1,4,11654,11155,0,0,,,,0,,,,,,,,,,,,,,,,,,0,,
off,11,r4,red,adc,射手,maestro,,1,4,2,0,15817,10415,1200,46.3,,,,0,,,,,,,,,,,,,,,,,,0,,
off,11,r5,red,sup,坦克,suishan,,1,1,3,1,5601,13484,300,11.6,,,,0,,,,,,,,,,,,,,,,,,0,,
off,12,b1,blue,top,戰士,embercoil,,0,1,0,0,8020,16640,300,12.2,,,,0,,,,,,,,,,,,,,,,,,0,,
off,12,b2,blue,jungle,刺客,yeiren,,0,0,3,0,6705,12061,577,23.5,,,,0,,,,,,,,,,,,,,,,,,0,,
off,12,b3,blue,mid,法師,leiming,,0,0,2,1,11649,12245,0,0,,,,0,,,,,,,,,,,,,,,,,,0,,
off,12,b4,blue,adc,射手,liuxing,,0,2,4,1,6834,9121,600,24.4,,,,0,,,,,,,,,,,,,,,,,,0,,
off,12,b5,blue,sup,輔助,mingyunyindao,,0,1,2,0,4227,11234,354,14.4,,,,0,,,,,,,,,,,,,,,,,,0,,
off,12,r1,red,top,戰士,embercoil,,1,3,1,0,9378,15855,900,36.6,,,,0,,,,,,,,,,,,,,,,,,0,,
off,12,r2,red,jungle,刺客,yeiren,,1,3,1,1,7751,10952,1646,66.9,,,,0,,,,,,,,,,,,,,,,,,0,,
off,12,r3,red,mid,法師,leiming,,1,2,1,2,11416,11150,600,24.4,,,,0,,,,,,,,,,,,,,,,,,0,,
off,12,r4,red,adc,射手,liuxing,,1,0,1,2,10971,8386,0,0,,,,0,,,,,,,,,,,,,,,,,,0,,
off,12,r5,red,sup,輔助,mingyunyindao,,1,3,0,2,3297,9985,900,36.6,,,,0,,,,,,,,,,,,,,,,,,0,,
off,13,b1,blue,top,坦克,ironclad,,0,1,1,0,4941,15221,328,14.5,,,,0,,,,,,,,,,,,,,,,,,0,,
off,13,b2,blue,jungle,刺客,sting,,0,0,1,0,4836,10468,622,27.5,,,,0,,,,,,,,,,,,,,,,,,0,,
off,13,b3,blue,mid,法師,mingyun2,,0,0,4,0,8835,11516,0,0,,,,0,,,,,,,,,,,,,,,,,,0,,
off,13,b4,blue,adc,射手,shensheng,,0,2,4,0,6292,8600,600,26.5,,,,0,,,,,,,,,,,,,,,,,,0,,
off,13,b5,blue,sup,輔助,mingyun,,0,0,4,0,3230,11065,28,1.2,,,,0,,,,,,,,,,,,,,,,,,0,,
off,13,r1,red,top,坦克,ironclad,,1,7,0,0,8587,15342,2100,92.8,,,,0,,,,,,,,,,,,,,,,,,0,,
off,13,r2,red,jungle,刺客,sting,,1,2,1,1,5179,9366,1463,64.7,,,,0,,,,,,,,,,,,,,,,,,0,,
off,13,r3,red,mid,法師,mingyun2,,1,2,1,2,9061,10181,600,26.5,,,,0,,,,,,,,,,,,,,,,,,0,,
off,13,r4,red,adc,射手,shensheng,,1,1,0,2,11448,6443,300,13.3,,,,0,,,,,,,,,,,,,,,,,,0,,
off,13,r5,red,sup,輔助,mingyun,,1,2,1,0,4178,8222,600,26.5,,,,0,,,,,,,,,,,,,,,,,,0,,
off,14,b1,blue,top,坦克,tieshixin,,1,1,6,1,11856,33921,300,7.7,,,,0,,,,,,,,,,,,,,,,,,0,,
off,14,b2,blue,jungle,刺客,binghe,,1,6,9,1,17864,20185,2815,71.9,,,,0,,,,,,,,,,,,,,,,,,0,,
off,14,b3,blue,mid,法師,bingshuang,,1,9,7,2,32423,21725,2754,70.3,,,,0,,,,,,,,,,,,,,,,,,0,,
off,14,b4,blue,adc,射手,mori,,1,15,3,2,37343,20662,4500,114.9,,,,0,,,,,,,,,,,,,,,,,,0,,
off,14,b5,blue,sup,坦克,tixue,,1,2,8,0,10340,26643,600,15.3,,,,0,,,,,,,,,,,,,,,,,,0,,
off,14,r1,red,top,坦克,tieshixin,,0,12,3,1,21204,40663,3654,93.3,,,,0,,,,,,,,,,,,,,,,,,0,,
off,14,r2,red,jungle,刺客,binghe,,0,6,3,2,15873,21850,3079,78.6,,,,0,,,,,,,,,,,,,,,,,,0,,
off,14,r3,red,mid,法師,bingshuang,,0,7,8,1,25080,24564,2100,53.6,,,,0,,,,,,,,,,,,,,,,,,0,,
off,14,r4,red,adc,射手,mori,,0,7,10,4,27187,18568,2100,53.6,,,,0,,,,,,,,,,,,,,,,,,0,,
off,14,r5,red,sup,坦克,tixue,,0,1,9,4,10140,29653,300,7.7,,,,0,,,,,,,,,,,,,,,,,,0,,
off,15,b1,blue,top,坦克,bingshouweis,,0,2,1,0,9098,16684,600,26.2,,,,0,,,,,,,,,,,,,,,,,,0,,
off,15,b2,blue,jungle,刺客,shanying,,0,2,1,0,5108,10613,1140,49.9,,,,0,,,,,,,,,,,,,,,,,,0,,
off,15,b3,blue,mid,法師,mingyun2,,0,2,2,1,11339,12557,600,26.2,,,,0,,,,,,,,,,,,,,,,,,0,,
off,15,b4,blue,adc,射手,leiting,,0,0,2,1,6988,8463,0,0,,,,0,,,,,,,,,,,,,,,,,,0,,
off,15,b5,blue,sup,輔助,linghun,,0,1,1,0,3470,11355,300,13.1,,,,0,,,,,,,,,,,,,,,,,,0,,
off,15,r1,red,top,坦克,bingshouweis,,1,3,2,0,7930,14467,900,39.4,,,,0,,,,,,,,,,,,,,,,,,0,,
off,15,r2,red,jungle,刺客,shanying,,1,2,0,1,6103,10275,1548,67.7,,,,0,,,,,,,,,,,,,,,,,,0,,
off,15,r3,red,mid,法師,mingyun2,,1,1,0,2,12414,10386,300,13.1,,,,0,,,,,,,,,,,,,,,,,,0,,
off,15,r4,red,adc,射手,leiting,,1,1,3,0,7844,8402,300,13.1,,,,0,,,,,,,,,,,,,,,,,,0,,
off,15,r5,red,sup,輔助,linghun,,1,0,2,1,4638,11924,0,0,,,,0,,,,,,,,,,,,,,,,,,0,,
off,16,b1,blue,top,坦克,tiebi,,0,4,4,0,13296,28981,1200,35.7,,,,0,,,,,,,,,,,,,,,,,,0,,
off,16,b2,blue,jungle,刺客,dianguang,,0,2,4,1,11474,16889,1367,40.7,,,,0,,,,,,,,,,,,,,,,,,0,,
off,16,b3,blue,mid,法師,bingshuang,,0,4,4,1,18892,17281,1200,35.7,,,,0,,,,,,,,,,,,,,,,,,0,,
off,16,b4,blue,adc,射手,liangzi,,0,4,4,1,21227,14884,1218,36.3,,,,0,,,,,,,,,,,,,,,,,,0,,
off,16,b5,blue,sup,輔助,huanjing,,0,4,6,2,7424,17008,1200,35.7,,,,0,,,,,,,,,,,,,,,,,,0,,
off,16,r1,red,top,坦克,tiebi,,1,7,3,0,17847,31107,2118,63,,,,0,,,,,,,,,,,,,,,,,,0,,
off,16,r2,red,jungle,刺客,dianguang,,1,6,3,1,9319,17417,3010,89.6,,,,0,,,,,,,,,,,,,,,,,,0,,
off,16,r3,red,mid,法師,bingshuang,,1,1,3,4,19544,20306,354,10.5,,,,0,,,,,,,,,,,,,,,,,,0,,
off,16,r4,red,adc,射手,liangzi,,1,4,4,2,15149,13948,1228,36.5,,,,0,,,,,,,,,,,,,,,,,,0,,
off,16,r5,red,sup,輔助,huanjing,,1,4,5,2,8465,18278,1200,35.7,,,,0,,,,,,,,,,,,,,,,,,0,,
off,17,b1,blue,top,坦克,shengdun,,0,0,8,0,6532,20494,0,0,,,,0,,,,,,,,,,,,,,,,,,0,,
off,17,b2,blue,jungle,戰士,tielian,,0,1,3,0,7611,13067,976,37.7,,,,0,,,,,,,,,,,,,,,,,,0,,
off,17,b3,blue,mid,法師,mingyun2,,0,0,5,0,11735,13960,0,0,,,,0,,,,,,,,,,,,,,,,,,0,,
off,17,b4,blue,adc,射手,shengyan,,0,0,2,0,6886,9971,0,0,,,,0,,,,,,,,,,,,,,,,,,0,,
off,17,b5,blue,sup,坦克,dadi,,0,1,6,0,3928,16431,300,11.6,,,,0,,,,,,,,,,,,,,,,,,0,,
off,17,r1,red,top,坦克,shengdun,,1,15,0,1,11421,18629,4500,174,,,,0,,,,,,,,,,,,,,,,,,0,,
off,17,r2,red,jungle,戰士,tielian,,1,2,0,5,8698,11282,1726,66.7,,,,0,,,,,,,,,,,,,,,,,,0,,
off,17,r3,red,mid,法師,mingyun2,,1,2,0,6,12117,11663,600,23.2,,,,0,,,,,,,,,,,,,,,,,,0,,
off,17,r4,red,adc,射手,shengyan,,1,1,1,5,16082,8547,300,11.6,,,,0,,,,,,,,,,,,,,,,,,0,,
off,17,r5,red,sup,坦克,dadi,,1,4,1,1,4820,13473,1200,46.4,,,,0,,,,,,,,,,,,,,,,,,0,,
off,18,b1,blue,top,坦克,shiqiang,,0,1,1,0,4378,13934,300,14.8,,,,0,,,,,,,,,,,,,,,,,,0,,
off,18,b2,blue,jungle,戰士,greymantle,,0,0,4,1,4027,9132,568,28.1,,,,0,,,,,,,,,,,,,,,,,,0,,
off,18,b3,blue,mid,法師,bingshuang,,0,0,3,1,7415,9859,0,0,,,,0,,,,,,,,,,,,,,,,,,0,,
off,18,b4,blue,adc,射手,mirrorshot,,0,0,4,0,6585,6584,0,0,,,,0,,,,,,,,,,,,,,,,,,0,,
off,18,b5,blue,sup,坦克,ironclad,,0,2,4,1,4516,12474,654,32.3,,,,0,,,,,,,,,,,,,,,,,,0,,
off,18,r1,red,top,坦克,shiqiang,,1,5,1,1,5694,12395,1500,74.1,,,,0,,,,,,,,,,,,,,,,,,0,,
off,18,r2,red,jungle,戰士,greymantle,,1,5,0,3,5443,7221,2127,105.1,,,,0,,,,,,,,,,,,,,,,,,0,,
off,18,r3,red,mid,法師,bingshuang,,1,0,1,0,5474,7868,0,0,,,,0,,,,,,,,,,,,,,,,,,0,,
off,18,r4,red,adc,射手,mirrorshot,,1,2,1,4,12623,6798,600,29.7,,,,0,,,,,,,,,,,,,,,,,,0,,
off,18,r5,red,sup,坦克,ironclad,,1,4,0,0,4740,10745,1254,62,,,,0,,,,,,,,,,,,,,,,,,0,,
off,19,b1,blue,top,坦克,tiemu,,1,2,5,1,15146,30139,600,17.3,,,,0,,,,,,,,,,,,,,,,,,0,,
off,19,b2,blue,jungle,戰士,chichuan,,1,6,4,2,9650,14819,2611,75.3,,,,0,,,,,,,,,,,,,,,,,,0,,
off,19,b3,blue,mid,法師,lieyan,,1,10,3,3,22686,20190,3000,86.5,,,,0,,,,,,,,,,,,,,,,,,0,,
off,19,b4,blue,adc,射手,hanbing,,1,11,5,4,20567,14950,3300,95.2,,,,0,,,,,,,,,,,,,,,,,,0,,
off,19,b5,blue,sup,輔助,xuemai,,1,1,2,5,9760,17719,300,8.7,,,,0,,,,,,,,,,,,,,,,,,0,,
off,19,r1,red,top,坦克,tiemu,,0,4,3,2,11904,28156,1326,38.3,,,,0,,,,,,,,,,,,,,,,,,0,,
off,19,r2,red,jungle,戰士,chichuan,,0,6,6,0,11980,19329,2997,86.5,,,,0,,,,,,,,,,,,,,,,,,0,,
off,19,r3,red,mid,法師,lieyan,,0,7,6,3,18306,20538,2146,61.9,,,,0,,,,,,,,,,,,,,,,,,0,,
off,19,r4,red,adc,射手,hanbing,,0,2,11,1,22385,17895,600,17.3,,,,0,,,,,,,,,,,,,,,,,,0,,
off,19,r5,red,sup,輔助,xuemai,,0,0,4,5,9368,18009,0,0,,,,0,,,,,,,,,,,,,,,,,,0,,
off,20,b1,blue,top,坦克,longji,,0,2,4,1,10321,20686,600,23.7,,,,0,,,,,,,,,,,,,,,,,,0,,
off,20,b2,blue,jungle,戰士,dadi2,,0,1,6,0,6794,12161,895,35.3,,,,0,,,,,,,,,,,,,,,,,,0,,
off,20,b3,blue,mid,法師,shikong,,0,2,3,0,11134,13630,600,23.7,,,,0,,,,,,,,,,,,,,,,,,0,,
off,20,b4,blue,adc,射手,tianfa,,0,0,3,2,7734,8971,0,0,,,,0,,,,,,,,,,,,,,,,,,0,,
off,20,b5,blue,sup,坦克,tiemu,,0,1,4,0,4373,15666,318,12.5,,,,0,,,,,,,,,,,,,,,,,,0,,
off,20,r1,red,top,坦克,longji,,1,6,1,1,11918,18082,1800,71,,,,0,,,,,,,,,,,,,,,,,,0,,
off,20,r2,red,jungle,戰士,dadi2,,1,8,0,2,8755,10711,3442,135.7,,,,0,,,,,,,,,,,,,,,,,,0,,
off,20,r3,red,mid,法師,shikong,,1,2,1,4,14929,11427,600,23.7,,,,0,,,,,,,,,,,,,,,,,,0,,
off,20,r4,red,adc,射手,tianfa,,1,2,2,2,12247,8751,600,23.7,,,,0,,,,,,,,,,,,,,,,,,0,,
off,20,r5,red,sup,坦克,tiemu,,1,2,2,3,6291,13301,600,23.7,,,,0,,,,,,,,,,,,,,,,,,0,,
off,21,b1,blue,top,坦克,tixue,,0,0,0,0,10480,16538,0,0,,,,0,,,,,,,,,,,,,,,,,,0,,
off,21,b2,blue,jungle,戰士,fengbao,,0,2,2,0,5509,10532,1249,50.8,,,,0,,,,,,,,,,,,,,,,,,0,,
off,21,b3,blue,mid,法師,lieyan,,0,3,1,0,9785,13326,900,36.6,,,,0,,,,,,,,,,,,,,,,,,0,,
off,21,b4,blue,adc,射手,dawnstrike,,0,0,4,1,11228,9803,0,0,,,,0,,,,,,,,,,,,,,,,,,0,,
off,21,b5,blue,sup,坦克,stoneguard,,0,0,4,0,3253,15716,54,2.2,,,,0,,,,,,,,,,,,,,,,,,0,,
off,21,r1,red,top,坦克,tixue,,1,3,0,1,10564,18384,900,36.6,,,,0,,,,,,,,,,,,,,,,,,0,,
off,21,r2,red,jungle,戰士,fengbao,,1,2,1,2,6028,9246,1681,68.5,,,,0,,,,,,,,,,,,,,,,,,0,,
off,21,r3,red,mid,法師,lieyan,,1,3,1,0,12837,12012,900,36.6,,,,0,,,,,,,,,,,,,,,,,,0,,
off,21,r4,red,adc,射手,dawnstrike,,1,2,3,2,9274,9281,600,24.4,,,,0,,,,,,,,,,,,,,,,,,0,,
off,21,r5,red,sup,坦克,stoneguard,,1,1,0,1,5664,14949,300,12.2,,,,0,,,,,,,,,,,,,,,,,,0,,
off,22,b1,blue,top,坦克,suishan,,0,1,1,0,11427,29408,300,9.1,,,,0,,,,,,,,,,,,,,,,,,0,,
off,22,b2,blue,jungle,戰士,anliuyouXia,,0,0,2,0,5973,15774,856,26,,,,0,,,,,,,,,,,,,,,,,,0,,
off,22,b3,blue,mid,法師,shikong,,0,5,3,0,20584,17858,1500,45.6,,,,0,,,,,,,,,,,,,,,,,,0,,
off,22,b4,blue,adc,射手,yanfeng,,0,9,3,2,23653,15006,2700,82,,,,0,,,,,,,,,,,,,,,,,,0,,
off,22,b5,blue,sup,輔助,shengming,,0,0,4,2,8474,17283,28,0.8,,,,0,,,,,,,,,,,,,,,,,,0,,
off,22,r1,red,top,坦克,suishan,,1,4,0,2,17688,29431,1200,36.5,,,,0,,,,,,,,,,,,,,,,,,0,,
off,22,r2,red,jungle,戰士,anliuyouXia,,1,6,3,1,9226,16196,3145,95.6,,,,0,,,,,,,,,,,,,,,,,,0,,
off,22,r3,red,mid,法師,shikong,,1,2,3,2,18115,17248,600,18.2,,,,0,,,,,,,,,,,,,,,,,,0,,
off,22,r4,red,adc,射手,yanfeng,,1,0,7,0,15822,14321,0,0,,,,0,,,,,,,,,,,,,,,,,,0,,
off,22,r5,red,sup,輔助,shengming,,1,1,2,3,9953,16458,300,9.1,,,,0,,,,,,,,,,,,,,,,,,0,,
off,23,b1,blue,top,坦克,thornwall,,0,2,2,0,8888,18588,600,24.6,,,,0,,,,,,,,,,,,,,,,,,0,,
off,23,b2,blue,jungle,戰士,embercoil,,0,0,2,0,5287,11756,883,36.2,,,,0,,,,,,,,,,,,,,,,,,0,,
off,23,b3,blue,mid,法師,lieyan,,0,1,3,0,11686,12987,300,12.3,,,,0,,,,,,,,,,,,,,,,,,0,,
off,23,b4,blue,adc,射手,siwang,,0,0,3,0,9542,9322,0,0,,,,0,,,,,,,,,,,,,,,,,,0,,
off,23,b5,blue,sup,輔助,mingyun,,0,0,4,1,4971,12069,28,1.1,,,,0,,,,,,,,,,,,,,,,,,0,,
off,23,r1,red,top,坦克,thornwall,,1,9,0,2,16519,20130,2700,110.7,,,,0,,,,,,,,,,,,,,,,,,0,,
off,23,r2,red,jungle,戰士,embercoil,,1,1,3,2,5218,9794,981,40.2,,,,0,,,,,,,,,,,,,,,,,,0,,
off,23,r3,red,mid,法師,lieyan,,1,1,0,2,11847,11385,300,12.3,,,,0,,,,,,,,,,,,,,,,,,0,,
off,23,r4,red,adc,射手,siwang,,1,1,0,0,9296,8334,300,12.3,,,,0,,,,,,,,,,,,,,,,,,0,,
off,23,r5,red,sup,輔助,mingyun,,1,2,0,1,5196,9872,600,24.6,,,,0,,,,,,,,,,,,,,,,,,0,,
off,24,b1,blue,top,坦克,ironclad,,1,3,1,0,7836,17011,900,38.1,,,,0,,,,,,,,,,,,,,,,,,0,,
off,24,b2,blue,jungle,戰士,hunpo,,1,4,1,2,8139,10364,1921,81.3,,,,0,,,,,,,,,,,,,,,,,,0,,
off,24,b3,blue,mid,法師,shikong,,1,2,1,4,9295,11790,600,25.4,,,,0,,,,,,,,,,,,,,,,,,0,,
off,24,b4,blue,adc,射手,maestro,,1,2,3,2,7919,8442,600,25.4,,,,0,,,,,,,,,,,,,,,,,,0,,
off,24,b5,blue,sup,坦克,tixue,,1,3,4,1,5139,14273,900,38.1,,,,0,,,,,,,,,,,,,,,,,,0,,
off,24,r1,red,top,坦克,ironclad,,0,6,0,0,9860,16442,1800,76.2,,,,0,,,,,,,,,,,,,,,,,,0,,
off,24,r2,red,jungle,戰士,hunpo,,0,2,4,2,9091,9951,1361,57.6,,,,0,,,,,,,,,,,,,,,,,,0,,
off,24,r3,red,mid,法師,shikong,,0,0,3,1,7619,11088,0,0,,,,0,,,,,,,,,,,,,,,,,,0,,
off,24,r4,red,adc,射手,maestro,,0,1,3,0,8917,7688,300,12.7,,,,0,,,,,,,,,,,,,,,,,,0,,
off,24,r5,red,sup,坦克,tixue,,0,1,4,1,3605,12637,300,12.7,,,,0,,,,,,,,,,,,,,,,,,0,,
off,25,b1,blue,top,坦克,tieshixin,,0,1,3,1,8547,23185,328,11.2,,,,0,,,,,,,,,,,,,,,,,,0,,
off,25,b2,blue,jungle,戰士,ravager,,0,1,3,0,4552,14497,1075,36.6,,,,0,,,,,,,,,,,,,,,,,,0,,
off,25,b3,blue,mid,法師,xingjie,,0,1,3,3,14344,15827,300,10.2,,,,0,,,,,,,,,,,,,,,,,,0,,
off,25,b4,blue,adc,射手,liuxing,,0,4,8,2,9571,13943,1200,40.9,,,,0,,,,,,,,,,,,,,,,,,0,,
off,25,b5,blue,sup,輔助,mingyunyindao,,0,1,5,1,5051,15839,300,10.2,,,,0,,,,,,,,,,,,,,,,,,0,,
off,25,r1,red,top,坦克,tieshixin,,1,6,2,0,11693,22324,1800,61.3,,,,0,,,,,,,,,,,,,,,,,,0,,
off,25,r2,red,jungle,戰士,ravager,,1,2,0,3,7425,11244,1666,56.8,,,,0,,,,,,,,,,,,,,,,,,0,,
off,25,r3,red,mid,法師,xingjie,,1,7,1,2,21805,15211,2100,71.6,,,,0,,,,,,,,,,,,,,,,,,0,,
off,25,r4,red,adc,射手,liuxing,,1,5,5,2,15382,11896,1500,51.1,,,,0,,,,,,,,,,,,,,,,,,0,,
off,25,r5,red,sup,輔助,mingyunyindao,,1,2,0,1,5390,13533,600,20.4,,,,0,,,,,,,,,,,,,,,,,,0,,
off,26,b1,blue,top,坦克,tiankong,,1,4,1,0,12268,20388,1200,45.4,,,,0,,,,,,,,,,,,,,,,,,0,,
off,26,b2,blue,jungle,戰士,xueyue,,1,4,0,0,5259,9352,1786,67.5,,,,0,,,,,,,,,,,,,,,,,,0,,
off,26,b3,blue,mid,法師,auralith,,1,0,2,0,11186,12808,0,0,,,,0,,,,,,,,,,,,,,,,,,0,,
off,26,b4,blue,adc,射手,guangsu,,1,3,4,1,12084,9864,900,34,,,,0,,,,,,,,,,,,,,,,,,0,,
off,26,b5,blue,sup,輔助,shiguang,,1,0,0,1,5660,12580,0,0,,,,0,,,,,,,,,,,,,,,,,,0,,
off,26,r1,red,top,坦克,tiankong,,0,1,2,0,9354,20702,300,11.3,,,,0,,,,,,,,,,,,,,,,,,0,,
off,26,r2,red,jungle,戰士,xueyue,,0,1,1,1,5831,12527,1105,41.8,,,,0,,,,,,,,,,,,,,,,,,0,,
off,26,r3,red,mid,法師,auralith,,0,0,4,1,10072,13485,0,0,,,,0,,,,,,,,,,,,,,,,,,0,,
off,26,r4,red,adc,射手,guangsu,,0,2,3,0,10386,11639,600,22.7,,,,0,,,,,,,,,,,,,,,,,,0,,
off,26,r5,red,sup,輔助,shiguang,,0,3,1,0,7144,13452,900,34,,,,0,,,,,,,,,,,,,,,,,,0,,
off,27,b1,blue,top,坦克,tiebi,,0,0,3,1,10313,20446,0,0,,,,0,,,,,,,,,,,,,,,,,,0,,
off,27,b2,blue,jungle,戰士,ronggang,,0,2,2,0,5964,12417,1177,45.5,,,,0,,,,,,,,,,,,,,,,,,0,,
off,27,b3,blue,mid,法師,xingjie,,0,1,4,1,11664,12111,300,11.6,,,,0,,,,,,,,,,,,,,,,,,0,,
off,27,b4,blue,adc,射手,mori,,0,2,4,0,8184,9119,600,23.2,,,,0,,,,,,,,,,,,,,,,,,0,,
off,27,b5,blue,sup,坦克,tixue,,0,4,7,1,5824,17103,1200,46.3,,,,0,,,,,,,,,,,,,,,,,,0,,
off,27,r1,red,top,坦克,tiebi,,1,11,0,1,12996,19277,3336,128.8,,,,0,,,,,,,,,,,,,,,,,,0,,
off,27,r2,red,jungle,戰士,ronggang,,1,3,1,4,5420,9189,1993,76.9,,,,0,,,,,,,,,,,,,,,,,,0,,
off,27,r3,red,mid,法師,xingjie,,1,2,3,5,12667,10073,600,23.2,,,,0,,,,,,,,,,,,,,,,,,0,,
off,27,r4,red,adc,射手,mori,,1,3,3,0,14093,10345,900,34.7,,,,0,,,,,,,,,,,,,,,,,,0,,
off,27,r5,red,sup,坦克,tixue,,1,1,2,2,7474,15823,300,11.6,,,,0,,,,,,,,,,,,,,,,,,0,,
off,28,b1,blue,top,坦克,xukong,,0,1,8,0,7475,25528,300,9.7,,,,0,,,,,,,,,,,,,,,,,,0,,
off,28,b2,blue,jungle,刺客,yueying,,0,3,6,0,10364,15195,1738,56.4,,,,0,,,,,,,,,,,,,,,,,,0,,
off,28,b3,blue,mid,法師,auralith,,0,3,8,2,14914,19360,900,29.2,,,,0,,,,,,,,,,,,,,,,,,0,,
off,28,b4,blue,adc,射手,leiting,,0,4,5,0,17842,13182,1200,38.9,,,,0,,,,,,,,,,,,,,,,,,0,,
off,28,b5,blue,sup,坦克,ironclad,,0,1,7,0,6940,21160,300,9.7,,,,0,,,,,,,,,,,,,,,,,,0,,
off,28,r1,red,top,坦克,xukong,,1,11,0,1,15981,22731,3300,107,,,,0,,,,,,,,,,,,,,,,,,0,,
off,28,r2,red,jungle,刺客,yueying,,1,6,3,4,10183,14623,2881,93.4,,,,0,,,,,,,,,,,,,,,,,,0,,
off,28,r3,red,mid,法師,auralith,,1,8,2,3,18690,15904,2400,77.8,,,,0,,,,,,,,,,,,,,,,,,0,,
off,28,r4,red,adc,射手,leiting,,1,4,2,6,20526,10706,1200,38.9,,,,0,,,,,,,,,,,,,,,,,,0,,
off,28,r5,red,sup,坦克,ironclad,,1,5,5,5,8046,20035,1500,48.6,,,,0,,,,,,,,,,,,,,,,,,0,,
off,29,b1,blue,top,坦克,shiqiang,,0,0,3,0,4916,17787,0,0,,,,0,,,,,,,,,,,,,,,,,,0,,
off,29,b2,blue,jungle,刺客,leisuhunter,,0,0,5,0,5522,13255,667,26.4,,,,0,,,,,,,,,,,,,,,,,,0,,
off,29,b3,blue,mid,法師,xingjie,,0,1,0,0,11599,13317,300,11.9,,,,0,,,,,,,,,,,,,,,,,,0,,
off,29,b4,blue,adc,射手,liangzi,,0,1,5,0,10565,9595,300,11.9,,,,0,,,,,,,,,,,,,,,,,,0,,
off,29,b5,blue,sup,輔助,huanjing,,0,1,3,1,5500,12652,300,11.9,,,,0,,,,,,,,,,,,,,,,,,0,,
off,29,r1,red,top,坦克,shiqiang,,1,9,0,1,10372,19900,2700,106.8,,,,0,,,,,,,,,,,,,,,,,,0,,
off,29,r2,red,jungle,刺客,leisuhunter,,1,4,0,0,6173,9668,2111,83.5,,,,0,,,,,,,,,,,,,,,,,,0,,
off,29,r3,red,mid,法師,xingjie,,1,1,0,2,17208,12193,300,11.9,,,,0,,,,,,,,,,,,,,,,,,0,,
off,29,r4,red,adc,射手,liangzi,,1,0,2,2,8905,8138,0,0,,,,0,,,,,,,,,,,,,,,,,,0,,
off,29,r5,red,sup,輔助,huanjing,,1,2,1,2,3333,11773,600,23.7,,,,0,,,,,,,,,,,,,,,,,,0,,
off,30,b1,blue,top,坦克,tiemu,,1,6,3,1,13182,24398,1800,57,,,,0,,,,,,,,,,,,,,,,,,0,,
off,30,b2,blue,jungle,刺客,duskblade,,1,3,5,2,12018,16681,1586,50.2,,,,0,,,,,,,,,,,,,,,,,,0,,
off,30,b3,blue,mid,法師,gambler,,1,6,2,1,18676,16296,1800,57,,,,0,,,,,,,,,,,,,,,,,,0,,
off,30,b4,blue,adc,射手,shengyan,,1,6,9,2,18535,13620,1800,57,,,,0,,,,,,,,,,,,,,,,,,0,,
off,30,b5,blue,sup,坦克,dadi,,1,3,7,1,8810,21578,982,31.1,,,,0,,,,,,,,,,,,,,,,,,0,,
off,30,r1,red,top,坦克,tiemu,,0,8,3,2,17193,29137,2472,78.3,,,,0,,,,,,,,,,,,,,,,,,0,,
off,30,r2,red,jungle,刺客,duskblade,,0,6,4,2,11113,17591,2834,89.7,,,,0,,,,,,,,,,,,,,,,,,0,,
off,30,r3,red,mid,法師,gambler,,0,4,5,5,17452,17684,1200,38,,,,0,,,,,,,,,,,,,,,,,,0,,
off,30,r4,red,adc,射手,shengyan,,0,6,6,6,16800,13494,1800,57,,,,0,,,,,,,,,,,,,,,,,,0,,
off,30,r5,red,sup,坦克,dadi,,0,2,6,3,6998,21664,600,19,,,,0,,,,,,,,,,,,,,,,,,0,,
off,31,b1,blue,top,坦克,dadi,,1,3,5,0,14889,29063,928,30.5,,,,0,,,,,,,,,,,,,,,,,,0,,
off,31,b2,blue,jungle,刺客,binghe,,1,0,4,0,7443,13322,739,24.3,,,,0,,,,,,,,,,,,,,,,,,0,,
off,31,b3,blue,mid,法師,ronghuo,,1,4,3,1,17879,16903,1200,39.5,,,,0,,,,,,,,,,,,,,,,,,0,,
off,31,b4,blue,adc,射手,mirrorshot,,1,1,4,0,15464,14039,354,11.6,,,,0,,,,,,,,,,,,,,,,,,0,,
off,31,b5,blue,sup,坦克,thornwall,,1,1,7,1,5762,19261,300,9.9,,,,0,,,,,,,,,,,,,,,,,,0,,
off,31,r1,red,top,坦克,dadi,,0,9,0,3,14719,24760,2700,88.8,,,,0,,,,,,,,,,,,,,,,,,0,,
off,31,r2,red,jungle,刺客,binghe,,0,4,5,4,9191,15338,2333,76.7,,,,0,,,,,,,,,,,,,,,,,,0,,
off,31,r3,red,mid,法師,ronghuo,,0,5,2,2,23008,17516,1500,49.3,,,,0,,,,,,,,,,,,,,,,,,0,,
off,31,r4,red,adc,射手,mirrorshot,,0,1,2,4,11458,11325,300,9.9,,,,0,,,,,,,,,,,,,,,,,,0,,
off,31,r5,red,sup,坦克,thornwall,,0,4,0,5,8192,18040,1200,39.5,,,,0,,,,,,,,,,,,,,,,,,0,,
off,32,b1,blue,top,坦克,tixue,,0,0,1,0,5049,16444,0,0,,,,0,,,,,,,,,,,,,,,,,,0,,
off,32,b2,blue,jungle,刺客,jueying,,0,0,3,0,5028,10503,704,29.6,,,,0,,,,,,,,,,,,,,,,,,0,,
off,32,b3,blue,mid,法師,gambler,,0,2,1,0,11546,11669,600,25.2,,,,0,,,,,,,,,,,,,,,,,,0,,
off,32,b4,blue,adc,射手,hanbing,,0,1,4,0,7604,8753,300,12.6,,,,0,,,,,,,,,,,,,,,,,,0,,
off,32,b5,blue,sup,輔助,xuemai,,0,0,3,0,4841,10598,54,2.3,,,,0,,,,,,,,,,,,,,,,,,0,,
off,32,r1,red,top,坦克,tixue,,1,4,1,2,9825,17687,1254,52.7,,,,0,,,,,,,,,,,,,,,,,,0,,
off,32,r2,red,jungle,刺客,jueying,,1,5,1,0,7043,10368,2611,109.6,,,,0,,,,,,,,,,,,,,,,,,0,,
off,32,r3,red,mid,法師,gambler,,1,1,0,1,10328,10531,300,12.6,,,,0,,,,,,,,,,,,,,,,,,0,,
off,32,r4,red,adc,射手,hanbing,,1,2,1,1,9593,8223,600,25.2,,,,0,,,,,,,,,,,,,,,,,,0,,
off,32,r5,red,sup,輔助,xuemai,,1,0,0,0,2641,9272,0,0,,,,0,,,,,,,,,,,,,,,,,,0,,
off,33,b1,blue,top,坦克,stoneguard,,0,1,0,0,9164,16910,328,14.6,,,,0,,,,,,,,,,,,,,,,,,0,,
off,33,b2,blue,jungle,刺客,anye,,0,2,2,0,7043,10945,1258,56.2,,,,0,,,,,,,,,,,,,,,,,,0,,
off,33,b3,blue,mid,法師,ronghuo,,0,0,4,0,8700,9964,0,0,,,,0,,,,,,,,,,,,,,,,,,0,,
off,33,b4,blue,adc,射手,tianfa,,0,1,1,1,7037,8514,300,13.4,,,,0,,,,,,,,,,,,,,,,,,0,,
off,33,b5,blue,sup,輔助,fengshen,,0,0,4,1,3599,12070,0,0,,,,0,,,,,,,,,,,,,,,,,,0,,
off,33,r1,red,top,坦克,stoneguard,,1,4,0,1,8694,13533,1200,53.7,,,,0,,,,,,,,,,,,,,,,,,0,,
off,33,r2,red,jungle,刺客,anye,,1,4,2,0,5455,9363,1958,87.5,,,,0,,,,,,,,,,,,,,,,,,0,,
off,33,r3,red,mid,法師,ronghuo,,1,3,0,2,11401,9822,900,40.2,,,,0,,,,,,,,,,,,,,,,,,0,,
off,33,r4,red,adc,射手,tianfa,,1,0,0,3,10448,8165,0,0,,,,0,,,,,,,,,,,,,,,,,,0,,
off,33,r5,red,sup,輔助,fengshen,,1,0,2,2,5126,8460,0,0,,,,0,,,,,,,,,,,,,,,,,,0,,
off,34,b1,blue,top,坦克,thornwall,,1,8,2,3,15764,35730,2454,63.6,,,,0,,,,,,,,,,,,,,,,,,0,,
off,34,b2,blue,jungle,刺客,wuxing,,1,2,5,3,11468,18144,1653,42.8,,,,0,,,,,,,,,,,,,,,,,,0,,
off,34,b3,blue,mid,法師,gambler,,1,9,5,2,23503,23627,2700,69.9,,,,0,,,,,,,,,,,,,,,,,,0,,
off,34,b4,blue,adc,射手,dawnstrike,,1,12,6,1,30546,18169,3600,93.2,,,,0,,,,,,,,,,,,,,,,,,0,,
off,34,b5,blue,sup,坦克,suishan,,1,1,6,3,8325,26535,300,7.8,,,,0,,,,,,,,,,,,,,,,,,0,,
off,34,r1,red,top,坦克,thornwall,,0,11,3,0,18446,34132,3354,86.9,,,,0,,,,,,,,,,,,,,,,,,0,,
off,34,r2,red,jungle,刺客,wuxing,,0,2,5,2,11932,19040,2097,54.3,,,,0,,,,,,,,,,,,,,,,,,0,,
off,34,r3,red,mid,法師,gambler,,0,5,5,1,24985,23085,1500,38.9,,,,0,,,,,,,,,,,,,,,,,,0,,
off,34,r4,red,adc,射手,dawnstrike,,0,6,9,3,34826,17131,1800,46.6,,,,0,,,,,,,,,,,,,,,,,,0,,
off,34,r5,red,sup,坦克,suishan,,0,0,10,5,9213,26621,0,0,,,,0,,,,,,,,,,,,,,,,,,0,,
off,35,b1,blue,top,戰士,ravager,,0,0,3,1,8377,18239,0,0,,,,0,,,,,,,,,,,,,,,,,,0,,
off,35,b2,blue,jungle,刺客,voidrift,,0,1,1,0,4853,10815,795,32.3,,,,0,,,,,,,,,,,,,,,,,,0,,
off,35,b3,blue,mid,法師,ronghuo,,0,1,2,0,13228,12724,318,12.9,,,,0,,,,,,,,,,,,,,,,,,0,,
off,35,b4,blue,adc,射手,yanfeng,,0,4,1,1,8013,8276,1200,48.7,,,,0,,,,,,,,,,,,,,,,,,0,,
off,35,b5,blue,sup,輔助,shengming,,0,0,3,0,3359,11130,0,0,,,,0,,,,,,,,,,,,,,,,,,0,,
off,35,r1,red,top,戰士,ravager,,1,2,0,1,7574,16286,600,24.4,,,,0,,,,,,,,,,,,,,,,,,0,,
off,35,r2,red,jungle,刺客,voidrift,,1,2,0,0,6436,10547,1249,50.7,,,,0,,,,,,,,,,,,,,,,,,0,,
off,35,r3,red,mid,法師,ronghuo,,1,2,4,0,9824,13287,600,24.4,,,,0,,,,,,,,,,,,,,,,,,0,,
off,35,r4,red,adc,射手,yanfeng,,1,2,0,2,10722,9978,600,24.4,,,,0,,,,,,,,,,,,,,,,,,0,,
off,35,r5,red,sup,輔助,shengming,,1,2,2,1,5742,10783,600,24.4,,,,0,,,,,,,,,,,,,,,,,,0,,
off,36,b1,blue,top,戰士,dadi2,,1,1,0,0,7684,16294,300,12.1,,,,0,,,,,,,,,,,,,,,,,,0,,
off,36,b2,blue,jungle,刺客,jingxiang,,1,2,1,0,8216,11857,1168,46.9,,,,0,,,,,,,,,,,,,,,,,,0,,
off,36,b3,blue,mid,法師,haixiao,,1,2,3,0,10301,11731,654,26.3,,,,0,,,,,,,,,,,,,,,,,,0,,
off,36,b4,blue,adc,射手,siwang,,1,4,4,0,7691,9624,1200,48.2,,,,0,,,,,,,,,,,,,,,,,,0,,
off,36,b5,blue,sup,輔助,mingyun,,1,1,3,0,3436,9104,300,12.1,,,,0,,,,,,,,,,,,,,,,,,0,,
off,36,r1,red,top,戰士,dadi2,,0,3,2,1,9287,17032,900,36.2,,,,0,,,,,,,,,,,,,,,,,,0,,
off,36,r2,red,jungle,刺客,jingxiang,,0,4,0,0,8971,11843,2045,82.1,,,,0,,,,,,,,,,,,,,,,,,0,,
off,36,r3,red,mid,法師,haixiao,,0,1,3,1,10315,12075,300,12.1,,,,0,,,,,,,,,,,,,,,,,,0,,
off,36,r4,red,adc,射手,siwang,,0,3,5,0,8536,10538,900,36.2,,,,0,,,,,,,,,,,,,,,,,,0,,
off,36,r5,red,sup,輔助,mingyun,,0,0,0,1,2156,11639,0,0,,,,0,,,,,,,,,,,,,,,,,,0,,
off,37,b1,blue,top,戰士,ronggang,,0,2,7,1,17164,37108,618,15.3,,,,0,,,,,,,,,,,,,,,,,,0,,
off,37,b2,blue,jungle,刺客,guihuo,,0,4,9,1,15174,23598,2302,57.1,,,,0,,,,,,,,,,,,,,,,,,0,,
off,37,b3,blue,mid,法師,leiming,,0,2,14,2,25692,25703,600,14.9,,,,0,,,,,,,,,,,,,,,,,,0,,
off,37,b4,blue,adc,射手,maestro,,0,2,9,1,24832,18222,618,15.3,,,,0,,,,,,,,,,,,,,,,,,0,,
off,37,b5,blue,sup,坦克,suishan,,0,2,10,1,10764,31619,600,14.9,,,,0,,,,,,,,,,,,,,,,,,0,,
off,37,r1,red,top,戰士,ronggang,,1,14,3,1,27784,39882,4272,105.9,,,,0,,,,,,,,,,,,,,,,,,0,,
off,37,r2,red,jungle,刺客,guihuo,,1,7,3,3,12292,19870,3484,86.4,,,,0,,,,,,,,,,,,,,,,,,0,,
off,37,r3,red,mid,法師,leiming,,1,13,0,1,33269,23592,3900,96.7,,,,0,,,,,,,,,,,,,,,,,,0,,
off,37,r4,red,adc,射手,maestro,,1,10,3,5,31922,16793,3000,74.4,,,,0,,,,,,,,,,,,,,,,,,0,,
off,37,r5,red,sup,坦克,suishan,,1,5,3,2,9309,24372,1500,37.2,,,,0,,,,,,,,,,,,,,,,,,0,,
off,38,b1,blue,top,戰士,jingci,,0,2,2,1,10789,20204,600,23.4,,,,0,,,,,,,,,,,,,,,,,,0,,
off,38,b2,blue,jungle,戰士,fengbao,,0,3,1,0,8399,12013,1458,56.9,,,,0,,,,,,,,,,,,,,,,,,0,,
off,38,b3,blue,mid,法師,haixiao,,0,4,2,2,13930,12081,1200,46.8,,,,0,,,,,,,,,,,,,,,,,,0,,
off,38,b4,blue,adc,射手,liuxing,,0,0,5,2,10891,9843,0,0,,,,0,,,,,,,,,,,,,,,,,,0,,
off,38,b5,blue,sup,坦克,tieshixin,,0,3,3,2,5665,15021,900,35.1,,,,0,,,,,,,,,,,,,,,,,,0,,
off,38,r1,red,top,戰士,jingci,,1,9,1,0,15046,21812,2808,109.6,,,,0,,,,,,,,,,,,,,,,,,0,,
off,38,r2,red,jungle,戰士,fengbao,,1,1,2,3,8049,11677,1220,47.6,,,,0,,,,,,,,,,,,,,,,,,0,,
off,38,r3,red,mid,法師,haixiao,,1,3,4,1,13111,13500,900,35.1,,,,0,,,,,,,,,,,,,,,,,,0,,
off,38,r4,red,adc,射手,liuxing,,1,0,2,2,8749,8738,0,0,,,,0,,,,,,,,,,,,,,,,,,0,,
off,38,r5,red,sup,坦克,tieshixin,,1,0,3,2,4416,14902,54,2.1,,,,0,,,,,,,,,,,,,,,,,,0,,
off,39,b1,blue,top,戰士,longyi,,0,8,4,0,14770,33071,2400,66.8,,,,0,,,,,,,,,,,,,,,,,,0,,
off,39,b2,blue,jungle,戰士,ronggang,,0,4,5,1,11434,17321,2165,60.3,,,,0,,,,,,,,,,,,,,,,,,0,,
off,39,b3,blue,mid,法師,leiming,,0,4,6,6,26134,22682,1200,33.4,,,,0,,,,,,,,,,,,,,,,,,0,,
off,39,b4,blue,adc,射手,guangsu,,0,6,6,1,19348,16197,1800,50.1,,,,0,,,,,,,,,,,,,,,,,,0,,
off,39,b5,blue,sup,輔助,shiguang,,0,2,5,4,9259,21119,600,16.7,,,,0,,,,,,,,,,,,,,,,,,0,,
off,39,r1,red,top,戰士,longyi,,1,9,2,0,17026,29873,2754,76.7,,,,0,,,,,,,,,,,,,,,,,,0,,
off,39,r2,red,jungle,戰士,ronggang,,1,4,7,3,12815,18626,2366,65.9,,,,0,,,,,,,,,,,,,,,,,,0,,
off,39,r3,red,mid,法師,leiming,,1,10,4,1,25316,19201,3018,84,,,,0,,,,,,,,,,,,,,,,,,0,,
off,39,r4,red,adc,射手,guangsu,,1,2,8,3,21282,15925,600,16.7,,,,0,,,,,,,,,,,,,,,,,,0,,
off,39,r5,red,sup,輔助,shiguang,,1,1,3,5,11827,19225,318,8.9,,,,0,,,,,,,,,,,,,,,,,,0,,
off,40,b1,blue,top,戰士,chichuan,,0,2,1,0,10115,18378,600,24.8,,,,0,,,,,,,,,,,,,,,,,,0,,
off,40,b2,blue,jungle,戰士,kuangfeng,,0,1,1,0,6069,8945,976,40.4,,,,0,,,,,,,,,,,,,,,,,,0,,
off,40,b3,blue,mid,法師,haixiao,,0,4,1,1,9962,12362,1228,50.8,,,,0,,,,,,,,,,,,,,,,,,0,,
off,40,b4,blue,adc,射手,mori,,0,2,1,3,12895,9221,600,24.8,,,,0,,,,,,,,,,,,,,,,,,0,,
off,40,b5,blue,sup,坦克,tixue,,0,0,4,1,4614,15375,54,2.2,,,,0,,,,,,,,,,,,,,,,,,0,,
off,40,r1,red,top,戰士,chichuan,,1,1,1,0,11458,19764,300,12.4,,,,0,,,,,,,,,,,,,,,,,,0,,
off,40,r2,red,jungle,戰士,kuangfeng,,1,2,2,0,5161,9938,1357,56.2,,,,0,,,,,,,,,,,,,,,,,,0,,
off,40,r3,red,mid,法師,haixiao,,1,2,3,0,10781,13614,600,24.8,,,,0,,,,,,,,,,,,,,,,,,0,,
off,40,r4,red,adc,射手,mori,,1,1,1,2,10634,8814,300,12.4,,,,0,,,,,,,,,,,,,,,,,,0,,
off,40,r5,red,sup,坦克,tixue,,1,2,2,4,4998,16002,600,24.8,,,,0,,,,,,,,,,,,,,,,,,0,,
off,41,b1,blue,top,戰士,xueyue,,0,1,2,1,13760,21997,300,11.6,,,,0,,,,,,,,,,,,,,,,,,0,,
off,41,b2,blue,jungle,戰士,longyi,,0,1,5,1,7756,13590,1093,42.2,,,,0,,,,,,,,,,,,,,,,,,0,,
off,41,b3,blue,mid,法師,leiming,,0,0,2,1,16918,15487,0,0,,,,0,,,,,,,,,,,,,,,,,,0,,
off,41,b4,blue,adc,射手,leiting,,0,0,8,0,7398,11633,0,0,,,,0,,,,,,,,,,,,,,,,,,0,,
off,41,b5,blue,sup,坦克,ironclad,,0,4,3,0,4295,15974,1272,49.1,,,,0,,,,,,,,,,,,,,,,,,0,,
off,41,r1,red,top,戰士,xueyue,,1,8,0,1,15232,21041,2400,92.7,,,,0,,,,,,,,,,,,,,,,,,0,,
off,41,r2,red,jungle,戰士,longyi,,1,0,1,2,6372,9439,872,33.7,,,,0,,,,,,,,,,,,,,,,,,0,,
off,41,r3,red,mid,法師,leiming,,1,3,2,4,13721,12431,918,35.4,,,,0,,,,,,,,,,,,,,,,,,0,,
off,41,r4,red,adc,射手,leiting,,1,4,1,3,13522,9159,1236,47.7,,,,0,,,,,,,,,,,,,,,,,,0,,
off,41,r5,red,sup,坦克,ironclad,,1,5,2,2,7761,17450,1518,58.6,,,,0,,,,,,,,,,,,,,,,,,0,,
off,42,b1,blue,top,戰士,fengbao,,1,3,0,0,9102,19731,900,33.2,,,,0,,,,,,,,,,,,,,,,,,0,,
off,42,b2,blue,jungle,戰士,ravager,,1,4,1,1,8653,12272,1921,70.8,,,,0,,,,,,,,,,,,,,,,,,0,,
off,42,b3,blue,mid,法師,mingyun2,,1,6,2,3,14743,14106,1800,66.4,,,,0,,,,,,,,,,,,,,,,,,0,,
off,42,b4,blue,adc,射手,liangzi,,1,1,3,7,13070,10007,354,13.1,,,,0,,,,,,,,,,,,,,,,,,0,,
off,42,b5,blue,sup,輔助,huanjing,,1,2,2,4,7799,13975,618,22.8,,,,0,,,,,,,,,,,,,,,,,,0,,
off,42,r1,red,top,戰士,fengbao,,0,6,3,0,11755,22317,1800,66.4,,,,0,,,,,,,,,,,,,,,,,,0,,
off,42,r2,red,jungle,戰士,ravager,,0,1,4,1,8951,13259,1354,49.9,,,,0,,,,,,,,,,,,,,,,,,0,,
off,42,r3,red,mid,法師,mingyun2,,0,1,4,2,11954,14147,300,11.1,,,,0,,,,,,,,,,,,,,,,,,0,,
off,42,r4,red,adc,射手,liangzi,,0,0,2,1,9798,11273,0,0,,,,0,,,,,,,,,,,,,,,,,,0,,
off,42,r5,red,sup,輔助,huanjing,,0,0,3,3,6829,13740,0,0,,,,0,,,,,,,,,,,,,,,,,,0,,
off,43,b1,blue,top,戰士,rongyan,,0,0,0,0,8601,20192,0,0,,,,0,,,,,,,,,,,,,,,,,,0,,
off,43,b2,blue,jungle,戰士,dushe,,0,1,1,0,4802,10397,985,39.5,,,,0,,,,,,,,,,,,,,,,,,0,,
off,43,b3,blue,mid,法師,bingshuang,,0,1,2,0,8835,13247,300,12,,,,0,,,,,,,,,,,,,,,,,,0,,
off,43,b4,blue,adc,射手,shengyan,,0,1,3,0,6881,9873,300,12,,,,0,,,,,,,,,,,,,,,,,,0,,
off,43,b5,blue,sup,輔助,zhanchang,,0,0,2,0,4000,11588,0,0,,,,0,,,,,,,,,,,,,,,,,,0,,
off,43,r1,red,top,戰士,rongyan,,1,2,1,0,8092,17716,600,24.1,,,,0,,,,,,,,,,,,,,,,,,0,,
off,43,r2,red,jungle,戰士,dushe,,1,0,0,0,3376,8662,850,34.1,,,,0,,,,,,,,,,,,,,,,,,0,,
off,43,r3,red,mid,法師,bingshuang,,1,3,0,0,12665,12621,900,36.1,,,,0,,,,,,,,,,,,,,,,,,0,,
off,43,r4,red,adc,射手,shengyan,,1,1,1,3,13486,9055,300,12,,,,0,,,,,,,,,,,,,,,,,,0,,
off,43,r5,red,sup,輔助,zhanchang,,1,2,1,1,6096,11610,600,24.1,,,,0,,,,,,,,,,,,,,,,,,0,,
off,44,b1,blue,top,戰士,embercoil,,0,2,3,1,7485,18338,600,24.6,,,,0,,,,,,,,,,,,,,,,,,0,,
off,44,b2,blue,jungle,戰士,jufeng,,0,2,2,1,5265,12485,1132,46.5,,,,0,,,,,,,,,,,,,,,,,,0,,
off,44,b3,blue,mid,法師,mingyun2,,0,4,3,0,11407,13440,1200,49.3,,,,0,,,,,,,,,,,,,,,,,,0,,
off,44,b4,blue,adc,射手,mirrorshot,,0,3,4,1,12233,8823,900,37,,,,0,,,,,,,,,,,,,,,,,,0,,
off,44,b5,blue,sup,坦克,thornwall,,0,0,2,2,4279,14388,0,0,,,,0,,,,,,,,,,,,,,,,,,0,,
off,44,r1,red,top,戰士,embercoil,,1,8,0,0,8083,16596,2400,98.6,,,,0,,,,,,,,,,,,,,,,,,0,,
off,44,r2,red,jungle,戰士,jufeng,,1,3,5,1,6382,10397,1819,74.7,,,,0,,,,,,,,,,,,,,,,,,0,,
off,44,r3,red,mid,法師,mingyun2,,1,1,2,6,16965,10742,300,12.3,,,,0,,,,,,,,,,,,,,,,,,0,,
off,44,r4,red,adc,射手,mirrorshot,,1,1,3,3,9785,8225,300,12.3,,,,0,,,,,,,,,,,,,,,,,,0,,
off,44,r5,red,sup,坦克,thornwall,,1,1,1,8,7607,13844,300,12.3,,,,0,,,,,,,,,,,,,,,,,,0,,
off,45,b1,blue,top,戰士,cinderfist,,0,1,1,0,5319,16955,300,12.7,,,,0,,,,,,,,,,,,,,,,,,0,,
off,45,b2,blue,jungle,戰士,langwang,,0,0,3,1,2952,10359,632,26.8,,,,0,,,,,,,,,,,,,,,,,,0,,
off,45,b3,blue,mid,法師,bingshuang,,0,0,3,0,10991,12266,0,0,,,,0,,,,,,,,,,,,,,,,,,0,,
off,45,b4,blue,adc,射手,dujian,,0,1,10,0,5724,9815,300,12.7,,,,0,,,,,,,,,,,,,,,,,,0,,
off,45,b5,blue,sup,輔助,xuemai,,0,1,2,1,3144,10082,300,12.7,,,,0,,,,,,,,,,,,,,,,,,0,,
off,45,r1,red,top,戰士,cinderfist,,1,5,1,0,6388,17955,1500,63.5,,,,0,,,,,,,,,,,,,,,,,,0,,
off,45,r2,red,jungle,戰士,langwang,,1,3,1,0,5136,9674,1792,75.8,,,,0,,,,,,,,,,,,,,,,,,0,,
off,45,r3,red,mid,法師,bingshuang,,1,5,1,1,10262,11475,1500,63.5,,,,0,,,,,,,,,,,,,,,,,,0,,
off,45,r4,red,adc,射手,dujian,,1,2,0,4,9071,7393,600,25.4,,,,0,,,,,,,,,,,,,,,,,,0,,
off,45,r5,red,sup,輔助,xuemai,,1,4,0,3,4717,10480,1200,50.8,,,,0,,,,,,,,,,,,,,,,,,0,,
off,46,b1,blue,top,戰士,leimingcf,,1,3,1,1,10726,22680,900,33.1,,,,0,,,,,,,,,,,,,,,,,,0,,
off,46,b2,blue,jungle,戰士,tielian,,1,2,2,2,8190,11738,1412,52,,,,0,,,,,,,,,,,,,,,,,,0,,
off,46,b3,blue,mid,法師,mingyun2,,1,3,3,1,11642,14674,900,33.1,,,,0,,,,,,,,,,,,,,,,,,0,,
off,46,b4,blue,adc,射手,tianfa,,1,3,2,1,11370,9981,900,33.1,,,,0,,,,,,,,,,,,,,,,,,0,,
off,46,b5,blue,sup,輔助,fengshen,,1,1,5,1,5718,14890,300,11,,,,0,,,,,,,,,,,,,,,,,,0,,
off,46,r1,red,top,戰士,leimingcf,,0,2,0,2,11205,21904,600,22.1,,,,0,,,,,,,,,,,,,,,,,,0,,
off,46,r2,red,jungle,戰士,tielian,,0,6,2,1,9178,13285,2807,103.3,,,,0,,,,,,,,,,,,,,,,,,0,,
off,46,r3,red,mid,法師,mingyun2,,0,3,3,1,12972,14601,900,33.1,,,,0,,,,,,,,,,,,,,,,,,0,,
off,46,r4,red,adc,射手,tianfa,,0,2,4,5,11609,11710,600,22.1,,,,0,,,,,,,,,,,,,,,,,,0,,
off,46,r5,red,sup,輔助,fengshen,,0,0,3,3,5921,13790,0,0,,,,0,,,,,,,,,,,,,,,,,,0,,
off,47,b1,blue,top,戰士,jufeng,,0,0,2,0,4783,17121,0,0,,,,0,,,,,,,,,,,,,,,,,,0,,
off,47,b2,blue,jungle,戰士,greymantle,,0,0,4,1,6445,9798,568,24,,,,0,,,,,,,,,,,,,,,,,,0,,
off,47,b3,blue,mid,法師,bingshuang,,0,2,0,1,9664,11942,600,25.3,,,,0,,,,,,,,,,,,,,,,,,0,,
off,47,b4,blue,adc,射手,dawnstrike,,0,1,5,0,8474,9707,300,12.7,,,,0,,,,,,,,,,,,,,,,,,0,,
off,47,b5,blue,sup,坦克,stoneguard,,0,2,1,1,4998,14300,600,25.3,,,,0,,,,,,,,,,,,,,,,,,0,,
off,47,r1,red,top,戰士,jufeng,,1,2,1,0,8042,14997,600,25.3,,,,0,,,,,,,,,,,,,,,,,,0,,
off,47,r2,red,jungle,戰士,greymantle,,1,3,0,1,5596,9323,1903,80.3,,,,0,,,,,,,,,,,,,,,,,,0,,
off,47,r3,red,mid,法師,bingshuang,,1,3,2,2,9406,12069,954,40.3,,,,0,,,,,,,,,,,,,,,,,,0,,
off,47,r4,red,adc,射手,dawnstrike,,1,2,1,3,10158,8034,600,25.3,,,,0,,,,,,,,,,,,,,,,,,0,,
off,47,r5,red,sup,坦克,stoneguard,,1,2,1,2,6538,13853,600,25.3,,,,0,,,,,,,,,,,,,,,,,,0,,
off,48,b1,blue,top,戰士,anliuyouXia,,0,1,3,1,8575,23698,300,10.9,,,,0,,,,,,,,,,,,,,,,,,0,,
off,48,b2,blue,jungle,刺客,miwu,,0,2,1,0,7682,13311,1411,51.1,,,,0,,,,,,,,,,,,,,,,,,0,,
off,48,b3,blue,mid,法師,lieyan,,0,1,3,2,10789,14402,318,11.5,,,,0,,,,,,,,,,,,,,,,,,0,,
off,48,b4,blue,adc,射手,yanfeng,,0,3,5,1,10924,11296,900,32.6,,,,0,,,,,,,,,,,,,,,,,,0,,
off,48,b5,blue,sup,坦克,bingshouweis,,0,1,7,0,4483,16799,300,10.9,,,,0,,,,,,,,,,,,,,,,,,0,,
off,48,r1,red,top,戰士,anliuyouXia,,1,2,0,1,11778,20060,654,23.7,,,,0,,,,,,,,,,,,,,,,,,0,,
off,48,r2,red,jungle,刺客,miwu,,1,2,1,0,4886,9816,1621,58.7,,,,0,,,,,,,,,,,,,,,,,,0,,
off,48,r3,red,mid,法師,lieyan,,1,7,1,4,18018,13806,2100,76,,,,0,,,,,,,,,,,,,,,,,,0,,
off,48,r4,red,adc,射手,yanfeng,,1,6,3,4,19071,11174,1800,65.2,,,,0,,,,,,,,,,,,,,,,,,0,,
off,48,r5,red,sup,坦克,bingshouweis,,1,2,3,1,4074,14158,600,21.7,,,,0,,,,,,,,,,,,,,,,,,0,,
off,49,b1,blue,top,戰士,tielian,,1,2,0,0,6475,21576,600,23.9,,,,0,,,,,,,,,,,,,,,,,,0,,
off,49,b2,blue,jungle,刺客,jueying,,1,1,1,0,5172,11997,1064,42.4,,,,0,,,,,,,,,,,,,,,,,,0,,
off,49,b3,blue,mid,法師,shikong,,1,3,5,0,8792,14297,900,35.8,,,,0,,,,,,,,,,,,,,,,,,0,,
off,49,b4,blue,adc,射手,siwang,,1,0,2,1,6252,10122,0,0,,,,0,,,,,,,,,,,,,,,,,,0,,
off,49,b5,blue,sup,輔助,mingyun,,1,0,2,0,5141,13465,0,0,,,,0,,,,,,,,,,,,,,,,,,0,,
off,49,r1,red,top,戰士,tielian,,0,2,1,0,8693,16236,600,23.9,,,,0,,,,,,,,,,,,,,,,,,0,,
off,49,r2,red,jungle,刺客,jueying,,0,4,1,1,7389,10968,2188,87.1,,,,0,,,,,,,,,,,,,,,,,,0,,
off,49,r3,red,mid,法師,shikong,,0,2,1,2,16491,11723,600,23.9,,,,0,,,,,,,,,,,,,,,,,,0,,
off,49,r4,red,adc,射手,siwang,,0,1,3,2,10461,8810,354,14.1,,,,0,,,,,,,,,,,,,,,,,,0,,
off,49,r5,red,sup,輔助,mingyun,,0,1,0,1,5186,11093,300,11.9,,,,0,,,,,,,,,,,,,,,,,,0,,
off,50,b1,blue,top,戰士,longyi,,0,1,6,0,9693,22085,300,11,,,,0,,,,,,,,,,,,,,,,,,0,,
off,50,b2,blue,jungle,刺客,anye,,0,2,3,0,7615,14836,1339,48.9,,,,0,,,,,,,,,,,,,,,,,,0,,
off,50,b3,blue,mid,法師,lieyan,,0,0,6,1,15038,15455,28,1,,,,0,,,,,,,,,,,,,,,,,,0,,
off,50,b4,blue,adc,射手,maestro,,0,1,5,0,10931,10704,300,11,,,,0,,,,,,,,,,,,,,,,,,0,,
off,50,b5,blue,sup,坦克,suishan,,0,1,3,1,4892,16516,354,12.9,,,,0,,,,,,,,,,,,,,,,,,0,,
off,50,r1,red,top,戰士,longyi,,1,9,0,3,17169,21930,2700,98.6,,,,0,,,,,,,,,,,,,,,,,,0,,
off,50,r2,red,jungle,刺客,anye,,1,5,2,2,8192,12152,2413,88.2,,,,0,,,,,,,,,,,,,,,,,,0,,
off,50,r3,red,mid,法師,lieyan,,1,2,1,4,14164,11495,654,23.9,,,,0,,,,,,,,,,,,,,,,,,0,,
off,50,r4,red,adc,射手,maestro,,1,5,1,2,17918,10243,1500,54.8,,,,0,,,,,,,,,,,,,,,,,,0,,
off,50,r5,red,sup,坦克,suishan,,1,2,1,2,5819,15113,600,21.9,,,,0,,,,,,,,,,,,,,,,,,0,,
off,51,b1,blue,top,戰士,chichuan,,0,0,1,1,6836,18061,0,0,,,,0,,,,,,,,,,,,,,,,,,0,,
off,51,b2,blue,jungle,刺客,hundun,,0,0,3,1,4201,9390,926,36.9,,,,0,,,,,,,,,,,,,,,,,,0,,
off,51,b3,blue,mid,法師,shikong,,0,2,7,0,9365,13774,600,23.9,,,,0,,,,,,,,,,,,,,,,,,0,,
off,51,b4,blue,adc,射手,huanying,,0,2,3,0,8196,9769,672,26.8,,,,0,,,,,,,,,,,,,,,,,,0,,
off,51,b5,blue,sup,坦克,tieshixin,,0,2,7,0,5175,16262,618,24.6,,,,0,,,,,,,,,,,,,,,,,,0,,
off,51,r1,red,top,戰士,chichuan,,1,5,1,0,7479,16751,1500,59.7,,,,0,,,,,,,,,,,,,,,,,,0,,
off,51,r2,red,jungle,刺客,hundun,,1,6,1,5,9648,10829,2845,113.3,,,,0,,,,,,,,,,,,,,,,,,0,,
off,51,r3,red,mid,法師,shikong,,1,5,2,2,9382,12084,1500,59.7,,,,0,,,,,,,,,,,,,,,,,,0,,
off,51,r4,red,adc,射手,huanying,,1,3,2,0,15601,9521,915,36.4,,,,0,,,,,,,,,,,,,,,,,,0,,
off,51,r5,red,sup,坦克,tieshixin,,1,2,0,5,5559,13110,669,26.6,,,,0,,,,,,,,,,,,,,,,,,0,,
off,52,b1,blue,top,戰士,xueyue,,0,1,3,0,6275,18465,300,12.5,,,,0,,,,,,,,,,,,,,,,,,0,,
off,52,b2,blue,jungle,刺客,razorwing,,0,0,3,0,4978,11745,631,26.2,,,,0,,,,,,,,,,,,,,,,,,0,,
off,52,b3,blue,mid,法師,lieyan,,0,2,1,1,8705,11182,600,24.9,,,,0,,,,,,,,,,,,,,,,,,0,,
off,52,b4,blue,adc,射手,guangsu,,0,1,5,0,9174,8435,300,12.5,,,,0,,,,,,,,,,,,,,,,,,0,,
off,52,b5,blue,sup,輔助,shiguang,,0,1,4,0,4333,10927,354,14.7,,,,0,,,,,,,,,,,,,,,,,,0,,
off,52,r1,red,top,戰士,xueyue,,1,8,2,0,11886,17424,2400,99.7,,,,0,,,,,,,,,,,,,,,,,,0,,
off,52,r2,red,jungle,刺客,razorwing,,1,6,0,1,9026,11131,2528,105,,,,0,,,,,,,,,,,,,,,,,,0,,
off,52,r3,red,mid,法師,lieyan,,1,1,1,3,10110,11121,300,12.5,,,,0,,,,,,,,,,,,,,,,,,0,,
off,52,r4,red,adc,射手,guangsu,,1,1,1,2,8554,7336,300,12.5,,,,0,,,,,,,,,,,,,,,,,,0,,
off,52,r5,red,sup,輔助,shiguang,,1,0,1,4,3754,10396,0,0,,,,0,,,,,,,,,,,,,,,,,,0,,
off,53,b1,blue,top,戰士,langwang,,0,3,4,0,13059,26408,900,29.7,,,,0,,,,,,,,,,,,,,,,,,0,,
off,53,b2,blue,jungle,刺客,jingxiang,,0,1,5,0,5944,13352,1103,36.3,,,,0,,,,,,,,,,,,,,,,,,0,,
off,53,b3,blue,mid,法師,auralith,,0,3,3,2,15877,16340,928,30.6,,,,0,,,,,,,,,,,,,,,,,,0,,
off,53,b4,blue,adc,射手,mori,,0,2,9,3,14357,12952,600,19.8,,,,0,,,,,,,,,,,,,,,,,,0,,
off,53,b5,blue,sup,輔助,fuwenbianzhi,,0,3,4,1,9078,16397,900,29.7,,,,0,,,,,,,,,,,,,,,,,,0,,
off,53,r1,red,top,戰士,langwang,,1,12,1,1,15878,24965,3600,118.6,,,,0,,,,,,,,,,,,,,,,,,0,,
off,53,r2,red,jungle,刺客,jingxiang,,1,4,3,1,11346,16033,2187,72.1,,,,0,,,,,,,,,,,,,,,,,,0,,
off,53,r3,red,mid,法師,auralith,,1,3,2,0,16681,16316,900,29.7,,,,0,,,,,,,,,,,,,,,,,,0,,
off,53,r4,red,adc,射手,mori,,1,4,4,0,11271,11430,1200,39.5,,,,0,,,,,,,,,,,,,,,,,,0,,
off,53,r5,red,sup,輔助,fuwenbianzhi,,1,2,2,5,7603,14948,600,19.8,,,,0,,,,,,,,,,,,,,,,,,0,,
off,54,b1,blue,top,戰士,kuangfeng,,0,0,2,1,10687,17462,0,0,,,,0,,,,,,,,,,,,,,,,,,0,,
off,54,b2,blue,jungle,刺客,sting,,0,2,0,1,3855,9252,1194,50.6,,,,0,,,,,,,,,,,,,,,,,,0,,
off,54,b3,blue,mid,法師,xingjie,,0,3,1,0,10682,11595,900,38.1,,,,0,,,,,,,,,,,,,,,,,,0,,
off,54,b4,blue,adc,射手,leiting,,0,3,3,0,8904,9412,900,38.1,,,,0,,,,,,,,,,,,,,,,,,0,,
off,54,b5,blue,sup,坦克,ironclad,,0,1,4,1,4293,14074,300,12.7,,,,0,,,,,,,,,,,,,,,,,,0,,
off,54,r1,red,top,戰士,kuangfeng,,1,3,0,0,10785,20067,900,38.1,,,,0,,,,,,,,,,,,,,,,,,0,,
off,54,r2,red,jungle,刺客,sting,,1,4,1,1,6178,8961,2201,93.2,,,,0,,,,,,,,,,,,,,,,,,0,,
off,54,r3,red,mid,法師,xingjie,,1,1,2,1,10547,11072,300,12.7,,,,0,,,,,,,,,,,,,,,,,,0,,
off,54,r4,red,adc,射手,leiting,,1,2,3,3,9598,8207,600,25.4,,,,0,,,,,,,,,,,,,,,,,,0,,
off,54,r5,red,sup,坦克,ironclad,,1,0,3,3,4170,13428,0,0,,,,0,,,,,,,,,,,,,,,,,,0,,
off,55,b1,blue,top,戰士,greymantle,,1,7,2,0,13936,31547,2118,62.6,,,,0,,,,,,,,,,,,,,,,,,0,,
off,55,b2,blue,jungle,刺客,yingsi,,1,1,4,1,5989,15998,1382,40.8,,,,0,,,,,,,,,,,,,,,,,,0,,
off,55,b3,blue,mid,法師,auralith,,1,3,7,2,19027,19346,900,26.6,,,,0,,,,,,,,,,,,,,,,,,0,,
off,55,b4,blue,adc,射手,liangzi,,1,1,3,0,20039,14046,300,8.9,,,,0,,,,,,,,,,,,,,,,,,0,,
off,55,b5,blue,sup,輔助,huanjing,,1,2,4,0,11568,20663,600,17.7,,,,0,,,,,,,,,,,,,,,,,,0,,
off,55,r1,red,top,戰士,greymantle,,0,9,2,0,12703,29461,2700,79.8,,,,0,,,,,,,,,,,,,,,,,,0,,
off,55,r2,red,jungle,刺客,yingsi,,0,4,3,1,11327,19233,2458,72.6,,,,0,,,,,,,,,,,,,,,,,,0,,
off,55,r3,red,mid,法師,auralith,,0,3,2,2,23511,17660,954,28.2,,,,0,,,,,,,,,,,,,,,,,,0,,
off,55,r4,red,adc,射手,liangzi,,0,3,5,3,22322,14793,900,26.6,,,,0,,,,,,,,,,,,,,,,,,0,,
off,55,r5,red,sup,輔助,huanjing,,0,1,2,5,8535,16545,408,12.1,,,,0,,,,,,,,,,,,,,,,,,0,,
off,56,b1,blue,top,戰士,ravager,,0,2,3,0,6872,19526,600,26.4,,,,0,,,,,,,,,,,,,,,,,,0,,
off,56,b2,blue,jungle,刺客,youming,,0,0,0,0,3731,9388,604,26.6,,,,0,,,,,,,,,,,,,,,,,,0,,
off,56,b3,blue,mid,法師,xingjie,,0,0,1,1,11974,11880,0,0,,,,0,,,,,,,,,,,,,,,,,,0,,
off,56,b4,blue,adc,射手,shengyan,,0,0,5,0,7137,8270,18,0.8,,,,0,,,,,,,,,,,,,,,,,,0,,
off,56,b5,blue,sup,輔助,zhanchang,,0,0,1,0,3780,11952,0,0,,,,0,,,,,,,,,,,,,,,,,,0,,
off,56,r1,red,top,戰士,ravager,,1,4,0,0,10658,18127,1200,52.9,,,,0,,,,,,,,,,,,,,,,,,0,,
off,56,r2,red,jungle,刺客,youming,,1,3,0,0,4968,7772,1870,82.4,,,,0,,,,,,,,,,,,,,,,,,0,,
off,56,r3,red,mid,法師,xingjie,,1,2,0,1,13101,10833,600,26.4,,,,0,,,,,,,,,,,,,,,,,,0,,
off,56,r4,red,adc,射手,shengyan,,1,0,0,1,13495,8166,0,0,,,,0,,,,,,,,,,,,,,,,,,0,,
off,56,r5,red,sup,輔助,zhanchang,,1,1,2,1,4148,10315,354,15.6,,,,0,,,,,,,,,,,,,,,,,,0,,
off,57,b1,blue,top,戰士,leimingcf,,0,1,1,1,9333,21410,354,14.2,,,,0,,,,,,,,,,,,,,,,,,0,,
off,57,b2,blue,jungle,刺客,yueying,,0,1,3,2,5181,11415,824,33.1,,,,0,,,,,,,,,,,,,,,,,,0,,
off,57,b3,blue,mid,法師,auralith,,0,2,2,0,13917,13765,654,26.3,,,,0,,,,,,,,,,,,,,,,,,0,,
off,57,b4,blue,adc,射手,xingchen,,0,4,6,0,11406,9652,1200,48.2,,,,0,,,,,,,,,,,,,,,,,,0,,
off,57,b5,blue,sup,坦克,thornwall,,0,1,5,1,3226,14116,300,12,,,,0,,,,,,,,,,,,,,,,,,0,,
off,57,r1,red,top,戰士,leimingcf,,1,6,1,1,11458,18031,1818,73,,,,0,,,,,,,,,,,,,,,,,,0,,
off,57,r2,red,jungle,刺客,yueying,,1,4,0,0,4978,9753,1972,79.2,,,,0,,,,,,,,,,,,,,,,,,0,,
off,57,r3,red,mid,法師,auralith,,1,2,2,2,16939,13214,600,24.1,,,,0,,,,,,,,,,,,,,,,,,0,,
off,57,r4,red,adc,射手,xingchen,,1,3,2,4,13754,8061,900,36.1,,,,0,,,,,,,,,,,,,,,,,,0,,
off,57,r5,red,sup,坦克,thornwall,,1,2,4,4,4595,13424,600,24.1,,,,0,,,,,,,,,,,,,,,,,,0,,
off,58,b1,blue,top,坦克,tiankong,,0,1,4,0,10827,22480,300,10.2,,,,0,,,,,,,,,,,,,,,,,,0,,
off,58,b2,blue,jungle,戰士,tielian,,0,1,6,0,5093,11756,1066,36.3,,,,0,,,,,,,,,,,,,,,,,,0,,
off,58,b3,blue,mid,法師,xingjie,,0,2,5,1,18765,17216,600,20.4,,,,0,,,,,,,,,,,,,,,,,,0,,
off,58,b4,blue,adc,射手,dujian,,0,3,4,0,13310,12223,900,30.6,,,,0,,,,,,,,,,,,,,,,,,0,,
off,58,b5,blue,sup,坦克,tiebi,,0,1,6,0,5434,19778,300,10.2,,,,0,,,,,,,,,,,,,,,,,,0,,
off,58,r1,red,top,坦克,tiankong,,1,8,1,0,14298,23807,2400,81.7,,,,0,,,,,,,,,,,,,,,,,,0,,
off,58,r2,red,jungle,戰士,tielian,,1,5,1,5,10573,12354,2611,88.9,,,,0,,,,,,,,,,,,,,,,,,0,,
off,58,r3,red,mid,法師,xingjie,,1,4,3,2,18175,15515,1200,40.9,,,,0,,,,,,,,,,,,,,,,,,0,,
off,58,r4,red,adc,射手,dujian,,1,5,1,1,17136,11394,1500,51.1,,,,0,,,,,,,,,,,,,,,,,,0,,
off,58,r5,red,sup,坦克,tiebi,,1,3,2,6,8032,19060,900,30.6,,,,0,,,,,,,,,,,,,,,,,,0,,
off,59,b1,blue,top,坦克,tiebi,,0,0,4,0,4345,17575,18,0.8,,,,0,,,,,,,,,,,,,,,,,,0,,
off,59,b2,blue,jungle,戰士,cinderfist,,0,3,3,0,5896,10744,1477,64,,,,0,,,,,,,,,,,,,,,,,,0,,
off,59,b3,blue,mid,法師,gambler,,0,0,4,1,6863,10683,0,0,,,,0,,,,,,,,,,,,,,,,,,0,,
off,59,b4,blue,adc,射手,tianfa,,0,4,2,0,7194,9418,1254,54.3,,,,0,,,,,,,,,,,,,,,,,,0,,
off,59,b5,blue,sup,輔助,fengshen,,0,0,5,2,4716,12338,0,0,,,,0,,,,,,,,,,,,,,,,,,0,,
off,59,r1,red,top,坦克,tiebi,,1,4,0,1,7365,14658,1200,52,,,,0,,,,,,,,,,,,,,,,,,0,,
off,59,r2,red,jungle,戰士,cinderfist,,1,6,1,0,7324,10651,2717,117.7,,,,0,,,,,,,,,,,,,,,,,,0,,
off,59,r3,red,mid,法師,gambler,,1,5,2,7,13225,10629,1500,65,,,,0,,,,,,,,,,,,,,,,,,0,,
off,59,r4,red,adc,射手,tianfa,,1,2,3,2,10712,7901,600,26,,,,0,,,,,,,,,,,,,,,,,,0,,
off,59,r5,red,sup,輔助,fengshen,,1,1,1,0,2366,8627,300,13,,,,0,,,,,,,,,,,,,,,,,,0,,
off,60,b1,blue,top,坦克,shengdun,,0,0,1,1,9489,17069,0,0,,,,0,,,,,,,,,,,,,,,,,,0,,
off,60,b2,blue,jungle,戰士,dushe,,0,1,1,0,5941,8332,946,41.4,,,,0,,,,,,,,,,,,,,,,,,0,,
off,60,b3,blue,mid,法師,ronghuo,,0,3,0,0,11602,11727,900,39.4,,,,0,,,,,,,,,,,,,,,,,,0,,
off,60,b4,blue,adc,射手,dawnstrike,,0,1,6,0,6519,9049,318,13.9,,,,0,,,,,,,,,,,,,,,,,,0,,
off,60,b5,blue,sup,坦克,stoneguard,,0,2,5,1,3364,12561,600,26.3,,,,0,,,,,,,,,,,,,,,,,,0,,
off,60,r1,red,top,坦克,shengdun,,1,2,0,0,7603,15770,600,26.3,,,,0,,,,,,,,,,,,,,,,,,0,,
off,60,r2,red,jungle,戰士,dushe,,1,4,2,0,7969,9590,2281,99.9,,,,0,,,,,,,,,,,,,,,,,,0,,
off,60,r3,red,mid,法師,ronghuo,,1,2,1,0,9104,11994,600,26.3,,,,0,,,,,,,,,,,,,,,,,,0,,
off,60,r4,red,adc,射手,dawnstrike,,1,3,3,3,8087,8449,900,39.4,,,,0,,,,,,,,,,,,,,,,,,0,,
off,60,r5,red,sup,坦克,stoneguard,,1,2,1,1,5193,13409,600,26.3,,,,0,,,,,,,,,,,,,,,,,,0,,
off,61,b1,blue,top,坦克,shiqiang,,0,2,2,0,6712,18352,600,27.1,,,,0,,,,,,,,,,,,,,,,,,0,,
off,61,b2,blue,jungle,戰士,jufeng,,0,1,5,1,4456,10064,895,40.4,,,,0,,,,,,,,,,,,,,,,,,0,,
off,61,b3,blue,mid,法師,gambler,,0,0,4,1,11043,11564,18,0.8,,,,0,,,,,,,,,,,,,,,,,,0,,
off,61,b4,blue,adc,射手,yanfeng,,0,1,4,1,8591,7916,318,14.4,,,,0,,,,,,,,,,,,,,,,,,0,,
off,61,b5,blue,sup,坦克,bingshouweis,,0,0,6,0,3438,13941,0,0,,,,0,,,,,,,,,,,,,,,,,,0,,
off,61,r1,red,top,坦克,shiqiang,,1,8,0,0,10004,16579,2400,108.4,,,,0,,,,,,,,,,,,,,,,,,0,,
off,61,r2,red,jungle,戰士,jufeng,,1,7,0,5,8645,8677,2896,130.8,,,,0,,,,,,,,,,,,,,,,,,0,,
off,61,r3,red,mid,法師,gambler,,1,0,1,0,7139,9995,0,0,,,,0,,,,,,,,,,,,,,,,,,0,,
off,61,r4,red,adc,射手,yanfeng,,1,2,2,5,10619,7788,600,27.1,,,,0,,,,,,,,,,,,,,,,,,0,,
off,61,r5,red,sup,坦克,bingshouweis,,1,4,1,4,5286,11618,1200,54.2,,,,0,,,,,,,,,,,,,,,,,,0,,
off,62,b1,blue,top,坦克,tiemu,,0,1,3,0,8506,20267,300,11.6,,,,0,,,,,,,,,,,,,,,,,,0,,
off,62,b2,blue,jungle,戰士,langwang,,0,0,3,0,5135,11009,739,28.6,,,,0,,,,,,,,,,,,,,,,,,0,,
off,62,b3,blue,mid,法師,ronghuo,,0,1,3,1,7422,13169,300,11.6,,,,0,,,,,,,,,,,,,,,,,,0,,
off,62,b4,blue,adc,射手,siwang,,0,1,5,0,9115,10279,318,12.3,,,,0,,,,,,,,,,,,,,,,,,0,,
off,62,b5,blue,sup,輔助,mingyun,,0,0,3,1,4124,13342,0,0,,,,0,,,,,,,,,,,,,,,,,,0,,
off,62,r1,red,top,坦克,tiemu,,1,6,0,0,9910,17968,1818,70.4,,,,0,,,,,,,,,,,,,,,,,,0,,
off,62,r2,red,jungle,戰士,langwang,,1,2,1,2,6449,10260,1432,55.5,,,,0,,,,,,,,,,,,,,,,,,0,,
off,62,r3,red,mid,法師,ronghuo,,1,4,0,2,9803,12725,1200,46.5,,,,0,,,,,,,,,,,,,,,,,,0,,
off,62,r4,red,adc,射手,siwang,,1,4,1,3,12070,9357,1200,46.5,,,,0,,,,,,,,,,,,,,,,,,0,,
off,62,r5,red,sup,輔助,mingyun,,1,1,1,2,4412,11930,300,11.6,,,,0,,,,,,,,,,,,,,,,,,0,,
off,63,b1,blue,top,坦克,dadi,,0,1,2,0,6725,19323,300,12.3,,,,0,,,,,,,,,,,,,,,,,,0,,
off,63,b2,blue,jungle,戰士,jingci,,0,0,3,0,3508,9530,776,31.8,,,,0,,,,,,,,,,,,,,,,,,0,,
off,63,b3,blue,mid,法師,gambler,,0,0,4,0,11667,13601,0,0,,,,0,,,,,,,,,,,,,,,,,,0,,
off,63,b4,blue,adc,射手,phantom,,0,0,4,0,10290,10245,54,2.2,,,,0,,,,,,,,,,,,,,,,,,0,,
off,63,b5,blue,sup,輔助,tianshi,,0,0,3,0,3648,11048,36,1.5,,,,0,,,,,,,,,,,,,,,,,,0,,
off,63,r1,red,top,坦克,dadi,,1,9,0,0,11992,18993,2700,110.6,,,,0,,,,,,,,,,,,,,,,,,0,,
off,63,r2,red,jungle,戰士,jingci,,1,1,0,2,5729,8627,1393,57.1,,,,0,,,,,,,,,,,,,,,,,,0,,
off,63,r3,red,mid,法師,gambler,,1,1,1,1,10645,12097,300,12.3,,,,0,,,,,,,,,,,,,,,,,,0,,
off,63,r4,red,adc,射手,phantom,,1,3,0,3,10174,8293,900,36.9,,,,0,,,,,,,,,,,,,,,,,,0,,
off,63,r5,red,sup,輔助,tianshi,,1,2,0,3,6371,10679,600,24.6,,,,0,,,,,,,,,,,,,,,,,,0,,
off,64,b1,blue,top,坦克,tixue,,0,0,2,1,6374,20175,54,2.1,,,,0,,,,,,,,,,,,,,,,,,0,,
off,64,b2,blue,jungle,戰士,greymantle,,0,4,0,0,9010,13178,1930,74.3,,,,0,,,,,,,,,,,,,,,,,,0,,
off,64,b3,blue,mid,法師,ronghuo,,0,1,4,0,11262,13729,300,11.6,,,,0,,,,,,,,,,,,,,,,,,0,,
off,64,b4,blue,adc,射手,huanying,,0,2,3,2,14547,9787,600,23.1,,,,0,,,,,,,,,,,,,,,,,,0,,
off,64,b5,blue,sup,坦克,tieshixin,,0,0,6,2,5522,16570,0,0,,,,0,,,,,,,,,,,,,,,,,,0,,
off,64,r1,red,top,坦克,tixue,,1,5,2,0,9884,18019,1500,57.8,,,,0,,,,,,,,,,,,,,,,,,0,,
off,64,r2,red,jungle,戰士,greymantle,,1,4,0,1,7891,12762,2205,84.9,,,,0,,,,,,,,,,,,,,,,,,0,,
off,64,r3,red,mid,法師,ronghuo,,1,0,1,0,11137,11992,0,0,,,,0,,,,,,,,,,,,,,,,,,0,,
off,64,r4,red,adc,射手,huanying,,1,4,1,1,14467,8850,1200,46.2,,,,0,,,,,,,,,,,,,,,,,,0,,
off,64,r5,red,sup,坦克,tieshixin,,1,2,3,3,6141,14982,600,23.1,,,,0,,,,,,,,,,,,,,,,,,0,,
off,65,b1,blue,top,坦克,suishan,,0,1,1,0,10646,26115,300,9.9,,,,0,,,,,,,,,,,,,,,,,,0,,
off,65,b2,blue,jungle,戰士,hunpo,,0,0,7,2,6087,15122,811,26.7,,,,0,,,,,,,,,,,,,,,,,,0,,
off,65,b3,blue,mid,法師,haixiao,,0,0,7,0,13048,16684,28,0.9,,,,0,,,,,,,,,,,,,,,,,,0,,
off,65,b4,blue,adc,射手,guangsu,,0,1,9,0,14398,14007,300,9.9,,,,0,,,,,,,,,,,,,,,,,,0,,
off,65,b5,blue,sup,輔助,huanjing,,0,0,3,0,7674,17610,0,0,,,,0,,,,,,,,,,,,,,,,,,0,,
off,65,r1,red,top,坦克,suishan,,1,11,0,2,18127,23348,3354,110.4,,,,0,,,,,,,,,,,,,,,,,,0,,
off,65,r2,red,jungle,戰士,hunpo,,1,2,0,3,10363,14637,1711,56.3,,,,0,,,,,,,,,,,,,,,,,,0,,
off,65,r3,red,mid,法師,haixiao,,1,5,0,1,16134,12163,1500,49.4,,,,0,,,,,,,,,,,,,,,,,,0,,
off,65,r4,red,adc,射手,guangsu,,1,5,0,4,17503,12199,1528,50.3,,,,0,,,,,,,,,,,,,,,,,,0,,
off,65,r5,red,sup,輔助,huanjing,,1,4,2,6,9508,12824,1200,39.5,,,,0,,,,,,,,,,,,,,,,,,0,,
off,66,b1,blue,top,坦克,thornwall,,1,2,0,1,6929,18857,600,24.6,,,,0,,,,,,,,,,,,,,,,,,0,,
off,66,b2,blue,jungle,戰士,leimingcf,,1,4,1,1,5688,9193,1867,76.5,,,,0,,,,,,,,,,,,,,,,,,0,,
off,66,b3,blue,mid,法師,leiming,,1,2,0,2,10194,13004,600,24.6,,,,0,,,,,,,,,,,,,,,,,,0,,
off,66,b4,blue,adc,射手,mori,,1,0,3,2,9469,9238,54,2.2,,,,0,,,,,,,,,,,,,,,,,,0,,
off,66,b5,blue,sup,輔助,fuwenbianzhi,,1,0,2,2,5148,10779,0,0,,,,0,,,,,,,,,,,,,,,,,,0,,
off,66,r1,red,top,坦克,thornwall,,0,0,1,0,6714,17674,0,0,,,,0,,,,,,,,,,,,,,,,,,0,,
off,66,r2,red,jungle,戰士,leimingcf,,0,3,1,0,8350,10633,1889,77.4,,,,0,,,,,,,,,,,,,,,,,,0,,
off,66,r3,red,mid,法師,leiming,,0,0,3,0,9957,13173,0,0,,,,0,,,,,,,,,,,,,,,,,,0,,
off,66,r4,red,adc,射手,mori,,0,2,2,1,12131,11038,600,24.6,,,,0,,,,,,,,,,,,,,,,,,0,,
off,66,r5,red,sup,輔助,fuwenbianzhi,,0,1,1,1,3582,10687,300,12.3,,,,0,,,,,,,,,,,,,,,,,,0,,
off,67,b1,blue,top,坦克,ironclad,,0,2,2,0,8803,21394,600,22.1,,,,0,,,,,,,,,,,,,,,,,,0,,
off,67,b2,blue,jungle,戰士,fengbao,,0,4,3,1,5687,13366,2107,77.7,,,,0,,,,,,,,,,,,,,,,,,0,,
off,67,b3,blue,mid,法師,haixiao,,0,3,1,3,16460,13737,900,33.2,,,,0,,,,,,,,,,,,,,,,,,0,,
off,67,b4,blue,adc,射手,leiting,,0,2,4,1,10446,9928,600,22.1,,,,0,,,,,,,,,,,,,,,,,,0,,
off,67,b5,blue,sup,坦克,thornwall,,0,2,3,1,6730,17354,618,22.8,,,,0,,,,,,,,,,,,,,,,,,0,,
off,67,r1,red,top,坦克,ironclad,,1,4,0,1,9587,20983,1200,44.3,,,,0,,,,,,,,,,,,,,,,,,0,,
off,67,r2,red,jungle,戰士,fengbao,,1,2,2,2,7135,10877,1548,57.1,,,,0,,,,,,,,,,,,,,,,,,0,,
off,67,r3,red,mid,法師,haixiao,,1,1,5,4,14169,13473,300,11.1,,,,0,,,,,,,,,,,,,,,,,,0,,
off,67,r4,red,adc,射手,leiting,,1,2,5,2,18574,10960,600,22.1,,,,0,,,,,,,,,,,,,,,,,,0,,
off,67,r5,red,sup,坦克,thornwall,,1,4,1,1,5769,18793,1200,44.3,,,,0,,,,,,,,,,,,,,,,,,0,,
off,68,b1,blue,top,坦克,bingshouweis,,0,4,0,1,7422,17622,1200,50.6,,,,0,,,,,,,,,,,,,,,,,,0,,
off,68,b2,blue,jungle,戰士,anliuyouXia,,0,0,4,0,3640,9261,631,26.6,,,,0,,,,,,,,,,,,,,,,,,0,,
off,68,b3,blue,mid,法師,leiming,,0,2,2,2,11782,13331,600,25.3,,,,0,,,,,,,,,,,,,,,,,,0,,
off,68,b4,blue,adc,射手,liangzi,,0,1,2,2,8217,8474,300,12.7,,,,0,,,,,,,,,,,,,,,,,,0,,
off,68,b5,blue,sup,坦克,shengdun,,0,2,3,1,5190,14125,600,25.3,,,,0,,,,,,,,,,,,,,,,,,0,,
off,68,r1,red,top,坦克,bingshouweis,,1,1,1,0,6892,15071,328,13.8,,,,0,,,,,,,,,,,,,,,,,,0,,
off,68,r2,red,jungle,戰士,anliuyouXia,,1,2,2,2,7050,11033,1504,63.4,,,,0,,,,,,,,,,,,,,,,,,0,,
off,68,r3,red,mid,法師,leiming,,1,3,0,0,12110,11151,900,38,,,,0,,,,,,,,,,,,,,,,,,0,,
off,68,r4,red,adc,射手,liangzi,,1,1,1,1,8708,8328,453,19.1,,,,0,,,,,,,,,,,,,,,,,,0,,
off,68,r5,red,sup,坦克,shengdun,,1,4,5,1,6650,15136,1200,50.6,,,,0,,,,,,,,,,,,,,,,,,0,,
off,69,b1,blue,top,坦克,tiankong,,0,0,1,0,3650,16532,0,0,,,,0,,,,,,,,,,,,,,,,,,0,,
off,69,b2,blue,jungle,刺客,yueying,,0,0,3,0,4251,10588,676,28.5,,,,0,,,,,,,,,,,,,,,,,,0,,
off,69,b3,blue,mid,法師,haixiao,,0,0,3,0,8573,10231,0,0,,,,0,,,,,,,,,,,,,,,,,,0,,
off,69,b4,blue,adc,射手,shengyan,,0,0,6,0,8342,9259,0,0,,,,0,,,,,,,,,,,,,,,,,,0,,
off,69,b5,blue,sup,輔助,zhanchang,,0,0,2,0,4234,10163,82,3.4,,,,0,,,,,,,,,,,,,,,,,,0,,
off,69,r1,red,top,坦克,tiankong,,1,5,0,0,7779,16135,1500,63.2,,,,0,,,,,,,,,,,,,,,,,,0,,
off,69,r2,red,jungle,刺客,yueying,,1,5,0,0,6133,9485,2200,92.8,,,,0,,,,,,,,,,,,,,,,,,0,,
off,69,r3,red,mid,法師,haixiao,,1,2,0,3,12955,10037,628,26.5,,,,0,,,,,,,,,,,,,,,,,,0,,
off,69,r4,red,adc,射手,shengyan,,1,1,0,1,9461,8363,300,12.6,,,,0,,,,,,,,,,,,,,,,,,0,,
off,69,r5,red,sup,輔助,zhanchang,,1,2,0,4,4739,10586,600,25.3,,,,0,,,,,,,,,,,,,,,,,,0,,
off,70,b1,blue,top,坦克,tiebi,,0,1,4,1,9639,21927,300,10.9,,,,0,,,,,,,,,,,,,,,,,,0,,
off,70,b2,blue,jungle,刺客,yeiren,,0,2,3,0,7407,12646,1606,58.2,,,,0,,,,,,,,,,,,,,,,,,0,,
off,70,b3,blue,mid,法師,bingshuang,,0,3,2,0,12329,13744,900,32.6,,,,0,,,,,,,,,,,,,,,,,,0,,
off,70,b4,blue,adc,射手,xingchen,,0,0,6,0,9268,11771,0,0,,,,0,,,,,,,,,,,,,,,,,,0,,
off,70,b5,blue,sup,坦克,thornwall,,0,0,7,0,4095,17293,0,0,,,,0,,,,,,,,,,,,,,,,,,0,,
off,70,r1,red,top,坦克,tiebi,,1,6,1,1,12392,18233,1800,65.3,,,,0,,,,,,,,,,,,,,,,,,0,,
off,70,r2,red,jungle,刺客,yeiren,,1,5,0,2,9283,11713,2160,78.3,,,,0,,,,,,,,,,,,,,,,,,0,,
off,70,r3,red,mid,法師,bingshuang,,1,3,1,1,14166,13649,900,32.6,,,,0,,,,,,,,,,,,,,,,,,0,,
off,70,r4,red,adc,射手,xingchen,,1,4,2,3,15160,9567,1200,43.5,,,,0,,,,,,,,,,,,,,,,,,0,,
off,70,r5,red,sup,坦克,thornwall,,1,4,2,5,7352,15379,1200,43.5,,,,0,,,,,,,,,,,,,,,,,,0,,
off,71,b1,blue,top,坦克,xukong,,1,0,2,0,4752,14386,0,0,,,,0,,,,,,,,,,,,,,,,,,0,,
off,71,b2,blue,jungle,刺客,sting,,1,0,3,0,3242,7533,649,28.7,,,,0,,,,,,,,,,,,,,,,,,0,,
off,71,b3,blue,mid,法師,mingyun2,,1,0,3,0,11292,10885,0,0,,,,0,,,,,,,,,,,,,,,,,,0,,
off,71,b4,blue,adc,射手,dujian,,1,0,1,0,9699,8456,0,0,,,,0,,,,,,,,,,,,,,,,,,0,,
off,71,b5,blue,sup,坦克,tiankong,,1,3,0,0,3617,13510,900,39.9,,,,0,,,,,,,,,,,,,,,,,,0,,
off,71,r1,red,top,坦克,xukong,,0,2,0,0,5985,13856,600,26.6,,,,0,,,,,,,,,,,,,,,,,,0,,
off,71,r2,red,jungle,刺客,sting,,0,5,0,0,5708,8989,2561,113.4,,,,0,,,,,,,,,,,,,,,,,,0,,
off,71,r3,red,mid,法師,mingyun2,,0,1,0,1,7785,11892,300,13.3,,,,0,,,,,,,,,,,,,,,,,,0,,
off,71,r4,red,adc,射手,dujian,,0,1,3,2,7824,8327,300,13.3,,,,0,,,,,,,,,,,,,,,,,,0,,
off,71,r5,red,sup,坦克,tiankong,,0,0,0,2,4129,12640,0,0,,,,0,,,,,,,,,,,,,,,,,,0,,
off,72,b1,blue,top,坦克,shiqiang,,1,1,2,0,11806,22805,300,11.3,,,,0,,,,,,,,,,,,,,,,,,0,,
off,72,b2,blue,jungle,刺客,yingsi,,1,0,3,1,6668,11468,658,24.7,,,,0,,,,,,,,,,,,,,,,,,0,,
off,72,b3,blue,mid,法師,bingshuang,,1,2,3,0,11609,13700,600,22.5,,,,0,,,,,,,,,,,,,,,,,,0,,
off,72,b4,blue,adc,射手,tianfa,,1,1,3,1,11612,12004,300,11.3,,,,0,,,,,,,,,,,,,,,,,,0,,
off,72,b5,blue,sup,輔助,fengshen,,1,2,1,1,5299,12393,600,22.5,,,,0,,,,,,,,,,,,,,,,,,0,,
off,72,r1,red,top,坦克,shiqiang,,0,4,0,2,13890,22674,1218,45.7,,,,0,,,,,,,,,,,,,,,,,,0,,
off,72,r2,red,jungle,刺客,yingsi,,0,2,0,1,6225,10372,1702,63.9,,,,0,,,,,,,,,,,,,,,,,,0,,
off,72,r3,red,mid,法師,bingshuang,,0,2,0,1,13618,14301,600,22.5,,,,0,,,,,,,,,,,,,,,,,,0,,
off,72,r4,red,adc,射手,tianfa,,0,4,4,2,12042,10480,1200,45,,,,0,,,,,,,,,,,,,,,,,,0,,
off,72,r5,red,sup,輔助,fengshen,,0,0,2,2,5772,13012,0,0,,,,0,,,,,,,,,,,,,,,,,,0,,
off,73,b1,blue,top,坦克,longji,,1,2,1,0,7582,15102,600,27,,,,0,,,,,,,,,,,,,,,,,,0,,
off,73,b2,blue,jungle,刺客,shanying,,1,2,0,0,3235,8690,1222,55,,,,0,,,,,,,,,,,,,,,,,,0,,
off,73,b3,blue,mid,法師,mingyun2,,1,3,3,0,7669,10668,900,40.5,,,,0,,,,,,,,,,,,,,,,,,0,,
off,73,b4,blue,adc,射手,dawnstrike,,1,0,1,0,10185,7806,0,0,,,,0,,,,,,,,,,,,,,,,,,0,,
off,73,b5,blue,sup,輔助,shengguang,,1,0,2,2,4187,9870,0,0,,,,0,,,,,,,,,,,,,,,,,,0,,
off,73,r1,red,top,坦克,longji,,0,1,0,0,7760,15822,300,13.5,,,,0,,,,,,,,,,,,,,,,,,0,,
off,73,r2,red,jungle,刺客,shanying,,0,2,1,0,4769,9771,1486,66.9,,,,0,,,,,,,,,,,,,,,,,,0,,
off,73,r3,red,mid,法師,mingyun2,,0,3,1,1,8885,10595,900,40.5,,,,0,,,,,,,,,,,,,,,,,,0,,
off,73,r4,red,adc,射手,dawnstrike,,0,1,2,0,9244,8663,300,13.5,,,,0,,,,,,,,,,,,,,,,,,0,,
off,73,r5,red,sup,輔助,shengguang,,0,0,3,0,3962,11150,0,0,,,,0,,,,,,,,,,,,,,,,,,0,,
off,74,b1,blue,top,坦克,dadi,,0,1,3,0,7635,16867,318,13.7,,,,0,,,,,,,,,,,,,,,,,,0,,
off,74,b2,blue,jungle,刺客,dianguang,,0,0,5,0,5666,10197,720,31,,,,0,,,,,,,,,,,,,,,,,,0,,
off,74,b3,blue,mid,法師,bingshuang,,0,1,2,1,11396,12470,318,13.7,,,,0,,,,,,,,,,,,,,,,,,0,,
off,74,b4,blue,adc,射手,yanfeng,,0,3,4,1,6671,9767,900,38.8,,,,0,,,,,,,,,,,,,,,,,,0,,
off,74,b5,blue,sup,坦克,bingshouweis,,0,0,4,0,4126,13737,0,0,,,,0,,,,,,,,,,,,,,,,,,0,,
off,74,r1,red,top,坦克,dadi,,1,1,0,0,8195,16348,354,15.2,,,,0,,,,,,,,,,,,,,,,,,0,,
off,74,r2,red,jungle,刺客,dianguang,,1,4,1,3,7446,9790,1975,85,,,,0,,,,,,,,,,,,,,,,,,0,,
off,74,r3,red,mid,法師,bingshuang,,1,5,1,2,12804,11272,1500,64.6,,,,0,,,,,,,,,,,,,,,,,,0,,
off,74,r4,red,adc,射手,yanfeng,,1,0,2,0,7529,7939,0,0,,,,0,,,,,,,,,,,,,,,,,,0,,
off,74,r5,red,sup,坦克,bingshouweis,,1,8,1,3,8471,13613,2400,103.3,,,,0,,,,,,,,,,,,,,,,,,0,,
off,75,b1,blue,top,坦克,tixue,,0,3,1,0,5062,14142,900,41.6,,,,0,,,,,,,,,,,,,,,,,,0,,
off,75,b2,blue,jungle,刺客,leisuhunter,,0,1,1,1,2852,8404,814,37.6,,,,0,,,,,,,,,,,,,,,,,,0,,
off,75,b3,blue,mid,法師,mingyun2,,0,1,2,1,8169,10049,300,13.9,,,,0,,,,,,,,,,,,,,,,,,0,,
off,75,b4,blue,adc,射手,siwang,,0,2,3,0,7578,8031,600,27.7,,,,0,,,,,,,,,,,,,,,,,,0,,
off,75,b5,blue,sup,輔助,shiguang,,0,0,3,2,3801,10043,54,2.5,,,,0,,,,,,,,,,,,,,,,,,0,,
off,75,r1,red,top,坦克,tixue,,1,3,1,1,5846,15949,900,41.6,,,,0,,,,,,,,,,,,,,,,,,0,,
off,75,r2,red,jungle,刺客,leisuhunter,,1,2,1,1,6674,9302,1420,65.6,,,,0,,,,,,,,,,,,,,,,,,0,,
off,75,r3,red,mid,法師,mingyun2,,1,2,1,1,7553,10961,600,27.7,,,,0,,,,,,,,,,,,,,,,,,0,,
off,75,r4,red,adc,射手,siwang,,1,3,2,0,7347,7537,900,41.6,,,,0,,,,,,,,,,,,,,,,,,0,,
off,75,r5,red,sup,輔助,shiguang,,1,0,2,1,3034,9233,0,0,,,,0,,,,,,,,,,,,,,,,,,0,,
off,76,b1,blue,top,坦克,stoneguard,,1,0,0,0,6295,14742,0,0,,,,0,,,,,,,,,,,,,,,,,,0,,
off,76,b2,blue,jungle,刺客,voidrift,,1,1,0,1,3878,10392,967,40.9,,,,0,,,,,,,,,,,,,,,,,,0,,
off,76,b3,blue,mid,法師,shikong,,1,0,1,0,11209,12808,0,0,,,,0,,,,,,,,,,,,,,,,,,0,,
off,76,b4,blue,adc,射手,phantom,,1,5,3,0,7182,9285,1554,65.8,,,,0,,,,,,,,,,,,,,,,,,0,,
off,76,b5,blue,sup,輔助,tianshi,,1,0,3,1,4938,11633,0,0,,,,0,,,,,,,,,,,,,,,,,,0,,
off,76,r1,red,top,坦克,stoneguard,,0,2,0,0,8212,16830,600,25.4,,,,0,,,,,,,,,,,,,,,,,,0,,
off,76,r2,red,jungle,刺客,voidrift,,0,1,0,1,9790,10796,1165,49.3,,,,0,,,,,,,,,,,,,,,,,,0,,
off,76,r3,red,mid,法師,shikong,,0,2,1,1,12038,12113,600,25.4,,,,0,,,,,,,,,,,,,,,,,,0,,
off,76,r4,red,adc,射手,phantom,,0,2,2,0,8696,9731,600,25.4,,,,0,,,,,,,,,,,,,,,,,,0,,
off,76,r5,red,sup,輔助,tianshi,,0,0,3,0,3573,11512,45,1.9,,,,0,,,,,,,,,,,,,,,,,,0,,
off,77,b1,blue,top,坦克,thornwall,,0,0,2,0,5432,16727,0,0,,,,0,,,,,,,,,,,,,,,,,,0,,
off,77,b2,blue,jungle,刺客,miwu,,0,1,3,1,6528,11210,949,40.2,,,,0,,,,,,,,,,,,,,,,,,0,,
off,77,b3,blue,mid,法師,lieyan,,0,0,3,0,8978,12697,54,2.3,,,,0,,,,,,,,,,,,,,,,,,0,,
off,77,b4,blue,adc,射手,huanying,,0,0,3,0,7967,9000,0,0,,,,0,,,,,,,,,,,,,,,,,,0,,
off,77,b5,blue,sup,坦克,tieshixin,,0,1,6,0,4189,15029,400,16.9,,,,0,,,,,,,,,,,,,,,,,,0,,
off,77,r1,red,top,坦克,thornwall,,1,8,0,0,9095,16175,2400,101.8,,,,0,,,,,,,,,,,,,,,,,,0,,
off,77,r2,red,jungle,刺客,miwu,,1,3,0,2,5969,9284,1924,81.6,,,,0,,,,,,,,,,,,,,,,,,0,,
off,77,r3,red,mid,法師,lieyan,,1,2,1,3,14014,11354,600,25.4,,,,0,,,,,,,,,,,,,,,,,,0,,
off,77,r4,red,adc,射手,huanying,,1,2,0,3,12051,7709,600,25.4,,,,0,,,,,,,,,,,,,,,,,,0,,
off,77,r5,red,sup,坦克,tieshixin,,1,2,1,5,5422,12177,600,25.4,,,,0,,,,,,,,,,,,,,,,,,0,,
off,78,b1,blue,top,坦克,tieshixin,,0,1,2,0,11964,21500,300,10,,,,0,,,,,,,,,,,,,,,,,,0,,
off,78,b2,blue,jungle,刺客,jueying,,0,5,3,1,7911,14355,2258,75,,,,0,,,,,,,,,,,,,,,,,,0,,
off,78,b3,blue,mid,法師,shikong,,0,1,2,2,17088,15663,300,10,,,,0,,,,,,,,,,,,,,,,,,0,,
off,78,b4,blue,adc,射手,guangsu,,0,11,4,3,22341,12786,3300,109.6,,,,0,,,,,,,,,,,,,,,,,,0,,
off,78,b5,blue,sup,坦克,xukong,,0,1,9,3,5777,19098,300,10,,,,0,,,,,,,,,,,,,,,,,,0,,
off,78,r1,red,top,坦克,tieshixin,,1,7,2,2,18353,25836,2100,69.7,,,,0,,,,,,,,,,,,,,,,,,0,,
off,78,r2,red,jungle,刺客,jueying,,1,4,3,0,6759,14408,2248,74.7,,,,0,,,,,,,,,,,,,,,,,,0,,
off,78,r3,red,mid,法師,shikong,,1,6,3,0,19134,17182,1800,59.8,,,,0,,,,,,,,,,,,,,,,,,0,,
off,78,r4,red,adc,射手,guangsu,,1,1,7,0,12634,11950,300,10,,,,0,,,,,,,,,,,,,,,,,,0,,
off,78,r5,red,sup,坦克,xukong,,1,2,4,5,7012,20447,600,19.9,,,,0,,,,,,,,,,,,,,,,,,0,,
off,79,b1,blue,top,坦克,bingshouweis,,0,0,4,0,9801,19054,0,0,,,,0,,,,,,,,,,,,,,,,,,0,,
off,79,b2,blue,jungle,戰士,langwang,,0,1,3,1,4079,13622,967,37.7,,,,0,,,,,,,,,,,,,,,,,,0,,
off,79,b3,blue,mid,法師,lieyan,,0,4,3,1,14073,14352,1200,46.8,,,,0,,,,,,,,,,,,,,,,,,0,,
off,79,b4,blue,adc,射手,mori,,0,2,5,2,7354,9753,600,23.4,,,,0,,,,,,,,,,,,,,,,,,0,,
off,79,b5,blue,sup,輔助,fuwenbianzhi,,0,0,5,3,5647,13729,100,3.9,,,,0,,,,,,,,,,,,,,,,,,0,,
off,79,r1,red,top,坦克,bingshouweis,,1,5,1,1,10614,17106,1518,59.2,,,,0,,,,,,,,,,,,,,,,,,0,,
off,79,r2,red,jungle,戰士,langwang,,1,3,1,1,6914,11766,1873,73,,,,0,,,,,,,,,,,,,,,,,,0,,
off,79,r3,red,mid,法師,lieyan,,1,5,1,3,10416,12019,1500,58.5,,,,0,,,,,,,,,,,,,,,,,,0,,
off,79,r4,red,adc,射手,mori,,1,4,3,5,14592,10013,1228,47.9,,,,0,,,,,,,,,,,,,,,,,,0,,
off,79,r5,red,sup,輔助,fuwenbianzhi,,1,3,1,2,6572,12452,900,35.1,,,,0,,,,,,,,,,,,,,,,,,0,,
off,80,b1,blue,top,坦克,tiankong,,0,0,2,0,10634,22525,28,1.1,,,,0,,,,,,,,,,,,,,,,,,0,,
off,80,b2,blue,jungle,戰士,anliuyouXia,,0,1,2,0,5367,10108,878,35.4,,,,0,,,,,,,,,,,,,,,,,,0,,
off,80,b3,blue,mid,法師,shikong,,0,2,2,0,12347,11468,600,24.2,,,,0,,,,,,,,,,,,,,,,,,0,,
off,80,b4,blue,adc,射手,leiting,,0,4,1,0,11280,8895,1200,48.3,,,,0,,,,,,,,,,,,,,,,,,0,,
off,80,b5,blue,sup,坦克,thornwall,,0,0,4,0,5467,16318,28,1.1,,,,0,,,,,,,,,,,,,,,,,,0,,
off,80,r1,red,top,坦克,tiankong,,1,0,0,0,8519,17445,54,2.2,,,,0,,,,,,,,,,,,,,,,,,0,,
off,80,r2,red,jungle,戰士,anliuyouXia,,1,7,0,0,12206,12061,3130,126,,,,0,,,,,,,,,,,,,,,,,,0,,
off,80,r3,red,mid,法師,shikong,,1,2,1,1,14967,11268,600,24.2,,,,0,,,,,,,,,,,,,,,,,,0,,
off,80,r4,red,adc,射手,leiting,,1,1,6,0,6362,8729,300,12.1,,,,0,,,,,,,,,,,,,,,,,,0,,
off,80,r5,red,sup,坦克,thornwall,,1,1,0,3,5739,14859,354,14.3,,,,0,,,,,,,,,,,,,,,,,,0,,
off,81,b1,blue,top,戰士,jingci,,0,2,3,2,18775,28255,600,18.6,,,,0,,,,,,,,,,,,,,,,,,0,,
off,81,b2,blue,jungle,戰士,embercoil,,0,1,7,1,7904,16183,1138,35.2,,,,0,,,,,,,,,,,,,,,,,,0,,
off,81,b3,blue,mid,法師,lieyan,,0,5,6,0,19309,18057,1500,46.4,,,,0,,,,,,,,,,,,,,,,,,0,,
off,81,b4,blue,adc,射手,liangzi,,0,3,4,0,15190,15401,900,27.8,,,,0,,,,,,,,,,,,,,,,,,0,,
off,81,b5,blue,sup,坦克,tiebi,,0,1,12,0,6571,19611,300,9.3,,,,0,,,,,,,,,,,,,,,,,,0,,
off,81,r1,red,top,戰士,jingci,,1,12,2,2,20992,26995,3600,111.3,,,,0,,,,,,,,,,,,,,,,,,0,,
off,81,r2,red,jungle,戰士,embercoil,,1,5,2,2,14538,16084,2483,76.8,,,,0,,,,,,,,,,,,,,,,,,0,,
off,81,r3,red,mid,法師,lieyan,,1,9,2,2,21040,19064,2700,83.5,,,,0,,,,,,,,,,,,,,,,,,0,,
off,81,r4,red,adc,射手,liangzi,,1,4,2,1,12869,12568,1200,37.1,,,,0,,,,,,,,,,,,,,,,,,0,,
off,81,r5,red,sup,坦克,tiebi,,1,2,4,3,8185,22319,600,18.6,,,,0,,,,,,,,,,,,,,,,,,0,,
off,82,b1,blue,top,戰士,longyi,,0,4,3,0,10892,22586,1200,40.8,,,,0,,,,,,,,,,,,,,,,,,0,,
off,82,b2,blue,jungle,戰士,hunpo,,0,1,2,1,6796,16560,1012,34.4,,,,0,,,,,,,,,,,,,,,,,,0,,
off,82,b3,blue,mid,法師,auralith,,0,1,4,2,14152,16508,300,10.2,,,,0,,,,,,,,,,,,,,,,,,0,,
off,82,b4,blue,adc,射手,liangzicz,,0,2,5,1,16500,12418,600,20.4,,,,0,,,,,,,,,,,,,,,,,,0,,
off,82,b5,blue,sup,輔助,zhanchang,,0,0,3,1,6465,16428,0,0,,,,0,,,,,,,,,,,,,,,,,,0,,
off,82,r1,red,top,戰士,longyi,,1,6,1,1,8757,22975,1800,61.2,,,,0,,,,,,,,,,,,,,,,,,0,,
off,82,r2,red,jungle,戰士,hunpo,,1,2,1,1,9427,14254,1264,42.9,,,,0,,,,,,,,,,,,,,,,,,0,,
off,82,r3,red,mid,法師,auralith,,1,5,2,0,18858,14445,1500,51,,,,0,,,,,,,,,,,,,,,,,,0,,
off,82,r4,red,adc,射手,liangzicz,,1,3,2,4,17423,11924,900,30.6,,,,0,,,,,,,,,,,,,,,,,,0,,
off,82,r5,red,sup,輔助,zhanchang,,1,1,2,3,7806,14073,300,10.2,,,,0,,,,,,,,,,,,,,,,,,0,,
off,83,b1,blue,top,戰士,chichuan,,0,1,1,0,6938,19786,300,12,,,,0,,,,,,,,,,,,,,,,,,0,,
off,83,b2,blue,jungle,戰士,leimingcf,,0,1,3,1,4205,11284,1081,43.4,,,,0,,,,,,,,,,,,,,,,,,0,,
off,83,b3,blue,mid,法師,xingjie,,0,4,3,0,14602,13361,1200,48.2,,,,0,,,,,,,,,,,,,,,,,,0,,
off,83,b4,blue,adc,射手,xingchen,,0,3,5,2,8571,10109,900,36.1,,,,0,,,,,,,,,,,,,,,,,,0,,
off,83,b5,blue,sup,輔助,hexweave,,0,0,5,1,4876,11634,0,0,,,,0,,,,,,,,,,,,,,,,,,0,,
off,83,r1,red,top,戰士,chichuan,,1,7,0,0,11579,16605,2100,84.3,,,,0,,,,,,,,,,,,,,,,,,0,,
off,83,r2,red,jungle,戰士,leimingcf,,1,2,0,1,4279,9862,1486,59.7,,,,0,,,,,,,,,,,,,,,,,,0,,
off,83,r3,red,mid,法師,xingjie,,1,5,4,4,15487,13077,1500,60.2,,,,0,,,,,,,,,,,,,,,,,,0,,
off,83,r4,red,adc,射手,xingchen,,1,0,5,1,10266,9862,0,0,,,,0,,,,,,,,,,,,,,,,,,0,,
off,83,r5,red,sup,輔助,hexweave,,1,3,0,4,4707,10307,900,36.1,,,,0,,,,,,,,,,,,,,,,,,0,,
off,84,b1,blue,top,戰士,xueyue,,0,0,2,0,8028,22177,0,0,,,,0,,,,,,,,,,,,,,,,,,0,,
off,84,b2,blue,jungle,戰士,fengbao,,0,2,3,0,5068,13634,1286,49.5,,,,0,,,,,,,,,,,,,,,,,,0,,
off,84,b3,blue,mid,法師,auralith,,0,1,4,0,11263,14593,300,11.6,,,,0,,,,,,,,,,,,,,,,,,0,,
off,84,b4,blue,adc,射手,dujian,,0,0,4,2,12624,10542,28,1.1,,,,0,,,,,,,,,,,,,,,,,,0,,
off,84,b5,blue,sup,坦克,tiankong,,0,1,5,0,6994,17318,408,15.7,,,,0,,,,,,,,,,,,,,,,,,0,,
off,84,r1,red,top,戰士,xueyue,,1,4,0,0,9718,17723,1200,46.2,,,,0,,,,,,,,,,,,,,,,,,0,,
off,84,r2,red,jungle,戰士,fengbao,,1,8,1,1,8613,12243,3559,137.1,,,,0,,,,,,,,,,,,,,,,,,0,,
off,84,r3,red,mid,法師,auralith,,1,5,0,3,14047,12939,1500,57.8,,,,0,,,,,,,,,,,,,,,,,,0,,
off,84,r4,red,adc,射手,dujian,,1,1,2,3,16199,9350,300,11.6,,,,0,,,,,,,,,,,,,,,,,,0,,
off,84,r5,red,sup,坦克,tiankong,,1,0,1,6,6685,15100,18,0.7,,,,0,,,,,,,,,,,,,,,,,,0,,
off,85,b1,blue,top,戰士,langwang,,0,1,0,0,6801,16571,354,15.8,,,,0,,,,,,,,,,,,,,,,,,0,,
off,85,b2,blue,jungle,戰士,ronggang,,0,0,1,0,3374,10179,703,31.4,,,,0,,,,,,,,,,,,,,,,,,0,,
off,85,b3,blue,mid,法師,xingjie,,0,0,2,0,7710,12433,0,0,,,,0,,,,,,,,,,,,,,,,,,0,,
off,85,b4,blue,adc,射手,tianfa,,0,1,3,0,7881,8574,318,14.2,,,,0,,,,,,,,,,,,,,,,,,0,,
off,85,b5,blue,sup,輔助,mingyun,,0,0,2,2,3332,9512,36,1.6,,,,0,,,,,,,,,,,,,,,,,,0,,
off,85,r1,red,top,戰士,langwang,,1,2,1,1,8476,15383,600,26.8,,,,0,,,,,,,,,,,,,,,,,,0,,
off,85,r2,red,jungle,戰士,ronggang,,1,1,1,0,4015,7591,1105,49.4,,,,0,,,,,,,,,,,,,,,,,,0,,
off,85,r3,red,mid,法師,xingjie,,1,3,0,0,11126,10399,900,40.2,,,,0,,,,,,,,,,,,,,,,,,0,,
off,85,r4,red,adc,射手,tianfa,,1,0,0,1,7792,7653,0,0,,,,0,,,,,,,,,,,,,,,,,,0,,
off,85,r5,red,sup,輔助,mingyun,,1,2,0,0,5119,9049,600,26.8,,,,0,,,,,,,,,,,,,,,,,,0,,
off,86,b1,blue,top,戰士,kuangfeng,,1,5,2,1,9496,20555,1500,57.4,,,,0,,,,,,,,,,,,,,,,,,0,,
off,86,b2,blue,jungle,戰士,rongyan,,1,0,2,1,7337,11815,845,32.4,,,,0,,,,,,,,,,,,,,,,,,0,,
off,86,b3,blue,mid,法師,auralith,,1,4,3,0,12828,14129,1200,45.9,,,,0,,,,,,,,,,,,,,,,,,0,,
off,86,b4,blue,adc,射手,dawnstrike,,1,1,4,2,9987,10545,300,11.5,,,,0,,,,,,,,,,,,,,,,,,0,,
off,86,b5,blue,sup,輔助,shengguang,,1,0,2,1,5592,12025,28,1.1,,,,0,,,,,,,,,,,,,,,,,,0,,
off,86,r1,red,top,戰士,kuangfeng,,0,3,0,0,8891,17470,928,35.5,,,,0,,,,,,,,,,,,,,,,,,0,,
off,86,r2,red,jungle,戰士,rongyan,,0,2,2,0,6219,11871,1426,54.6,,,,0,,,,,,,,,,,,,,,,,,0,,
off,86,r3,red,mid,法師,auralith,,0,5,5,1,13971,14937,1554,59.5,,,,0,,,,,,,,,,,,,,,,,,0,,
off,86,r4,red,adc,射手,dawnstrike,,0,2,3,4,12387,10345,600,23,,,,0,,,,,,,,,,,,,,,,,,0,,
off,86,r5,red,sup,輔助,shengguang,,0,1,0,2,4713,14129,300,11.5,,,,0,,,,,,,,,,,,,,,,,,0,,
off,87,b1,blue,top,戰士,greymantle,,0,1,1,1,9627,24061,300,10,,,,0,,,,,,,,,,,,,,,,,,0,,
off,87,b2,blue,jungle,戰士,tielian,,0,2,6,1,7530,15009,1367,45.7,,,,0,,,,,,,,,,,,,,,,,,0,,
off,87,b3,blue,mid,法師,xingjie,,0,4,1,0,19515,16939,1200,40.2,,,,0,,,,,,,,,,,,,,,,,,0,,
off,87,b4,blue,adc,射手,yanfeng,,0,5,4,2,16709,13604,1554,52,,,,0,,,,,,,,,,,,,,,,,,0,,
off,87,b5,blue,sup,坦克,bingshouweis,,0,1,8,2,5082,18447,328,11,,,,0,,,,,,,,,,,,,,,,,,0,,
off,87,r1,red,top,戰士,greymantle,,1,5,3,1,14976,26613,1572,52.6,,,,0,,,,,,,,,,,,,,,,,,0,,
off,87,r2,red,jungle,戰士,tielian,,1,3,2,1,5356,13065,2048,68.5,,,,0,,,,,,,,,,,,,,,,,,0,,
off,87,r3,red,mid,法師,xingjie,,1,2,4,3,19445,14494,654,21.9,,,,0,,,,,,,,,,,,,,,,,,0,,
off,87,r4,red,adc,射手,yanfeng,,1,6,1,4,17343,10232,1800,60.2,,,,0,,,,,,,,,,,,,,,,,,0,,
off,87,r5,red,sup,坦克,bingshouweis,,1,4,3,7,8467,19681,1200,40.2,,,,0,,,,,,,,,,,,,,,,,,0,,
off,88,b1,blue,top,戰士,cinderfist,,0,2,5,1,12591,23715,600,22.1,,,,0,,,,,,,,,,,,,,,,,,0,,
off,88,b2,blue,jungle,戰士,greymantle,,0,2,4,1,7162,13649,1339,49.4,,,,0,,,,,,,,,,,,,,,,,,0,,
off,88,b3,blue,mid,法師,gambler,,0,3,0,2,14007,14421,900,33.2,,,,0,,,,,,,,,,,,,,,,,,0,,
off,88,b4,blue,adc,射手,xuanfeng,,0,2,3,4,14456,9646,600,22.1,,,,0,,,,,,,,,,,,,,,,,,0,,
off,88,b5,blue,sup,坦克,xukong,,0,1,6,0,6850,17530,328,12.1,,,,0,,,,,,,,,,,,,,,,,,0,,
off,88,r1,red,top,戰士,cinderfist,,1,6,0,2,14600,19689,1800,66.4,,,,0,,,,,,,,,,,,,,,,,,0,,
off,88,r2,red,jungle,戰士,greymantle,,1,2,4,4,9694,13751,1537,56.7,,,,0,,,,,,,,,,,,,,,,,,0,,
off,88,r3,red,mid,法師,gambler,,1,1,2,1,15466,14170,300,11.1,,,,0,,,,,,,,,,,,,,,,,,0,,
off,88,r4,red,adc,射手,xuanfeng,,1,3,2,1,14508,11106,900,33.2,,,,0,,,,,,,,,,,,,,,,,,0,,
off,88,r5,red,sup,坦克,xukong,,1,6,2,3,6473,15944,1800,66.4,,,,0,,,,,,,,,,,,,,,,,,0,,
off,89,b1,blue,top,戰士,leimingcf,,0,0,4,0,5583,18011,0,0,,,,0,,,,,,,,,,,,,,,,,,0,,
off,89,b2,blue,jungle,刺客,binghe,,0,1,5,0,4601,11486,931,37.9,,,,0,,,,,,,,,,,,,,,,,,0,,
off,89,b3,blue,mid,法師,ronghuo,,0,2,3,0,9156,12815,600,24.4,,,,0,,,,,,,,,,,,,,,,,,0,,
off,89,b4,blue,adc,射手,phantom,,0,2,6,0,7208,10381,600,24.4,,,,0,,,,,,,,,,,,,,,,,,0,,
off,89,b5,blue,sup,輔助,tianshi,,0,0,3,0,3726,11829,0,0,,,,0,,,,,,,,,,,,,,,,,,0,,
off,89,r1,red,top,戰士,leimingcf,,1,9,1,0,8889,17352,2700,110,,,,0,,,,,,,,,,,,,,,,,,0,,
off,89,r2,red,jungle,刺客,binghe,,1,3,0,3,7354,9465,1842,75,,,,0,,,,,,,,,,,,,,,,,,0,,
off,89,r3,red,mid,法師,ronghuo,,1,5,1,2,14168,10449,1500,61.1,,,,0,,,,,,,,,,,,,,,,,,0,,
off,89,r4,red,adc,射手,phantom,,1,4,1,2,8866,8873,1200,48.9,,,,0,,,,,,,,,,,,,,,,,,0,,
off,89,r5,red,sup,輔助,tianshi,,1,0,2,1,4177,10776,0,0,,,,0,,,,,,,,,,,,,,,,,,0,,
off,90,b1,blue,top,戰士,jufeng,,0,1,2,0,11644,19666,300,11.6,,,,0,,,,,,,,,,,,,,,,,,0,,
off,90,b2,blue,jungle,刺客,shanying,,0,1,5,0,4732,13285,950,36.7,,,,0,,,,,,,,,,,,,,,,,,0,,
off,90,b3,blue,mid,法師,gambler,,0,1,5,1,13507,13425,300,11.6,,,,0,,,,,,,,,,,,,,,,,,0,,
off,90,b4,blue,adc,射手,huanying,,0,0,4,0,9558,10127,108,4.2,,,,0,,,,,,,,,,,,,,,,,,0,,
off,90,b5,blue,sup,坦克,ironclad,,0,0,4,1,5040,14582,108,4.2,,,,0,,,,,,,,,,,,,,,,,,0,,
off,90,r1,red,top,戰士,jufeng,,1,10,0,0,15353,21923,3000,115.8,,,,0,,,,,,,,,,,,,,,,,,0,,
off,90,r2,red,jungle,刺客,shanying,,1,3,0,1,7804,11090,1819,70.2,,,,0,,,,,,,,,,,,,,,,,,0,,
off,90,r3,red,mid,法師,gambler,,1,4,1,1,12456,11273,1200,46.3,,,,0,,,,,,,,,,,,,,,,,,0,,
off,90,r4,red,adc,射手,huanying,,1,2,1,3,11607,8506,600,23.2,,,,0,,,,,,,,,,,,,,,,,,0,,
off,90,r5,red,sup,坦克,ironclad,,1,1,1,2,5472,14783,300,11.6,,,,0,,,,,,,,,,,,,,,,,,0,,
off,91,b1,blue,top,戰士,anliuyouXia,,0,0,3,0,7993,17791,0,0,,,,0,,,,,,,,,,,,,,,,,,0,,
off,91,b2,blue,jungle,刺客,anye,,0,1,4,1,4824,9160,949,42.7,,,,0,,,,,,,,,,,,,,,,,,0,,
off,91,b3,blue,mid,法師,ronghuo,,0,3,1,0,11829,13489,900,40.5,,,,0,,,,,,,,,,,,,,,,,,0,,
off,91,b4,blue,adc,射手,guangsu,,0,0,3,0,3573,7442,0,0,,,,0,,,,,,,,,,,,,,,,,,0,,
off,91,b5,blue,sup,坦克,shengdun,,0,1,4,1,4691,13194,382,17.2,,,,0,,,,,,,,,,,,,,,,,,0,,
off,91,r1,red,top,戰士,anliuyouXia,,1,8,0,0,10812,14610,2472,111.2,,,,0,,,,,,,,,,,,,,,,,,0,,
off,91,r2,red,jungle,刺客,anye,,1,2,1,2,7005,8389,1348,60.6,,,,0,,,,,,,,,,,,,,,,,,0,,
off,91,r3,red,mid,法師,ronghuo,,1,3,1,4,9779,9455,900,40.5,,,,0,,,,,,,,,,,,,,,,,,0,,
off,91,r4,red,adc,射手,guangsu,,1,2,2,0,8672,7286,600,27,,,,0,,,,,,,,,,,,,,,,,,0,,
off,91,r5,red,sup,坦克,shengdun,,1,0,1,6,5843,11844,0,0,,,,0,,,,,,,,,,,,,,,,,,0,,
off,92,b1,blue,top,戰士,tielian,,1,0,2,2,8977,17284,0,0,,,,0,,,,,,,,,,,,,,,,,,0,,
off,92,b2,blue,jungle,刺客,wuxing,,1,1,4,0,4325,9556,1021,42.1,,,,0,,,,,,,,,,,,,,,,,,0,,
off,92,b3,blue,mid,法師,gambler,,1,2,3,1,9701,11012,600,24.7,,,,0,,,,,,,,,,,,,,,,,,0,,
off,92,b4,blue,adc,射手,mori,,1,6,1,0,12489,9773,1800,74.2,,,,0,,,,,,,,,,,,,,,,,,0,,
off,92,b5,blue,sup,輔助,fuwenbianzhi,,1,0,2,1,3694,11620,108,4.5,,,,0,,,,,,,,,,,,,,,,,,0,,
off,92,r1,red,top,戰士,tielian,,0,7,0,2,10393,20338,2100,86.5,,,,0,,,,,,,,,,,,,,,,,,0,,
off,92,r2,red,jungle,刺客,wuxing,,0,1,2,0,3438,9542,1178,48.5,,,,0,,,,,,,,,,,,,,,,,,0,,
off,92,r3,red,mid,法師,gambler,,0,3,1,3,11103,12934,900,37.1,,,,0,,,,,,,,,,,,,,,,,,0,,
off,92,r4,red,adc,射手,mori,,0,0,3,1,7353,8485,54,2.2,,,,0,,,,,,,,,,,,,,,,,,0,,
off,92,r5,red,sup,輔助,fuwenbianzhi,,0,1,3,3,3842,10785,300,12.4,,,,0,,,,,,,,,,,,,,,,,,0,,
off,93,b1,blue,top,戰士,hunpo,,0,1,0,0,5944,17965,300,12.1,,,,0,,,,,,,,,,,,,,,,,,0,,
off,93,b2,blue,jungle,刺客,voidrift,,0,3,2,0,4887,10057,1585,64.2,,,,0,,,,,,,,,,,,,,,,,,0,,
off,93,b3,blue,mid,法師,leiming,,0,2,3,1,11151,13121,600,24.3,,,,0,,,,,,,,,,,,,,,,,,0,,
off,93,b4,blue,adc,射手,leiting,,0,2,3,0,9531,9395,600,24.3,,,,0,,,,,,,,,,,,,,,,,,0,,
off,93,b5,blue,sup,輔助,luminary,,0,0,3,3,4929,11902,0,0,,,,0,,,,,,,,,,,,,,,,,,0,,
off,93,r1,red,top,戰士,hunpo,,1,2,1,0,6011,15297,600,24.3,,,,0,,,,,,,,,,,,,,,,,,0,,
off,93,r2,red,jungle,刺客,voidrift,,1,7,3,0,7125,11452,2956,119.7,,,,0,,,,,,,,,,,,,,,,,,0,,
off,93,r3,red,mid,法師,leiming,,1,1,1,4,13464,12962,300,12.1,,,,0,,,,,,,,,,,,,,,,,,0,,
off,93,r4,red,adc,射手,leiting,,1,1,2,1,8619,9120,300,12.1,,,,0,,,,,,,,,,,,,,,,,,0,,
off,93,r5,red,sup,輔助,luminary,,1,0,1,0,3393,9390,0,0,,,,0,,,,,,,,,,,,,,,,,,0,,
off,94,b1,blue,top,戰士,dushe,,0,1,4,1,14362,24477,317,11.2,,,,0,,,,,,,,,,,,,,,,,,0,,
off,94,b2,blue,jungle,刺客,miwu,,0,2,6,0,8751,14276,1524,53.8,,,,0,,,,,,,,,,,,,,,,,,0,,
off,94,b3,blue,mid,法師,haixiao,,0,1,4,2,13273,15536,363,12.8,,,,0,,,,,,,,,,,,,,,,,,0,,
off,94,b4,blue,adc,射手,shensheng,,0,2,3,0,14708,11893,600,21.2,,,,0,,,,,,,,,,,,,,,,,,0,,
off,94,b5,blue,sup,坦克,tiebi,,0,1,4,2,5730,16540,318,11.2,,,,0,,,,,,,,,,,,,,,,,,0,,
off,94,r1,red,top,戰士,dushe,,1,13,0,1,20392,24610,3954,139.5,,,,0,,,,,,,,,,,,,,,,,,0,,
off,94,r2,red,jungle,刺客,miwu,,1,2,0,2,7634,12082,1628,57.4,,,,0,,,,,,,,,,,,,,,,,,0,,
off,94,r3,red,mid,法師,haixiao,,1,3,2,1,16812,13205,900,31.7,,,,0,,,,,,,,,,,,,,,,,,0,,
off,94,r4,red,adc,射手,shensheng,,1,1,3,3,12689,10173,300,10.6,,,,0,,,,,,,,,,,,,,,,,,0,,
off,94,r5,red,sup,坦克,tiebi,,1,2,2,2,7046,17500,600,21.2,,,,0,,,,,,,,,,,,,,,,,,0,,
off,95,b1,blue,top,戰士,fengbao,,0,3,1,0,11038,21834,900,33.5,,,,0,,,,,,,,,,,,,,,,,,0,,
off,95,b2,blue,jungle,刺客,guihuo,,0,2,2,0,2887,12614,1439,53.5,,,,0,,,,,,,,,,,,,,,,,,0,,
off,95,b3,blue,mid,法師,leiming,,0,0,3,2,13009,15039,0,0,,,,0,,,,,,,,,,,,,,,,,,0,,
off,95,b4,blue,adc,射手,liangzicz,,0,2,3,1,9643,10664,654,24.3,,,,0,,,,,,,,,,,,,,,,,,0,,
off,95,b5,blue,sup,輔助,fengshen,,0,0,6,1,5147,13523,0,0,,,,0,,,,,,,,,,,,,,,,,,0,,
off,95,r1,red,top,戰士,fengbao,,1,5,1,1,12834,20576,1500,55.8,,,,0,,,,,,,,,,,,,,,,,,0,,
off,95,r2,red,jungle,刺客,guihuo,,1,5,1,2,6282,10923,2829,105.2,,,,0,,,,,,,,,,,,,,,,,,0,,
off,95,r3,red,mid,法師,leiming,,1,3,1,3,13429,13087,900,33.5,,,,0,,,,,,,,,,,,,,,,,,0,,
off,95,r4,red,adc,射手,liangzicz,,1,2,2,4,12686,9348,600,22.3,,,,0,,,,,,,,,,,,,,,,,,0,,
off,95,r5,red,sup,輔助,fengshen,,1,0,2,4,6521,11366,0,0,,,,0,,,,,,,,,,,,,,,,,,0,,
off,96,b1,blue,top,戰士,langwang,,1,5,4,1,13930,29448,1500,44,,,,0,,,,,,,,,,,,,,,,,,0,,
off,96,b2,blue,jungle,刺客,jiansheng,,1,3,6,1,6287,17493,1911,56,,,,0,,,,,,,,,,,,,,,,,,0,,
off,96,b3,blue,mid,法師,haixiao,,1,6,5,2,19413,20478,1800,52.8,,,,0,,,,,,,,,,,,,,,,,,0,,
off,96,b4,blue,adc,射手,xingchen,,1,6,3,2,23046,16824,1818,53.3,,,,0,,,,,,,,,,,,,,,,,,0,,
off,96,b5,blue,sup,輔助,hexweave,,1,0,6,5,9163,18774,0,0,,,,0,,,,,,,,,,,,,,,,,,0,,
off,96,r1,red,top,戰士,langwang,,0,10,3,0,17355,30535,3000,88,,,,0,,,,,,,,,,,,,,,,,,0,,
off,96,r2,red,jungle,刺客,jiansheng,,0,3,3,3,10503,17946,2308,67.7,,,,0,,,,,,,,,,,,,,,,,,0,,
off,96,r3,red,mid,法師,haixiao,,0,7,6,1,26159,17863,2100,61.6,,,,0,,,,,,,,,,,,,,,,,,0,,
off,96,r4,red,adc,射手,xingchen,,0,4,6,2,18922,14600,1200,35.2,,,,0,,,,,,,,,,,,,,,,,,0,,
off,96,r5,red,sup,輔助,hexweave,,0,0,2,3,7802,17135,0,0,,,,0,,,,,,,,,,,,,,,,,,0,,
off,97,b1,blue,top,戰士,kuangfeng,,0,2,6,1,17014,28477,618,19.4,,,,0,,,,,,,,,,,,,,,,,,0,,
off,97,b2,blue,jungle,刺客,hundun,,0,3,2,0,7165,14832,1810,56.9,,,,0,,,,,,,,,,,,,,,,,,0,,
off,97,b3,blue,mid,法師,leiming,,0,7,8,1,22787,19737,2118,66.6,,,,0,,,,,,,,,,,,,,,,,,0,,
off,97,b4,blue,adc,射手,dujian,,0,2,4,1,16437,13737,654,20.6,,,,0,,,,,,,,,,,,,,,,,,0,,
off,97,b5,blue,sup,坦克,tiankong,,0,0,5,3,7757,21089,0,0,,,,0,,,,,,,,,,,,,,,,,,0,,
off,97,r1,red,top,戰士,kuangfeng,,1,5,0,1,16479,29238,1500,47.1,,,,0,,,,,,,,,,,,,,,,,,0,,
off,97,r2,red,jungle,刺客,hundun,,1,9,2,1,10866,15937,3896,122.4,,,,0,,,,,,,,,,,,,,,,,,0,,
off,97,r3,red,mid,法師,leiming,,1,2,3,4,16496,16050,600,18.9,,,,0,,,,,,,,,,,,,,,,,,0,,
off,97,r4,red,adc,射手,dujian,,1,8,5,2,23522,14228,2400,75.4,,,,0,,,,,,,,,,,,,,,,,,0,,
off,97,r5,red,sup,坦克,tiankong,,1,1,4,3,8613,19924,300,9.4,,,,0,,,,,,,,,,,,,,,,,,0,,
off,98,b1,blue,top,戰士,greymantle,,0,0,1,0,8004,18391,0,0,,,,0,,,,,,,,,,,,,,,,,,0,,
off,98,b2,blue,jungle,刺客,yueying,,0,1,4,0,4525,10757,958,40.9,,,,0,,,,,,,,,,,,,,,,,,0,,
off,98,b3,blue,mid,法師,haixiao,,0,2,3,0,9875,12041,628,26.8,,,,0,,,,,,,,,,,,,,,,,,0,,
off,98,b4,blue,adc,射手,tianfa,,0,0,5,0,8071,9319,0,0,,,,0,,,,,,,,,,,,,,,,,,0,,
off,98,b5,blue,sup,坦克,shiqiang,,0,0,3,0,3995,15369,82,3.5,,,,0,,,,,,,,,,,,,,,,,,0,,
off,98,r1,red,top,戰士,greymantle,,1,2,0,1,11205,17421,600,25.6,,,,0,,,,,,,,,,,,,,,,,,0,,
off,98,r2,red,jungle,刺客,yueying,,1,3,0,1,5437,8631,1930,82.4,,,,0,,,,,,,,,,,,,,,,,,0,,
off,98,r3,red,mid,法師,haixiao,,1,5,1,0,11923,11756,1500,64.1,,,,0,,,,,,,,,,,,,,,,,,0,,
off,98,r4,red,adc,射手,tianfa,,1,3,2,3,13343,8158,900,38.4,,,,0,,,,,,,,,,,,,,,,,,0,,
off,98,r5,red,sup,坦克,shiqiang,,1,3,0,4,5954,12859,900,38.4,,,,0,,,,,,,,,,,,,,,,,,0,,
off,99,b1,blue,top,戰士,ravager,,1,0,2,0,8800,20793,0,0,,,,0,,,,,,,,,,,,,,,,,,0,,
off,99,b2,blue,jungle,戰士,longyi,,1,0,4,0,3030,10440,721,28.4,,,,0,,,,,,,,,,,,,,,,,,0,,
off,99,b3,blue,mid,法師,bingshuang,,1,1,3,0,10433,13425,300,11.8,,,,0,,,,,,,,,,,,,,,,,,0,,
off,99,b4,blue,adc,射手,dawnstrike,,1,3,3,0,10186,10216,900,35.5,,,,0,,,,,,,,,,,,,,,,,,0,,
off,99,b5,blue,sup,輔助,shengguang,,1,1,3,2,3481,12954,300,11.8,,,,0,,,,,,,,,,,,,,,,,,0,,
off,99,r1,red,top,戰士,ravager,,0,9,0,1,10831,16035,2700,106.5,,,,0,,,,,,,,,,,,,,,,,,0,,
off,99,r2,red,jungle,戰士,longyi,,0,3,0,2,8253,12888,1728,68.1,,,,0,,,,,,,,,,,,,,,,,,0,,
off,99,r3,red,mid,法師,bingshuang,,0,1,1,0,9927,11228,300,11.8,,,,0,,,,,,,,,,,,,,,,,,0,,
off,99,r4,red,adc,射手,dawnstrike,,0,2,3,1,13656,9090,600,23.7,,,,0,,,,,,,,,,,,,,,,,,0,,
off,99,r5,red,sup,輔助,shengguang,,0,0,1,3,4533,12040,0,0,,,,0,,,,,,,,,,,,,,,,,,0,,
off,100,b1,blue,top,戰士,dadi2,,1,6,0,1,15479,26797,1828,58.7,,,,0,,,,,,,,,,,,,,,,,,0,,
off,100,b2,blue,jungle,戰士,ravager,,1,1,2,2,7751,13371,1030,33.1,,,,0,,,,,,,,,,,,,,,,,,0,,
off,100,b3,blue,mid,法師,mingyun2,,1,4,2,3,18263,17073,1200,38.5,,,,0,,,,,,,,,,,,,,,,,,0,,
off,100,b4,blue,adc,射手,hanbing,,1,2,4,2,15341,12813,600,19.3,,,,0,,,,,,,,,,,,,,,,,,0,,
off,100,b5,blue,sup,坦克,tieshixin,,1,1,3,4,7887,18912,300,9.6,,,,0,,,,,,,,,,,,,,,,,,0,,
off,100,r1,red,top,戰士,dadi2,,0,5,1,0,14670,27625,1500,48.2,,,,0,,,,,,,,,,,,,,,,,,0,,
off,100,r2,red,jungle,戰士,ravager,,0,2,4,0,9401,14518,1684,54,,,,0,,,,,,,,,,,,,,,,,,0,,
off,100,r3,red,mid,法師,mingyun2,,0,4,2,1,15583,14827,1200,38.5,,,,0,,,,,,,,,,,,,,,,,,0,,
off,100,r4,red,adc,射手,hanbing,,0,0,0,0,17354,13326,0,0,,,,0,,,,,,,,,,,,,,,,,,0,,
off,100,r5,red,sup,坦克,tieshixin,,0,0,7,1,6569,20168,0,0,,,,0,,,,,,,,,,,,,,,,,,0,,
off,101,b1,blue,top,戰士,ronggang,,0,3,5,0,13932,25305,900,28.9,,,,0,,,,,,,,,,,,,,,,,,0,,
off,101,b2,blue,jungle,戰士,xueyue,,0,1,3,0,7250,14402,1068,34.4,,,,0,,,,,,,,,,,,,,,,,,0,,
off,101,b3,blue,mid,法師,bingshuang,,0,7,1,0,20856,16634,2100,67.5,,,,0,,,,,,,,,,,,,,,,,,0,,
off,101,b4,blue,adc,射手,xuanfeng,,0,7,3,2,23005,13070,2100,67.5,,,,0,,,,,,,,,,,,,,,,,,0,,
off,101,b5,blue,sup,坦克,xukong,,0,0,4,0,5549,20211,54,1.7,,,,0,,,,,,,,,,,,,,,,,,0,,
off,101,r1,red,top,戰士,ronggang,,1,7,3,2,14026,23955,2100,67.5,,,,0,,,,,,,,,,,,,,,,,,0,,
off,101,r2,red,jungle,戰士,xueyue,,1,5,1,1,12462,17832,2759,88.7,,,,0,,,,,,,,,,,,,,,,,,0,,
off,101,r3,red,mid,法師,bingshuang,,1,2,2,5,18094,15997,600,19.3,,,,0,,,,,,,,,,,,,,,,,,0,,
off,101,r4,red,adc,射手,xuanfeng,,1,1,6,0,17593,12400,300,9.6,,,,0,,,,,,,,,,,,,,,,,,0,,
off,101,r5,red,sup,坦克,xukong,,1,1,6,3,5724,20560,300,9.6,,,,0,,,,,,,,,,,,,,,,,,0,,
off,102,b1,blue,top,戰士,jingci,,0,2,0,0,6699,16940,600,24.4,,,,0,,,,,,,,,,,,,,,,,,0,,
off,102,b2,blue,jungle,戰士,jufeng,,0,2,1,1,9006,12937,1205,49,,,,0,,,,,,,,,,,,,,,,,,0,,
off,102,b3,blue,mid,法師,mingyun2,,0,3,3,1,11953,11794,900,36.6,,,,0,,,,,,,,,,,,,,,,,,0,,
off,102,b4,blue,adc,射手,phantom,,0,1,5,0,9647,9546,300,12.2,,,,0,,,,,,,,,,,,,,,,,,0,,
off,102,b5,blue,sup,輔助,tianshi,,0,0,3,2,5028,12840,0,0,,,,0,,,,,,,,,,,,,,,,,,0,,
off,102,r1,red,top,戰士,jingci,,1,2,1,0,9750,17843,600,24.4,,,,0,,,,,,,,,,,,,,,,,,0,,
off,102,r2,red,jungle,戰士,jufeng,,1,5,1,0,8088,12247,2344,95.2,,,,0,,,,,,,,,,,,,,,,,,0,,
off,102,r3,red,mid,法師,mingyun2,,1,1,1,2,10082,12963,300,12.2,,,,0,,,,,,,,,,,,,,,,,,0,,
off,102,r4,red,adc,射手,phantom,,1,3,4,1,11344,9050,900,36.6,,,,0,,,,,,,,,,,,,,,,,,0,,
off,102,r5,red,sup,輔助,tianshi,,1,1,1,2,5171,9596,300,12.2,,,,0,,,,,,,,,,,,,,,,,,0,,
off,103,b1,blue,top,戰士,tielian,,0,5,1,0,5207,18787,1500,62.1,,,,0,,,,,,,,,,,,,,,,,,0,,
off,103,b2,blue,jungle,戰士,rongyan,,0,1,1,3,5707,9745,832,34.4,,,,0,,,,,,,,,,,,,,,,,,0,,
off,103,b3,blue,mid,法師,bingshuang,,0,1,2,6,12438,13763,300,12.4,,,,0,,,,,,,,,,,,,,,,,,0,,
off,103,b4,blue,adc,射手,huanying,,0,4,2,1,9355,9010,1200,49.7,,,,0,,,,,,,,,,,,,,,,,,0,,
off,103,b5,blue,sup,輔助,mantra,,0,1,1,5,5117,10924,300,12.4,,,,0,,,,,,,,,,,,,,,,,,0,,
off,103,r1,red,top,戰士,tielian,,1,5,1,0,8825,17943,1518,62.9,,,,0,,,,,,,,,,,,,,,,,,0,,
off,103,r2,red,jungle,戰士,rongyan,,1,1,5,0,5149,10902,1294,53.6,,,,0,,,,,,,,,,,,,,,,,,0,,
off,103,r3,red,mid,法師,bingshuang,,1,0,2,2,11265,12389,0,0,,,,0,,,,,,,,,,,,,,,,,,0,,
off,103,r4,red,adc,射手,huanying,,1,1,3,1,7017,8278,300,12.4,,,,0,,,,,,,,,,,,,,,,,,0,,
off,103,r5,red,sup,輔助,mantra,,1,0,1,2,4345,10035,0,0,,,,0,,,,,,,,,,,,,,,,,,0,,
off,104,b1,blue,top,坦克,shiqiang,,0,2,1,0,7158,16880,600,26.4,,,,0,,,,,,,,,,,,,,,,,,0,,
off,104,b2,blue,jungle,戰士,tielian,,0,0,3,1,5328,9887,605,26.6,,,,0,,,,,,,,,,,,,,,,,,0,,
off,104,b3,blue,mid,法師,mingyun2,,0,1,0,0,8638,11599,300,13.2,,,,0,,,,,,,,,,,,,,,,,,0,,
off,104,b4,blue,adc,射手,guangsu,,0,1,2,0,6069,8010,300,13.2,,,,0,,,,,,,,,,,,,,,,,,0,,
off,104,b5,blue,sup,坦克,tiebi,,0,1,5,0,4068,13096,300,13.2,,,,0,,,,,,,,,,,,,,,,,,0,,
off,104,r1,red,top,坦克,shiqiang,,1,2,0,1,9497,14603,600,26.4,,,,0,,,,,,,,,,,,,,,,,,0,,
off,104,r2,red,jungle,戰士,tielian,,1,4,0,0,3584,7851,2206,97.2,,,,0,,,,,,,,,,,,,,,,,,0,,
off,104,r3,red,mid,法師,mingyun2,,1,3,1,0,10094,10941,900,39.6,,,,0,,,,,,,,,,,,,,,,,,0,,
off,104,r4,red,adc,射手,guangsu,,1,0,1,4,10865,7360,0,0,,,,0,,,,,,,,,,,,,,,,,,0,,
off,104,r5,red,sup,坦克,tiebi,,1,2,3,4,4827,14259,600,26.4,,,,0,,,,,,,,,,,,,,,,,,0,,
off,105,b1,blue,top,坦克,longji,,1,0,0,0,7653,17796,28,1.1,,,,0,,,,,,,,,,,,,,,,,,0,,
off,105,b2,blue,jungle,戰士,cinderfist,,1,1,1,0,5251,11091,904,36.1,,,,0,,,,,,,,,,,,,,,,,,0,,
off,105,b3,blue,mid,法師,shikong,,1,6,2,0,9486,12334,1800,71.8,,,,0,,,,,,,,,,,,,,,,,,0,,
off,105,b4,blue,adc,射手,mori,,1,4,3,0,8263,10182,1200,47.9,,,,0,,,,,,,,,,,,,,,,,,0,,
off,105,b5,blue,sup,輔助,zhanchang,,1,0,3,2,4176,12884,18,0.7,,,,0,,,,,,,,,,,,,,,,,,0,,
off,105,r1,red,top,坦克,longji,,0,3,1,0,8015,17470,900,35.9,,,,0,,,,,,,,,,,,,,,,,,0,,
off,105,r2,red,jungle,戰士,cinderfist,,0,2,3,2,6150,10418,1378,55,,,,0,,,,,,,,,,,,,,,,,,0,,
off,105,r3,red,mid,法師,shikong,,0,1,2,2,10520,12492,300,12,,,,0,,,,,,,,,,,,,,,,,,0,,
off,105,r4,red,adc,射手,mori,,0,3,4,0,10800,9971,900,35.9,,,,0,,,,,,,,,,,,,,,,,,0,,
off,105,r5,red,sup,輔助,zhanchang,,0,0,1,2,4400,11673,0,0,,,,0,,,,,,,,,,,,,,,,,,0,,
off,106,b1,blue,top,坦克,dadi,,0,0,0,0,7400,15409,0,0,,,,0,,,,,,,,,,,,,,,,,,0,,
off,106,b2,blue,jungle,戰士,chichuan,,0,1,4,0,3452,8292,903,39.9,,,,0,,,,,,,,,,,,,,,,,,0,,
off,106,b3,blue,mid,法師,lieyan,,0,1,1,0,8260,10037,300,13.3,,,,0,,,,,,,,,,,,,,,,,,0,,
off,106,b4,blue,adc,射手,leiting,,0,1,4,1,7756,9479,300,13.3,,,,0,,,,,,,,,,,,,,,,,,0,,
off,106,b5,blue,sup,輔助,luminary,,0,2,1,1,3048,10340,618,27.3,,,,0,,,,,,,,,,,,,,,,,,0,,
off,106,r1,red,top,坦克,dadi,,1,1,0,0,7750,17020,318,14.1,,,,0,,,,,,,,,,,,,,,,,,0,,
off,106,r2,red,jungle,戰士,chichuan,,1,4,0,0,3992,7573,2294,101.4,,,,0,,,,,,,,,,,,,,,,,,0,,
off,106,r3,red,mid,法師,lieyan,,1,0,1,1,9039,12187,0,0,,,,0,,,,,,,,,,,,,,,,,,0,,
off,106,r4,red,adc,射手,leiting,,1,3,3,0,7886,8133,900,39.8,,,,0,,,,,,,,,,,,,,,,,,0,,
off,106,r5,red,sup,輔助,luminary,,1,2,1,2,2524,10492,600,26.5,,,,0,,,,,,,,,,,,,,,,,,0,,
off,107,b1,blue,top,坦克,tixue,,0,3,2,1,12249,24710,900,31.8,,,,0,,,,,,,,,,,,,,,,,,0,,
off,107,b2,blue,jungle,戰士,dadi2,,0,1,4,1,8020,11804,1156,40.8,,,,0,,,,,,,,,,,,,,,,,,0,,
off,107,b3,blue,mid,法師,shikong,,0,2,5,2,13403,15444,600,21.2,,,,0,,,,,,,,,,,,,,,,,,0,,
off,107,b4,blue,adc,射手,shensheng,,0,6,4,1,15221,11761,1818,64.1,,,,0,,,,,,,,,,,,,,,,,,0,,
off,107,b5,blue,sup,坦克,tiankong,,0,2,3,1,6183,17179,618,21.8,,,,0,,,,,,,,,,,,,,,,,,0,,
off,107,r1,red,top,坦克,tixue,,1,5,1,1,12257,22060,1500,52.9,,,,0,,,,,,,,,,,,,,,,,,0,,
off,107,r2,red,jungle,戰士,dadi2,,1,6,3,1,6952,12881,2801,98.8,,,,0,,,,,,,,,,,,,,,,,,0,,
off,107,r3,red,mid,法師,shikong,,1,3,3,4,18202,15351,900,31.8,,,,0,,,,,,,,,,,,,,,,,,0,,
off,107,r4,red,adc,射手,shensheng,,1,2,5,4,19559,11048,600,21.2,,,,0,,,,,,,,,,,,,,,,,,0,,
off,107,r5,red,sup,坦克,tiankong,,1,2,2,3,5303,17214,600,21.2,,,,0,,,,,,,,,,,,,,,,,,0,,
off,108,b1,blue,top,坦克,stoneguard,,0,1,1,0,7353,20267,300,12,,,,0,,,,,,,,,,,,,,,,,,0,,
off,108,b2,blue,jungle,戰士,langwang,,0,1,4,0,6183,10752,1002,40,,,,0,,,,,,,,,,,,,,,,,,0,,
off,108,b3,blue,mid,法師,lieyan,,0,2,2,2,10351,13816,600,24,,,,0,,,,,,,,,,,,,,,,,,0,,
off,108,b4,blue,adc,射手,liangzicz,,0,2,2,1,11075,10116,600,24,,,,0,,,,,,,,,,,,,,,,,,0,,
off,108,b5,blue,sup,坦克,tiemu,,0,2,2,0,7919,16690,618,24.7,,,,0,,,,,,,,,,,,,,,,,,0,,
off,108,r1,red,top,坦克,stoneguard,,1,3,2,1,12464,19453,900,35.9,,,,0,,,,,,,,,,,,,,,,,,0,,
off,108,r2,red,jungle,戰士,langwang,,1,3,0,0,7838,11228,1883,75.2,,,,0,,,,,,,,,,,,,,,,,,0,,
off,108,r3,red,mid,法師,lieyan,,1,3,2,2,12769,12875,900,35.9,,,,0,,,,,,,,,,,,,,,,,,0,,
off,108,r4,red,adc,射手,liangzicz,,1,0,3,0,11269,9509,54,2.2,,,,0,,,,,,,,,,,,,,,,,,0,,
off,108,r5,red,sup,坦克,tiemu,,1,2,1,5,6903,14574,628,25.1,,,,0,,,,,,,,,,,,,,,,,,0,,
off,109,b1,blue,top,坦克,thornwall,,0,1,2,0,8505,21991,300,11.1,,,,0,,,,,,,,,,,,,,,,,,0,,
off,109,b2,blue,jungle,戰士,anliuyouXia,,0,0,2,2,6272,11858,712,26.3,,,,0,,,,,,,,,,,,,,,,,,0,,
off,109,b3,blue,mid,法師,shikong,,0,3,2,0,16577,15699,900,33.2,,,,0,,,,,,,,,,,,,,,,,,0,,
off,109,b4,blue,adc,射手,xingchen,,0,3,2,0,12444,11699,954,35.2,,,,0,,,,,,,,,,,,,,,,,,0,,
off,109,b5,blue,sup,輔助,hexweave,,0,3,2,0,5951,13829,900,33.2,,,,0,,,,,,,,,,,,,,,,,,0,,
off,109,r1,red,top,坦克,thornwall,,1,4,0,0,9299,18848,1200,44.3,,,,0,,,,,,,,,,,,,,,,,,0,,
off,109,r2,red,jungle,戰士,anliuyouXia,,1,2,3,1,8266,13612,1612,59.5,,,,0,,,,,,,,,,,,,,,,,,0,,
off,109,r3,red,mid,法師,shikong,,1,3,1,2,17421,14532,900,33.2,,,,0,,,,,,,,,,,,,,,,,,0,,
off,109,r4,red,adc,射手,xingchen,,1,1,6,3,13340,11021,300,11.1,,,,0,,,,,,,,,,,,,,,,,,0,,
off,109,r5,red,sup,輔助,hexweave,,1,0,0,2,7662,13123,0,0,,,,0,,,,,,,,,,,,,,,,,,0,,
off,110,b1,blue,top,坦克,tieshixin,,0,1,6,0,13518,28138,354,11.4,,,,0,,,,,,,,,,,,,,,,,,0,,
off,110,b2,blue,jungle,刺客,razorwing,,0,0,8,0,7499,14387,898,29,,,,0,,,,,,,,,,,,,,,,,,0,,
off,110,b3,blue,mid,法師,xingjie,,0,3,2,0,16668,16854,900,29.1,,,,0,,,,,,,,,,,,,,,,,,0,,
off,110,b4,blue,adc,射手,dujian,,0,5,6,1,17407,14721,1500,48.5,,,,0,,,,,,,,,,,,,,,,,,0,,
off,110,b5,blue,sup,坦克,tiankong,,0,1,8,0,6567,21993,300,9.7,,,,0,,,,,,,,,,,,,,,,,,0,,
off,110,r1,red,top,坦克,tieshixin,,1,12,1,0,15789,24454,3600,116.4,,,,0,,,,,,,,,,,,,,,,,,0,,
off,110,r2,red,jungle,刺客,razorwing,,1,8,1,5,14117,15949,3494,113,,,,0,,,,,,,,,,,,,,,,,,0,,
off,110,r3,red,mid,法師,xingjie,,1,6,1,6,24609,15486,1800,58.2,,,,0,,,,,,,,,,,,,,,,,,0,,
off,110,r4,red,adc,射手,dujian,,1,3,5,2,14093,11898,900,29.1,,,,0,,,,,,,,,,,,,,,,,,0,,
off,110,r5,red,sup,坦克,tiankong,,1,1,2,6,8972,18859,300,9.7,,,,0,,,,,,,,,,,,,,,,,,0,,
off,111,b1,blue,top,坦克,bingshouweis,,0,5,1,3,10075,16765,1500,61.7,,,,0,,,,,,,,,,,,,,,,,,0,,
off,111,b2,blue,jungle,刺客,jingxiang,,0,2,1,2,8840,11649,1240,51,,,,0,,,,,,,,,,,,,,,,,,0,,
off,111,b3,blue,mid,法師,auralith,,0,3,0,3,12342,11895,900,37,,,,0,,,,,,,,,,,,,,,,,,0,,
off,111,b4,blue,adc,射手,tianfa,,0,3,2,1,10631,9307,900,37,,,,0,,,,,,,,,,,,,,,,,,0,,
off,111,b5,blue,sup,坦克,shiqiang,,0,1,1,2,6308,14396,354,14.6,,,,0,,,,,,,,,,,,,,,,,,0,,
off,111,r1,red,top,坦克,bingshouweis,,1,3,2,0,9106,18398,900,37,,,,0,,,,,,,,,,,,,,,,,,0,,
off,111,r2,red,jungle,刺客,jingxiang,,1,0,5,1,9166,11168,845,34.7,,,,0,,,,,,,,,,,,,,,,,,0,,
off,111,r3,red,mid,法師,auralith,,1,2,3,0,10660,11975,628,25.8,,,,0,,,,,,,,,,,,,,,,,,0,,
off,111,r4,red,adc,射手,tianfa,,1,0,1,0,11595,8389,0,0,,,,0,,,,,,,,,,,,,,,,,,0,,
off,111,r5,red,sup,坦克,shiqiang,,1,0,3,2,5300,13851,0,0,,,,0,,,,,,,,,,,,,,,,,,0,,
off,112,b1,blue,top,坦克,tiankong,,0,4,1,0,10571,24230,1200,42.6,,,,0,,,,,,,,,,,,,,,,,,0,,
off,112,b2,blue,jungle,刺客,guihuo,,0,1,5,2,7017,12935,1219,43.3,,,,0,,,,,,,,,,,,,,,,,,0,,
off,112,b3,blue,mid,法師,xingjie,,0,5,4,0,16564,16276,1500,53.2,,,,0,,,,,,,,,,,,,,,,,,0,,
off,112,b4,blue,adc,射手,dawnstrike,,0,2,4,1,9721,12254,600,21.3,,,,0,,,,,,,,,,,,,,,,,,0,,
off,112,b5,blue,sup,輔助,tianshi,,0,1,5,1,6330,15906,318,11.3,,,,0,,,,,,,,,,,,,,,,,,0,,
off,112,r1,red,top,坦克,tiankong,,1,9,0,0,14445,22141,2772,98.4,,,,0,,,,,,,,,,,,,,,,,,0,,
off,112,r2,red,jungle,刺客,guihuo,,1,4,3,2,8514,13746,2257,80.1,,,,0,,,,,,,,,,,,,,,,,,0,,
off,112,r3,red,mid,法師,xingjie,,1,2,2,2,15892,15344,600,21.3,,,,0,,,,,,,,,,,,,,,,,,0,,
off,112,r4,red,adc,射手,dawnstrike,,1,2,4,1,13166,11768,600,21.3,,,,0,,,,,,,,,,,,,,,,,,0,,
off,112,r5,red,sup,輔助,tianshi,,1,2,4,4,7044,13491,654,23.2,,,,0,,,,,,,,,,,,,,,,,,0,,
off,113,b1,blue,top,坦克,shengdun,,0,1,3,0,6650,17160,354,15,,,,0,,,,,,,,,,,,,,,,,,0,,
off,113,b2,blue,jungle,刺客,yingsi,,0,0,4,0,4442,10979,558,23.6,,,,0,,,,,,,,,,,,,,,,,,0,,
off,113,b3,blue,mid,法師,auralith,,0,0,3,0,7737,12034,54,2.3,,,,0,,,,,,,,,,,,,,,,,,0,,
off,113,b4,blue,adc,射手,hanbing,,0,1,2,0,8272,8889,300,12.7,,,,0,,,,,,,,,,,,,,,,,,0,,
off,113,b5,blue,sup,輔助,linghun,,0,0,4,0,3678,11722,0,0,,,,0,,,,,,,,,,,,,,,,,,0,,
off,113,r1,red,top,坦克,shengdun,,1,5,1,3,10169,17246,1554,65.8,,,,0,,,,,,,,,,,,,,,,,,0,,
off,113,r2,red,jungle,刺客,yingsi,,1,3,0,2,6524,9521,1849,78.2,,,,0,,,,,,,,,,,,,,,,,,0,,
off,113,r3,red,mid,法師,auralith,,1,6,0,2,12907,10322,1800,76.2,,,,0,,,,,,,,,,,,,,,,,,0,,
off,113,r4,red,adc,射手,hanbing,,1,1,0,4,10608,8296,300,12.7,,,,0,,,,,,,,,,,,,,,,,,0,,
off,113,r5,red,sup,輔助,linghun,,1,1,1,5,3122,10097,300,12.7,,,,0,,,,,,,,,,,,,,,,,,0,,
off,114,b1,blue,top,坦克,xukong,,0,1,4,0,12863,20209,300,12,,,,0,,,,,,,,,,,,,,,,,,0,,
off,114,b2,blue,jungle,刺客,youming,,0,0,1,0,4033,10963,811,32.4,,,,0,,,,,,,,,,,,,,,,,,0,,
off,114,b3,blue,mid,法師,xingjie,,0,1,5,1,10897,13741,300,12,,,,0,,,,,,,,,,,,,,,,,,0,,
off,114,b4,blue,adc,射手,xuanfeng,,0,2,3,0,10385,10430,654,26.1,,,,0,,,,,,,,,,,,,,,,,,0,,
off,114,b5,blue,sup,坦克,shengdun,,0,1,7,1,4505,15713,300,12,,,,0,,,,,,,,,,,,,,,,,,0,,
off,114,r1,red,top,坦克,xukong,,1,7,0,2,11417,15188,2100,83.8,,,,0,,,,,,,,,,,,,,,,,,0,,
off,114,r2,red,jungle,刺客,youming,,1,3,0,2,8237,11246,1627,65,,,,0,,,,,,,,,,,,,,,,,,0,,
off,114,r3,red,mid,法師,xingjie,,1,5,0,1,12286,11411,1500,59.9,,,,0,,,,,,,,,,,,,,,,,,0,,
off,114,r4,red,adc,射手,xuanfeng,,1,3,2,4,12029,8795,954,38.1,,,,0,,,,,,,,,,,,,,,,,,0,,
off,114,r5,red,sup,坦克,shengdun,,1,2,3,5,7118,14695,600,24,,,,0,,,,,,,,,,,,,,,,,,0,,
off,115,b1,blue,top,坦克,tiemu,,0,4,3,1,6436,17602,1200,47.8,,,,0,,,,,,,,,,,,,,,,,,0,,
off,115,b2,blue,jungle,刺客,yueying,,0,1,2,2,5002,10465,1130,45,,,,0,,,,,,,,,,,,,,,,,,0,,
off,115,b3,blue,mid,法師,auralith,,0,1,1,0,9892,11958,300,11.9,,,,0,,,,,,,,,,,,,,,,,,0,,
off,115,b4,blue,adc,射手,phantom,,0,1,4,0,9831,10015,300,11.9,,,,0,,,,,,,,,,,,,,,,,,0,,
off,115,b5,blue,sup,輔助,fuwenbianzhi,,0,1,4,0,5441,11702,300,11.9,,,,0,,,,,,,,,,,,,,,,,,0,,
off,115,r1,red,top,坦克,tiemu,,1,5,0,1,8082,19543,1554,61.9,,,,0,,,,,,,,,,,,,,,,,,0,,
off,115,r2,red,jungle,刺客,yueying,,1,2,1,2,6684,10819,1672,66.6,,,,0,,,,,,,,,,,,,,,,,,0,,
off,115,r3,red,mid,法師,auralith,,1,3,1,1,13153,12415,900,35.8,,,,0,,,,,,,,,,,,,,,,,,0,,
off,115,r4,red,adc,射手,phantom,,1,3,3,0,10098,10348,900,35.8,,,,0,,,,,,,,,,,,,,,,,,0,,
off,115,r5,red,sup,輔助,fuwenbianzhi,,1,1,3,1,4621,10222,300,11.9,,,,0,,,,,,,,,,,,,,,,,,0,,
off,116,b1,blue,top,坦克,longji,,0,5,2,1,11349,26233,1500,48.1,,,,0,,,,,,,,,,,,,,,,,,0,,
off,116,b2,blue,jungle,刺客,yeiren,,0,4,1,1,9647,17885,1966,63.1,,,,0,,,,,,,,,,,,,,,,,,0,,
off,116,b3,blue,mid,法師,ronghuo,,0,6,2,2,15514,16806,1800,57.7,,,,0,,,,,,,,,,,,,,,,,,0,,
off,116,b4,blue,adc,射手,huanying,,0,6,3,5,16310,14014,1800,57.7,,,,0,,,,,,,,,,,,,,,,,,0,,
off,116,b5,blue,sup,輔助,mantra,,0,0,3,4,7912,16099,54,1.7,,,,0,,,,,,,,,,,,,,,,,,0,,
off,116,r1,red,top,坦克,longji,,1,8,3,0,10771,23322,2454,78.7,,,,0,,,,,,,,,,,,,,,,,,0,,
off,116,r2,red,jungle,刺客,yeiren,,1,1,4,0,9446,16794,1286,41.2,,,,0,,,,,,,,,,,,,,,,,,0,,
off,116,r3,red,mid,法師,ronghuo,,1,0,4,3,22630,16196,0,0,,,,0,,,,,,,,,,,,,,,,,,0,,
off,116,r4,red,adc,射手,huanying,,1,1,7,0,12489,13650,300,9.6,,,,0,,,,,,,,,,,,,,,,,,0,,
off,116,r5,red,sup,輔助,mantra,,1,1,3,1,6678,13625,300,9.6,,,,0,,,,,,,,,,,,,,,,,,0,,
off,117,b1,blue,top,坦克,dadi,,1,1,3,0,8203,17158,300,12.9,,,,0,,,,,,,,,,,,,,,,,,0,,
off,117,b2,blue,jungle,刺客,duskblade,,1,2,2,0,6234,10563,1141,48.9,,,,0,,,,,,,,,,,,,,,,,,0,,
off,117,b3,blue,mid,法師,gambler,,1,5,2,0,11201,10631,1500,64.3,,,,0,,,,,,,,,,,,,,,,,,0,,
off,117,b4,blue,adc,射手,guangsu,,1,2,3,0,11166,8178,600,25.7,,,,0,,,,,,,,,,,,,,,,,,0,,
off,117,b5,blue,sup,坦克,tiebi,,1,0,1,1,4642,12509,0,0,,,,0,,,,,,,,,,,,,,,,,,0,,
off,117,r1,red,top,坦克,dadi,,0,4,0,2,8120,15532,1218,52.2,,,,0,,,,,,,,,,,,,,,,,,0,,
off,117,r2,red,jungle,刺客,duskblade,,0,4,0,1,9043,11920,1979,84.8,,,,0,,,,,,,,,,,,,,,,,,0,,
off,117,r3,red,mid,法師,gambler,,0,2,4,3,9743,11452,600,25.7,,,,0,,,,,,,,,,,,,,,,,,0,,
off,117,r4,red,adc,射手,guangsu,,0,1,3,1,9789,8344,300,12.9,,,,0,,,,,,,,,,,,,,,,,,0,,
off,117,r5,red,sup,坦克,tiebi,,0,0,3,5,5049,13492,0,0,,,,0,,,,,,,,,,,,,,,,,,0,,
off,118,b1,blue,top,坦克,suishan,,1,3,7,1,9919,26176,900,28.7,,,,0,,,,,,,,,,,,,,,,,,0,,
off,118,b2,blue,jungle,刺客,binghe,,1,1,2,2,10199,14242,1193,38,,,,0,,,,,,,,,,,,,,,,,,0,,
off,118,b3,blue,mid,法師,ronghuo,,1,6,3,0,17225,17157,1800,57.4,,,,0,,,,,,,,,,,,,,,,,,0,,
off,118,b4,blue,adc,射手,mori,,1,4,4,3,21348,12654,1254,40,,,,0,,,,,,,,,,,,,,,,,,0,,
off,118,b5,blue,sup,坦克,tiemu,,1,2,7,2,8241,22230,600,19.1,,,,0,,,,,,,,,,,,,,,,,,0,,
off,118,r1,red,top,坦克,suishan,,0,8,3,1,15898,27652,2400,76.5,,,,0,,,,,,,,,,,,,,,,,,0,,
off,118,r2,red,jungle,刺客,binghe,,0,6,2,4,9835,16151,3056,97.4,,,,0,,,,,,,,,,,,,,,,,,0,,
off,118,r3,red,mid,法師,ronghuo,,0,5,2,4,20227,17743,1500,47.8,,,,0,,,,,,,,,,,,,,,,,,0,,
off,118,r4,red,adc,射手,mori,,0,3,7,2,15207,11389,900,28.7,,,,0,,,,,,,,,,,,,,,,,,0,,
off,118,r5,red,sup,坦克,tiemu,,0,1,2,2,6725,20126,300,9.6,,,,0,,,,,,,,,,,,,,,,,,0,,
off,119,b1,blue,top,坦克,stoneguard,,0,1,4,0,7084,22692,300,10.4,,,,0,,,,,,,,,,,,,,,,,,0,,
off,119,b2,blue,jungle,刺客,shanying,,0,1,6,1,7667,14655,1112,38.5,,,,0,,,,,,,,,,,,,,,,,,0,,
off,119,b3,blue,mid,法師,gambler,,0,3,2,1,14216,16903,900,31.2,,,,0,,,,,,,,,,,,,,,,,,0,,
off,119,b4,blue,adc,射手,liuxing,,0,1,8,1,11967,13237,300,10.4,,,,0,,,,,,,,,,,,,,,,,,0,,
off,119,b5,blue,sup,輔助,luminary,,0,0,2,2,5268,16042,82,2.8,,,,0,,,,,,,,,,,,,,,,,,0,,
off,119,r1,red,top,坦克,stoneguard,,1,9,1,1,13073,24424,2700,93.5,,,,0,,,,,,,,,,,,,,,,,,0,,
off,119,r2,red,jungle,刺客,shanying,,1,7,0,3,10048,12494,3064,106.1,,,,0,,,,,,,,,,,,,,,,,,0,,
off,119,r3,red,mid,法師,gambler,,1,4,1,0,16836,13483,1200,41.6,,,,0,,,,,,,,,,,,,,,,,,0,,
off,119,r4,red,adc,射手,liuxing,,1,2,2,2,16294,10191,600,20.8,,,,0,,,,,,,,,,,,,,,,,,0,,
off,119,r5,red,sup,輔助,luminary,,1,0,2,3,4840,12730,0,0,,,,0,,,,,,,,,,,,,,,,,,0,,
off,120,b1,blue,top,坦克,ironclad,,0,0,3,0,5685,17720,0,0,,,,0,,,,,,,,,,,,,,,,,,0,,
off,120,b2,blue,jungle,戰士,langwang,,0,0,2,0,4809,9154,758,31.7,,,,0,,,,,,,,,,,,,,,,,,0,,
off,120,b3,blue,mid,法師,ronghuo,,0,2,3,0,10798,13151,600,25.1,,,,0,,,,,,,,,,,,,,,,,,0,,
off,120,b4,blue,adc,射手,shensheng,,0,3,6,0,10906,11528,900,37.7,,,,0,,,,,,,,,,,,,,,,,,0,,
off,120,b5,blue,sup,坦克,tiankong,,0,0,2,0,4663,15427,54,2.3,,,,0,,,,,,,,,,,,,,,,,,0,,
off,120,r1,red,top,坦克,ironclad,,1,3,0,1,8309,16177,954,39.9,,,,0,,,,,,,,,,,,,,,,,,0,,
off,120,r2,red,jungle,戰士,langwang,,1,3,0,0,5979,9070,1522,63.7,,,,0,,,,,,,,,,,,,,,,,,0,,
off,120,r3,red,mid,法師,ronghuo,,1,4,2,2,16459,12072,1200,50.2,,,,0,,,,,,,,,,,,,,,,,,0,,
off,120,r4,red,adc,射手,shensheng,,1,4,2,4,7637,8607,1200,50.2,,,,0,,,,,,,,,,,,,,,,,,0,,
off,120,r5,red,sup,坦克,tiankong,,1,2,1,4,6541,13842,600,25.1,,,,0,,,,,,,,,,,,,,,,,,0,,
off,121,b1,blue,top,坦克,tieshixin,,0,1,6,1,11928,25207,300,10,,,,0,,,,,,,,,,,,,,,,,,0,,
off,121,b2,blue,jungle,戰士,jingci,,0,0,7,0,9068,15787,947,31.7,,,,0,,,,,,,,,,,,,,,,,,0,,
off,121,b3,blue,mid,法師,gambler,,0,4,4,1,16820,17484,1228,41,,,,0,,,,,,,,,,,,,,,,,,0,,
off,121,b4,blue,adc,射手,liangzicz,,0,3,6,2,13057,12575,918,30.7,,,,0,,,,,,,,,,,,,,,,,,0,,
off,121,b5,blue,sup,坦克,tiemu,,0,1,7,0,6630,20426,300,10,,,,0,,,,,,,,,,,,,,,,,,0,,
off,121,r1,red,top,坦克,tieshixin,,1,12,1,2,20673,24279,3654,122.2,,,,0,,,,,,,,,,,,,,,,,,0,,
off,121,r2,red,jungle,戰士,jingci,,1,5,1,6,8729,12073,2528,84.5,,,,0,,,,,,,,,,,,,,,,,,0,,
off,121,r3,red,mid,法師,gambler,,1,2,2,3,16761,15868,600,20.1,,,,0,,,,,,,,,,,,,,,,,,0,,
off,121,r4,red,adc,射手,liangzicz,,1,9,5,3,17481,12448,2754,92.1,,,,0,,,,,,,,,,,,,,,,,,0,,
off,121,r5,red,sup,坦克,tiemu,,1,2,0,3,8574,17399,600,20.1,,,,0,,,,,,,,,,,,,,,,,,0,,
off,122,b1,blue,top,坦克,bingshouweis,,0,1,1,0,6562,18746,300,12.3,,,,0,,,,,,,,,,,,,,,,,,0,,
off,122,b2,blue,jungle,戰士,greymantle,,0,2,1,0,4935,11380,1176,48.1,,,,0,,,,,,,,,,,,,,,,,,0,,
off,122,b3,blue,mid,法師,leiming,,0,1,3,1,9010,12999,300,12.3,,,,0,,,,,,,,,,,,,,,,,,0,,
off,122,b4,blue,adc,射手,xingchen,,0,0,6,1,6184,9868,0,0,,,,0,,,,,,,,,,,,,,,,,,0,,
off,122,b5,blue,sup,輔助,shengguang,,0,1,0,0,4512,12526,300,12.3,,,,0,,,,,,,,,,,,,,,,,,0,,
off,122,r1,red,top,坦克,bingshouweis,,1,2,2,1,7042,17200,600,24.5,,,,0,,,,,,,,,,,,,,,,,,0,,
off,122,r2,red,jungle,戰士,greymantle,,1,1,0,0,4932,9309,1182,48.3,,,,0,,,,,,,,,,,,,,,,,,0,,
off,122,r3,red,mid,法師,leiming,,1,4,3,0,10952,12463,1200,49,,,,0,,,,,,,,,,,,,,,,,,0,,
off,122,r4,red,adc,射手,xingchen,,1,3,0,4,13936,8951,900,36.8,,,,0,,,,,,,,,,,,,,,,,,0,,
off,122,r5,red,sup,輔助,shengguang,,1,1,0,0,3276,9688,300,12.3,,,,0,,,,,,,,,,,,,,,,,,0,,
off,123,b1,blue,top,坦克,tiebi,,1,3,2,2,7463,18870,900,38.8,,,,0,,,,,,,,,,,,,,,,,,0,,
off,123,b2,blue,jungle,戰士,chichuan,,1,1,2,1,2446,7249,832,35.8,,,,0,,,,,,,,,,,,,,,,,,0,,
off,123,b3,blue,mid,法師,haixiao,,1,1,1,0,8756,12034,300,12.9,,,,0,,,,,,,,,,,,,,,,,,0,,
off,123,b4,blue,adc,射手,dujian,,1,1,1,2,10519,7573,300,12.9,,,,0,,,,,,,,,,,,,,,,,,0,,
off,123,b5,blue,sup,輔助,mingyunyindao,,1,4,2,0,4438,10185,1254,54,,,,0,,,,,,,,,,,,,,,,,,0,,
off,123,r1,red,top,坦克,tiebi,,0,3,2,1,5737,16604,900,38.8,,,,0,,,,,,,,,,,,,,,,,,0,,
off,123,r2,red,jungle,戰士,chichuan,,0,3,2,2,6779,10114,1834,78.9,,,,0,,,,,,,,,,,,,,,,,,0,,
off,123,r3,red,mid,法師,haixiao,,0,2,1,0,10711,12131,600,25.8,,,,0,,,,,,,,,,,,,,,,,,0,,
off,123,r4,red,adc,射手,dujian,,0,0,3,1,9775,8929,0,0,,,,0,,,,,,,,,,,,,,,,,,0,,
off,123,r5,red,sup,輔助,mingyunyindao,,0,0,2,1,4816,10540,0,0,,,,0,,,,,,,,,,,,,,,,,,0,,
off,124,b1,blue,top,坦克,shengdun,,1,2,1,1,11139,20162,600,21.5,,,,0,,,,,,,,,,,,,,,,,,0,,
off,124,b2,blue,jungle,戰士,leimingcf,,1,2,0,0,10446,13954,1213,43.5,,,,0,,,,,,,,,,,,,,,,,,0,,
off,124,b3,blue,mid,法師,leiming,,1,9,2,1,17377,12698,2700,96.8,,,,0,,,,,,,,,,,,,,,,,,0,,
off,124,b4,blue,adc,射手,tianfa,,1,6,4,3,16764,10775,1800,64.5,,,,0,,,,,,,,,,,,,,,,,,0,,
off,124,b5,blue,sup,坦克,shiqiang,,1,2,3,5,5583,14891,600,21.5,,,,0,,,,,,,,,,,,,,,,,,0,,
off,124,r1,red,top,坦克,shengdun,,0,4,1,0,11150,22520,1254,45,,,,0,,,,,,,,,,,,,,,,,,0,,
off,124,r2,red,jungle,戰士,leimingcf,,0,0,3,0,7824,12554,970,34.8,,,,0,,,,,,,,,,,,,,,,,,0,,
off,124,r3,red,mid,法師,leiming,,0,2,5,1,13150,16254,600,21.5,,,,0,,,,,,,,,,,,,,,,,,0,,
off,124,r4,red,adc,射手,tianfa,,0,3,7,0,12343,12105,900,32.3,,,,0,,,,,,,,,,,,,,,,,,0,,
off,124,r5,red,sup,坦克,shiqiang,,0,1,5,1,4933,19106,300,10.8,,,,0,,,,,,,,,,,,,,,,,,0,,
off,125,b1,blue,top,坦克,shiqiang,,1,4,1,1,10541,18716,1200,45.9,,,,0,,,,,,,,,,,,,,,,,,0,,
off,125,b2,blue,jungle,戰士,fengbao,,1,1,0,1,5350,11713,877,33.5,,,,0,,,,,,,,,,,,,,,,,,0,,
off,125,b3,blue,mid,法師,haixiao,,1,6,2,0,11048,14063,1800,68.8,,,,0,,,,,,,,,,,,,,,,,,0,,
off,125,b4,blue,adc,射手,mirrorshot,,1,1,0,3,13278,9580,300,11.5,,,,0,,,,,,,,,,,,,,,,,,0,,
off,125,b5,blue,sup,輔助,tianshi,,1,1,1,4,8340,13837,300,11.5,,,,0,,,,,,,,,,,,,,,,,,0,,
off,125,r1,red,top,坦克,shiqiang,,0,3,1,0,11341,20444,900,34.4,,,,0,,,,,,,,,,,,,,,,,,0,,
off,125,r2,red,jungle,戰士,fengbao,,0,0,4,0,5972,12323,985,37.7,,,,0,,,,,,,,,,,,,,,,,,0,,
off,125,r3,red,mid,法師,haixiao,,0,1,1,0,10294,13098,300,11.5,,,,0,,,,,,,,,,,,,,,,,,0,,
off,125,r4,red,adc,射手,mirrorshot,,0,0,5,1,13052,10858,0,0,,,,0,,,,,,,,,,,,,,,,,,0,,
off,125,r5,red,sup,輔助,tianshi,,0,0,2,2,4593,12325,0,0,,,,0,,,,,,,,,,,,,,,,,,0,,
off,126,b1,blue,top,坦克,tiemu,,0,1,4,1,8688,22289,300,11.2,,,,0,,,,,,,,,,,,,,,,,,0,,
off,126,b2,blue,jungle,戰士,anliuyouXia,,0,2,4,0,4682,13501,1259,46.8,,,,0,,,,,,,,,,,,,,,,,,0,,
off,126,b3,blue,mid,法師,leiming,,0,2,4,2,13069,14260,600,22.3,,,,0,,,,,,,,,,,,,,,,,,0,,
off,126,b4,blue,adc,射手,hanbing,,0,0,8,0,10378,11145,108,4,,,,0,,,,,,,,,,,,,,,,,,0,,
off,126,b5,blue,sup,輔助,linghun,,0,1,3,1,6324,14317,318,11.8,,,,0,,,,,,,,,,,,,,,,,,0,,
off,126,r1,red,top,坦克,tiemu,,1,6,1,0,13325,19932,1800,66.9,,,,0,,,,,,,,,,,,,,,,,,0,,
off,126,r2,red,jungle,戰士,anliuyouXia,,1,7,1,1,9094,12582,2953,109.8,,,,0,,,,,,,,,,,,,,,,,,0,,
off,126,r3,red,mid,法師,leiming,,1,5,2,3,12819,13388,1500,55.8,,,,0,,,,,,,,,,,,,,,,,,0,,
off,126,r4,red,adc,射手,hanbing,,1,4,2,3,18925,8568,1200,44.6,,,,0,,,,,,,,,,,,,,,,,,0,,
off,126,r5,red,sup,輔助,linghun,,1,1,0,6,7481,12444,300,11.2,,,,0,,,,,,,,,,,,,,,,,,0,,
off,127,b1,blue,top,戰士,xueyue,,0,2,1,0,8593,18175,628,25.2,,,,0,,,,,,,,,,,,,,,,,,0,,
off,127,b2,blue,jungle,戰士,embercoil,,0,2,4,1,5635,11071,1453,58.3,,,,0,,,,,,,,,,,,,,,,,,0,,
off,127,b3,blue,mid,法師,haixiao,,0,1,4,1,13015,13736,382,15.3,,,,0,,,,,,,,,,,,,,,,,,0,,
off,127,b4,blue,adc,射手,xuanfeng,,0,3,4,1,9878,9510,954,38.3,,,,0,,,,,,,,,,,,,,,,,,0,,
off,127,b5,blue,sup,坦克,shengdun,,0,0,2,2,4790,15865,18,0.7,,,,0,,,,,,,,,,,,,,,,,,0,,
off,127,r1,red,top,戰士,xueyue,,1,4,0,1,12236,17524,1218,48.9,,,,0,,,,,,,,,,,,,,,,,,0,,
off,127,r2,red,jungle,戰士,embercoil,,1,4,3,0,6042,10920,1988,79.8,,,,0,,,,,,,,,,,,,,,,,,0,,
off,127,r3,red,mid,法師,haixiao,,1,2,2,2,10799,10856,600,24.1,,,,0,,,,,,,,,,,,,,,,,,0,,
off,127,r4,red,adc,射手,xuanfeng,,1,2,3,2,12587,9558,600,24.1,,,,0,,,,,,,,,,,,,,,,,,0,,
off,127,r5,red,sup,坦克,shengdun,,1,3,0,4,6681,13815,900,36.1,,,,0,,,,,,,,,,,,,,,,,,0,,
off,128,b1,blue,top,戰士,langwang,,0,1,3,0,10013,22510,300,10.8,,,,0,,,,,,,,,,,,,,,,,,0,,
off,128,b2,blue,jungle,戰士,longyi,,0,0,7,1,6402,11477,883,31.6,,,,0,,,,,,,,,,,,,,,,,,0,,
off,128,b3,blue,mid,法師,bingshuang,,0,3,2,1,13178,15145,900,32.3,,,,0,,,,,,,,,,,,,,,,,,0,,
off,128,b4,blue,adc,射手,phantom,,0,5,4,3,17419,12464,1500,53.8,,,,0,,,,,,,,,,,,,,,,,,0,,
off,128,b5,blue,sup,坦克,dadi,,0,1,7,1,5064,18375,346,12.4,,,,0,,,,,,,,,,,,,,,,,,0,,
off,128,r1,red,top,戰士,langwang,,1,6,2,1,16649,22329,1800,64.5,,,,0,,,,,,,,,,,,,,,,,,0,,
off,128,r2,red,jungle,戰士,longyi,,1,4,0,1,6731,10748,2413,86.5,,,,0,,,,,,,,,,,,,,,,,,0,,
off,128,r3,red,mid,法師,bingshuang,,1,9,2,0,14663,15269,2700,96.8,,,,0,,,,,,,,,,,,,,,,,,0,,
off,128,r4,red,adc,射手,phantom,,1,3,2,2,16124,10519,900,32.3,,,,0,,,,,,,,,,,,,,,,,,0,,
off,128,r5,red,sup,坦克,dadi,,1,1,4,1,4615,17162,300,10.8,,,,0,,,,,,,,,,,,,,,,,,0,,
off,129,b1,blue,top,戰士,kuangfeng,,0,1,1,1,8696,20809,328,12.3,,,,0,,,,,,,,,,,,,,,,,,0,,
off,129,b2,blue,jungle,戰士,ravager,,0,0,2,1,3894,11175,748,28.1,,,,0,,,,,,,,,,,,,,,,,,0,,
off,129,b3,blue,mid,法師,mingyun2,,0,2,2,1,12808,14284,600,22.5,,,,0,,,,,,,,,,,,,,,,,,0,,
off,129,b4,blue,adc,射手,huanying,,0,3,4,0,10265,10772,900,33.8,,,,0,,,,,,,,,,,,,,,,,,0,,
off,129,b5,blue,sup,輔助,mantra,,0,0,3,0,4251,11832,0,0,,,,0,,,,,,,,,,,,,,,,,,0,,
off,129,r1,red,top,戰士,kuangfeng,,1,6,1,0,10449,19694,1800,67.6,,,,0,,,,,,,,,,,,,,,,,,0,,
off,129,r2,red,jungle,戰士,ravager,,1,2,1,3,7944,13380,1696,63.7,,,,0,,,,,,,,,,,,,,,,,,0,,
off,129,r3,red,mid,法師,mingyun2,,1,1,1,0,14664,14010,300,11.3,,,,0,,,,,,,,,,,,,,,,,,0,,
off,129,r4,red,adc,射手,huanying,,1,2,1,0,9720,10271,600,22.5,,,,0,,,,,,,,,,,,,,,,,,0,,
off,129,r5,red,sup,輔助,mantra,,1,1,2,2,4034,12754,300,11.3,,,,0,,,,,,,,,,,,,,,,,,0,,
off,130,b1,blue,top,戰士,greymantle,,1,4,1,1,13838,21593,1200,43,,,,0,,,,,,,,,,,,,,,,,,0,,
off,130,b2,blue,jungle,刺客,yingsi,,1,5,1,2,5724,9557,2184,78.3,,,,0,,,,,,,,,,,,,,,,,,0,,
off,130,b3,blue,mid,法師,bingshuang,,1,4,1,2,18259,13686,1200,43,,,,0,,,,,,,,,,,,,,,,,,0,,
off,130,b4,blue,adc,射手,guangsu,,1,2,4,2,14548,10656,600,21.5,,,,0,,,,,,,,,,,,,,,,,,0,,
off,130,b5,blue,sup,坦克,tiebi,,1,2,4,1,6444,17184,618,22.2,,,,0,,,,,,,,,,,,,,,,,,0,,
off,130,r1,red,top,戰士,greymantle,,0,4,2,1,12767,21914,1200,43,,,,0,,,,,,,,,,,,,,,,,,0,,
off,130,r2,red,jungle,刺客,yingsi,,0,2,3,1,9525,13665,1640,58.8,,,,0,,,,,,,,,,,,,,,,,,0,,
off,130,r3,red,mid,法師,bingshuang,,0,2,4,4,12541,13673,600,21.5,,,,0,,,,,,,,,,,,,,,,,,0,,
off,130,r4,red,adc,射手,guangsu,,0,2,4,0,13875,11088,600,21.5,,,,0,,,,,,,,,,,,,,,,,,0,,
off,130,r5,red,sup,坦克,tiebi,,0,1,4,3,5331,18531,300,10.8,,,,0,,,,,,,,,,,,,,,,,,0,,
off,131,b1,blue,top,戰士,ravager,,0,0,0,0,7437,18834,0,0,,,,0,,,,,,,,,,,,,,,,,,0,,
off,131,b2,blue,jungle,刺客,shanying,,0,0,2,0,4479,9709,603,25.8,,,,0,,,,,,,,,,,,,,,,,,0,,
off,131,b3,blue,mid,法師,mingyun2,,0,0,4,0,6188,10730,0,0,,,,0,,,,,,,,,,,,,,,,,,0,,
off,131,b4,blue,adc,射手,maestro,,0,0,6,0,9516,10015,18,0.8,,,,0,,,,,,,,,,,,,,,,,,0,,
off,131,b5,blue,sup,坦克,longji,,0,1,5,0,5868,14406,354,15.1,,,,0,,,,,,,,,,,,,,,,,,0,,
off,131,r1,red,top,戰士,ravager,,1,1,0,2,11008,15969,300,12.8,,,,0,,,,,,,,,,,,,,,,,,0,,
off,131,r2,red,jungle,刺客,shanying,,1,7,0,0,6895,8636,2869,122.6,,,,0,,,,,,,,,,,,,,,,,,0,,
off,131,r3,red,mid,法師,mingyun2,,1,4,0,1,11589,10178,1200,51.3,,,,0,,,,,,,,,,,,,,,,,,0,,
off,131,r4,red,adc,射手,maestro,,1,3,1,1,9410,8490,928,39.6,,,,0,,,,,,,,,,,,,,,,,,0,,
off,131,r5,red,sup,坦克,longji,,1,2,0,4,5895,13429,600,25.6,,,,0,,,,,,,,,,,,,,,,,,0,,
off,132,b1,blue,top,戰士,dadi2,,0,0,3,0,8016,17930,0,0,,,,0,,,,,,,,,,,,,,,,,,0,,
off,132,b2,blue,jungle,刺客,dianguang,,0,2,1,1,5087,12255,1268,50.8,,,,0,,,,,,,,,,,,,,,,,,0,,
off,132,b3,blue,mid,法師,bingshuang,,0,4,4,1,10576,12645,1200,48.1,,,,0,,,,,,,,,,,,,,,,,,0,,
off,132,b4,blue,adc,射手,liuxing,,0,1,5,1,11874,9770,354,14.2,,,,0,,,,,,,,,,,,,,,,,,0,,
off,132,b5,blue,sup,輔助,hexweave,,0,2,5,1,4088,13632,654,26.2,,,,0,,,,,,,,,,,,,,,,,,0,,
off,132,r1,red,top,戰士,dadi2,,1,4,1,0,9452,16967,1254,50.2,,,,0,,,,,,,,,,,,,,,,,,0,,
off,132,r2,red,jungle,刺客,dianguang,,1,6,1,2,7773,10826,2988,119.7,,,,0,,,,,,,,,,,,,,,,,,0,,
off,132,r3,red,mid,法師,bingshuang,,1,3,1,1,11757,12947,900,36.1,,,,0,,,,,,,,,,,,,,,,,,0,,
off,132,r4,red,adc,射手,liuxing,,1,3,3,0,13439,10122,900,36.1,,,,0,,,,,,,,,,,,,,,,,,0,,
off,132,r5,red,sup,輔助,hexweave,,1,2,3,2,5507,11340,654,26.2,,,,0,,,,,,,,,,,,,,,,,,0,,
off,133,b1,blue,top,戰士,ronggang,,0,5,2,0,10748,31954,1500,45.2,,,,0,,,,,,,,,,,,,,,,,,0,,
off,133,b2,blue,jungle,刺客,leisuhunter,,0,5,4,1,8765,15676,2347,70.8,,,,0,,,,,,,,,,,,,,,,,,0,,
off,133,b3,blue,mid,法師,lieyan,,0,1,5,1,18763,19040,300,9,,,,0,,,,,,,,,,,,,,,,,,0,,
off,133,b4,blue,adc,射手,shensheng,,0,2,7,1,16724,13651,600,18.1,,,,0,,,,,,,,,,,,,,,,,,0,,
off,133,b5,blue,sup,輔助,shengming,,0,2,4,2,5343,17410,654,19.7,,,,0,,,,,,,,,,,,,,,,,,0,,
off,133,r1,red,top,戰士,ronggang,,1,4,0,0,11898,25496,1200,36.2,,,,0,,,,,,,,,,,,,,,,,,0,,
off,133,r2,red,jungle,刺客,leisuhunter,,1,1,4,2,6734,14638,1429,43.1,,,,0,,,,,,,,,,,,,,,,,,0,,
off,133,r3,red,mid,法師,lieyan,,1,7,2,1,21538,18045,2100,63.3,,,,0,,,,,,,,,,,,,,,,,,0,,
off,133,r4,red,adc,射手,shensheng,,1,9,4,1,23703,14022,2700,81.4,,,,0,,,,,,,,,,,,,,,,,,0,,
off,133,r5,red,sup,輔助,shengming,,1,1,5,3,7965,17939,300,9,,,,0,,,,,,,,,,,,,,,,,,0,,
off,134,b1,blue,top,戰士,anliuyouXia,,0,0,3,0,7123,16330,0,0,,,,0,,,,,,,,,,,,,,,,,,0,,
off,134,b2,blue,jungle,刺客,duskblade,,0,0,2,0,3435,9202,722,30.3,,,,0,,,,,,,,,,,,,,,,,,0,,
off,134,b3,blue,mid,法師,shikong,,0,0,3,0,7681,12124,0,0,,,,0,,,,,,,,,,,,,,,,,,0,,
off,134,b4,blue,adc,射手,liangzicz,,0,2,5,0,8657,8688,600,25.2,,,,0,,,,,,,,,,,,,,,,,,0,,
off,134,b5,blue,sup,坦克,tiemu,,0,1,7,0,3476,15155,372,15.6,,,,0,,,,,,,,,,,,,,,,,,0,,
off,134,r1,red,top,戰士,anliuyouXia,,1,10,0,0,9405,15426,3018,126.9,,,,0,,,,,,,,,,,,,,,,,,0,,
off,134,r2,red,jungle,刺客,duskblade,,1,3,0,5,7968,10500,1949,81.9,,,,0,,,,,,,,,,,,,,,,,,0,,
off,134,r3,red,mid,法師,shikong,,1,4,1,1,9306,11011,1200,50.4,,,,0,,,,,,,,,,,,,,,,,,0,,
off,134,r4,red,adc,射手,liangzicz,,1,3,1,3,9881,7829,900,37.8,,,,0,,,,,,,,,,,,,,,,,,0,,
off,134,r5,red,sup,坦克,tiemu,,1,0,1,3,4832,11730,0,0,,,,0,,,,,,,,,,,,,,,,,,0,,
off,135,b1,blue,top,戰士,tielian,,0,1,1,0,7533,15353,300,12.9,,,,0,,,,,,,,,,,,,,,,,,0,,
off,135,b2,blue,jungle,刺客,miwu,,0,1,2,1,4876,10000,832,35.7,,,,0,,,,,,,,,,,,,,,,,,0,,
off,135,b3,blue,mid,法師,lieyan,,0,1,2,2,7661,12344,300,12.9,,,,0,,,,,,,,,,,,,,,,,,0,,
off,135,b4,blue,adc,射手,xingchen,,0,1,4,0,10635,9329,354,15.2,,,,0,,,,,,,,,,,,,,,,,,0,,
off,135,b5,blue,sup,輔助,shengguang,,0,0,2,1,5826,12175,0,0,,,,0,,,,,,,,,,,,,,,,,,0,,
off,135,r1,red,top,戰士,tielian,,1,6,1,0,11060,15996,1854,79.7,,,,0,,,,,,,,,,,,,,,,,,0,,
off,135,r2,red,jungle,刺客,miwu,,1,2,1,0,5412,9401,1508,64.8,,,,0,,,,,,,,,,,,,,,,,,0,,
off,135,r3,red,mid,法師,lieyan,,1,0,1,1,9772,9995,54,2.3,,,,0,,,,,,,,,,,,,,,,,,0,,
off,135,r4,red,adc,射手,xingchen,,1,2,1,1,9190,8913,600,25.8,,,,0,,,,,,,,,,,,,,,,,,0,,
off,135,r5,red,sup,輔助,shengguang,,1,1,0,5,4828,8823,300,12.9,,,,0,,,,,,,,,,,,,,,,,,0,,
off,136,b1,blue,top,戰士,hunpo,,0,1,1,0,5881,15427,300,13.7,,,,0,,,,,,,,,,,,,,,,,,0,,
off,136,b2,blue,jungle,刺客,jueying,,0,1,0,0,3153,8120,1003,45.9,,,,0,,,,,,,,,,,,,,,,,,0,,
off,136,b3,blue,mid,法師,shikong,,0,2,3,0,6387,11200,618,28.3,,,,0,,,,,,,,,,,,,,,,,,0,,
off,136,b4,blue,adc,射手,dujian,,0,1,0,0,6462,7502,354,16.2,,,,0,,,,,,,,,,,,,,,,,,0,,
off,136,b5,blue,sup,輔助,mingyunyindao,,0,0,1,2,2998,10232,0,0,,,,0,,,,,,,,,,,,,,,,,,0,,
off,136,r1,red,top,戰士,hunpo,,1,4,0,0,7129,13626,1254,57.4,,,,0,,,,,,,,,,,,,,,,,,0,,
off,136,r2,red,jungle,刺客,jueying,,1,0,0,0,3807,7376,922,42.2,,,,0,,,,,,,,,,,,,,,,,,0,,
off,136,r3,red,mid,法師,shikong,,1,1,2,0,6079,10206,300,13.7,,,,0,,,,,,,,,,,,,,,,,,0,,
off,136,r4,red,adc,射手,dujian,,1,0,2,0,8024,7457,0,0,,,,0,,,,,,,,,,,,,,,,,,0,,
off,136,r5,red,sup,輔助,mingyunyindao,,1,0,1,1,4636,8519,0,0,,,,0,,,,,,,,,,,,,,,,,,0,,
off,137,b1,blue,top,戰士,dushe,,1,0,2,0,10582,19702,0,0,,,,0,,,,,,,,,,,,,,,,,,0,,
off,137,b2,blue,jungle,刺客,anye,,1,0,3,0,5296,11663,739,29.7,,,,0,,,,,,,,,,,,,,,,,,0,,
off,137,b3,blue,mid,法師,lieyan,,1,1,2,1,11469,13755,300,12.1,,,,0,,,,,,,,,,,,,,,,,,0,,
off,137,b4,blue,adc,射手,tianfa,,1,2,3,0,8140,9161,600,24.1,,,,0,,,,,,,,,,,,,,,,,,0,,
off,137,b5,blue,sup,坦克,xukong,,1,0,1,0,6439,15409,108,4.3,,,,0,,,,,,,,,,,,,,,,,,0,,
off,137,r1,red,top,戰士,dushe,,0,4,0,1,11312,19384,1200,48.3,,,,0,,,,,,,,,,,,,,,,,,0,,
off,137,r2,red,jungle,刺客,anye,,0,2,0,1,3658,8596,1739,69.9,,,,0,,,,,,,,,,,,,,,,,,0,,
off,137,r3,red,mid,法師,lieyan,,0,2,0,1,10936,12106,654,26.3,,,,0,,,,,,,,,,,,,,,,,,0,,
off,137,r4,red,adc,射手,tianfa,,0,2,3,0,13142,10490,600,24.1,,,,0,,,,,,,,,,,,,,,,,,0,,
off,137,r5,red,sup,坦克,xukong,,0,1,0,1,7924,15520,354,14.2,,,,0,,,,,,,,,,,,,,,,,,0,,
off,138,b1,blue,top,戰士,fengbao,,0,0,2,0,7364,17306,0,0,,,,0,,,,,,,,,,,,,,,,,,0,,
off,138,b2,blue,jungle,刺客,wuxing,,0,0,3,0,5348,9104,540,24.4,,,,0,,,,,,,,,,,,,,,,,,0,,
off,138,b3,blue,mid,法師,shikong,,0,1,3,1,9140,11533,300,13.5,,,,0,,,,,,,,,,,,,,,,,,0,,
off,138,b4,blue,adc,射手,mirrorshot,,0,1,2,0,9922,7588,300,13.5,,,,0,,,,,,,,,,,,,,,,,,0,,
off,138,b5,blue,sup,坦克,tixue,,0,2,2,0,6384,12122,618,27.9,,,,0,,,,,,,,,,,,,,,,,,0,,
off,138,r1,red,top,戰士,fengbao,,1,3,0,1,10944,14349,900,40.6,,,,0,,,,,,,,,,,,,,,,,,0,,
off,138,r2,red,jungle,刺客,wuxing,,1,3,0,3,7074,10143,1651,74.5,,,,0,,,,,,,,,,,,,,,,,,0,,
off,138,r3,red,mid,法師,shikong,,1,1,1,2,10003,9695,300,13.5,,,,0,,,,,,,,,,,,,,,,,,0,,
off,138,r4,red,adc,射手,mirrorshot,,1,2,2,2,9242,7353,600,27.1,,,,0,,,,,,,,,,,,,,,,,,0,,
off,138,r5,red,sup,坦克,tixue,,1,3,1,2,6661,10941,900,40.6,,,,0,,,,,,,,,,,,,,,,,,0,,
off,139,b1,blue,top,戰士,rongyan,,0,3,2,0,12709,23198,955,35.5,,,,0,,,,,,,,,,,,,,,,,,0,,
off,139,b2,blue,jungle,刺客,razorwing,,0,0,3,1,4095,12154,830,30.8,,,,0,,,,,,,,,,,,,,,,,,0,,
off,139,b3,blue,mid,法師,xingjie,,0,3,0,1,12869,15600,900,33.5,,,,0,,,,,,,,,,,,,,,,,,0,,
off,139,b4,blue,adc,射手,hanbing,,0,0,5,1,10543,11542,0,0,,,,0,,,,,,,,,,,,,,,,,,0,,
off,139,b5,blue,sup,輔助,linghun,,0,2,2,1,6242,13877,628,23.3,,,,0,,,,,,,,,,,,,,,,,,0,,
off,139,r1,red,top,戰士,rongyan,,1,3,1,0,14470,21123,900,33.5,,,,0,,,,,,,,,,,,,,,,,,0,,
off,139,r2,red,jungle,刺客,razorwing,,1,3,1,1,6854,11608,1927,71.6,,,,0,,,,,,,,,,,,,,,,,,0,,
off,139,r3,red,mid,法師,xingjie,,1,4,4,0,13291,14012,1200,44.6,,,,0,,,,,,,,,,,,,,,,,,0,,
off,139,r4,red,adc,射手,hanbing,,1,2,0,3,13235,10176,600,22.3,,,,0,,,,,,,,,,,,,,,,,,0,,
off,139,r5,red,sup,輔助,linghun,,1,0,2,1,4453,11029,0,0,,,,0,,,,,,,,,,,,,,,,,,0,,
off,140,b1,blue,top,戰士,embercoil,,1,7,1,1,17507,26906,2100,59.3,,,,0,,,,,,,,,,,,,,,,,,0,,
off,140,b2,blue,jungle,戰士,hunpo,,1,6,3,2,11406,16344,2800,79,,,,0,,,,,,,,,,,,,,,,,,0,,
off,140,b3,blue,mid,法師,auralith,,1,8,3,6,29361,19077,2400,67.8,,,,0,,,,,,,,,,,,,,,,,,0,,
off,140,b4,blue,adc,射手,xuanfeng,,1,3,3,4,18730,14767,900,25.4,,,,0,,,,,,,,,,,,,,,,,,0,,
off,140,b5,blue,sup,坦克,shengdun,,1,2,5,1,7321,22875,600,16.9,,,,0,,,,,,,,,,,,,,,,,,0,,
off,140,r1,red,top,戰士,embercoil,,0,3,6,0,16205,31380,918,25.9,,,,0,,,,,,,,,,,,,,,,,,0,,
off,140,r2,red,jungle,戰士,hunpo,,0,2,4,1,9272,17660,1633,46.1,,,,0,,,,,,,,,,,,,,,,,,0,,
off,140,r3,red,mid,法師,auralith,,0,6,4,1,23720,20318,1800,50.8,,,,0,,,,,,,,,,,,,,,,,,0,,
off,140,r4,red,adc,射手,xuanfeng,,0,2,5,2,14656,13542,600,16.9,,,,0,,,,,,,,,,,,,,,,,,0,,
off,140,r5,red,sup,坦克,shengdun,,0,2,7,1,10028,25760,600,16.9,,,,0,,,,,,,,,,,,,,,,,,0,,
off,141,b1,blue,top,戰士,greymantle,,0,0,3,0,9837,19138,0,0,,,,0,,,,,,,,,,,,,,,,,,0,,
off,141,b2,blue,jungle,戰士,leimingcf,,0,1,2,0,2913,10496,895,37.8,,,,0,,,,,,,,,,,,,,,,,,0,,
off,141,b3,blue,mid,法師,xingjie,,0,1,3,1,9783,12787,300,12.7,,,,0,,,,,,,,,,,,,,,,,,0,,
off,141,b4,blue,adc,射手,phantom,,0,1,3,0,9725,9517,300,12.7,,,,0,,,,,,,,,,,,,,,,,,0,,
off,141,b5,blue,sup,坦克,dadi,,0,1,5,0,3829,13045,300,12.7,,,,0,,,,,,,,,,,,,,,,,,0,,
off,141,r1,red,top,戰士,greymantle,,1,8,0,0,12040,16337,2400,101.3,,,,0,,,,,,,,,,,,,,,,,,0,,
off,141,r2,red,jungle,戰士,leimingcf,,1,4,0,1,6962,10387,2196,92.7,,,,0,,,,,,,,,,,,,,,,,,0,,
off,141,r3,red,mid,法師,xingjie,,1,1,0,2,11652,11146,354,14.9,,,,0,,,,,,,,,,,,,,,,,,0,,
off,141,r4,red,adc,射手,phantom,,1,2,3,1,11275,8324,600,25.3,,,,0,,,,,,,,,,,,,,,,,,0,,
off,141,r5,red,sup,坦克,dadi,,1,1,1,3,5714,13343,300,12.7,,,,0,,,,,,,,,,,,,,,,,,0,,
off,142,b1,blue,top,戰士,ravager,,0,0,3,0,11224,26323,0,0,,,,0,,,,,,,,,,,,,,,,,,0,,
off,142,b2,blue,jungle,戰士,xueyue,,0,3,4,0,6945,15968,1738,57.8,,,,0,,,,,,,,,,,,,,,,,,0,,
off,142,b3,blue,mid,法師,auralith,,0,3,3,2,10876,16818,900,29.9,,,,0,,,,,,,,,,,,,,,,,,0,,
off,142,b4,blue,adc,射手,huanying,,0,3,4,1,11438,12291,954,31.7,,,,0,,,,,,,,,,,,,,,,,,0,,
off,142,b5,blue,sup,輔助,luminary,,0,1,1,3,8487,16661,328,10.9,,,,0,,,,,,,,,,,,,,,,,,0,,
off,142,r1,red,top,戰士,ravager,,1,6,2,0,14163,25237,1800,59.9,,,,0,,,,,,,,,,,,,,,,,,0,,
off,142,r2,red,jungle,戰士,xueyue,,1,2,1,2,6273,12778,1492,49.6,,,,0,,,,,,,,,,,,,,,,,,0,,
off,142,r3,red,mid,法師,auralith,,1,5,1,2,13258,14282,1500,49.9,,,,0,,,,,,,,,,,,,,,,,,0,,
off,142,r4,red,adc,射手,huanying,,1,1,3,3,20009,11367,300,10,,,,0,,,,,,,,,,,,,,,,,,0,,
off,142,r5,red,sup,輔助,luminary,,1,1,3,2,7216,11952,318,10.6,,,,0,,,,,,,,,,,,,,,,,,0,,
off,143,b1,blue,top,戰士,dadi2,,0,0,3,0,7028,21912,0,0,,,,0,,,,,,,,,,,,,,,,,,0,,
off,143,b2,blue,jungle,戰士,anliuyouXia,,0,0,2,0,5947,10625,794,30.1,,,,0,,,,,,,,,,,,,,,,,,0,,
off,143,b3,blue,mid,法師,xingjie,,0,4,3,0,12115,14242,1200,45.5,,,,0,,,,,,,,,,,,,,,,,,0,,
off,143,b4,blue,adc,射手,guangsu,,0,2,4,1,12095,12190,600,22.7,,,,0,,,,,,,,,,,,,,,,,,0,,
off,143,b5,blue,sup,輔助,xuemai,,0,0,4,1,4787,13779,0,0,,,,0,,,,,,,,,,,,,,,,,,0,,
off,143,r1,red,top,戰士,dadi2,,1,5,0,0,11484,19898,1500,56.8,,,,0,,,,,,,,,,,,,,,,,,0,,
off,143,r2,red,jungle,戰士,anliuyouXia,,1,2,0,0,4721,10565,1630,61.7,,,,0,,,,,,,,,,,,,,,,,,0,,
off,143,r3,red,mid,法師,xingjie,,1,5,1,2,11486,11725,1500,56.8,,,,0,,,,,,,,,,,,,,,,,,0,,
off,143,r4,red,adc,射手,guangsu,,1,4,4,1,12198,9470,1200,45.5,,,,0,,,,,,,,,,,,,,,,,,0,,
off,143,r5,red,sup,輔助,xuemai,,1,0,1,4,6618,10251,17,0.7,,,,0,,,,,,,,,,,,,,,,,,0,,
off,144,b1,blue,top,戰士,ronggang,,0,0,2,1,8324,16861,0,0,,,,0,,,,,,,,,,,,,,,,,,0,,
off,144,b2,blue,jungle,戰士,kuangfeng,,0,2,4,0,5074,10502,1331,60.3,,,,0,,,,,,,,,,,,,,,,,,0,,
off,144,b3,blue,mid,法師,auralith,,0,1,4,0,8319,11866,300,13.6,,,,0,,,,,,,,,,,,,,,,,,0,,
off,144,b4,blue,adc,射手,maestro,,0,1,5,1,5972,8488,354,16,,,,0,,,,,,,,,,,,,,,,,,0,,
off,144,b5,blue,sup,坦克,longji,,0,1,3,1,3571,12613,354,16,,,,0,,,,,,,,,,,,,,,,,,0,,
off,144,r1,red,top,戰士,ronggang,,1,3,0,1,7849,14700,900,40.8,,,,0,,,,,,,,,,,,,,,,,,0,,
off,144,r2,red,jungle,戰士,kuangfeng,,1,6,0,2,7109,7888,2551,115.6,,,,0,,,,,,,,,,,,,,,,,,0,,
off,144,r3,red,mid,法師,auralith,,1,2,2,1,9412,10041,600,27.2,,,,0,,,,,,,,,,,,,,,,,,0,,
off,144,r4,red,adc,射手,maestro,,1,3,2,4,12317,7658,900,40.8,,,,0,,,,,,,,,,,,,,,,,,0,,
off,144,r5,red,sup,坦克,longji,,1,4,1,6,6466,12606,1200,54.4,,,,0,,,,,,,,,,,,,,,,,,0,,
off,145,b1,blue,top,戰士,jingci,,1,2,0,1,9217,17386,600,25.8,,,,0,,,,,,,,,,,,,,,,,,0,,
off,145,b2,blue,jungle,戰士,longyi,,1,0,0,1,4340,7744,648,27.9,,,,0,,,,,,,,,,,,,,,,,,0,,
off,145,b3,blue,mid,法師,ronghuo,,1,3,0,0,9195,11516,900,38.8,,,,0,,,,,,,,,,,,,,,,,,0,,
off,145,b4,blue,adc,射手,liuxing,,1,3,1,1,8896,7862,900,38.8,,,,0,,,,,,,,,,,,,,,,,,0,,
off,145,b5,blue,sup,輔助,hexweave,,1,3,2,0,4402,10306,900,38.8,,,,0,,,,,,,,,,,,,,,,,,0,,
off,145,r1,red,top,戰士,jingci,,0,2,2,0,9961,16598,600,25.8,,,,0,,,,,,,,,,,,,,,,,,0,,
off,145,r2,red,jungle,戰士,longyi,,0,1,1,0,5049,9519,1218,52.4,,,,0,,,,,,,,,,,,,,,,,,0,,
off,145,r3,red,mid,法師,ronghuo,,0,0,3,0,10419,9851,0,0,,,,0,,,,,,,,,,,,,,,,,,0,,
off,145,r4,red,adc,射手,liuxing,,0,0,4,0,6263,8436,0,0,,,,0,,,,,,,,,,,,,,,,,,0,,
off,145,r5,red,sup,輔助,hexweave,,0,0,1,1,4587,10190,0,0,,,,0,,,,,,,,,,,,,,,,,,0,,
off,146,b1,blue,top,戰士,longyi,,0,3,1,0,8965,21806,900,31.2,,,,0,,,,,,,,,,,,,,,,,,0,,
off,146,b2,blue,jungle,戰士,cinderfist,,0,3,7,0,10739,14091,1690,58.5,,,,0,,,,,,,,,,,,,,,,,,0,,
off,146,b3,blue,mid,法師,gambler,,0,5,3,1,15314,16125,1500,52,,,,0,,,,,,,,,,,,,,,,,,0,,
off,146,b4,blue,adc,射手,shensheng,,0,1,7,0,15627,12603,300,10.4,,,,0,,,,,,,,,,,,,,,,,,0,,
off,146,b5,blue,sup,輔助,shengming,,0,0,5,4,6205,14140,54,1.9,,,,0,,,,,,,,,,,,,,,,,,0,,
off,146,r1,red,top,戰士,longyi,,1,8,1,1,12760,22830,2400,83.2,,,,0,,,,,,,,,,,,,,,,,,0,,
off,146,r2,red,jungle,戰士,cinderfist,,1,5,2,3,8793,14771,2543,88.1,,,,0,,,,,,,,,,,,,,,,,,0,,
off,146,r3,red,mid,法師,gambler,,1,3,4,4,17127,14809,900,31.2,,,,0,,,,,,,,,,,,,,,,,,0,,
off,146,r4,red,adc,射手,shensheng,,1,5,4,3,13541,11979,1500,52,,,,0,,,,,,,,,,,,,,,,,,0,,
off,146,r5,red,sup,輔助,shengming,,1,2,1,4,8450,11950,600,20.8,,,,0,,,,,,,,,,,,,,,,,,0,,
off,147,b1,blue,top,戰士,chichuan,,0,3,0,1,9293,17042,900,39.4,,,,0,,,,,,,,,,,,,,,,,,0,,
off,147,b2,blue,jungle,戰士,xueyue,,0,2,0,1,5443,9880,1205,52.7,,,,0,,,,,,,,,,,,,,,,,,0,,
off,147,b3,blue,mid,法師,ronghuo,,0,4,1,2,7578,11757,1200,52.5,,,,0,,,,,,,,,,,,,,,,,,0,,
off,147,b4,blue,adc,射手,liangzicz,,0,0,1,0,10110,8919,0,0,,,,0,,,,,,,,,,,,,,,,,,0,,
off,147,b5,blue,sup,坦克,shiqiang,,0,0,4,1,4476,13193,0,0,,,,0,,,,,,,,,,,,,,,,,,0,,
off,147,r1,red,top,戰士,chichuan,,1,1,2,0,7480,15691,318,13.9,,,,0,,,,,,,,,,,,,,,,,,0,,
off,147,r2,red,jungle,戰士,xueyue,,1,1,1,0,7450,10614,1069,46.8,,,,0,,,,,,,,,,,,,,,,,,0,,
off,147,r3,red,mid,法師,ronghuo,,1,1,3,2,9997,11702,300,13.1,,,,0,,,,,,,,,,,,,,,,,,0,,
off,147,r4,red,adc,射手,liangzicz,,1,1,1,0,10127,8074,300,13.1,,,,0,,,,,,,,,,,,,,,,,,0,,
off,147,r5,red,sup,坦克,shiqiang,,1,2,2,1,4556,12300,654,28.6,,,,0,,,,,,,,,,,,,,,,,,0,,
off,148,b1,blue,top,戰士,xueyue,,0,0,2,0,9788,19875,0,0,,,,0,,,,,,,,,,,,,,,,,,0,,
off,148,b2,blue,jungle,戰士,jufeng,,0,4,3,0,7539,10826,2101,76.1,,,,0,,,,,,,,,,,,,,,,,,0,,
off,148,b3,blue,mid,法師,gambler,,0,2,5,2,12709,14244,600,21.7,,,,0,,,,,,,,,,,,,,,,,,0,,
off,148,b4,blue,adc,射手,xingchen,,0,5,2,3,20259,12318,1500,54.3,,,,0,,,,,,,,,,,,,,,,,,0,,
off,148,b5,blue,sup,坦克,suishan,,0,2,2,2,4859,16734,600,21.7,,,,0,,,,,,,,,,,,,,,,,,0,,
off,148,r1,red,top,戰士,xueyue,,1,1,1,0,8362,21858,318,11.5,,,,0,,,,,,,,,,,,,,,,,,0,,
off,148,r2,red,jungle,戰士,jufeng,,1,1,1,1,7429,11594,1438,52.1,,,,0,,,,,,,,,,,,,,,,,,0,,
off,148,r3,red,mid,法師,gambler,,1,2,3,2,14252,14516,600,21.7,,,,0,,,,,,,,,,,,,,,,,,0,,
off,148,r4,red,adc,射手,xingchen,,1,5,4,0,11379,11457,1500,54.3,,,,0,,,,,,,,,,,,,,,,,,0,,
off,148,r5,red,sup,坦克,suishan,,1,5,4,2,6410,17761,1500,54.3,,,,0,,,,,,,,,,,,,,,,,,0,,
off,149,b1,blue,top,戰士,fengbao,,0,1,4,1,8163,19069,300,12.7,,,,0,,,,,,,,,,,,,,,,,,0,,
off,149,b2,blue,jungle,戰士,rongyan,,0,2,1,0,3568,8542,1312,55.4,,,,0,,,,,,,,,,,,,,,,,,0,,
off,149,b3,blue,mid,法師,ronghuo,,0,1,2,0,11500,12041,300,12.7,,,,0,,,,,,,,,,,,,,,,,,0,,
off,149,b4,blue,adc,射手,dujian,,0,1,3,0,5198,8929,300,12.7,,,,0,,,,,,,,,,,,,,,,,,0,,
off,149,b5,blue,sup,輔助,linghun,,0,0,4,1,3870,12526,0,0,,,,0,,,,,,,,,,,,,,,,,,0,,
off,149,r1,red,top,戰士,fengbao,,1,7,0,1,7818,15364,2100,88.6,,,,0,,,,,,,,,,,,,,,,,,0,,
off,149,r2,red,jungle,戰士,rongyan,,1,2,1,4,7987,9475,1534,64.8,,,,0,,,,,,,,,,,,,,,,,,0,,
off,149,r3,red,mid,法師,ronghuo,,1,2,0,2,13252,11507,600,25.3,,,,0,,,,,,,,,,,,,,,,,,0,,
off,149,r4,red,adc,射手,dujian,,1,1,3,2,8889,8475,300,12.7,,,,0,,,,,,,,,,,,,,,,,,0,,
off,149,r5,red,sup,輔助,linghun,,1,2,1,3,3422,10755,600,25.3,,,,0,,,,,,,,,,,,,,,,,,0,,
off,150,b1,blue,top,坦克,suishan,,1,3,3,0,14349,22386,900,33,,,,0,,,,,,,,,,,,,,,,,,0,,
off,150,b2,blue,jungle,戰士,jingci,,1,3,1,4,6714,9919,1656,60.7,,,,0,,,,,,,,,,,,,,,,,,0,,
off,150,b3,blue,mid,法師,gambler,,1,2,3,0,14300,12993,600,22,,,,0,,,,,,,,,,,,,,,,,,0,,
off,150,b4,blue,adc,射手,shengyan,,1,3,7,1,11627,10073,900,33,,,,0,,,,,,,,,,,,,,,,,,0,,
off,150,b5,blue,sup,坦克,xukong,,1,0,4,3,5468,16631,0,0,,,,0,,,,,,,,,,,,,,,,,,0,,
off,150,r1,red,top,坦克,suishan,,0,7,0,1,14736,22458,2118,77.6,,,,0,,,,,,,,,,,,,,,,,,0,,
off,150,r2,red,jungle,戰士,jingci,,0,3,4,0,7596,12896,1999,73.3,,,,0,,,,,,,,,,,,,,,,,,0,,
off,150,r3,red,mid,法師,gambler,,0,4,1,1,12521,12989,1200,44,,,,0,,,,,,,,,,,,,,,,,,0,,
off,150,r4,red,adc,射手,shengyan,,0,3,2,5,12480,10791,900,33,,,,0,,,,,,,,,,,,,,,,,,0,,
off,150,r5,red,sup,坦克,xukong,,0,1,4,3,4512,16512,300,11,,,,0,,,,,,,,,,,,,,,,,,0,,
off,151,b1,blue,top,坦克,stoneguard,,1,3,4,2,15690,35804,900,22,,,,0,,,,,,,,,,,,,,,,,,0,,
off,151,b2,blue,jungle,刺客,voidrift,,1,2,8,0,17163,21135,1565,38.3,,,,0,,,,,,,,,,,,,,,,,,0,,
off,151,b3,blue,mid,法師,leiming,,1,6,11,1,29653,23705,1800,44.1,,,,0,,,,,,,,,,,,,,,,,,0,,
off,151,b4,blue,adc,射手,mirrorshot,,1,18,9,2,35147,21192,5400,132.2,,,,0,,,,,,,,,,,,,,,,,,0,,
off,151,b5,blue,sup,坦克,dadi,,1,3,8,3,13111,29766,900,22,,,,0,,,,,,,,,,,,,,,,,,0,,
off,151,r1,red,top,坦克,stoneguard,,0,18,3,0,26733,44879,5400,132.2,,,,0,,,,,,,,,,,,,,,,,,0,,
off,151,r2,red,jungle,刺客,voidrift,,0,5,4,2,18387,20987,3144,77,,,,0,,,,,,,,,,,,,,,,,,0,,
off,151,r3,red,mid,法師,leiming,,0,8,7,5,26995,25549,2400,58.8,,,,0,,,,,,,,,,,,,,,,,,0,,
off,151,r4,red,adc,射手,mirrorshot,,0,8,13,4,32118,19658,2400,58.8,,,,0,,,,,,,,,,,,,,,,,,0,,
off,151,r5,red,sup,坦克,dadi,,0,1,5,2,8488,28905,300,7.3,,,,0,,,,,,,,,,,,,,,,,,0,,
off,152,b1,blue,top,坦克,thornwall,,0,0,2,0,9200,18721,0,0,,,,0,,,,,,,,,,,,,,,,,,0,,
off,152,b2,blue,jungle,刺客,miwu,,0,0,1,0,4581,11944,595,25,,,,0,,,,,,,,,,,,,,,,,,0,,
off,152,b3,blue,mid,法師,haixiao,,0,2,5,0,9119,12898,600,25.2,,,,0,,,,,,,,,,,,,,,,,,0,,
off,152,b4,blue,adc,射手,hanbing,,0,1,5,0,6499,9186,300,12.6,,,,0,,,,,,,,,,,,,,,,,,0,,
off,152,b5,blue,sup,輔助,mantra,,0,0,2,1,2870,12504,0,0,,,,0,,,,,,,,,,,,,,,,,,0,,
off,152,r1,red,top,坦克,thornwall,,1,6,0,0,8080,15653,1854,77.8,,,,0,,,,,,,,,,,,,,,,,,0,,
off,152,r2,red,jungle,刺客,miwu,,1,3,2,2,6705,11477,1896,79.5,,,,0,,,,,,,,,,,,,,,,,,0,,
off,152,r3,red,mid,法師,haixiao,,1,2,0,2,10175,11579,600,25.2,,,,0,,,,,,,,,,,,,,,,,,0,,
off,152,r4,red,adc,射手,hanbing,,1,2,0,0,10854,7703,600,25.2,,,,0,,,,,,,,,,,,,,,,,,0,,
off,152,r5,red,sup,輔助,mantra,,1,2,1,3,4577,9506,600,25.2,,,,0,,,,,,,,,,,,,,,,,,0,,
off,153,b1,blue,top,坦克,tieshixin,,0,4,0,0,8463,17716,1200,47.8,,,,0,,,,,,,,,,,,,,,,,,0,,
off,153,b2,blue,jungle,刺客,guihuo,,0,4,1,0,6899,11665,1876,74.7,,,,0,,,,,,,,,,,,,,,,,,0,,
off,153,b3,blue,mid,法師,leiming,,0,1,2,3,11274,12495,300,11.9,,,,0,,,,,,,,,,,,,,,,,,0,,
off,153,b4,blue,adc,射手,xuanfeng,,0,3,3,0,12475,10371,900,35.8,,,,0,,,,,,,,,,,,,,,,,,0,,
off,153,b5,blue,sup,輔助,huanjing,,0,0,1,2,5251,13371,0,0,,,,0,,,,,,,,,,,,,,,,,,0,,
off,153,r1,red,top,坦克,tieshixin,,1,3,0,0,9020,20311,900,35.8,,,,0,,,,,,,,,,,,,,,,,,0,,
off,153,r2,red,jungle,刺客,guihuo,,1,0,0,2,6410,11387,805,32,,,,0,,,,,,,,,,,,,,,,,,0,,
off,153,r3,red,mid,法師,leiming,,1,3,2,0,14876,12264,900,35.8,,,,0,,,,,,,,,,,,,,,,,,0,,
off,153,r4,red,adc,射手,xuanfeng,,1,1,5,1,8481,10609,300,11.9,,,,0,,,,,,,,,,,,,,,,,,0,,
off,153,r5,red,sup,輔助,huanjing,,1,0,5,1,4134,13048,0,0,,,,0,,,,,,,,,,,,,,,,,,0,,
off,154,b1,blue,top,坦克,bingshouweis,,1,2,4,0,16097,30592,600,18.4,,,,0,,,,,,,,,,,,,,,,,,0,,
off,154,b2,blue,jungle,刺客,jiansheng,,1,2,3,0,8765,15661,1555,47.6,,,,0,,,,,,,,,,,,,,,,,,0,,
off,154,b3,blue,mid,法師,haixiao,,1,4,4,2,18798,16679,1200,36.8,,,,0,,,,,,,,,,,,,,,,,,0,,
off,154,b4,blue,adc,射手,phantom,,1,3,3,2,12890,13341,900,27.6,,,,0,,,,,,,,,,,,,,,,,,0,,
off,154,b5,blue,sup,坦克,dadi,,1,1,3,4,6876,20989,300,9.2,,,,0,,,,,,,,,,,,,,,,,,0,,
off,154,r1,red,top,坦克,bingshouweis,,0,4,2,2,13600,26000,1200,36.8,,,,0,,,,,,,,,,,,,,,,,,0,,
off,154,r2,red,jungle,刺客,jiansheng,,0,5,2,1,9955,12750,2699,82.7,,,,0,,,,,,,,,,,,,,,,,,0,,
off,154,r3,red,mid,法師,haixiao,,0,8,1,1,21969,17922,2400,73.5,,,,0,,,,,,,,,,,,,,,,,,0,,
off,154,r4,red,adc,射手,phantom,,0,0,5,0,16302,13513,0,0,,,,0,,,,,,,,,,,,,,,,,,0,,
off,154,r5,red,sup,坦克,dadi,,0,0,2,5,7384,21422,0,0,,,,0,,,,,,,,,,,,,,,,,,0,,
off,155,b1,blue,top,坦克,tiebi,,0,0,1,0,8046,20184,0,0,,,,0,,,,,,,,,,,,,,,,,,0,,
off,155,b2,blue,jungle,刺客,hundun,,0,2,3,0,5115,11198,1286,51.3,,,,0,,,,,,,,,,,,,,,,,,0,,
off,155,b3,blue,mid,法師,leiming,,0,2,3,0,13793,13144,600,23.9,,,,0,,,,,,,,,,,,,,,,,,0,,
off,155,b4,blue,adc,射手,huanying,,0,1,5,1,8486,9826,300,12,,,,0,,,,,,,,,,,,,,,,,,0,,
off,155,b5,blue,sup,輔助,luminary,,0,0,6,1,3551,12141,54,2.2,,,,0,,,,,,,,,,,,,,,,,,0,,
off,155,r1,red,top,坦克,tiebi,,1,8,1,0,12073,19270,2454,97.8,,,,0,,,,,,,,,,,,,,,,,,0,,
off,155,r2,red,jungle,刺客,hundun,,1,5,0,0,7132,10720,2410,96.1,,,,0,,,,,,,,,,,,,,,,,,0,,
off,155,r3,red,mid,法師,leiming,,1,3,1,5,14755,12061,900,35.9,,,,0,,,,,,,,,,,,,,,,,,0,,
off,155,r4,red,adc,射手,huanying,,1,1,1,4,9138,10056,300,12,,,,0,,,,,,,,,,,,,,,,,,0,,
off,155,r5,red,sup,輔助,luminary,,1,1,2,3,5782,11680,300,12,,,,0,,,,,,,,,,,,,,,,,,0,,
off,156,b1,blue,top,坦克,shengdun,,0,10,1,0,20070,28982,3028,86.2,,,,0,,,,,,,,,,,,,,,,,,0,,
off,156,b2,blue,jungle,刺客,razorwing,,0,2,3,3,7607,14379,1402,39.9,,,,0,,,,,,,,,,,,,,,,,,0,,
off,156,b3,blue,mid,法師,mingyun2,,0,4,2,5,23204,19314,1200,34.2,,,,0,,,,,,,,,,,,,,,,,,0,,
off,156,b4,blue,adc,射手,siwang,,0,9,4,1,26445,15390,2700,76.9,,,,0,,,,,,,,,,,,,,,,,,0,,
off,156,b5,blue,sup,輔助,xuemai,,0,2,2,2,8374,18394,600,17.1,,,,0,,,,,,,,,,,,,,,,,,0,,
off,156,r1,red,top,坦克,shengdun,,1,5,1,0,10772,31689,1554,44.3,,,,0,,,,,,,,,,,,,,,,,,0,,
off,156,r2,red,jungle,刺客,razorwing,,1,2,4,1,11512,18156,1958,55.8,,,,0,,,,,,,,,,,,,,,,,,0,,
off,156,r3,red,mid,法師,mingyun2,,1,2,9,2,19138,19251,600,17.1,,,,0,,,,,,,,,,,,,,,,,,0,,
off,156,r4,red,adc,射手,siwang,,1,2,8,3,19686,17228,600,17.1,,,,0,,,,,,,,,,,,,,,,,,0,,
off,156,r5,red,sup,輔助,xuemai,,1,1,5,4,8717,20428,300,8.5,,,,0,,,,,,,,,,,,,,,,,,0,,
off,157,b1,blue,top,坦克,xukong,,0,0,5,0,12992,21950,0,0,,,,0,,,,,,,,,,,,,,,,,,0,,
off,157,b2,blue,jungle,刺客,yeiren,,0,2,4,0,7458,11931,1285,51,,,,0,,,,,,,,,,,,,,,,,,0,,
off,157,b3,blue,mid,法師,bingshuang,,0,1,4,1,11122,13448,300,11.9,,,,0,,,,,,,,,,,,,,,,,,0,,
off,157,b4,blue,adc,射手,maestro,,0,1,7,0,6193,10638,354,14,,,,0,,,,,,,,,,,,,,,,,,0,,
off,157,b5,blue,sup,坦克,longji,,0,1,4,0,3935,15544,300,11.9,,,,0,,,,,,,,,,,,,,,,,,0,,
off,157,r1,red,top,坦克,xukong,,1,7,0,0,14803,18837,2118,84,,,,0,,,,,,,,,,,,,,,,,,0,,
off,157,r2,red,jungle,刺客,yeiren,,1,4,1,1,7747,10582,2155,85.5,,,,0,,,,,,,,,,,,,,,,,,0,,
off,157,r3,red,mid,法師,bingshuang,,1,4,1,0,10705,11606,1200,47.6,,,,0,,,,,,,,,,,,,,,,,,0,,
off,157,r4,red,adc,射手,maestro,,1,4,2,1,11138,8627,1228,48.7,,,,0,,,,,,,,,,,,,,,,,,0,,
off,157,r5,red,sup,坦克,longji,,1,5,1,4,8045,15034,1518,60.2,,,,0,,,,,,,,,,,,,,,,,,0,,
off,158,b1,blue,top,坦克,tiemu,,0,3,1,0,9855,21257,900,34.5,,,,0,,,,,,,,,,,,,,,,,,0,,
off,158,b2,blue,jungle,刺客,sting,,0,1,4,1,6580,13327,1021,39.1,,,,0,,,,,,,,,,,,,,,,,,0,,
off,158,b3,blue,mid,法師,mingyun2,,0,0,4,0,10032,13320,0,0,,,,0,,,,,,,,,,,,,,,,,,0,,
off,158,b4,blue,adc,射手,liuxing,,0,0,2,2,9431,9869,0,0,,,,0,,,,,,,,,,,,,,,,,,0,,
off,158,b5,blue,sup,坦克,stoneguard,,0,2,5,0,6375,15630,600,23,,,,0,,,,,,,,,,,,,,,,,,0,,
off,158,r1,red,top,坦克,tiemu,,1,3,0,3,10351,16980,900,34.5,,,,0,,,,,,,,,,,,,,,,,,0,,
off,158,r2,red,jungle,刺客,sting,,1,6,1,1,10330,11964,2791,106.9,,,,0,,,,,,,,,,,,,,,,,,0,,
off,158,r3,red,mid,法師,mingyun2,,1,2,3,1,11309,12157,654,25,,,,0,,,,,,,,,,,,,,,,,,0,,
off,158,r4,red,adc,射手,liuxing,,1,2,1,0,16387,10546,600,23,,,,0,,,,,,,,,,,,,,,,,,0,,
off,158,r5,red,sup,坦克,stoneguard,,1,3,1,4,7851,14052,900,34.5,,,,0,,,,,,,,,,,,,,,,,,0,,
off,159,b1,blue,top,坦克,longji,,0,1,3,0,6540,20811,354,14,,,,0,,,,,,,,,,,,,,,,,,0,,
off,159,b2,blue,jungle,刺客,yingsi,,0,2,1,0,4998,11580,1348,53.2,,,,0,,,,,,,,,,,,,,,,,,0,,
off,159,b3,blue,mid,法師,bingshuang,,0,1,2,0,9573,13022,300,11.8,,,,0,,,,,,,,,,,,,,,,,,0,,
off,159,b4,blue,adc,射手,shensheng,,0,1,6,1,9200,9832,318,12.5,,,,0,,,,,,,,,,,,,,,,,,0,,
off,159,b5,blue,sup,輔助,mingyunyindao,,0,1,3,0,5761,12904,300,11.8,,,,0,,,,,,,,,,,,,,,,,,0,,
off,159,r1,red,top,坦克,longji,,1,9,1,0,9966,21601,2700,106.5,,,,0,,,,,,,,,,,,,,,,,,0,,
off,159,r2,red,jungle,刺客,yingsi,,1,2,1,1,5265,9434,1447,57.1,,,,0,,,,,,,,,,,,,,,,,,0,,
off,159,r3,red,mid,法師,bingshuang,,1,1,2,1,8049,12302,300,11.8,,,,0,,,,,,,,,,,,,,,,,,0,,
off,159,r4,red,adc,射手,shensheng,,1,3,2,1,12930,9607,900,35.5,,,,0,,,,,,,,,,,,,,,,,,0,,
off,159,r5,red,sup,輔助,mingyunyindao,,1,0,0,5,5467,11523,0,0,,,,0,,,,,,,,,,,,,,,,,,0,,
off,160,b1,blue,top,坦克,tixue,,0,0,1,0,13405,26146,0,0,,,,0,,,,,,,,,,,,,,,,,,0,,
off,160,b2,blue,jungle,刺客,youming,,0,1,4,3,7955,14143,949,31.9,,,,0,,,,,,,,,,,,,,,,,,0,,
off,160,b3,blue,mid,法師,mingyun2,,0,6,3,1,20782,15121,1800,60.4,,,,0,,,,,,,,,,,,,,,,,,0,,
off,160,b4,blue,adc,射手,liangzicz,,0,5,5,4,17579,11675,1554,52.2,,,,0,,,,,,,,,,,,,,,,,,0,,
off,160,b5,blue,sup,坦克,shiqiang,,0,5,2,0,8402,18864,1528,51.3,,,,0,,,,,,,,,,,,,,,,,,0,,
off,160,r1,red,top,坦克,tixue,,1,3,1,0,14158,25265,1008,33.8,,,,0,,,,,,,,,,,,,,,,,,0,,
off,160,r2,red,jungle,刺客,youming,,1,2,1,0,11850,15597,1603,53.8,,,,0,,,,,,,,,,,,,,,,,,0,,
off,160,r3,red,mid,法師,mingyun2,,1,8,4,0,17199,16001,2400,80.6,,,,0,,,,,,,,,,,,,,,,,,0,,
off,160,r4,red,adc,射手,liangzicz,,1,2,6,3,17170,12113,600,20.1,,,,0,,,,,,,,,,,,,,,,,,0,,
off,160,r5,red,sup,坦克,shiqiang,,1,0,5,3,7522,18923,0,0,,,,0,,,,,,,,,,,,,,,,,,0,,
off,161,b1,blue,top,坦克,suishan,,1,0,1,0,6839,16868,0,0,,,,0,,,,,,,,,,,,,,,,,,0,,
off,161,b2,blue,jungle,戰士,rongyan,,1,0,4,0,6721,12133,677,28,,,,0,,,,,,,,,,,,,,,,,,0,,
off,161,b3,blue,mid,法師,bingshuang,,1,0,2,0,9386,12948,0,0,,,,0,,,,,,,,,,,,,,,,,,0,,
off,161,b4,blue,adc,射手,xingchen,,1,2,5,0,8970,10703,600,24.9,,,,0,,,,,,,,,,,,,,,,,,0,,
off,161,b5,blue,sup,坦克,tixue,,1,0,5,0,5317,14816,108,4.5,,,,0,,,,,,,,,,,,,,,,,,0,,
off,161,r1,red,top,坦克,suishan,,0,2,0,0,7490,15476,618,25.6,,,,0,,,,,,,,,,,,,,,,,,0,,
off,161,r2,red,jungle,戰士,rongyan,,0,2,0,1,7227,10016,1425,59,,,,0,,,,,,,,,,,,,,,,,,0,,
off,161,r3,red,mid,法師,bingshuang,,0,4,1,2,11278,12017,1228,50.9,,,,0,,,,,,,,,,,,,,,,,,0,,
off,161,r4,red,adc,射手,xingchen,,0,7,1,0,11489,9855,2128,88.2,,,,0,,,,,,,,,,,,,,,,,,0,,
off,161,r5,red,sup,坦克,tixue,,0,2,0,6,5748,13601,600,24.9,,,,0,,,,,,,,,,,,,,,,,,0,,
off,162,b1,blue,top,坦克,stoneguard,,0,0,1,0,9611,18563,0,0,,,,0,,,,,,,,,,,,,,,,,,0,,
off,162,b2,blue,jungle,戰士,tielian,,0,0,1,0,2990,9418,697,30.1,,,,0,,,,,,,,,,,,,,,,,,0,,
off,162,b3,blue,mid,法師,lieyan,,0,1,3,0,11373,10895,300,13,,,,0,,,,,,,,,,,,,,,,,,0,,
off,162,b4,blue,adc,射手,liangzi,,0,1,3,0,7495,9760,408,17.6,,,,0,,,,,,,,,,,,,,,,,,0,,
off,162,b5,blue,sup,輔助,linghun,,0,0,0,0,4620,10264,18,0.8,,,,0,,,,,,,,,,,,,,,,,,0,,
off,162,r1,red,top,坦克,stoneguard,,1,2,0,0,10415,17075,654,28.3,,,,0,,,,,,,,,,,,,,,,,,0,,
off,162,r2,red,jungle,戰士,tielian,,1,0,0,2,2914,8326,833,36,,,,0,,,,,,,,,,,,,,,,,,0,,
off,162,r3,red,mid,法師,lieyan,,1,4,1,2,14810,10593,1200,51.9,,,,0,,,,,,,,,,,,,,,,,,0,,
off,162,r4,red,adc,射手,liangzi,,1,2,1,2,9618,8062,600,25.9,,,,0,,,,,,,,,,,,,,,,,,0,,
off,162,r5,red,sup,輔助,linghun,,1,0,0,2,3713,10118,0,0,,,,0,,,,,,,,,,,,,,,,,,0,,
off,163,b1,blue,top,坦克,ironclad,,0,1,1,0,5990,15516,300,13.3,,,,0,,,,,,,,,,,,,,,,,,0,,
off,163,b2,blue,jungle,戰士,cinderfist,,0,0,3,2,1865,9157,523,23.1,,,,0,,,,,,,,,,,,,,,,,,0,,
off,163,b3,blue,mid,法師,shikong,,0,1,2,0,8977,11532,300,13.3,,,,0,,,,,,,,,,,,,,,,,,0,,
off,163,b4,blue,adc,射手,shengyan,,0,1,3,1,5017,8575,300,13.3,,,,0,,,,,,,,,,,,,,,,,,0,,
off,163,b5,blue,sup,輔助,shiguang,,0,1,2,1,3895,11708,354,15.7,,,,0,,,,,,,,,,,,,,,,,,0,,
off,163,r1,red,top,坦克,ironclad,,1,3,0,0,5593,14404,900,39.8,,,,0,,,,,,,,,,,,,,,,,,0,,
off,163,r2,red,jungle,戰士,cinderfist,,1,1,1,1,4886,8103,1261,55.8,,,,0,,,,,,,,,,,,,,,,,,0,,
off,163,r3,red,mid,法師,shikong,,1,4,0,0,10271,11167,1200,53.1,,,,0,,,,,,,,,,,,,,,,,,0,,
off,163,r4,red,adc,射手,shengyan,,1,2,3,2,11483,8279,600,26.5,,,,0,,,,,,,,,,,,,,,,,,0,,
off,163,r5,red,sup,輔助,shiguang,,1,1,0,1,2369,8789,300,13.3,,,,0,,,,,,,,,,,,,,,,,,0,,
off,164,b1,blue,top,坦克,tieshixin,,0,1,0,0,8386,26011,300,10.2,,,,0,,,,,,,,,,,,,,,,,,0,,
off,164,b2,blue,jungle,戰士,chichuan,,0,1,6,0,8673,14533,1165,39.7,,,,0,,,,,,,,,,,,,,,,,,0,,
off,164,b3,blue,mid,法師,lieyan,,0,2,3,1,14473,15431,600,20.4,,,,0,,,,,,,,,,,,,,,,,,0,,
off,164,b4,blue,adc,射手,mirrorshot,,0,3,6,1,14484,12755,900,30.7,,,,0,,,,,,,,,,,,,,,,,,0,,
off,164,b5,blue,sup,坦克,tixue,,0,3,9,2,8405,20447,954,32.5,,,,0,,,,,,,,,,,,,,,,,,0,,
off,164,r1,red,top,坦克,tieshixin,,1,9,2,1,14382,22141,2754,93.9,,,,0,,,,,,,,,,,,,,,,,,0,,
off,164,r2,red,jungle,戰士,chichuan,,1,4,2,4,9754,11657,2187,74.5,,,,0,,,,,,,,,,,,,,,,,,0,,
off,164,r3,red,mid,法師,lieyan,,1,5,1,1,22171,14332,1500,51.1,,,,0,,,,,,,,,,,,,,,,,,0,,
off,164,r4,red,adc,射手,mirrorshot,,1,3,1,4,16099,10864,900,30.7,,,,0,,,,,,,,,,,,,,,,,,0,,
off,164,r5,red,sup,坦克,tixue,,1,3,4,6,8609,19056,900,30.7,,,,0,,,,,,,,,,,,,,,,,,0,,
off,165,b1,blue,top,坦克,tiankong,,0,0,0,0,5672,18308,0,0,,,,0,,,,,,,,,,,,,,,,,,0,,
off,165,b2,blue,jungle,戰士,dadi2,,0,0,3,0,6241,10086,646,26.8,,,,0,,,,,,,,,,,,,,,,,,0,,
off,165,b3,blue,mid,法師,shikong,,0,0,2,0,8648,13029,0,0,,,,0,,,,,,,,,,,,,,,,,,0,,
off,165,b4,blue,adc,射手,hanbing,,0,3,4,0,9268,8578,954,39.6,,,,0,,,,,,,,,,,,,,,,,,0,,
off,165,b5,blue,sup,輔助,mantra,,0,0,3,0,2998,10985,0,0,,,,0,,,,,,,,,,,,,,,,,,0,,
off,165,r1,red,top,坦克,tiankong,,1,4,0,2,10569,17955,1254,52.1,,,,0,,,,,,,,,,,,,,,,,,0,,
off,165,r2,red,jungle,戰士,dadi2,,1,3,1,0,5836,8731,1803,74.8,,,,0,,,,,,,,,,,,,,,,,,0,,
off,165,r3,red,mid,法師,shikong,,1,2,1,0,10563,11634,600,24.9,,,,0,,,,,,,,,,,,,,,,,,0,,
off,165,r4,red,adc,射手,hanbing,,1,1,1,2,9570,9525,300,12.5,,,,0,,,,,,,,,,,,,,,,,,0,,
off,165,r5,red,sup,輔助,mantra,,1,2,0,2,3523,10586,654,27.1,,,,0,,,,,,,,,,,,,,,,,,0,,
off,166,b1,blue,top,坦克,tiebi,,1,3,1,2,11946,18700,900,38.5,,,,0,,,,,,,,,,,,,,,,,,0,,
off,166,b2,blue,jungle,戰士,langwang,,1,3,1,0,5470,10694,1378,59,,,,0,,,,,,,,,,,,,,,,,,0,,
off,166,b3,blue,mid,法師,lieyan,,1,3,1,0,13032,11943,900,38.5,,,,0,,,,,,,,,,,,,,,,,,0,,
off,166,b4,blue,adc,射手,xuanfeng,,1,1,2,1,8587,7760,300,12.8,,,,0,,,,,,,,,,,,,,,,,,0,,
off,166,b5,blue,sup,輔助,huanjing,,1,0,1,6,3972,9687,0,0,,,,0,,,,,,,,,,,,,,,,,,0,,
off,166,r1,red,top,坦克,tiebi,,0,3,1,1,10661,17288,900,38.5,,,,0,,,,,,,,,,,,,,,,,,0,,
off,166,r2,red,jungle,戰士,langwang,,0,2,3,1,6475,9801,1374,58.8,,,,0,,,,,,,,,,,,,,,,,,0,,
off,166,r3,red,mid,法師,lieyan,,0,1,3,0,10404,11979,300,12.8,,,,0,,,,,,,,,,,,,,,,,,0,,
off,166,r4,red,adc,射手,xuanfeng,,0,0,2,1,8962,7709,0,0,,,,0,,,,,,,,,,,,,,,,,,0,,
off,166,r5,red,sup,輔助,huanjing,,0,0,1,0,6098,11987,0,0,,,,0,,,,,,,,,,,,,,,,,,0,,
off,167,b1,blue,top,坦克,shengdun,,0,1,3,1,9253,21157,300,12.6,,,,0,,,,,,,,,,,,,,,,,,0,,
off,167,b2,blue,jungle,戰士,jingci,,0,1,2,0,3349,9912,1012,42.4,,,,0,,,,,,,,,,,,,,,,,,0,,
off,167,b3,blue,mid,法師,shikong,,0,1,4,1,10854,13197,300,12.6,,,,0,,,,,,,,,,,,,,,,,,0,,
off,167,b4,blue,adc,射手,phantom,,0,3,4,0,8445,9995,900,37.7,,,,0,,,,,,,,,,,,,,,,,,0,,
off,167,b5,blue,sup,坦克,dadi,,0,0,3,0,3617,17298,0,0,,,,0,,,,,,,,,,,,,,,,,,0,,
off,167,r1,red,top,坦克,shengdun,,1,9,1,0,8464,15025,2700,113,,,,0,,,,,,,,,,,,,,,,,,0,,
off,167,r2,red,jungle,戰士,jingci,,1,1,1,2,6985,10729,1285,53.8,,,,0,,,,,,,,,,,,,,,,,,0,,
off,167,r3,red,mid,法師,shikong,,1,3,0,6,18250,11703,900,37.7,,,,0,,,,,,,,,,,,,,,,,,0,,
off,167,r4,red,adc,射手,phantom,,1,2,2,0,15656,8831,600,25.1,,,,0,,,,,,,,,,,,,,,,,,0,,
off,167,r5,red,sup,坦克,dadi,,1,1,2,3,4495,12240,300,12.6,,,,0,,,,,,,,,,,,,,,,,,0,,
off,168,b1,blue,top,坦克,shiqiang,,0,1,4,0,11739,23094,300,10.5,,,,0,,,,,,,,,,,,,,,,,,0,,
off,168,b2,blue,jungle,戰士,embercoil,,0,2,3,0,7995,15096,1373,47.9,,,,0,,,,,,,,,,,,,,,,,,0,,
off,168,b3,blue,mid,法師,xingjie,,0,1,3,0,15074,16458,300,10.5,,,,0,,,,,,,,,,,,,,,,,,0,,
off,168,b4,blue,adc,射手,yanfeng,,0,0,7,1,13005,12677,0,0,,,,0,,,,,,,,,,,,,,,,,,0,,
off,168,b5,blue,sup,坦克,thornwall,,0,0,4,1,5260,17013,43,1.5,,,,0,,,,,,,,,,,,,,,,,,0,,
off,168,r1,red,top,坦克,shiqiang,,1,5,0,0,14021,21784,1500,52.4,,,,0,,,,,,,,,,,,,,,,,,0,,
off,168,r2,red,jungle,戰士,embercoil,,1,4,0,1,10166,13409,2141,74.8,,,,0,,,,,,,,,,,,,,,,,,0,,
off,168,r3,red,mid,法師,xingjie,,1,5,1,3,13457,13298,1500,52.4,,,,0,,,,,,,,,,,,,,,,,,0,,
off,168,r4,red,adc,射手,yanfeng,,1,3,2,3,15172,9929,900,31.4,,,,0,,,,,,,,,,,,,,,,,,0,,
off,168,r5,red,sup,坦克,thornwall,,1,4,1,3,6127,17316,1200,41.9,,,,0,,,,,,,,,,,,,,,,,,0,,
off,169,b1,blue,top,坦克,tiemu,,0,10,1,1,11610,22279,3000,108.4,,,,0,,,,,,,,,,,,,,,,,,0,,
off,169,b2,blue,jungle,戰士,hunpo,,0,2,1,1,5878,12496,1412,51.1,,,,0,,,,,,,,,,,,,,,,,,0,,
off,169,b3,blue,mid,法師,auralith,,0,6,2,4,15966,13410,1854,67,,,,0,,,,,,,,,,,,,,,,,,0,,
off,169,b4,blue,adc,射手,siwang,,0,1,2,5,12719,10061,300,10.8,,,,0,,,,,,,,,,,,,,,,,,0,,
off,169,b5,blue,sup,輔助,shengming,,0,2,2,6,6845,12291,600,21.7,,,,0,,,,,,,,,,,,,,,,,,0,,
off,169,r1,red,top,坦克,tiemu,,1,3,2,1,8714,19619,900,32.5,,,,0,,,,,,,,,,,,,,,,,,0,,
off,169,r2,red,jungle,戰士,hunpo,,1,4,6,0,8795,14621,2149,77.7,,,,0,,,,,,,,,,,,,,,,,,0,,
off,169,r3,red,mid,法師,auralith,,1,1,2,1,17166,13321,300,10.8,,,,0,,,,,,,,,,,,,,,,,,0,,
off,169,r4,red,adc,射手,siwang,,1,0,6,3,14656,12074,0,0,,,,0,,,,,,,,,,,,,,,,,,0,,
off,169,r5,red,sup,輔助,shengming,,1,0,5,0,4547,13009,54,2,,,,0,,,,,,,,,,,,,,,,,,0,,
off,170,b1,blue,top,坦克,dadi,,0,1,4,1,11483,26128,318,11.2,,,,0,,,,,,,,,,,,,,,,,,0,,
off,170,b2,blue,jungle,戰士,leimingcf,,0,1,5,0,8461,13900,1012,35.7,,,,0,,,,,,,,,,,,,,,,,,0,,
off,170,b3,blue,mid,法師,xingjie,,0,2,7,1,13365,15871,600,21.2,,,,0,,,,,,,,,,,,,,,,,,0,,
off,170,b4,blue,adc,射手,maestro,,0,0,6,1,12370,10945,0,0,,,,0,,,,,,,,,,,,,,,,,,0,,
off,170,b5,blue,sup,坦克,shiqiang,,0,1,8,0,6375,17707,300,10.6,,,,0,,,,,,,,,,,,,,,,,,0,,
off,170,r1,red,top,坦克,dadi,,1,11,1,0,13265,21610,3300,116.4,,,,0,,,,,,,,,,,,,,,,,,0,,
off,170,r2,red,jungle,戰士,leimingcf,,1,9,0,1,9684,11956,3653,128.8,,,,0,,,,,,,,,,,,,,,,,,0,,
off,170,r3,red,mid,法師,xingjie,,1,5,0,3,19291,12494,1500,52.9,,,,0,,,,,,,,,,,,,,,,,,0,,
off,170,r4,red,adc,射手,maestro,,1,4,3,5,20381,11394,1200,42.3,,,,0,,,,,,,,,,,,,,,,,,0,,
off,170,r5,red,sup,坦克,shiqiang,,1,1,1,5,8536,15538,300,10.6,,,,0,,,,,,,,,,,,,,,,,,0,,
off,171,b1,blue,top,坦克,tixue,,0,0,2,0,8499,20691,0,0,,,,0,,,,,,,,,,,,,,,,,,0,,
off,171,b2,blue,jungle,刺客,jiansheng,,0,2,3,2,7542,13123,1447,51.1,,,,0,,,,,,,,,,,,,,,,,,0,,
off,171,b3,blue,mid,法師,auralith,,0,4,3,0,10134,14549,1200,42.4,,,,0,,,,,,,,,,,,,,,,,,0,,
off,171,b4,blue,adc,射手,liuxing,,0,7,5,1,18829,11711,2100,74.1,,,,0,,,,,,,,,,,,,,,,,,0,,
off,171,b5,blue,sup,坦克,stoneguard,,0,2,5,0,7088,16612,672,23.7,,,,0,,,,,,,,,,,,,,,,,,0,,
off,171,r1,red,top,坦克,tixue,,1,4,0,3,12892,22339,1254,44.3,,,,0,,,,,,,,,,,,,,,,,,0,,
off,171,r2,red,jungle,刺客,jiansheng,,1,6,4,0,7982,12066,3122,110.2,,,,0,,,,,,,,,,,,,,,,,,0,,
off,171,r3,red,mid,法師,auralith,,1,3,1,1,16539,15457,900,31.8,,,,0,,,,,,,,,,,,,,,,,,0,,
off,171,r4,red,adc,射手,liuxing,,1,4,4,0,13604,11282,1217,43,,,,0,,,,,,,,,,,,,,,,,,0,,
off,171,r5,red,sup,坦克,stoneguard,,1,1,6,2,7052,18458,354,12.5,,,,0,,,,,,,,,,,,,,,,,,0,,
off,172,b1,blue,top,坦克,suishan,,0,1,7,0,11375,27812,300,9.6,,,,0,,,,,,,,,,,,,,,,,,0,,
off,172,b2,blue,jungle,刺客,youming,,0,5,2,0,12183,19592,2194,70,,,,0,,,,,,,,,,,,,,,,,,0,,
off,172,b3,blue,mid,法師,xingjie,,0,3,5,2,16732,17412,900,28.7,,,,0,,,,,,,,,,,,,,,,,,0,,
off,172,b4,blue,adc,射手,shensheng,,0,6,7,1,17903,13149,1800,57.4,,,,0,,,,,,,,,,,,,,,,,,0,,
off,172,b5,blue,sup,輔助,mingyunyindao,,0,0,6,6,9044,16450,0,0,,,,0,,,,,,,,,,,,,,,,,,0,,
off,172,r1,red,top,坦克,suishan,,1,12,2,0,18900,27211,3600,114.9,,,,0,,,,,,,,,,,,,,,,,,0,,
off,172,r2,red,jungle,刺客,youming,,1,8,1,2,14278,17071,3482,111.1,,,,0,,,,,,,,,,,,,,,,,,0,,
off,172,r3,red,mid,法師,xingjie,,1,4,4,3,16188,15063,1200,38.3,,,,0,,,,,,,,,,,,,,,,,,0,,
off,172,r4,red,adc,射手,shensheng,,1,2,6,1,19300,12412,600,19.1,,,,0,,,,,,,,,,,,,,,,,,0,,
off,172,r5,red,sup,輔助,mingyunyindao,,1,1,2,8,8689,16687,300,9.6,,,,0,,,,,,,,,,,,,,,,,,0,,
off,173,b1,blue,top,戰士,greymantle,,1,3,2,0,8031,20119,928,34.8,,,,0,,,,,,,,,,,,,,,,,,0,,
off,173,b2,blue,jungle,刺客,yueying,,1,1,3,1,7051,12171,1111,41.7,,,,0,,,,,,,,,,,,,,,,,,0,,
off,173,b3,blue,mid,法師,gambler,,1,4,4,1,13856,14399,1200,45,,,,0,,,,,,,,,,,,,,,,,,0,,
off,173,b4,blue,adc,射手,liangzicz,,1,2,4,1,9244,10465,600,22.5,,,,0,,,,,,,,,,,,,,,,,,0,,
off,173,b5,blue,sup,輔助,mingyun,,1,0,4,2,4144,12906,82,3.1,,,,0,,,,,,,,,,,,,,,,,,0,,
off,173,r1,red,top,戰士,greymantle,,0,8,3,0,12157,22627,2400,90,,,,0,,,,,,,,,,,,,,,,,,0,,
off,173,r2,red,jungle,刺客,yueying,,0,6,1,1,10712,12516,2905,108.9,,,,0,,,,,,,,,,,,,,,,,,0,,
off,173,r3,red,mid,法師,gambler,,0,1,1,2,9547,13809,300,11.3,,,,0,,,,,,,,,,,,,,,,,,0,,
off,173,r4,red,adc,射手,liangzicz,,0,2,2,0,9500,9723,600,22.5,,,,0,,,,,,,,,,,,,,,,,,0,,
off,173,r5,red,sup,輔助,mingyun,,0,0,3,1,5537,12124,0,0,,,,0,,,,,,,,,,,,,,,,,,0,,
off,174,b1,blue,top,戰士,ravager,,1,5,2,2,23941,38657,1500,38,,,,0,,,,,,,,,,,,,,,,,,0,,
off,174,b2,blue,jungle,刺客,yeiren,,1,3,2,0,13010,16091,1944,49.3,,,,0,,,,,,,,,,,,,,,,,,0,,
off,174,b3,blue,mid,法師,ronghuo,,1,12,7,1,30797,23681,3600,91.3,,,,0,,,,,,,,,,,,,,,,,,0,,
off,174,b4,blue,adc,射手,xingchen,,1,16,2,1,30865,18076,4800,121.8,,,,0,,,,,,,,,,,,,,,,,,0,,
off,174,b5,blue,sup,坦克,tixue,,1,2,9,3,11098,25731,600,15.2,,,,0,,,,,,,,,,,,,,,,,,0,,
off,174,r1,red,top,戰士,ravager,,0,11,3,0,26054,38498,3300,83.7,,,,0,,,,,,,,,,,,,,,,,,0,,
off,174,r2,red,jungle,刺客,yeiren,,0,7,5,1,14352,22518,3439,87.2,,,,0,,,,,,,,,,,,,,,,,,0,,
off,174,r3,red,mid,法師,ronghuo,,0,1,8,5,24093,24277,300,7.6,,,,0,,,,,,,,,,,,,,,,,,0,,
off,174,r4,red,adc,射手,xingchen,,0,1,17,3,24366,16507,300,7.6,,,,0,,,,,,,,,,,,,,,,,,0,,
off,174,r5,red,sup,坦克,tixue,,0,2,5,1,11133,30397,600,15.2,,,,0,,,,,,,,,,,,,,,,,,0,,
off,175,b1,blue,top,戰士,dadi2,,0,1,2,0,8024,22922,300,10.8,,,,0,,,,,,,,,,,,,,,,,,0,,
off,175,b2,blue,jungle,刺客,duskblade,,0,0,7,0,6608,14718,712,25.5,,,,0,,,,,,,,,,,,,,,,,,0,,
off,175,b3,blue,mid,法師,gambler,,0,0,4,0,9615,14746,0,0,,,,0,,,,,,,,,,,,,,,,,,0,,
off,175,b4,blue,adc,射手,liangzi,,0,1,6,0,9904,12694,300,10.8,,,,0,,,,,,,,,,,,,,,,,,0,,
off,175,b5,blue,sup,輔助,linghun,,0,0,2,0,6225,15839,0,0,,,,0,,,,,,,,,,,,,,,,,,0,,
off,175,r1,red,top,戰士,dadi2,,1,6,0,1,12643,22274,1800,64.5,,,,0,,,,,,,,,,,,,,,,,,0,,
off,175,r2,red,jungle,刺客,duskblade,,1,5,0,1,9252,11436,2534,90.9,,,,0,,,,,,,,,,,,,,,,,,0,,
off,175,r3,red,mid,法師,gambler,,1,4,1,0,14529,13594,1200,43,,,,0,,,,,,,,,,,,,,,,,,0,,
off,175,r4,red,adc,射手,liangzi,,1,4,1,4,16816,11230,1200,43,,,,0,,,,,,,,,,,,,,,,,,0,,
off,175,r5,red,sup,輔助,linghun,,1,2,0,3,5386,11926,600,21.5,,,,0,,,,,,,,,,,,,,,,,,0,,
off,176,b1,blue,top,戰士,ronggang,,0,4,2,0,7562,20621,1200,45.8,,,,0,,,,,,,,,,,,,,,,,,0,,
off,176,b2,blue,jungle,刺客,binghe,,0,1,3,0,6378,11148,868,33.1,,,,0,,,,,,,,,,,,,,,,,,0,,
off,176,b3,blue,mid,法師,ronghuo,,0,1,3,1,13768,13867,300,11.5,,,,0,,,,,,,,,,,,,,,,,,0,,
off,176,b4,blue,adc,射手,shengyan,,0,2,2,1,10000,10822,654,25,,,,0,,,,,,,,,,,,,,,,,,0,,
off,176,b5,blue,sup,輔助,shiguang,,0,0,5,1,6290,13874,0,0,,,,0,,,,,,,,,,,,,,,,,,0,,
off,176,r1,red,top,戰士,ronggang,,1,7,0,1,10813,19346,2100,80.2,,,,0,,,,,,,,,,,,,,,,,,0,,
off,176,r2,red,jungle,刺客,binghe,,1,4,2,0,7176,10618,2299,87.8,,,,0,,,,,,,,,,,,,,,,,,0,,
off,176,r3,red,mid,法師,ronghuo,,1,1,0,2,13155,13303,318,12.1,,,,0,,,,,,,,,,,,,,,,,,0,,
off,176,r4,red,adc,射手,shengyan,,1,2,4,1,12130,10797,600,22.9,,,,0,,,,,,,,,,,,,,,,,,0,,
off,176,r5,red,sup,輔助,shiguang,,1,1,2,1,4294,10601,300,11.5,,,,0,,,,,,,,,,,,,,,,,,0,,
off,177,b1,blue,top,戰士,jingci,,1,2,5,2,13964,25321,600,20.2,,,,0,,,,,,,,,,,,,,,,,,0,,
off,177,b2,blue,jungle,刺客,shanying,,1,2,4,2,5826,14661,1249,42.1,,,,0,,,,,,,,,,,,,,,,,,0,,
off,177,b3,blue,mid,法師,gambler,,1,5,5,1,17670,17332,1500,50.5,,,,0,,,,,,,,,,,,,,,,,,0,,
off,177,b4,blue,adc,射手,mirrorshot,,1,3,3,2,18107,11717,900,30.3,,,,0,,,,,,,,,,,,,,,,,,0,,
off,177,b5,blue,sup,坦克,dadi,,1,1,7,0,6160,18979,300,10.1,,,,0,,,,,,,,,,,,,,,,,,0,,
off,177,r1,red,top,戰士,jingci,,0,3,1,1,13369,24417,900,30.3,,,,0,,,,,,,,,,,,,,,,,,0,,
off,177,r2,red,jungle,刺客,shanying,,0,10,0,2,12104,16053,4058,136.7,,,,0,,,,,,,,,,,,,,,,,,0,,
off,177,r3,red,mid,法師,gambler,,0,7,3,3,23051,16125,2182,73.5,,,,0,,,,,,,,,,,,,,,,,,0,,
off,177,r4,red,adc,射手,mirrorshot,,0,3,5,2,16374,13110,900,30.3,,,,0,,,,,,,,,,,,,,,,,,0,,
off,177,r5,red,sup,坦克,dadi,,0,1,4,3,7030,20755,300,10.1,,,,0,,,,,,,,,,,,,,,,,,0,,
off,178,b1,blue,top,戰士,longyi,,0,3,7,0,15442,29960,954,29.3,,,,0,,,,,,,,,,,,,,,,,,0,,
off,178,b2,blue,jungle,刺客,dianguang,,0,3,4,0,10744,18708,1747,53.6,,,,0,,,,,,,,,,,,,,,,,,0,,
off,178,b3,blue,mid,法師,ronghuo,,0,1,6,2,17986,19384,300,9.2,,,,0,,,,,,,,,,,,,,,,,,0,,
off,178,b4,blue,adc,射手,hanbing,,0,4,10,2,19139,14755,1200,36.8,,,,0,,,,,,,,,,,,,,,,,,0,,
off,178,b5,blue,sup,坦克,ironclad,,0,0,10,1,6166,23429,0,0,,,,0,,,,,,,,,,,,,,,,,,0,,
off,178,r1,red,top,戰士,longyi,,1,12,2,3,25358,27135,3600,110.4,,,,0,,,,,,,,,,,,,,,,,,0,,
off,178,r2,red,jungle,刺客,dianguang,,1,8,4,7,14130,18648,3587,110,,,,0,,,,,,,,,,,,,,,,,,0,,
off,178,r3,red,mid,法師,ronghuo,,1,9,1,4,19003,15672,2700,82.8,,,,0,,,,,,,,,,,,,,,,,,0,,
off,178,r4,red,adc,射手,hanbing,,1,5,1,1,21445,13132,1500,46,,,,0,,,,,,,,,,,,,,,,,,0,,
off,178,r5,red,sup,坦克,ironclad,,1,3,3,2,6586,20360,900,27.6,,,,0,,,,,,,,,,,,,,,,,,0,,
off,179,b1,blue,top,戰士,chichuan,,1,2,0,0,6231,15254,600,26.2,,,,0,,,,,,,,,,,,,,,,,,0,,
off,179,b2,blue,jungle,刺客,wuxing,,1,2,0,0,4204,8730,1078,47,,,,0,,,,,,,,,,,,,,,,,,0,,
off,179,b3,blue,mid,法師,haixiao,,1,4,1,2,14494,11177,1200,52.4,,,,0,,,,,,,,,,,,,,,,,,0,,
off,179,b4,blue,adc,射手,xuanfeng,,1,4,3,3,7917,8514,1218,53.1,,,,0,,,,,,,,,,,,,,,,,,0,,
off,179,b5,blue,sup,輔助,xuemai,,1,1,0,0,3742,10229,300,13.1,,,,0,,,,,,,,,,,,,,,,,,0,,
off,179,r1,red,top,戰士,chichuan,,0,2,2,1,5830,18133,600,26.2,,,,0,,,,,,,,,,,,,,,,,,0,,
off,179,r2,red,jungle,刺客,wuxing,,0,0,3,0,6126,10420,1051,45.9,,,,0,,,,,,,,,,,,,,,,,,0,,
off,179,r3,red,mid,法師,haixiao,,0,2,4,0,9041,11963,600,26.2,,,,0,,,,,,,,,,,,,,,,,,0,,
off,179,r4,red,adc,射手,xuanfeng,,0,0,2,1,7321,8401,0,0,,,,0,,,,,,,,,,,,,,,,,,0,,
off,179,r5,red,sup,輔助,xuemai,,0,0,2,0,3689,10017,0,0,,,,0,,,,,,,,,,,,,,,,,,0,,
off,180,b1,blue,top,戰士,dushe,,0,0,5,0,8582,21193,0,0,,,,0,,,,,,,,,,,,,,,,,,0,,
off,180,b2,blue,jungle,刺客,voidrift,,0,1,6,0,6246,14157,976,37.7,,,,0,,,,,,,,,,,,,,,,,,0,,
off,180,b3,blue,mid,法師,leiming,,0,1,5,0,10707,13264,328,12.7,,,,0,,,,,,,,,,,,,,,,,,0,,
off,180,b4,blue,adc,射手,phantom,,0,2,6,0,10792,9779,600,23.2,,,,0,,,,,,,,,,,,,,,,,,0,,
off,180,b5,blue,sup,坦克,longji,,0,1,7,0,6222,17387,354,13.7,,,,0,,,,,,,,,,,,,,,,,,0,,
off,180,r1,red,top,戰士,dushe,,1,15,0,0,18662,18583,4500,174,,,,0,,,,,,,,,,,,,,,,,,0,,
off,180,r2,red,jungle,刺客,voidrift,,1,6,0,1,7564,10089,2980,115.2,,,,0,,,,,,,,,,,,,,,,,,0,,
off,180,r3,red,mid,法師,leiming,,1,2,2,3,13341,11541,600,23.2,,,,0,,,,,,,,,,,,,,,,,,0,,
off,180,r4,red,adc,射手,phantom,,1,4,3,3,14061,9843,1200,46.4,,,,0,,,,,,,,,,,,,,,,,,0,,
off,180,r5,red,sup,坦克,longji,,1,2,0,2,6172,15607,600,23.2,,,,0,,,,,,,,,,,,,,,,,,0,,
off,181,b1,blue,top,戰士,fengbao,,0,1,1,0,9372,18365,300,11.9,,,,0,,,,,,,,,,,,,,,,,,0,,
off,181,b2,blue,jungle,戰士,hunpo,,0,2,1,2,5535,8536,1168,46.4,,,,0,,,,,,,,,,,,,,,,,,0,,
off,181,b3,blue,mid,法師,haixiao,,0,3,2,0,10959,11750,900,35.8,,,,0,,,,,,,,,,,,,,,,,,0,,
off,181,b4,blue,adc,射手,yanfeng,,0,8,4,1,13617,10089,2400,95.5,,,,0,,,,,,,,,,,,,,,,,,0,,
off,181,b5,blue,sup,坦克,thornwall,,0,2,2,2,4970,14632,600,23.9,,,,0,,,,,,,,,,,,,,,,,,0,,
off,181,r1,red,top,戰士,fengbao,,1,1,0,1,9646,21595,318,12.6,,,,0,,,,,,,,,,,,,,,,,,0,,
off,181,r2,red,jungle,戰士,hunpo,,1,2,3,1,8554,11594,1501,59.7,,,,0,,,,,,,,,,,,,,,,,,0,,
off,181,r3,red,mid,法師,haixiao,,1,0,5,0,12939,13661,0,0,,,,0,,,,,,,,,,,,,,,,,,0,,
off,181,r4,red,adc,射手,yanfeng,,1,2,7,2,5987,9080,600,23.9,,,,0,,,,,,,,,,,,,,,,,,0,,
off,181,r5,red,sup,坦克,thornwall,,1,5,1,0,5077,15542,1500,59.7,,,,0,,,,,,,,,,,,,,,,,,0,,
off,182,b1,blue,top,戰士,rongyan,,0,2,0,3,11863,22754,600,22.7,,,,0,,,,,,,,,,,,,,,,,,0,,
off,182,b2,blue,jungle,戰士,leimingcf,,0,5,4,0,4734,13098,2310,87.3,,,,0,,,,,,,,,,,,,,,,,,0,,
off,182,b3,blue,mid,法師,leiming,,0,2,2,0,8638,14295,600,22.7,,,,0,,,,,,,,,,,,,,,,,,0,,
off,182,b4,blue,adc,射手,siwang,,0,0,5,1,10820,10955,0,0,,,,0,,,,,,,,,,,,,,,,,,0,,
off,182,b5,blue,sup,輔助,shengming,,0,2,2,2,3625,15422,600,22.7,,,,0,,,,,,,,,,,,,,,,,,0,,
off,182,r1,red,top,戰士,rongyan,,1,1,0,0,11126,20781,300,11.3,,,,0,,,,,,,,,,,,,,,,,,0,,
off,182,r2,red,jungle,戰士,leimingcf,,1,4,4,2,7696,10056,2130,80.5,,,,0,,,,,,,,,,,,,,,,,,0,,
off,182,r3,red,mid,法師,leiming,,1,5,1,2,15518,12911,1554,58.8,,,,0,,,,,,,,,,,,,,,,,,0,,
off,182,r4,red,adc,射手,siwang,,1,2,5,3,14685,10792,600,22.7,,,,0,,,,,,,,,,,,,,,,,,0,,
off,182,r5,red,sup,輔助,shengming,,1,1,1,3,5309,12793,300,11.3,,,,0,,,,,,,,,,,,,,,,,,0,,
off,183,b1,blue,top,戰士,embercoil,,0,1,3,0,11775,23443,300,10.6,,,,0,,,,,,,,,,,,,,,,,,0,,
off,183,b2,blue,jungle,戰士,fengbao,,0,1,4,0,4225,12232,1129,40,,,,0,,,,,,,,,,,,,,,,,,0,,
off,183,b3,blue,mid,法師,haixiao,,0,0,0,0,12450,15110,0,0,,,,0,,,,,,,,,,,,,,,,,,0,,
off,183,b4,blue,adc,射手,maestro,,0,1,6,0,8653,10632,382,13.5,,,,0,,,,,,,,,,,,,,,,,,0,,
off,183,b5,blue,sup,輔助,fengshen,,0,0,4,0,5236,14663,18,0.6,,,,0,,,,,,,,,,,,,,,,,,0,,
off,183,r1,red,top,戰士,embercoil,,1,6,1,1,13263,20748,1800,63.7,,,,0,,,,,,,,,,,,,,,,,,0,,
off,183,r2,red,jungle,戰士,fengbao,,1,2,1,0,9957,14495,1843,65.2,,,,0,,,,,,,,,,,,,,,,,,0,,
off,183,r3,red,mid,法師,haixiao,,1,7,0,1,17211,13527,2100,74.3,,,,0,,,,,,,,,,,,,,,,,,0,,
off,183,r4,red,adc,射手,maestro,,1,2,1,2,9609,10348,600,21.2,,,,0,,,,,,,,,,,,,,,,,,0,,
off,183,r5,red,sup,輔助,fengshen,,1,0,0,3,4272,9981,0,0,,,,0,,,,,,,,,,,,,,,,,,0,,
off,184,b1,blue,top,戰士,cinderfist,,0,1,2,0,8285,19836,382,14.9,,,,0,,,,,,,,,,,,,,,,,,0,,
off,184,b2,blue,jungle,戰士,anliuyouXia,,0,0,5,0,6603,11284,559,21.8,,,,0,,,,,,,,,,,,,,,,,,0,,
off,184,b3,blue,mid,法師,leiming,,0,1,4,0,10943,14112,300,11.7,,,,0,,,,,,,,,,,,,,,,,,0,,
off,184,b4,blue,adc,射手,liuxing,,0,2,3,2,13786,10609,654,25.5,,,,0,,,,,,,,,,,,,,,,,,0,,
off,184,b5,blue,sup,坦克,suishan,,0,1,6,0,7128,15326,300,11.7,,,,0,,,,,,,,,,,,,,,,,,0,,
off,184,r1,red,top,戰士,cinderfist,,1,9,0,0,13262,21819,2700,105.4,,,,0,,,,,,,,,,,,,,,,,,0,,
off,184,r2,red,jungle,戰士,anliuyouXia,,1,6,0,0,5813,9007,2713,105.9,,,,0,,,,,,,,,,,,,,,,,,0,,
off,184,r3,red,mid,法師,leiming,,1,1,3,2,9842,13095,300,11.7,,,,0,,,,,,,,,,,,,,,,,,0,,
off,184,r4,red,adc,射手,liuxing,,1,3,2,4,14115,8790,900,35.1,,,,0,,,,,,,,,,,,,,,,,,0,,
off,184,r5,red,sup,坦克,suishan,,1,1,0,6,9718,15550,300,11.7,,,,0,,,,,,,,,,,,,,,,,,0,,
off,185,b1,blue,top,戰士,leimingcf,,0,1,1,0,8866,20465,300,11.9,,,,0,,,,,,,,,,,,,,,,,,0,,
off,185,b2,blue,jungle,戰士,embercoil,,0,1,2,1,5668,12772,1153,45.9,,,,0,,,,,,,,,,,,,,,,,,0,,
off,185,b3,blue,mid,法師,mingyun2,,0,1,2,0,12189,14639,300,11.9,,,,0,,,,,,,,,,,,,,,,,,0,,
off,185,b4,blue,adc,射手,shensheng,,0,1,5,0,6559,9995,318,12.7,,,,0,,,,,,,,,,,,,,,,,,0,,
off,185,b5,blue,sup,輔助,mingyunyindao,,0,1,0,0,3819,12915,300,11.9,,,,0,,,,,,,,,,,,,,,,,,0,,
off,185,r1,red,top,戰士,leimingcf,,1,3,0,0,10898,17937,900,35.8,,,,0,,,,,,,,,,,,,,,,,,0,,
off,185,r2,red,jungle,戰士,embercoil,,1,3,2,1,5806,10138,1672,66.6,,,,0,,,,,,,,,,,,,,,,,,0,,
off,185,r3,red,mid,法師,mingyun2,,1,1,1,2,14768,11448,318,12.7,,,,0,,,,,,,,,,,,,,,,,,0,,
off,185,r4,red,adc,射手,shensheng,,1,3,2,0,12547,8917,900,35.8,,,,0,,,,,,,,,,,,,,,,,,0,,
off,185,r5,red,sup,輔助,mingyunyindao,,1,0,0,3,5549,10397,0,0,,,,0,,,,,,,,,,,,,,,,,,0,,
off,186,b1,blue,top,戰士,jufeng,,0,0,2,0,6153,18171,0,0,,,,0,,,,,,,,,,,,,,,,,,0,,
off,186,b2,blue,jungle,戰士,hunpo,,0,0,1,0,3107,8976,649,27.4,,,,0,,,,,,,,,,,,,,,,,,0,,
off,186,b3,blue,mid,法師,bingshuang,,0,0,5,0,10528,12018,0,0,,,,0,,,,,,,,,,,,,,,,,,0,,
off,186,b4,blue,adc,射手,liangzicz,,0,1,5,0,9689,9785,300,12.7,,,,0,,,,,,,,,,,,,,,,,,0,,
off,186,b5,blue,sup,輔助,mingyun,,0,1,1,0,3357,11743,300,12.7,,,,0,,,,,,,,,,,,,,,,,,0,,
off,186,r1,red,top,戰士,jufeng,,1,6,0,1,6870,17082,1854,78.3,,,,0,,,,,,,,,,,,,,,,,,0,,
off,186,r2,red,jungle,戰士,hunpo,,1,1,0,2,4788,10270,1216,51.3,,,,0,,,,,,,,,,,,,,,,,,0,,
off,186,r3,red,mid,法師,bingshuang,,1,4,0,0,14435,11039,1254,52.9,,,,0,,,,,,,,,,,,,,,,,,0,,
off,186,r4,red,adc,射手,liangzicz,,1,2,0,2,10074,7526,600,25.3,,,,0,,,,,,,,,,,,,,,,,,0,,
off,186,r5,red,sup,輔助,mingyun,,1,1,2,2,3744,10268,300,12.7,,,,0,,,,,,,,,,,,,,,,,,0,,
off,187,b1,blue,top,戰士,ronggang,,0,0,3,0,10609,26263,0,0,,,,0,,,,,,,,,,,,,,,,,,0,,
off,187,b2,blue,jungle,戰士,ravager,,0,1,6,1,7373,12151,1093,37.3,,,,0,,,,,,,,,,,,,,,,,,0,,
off,187,b3,blue,mid,法師,mingyun2,,0,2,4,1,16367,16193,618,21.1,,,,0,,,,,,,,,,,,,,,,,,0,,
off,187,b4,blue,adc,射手,leiting,,0,3,4,1,12545,12901,918,31.3,,,,0,,,,,,,,,,,,,,,,,,0,,
off,187,b5,blue,sup,坦克,tixue,,0,1,9,0,8038,19157,300,10.2,,,,0,,,,,,,,,,,,,,,,,,0,,
off,187,r1,red,top,戰士,ronggang,,1,4,0,3,13511,22133,1272,43.4,,,,0,,,,,,,,,,,,,,,,,,0,,
off,187,r2,red,jungle,戰士,ravager,,1,9,2,1,12824,13919,3973,135.4,,,,0,,,,,,,,,,,,,,,,,,0,,
off,187,r3,red,mid,法師,mingyun2,,1,6,1,2,20355,13680,1800,61.3,,,,0,,,,,,,,,,,,,,,,,,0,,
off,187,r4,red,adc,射手,leiting,,1,2,3,6,17745,10318,600,20.4,,,,0,,,,,,,,,,,,,,,,,,0,,
off,187,r5,red,sup,坦克,tixue,,1,5,1,4,8391,18675,1500,51.1,,,,0,,,,,,,,,,,,,,,,,,0,,
off,188,b1,blue,top,戰士,jingci,,0,1,4,1,7192,18977,354,14.8,,,,0,,,,,,,,,,,,,,,,,,0,,
off,188,b2,blue,jungle,戰士,xueyue,,0,0,3,2,8882,11421,568,23.8,,,,0,,,,,,,,,,,,,,,,,,0,,
off,188,b3,blue,mid,法師,bingshuang,,0,1,3,0,10319,11667,354,14.8,,,,0,,,,,,,,,,,,,,,,,,0,,
off,188,b4,blue,adc,射手,liangzi,,0,3,4,0,8136,8993,900,37.7,,,,0,,,,,,,,,,,,,,,,,,0,,
off,188,b5,blue,sup,坦克,tieshixin,,0,2,5,2,5444,14932,654,27.4,,,,0,,,,,,,,,,,,,,,,,,0,,
off,188,r1,red,top,戰士,jingci,,1,8,0,0,12940,18474,2400,100.6,,,,0,,,,,,,,,,,,,,,,,,0,,
off,188,r2,red,jungle,戰士,xueyue,,1,5,4,2,6090,9742,2379,99.7,,,,0,,,,,,,,,,,,,,,,,,0,,
off,188,r3,red,mid,法師,bingshuang,,1,3,0,1,8954,10936,900,37.7,,,,0,,,,,,,,,,,,,,,,,,0,,
off,188,r4,red,adc,射手,liangzi,,1,2,2,1,9430,7808,600,25.1,,,,0,,,,,,,,,,,,,,,,,,0,,
off,188,r5,red,sup,坦克,tieshixin,,1,1,1,2,5079,13433,300,12.6,,,,0,,,,,,,,,,,,,,,,,,0,,
off,189,b1,blue,top,戰士,longyi,,1,4,1,1,13232,19235,1200,48.1,,,,0,,,,,,,,,,,,,,,,,,0,,
off,189,b2,blue,jungle,戰士,jufeng,,1,1,1,0,3186,9771,903,36.2,,,,0,,,,,,,,,,,,,,,,,,0,,
off,189,b3,blue,mid,法師,mingyun2,,1,8,3,0,15338,13385,2400,96.1,,,,0,,,,,,,,,,,,,,,,,,0,,
off,189,b4,blue,adc,射手,shengyan,,1,2,3,1,9182,9589,600,24,,,,0,,,,,,,,,,,,,,,,,,0,,
off,189,b5,blue,sup,輔助,huanjing,,1,0,4,1,3765,13162,54,2.2,,,,0,,,,,,,,,,,,,,,,,,0,,
off,189,r1,red,top,戰士,longyi,,0,3,1,0,6898,18385,928,37.2,,,,0,,,,,,,,,,,,,,,,,,0,,
off,189,r2,red,jungle,戰士,jufeng,,0,2,5,1,8127,13520,1427,57.1,,,,0,,,,,,,,,,,,,,,,,,0,,
off,189,r3,red,mid,法師,mingyun2,,0,3,3,0,11620,12053,900,36,,,,0,,,,,,,,,,,,,,,,,,0,,
off,189,r4,red,adc,射手,shengyan,,0,4,2,1,11739,10587,1200,48.1,,,,0,,,,,,,,,,,,,,,,,,0,,
off,189,r5,red,sup,輔助,huanjing,,0,0,4,1,3957,12015,28,1.1,,,,0,,,,,,,,,,,,,,,,,,0,,
off,190,b1,blue,top,戰士,chichuan,,0,0,1,0,7213,19460,0,0,,,,0,,,,,,,,,,,,,,,,,,0,,
off,190,b2,blue,jungle,戰士,kuangfeng,,0,2,6,0,6330,11966,1304,52.4,,,,0,,,,,,,,,,,,,,,,,,0,,
off,190,b3,blue,mid,法師,bingshuang,,0,1,2,1,10763,13476,300,12.1,,,,0,,,,,,,,,,,,,,,,,,0,,
off,190,b4,blue,adc,射手,mirrorshot,,0,2,4,1,14587,10017,600,24.1,,,,0,,,,,,,,,,,,,,,,,,0,,
off,190,b5,blue,sup,坦克,dadi,,0,0,5,0,3896,14251,0,0,,,,0,,,,,,,,,,,,,,,,,,0,,
off,190,r1,red,top,戰士,chichuan,,1,6,0,0,8010,15950,1800,72.3,,,,0,,,,,,,,,,,,,,,,,,0,,
off,190,r2,red,jungle,戰士,kuangfeng,,1,6,2,3,8258,10347,2695,108.3,,,,0,,,,,,,,,,,,,,,,,,0,,
off,190,r3,red,mid,法師,bingshuang,,1,3,2,4,13364,14127,900,36.2,,,,0,,,,,,,,,,,,,,,,,,0,,
off,190,r4,red,adc,射手,mirrorshot,,1,3,1,2,15814,9715,954,38.3,,,,0,,,,,,,,,,,,,,,,,,0,,
off,190,r5,red,sup,坦克,dadi,,1,0,0,7,5103,14226,0,0,,,,0,,,,,,,,,,,,,,,,,,0,,
off,191,b1,blue,top,戰士,xueyue,,1,2,2,1,6054,19332,600,22.3,,,,0,,,,,,,,,,,,,,,,,,0,,
off,191,b2,blue,jungle,戰士,tielian,,1,0,3,3,5539,10925,523,19.4,,,,0,,,,,,,,,,,,,,,,,,0,,
off,191,b3,blue,mid,法師,lieyan,,1,8,1,1,17177,14469,2400,89.2,,,,0,,,,,,,,,,,,,,,,,,0,,
off,191,b4,blue,adc,射手,hanbing,,1,5,7,3,17396,10309,1500,55.8,,,,0,,,,,,,,,,,,,,,,,,0,,
off,191,b5,blue,sup,坦克,ironclad,,1,2,5,2,7675,17068,600,22.3,,,,0,,,,,,,,,,,,,,,,,,0,,
off,191,r1,red,top,戰士,xueyue,,0,7,3,1,12637,22245,2100,78.1,,,,0,,,,,,,,,,,,,,,,,,0,,
off,191,r2,red,jungle,戰士,tielian,,0,2,3,4,7517,12391,1696,63,,,,0,,,,,,,,,,,,,,,,,,0,,
off,191,r3,red,mid,法師,lieyan,,0,7,3,2,13111,15725,2100,78.1,,,,0,,,,,,,,,,,,,,,,,,0,,
off,191,r4,red,adc,射手,hanbing,,0,1,4,5,12024,10673,300,11.2,,,,0,,,,,,,,,,,,,,,,,,0,,
off,191,r5,red,sup,坦克,ironclad,,0,1,4,2,5288,17465,300,11.2,,,,0,,,,,,,,,,,,,,,,,,0,,
off,192,b1,blue,top,戰士,langwang,,1,5,1,0,7835,18149,1500,59.3,,,,0,,,,,,,,,,,,,,,,,,0,,
off,192,b2,blue,jungle,刺客,duskblade,,1,3,0,0,5054,9420,1621,64.1,,,,0,,,,,,,,,,,,,,,,,,0,,
off,192,b3,blue,mid,法師,shikong,,1,0,1,3,12660,12380,0,0,,,,0,,,,,,,,,,,,,,,,,,0,,
off,192,b4,blue,adc,射手,xuanfeng,,1,3,1,0,9510,9134,900,35.6,,,,0,,,,,,,,,,,,,,,,,,0,,
off,192,b5,blue,sup,輔助,xuemai,,1,0,1,2,4001,11027,0,0,,,,0,,,,,,,,,,,,,,,,,,0,,
off,192,r1,red,top,戰士,langwang,,0,2,1,0,5790,18514,654,25.9,,,,0,,,,,,,,,,,,,,,,,,0,,
off,192,r2,red,jungle,刺客,duskblade,,0,1,2,0,4640,10206,1258,49.8,,,,0,,,,,,,,,,,,,,,,,,0,,
off,192,r3,red,mid,法師,shikong,,0,0,2,1,12409,11077,0,0,,,,0,,,,,,,,,,,,,,,,,,0,,
off,192,r4,red,adc,射手,xuanfeng,,0,1,4,0,10126,8866,300,11.9,,,,0,,,,,,,,,,,,,,,,,,0,,
off,192,r5,red,sup,輔助,xuemai,,0,0,2,2,5348,12771,0,0,,,,0,,,,,,,,,,,,,,,,,,0,,
off,193,b1,blue,top,戰士,kuangfeng,,0,1,1,0,8936,15980,300,13.5,,,,0,,,,,,,,,,,,,,,,,,0,,
off,193,b2,blue,jungle,刺客,binghe,,0,1,3,1,3931,9871,967,43.5,,,,0,,,,,,,,,,,,,,,,,,0,,
off,193,b3,blue,mid,法師,lieyan,,0,0,1,0,7999,10683,54,2.4,,,,0,,,,,,,,,,,,,,,,,,0,,
off,193,b4,blue,adc,射手,dawnstrike,,0,0,3,1,6831,9380,0,0,,,,0,,,,,,,,,,,,,,,,,,0,,
off,193,b5,blue,sup,輔助,zhanchang,,0,1,3,1,3768,11617,300,13.5,,,,0,,,,,,,,,,,,,,,,,,0,,
off,193,r1,red,top,戰士,kuangfeng,,1,4,0,0,10614,16320,1254,56.5,,,,0,,,,,,,,,,,,,,,,,,0,,
off,193,r2,red,jungle,刺客,binghe,,1,4,0,1,7342,9200,2291,103.2,,,,0,,,,,,,,,,,,,,,,,,0,,
off,193,r3,red,mid,法師,lieyan,,1,2,1,3,9409,11066,600,27,,,,0,,,,,,,,,,,,,,,,,,0,,
off,193,r4,red,adc,射手,dawnstrike,,1,0,1,2,9109,7582,15,0.7,,,,0,,,,,,,,,,,,,,,,,,0,,
off,193,r5,red,sup,輔助,zhanchang,,1,1,1,2,3084,9905,328,14.8,,,,0,,,,,,,,,,,,,,,,,,0,,
off,194,b1,blue,top,戰士,greymantle,,0,0,2,0,8164,17022,0,0,,,,0,,,,,,,,,,,,,,,,,,0,,
off,194,b2,blue,jungle,刺客,jueying,,0,2,2,0,5069,9294,1385,59.3,,,,0,,,,,,,,,,,,,,,,,,0,,
off,194,b3,blue,mid,法師,shikong,,0,1,1,1,9746,12462,300,12.8,,,,0,,,,,,,,,,,,,,,,,,0,,
off,194,b4,blue,adc,射手,yanfeng,,0,1,1,0,9086,8905,300,12.8,,,,0,,,,,,,,,,,,,,,,,,0,,
off,194,b5,blue,sup,坦克,stoneguard,,0,1,4,0,5437,14089,300,12.8,,,,0,,,,,,,,,,,,,,,,,,0,,
off,194,r1,red,top,戰士,greymantle,,1,4,0,0,8354,16333,1200,51.4,,,,0,,,,,,,,,,,,,,,,,,0,,
off,194,r2,red,jungle,刺客,jueying,,1,1,1,0,7730,9161,1408,60.3,,,,0,,,,,,,,,,,,,,,,,,0,,
off,194,r3,red,mid,法師,shikong,,1,4,1,0,10374,10957,1200,51.4,,,,0,,,,,,,,,,,,,,,,,,0,,
off,194,r4,red,adc,射手,yanfeng,,1,1,2,2,10064,7597,300,12.8,,,,0,,,,,,,,,,,,,,,,,,0,,
off,194,r5,red,sup,坦克,stoneguard,,1,0,1,2,6201,12336,0,0,,,,0,,,,,,,,,,,,,,,,,,0,,
off,195,b1,blue,top,戰士,cinderfist,,0,2,8,0,16412,36520,600,15.1,,,,0,,,,,,,,,,,,,,,,,,0,,
off,195,b2,blue,jungle,刺客,anye,,0,5,4,0,9943,21062,2303,58,,,,0,,,,,,,,,,,,,,,,,,0,,
off,195,b3,blue,mid,法師,lieyan,,0,6,7,2,25637,22697,1800,45.3,,,,0,,,,,,,,,,,,,,,,,,0,,
off,195,b4,blue,adc,射手,siwang,,0,5,12,2,25810,17987,1500,37.8,,,,0,,,,,,,,,,,,,,,,,,0,,
off,195,b5,blue,sup,輔助,shengming,,0,2,6,3,12817,23354,600,15.1,,,,0,,,,,,,,,,,,,,,,,,0,,
off,195,r1,red,top,戰士,cinderfist,,1,13,1,0,22111,38651,3900,98.3,,,,0,,,,,,,,,,,,,,,,,,0,,
off,195,r2,red,jungle,刺客,anye,,1,6,5,1,14894,21737,3010,75.8,,,,0,,,,,,,,,,,,,,,,,,0,,
off,195,r3,red,mid,法師,lieyan,,1,11,4,3,29555,21312,3300,83.1,,,,0,,,,,,,,,,,,,,,,,,0,,
off,195,r4,red,adc,射手,siwang,,1,6,7,1,27391,17913,1800,45.3,,,,0,,,,,,,,,,,,,,,,,,0,,
off,195,r5,red,sup,輔助,shengming,,1,1,3,5,8169,20014,300,7.6,,,,0,,,,,,,,,,,,,,,,,,0,,
off,196,b1,blue,top,坦克,tieshixin,,0,1,2,0,10335,21780,300,11,,,,0,,,,,,,,,,,,,,,,,,0,,
off,196,b2,blue,jungle,刺客,wuxing,,0,1,0,0,4465,11336,1049,38.3,,,,0,,,,,,,,,,,,,,,,,,0,,
off,196,b3,blue,mid,法師,auralith,,0,5,3,0,17208,14979,1500,54.8,,,,0,,,,,,,,,,,,,,,,,,0,,
off,196,b4,blue,adc,射手,maestro,,0,4,3,1,10255,11027,1200,43.8,,,,0,,,,,,,,,,,,,,,,,,0,,
off,196,b5,blue,sup,輔助,mingyun,,0,0,3,1,3996,12931,0,0,,,,0,,,,,,,,,,,,,,,,,,0,,
off,196,r1,red,top,坦克,tieshixin,,1,5,1,0,12899,20409,1500,54.8,,,,0,,,,,,,,,,,,,,,,,,0,,
off,196,r2,red,jungle,刺客,wuxing,,1,3,3,1,7084,12533,1801,65.7,,,,0,,,,,,,,,,,,,,,,,,0,,
off,196,r3,red,mid,法師,auralith,,1,0,1,0,9952,12486,0,0,,,,0,,,,,,,,,,,,,,,,,,0,,
off,196,r4,red,adc,射手,maestro,,1,1,5,0,9132,10410,300,11,,,,0,,,,,,,,,,,,,,,,,,0,,
off,196,r5,red,sup,輔助,mingyun,,1,2,1,3,5813,14625,600,21.9,,,,0,,,,,,,,,,,,,,,,,,0,,
off,197,b1,blue,top,坦克,bingshouweis,,1,3,2,1,7318,17473,900,35.7,,,,0,,,,,,,,,,,,,,,,,,0,,
off,197,b2,blue,jungle,刺客,razorwing,,1,3,2,2,6258,11652,1477,58.6,,,,0,,,,,,,,,,,,,,,,,,0,,
off,197,b3,blue,mid,法師,xingjie,,1,1,2,1,11855,13376,300,11.9,,,,0,,,,,,,,,,,,,,,,,,0,,
off,197,b4,blue,adc,射手,liuxing,,1,3,3,3,9040,10116,918,36.4,,,,0,,,,,,,,,,,,,,,,,,0,,
off,197,b5,blue,sup,坦克,suishan,,1,2,2,4,5419,14552,600,23.8,,,,0,,,,,,,,,,,,,,,,,,0,,
off,197,r1,red,top,坦克,bingshouweis,,0,1,1,1,6995,18304,300,11.9,,,,0,,,,,,,,,,,,,,,,,,0,,
off,197,r2,red,jungle,刺客,razorwing,,0,5,3,0,8571,11315,2371,94.1,,,,0,,,,,,,,,,,,,,,,,,0,,
off,197,r3,red,mid,法師,xingjie,,0,1,2,3,11041,14385,300,11.9,,,,0,,,,,,,,,,,,,,,,,,0,,
off,197,r4,red,adc,射手,liuxing,,0,1,2,0,12751,9090,300,11.9,,,,0,,,,,,,,,,,,,,,,,,0,,
off,197,r5,red,sup,坦克,suishan,,0,3,4,3,5602,16727,900,35.7,,,,0,,,,,,,,,,,,,,,,,,0,,
off,198,b1,blue,top,坦克,tiebi,,0,1,0,2,6798,16411,300,13.2,,,,0,,,,,,,,,,,,,,,,,,0,,
off,198,b2,blue,jungle,刺客,jingxiang,,0,2,1,0,2898,8208,1285,56.5,,,,0,,,,,,,,,,,,,,,,,,0,,
off,198,b3,blue,mid,法師,auralith,,0,2,2,1,10122,11808,600,26.4,,,,0,,,,,,,,,,,,,,,,,,0,,
off,198,b4,blue,adc,射手,shensheng,,0,2,1,1,8374,7853,600,26.4,,,,0,,,,,,,,,,,,,,,,,,0,,
off,198,b5,blue,sup,坦克,bingshouweis,,0,1,4,0,2877,12969,300,13.2,,,,0,,,,,,,,,,,,,,,,,,0,,
off,198,r1,red,top,坦克,tiebi,,1,0,2,0,4767,15718,0,0,,,,0,,,,,,,,,,,,,,,,,,0,,
off,198,r2,red,jungle,刺客,jingxiang,,1,2,2,1,5551,8958,1519,66.8,,,,0,,,,,,,,,,,,,,,,,,0,,
off,198,r3,red,mid,法師,auralith,,1,0,2,2,13205,10953,0,0,,,,0,,,,,,,,,,,,,,,,,,0,,
off,198,r4,red,adc,射手,shensheng,,1,4,1,1,9426,8260,1200,52.8,,,,0,,,,,,,,,,,,,,,,,,0,,
off,198,r5,red,sup,坦克,bingshouweis,,1,2,1,0,3335,12257,600,26.4,,,,0,,,,,,,,,,,,,,,,,,0,,
off,199,b1,blue,top,坦克,shengdun,,0,0,4,2,7849,21405,0,0,,,,0,,,,,,,,,,,,,,,,,,0,,
off,199,b2,blue,jungle,刺客,guihuo,,0,4,3,1,7188,13920,1732,65.7,,,,0,,,,,,,,,,,,,,,,,,0,,
off,199,b3,blue,mid,法師,xingjie,,0,1,2,2,10928,13211,300,11.4,,,,0,,,,,,,,,,,,,,,,,,0,,
off,199,b4,blue,adc,射手,mori,,0,2,7,1,8409,11159,600,22.8,,,,0,,,,,,,,,,,,,,,,,,0,,
off,199,b5,blue,sup,輔助,shiguang,,0,1,3,1,4839,11630,300,11.4,,,,0,,,,,,,,,,,,,,,,,,0,,
off,199,r1,red,top,坦克,shengdun,,1,8,1,0,11279,20011,2400,91,,,,0,,,,,,,,,,,,,,,,,,0,,
off,199,r2,red,jungle,刺客,guihuo,,1,1,1,3,6298,11379,955,36.2,,,,0,,,,,,,,,,,,,,,,,,0,,
off,199,r3,red,mid,法師,xingjie,,1,6,1,1,14869,13086,1800,68.3,,,,0,,,,,,,,,,,,,,,,,,0,,
off,199,r4,red,adc,射手,mori,,1,4,3,7,12417,10436,1200,45.5,,,,0,,,,,,,,,,,,,,,,,,0,,
off,199,r5,red,sup,輔助,shiguang,,1,0,2,5,7487,11122,0,0,,,,0,,,,,,,,,,,,,,,,,,0,,
off,200,b1,blue,top,坦克,shiqiang,,0,2,4,0,7198,22342,600,22.7,,,,0,,,,,,,,,,,,,,,,,,0,,
off,200,b2,blue,jungle,刺客,jiansheng,,0,3,2,1,9094,13378,1521,57.5,,,,0,,,,,,,,,,,,,,,,,,0,,
off,200,b3,blue,mid,法師,auralith,,0,3,5,2,15624,13709,900,34,,,,0,,,,,,,,,,,,,,,,,,0,,
off,200,b4,blue,adc,射手,leiting,,0,0,2,0,11199,8941,18,0.7,,,,0,,,,,,,,,,,,,,,,,,0,,
off,200,b5,blue,sup,坦克,tixue,,0,1,3,3,6016,15873,318,12,,,,0,,,,,,,,,,,,,,,,,,0,,
off,200,r1,red,top,坦克,shiqiang,,1,7,2,0,11881,20126,2100,79.4,,,,0,,,,,,,,,,,,,,,,,,0,,
off,200,r2,red,jungle,刺客,jiansheng,,1,4,1,2,7024,12078,2122,80.2,,,,0,,,,,,,,,,,,,,,,,,0,,
off,200,r3,red,mid,法師,auralith,,1,2,1,1,13779,12660,600,22.7,,,,0,,,,,,,,,,,,,,,,,,0,,
off,200,r4,red,adc,射手,leiting,,1,1,2,2,9078,9347,300,11.3,,,,0,,,,,,,,,,,,,,,,,,0,,
off,200,r5,red,sup,坦克,tixue,,1,2,3,2,6481,14999,600,22.7,,,,0,,,,,,,,,,,,,,,,,,0,,
standard,1,b1,blue,top,戰士,embercoil,standard,0,1,2,0,10777,28665,9463,430.6,8.64,15.29,,2,1,1,2,2,213,1440,419,1183,4063,6970,8699,6253,1325,570,,475,,76,,t3_shieldbreaker|t3_finalstring
standard,1,b2,blue,jungle,戰士,cinderfist,standard,0,0,1,0,6662,15803,8378,381.3,8.2,18.99,,2,1,1,2,2,710,204,365,148,3810,5684,7645,6253,321,,,,994,76,,t3_shieldbreaker|t3_finalstring
standard,1,b3,blue,mid,法師,auralith,standard,0,0,9,1,10628,14395,8556,389.4,10.55,19.73,,2,0,1,2,2,1390,271,375,226,3650,5721,7925,6253,836,,285,475,,76,,t3_psyward
standard,1,b4,blue,adc,射手,liangzicz,standard,0,0,6,0,17273,10093,7815,355.6,9.36,20.01,,2,1,1,1,2,376,394,1428,495,3726,5474,7108,6253,779,,,,,76,,t3_shieldbreaker|t3_rendspear
standard,1,b5,blue,sup,坦克,tixue,standard,0,0,4,0,7566,18978,10000,455.1,7.23,13.95,18.91,3,1,2,3,3,746,426,294,420,4646,6926,9274,6253,272,,,475,,76,2197,t3_calmveil|t3_thornmail
standard,1,r1,red,top,戰士,embercoil,standard,1,5,0,1,17258,24810,12689,577.4,8.11,13.57,18.84,3,1,2,3,3,633,253,116,1238,3783,7403,11146,6253,1000,2280,142,1013,,456,,t3_shieldbreaker|t3_finalstring
standard,1,r2,red,jungle,戰士,cinderfist,standard,1,2,0,2,8848,10244,11670,531,8.12,16.22,20.45,3,1,1,2,3,403,1699,2070,869,4203,7179,10670,6253,171,1140,380,380,1890,456,,t3_shieldbreaker|t3_finalstring
standard,1,r3,red,mid,法師,auralith,standard,1,8,0,1,16348,12597,14370,653.9,8.52,14.73,18.79,3,1,2,3,3,1035,261,215,2290,4885,7811,12295,6253,1057,3420,95,1013,,456,,t3_psyward
standard,1,r4,red,adc,射手,liangzicz,standard,1,6,1,1,22703,8495,12290,559.3,10.55,18.09,20.34,3,0,1,2,3,1424,374,213,1089,3584,6054,9113,6253,598,1140,285,380,,456,,t3_shieldbreaker|t3_rendspear
standard,1,r5,red,sup,坦克,tixue,standard,1,1,0,3,7138,15943,12261,558,6.98,13.26,18.84,4,1,2,3,4,597,397,1062,661,4497,7337,11042,6253,136,570,237,1488,,456,1900,t3_calmveil|t3_thornmail
standard,2,b1,blue,top,戰士,cinderfist,standard,0,0,5,0,11726,32493,9002,375.6,8.78,17.54,,2,1,1,2,2,576,70,79,771,3726,5550,7659,6253,855,,,475,,76,,t3_shieldbreaker|t3_finalstring
standard,2,b2,blue,jungle,戰士,chichuan,standard,0,1,5,0,6588,16854,9890,412.7,7.82,16.51,23.44,3,1,1,2,3,188,956,94,340,4418,6386,8274,6253,228,570,,,1146,76,,t3_shieldbreaker|t3_finalstring
standard,2,b3,blue,mid,法師,ronghuo,standard,0,0,8,0,10968,15162,9021,376.4,10.47,20.27,,2,0,1,1,2,1466,201,1140,270,3726,5531,7640,6253,836,,,475,,76,,t3_psyward
standard,2,b4,blue,adc,射手,leiting,standard,0,7,4,0,25578,11654,13160,549.1,9.42,17.12,21.08,4,1,1,2,4,449,319,706,159,3799,5699,9556,6253,1041,1710,,475,,76,,t3_shieldbreaker|t3_rendspear
standard,2,b5,blue,sup,輔助,linghun,standard,0,1,3,2,6421,21926,11300,471.5,5.78,12.15,16.27,4,1,2,3,4,836,704,651,419,5136,7734,9691,6253,307,570,285,475,,76,1724,t3_calmveil
standard,2,r1,red,top,戰士,cinderfist,standard,1,11,0,0,21241,28201,16825,702,7.32,14.73,16.28,5,1,2,4,5,427,186,282,1525,4227,7286,13082,6253,874,4560,,760,77,557,,t3_shieldbreaker|t3_finalstring
standard,2,r2,red,jungle,戰士,chichuan,standard,1,1,2,3,9425,15076,12293,512.9,7.85,16.7,20.82,3,1,1,2,3,457,1128,1151,1362,4207,6558,9701,6253,254,,855,285,1748,304,,t3_shieldbreaker|t3_finalstring
standard,2,r3,red,mid,法師,ronghuo,standard,1,6,3,0,20960,12660,13690,571.2,11.03,17.98,22.2,3,0,1,2,3,1522,1577,819,1610,3782,6907,10219,6253,938,1710,,760,,557,,t3_psyward
standard,2,r4,red,adc,射手,leiting,standard,1,7,3,1,27414,10674,14249,594.5,9.56,16.32,21.08,4,1,1,2,4,373,969,418,398,3723,6649,9318,6253,813,1140,285,522,,304,,t3_shieldbreaker|t3_rendspear
standard,2,r5,red,sup,輔助,linghun,standard,1,0,1,3,6067,15369,12682,529.2,6.18,12.42,18.5,4,1,2,3,4,1470,926,1334,1302,4570,7106,10564,6253,272,,855,522,,557,2103,t3_calmveil
standard,3,b1,blue,top,戰士,leimingcf,standard,0,0,2,0,7073,25196,8719,381.7,9.81,19.38,,2,1,1,2,2,576,427,136,488,3726,5607,7716,6253,836,,,475,,152,,t3_shieldbreaker|t3_finalstring
standard,3,b2,blue,jungle,戰士,jufeng,standard,0,1,3,0,8428,18345,9563,418.7,9.2,16.27,,2,1,1,2,2,721,988,548,1382,3821,6418,8378,6253,494,570,,,908,152,,t3_shieldbreaker|t3_finalstring
standard,3,b3,blue,mid,法師,gambler,standard,0,0,3,1,13158,13499,8713,381.5,10.49,20.16,,2,0,1,1,2,1618,176,1229,263,3878,6076,7729,6253,988,,285,,51,152,,t3_psyward
standard,3,b4,blue,adc,射手,liangzi,standard,0,11,10,0,18315,11094,14267,624.6,6.58,15.77,18.67,4,1,1,3,4,67,839,953,666,4847,6519,11573,6253,608,4560,,,,152,,t3_shieldbreaker|t3_rendspear
standard,3,b5,blue,sup,輔助,shiguang,standard,0,1,1,0,4288,15108,11077,484.9,5.61,10.62,15.54,4,1,2,3,4,852,460,920,576,5152,7490,10150,6253,304,570,,950,,152,1920,t3_calmveil
standard,3,r1,red,top,戰士,leimingcf,standard,1,4,0,0,11670,21877,12747,558,8.85,14.47,20.96,3,1,2,2,3,154,308,1035,1346,3954,7108,9635,6253,1235,1140,,570,,437,,t3_shieldbreaker|t3_finalstring
standard,3,r2,red,jungle,戰士,jufeng,standard,1,1,0,2,8998,13344,11582,507.1,8.64,15.36,20.33,3,1,1,2,3,45,1763,1017,831,4095,6713,9567,6253,361,570,95,95,1755,437,,t3_shieldbreaker|t3_finalstring
standard,3,r3,red,mid,法師,gambler,standard,1,1,2,2,8101,13066,9992,437.4,10.89,19.49,,2,0,1,2,2,1428,258,284,591,3688,6158,8134,6253,969,,380,95,,437,,t3_psyward
standard,3,r4,red,adc,射手,liangzi,standard,1,12,10,0,24825,10709,15850,693.9,9.65,15.77,18.67,4,1,1,3,4,300,763,259,2000,3650,6443,11459,6253,969,3990,,95,,152,,t3_shieldbreaker|t3_rendspear
standard,3,r5,red,sup,輔助,shiguang,standard,1,1,1,2,9630,14143,12914,565.4,5.85,12.65,15.07,4,1,2,3,4,620,1094,2143,1533,4620,8124,11373,6253,342,570,380,1520,,437,1870,t3_calmveil
standard,4,b1,blue,top,戰士,dadi2,standard,1,4,3,0,25137,39130,14379,473.4,9.59,16.75,21.78,4,1,1,2,4,576,894,453,878,3726,6424,9103,6253,779,1140,,760,,171,,t3_shieldbreaker|t3_finalstring
standard,4,b2,blue,jungle,戰士,langwang,standard,1,4,0,2,15966,22725,15736,518.1,8.88,16.79,19.83,5,1,1,3,5,780,821,205,435,3880,6301,10105,6253,503,1140,427,443,786,551,,t3_shieldbreaker|t3_finalstring
standard,4,b3,blue,mid,法師,ronghuo,standard,1,11,5,0,47154,21644,18196,599,10.58,17.78,22.35,5,0,1,2,5,1541,288,665,2046,3801,6518,9165,6253,872,1140,,443,,456,,t3_psyward
standard,4,b4,blue,adc,射手,shengyan,standard,1,13,9,2,55547,17463,20412,672,9.18,17.32,20.72,5,1,1,2,5,595,757,1058,4812,3945,6437,9958,6253,1285,1140,285,443,,551,,t3_shieldbreaker|t3_rendspear
standard,4,b5,blue,sup,坦克,dadi,standard,1,0,3,3,11630,34874,15594,513.4,7.43,12.59,17.88,5,1,2,3,5,479,628,995,1993,4679,7868,10375,6253,283,,427,285,,551,2575,t3_calmveil|t3_thornmail
standard,4,r1,red,top,戰士,dadi2,standard,0,6,3,1,23061,45720,15927,524.4,9.65,15.59,18.66,4,1,1,3,4,405,1521,325,2577,3555,7051,10275,6253,696,2850,,475,,0,,t3_shieldbreaker|t3_finalstring
standard,4,r2,red,jungle,戰士,langwang,standard,0,1,6,3,18084,32115,12702,418.2,8.74,16.93,25.51,4,1,1,2,4,125,638,108,202,3925,6118,8108,6253,297,,570,,987,0,,t3_shieldbreaker|t3_finalstring
standard,4,r3,red,mid,法師,ronghuo,standard,0,3,11,2,32278,22365,13726,451.9,10.49,19.88,25.27,4,0,1,2,4,1485,258,48,96,3745,5588,7678,6253,997,,427,,,0,,t3_psyward
standard,4,r4,red,adc,射手,shengyan,standard,0,10,11,0,39986,14060,16817,553.6,9.38,18.68,23.33,5,1,1,2,5,471,94,292,1217,3821,5474,8242,6253,943,570,,475,,0,,t3_shieldbreaker|t3_rendspear
standard,4,r5,red,sup,坦克,dadi,standard,0,0,1,5,10503,30932,14087,463.8,6.46,13.18,19.08,4,1,2,3,4,149,767,648,2727,4649,6967,9328,6253,522,,427,,,0,2124,t3_calmveil|t3_thornmail
standard,5,b1,blue,top,戰士,ronggang,standard,1,1,4,0,12019,28187,10241,437.9,8.29,17.21,22.21,3,1,1,2,3,287,830,1614,40,4087,6310,8894,6253,1045,570,,950,,76,,t3_shieldbreaker|t3_finalstring
standard,5,b2,blue,jungle,戰士,tielian,standard,1,1,5,0,4447,19040,10374,443.7,8.93,16.83,22.2,3,1,1,2,3,636,327,1071,424,3736,5577,9051,6253,228,570,,950,973,76,,t3_shieldbreaker|t3_finalstring
standard,5,b3,blue,mid,法師,gambler,standard,1,0,7,0,15709,16792,8629,369,10.43,20.46,,2,0,1,1,2,1526,204,1278,378,3786,5534,7358,6253,1029,,,,,76,,t3_psyward
standard,5,b4,blue,adc,射手,mirrorshot,standard,1,4,5,1,21747,12110,11761,502.9,9.43,17.13,20.33,3,1,1,2,3,319,426,467,780,3669,5626,9217,6253,988,1140,285,475,,76,,t3_shieldbreaker|t3_rendspear
standard,5,b5,blue,sup,輔助,mantra,standard,1,0,4,0,4785,19035,11002,470.5,6.64,11.7,17.73,4,1,2,3,4,1265,262,1694,602,4665,6992,9694,6253,281,,,950,51,76,2081,t3_calmveil
standard,5,r1,red,top,戰士,ronggang,standard,0,7,0,0,19657,27843,14630,625.6,8.37,16.18,18.63,4,1,1,3,4,158,1229,1122,1649,4258,6709,11022,6253,1254,2280,,665,,570,,t3_shieldbreaker|t3_finalstring
standard,5,r2,red,jungle,戰士,tielian,standard,0,7,0,3,13071,13677,14945,639.1,8.43,13.78,15.64,4,1,2,4,4,269,815,608,2015,4919,8765,13538,6253,190,3990,332,190,2012,570,,t3_shieldbreaker|t3_finalstring
standard,5,r3,red,mid,法師,gambler,standard,0,4,4,1,17625,14568,12397,530.2,11.25,18.13,21.72,3,0,1,2,3,1381,458,283,317,3641,6358,9683,6253,1054,1140,95,665,,475,,t3_psyward
standard,5,r4,red,adc,射手,mirrorshot,standard,0,7,2,3,27583,9117,13351,571,10.3,18.89,,2,0,1,2,2,1158,309,273,4450,3318,5389,8223,6253,446,570,237,190,51,475,,t3_shieldbreaker|t3_rendspear
standard,5,r5,red,sup,輔助,mantra,standard,0,0,0,4,6812,15117,12106,517.7,6.58,11.58,15.51,4,1,2,3,4,491,702,1226,1146,4791,7432,10456,6253,247,,475,665,,570,2245,t3_calmveil
standard,6,b1,blue,top,戰士,jingci,standard,1,2,2,0,15434,29299,12414,484.8,9.12,18.3,22.58,3,1,1,2,3,633,717,275,1013,3783,5417,7355,6253,779,,,95,,228,,t3_shieldbreaker|t3_finalstring
standard,6,b2,blue,jungle,戰士,greymantle,standard,1,2,3,0,8916,17227,11737,458.3,7.86,16.74,23.33,3,1,1,2,3,750,641,748,387,3850,6071,8928,6253,418,570,,95,1268,323,,t3_shieldbreaker|t3_finalstring
standard,6,b3,blue,mid,法師,ronghuo,standard,1,9,4,1,28247,17511,16318,637.2,8.57,18.01,20.03,5,1,1,2,5,731,76,2002,168,4581,6576,11402,6253,1406,2850,,570,,323,,t3_psyward
standard,6,b4,blue,adc,射手,hanbing,standard,1,4,5,3,26080,13896,12851,501.8,10.43,18.14,22.64,3,0,1,2,3,1519,322,153,1050,3679,5522,8733,6253,731,570,285,570,,323,,t3_shieldbreaker|t3_rendspear
standard,6,b5,blue,sup,輔助,xuemai,standard,1,0,3,2,7945,18191,12448,486.1,5.71,12.14,16.81,4,1,2,3,4,361,146,762,998,4611,6876,9802,6253,351,,,1045,,323,1829,t3_calmveil
standard,6,r1,red,top,戰士,jingci,standard,0,1,1,1,16155,33949,11755,459,9.19,15.91,22.41,3,1,1,2,3,519,925,370,955,3669,6405,8970,6253,950,570,285,665,,247,,t3_shieldbreaker|t3_finalstring
standard,6,r2,red,jungle,戰士,greymantle,standard,0,3,2,1,10672,18211,12743,497.6,8.16,14.58,19.33,3,1,2,3,3,206,205,996,1392,4436,7855,10546,6253,114,1710,285,190,1746,247,,t3_shieldbreaker|t3_finalstring
standard,6,r3,red,mid,法師,ronghuo,standard,0,7,7,0,21582,16638,13760,537.3,11.12,19.3,24.53,3,0,1,2,3,1314,353,394,1679,3574,6253,7944,6253,779,570,,190,,152,,t3_psyward
standard,6,r4,red,adc,射手,hanbing,standard,0,5,6,2,20540,12432,14798,577.9,8.72,13.93,20.98,4,1,2,2,4,268,86,919,948,4268,7406,9819,6253,943,1710,,665,,247,,t3_shieldbreaker|t3_rendspear
standard,6,r5,red,sup,輔助,xuemai,standard,0,1,1,1,7620,18934,12402,484.3,6.93,11.99,15.34,4,1,2,3,4,311,675,1159,1022,4611,7705,9909,6253,405,570,,665,,247,1768,t3_calmveil
standard,7,b1,blue,top,戰士,longyi,standard,0,1,2,0,8412,22169,10547,465.1,9.18,16.85,21.29,3,1,1,2,3,386,310,586,316,3536,5360,8666,6253,665,570,,950,,228,,t3_shieldbreaker|t3_finalstring
standard,7,b2,blue,jungle,刺客,jingxiang,standard,0,1,5,2,7661,10790,10274,453.1,8.76,15.69,21.81,3,1,1,2,3,671,1313,1039,473,3871,6943,9169,6253,639,570,570,,908,228,,t3_finalstring
standard,7,b3,blue,mid,法師,haixiao,standard,0,4,5,0,15393,14499,10863,479.1,11.62,17.17,20.23,3,0,1,2,3,1270,338,1202,233,3530,5848,9382,6253,715,1710,,475,,228,,t3_psyward
standard,7,b4,blue,adc,射手,xuanfeng,standard,0,4,6,0,19837,12481,10876,479.6,9.68,18.45,21.57,3,1,1,2,3,249,575,1031,75,3599,5955,8881,6253,785,1140,,475,,228,,t3_shieldbreaker|t3_rendspear
standard,7,b5,blue,sup,坦克,longji,standard,0,0,2,0,5706,20737,10121,446.3,7.28,13.7,18.29,3,1,2,3,3,322,301,248,540,4522,7401,9228,6253,196,,,475,,228,2075,t3_calmveil|t3_thornmail
standard,7,r1,red,top,戰士,longyi,standard,1,8,0,1,16223,25622,15977,704.6,9.39,13.7,18.08,5,1,2,3,5,255,357,404,626,4885,7507,11854,6253,893,3420,285,665,34,304,,t3_shieldbreaker|t3_finalstring
standard,7,r2,red,jungle,刺客,jingxiang,standard,1,5,3,3,10744,11779,13675,603.1,8.73,15.59,18.77,4,1,1,3,4,249,1644,746,274,4629,7274,11226,6253,329,1710,712,190,1727,304,,t3_finalstring
standard,7,r3,red,mid,法師,haixiao,standard,1,1,2,3,14114,13469,10885,480,10.26,18.82,22.64,3,0,1,2,3,1618,425,410,34,3878,6025,9460,6253,1064,570,570,665,34,304,,t3_psyward
standard,7,r4,red,adc,射手,xuanfeng,standard,1,5,4,0,16886,9737,11243,495.8,9.94,17.38,21.57,3,1,1,2,3,427,643,999,43,3777,6323,9249,6253,791,1710,,190,,304,,t3_shieldbreaker|t3_rendspear
standard,7,r5,red,sup,坦克,longji,standard,1,1,1,2,6395,19152,12464,549.7,7.33,11.85,16.63,4,1,2,3,4,690,591,1117,864,5190,7831,11097,6253,265,570,142,1140,,304,2421,t3_calmveil|t3_thornmail
standard,8,b1,blue,top,戰士,chichuan,standard,0,3,3,0,14225,37769,13468,448.3,9.4,16.4,21.32,4,1,1,2,4,652,970,757,617,3802,6500,9407,6253,969,1710,,95,,380,,t3_shieldbreaker|t3_finalstring
standard,8,b2,blue,jungle,刺客,guihuo,standard,0,0,3,0,10924,17000,12265,408.3,8.77,16.75,24.13,3,1,1,2,3,784,1187,480,1134,3984,6167,8080,6253,256,,,95,1095,380,,t3_finalstring
standard,8,b3,blue,mid,法師,leiming,standard,0,12,8,1,39345,23554,19282,641.8,10.64,18.73,21.46,5,0,1,2,5,1561,499,184,3131,3821,5949,9464,6253,931,570,285,1045,,380,,t3_psyward
standard,8,b4,blue,adc,射手,dawnstrike,standard,0,14,9,1,49682,14829,19265,641.3,9.78,18.69,21.97,5,1,1,2,5,291,102,452,3664,3641,5782,8402,6253,750,570,285,95,68,380,,t3_shieldbreaker|t3_rendspear
standard,8,b5,blue,sup,坦克,thornwall,standard,0,2,5,1,15098,37396,16310,542.9,7.18,11.96,17.73,5,1,2,3,5,777,692,376,2709,4677,7632,9456,6253,437,,,570,,380,1816,t3_calmveil|t3_thornmail
standard,8,r1,red,top,戰士,chichuan,standard,1,3,3,0,14791,33713,14773,491.7,9.01,18.64,24.58,4,1,1,2,4,627,257,427,1742,3777,5487,7577,6253,886,,,285,,152,,t3_shieldbreaker|t3_finalstring
standard,8,r2,red,jungle,刺客,guihuo,standard,1,4,4,0,14634,21981,14957,497.9,8.73,15.63,20.49,4,1,1,2,4,1007,994,1292,1556,4207,6324,9672,6253,357,1140,,285,1484,152,,t3_finalstring
standard,8,r3,red,mid,法師,leiming,standard,1,3,10,0,24440,20339,13633,453.8,10.7,19.29,26.73,3,0,1,2,3,1460,504,164,1152,3720,5354,8014,6253,848,,,760,,152,,t3_psyward
standard,8,r4,red,adc,射手,dawnstrike,standard,1,17,11,1,60546,14845,20691,688.7,9.88,18.37,21.97,5,1,1,2,5,208,207,347,5091,3558,5287,8897,6253,782,1140,285,285,,152,,t3_shieldbreaker|t3_rendspear
standard,8,r5,red,sup,坦克,thornwall,standard,1,1,3,4,12875,33116,16068,534.9,6.63,13,17.26,5,1,2,3,5,647,515,1097,2468,4547,6875,11077,6253,278,570,,1235,,152,2587,t3_calmveil|t3_thornmail
standard,9,b1,blue,top,戰士,xueyue,standard,0,3,2,0,11925,33031,11704,447,7.93,17.28,23.97,3,1,1,2,3,975,811,1133,304,4125,6291,8533,6253,684,1140,,190,,266,,t3_shieldbreaker|t3_finalstring
standard,9,b2,blue,jungle,刺客,jiansheng,standard,0,1,4,1,5359,13827,11062,422.5,9.03,16.25,22.62,3,1,1,2,3,763,1520,119,631,3963,6450,8149,6253,256,,285,190,898,266,,t3_finalstring
standard,9,b3,blue,mid,法師,haixiao,standard,0,3,7,1,20483,17233,12027,459.4,10.6,19.36,25.67,3,0,1,2,3,1314,410,394,997,3574,6310,7944,6253,950,,,665,,76,,t3_psyward
standard,9,b4,blue,adc,射手,yanfeng,standard,0,12,9,0,30378,14886,16293,622.3,8.25,17.01,20.18,4,1,1,2,4,804,640,1296,2442,4154,6320,10196,6253,636,2850,,190,,266,,t3_shieldbreaker|t3_rendspear
standard,9,b5,blue,sup,輔助,shengming,standard,0,0,3,1,6934,21676,12601,481.3,6.81,12.82,17.52,4,1,2,3,4,527,101,305,1150,4527,7131,8765,6253,171,,,190,77,266,1806,t3_calmveil
standard,9,r1,red,top,戰士,xueyue,standard,1,2,2,0,11378,29062,12148,463.9,9.69,17.54,22.13,3,1,1,2,3,652,319,140,747,3802,5499,8140,6253,747,570,,475,,95,,t3_shieldbreaker|t3_finalstring
standard,9,r2,red,jungle,刺客,jiansheng,standard,1,0,0,0,9964,13157,10933,417.6,8.69,16.24,25.94,3,1,1,2,3,978,568,344,333,4178,6148,8074,6253,161,,,,1564,95,,t3_finalstring
standard,9,r3,red,mid,法師,haixiao,standard,1,5,7,0,24727,18227,13737,524.7,10.18,19.18,24.28,3,0,1,2,3,1561,353,432,1837,3821,6253,7982,6253,1064,570,,,,95,,t3_psyward
standard,9,r4,red,adc,射手,yanfeng,standard,1,18,7,1,50953,13062,20501,783,7.72,16.58,20.18,5,1,1,2,5,239,573,1780,4901,4239,6253,10680,6253,817,2850,285,475,,0,,t3_shieldbreaker|t3_rendspear
standard,9,r5,red,sup,輔助,shengming,standard,1,0,3,2,5994,20833,12892,492.4,5.96,12.77,17.62,4,1,2,3,4,282,249,282,1442,4582,6979,9322,6253,288,,570,,,95,2115,t3_calmveil
standard,10,b1,blue,top,戰士,langwang,standard,0,0,4,0,11018,30461,9905,393.8,10.11,15.18,24.4,3,0,1,2,3,1505,961,451,255,3555,5911,8001,6253,760,,,760,,228,,t3_shieldbreaker|t3_finalstring
standard,10,b2,blue,jungle,刺客,youming,standard,0,1,4,1,7655,11840,11032,438.6,8.88,16.27,25.02,3,1,1,2,3,585,1213,403,381,3785,6363,8483,6253,285,,285,285,1146,228,,t3_finalstring
standard,10,b3,blue,mid,法師,leiming,standard,0,5,3,0,24140,18360,13040,518.5,11.36,15.56,20.76,3,0,1,2,3,1504,882,810,840,3764,6662,10110,6253,1159,1710,,760,,228,,t3_psyward
standard,10,b4,blue,adc,射手,siwang,standard,0,9,9,0,22769,13071,14375,571.6,8.78,17.43,20.67,4,1,1,2,4,431,780,904,524,3781,6460,9804,6253,741,2280,,285,17,228,,t3_shieldbreaker|t3_rendspear
standard,10,b5,blue,sup,坦克,tiemu,standard,0,1,2,0,8064,23671,12481,496.3,7.66,12.5,18.38,4,1,2,3,4,363,145,179,281,4563,7385,10159,6253,247,,,760,,228,2671,t3_calmveil|t3_thornmail
standard,10,r1,red,top,戰士,langwang,standard,1,2,1,2,11839,28392,12605,501.2,9.56,18.57,21.97,3,1,1,2,3,647,989,155,1154,3797,6039,8205,6253,874,,285,475,14,304,,t3_shieldbreaker|t3_finalstring
standard,10,r2,red,jungle,刺客,youming,standard,1,6,2,0,14166,14876,14118,561.4,7.74,10.78,18.77,4,1,2,3,4,411,535,1001,718,6041,8615,10701,6253,503,2280,,,1360,304,,t3_finalstring
standard,10,r3,red,mid,法師,leiming,standard,1,3,4,1,20232,15143,12515,497.6,10.85,18.39,21.75,3,0,1,2,3,1599,315,1496,1384,3859,5645,9046,6253,1159,570,285,475,,304,,t3_psyward
standard,10,r4,red,adc,射手,siwang,standard,1,10,6,1,27848,12643,15859,630.6,8.82,17.35,20.76,4,1,1,2,4,785,165,1020,2008,4135,5845,9920,6253,1130,1710,285,237,,304,,t3_shieldbreaker|t3_rendspear
standard,10,r5,red,sup,坦克,tiemu,standard,1,1,3,1,9928,24971,13284,528.2,7.29,12.67,17.38,4,1,2,3,4,487,382,216,1084,4687,7622,10196,6253,361,570,,237,,304,2470,t3_calmveil|t3_thornmail
standard,11,b1,blue,top,戰士,rongyan,standard,1,1,2,0,12108,26994,9634,425.7,8.77,16.21,,2,1,1,2,2,47,736,247,1353,3897,6266,8527,6253,1026,570,,475,,202,,t3_shieldbreaker|t3_finalstring
standard,11,b2,blue,jungle,刺客,yueying,standard,1,1,1,0,6107,10132,9645,426.1,8.41,17.13,,2,1,1,2,2,833,291,205,1515,4033,5921,7855,6253,440,,,,958,202,,t3_finalstring
standard,11,b3,blue,mid,法師,haixiao,standard,1,3,2,0,12459,13300,11372,502.5,8.18,15.88,22.53,3,1,1,2,3,354,615,786,242,4904,6845,9866,6253,1225,1710,,475,,202,,t3_psyward
standard,11,b4,blue,adc,射手,maestro,standard,1,3,7,1,13301,9553,10090,445.8,10.76,18.91,22.4,3,0,1,2,3,1474,192,314,389,3634,5392,7634,6253,734,570,,,,76,,t3_shieldbreaker|t3_rendspear
standard,11,b5,blue,sup,坦克,suishan,standard,1,0,1,0,7478,19385,11293,498.9,7.14,13,17.33,3,1,2,3,3,666,145,682,1712,4566,6925,10262,6253,449,,,1425,68,76,1989,t3_calmveil|t3_thornmail
standard,11,r1,red,top,戰士,rongyan,standard,0,1,0,1,18018,24950,9849,435.2,9.29,16.59,22.07,3,1,1,2,3,557,1122,358,199,3707,6652,9008,6253,627,570,285,855,,418,,t3_shieldbreaker|t3_finalstring
standard,11,r2,red,jungle,刺客,yueying,standard,0,3,1,0,5986,9426,11753,519.3,8.68,13.28,21.23,3,1,2,2,3,307,957,1860,623,4207,7657,10240,6253,370,1140,,380,1678,418,,t3_finalstring
standard,11,r3,red,mid,法師,haixiao,standard,0,3,3,1,14629,14701,11141,492.2,10.48,17.74,,2,0,1,2,2,1466,338,129,1741,3726,6538,9179,6253,893,1140,95,380,,418,,t3_psyward
standard,11,r4,red,adc,射手,maestro,standard,0,6,3,3,19869,10339,12820,566.4,8.45,14.97,19.98,3,1,2,3,3,610,76,20,1019,3960,7076,10800,6253,1136,2280,522,380,,228,,t3_shieldbreaker|t3_rendspear
standard,11,r5,red,sup,坦克,suishan,standard,0,0,1,2,5037,16947,11462,506.4,6.55,13.64,17.28,4,1,2,3,4,704,366,690,162,4604,7606,10070,6253,202,,237,380,,418,2578,t3_calmveil|t3_thornmail
standard,12,b1,blue,top,戰士,embercoil,standard,1,2,2,0,14994,27524,11712,476.1,8.72,18.48,21.46,3,1,1,2,3,709,788,430,311,3859,5968,7830,6253,988,,,285,,304,,t3_shieldbreaker|t3_finalstring
standard,12,b2,blue,jungle,刺客,yeiren,standard,1,1,3,0,4942,10992,11153,453.4,9.32,16.41,,2,1,1,2,2,1335,1315,518,2822,4535,6895,8848,6253,304,570,,285,941,494,,t3_finalstring
standard,12,b3,blue,mid,法師,leiming,standard,1,10,5,0,19020,16194,15854,644.5,11.11,15.07,20.28,4,0,1,2,4,1628,1083,1717,1453,3888,7583,11117,6253,1235,2850,,285,,494,,t3_psyward
standard,12,b4,blue,adc,射手,liuxing,standard,1,10,6,1,27036,11589,16091,654.1,9.41,16.31,20.42,5,1,1,2,5,386,982,764,491,3736,6662,9664,6253,921,1710,,285,,494,,t3_shieldbreaker|t3_rendspear
standard,12,b5,blue,sup,輔助,mingyunyindao,standard,1,1,1,3,5280,13983,13172,535.4,6.48,11.41,15.04,4,1,2,3,4,1202,892,1200,1721,5152,7922,10240,6253,275,570,570,285,,494,1792,t3_calmveil
standard,12,r1,red,top,戰士,embercoil,standard,0,4,1,0,18341,27145,13222,537.5,8.55,16.37,20.86,4,1,1,2,4,183,897,1064,242,3983,6377,9664,6253,1225,1710,,475,,0,,t3_shieldbreaker|t3_finalstring
standard,12,r2,red,jungle,刺客,yeiren,standard,0,0,6,0,4786,12925,10022,407.4,8.78,16.99,,2,1,1,2,2,955,832,251,1692,4155,6112,8101,6253,114,,,,1733,0,,t3_finalstring
standard,12,r3,red,mid,法師,leiming,standard,0,1,5,0,10594,16376,10505,427.1,11.17,17.83,,2,0,1,2,2,1447,344,194,1105,3707,6244,8524,6253,1225,570,,475,,0,,t3_psyward
standard,12,r4,red,adc,射手,liuxing,standard,0,12,9,0,30069,12457,16253,660.7,8.53,15.97,20.28,5,1,1,2,5,78,773,1761,652,4078,6453,10661,6253,845,2850,,712,,0,,t3_shieldbreaker|t3_rendspear
standard,12,r5,red,sup,輔助,mingyunyindao,standard,0,0,3,1,3434,16335,10730,436.2,7.13,12.91,17.82,4,1,2,3,4,468,284,516,330,4468,6834,8976,6253,237,,,237,,0,2248,t3_calmveil
standard,13,b1,blue,top,坦克,ironclad,standard,0,0,2,0,8798,23714,8619,396.9,9.32,16.54,,2,1,1,2,2,700,22,822,1389,3650,5322,8052,6253,848,,,950,,0,,t3_calmveil|t3_thornmail
standard,13,b2,blue,jungle,刺客,sting,standard,0,1,4,0,5390,9057,8725,401.8,9.52,16.86,,2,1,1,2,2,366,543,1046,644,3566,6123,8176,6253,411,570,,,941,0,,t3_finalstring
standard,13,b3,blue,mid,法師,mingyun2,standard,0,4,4,0,13587,13729,10830,498.7,9.03,16.02,,2,1,1,2,2,579,323,805,1429,4429,6823,10205,6253,1197,2280,,475,,0,,t3_psyward
standard,13,b4,blue,adc,射手,shensheng,standard,0,2,7,2,12833,11484,8968,412.9,9.53,17.52,,2,1,1,2,2,224,179,329,517,3574,5379,7849,6253,598,570,427,,,0,,t3_shieldbreaker|t3_rendspear
standard,13,b5,blue,sup,輔助,mingyun,standard,0,0,0,1,4180,15050,10679,491.7,7.08,12,18.15,3,1,2,3,3,301,195,1033,1638,4601,6925,10073,6253,402,,142,1425,,0,1850,t3_calmveil
standard,13,r1,red,top,坦克,ironclad,standard,1,3,0,0,12147,19203,11248,517.9,8.64,14.58,19.21,3,1,2,3,3,814,274,909,1317,3764,6424,9939,6253,741,1140,,1235,,570,,t3_calmveil|t3_thornmail
standard,13,r2,red,jungle,刺客,sting,standard,1,3,1,0,10937,10839,11277,519.3,8.99,15.66,19.61,3,1,1,3,3,472,1014,281,847,4322,6594,9931,6253,313,1140,,285,1369,570,,t3_finalstring
standard,13,r3,red,mid,法師,mingyun2,standard,1,3,3,0,13178,12329,10782,496.5,10.61,17.52,,2,0,1,2,2,1552,637,494,1382,3812,7137,9474,6253,940,1140,,760,,380,,t3_psyward
standard,13,r4,red,adc,射手,shensheng,standard,1,6,3,0,18735,9963,11818,544.2,10.11,17.14,20.7,3,0,1,2,3,1395,478,1039,437,3555,6158,9939,6253,551,2280,,285,,570,,t3_shieldbreaker|t3_rendspear
standard,13,r5,red,sup,輔助,mingyun,standard,1,2,0,1,3926,13032,12066,555.6,6.45,11.27,15.93,4,1,2,3,4,1183,1068,2003,1186,5133,8098,11043,6253,227,1140,,1235,,570,1616,t3_calmveil
standard,14,b1,blue,top,坦克,tieshixin,standard,1,0,0,0,9169,21148,8624,385.6,9.17,15.94,,2,1,1,2,2,662,340,388,1334,3612,5740,7678,6253,589,,,380,,456,,t3_calmveil|t3_thornmail
standard,14,b2,blue,jungle,刺客,binghe,standard,1,0,4,0,2527,8608,9528,426,9.17,16.68,,2,1,1,2,2,670,2197,1197,1147,3870,6397,8377,6253,209,,,380,1078,456,,t3_finalstring
standard,14,b3,blue,mid,法師,bingshuang,standard,1,6,4,1,14201,14461,13640,609.8,9.88,16.73,20.6,3,1,1,2,3,313,367,2154,1160,4163,6567,11554,6253,1187,2280,285,1092,,456,,t3_psyward
standard,14,b4,blue,adc,射手,mori,standard,1,2,0,0,17887,9870,10999,491.8,9.18,17.82,21.79,3,1,1,2,3,462,425,352,479,3812,6225,8932,6253,1035,570,,617,,456,,t3_shieldbreaker|t3_rendspear
standard,14,b5,blue,sup,坦克,tixue,standard,1,4,0,1,7892,19169,13292,594.3,6.17,10.2,13.28,4,1,3,4,4,1214,575,461,1092,6264,9655,12061,6253,171,2280,,855,,456,2046,t3_calmveil|t3_thornmail
standard,14,r1,red,top,坦克,tieshixin,standard,0,1,0,0,10847,21161,9486,424.1,8.08,15,20.33,3,1,2,2,3,795,6,525,356,3745,5956,8255,6253,836,570,,475,26,95,,t3_calmveil|t3_thornmail
standard,14,r2,red,jungle,刺客,binghe,standard,0,2,2,0,4883,9630,10018,447.9,8.78,16.58,21.84,3,1,1,2,3,636,710,1258,517,3836,6040,9038,6253,304,1140,,,1246,95,,t3_finalstring
standard,14,r3,red,mid,法師,bingshuang,standard,0,2,5,1,15129,14605,9783,437.4,10.35,18.16,,2,0,1,2,2,1561,206,750,903,3821,5636,8400,6253,1054,570,285,237,,0,,t3_psyward
standard,14,r4,red,adc,射手,mori,standard,0,3,4,1,17613,9837,10743,480.3,9.1,17.84,21.59,3,1,1,2,3,338,288,1467,842,3688,5968,8847,6253,931,570,285,712,,95,,t3_shieldbreaker|t3_rendspear
standard,14,r5,red,sup,坦克,tixue,standard,0,0,1,0,3897,19558,10060,449.8,7.08,13.31,18.01,3,1,2,3,3,268,334,567,479,4468,6834,9247,6253,218,,,,,95,2680,t3_calmveil|t3_thornmail
standard,15,b1,blue,top,坦克,bingshouweis,standard,0,0,3,0,7334,22290,9265,415.6,8.92,16.91,20.76,3,1,1,2,3,700,398,1290,335,3650,5398,8020,6253,741,,,950,,76,,t3_calmveil|t3_thornmail
standard,15,b2,blue,jungle,刺客,shanying,standard,0,0,6,0,5768,11512,8395,376.6,8.47,18.28,,2,1,1,2,2,547,791,430,314,3747,5721,7560,6253,228,,,,1003,76,,t3_finalstring
standard,15,b3,blue,mid,法師,mingyun2,standard,0,2,3,0,12760,14004,9582,429.8,11.03,19.2,,2,0,1,2,2,1422,195,360,281,3682,5525,7710,6253,905,,,475,,76,,t3_psyward
standard,15,b4,blue,adc,射手,leiting,standard,0,2,4,0,12145,10130,9174,411.5,10.12,17.69,,2,0,1,2,2,1408,568,52,423,3568,5468,7872,6253,684,570,,237,51,76,,t3_shieldbreaker|t3_rendspear
standard,15,b5,blue,sup,輔助,linghun,standard,0,0,3,1,4046,15935,11269,505.5,6.86,12.34,17.76,4,1,2,3,4,194,362,1972,389,4494,6842,10252,6253,329,,,1662,51,76,1879,t3_calmveil
standard,15,r1,red,top,坦克,bingshouweis,standard,1,3,0,0,9502,20284,11583,519.6,8.01,16.12,20.71,4,1,1,2,4,871,469,1740,333,3821,5769,8970,6253,788,570,,902,,456,,t3_calmveil|t3_thornmail
standard,15,r2,red,jungle,刺客,shanying,standard,1,2,3,0,7608,11009,10898,488.9,8.69,16.73,20.87,3,1,1,2,3,221,1130,1570,768,4071,6410,9900,6253,209,1140,,427,1414,456,,t3_finalstring
standard,15,r3,red,mid,法師,mingyun2,standard,1,3,0,3,17990,11359,11659,523,9.83,17.59,21.29,3,1,1,2,3,712,570,175,1109,4562,7070,9455,6253,1083,570,427,665,,456,,t3_psyward
standard,15,r4,red,adc,射手,leiting,standard,1,10,1,3,23961,9218,15260,684.5,8.28,14.69,18.93,4,1,2,3,4,114,127,381,1409,4714,7127,12181,6253,532,3990,285,665,,456,,t3_shieldbreaker|t3_rendspear
standard,15,r5,red,sup,輔助,linghun,standard,1,1,0,2,4948,11906,11618,521.2,6.85,13.19,16.38,4,1,2,4,4,1524,445,277,737,4924,7475,10677,6253,313,570,427,665,,456,1991,t3_calmveil
standard,16,b1,blue,top,坦克,tiebi,standard,1,1,0,0,9612,23467,10589,435.5,8.08,13.88,19.89,3,1,2,3,3,69,515,152,659,3919,6665,9002,6253,943,570,,665,,570,,t3_calmveil|t3_thornmail
standard,16,b2,blue,jungle,刺客,dianguang,standard,1,3,4,1,11307,13942,11898,489.3,9.36,14.23,20.63,3,1,2,2,3,594,434,1235,817,3794,7084,9565,6253,392,1140,285,190,924,380,,t3_finalstring
standard,16,b3,blue,mid,法師,bingshuang,standard,1,10,2,0,28262,16087,15776,648.8,8.85,15.29,19.98,3,1,1,3,3,440,991,219,3296,4290,7491,10769,6253,763,2280,,902,,570,,t3_psyward
standard,16,b4,blue,adc,射手,liangzi,standard,1,9,2,0,27175,11583,15640,643.2,9.99,16.51,19.86,5,1,1,3,5,433,1010,48,40,3783,6690,10528,6253,1235,2280,,190,,570,,t3_shieldbreaker|t3_rendspear
standard,16,b5,blue,sup,輔助,huanjing,standard,1,1,2,3,6676,14718,13277,546,6.68,11.93,16.52,4,1,2,3,4,566,308,2707,1826,4566,7338,11167,6253,275,570,570,902,51,570,1974,t3_calmveil
standard,16,r1,red,top,坦克,tiebi,standard,0,2,1,0,10378,27499,10762,442.6,8.48,15.63,19.87,3,1,1,3,3,252,378,164,1231,3802,5678,8794,6253,1021,570,,950,,0,,t3_calmveil|t3_thornmail
standard,16,r2,red,jungle,刺客,dianguang,standard,0,3,6,0,9220,15009,11070,455.2,9.01,14.23,19.9,3,1,2,3,3,101,430,86,419,4551,7080,9536,6253,408,1710,,,1163,0,,t3_finalstring
standard,16,r3,red,mid,法師,bingshuang,standard,0,2,8,1,13252,16147,10738,441.6,9.98,19.02,,2,1,1,2,2,332,262,446,1858,4182,5892,8096,6253,798,570,,475,,0,,t3_psyward
standard,16,r4,red,adc,射手,liangzi,standard,0,3,8,0,16031,14752,10178,418.5,10.61,19.85,,2,0,1,2,2,1281,299,170,1597,3441,5199,7070,6253,579,,,237,,0,,t3_shieldbreaker|t3_rendspear
standard,16,r5,red,sup,輔助,huanjing,standard,0,0,1,1,5820,18822,10996,452.2,7.12,12.53,17.15,4,1,2,3,4,506,317,188,596,4506,6867,9228,6253,384,,285,237,,0,2067,t3_calmveil
standard,17,b1,blue,top,坦克,shengdun,standard,1,3,0,0,9171,23914,12546,529.5,7.8,13.45,17.93,4,1,2,3,4,224,584,467,895,3874,6534,9897,6253,988,1710,,570,34,342,,t3_calmveil|t3_thornmail
standard,17,b2,blue,jungle,戰士,tielian,standard,1,0,1,0,10885,16987,9775,412.6,8.93,17.58,,2,1,1,2,2,957,1107,39,1175,4057,6287,8039,6253,323,,,95,1026,342,,t3_finalstring|t3_shieldbreaker
standard,17,b3,blue,mid,法師,mingyun2,standard,1,0,6,0,10923,13719,9237,389.9,11.37,19.93,,2,0,1,2,2,1561,290,204,487,3821,5740,7754,6253,1016,,,332,,152,,t3_psyward
standard,17,b4,blue,adc,射手,shengyan,standard,1,8,2,2,29298,11414,14712,621,10.07,16.93,21.35,4,0,1,2,4,1619,445,1393,1491,3779,5945,9973,6253,969,1710,570,95,34,342,,t3_shieldbreaker|t3_rendspear
standard,17,b5,blue,sup,坦克,dadi,standard,1,0,4,1,6934,21972,12404,523.6,6.84,11.74,17.68,4,1,2,3,4,246,591,656,203,4696,7831,10636,6253,275,,,1282,,342,2482,t3_calmveil|t3_thornmail
standard,17,r1,red,top,坦克,shengdun,standard,0,2,2,2,8398,25055,10691,451.2,8.97,17.15,21.29,3,1,1,2,3,586,570,1082,1740,3536,5370,8372,6253,646,,427,665,,380,,t3_calmveil|t3_thornmail
standard,17,r2,red,jungle,戰士,tielian,standard,0,4,1,3,14489,15552,12409,523.8,8.63,16.27,19.43,3,1,1,3,3,747,1585,471,1378,3847,6765,10071,6253,421,1710,285,190,1021,190,,t3_finalstring|t3_shieldbreaker
standard,17,r3,red,mid,法師,mingyun2,standard,0,3,3,1,17935,15594,11023,465.3,11.85,17.62,22.81,3,0,1,2,3,1295,520,91,473,3555,6120,9141,6253,1083,1140,285,190,,190,,t3_psyward
standard,17,r4,red,adc,射手,shengyan,standard,0,3,3,1,17821,12181,11340,478.6,10.91,18.09,22.18,3,0,1,2,3,1424,259,228,489,3584,5639,8508,6253,782,570,285,427,,190,,t3_shieldbreaker|t3_rendspear
standard,17,r5,red,sup,坦克,dadi,standard,0,1,2,1,6600,18677,11611,490.1,7.24,12.81,18.3,3,1,2,3,3,673,952,453,1631,4573,7312,10433,6253,335,570,142,427,,190,2513,t3_calmveil|t3_thornmail
standard,18,b1,blue,top,坦克,shiqiang,standard,1,0,3,1,6091,22285,9952,436,9.44,15.51,20.83,3,1,1,2,3,700,407,1360,521,3650,5807,8650,6253,741,,,1377,,278,,t3_calmveil|t3_thornmail
standard,18,b2,blue,jungle,戰士,greymantle,standard,1,0,2,0,12000,16399,9201,403.1,8.9,17.13,,2,1,1,2,2,97,1158,371,601,3897,6338,8071,6253,370,,,190,915,342,,t3_finalstring|t3_shieldbreaker
standard,18,b3,blue,mid,法師,bingshuang,standard,1,2,3,0,20948,13697,12175,533.4,9.52,16.5,21.9,3,1,1,2,3,269,193,781,94,4119,6693,9581,6253,1513,570,,902,,342,,t3_psyward
standard,18,b4,blue,adc,射手,mirrorshot,standard,1,3,3,0,14784,12127,10246,448.9,10.23,17.07,,2,0,1,2,2,1471,398,429,1666,3631,5778,8109,6253,627,570,,190,,468,,t3_shieldbreaker|t3_rendspear
standard,18,b5,blue,sup,坦克,ironclad,standard,1,0,2,0,9770,19081,12277,537.9,7.28,12.27,18.15,4,1,2,3,4,222,329,1881,77,4722,7569,11261,6253,471,,,1615,26,468,2425,t3_calmveil|t3_thornmail
standard,18,r1,red,top,坦克,shiqiang,standard,0,2,0,1,9898,20790,10138,444.2,8.53,14.99,20.21,3,1,2,2,3,283,65,1091,708,4233,6475,8381,6253,836,570,,570,,152,,t3_calmveil|t3_thornmail
standard,18,r2,red,jungle,戰士,greymantle,standard,0,2,0,2,10694,14641,11160,489,8.99,16.19,21.38,3,1,1,2,3,821,890,935,130,3921,6370,9535,6253,509,570,570,95,1385,152,,t3_finalstring|t3_shieldbreaker
standard,18,r3,red,mid,法師,bingshuang,standard,0,2,2,2,24236,14642,10784,472.5,10.13,18.46,,2,0,1,2,2,1555,189,1147,1384,3815,5639,9597,6253,1196,1140,285,570,,152,,t3_psyward
standard,18,r4,red,adc,射手,mirrorshot,standard,0,3,3,1,11370,11149,10636,466,9.67,18.53,,2,1,1,2,2,186,113,185,2055,3536,5313,7985,6253,725,,285,570,,152,,t3_shieldbreaker|t3_rendspear
standard,18,r5,red,sup,坦克,ironclad,standard,0,4,0,2,8402,21022,13415,587.7,7.28,11.31,14.42,4,1,3,4,4,953,463,590,1215,5453,9063,12190,6253,493,2280,285,570,,152,2155,t3_calmveil|t3_thornmail
standard,19,b1,blue,top,坦克,tiemu,standard,0,1,3,0,9009,25319,9449,404.9,8.77,14.58,20.88,3,1,2,2,3,62,284,1116,298,3612,6434,8346,6253,722,570,,522,,278,,t3_calmveil|t3_thornmail
standard,19,b2,blue,jungle,戰士,chichuan,standard,0,4,1,0,12315,18830,11721,502.3,9.08,16.76,19.37,3,1,1,3,3,588,404,66,371,3688,5834,9916,6253,228,1710,,285,907,531,,t3_shieldbreaker|t3_finalstring
standard,19,b3,blue,mid,法師,lieyan,standard,0,1,6,1,12570,13030,9984,427.9,11.64,19.73,,2,0,1,2,2,1485,387,176,583,3745,5987,8026,6253,845,,,522,,405,,t3_psyward
standard,19,b4,blue,adc,射手,hanbing,standard,0,8,6,1,19102,12050,14259,611.1,9.83,15.87,18.27,4,1,1,3,4,414,592,284,408,3764,6272,11484,6253,931,2850,285,760,,405,,t3_shieldbreaker|t3_rendspear
standard,19,b5,blue,sup,輔助,xuemai,standard,0,0,3,0,5047,15755,10813,463.4,6.86,12.92,18.28,4,1,2,3,4,1049,368,519,13,4449,6848,9749,6253,123,,,1235,,278,1858,t3_calmveil
standard,19,r1,red,top,坦克,tiemu,standard,1,1,0,2,10686,20876,11080,474.9,7.38,14.95,18.82,3,1,2,3,3,243,157,121,1750,4093,6007,8971,6253,899,570,570,475,51,152,,t3_calmveil|t3_thornmail
standard,19,r2,red,jungle,戰士,chichuan,standard,1,4,3,0,15039,17388,11686,500.8,9.05,15.37,20.54,3,1,1,2,3,994,1262,1190,336,4094,6692,9740,6253,351,1710,,,1273,152,,t3_shieldbreaker|t3_finalstring
standard,19,r3,red,mid,法師,lieyan,standard,1,10,5,1,18009,14624,16046,687.7,9.07,16.29,19.38,4,1,1,3,4,497,1035,540,1645,4347,6935,11390,6253,1086,2850,285,712,51,152,,t3_psyward
standard,19,r4,red,adc,射手,hanbing,standard,1,4,4,1,16667,9372,11555,495.2,10.7,18.74,21.43,3,0,1,2,3,1566,407,891,354,3726,5607,9141,6253,836,1140,285,475,,152,,t3_shieldbreaker|t3_rendspear
standard,19,r5,red,sup,輔助,xuemai,standard,1,0,2,2,8313,17119,11214,480.6,5.82,12.18,17.5,3,1,2,3,3,1249,317,558,1983,4649,7347,9218,6253,322,,285,237,,152,1967,t3_calmveil
standard,20,b1,blue,top,坦克,longji,standard,0,0,1,0,6341,24031,8212,386.9,9.1,15.51,,2,1,1,2,2,710,521,91,482,3660,5921,7821,6253,1016,,,475,,76,,t3_calmveil|t3_thornmail
standard,20,b2,blue,jungle,戰士,dadi2,standard,0,0,2,0,7454,15808,8081,380.7,9.61,18.04,,2,1,1,2,2,186,268,52,500,3986,5748,7632,6253,411,,,,891,76,,t3_finalstring|t3_shieldbreaker
standard,20,b3,blue,mid,法師,shikong,standard,0,0,2,0,10496,13911,8127,382.9,10.98,20.74,,2,0,1,1,2,1561,163,1123,296,3821,5493,7203,6253,874,,,,,76,,t3_psyward
standard,20,b4,blue,adc,射手,tianfa,standard,0,3,5,0,14729,10925,9156,431.4,9.49,18.56,,2,1,1,2,2,199,558,44,405,3549,5458,8194,6253,487,1140,,237,,76,,t3_shieldbreaker|t3_rendspear
standard,20,b5,blue,sup,坦克,tiemu,standard,0,0,4,1,4397,20480,9678,456,6.68,13.09,17.56,3,1,2,3,3,171,187,306,697,4671,7287,9286,6253,288,,285,237,51,76,2095,t3_calmveil|t3_thornmail
standard,20,r1,red,top,坦克,longji,standard,1,0,0,3,7825,16006,9289,437.6,7.95,14.33,20.37,3,1,2,2,3,947,351,1417,638,3897,6301,8707,6253,1029,,570,380,,475,,t3_calmveil|t3_thornmail
standard,20,r2,red,jungle,戰士,dadi2,standard,1,3,0,0,9133,11913,11386,536.5,9.4,16.45,20.98,3,1,1,2,3,867,1004,928,356,3967,6484,9528,6253,247,570,,380,1602,475,,t3_finalstring|t3_shieldbreaker
standard,20,r3,red,mid,法師,shikong,standard,1,3,1,2,22884,11948,10825,510,8.9,18.02,,2,1,1,2,2,465,376,923,1424,4315,6576,9673,6253,950,1710,,380,,380,,t3_psyward
standard,20,r4,red,adc,射手,tianfa,standard,1,7,2,0,24265,9559,13223,623,8.29,16.01,19.93,4,1,1,3,4,842,1066,272,323,4192,6866,12072,6253,831,3420,,1092,,475,,t3_shieldbreaker|t3_rendspear
standard,20,r5,red,sup,坦克,tiemu,standard,1,1,0,3,4152,12433,11636,548.2,6.95,11.99,16.1,3,1,2,3,3,1172,900,1074,1655,4772,8140,11054,6253,134,570,570,617,,475,2433,t3_calmveil|t3_thornmail
standard,21,b1,blue,top,坦克,tixue,standard,0,0,2,0,8215,23434,8678,395.5,8.32,17.02,20.62,3,1,1,2,3,681,279,328,428,3631,5379,8058,6253,855,,,950,,0,,t3_calmveil|t3_thornmail
standard,21,b2,blue,jungle,戰士,fengbao,standard,0,0,3,1,7262,18672,8728,397.8,9.08,17.07,,2,1,1,2,2,186,736,387,498,4286,6216,7967,6253,288,,285,,1141,0,,t3_finalstring|t3_shieldbreaker
standard,21,b3,blue,mid,法師,lieyan,standard,0,3,6,0,12006,14808,9945,453.3,9.17,16.65,,2,1,1,2,2,348,583,245,865,4898,7083,9325,6253,886,1710,,475,,0,,t3_psyward
standard,21,b4,blue,adc,射手,dawnstrike,standard,0,0,5,1,14705,12071,7969,363.2,9.48,19.73,,2,1,1,2,2,199,378,91,449,3549,5278,7311,6253,772,,285,,,0,,t3_shieldbreaker|t3_rendspear
standard,21,b5,blue,sup,坦克,stoneguard,standard,0,0,2,0,3867,18542,9725,443.2,7.13,13.07,17.88,3,1,2,3,3,916,228,387,145,4516,7328,9067,6253,275,,,475,,0,2063,t3_calmveil|t3_thornmail
standard,21,r1,red,top,坦克,tixue,standard,1,3,0,1,15599,20147,12339,562.4,6.96,12.67,16.58,4,1,2,3,4,599,205,1347,989,4249,7035,11377,6253,1333,1710,142,1330,,608,,t3_calmveil|t3_thornmail
standard,21,r2,red,jungle,戰士,fengbao,standard,1,3,0,0,9302,11087,11526,525.3,10,15.12,19.62,3,1,1,3,3,251,2079,469,495,4051,7259,10069,6253,272,1140,,380,1415,608,,t3_finalstring|t3_shieldbreaker
standard,21,r3,red,mid,法師,lieyan,standard,1,5,3,2,19946,13363,12314,561.2,9.13,17.16,19.35,3,1,1,3,3,535,861,307,713,4385,7361,10857,6253,1051,2280,285,380,,608,,t3_psyward
standard,21,r4,red,adc,射手,dawnstrike,standard,1,5,0,0,17429,10454,12376,564,9.63,16.66,19.22,3,1,1,3,3,451,730,867,575,3801,6530,10767,6253,771,2280,,855,,608,,t3_shieldbreaker|t3_rendspear
standard,21,r5,red,sup,坦克,stoneguard,standard,1,2,0,3,6636,17740,13338,607.9,7.44,12.97,15.63,4,1,2,4,4,852,1179,252,1138,4752,8419,12452,6253,486,1140,712,855,,608,2397,t3_calmveil|t3_thornmail
standard,22,b1,blue,top,坦克,suishan,standard,0,1,3,0,15875,34493,11223,413.9,9.44,16.66,21.33,3,1,1,2,3,681,136,790,1293,3631,5436,8020,6253,817,,,950,,0,,t3_calmveil|t3_thornmail
standard,22,b2,blue,jungle,戰士,anliuyouXia,standard,0,3,2,0,10667,23220,12615,465.2,8.39,15.57,22.35,3,1,1,2,3,645,646,271,1265,3745,6076,8821,6253,437,1140,,237,753,0,,t3_shieldbreaker|t3_finalstring
standard,22,b3,blue,mid,法師,shikong,standard,0,2,8,2,14554,18619,12667,467.1,10.18,18.84,24.84,3,0,1,2,3,1599,121,427,2117,3859,5721,8457,6253,1159,,570,475,,0,,t3_psyward
standard,22,b4,blue,adc,射手,yanfeng,standard,0,15,8,2,47643,16517,19287,711.3,7.86,16.01,19.69,5,1,1,3,5,173,681,308,3686,4173,6361,10788,6253,874,2850,285,475,51,0,,t3_shieldbreaker|t3_rendspear
standard,22,b5,blue,sup,輔助,shengming,standard,0,0,2,0,7338,17926,12760,470.6,6.63,13.18,20.41,4,1,2,2,4,159,293,1596,1380,4459,6773,8626,6253,171,,,237,,0,1964,t3_calmveil
standard,22,r1,red,top,坦克,suishan,standard,1,3,2,0,16979,30836,14073,519,9.04,14.81,22.34,5,1,2,2,5,624,189,885,523,3574,6519,8115,6253,798,570,,190,,304,,t3_calmveil|t3_thornmail
standard,22,r2,red,jungle,戰士,anliuyouXia,standard,1,1,1,2,14841,20395,12263,452.2,8.6,17.36,21.98,3,1,1,2,3,668,935,418,913,3768,6365,8668,6253,76,,285,190,1559,304,,t3_shieldbreaker|t3_finalstring
standard,22,r3,red,mid,法師,shikong,standard,1,6,8,1,25353,17868,15137,558.2,10.63,16.98,22.22,4,0,1,2,4,1561,665,127,737,3821,7165,9407,6253,1045,1140,,665,,304,,t3_psyward
standard,22,r4,red,adc,射手,yanfeng,standard,1,13,8,0,36301,15642,17655,651.1,7.88,16.81,21.49,5,1,1,2,5,937,811,992,2054,4287,6491,9892,6253,864,2280,,190,,304,,t3_shieldbreaker|t3_rendspear
standard,22,r5,red,sup,輔助,shengming,standard,1,0,2,2,8865,19500,12425,458.2,5.93,11.73,17.26,4,1,2,3,4,273,340,505,1045,4573,7370,8985,6253,218,,,190,26,304,1992,t3_calmveil
standard,23,b1,blue,top,坦克,thornwall,standard,1,2,0,0,11803,23083,11402,482.6,7.93,12.6,20.25,3,1,2,2,3,757,297,1778,2072,3707,6747,9008,6253,760,570,,1045,,380,,t3_calmveil|t3_thornmail
standard,23,b2,blue,jungle,戰士,embercoil,standard,1,10,0,1,17096,17131,15967,675.9,6.48,13.64,17.23,5,1,2,3,5,554,827,1592,716,4784,8177,12942,6253,456,4560,,95,1198,380,,t3_shieldbreaker|t3_finalstring
standard,23,b3,blue,mid,法師,lieyan,standard,1,1,3,3,10287,12302,10686,452.3,11.53,18.57,,2,0,1,2,2,1238,64,256,1286,3498,5664,8286,6253,703,,855,95,,380,,t3_psyward
standard,23,b4,blue,adc,射手,siwang,standard,1,8,4,3,27540,11920,15474,655,8.89,15.82,18.98,4,1,1,3,4,433,773,1250,1624,3783,6453,11250,6253,1007,1710,855,1045,,380,,t3_shieldbreaker|t3_rendspear
standard,23,b5,blue,sup,輔助,mingyun,standard,1,1,2,2,5742,18083,12095,511.9,5.99,11.28,15.14,4,1,2,3,4,571,780,1003,1134,5171,7810,10233,6253,228,570,,1045,,380,1756,t3_calmveil
standard,23,r1,red,top,坦克,thornwall,standard,0,1,3,1,10600,23216,11453,484.8,9.11,15.78,21.01,3,1,1,2,3,1337,735,1354,1922,4287,6035,8984,6253,940,570,,950,17,253,,t3_calmveil|t3_thornmail
standard,23,r2,red,jungle,戰士,embercoil,standard,0,3,3,0,10415,18203,11400,482.5,9.21,15.81,20.68,3,1,1,2,3,853,1129,1093,949,3953,6559,9273,6253,399,1140,,,1227,253,,t3_shieldbreaker|t3_finalstring
standard,23,r3,red,mid,法師,lieyan,standard,0,1,5,1,20279,16440,10223,432.7,10.84,19.96,,2,0,1,2,2,1542,40,57,942,3802,5550,8457,6253,969,,285,950,,0,,t3_psyward
standard,23,r4,red,adc,射手,siwang,standard,0,4,7,0,17897,10924,10723,453.9,10.34,19.48,,2,0,1,2,2,1452,422,285,1823,3612,5322,7285,6253,779,,,,,253,,t3_shieldbreaker|t3_rendspear
standard,23,r5,red,sup,輔助,mingyun,standard,0,0,4,0,4154,15999,10722,453.8,7.36,12.3,17.38,4,1,2,3,4,1097,85,1404,321,4497,6815,9564,6253,256,,,950,,0,2104,t3_calmveil
standard,24,b1,blue,top,坦克,ironclad,standard,0,2,0,0,9190,24289,9630,439.4,6.23,13.25,19.39,3,1,2,3,3,211,83,168,179,4961,6833,9018,6253,1073,1140,,475,,76,,t3_calmveil|t3_thornmail
standard,24,b2,blue,jungle,戰士,hunpo,standard,0,1,2,0,7275,9797,8834,403.1,10.6,19.91,,2,0,1,2,2,1655,341,139,434,3865,6191,8119,6253,278,570,,,941,76,,t3_psyward
standard,24,b3,blue,mid,法師,shikong,standard,0,2,3,0,11072,13004,10564,482,10.99,18.01,,2,0,1,2,2,1517,571,839,1164,3777,6171,8869,6253,1019,570,,950,,76,,t3_psyward
standard,24,b4,blue,adc,射手,maestro,standard,0,6,5,1,16197,11253,12214,557.3,9.21,17.73,19.89,3,1,1,3,3,338,588,242,1063,3688,5968,10462,6253,855,2280,285,712,,76,,t3_shieldbreaker|t3_rendspear
standard,24,b5,blue,sup,坦克,tixue,standard,0,2,2,1,6051,21806,10797,492.6,6.88,13.05,16.07,3,1,2,3,3,127,356,229,917,5127,7536,10109,6253,269,1140,285,237,17,76,1830,t3_calmveil|t3_thornmail
standard,24,r1,red,top,坦克,ironclad,standard,1,1,1,0,8461,22988,9284,423.6,8.85,15.96,21.53,3,1,1,2,3,831,548,1100,434,3781,5548,8330,6253,798,570,,285,119,304,,t3_calmveil|t3_thornmail
standard,24,r2,red,jungle,戰士,hunpo,standard,1,2,4,0,9760,10084,10883,496.6,9.53,16.32,21.64,3,1,1,2,3,549,327,326,383,4349,6777,9256,6253,190,570,,285,1654,304,,t3_psyward
standard,24,r3,red,mid,法師,shikong,standard,1,3,4,2,17480,12580,12223,557.7,10.21,16.61,20.89,3,0,1,2,3,1561,237,1899,793,3821,5987,10699,6253,1197,1140,570,1235,,304,,t3_psyward
standard,24,r4,red,adc,射手,maestro,standard,1,4,4,0,11991,10214,11150,508.7,8.59,15.88,20.78,3,1,1,2,3,823,1297,495,1249,4173,6377,9075,6253,522,1710,,285,,304,,t3_shieldbreaker|t3_rendspear
standard,24,r5,red,sup,坦克,tixue,standard,1,2,0,2,7393,17990,11835,540,6.88,11,15.45,4,1,2,3,4,462,1136,715,334,5162,8316,10595,6253,180,1140,285,285,,304,2147,t3_calmveil|t3_thornmail
standard,25,b1,blue,top,坦克,tieshixin,standard,0,1,3,0,10480,22370,9411,421.4,9.08,15.09,19.66,3,1,1,3,3,681,725,197,361,3631,6025,8647,6253,798,570,,950,,76,,t3_calmveil|t3_thornmail
standard,25,b2,blue,jungle,戰士,ravager,standard,0,0,4,0,3706,15316,8567,383.6,9.32,18.87,,2,1,1,2,2,634,253,597,387,3734,5683,7647,6253,171,,,,1146,76,,t3_shieldbreaker|t3_finalstring
standard,25,b3,blue,mid,法師,xingjie,standard,0,1,4,0,11619,15753,9630,431.2,10.7,18.81,,2,0,1,2,2,1533,131,266,349,3793,5731,7916,6253,1016,570,,,,76,,t3_psyward
standard,25,b4,blue,adc,射手,liuxing,standard,0,0,4,0,15215,12785,8471,379.3,9.49,18.93,,2,1,1,2,2,424,360,487,620,3774,5560,7707,6253,902,,,475,,76,,t3_shieldbreaker|t3_rendspear
standard,25,b5,blue,sup,輔助,mingyunyindao,standard,0,0,3,0,7058,16126,9958,445.9,6.08,12.33,16.67,3,1,2,3,3,1182,321,116,917,4582,7351,9156,6253,418,,,475,,76,1933,t3_calmveil
standard,25,r1,red,top,坦克,tieshixin,standard,1,5,0,1,14446,20473,13082,585.7,8.71,12.94,17.63,4,1,2,3,4,195,477,1352,1531,3745,6627,11282,6253,962,2280,,1330,,456,,t3_calmveil|t3_thornmail
standard,25,r2,red,jungle,戰士,ravager,standard,1,6,0,1,14236,13256,13657,611.5,8.97,14.88,18.33,4,1,2,3,4,957,312,748,257,4057,7062,11198,6253,403,2280,,380,1425,456,,t3_shieldbreaker|t3_finalstring
standard,25,r3,red,mid,法師,xingjie,standard,1,2,1,2,14399,14111,10998,492.4,9.99,17.36,22.12,3,1,1,2,3,95,120,152,447,3945,6320,9132,6253,1187,570,285,380,,456,,t3_psyward
standard,25,r4,red,adc,射手,liuxing,standard,1,5,1,2,17022,8859,12220,547.2,8.59,17.72,20.12,3,1,1,2,3,509,323,1701,840,3859,6003,10601,6253,946,2280,285,380,,456,,t3_shieldbreaker|t3_rendspear
standard,25,r5,red,sup,輔助,mingyunyindao,standard,1,0,0,5,7288,13823,11877,531.8,5.93,11.5,15.73,3,1,2,3,3,920,660,1350,2646,4620,7390,10580,6253,223,,570,855,,456,2223,t3_calmveil
standard,26,b1,blue,top,坦克,tiankong,standard,1,2,1,3,10905,22249,10171,476.4,9.32,15.19,19.77,3,1,1,3,3,271,1153,107,1321,3821,6453,8657,6253,978,570,285,190,,380,,t3_calmveil|t3_thornmail
standard,26,b2,blue,jungle,戰士,xueyue,standard,1,2,0,2,11133,15231,10113,473.7,8.01,17.86,,2,1,1,2,2,815,707,466,1863,3915,6137,8116,6253,380,,142,190,770,380,,t3_shieldbreaker|t3_finalstring
standard,26,b3,blue,mid,法師,auralith,standard,1,3,3,2,17156,12328,10760,504,11.34,17.08,,2,0,1,2,2,1447,777,986,1360,3707,6377,9436,6253,855,1140,142,665,,380,,t3_psyward
standard,26,b4,blue,adc,射手,guangsu,standard,1,3,5,0,15179,8702,10352,484.9,9.13,17.75,,2,1,1,2,2,414,977,340,1451,3764,6177,8590,6253,722,570,,665,,380,,t3_shieldbreaker|t3_rendspear
standard,26,b5,blue,sup,輔助,shiguang,standard,1,1,1,4,7462,12843,11842,554.7,5.95,11.58,17.06,4,1,2,3,4,563,125,1611,1041,4563,7155,10841,6253,218,570,285,1140,,380,1993,t3_calmveil
standard,26,r1,red,top,坦克,tiankong,standard,0,0,1,0,8393,22367,8851,414.5,7.93,15.66,20.61,3,1,1,2,3,852,250,1189,300,3802,5550,8419,6253,1045,,,950,,171,,t3_calmveil|t3_thornmail
standard,26,r2,red,jungle,戰士,xueyue,standard,0,2,2,0,12181,19516,9694,454,8.3,16.16,,2,1,1,2,2,424,1393,674,1143,4654,6823,9224,6253,266,1140,,,1394,171,,t3_shieldbreaker|t3_finalstring
standard,26,r3,red,mid,法師,auralith,standard,0,1,4,1,14810,11708,8651,405.2,11.39,19.22,,2,0,1,2,2,1400,473,370,151,3660,5503,8220,6253,703,570,142,475,,76,,t3_psyward
standard,26,r4,red,adc,射手,guangsu,standard,0,7,3,1,14434,10772,12470,584.1,10.02,16.66,19.79,3,0,1,3,3,1633,1221,343,1090,3793,6301,10823,6253,931,2850,142,475,,171,,t3_shieldbreaker|t3_rendspear
standard,26,r5,red,sup,輔助,shiguang,standard,0,0,1,1,6921,14654,9773,457.7,5.86,12.67,17.92,3,1,2,3,3,468,296,111,542,4468,6776,9341,6253,209,,285,475,,171,1948,t3_calmveil
standard,27,b1,blue,top,坦克,tiebi,standard,1,1,3,0,15614,23574,9782,410.1,8.05,15.66,21.06,3,1,1,2,3,776,454,920,351,3726,5854,8210,6253,741,570,,190,,456,,t3_calmveil|t3_thornmail
standard,27,b2,blue,jungle,戰士,ronggang,standard,1,2,0,0,9025,14692,11650,488.5,8.13,15.9,21.43,3,1,1,2,3,162,1335,670,620,3962,6815,9270,6253,494,1140,,190,736,456,,t3_finalstring|t3_shieldbreaker
standard,27,b3,blue,mid,法師,xingjie,standard,1,4,3,3,23517,16315,12793,536.4,10.88,16.4,21.12,3,0,1,2,3,1685,732,817,713,3945,7232,9797,6253,1330,1140,427,190,,456,,t3_psyward
standard,27,b4,blue,adc,射手,mori,standard,1,8,3,2,30233,12163,15776,661.5,10.07,16.13,20.55,4,0,1,2,4,1709,710,2319,1926,3869,6510,10899,6253,817,2280,427,665,,456,,t3_shieldbreaker|t3_rendspear
standard,27,b5,blue,sup,坦克,tixue,standard,1,3,1,1,9027,21558,14083,590.5,8,12.75,15.79,5,1,2,3,5,1590,1332,1068,482,5190,8572,11048,6253,304,1140,285,190,,456,2420,t3_calmveil|t3_thornmail
standard,27,r1,red,top,坦克,tiebi,standard,0,2,1,0,14185,26752,9896,414.9,8.89,13.97,20.69,3,1,2,2,3,662,71,1300,345,3612,6481,8590,6253,722,1140,,475,,0,,t3_calmveil|t3_thornmail
standard,27,r2,red,jungle,戰士,ronggang,standard,0,3,2,3,8142,18621,12250,513.6,9.41,15.77,20.35,3,1,1,2,3,985,1814,1943,1220,4085,7294,10543,6253,503,1710,712,,1363,0,,t3_finalstring|t3_shieldbreaker
standard,27,r3,red,mid,法師,xingjie,standard,0,1,8,0,16638,14396,9573,401.4,10.8,19.98,,2,0,1,2,2,1466,324,218,492,3726,5474,8248,6253,950,570,,475,,0,,t3_psyward
standard,27,r4,red,adc,射手,mori,standard,0,4,5,1,19141,13116,12347,517.7,10.11,18.41,20.55,3,0,1,2,3,1443,235,809,1366,3603,6035,9559,6253,978,1710,142,475,,0,,t3_shieldbreaker|t3_rendspear
standard,27,r5,red,sup,坦克,tixue,standard,0,0,2,0,6943,25322,10605,444.6,8.21,13.66,18.87,3,1,2,3,3,616,82,261,804,4516,6862,9161,6253,228,,,,,0,2680,t3_calmveil|t3_thornmail
standard,28,b1,blue,top,坦克,xukong,standard,0,0,2,0,10931,25234,8811,379.9,8.74,16.18,21.65,3,1,1,2,3,162,264,624,261,3812,5664,7754,6253,950,,,475,,76,,t3_calmveil|t3_thornmail
standard,28,b2,blue,jungle,刺客,yueying,standard,0,0,6,0,6590,10997,9413,405.9,9.2,18.01,,2,1,1,2,2,650,1716,496,1282,3850,6096,7976,6253,361,,,,1285,76,,t3_finalstring
standard,28,b3,blue,mid,法師,auralith,standard,0,2,4,0,11761,14657,10045,433.1,10.66,15.21,23.18,3,0,1,2,3,1447,889,199,594,3707,6669,8379,6253,893,1140,,,17,76,,t3_psyward
standard,28,b4,blue,adc,射手,leiting,standard,0,2,4,0,14138,14729,9581,413.1,9.95,19.58,,2,1,1,2,2,348,360,146,830,3698,5560,7346,6253,1016,,,,,76,,t3_shieldbreaker|t3_rendspear
standard,28,b5,blue,sup,坦克,ironclad,standard,0,0,2,0,10617,23712,10849,467.8,7.36,13.08,17.58,3,1,2,3,3,139,132,117,1269,4639,7512,9697,6253,427,,,950,,76,1990,t3_calmveil|t3_thornmail
standard,28,r1,red,top,坦克,xukong,standard,1,6,0,0,18353,19089,13463,580.5,8.74,12.7,18.23,4,1,2,3,4,107,569,979,1213,4657,7279,11009,6253,627,2850,,823,,456,,t3_calmveil|t3_thornmail
standard,28,r2,red,jungle,刺客,yueying,standard,1,3,0,3,11796,11521,12846,553.9,7,13.79,16.99,4,1,2,3,4,912,715,1092,345,5292,8365,11492,6253,202,1710,570,348,1951,456,,t3_finalstring
standard,28,r3,red,mid,法師,auralith,standard,1,0,2,0,8477,14117,9989,430.7,10.21,19.66,,2,0,1,2,2,1621,542,133,589,3881,6142,8163,6253,1105,,,348,,456,,t3_psyward
standard,28,r4,red,adc,射手,leiting,standard,1,8,2,1,21675,11306,13889,598.9,8.8,16.33,20.17,4,1,1,2,4,1065,733,2485,669,4415,6533,11065,6253,935,2850,142,427,,456,,t3_shieldbreaker|t3_rendspear
standard,28,r5,red,sup,坦克,ironclad,standard,1,1,0,6,10653,20152,12699,547.6,6.8,12.51,17.55,4,1,2,3,4,1089,212,1187,499,4989,7452,11167,6253,169,570,997,902,,456,1818,t3_calmveil|t3_thornmail
standard,29,b1,blue,top,坦克,shiqiang,standard,1,1,2,0,10420,25475,9482,405.1,8.23,13.25,21.45,3,1,2,2,3,246,126,898,452,3796,6456,8128,6253,791,570,,285,,228,,t3_calmveil|t3_thornmail
standard,29,b2,blue,jungle,刺客,leisuhunter,standard,1,0,3,0,6897,12655,9558,408.3,9.18,17.39,,2,1,1,2,2,715,645,637,1228,3915,6225,8067,6253,272,,,285,1028,228,,t3_finalstring
standard,29,b3,blue,mid,法師,xingjie,standard,1,4,5,1,14624,13781,12687,542,10.27,16.84,21.84,3,0,1,2,3,1662,433,205,956,3922,6183,9185,6253,1089,570,285,760,,228,,t3_psyward
standard,29,b4,blue,adc,射手,liangzi,standard,1,8,3,0,24783,11588,13722,586.2,9.93,16.68,20.38,4,1,1,2,4,411,736,1520,502,3761,5936,10420,6253,804,2850,,285,,228,,t3_shieldbreaker|t3_rendspear
standard,29,b5,blue,sup,輔助,huanjing,standard,1,0,1,0,5762,16389,10307,440.3,8.03,12.18,17.48,3,1,2,3,3,317,127,593,1267,4617,7157,8753,6253,196,,,285,,228,1790,t3_calmveil
standard,29,r1,red,top,坦克,shiqiang,standard,0,5,1,0,13677,26413,12650,540.4,8.31,13.51,17.8,4,1,2,3,4,1107,331,934,499,4657,6481,10864,6253,1387,2280,,665,51,228,,t3_calmveil|t3_thornmail
standard,29,r2,red,jungle,刺客,leisuhunter,standard,0,4,0,0,11641,12034,12020,513.5,7.15,15.6,19.62,3,1,1,3,3,309,919,224,939,4459,6499,9874,6253,247,1710,,190,1246,228,,t3_finalstring
standard,29,r3,red,mid,法師,xingjie,standard,0,1,3,0,18134,13703,9967,425.8,10.61,19.55,,2,0,1,2,2,1561,131,209,566,3821,5731,8239,6253,997,570,,190,,228,,t3_psyward
standard,29,r4,red,adc,射手,liangzi,standard,0,4,7,0,17145,10640,11104,474.3,9.47,18.7,22.9,3,1,1,2,3,357,341,355,803,3707,5721,8305,6253,1064,570,,190,,228,,t3_shieldbreaker|t3_rendspear
standard,29,r5,red,sup,輔助,huanjing,standard,0,0,2,1,3425,14908,11718,500.6,6.78,12.28,16.56,3,1,2,3,3,1087,622,601,2677,4487,6872,9641,6253,294,,285,190,,228,2390,t3_calmveil
standard,30,b1,blue,top,坦克,tiemu,standard,0,1,1,0,9785,25249,10278,433.5,8.11,16.79,21.29,3,1,1,2,3,890,562,683,247,3840,5712,7973,6253,940,,,475,,304,,t3_calmveil|t3_thornmail
standard,30,b2,blue,jungle,刺客,duskblade,standard,0,3,3,0,7100,12892,10955,462.1,9.16,16.03,20.5,3,1,1,2,3,1094,1449,1145,674,4294,6779,9575,6253,199,1710,,,1108,304,,t3_finalstring
standard,30,b3,blue,mid,法師,gambler,standard,0,1,0,1,20529,13827,10173,429.1,10.69,18.32,,2,0,1,2,2,1495,169,223,773,3755,5769,8723,6253,1073,570,285,237,,304,,t3_psyward
standard,30,b4,blue,adc,射手,shengyan,standard,0,9,4,3,28087,12950,16168,681.9,9.37,16.5,19.59,4,1,1,3,4,310,311,1097,2317,3660,6111,11317,6253,769,2850,427,712,,304,,t3_shieldbreaker|t3_rendspear
standard,30,b5,blue,sup,坦克,dadi,standard,0,0,2,3,4503,16744,10942,461.5,7.81,14.62,17.77,3,1,2,3,3,149,252,419,1401,4649,7052,9379,6253,247,,427,,,304,2147,t3_calmveil|t3_thornmail
standard,30,r1,red,top,坦克,tiemu,standard,1,3,0,0,11001,25295,12292,518.5,7.94,13.43,17.84,4,1,2,3,4,833,345,306,641,3783,7175,9436,6253,940,1710,,380,,152,,t3_calmveil|t3_thornmail
standard,30,r2,red,jungle,刺客,duskblade,standard,1,2,2,2,7333,11432,12052,508.4,9.04,13.18,17.79,3,1,2,3,3,470,1174,356,1172,4670,7874,10636,6253,237,1140,570,380,1903,152,,t3_finalstring
standard,30,r3,red,mid,法師,gambler,standard,1,0,5,0,13203,13897,9261,390.6,11.43,19.94,,2,0,1,2,2,1447,190,37,281,3707,6120,7887,6253,1102,,,380,,152,,t3_psyward
standard,30,r4,red,adc,射手,shengyan,standard,1,5,6,0,20334,12406,12206,514.9,7.6,16.64,23.34,3,1,1,2,3,249,548,1079,1056,4249,6348,9179,6253,779,1140,,855,,152,,t3_shieldbreaker|t3_rendspear
standard,30,r5,red,sup,坦克,dadi,standard,1,0,1,1,5179,20561,10698,451.2,7.03,12.11,18.18,3,1,2,3,3,143,674,244,718,4943,7614,9324,6253,399,,285,380,,152,1854,t3_calmveil|t3_thornmail
standard,31,b1,blue,top,坦克,dadi,standard,1,0,2,0,16121,34799,12041,444.2,7.24,14.73,20.44,4,1,2,2,4,394,157,1158,690,4344,6567,8448,6253,1434,,,285,,475,,t3_calmveil|t3_thornmail
standard,31,b2,blue,jungle,刺客,binghe,standard,1,3,4,0,12908,14900,13322,491.4,8.58,17.21,20.33,4,1,1,2,4,763,1567,1081,821,3963,6897,9511,6253,501,1140,,285,856,475,,t3_finalstring
standard,31,b3,blue,mid,法師,ronghuo,standard,1,10,4,0,26695,19173,16626,613.3,10.23,16,21.67,4,0,1,2,4,1685,276,55,2226,3945,6776,9455,6253,1064,1140,,522,,475,,t3_psyward
standard,31,b4,blue,adc,射手,mirrorshot,standard,1,10,5,0,30974,12780,16864,622.1,10.03,20.26,21.46,5,0,1,1,5,1493,600,3563,1263,3653,5800,9363,6253,592,1140,,997,,380,,t3_shieldbreaker|t3_rendspear
standard,31,b5,blue,sup,坦克,thornwall,standard,1,1,4,3,11325,29111,14165,522.5,7.77,11.51,15.81,5,1,2,3,5,730,1055,1022,564,5230,8295,11002,6253,245,570,570,285,,475,2603,t3_calmveil|t3_thornmail
standard,31,r1,red,top,坦克,dadi,standard,0,8,1,0,22927,31534,15301,564.4,8.8,14.01,16.99,5,1,2,3,5,112,616,1012,1651,4062,7026,11042,6253,1257,2850,,475,17,190,,t3_calmveil|t3_thornmail
standard,31,r2,red,jungle,刺客,binghe,standard,0,1,6,4,11632,17854,12219,450.7,7.69,16.77,21.36,3,1,1,2,3,321,848,702,1338,4221,6178,9132,6253,361,570,285,,1472,190,,t3_finalstring
standard,31,r3,red,mid,法師,ronghuo,standard,0,2,7,1,22614,16762,11642,429.5,10.75,19.25,25.94,3,0,1,2,3,1526,69,287,41,3786,5819,8137,6253,934,,285,475,,190,,t3_psyward
standard,31,r4,red,adc,射手,mirrorshot,standard,0,8,8,0,34798,14291,15524,572.7,9.09,17.84,22.53,4,1,1,2,4,443,360,669,1674,3793,5560,8049,6253,1130,,,475,,190,,t3_shieldbreaker|t3_rendspear
standard,31,r5,red,sup,坦克,thornwall,standard,0,0,2,5,8827,25406,12661,467.1,7.33,13.4,18.56,4,1,2,3,4,133,311,289,461,4633,6951,9489,6253,345,,285,,,0,2606,t3_calmveil|t3_thornmail
standard,32,b1,blue,top,坦克,tixue,standard,0,0,0,0,8257,23243,10214,423.2,8.16,14.16,20.93,3,1,2,2,3,328,346,942,284,3878,6196,8172,6253,1064,,,285,,570,,t3_calmveil|t3_thornmail
standard,32,b2,blue,jungle,刺客,jueying,standard,0,0,3,0,6372,12223,10134,419.9,8.6,17.56,24.03,3,1,1,2,3,68,745,1335,184,3918,6325,8465,6253,484,,,285,872,570,,t3_finalstring
standard,32,b3,blue,mid,法師,gambler,standard,0,4,1,0,14381,12766,12646,524,11.35,19.3,22.89,3,0,1,2,3,1409,163,256,1616,3669,6063,8286,6253,893,,,760,,380,,t3_psyward
standard,32,b4,blue,adc,射手,hanbing,standard,0,15,1,2,38500,11490,18517,767.3,7.54,13.23,17.48,5,1,2,3,5,462,339,1711,2917,4942,7659,13511,6253,703,5700,,285,,570,,t3_shieldbreaker|t3_rendspear
standard,32,b5,blue,sup,輔助,xuemai,standard,0,0,0,2,7132,15697,11867,491.7,6.94,12.88,17.09,4,1,2,3,4,282,364,976,417,4582,7394,10016,6253,161,,285,760,,570,1985,t3_calmveil
standard,32,r1,red,top,坦克,tixue,standard,1,0,3,2,8348,29322,11147,461.9,8.93,15.55,20.25,4,1,1,2,4,871,231,2402,296,3821,5531,9732,6253,931,,570,1900,77,0,,t3_calmveil|t3_thornmail
standard,32,r2,red,jungle,刺客,jueying,standard,1,2,2,0,8379,12464,11032,457.1,8.91,15.58,20.55,3,1,1,2,3,239,599,1254,682,4089,6179,9334,6253,389,1140,,,1551,0,,t3_finalstring
standard,32,r3,red,mid,法師,gambler,standard,1,2,4,1,12724,14125,10715,444,11.01,19.22,24.12,3,0,1,2,3,1523,240,518,64,3783,5550,7868,6253,1045,570,,,,0,,t3_psyward
standard,32,r4,red,adc,射手,hanbing,standard,1,1,7,0,15067,12098,8957,371.1,11.09,20.77,,2,0,1,1,2,1227,469,1083,376,3387,5249,6883,6253,630,,,,,0,,t3_shieldbreaker|t3_rendspear
standard,32,r5,red,sup,輔助,xuemai,standard,1,0,3,0,5558,17752,10946,453.5,6.93,12.38,18.54,4,1,2,3,4,794,632,1024,545,4494,6812,9024,6253,158,,,475,,0,2137,t3_calmveil
standard,33,b1,blue,top,坦克,stoneguard,standard,0,0,2,0,7124,24290,8907,392.1,9.45,14.99,22.11,3,1,2,2,3,738,80,234,276,3688,5930,7564,6253,760,,,475,,76,,t3_calmveil|t3_thornmail
standard,33,b2,blue,jungle,刺客,anye,standard,0,1,5,0,5746,11359,10310,453.9,8.98,16.26,,2,1,1,2,2,838,766,747,2230,4038,6346,8827,6253,627,570,,,1300,76,,t3_finalstring
standard,33,b3,blue,mid,法師,ronghuo,standard,0,1,5,0,11877,14985,8774,386.2,10.43,18.55,,2,0,1,2,2,1523,439,218,373,3783,5569,7868,6253,969,570,,,,76,,t3_psyward
standard,33,b4,blue,adc,射手,tianfa,standard,0,4,7,1,16281,12981,10776,474.4,10.01,18.35,22.22,3,0,1,2,3,1509,472,903,876,3669,5672,8123,6253,684,570,285,237,17,76,,t3_shieldbreaker|t3_rendspear
standard,33,b5,blue,sup,輔助,fengshen,standard,0,0,3,1,4541,17964,10383,457.1,7.2,11.96,17.11,3,1,2,3,3,918,622,1055,1343,4618,7102,9515,6253,342,,285,712,17,76,1829,t3_calmveil
standard,33,r1,red,top,坦克,stoneguard,standard,1,2,0,1,9667,21720,10719,471.9,8.73,12.94,19.94,3,1,2,3,3,567,126,98,789,3517,6576,9548,6253,494,1140,285,902,17,456,,t3_calmveil|t3_thornmail
standard,33,r2,red,jungle,刺客,anye,standard,1,1,0,1,4305,9424,10645,468.6,8.94,17.39,21.98,3,1,1,2,3,781,821,1154,694,3981,6401,9484,6253,190,570,285,190,1540,456,,t3_finalstring
standard,33,r3,red,mid,法師,ronghuo,standard,1,11,1,0,24945,14558,15671,689.8,9.51,15.3,18.58,4,1,1,3,4,503,1064,239,2020,4353,7564,11839,6253,1045,3420,,665,,456,,t3_psyward
standard,33,r4,red,adc,射手,tianfa,standard,1,8,4,3,20900,9913,14635,644.3,9.19,16.71,20.08,4,1,1,2,4,785,915,3048,1735,4135,6595,11298,6253,693,2280,712,902,,456,,t3_shieldbreaker|t3_rendspear
standard,33,r5,red,sup,輔助,fengshen,standard,1,0,1,1,6388,14304,12088,532.1,5.78,12.23,15.92,4,1,2,3,4,1154,580,2450,637,4554,7610,11030,6253,313,,142,2090,,456,1774,t3_calmveil
standard,34,b1,blue,top,坦克,thornwall,standard,0,0,2,1,10260,27300,8839,380.9,9.31,16.42,21.87,3,1,1,2,3,757,353,270,588,3707,5503,7700,6253,753,,142,475,,76,,t3_calmveil|t3_thornmail
standard,34,b2,blue,jungle,刺客,wuxing,standard,0,0,5,0,5859,10484,9075,391,8.63,17.33,,2,1,1,2,2,119,555,358,1295,4019,5885,7838,6253,465,,,,1043,76,,t3_finalstring
standard,34,b3,blue,mid,法師,gambler,standard,0,0,5,0,9698,15175,8468,364.9,11.05,20.93,,2,0,1,1,2,1390,305,774,338,3650,5455,7254,6253,924,,,,,76,,t3_psyward
standard,34,b4,blue,adc,射手,dawnstrike,standard,0,6,4,1,16262,13593,13054,562.5,8.05,16.02,20.73,3,1,1,2,3,434,1061,885,2073,4914,6861,9635,6253,1073,1140,142,950,,76,,t3_shieldbreaker|t3_rendspear
standard,34,b5,blue,sup,坦克,suishan,standard,0,1,2,0,5080,20648,10275,442.7,8.02,12.16,17.74,3,1,2,3,3,439,110,374,694,4639,7490,9174,6253,316,570,,,,76,1958,t3_calmveil|t3_thornmail
standard,34,r1,red,top,坦克,thornwall,standard,1,4,0,1,13268,18795,12914,556.5,7.95,12.2,16.83,4,1,2,3,4,931,182,1472,664,3881,7472,10902,6253,924,2280,285,665,,494,,t3_calmveil|t3_thornmail
standard,34,r2,red,jungle,刺客,wuxing,standard,1,2,0,2,8295,9441,11772,507.2,6.78,14.98,21.3,3,1,2,2,3,649,218,1071,1791,4549,6918,9501,6253,397,570,427,190,1168,494,,t3_finalstring
standard,34,r3,red,mid,法師,gambler,standard,1,8,2,2,23447,15001,15609,672.6,10.17,15.67,18.17,4,0,1,3,4,1580,1739,138,1209,3840,8239,11868,6253,1273,2280,427,1140,,494,,t3_psyward
standard,34,r4,red,adc,射手,dawnstrike,standard,1,3,4,1,13975,11360,11154,480.6,10.17,17.41,22.62,3,0,1,2,3,1411,222,265,1254,3571,6022,7945,6253,671,,285,190,51,494,,t3_shieldbreaker|t3_rendspear
standard,34,r5,red,sup,坦克,suishan,standard,1,1,1,3,7192,17430,13269,571.7,6.64,12.11,16.68,4,1,2,3,4,726,802,478,1068,4926,8042,10458,6253,229,570,570,190,,304,2341,t3_calmveil|t3_thornmail
standard,35,b1,blue,top,戰士,ravager,standard,0,1,6,0,11645,31696,11259,418.7,8.64,16.8,24.03,3,1,1,2,3,173,811,377,459,3973,6291,7957,6253,1152,,,475,,76,,t3_shieldbreaker|t3_finalstring
standard,35,b2,blue,jungle,刺客,voidrift,standard,0,0,6,0,4111,14877,10450,388.6,9.21,17.48,24.92,3,1,1,2,3,735,301,349,1000,3935,5881,7779,6253,475,,,,974,76,,t3_finalstring
standard,35,b3,blue,mid,法師,ronghuo,standard,0,6,8,0,20969,19619,13777,512.3,10.45,18.04,22.16,3,0,1,2,3,1723,140,430,1676,3983,6320,8080,6253,1276,,,475,,76,,t3_psyward
standard,35,b4,blue,adc,射手,yanfeng,standard,0,10,11,2,37049,14686,15645,581.8,8.94,18.29,22.5,4,1,1,2,4,268,260,881,2044,4268,5940,8201,6253,731,1140,,,,76,,t3_shieldbreaker|t3_rendspear
standard,35,b5,blue,sup,輔助,shengming,standard,0,0,6,2,4486,23450,13201,490.9,6.12,12.54,16.75,4,1,2,3,4,544,253,470,1751,4544,7283,8930,6253,202,,,475,,76,1923,t3_calmveil
standard,35,r1,red,top,戰士,ravager,standard,1,5,2,0,16049,31760,15639,581.5,10.13,16.74,19.09,5,0,1,3,5,1613,767,123,338,3663,6247,10503,6253,867,1710,,1140,,532,,t3_shieldbreaker|t3_finalstring
standard,35,r2,red,jungle,刺客,voidrift,standard,1,5,3,0,9051,14915,14981,557.1,8.41,14.45,20.89,4,1,2,2,4,214,275,1745,1631,4064,7225,10075,6253,364,1140,,190,1596,532,,t3_finalstring
standard,35,r3,red,mid,法師,ronghuo,standard,1,9,7,4,24203,18701,16291,605.8,10.88,16.83,20.35,4,0,1,2,4,1409,194,1271,1890,3669,6424,10671,6253,988,1710,997,190,,532,,t3_psyward
standard,35,r4,red,adc,射手,yanfeng,standard,1,18,4,1,53427,11688,21779,809.9,11.38,15.57,18.63,5,0,1,3,5,1177,1108,1493,6178,3337,6788,12273,6253,642,3420,285,1140,,532,,t3_shieldbreaker|t3_rendspear
standard,35,r5,red,sup,輔助,shengming,standard,1,0,1,6,8577,17484,14910,554.4,6.33,12.27,16.11,5,1,2,3,5,819,616,839,1709,4519,7166,9879,6253,215,,142,190,,532,2545,t3_calmveil
standard,36,b1,blue,top,戰士,dadi2,standard,0,1,1,1,11627,25110,8821,403.1,9.09,16.82,,2,1,1,2,2,491,517,640,591,3641,5997,8220,6253,750,570,95,475,,76,,t3_shieldbreaker|t3_finalstring
standard,36,b2,blue,jungle,刺客,jingxiang,standard,0,0,5,0,5733,10652,8392,383.5,9.23,17.64,,2,1,1,2,2,685,489,360,311,3885,5769,7790,6253,551,,,,909,76,,t3_finalstring
standard,36,b3,blue,mid,法師,haixiao,standard,0,3,6,1,12680,12628,9876,451.3,10,18.1,,2,1,1,2,2,142,334,944,795,3992,6234,9274,6253,1140,1710,95,,,76,,t3_psyward
standard,36,b4,blue,adc,射手,siwang,standard,0,5,7,0,14097,9005,11076,506.1,8.88,18.43,19.5,3,1,1,3,3,417,329,185,125,3767,6009,9885,6253,801,2280,,475,,76,,t3_shieldbreaker|t3_rendspear
standard,36,b5,blue,sup,輔助,mingyun,standard,0,0,1,1,4195,16152,9294,424.7,6.58,12.28,17.79,3,1,2,3,3,570,312,361,253,4570,6792,8521,6253,177,,95,,,76,1919,t3_calmveil
standard,36,r1,red,top,戰士,dadi2,standard,1,9,1,0,16799,25797,14999,685.4,9.07,14.15,18.21,4,1,2,3,4,608,394,1003,1549,3758,8394,12403,6253,943,4560,,285,,361,,t3_shieldbreaker|t3_finalstring
standard,36,r2,red,jungle,刺客,jingxiang,standard,1,1,3,2,7932,10617,10209,466.5,9.1,15.98,21.46,3,1,1,2,3,802,1008,1106,258,4002,6588,9436,6253,250,570,285,285,1273,519,,t3_finalstring
standard,36,r3,red,mid,法師,haixiao,standard,1,6,3,3,18547,14124,14246,651,10.61,14.66,19.5,3,0,2,3,3,1561,347,448,1765,3821,7897,11478,6253,1111,2280,712,760,,361,,t3_psyward
standard,36,r4,red,adc,射手,siwang,standard,1,2,2,1,10178,8912,9572,437.4,10.21,18.93,,2,0,1,2,2,1436,549,754,671,3596,5629,7754,6253,649,,142,285,,424,,t3_shieldbreaker|t3_rendspear
standard,36,r5,red,sup,輔助,mingyun,standard,1,2,0,2,5463,15646,11384,520.2,7.14,12.32,15.46,4,1,2,3,4,206,962,1172,503,4506,7992,10212,6253,275,570,285,285,,614,1928,t3_calmveil
standard,37,b1,blue,top,戰士,ronggang,standard,0,1,0,0,13608,24588,9424,413.3,9.72,16.8,,2,1,1,2,2,98,748,442,774,3948,6278,8492,6253,1117,570,,475,,76,,t3_shieldbreaker|t3_finalstring
standard,37,b2,blue,jungle,刺客,guihuo,standard,0,0,5,0,5835,11386,8726,382.7,8.8,18.3,,2,1,1,2,2,565,184,375,596,3765,5514,7555,6253,370,,,,855,76,,t3_finalstring
standard,37,b3,blue,mid,法師,leiming,standard,0,2,4,0,16126,14949,9396,412.1,10.01,19.39,,2,0,1,2,2,1624,321,395,315,3884,5651,8425,6253,956,1140,,,,76,,t3_psyward
standard,37,b4,blue,adc,射手,maestro,standard,0,3,5,0,15922,9914,9871,432.9,9.23,19.57,,2,1,1,2,2,427,100,152,970,3777,5480,7152,6253,823,,,,,76,,t3_shieldbreaker|t3_rendspear
standard,37,b5,blue,sup,坦克,suishan,standard,0,0,1,0,6291,22327,10450,458.3,7.39,12.92,18.27,3,1,2,3,3,973,126,356,649,4573,7366,9556,6253,189,,,475,,76,2561,t3_calmveil|t3_thornmail
standard,37,r1,red,top,戰士,ronggang,standard,1,4,0,0,12521,20064,12827,562.6,9.91,16.95,20.44,3,1,1,2,3,422,740,2674,1376,3572,6270,11324,6253,608,2280,,1710,17,456,,t3_shieldbreaker|t3_finalstring
standard,37,r2,red,jungle,刺客,guihuo,standard,1,2,0,1,11183,13051,10733,470.8,9.38,16.51,21.95,3,1,1,2,3,526,626,938,253,3726,6256,9018,6253,164,570,285,285,1004,456,,t3_finalstring
standard,37,r3,red,mid,法師,leiming,standard,1,1,2,1,13098,12176,9836,431.4,10.79,18.58,,2,0,1,2,2,1428,235,304,435,3688,5835,8334,6253,817,,285,522,,456,,t3_psyward
standard,37,r4,red,adc,射手,maestro,standard,1,8,4,0,27840,10222,14282,626.4,10,16.11,19.92,4,1,1,3,4,329,697,151,431,3679,6377,11051,6253,826,2280,,1235,,456,,t3_shieldbreaker|t3_rendspear
standard,37,r5,red,sup,坦克,suishan,standard,1,0,0,1,5797,16229,10670,468,7.36,13.98,19.48,3,1,2,3,3,884,280,357,689,4484,7220,9737,6253,243,,285,522,,456,1976,t3_calmveil|t3_thornmail
standard,38,b1,blue,top,戰士,jingci,standard,0,1,1,1,9780,21872,9131,430.4,9.42,16.36,,2,1,1,2,2,367,970,272,851,3517,6500,8552,6253,646,570,142,712,,228,,t3_shieldbreaker|t3_finalstring
standard,38,b2,blue,jungle,戰士,fengbao,standard,0,1,2,0,8031,14456,8927,420.8,8.88,17.19,,2,1,1,2,2,52,1114,99,696,4332,6594,8329,6253,218,570,,237,821,228,,t3_shieldbreaker|t3_finalstring
standard,38,b3,blue,mid,法師,haixiao,standard,0,1,6,0,10390,12739,9065,427.2,11.13,18.77,,2,0,1,2,2,1295,144,166,254,3555,6044,8676,6253,912,570,,712,,228,,t3_psyward
standard,38,b4,blue,adc,射手,liuxing,standard,0,2,5,1,12402,8615,9405,443.3,9.47,18.8,,2,1,1,2,2,243,479,287,1454,3593,5379,8237,6253,551,570,142,475,17,228,,t3_shieldbreaker|t3_rendspear
standard,38,b5,blue,sup,坦克,tieshixin,standard,0,0,3,0,5684,18299,10176,479.6,6.86,12.23,18.62,3,1,2,3,3,54,601,397,676,4554,7261,9597,6253,256,,,237,,228,2622,t3_calmveil|t3_thornmail
standard,38,r1,red,top,戰士,jingci,standard,1,4,0,0,14526,21490,12684,597.8,10.28,14,17.68,3,0,2,3,3,2189,923,655,1234,4239,7773,12105,6253,1368,2280,,1900,,304,,t3_shieldbreaker|t3_finalstring
standard,38,r2,red,jungle,戰士,fengbao,standard,1,4,0,0,13097,12047,11507,542.4,6.49,14.56,20.1,3,1,2,2,3,477,405,2154,707,4577,7805,10754,6253,199,2280,,,1716,304,,t3_shieldbreaker|t3_finalstring
standard,38,r3,red,mid,法師,haixiao,standard,1,2,2,3,11223,11925,10708,504.7,9.12,16.38,,2,1,1,2,2,503,750,653,1308,4353,6500,10053,6253,1026,1140,855,475,,304,,t3_psyward
standard,38,r4,red,adc,射手,liuxing,standard,1,6,3,3,16740,8178,13068,615.9,9.78,17.76,18.32,3,1,1,3,3,72,1063,1000,1267,4072,6143,11900,6253,636,2850,855,950,51,304,,t3_shieldbreaker|t3_rendspear
standard,38,r5,red,sup,坦克,tieshixin,standard,1,1,0,1,4659,16703,10347,487.7,7.78,13.46,18.04,3,1,2,3,3,578,183,385,367,4478,6843,9465,6253,266,570,,,,304,2071,t3_calmveil|t3_thornmail
standard,39,b1,blue,top,戰士,longyi,standard,1,1,2,0,8400,30328,11772,484.6,10.42,15.98,23.15,3,0,1,2,3,1999,1020,579,791,4049,6500,9179,6253,1311,570,,950,,95,,t3_shieldbreaker|t3_finalstring
standard,39,b2,blue,jungle,戰士,ronggang,standard,1,0,2,0,7191,17669,9468,389.7,8.6,18.09,,2,1,1,2,2,673,865,273,1287,3773,5695,7503,6253,297,,,,857,95,,t3_shieldbreaker|t3_finalstring
standard,39,b3,blue,mid,法師,leiming,standard,1,3,4,0,12532,15892,12158,500.5,9.13,17.87,23.87,3,1,1,2,3,503,391,503,378,4353,6291,9103,6253,1140,1140,,475,,95,,t3_psyward
standard,39,b4,blue,adc,射手,guangsu,standard,1,6,7,0,19621,10401,12253,504.4,9.56,17.87,21.46,3,1,1,2,3,246,310,1128,1303,3596,5990,9078,6253,877,1710,,237,,0,,t3_shieldbreaker|t3_rendspear
standard,39,b5,blue,sup,輔助,shiguang,standard,1,1,3,1,9758,21941,12321,507.2,6.88,12.24,17.07,4,1,2,3,4,554,503,821,871,4554,6983,9861,6253,326,,,1187,102,95,1896,t3_calmveil
standard,39,r1,red,top,戰士,longyi,standard,0,7,1,0,15419,26351,15122,622.5,7.71,13.72,18.09,4,1,2,3,4,181,447,364,1672,4461,8147,10864,6253,1057,2280,,760,,513,,t3_shieldbreaker|t3_finalstring
standard,39,r2,red,jungle,戰士,ronggang,standard,0,0,0,0,7023,15907,11057,455.2,9.13,15.36,22.68,3,1,1,2,3,541,1301,1949,307,4291,6731,9299,6253,297,,,285,1950,513,,t3_shieldbreaker|t3_finalstring
standard,39,r3,red,mid,法師,leiming,standard,0,8,4,0,25716,16622,15224,626.7,10.49,17.1,20.32,4,0,1,2,4,1552,253,1413,1573,3812,6453,10813,6253,1197,1710,,1235,,418,,t3_psyward
standard,39,r4,red,adc,射手,guangsu,standard,0,3,4,0,19757,10769,10933,450.1,9.96,19.36,23.65,3,1,1,2,3,417,82,42,932,3767,5762,7662,6253,801,,,285,,323,,t3_shieldbreaker|t3_rendspear
standard,39,r5,red,sup,輔助,shiguang,standard,0,0,2,5,8210,14624,13066,537.9,6.59,12.35,16.33,4,1,2,3,4,806,341,1732,1686,4506,7071,9912,6253,180,,,285,,513,2680,t3_calmveil
standard,40,b1,blue,top,戰士,chichuan,standard,0,3,1,0,19730,37853,12680,458.9,8.26,17.09,22.56,3,1,1,2,3,823,519,1606,1850,3973,5569,8736,6253,962,570,,950,,0,,t3_shieldbreaker|t3_finalstring
standard,40,b2,blue,jungle,戰士,kuangfeng,standard,0,4,4,2,9022,22840,12799,463.2,9.3,17.26,23.08,3,1,1,2,3,581,1008,872,1818,3681,6008,7972,6253,259,570,,,889,0,,t3_shieldbreaker|t3_finalstring
standard,40,b3,blue,mid,法師,haixiao,standard,0,2,6,2,24225,19578,12408,449,10.53,17.88,24.77,3,0,1,2,3,1523,435,159,307,3783,6035,8289,6253,1086,,,950,,0,,t3_psyward
standard,40,b4,blue,adc,射手,mori,standard,0,4,5,5,38770,14980,13372,483.9,9.34,20.16,24.86,3,1,1,1,3,348,341,1272,3472,3698,5421,7072,6253,750,,,,68,0,,t3_shieldbreaker|t3_rendspear
standard,40,b5,blue,sup,坦克,tixue,standard,0,0,2,1,5511,26089,12379,448,7.63,13.76,17.95,4,1,2,3,4,673,1137,353,1019,4573,7337,9033,6253,285,,,475,,0,2020,t3_calmveil|t3_thornmail
standard,40,r1,red,top,戰士,chichuan,standard,1,6,2,1,23601,34890,15321,554.4,9.37,18.08,19.64,4,1,1,3,4,513,660,308,2291,3663,6190,9958,6253,798,1710,,665,,532,,t3_shieldbreaker|t3_finalstring
standard,40,r2,red,jungle,戰士,kuangfeng,standard,1,4,2,0,13857,17577,14478,523.9,9.83,14.78,21.7,4,1,2,2,4,79,129,1358,1027,4179,7229,9958,6253,202,1140,,190,1640,532,,t3_shieldbreaker|t3_finalstring
standard,40,r3,red,mid,法師,haixiao,standard,1,1,3,1,26743,17854,11680,422.7,10.42,19.06,25.78,3,0,1,2,3,1536,324,381,829,3796,5924,7931,6253,956,,,190,,532,,t3_psyward
standard,40,r4,red,adc,射手,mori,standard,1,7,5,2,31937,12275,15986,578.5,8.93,18.02,21.61,5,1,1,2,5,398,500,868,386,3748,6180,9768,6253,750,1140,427,665,,532,,t3_shieldbreaker|t3_rendspear
standard,40,r5,red,sup,坦克,tixue,standard,1,0,1,1,7974,25642,12658,458.1,6.93,13.03,18.46,4,1,2,3,4,430,251,227,458,4630,7191,9727,6253,180,,142,665,,532,1953,t3_calmveil|t3_thornmail
standard,41,b1,blue,top,戰士,xueyue,standard,,13,16,1,79266,110240,31074,517.9,8.78,16.9,23.34,5,1,1,2,5,690,657,360,15723,3840,6187,8410,6253,1187,,,665,,304,,t3_shieldbreaker|t3_finalstring
standard,41,b2,blue,jungle,戰士,longyi,standard,,10,16,2,52704,67051,31523,525.4,8.47,14.29,20.94,5,1,2,2,5,239,415,1478,16223,4339,7215,9778,6253,462,1140,,190,1428,304,,t3_shieldbreaker|t3_finalstring
standard,41,b3,blue,mid,法師,leiming,standard,,43,29,1,214843,60400,48351,805.9,10.53,18.23,23.9,5,0,1,2,5,1533,760,411,32201,3793,6510,8441,6253,1219,,,665,,304,,t3_psyward
standard,41,b4,blue,adc,射手,leiting,standard,,43,30,1,328101,42700,47192,786.5,10.18,17.39,22.48,5,0,1,2,5,1609,331,136,31592,3769,6011,9036,6253,942,570,285,665,17,304,,t3_shieldbreaker|t3_rendspear
standard,41,b5,blue,sup,坦克,ironclad,standard,,2,23,6,27075,97101,26499,441.6,7.21,12.28,19.64,5,1,2,3,5,776,348,124,12898,4676,7288,9024,6253,368,,,190,26,304,1882,t3_calmveil|t3_thornmail
standard,41,r1,red,top,戰士,xueyue,standard,,14,26,1,79253,118448,32239,537.3,8.64,16.45,22.48,5,1,1,2,5,646,1002,215,16889,3796,6532,8565,6253,848,570,,665,,228,,t3_shieldbreaker|t3_finalstring
standard,41,r2,red,jungle,戰士,longyi,standard,,22,15,3,90239,74688,40447,674.1,8.5,15.16,18.66,5,1,1,3,5,213,1529,1011,25146,4493,7009,10611,6253,513,570,570,190,2286,228,,t3_shieldbreaker|t3_finalstring
standard,41,r3,red,mid,法師,leiming,standard,,36,27,1,166928,54610,42974,716.2,10.6,19.73,25.93,5,0,1,2,5,1447,176,166,26824,3707,5626,7716,6253,1045,,,190,,228,,t3_psyward
standard,41,r4,red,adc,射手,leiting,standard,,39,30,0,225305,36809,43598,726.6,9.31,17.5,21.58,5,1,1,2,5,338,298,213,27998,3688,5978,9113,6253,826,1140,,665,,228,,t3_shieldbreaker|t3_rendspear
standard,41,r5,red,sup,坦克,ironclad,standard,,3,13,6,27241,87603,27353,455.9,7.06,13.35,17.94,5,1,2,3,5,313,480,428,13753,4513,6840,9508,6253,186,570,,190,,228,2080,t3_calmveil|t3_thornmail
standard,42,b1,blue,top,戰士,fengbao,standard,0,0,2,0,13939,35984,10399,387.6,9.07,18.02,24.93,3,1,1,2,3,814,669,383,18,3964,6149,7783,6253,978,,,285,,266,,t3_shieldbreaker|t3_finalstring
standard,42,b2,blue,jungle,戰士,ravager,standard,0,2,1,0,12062,23815,12284,457.9,6.63,15.87,20.53,3,1,1,2,3,219,1449,170,933,4449,6879,8720,6253,418,570,,285,927,266,,t3_shieldbreaker|t3_finalstring
standard,42,b3,blue,mid,法師,mingyun2,standard,0,1,8,1,25631,18534,11121,414.6,10.78,19.57,25.38,3,0,1,2,3,1542,144,242,270,3802,6044,7792,6253,988,,,285,,266,,t3_psyward
standard,42,b4,blue,adc,射手,liangzi,standard,0,7,7,0,26795,13427,13971,520.8,10.17,19.35,22.59,4,0,1,2,4,1424,313,255,750,3584,5693,8505,6253,560,1140,,285,,266,,t3_shieldbreaker|t3_rendspear
standard,42,b5,blue,sup,輔助,huanjing,standard,0,1,4,1,7109,22947,12396,462.1,5.7,11.02,14.94,4,1,3,3,4,1174,55,390,1435,5124,7755,9620,6253,171,570,,285,,76,2265,t3_calmveil
standard,42,r1,red,top,戰士,fengbao,standard,1,5,1,0,20157,34443,15211,567,6.86,13.73,20.23,4,1,2,2,4,658,297,944,2711,4458,7397,9544,6253,978,1710,,475,51,76,,t3_shieldbreaker|t3_finalstring
standard,42,r2,red,jungle,戰士,ravager,standard,1,4,2,1,13996,23624,13851,516.3,7.88,16.5,19.55,3,1,1,3,3,260,995,473,2500,4010,6425,10023,6253,351,1710,142,,1489,76,,t3_shieldbreaker|t3_finalstring
standard,42,r3,red,mid,法師,mingyun2,standard,1,10,4,1,27890,18091,16474,614.1,11.58,20.47,22.96,4,0,1,1,4,1390,49,1273,2243,3650,5379,7773,6253,684,,285,475,,76,,t3_psyward
standard,42,r4,red,adc,射手,liangzi,standard,1,3,4,2,30678,10753,11616,433,11.58,20.81,,2,0,1,1,2,1218,359,1213,2716,3378,5259,6893,6253,421,,142,,,76,,t3_shieldbreaker|t3_rendspear
standard,42,r5,red,sup,輔助,huanjing,standard,1,0,0,0,9780,17760,12816,477.8,6.68,12.03,17.75,4,1,2,3,4,260,385,865,1436,4560,6935,8865,6253,452,,,,16,76,2066,t3_calmveil
standard,43,b1,blue,top,戰士,rongyan,standard,0,0,0,1,6624,22619,9118,417.5,8.9,18.29,,2,1,1,2,2,557,574,230,518,3707,6054,8530,6253,950,,142,1108,,76,,t3_shieldbreaker|t3_finalstring
standard,43,b2,blue,jungle,戰士,dushe,standard,0,2,0,0,9748,16482,9836,450.3,8.21,16.02,21.55,3,1,1,2,3,790,998,595,285,3890,6428,9145,6253,386,1140,,158,1130,76,,t3_shieldbreaker|t3_finalstring
standard,43,b3,blue,mid,法師,bingshuang,standard,0,1,3,0,15568,13599,8920,408.4,10.34,19.67,,2,0,1,2,2,1613,479,302,470,3873,6229,8332,6253,957,570,,475,,76,,t3_psyward
standard,43,b4,blue,adc,射手,shengyan,standard,0,6,6,1,18534,10633,11713,536.3,10.07,16.58,20.27,3,0,1,2,3,1514,1016,508,763,3674,6096,9358,6253,701,1710,142,475,,76,,t3_shieldbreaker|t3_rendspear
standard,43,b5,blue,sup,輔助,zhanchang,standard,0,1,0,1,6166,14947,10290,471.1,7.38,11.3,16.28,3,1,2,3,3,521,404,376,1059,5121,7434,9606,6253,272,570,285,158,,76,1991,t3_calmveil
standard,43,r1,red,top,戰士,rongyan,standard,1,1,1,0,10414,25839,9863,451.5,8.4,17,21.63,3,1,1,2,3,633,602,484,262,3783,6082,9084,6253,950,570,,855,,456,,t3_shieldbreaker|t3_finalstring
standard,43,r2,red,jungle,戰士,dushe,standard,1,1,0,0,7712,14409,10188,466.4,9.37,16.13,21.54,3,1,1,2,3,205,1707,1011,337,3955,7137,9261,6253,221,570,,380,1380,456,,t3_shieldbreaker|t3_finalstring
standard,43,r3,red,mid,法師,bingshuang,standard,1,1,4,0,15220,12872,9464,433.3,11.66,18.98,,2,0,1,2,2,1400,302,265,1133,3660,5902,8115,6253,1026,,,380,,456,,t3_psyward
standard,43,r4,red,adc,射手,shengyan,standard,1,6,4,0,18580,9449,12418,568.5,10.05,15.98,19.67,3,0,1,3,3,1509,1120,200,618,3669,6500,10500,6253,893,2280,,617,,456,,t3_shieldbreaker|t3_rendspear
standard,43,r5,red,sup,輔助,zhanchang,standard,1,0,1,0,7388,12686,11529,527.8,6.93,12.48,17.92,4,1,2,4,4,554,737,212,1028,4554,7467,10712,6253,367,,,1092,,456,2543,t3_calmveil
standard,44,b1,blue,top,戰士,embercoil,standard,1,0,5,0,29028,46459,13967,392.4,9.57,18.15,24.48,4,1,1,2,4,500,476,1402,936,3650,6006,8552,6253,779,,,1140,,380,,t3_shieldbreaker|t3_finalstring
standard,44,b2,blue,jungle,戰士,jufeng,standard,1,4,5,0,25124,35011,17172,482.5,8.72,15.37,22.95,5,1,1,2,5,17,1286,855,1872,3817,6766,8855,6253,665,,,665,702,570,,t3_shieldbreaker|t3_finalstring
standard,44,b3,blue,mid,法師,mingyun2,standard,1,20,9,0,62118,28632,25899,727.7,10.86,15.84,19.98,5,0,1,3,5,1447,608,54,9748,3707,7108,10604,6253,836,2280,,665,,570,,t3_psyward
standard,44,b4,blue,adc,射手,mirrorshot,standard,1,20,17,1,99528,21856,25120,705.8,10.69,18.99,22.07,5,0,1,2,5,1547,231,287,9519,3707,5911,8837,6253,779,570,,665,,570,,t3_shieldbreaker|t3_rendspear
standard,44,b5,blue,sup,坦克,thornwall,standard,1,1,8,0,14403,41783,16831,472.9,7.28,11.3,16.77,5,1,2,3,5,766,876,562,3230,5266,8116,10542,6253,361,570,,190,,570,2598,t3_calmveil|t3_thornmail
standard,44,r1,red,top,戰士,embercoil,standard,0,7,6,1,31915,50599,18558,521.4,9.7,20.36,23.04,5,1,1,1,5,500,654,2908,3208,3650,5284,8438,6253,589,,,1425,,171,,t3_shieldbreaker|t3_finalstring
standard,44,r2,red,jungle,戰士,jufeng,standard,0,7,5,3,36218,38705,20012,562.3,7.48,16.33,21.26,5,1,1,2,5,394,759,814,4712,4194,6239,9114,6253,351,570,142,,1625,171,,t3_shieldbreaker|t3_finalstring
standard,44,r3,red,mid,法師,mingyun2,standard,0,10,17,0,40920,30493,19182,538.9,9.78,18.01,23.82,5,1,1,2,5,85,416,466,3032,3935,6016,8866,6253,1159,1140,,237,,76,,t3_psyward
standard,44,r4,red,adc,射手,mirrorshot,standard,0,19,16,0,67632,22962,23758,667.5,10.16,17.12,22.07,5,0,1,2,5,1424,483,140,8157,3584,5683,8590,6253,788,1140,,237,,171,,t3_shieldbreaker|t3_rendspear
standard,44,r5,red,sup,坦克,thornwall,standard,0,1,1,5,15238,43536,17410,489.1,7.38,12.9,17.12,5,1,2,3,5,563,458,136,3809,4763,7698,10516,6253,456,570,142,475,,171,2448,t3_calmveil|t3_thornmail
standard,45,b1,blue,top,戰士,cinderfist,standard,0,2,11,0,19168,59282,15971,427.4,9.01,17.97,22.03,5,1,1,2,5,513,231,402,670,3663,5411,9002,6253,696,,,1900,,152,,t3_shieldbreaker|t3_finalstring
standard,45,b2,blue,jungle,戰士,langwang,standard,0,3,11,0,19112,48065,16423,439.5,9.03,15.99,23.12,5,1,1,2,5,127,1042,312,1173,3877,6472,8862,6253,402,570,,475,1010,152,,t3_shieldbreaker|t3_finalstring
standard,45,b3,blue,mid,法師,bingshuang,standard,0,8,14,1,48935,27393,19008,508.7,10.84,21.28,26.68,5,0,1,1,5,1447,239,779,2857,3707,5569,7279,6253,874,,,,,152,,t3_psyward
standard,45,b4,blue,adc,射手,dujian,standard,0,21,15,0,100792,22258,26394,706.3,9.05,17.93,21.15,5,1,1,2,5,466,435,957,10793,3816,6115,9507,6253,916,1710,,475,,152,,t3_shieldbreaker|t3_rendspear
standard,45,b5,blue,sup,輔助,xuemai,standard,0,0,14,3,13954,43143,15751,421.5,5.95,12.38,17.4,5,1,2,3,5,928,254,364,2550,4628,6984,9114,6253,302,,285,,,152,2121,t3_calmveil
standard,45,r1,red,top,戰士,cinderfist,standard,1,13,7,1,42797,62365,23523,629.5,8.12,15.77,20.73,5,1,1,2,5,950,1223,1238,8223,4100,6703,9838,6253,791,1710,285,380,,418,,t3_shieldbreaker|t3_finalstring
standard,45,r2,red,jungle,戰士,langwang,standard,1,3,3,2,15156,27981,17807,476.5,8.72,17.9,22.53,5,1,1,2,5,600,869,1305,2556,3700,5999,8355,6253,152,,142,380,1008,418,,t3_shieldbreaker|t3_finalstring
standard,45,r3,red,mid,法師,bingshuang,standard,1,22,9,1,67651,27446,27906,746.8,10.55,17.77,21.15,5,0,1,2,5,2226,485,188,11755,4486,6985,9588,6253,1254,1140,142,380,,418,,t3_psyward
standard,45,r4,red,adc,射手,dujian,standard,1,26,11,1,124123,20024,29024,776.7,9.93,18.07,22.06,5,1,1,2,5,303,120,771,13423,3653,5800,9021,6253,877,1140,142,380,,228,,t3_shieldbreaker|t3_rendspear
standard,45,r5,red,sup,輔助,xuemai,standard,1,1,4,9,14721,28075,20188,540.3,6.31,12.7,17.45,5,1,2,3,5,247,378,1199,6987,4547,7408,10429,6253,307,570,142,855,,418,1883,t3_calmveil
standard,46,b1,blue,top,戰士,leimingcf,standard,0,3,4,0,12268,36599,12225,459.2,9.08,16.92,21.15,3,1,1,2,3,481,545,883,825,3631,6025,9483,6253,950,1710,,475,,95,,t3_shieldbreaker|t3_finalstring
standard,46,b2,blue,jungle,戰士,tielian,standard,0,2,5,1,12305,26425,11433,429.4,9.07,14.67,22.05,3,1,2,2,3,513,316,509,82,4563,7066,9059,6253,335,1140,285,,1045,0,,t3_shieldbreaker|t3_finalstring
standard,46,b3,blue,mid,法師,mingyun2,standard,0,2,9,0,19737,19313,11180,419.9,10.22,19.63,25.36,3,0,1,2,3,1580,195,280,150,3840,5645,7830,6253,1007,,,475,,95,,t3_psyward
standard,46,b4,blue,adc,射手,tianfa,standard,0,8,9,0,25795,13145,13945,523.8,10.24,20.06,24.87,4,0,1,1,4,1395,242,2084,94,3555,5322,7764,6253,608,570,,237,,95,,t3_shieldbreaker|t3_rendspear
standard,46,b5,blue,sup,輔助,fengshen,standard,0,2,5,0,6269,23854,12874,483.5,6.22,11.81,14.68,4,1,3,3,4,805,182,541,1493,5105,7882,9771,6253,215,1140,,237,17,95,1812,t3_calmveil
standard,46,r1,red,top,戰士,leimingcf,standard,1,6,1,1,17895,30264,15386,577.9,8.73,16.61,19.12,4,1,1,3,4,627,444,827,2406,3777,5924,10427,6253,893,1710,285,855,51,380,,t3_shieldbreaker|t3_finalstring
standard,46,r2,red,jungle,戰士,tielian,standard,1,9,3,1,20931,21579,17155,644.3,9.98,13.81,19.88,5,1,2,3,5,60,500,110,1904,4110,7550,10560,6253,443,1710,,380,1393,380,,t3_shieldbreaker|t3_finalstring
standard,46,r3,red,mid,法師,mingyun2,standard,1,10,3,4,38086,15936,18546,696.6,9.4,15.36,20.06,5,1,1,2,5,370,1026,1907,2396,4220,7526,11307,6253,969,2850,,855,,380,,t3_psyward
standard,46,r4,red,adc,射手,tianfa,standard,1,7,9,0,27887,12905,14186,532.8,9.41,20.06,23.26,4,1,1,1,4,272,448,2476,335,3622,5648,8156,6253,573,570,,380,,380,,t3_shieldbreaker|t3_rendspear
standard,46,r5,red,sup,輔助,fengshen,standard,1,0,1,4,8120,17384,13280,498.8,6.91,11.68,16.34,4,1,2,3,4,1217,541,495,1900,4617,7271,9245,6253,199,,,380,,380,2032,t3_calmveil
standard,47,b1,blue,top,戰士,jufeng,standard,0,0,4,0,8128,27745,9202,395.2,9.02,18.37,,2,1,1,2,2,443,67,309,1121,3593,5417,8039,6253,836,,,950,,0,,t3_shieldbreaker|t3_finalstring
standard,47,b2,blue,jungle,戰士,greymantle,standard,0,0,3,1,6809,17653,8958,384.7,8.71,18.33,,2,1,1,2,2,761,945,227,1077,3861,5825,7807,6253,503,,142,,907,0,,t3_shieldbreaker|t3_finalstring
standard,47,b3,blue,mid,法師,bingshuang,standard,0,2,3,0,14641,13963,10057,431.9,12.34,17.61,21.39,3,0,1,2,3,1219,384,428,606,3479,5284,9008,6253,665,1140,,950,,0,,t3_psyward
standard,47,b4,blue,adc,射手,dawnstrike,standard,0,5,9,0,18682,13395,11703,502.6,10.25,18.08,21.66,3,0,1,2,3,1569,258,757,903,3729,5458,8907,6253,801,1140,,712,,0,,t3_shieldbreaker|t3_rendspear
standard,47,b5,blue,sup,坦克,stoneguard,standard,0,1,3,2,6009,26050,10979,471.5,7.39,13.35,17.24,3,1,2,3,3,196,434,350,1398,4646,7534,9930,6253,424,570,427,237,,0,2017,t3_calmveil|t3_thornmail
standard,47,r1,red,top,戰士,jufeng,standard,1,7,0,2,18158,26890,15535,667.2,8.13,14.51,18.91,4,1,2,3,4,842,279,314,2035,3992,7729,10864,6253,1209,2280,285,285,,551,,t3_shieldbreaker|t3_finalstring
standard,47,r2,red,jungle,戰士,greymantle,standard,1,2,0,3,10495,11421,11706,502.8,8.78,13.3,19.85,3,1,2,3,3,241,948,114,2106,4041,7748,9714,6253,470,1140,142,285,872,551,,t3_shieldbreaker|t3_finalstring
standard,47,r3,red,mid,法師,bingshuang,standard,1,1,2,2,21170,12137,11045,474.4,10.34,15.94,,2,0,1,2,2,1697,586,279,1644,3957,7086,9679,6253,1260,570,285,760,,551,,t3_psyward
standard,47,r4,red,adc,射手,dawnstrike,standard,1,11,6,1,30795,10865,15358,659.6,9.73,18.08,20.61,4,1,1,2,4,291,431,1989,1507,3641,6111,10889,6253,760,2850,285,285,,456,,t3_shieldbreaker|t3_rendspear
standard,47,r5,red,sup,坦克,stoneguard,standard,1,1,0,2,6559,17530,13720,589.3,7.22,12.2,16.42,4,1,2,3,4,94,853,2906,1520,5144,8093,12406,6253,213,570,427,1710,,551,2680,t3_calmveil|t3_thornmail
standard,48,b1,blue,top,戰士,anliuyouXia,standard,1,5,4,0,16387,33062,13593,530.8,9.47,15.93,20.9,4,1,1,2,4,519,762,1242,1142,3669,6292,9522,6253,855,1710,,475,26,202,,t3_shieldbreaker|t3_finalstring
standard,48,b2,blue,jungle,刺客,miwu,standard,1,0,7,1,7303,12016,10319,403,8.67,17.42,24.46,3,1,1,2,3,767,1147,719,338,3967,5827,7899,6253,408,,142,,1019,76,,t3_finalstring
standard,48,b3,blue,mid,法師,lieyan,standard,1,6,4,0,24460,17444,14365,560.9,9.8,16.94,21.21,4,1,1,2,4,579,385,568,534,4429,6285,9648,6253,1007,1710,,475,,202,,t3_psyward
standard,48,b4,blue,adc,射手,yanfeng,standard,1,8,8,1,26206,16677,14238,556,9.07,18.1,21.51,4,1,1,2,4,402,51,657,1018,3752,5551,9237,6253,734,1710,285,,51,202,,t3_shieldbreaker|t3_rendspear
standard,48,b5,blue,sup,坦克,bingshouweis,standard,1,0,5,1,10242,25901,13489,526.7,6.69,12.86,16.83,4,1,2,3,4,155,418,841,1709,4655,7518,9941,6253,262,,142,475,51,76,2680,t3_calmveil|t3_thornmail
standard,48,r1,red,top,戰士,anliuyouXia,standard,0,5,0,0,14769,30845,13782,538.2,9.63,16.71,21.63,4,1,1,2,4,51,970,415,751,4201,6500,9065,6253,1045,1140,,285,,342,,t3_shieldbreaker|t3_finalstring
standard,48,r2,red,jungle,刺客,miwu,standard,0,4,3,2,12642,14251,14171,553.4,8.22,14.57,20.13,4,1,2,2,4,356,421,1878,770,4256,7121,10258,6253,418,570,427,285,1961,342,,t3_finalstring
standard,48,r3,red,mid,法師,lieyan,standard,0,5,7,1,26431,15951,13392,523,10.61,19.31,22.96,3,0,1,2,3,1447,234,361,912,3707,6434,9341,6253,893,1140,142,760,,152,,t3_psyward
standard,48,r4,red,adc,射手,yanfeng,standard,0,8,8,2,22824,11954,14422,563.2,10.03,15.72,20.83,4,0,1,2,4,1253,1137,406,1201,3413,6817,9306,6253,573,1710,142,285,,342,,t3_shieldbreaker|t3_rendspear
standard,48,r5,red,sup,坦克,bingshouweis,standard,0,6,1,4,11642,24962,16314,637,6.48,12.87,14.98,5,1,3,4,5,362,68,501,2713,5162,8968,12701,6253,300,2850,427,285,,342,2242,t3_calmveil|t3_thornmail
standard,49,b1,blue,top,戰士,tielian,standard,0,0,4,1,9516,28015,9269,408.5,9.18,17.98,,2,1,1,2,2,614,507,597,1039,3764,5987,7697,6253,893,,,475,,76,,t3_shieldbreaker|t3_finalstring
standard,49,b2,blue,jungle,刺客,jueying,standard,0,1,5,0,5988,10137,9239,407.2,8.69,17.68,,2,1,1,2,2,624,493,650,1159,3824,5773,8250,6253,152,570,,,1199,76,,t3_finalstring
standard,49,b3,blue,mid,法師,shikong,standard,0,2,4,0,8538,14007,10824,477,8.98,18.74,21.52,3,1,1,2,3,560,162,314,173,4410,6662,9394,6253,940,1140,,950,34,76,,t3_psyward
standard,49,b4,blue,adc,射手,siwang,standard,0,10,7,0,23177,10522,14086,620.7,8.39,17.19,20.43,3,1,1,2,3,794,763,1507,2485,4144,6443,10357,6253,1178,2850,,,,76,,t3_shieldbreaker|t3_rendspear
standard,49,b5,blue,sup,輔助,mingyun,standard,0,0,1,2,6372,17696,12487,550.3,7.51,11.73,16.23,4,1,2,3,4,94,391,355,1036,4694,6871,9395,6253,408,,285,475,51,76,1845,t3_calmveil
standard,49,r1,red,top,戰士,tielian,standard,1,8,1,1,20705,25129,15517,683.8,9.63,15.23,17.96,4,1,1,3,4,633,2170,2534,2067,3783,7650,12434,6253,1092,2850,285,1472,,481,,t3_shieldbreaker|t3_finalstring
standard,49,r2,red,jungle,刺客,jueying,standard,1,1,2,0,5821,10510,10376,457.3,9.05,15.97,21.48,3,1,1,2,3,848,752,1225,726,4048,6332,9255,6253,190,570,,522,1238,481,,t3_finalstring
standard,49,r3,red,mid,法師,shikong,standard,1,7,5,0,13503,14842,13181,580.9,10.57,16.11,21.2,3,0,1,2,3,1498,959,660,1270,3758,7159,10060,6253,962,2280,,285,51,228,,t3_psyward
standard,49,r4,red,adc,射手,siwang,standard,1,5,3,3,16430,9536,12493,550.6,10.18,17.19,22.06,3,0,1,2,3,1414,427,875,1593,3574,5807,9125,6253,649,1140,570,285,,228,,t3_shieldbreaker|t3_rendspear
standard,49,r5,red,sup,輔助,mingyun,standard,1,0,2,1,4097,12554,11433,503.8,7.36,13.76,16.23,4,1,2,3,4,449,1068,1195,1033,4449,7318,9775,6253,259,,,760,,481,2021,t3_calmveil
standard,50,b1,blue,top,戰士,longyi,standard,0,1,5,0,6891,22377,9634,448.4,9.53,17.51,,2,1,1,2,2,481,438,280,1354,3631,5968,8210,6253,665,570,,570,,152,,t3_shieldbreaker|t3_finalstring
standard,50,b2,blue,jungle,刺客,anye,standard,0,0,4,1,5736,9906,8740,406.8,9.35,18.98,,2,1,1,2,2,594,246,616,609,3794,5876,8266,6253,418,,285,95,1062,152,,t3_finalstring
standard,50,b3,blue,mid,法師,lieyan,standard,0,2,4,0,12229,13317,9881,459.9,10.46,17.29,,2,0,1,2,2,1485,499,437,1001,3745,6709,8837,6253,817,570,,1045,,152,,t3_psyward
standard,50,b4,blue,adc,射手,maestro,standard,0,4,7,1,15045,12796,10780,501.8,9.2,16.69,20.83,3,1,1,2,3,515,717,416,880,3865,5917,9166,6253,766,1140,285,570,,152,,t3_shieldbreaker|t3_rendspear
standard,50,b5,blue,sup,坦克,suishan,standard,0,2,2,1,4868,19003,10642,495.3,6.76,13.67,17.22,3,1,2,3,3,771,204,783,1061,4671,7584,9883,6253,297,1140,,95,,152,1944,t3_calmveil|t3_thornmail
standard,50,r1,red,top,戰士,longyi,standard,1,13,0,1,14883,20325,18266,850.3,7.4,13.28,15.23,5,1,2,5,5,1159,1169,1777,2916,4309,9819,17127,6253,943,6840,285,2375,,430,,t3_shieldbreaker|t3_finalstring
standard,50,r2,red,jungle,刺客,anye,standard,1,1,1,4,7746,10240,10812,503.3,8.07,15.01,19.78,3,1,1,3,3,967,1098,140,331,4167,6728,10140,6253,449,570,783,,1653,430,,t3_finalstring
standard,50,r3,red,mid,法師,lieyan,standard,1,1,2,7,20227,12134,10374,482.9,10.42,17.13,,2,0,1,2,2,1628,113,405,973,3888,6613,9805,6253,848,570,1353,475,,304,,t3_psyward
standard,50,r4,red,adc,射手,maestro,standard,1,5,5,3,15297,8673,11580,539,11.39,17.18,20.83,3,0,1,2,3,1528,706,971,1100,3688,5606,9871,6253,772,1710,356,475,,304,,t3_shieldbreaker|t3_rendspear
standard,50,r5,red,sup,坦克,suishan,standard,1,2,1,2,6605,16773,12273,571.3,6.4,11.38,15.8,4,1,2,4,4,619,1239,104,673,5719,8479,11704,6253,253,1140,356,950,,430,2321,t3_calmveil|t3_thornmail
standard,51,b1,blue,top,戰士,chichuan,standard,0,1,4,0,10486,31682,10705,426.9,8.35,18.08,24.3,3,1,1,2,3,614,199,398,504,3764,5379,7798,6253,760,,,633,,152,,t3_shieldbreaker|t3_finalstring
standard,51,b2,blue,jungle,刺客,hundun,standard,0,0,5,0,7385,11879,9792,390.5,10.18,18.96,,2,0,1,2,2,1700,203,437,541,3910,5753,7737,6253,351,,,158,821,152,,t3_psyward
standard,51,b3,blue,mid,法師,shikong,standard,0,1,6,0,14427,15735,9859,393.2,10.94,18.27,,2,0,1,2,2,1602,356,513,979,3862,6256,8163,6253,1029,570,,158,,152,,t3_psyward
standard,51,b4,blue,adc,射手,huanying,standard,0,6,6,0,22069,13038,12878,513.6,10.17,17.57,21.65,4,0,1,2,4,1471,206,324,277,3631,6006,8774,6253,703,1140,,475,51,152,,t3_shieldbreaker|t3_rendspear
standard,51,b5,blue,sup,坦克,tieshixin,standard,0,1,7,0,6763,25715,11941,476.2,6.65,13.44,17.36,4,1,2,3,4,1127,602,889,660,4627,7002,9769,6253,272,570,,,,152,2521,t3_calmveil|t3_thornmail
standard,51,r1,red,top,戰士,chichuan,standard,1,12,0,2,23366,24912,18441,735.4,9.24,14.23,18.75,5,1,2,4,5,636,343,77,3140,3786,7143,12577,6253,861,3990,427,665,,380,,t3_shieldbreaker|t3_finalstring
standard,51,r2,red,jungle,刺客,hundun,standard,1,1,1,4,11546,14432,12335,491.9,9.36,17.34,21.65,3,1,1,2,3,465,1023,373,504,4265,6873,9373,6253,155,,712,190,1682,380,,t3_psyward
standard,51,r3,red,mid,法師,shikong,standard,1,6,3,2,20277,17047,15100,602.2,10.3,14.97,20.43,4,0,2,2,4,2169,166,729,699,4429,7716,10129,6253,1216,570,570,1140,,380,,t3_psyward
standard,51,r4,red,adc,射手,huanying,standard,1,8,3,1,27285,10455,14615,582.9,8.13,16.48,21.53,4,1,1,2,4,968,1007,675,1395,4318,6687,9575,6253,1041,1710,,190,,380,,t3_shieldbreaker|t3_rendspear
standard,51,r5,red,sup,坦克,tieshixin,standard,1,1,2,2,6642,22136,13384,533.8,7.84,12.65,16.63,4,1,2,3,4,176,1239,870,1283,4576,7939,10750,6253,297,570,,665,,380,2584,t3_calmveil|t3_thornmail
standard,52,b1,blue,top,戰士,xueyue,standard,0,3,3,0,8738,27830,10832,458.8,7.01,13.76,20.08,3,1,2,2,3,785,316,1079,331,4885,7716,9679,6253,855,1710,,380,,481,,t3_shieldbreaker|t3_finalstring
standard,52,b2,blue,jungle,刺客,razorwing,standard,0,0,7,0,5783,11370,9414,398.7,9.14,16.02,,2,1,1,2,2,783,751,531,1333,3983,6331,8261,6253,323,,,380,1077,228,,t3_finalstring
standard,52,b3,blue,mid,法師,lieyan,standard,0,9,7,0,16950,16041,14321,606.6,10.41,14.49,19.73,4,0,2,3,4,2695,179,339,971,4955,7729,10889,6253,924,2850,,380,,481,,t3_psyward
standard,52,b4,blue,adc,射手,guangsu,standard,0,6,10,0,17709,11842,13368,566.3,9.57,18.49,20.53,3,1,1,2,3,234,550,1656,1768,3584,5750,10506,6253,731,1710,,1330,,481,,t3_shieldbreaker|t3_rendspear
standard,52,b5,blue,sup,輔助,shiguang,standard,0,0,5,0,5397,17783,10183,431.3,7.13,11.64,17.54,3,1,2,3,3,336,290,570,1142,4636,7320,9030,6253,243,,,380,,228,1925,t3_calmveil
standard,52,r1,red,top,戰士,xueyue,standard,1,12,1,0,23119,26330,17646,747.5,8.37,13.53,17.46,5,1,2,3,5,557,449,2341,2346,3707,7849,13321,6253,1026,3990,,1900,,152,,t3_shieldbreaker|t3_finalstring
standard,52,r2,red,jungle,刺客,razorwing,standard,1,4,1,4,7721,11257,13284,562.7,8.67,15.58,18.43,4,1,1,3,4,283,1557,954,834,4133,7137,10604,6253,437,1710,712,,1339,152,,t3_finalstring
standard,52,r3,red,mid,法師,lieyan,standard,1,4,8,1,11285,14839,11718,496.4,11.05,19.73,22.62,3,0,1,2,3,1371,201,166,1168,3631,5531,8666,6253,931,570,285,475,,152,,t3_psyward
standard,52,r4,red,adc,射手,guangsu,standard,1,12,5,0,27158,12087,15813,669.8,7.18,13.82,19.49,4,1,2,3,4,337,61,970,1962,5417,8011,11450,6253,817,3990,,237,,152,,t3_shieldbreaker|t3_rendspear
standard,52,r5,red,sup,輔助,shiguang,standard,1,0,3,7,4744,17142,12749,540,6.33,11.55,14.4,4,1,3,3,4,939,234,1416,1298,4639,8214,10456,6253,437,,1567,237,,152,1809,t3_calmveil
standard,53,b1,blue,top,戰士,langwang,standard,1,2,1,0,8657,24845,10870,440.2,8.72,17.33,21.43,3,1,1,2,3,636,396,297,490,3786,5876,8897,6253,896,1140,,190,,418,,t3_shieldbreaker|t3_finalstring
standard,53,b2,blue,jungle,刺客,jingxiang,standard,1,1,4,2,6480,12512,11569,468.6,8.73,17.34,22.33,3,1,1,2,3,777,838,757,489,3977,6118,9087,6253,332,570,142,190,1181,418,,t3_finalstring
standard,53,b3,blue,mid,法師,auralith,standard,1,8,4,0,19016,15940,14724,596.3,10.29,18.09,21.28,3,0,1,2,3,1675,87,1819,2244,3935,5987,9369,6253,988,1710,,190,,228,,t3_psyward
standard,53,b4,blue,adc,射手,mori,standard,1,9,3,0,24858,10816,15503,627.9,9.57,15.68,19.43,4,1,1,3,4,490,1390,642,1703,3840,7070,10642,6253,1026,2280,,665,,418,,t3_shieldbreaker|t3_rendspear
standard,53,b5,blue,sup,輔助,fuwenbianzhi,standard,1,1,3,4,7316,17648,14099,571,5.78,11.93,15.68,5,1,2,4,5,917,557,419,899,4617,7287,11119,6253,215,570,997,190,,418,2474,t3_calmveil
standard,53,r1,red,top,戰士,langwang,standard,0,3,3,0,10702,28346,11421,462.6,8.28,16.19,21.58,3,1,1,2,3,605,624,734,621,3755,6104,9334,6253,820,1710,,475,,76,,t3_shieldbreaker|t3_finalstring
standard,53,r2,red,jungle,刺客,jingxiang,standard,0,4,5,3,9216,13993,13244,536.4,8.68,17.25,19.77,4,1,1,3,4,227,1691,169,493,4077,6621,10119,6253,465,1140,712,,1471,76,,t3_finalstring
standard,53,r3,red,mid,法師,auralith,standard,0,1,5,1,14466,15909,10253,415.2,10.98,18.88,,2,0,1,2,2,1409,818,660,852,3669,5968,8210,6253,1026,570,285,,,76,,t3_psyward
standard,53,r4,red,adc,射手,mori,standard,0,6,8,1,15903,11451,12846,520.3,9.23,19.23,22.42,3,1,1,2,3,329,317,919,1046,3679,5997,8239,6253,769,1140,,,,76,,t3_shieldbreaker|t3_rendspear
standard,53,r5,red,sup,輔助,fuwenbianzhi,standard,0,1,0,3,7021,16813,12453,504.3,6.19,12.02,17.24,4,1,2,3,4,563,300,1193,1003,4563,7030,10233,6253,414,570,142,475,,76,2301,t3_calmveil
standard,54,b1,blue,top,戰士,kuangfeng,standard,0,1,0,1,12541,25968,10319,441.9,7.67,16.69,22.05,3,1,1,2,3,174,394,105,368,4024,5924,8755,6253,1000,570,285,475,,171,,t3_shieldbreaker|t3_finalstring
standard,54,b2,blue,jungle,刺客,sting,standard,0,1,3,0,8500,11267,10184,436.1,9.61,17.29,23.23,3,1,1,2,3,631,215,988,183,3831,5845,8588,6253,351,570,,,1242,171,,t3_finalstring
standard,54,b3,blue,mid,法師,xingjie,standard,0,2,4,1,13886,15352,10357,443.5,10.22,17.68,,2,0,1,2,2,1599,120,266,1056,3859,5550,8666,6253,912,570,285,475,,171,,t3_psyward
standard,54,b4,blue,adc,射手,leiting,standard,0,5,5,0,17429,10011,11330,485.2,9.65,19.09,21.76,3,1,1,2,3,193,352,854,1029,3543,6032,8474,6253,741,1140,,237,26,76,,t3_shieldbreaker|t3_rendspear
standard,54,b5,blue,sup,坦克,ironclad,standard,0,1,1,0,7013,22482,12051,516.1,5.81,12.38,17.71,4,1,2,3,4,264,297,1569,450,5064,7537,10949,6253,186,570,,1187,51,171,2529,t3_calmveil|t3_thornmail
standard,54,r1,red,top,戰士,kuangfeng,standard,1,1,0,0,11134,23526,11183,478.9,9.02,16.82,20.03,3,1,1,2,3,557,850,998,333,3707,6380,9648,6253,734,570,,1710,,380,,t3_shieldbreaker|t3_finalstring
standard,54,r2,red,jungle,刺客,sting,standard,1,2,2,1,8457,11619,11535,494,8.72,14.99,21.13,3,1,2,2,3,879,78,1075,1055,4079,7258,9455,6253,183,570,285,285,1497,380,,t3_finalstring
standard,54,r3,red,mid,法師,xingjie,standard,1,3,2,0,16596,14134,11189,479.2,10.21,18.14,,2,0,1,2,2,1637,509,184,1789,3897,6709,8514,6253,1026,570,,285,,380,,t3_psyward
standard,54,r4,red,adc,射手,leiting,standard,1,7,5,0,25428,10998,13444,575.8,9.6,17.67,19.81,4,1,1,3,4,357,557,98,224,3707,6237,10398,6253,1200,2280,,285,,380,,t3_shieldbreaker|t3_rendspear
standard,54,r5,red,sup,坦克,ironclad,standard,1,0,1,1,9525,21387,11732,502.4,6.89,12.3,18.55,3,1,2,3,3,1008,468,454,1752,4608,7708,10434,6253,275,,285,760,,380,2480,t3_calmveil|t3_thornmail
standard,55,b1,blue,top,戰士,greymantle,standard,0,0,3,0,8064,19043,8240,412.2,9.06,17.35,,2,1,1,,2,627,307,,839,3777,5487,,,,,,,,,,t3_shieldbreaker|t3_finalstring
standard,55,b2,blue,jungle,刺客,yingsi,standard,0,0,1,0,6105,10257,8257,413,8.31,16.55,,2,1,1,,2,819,251,,177,4019,5831,,,,,,,,,,t3_finalstring
standard,55,b3,blue,mid,法師,auralith,standard,0,2,4,0,8414,11834,8715,435.9,9.63,17.43,,2,1,1,,2,155,275,,384,4005,6475,,,,,,,,,,t3_psyward
standard,55,b4,blue,adc,射手,liangzi,standard,0,2,4,0,6114,8072,8648,432.6,9.63,18.64,,2,1,1,,2,227,163,,98,3577,5363,,,,,,,,,,t3_shieldbreaker|t3_rendspear
standard,55,b5,blue,sup,輔助,huanjing,standard,0,0,2,0,4505,15358,9230,461.7,5.72,12.92,16.77,3,1,2,,3,406,298,,189,4706,7028,,,,,,,,,,t3_calmveil
standard,55,r1,red,top,戰士,greymantle,standard,1,3,0,0,11032,18962,9785,489.5,9.17,13.86,,2,1,2,,2,453,73,,1185,3603,7773,,,,,,,,,,t3_shieldbreaker|t3_finalstring
standard,55,r2,red,jungle,刺客,yingsi,standard,1,3,0,1,8865,9786,11256,563,8.25,15.45,19.9,3,1,1,,3,409,2657,,175,4259,8237,,,,,,,,,,t3_finalstring
standard,55,r3,red,mid,法師,auralith,standard,1,4,2,1,6347,11527,11685,584.5,10.5,16.47,19.52,3,0,1,,3,1599,258,,85,3859,6158,,,,,,,,,,t3_psyward
standard,55,r4,red,adc,射手,liangzi,standard,1,3,2,1,10781,7273,9842,492.3,10.07,16.98,,2,0,1,,2,1576,155,,942,3736,5835,,,,,,,,,,t3_shieldbreaker|t3_rendspear
standard,55,r5,red,sup,輔助,huanjing,standard,1,1,0,0,1893,9778,10735,537,6.5,11.47,15.02,3,1,2,,3,283,1828,,2155,5133,8078,,,,,,,,,,t3_calmveil
standard,56,b1,blue,top,戰士,ravager,standard,1,2,3,0,12880,28284,11268,440,9.23,16.98,23.91,3,1,1,2,3,462,104,592,467,3612,5284,8172,6253,703,570,,475,,171,,t3_shieldbreaker|t3_finalstring
standard,56,b2,blue,jungle,刺客,youming,standard,1,0,6,1,4512,11869,10470,408.8,8.52,17.38,24.04,3,1,1,2,3,617,491,462,1019,3817,5771,8062,6253,361,,285,,991,171,,t3_finalstring
standard,56,b3,blue,mid,法師,xingjie,standard,1,4,9,0,13326,17902,12243,478.1,10.25,19.13,24.83,3,0,1,2,3,1713,486,508,362,3973,5816,8058,6253,1159,,,475,,171,,t3_psyward
standard,56,b4,blue,adc,射手,shengyan,standard,1,11,7,1,32996,11862,15881,620.2,7.38,17.18,21.3,4,1,1,2,4,477,868,1470,2281,4477,6548,8790,6253,1035,1140,285,,,76,,t3_shieldbreaker|t3_rendspear
standard,56,b5,blue,sup,輔助,zhanchang,standard,1,1,3,2,7755,18834,13863,541.3,7.99,12.74,15.34,5,1,2,3,5,368,584,1101,662,4668,7614,10141,6253,465,570,285,475,,171,1920,t3_calmveil
standard,56,r1,red,top,戰士,ravager,standard,0,10,2,0,18866,30048,15794,616.8,9.63,15.38,18.96,5,1,1,3,5,137,1446,397,493,4237,6926,10897,6253,731,2850,,665,17,380,,t3_shieldbreaker|t3_finalstring
standard,56,r2,red,jungle,刺客,youming,standard,0,1,2,2,6370,10953,11702,457,8.5,17.38,21.09,3,1,1,2,3,985,1478,1050,622,4185,7058,9380,6253,361,570,142,190,1483,380,,t3_finalstring
standard,56,r3,red,mid,法師,xingjie,standard,0,8,4,0,17817,16664,15672,612,10.79,15.3,20.76,4,0,1,2,4,1523,409,1043,1272,3783,6909,10443,6253,959,1710,,1140,,380,,t3_psyward
standard,56,r4,red,adc,射手,shengyan,standard,0,9,8,1,24606,12911,14665,572.7,10.98,18,21.3,4,0,1,2,4,1167,236,1305,865,3327,5436,9255,6253,437,1710,285,190,,380,,t3_shieldbreaker|t3_rendspear
standard,56,r5,red,sup,輔助,zhanchang,standard,0,0,2,6,6620,16823,12925,504.7,6.38,12.27,18.98,4,1,2,3,4,449,474,597,1474,4449,7204,9177,6253,171,,142,190,,380,2040,t3_calmveil
standard,57,b1,blue,top,戰士,leimingcf,standard,0,0,4,0,8252,23800,8614,379.6,9.86,18.68,,2,1,1,2,2,443,667,248,533,3593,5417,7678,6253,950,,,475,,0,,t3_shieldbreaker|t3_finalstring
standard,57,b2,blue,jungle,刺客,yueying,standard,0,0,5,0,4686,10585,9663,425.8,8.63,17.14,,2,1,1,2,2,888,829,279,1533,4088,6159,7929,6253,478,,,,1198,0,,t3_finalstring
standard,57,b3,blue,mid,法師,auralith,standard,0,3,6,0,11041,15027,10523,463.8,10.39,19.18,,2,0,1,2,2,1523,268,528,1823,3783,5598,7878,6253,1149,,,475,,0,,t3_psyward
standard,57,b4,blue,adc,射手,xingchen,standard,0,2,8,0,11174,11453,9421,415.2,9.72,20.51,,2,1,1,1,2,215,113,1622,841,3565,5313,7422,6253,693,,,475,,0,,t3_shieldbreaker|t3_rendspear
standard,57,b5,blue,sup,坦克,thornwall,standard,0,0,2,0,6658,23144,10040,442.4,7.49,13.38,17.73,3,1,2,3,3,632,349,162,459,4532,7429,9142,6253,376,,,475,,0,2037,t3_calmveil|t3_thornmail
standard,57,r1,red,top,戰士,leimingcf,standard,1,4,0,0,10466,19278,11686,515,9.19,16.06,19.97,3,1,1,3,3,519,1065,116,655,3669,6595,10066,6253,1095,1710,,475,,532,,t3_shieldbreaker|t3_finalstring
standard,57,r2,red,jungle,刺客,yueying,standard,1,3,0,0,7709,12249,11990,528.4,8.7,13.61,18.2,3,1,2,3,3,1136,695,188,859,4336,7875,10838,6253,240,1710,,475,1626,532,,t3_finalstring
standard,57,r3,red,mid,法師,auralith,standard,1,3,2,1,12870,12747,11537,508.4,10.06,18.11,,2,0,1,2,2,1590,204,460,2136,3850,6104,9860,6253,937,1140,285,712,,532,,t3_psyward
standard,57,r4,red,adc,射手,xingchen,standard,1,14,2,1,27059,10258,18535,816.8,7.9,12.66,16.89,5,1,2,4,5,357,596,2457,2935,4657,9496,16307,6253,1209,6840,285,1187,,532,,t3_shieldbreaker|t3_rendspear
standard,57,r5,red,sup,坦克,thornwall,standard,1,1,1,3,6311,16285,12707,560,6.37,12.29,16.93,3,1,2,3,3,1777,575,804,2727,4677,7815,10784,6253,316,,570,475,,532,2636,t3_calmveil|t3_thornmail
standard,58,b1,blue,top,坦克,tiankong,standard,0,1,3,0,9188,28924,10455,437.9,6.73,14.98,21.88,3,1,2,2,3,365,75,423,864,4315,6025,8153,6253,855,570,,475,,0,,t3_calmveil|t3_thornmail
standard,58,b2,blue,jungle,戰士,tielian,standard,0,0,4,1,11975,18584,9415,394.4,9.1,17.51,,2,1,1,2,2,957,445,237,1185,4057,5925,7817,6253,658,,142,,762,0,,t3_finalstring|t3_shieldbreaker
standard,58,b3,blue,mid,法師,xingjie,standard,0,1,4,0,16211,16127,9945,416.5,12.13,17.98,,2,0,1,2,2,1507,485,83,664,3767,6085,8213,6253,915,570,,475,,0,,t3_psyward
standard,58,b4,blue,adc,射手,dujian,standard,0,3,7,1,18177,14233,10205,427.4,8.59,17.56,23.61,3,1,1,2,3,207,687,532,125,4207,6067,7752,6253,760,570,142,,26,0,,t3_shieldbreaker|t3_rendspear
standard,58,b5,blue,sup,坦克,tiebi,standard,0,0,3,0,4643,20692,12345,517.1,6.53,13.1,17.92,4,1,2,3,4,641,340,501,985,4541,6840,9601,6253,193,,,475,,0,2680,t3_calmveil|t3_thornmail
standard,58,r1,red,top,坦克,tiankong,standard,1,9,0,1,17407,24459,16365,685.4,7.95,13.73,16.08,5,1,2,3,5,581,1054,3596,2714,4231,8344,13626,6253,1067,4560,285,760,17,684,,t3_calmveil|t3_thornmail
standard,58,r2,red,jungle,戰士,tielian,standard,1,4,1,5,8420,12793,14026,587.5,9.82,14.76,18.88,4,1,2,3,4,259,428,901,1626,4059,7528,11451,6253,186,1710,997,285,1334,684,,t3_finalstring|t3_shieldbreaker
standard,58,r3,red,mid,法師,xingjie,standard,1,3,1,1,21408,13744,12687,531.4,9.69,15.8,21.5,3,1,1,2,3,231,1059,1408,607,4081,6959,10208,6253,1276,1140,95,760,,684,,t3_psyward
standard,58,r4,red,adc,射手,dujian,standard,1,5,3,7,30336,11311,13860,580.5,10.09,16.68,21.53,4,0,1,2,4,1759,938,1893,640,3919,6138,9273,6253,815,,1235,285,,684,,t3_shieldbreaker|t3_rendspear
standard,58,r5,red,sup,坦克,tiebi,standard,1,0,0,5,10811,20806,12795,535.9,6.39,12.02,16.68,4,1,2,3,4,1242,999,678,595,4842,7659,10658,6253,264,,807,285,,684,2364,t3_calmveil|t3_thornmail
standard,59,b1,blue,top,坦克,tiebi,standard,0,0,2,0,4752,23430,8959,412.9,9.28,15.21,19.69,3,1,1,3,3,719,488,247,329,3669,5788,8397,6253,775,,,1140,,228,,t3_calmveil|t3_thornmail
standard,59,b2,blue,jungle,戰士,cinderfist,standard,0,1,4,0,7077,15186,9270,427.2,8.57,15.98,,2,1,1,2,2,616,663,547,1089,3716,6093,8727,6253,253,570,,190,1232,228,,t3_shieldbreaker|t3_finalstring
standard,59,b3,blue,mid,法師,gambler,standard,0,1,3,0,9356,13818,9472,436.5,10.28,18.26,,2,0,1,2,2,1580,201,1022,392,3840,6101,8872,6253,1155,570,,665,,228,,t3_psyward
standard,59,b4,blue,adc,射手,tianfa,standard,0,1,5,0,9119,8965,8231,379.3,10.39,19.73,,2,0,1,2,2,1262,132,688,280,3422,5512,7688,6253,446,570,,190,,228,,t3_shieldbreaker|t3_rendspear
standard,59,b5,blue,sup,輔助,fengshen,standard,0,1,3,1,6809,18932,10560,486.6,5.83,11.18,15.11,3,1,2,3,3,169,945,711,1330,5019,7975,9941,6253,218,570,285,665,,228,1721,t3_calmveil
standard,59,r1,red,top,坦克,tiebi,standard,1,4,1,2,9472,20136,12219,563.1,9.03,12.61,18.13,3,1,2,3,3,928,442,691,2288,3878,7372,10621,6253,912,1710,285,1140,17,304,,t3_calmveil|t3_thornmail
standard,59,r2,red,jungle,戰士,cinderfist,standard,1,3,0,3,8664,11488,12385,570.7,9.89,15.56,18.68,3,1,1,3,3,160,1715,549,1034,4210,6845,10399,6253,443,1140,142,348,1768,304,,t3_shieldbreaker|t3_finalstring
standard,59,r3,red,mid,法師,gambler,standard,1,4,0,0,13137,11233,11189,515.6,10.2,16.75,,2,0,1,2,2,1599,266,1516,1789,3859,6466,10266,6253,1029,2280,,348,51,304,,t3_psyward
standard,59,r4,red,adc,射手,tianfa,standard,1,5,2,2,25524,9934,12211,562.7,9.18,17.7,19.22,3,1,1,3,3,395,763,1288,831,3745,6443,11288,6253,1026,2850,427,427,,304,,t3_shieldbreaker|t3_rendspear
standard,59,r5,red,sup,輔助,fengshen,standard,1,1,1,3,6570,13390,12467,574.5,6.26,12.83,17.02,4,1,2,3,4,601,125,1497,1686,4601,7155,10727,6253,237,,570,1535,,304,1826,t3_calmveil
standard,60,b1,blue,top,坦克,shengdun,standard,1,1,4,0,8995,25999,10257,440.7,7.39,15.67,19.7,3,1,1,3,3,399,397,234,626,4049,5797,8964,6253,715,570,,1425,,0,,t3_calmveil|t3_thornmail
standard,60,b2,blue,jungle,戰士,dushe,standard,1,0,3,0,8117,19112,8861,380.7,7.81,18.83,,2,1,1,2,2,140,282,289,981,3940,5762,7569,6253,528,,,,786,0,,t3_finalstring|t3_shieldbreaker
standard,60,b3,blue,mid,法師,ronghuo,standard,1,1,6,1,13466,15598,10086,433.3,10.67,18.39,,2,0,1,2,2,1308,343,155,805,3568,5943,8565,6253,791,570,,950,,0,,t3_psyward
standard,60,b4,blue,adc,射手,dawnstrike,standard,1,3,8,0,11347,13005,10451,449,10.46,18.46,,2,0,1,2,2,1398,196,247,1700,3558,5396,7467,6253,687,,,475,51,0,,t3_shieldbreaker|t3_rendspear
standard,60,b5,blue,sup,坦克,stoneguard,standard,1,0,3,0,6708,22604,10379,445.9,6.98,12.99,17.72,3,1,2,3,3,644,556,425,799,4544,7356,9105,6253,354,,,475,,0,2022,t3_calmveil|t3_thornmail
standard,60,r1,red,top,坦克,shengdun,standard,0,3,0,3,15172,18369,12366,531.3,8.22,14.08,18.33,3,1,2,3,3,244,401,864,2335,3894,6351,10294,6253,991,1140,712,665,,532,,t3_calmveil|t3_thornmail
standard,60,r2,red,jungle,戰士,dushe,standard,0,6,1,2,13422,14400,13685,588,8.92,14.88,22.95,4,1,2,2,4,648,166,2424,384,4448,6966,11024,6253,228,2280,285,190,1256,532,,t3_finalstring|t3_shieldbreaker
standard,60,r3,red,mid,法師,ronghuo,standard,0,10,1,1,26383,14124,17182,738.2,10.68,13.22,17.82,5,0,2,4,5,1599,970,136,1032,3859,9420,13486,6253,1000,4560,,1140,,532,,t3_psyward
standard,60,r4,red,adc,射手,dawnstrike,standard,0,4,2,1,19901,10118,12078,518.9,11.35,17.94,21.05,3,0,1,2,3,1588,740,244,927,3748,5940,8524,6253,788,,285,665,,532,,t3_shieldbreaker|t3_rendspear
standard,60,r5,red,sup,坦克,stoneguard,standard,0,1,1,6,7007,18793,12318,529.2,7.28,11.33,16.94,4,1,2,3,4,409,441,679,717,5209,7681,10179,6253,487,570,427,190,,532,1719,t3_calmveil|t3_thornmail
standard,61,b1,blue,top,坦克,shiqiang,standard,1,1,1,0,8996,27947,10998,454.5,9.03,16.13,20.21,3,1,1,2,3,643,549,581,1988,3593,5949,8311,6253,684,570,,475,,329,,t3_calmveil|t3_thornmail
standard,61,b2,blue,jungle,戰士,jufeng,standard,1,1,8,0,5163,14893,9734,402.2,9.27,18.4,,2,1,1,2,2,560,411,285,1333,3660,5641,8085,6253,142,570,,,1043,76,,t3_finalstring|t3_shieldbreaker
standard,61,b3,blue,mid,法師,gambler,standard,1,2,4,0,16476,17253,11567,478,10.36,17.26,22.29,3,0,1,2,3,1466,610,565,636,3726,6210,8965,6253,1021,1140,,475,,76,,t3_psyward
standard,61,b4,blue,adc,射手,yanfeng,standard,1,0,4,1,16213,13720,9364,387,10.73,17.98,,2,0,1,2,2,1357,343,351,1264,3517,5493,7551,6253,589,,142,237,,329,,t3_shieldbreaker|t3_rendspear
standard,61,b5,blue,sup,坦克,bingshouweis,standard,1,0,2,1,5849,21691,11600,479.3,7.08,13.88,19.18,4,1,2,3,4,268,305,1503,399,4468,7105,10183,6253,185,,142,1187,,329,2085,t3_calmveil|t3_thornmail
standard,61,r1,red,top,坦克,shiqiang,standard,0,3,0,0,11417,22162,12851,531,7.47,14,18.16,4,1,2,3,4,1384,80,1435,600,4334,7070,10085,6253,1640,1140,,728,,323,,t3_calmveil|t3_thornmail
standard,61,r2,red,jungle,戰士,jufeng,standard,0,4,0,1,13257,14418,13228,546.6,8.75,14.78,18.35,4,1,2,3,4,223,156,314,528,4623,7256,11344,6253,285,2280,285,253,1664,323,,t3_finalstring|t3_shieldbreaker
standard,61,r3,red,mid,法師,gambler,standard,0,2,3,1,15601,13883,11078,457.8,10.73,19.52,24.2,3,0,1,2,3,1618,207,286,47,3878,5807,7836,6253,975,,285,95,,228,,t3_psyward
standard,61,r4,red,adc,射手,yanfeng,standard,0,8,0,3,29918,11695,14827,612.7,10.2,16.42,20.15,4,0,1,2,4,2127,710,1305,976,4287,6510,9885,6253,823,1710,285,490,,323,,t3_shieldbreaker|t3_rendspear
standard,61,r5,red,sup,坦克,bingshouweis,standard,0,2,1,3,7211,20622,15149,626,6.72,12.87,18.14,4,1,2,3,4,373,173,702,2949,4573,7413,10682,6253,266,570,285,332,,323,2652,t3_calmveil|t3_thornmail
standard,62,b1,blue,top,坦克,tiemu,standard,0,1,1,0,7982,29687,10402,448.9,9.24,14.61,19.86,3,1,2,3,3,271,232,162,652,3821,6082,9312,6253,1197,570,,1140,,152,,t3_calmveil|t3_thornmail
standard,62,b2,blue,jungle,戰士,langwang,standard,0,0,3,0,6319,18317,9247,399,9.32,16.83,,2,1,1,2,2,631,830,192,696,3731,6260,8142,6253,218,,,427,1090,152,,t3_shieldbreaker|t3_finalstring
standard,62,b3,blue,mid,法師,ronghuo,standard,0,1,4,0,13255,15551,9348,403.3,10.43,19.57,,2,0,1,2,2,1466,230,214,297,3726,6130,7764,6253,931,,,427,,152,,t3_psyward
standard,62,b4,blue,adc,射手,siwang,standard,0,3,4,0,18102,9946,10041,433.3,10.28,17.83,22.42,3,0,1,2,3,1433,497,267,341,3593,6177,7887,6253,722,570,,190,,152,,t3_shieldbreaker|t3_rendspear
standard,62,b5,blue,sup,輔助,mingyun,standard,0,0,3,0,3935,17295,9906,427.4,6.12,11.88,18.2,3,1,2,3,3,178,389,432,865,4478,7119,8892,6253,161,,,190,,152,2135,t3_calmveil
standard,62,r1,red,top,坦克,tiemu,standard,1,4,0,0,10127,23203,13302,574,7.94,12.99,17.39,4,1,2,3,4,991,277,1812,1151,4541,6907,11262,6253,1076,2280,,1203,68,380,,t3_calmveil|t3_thornmail
standard,62,r2,red,jungle,戰士,langwang,standard,1,3,0,1,12424,16745,12666,546.5,7.88,15.33,19.53,3,1,1,3,3,201,1598,157,1736,4251,7028,10607,6253,456,1140,285,570,1523,380,,t3_shieldbreaker|t3_finalstring
standard,62,r3,red,mid,法師,ronghuo,standard,1,3,2,1,17948,13218,11381,491.1,9.64,17.82,22.42,3,1,1,2,3,123,235,722,530,3973,5835,8752,6253,1295,570,,253,,380,,t3_psyward
standard,62,r4,red,adc,射手,siwang,standard,1,3,3,1,23728,9059,11780,508.3,10.28,17.45,21.17,3,0,1,2,3,1528,355,821,399,3688,6035,8771,6253,886,,285,965,,380,,t3_shieldbreaker|t3_rendspear
standard,62,r5,red,sup,輔助,mingyun,standard,1,2,0,1,5122,15376,12525,540.5,5.73,11.48,15.85,4,1,2,3,4,293,501,1450,1145,5143,7531,10200,6253,275,570,,807,,380,1914,t3_calmveil
standard,63,b1,blue,top,坦克,dadi,standard,0,1,1,0,7733,22660,9419,421.3,8.82,14.62,21.04,3,1,2,2,3,833,194,1303,269,3783,6044,8533,6253,836,570,,475,,399,,t3_calmveil|t3_thornmail
standard,63,b2,blue,jungle,戰士,jingci,standard,0,2,0,0,8413,15667,10778,482.1,8.99,16.14,20.95,3,1,1,2,3,490,1126,708,328,4540,6556,9258,6253,516,570,,475,1044,399,,t3_shieldbreaker|t3_finalstring
standard,63,b3,blue,mid,法師,gambler,standard,0,4,5,0,13125,14217,10724,479.6,10.83,18.18,,2,0,1,2,2,1441,132,886,1324,3701,5582,8736,6253,943,1140,,,,399,,t3_psyward
standard,63,b4,blue,adc,射手,phantom,standard,0,5,6,2,20490,9458,11627,520,9.54,18.31,21.06,3,1,1,2,3,223,662,1327,246,4223,6342,10227,6253,725,2280,427,237,,304,,t3_shieldbreaker|t3_rendspear
standard,63,b5,blue,sup,輔助,tianshi,standard,0,0,2,3,7218,17274,10646,476.2,6.67,13.31,16.15,3,1,2,3,3,235,446,1138,1416,4535,7176,9798,6253,171,,712,237,,399,2024,t3_calmveil
standard,63,r1,red,top,坦克,dadi,standard,1,3,0,0,10685,25610,11357,508,8.75,15.15,19.21,3,1,1,3,3,719,763,86,1427,3669,6063,9236,6253,1121,570,,1140,,152,,t3_calmveil|t3_thornmail
standard,63,r2,red,jungle,戰士,jingci,standard,1,3,1,0,6553,12685,11125,497.6,8.82,17.02,20.38,3,1,1,2,3,173,1871,1563,374,4523,7001,10113,6253,285,1710,,190,1523,152,,t3_shieldbreaker|t3_finalstring
standard,63,r3,red,mid,法師,gambler,standard,1,1,3,0,13486,12478,9049,404.7,11.59,20.27,,2,0,1,1,2,1352,169,1036,68,3612,5769,7536,6253,940,,,190,,152,,t3_psyward
standard,63,r4,red,adc,射手,phantom,standard,1,7,6,1,25199,10770,13124,587,8.18,15.28,20.13,3,1,1,2,3,756,1457,1828,1324,4106,7137,10728,6253,522,2850,285,665,,152,,t3_shieldbreaker|t3_rendspear
standard,63,r5,red,sup,輔助,tianshi,standard,1,0,2,2,6145,15470,11147,498.6,7.36,13.25,16.94,3,1,2,3,3,168,581,376,1917,4468,7611,9606,6253,285,,285,665,,152,1965,t3_calmveil
standard,64,b1,blue,top,坦克,tixue,standard,1,1,0,0,11019,21427,9477,447.5,7.74,13.32,20.61,3,1,2,2,3,369,467,1393,826,4019,6717,8683,6253,1128,570,,427,,304,,t3_calmveil|t3_thornmail
standard,64,b2,blue,jungle,戰士,greymantle,standard,1,0,1,2,6427,13464,9118,430.6,9.26,17.24,,2,1,1,2,2,792,757,311,517,3892,6237,8311,6253,298,,427,190,837,304,,t3_finalstring|t3_shieldbreaker
standard,64,b3,blue,mid,法師,ronghuo,standard,1,2,1,0,13735,12461,10434,492.7,10.53,16.96,,2,0,1,2,2,1592,278,152,1033,3852,6778,9552,6253,1189,1140,,665,,304,,t3_psyward
standard,64,b4,blue,adc,射手,huanying,standard,1,3,4,0,12674,11726,9923,468.6,8.39,16.96,,2,1,1,2,2,887,565,418,1343,4237,6365,8218,6253,663,570,,427,,304,,t3_shieldbreaker|t3_rendspear
standard,64,b5,blue,sup,坦克,tieshixin,standard,1,0,2,1,5827,17011,11386,537.7,7.04,12.92,17.94,3,1,2,3,3,689,241,638,1406,4589,7481,10618,6253,177,,142,1140,51,304,2549,t3_calmveil|t3_thornmail
standard,64,r1,red,top,坦克,tixue,standard,0,1,0,0,7488,15897,9490,448.2,7.97,17.22,,2,1,1,2,2,922,87,1255,2200,3872,5487,8545,6253,855,,,1140,68,228,,t3_calmveil|t3_thornmail
standard,64,r2,red,jungle,戰士,greymantle,standard,0,3,2,1,9645,14970,10671,504,9.02,15.81,19.83,3,1,1,3,3,969,497,75,591,4069,5977,10155,6253,215,1710,95,190,1463,228,,t3_finalstring|t3_shieldbreaker
standard,64,r3,red,mid,法師,ronghuo,standard,0,1,2,1,11089,12568,8890,419.8,10.45,18.84,,2,0,1,2,2,1599,83,294,189,3859,5683,7944,6253,1178,,95,190,,228,,t3_psyward
standard,64,r4,red,adc,射手,huanying,standard,0,2,2,3,18302,10792,9643,455.4,9.93,17.82,,2,1,1,2,2,262,441,313,1543,3612,5341,8413,6253,696,570,237,427,,228,,t3_shieldbreaker|t3_rendspear
standard,64,r5,red,sup,坦克,tieshixin,standard,0,1,0,2,6613,14846,11283,532.8,8.01,12.91,16.83,4,1,2,3,4,370,688,1291,82,4570,6888,10831,6253,322,570,427,902,,228,2127,t3_calmveil|t3_thornmail
standard,65,b1,blue,top,坦克,suishan,standard,0,1,1,1,10292,26815,10258,416.7,7.25,14.98,19.79,3,1,2,3,3,187,128,287,678,4087,6028,8487,6253,677,570,142,570,26,247,,t3_calmveil|t3_thornmail
standard,65,b2,blue,jungle,戰士,hunpo,standard,0,2,6,0,6200,11880,10888,442.3,10.63,19.64,,2,0,1,2,2,1480,798,207,1908,3690,6298,8437,6253,484,570,,95,787,247,,t3_psyward
standard,65,b3,blue,mid,法師,haixiao,standard,0,4,6,1,16689,16559,11540,468.8,10.95,17.93,22.08,3,0,1,2,3,1314,618,164,89,3574,5398,8514,6253,779,1140,,95,,247,,t3_psyward
standard,65,b4,blue,adc,射手,guangsu,standard,0,4,4,2,16775,13753,11834,480.8,9.93,18.77,22.73,3,1,1,2,3,129,194,1244,684,3479,5094,8144,6253,551,570,285,332,,152,,t3_shieldbreaker|t3_rendspear
standard,65,b5,blue,sup,輔助,huanjing,standard,0,1,5,2,7417,18245,11773,478.2,6.49,12.07,17.46,4,1,2,3,4,449,317,851,322,4449,7047,9311,6253,205,,142,332,26,247,2103,t3_calmveil
standard,65,r1,red,top,坦克,suishan,standard,1,7,0,0,16169,23983,14580,592.3,6.95,14.48,17.34,4,1,2,3,4,77,246,1220,2379,4277,7526,10300,6253,684,2850,,285,,228,,t3_calmveil|t3_thornmail
standard,65,r2,red,jungle,戰士,hunpo,standard,1,6,2,1,14713,12086,14296,580.7,9.21,16.23,20.28,4,1,1,2,4,351,771,1322,565,4801,7171,10622,6253,285,1710,285,285,1575,228,,t3_psyward
standard,65,r3,red,mid,法師,haixiao,standard,1,5,3,0,19354,15671,12724,516.9,8.78,16.75,22.07,3,1,1,2,3,617,934,589,294,4467,7384,9939,6253,1225,1710,,522,,228,,t3_psyward
standard,65,r4,red,adc,射手,guangsu,standard,1,4,5,1,16801,10475,11473,466.1,10.43,19.14,23.39,3,0,1,2,3,1443,556,293,273,3603,5636,7593,6253,541,,285,285,,228,,t3_shieldbreaker|t3_rendspear
standard,65,r5,red,sup,輔助,huanjing,standard,1,0,2,5,8141,16015,13202,536.3,7.35,11.43,17.36,4,1,2,3,4,270,401,946,1752,4820,7431,9986,6253,266,,855,522,,228,1861,t3_calmveil
standard,66,b1,blue,top,坦克,thornwall,standard,1,0,3,0,9361,25999,9098,383.4,8.32,15.49,22.16,3,1,1,2,3,271,668,367,348,3821,5968,7697,6253,969,,,475,,0,,t3_calmveil|t3_thornmail
standard,66,b2,blue,jungle,戰士,leimingcf,standard,1,0,5,1,5694,17934,9545,402.2,9.7,17.43,,2,1,1,2,2,693,207,551,1564,3793,5757,7881,6253,380,,,,1248,0,,t3_shieldbreaker|t3_finalstring
standard,66,b3,blue,mid,法師,leiming,standard,1,1,6,1,12901,15337,10352,436.2,11.18,19.3,,2,0,1,2,2,1504,501,309,1052,3764,5531,7659,6253,931,,,475,,0,,t3_psyward
standard,66,b4,blue,adc,射手,mori,standard,1,4,10,0,13228,11712,10618,447.4,9.5,19.79,,2,1,1,2,2,376,160,94,2038,3726,5360,6994,6253,741,,,,,0,,t3_shieldbreaker|t3_rendspear
standard,66,b5,blue,sup,輔助,fuwenbianzhi,standard,1,0,3,0,6292,18260,11740,494.7,6.34,11.75,17.55,4,1,2,3,4,582,364,1955,290,4582,7394,10415,6253,285,,,1900,,0,1976,t3_calmveil
standard,66,r1,red,top,坦克,thornwall,standard,0,6,0,0,12575,20877,14392,606.4,8.45,12.5,17.98,5,1,2,4,5,22,988,966,842,4422,7918,12516,6253,1045,3420,,1235,30,532,,t3_calmveil|t3_thornmail
standard,66,r2,red,jungle,戰士,leimingcf,standard,0,4,0,3,14018,13801,13564,571.5,9.98,16.14,20.57,3,1,1,2,3,136,1887,1717,2214,4186,7317,10267,6253,228,570,712,285,1686,532,,t3_shieldbreaker|t3_finalstring
standard,66,r3,red,mid,法師,leiming,standard,0,6,2,4,21585,13253,13696,577.1,9.57,16.71,21.64,3,1,1,2,3,218,618,1519,2366,4068,7118,10319,6253,1111,1710,427,285,,532,,t3_psyward
standard,66,r4,red,adc,射手,mori,standard,0,10,2,2,23604,10651,15330,645.9,9.27,16.53,18.48,4,1,1,3,4,433,972,487,1480,3783,6652,11687,6253,769,3420,427,285,,532,,t3_shieldbreaker|t3_rendspear
standard,66,r5,red,sup,輔助,fuwenbianzhi,standard,0,1,1,4,5840,13057,12474,525.6,5.75,12.93,14.84,4,1,3,3,4,544,313,1215,1093,4544,8013,10445,6253,342,570,142,760,,532,1845,t3_calmveil
standard,67,b1,blue,top,坦克,ironclad,standard,0,3,4,1,23446,34674,12778,466.6,9.57,14.77,19.39,4,1,2,3,4,833,132,471,527,3783,6842,10021,6253,690,1710,95,1045,,228,,t3_calmveil|t3_thornmail
standard,67,b2,blue,jungle,戰士,fengbao,standard,0,1,6,0,12560,20060,11855,432.9,8.29,15.65,22.87,3,1,1,2,3,447,1235,1335,825,4247,6715,8735,6253,261,570,,95,1232,323,,t3_finalstring|t3_shieldbreaker
standard,67,b3,blue,mid,法師,haixiao,standard,0,4,7,1,19549,19501,12920,471.8,10.43,18.93,25.48,3,0,1,2,3,1599,575,224,840,3859,6025,8074,6253,1070,,95,332,,323,,t3_psyward
standard,67,b4,blue,adc,射手,leiting,standard,0,9,7,2,33720,18265,15434,563.6,9.32,17.86,22.53,4,1,1,2,4,628,767,228,1583,3978,5967,7908,6253,948,,237,95,51,323,,t3_shieldbreaker|t3_rendspear
standard,67,b5,blue,sup,坦克,thornwall,standard,0,0,3,2,6636,29524,13071,477.3,6.58,11.47,17.27,4,1,2,3,4,534,594,316,870,4734,7534,10296,6253,373,,142,1282,51,323,1869,t3_calmveil|t3_thornmail
standard,67,r1,red,top,坦克,ironclad,standard,1,4,0,1,22751,30865,14583,532.5,8.85,13.33,18.89,5,1,2,3,5,192,255,518,932,4442,6665,9648,6253,810,1710,,570,,304,,t3_calmveil|t3_thornmail
standard,67,r2,red,jungle,戰士,fengbao,standard,1,6,1,1,18431,19786,15721,574.1,8.84,14.91,19.2,5,1,2,3,5,530,42,416,421,4630,6842,10016,6253,145,1140,142,332,1698,304,,t3_finalstring|t3_shieldbreaker
standard,67,r3,red,mid,法師,haixiao,standard,1,4,5,0,23350,20404,13006,475,10.43,20.04,25.48,3,0,1,1,3,1669,267,1286,1405,3929,5867,7786,6253,1133,,,95,,304,,t3_psyward
standard,67,r4,red,adc,射手,leiting,standard,1,13,9,1,41044,15535,18329,669.3,10.58,17.73,21.43,5,0,1,2,5,1443,121,894,2728,3603,5921,9474,6253,636,1710,,570,,304,,t3_shieldbreaker|t3_rendspear
standard,67,r5,red,sup,坦克,thornwall,standard,1,0,2,7,9229,25740,15486,565.5,7.27,11.59,16.56,5,1,2,3,5,914,743,723,1885,5114,7983,10703,6253,313,,712,807,,304,2311,t3_calmveil|t3_thornmail
standard,68,b1,blue,top,坦克,bingshouweis,standard,1,0,0,0,10155,22834,9742,425.6,7.76,16.68,,2,1,1,2,2,114,530,711,2451,3764,5930,8001,6253,1178,,,190,,380,,t3_calmveil|t3_thornmail
standard,68,b2,blue,jungle,戰士,anliuyouXia,standard,1,4,1,0,12185,14676,11687,510.5,7.12,12.92,18.43,3,1,2,3,3,384,1289,239,1607,4484,8389,10319,6253,136,2280,,190,1079,380,,t3_finalstring|t3_shieldbreaker
standard,68,b3,blue,mid,法師,leiming,standard,1,3,1,0,15018,13198,11417,498.7,11.27,18.35,,2,0,1,2,2,1403,161,174,2966,3663,6361,8204,6253,905,,,665,,380,,t3_psyward
standard,68,b4,blue,adc,射手,liangzi,standard,1,2,3,4,17930,10128,11844,517.4,10.23,18.7,,2,0,1,2,2,1474,790,161,3264,3634,5990,8441,6253,763,570,285,190,,380,,t3_shieldbreaker|t3_rendspear
standard,68,b5,blue,sup,坦克,shengdun,standard,1,1,0,1,8530,21939,12333,538.7,6.57,11.77,15.98,4,1,2,3,4,276,1237,1087,1032,5076,8477,11067,6253,209,570,285,1140,,380,2229,t3_calmveil|t3_thornmail
standard,68,r1,red,top,坦克,bingshouweis,standard,0,1,1,0,10400,20213,9762,426.4,6.88,13.64,21.29,3,1,2,2,3,1812,49,840,751,4762,6579,8270,6253,1371,570,,,,76,,t3_calmveil|t3_thornmail
standard,68,r2,red,jungle,戰士,anliuyouXia,standard,0,1,3,0,12613,17919,9549,417.1,7.13,15.98,,2,1,1,2,2,663,981,63,1319,4463,6461,8293,6253,304,570,,,1089,76,,t3_finalstring|t3_shieldbreaker
standard,68,r3,red,mid,法師,leiming,standard,0,0,1,0,13999,13048,9270,404.9,10.38,19.93,,2,0,1,2,2,1656,151,245,819,3916,5601,7795,6253,991,,,475,,76,,t3_psyward
standard,68,r4,red,adc,射手,liangzi,standard,0,3,4,0,20042,12108,10714,468,10.29,17.98,,2,0,1,2,2,1386,30,104,1963,3546,5230,7624,6253,725,570,,,,76,,t3_shieldbreaker|t3_rendspear
standard,68,r5,red,sup,坦克,shengdun,standard,0,0,1,0,6191,18798,10319,450.8,7.22,12.82,19.33,3,1,2,3,3,382,119,586,738,4582,6919,9266,6253,256,,,,,76,2680,t3_calmveil|t3_thornmail
standard,69,b1,blue,top,坦克,tiankong,standard,1,3,10,0,26307,76788,20004,426.9,8.78,14.41,20.68,5,1,2,2,5,138,242,343,6454,3688,6092,7973,6253,1016,,,475,,228,,t3_calmveil|t3_thornmail
standard,69,b2,blue,jungle,刺客,yueying,standard,1,1,19,0,12171,32539,18625,397.5,8.86,17.67,25.28,5,1,1,2,5,502,824,330,3375,3702,5754,7760,6253,164,,,,1113,228,,t3_finalstring
standard,69,b3,blue,mid,法師,haixiao,standard,1,19,22,1,87730,39555,29176,622.6,11.06,19.13,26.13,5,0,1,2,5,1314,277,551,13025,3574,5607,8381,6253,950,,,950,,228,,t3_psyward
standard,69,b4,blue,adc,射手,shengyan,standard,1,34,24,0,192574,32250,36205,772.6,10.11,17.88,20.27,5,0,1,2,5,1952,692,1073,20605,4112,5892,9923,6253,687,2280,,475,,228,,t3_shieldbreaker|t3_rendspear
standard,69,b5,blue,sup,輔助,zhanchang,standard,1,0,11,9,26982,48619,22687,484.2,6.58,13.06,19.49,5,1,2,3,5,449,186,508,9486,4449,6916,9088,6253,221,,285,,,228,2099,t3_calmveil
standard,69,r1,red,top,坦克,tiankong,standard,0,11,6,1,31806,73625,24975,533,8.46,13.77,19.83,5,1,2,3,5,136,106,163,11424,3686,6436,10093,6253,874,1710,142,665,68,380,,t3_calmveil|t3_thornmail
standard,69,r2,red,jungle,刺客,yueying,standard,0,12,9,2,39223,37663,27323,583.1,8.82,15.04,17.93,5,1,1,3,5,307,2045,190,12073,4157,7625,11270,6253,468,2280,285,190,1413,380,,t3_finalstring
standard,69,r3,red,mid,法師,haixiao,standard,0,32,20,1,100773,43109,36715,783.5,10.44,16.56,20.27,5,0,1,2,5,1523,500,2415,20564,3783,6700,11215,6253,829,2850,,902,,380,,t3_psyward
standard,69,r4,red,adc,射手,shengyan,standard,0,29,18,4,165601,28875,35008,747.1,9.82,17.25,22.3,5,1,1,2,5,230,361,304,19408,3580,6041,8254,6253,481,,712,427,,380,,t3_shieldbreaker|t3_rendspear
standard,69,r5,red,sup,輔助,zhanchang,standard,0,2,4,8,29793,36784,23878,509.6,5.93,13.17,15.03,5,1,2,3,5,276,1095,1850,10677,4576,7825,10890,6253,234,570,570,665,,380,2217,t3_calmveil
standard,70,b1,blue,top,坦克,tiebi,standard,0,0,0,0,9022,29691,10046,403.2,8.68,14.61,21.79,3,1,2,2,3,266,189,635,496,3916,6139,7925,6253,1197,,,475,,0,,t3_calmveil|t3_thornmail
standard,70,b2,blue,jungle,刺客,yeiren,standard,0,2,7,1,5806,13830,10865,436.1,8.89,16.24,21.63,3,1,1,2,3,115,1159,1445,464,4015,6489,8925,6253,551,1140,142,,837,0,,t3_finalstring
standard,70,b3,blue,mid,法師,bingshuang,standard,0,2,4,2,19222,16319,11364,456.1,11.22,18.15,23.5,3,0,1,2,3,1384,347,951,114,3644,5677,9281,6253,791,1140,570,475,51,0,,t3_psyward
standard,70,b4,blue,adc,射手,xingchen,standard,0,6,6,2,24581,15084,13037,523.2,8.38,16.04,20.59,3,1,1,2,3,1092,647,898,2056,4442,6447,9648,6253,969,1710,427,237,51,0,,t3_shieldbreaker|t3_rendspear
standard,70,b5,blue,sup,坦克,thornwall,standard,0,1,2,1,5879,22798,12880,516.9,7.88,13.62,16.89,4,1,2,3,4,408,383,1197,699,4608,7163,11177,6253,291,570,285,1187,,0,2590,t3_calmveil|t3_thornmail
standard,70,r1,red,top,坦克,tiebi,standard,1,2,1,1,12081,24306,11490,461.1,8.8,15.86,21.39,4,1,1,2,4,890,625,673,140,3840,6025,7963,6253,836,,,285,,589,,t3_calmveil|t3_thornmail
standard,70,r2,red,jungle,刺客,yeiren,standard,1,1,3,0,12373,13107,12535,503.1,8.91,15.96,20.46,3,1,1,2,3,513,1732,1342,1654,4413,7062,9772,6253,513,,,760,1656,589,,t3_finalstring
standard,70,r3,red,mid,法師,bingshuang,standard,1,5,3,1,24897,14451,13745,551.6,10.19,17.24,22.08,3,0,1,2,3,1745,123,996,2894,4005,6323,9496,6253,1133,1140,285,285,,399,,t3_psyward
standard,70,r4,red,adc,射手,xingchen,standard,1,11,3,2,37675,13073,17542,704,10.13,15.43,19.24,5,0,1,3,5,2203,976,654,1941,4363,6776,11174,6253,959,2850,,522,,589,,t3_shieldbreaker|t3_rendspear
standard,70,r5,red,sup,坦克,thornwall,standard,1,0,1,2,5172,21128,12365,496.3,6.79,13.1,18.22,4,1,2,3,4,417,378,661,165,4617,7318,9741,6253,319,,285,522,,494,1866,t3_calmveil|t3_thornmail
standard,71,b1,blue,top,坦克,xukong,standard,0,1,0,1,10265,23286,9882,427.2,7.75,14.58,19.41,3,1,2,3,3,367,362,231,452,4017,6772,8881,6253,1108,570,285,285,,380,,t3_calmveil|t3_thornmail
standard,71,b2,blue,jungle,刺客,sting,standard,0,1,2,0,4099,9123,10107,436.9,9.13,15.48,22.28,3,1,1,2,3,47,1018,676,306,3947,6348,9106,6253,253,570,,285,1364,380,,t3_finalstring
standard,71,b3,blue,mid,法師,mingyun2,standard,0,0,3,0,13251,12320,8989,388.6,10.78,18.91,,2,0,1,2,2,1371,406,438,659,3631,6006,7988,6253,912,,,443,,380,,t3_psyward
standard,71,b4,blue,adc,射手,dujian,standard,0,4,4,0,19675,12767,11560,499.7,8.93,18.43,22.46,3,1,1,2,3,401,698,1050,1040,3751,5898,8850,6253,728,570,,918,,380,,t3_shieldbreaker|t3_rendspear
standard,71,b5,blue,sup,坦克,tiankong,standard,0,0,1,0,5868,22543,10254,443.2,7.28,13.18,18.24,3,1,2,3,3,101,331,53,273,4601,7271,9253,6253,266,,,443,,380,1910,t3_calmveil|t3_thornmail
standard,71,r1,red,top,坦克,xukong,standard,1,1,0,0,12077,21438,10873,470,7.93,14.23,19.13,3,1,2,3,3,817,249,479,1323,3767,6199,9429,6253,1029,570,,1425,,152,,t3_calmveil|t3_thornmail
standard,71,r2,red,jungle,刺客,sting,standard,1,2,0,0,3892,8867,11124,480.9,7.08,15.48,,2,1,1,2,2,686,1250,1036,2693,4586,6580,9466,6253,560,1140,,,1360,152,,t3_finalstring
standard,71,r3,red,mid,法師,mingyun2,standard,1,1,1,1,22013,14269,10163,439.3,10.33,19.43,,2,0,1,2,2,1502,153,561,1112,3762,5603,8111,6253,902,,285,475,43,152,,t3_psyward
standard,71,r4,red,adc,射手,dujian,standard,1,6,5,0,17959,12236,12165,525.9,9.86,16.98,21.41,3,1,1,2,3,158,184,985,1015,3508,5864,9265,6253,674,1710,,475,,152,,t3_shieldbreaker|t3_rendspear
standard,71,r5,red,sup,坦克,tiankong,standard,1,0,0,1,6017,18837,11378,491.8,7.01,12.36,17.76,3,1,2,3,3,654,510,415,1398,4554,7290,9915,6253,253,,285,475,51,152,2445,t3_calmveil|t3_thornmail
standard,72,b1,blue,top,坦克,shiqiang,standard,0,1,2,1,11310,28805,11506,447.9,7.88,15.25,20.98,3,1,1,2,3,328,605,2047,1576,3878,5905,9277,6253,896,570,285,855,,418,,t3_calmveil|t3_thornmail
standard,72,b2,blue,jungle,刺客,yingsi,standard,0,2,3,1,5994,12814,11922,464.1,8.76,15.73,21.18,3,1,1,2,3,448,944,657,842,3648,6524,8987,6253,231,570,142,380,991,418,,t3_finalstring
standard,72,b3,blue,mid,法師,bingshuang,standard,0,7,0,1,24547,15995,15183,591,11.53,17.94,21.7,4,0,1,2,4,1485,332,666,782,3745,6532,10066,6253,1114,1140,285,855,,418,,t3_psyward
standard,72,b4,blue,adc,射手,tianfa,standard,0,13,9,3,39334,15150,17665,687.6,9.83,13.6,19.13,5,1,2,3,5,319,358,1452,2065,3669,7678,12352,6253,646,3990,855,380,,228,,t3_shieldbreaker|t3_rendspear
standard,72,b5,blue,sup,輔助,fengshen,standard,0,2,2,3,6019,15321,13656,531.5,7.32,12.25,14.2,4,1,3,3,4,592,606,2437,2205,4592,8306,11477,6253,304,1140,712,380,,418,2269,t3_calmveil
standard,72,r1,red,top,坦克,shiqiang,standard,1,2,0,1,10548,26977,12412,483.1,8.24,14.05,17.74,4,1,2,3,4,241,413,601,661,4391,6263,9531,6253,1016,1140,,950,,171,,t3_calmveil|t3_thornmail
standard,72,r2,red,jungle,刺客,yingsi,standard,1,1,5,1,9155,14880,11626,452.5,8.79,16.08,22.68,3,1,1,2,3,177,852,609,546,4327,6432,8639,6253,304,,285,,1625,171,,t3_finalstring
standard,72,r3,red,mid,法師,bingshuang,standard,1,2,5,0,19325,15307,11205,436.2,11.09,17.08,25.37,3,0,1,2,3,1371,215,403,375,3631,5645,8533,6253,1064,570,,475,,171,,t3_psyward
standard,72,r4,red,adc,射手,tianfa,standard,1,11,11,1,29227,15218,16354,636.6,10.28,17.34,21.19,4,0,1,2,4,1300,498,1112,2504,3460,5398,9692,6253,893,1710,285,475,,76,,t3_shieldbreaker|t3_rendspear
standard,72,r5,red,sup,輔助,fengshen,standard,1,0,4,1,6235,21560,11934,464.5,6.73,11.96,16.02,4,1,2,3,4,225,313,897,1234,4525,7043,9357,6253,332,,285,,,171,2315,t3_calmveil
standard,73,b1,blue,top,坦克,longji,standard,1,0,1,1,5170,22664,9881,409.1,9.6,16.69,21.03,3,1,1,2,3,395,317,260,1430,3945,5617,7890,6253,934,,285,190,,228,,t3_calmveil|t3_thornmail
standard,73,b2,blue,jungle,刺客,shanying,standard,1,1,5,0,5342,11563,10272,425.3,8.86,17.53,23.49,3,1,1,2,3,650,280,183,821,3850,5860,7913,6253,421,,,190,820,228,,t3_finalstring
standard,73,b3,blue,mid,法師,mingyun2,standard,1,4,6,0,17303,15864,11772,487.4,11.37,16.5,20.8,3,0,1,2,3,1540,481,936,271,3800,5681,9116,6253,1016,1140,,427,51,228,,t3_psyward
standard,73,b4,blue,adc,射手,dawnstrike,standard,1,5,7,0,19752,13575,13345,552.6,10.77,17.3,21.33,4,0,1,2,4,1604,298,657,444,3764,5978,9407,6253,883,1140,,902,,228,,t3_shieldbreaker|t3_rendspear
standard,73,b5,blue,sup,輔助,shengguang,standard,1,0,2,1,8073,20529,11451,474.2,5.93,12.85,17.83,4,1,2,3,4,898,234,1163,571,4598,6964,9623,6253,468,,285,190,,228,2197,t3_calmveil
standard,73,r1,red,top,坦克,longji,standard,0,3,0,2,9009,26206,11500,476.2,8.55,15.28,20.38,4,1,1,2,4,193,818,1292,249,3743,6118,8522,6253,741,570,427,190,17,323,,t3_calmveil|t3_thornmail
standard,73,r2,red,jungle,刺客,shanying,standard,0,5,3,3,14079,13605,13453,557.1,8.77,15.08,19.09,4,1,1,3,4,196,1591,138,703,4826,7171,10388,6253,166,1710,285,190,1460,323,,t3_finalstring
standard,73,r3,red,mid,法師,mingyun2,standard,0,5,2,2,20399,13162,13155,544.7,9.2,15.77,20.9,3,1,1,2,3,684,1216,1109,674,4534,7716,10509,6253,893,1710,285,1140,,228,,t3_psyward
standard,73,r4,red,adc,射手,dawnstrike,standard,0,8,5,1,18508,11512,14475,599.4,8.29,16.22,19.33,4,1,1,3,4,239,1409,319,625,4239,7089,10319,6253,988,2280,285,190,,323,,t3_shieldbreaker|t3_rendspear
standard,73,r5,red,sup,輔助,shengguang,standard,0,0,0,5,5318,14517,11341,469.6,6.49,12.51,16.23,4,1,2,3,4,1320,774,511,461,4720,7504,9551,6253,327,,427,190,,323,2029,t3_calmveil
standard,74,b1,blue,top,坦克,dadi,standard,0,1,1,0,11385,33313,12682,435.6,8.79,13.53,19.55,4,1,2,3,4,890,223,268,431,3840,7213,9398,6253,893,570,,1377,,304,,t3_calmveil|t3_thornmail
standard,74,b2,blue,jungle,刺客,dianguang,standard,0,1,7,0,8895,14248,12929,444,9.02,17.62,23.29,4,1,1,2,4,854,959,1168,428,4054,6289,8348,6253,323,,,190,1277,304,,t3_finalstring
standard,74,b3,blue,mid,法師,bingshuang,standard,0,12,8,1,40059,20651,18752,644,10.42,16.78,23.09,5,0,1,2,5,1694,922,454,2602,3954,7422,9854,6253,1159,1710,,427,,304,,t3_psyward
standard,74,b4,blue,adc,射手,yanfeng,standard,0,18,7,1,48736,16330,22590,775.9,9.29,14.27,18.51,5,1,2,3,5,398,563,498,6990,3748,7463,12298,6253,1038,3990,285,427,,304,,t3_shieldbreaker|t3_rendspear
standard,74,b5,blue,sup,坦克,bingshouweis,standard,0,1,2,2,7262,32340,14808,508.6,6.43,11.61,17.27,5,1,2,3,5,782,826,474,1208,5282,8066,10454,6253,424,570,,427,,304,2474,t3_calmveil|t3_thornmail
standard,74,r1,red,top,坦克,dadi,standard,1,6,2,3,17335,35629,17039,585.2,9.24,12.48,16.31,5,1,2,3,5,643,229,1708,3389,3593,7659,11298,6253,760,3420,142,475,,247,,t3_calmveil|t3_thornmail
standard,74,r2,red,jungle,刺客,dianguang,standard,1,2,7,0,5392,16335,12840,441,8.63,17.83,24.43,3,1,1,2,3,125,518,322,1960,4025,5848,8102,6253,299,,,237,1160,152,,t3_finalstring
standard,74,r3,red,mid,法師,bingshuang,standard,1,6,8,3,29950,17580,15975,548.7,10.49,19.86,23.78,4,0,1,2,4,1495,55,76,1875,3755,5655,7726,6253,940,,285,,,247,,t3_psyward
standard,74,r4,red,adc,射手,yanfeng,standard,1,9,13,1,39202,17915,16925,581.3,9.44,15.95,20.93,5,1,1,2,5,500,193,495,1325,3850,5873,9075,6253,959,1140,,475,,247,,t3_shieldbreaker|t3_rendspear
standard,74,r5,red,sup,坦克,bingshouweis,standard,1,2,3,5,9770,33650,15941,547.5,7.29,13.51,17.83,5,1,2,3,5,630,139,1279,2340,4530,7219,10819,6253,270,,712,712,,247,2623,t3_calmveil|t3_thornmail
standard,75,b1,blue,top,坦克,tixue,standard,1,0,4,0,9512,27175,10089,386.4,9.54,16.18,21.88,3,1,1,2,3,562,198,281,559,3512,5498,7911,6253,1030,,,475,,152,,t3_calmveil|t3_thornmail
standard,75,b2,blue,jungle,刺客,leisuhunter,standard,1,1,5,1,8400,13514,11028,422.4,8.63,17.73,24.38,3,1,1,2,3,509,849,492,1277,3709,5779,8222,6253,313,570,,,933,152,,t3_finalstring
standard,75,b3,blue,mid,法師,mingyun2,standard,1,3,5,0,16345,16297,12239,468.8,10.83,19.24,25.06,3,0,1,2,3,1359,13,482,458,3619,5443,8312,6253,931,,,950,26,152,,t3_psyward
standard,75,b4,blue,adc,射手,siwang,standard,1,4,4,0,23365,13087,12868,492.9,9.53,17.02,22.59,4,1,1,2,4,272,151,377,267,3622,5351,7897,6253,541,,,950,,152,,t3_shieldbreaker|t3_rendspear
standard,75,b5,blue,sup,輔助,shiguang,standard,1,0,3,0,5591,18823,10841,415.2,6.48,13.52,18.59,4,1,2,3,4,268,454,503,440,4568,6934,8663,6253,375,,,,,152,1882,t3_calmveil
standard,75,r1,red,top,坦克,tixue,standard,0,1,1,3,10325,27538,13244,507.3,9.28,13.92,21.72,4,1,2,2,4,668,252,1138,1094,3618,6582,8368,6253,684,,427,665,34,304,,t3_calmveil|t3_thornmail
standard,75,r2,red,jungle,刺客,leisuhunter,standard,0,11,2,0,19774,15439,17224,659.7,7.52,13.37,19.84,5,1,2,3,5,235,647,53,1974,4865,7777,10483,6253,199,2280,,190,1256,304,,t3_finalstring
standard,75,r3,red,mid,法師,mingyun2,standard,0,4,3,2,16446,16284,12497,478.7,10.89,17.81,24.5,3,0,1,2,3,1510,471,484,597,3770,6671,8514,6253,826,570,285,190,85,304,,t3_psyward
standard,75,r4,red,adc,射手,siwang,standard,0,5,2,0,21796,10412,12811,490.7,9.88,19.78,23,3,1,1,2,3,110,350,431,1010,3460,5550,7431,6253,684,,,190,,304,,t3_shieldbreaker|t3_rendspear
standard,75,r5,red,sup,輔助,shiguang,standard,0,0,0,2,4570,15530,11948,457.6,5.91,12.5,17.81,4,1,2,3,4,1135,598,955,1068,4535,7328,9115,6253,190,,142,190,,304,2034,t3_calmveil
standard,76,b1,blue,top,坦克,stoneguard,standard,1,4,0,0,11978,26833,12494,500.4,8.87,11.73,17.08,4,1,2,3,4,598,358,541,344,4448,7108,10471,6253,1159,2280,,380,,399,,t3_calmveil|t3_thornmail
standard,76,b2,blue,jungle,刺客,voidrift,standard,1,2,3,2,7206,14513,12218,489.4,8.94,14.33,21.3,3,1,2,2,3,124,287,1175,1137,3974,6937,9505,6253,326,570,380,617,958,399,,t3_finalstring
standard,76,b3,blue,mid,法師,shikong,standard,1,5,3,3,24511,16060,14073,563.7,10.8,17.52,22.55,4,0,1,2,4,1469,219,466,422,3729,5819,8916,6253,934,570,380,380,,399,,t3_psyward
standard,76,b4,blue,adc,射手,phantom,standard,1,11,5,0,22781,10278,16111,645.3,9.49,16.56,19.87,4,1,1,3,4,294,1174,188,2260,3644,6374,10668,6253,829,2850,,380,51,304,,t3_shieldbreaker|t3_rendspear
standard,76,b5,blue,sup,輔助,tianshi,standard,1,1,3,4,5209,16161,12953,518.8,6.37,11.93,15.43,4,1,2,3,4,892,824,1303,1503,4592,7854,10343,6253,323,570,380,617,,399,1800,t3_calmveil
standard,76,r1,red,top,坦克,stoneguard,standard,0,1,0,1,10605,28927,10184,407.9,8.13,15.43,20.85,3,1,1,2,3,347,953,1170,853,3897,6253,8400,6253,950,570,,475,,152,,t3_calmveil|t3_thornmail
standard,76,r2,red,jungle,刺客,voidrift,standard,0,1,5,1,5426,10469,10884,435.9,9.64,17.35,22.14,3,1,1,2,3,287,836,669,533,4137,6416,8399,6253,323,,285,,1386,152,,t3_finalstring
standard,76,r3,red,mid,法師,shikong,standard,0,2,8,0,17270,16911,10613,425.1,10.47,18.65,23.68,3,0,1,2,3,1523,429,289,163,3783,5759,8419,6253,969,570,,475,,152,,t3_psyward
standard,76,r4,red,adc,射手,phantom,standard,0,10,6,0,26929,10832,14432,578.1,9.93,16.56,21.18,4,1,1,2,4,310,241,462,832,3660,5921,9312,6253,627,2280,,,,152,,t3_shieldbreaker|t3_rendspear
standard,76,r5,red,sup,輔助,tianshi,standard,0,0,4,2,7701,19125,11469,459.4,6.83,12,17.07,4,1,2,3,4,1135,199,761,588,4535,6929,9341,6253,285,,,475,,152,2176,t3_calmveil
standard,77,b1,blue,top,坦克,thornwall,standard,0,0,4,0,9216,26264,10170,399.9,8.78,16.47,20.37,3,1,1,2,3,263,299,635,579,3913,5699,7485,6253,1060,,,,,171,,t3_calmveil|t3_thornmail
standard,77,b2,blue,jungle,刺客,miwu,standard,0,0,8,0,7935,17119,9568,376.2,8.82,18.62,,2,1,1,2,2,539,218,808,1188,3739,5548,7508,6253,313,,,,770,171,,t3_finalstring
standard,77,b3,blue,mid,法師,lieyan,standard,0,0,8,1,13626,17615,9617,378.1,10.98,19.9,,2,0,1,2,2,1594,500,275,217,3854,5830,7825,6253,1211,,285,,,76,,t3_psyward
standard,77,b4,blue,adc,射手,huanying,standard,0,7,4,0,27443,13383,14138,555.9,9.83,14.45,20.03,4,1,2,2,4,119,339,1885,287,4119,7539,10465,6253,810,2280,,950,,171,,t3_shieldbreaker|t3_rendspear
standard,77,b5,blue,sup,坦克,tieshixin,standard,0,1,3,0,7503,29226,10972,431.4,6.98,12.75,19.24,3,1,2,3,3,657,140,190,591,5157,7380,9090,6253,251,570,,,,171,1844,t3_calmveil|t3_thornmail
standard,77,r1,red,top,坦克,thornwall,standard,1,3,0,1,12483,23909,13758,541,8.85,15.6,19.92,4,1,1,3,4,776,473,204,1508,3726,5873,9154,6253,855,570,285,760,51,380,,t3_calmveil|t3_thornmail
standard,77,r2,red,jungle,刺客,miwu,standard,1,1,2,4,11104,12192,12302,483.7,9.48,15.59,20.36,3,1,1,2,3,212,1385,1273,1601,4112,6715,9703,6253,424,570,570,285,1220,380,,t3_finalstring
standard,77,r3,red,mid,法師,lieyan,standard,1,10,2,1,27090,15212,16934,665.8,10.83,17.3,20.16,4,0,1,2,4,1593,633,1955,3283,3853,7133,10705,6253,1127,1710,,1235,,380,,t3_psyward
standard,77,r4,red,adc,射手,huanying,standard,1,11,4,1,30601,14253,16091,632.7,7.82,16.3,20.24,5,1,1,2,5,201,453,1464,491,4201,6253,10044,6253,703,2280,142,285,,380,,t3_shieldbreaker|t3_rendspear
standard,77,r5,red,sup,坦克,tieshixin,standard,1,2,0,4,8899,24356,13817,543.3,6.82,13.08,16.83,4,1,2,3,4,363,560,981,1616,4563,7800,10961,6253,310,1140,142,285,,380,2449,t3_calmveil|t3_thornmail
standard,78,b1,blue,top,坦克,tieshixin,standard,0,1,0,0,11621,21019,8990,410,8.79,15.3,21.35,3,1,1,2,3,732,1356,895,339,3682,6456,8185,6253,848,570,,190,,323,,t3_calmveil|t3_thornmail
standard,78,b2,blue,jungle,刺客,jueying,standard,0,0,2,0,3547,8645,9790,446.5,9.03,16.54,21.79,3,1,1,2,3,752,1610,555,289,3952,6940,8985,6253,579,,,665,1163,323,,t3_finalstring
standard,78,b3,blue,mid,法師,shikong,standard,0,2,3,2,14454,13137,10706,488.3,9.98,16.67,21.77,3,1,1,2,3,427,475,484,156,4277,6975,9464,6253,988,1140,570,190,,323,,t3_psyward
standard,78,b4,blue,adc,射手,guangsu,standard,0,9,5,0,18668,14042,14174,646.5,9.83,16.74,19.3,4,1,1,3,4,519,197,547,953,3869,5997,11697,6253,1035,3420,,665,,323,,t3_shieldbreaker|t3_rendspear
standard,78,b5,blue,sup,坦克,xukong,standard,0,1,2,0,5031,18672,10255,467.7,7.07,11.68,18.42,3,1,2,3,3,611,762,70,274,5111,7702,9450,6253,424,570,,190,,228,1784,t3_calmveil|t3_thornmail
standard,78,r1,red,top,坦克,tieshixin,standard,1,1,0,1,10774,19859,10592,483.1,7.95,15.7,20.67,3,1,1,2,3,194,739,1452,562,4144,6139,8742,6253,1330,,285,570,,304,,t3_calmveil|t3_thornmail
standard,78,r2,red,jungle,刺客,jueying,standard,1,2,0,0,6159,8654,11100,506.3,6.23,13.43,19.33,3,1,2,3,3,2031,901,92,399,5231,7601,10192,6253,218,1140,,570,1706,304,,t3_finalstring
standard,78,r3,red,mid,法師,shikong,standard,1,3,6,1,11386,14749,10782,491.8,9.64,17.66,,2,1,1,2,2,123,57,501,1382,3973,5987,9901,6253,1254,1710,285,95,,304,,t3_psyward
standard,78,r4,red,adc,射手,guangsu,standard,1,6,6,1,16740,11065,12426,566.7,9.05,17.22,20.83,3,1,1,2,3,348,546,1293,1275,3698,5446,9873,6253,750,1710,285,570,,304,,t3_shieldbreaker|t3_rendspear
standard,78,r5,red,sup,坦克,xukong,standard,1,0,1,0,5669,19912,11058,504.3,6.68,12.59,16.91,3,1,2,3,3,187,287,235,1077,4687,7527,10215,6253,247,,,1045,,304,2365,t3_calmveil|t3_thornmail
standard,79,b1,blue,top,坦克,bingshouweis,standard,0,2,3,0,6768,25136,12008,511.3,7.13,14.32,19.43,4,1,2,3,4,260,289,379,677,4410,6139,10129,6253,855,570,,2375,,76,,t3_calmveil|t3_thornmail
standard,79,b2,blue,jungle,戰士,langwang,standard,0,0,2,0,9235,19983,8780,373.9,8.66,18.58,,2,1,1,2,2,630,151,462,600,3730,5581,7512,6253,418,,,,764,76,,t3_shieldbreaker|t3_finalstring
standard,79,b3,blue,mid,法師,lieyan,standard,0,3,3,2,16215,15651,11343,483,10.56,17.68,22.42,3,0,1,2,3,1409,266,194,92,3669,6766,8704,6253,950,1140,285,,,76,,t3_psyward
standard,79,b4,blue,adc,射手,mori,standard,0,7,10,0,17953,10873,12220,520.4,9.35,18.68,21.88,3,1,1,2,3,756,355,259,1270,4106,6035,8809,6253,769,1710,,,,76,,t3_shieldbreaker|t3_rendspear
standard,79,b5,blue,sup,輔助,fuwenbianzhi,standard,0,0,3,1,5155,16264,12007,511.3,6.22,11.21,16.27,4,1,2,3,4,301,560,1221,557,4601,7290,10261,6253,313,,285,950,,76,2383,t3_calmveil
standard,79,r1,red,top,坦克,bingshouweis,standard,1,2,0,0,9065,19462,11150,474.8,9.05,18.1,19.48,3,1,1,3,3,817,674,328,1219,3767,5724,8878,6253,839,570,,760,,456,,t3_calmveil|t3_thornmail
standard,79,r2,red,jungle,戰士,langwang,standard,1,5,2,1,14599,17689,13079,557,8.78,15.85,20.37,4,1,1,2,4,733,1308,1802,329,3833,6738,10352,6253,245,1710,285,285,1117,456,,t3_shieldbreaker|t3_finalstring
standard,79,r3,red,mid,法師,lieyan,standard,1,2,3,2,16275,14463,11118,473.4,10.52,19.18,23.22,3,0,1,2,3,1545,292,793,568,3805,5892,8343,6253,1063,,285,285,,456,,t3_psyward
standard,79,r4,red,adc,射手,mori,standard,1,12,6,0,22734,11883,16096,685.4,8.67,15.1,18.68,4,1,1,3,4,211,1571,391,2246,4211,7251,12191,6253,636,4560,,285,,456,,t3_shieldbreaker|t3_rendspear
standard,79,r5,red,sup,輔助,fuwenbianzhi,standard,1,0,1,2,7673,12647,13157,560.3,6.77,12.18,15.29,4,1,2,4,4,559,1166,377,1777,4559,7896,10877,6253,216,,285,1235,,456,2430,t3_calmveil
standard,80,b1,blue,top,坦克,tiankong,standard,1,1,1,0,8646,18843,9323,451.3,9.03,14.32,20.61,3,1,2,2,3,399,370,1595,193,4049,6320,8885,6253,1187,570,,475,,399,,t3_calmveil|t3_thornmail
standard,80,b2,blue,jungle,戰士,anliuyouXia,standard,1,0,1,1,7751,12063,8834,427.6,8.74,17.68,,2,1,1,2,2,693,1123,695,233,3793,6123,8395,6253,231,,95,475,941,399,,t3_finalstring|t3_shieldbreaker
standard,80,b3,blue,mid,法師,shikong,standard,1,1,2,1,12775,11310,9155,443.2,10.33,18.73,,2,0,1,2,2,1574,195,136,1125,3834,6095,8166,6253,943,,95,475,,399,,t3_psyward
standard,80,b4,blue,adc,射手,leiting,standard,1,3,3,1,15949,10974,10485,507.6,9.95,18.38,,2,1,1,2,2,313,386,1201,1905,3663,5886,9781,6253,1038,1710,,475,,304,,t3_shieldbreaker|t3_rendspear
standard,80,b5,blue,sup,坦克,thornwall,standard,1,0,4,2,7622,16167,11041,534.5,6.59,13.34,18.57,3,1,2,3,3,1068,432,660,1060,4668,7372,10640,6253,284,,380,1425,,399,1898,t3_calmveil|t3_thornmail
standard,80,r1,red,top,坦克,tiankong,standard,0,4,0,0,8422,17359,10321,499.6,7.24,12.48,18.18,3,1,2,3,3,1543,449,80,290,5493,7279,10110,6253,950,2280,,475,,152,,t3_calmveil|t3_thornmail
standard,80,r2,red,jungle,戰士,anliuyouXia,standard,0,2,1,2,10379,14463,10237,495.5,8.8,14.13,19.87,3,1,2,3,3,1468,443,92,337,4568,7243,9992,6253,380,1140,570,237,1259,152,,t3_finalstring|t3_shieldbreaker
standard,80,r3,red,mid,法師,shikong,standard,0,1,2,0,12407,11639,7927,383.7,10.62,20.51,,2,0,1,1,2,1333,125,1216,76,3593,5455,7716,6253,741,570,,,,152,,t3_psyward
standard,80,r4,red,adc,射手,leiting,standard,0,4,1,0,11197,10309,9979,483,8.89,18.09,,2,1,1,2,2,173,197,918,1398,4173,5997,9198,6253,845,1710,,237,,152,,t3_shieldbreaker|t3_rendspear
standard,80,r5,red,sup,坦克,thornwall,standard,0,0,1,2,6192,16214,10138,490.7,6.63,13.35,18.48,3,1,2,3,3,392,80,389,637,4592,7020,9889,6253,465,,570,475,,152,1973,t3_calmveil|t3_thornmail
standard,81,b1,blue,top,戰士,jingci,standard,0,1,2,0,15427,27502,10672,424.3,9.06,17.83,22.83,3,1,1,2,3,538,571,143,121,3688,6101,7773,6253,703,,,665,,152,,t3_shieldbreaker|t3_finalstring
standard,81,b2,blue,jungle,戰士,embercoil,standard,0,0,3,0,9443,16432,9771,388.5,8.4,17.64,25.04,3,1,1,2,3,701,656,221,170,3801,6136,7971,6253,212,,,190,1163,152,,t3_shieldbreaker|t3_finalstring
standard,81,b3,blue,mid,法師,lieyan,standard,0,3,4,0,21969,15147,11014,437.9,10.83,18.58,23.49,3,0,1,2,3,1466,368,412,183,3726,5968,8742,6253,1007,1140,,190,,152,,t3_psyward
standard,81,b4,blue,adc,射手,liangzi,standard,0,7,9,0,22584,11907,12895,512.7,9.52,18.15,22.47,3,1,1,2,3,196,712,412,1294,3546,6092,8362,6253,627,1140,,190,,152,,t3_shieldbreaker|t3_rendspear
standard,81,b5,blue,sup,坦克,tiebi,standard,0,1,4,0,9322,24294,12238,486.6,7.61,12.9,18.48,4,1,2,3,4,651,393,530,938,4551,7173,9910,6253,186,,,665,,152,2652,t3_calmveil|t3_thornmail
standard,81,r1,red,top,戰士,jingci,standard,1,4,0,2,19338,31692,12997,516.8,9.93,17.45,19.74,4,1,1,3,4,527,294,149,447,3677,5824,10099,6253,596,1710,285,950,,304,,t3_shieldbreaker|t3_finalstring
standard,81,r2,red,jungle,戰士,embercoil,standard,1,5,0,2,15211,18460,14430,573.8,9.18,16.1,21.79,4,1,1,2,4,940,736,1355,980,4040,6216,9955,6253,351,1140,570,,1336,304,,t3_shieldbreaker|t3_finalstring
standard,81,r3,red,mid,法師,lieyan,standard,1,8,7,1,14982,19099,15194,604.1,10.11,17.41,21.38,4,0,1,2,4,1628,344,959,963,3888,6244,9939,6253,1054,1710,142,475,,304,,t3_psyward
standard,81,r4,red,adc,射手,liangzi,standard,1,3,5,1,16675,10244,11878,472.3,9.96,19.32,23.49,3,1,1,2,3,405,518,395,1398,3755,5598,8315,6253,902,570,285,,,304,,t3_shieldbreaker|t3_rendspear
standard,81,r5,red,sup,坦克,tiebi,standard,1,2,0,2,12478,24004,13152,523,6.98,11.73,15.06,4,1,2,3,4,488,1448,1110,952,4688,8688,11090,6253,286,1140,427,475,,304,2203,t3_calmveil|t3_thornmail
standard,82,b1,blue,top,戰士,longyi,standard,0,1,1,0,9525,28090,9578,428.4,8.17,15.71,,2,1,1,2,2,135,691,149,978,3935,6171,8749,6253,905,570,,665,51,304,,t3_shieldbreaker|t3_finalstring
standard,82,b2,blue,jungle,戰士,hunpo,standard,0,1,1,0,4186,7414,9741,435.7,11.79,19.17,,2,0,1,2,2,1582,1426,341,441,3792,5876,8741,6253,601,570,,190,821,304,,t3_psyward
standard,82,b3,blue,mid,法師,auralith,standard,0,2,1,0,11193,13054,9666,432.3,10.98,18.02,,2,0,1,2,2,1548,82,186,436,3808,5632,8286,6253,969,570,,190,,304,,t3_psyward
standard,82,b4,blue,adc,射手,liangzicz,standard,0,8,6,1,18175,11054,13349,597.1,8.07,14.49,19.15,3,1,2,3,3,905,333,1456,1549,4255,7333,11456,6253,1003,3420,285,190,,304,,t3_shieldbreaker|t3_rendspear
standard,82,b5,blue,sup,輔助,zhanchang,standard,0,0,2,2,8454,19484,11445,511.9,6.37,13.01,15.94,4,1,2,3,4,323,382,1348,745,4623,7412,10388,6253,547,,285,1140,,304,1858,t3_calmveil
standard,82,r1,red,top,戰士,longyi,standard,1,3,0,0,15055,23161,10696,478.4,9.62,15.75,19.65,3,1,1,3,3,389,738,114,495,3539,6218,9714,6253,858,1710,,665,,228,,t3_shieldbreaker|t3_finalstring
standard,82,r2,red,jungle,戰士,hunpo,standard,1,1,2,1,6674,10541,10373,464,10.58,17.03,,2,0,1,2,2,1683,450,920,1073,3893,6550,9270,6253,342,570,285,190,1402,228,,t3_psyward
standard,82,r3,red,mid,法師,auralith,standard,1,2,4,0,13608,15443,10274,459.5,10.17,17.22,,2,0,1,2,2,2074,506,236,924,4334,6956,9236,6253,950,1140,,665,,228,,t3_psyward
standard,82,r4,red,adc,射手,liangzicz,standard,1,4,6,1,17849,10597,11619,519.7,10,16.5,21.58,3,1,1,2,3,276,1005,985,1138,3626,6685,9535,6253,964,1140,285,665,,228,,t3_shieldbreaker|t3_rendspear
standard,82,r5,red,sup,輔助,zhanchang,standard,1,1,0,2,5353,13938,11581,518,6.71,12.08,16.74,4,1,2,3,4,246,495,1313,701,4546,7225,10353,6253,305,570,285,665,,228,2046,t3_calmveil
standard,83,b1,blue,top,戰士,chichuan,standard,0,0,2,0,7656,22552,8248,386,9.11,17.67,,2,1,1,2,2,538,659,231,367,3688,6139,7811,6253,798,,,570,,190,,t3_shieldbreaker|t3_finalstring
standard,83,b2,blue,jungle,戰士,leimingcf,standard,0,0,0,0,6072,13734,9073,424.6,10.04,17.36,,2,0,1,2,2,1792,824,409,523,3792,6254,8059,6253,221,,,332,1061,190,,t3_shieldbreaker|t3_finalstring
standard,83,b3,blue,mid,法師,xingjie,standard,0,5,0,0,21087,14651,10930,511.5,10.48,16.62,20.2,3,0,1,2,3,1545,573,1093,380,3805,7073,10493,6253,1105,2850,,95,,190,,t3_psyward
standard,83,b4,blue,adc,射手,xingchen,standard,0,4,6,1,10019,9340,10045,470.1,9.4,17.58,20.78,3,1,1,2,3,330,291,150,344,3680,5371,9000,6253,657,1710,285,95,,0,,t3_shieldbreaker|t3_rendspear
standard,83,b5,blue,sup,輔助,hexweave,standard,0,0,5,1,4918,16291,10529,492.8,6.67,11.3,16.46,3,1,2,3,3,1127,422,445,1869,4527,7452,9105,6253,220,,285,332,,190,1824,t3_calmveil
standard,83,r1,red,top,戰士,chichuan,standard,1,4,1,1,13895,25069,12165,569.3,8.43,15.43,19.58,3,1,1,3,3,890,1315,342,1185,4040,6795,9942,6253,798,1710,142,570,,468,,t3_shieldbreaker|t3_finalstring
standard,83,r2,red,jungle,戰士,leimingcf,standard,1,4,0,1,13350,14223,11688,547,9.1,15.35,19.67,3,1,1,3,3,878,1477,324,757,4628,6907,10354,6253,468,1710,142,95,1216,468,,t3_shieldbreaker|t3_finalstring
standard,83,r3,red,mid,法師,xingjie,standard,1,2,2,0,14439,12898,10444,488.8,8.57,18.04,,2,1,1,2,2,592,514,417,1043,4442,6264,9817,6253,1037,1140,,1045,,342,,t3_psyward
standard,83,r4,red,adc,射手,xingchen,standard,1,3,5,2,10677,8284,10498,491.3,10.49,17.69,20.78,3,0,1,2,3,1566,287,401,497,3726,5967,9301,6253,758,1140,427,570,,152,,t3_shieldbreaker|t3_rendspear
standard,83,r5,red,sup,輔助,hexweave,standard,1,0,1,3,6514,12910,10444,488.8,6.07,11.21,19.36,3,1,2,3,3,741,405,588,1214,4741,7135,9818,6253,319,,427,570,,468,1778,t3_calmveil
standard,84,b1,blue,top,戰士,xueyue,standard,1,0,5,0,15500,33060,10266,389.6,8.63,17.74,25.14,3,1,1,2,3,709,106,343,316,3859,5636,7973,6253,1092,,,475,,152,,t3_shieldbreaker|t3_finalstring
standard,84,b2,blue,jungle,戰士,fengbao,standard,1,0,4,1,10862,23529,10245,388.8,9.01,17.94,25.19,3,1,1,2,3,716,553,421,344,3816,5733,7701,6253,456,,,,839,152,,t3_shieldbreaker|t3_finalstring
standard,84,b3,blue,mid,法師,auralith,standard,1,3,6,0,28287,18639,13556,514.5,10.17,17.8,22.01,4,0,1,2,4,1726,389,563,206,3986,6589,9363,6253,1342,1140,,475,,152,,t3_psyward
standard,84,b4,blue,adc,射手,dujian,standard,1,4,7,1,23862,12935,13039,494.8,9.02,17.81,23.93,3,1,1,2,3,432,226,484,1238,3782,5606,8104,6253,921,,285,475,17,152,,t3_shieldbreaker|t3_rendspear
standard,84,b5,blue,sup,坦克,tiankong,standard,1,1,5,0,8739,32236,12513,474.9,6.89,13.7,17.43,4,1,2,3,4,754,426,439,713,4654,7086,10239,6253,443,570,,475,17,152,2327,t3_calmveil|t3_thornmail
standard,84,r1,red,top,戰士,xueyue,standard,0,2,0,1,16025,33221,12522,475.2,9.57,16.92,22.6,3,1,1,2,3,625,813,895,1072,3775,6343,9545,6253,1041,570,285,997,17,380,,t3_shieldbreaker|t3_finalstring
standard,84,r2,red,jungle,戰士,fengbao,standard,0,2,1,2,15612,20751,12835,487.1,8.89,18.48,21.08,4,1,1,2,4,316,1106,904,334,4116,6586,9504,6253,430,570,95,285,1489,380,,t3_shieldbreaker|t3_finalstring
standard,84,r3,red,mid,法師,auralith,standard,0,9,3,1,28241,17025,16289,618.2,11.06,17.86,21.15,4,0,1,2,4,1612,666,428,2059,3872,6266,9828,6253,1247,1140,285,522,,380,,t3_psyward
standard,84,r4,red,adc,射手,dujian,standard,0,11,3,3,43718,10354,17730,672.9,9.71,19.39,21.64,4,1,1,2,4,139,146,1053,3879,3489,5826,9303,6253,674,1140,95,760,,380,,t3_shieldbreaker|t3_rendspear
standard,84,r5,red,sup,坦克,tiankong,standard,0,3,1,4,10808,26253,15254,578.9,6.9,13.3,16.13,5,1,2,3,5,635,848,1919,1653,4535,8088,11899,6253,367,1140,950,285,51,380,2472,t3_calmveil|t3_thornmail
standard,85,b1,blue,top,戰士,langwang,standard,1,0,2,1,10597,20720,9073,423.1,9.17,18.4,,2,1,1,2,2,747,327,399,773,3897,5807,8099,6253,1095,,,427,,323,,t3_shieldbreaker|t3_finalstring
standard,85,b2,blue,jungle,戰士,ronggang,standard,1,3,1,0,6236,12597,11200,522.4,9.06,15.13,19.33,3,1,1,3,3,174,1855,430,450,3924,6805,9980,6253,386,1140,,902,974,323,,t3_shieldbreaker|t3_finalstring
standard,85,b3,blue,mid,法師,xingjie,standard,1,3,1,2,11602,12894,10555,492.3,11.45,18.96,,2,0,1,2,2,1403,271,924,1155,3663,5601,9904,6253,905,1710,427,190,,418,,t3_psyward
standard,85,b4,blue,adc,射手,tianfa,standard,1,8,1,2,25313,9717,13890,647.8,9.66,15.13,18.56,3,1,1,3,3,538,782,299,2089,3888,6462,12099,6253,1010,3420,570,427,,418,,t3_shieldbreaker|t3_rendspear
standard,85,b5,blue,sup,輔助,mingyun,standard,1,2,1,1,4929,15086,12484,582.2,6.09,11.36,14.25,4,1,3,4,4,305,357,873,1523,5155,8357,11833,6253,250,1140,142,1377,,418,2251,t3_calmveil
standard,85,r1,red,top,戰士,langwang,standard,0,3,0,0,10521,24511,10720,500,8.88,14.91,18.76,3,1,2,3,3,681,140,660,220,3831,6940,10260,6253,934,1710,,1045,51,266,,t3_shieldbreaker|t3_finalstring
standard,85,r2,red,jungle,戰士,ronggang,standard,0,1,2,1,10112,15756,10044,468.4,8.93,16,20.97,3,1,1,2,3,79,1260,855,493,3829,6690,9405,6253,373,570,142,95,1704,266,,t3_shieldbreaker|t3_finalstring
standard,85,r3,red,mid,法師,xingjie,standard,0,0,5,2,8109,11827,8883,414.3,11.84,18.88,,2,0,1,2,2,1390,698,97,1033,3650,6028,7947,6253,905,,427,95,,266,,t3_psyward
standard,85,r4,red,adc,射手,tianfa,standard,0,1,7,0,9465,9752,8614,401.7,10.92,19.04,,2,0,1,2,2,1405,193,1153,363,3565,5873,8153,6253,731,570,,332,,266,,t3_shieldbreaker|t3_rendspear
standard,85,r5,red,sup,輔助,mingyun,standard,0,1,2,2,4909,14534,10875,507.2,6.81,10.98,16.81,4,1,2,3,4,438,686,1184,374,5038,7716,10414,6253,171,570,570,807,,76,1966,t3_calmveil
standard,86,b1,blue,top,戰士,kuangfeng,standard,1,0,2,1,16687,37697,10698,396.8,8.73,17.25,24.28,3,1,1,2,3,595,517,254,317,3745,5997,7954,6253,750,,285,285,,380,,t3_shieldbreaker|t3_finalstring
standard,86,b2,blue,jungle,戰士,rongyan,standard,1,1,2,0,8389,19161,12315,456.8,9.15,16.15,21.18,3,1,1,2,3,824,1957,1135,965,3924,6307,9085,6253,297,570,,522,1061,380,,t3_shieldbreaker|t3_finalstring
standard,86,b3,blue,mid,法師,auralith,standard,1,4,4,0,17420,17471,13937,517,10.82,17.83,22.61,3,0,1,2,3,1428,509,1199,1857,3688,6709,9949,6253,1083,1710,,522,,380,,t3_psyward
standard,86,b4,blue,adc,射手,dawnstrike,standard,1,10,7,0,32086,13894,16414,608.9,9.41,17.84,21.16,5,1,1,2,5,525,418,523,813,3875,6098,9423,6253,889,1140,,760,,380,,t3_shieldbreaker|t3_rendspear
standard,86,b5,blue,sup,輔助,shengguang,standard,1,0,4,1,13004,22469,11889,441,7.86,13.5,17.08,4,1,2,3,4,235,234,262,929,4535,7264,9012,6253,170,,,285,,380,1923,t3_calmveil
standard,86,r1,red,top,戰士,kuangfeng,standard,0,8,1,1,29697,36451,15907,590.1,8.68,16.74,20.62,4,1,1,2,4,281,425,807,2456,4081,5905,9407,6253,1285,1140,,475,,253,,t3_shieldbreaker|t3_finalstring
standard,86,r2,red,jungle,戰士,rongyan,standard,0,1,1,1,13410,20075,12593,467.1,8.11,17.35,22.07,3,1,1,2,3,843,1613,844,1662,3943,6143,8494,6253,126,,,,1860,253,,t3_shieldbreaker|t3_finalstring
standard,86,r3,red,mid,法師,auralith,standard,0,7,6,1,19638,17888,14336,531.8,10.22,19.53,22.33,4,0,1,2,4,1561,838,826,506,3821,6168,8676,6253,1092,570,285,475,,0,,t3_psyward
standard,86,r4,red,adc,射手,dawnstrike,standard,0,2,6,1,22096,10662,10729,398,9.91,21.27,26.7,3,1,1,1,3,151,273,1184,249,3501,5173,6864,6253,611,,,,,0,,t3_shieldbreaker|t3_rendspear
standard,86,r5,red,sup,輔助,shengguang,standard,0,1,1,1,6230,22469,12640,468.9,6.81,12.87,16.58,4,1,2,3,4,1154,359,636,1679,4554,6839,9866,6253,380,570,,475,,253,1934,t3_calmveil
standard,87,b1,blue,top,戰士,greymantle,standard,0,0,1,0,12955,23066,11424,493.8,9.28,16.84,,2,1,1,2,2,738,828,379,2774,3888,6358,8429,6253,940,,,665,,570,,t3_shieldbreaker|t3_finalstring
standard,87,b2,blue,jungle,戰士,tielian,standard,0,1,1,1,10690,16578,10093,436.3,8.86,17.67,21.92,3,1,1,2,3,708,573,455,192,3808,6053,8755,6253,433,570,,190,737,570,,t3_shieldbreaker|t3_finalstring
standard,87,b3,blue,mid,法師,xingjie,standard,0,3,2,0,15253,12826,11142,481.7,10.6,18.02,22.77,3,0,1,2,3,1517,398,402,292,3777,5848,8432,6253,943,,,665,,570,,t3_psyward
standard,87,b4,blue,adc,射手,yanfeng,standard,0,8,3,1,26675,9598,13726,593.4,8.32,15.53,19.52,4,1,1,3,4,166,1203,194,506,4166,6883,10674,6253,763,2850,,427,,380,,t3_shieldbreaker|t3_rendspear
standard,87,b5,blue,sup,坦克,bingshouweis,standard,0,0,0,1,5652,20653,10798,466.8,7.18,13.63,19.43,3,1,2,3,3,146,264,341,817,4596,7204,9721,6253,224,,285,427,17,570,1943,t3_calmveil|t3_thornmail
standard,87,r1,red,top,戰士,greymantle,standard,1,1,1,0,9636,26143,10043,434.1,8.25,17.82,22.78,3,1,1,2,3,781,662,164,393,3931,6192,8814,6253,1007,570,,950,34,0,,t3_shieldbreaker|t3_finalstring
standard,87,r2,red,jungle,戰士,tielian,standard,1,0,2,1,9913,17094,9407,406.7,8.86,17.6,,2,1,1,2,2,299,553,679,1177,4099,6033,7959,6253,278,,,,1427,0,,t3_shieldbreaker|t3_finalstring
standard,87,r3,red,mid,法師,xingjie,standard,1,2,3,0,20684,14357,10674,461.4,9.98,18.93,,2,1,1,2,2,85,1128,408,1273,3935,6158,8438,6253,1140,570,,475,,0,,t3_psyward
standard,87,r4,red,adc,射手,yanfeng,standard,1,4,6,1,15624,9120,11269,487.1,10.33,17.75,22.77,3,0,1,2,3,1458,309,140,949,3618,5689,7760,6253,747,,285,475,,0,,t3_shieldbreaker|t3_rendspear
standard,87,r5,red,sup,坦克,bingshouweis,standard,1,0,0,1,5896,23431,10850,469,6.78,13.29,19.39,3,1,2,3,3,382,540,317,470,4582,6900,9517,6253,246,,,950,,0,2066,t3_calmveil|t3_thornmail
standard,88,b1,blue,top,戰士,cinderfist,standard,1,1,1,0,13454,25312,10250,443.2,9.05,17.12,,2,1,1,2,2,668,759,237,1599,3818,5509,8587,6253,851,570,,570,,342,,t3_shieldbreaker|t3_finalstring
standard,88,b2,blue,jungle,戰士,greymantle,standard,1,3,0,0,9122,13046,10942,473.2,9.08,15.18,21.15,3,1,1,2,3,795,1436,1716,441,3895,6916,9716,6253,443,1710,,95,872,342,,t3_shieldbreaker|t3_finalstring
standard,88,b3,blue,mid,法師,gambler,standard,1,4,6,3,19030,15391,12205,527.8,10.81,17.34,21.44,3,0,1,2,3,1631,982,897,605,3891,6312,9877,6253,1032,1140,712,570,17,152,,t3_psyward
standard,88,b4,blue,adc,射手,xuanfeng,standard,1,4,3,2,20156,10010,12440,537.9,9.8,16.95,20.59,3,1,1,2,3,262,744,1136,639,3612,5824,10036,6253,810,1140,427,1045,17,342,,t3_shieldbreaker|t3_rendspear
standard,88,b5,blue,sup,坦克,xukong,standard,1,1,0,1,7018,20034,12133,524.6,6.63,12.15,17.69,4,1,2,3,4,503,716,927,832,4703,7376,10907,6253,471,570,285,570,51,342,2363,t3_calmveil|t3_thornmail
standard,88,r1,red,top,戰士,cinderfist,standard,0,2,0,1,12995,26439,10441,451.5,9.17,16.89,22.33,3,1,1,2,3,408,650,261,310,3558,6180,8911,6253,573,1140,,665,51,228,,t3_shieldbreaker|t3_finalstring
standard,88,r2,red,jungle,戰士,greymantle,standard,0,1,1,1,7458,14626,10463,452.4,8.9,17.12,,2,1,1,2,2,243,1974,583,1862,4043,6674,8583,6253,183,,142,190,1585,228,,t3_shieldbreaker|t3_finalstring
standard,88,r3,red,mid,法師,gambler,standard,0,1,5,0,17606,13661,9724,420.5,11,19,,2,0,1,2,2,1460,470,88,644,3720,6370,8118,6253,972,,,665,,228,,t3_psyward
standard,88,r4,red,adc,射手,xuanfeng,standard,0,6,7,0,20211,9638,12213,528.1,8.13,18.75,21.44,3,1,1,2,3,261,766,951,1263,4261,6446,9201,6253,820,1710,,190,,228,,t3_shieldbreaker|t3_rendspear
standard,88,r5,red,sup,坦克,xukong,standard,0,0,0,2,5960,21351,11150,482.2,7.16,12.97,18.48,3,1,2,3,3,44,722,86,769,4494,7382,9886,6253,186,,427,190,,228,2600,t3_calmveil|t3_thornmail
standard,89,b1,blue,top,戰士,leimingcf,standard,0,2,4,0,8718,25112,9975,450.7,8.61,16.36,21.6,3,1,1,2,3,196,887,987,374,4296,6367,9217,6253,836,1140,,760,,228,,t3_shieldbreaker|t3_finalstring
standard,89,b2,blue,jungle,刺客,binghe,standard,0,0,4,2,3743,10221,9347,422.3,8.87,15.91,,2,1,1,2,2,664,821,448,1266,3864,6401,8528,6253,259,,285,285,1217,228,,t3_finalstring
standard,89,b3,blue,mid,法師,ronghuo,standard,0,6,3,0,20936,15413,11865,536.1,10.99,14.94,19.22,3,0,2,3,3,1295,24,420,335,3555,7574,11070,6253,883,3420,,285,,228,,t3_psyward
standard,89,b4,blue,adc,射手,phantom,standard,0,2,7,2,8544,10086,9669,436.8,10.23,19.7,,2,0,1,2,2,1460,415,208,818,3620,5795,7828,6253,617,,427,285,17,228,,t3_shieldbreaker|t3_rendspear
standard,89,b5,blue,sup,輔助,tianshi,standard,0,0,2,3,3983,13812,11294,510.3,6.01,12.83,16.35,4,1,2,3,4,573,580,603,413,4573,7610,9643,6253,329,,712,285,51,228,1784,t3_calmveil
standard,89,r1,red,top,戰士,leimingcf,standard,1,8,1,0,11251,23348,15304,691.5,8.46,13.03,16.37,4,1,2,4,4,1013,351,455,2324,4163,8951,13435,6253,1463,3990,,1425,,304,,t3_shieldbreaker|t3_finalstring
standard,89,r2,red,jungle,刺客,binghe,standard,1,1,1,1,5738,10416,10580,478,9.09,16.27,,2,1,1,2,2,366,872,783,2249,4216,6452,8813,6253,563,,285,,1406,304,,t3_finalstring
standard,89,r3,red,mid,法師,ronghuo,standard,1,1,1,1,14147,14155,10212,461.4,10.21,18.41,,2,0,1,2,2,1732,767,292,812,3992,6367,8742,6253,1140,570,,475,,304,,t3_psyward
standard,89,r4,red,adc,射手,phantom,standard,1,8,5,0,21070,9910,13271,599.6,10.14,17.22,20.75,4,0,1,2,4,1490,383,906,371,3650,6063,9806,6253,969,2280,,,,304,,t3_shieldbreaker|t3_rendspear
standard,89,r5,red,sup,輔助,tianshi,standard,1,2,2,2,5045,13580,12395,560,6.98,12.54,13.7,4,1,3,4,4,907,674,525,1514,5757,8674,10925,6253,348,1140,285,475,,304,2119,t3_calmveil
standard,90,b1,blue,top,戰士,jufeng,standard,1,4,0,0,10998,30901,12215,491.2,7.92,15.23,22.76,3,1,1,2,3,1032,1407,149,765,4182,6937,8799,6253,703,1140,,285,,418,,t3_shieldbreaker|t3_finalstring
standard,90,b2,blue,jungle,刺客,shanying,standard,1,1,4,2,7130,14000,11473,461.4,9.4,15.69,21.97,3,1,1,2,3,739,1584,320,993,3939,6914,8700,6253,228,570,142,285,992,228,,t3_finalstring
standard,90,b3,blue,mid,法師,gambler,standard,1,8,4,1,28635,15965,15774,634.4,8.95,15.81,19.46,4,1,1,3,4,490,329,288,1374,4340,6829,10838,6253,1127,2280,,760,,418,,t3_psyward
standard,90,b4,blue,adc,射手,huanying,standard,1,7,3,1,26718,10641,14106,567.2,9.58,18.35,21.73,4,1,1,2,4,253,465,957,1205,3603,5845,8277,6253,750,570,,285,,418,,t3_shieldbreaker|t3_rendspear
standard,90,b5,blue,sup,坦克,ironclad,standard,1,1,1,4,4658,23864,14316,575.7,6.1,11.91,17.14,5,1,2,3,5,365,756,1881,715,5165,7996,11261,6253,117,570,142,1235,,418,2525,t3_calmveil|t3_thornmail
standard,90,r1,red,top,戰士,jufeng,standard,0,3,3,0,10502,32020,12649,508.7,8.08,15.49,20.78,3,1,1,2,3,326,888,925,1798,4176,6418,9575,6253,1241,1140,,712,,228,,t3_shieldbreaker|t3_finalstring
standard,90,r2,red,jungle,刺客,shanying,standard,0,3,3,1,13593,15033,13370,537.7,9.32,12.88,18.77,4,1,2,3,4,396,436,432,870,5546,7916,10912,6253,547,1710,285,,1887,228,,t3_finalstring
standard,90,r3,red,mid,法師,gambler,standard,0,1,6,1,16939,16337,10584,425.6,11.76,19.44,24.86,3,0,1,2,3,1409,81,359,34,3669,5531,7909,6253,905,,285,237,,228,,t3_psyward
standard,90,r4,red,adc,射手,huanying,standard,0,3,6,0,25146,10573,10749,432.3,9.78,19.43,24.67,3,1,1,2,3,338,249,447,268,3688,5629,7447,6253,965,,,,,228,,t3_shieldbreaker|t3_rendspear
standard,90,r5,red,sup,坦克,ironclad,standard,0,2,3,1,6928,26616,14210,571.5,7.42,11.88,16.43,5,1,2,3,5,431,645,2600,610,4931,7885,12580,6253,405,1140,285,1900,,228,2368,t3_calmveil|t3_thornmail
standard,91,b1,blue,top,戰士,anliuyouXia,standard,0,2,0,0,15717,30070,11811,461.6,8.9,16.69,23.05,3,1,1,2,3,709,856,297,360,3859,6386,8647,6253,931,,,1045,,418,,t3_shieldbreaker|t3_finalstring
standard,91,b2,blue,jungle,刺客,anye,standard,0,4,1,0,6338,12823,12649,494.4,7.48,16.81,21.6,3,1,1,2,3,665,1914,1482,1518,4565,7544,9862,6253,193,1710,,95,1192,418,,t3_finalstring
standard,91,b3,blue,mid,法師,ronghuo,standard,0,0,4,2,19002,17415,10363,405.1,10.36,18.22,,2,0,1,2,2,1609,321,370,963,3869,5921,8400,6253,1111,,285,332,,418,,t3_psyward
standard,91,b4,blue,adc,射手,guangsu,standard,0,15,7,1,38002,13830,19103,746.7,7.91,14.45,16.93,5,1,2,3,5,339,184,1932,3503,4819,8134,13312,6253,750,4560,285,1045,,418,,t3_shieldbreaker|t3_rendspear
standard,91,b5,blue,sup,坦克,shengdun,standard,0,0,4,3,8644,26900,12369,483.5,7.07,13.18,17.77,4,1,2,3,4,117,351,242,188,4617,7591,10222,6253,243,,570,332,,228,2594,t3_calmveil|t3_thornmail
standard,91,r1,red,top,戰士,anliuyouXia,standard,1,1,3,0,13083,26842,11988,468.6,8.64,17.51,22.7,3,1,1,2,3,614,191,513,537,3764,5721,7963,6253,1064,570,,,,76,,t3_shieldbreaker|t3_finalstring
standard,91,r2,red,jungle,刺客,anye,standard,1,1,2,1,10521,14587,11294,441.5,8.85,16.25,22.69,3,1,1,2,3,36,905,808,1014,3936,6535,8938,6253,354,570,285,,1398,76,,t3_finalstring
standard,91,r3,red,mid,法師,ronghuo,standard,1,4,4,1,30283,17422,12764,498.9,10.19,19.89,24.07,3,0,1,2,3,1596,345,82,2134,3856,5775,7732,6253,1106,,285,,11,76,,t3_psyward
standard,91,r4,red,adc,射手,guangsu,standard,1,10,11,0,25407,12815,14743,576.3,9.63,19.04,21.94,4,1,1,2,4,224,637,173,1142,3574,5417,8723,6253,684,1710,,,,76,,t3_shieldbreaker|t3_rendspear
standard,91,r5,red,sup,坦克,shengdun,standard,1,0,1,3,6367,21497,13370,522.6,7.54,13.24,16.93,4,1,2,3,4,34,341,449,2009,4484,7141,10029,6253,134,,570,475,62,76,2457,t3_calmveil|t3_thornmail
standard,92,b1,blue,top,戰士,tielian,standard,0,0,11,2,9422,45781,12252,375.8,9.42,18.34,25.77,3,1,1,2,3,291,297,294,851,3441,5297,7874,6253,595,,,950,,76,,t3_shieldbreaker|t3_finalstring
standard,92,b2,blue,jungle,刺客,wuxing,standard,0,3,12,0,11207,23847,14246,437,8.57,15.69,21.83,4,1,1,2,4,1220,827,789,896,4420,6407,8869,6253,399,1140,,,1000,76,,t3_finalstring
standard,92,b3,blue,mid,法師,gambler,standard,0,7,10,0,28074,25147,17024,522.2,8.94,17.83,25.03,5,1,1,2,5,437,530,411,873,4287,6130,9011,6253,1067,1140,,475,,76,,t3_psyward
standard,92,b4,blue,adc,射手,mori,standard,0,10,16,1,47723,19098,17097,524.5,9.07,21.04,25.92,5,1,1,1,5,338,373,1388,1497,3688,5453,7068,6253,712,,,,26,76,,t3_shieldbreaker|t3_rendspear
standard,92,b5,blue,sup,輔助,fuwenbianzhi,standard,0,1,9,3,12544,35223,15537,476.6,5.98,11.11,15.04,5,1,2,3,5,535,859,1502,2336,4535,7889,10542,6253,303,570,,1425,,76,1914,t3_calmveil
standard,92,r1,red,top,戰士,tielian,standard,1,12,4,0,31194,44729,20798,638,8.62,15.43,18.48,5,1,1,3,5,655,1222,515,5497,3805,6702,11015,6253,988,2280,,997,40,456,,t3_shieldbreaker|t3_finalstring
standard,92,r2,red,jungle,刺客,wuxing,standard,1,4,1,0,14224,18597,16205,497.1,8.32,15.93,20.82,5,1,1,2,5,298,1437,2236,954,4148,7017,10566,6253,285,1710,,285,1577,456,,t3_finalstring
standard,92,r3,red,mid,法師,gambler,standard,1,12,4,0,35093,19863,19996,613.4,10.33,18.56,24.86,5,0,1,2,5,1504,532,97,3845,3764,6282,8847,6253,1045,570,,522,,456,,t3_psyward
standard,92,r4,red,adc,射手,mori,standard,1,30,11,2,110697,19195,30461,934.4,9.13,14.22,17.43,5,1,2,3,5,319,393,894,14861,3669,7393,12694,6253,665,4560,,760,,456,,t3_shieldbreaker|t3_rendspear
standard,92,r5,red,sup,輔助,fuwenbianzhi,standard,1,0,1,7,12201,19301,17718,543.5,5.76,12.07,19.85,5,1,2,4,5,537,166,59,4517,4537,7196,10939,6253,209,,285,1710,30,456,1995,t3_calmveil
standard,93,b1,blue,top,戰士,hunpo,standard,1,2,2,0,10165,21572,11386,478.3,10.42,17.82,,2,0,1,2,2,1723,193,1378,2036,3983,6643,8878,6253,1054,,,1140,,430,,t3_psyward
standard,93,b2,blue,jungle,刺客,voidrift,standard,1,3,1,2,10131,10758,11830,496.9,9.07,15.38,20.1,3,1,1,2,3,178,1250,1378,749,4328,6530,9708,6253,313,1140,285,190,1095,430,,t3_finalstring
standard,93,b3,blue,mid,法師,leiming,standard,1,10,6,1,16497,16415,14958,628.3,9.82,15.15,19.99,4,1,1,3,4,484,1257,266,1178,4334,7707,10766,6253,883,2850,285,190,,304,,t3_psyward
standard,93,b4,blue,adc,射手,leiting,standard,1,8,5,3,20380,12770,14332,602,9.71,15.79,19.89,4,1,1,3,4,443,1381,210,482,3793,7061,10690,6253,807,2280,855,190,,304,,t3_shieldbreaker|t3_rendspear
standard,93,b5,blue,sup,輔助,luminary,standard,1,0,4,2,6197,18280,12656,531.6,6.42,11.75,17.05,4,1,2,3,4,554,309,482,1776,4554,7339,9062,6253,209,,,190,51,430,1927,t3_calmveil
standard,93,r1,red,top,戰士,hunpo,standard,0,1,3,0,10565,20705,9414,395.4,10.91,19.89,,2,0,1,2,2,1580,213,117,463,3840,5493,8197,6253,836,570,,348,,190,,t3_psyward
standard,93,r2,red,jungle,刺客,voidrift,standard,0,7,4,2,15014,15291,14386,604.2,8.7,15.43,18.08,4,1,1,3,4,853,1102,812,1035,4053,6682,11642,6253,380,2850,570,348,1240,0,,t3_finalstring
standard,93,r3,red,mid,法師,leiming,standard,0,1,7,0,13862,14360,9510,399.4,10.42,19.58,,2,0,1,2,2,1485,457,361,259,3745,5557,8141,6253,912,570,,190,26,190,,t3_psyward
standard,93,r4,red,adc,射手,leiting,standard,0,8,7,2,18568,11383,14028,589.2,8.27,16.93,19.99,4,1,1,3,4,785,830,52,808,4135,6510,10532,6253,760,2280,570,427,51,190,,t3_shieldbreaker|t3_rendspear
standard,93,r5,red,sup,輔助,luminary,standard,0,1,2,2,4012,16988,11757,493.8,5.92,11.96,16.61,4,1,2,4,4,197,493,65,1057,4497,7043,10465,6253,266,570,570,585,,190,2030,t3_calmveil
standard,94,b1,blue,top,戰士,dushe,standard,1,2,0,1,10602,21225,10127,484.9,9.63,15.48,20.11,3,1,1,2,3,443,519,1099,476,3593,5569,9749,6253,836,1140,95,1045,,380,,t3_shieldbreaker|t3_finalstring
standard,94,b2,blue,jungle,刺客,miwu,standard,1,1,2,2,8286,11659,9321,446.4,8.93,15.48,,2,1,1,2,2,897,488,564,941,4097,6118,8944,6253,269,570,213,95,1162,380,,t3_finalstring
standard,94,b3,blue,mid,法師,haixiao,standard,1,3,2,2,15049,12163,10511,503.3,7.57,15.88,,2,1,1,2,2,278,304,778,1111,4828,6804,10058,6253,931,1710,213,570,,380,,t3_psyward
standard,94,b4,blue,adc,射手,shensheng,standard,1,4,4,4,17724,9019,11883,569,9.32,16.53,19.03,3,1,1,3,3,424,1109,936,983,3774,6789,10936,6253,665,1710,593,1282,51,380,,t3_shieldbreaker|t3_rendspear
standard,94,b5,blue,sup,坦克,tiebi,standard,1,1,0,3,4424,17007,11410,546.4,7.46,12.89,16.54,3,1,2,3,3,654,446,939,1430,4554,7106,10919,6253,224,570,308,807,,380,2374,t3_calmveil|t3_thornmail
standard,94,r1,red,top,戰士,dushe,standard,0,1,1,1,10940,24258,9047,433.2,9.66,16.21,,2,1,1,2,2,257,935,484,766,4407,6465,8764,6253,823,570,142,728,,247,,t3_shieldbreaker|t3_finalstring
standard,94,r2,red,jungle,刺客,miwu,standard,0,2,2,2,6470,9635,10266,491.6,9.14,15.81,,2,1,1,2,2,704,1571,1000,1886,4604,7201,9380,6253,266,570,237,95,1711,247,,t3_finalstring
standard,94,r3,red,mid,法師,haixiao,standard,0,1,3,0,15543,11212,8676,415.5,11.33,18.88,,2,0,1,2,2,1270,176,506,346,3530,6076,8356,6253,715,570,,570,,247,,t3_psyward
standard,94,r4,red,adc,射手,shensheng,standard,0,3,5,3,13487,8103,10535,504.5,10.61,16.96,,2,0,1,2,2,1569,440,1095,1685,3729,6120,9645,6253,991,1140,380,728,,152,,t3_shieldbreaker|t3_rendspear
standard,94,r5,red,sup,坦克,tiebi,standard,0,1,0,4,5525,18026,10471,501.4,7.54,11.93,17.48,3,1,2,3,3,1898,645,365,670,4798,7885,9865,6253,395,570,380,253,51,247,1714,t3_calmveil|t3_thornmail
standard,95,b1,blue,top,戰士,fengbao,standard,1,1,5,0,11769,27953,10730,463.5,9.08,19.67,21.4,3,1,1,2,3,709,664,734,530,3859,5664,8964,6253,1159,,,1425,51,76,,t3_shieldbreaker|t3_finalstring
standard,95,b2,blue,jungle,刺客,guihuo,standard,1,0,8,0,4487,10669,9093,392.8,9.53,17.86,,2,1,1,2,2,519,650,326,1012,3719,5930,7756,6253,262,,,,1163,76,,t3_finalstring
standard,95,b3,blue,mid,法師,leiming,standard,1,2,5,0,12538,14326,11192,483.5,10.56,17.87,,2,0,1,2,2,1609,598,446,2112,3869,6348,9046,6253,1102,1140,,475,,76,,t3_psyward
standard,95,b4,blue,adc,射手,liangzicz,standard,1,6,7,0,15933,10811,12826,554,9.16,16.67,20.69,3,1,1,2,3,965,459,557,1226,4315,6139,9407,6253,893,1710,,475,,76,,t3_shieldbreaker|t3_rendspear
standard,95,b5,blue,sup,輔助,fengshen,standard,1,1,4,0,5933,18575,10472,452.4,6.68,10.73,16.21,3,1,2,3,3,1157,460,740,1432,4557,7490,9200,6253,307,570,,,,76,1993,t3_calmveil
standard,95,r1,red,top,戰士,fengbao,standard,0,8,0,0,21670,24778,15271,659.7,9.12,13.53,16.88,4,1,2,3,4,652,183,435,2291,3802,7583,11415,6253,1045,2850,,665,51,551,,t3_shieldbreaker|t3_finalstring
standard,95,r2,red,jungle,刺客,guihuo,standard,0,2,0,1,6071,8374,11677,504.4,9.01,15.03,18.77,3,1,1,3,3,473,1688,580,1076,4323,7268,10230,6253,437,1140,285,190,1373,551,,t3_finalstring
standard,95,r3,red,mid,法師,leiming,standard,0,9,5,0,15948,13956,14546,628.3,11.11,16.57,19.76,4,0,1,3,4,1523,765,92,895,3783,6215,11402,6253,798,3420,,665,,266,,t3_psyward
standard,95,r4,red,adc,射手,liangzicz,standard,0,9,5,4,19665,10271,14539,628,10.44,16.4,19.26,4,0,1,3,4,1531,757,405,689,3691,6437,11785,6253,706,3420,855,190,,361,,t3_shieldbreaker|t3_rendspear
standard,95,r5,red,sup,輔助,fengshen,standard,0,1,0,7,4513,13741,13906,600.7,7.1,12.29,15.76,4,1,2,4,4,917,379,510,2456,4617,7409,11390,6253,281,570,1140,665,,551,1928,t3_calmveil
standard,96,b1,blue,top,戰士,langwang,standard,0,1,3,0,8865,29878,9857,403.2,8.07,16.19,23.89,3,1,1,2,3,101,602,666,257,4201,6082,8246,6253,855,570,,475,17,76,,t3_shieldbreaker|t3_finalstring
standard,96,b2,blue,jungle,刺客,jiansheng,standard,0,0,7,0,5053,14092,9609,393,8.73,17.13,,2,1,1,2,2,811,449,338,1529,4011,6029,7938,6253,446,,,,1162,76,,t3_finalstring
standard,96,b3,blue,mid,法師,haixiao,standard,0,3,8,0,17027,14784,10781,440.9,8.91,19.19,23.8,3,1,1,2,3,389,338,870,430,4239,5968,8220,6253,845,570,,475,,76,,t3_psyward
standard,96,b4,blue,adc,射手,xingchen,standard,0,4,7,0,18160,14392,11734,479.9,9.15,20.33,23.59,3,1,1,1,3,332,293,1188,1513,3682,5373,6988,6253,658,,,,,76,,t3_shieldbreaker|t3_rendspear
standard,96,b5,blue,sup,輔助,hexweave,standard,0,1,3,0,6659,15998,11769,481.4,7.08,11.58,15.33,4,1,2,3,4,811,794,1080,889,5111,7524,10120,6253,272,570,,475,,76,2473,t3_calmveil
standard,96,r1,red,top,戰士,langwang,standard,1,7,2,1,16470,29232,16325,667.7,8.9,14.63,18.09,5,1,2,3,5,668,328,1186,1025,3818,7428,12586,6253,1174,3420,285,997,,456,,t3_shieldbreaker|t3_finalstring
standard,96,r2,red,jungle,刺客,jiansheng,standard,1,2,0,3,10851,13147,13001,531.7,8.8,14.24,19.77,4,1,2,3,4,214,488,383,250,4064,7138,10983,6253,342,1140,570,522,1699,456,,t3_finalstring
standard,96,r3,red,mid,法師,haixiao,standard,1,3,3,0,18124,14050,11411,466.7,10.66,18.6,24.26,3,0,1,2,3,1510,340,297,80,3770,6240,8147,6253,1152,,,285,,456,,t3_psyward
standard,96,r4,red,adc,射手,xingchen,standard,1,16,4,0,31461,12617,18773,767.8,7.65,13.38,17.01,5,1,2,4,5,293,265,234,3173,4293,8815,14084,6253,820,6270,,285,,456,,t3_shieldbreaker|t3_rendspear
standard,96,r5,red,sup,輔助,hexweave,standard,1,0,0,3,4393,11947,12431,508.4,6.37,11.79,17.01,4,1,2,3,4,449,316,1410,980,4449,7346,9870,6253,158,,285,760,,456,1957,t3_calmveil
standard,97,b1,blue,top,戰士,kuangfeng,standard,1,1,0,1,9414,19375,10427,470.9,8.75,14.7,,2,1,2,2,2,576,283,440,1826,3726,7083,9040,6253,994,570,142,585,,494,,t3_shieldbreaker|t3_finalstring
standard,97,b2,blue,jungle,刺客,hundun,standard,1,1,0,0,6655,8061,9908,447.5,10.86,18.15,,2,0,1,2,2,1717,699,754,678,3927,6249,9034,6253,392,570,,348,975,494,,t3_psyward
standard,97,b3,blue,mid,法師,leiming,standard,1,4,2,3,15843,13756,12150,548.7,11.22,16.53,21.39,3,0,1,2,3,1637,500,412,549,3897,7000,9812,6253,1006,1140,570,348,,494,,t3_psyward
standard,97,b4,blue,adc,射手,dujian,standard,1,5,3,1,19091,7856,11947,539.6,10.09,18.88,20.8,3,0,1,2,3,1626,937,1033,1466,3786,6617,9933,6253,763,1710,285,427,,494,,t3_shieldbreaker|t3_rendspear
standard,97,b5,blue,sup,坦克,tiankong,standard,1,2,1,1,4595,16138,12582,568.2,7.34,12.54,17.33,4,1,2,3,4,893,1161,1220,1081,4693,8341,11100,6253,376,570,142,1140,,304,2313,t3_calmveil|t3_thornmail
standard,97,r1,red,top,戰士,kuangfeng,standard,0,1,1,0,8651,23117,9953,449.5,7.88,18.2,21.85,3,1,1,2,3,426,456,931,352,4226,5936,9161,6253,785,570,,1425,51,76,,t3_shieldbreaker|t3_finalstring
standard,97,r2,red,jungle,刺客,hundun,standard,0,1,3,1,3946,9993,10102,456.2,8.9,18,,2,1,1,2,2,822,239,907,1071,4622,6689,9187,6253,101,570,285,,1901,76,,t3_psyward
standard,97,r3,red,mid,法師,leiming,standard,0,1,4,1,12137,13275,9756,440.6,9.1,17.04,,2,1,1,2,2,395,188,196,875,4245,6088,8596,6253,937,570,285,475,,76,,t3_psyward
standard,97,r4,red,adc,射手,dujian,standard,0,3,5,0,12334,11732,10269,463.8,9.41,17.98,20.8,3,1,1,2,3,528,350,239,188,3878,5550,8989,6253,1045,1140,,475,,76,,t3_shieldbreaker|t3_rendspear
standard,97,r5,red,sup,坦克,tiankong,standard,0,0,0,0,5127,21396,9848,444.8,7.28,13.21,17.52,3,1,2,3,3,501,167,419,367,4601,7447,9119,6253,361,,,475,,76,1953,t3_calmveil|t3_thornmail
standard,98,b1,blue,top,戰士,greymantle,standard,0,1,5,0,9444,29289,9817,411.8,9.07,17.97,,2,1,1,2,2,443,515,252,1736,3593,5265,7982,6253,608,,,950,,171,,t3_shieldbreaker|t3_finalstring
standard,98,b2,blue,jungle,刺客,yueying,standard,0,1,6,1,4160,13552,9957,417.6,8.76,16.77,23.68,3,1,1,2,3,538,745,160,156,3738,6375,8290,6253,475,570,,,820,171,,t3_finalstring
standard,98,b3,blue,mid,法師,haixiao,standard,0,2,4,0,16873,15495,10938,458.8,8.23,19.27,23.68,3,1,1,2,3,693,522,227,107,4543,6272,8077,6253,1083,570,,,,171,,t3_psyward
standard,98,b4,blue,adc,射手,tianfa,standard,0,3,6,0,14019,14355,10425,437.3,9.51,18.98,23.33,3,1,1,2,3,395,388,192,824,3745,5588,7412,6253,988,,,,,171,,t3_shieldbreaker|t3_rendspear
standard,98,b5,blue,sup,坦克,shiqiang,standard,0,0,4,1,5497,20430,11222,470.7,7.37,14.09,18.78,3,1,2,3,3,401,439,572,1641,4601,6919,9672,6253,228,,,950,,76,2164,t3_calmveil|t3_thornmail
standard,98,r1,red,top,戰士,greymantle,standard,1,3,1,2,12690,21373,12534,525.7,9.18,15.37,21.08,3,1,1,2,3,662,1274,1707,1983,3812,6804,10357,6253,1064,1710,570,380,,380,,t3_shieldbreaker|t3_finalstring
standard,98,r2,red,jungle,刺客,yueying,standard,1,3,1,0,5186,10351,12837,538.4,8.88,14.68,18.86,3,1,2,3,3,999,142,692,1707,4199,7322,10392,6253,161,1140,,380,2077,380,,t3_finalstring
standard,98,r3,red,mid,法師,haixiao,standard,1,9,2,0,27227,13601,16001,671.2,10.39,17.11,22.58,4,0,1,2,4,1542,338,967,2171,3802,6538,10367,6253,1168,1710,,855,,380,,t3_psyward
standard,98,r4,red,adc,射手,tianfa,standard,1,8,3,3,24491,10893,14751,618.7,10.16,17.57,19.98,4,0,1,3,4,1598,244,122,1530,3758,5924,10902,6253,1038,2280,570,380,,380,,t3_shieldbreaker|t3_rendspear
standard,98,r5,red,sup,坦克,shiqiang,standard,1,2,0,6,9172,19041,14589,611.9,6.99,11.66,15.42,5,1,2,4,5,359,1671,440,988,5159,8911,12640,6253,481,1140,1140,855,,380,2390,t3_calmveil|t3_thornmail
standard,99,b1,blue,top,戰士,ravager,standard,0,0,5,1,8077,27886,10259,412,9.05,18.23,23.5,3,1,1,2,3,462,322,402,379,3612,5322,7602,6253,874,,,475,,0,,t3_shieldbreaker|t3_finalstring
standard,99,b2,blue,jungle,戰士,longyi,standard,0,0,4,0,5933,18916,9792,393.2,9.07,17.04,,2,1,1,2,2,970,629,594,1611,4070,6059,8124,6253,421,,,,1450,0,,t3_shieldbreaker|t3_finalstring
standard,99,b3,blue,mid,法師,bingshuang,standard,0,2,7,0,18096,18106,10106,405.8,10.68,19.02,,2,0,1,2,2,1580,124,245,825,3840,5634,7895,6253,1071,570,,,,0,,t3_psyward
standard,99,b4,blue,adc,射手,dawnstrike,standard,0,6,7,0,21964,11636,12732,511.3,9.43,19.89,22.82,3,1,1,2,3,351,483,314,2082,3701,5563,7634,6253,905,,,475,,0,,t3_shieldbreaker|t3_rendspear
standard,99,b5,blue,sup,輔助,shengguang,standard,0,0,4,2,5392,20350,11220,450.6,6.28,12.58,18.22,4,1,2,3,4,511,618,150,340,4511,6868,9190,6253,223,,,475,68,0,2170,t3_calmveil
standard,99,r1,red,top,戰士,ravager,standard,1,8,1,0,20058,27999,15250,612.4,9.35,13.38,18.52,4,1,2,3,4,833,277,316,1799,3983,7377,10816,6253,1162,2280,,570,,551,,t3_shieldbreaker|t3_finalstring
standard,99,r2,red,jungle,戰士,longyi,standard,1,6,0,1,8942,14041,15513,623,8.98,16.71,17.54,4,1,1,3,4,164,1952,1521,2112,3914,7382,11071,6253,110,1710,285,570,1591,551,,t3_shieldbreaker|t3_finalstring
standard,99,r3,red,mid,法師,bingshuang,standard,1,5,3,3,22755,14016,13977,561.3,10.83,19.03,22.13,3,0,1,2,3,1504,430,35,1896,3764,6180,9315,6253,1086,570,285,570,,551,,t3_psyward
standard,99,r4,red,adc,射手,dawnstrike,standard,1,7,4,2,29314,11021,14480,581.5,9.43,16.69,21.96,4,1,1,2,4,281,424,83,630,3631,6104,8983,6253,706,570,427,570,,456,,t3_shieldbreaker|t3_rendspear
standard,99,r5,red,sup,輔助,shengguang,standard,1,1,0,4,5864,10485,13950,560.2,7.33,13.51,15.6,3,1,2,3,3,263,975,1122,4719,4563,8005,10352,6253,354,570,142,570,,551,1910,t3_calmveil
standard,100,b1,blue,top,戰士,dadi2,standard,0,1,1,0,8827,22562,9832,440.1,8.97,16.95,,2,1,1,2,2,633,1027,388,1182,3783,6557,8438,6253,969,570,,475,,171,,t3_shieldbreaker|t3_finalstring
standard,100,b2,blue,jungle,戰士,ravager,standard,0,0,1,0,5714,13071,8746,391.5,8.32,17.7,,2,1,1,2,2,787,1098,244,516,3887,5798,7824,6253,304,,,,1095,171,,t3_shieldbreaker|t3_finalstring
standard,100,b3,blue,mid,法師,mingyun2,standard,0,2,3,1,16593,15053,10158,454.7,11.47,18.11,,2,0,1,2,2,1431,31,909,1078,3691,5781,9239,6253,915,1140,285,475,,171,,t3_psyward
standard,100,b4,blue,adc,射手,hanbing,standard,0,7,5,1,21051,9963,12439,556.8,9.64,16.61,19.77,3,1,1,3,3,1159,1052,167,838,4509,6732,9867,6253,826,2280,285,,51,171,,t3_shieldbreaker|t3_rendspear
standard,100,b5,blue,sup,坦克,tieshixin,standard,0,0,2,1,5847,19680,10697,478.8,6.93,12.78,19.73,3,1,2,3,3,370,585,126,317,4570,6945,9626,6253,329,,,950,,76,2017,t3_calmveil|t3_thornmail
standard,100,r1,red,top,戰士,dadi2,standard,1,4,0,0,10924,22534,12936,579,9.23,17.31,19.91,3,1,1,3,3,595,419,84,2086,3745,5949,10934,6253,817,1140,,2280,26,418,,t3_shieldbreaker|t3_finalstring
standard,100,r2,red,jungle,戰士,ravager,standard,1,2,0,1,11418,16098,11364,508.6,8.24,13.81,19.77,3,1,2,3,3,282,725,297,564,4862,7825,10377,6253,240,1140,142,380,1802,418,,t3_shieldbreaker|t3_finalstring
standard,100,r3,red,mid,法師,mingyun2,standard,1,1,1,1,18482,13601,9905,443.3,10.71,17.69,,2,0,1,2,2,1422,690,293,504,3682,6440,9043,6253,1136,570,285,380,,418,,t3_psyward
standard,100,r4,red,adc,射手,hanbing,standard,1,5,6,0,12840,8743,11365,508.7,10.36,17.5,21.24,3,0,1,2,3,1389,981,927,164,3549,6361,9477,6253,715,1710,,380,,418,,t3_shieldbreaker|t3_rendspear
standard,100,r5,red,sup,坦克,tieshixin,standard,1,0,3,1,5094,18340,10875,486.8,6.64,13.71,18.73,3,1,2,3,3,287,347,147,895,4487,7287,10127,6253,205,,142,1330,,228,1967,t3_calmveil|t3_thornmail
standard,101,b1,blue,top,戰士,ronggang,standard,0,1,2,2,16131,27878,11357,476.9,9.21,13.91,20.71,3,1,2,2,3,738,667,748,327,3888,7517,9398,6253,1111,570,570,665,,228,,t3_shieldbreaker|t3_finalstring
standard,101,b2,blue,jungle,戰士,xueyue,standard,0,1,1,0,8617,15719,10306,432.7,8,17.16,22.43,3,1,1,2,3,911,826,697,406,4011,6306,8697,6253,446,570,,190,1008,228,,t3_shieldbreaker|t3_finalstring
standard,101,b3,blue,mid,法師,bingshuang,standard,0,7,4,0,21091,15185,13590,570.6,10.6,18.12,21.03,3,0,1,2,3,1618,524,845,1509,3878,6424,9825,6253,969,1710,,665,,228,,t3_psyward
standard,101,b4,blue,adc,射手,xuanfeng,standard,0,4,6,1,19755,9911,11234,471.7,11.76,18.96,22.48,3,0,1,2,3,1462,32,1077,333,3622,5712,8077,6253,693,570,142,190,,228,,t3_shieldbreaker|t3_rendspear
standard,101,b5,blue,sup,坦克,xukong,standard,0,0,2,1,6936,19662,11695,491,6.8,13.56,19.71,3,1,2,3,3,468,145,345,1714,4668,7385,9845,6253,351,,142,190,,228,2680,t3_calmveil|t3_thornmail
standard,101,r1,red,top,戰士,ronggang,standard,1,4,2,1,15430,24886,13286,557.8,8.44,15.28,21.03,3,1,1,2,3,184,1274,1623,1835,4334,6804,9673,6253,969,1140,,950,,361,,t3_shieldbreaker|t3_finalstring
standard,101,r2,red,jungle,戰士,xueyue,standard,1,2,1,4,14081,20017,11881,498.9,9.24,16.23,22.11,3,1,1,2,3,933,1187,829,481,4033,6667,9429,6253,266,570,855,,1124,361,,t3_shieldbreaker|t3_finalstring
standard,101,r3,red,mid,法師,bingshuang,standard,1,1,4,0,16827,14509,10132,425.4,11,19.85,,2,0,1,2,2,1428,277,313,731,3688,5607,8343,6253,1064,,,950,,76,,t3_psyward
standard,101,r4,red,adc,射手,xuanfeng,standard,1,7,6,0,18240,11205,12934,543.1,9.51,17.05,20.26,3,1,1,2,3,376,451,1106,1134,3726,5531,10006,6253,874,2280,,237,,361,,t3_shieldbreaker|t3_rendspear
standard,101,r5,red,sup,坦克,xukong,standard,1,1,0,1,8272,20325,12605,529.3,6.58,13.27,18.76,4,1,2,3,4,720,354,439,1004,4620,7014,9819,6253,361,570,,237,,361,2036,t3_calmveil|t3_thornmail
standard,102,b1,blue,top,戰士,jingci,standard,0,0,0,0,7129,27583,9484,410.1,9.21,18.83,,2,1,1,2,2,700,522,391,883,3850,5522,8391,6253,845,,,950,,342,,t3_shieldbreaker|t3_finalstring
standard,102,b2,blue,jungle,戰士,jufeng,standard,0,4,0,0,8737,15105,11671,504.7,9.53,16.67,20.68,3,1,1,2,3,774,887,1143,740,3874,6317,9693,6253,190,1710,,237,959,342,,t3_shieldbreaker|t3_finalstring
standard,102,b3,blue,mid,法師,mingyun2,standard,0,3,3,2,15087,14273,11441,494.7,9.48,18.91,23.11,3,1,1,2,3,617,329,304,110,4467,6529,8334,6253,883,570,285,,,342,,t3_psyward
standard,102,b4,blue,adc,射手,phantom,standard,0,5,6,0,20071,11510,11593,501.3,9.76,17.87,21.57,3,1,1,2,3,471,470,289,212,3821,5550,8239,6253,836,570,,237,,342,,t3_shieldbreaker|t3_rendspear
standard,102,b5,blue,sup,輔助,tianshi,standard,0,0,2,0,5080,17500,11845,512.2,6.27,12.11,16.8,4,1,2,3,4,81,336,577,465,4681,7066,9327,6253,361,,,475,51,152,2034,t3_calmveil
standard,102,r1,red,top,戰士,jingci,standard,1,2,1,0,12910,26470,11118,480.8,7.99,15.38,19.52,3,1,1,3,3,126,1296,330,317,3926,6776,9930,6253,1073,1140,,1235,,228,,t3_shieldbreaker|t3_finalstring
standard,102,r2,red,jungle,戰士,jufeng,standard,1,2,1,0,8784,13473,11460,495.6,8.76,16.69,19.87,3,1,1,3,3,280,1247,137,529,4030,6677,9987,6253,304,1140,,522,1539,228,,t3_shieldbreaker|t3_finalstring
standard,102,r3,red,mid,法師,mingyun2,standard,1,2,4,0,17926,13658,10301,445.4,10.5,16,,2,0,1,2,2,1447,903,407,900,3707,7403,9037,6253,893,1140,,522,,228,,t3_psyward
standard,102,r4,red,adc,射手,phantom,standard,1,5,5,0,18617,9393,11612,502.1,9.36,17.08,22.76,3,1,1,2,3,215,830,194,411,3565,6510,8144,6253,807,570,,285,,228,,t3_shieldbreaker|t3_rendspear
standard,102,r5,red,sup,輔助,tianshi,standard,1,0,1,1,5228,14324,11465,495.8,5.86,13.1,17.33,3,1,2,3,3,468,435,420,2234,4468,7465,9650,6253,228,,285,760,,228,1895,t3_calmveil
standard,103,b1,blue,top,戰士,tielian,standard,0,1,6,1,12658,34535,10729,405.8,6.97,16.62,23.84,3,1,1,2,3,206,1001,360,529,4486,6481,8590,6253,722,570,285,570,,190,,t3_shieldbreaker|t3_finalstring
standard,103,b2,blue,jungle,戰士,rongyan,standard,0,1,8,0,9667,24374,10530,398.2,8.7,17.05,24.85,3,1,1,2,3,1000,1019,420,379,4100,6449,8250,6253,304,570,,95,837,190,,t3_shieldbreaker|t3_finalstring
standard,103,b3,blue,mid,法師,bingshuang,standard,0,2,6,0,22914,18333,11363,429.7,9.32,18.51,24.22,3,1,1,2,3,522,194,317,112,4372,6424,8647,6253,1064,570,,570,,190,,t3_psyward
standard,103,b4,blue,adc,射手,huanying,standard,0,9,13,1,22663,12968,14730,557.1,9.83,17.76,21.28,4,1,1,2,4,194,387,823,1129,3544,5767,9073,6253,522,1710,,570,17,0,,t3_shieldbreaker|t3_rendspear
standard,103,b5,blue,sup,輔助,mantra,standard,0,0,7,3,7947,26638,12635,477.8,7.13,12.98,17.53,4,1,2,3,4,159,332,946,1185,4459,7062,9986,6253,123,,285,1045,,190,2089,t3_calmveil
standard,103,r1,red,top,戰士,tielian,standard,1,13,1,0,28900,32071,19786,748.3,10.42,15.03,16.62,5,0,1,4,5,1866,1476,479,4485,3916,6956,12979,6253,1083,4560,,665,,418,,t3_shieldbreaker|t3_finalstring
standard,103,r2,red,jungle,戰士,rongyan,standard,1,6,3,2,19891,19798,14947,565.3,7.88,14.39,19.27,4,1,2,3,4,1538,459,551,1547,4638,7209,10401,6253,221,1710,570,190,1038,418,,t3_shieldbreaker|t3_finalstring
standard,103,r3,red,mid,法師,bingshuang,standard,1,5,4,3,19225,15548,13962,528,10.37,18.58,24.42,4,0,1,2,4,1979,158,275,612,4239,6358,9075,6253,836,1140,427,190,,228,,t3_psyward
standard,103,r4,red,adc,射手,huanying,standard,1,15,4,0,48265,11920,19315,730.5,8.54,16.94,20.22,4,1,1,2,4,912,938,2457,5464,4262,6618,11007,6253,769,2850,,665,51,418,,t3_shieldbreaker|t3_rendspear
standard,103,r5,red,sup,輔助,mantra,standard,1,1,1,5,7103,14279,14509,548.7,5.9,12.53,16.77,5,1,2,4,5,1217,159,350,1309,4617,7189,11730,6253,357,570,997,1140,,418,1993,t3_calmveil
standard,104,b1,blue,top,坦克,shiqiang,standard,1,2,0,2,7096,18692,10737,480.2,7.1,13.79,19.07,3,1,2,3,3,608,689,591,706,4258,7099,9721,6253,646,1140,237,1140,,304,,t3_calmveil|t3_thornmail
standard,104,b2,blue,jungle,戰士,tielian,standard,1,0,2,3,9120,14843,8839,395.3,8.66,17.93,,2,1,1,2,2,596,1154,283,539,3696,6154,7983,6253,256,,380,190,599,304,,t3_finalstring|t3_shieldbreaker
standard,104,b3,blue,mid,法師,mingyun2,standard,1,4,2,1,20132,11222,12463,557.4,12.1,16.44,20.86,3,0,1,2,3,1434,1552,906,382,3694,7152,10306,6253,709,1140,285,1615,,304,,t3_psyward
standard,104,b4,blue,adc,射手,guangsu,standard,1,1,5,1,16668,12432,8906,398.3,9.55,19.15,,2,1,1,2,2,329,231,607,626,3679,5731,7507,6253,617,,142,190,,304,,t3_shieldbreaker|t3_rendspear
standard,104,b5,blue,sup,坦克,tiebi,standard,1,2,1,1,6699,16947,12958,579.6,6.78,12.43,15.73,4,1,2,3,4,723,775,2162,758,4623,8015,12142,6253,202,1140,95,1615,,304,2531,t3_calmveil|t3_thornmail
standard,104,r1,red,top,坦克,shiqiang,standard,0,1,1,1,6676,22771,11314,506,7.94,16.01,19.99,4,1,1,3,4,158,406,73,364,3808,5556,8623,6253,937,570,142,475,17,228,,t3_calmveil|t3_thornmail
standard,104,r2,red,jungle,戰士,tielian,standard,0,3,2,1,7930,16273,11231,502.3,10.23,16.73,21.7,3,0,1,2,3,2048,1017,979,201,4048,6197,9579,6253,142,1140,142,,1672,228,,t3_finalstring|t3_shieldbreaker
standard,104,r3,red,mid,法師,mingyun2,standard,0,1,4,1,12949,12618,9692,433.5,10.63,20.13,,2,0,1,1,2,1533,93,1710,291,3793,5693,8210,6253,1111,,142,475,,228,,t3_psyward
standard,104,r4,red,adc,射手,guangsu,standard,0,2,2,4,16690,10090,10987,491.4,10.18,19.22,21.1,3,0,1,2,3,1379,30,165,136,3539,5230,8745,6253,649,570,570,475,,228,,t3_shieldbreaker|t3_rendspear
standard,104,r5,red,sup,坦克,tiebi,standard,0,3,0,2,8184,21683,11595,518.6,7.04,12.42,17.63,4,1,2,3,4,914,434,539,294,5114,7374,10519,6253,275,1710,142,,,228,1909,t3_calmveil|t3_thornmail
standard,105,b1,blue,top,坦克,longji,standard,1,0,2,0,9765,24860,9620,381,8.59,14.43,23.18,3,1,2,2,3,757,213,467,290,3707,6063,7697,6253,817,,,475,,152,,t3_calmveil|t3_thornmail
standard,105,b2,blue,jungle,戰士,cinderfist,standard,1,2,0,0,11483,16550,11043,437.4,8.98,15.64,23.05,3,1,1,2,3,1377,1120,792,593,4477,6550,8442,6253,551,570,,,915,152,,t3_shieldbreaker|t3_finalstring
standard,105,b3,blue,mid,法師,shikong,standard,1,5,3,0,20998,18312,13116,519.5,10.59,18.12,23.48,3,0,1,2,3,1485,828,296,1036,3745,6158,9046,6253,1026,1140,,475,,152,,t3_psyward
standard,105,b4,blue,adc,射手,mori,standard,1,7,6,1,21635,12041,13466,533.3,9.88,16.59,20.23,4,1,1,2,4,519,621,1030,566,3869,6301,9930,6253,959,2280,285,,,152,,t3_shieldbreaker|t3_rendspear
standard,105,b5,blue,sup,輔助,zhanchang,standard,1,0,5,1,6979,18358,12678,502.1,6.53,12.56,16.73,4,1,2,3,4,573,411,640,1717,4573,7441,9120,6253,256,,,475,77,152,1906,t3_calmveil
standard,105,r1,red,top,坦克,longji,standard,0,4,0,1,17157,28931,12996,514.7,9.42,12.63,19.04,4,1,2,3,4,624,79,1127,846,3574,6709,9977,6253,836,1710,,760,,418,,t3_calmveil|t3_thornmail
standard,105,r2,red,jungle,戰士,cinderfist,standard,0,3,1,1,13267,16266,13300,526.7,8.21,14.1,23.53,4,1,2,2,4,846,559,1560,370,3946,7309,10110,6253,323,1140,285,285,1405,418,,t3_shieldbreaker|t3_finalstring
standard,105,r3,red,mid,法師,shikong,standard,0,0,3,1,19453,16582,10672,422.6,10.46,18.58,,2,0,1,2,2,1599,300,121,1271,3859,6500,8571,6253,1140,,,760,,418,,t3_psyward
standard,105,r4,red,adc,射手,mori,standard,0,9,9,0,14287,13251,13981,553.7,10.67,16.58,20.23,4,0,1,2,4,1196,830,1087,760,3356,6510,9987,6253,370,2850,,285,,228,,t3_shieldbreaker|t3_rendspear
standard,105,r5,red,sup,輔助,zhanchang,standard,0,0,1,0,6787,14926,11654,461.6,6.14,12.38,17.23,4,1,2,3,4,1492,616,1386,694,4592,7096,9566,6253,370,,,760,,418,1764,t3_calmveil
standard,106,b1,blue,top,坦克,dadi,standard,0,1,0,0,8430,22703,9464,435.6,8.25,14.65,20.22,3,1,2,2,3,317,365,1683,134,4467,6215,8913,6253,988,570,,950,,152,,t3_calmveil|t3_thornmail
standard,106,b2,blue,jungle,戰士,chichuan,standard,0,2,1,0,8577,14260,10062,463.2,8.82,15.95,20.43,3,1,1,2,3,774,2142,961,212,3874,6792,9511,6253,551,1140,,,1414,152,,t3_shieldbreaker|t3_finalstring
standard,106,b3,blue,mid,法師,lieyan,standard,0,2,3,1,13253,13589,9854,453.6,11.04,18.85,,2,0,1,2,2,1523,74,399,773,3783,5674,8999,6253,978,1140,,475,,152,,t3_psyward
standard,106,b4,blue,adc,射手,leiting,standard,0,6,4,0,16148,10468,11599,533.9,10.75,17.45,21.12,3,0,1,2,3,2275,617,399,1598,4435,6297,9299,6253,1184,1710,,,,152,,t3_shieldbreaker|t3_rendspear
standard,106,b5,blue,sup,輔助,luminary,standard,0,0,2,0,4577,13441,10169,468.1,6.82,12.22,15.58,3,1,2,3,3,1603,415,368,938,4703,7145,9598,6253,364,,,475,51,152,2302,t3_calmveil
standard,106,r1,red,top,坦克,dadi,standard,1,0,0,0,8637,20722,9372,431.4,9.11,15.88,19.63,3,1,1,3,3,719,735,221,342,3669,6035,8771,6253,1140,,,902,,475,,t3_calmveil|t3_thornmail
standard,106,r2,red,jungle,戰士,chichuan,standard,1,2,1,1,9684,12725,11283,519.4,8.88,16.38,20.4,3,1,1,2,3,751,2072,2360,532,3851,6902,10610,6253,152,1140,285,427,1877,475,,t3_shieldbreaker|t3_finalstring
standard,106,r3,red,mid,法師,lieyan,standard,1,5,5,0,16301,14238,11193,515.2,11.05,16.82,,2,0,1,2,2,1390,148,190,1793,3650,6348,9470,6253,937,1710,,190,,380,,t3_psyward
standard,106,r4,red,adc,射手,leiting,standard,1,3,4,3,12484,8025,12207,561.9,9.82,16.83,19.74,3,1,1,3,3,310,336,101,1006,3660,6016,10401,6253,775,570,712,1615,,475,,t3_shieldbreaker|t3_rendspear
standard,106,r5,red,sup,輔助,luminary,standard,1,0,1,3,6512,13684,11749,540.8,6.28,13.27,19.44,4,1,2,3,4,254,389,1233,948,4554,7119,10463,6253,338,,142,1140,,475,2113,t3_calmveil
standard,107,b1,blue,top,坦克,tixue,standard,0,6,0,1,16153,26099,13619,543.9,7.59,15.89,17.52,4,1,1,3,4,956,349,697,1369,3906,5749,10727,6253,1148,2280,,665,,380,,t3_calmveil|t3_thornmail
standard,107,b2,blue,jungle,戰士,dadi2,standard,0,2,3,1,10985,18537,11250,449.3,9.49,16.22,22.03,3,1,1,2,3,810,1045,771,870,3910,6525,9371,6253,433,1140,,190,974,380,,t3_finalstring|t3_shieldbreaker
standard,107,b3,blue,mid,法師,shikong,standard,0,1,4,2,22646,14837,10827,432.4,10.33,19.58,24.8,3,0,1,2,3,1523,235,303,276,3783,5835,9103,6253,1140,570,570,190,,380,,t3_psyward
standard,107,b4,blue,adc,射手,shensheng,standard,0,5,4,2,20077,12616,13593,542.8,10.83,16.93,22.33,3,0,1,2,3,1602,253,80,1792,3762,5453,8360,6253,760,,285,665,17,380,,t3_shieldbreaker|t3_rendspear
standard,107,b5,blue,sup,坦克,tiankong,standard,0,0,2,2,6592,24934,11470,458,6.45,12.58,18.29,4,1,2,3,4,543,190,871,169,4743,7130,9771,6253,355,,570,190,51,380,1971,t3_calmveil|t3_thornmail
standard,107,r1,red,top,坦克,tixue,standard,1,1,2,1,9846,23749,11178,446.4,8.73,15.93,21.86,3,1,1,2,3,586,625,407,1148,3536,6025,7697,6253,589,570,,95,,190,,t3_calmveil|t3_thornmail
standard,107,r2,red,jungle,戰士,dadi2,standard,1,2,1,0,13275,18718,12266,489.8,8.92,16.21,21.88,3,1,1,2,3,1032,955,544,1236,4132,6435,8544,6253,332,,,95,1673,190,,t3_finalstring|t3_shieldbreaker
standard,107,r3,red,mid,法師,shikong,standard,1,0,5,1,17478,13598,9981,398.6,11.24,18.77,,2,0,1,2,2,1409,76,423,1001,3669,5826,7973,6253,864,,285,570,,0,,t3_psyward
standard,107,r4,red,adc,射手,shensheng,standard,1,10,4,1,32533,13510,15599,622.9,10.13,16.26,21.29,3,0,1,2,3,1379,1007,1001,4449,3539,6807,9581,6253,858,1710,,570,,190,,t3_shieldbreaker|t3_rendspear
standard,107,r5,red,sup,坦克,tiankong,standard,1,0,2,1,6759,22210,11525,460.2,7.53,12.97,18.35,4,1,2,3,4,632,163,312,624,4532,7103,9212,6253,205,,,570,,190,1992,t3_calmveil|t3_thornmail
standard,108,b1,blue,top,坦克,stoneguard,standard,1,0,4,0,12039,30966,10252,384.9,8.72,15.1,22.28,3,1,1,2,3,719,887,229,662,3669,5987,7659,6253,931,,,475,,0,,t3_calmveil|t3_thornmail
standard,108,b2,blue,jungle,戰士,langwang,standard,1,0,6,0,7947,20325,9994,375.2,9.73,18.29,,2,1,1,2,2,93,986,323,1764,3893,5866,7603,6253,345,,,,1004,0,,t3_finalstring|t3_shieldbreaker
standard,108,b3,blue,mid,法師,lieyan,standard,1,2,6,1,16737,18388,11658,437.7,9.15,19.97,24.13,3,1,1,2,3,389,349,114,458,4239,5949,7944,6253,836,570,285,,,0,,t3_psyward
standard,108,b4,blue,adc,射手,liangzicz,standard,1,5,8,0,25825,14501,12388,465.1,10.65,19.97,24.11,3,0,1,2,3,1405,297,257,1407,3565,5197,7477,6253,636,570,,,17,0,,t3_shieldbreaker|t3_rendspear
standard,108,b5,blue,sup,坦克,tiemu,standard,1,0,4,0,6016,28418,13415,503.7,7.03,13.92,17.11,4,1,2,3,4,118,308,141,1635,4618,7408,9721,6253,215,,,475,102,0,2674,t3_calmveil|t3_thornmail
standard,108,r1,red,top,坦克,stoneguard,standard,0,2,0,2,16617,27218,12980,487.4,9.02,14.38,20.53,4,1,2,2,4,948,418,2593,729,3898,6368,9883,6253,1257,1140,,760,17,456,,t3_calmveil|t3_thornmail
standard,108,r2,red,jungle,戰士,langwang,standard,0,12,1,0,19470,18715,18432,692.1,8.93,13.03,17.41,5,1,2,3,5,406,1243,2189,3131,4686,8343,13219,6253,114,4560,,285,1550,456,,t3_finalstring|t3_shieldbreaker
standard,108,r3,red,mid,法師,lieyan,standard,0,9,4,2,29777,18644,16288,611.6,10.19,15.04,21.58,4,0,1,2,4,1846,1096,999,1888,4106,7596,9629,6253,874,1140,570,285,51,456,,t3_psyward
standard,108,r4,red,adc,射手,liangzicz,standard,0,5,2,1,24247,12771,13625,511.6,10.53,16.71,22.87,4,0,1,2,4,1405,558,644,404,3565,6358,8144,6253,579,570,,285,,456,,t3_shieldbreaker|t3_rendspear
standard,108,r5,red,sup,坦克,tiemu,standard,0,0,0,6,7014,23490,13777,517.3,7.43,12.15,17.11,4,1,2,3,4,370,465,492,1577,4570,7705,10472,6253,177,,855,285,,456,2445,t3_calmveil|t3_thornmail
standard,109,b1,blue,top,坦克,thornwall,standard,0,2,2,0,7368,23606,10134,451.9,8.21,13.23,18.74,3,1,2,3,3,317,370,311,804,4467,6700,9341,6253,1206,1140,,285,,456,,t3_calmveil|t3_thornmail
standard,109,b2,blue,jungle,戰士,anliuyouXia,standard,0,0,0,1,9039,12874,9558,426.2,8.8,17.08,,2,1,1,2,2,208,1510,1999,1007,3958,6340,8749,6253,408,,285,285,1061,456,,t3_shieldbreaker|t3_finalstring
standard,109,b3,blue,mid,法師,shikong,standard,0,6,4,1,18037,14259,13098,584.1,9.64,15.68,20.27,3,1,1,2,3,389,988,1176,1018,4239,7488,10576,6253,874,1710,285,997,,456,,t3_psyward
standard,109,b4,blue,adc,射手,xingchen,standard,0,16,1,0,31693,9945,17744,791.2,9.4,14.03,16.48,4,1,2,4,4,395,495,880,3893,3745,8115,14100,6253,836,6270,,285,,456,,t3_shieldbreaker|t3_rendspear
standard,109,b5,blue,sup,輔助,hexweave,standard,0,0,2,1,5281,13166,11589,516.8,6.23,12.93,18.63,4,1,2,3,4,273,512,1262,629,4573,7242,10492,6253,209,,,1472,,456,2101,t3_calmveil
standard,109,r1,red,top,坦克,thornwall,standard,1,1,1,0,7003,22340,9535,425.2,9.02,16.33,20.93,3,1,1,2,3,767,405,257,605,3717,5705,7887,6253,997,,,475,34,126,,t3_calmveil|t3_thornmail
standard,109,r2,red,jungle,戰士,anliuyouXia,standard,1,3,4,0,11218,15966,11004,490.7,8.77,15.77,19.28,3,1,1,3,3,208,1444,352,553,4258,6874,9902,6253,541,1710,,,1271,126,,t3_shieldbreaker|t3_finalstring
standard,109,r3,red,mid,法師,shikong,standard,1,3,5,0,16524,14695,11334,505.4,10.23,18.4,21.49,3,0,1,2,3,2017,1117,820,1184,4277,6627,9800,6253,855,1140,,1425,,126,,t3_psyward
standard,109,r4,red,adc,射手,xingchen,standard,1,2,10,3,12281,12605,10214,455.5,10.83,18.98,,2,0,1,2,2,1262,194,544,1464,3422,5094,8394,6253,475,570,570,475,51,0,,t3_shieldbreaker|t3_rendspear
standard,109,r5,red,sup,輔助,hexweave,standard,1,0,4,3,5294,16275,11317,504.7,7.08,12.25,18.01,4,1,2,3,4,1978,578,742,916,4478,6758,9782,6253,171,,285,475,,0,2598,t3_calmveil
standard,110,b1,blue,top,坦克,tieshixin,standard,0,0,2,0,11798,25393,10151,408.4,8.13,14.01,21.49,3,1,2,2,3,276,128,797,600,3926,6358,8087,6253,1035,,,475,,323,,t3_calmveil|t3_thornmail
standard,110,b2,blue,jungle,刺客,razorwing,standard,0,0,4,0,6148,10067,9768,393,8.9,17.68,,2,1,1,2,2,577,1657,1274,1338,3777,6037,7974,6253,171,,,,1226,323,,t3_finalstring
standard,110,b3,blue,mid,法師,xingjie,standard,0,2,9,0,18505,16902,11117,447.2,10.91,19.58,24.6,3,0,1,2,3,1568,41,363,87,3828,6241,7913,6253,905,,,475,51,228,,t3_psyward
standard,110,b4,blue,adc,射手,dujian,standard,0,9,8,0,23711,15908,14534,584.7,9.36,17.75,20.43,4,1,1,2,4,234,381,775,984,3584,6181,9525,6253,712,1710,,475,51,323,,t3_shieldbreaker|t3_rendspear
standard,110,b5,blue,sup,坦克,tiankong,standard,0,1,2,1,8798,23088,12195,490.6,7.02,11.68,16.74,4,1,2,3,4,1559,921,768,395,5159,8161,10568,6253,329,570,285,475,,323,2332,t3_calmveil|t3_thornmail
standard,110,r1,red,top,坦克,tieshixin,standard,1,8,0,0,15190,24682,15414,620.1,9.58,13.68,17.55,5,1,2,3,5,308,166,1382,1763,4258,6576,11412,6253,798,3420,,712,,228,,t3_calmveil|t3_thornmail
standard,110,r2,red,jungle,刺客,razorwing,standard,1,1,2,3,10135,13038,11981,482,9.54,15.5,22.98,3,1,1,2,3,756,1242,753,1100,3956,6572,9183,6253,513,,855,,1333,228,,t3_finalstring
standard,110,r3,red,mid,法師,xingjie,standard,1,5,5,3,18807,17320,13761,553.6,10.32,18.2,21.47,3,0,1,2,3,1580,389,283,1280,3840,6139,9683,6253,969,1140,855,237,,228,,t3_psyward
standard,110,r4,red,adc,射手,dujian,standard,1,10,5,2,24584,14043,15832,636.9,7.57,14.32,19.23,4,1,2,3,4,686,450,1553,1981,4686,7650,11773,6253,826,3420,570,475,,228,,t3_shieldbreaker|t3_rendspear
standard,110,r5,red,sup,坦克,tiankong,standard,1,1,0,1,8560,20884,13241,532.6,7.59,12.78,17.49,4,1,2,3,4,344,168,854,1040,4544,6948,10834,6253,427,570,285,475,,228,2595,t3_calmveil|t3_thornmail
standard,111,b1,blue,top,坦克,bingshouweis,standard,0,0,2,0,7286,25592,8566,374.1,8.03,16.79,21.96,3,1,1,2,3,700,343,210,316,3650,5493,7640,6253,760,,,475,,152,,t3_calmveil|t3_thornmail
standard,111,b2,blue,jungle,刺客,jingxiang,standard,0,0,6,1,7325,12008,8819,385.1,8.68,18.23,,2,1,1,2,2,113,674,243,389,4013,6004,7893,6253,370,,142,,974,152,,t3_finalstring
standard,111,b3,blue,mid,法師,auralith,standard,0,0,3,1,15044,12735,8975,391.9,11.04,20.99,,2,0,1,1,2,1723,452,1036,224,3983,5902,7536,6253,988,,142,,,152,,t3_psyward
standard,111,b4,blue,adc,射手,tianfa,standard,0,3,6,0,17449,13486,10392,453.8,9.88,19.39,,2,1,1,2,2,396,408,380,1811,3746,5608,7280,6253,858,,,,17,152,,t3_shieldbreaker|t3_rendspear
standard,111,b5,blue,sup,坦克,shiqiang,standard,0,1,3,0,5720,25266,10746,469.2,6.57,12.06,18.48,3,1,2,3,3,378,523,106,365,5178,7463,9306,6253,443,570,,,,152,1887,t3_calmveil|t3_thornmail
standard,111,r1,red,top,坦克,bingshouweis,standard,1,7,1,0,12492,21604,14726,643.1,7.51,13.42,16.23,5,1,2,3,5,150,781,2468,1076,4100,7311,12498,6253,1140,3990,,760,51,304,,t3_calmveil|t3_thornmail
standard,111,r2,red,jungle,刺客,jingxiang,standard,1,0,0,1,5912,8665,10260,448.1,8.69,16.24,21.48,3,1,1,2,3,164,1154,441,760,4064,6484,8871,6253,66,,285,285,1676,304,,t3_finalstring
standard,111,r3,red,mid,法師,auralith,standard,1,9,1,0,28351,15022,15508,677.2,10.16,16.78,20.93,4,0,1,2,4,1609,200,1955,1107,3869,6700,11355,6253,1187,2850,,760,,304,,t3_psyward
standard,111,r4,red,adc,射手,tianfa,standard,1,4,2,1,18315,11095,12224,533.8,9.44,18.3,22.41,3,1,1,2,3,265,414,2092,423,3615,5914,8992,6253,1105,570,,760,,304,,t3_shieldbreaker|t3_rendspear
standard,111,r5,red,sup,坦克,shiqiang,standard,1,0,0,4,5562,21861,11369,496.5,7.25,13.26,18.53,4,1,2,3,4,717,324,791,69,4617,7264,10171,6253,300,,1140,285,,304,1887,t3_calmveil|t3_thornmail
standard,112,b1,blue,top,坦克,tiankong,standard,1,0,1,1,7915,21847,10934,490.5,8.58,14.87,19.12,3,1,2,3,3,142,337,101,1003,3992,6187,10031,6253,1092,,285,1995,,405,,t3_calmveil|t3_thornmail
standard,112,b2,blue,jungle,刺客,guihuo,standard,1,1,4,1,2608,10462,9940,445.9,7.81,15,,2,1,2,2,2,162,66,680,1610,4012,7016,9010,6253,456,570,285,95,1199,152,,t3_finalstring
standard,112,b3,blue,mid,法師,xingjie,standard,1,0,5,0,13322,13408,8518,382.1,10.85,19.6,,2,0,1,2,2,1713,398,141,368,3973,5848,7691,6253,1140,,,95,51,152,,t3_psyward
standard,112,b4,blue,adc,射手,dawnstrike,standard,1,5,5,0,12681,10266,11418,512.2,9.75,18.45,21.34,3,1,1,2,3,357,341,901,938,3707,5721,9451,6253,750,1710,,332,,405,,t3_shieldbreaker|t3_rendspear
standard,112,b5,blue,sup,輔助,tianshi,standard,1,1,2,1,4883,15169,12340,553.6,6.15,12.54,16.43,4,1,2,4,4,70,752,633,889,4620,7782,11513,6253,323,570,285,1757,,405,1918,t3_calmveil
standard,112,r1,red,top,坦克,tiankong,standard,0,3,0,1,8159,18449,13136,589.3,8.96,14.69,19.1,4,1,2,3,4,838,332,1638,986,3788,6182,11568,6253,859,1140,285,2707,,323,,t3_calmveil|t3_thornmail
standard,112,r2,red,jungle,刺客,guihuo,standard,0,1,2,2,7392,9253,11213,503,9.07,15.26,21.22,3,1,1,2,3,761,1249,1759,783,3961,6829,9789,6253,247,570,285,570,1541,323,,t3_finalstring
standard,112,r3,red,mid,法師,xingjie,standard,0,7,1,1,16478,12894,13227,593.3,10.31,18.45,19.98,3,0,1,3,3,1580,404,178,746,3840,5854,10728,6253,969,2850,,332,,323,,t3_psyward
standard,112,r4,red,adc,射手,dawnstrike,standard,0,6,4,1,14655,9764,12001,538.4,9.47,17.62,20.27,3,1,1,2,3,348,649,1689,1101,3698,6329,9939,6253,798,2280,285,95,,228,,t3_shieldbreaker|t3_rendspear
standard,112,r5,red,sup,輔助,tianshi,standard,0,0,0,2,4167,11201,10784,483.8,6.73,12.86,16.93,3,1,2,3,3,2087,244,708,1743,4587,6974,9748,6253,204,,570,570,,323,1827,t3_calmveil
standard,113,b1,blue,top,坦克,shengdun,standard,0,1,0,1,8388,20681,9590,441.3,7.12,13.99,20.87,3,1,2,2,3,137,351,1199,1040,4287,6681,8429,6253,940,570,95,190,,380,,t3_calmveil|t3_thornmail
standard,113,b2,blue,jungle,刺客,yingsi,standard,0,2,1,0,4855,10105,10060,462.9,8.46,17.68,,2,1,1,2,2,741,2042,907,1730,3941,7322,9237,6253,367,1140,,190,906,380,,t3_finalstring
standard,113,b3,blue,mid,法師,auralith,standard,0,2,3,0,12572,12415,10255,471.9,10.79,17.72,,2,0,1,2,2,1352,391,123,975,3612,6291,8923,6253,817,570,,902,,380,,t3_psyward
standard,113,b4,blue,adc,射手,hanbing,standard,0,6,2,2,13529,8281,12501,575.2,9.1,16.72,20.88,3,1,1,2,3,832,1042,1964,1121,4182,6722,10864,6253,760,2850,380,190,51,380,,t3_shieldbreaker|t3_rendspear
standard,113,b5,blue,sup,輔助,linghun,standard,0,1,0,2,5380,12700,10933,503,7.02,12.13,15.85,4,1,2,3,4,1504,705,1206,232,4604,7435,10246,6253,231,570,380,427,,380,2004,t3_calmveil
standard,113,r1,red,top,坦克,shengdun,standard,1,0,1,1,7344,19338,9923,456.6,8.5,15.52,19.78,3,1,1,3,3,309,450,217,1292,3859,5750,8847,6253,1083,,285,950,85,190,,t3_calmveil|t3_thornmail
standard,113,r2,red,jungle,刺客,yingsi,standard,1,0,3,0,6456,11285,8937,411.2,8.48,16.76,,2,1,1,2,2,822,412,547,907,4022,5992,7977,6253,285,,,,1438,0,,t3_finalstring
standard,113,r3,red,mid,法師,auralith,standard,1,2,1,0,13998,13181,10322,474.9,10.86,17.42,,2,0,1,2,2,1476,363,484,921,3736,5693,9284,6253,1225,1140,,475,,190,,t3_psyward
standard,113,r4,red,adc,射手,hanbing,standard,1,4,4,1,13810,8958,10854,499.4,9.01,18.13,,2,1,1,2,2,319,227,420,1953,3669,5607,8970,6253,1102,1140,285,,,190,,t3_shieldbreaker|t3_rendspear
standard,113,r5,red,sup,輔助,linghun,standard,1,0,3,0,4093,12848,11266,518.4,7.28,12.61,15.98,4,1,2,4,4,778,246,122,386,4478,6796,10522,6253,180,,,1425,51,190,2422,t3_calmveil
standard,114,b1,blue,top,坦克,xukong,standard,0,1,1,1,10047,23793,10293,443.8,8.26,14.03,20.27,3,1,2,2,3,285,402,1509,863,3935,6652,8799,6253,1083,570,,665,,228,,t3_calmveil|t3_thornmail
standard,114,b2,blue,jungle,刺客,youming,standard,0,2,2,0,4008,9790,10188,439.3,10.02,16.13,21.79,3,0,1,2,3,1733,1168,1772,207,3663,6498,8952,6253,361,1140,,190,779,228,,t3_finalstring
standard,114,b3,blue,mid,法師,xingjie,standard,0,5,4,1,15381,16139,12972,559.4,9.29,15.15,21.77,3,1,1,2,3,237,874,767,492,4087,7374,10167,6253,1121,1140,285,1140,,228,,t3_psyward
standard,114,b4,blue,adc,射手,xuanfeng,standard,0,12,1,0,31219,10702,15433,665.5,7.67,15.88,18.54,4,1,1,3,4,965,1099,908,2532,4315,6899,12058,6253,826,4560,,190,,228,,t3_shieldbreaker|t3_rendspear
standard,114,b5,blue,sup,坦克,shengdun,standard,0,0,2,0,4122,16675,11337,488.8,7.17,12.08,16.86,3,1,2,3,3,536,137,223,1356,4736,7377,10203,6253,332,,,665,77,228,2647,t3_calmveil|t3_thornmail
standard,114,r1,red,top,坦克,xukong,standard,1,2,1,0,11999,21986,11532,497.3,9.11,15.93,20.88,4,1,1,2,4,681,17,1149,102,3631,5417,8879,6253,655,1140,,475,51,304,,t3_calmveil|t3_thornmail
standard,114,r2,red,jungle,刺客,youming,standard,1,2,5,1,7033,13595,10954,472.3,8.88,17.01,20.26,3,1,1,2,3,88,717,555,253,3988,6047,8985,6253,465,570,285,,1106,304,,t3_finalstring
standard,114,r3,red,mid,法師,xingjie,standard,1,1,7,1,12430,14523,10289,443.6,11.22,17.81,,2,0,1,2,2,1466,557,47,1408,3726,5987,8357,6253,755,570,,475,,304,,t3_psyward
standard,114,r4,red,adc,射手,xuanfeng,standard,1,5,5,0,15546,12336,11937,514.7,9.52,16.43,20.58,3,1,1,2,3,300,655,1533,1136,3650,6035,9683,6253,940,1710,,475,,304,,t3_shieldbreaker|t3_rendspear
standard,114,r5,red,sup,坦克,shengdun,standard,1,0,2,1,4153,19785,11920,514,7.32,13.1,17.98,4,1,2,3,4,101,505,2016,560,4601,7005,10696,6253,223,,285,950,,304,2680,t3_calmveil|t3_thornmail
standard,115,b1,blue,top,坦克,tiemu,standard,0,1,6,0,10704,41344,12509,433.1,6.25,14.5,19.77,4,1,2,3,4,279,217,314,759,4429,6367,9464,6253,874,570,,1615,,152,,t3_calmveil|t3_thornmail
standard,115,b2,blue,jungle,刺客,yueying,standard,0,1,9,0,7702,17439,12166,421.2,9.42,16.7,22.81,3,1,1,2,3,641,567,1011,1335,3841,6147,8611,6253,247,570,,190,1199,152,,t3_finalstring
standard,115,b3,blue,mid,法師,auralith,standard,0,4,6,0,19946,19461,13203,457.1,11.89,17.68,25.47,3,0,1,2,3,1400,139,213,1002,3660,6339,8543,6253,902,570,,665,,152,,t3_psyward
standard,115,b4,blue,adc,射手,phantom,standard,0,9,15,0,28183,15895,15313,530.2,9.99,19.33,24.11,4,1,1,2,4,281,259,822,1462,3631,5639,7822,6253,639,570,,190,17,152,,t3_shieldbreaker|t3_rendspear
standard,115,b5,blue,sup,輔助,fuwenbianzhi,standard,0,0,5,2,7685,27095,13209,457.3,6.3,11.87,17.67,4,1,2,3,4,459,376,668,1759,4459,7106,9708,6253,110,,,1140,,152,2052,t3_calmveil
standard,115,r1,red,top,坦克,tiemu,standard,1,8,0,0,19002,28691,17557,607.9,6.69,14.2,19.16,5,1,2,3,5,693,441,883,4006,4543,6291,10813,6253,931,1710,,1520,,399,,t3_calmveil|t3_thornmail
standard,115,r2,red,jungle,刺客,yueying,standard,1,3,1,4,15054,13729,15304,529.9,10.18,17.13,21.02,4,0,1,2,4,1998,1294,822,1954,3928,6224,9152,6253,266,570,142,95,1426,399,,t3_finalstring
standard,115,r3,red,mid,法師,auralith,standard,1,11,9,0,25600,19889,17972,622.2,10.31,18.26,21.74,5,0,1,2,5,1618,164,380,1821,3878,5914,8530,6253,1307,570,,95,,304,,t3_psyward
standard,115,r4,red,adc,射手,phantom,standard,1,19,5,2,50191,15729,22966,795.1,7.56,12.93,16.61,5,1,2,3,5,462,605,2930,7365,4942,7925,14730,6253,763,6840,142,332,,399,,t3_shieldbreaker|t3_rendspear
standard,115,r5,red,sup,輔助,fuwenbianzhi,standard,1,0,0,6,12348,21756,15065,521.6,6.74,12.47,18.43,5,1,2,3,5,491,601,1605,1864,4791,7631,10645,6253,379,,855,807,,399,1950,t3_calmveil
standard,116,b1,blue,top,坦克,longji,standard,1,1,1,0,9834,24932,10852,446.1,8.09,15.54,19.59,3,1,1,3,3,81,478,332,1522,3631,5778,8882,6253,760,570,,855,26,418,,t3_calmveil|t3_thornmail
standard,116,b2,blue,jungle,刺客,yeiren,standard,1,3,1,1,10796,12108,12383,509.1,8.75,16.28,21.31,3,1,1,2,3,631,956,1017,1303,3831,6236,9047,6253,126,570,142,380,966,608,,t3_finalstring
standard,116,b3,blue,mid,法師,ronghuo,standard,1,4,5,1,12812,14371,12555,516.1,10.03,16.82,21.36,3,0,1,2,3,1770,494,336,1125,4030,6994,9616,6253,1140,1140,285,380,,418,,t3_psyward
standard,116,b4,blue,adc,射手,huanying,standard,1,13,4,0,29831,13169,17622,724.4,9.53,15.31,18.69,5,1,1,3,5,215,1181,377,2021,3565,6861,11757,6253,620,3420,,855,,608,,t3_shieldbreaker|t3_rendspear
standard,116,b5,blue,sup,輔助,mantra,standard,1,0,0,5,5662,16943,13196,542.5,6.52,11.6,15.28,4,1,2,3,4,668,364,1321,1746,4668,7394,10361,6253,240,,997,380,,608,1882,t3_calmveil
standard,116,r1,red,top,坦克,longji,standard,0,1,2,0,10291,27041,10366,426.2,8.88,14.4,20.68,3,1,2,2,3,233,412,1198,436,3783,6262,8428,6253,1095,570,,475,34,0,,t3_calmveil|t3_thornmail
standard,116,r2,red,jungle,刺客,yeiren,standard,0,2,4,1,10524,14469,11566,475.5,8.54,15.61,21.48,3,1,1,2,3,202,1499,895,486,4052,7079,9225,6253,399,570,142,,1860,0,,t3_finalstring
standard,116,r3,red,mid,法師,ronghuo,standard,0,2,5,1,14059,15886,10750,441.9,10.83,18.07,23.7,3,0,1,2,3,1599,152,712,400,3859,6652,9312,6253,1159,1140,285,475,,0,,t3_psyward
standard,116,r4,red,adc,射手,huanying,standard,0,6,7,0,12637,11069,12096,497.3,9.79,17.72,20.7,3,1,1,2,3,243,556,130,1146,3593,5636,8980,6253,779,1710,,237,,0,,t3_shieldbreaker|t3_rendspear
standard,116,r5,red,sup,輔助,mantra,standard,0,0,3,2,7073,15377,10622,436.7,7.21,12.5,17.05,3,1,2,3,3,1406,205,694,1581,4506,7235,9154,6253,253,,427,237,,0,1982,t3_calmveil
standard,117,b1,blue,top,坦克,dadi,standard,1,0,3,0,9760,26496,10680,446.4,8.47,14.05,20.05,3,1,2,2,3,681,136,1623,649,3631,6386,8913,6253,836,,,1330,,494,,t3_calmveil|t3_thornmail
standard,117,b2,blue,jungle,刺客,duskblade,standard,1,2,4,0,11667,13140,10938,457.2,8.12,16.68,22.4,3,1,1,2,3,742,1389,745,657,3942,6719,8875,6253,370,570,,380,807,494,,t3_finalstring
standard,117,b3,blue,mid,法師,gambler,standard,1,10,2,0,29153,14460,15563,650.5,10.57,16.68,20.88,4,0,1,2,4,1580,209,976,1162,3840,6709,10376,6253,969,2280,,380,,494,,t3_psyward
standard,117,b4,blue,adc,射手,guangsu,standard,1,6,5,1,18479,12644,13352,558.1,9.24,16.18,20.73,4,1,1,2,4,446,352,688,132,3796,6152,9268,6253,905,1140,285,380,,304,,t3_shieldbreaker|t3_rendspear
standard,117,b5,blue,sup,坦克,tiebi,standard,1,1,2,1,5706,20164,13292,555.6,7.15,12.11,16.33,4,1,2,3,4,716,788,1178,1091,5216,8028,10678,6253,300,570,,380,,494,2680,t3_calmveil|t3_thornmail
standard,117,r1,red,top,坦克,dadi,standard,0,2,1,0,9428,29221,10065,420.7,8.33,15.58,21.43,3,1,1,2,3,732,318,819,635,3682,5468,8109,6253,810,570,,475,,0,,t3_calmveil|t3_thornmail
standard,117,r2,red,jungle,刺客,duskblade,standard,0,2,3,2,9917,13130,11113,464.5,8.3,14.93,22.18,3,1,2,2,3,1011,292,417,412,4211,6992,8847,6253,427,570,285,,1311,0,,t3_finalstring
standard,117,r3,red,mid,法師,gambler,standard,0,2,6,0,16257,16810,10300,430.5,10.62,19.39,,2,0,1,2,2,1409,292,446,899,3669,5892,8476,6253,845,1140,,237,,0,,t3_psyward
standard,117,r4,red,adc,射手,guangsu,standard,0,9,6,1,21181,11834,15002,627,9.6,16.18,20.73,4,1,1,2,4,201,919,2176,1152,4201,6719,10756,6253,798,2850,142,712,,0,,t3_shieldbreaker|t3_rendspear
standard,117,r5,red,sup,坦克,tiebi,standard,0,1,3,6,7761,23202,13583,567.7,6.93,12.23,16.97,4,1,2,3,4,341,617,916,1382,4541,7857,10296,6253,234,570,712,,,0,2526,t3_calmveil|t3_thornmail
standard,118,b1,blue,top,坦克,suishan,standard,0,0,3,0,12667,26923,9530,403.2,8.5,16.88,21.13,3,1,1,2,3,162,217,232,400,3812,5617,7382,6253,959,,,,17,152,,t3_calmveil|t3_thornmail
standard,118,b2,blue,jungle,刺客,binghe,standard,0,0,7,0,5392,14066,8850,374.5,10,16.81,,2,1,1,2,2,165,786,478,920,3665,5666,7458,6253,161,,,,891,152,,t3_finalstring
standard,118,b3,blue,mid,法師,ronghuo,standard,0,1,6,0,16459,14496,9361,396.1,9.47,18.52,,2,1,1,2,2,541,390,518,360,4391,6120,7868,6253,893,570,,,,152,,t3_psyward
standard,118,b4,blue,adc,射手,mori,standard,0,3,5,0,21426,14141,10073,426.2,9.2,19.93,,2,1,1,2,2,281,198,208,1793,3631,5398,7108,6253,703,,,,,152,,t3_shieldbreaker|t3_rendspear
standard,118,b5,blue,sup,坦克,tiemu,standard,0,0,5,0,5019,22761,11843,501.1,6.7,12.99,16.94,4,1,2,3,4,753,266,1141,483,4653,7066,9821,6253,209,,,475,51,152,2680,t3_calmveil|t3_thornmail
standard,118,r1,red,top,坦克,suishan,standard,1,5,0,1,17895,21857,12911,546.3,8.73,12.26,17.84,4,1,2,3,4,2040,430,1068,1260,4990,7260,11098,6253,1092,2850,142,380,,380,,t3_calmveil|t3_thornmail
standard,118,r2,red,jungle,刺客,binghe,standard,1,4,1,3,8850,12535,13389,566.5,9,13.1,18.69,4,1,2,3,4,1564,1137,304,588,4764,8317,11184,6253,323,1710,712,380,1425,380,,t3_finalstring
standard,118,r3,red,mid,法師,ronghuo,standard,1,4,2,1,15713,13407,12277,519.5,10.91,16.45,21.71,3,0,1,2,3,1295,509,83,1727,3555,6709,9483,6253,855,1140,,855,,380,,t3_psyward
standard,118,r4,red,adc,射手,mori,standard,1,12,1,1,37422,11613,17271,730.8,8.9,14.96,20.07,4,1,2,2,4,1070,123,3060,3421,4420,7023,11640,6253,1016,2850,285,855,,380,,t3_shieldbreaker|t3_rendspear
standard,118,r5,red,sup,坦克,tiemu,standard,1,1,0,6,8720,19647,13662,578.1,6.77,12.36,16.67,4,1,2,3,4,758,905,1281,1462,4658,8145,11261,6253,171,570,1140,380,,380,2366,t3_calmveil|t3_thornmail
standard,119,b1,blue,top,坦克,stoneguard,standard,0,0,2,0,7180,24550,9795,414.4,8.87,17.1,19.54,3,1,1,3,3,605,215,377,264,3555,5265,8527,6253,722,,,1425,,126,,t3_calmveil|t3_thornmail
standard,119,b2,blue,jungle,刺客,shanying,standard,0,0,6,0,6422,14840,9291,393.1,8.78,17.37,,2,1,1,2,2,744,260,458,1211,3944,5840,7888,6253,430,,,,1077,126,,t3_finalstring
standard,119,b3,blue,mid,法師,gambler,standard,0,0,4,0,11656,15051,8633,365.3,11.93,20.12,,2,0,1,1,2,1460,119,954,502,3720,5449,7434,6253,943,,,237,,0,,t3_psyward
standard,119,b4,blue,adc,射手,liuxing,standard,0,3,8,0,14795,11068,9918,419.7,9.63,20.48,,2,1,1,1,2,227,163,1317,1368,3577,5363,6997,6253,744,,,,,0,,t3_shieldbreaker|t3_rendspear
standard,119,b5,blue,sup,輔助,luminary,standard,0,1,3,2,4956,18436,12444,526.5,5.83,12.19,16.73,4,1,2,4,4,1105,191,244,994,5105,7221,10644,6253,237,570,,1662,,126,1794,t3_calmveil
standard,119,r1,red,top,坦克,stoneguard,standard,1,4,0,0,14204,24863,12689,536.9,7.25,14.84,18.69,4,1,2,3,4,104,197,1333,539,3954,6047,11263,6253,896,2280,,1377,,456,,t3_calmveil|t3_thornmail
standard,119,r2,red,jungle,刺客,shanying,standard,1,1,1,3,6401,11706,11850,501.4,8.73,15.73,19.99,3,1,1,3,3,871,961,109,770,4071,6541,10239,6253,399,570,712,427,1420,456,,t3_finalstring
standard,119,r3,red,mid,法師,gambler,standard,1,6,1,0,18168,13163,13848,586,9.71,17.38,21.49,3,1,1,2,3,114,395,995,1948,3964,6595,10395,6253,1311,1710,,665,,456,,t3_psyward
standard,119,r4,red,adc,射手,liuxing,standard,1,10,2,2,27746,9748,16084,680.6,9.32,17.43,19.6,4,1,1,3,4,319,130,363,2233,3669,5810,11263,6253,658,3420,285,190,,456,,t3_shieldbreaker|t3_rendspear
standard,119,r5,red,sup,輔助,luminary,standard,1,2,0,3,5992,11929,13567,574.1,5.85,11.8,14.07,5,1,3,4,5,862,562,497,367,5162,8262,11197,6253,231,1140,712,665,,456,1739,t3_calmveil
standard,120,b1,blue,top,坦克,ironclad,standard,1,0,1,0,8631,25245,10578,429.8,8.41,16.81,22.91,3,1,1,2,3,713,365,265,987,3663,5515,7415,6253,820,,,190,,152,,t3_calmveil|t3_thornmail
standard,120,b2,blue,jungle,戰士,langwang,standard,1,1,2,0,12244,17713,10685,434.2,7.6,16.51,22.68,3,1,1,2,3,176,824,551,485,4456,6304,8781,6253,370,570,,190,991,405,,t3_finalstring|t3_shieldbreaker
standard,120,b3,blue,mid,法師,ronghuo,standard,1,1,6,0,21441,15355,10195,414.3,10.44,18.33,,2,0,1,2,2,1460,432,123,1114,3720,5582,8153,6253,829,,,665,,405,,t3_psyward
standard,120,b4,blue,adc,射手,shensheng,standard,1,6,7,1,21778,13711,13131,533.6,10.18,17.1,22.42,3,0,1,2,3,1721,369,1002,2151,3881,6169,9152,6253,877,1140,285,427,17,152,,t3_shieldbreaker|t3_rendspear
standard,120,b5,blue,sup,坦克,tiankong,standard,1,1,3,1,7059,22126,13846,562.7,7.64,12.82,17.2,4,1,2,3,4,158,648,903,2045,4658,7888,10683,6253,446,570,285,427,,405,2295,t3_calmveil|t3_thornmail
standard,120,r1,red,top,坦克,ironclad,standard,0,6,1,1,12859,25607,15185,617.1,7.86,13.95,18.94,4,1,2,3,4,1441,193,1252,3535,4391,6443,11282,6253,1190,3420,,190,,228,,t3_calmveil|t3_thornmail
standard,120,r2,red,jungle,戰士,langwang,standard,0,1,2,4,12700,15796,11478,466.4,7.28,16.26,20.41,3,1,1,2,3,471,1169,1562,448,4271,6649,9562,6253,180,570,783,190,1356,228,,t3_finalstring|t3_shieldbreaker
standard,120,r3,red,mid,法師,ronghuo,standard,0,7,4,3,19667,17384,14075,572,10.52,17.04,20.01,4,0,1,2,4,1670,476,1418,245,3930,6676,10818,6253,1130,2280,498,427,,228,,t3_psyward
standard,120,r4,red,adc,射手,shensheng,standard,0,3,1,4,19498,11780,11856,481.8,11.05,19.33,23.06,3,0,1,2,3,1371,140,348,705,3531,5640,8028,6253,715,,641,190,,228,,t3_shieldbreaker|t3_rendspear
standard,120,r5,red,sup,坦克,tiankong,standard,0,2,1,4,7783,21567,12406,504.1,5.71,11.98,16.04,4,1,2,3,4,600,348,708,206,5100,7588,10688,6253,164,1140,641,427,,228,1833,t3_calmveil|t3_thornmail
standard,121,b1,blue,top,坦克,tieshixin,standard,1,1,8,1,11365,31760,10968,420.1,8,15.29,19.43,3,1,1,3,3,270,492,302,1377,4220,5892,8552,6253,779,570,,950,,0,,t3_calmveil|t3_thornmail
standard,121,b2,blue,jungle,戰士,jingci,standard,1,0,5,1,10683,22765,10670,408.7,8.53,18.18,24.36,3,1,1,2,3,178,472,186,470,3978,5952,7936,6253,370,,,,1312,0,,t3_finalstring|t3_shieldbreaker
standard,121,b3,blue,mid,法師,gambler,standard,1,1,5,1,23713,18823,10664,408.4,10.02,20.57,,2,0,1,1,2,1666,363,1285,1363,3926,5693,7365,6253,969,,142,,,0,,t3_psyward
standard,121,b4,blue,adc,射手,liangzicz,standard,1,5,9,2,25415,15331,14040,537.7,9.47,16.83,21.19,4,1,1,2,4,528,244,174,489,3878,6044,8324,6253,883,570,142,475,,0,,t3_shieldbreaker|t3_rendspear
standard,121,b5,blue,sup,坦克,tiemu,standard,1,2,5,1,7420,31241,12283,470.5,6.8,12.52,16.43,4,1,2,3,4,400,185,422,502,5200,7565,9522,6253,380,570,285,,68,0,1965,t3_calmveil|t3_thornmail
standard,121,r1,red,top,坦克,tieshixin,standard,0,9,2,1,23082,28370,16348,626.2,9.27,13.18,15.63,5,1,2,4,5,643,1322,192,2698,3593,8612,11842,6253,506,3990,,522,,570,,t3_calmveil|t3_thornmail
standard,121,r2,red,jungle,戰士,jingci,standard,0,7,0,4,17486,17246,16406,628.4,8.13,16.16,16.83,5,1,1,3,5,512,3071,583,1106,4312,8551,11613,6253,392,1710,997,285,1405,570,,t3_finalstring|t3_shieldbreaker
standard,121,r3,red,mid,法師,gambler,standard,0,3,2,1,25778,16185,13162,504.1,10.98,16.28,23.05,3,0,1,2,3,1485,580,348,1082,3745,7080,9398,6253,1102,570,142,760,,570,,t3_psyward
standard,121,r4,red,adc,射手,liangzicz,standard,0,13,5,1,38913,14023,18177,696.2,10.52,16.93,19.9,5,0,1,3,5,1457,946,79,2576,3617,6746,10299,6253,772,1710,142,997,42,380,,t3_shieldbreaker|t3_rendspear
standard,121,r5,red,sup,坦克,tiemu,standard,0,0,0,6,10104,23754,13782,527.9,7.31,13.19,18.18,5,1,2,3,5,654,668,332,182,4554,7328,10312,6253,152,,427,285,,570,2624,t3_calmveil|t3_thornmail
standard,122,b1,blue,top,坦克,bingshouweis,standard,1,0,4,0,7798,23341,9558,420.4,9.08,15.95,19.52,3,1,1,3,3,852,250,197,508,3802,5550,8647,6253,893,,,1235,,266,,t3_calmveil|t3_thornmail
standard,122,b2,blue,jungle,戰士,greymantle,standard,1,0,1,0,4343,14513,10194,448.4,9.13,17.48,22.35,3,1,1,2,3,759,474,438,344,3859,5904,8268,6253,335,,,285,1128,266,,t3_shieldbreaker|t3_finalstring
standard,122,b3,blue,mid,法師,leiming,standard,1,0,6,0,15343,15023,9029,397.2,11.03,18.55,,2,0,1,2,2,1371,85,213,449,3631,5465,7643,6253,839,,,285,,266,,t3_psyward
standard,122,b4,blue,adc,射手,xingchen,standard,1,2,7,0,13419,11693,9609,422.7,10.21,18.62,,2,0,1,2,2,1598,268,608,859,3758,5468,8128,6253,893,570,,285,51,76,,t3_shieldbreaker|t3_rendspear
standard,122,b5,blue,sup,輔助,shengguang,standard,1,0,2,0,4179,16922,10866,478,5.78,12.11,17.97,4,1,2,3,4,844,403,953,465,4544,6883,9993,6253,345,,,1235,,266,1893,t3_calmveil
standard,122,r1,red,top,坦克,bingshouweis,standard,0,4,0,1,7541,19887,12278,540.1,6.62,12.08,16.56,4,1,2,3,4,336,1988,1550,728,4486,8438,10880,6253,1045,2280,,902,,399,,t3_calmveil|t3_thornmail
standard,122,r2,red,jungle,戰士,greymantle,standard,0,5,0,4,15040,15088,13871,610.1,9.12,13.98,18.13,4,1,2,3,4,420,337,299,470,4650,7387,11229,6253,380,1710,712,190,1584,399,,t3_shieldbreaker|t3_finalstring
standard,122,r3,red,mid,法師,leiming,standard,0,4,0,2,14333,12226,12402,545.5,9.44,14.54,22.36,3,1,2,2,3,617,223,1176,321,4467,7773,10576,6253,1026,1710,285,902,,399,,t3_psyward
standard,122,r4,red,adc,射手,xingchen,standard,0,5,2,3,20330,7846,11895,523.2,9.94,16.94,22.41,3,1,1,2,3,167,269,781,515,3517,5949,9331,6253,589,1710,285,190,,304,,t3_shieldbreaker|t3_rendspear
standard,122,r5,red,sup,輔助,shengguang,standard,0,2,0,4,5259,16063,12879,566.5,5.75,11.7,14.85,4,1,3,3,4,282,312,1322,1498,4582,8012,10552,6253,266,570,712,190,,399,2161,t3_calmveil
standard,123,b1,blue,top,坦克,tiebi,standard,1,0,0,1,9251,23097,9544,408.9,8.96,15.22,21.3,3,1,1,2,3,881,590,1152,214,3831,5890,8382,6253,858,,142,570,26,532,,t3_calmveil|t3_thornmail
standard,123,b2,blue,jungle,戰士,chichuan,standard,1,1,0,0,6229,13639,9930,425.4,8.96,18.3,,2,1,1,2,2,786,561,199,1379,3886,5991,8449,6253,202,570,,95,795,532,,t3_shieldbreaker|t3_finalstring
standard,123,b3,blue,mid,法師,haixiao,standard,1,3,3,0,19418,13781,12125,519.5,10.23,15.14,20.9,3,0,1,2,3,1599,703,955,525,3859,7203,10355,6253,1368,1140,,1045,17,532,,t3_psyward
standard,123,b4,blue,adc,射手,dujian,standard,1,7,2,0,23140,11040,13932,596.9,8.82,15.97,18.45,4,1,1,3,4,490,649,736,732,3840,6329,11516,6253,836,2850,,1045,,532,,t3_shieldbreaker|t3_rendspear
standard,123,b5,blue,sup,輔助,mingyunyindao,standard,1,1,3,3,6076,15470,12506,535.8,6.15,12.08,20.28,4,1,2,2,4,330,169,3459,1546,4630,7199,10489,6253,307,,427,1045,,532,1924,t3_calmveil
standard,123,r1,red,top,坦克,tiebi,standard,0,1,1,0,7855,24622,10063,431.1,9.41,15.11,20.9,3,1,1,2,3,1169,637,816,1033,4119,5937,8046,6253,696,570,,475,51,0,,t3_calmveil|t3_thornmail
standard,123,r2,red,jungle,戰士,chichuan,standard,0,1,1,0,5825,16519,9781,419,8.75,16.05,,2,1,1,2,2,141,910,709,1601,3891,6040,8539,6253,408,570,,,1307,0,,t3_shieldbreaker|t3_finalstring
standard,123,r3,red,mid,法師,haixiao,standard,0,0,5,0,17280,14684,9429,404,11.07,19.73,,2,0,1,2,2,1504,334,105,1199,3764,5664,7735,6253,1007,,,475,,0,,t3_psyward
standard,123,r4,red,adc,射手,dujian,standard,0,6,4,1,20142,11708,12099,518.3,9.66,18.65,21.72,3,1,1,2,3,129,903,864,1118,3479,5683,8714,6253,703,1140,142,475,,0,,t3_shieldbreaker|t3_rendspear
standard,123,r5,red,sup,輔助,mingyunyindao,standard,0,0,1,1,5854,16397,9845,421.8,6.65,11.98,18.71,3,1,2,3,3,222,255,90,804,4522,6735,8550,6253,262,,142,,,0,1891,t3_calmveil
standard,124,b1,blue,top,坦克,shengdun,standard,0,1,1,0,9032,23766,9147,416.9,7.31,14.93,19.55,3,1,2,3,3,285,132,258,137,3935,6082,8508,6253,1007,570,,475,,202,,t3_calmveil|t3_thornmail
standard,124,b2,blue,jungle,戰士,leimingcf,standard,0,0,5,0,5411,14758,8510,387.9,7.83,16.97,,2,1,1,2,2,838,615,71,410,3938,5845,7871,6253,335,,,,1079,202,,t3_finalstring|t3_shieldbreaker
standard,124,b3,blue,mid,法師,leiming,standard,0,1,5,0,12667,15412,9594,437.2,9.57,17.98,,2,1,1,2,2,503,202,216,313,4353,6282,8916,6253,1067,570,,950,,76,,t3_psyward
standard,124,b4,blue,adc,射手,tianfa,standard,0,1,5,0,12923,12215,8488,386.9,8.65,19.34,,2,1,1,2,2,490,312,272,338,3840,5512,7792,6253,893,570,,,,76,,t3_shieldbreaker|t3_rendspear
standard,124,b5,blue,sup,坦克,shiqiang,standard,0,0,0,0,4017,19413,10197,464.7,6.3,12.56,16.66,3,1,2,3,3,553,121,540,617,4753,7501,9520,6253,611,,,475,17,202,1960,t3_calmveil|t3_thornmail
standard,124,r1,red,top,坦克,shengdun,standard,1,0,0,3,11120,20117,11161,508.7,7.31,11.91,18.68,3,1,2,3,3,122,404,888,1130,4372,7114,9838,6253,1236,,498,1393,,456,,t3_calmveil|t3_thornmail
standard,124,r2,red,jungle,戰士,leimingcf,standard,1,1,0,2,6578,10018,10819,493.1,8.2,14.98,20.71,3,1,2,2,3,848,79,1272,738,3948,6879,9872,6253,263,570,356,443,1529,456,,t3_finalstring|t3_shieldbreaker
standard,124,r3,red,mid,法師,leiming,standard,1,2,2,3,15818,12293,10797,492.1,8.78,17.06,,2,1,1,2,2,712,522,854,1396,4562,7022,9834,6253,1201,1140,498,285,,456,,t3_psyward
standard,124,r4,red,adc,射手,tianfa,standard,1,9,1,2,28196,9943,14574,664.2,8.41,13.62,18.23,3,1,2,3,3,661,1098,258,2774,4011,7998,11408,6253,970,2850,356,522,,456,,t3_shieldbreaker|t3_rendspear
standard,124,r5,red,sup,坦克,shiqiang,standard,1,4,0,3,6039,18030,13538,617,6.78,11.89,15.99,4,1,2,4,4,343,2107,1128,1337,5143,9347,12728,6253,356,2280,570,680,,456,2130,t3_calmveil|t3_thornmail
standard,125,b1,blue,top,坦克,shiqiang,standard,0,1,1,1,12646,31867,10582,419.8,8.71,13.65,20.91,3,1,2,2,3,195,726,980,652,3745,6576,8210,6253,760,570,,285,,342,,t3_calmveil|t3_thornmail
standard,125,b2,blue,jungle,戰士,fengbao,standard,0,0,3,0,7551,18369,10195,404.4,9.12,16.83,24.17,3,1,1,2,3,685,846,797,344,3785,6276,8027,6253,342,,,285,804,342,,t3_shieldbreaker|t3_finalstring
standard,125,b3,blue,mid,法師,haixiao,standard,0,5,4,0,24160,17271,13211,524.1,10.5,18.88,22.5,3,0,1,2,3,1561,520,394,1610,3821,6120,7944,6253,1064,,,285,,342,,t3_psyward
standard,125,b4,blue,adc,射手,mirrorshot,standard,0,7,5,0,27168,10893,14360,569.7,9.86,15.59,20.25,4,1,1,2,4,386,1153,1448,1460,3736,6833,10348,6253,1187,2280,,285,,342,,t3_shieldbreaker|t3_rendspear
standard,125,b5,blue,sup,輔助,tianshi,standard,0,2,5,0,8678,18882,12307,488.2,5.98,11.99,16.63,4,1,2,3,4,639,1078,629,856,4639,7328,9669,6253,332,570,,285,,152,2075,t3_calmveil
standard,125,r1,red,top,坦克,shiqiang,standard,1,4,0,0,16468,25617,13236,525.1,8.2,13.49,18.27,4,1,2,3,4,114,331,788,1086,3964,6481,10718,6253,1292,2280,,570,,323,,t3_calmveil|t3_thornmail
standard,125,r2,red,jungle,戰士,fengbao,standard,1,7,1,1,15755,20245,15134,600.3,9.82,12.97,17.06,4,1,2,3,4,178,337,694,1733,4228,8287,11624,6253,152,2850,285,95,1665,323,,t3_shieldbreaker|t3_finalstring
standard,125,r3,red,mid,法師,haixiao,standard,1,1,4,1,19439,16490,10500,416.5,10.7,19.52,,2,0,1,2,2,1485,581,299,1100,3745,5911,7849,6253,893,,285,95,,323,,t3_psyward
standard,125,r4,red,adc,射手,mirrorshot,standard,1,6,9,2,20378,12373,13664,542,10.49,19.19,20.25,3,0,1,2,3,1329,375,1513,1863,3489,5275,10063,6253,731,1710,570,570,,228,,t3_shieldbreaker|t3_rendspear
standard,125,r5,red,sup,輔助,tianshi,standard,1,0,1,3,9824,21607,13249,525.6,6.99,12.11,16.66,4,1,2,3,4,506,91,1197,1869,4506,7121,10427,6253,275,,570,1045,,323,1960,t3_calmveil
standard,126,b1,blue,top,坦克,tiemu,standard,0,0,1,0,6029,26194,9527,386.3,7.77,15.47,23.73,3,1,1,2,3,919,279,610,196,3869,5579,7840,6253,1016,,,475,,95,,t3_calmveil|t3_thornmail
standard,126,b2,blue,jungle,戰士,anliuyouXia,standard,0,0,4,0,8711,16766,9482,384.5,10.46,19.06,,2,0,1,2,2,1768,593,167,1302,3768,5543,7517,6253,313,,,,855,95,,t3_shieldbreaker|t3_finalstring
standard,126,b3,blue,mid,法師,leiming,standard,0,1,6,0,16608,15591,9957,403.8,10.49,20.17,,2,0,1,1,2,1441,261,1278,957,3701,5591,7358,6253,1010,,,,,95,,t3_psyward
standard,126,b4,blue,adc,射手,hanbing,standard,0,5,9,1,15209,12581,11892,482.3,7.81,18.99,22.98,3,1,1,2,3,211,427,172,942,4211,5807,7792,6253,731,570,,237,,0,,t3_shieldbreaker|t3_rendspear
standard,126,b5,blue,sup,輔助,linghun,standard,0,0,3,0,9359,20510,11670,473.3,7.14,12.16,15.93,4,1,2,3,4,589,186,1187,709,4589,6916,9937,6253,196,,,712,,95,2680,t3_calmveil
standard,126,r1,red,top,坦克,tiemu,standard,1,5,0,0,14044,24924,14387,583.5,8.75,15.12,21.46,4,1,1,2,4,586,535,1180,2237,3536,5835,8410,6253,845,570,,285,,456,,t3_calmveil|t3_thornmail
standard,126,r2,red,jungle,戰士,anliuyouXia,standard,1,5,0,3,13361,13614,13880,562.9,9.42,15.85,19,4,1,1,3,4,398,1127,496,949,4448,6557,10826,6253,161,2280,285,285,1105,456,,t3_shieldbreaker|t3_finalstring
standard,126,r3,red,mid,法師,leiming,standard,1,3,0,3,23010,14108,13143,533,10.49,17.95,23.47,3,0,1,2,3,1523,338,425,1542,3783,6538,9825,6253,1073,570,712,760,,456,,t3_psyward
standard,126,r4,red,adc,射手,hanbing,standard,1,8,6,1,22646,12598,14714,596.7,9.98,17.94,20.84,4,1,1,2,4,348,332,754,1493,3698,5712,9654,6253,760,1140,285,760,,456,,t3_shieldbreaker|t3_rendspear
standard,126,r5,red,sup,輔助,linghun,standard,1,2,0,2,6961,12556,12577,510,7.56,11.11,14.72,4,1,3,3,4,391,166,1321,1616,4991,8166,10551,6253,199,1140,427,285,,456,1789,t3_calmveil
standard,127,b1,blue,top,戰士,xueyue,standard,0,7,3,0,26500,45178,18595,567.9,9.37,16.02,20.94,5,1,1,2,5,551,1353,1273,3245,3701,6883,9923,6253,763,1710,,665,,532,,t3_shieldbreaker|t3_finalstring
standard,127,b2,blue,jungle,戰士,embercoil,standard,0,2,3,1,24210,29095,15065,460.1,7.79,17.97,21.41,4,1,1,2,4,720,1893,1194,1615,4520,7373,9794,6253,617,1140,,190,1061,532,,t3_shieldbreaker|t3_finalstring
standard,127,b3,blue,mid,法師,haixiao,standard,0,16,9,2,40314,26552,22842,697.6,10.8,15.58,20.79,5,0,1,2,5,1536,640,1065,6691,3796,7140,10465,6253,924,2280,285,190,,532,,t3_psyward
standard,127,b4,blue,adc,射手,xuanfeng,standard,0,13,12,3,55979,17657,19695,601.5,9.04,16.98,23.84,5,1,1,2,5,450,638,48,4095,3800,6318,8598,6253,655,570,570,190,17,342,,t3_shieldbreaker|t3_rendspear
standard,127,b5,blue,sup,坦克,shengdun,standard,0,2,7,4,13039,40476,15757,481.2,6.72,12.27,15.68,5,1,2,3,5,582,1638,981,2156,5382,8878,10961,6253,231,1140,570,190,17,342,2217,t3_calmveil|t3_thornmail
standard,127,r1,red,top,戰士,xueyue,standard,1,3,7,1,19604,43875,15451,471.9,10.23,16.47,22.51,4,0,1,2,4,1480,508,1044,2101,3530,6038,8844,6253,639,1140,285,475,51,0,,t3_shieldbreaker|t3_finalstring
standard,127,r2,red,jungle,戰士,embercoil,standard,1,5,2,1,28436,29153,17286,528,7.69,17.58,21.25,5,1,1,2,5,317,1001,773,1986,4117,6481,8653,6253,443,570,285,,1101,0,,t3_shieldbreaker|t3_finalstring
standard,127,r3,red,mid,法師,haixiao,standard,1,8,13,1,38879,22618,16702,510.1,11.5,20.79,25.88,5,0,1,1,5,1308,360,1020,552,3568,5810,7520,6253,646,570,,,51,0,,t3_psyward
standard,127,r4,red,adc,射手,xuanfeng,standard,1,18,17,1,67166,19010,23386,714.3,9.13,18.96,21.91,5,1,1,2,5,395,261,184,7786,3745,5341,8134,6253,836,570,,475,,0,,t3_shieldbreaker|t3_rendspear
standard,127,r5,red,sup,坦克,shengdun,standard,1,0,1,4,9126,31580,14781,451.4,6.6,13.28,19.27,5,1,2,3,5,401,439,490,1180,4601,6919,8690,6253,436,,,,,0,1999,t3_calmveil|t3_thornmail
standard,128,b1,blue,top,戰士,langwang,standard,1,0,1,0,11594,24884,9472,408.1,9.71,18.39,,2,1,1,2,2,510,220,1484,822,3660,5750,8334,6253,693,,,1235,,152,,t3_shieldbreaker|t3_finalstring
standard,128,b2,blue,jungle,戰士,longyi,standard,1,0,4,1,6268,15880,9841,424,9.04,16.09,,2,1,1,2,2,743,1164,617,1611,3843,6644,8497,6253,209,,285,285,1313,152,,t3_shieldbreaker|t3_finalstring
standard,128,b3,blue,mid,法師,bingshuang,standard,1,2,4,0,13702,16400,10565,455.2,11.27,17.04,22.32,3,0,1,2,3,1485,534,977,414,3745,6614,9407,6253,1102,1140,,760,,152,,t3_psyward
standard,128,b4,blue,adc,射手,phantom,standard,1,6,7,0,21307,11145,12370,533,10.15,17.76,22.18,3,0,1,2,3,1329,478,279,1419,3489,6158,8229,6253,494,570,,760,,152,,t3_shieldbreaker|t3_rendspear
standard,128,b5,blue,sup,坦克,dadi,standard,1,0,5,1,5459,21221,11355,489.3,7.53,12.72,17.97,3,1,2,3,3,849,414,481,1774,4449,7214,8981,6253,161,,,285,,152,2129,t3_calmveil|t3_thornmail
standard,128,r1,red,top,戰士,langwang,standard,0,1,0,0,12736,22267,10880,468.8,8.63,16.15,20.25,3,1,1,2,3,821,883,1066,629,3971,6413,9716,6253,1149,570,,1345,17,380,,t3_shieldbreaker|t3_finalstring
standard,128,r2,red,jungle,戰士,longyi,standard,0,9,0,1,14709,14733,15331,660.6,8.68,12.83,15.75,4,1,2,3,4,912,336,2537,2350,4012,8936,13337,6253,342,4560,142,158,1501,380,,t3_shieldbreaker|t3_finalstring
standard,128,r3,red,mid,法師,bingshuang,standard,0,2,3,3,15710,14690,10593,456.4,10.72,18.87,,2,0,1,2,2,1580,125,247,1193,3840,6025,8277,6253,1121,,285,237,,380,,t3_psyward
standard,128,r4,red,adc,射手,phantom,standard,0,9,4,4,24617,10992,15530,669.2,7.78,15.76,18.18,4,1,1,3,4,353,1067,2681,1680,4353,6747,12681,6253,950,3420,570,1108,,380,,t3_shieldbreaker|t3_rendspear
standard,128,r5,red,sup,坦克,dadi,standard,0,0,1,4,7213,18356,11219,483.4,7.25,12.79,17.9,3,1,2,3,3,382,668,478,1239,4582,7328,9978,6253,237,,427,,,380,2680,t3_calmveil|t3_thornmail
standard,129,b1,blue,top,戰士,kuangfeng,standard,1,2,0,3,14939,24339,11196,496.1,8.14,15.28,20.82,3,1,1,2,3,928,1429,826,395,4078,6909,9426,6253,1026,570,570,475,,532,,t3_shieldbreaker|t3_finalstring
standard,129,b2,blue,jungle,戰士,ravager,standard,1,2,0,0,7503,15160,10855,481,8.18,16.29,21.84,3,1,1,2,3,761,851,539,525,3861,6281,9089,6253,95,570,,475,1163,532,,t3_shieldbreaker|t3_finalstring
standard,129,b3,blue,mid,法師,mingyun2,standard,1,3,1,0,12073,11724,11095,491.6,10.3,16.1,21.83,3,0,1,2,3,2125,408,383,544,4385,6608,9363,6253,962,1140,,475,,532,,t3_psyward
standard,129,b4,blue,adc,射手,huanying,standard,1,9,2,2,23820,9571,14768,654.4,8.89,14.67,18.33,4,1,2,3,4,557,384,1754,917,3907,7384,11754,6253,931,3420,142,475,,532,,t3_shieldbreaker|t3_rendspear
standard,129,b5,blue,sup,輔助,mantra,standard,1,1,0,2,6449,14184,12230,542,6.5,12.15,14.25,4,1,3,4,4,290,480,350,1730,5140,8180,10850,6253,177,570,142,1425,,532,1749,t3_calmveil
standard,129,r1,red,top,戰士,kuangfeng,standard,0,0,2,0,11064,24175,8884,393.7,8.55,17.77,,2,1,1,2,2,538,398,490,854,3688,5398,7570,6253,842,,,475,,0,,t3_shieldbreaker|t3_finalstring
standard,129,r2,red,jungle,戰士,ravager,standard,0,0,4,0,6350,15748,8588,380.6,8.33,18.98,,2,1,1,2,2,135,963,64,408,3885,5793,7594,6253,114,,,,1226,0,,t3_shieldbreaker|t3_finalstring
standard,129,r3,red,mid,法師,mingyun2,standard,0,0,4,1,13738,13900,8495,376.4,11.21,20.12,,2,0,1,1,2,1352,87,1595,244,3612,5417,7675,6253,804,,142,475,,0,,t3_psyward
standard,129,r4,red,adc,射手,huanying,standard,0,2,6,0,16244,13046,9587,424.8,9.31,18.53,,2,1,1,2,2,376,155,1152,837,3726,5835,8672,6253,804,1140,,475,,0,,t3_shieldbreaker|t3_rendspear
standard,129,r5,red,sup,輔助,mantra,standard,0,1,1,1,5011,14979,10084,446.9,7.04,11.89,17.27,3,1,2,3,3,1076,287,985,1044,5076,7317,9265,6253,360,570,142,,,0,1938,t3_calmveil
standard,130,b1,blue,top,戰士,greymantle,standard,0,0,2,0,8474,26120,9269,409.4,8.43,17.57,,2,1,1,2,2,614,558,282,989,3764,6088,7912,6253,969,,,285,,405,,t3_shieldbreaker|t3_finalstring
standard,130,b2,blue,jungle,刺客,yingsi,standard,0,1,4,0,7009,10069,9408,415.5,9.56,17.28,,2,1,1,2,2,387,1581,682,1277,3587,5961,8462,6253,76,570,,285,872,405,,t3_finalstring
standard,130,b3,blue,mid,法師,bingshuang,standard,0,1,7,1,12976,14469,10115,446.7,10.98,18.94,,2,0,1,2,2,1533,555,158,1034,3793,6155,8188,6253,959,,285,285,,405,,t3_psyward
standard,130,b4,blue,adc,射手,guangsu,standard,0,2,6,0,14761,9754,9295,410.5,11.81,19.36,,2,0,1,2,2,1484,183,273,744,3644,5563,7273,6253,582,,,285,,152,,t3_shieldbreaker|t3_rendspear
standard,130,b5,blue,sup,坦克,tiebi,standard,0,2,6,0,6073,22746,12965,572.6,6.59,11.75,16.52,4,1,2,4,4,1734,1099,284,1165,4634,8339,12084,6253,224,1140,,1710,17,152,2586,t3_calmveil|t3_thornmail
standard,130,r1,red,top,戰士,greymantle,standard,1,4,0,0,10947,20576,12379,546.7,8.79,16,19.83,3,1,1,3,3,519,438,327,1348,3669,5968,9977,6253,836,1140,,1520,,228,,t3_shieldbreaker|t3_finalstring
standard,130,r2,red,jungle,刺客,yingsi,standard,1,3,1,5,9067,10533,12322,544.2,8.92,14.7,20.98,3,1,2,2,3,644,99,1358,1192,3844,6799,9438,6253,171,570,712,332,1170,228,,t3_finalstring
standard,130,r3,red,mid,法師,bingshuang,standard,1,10,2,2,24844,14435,15409,680.6,9.82,14.95,19.18,4,1,2,3,4,351,43,367,1579,4201,7593,12267,6253,1083,3990,142,570,,228,,t3_psyward
standard,130,r4,red,adc,射手,guangsu,standard,1,7,3,1,16262,9637,12664,559.3,10.78,17.67,,2,0,1,2,2,1205,322,792,3763,3365,5702,9692,6253,551,2280,285,95,,228,,t3_shieldbreaker|t3_rendspear
standard,130,r5,red,sup,坦克,tiebi,standard,1,1,0,2,5525,16315,12729,562.2,7.58,12.52,17.13,4,1,2,3,4,344,762,1355,1129,4544,8002,11335,6253,323,570,285,1282,,228,2392,t3_calmveil|t3_thornmail
standard,131,b1,blue,top,戰士,ravager,standard,0,1,2,1,14403,31517,10958,428.2,9.28,18.2,22.99,3,1,1,2,3,462,187,310,108,3612,5417,8660,6253,639,570,95,950,,152,,t3_shieldbreaker|t3_finalstring
standard,131,b2,blue,jungle,刺客,shanying,standard,0,4,3,0,9215,15579,12482,487.7,8.86,16.38,18.95,3,1,1,3,3,675,1024,404,1351,4575,6654,10404,6253,418,2280,,,1300,152,,t3_finalstring
standard,131,b3,blue,mid,法師,mingyun2,standard,0,6,2,3,23932,18746,13710,535.7,10.44,15.78,22.29,4,0,1,2,4,1542,399,302,60,3802,6899,9702,6253,1064,1710,522,,,152,,t3_psyward
standard,131,b4,blue,adc,射手,maestro,standard,0,12,12,1,26448,14257,16218,633.7,9.31,15.11,18.95,5,1,1,3,5,481,1362,146,618,3831,7042,11526,6253,845,3990,285,,,152,,t3_shieldbreaker|t3_rendspear
standard,131,b5,blue,sup,坦克,longji,standard,0,0,3,2,8175,23787,12368,483.3,7.42,12.47,17,4,1,2,3,4,601,487,527,768,4801,7727,10507,6253,490,,237,950,,152,2423,t3_calmveil|t3_thornmail
standard,131,r1,red,top,戰士,ravager,standard,1,3,1,0,17536,29836,12048,470.8,9.71,16.68,22.04,3,1,1,2,3,108,989,331,1017,4258,6519,8381,6253,931,570,,285,,342,,t3_shieldbreaker|t3_finalstring
standard,131,r2,red,jungle,刺客,shanying,standard,1,1,3,0,7533,12152,12203,476.8,8.71,16.5,21.81,3,1,1,2,3,614,1049,679,1072,3814,6379,8759,6253,133,,,285,1745,342,,t3_finalstring
standard,131,r3,red,mid,法師,mingyun2,standard,1,1,3,1,20168,15596,11307,441.8,10.4,19.37,24.75,3,0,1,2,3,1675,448,1230,756,3935,6348,8780,6253,1045,570,285,285,,342,,t3_psyward
standard,131,r4,red,adc,射手,maestro,standard,1,17,13,0,36789,12833,19914,778.1,10.53,15.11,18.95,5,0,1,3,5,2051,1324,314,4313,4211,7004,11564,6253,883,3990,,285,,152,,t3_shieldbreaker|t3_rendspear
standard,131,r5,red,sup,坦克,longji,standard,1,0,3,4,8000,23586,13044,509.7,7.32,13.42,19.22,4,1,2,3,4,411,300,487,1664,4611,7240,9387,6253,351,,285,285,,342,1870,t3_calmveil|t3_thornmail
standard,132,b1,blue,top,戰士,dadi2,standard,0,1,1,0,11622,30783,10324,431.2,8.35,18.18,22.21,3,1,1,2,3,671,626,421,243,3821,5626,9021,6253,969,570,,950,,278,,t3_shieldbreaker|t3_finalstring
standard,132,b2,blue,jungle,刺客,dianguang,standard,0,4,4,0,6070,13301,11473,479.2,8.99,14.81,21.29,3,1,2,2,3,539,122,885,392,4389,6772,9215,6253,209,1710,,,890,152,,t3_finalstring
standard,132,b3,blue,mid,法師,bingshuang,standard,0,1,2,0,19457,15282,10219,426.8,10.43,18.61,,2,0,1,2,2,1732,16,140,919,3992,6196,8840,6253,1026,570,,712,,278,,t3_psyward
standard,132,b4,blue,adc,射手,liuxing,standard,0,9,9,0,19664,12865,14073,587.8,7.86,16.83,20.11,4,1,1,2,4,226,588,1520,852,4226,6268,10420,6253,655,2850,,475,34,152,,t3_shieldbreaker|t3_rendspear
standard,132,b5,blue,sup,輔助,hexweave,standard,0,1,2,1,6717,18804,12140,507.1,6.83,12.13,17.07,4,1,2,3,4,326,509,866,689,4626,7239,9906,6253,180,570,285,237,34,278,2066,t3_calmveil
standard,132,r1,red,top,戰士,dadi2,standard,1,1,1,0,10146,30077,10780,450.3,8.79,16.91,21.92,3,1,1,2,3,211,545,708,279,4011,6025,9008,6253,1083,570,,760,,342,,t3_shieldbreaker|t3_finalstring
standard,132,r2,red,jungle,刺客,dianguang,standard,1,4,3,0,10278,13004,12874,537.7,9.08,12.97,19.25,3,1,2,3,3,1467,50,341,1793,4667,7600,10291,6253,389,1710,,285,1311,342,,t3_finalstring
standard,132,r3,red,mid,法師,bingshuang,standard,1,5,4,2,24464,15187,14159,591.4,9.78,15.89,20.11,3,1,1,2,3,332,418,1457,2258,4182,6918,10857,6253,1032,1710,285,1235,,342,,t3_psyward
standard,132,r4,red,adc,射手,liuxing,standard,1,7,7,0,16730,11045,12813,535.2,8.65,18.1,21.27,3,1,1,2,3,718,497,184,1012,4068,6177,9084,6253,684,1710,,285,,152,,t3_shieldbreaker|t3_rendspear
standard,132,r5,red,sup,輔助,hexweave,standard,1,1,1,2,7098,14848,12548,524.1,6.08,11.21,15.17,4,1,2,4,4,501,731,300,1667,4801,7461,10700,6253,231,570,570,285,,342,2448,t3_calmveil
standard,133,b1,blue,top,戰士,ronggang,standard,0,0,3,0,7322,24661,8920,384.9,9.49,17.13,,2,1,1,2,2,747,640,307,690,3897,6120,7887,6253,1026,,,190,,418,,t3_shieldbreaker|t3_finalstring
standard,133,b2,blue,jungle,刺客,leisuhunter,standard,0,1,3,0,5310,13249,10248,442.2,8.93,16.4,22.18,3,1,1,2,3,654,660,619,117,3854,6240,8649,6253,285,570,,190,1028,323,,t3_finalstring
standard,133,b3,blue,mid,法師,lieyan,standard,0,5,7,0,15146,15744,12103,522.2,8.96,17.83,22.79,3,1,1,2,3,503,504,233,772,4353,7004,8733,6253,826,570,,665,,418,,t3_psyward
standard,133,b4,blue,adc,射手,shensheng,standard,0,7,5,0,18273,10991,12920,557.5,8.93,16.83,20.26,3,1,1,2,3,433,341,1144,1119,3783,5721,10044,6253,760,2280,,427,,323,,t3_shieldbreaker|t3_rendspear
standard,133,b5,blue,sup,輔助,shengming,standard,0,1,2,0,5750,16228,10702,461.8,7.31,12.15,16.38,4,1,2,3,4,514,577,610,301,5114,7607,9650,6253,218,570,,427,,418,1762,t3_calmveil
standard,133,r1,red,top,戰士,ronggang,standard,1,6,1,1,13462,25490,14810,639.1,9.73,16.83,20.55,4,1,1,2,4,158,944,2726,1830,4258,6424,11326,6253,1007,1140,285,2375,,266,,t3_shieldbreaker|t3_finalstring
standard,133,r2,red,jungle,刺客,leisuhunter,standard,1,0,2,0,8737,12062,9853,425.1,7.9,16.39,,2,1,1,2,2,295,869,996,1522,4145,6449,8546,6253,240,,,,1786,266,,t3_finalstring
standard,133,r3,red,mid,法師,lieyan,standard,1,6,5,1,17406,15407,13379,577.3,9.51,16.84,20.26,3,1,1,2,3,402,355,1255,898,4252,6855,10655,6253,1190,1710,285,950,,266,,t3_psyward
standard,133,r4,red,adc,射手,shensheng,standard,1,7,6,1,16588,10998,12825,553.4,10.57,17.26,20.67,3,0,1,2,3,1433,1036,441,1024,3593,5816,9341,6253,684,1710,142,475,,76,,t3_shieldbreaker|t3_rendspear
standard,133,r5,red,sup,輔助,shengming,standard,1,1,0,7,6698,14171,12809,552.7,6.13,12.28,18.27,4,1,2,4,4,557,164,350,1359,4557,6894,10750,6253,221,570,997,,,266,2441,t3_calmveil
standard,134,b1,blue,top,戰士,anliuyouXia,standard,0,1,5,0,9155,30930,10354,429.3,8.57,16.9,22.43,3,1,1,2,3,684,1040,247,104,3834,6570,8527,6253,867,570,,570,,266,,t3_shieldbreaker|t3_finalstring
standard,134,b2,blue,jungle,刺客,duskblade,standard,0,0,8,1,4277,12197,9377,388.8,8.7,18.38,,2,1,1,2,2,560,79,265,1247,3760,5709,7745,6253,69,,,95,1061,266,,t3_finalstring
standard,134,b3,blue,mid,法師,shikong,standard,0,1,5,1,16621,16949,9705,402.4,10.04,17.94,,2,0,1,2,2,1694,291,465,825,3954,5721,8115,6253,1121,570,,95,,76,,t3_psyward
standard,134,b4,blue,adc,射手,liangzicz,standard,0,3,10,0,18076,15051,10810,448.3,10.38,17.56,23.01,3,0,1,2,3,1177,109,346,730,3337,5259,7216,6253,364,,,332,,266,,t3_shieldbreaker|t3_rendspear
standard,134,b5,blue,sup,坦克,tiemu,standard,0,1,2,0,5724,26741,11494,476.6,6.86,13.18,17.57,4,1,2,3,4,666,385,553,133,4566,7185,9533,6253,237,,,332,,266,2444,t3_calmveil|t3_thornmail
standard,134,r1,red,top,戰士,anliuyouXia,standard,1,6,0,0,14722,26724,14218,589.5,9.03,16.48,21.47,4,1,1,2,4,538,894,681,1667,3688,6424,9331,6253,779,1710,,285,,304,,t3_shieldbreaker|t3_finalstring
standard,134,r2,red,jungle,刺客,duskblade,standard,1,2,2,0,5434,11118,11844,491.1,8.57,17.04,21.95,3,1,1,2,3,362,1681,1481,713,4742,7311,9861,6253,316,1140,,285,1561,304,,t3_finalstring
standard,134,r3,red,mid,法師,shikong,standard,1,11,2,2,30334,15298,17008,705.2,8.85,15.78,19.22,4,1,1,3,4,1235,827,43,2607,5085,7327,11773,6253,1035,2850,570,760,,304,,t3_psyward
standard,134,r4,red,adc,射手,liangzicz,standard,1,11,2,3,38253,9089,17437,723,10.33,16.78,19.03,5,0,1,3,5,2109,1268,174,1836,4269,6948,11974,6253,809,3420,427,760,,304,,t3_shieldbreaker|t3_rendspear
standard,134,r5,red,sup,坦克,tiemu,standard,1,0,0,6,6331,19468,13075,542.2,6.5,12.31,17.55,4,1,2,3,4,182,159,369,875,4682,7399,10349,6253,365,,712,285,,304,2428,t3_calmveil|t3_thornmail
standard,135,b1,blue,top,戰士,tielian,standard,0,0,2,0,9182,27908,10866,451,8.99,18.38,22.51,3,1,1,2,3,443,180,341,665,3593,5360,7621,6253,893,,,475,,0,,t3_shieldbreaker|t3_finalstring
standard,135,b2,blue,jungle,刺客,miwu,standard,0,0,7,0,4756,11240,8959,371.9,9.2,18.49,,2,1,1,2,2,583,414,780,629,3783,5694,7430,6253,304,,,,873,0,,t3_finalstring
standard,135,b3,blue,mid,法師,lieyan,standard,0,2,7,0,15585,14765,10204,423.5,11.21,17.68,,2,0,1,2,2,1371,262,459,1323,3631,5572,8859,6253,991,1140,,475,,0,,t3_psyward
standard,135,b4,blue,adc,射手,xingchen,standard,0,4,6,0,14370,11715,11474,476.3,8.12,17.52,21.77,3,1,1,2,3,937,649,264,823,4287,6329,8514,6253,883,1140,,237,,0,,t3_shieldbreaker|t3_rendspear
standard,135,b5,blue,sup,輔助,shengguang,standard,0,2,5,1,6585,19749,11722,486.5,6.34,11.49,15.47,4,1,2,3,4,1143,632,598,1021,5143,7662,9638,6253,386,570,285,237,,0,1906,t3_calmveil
standard,135,r1,red,top,戰士,tielian,standard,1,10,0,0,19174,27702,16508,685.2,7.78,16.33,17.55,4,1,1,3,4,193,1148,1699,3528,3993,6628,12499,6253,1108,3990,,665,26,456,,t3_shieldbreaker|t3_finalstring
standard,135,r2,red,jungle,刺客,miwu,standard,1,3,1,1,8227,12891,12999,539.6,7.38,16.68,20.27,4,1,1,2,4,509,1010,1830,548,4359,6590,10160,6253,310,1140,285,190,1525,456,,t3_finalstring
standard,135,r3,red,mid,法師,lieyan,standard,1,3,3,3,16336,14868,13030,540.9,10.34,17.67,21.77,3,0,1,2,3,1631,174,216,1130,3891,6674,9496,6253,1314,570,712,190,,456,,t3_psyward
standard,135,r4,red,adc,射手,xingchen,standard,1,11,3,1,27857,11196,16450,682.8,9.68,16.44,19.65,4,1,1,3,4,300,985,275,2600,3650,6665,10275,6253,620,2280,,665,,456,,t3_shieldbreaker|t3_rendspear
standard,135,r5,red,sup,輔助,shengguang,standard,1,0,1,5,6415,15499,13105,544,5.8,11.88,16.18,4,1,2,3,4,339,1040,1685,1654,4639,7290,9385,6253,332,,142,190,,456,2010,t3_calmveil
standard,136,b1,blue,top,戰士,hunpo,standard,1,0,3,1,13762,22018,10223,414.3,9.98,19.18,,2,1,1,2,2,275,91,565,873,4125,6241,8065,6253,1007,,,285,26,494,,t3_psyward
standard,136,b2,blue,jungle,刺客,jueying,standard,1,4,3,1,8848,10717,13077,530,8.53,17.21,20.17,3,1,1,2,3,233,1330,2350,1996,4083,6910,10680,6253,332,2280,,285,1035,494,,t3_finalstring
standard,136,b3,blue,mid,法師,shikong,standard,1,3,2,0,16781,15048,11635,471.5,11.53,18.24,24.04,3,0,1,2,3,1612,420,528,354,3872,6570,8508,6253,905,570,,285,,494,,t3_psyward
standard,136,b4,blue,adc,射手,dujian,standard,1,11,4,2,37278,11095,16938,686.4,9.54,17.51,19.74,4,1,1,3,4,543,360,148,3088,3893,6040,10448,6253,912,1710,285,760,34,494,,t3_shieldbreaker|t3_rendspear
standard,136,b5,blue,sup,輔助,mingyunyindao,standard,1,1,4,2,6106,17173,12602,510.7,6.52,11.09,14.42,4,1,3,3,4,427,198,739,1151,4727,7898,9779,6253,224,570,285,285,34,304,1822,t3_calmveil
standard,136,r1,red,top,戰士,hunpo,standard,0,8,3,1,15018,25335,14555,589.9,10.99,14.11,19.18,4,0,2,3,4,1517,328,321,204,3777,8128,11301,6253,836,2850,285,950,51,76,,t3_psyward
standard,136,r2,red,jungle,刺客,jueying,standard,0,1,4,1,8254,14374,11030,447,8.63,16.53,23.1,3,1,1,2,3,719,1001,493,600,3919,6581,8823,6253,323,570,95,,1505,76,,t3_finalstring
standard,136,r3,red,mid,法師,shikong,standard,0,2,3,0,15470,16189,10685,433,10.26,19.16,24.32,3,0,1,2,3,1580,95,463,184,3840,5645,7963,6253,1159,,,475,,76,,t3_psyward
standard,136,r4,red,adc,射手,dujian,standard,0,5,7,1,14644,10825,11888,481.8,9.69,19.58,23.18,3,1,1,2,3,110,485,187,987,3460,5265,7507,6253,608,,95,475,,76,,t3_shieldbreaker|t3_rendspear
standard,136,r5,red,sup,輔助,mingyunyindao,standard,0,0,2,3,6415,17625,11564,468.6,5.78,12.1,17.27,4,1,2,3,4,311,140,401,683,4611,7170,8861,6253,456,,95,,,76,1981,t3_calmveil
standard,137,b1,blue,top,戰士,dushe,standard,0,2,2,0,11137,26236,9209,423.7,7.58,16.78,,2,1,1,2,2,456,809,267,558,4306,6339,8617,6253,693,1140,,190,17,323,,t3_shieldbreaker|t3_finalstring
standard,137,b2,blue,jungle,刺客,anye,standard,0,0,3,0,5316,10916,9343,429.9,10.43,16.83,,2,0,1,2,2,1995,985,268,962,3925,6615,8648,6253,123,,,665,1283,323,,t3_finalstring
standard,137,b3,blue,mid,法師,lieyan,standard,0,0,3,1,11687,13091,8545,393.2,10.48,19.85,,2,0,1,2,2,1561,442,142,695,3821,5892,7992,6253,940,,285,190,,323,,t3_psyward
standard,137,b4,blue,adc,射手,tianfa,standard,0,7,6,0,18633,11076,12830,590.3,9.14,16.07,19.65,3,1,1,3,3,557,991,816,979,3907,6671,11136,6253,1045,2850,,665,,323,,t3_shieldbreaker|t3_rendspear
standard,137,b5,blue,sup,坦克,xukong,standard,0,0,2,1,5007,17035,10713,492.9,6.85,11.63,17.76,3,1,2,3,3,427,306,359,332,4877,7546,10159,6253,199,,285,665,,228,2528,t3_calmveil|t3_thornmail
standard,137,r1,red,top,戰士,dushe,standard,1,2,0,1,8590,22884,10871,500.2,8.7,16.46,21.34,3,1,1,2,3,728,413,907,321,3878,5643,9557,6253,1064,570,285,1140,17,228,,t3_shieldbreaker|t3_finalstring
standard,137,r2,red,jungle,刺客,anye,standard,1,3,1,2,9944,9699,11882,546.7,10.12,16.49,19.63,3,0,1,3,3,2402,915,298,752,4332,6545,9998,6253,218,570,570,190,1968,228,,t3_finalstring
standard,137,r3,red,mid,法師,lieyan,standard,1,5,3,0,17101,13176,12060,554.9,8.8,17.22,,2,1,1,2,2,617,186,1772,2660,4467,6386,10272,6253,1083,2280,,427,,228,,t3_psyward
standard,137,r4,red,adc,射手,tianfa,standard,1,5,5,2,20827,9085,12146,558.9,9.57,15.88,19.65,3,1,1,3,3,205,668,262,345,3555,6348,10262,6253,836,2280,,665,,228,,t3_shieldbreaker|t3_rendspear
standard,137,r5,red,sup,坦克,xukong,standard,1,1,0,0,5156,18474,10946,503.6,8.71,13.21,17.77,3,1,2,3,3,335,22,822,965,4535,6962,10202,6253,256,570,,902,,228,1991,t3_calmveil|t3_thornmail
standard,138,b1,blue,top,戰士,fengbao,standard,0,1,0,0,10458,18436,8990,434.8,7.67,16.98,,2,1,1,2,2,330,926,724,339,4480,6456,8774,6253,1247,570,,475,,228,,t3_shieldbreaker|t3_finalstring
standard,138,b2,blue,jungle,刺客,wuxing,standard,0,1,3,1,5865,8982,8794,425.3,9.1,16.32,,2,1,1,2,2,987,1054,346,664,4187,6684,8476,6253,478,570,142,,803,228,,t3_finalstring
standard,138,b3,blue,mid,法師,shikong,standard,0,1,0,1,11659,12022,8163,394.8,10.57,19.92,,2,0,1,2,2,1488,392,59,313,3748,6142,7909,6253,715,570,142,,,228,,t3_psyward
standard,138,b4,blue,adc,射手,mirrorshot,standard,0,3,3,0,11984,8697,9260,447.9,10.5,18.42,,2,0,1,2,2,1500,265,224,1010,3660,5645,8474,6253,598,1140,,237,17,228,,t3_shieldbreaker|t3_rendspear
standard,138,b5,blue,sup,坦克,tixue,standard,0,0,3,0,5333,15907,9832,475.6,7.68,13.38,17.83,3,1,2,3,3,515,247,936,1152,4715,7347,9616,6253,342,,,712,,228,2080,t3_calmveil|t3_thornmail
standard,138,r1,red,top,戰士,fengbao,standard,1,5,1,0,10221,21357,12695,614,8.57,13.48,17.93,3,1,2,3,3,161,731,839,1244,4011,7881,12289,6253,1314,2850,,1567,,304,,t3_shieldbreaker|t3_finalstring
standard,138,r2,red,jungle,刺客,wuxing,standard,1,0,1,1,5986,9201,9627,465.6,8.63,15.79,,2,1,1,2,2,877,1072,993,1246,4077,6702,9073,6253,297,,142,380,1695,304,,t3_finalstring
standard,138,r3,red,mid,法師,shikong,standard,1,2,1,2,11713,11512,10063,486.7,10.73,17.09,,2,0,1,2,2,1419,93,607,663,3679,6323,9657,6253,915,1140,427,617,,304,,t3_psyward
standard,138,r4,red,adc,射手,mirrorshot,standard,1,2,3,0,6746,8243,9091,439.7,11.25,18.09,,2,0,1,2,2,1300,284,165,1141,3460,5664,8115,6253,607,570,,380,,304,,t3_shieldbreaker|t3_rendspear
standard,138,r5,red,sup,坦克,tixue,standard,1,0,0,1,5956,16384,10412,503.6,7.23,12.88,17.78,3,1,2,3,3,616,88,26,432,4516,7328,10006,6253,285,,285,380,,304,2498,t3_calmveil|t3_thornmail
standard,139,b1,blue,top,戰士,rongyan,standard,0,1,6,0,12789,28896,11319,445.8,8.93,16.37,24.53,3,1,1,2,3,177,507,554,1718,4277,5987,8134,6253,760,570,,475,,76,,t3_shieldbreaker|t3_finalstring
standard,139,b2,blue,jungle,刺客,razorwing,standard,0,2,6,1,7533,15020,11634,458.2,8.27,16.54,22.6,3,1,1,2,3,689,573,1016,553,3889,6153,8746,6253,699,570,,,1146,76,,t3_finalstring
standard,139,b3,blue,mid,法師,xingjie,standard,0,5,9,0,16676,18847,12696,500,9.5,15.05,21.73,3,1,1,2,3,240,1235,710,786,4790,7735,10110,6253,1026,2280,,475,,76,,t3_psyward
standard,139,b4,blue,adc,射手,hanbing,standard,0,9,10,1,24020,13511,14276,562.2,9.55,15.87,21.53,4,1,1,2,4,243,1162,1117,1056,3593,6842,9667,6253,772,2280,285,,,76,,t3_shieldbreaker|t3_rendspear
standard,139,b5,blue,sup,輔助,linghun,standard,0,1,4,2,4289,20625,13263,522.3,6.8,12.27,16.58,4,1,2,3,4,334,954,402,1813,4634,7434,9442,6253,427,,285,475,51,76,1874,t3_calmveil
standard,139,r1,red,top,戰士,rongyan,standard,1,6,2,1,18634,27592,15011,591.2,8.99,15.45,19.94,4,1,1,3,4,97,1267,201,1561,3897,6747,10281,6253,1216,1710,285,285,,532,,t3_shieldbreaker|t3_finalstring
standard,139,r2,red,jungle,刺客,razorwing,standard,1,2,0,0,6196,10681,12512,492.8,8.35,15.29,22.97,3,1,1,2,3,387,1134,1459,1911,4237,6714,9009,6253,171,,,285,1768,532,,t3_finalstring
standard,139,r3,red,mid,法師,xingjie,standard,1,13,5,1,23638,17411,18811,740.8,10.98,15.03,19.45,5,0,1,3,5,2084,1492,1493,2661,4344,7992,12523,6253,1035,3420,285,997,,532,,t3_psyward
standard,139,r4,red,adc,射手,hanbing,standard,1,12,9,3,35801,13078,18339,722.3,9.27,16.9,19.82,5,1,1,3,5,870,1561,322,2739,4220,7241,11222,6253,874,2280,285,997,,532,,t3_shieldbreaker|t3_rendspear
standard,139,r5,red,sup,輔助,linghun,standard,1,2,2,2,7480,15727,14286,562.6,7.13,11.45,16.96,5,1,2,3,5,1405,727,3376,1085,5105,7757,11956,6253,85,1140,285,1710,,532,1950,t3_calmveil
standard,140,b1,blue,top,戰士,embercoil,standard,0,1,4,0,11064,27178,8738,397,9.14,17.22,,2,1,1,2,2,994,336,383,507,4144,5816,7963,6253,665,570,,475,,0,,t3_shieldbreaker|t3_finalstring
standard,140,b2,blue,jungle,戰士,hunpo,standard,0,1,4,1,5582,10234,9070,412.1,11.28,18.72,,2,0,1,2,2,1617,324,526,520,3827,5874,8326,6253,281,570,142,,1078,0,,t3_psyward
standard,140,b3,blue,mid,法師,auralith,standard,0,0,4,0,9754,13125,9067,412,11.88,17.67,,2,0,1,2,2,1583,347,595,667,3843,5677,8425,6253,1222,,,950,,0,,t3_psyward
standard,140,b4,blue,adc,射手,xuanfeng,standard,0,3,7,0,15363,8989,9298,422.5,10.45,19.72,,2,0,1,2,2,1319,98,140,1048,3479,5778,7460,6253,636,570,,,,0,,t3_shieldbreaker|t3_rendspear
standard,140,b5,blue,sup,坦克,shengdun,standard,0,0,3,1,5069,22088,10301,468,7.05,14.03,16.87,3,1,2,3,3,514,141,779,820,4614,7141,9659,6253,386,,142,475,,0,2401,t3_calmveil|t3_thornmail
standard,140,r1,red,top,戰士,embercoil,standard,1,7,1,0,15722,22083,13298,604.2,8.18,15.78,18.16,4,1,1,3,4,633,944,488,497,3783,6424,11288,6253,981,2850,,823,,380,,t3_shieldbreaker|t3_finalstring
standard,140,r2,red,jungle,戰士,hunpo,standard,1,2,1,1,9040,10085,11667,530.1,8.8,15.91,20.77,3,1,1,2,3,893,1691,1311,867,4693,7241,10661,6253,164,1140,285,585,1662,570,,t3_psyward
standard,140,r3,red,mid,法師,auralith,standard,1,3,1,0,13800,13533,10926,496.4,11.43,17.35,21.55,3,0,1,2,3,1479,533,166,375,3739,6133,8916,6253,1095,570,,427,,570,,t3_psyward
standard,140,r4,red,adc,射手,xuanfeng,standard,1,10,2,2,26635,9198,15752,715.7,9.38,15.04,19.21,4,1,1,3,4,436,1431,2730,1901,3786,7111,13210,6253,1003,3990,570,823,,570,,t3_shieldbreaker|t3_rendspear
standard,140,r5,red,sup,坦克,shengdun,standard,1,0,0,2,5247,18571,11857,538.8,7.23,12.7,17.9,4,1,2,3,4,561,716,823,357,4661,7416,10703,6253,288,,285,665,,570,2641,t3_calmveil|t3_thornmail
standard,141,b1,blue,top,戰士,greymantle,standard,1,2,3,0,17610,32010,12582,451.1,8.48,18.01,22.06,3,1,1,2,3,671,495,468,1132,3821,6025,8818,6253,855,570,,760,,380,,t3_shieldbreaker|t3_finalstring
standard,141,b2,blue,jungle,戰士,leimingcf,standard,1,1,3,1,8933,21975,12683,454.7,9.35,17.27,23.08,3,1,1,2,3,795,805,741,1283,3895,6285,8441,6253,354,,142,285,1026,380,,t3_shieldbreaker|t3_finalstring
standard,141,b3,blue,mid,法師,xingjie,standard,1,8,8,1,35263,20531,16449,589.7,10.21,17.3,21.08,4,0,1,2,4,1542,200,283,2048,3802,6700,9683,6253,1054,1710,,285,,380,,t3_psyward
standard,141,b4,blue,adc,射手,phantom,standard,1,10,9,1,42712,13869,17045,611.1,10.89,17.43,22.1,5,0,1,2,5,1576,355,652,1445,3736,6035,8902,6253,921,570,,760,17,380,,t3_shieldbreaker|t3_rendspear
standard,141,b5,blue,sup,坦克,dadi,standard,1,2,3,3,10596,30430,14546,521.5,7.43,11.35,16.37,5,1,2,3,5,539,959,1049,945,5339,8199,11029,6253,386,1140,142,285,,380,2441,t3_calmveil|t3_thornmail
standard,141,r1,red,top,戰士,greymantle,standard,0,2,2,0,13454,34306,12224,438.3,9.53,16.46,22.84,3,1,1,2,3,519,476,320,774,3669,6006,8970,6253,817,570,,1140,,190,,t3_shieldbreaker|t3_finalstring
standard,141,r2,red,jungle,戰士,leimingcf,standard,0,7,3,0,16501,25184,15957,572.1,8.76,16.13,18.77,5,1,1,3,5,922,1258,255,657,4022,6738,10755,6253,437,2280,,190,1404,190,,t3_shieldbreaker|t3_finalstring
standard,141,r3,red,mid,法師,xingjie,standard,0,4,8,4,29356,19697,13773,493.8,9.01,18.77,25.23,3,1,1,2,3,389,258,321,1692,4239,6158,8771,6253,997,570,570,190,,190,,t3_psyward
standard,141,r4,red,adc,射手,phantom,standard,0,13,9,0,40061,13722,17627,632,9.96,18.31,22.1,5,1,1,2,5,68,774,306,2026,4068,5854,8856,6253,703,1710,,190,,0,,t3_shieldbreaker|t3_rendspear
standard,141,r5,red,sup,坦克,dadi,standard,0,0,1,3,8564,27691,13412,480.9,7.31,12.52,17.06,4,1,2,3,4,587,401,495,1212,4487,7641,10475,6253,237,,570,665,,190,2559,t3_calmveil|t3_thornmail
standard,142,b1,blue,top,戰士,ravager,standard,0,0,4,0,13488,29502,9455,364.5,9.33,18.08,,2,1,1,2,2,462,797,626,1424,3612,5797,7526,6253,722,,,475,,76,,t3_shieldbreaker|t3_finalstring
standard,142,b2,blue,jungle,戰士,xueyue,standard,0,0,7,0,8837,21300,9979,384.7,7.58,17.98,25.66,3,1,1,2,3,282,599,281,428,4032,6029,7811,6253,446,,,,1035,76,,t3_shieldbreaker|t3_finalstring
standard,142,b3,blue,mid,法師,auralith,standard,0,1,7,0,14115,17879,10874,419.2,11.03,19.12,23.81,3,0,1,2,3,1580,97,539,124,3840,5607,8369,6253,969,570,,475,26,76,,t3_psyward
standard,142,b4,blue,adc,射手,huanying,standard,0,6,9,0,20877,15584,12580,484.9,9.84,17.63,22.99,3,1,1,2,3,243,527,263,1780,3593,5427,7783,6253,883,570,,,,76,,t3_shieldbreaker|t3_rendspear
standard,142,b5,blue,sup,輔助,luminary,standard,0,0,7,1,8718,21702,12722,490.4,7.3,12.41,16.18,4,1,2,3,4,1425,1106,822,1271,4525,7356,8982,6253,171,,,475,,76,2006,t3_calmveil
standard,142,r1,red,top,戰士,ravager,standard,1,11,0,1,28223,31926,18211,702,9.03,14.45,18.99,5,1,2,3,5,785,491,399,2910,3935,8191,10899,6253,1083,2280,285,617,,380,,t3_shieldbreaker|t3_finalstring
standard,142,r2,red,jungle,戰士,xueyue,standard,1,7,0,0,13958,18202,14753,568.7,8.63,15.85,17.68,4,1,1,3,4,337,1905,293,1823,4387,7335,11043,6253,209,2850,,380,971,380,,t3_shieldbreaker|t3_finalstring
standard,142,r3,red,mid,法師,auralith,standard,1,4,2,5,28500,16094,14506,559.2,10.57,16.76,20.74,4,0,1,2,4,1571,551,843,855,3831,7051,10243,6253,1377,1140,712,380,,380,,t3_psyward
standard,142,r4,red,adc,射手,huanying,standard,1,10,5,1,27237,12131,16026,617.8,9.87,17.38,19.63,4,1,1,3,4,272,640,257,2175,3622,6320,10557,6253,693,2850,,380,,380,,t3_shieldbreaker|t3_rendspear
standard,142,r5,red,sup,輔助,luminary,standard,1,2,0,3,5877,13508,15135,583.4,7.23,10.88,14.36,5,1,3,3,5,1228,943,2117,1935,5228,8943,11347,6253,247,1140,427,617,,380,2282,t3_calmveil
standard,143,b1,blue,top,戰士,dadi2,standard,1,1,1,0,9554,19383,9819,439,9.11,17.38,22.07,3,1,1,2,3,405,906,867,219,3555,6386,8267,6253,646,570,,285,,513,,t3_shieldbreaker|t3_finalstring
standard,143,b2,blue,jungle,戰士,anliuyouXia,standard,1,1,1,1,7422,15976,10461,467.7,8.79,15.67,20.73,3,1,1,2,3,669,1712,1050,910,3769,7142,9300,6253,247,570,285,285,1146,513,,t3_shieldbreaker|t3_finalstring
standard,143,b3,blue,mid,法師,xingjie,standard,1,9,2,1,19866,15309,15065,673.6,9.07,15.35,19.59,4,1,1,3,4,465,1121,338,1235,4315,7621,11668,6253,1102,3420,285,285,,323,,t3_psyward
standard,143,b4,blue,adc,射手,guangsu,standard,1,6,3,2,20537,9842,13539,605.3,9.8,17.49,20.28,4,1,1,2,4,291,890,2443,319,3641,6570,10693,6253,931,2280,,760,51,418,,t3_shieldbreaker|t3_rendspear
standard,143,b5,blue,sup,輔助,xuemai,standard,1,1,3,1,5938,15835,12131,542.4,7.42,11.33,16.08,3,1,2,3,3,429,811,530,2900,5029,7841,9760,6253,228,570,,285,,513,1910,t3_calmveil
standard,143,r1,red,top,戰士,dadi2,standard,0,5,0,0,14070,23272,11800,527.6,8.36,15.83,18.31,3,1,1,3,3,1083,1175,244,400,4233,6655,11044,6253,896,2850,,950,,95,,t3_shieldbreaker|t3_finalstring
standard,143,r2,red,jungle,戰士,anliuyouXia,standard,0,1,3,0,7527,16841,9358,418.4,8.78,16.08,,2,1,1,2,2,710,1074,867,1177,3810,6504,8567,6253,247,570,,,1402,95,,t3_shieldbreaker|t3_finalstring
standard,143,r3,red,mid,法師,xingjie,standard,0,1,8,0,9572,15307,9441,422.1,11.13,19.29,,2,0,1,2,2,1428,387,855,441,3688,5417,8685,6253,817,570,,950,,95,,t3_psyward
standard,143,r4,red,adc,射手,guangsu,standard,0,3,6,2,15825,9035,9935,444.2,9.81,19.38,,2,1,1,2,2,101,390,469,1385,3451,5170,7469,6253,646,,570,,,0,,t3_shieldbreaker|t3_rendspear
standard,143,r5,red,sup,輔助,xuemai,standard,0,0,1,3,8281,12794,11022,492.8,5.93,12.49,16.57,3,1,2,3,3,279,594,926,1981,4579,7074,9506,6253,281,,570,475,,95,1830,t3_calmveil
standard,144,b1,blue,top,戰士,ronggang,standard,0,1,0,0,8885,22342,9570,440.7,10.33,18.21,,2,0,1,2,2,1505,73,352,1289,3555,5303,7982,6253,532,570,,475,,152,,t3_shieldbreaker|t3_finalstring
standard,144,b2,blue,jungle,戰士,kuangfeng,standard,0,0,2,0,6974,15308,8940,411.7,8.89,17.36,,2,1,1,2,2,968,649,454,710,4068,6129,8204,6253,722,,,237,839,152,,t3_shieldbreaker|t3_finalstring
standard,144,b3,blue,mid,法師,auralith,standard,0,1,3,1,13452,12424,9272,426.9,10.73,18.79,,2,0,1,2,2,1485,157,123,941,3745,5607,8153,6253,988,,285,475,,152,,t3_psyward
standard,144,b4,blue,adc,射手,maestro,standard,0,5,6,0,15892,10307,11514,530.2,9.93,16.85,19.86,3,1,1,3,3,405,461,49,1193,3755,5541,9749,6253,921,1710,,712,,152,,t3_shieldbreaker|t3_rendspear
standard,144,b5,blue,sup,坦克,longji,standard,0,1,2,0,6216,19273,11011,507,7.39,13.41,19.03,3,1,2,3,3,392,534,1312,1030,4592,7014,9912,6253,256,570,,,,152,2680,t3_calmveil|t3_thornmail
standard,144,r1,red,top,戰士,ronggang,standard,1,0,1,0,7056,21838,10469,482.1,8.38,19.26,20.38,3,1,1,2,3,614,343,1080,338,3764,5873,9730,6253,1140,,,1995,,342,,t3_shieldbreaker|t3_finalstring
standard,144,r2,red,jungle,戰士,kuangfeng,standard,1,4,0,0,11283,13568,11652,536.5,7.9,16.85,21.53,3,1,1,2,3,203,950,1607,251,4303,6430,10207,6253,418,1710,,95,1388,342,,t3_shieldbreaker|t3_finalstring
standard,144,r3,red,mid,法師,auralith,standard,1,2,3,0,16171,13392,9908,456.2,11.12,16.68,,2,0,1,2,2,1495,428,215,508,3755,6928,9265,6253,1149,1140,,570,,152,,t3_psyward
standard,144,r4,red,adc,射手,maestro,standard,1,6,4,1,17449,9398,11970,551.2,9.98,16.85,19.93,3,1,1,3,3,224,1192,53,1069,3574,6272,10053,6253,560,2280,285,332,,342,,t3_shieldbreaker|t3_rendspear
standard,144,r5,red,sup,坦克,longji,standard,1,1,0,0,6062,15760,10409,479.3,6.93,12.37,18.89,3,1,2,3,3,616,280,591,429,4516,7220,9671,6253,266,570,,332,,342,1907,t3_calmveil|t3_thornmail
standard,145,b1,blue,top,戰士,jingci,standard,0,0,7,0,10987,27922,8708,356.7,10.46,19.43,,2,0,1,2,2,1505,370,422,408,3555,5550,7222,6253,627,,,190,,152,,t3_shieldbreaker|t3_finalstring
standard,145,b2,blue,jungle,戰士,longyi,standard,0,1,4,0,8101,15559,10220,418.6,8.79,17.23,22.76,3,1,1,2,3,760,1069,1375,70,3860,6199,8605,6253,361,570,,190,1078,152,,t3_shieldbreaker|t3_finalstring
standard,145,b3,blue,mid,法師,ronghuo,standard,0,2,5,0,14410,15700,10684,437.6,10.7,19.23,,2,0,1,2,2,1523,330,360,1604,3783,5930,8210,6253,1045,570,,190,,152,,t3_psyward
standard,145,b4,blue,adc,射手,liuxing,standard,0,5,4,0,22275,10279,12179,498.8,10.6,17.98,22.01,3,0,1,2,3,1465,453,376,579,3625,6133,8926,6253,715,1140,,665,,152,,t3_shieldbreaker|t3_rendspear
standard,145,b5,blue,sup,輔助,hexweave,standard,0,2,3,0,8915,16845,12142,497.3,6.92,11.59,14.7,4,1,3,3,4,2592,353,1426,1182,5092,8053,10656,6253,291,1140,,1140,,152,1679,t3_calmveil
standard,145,r1,red,top,戰士,jingci,standard,1,6,0,0,15364,26491,14490,593.4,8.96,15.66,19.35,3,1,1,3,3,600,1196,52,3089,3750,6676,10432,6253,734,2280,,665,68,430,,t3_shieldbreaker|t3_finalstring
standard,145,r2,red,jungle,戰士,longyi,standard,1,3,2,1,12889,18480,12365,506.4,8.92,14.69,20.85,3,1,2,2,3,575,212,1405,1014,4325,6962,9955,6253,329,1140,142,190,1596,304,,t3_shieldbreaker|t3_finalstring
standard,145,r3,red,mid,法師,ronghuo,standard,1,4,2,2,14056,14305,13221,541.5,10.75,17.76,22.01,3,0,1,2,3,1441,208,88,1140,3701,5658,9068,6253,848,570,427,665,,304,,t3_psyward
standard,145,r4,red,adc,射手,liuxing,standard,1,10,5,0,25621,10184,15229,623.7,9.27,18.16,20.43,4,1,1,2,4,395,170,1878,1378,3745,5550,10778,6253,817,2850,,427,,430,,t3_shieldbreaker|t3_rendspear
standard,145,r5,red,sup,輔助,hexweave,standard,1,0,1,8,7295,18290,13700,561.1,6.15,11.47,15.83,5,1,2,3,5,308,462,2464,500,4608,7492,11694,6253,234,,1995,902,,430,1878,t3_calmveil
standard,146,b1,blue,top,戰士,longyi,standard,0,0,2,0,11955,31215,9617,394.7,8.8,17.38,,2,1,1,2,2,709,626,305,1387,3859,5626,8185,6253,981,,,950,,0,,t3_shieldbreaker|t3_finalstring
standard,146,b2,blue,jungle,戰士,cinderfist,standard,0,0,5,1,8528,19054,9202,377.6,9.24,18.63,,2,1,1,2,2,626,538,140,1021,3726,5668,7490,6253,399,,,,837,0,,t3_shieldbreaker|t3_finalstring
standard,146,b3,blue,mid,法師,gambler,standard,0,1,5,0,16484,16799,10244,420.4,10.73,19.82,,2,0,1,2,2,1466,182,284,944,3726,5512,7634,6253,905,,,475,,0,,t3_psyward
standard,146,b4,blue,adc,射手,shensheng,standard,0,2,4,0,13934,14804,10564,433.5,9.49,19.77,,2,1,1,2,2,215,265,161,1984,3565,5465,7061,6253,570,,,237,,0,,t3_shieldbreaker|t3_rendspear
standard,146,b5,blue,sup,輔助,shengming,standard,0,0,3,1,6925,18790,10431,428.1,6.28,12.41,16.49,3,1,2,3,3,573,141,314,1390,4573,7171,8894,6253,411,,,237,,0,1991,t3_calmveil
standard,146,r1,red,top,戰士,longyi,standard,1,3,0,0,19893,27026,13262,544.3,8.6,16.46,20.29,3,1,1,2,3,154,830,1273,2462,3954,6310,9873,6253,1282,1140,,665,,532,,t3_shieldbreaker|t3_finalstring
standard,146,r2,red,jungle,戰士,cinderfist,standard,1,4,1,1,15586,16812,13412,550.4,9.32,15.98,20.84,4,1,1,2,4,226,1183,1173,481,4276,6613,9723,6253,212,570,95,190,1870,532,,t3_shieldbreaker|t3_finalstring
standard,146,r3,red,mid,法師,gambler,standard,1,3,0,3,19679,15167,14041,576.2,10.5,16.8,21.22,4,0,1,2,4,1685,238,1214,211,3945,6738,10614,6253,1263,1140,285,1140,,532,,t3_psyward
standard,146,r4,red,adc,射手,shensheng,standard,1,7,1,3,29276,9970,15096,619.5,10.72,16.6,20.42,3,0,1,2,3,1718,288,545,3295,3878,5968,9445,6253,902,570,522,665,,532,,t3_shieldbreaker|t3_rendspear
standard,146,r5,red,sup,輔助,shengming,standard,1,2,1,2,5254,14776,12210,501.1,5.72,11.37,16.28,4,1,2,3,4,55,727,712,830,4655,7757,9942,6253,329,570,237,190,,532,1829,t3_calmveil
standard,147,b1,blue,top,戰士,chichuan,standard,0,3,1,0,16876,28002,11346,499.6,9.17,17.32,19.67,3,1,1,3,3,899,453,217,495,4049,5683,10167,6253,1178,1710,,950,,76,,t3_shieldbreaker|t3_finalstring
standard,147,b2,blue,jungle,戰士,xueyue,standard,0,0,3,0,8046,15416,8997,396.2,9.52,17.68,,2,1,1,2,2,913,782,377,767,4013,5962,7957,6253,380,,,,1248,76,,t3_shieldbreaker|t3_finalstring
standard,147,b3,blue,mid,法師,ronghuo,standard,0,0,3,0,11347,14276,10092,444.4,9.96,18.68,,2,1,1,2,2,218,444,184,1011,4068,6044,8514,6253,1710,,,475,,76,,t3_psyward
standard,147,b4,blue,adc,射手,liangzicz,standard,0,7,7,0,16584,10987,12096,532.7,9.86,17.04,21.09,3,1,1,2,3,509,478,971,1146,3859,6158,9521,6253,912,2280,,,,76,,t3_shieldbreaker|t3_rendspear
standard,147,b5,blue,sup,坦克,shiqiang,standard,0,1,5,0,6337,23694,10998,484.3,7.38,12.23,18.03,4,1,2,3,4,215,651,181,97,4715,7891,9981,6253,304,570,,950,,76,1827,t3_calmveil|t3_thornmail
standard,147,r1,red,top,戰士,chichuan,standard,1,2,0,0,18390,24418,10985,483.8,8.72,15.96,19.82,3,1,1,3,3,675,1044,280,555,3825,6574,9930,6253,839,1140,,1171,51,475,,t3_shieldbreaker|t3_finalstring
standard,147,r2,red,jungle,戰士,xueyue,standard,1,4,1,2,13077,12102,13113,577.4,8.04,16.24,22.11,3,1,1,2,3,917,1751,2489,1712,4017,6931,11089,6253,405,1710,427,380,1437,475,,t3_shieldbreaker|t3_finalstring
standard,147,r3,red,mid,法師,ronghuo,standard,1,3,3,2,11805,13781,11710,515.7,11.78,18.37,22.04,3,0,1,2,3,1409,192,1300,1159,3669,6092,8850,6253,997,,427,696,,475,,t3_psyward
standard,147,r4,red,adc,射手,liangzicz,standard,1,8,5,0,19053,9824,13531,595.8,9.09,16.92,19.02,4,1,1,3,4,452,820,998,630,3802,6500,11298,6253,864,3420,,380,,380,,t3_shieldbreaker|t3_rendspear
standard,147,r5,red,sup,坦克,shiqiang,standard,1,2,2,4,8315,17960,13158,579.5,6.58,12.84,15.54,4,1,2,3,4,406,981,2104,958,5206,8221,12084,6253,351,1140,855,696,,475,2313,t3_calmveil|t3_thornmail
standard,148,b1,blue,top,戰士,xueyue,standard,0,2,2,0,15387,34093,12118,454.4,9.09,17.86,21.49,3,1,1,2,3,519,533,1032,668,3669,6063,9312,6253,969,570,,1425,,95,,t3_shieldbreaker|t3_finalstring
standard,148,b2,blue,jungle,戰士,jufeng,standard,0,0,6,1,11521,24707,11076,415.3,9.03,15.95,23.12,3,1,1,2,3,358,1039,277,275,4458,6519,8507,6253,380,,285,,1493,95,,t3_shieldbreaker|t3_finalstring
standard,148,b3,blue,mid,法師,gambler,standard,0,3,8,1,21889,18813,12916,484.4,11.04,19.12,23.57,3,0,1,2,3,1428,258,722,816,3688,5588,8552,6253,969,,285,950,,95,,t3_psyward
standard,148,b4,blue,adc,射手,xingchen,standard,0,9,12,1,29077,12332,14785,554.4,10.13,18.27,21.4,4,0,1,2,4,1680,364,800,1184,3840,6044,9350,6253,817,2280,,,,0,,t3_shieldbreaker|t3_rendspear
standard,148,b5,blue,sup,坦克,suishan,standard,0,1,4,0,8010,33249,12945,485.4,6.58,11.65,17.36,4,1,2,3,4,324,686,215,1144,5124,7926,10595,6253,247,570,,950,,95,2479,t3_calmveil|t3_thornmail
standard,148,r1,red,top,戰士,xueyue,standard,1,8,0,0,29090,32787,16271,610.2,8.32,15.95,17.63,5,1,1,3,5,707,1076,449,921,3857,6606,11299,6253,1074,2280,,1235,,456,,t3_shieldbreaker|t3_finalstring
standard,148,r2,red,jungle,戰士,jufeng,standard,1,4,1,1,16438,16654,14926,559.7,9.41,18.63,19.01,4,1,1,3,4,412,1508,583,1946,4212,6988,10483,6253,340,1140,142,285,1866,456,,t3_shieldbreaker|t3_finalstring
standard,148,r3,red,mid,法師,gambler,standard,1,7,4,1,32016,15816,15239,571.5,10.04,16.42,21.82,4,0,1,2,4,2105,544,291,839,4365,7044,9691,6253,923,1140,,918,,456,,t3_psyward
standard,148,r4,red,adc,射手,xingchen,standard,1,13,10,0,36637,14310,18402,690.1,9.26,16.6,19.29,5,1,1,3,5,365,821,859,2802,3715,6501,10859,6253,856,2850,,443,,456,,t3_shieldbreaker|t3_rendspear
standard,148,r5,red,sup,坦克,suishan,standard,1,0,0,3,7590,24765,12746,478,6.58,13.1,18.82,4,1,2,3,4,405,305,227,545,4605,7245,9427,6253,225,,142,443,,456,1906,t3_calmveil|t3_thornmail
standard,149,b1,blue,top,戰士,fengbao,standard,1,2,0,0,9800,27380,10157,437.8,8.95,16.32,22.99,3,1,1,2,3,443,868,275,556,3593,6348,8875,6253,741,1140,,285,,456,,t3_shieldbreaker|t3_finalstring
standard,149,b2,blue,jungle,戰士,rongyan,standard,1,0,0,0,5833,13154,10597,456.8,8.02,15.8,22.3,3,1,1,2,3,210,1432,515,566,3960,6862,9065,6253,291,,,918,1145,456,,t3_shieldbreaker|t3_finalstring
standard,149,b3,blue,mid,法師,ronghuo,standard,1,1,2,2,18306,13421,10524,453.6,11.16,18.98,,2,0,1,2,2,1612,638,292,1124,3872,6538,8742,6253,1019,,570,443,,456,,t3_psyward
standard,149,b4,blue,adc,射手,dujian,standard,1,4,0,0,17446,8826,11456,493.8,9.34,18.68,21.77,3,1,1,2,3,393,353,234,256,3743,6033,8484,6253,902,570,,285,17,456,,t3_shieldbreaker|t3_rendspear
standard,149,b5,blue,sup,輔助,linghun,standard,1,1,0,2,9454,13830,12793,551.4,5.53,13.55,16.79,4,1,2,3,4,620,472,2784,1832,4620,7502,11264,6253,351,570,285,1393,,456,1955,t3_calmveil
standard,149,r1,red,top,戰士,fengbao,standard,0,0,2,1,8329,25153,8966,386.5,8.95,17.88,,2,1,1,2,2,443,784,345,736,3593,5664,7925,6253,817,,285,475,,95,,t3_shieldbreaker|t3_finalstring
standard,149,r2,red,jungle,戰士,rongyan,standard,0,2,0,0,9584,14771,10515,453.2,7.95,15.81,21.07,3,1,1,2,3,873,1178,991,664,3973,6608,8691,6253,427,570,,,1345,95,,t3_shieldbreaker|t3_finalstring
standard,149,r3,red,mid,法師,ronghuo,standard,0,0,3,1,14997,13588,8909,384,10.43,21.02,,2,0,1,1,2,1428,510,1190,209,3688,5360,7270,6253,921,,,,,95,,t3_psyward
standard,149,r4,red,adc,射手,dujian,standard,0,0,2,0,17038,9857,7997,344.7,10.93,20.77,,2,0,1,1,2,1158,267,919,617,3318,5047,6719,6253,465,,,,,0,,t3_shieldbreaker|t3_rendspear
standard,149,r5,red,sup,輔助,linghun,standard,0,0,1,0,5339,14695,10795,465.3,7.58,12.58,17.89,4,1,2,3,4,740,517,657,95,4440,6767,9697,6253,180,,,950,,95,2218,t3_calmveil
standard,150,b1,blue,top,坦克,suishan,standard,0,0,2,1,9779,24273,9831,408.2,8.16,14.98,22.89,3,1,2,2,3,776,56,724,400,3726,6006,8014,6253,931,,285,190,,354,,t3_calmveil|t3_thornmail
standard,150,b2,blue,jungle,戰士,jingci,standard,0,1,3,0,11984,20818,10916,453.3,8.96,15.52,20.98,3,1,1,2,3,106,2123,910,536,3906,7603,9510,6253,484,570,,665,1182,354,,t3_finalstring|t3_shieldbreaker
standard,150,b3,blue,mid,法師,gambler,standard,0,2,3,0,14750,15296,10143,421.1,11.2,18.18,,2,0,1,2,2,1449,135,989,742,3709,6065,8839,6253,1027,1140,,190,,228,,t3_psyward
standard,150,b4,blue,adc,射手,shengyan,standard,0,4,5,1,15774,11494,11405,473.5,7.62,17.77,21.96,3,1,1,2,3,832,596,177,254,4182,6396,8277,6253,750,570,285,190,,228,,t3_shieldbreaker|t3_rendspear
standard,150,b5,blue,sup,坦克,xukong,standard,0,1,3,0,7187,23378,12459,517.3,7.23,11.51,16.48,4,1,2,3,4,1283,746,787,278,5183,7986,10167,6253,302,570,,190,51,354,2445,t3_calmveil|t3_thornmail
standard,150,r1,red,top,坦克,suishan,standard,1,1,0,0,10202,21411,11650,483.7,7.68,15.08,21.37,3,1,1,2,3,884,1532,1282,1619,3834,6682,8572,6253,934,570,,570,17,228,,t3_calmveil|t3_thornmail
standard,150,r2,red,jungle,戰士,jingci,standard,1,2,0,2,11080,17644,11505,477.7,8.69,15.76,21.57,3,1,1,2,3,218,742,1031,1124,4018,6222,9631,6253,218,1140,570,95,1126,228,,t3_finalstring|t3_shieldbreaker
standard,150,r3,red,mid,法師,gambler,standard,1,6,4,1,19256,17173,13514,561.1,10.05,15.89,20.7,4,0,1,2,4,1732,420,1067,163,3992,6500,10367,6253,1320,1710,285,570,,228,,t3_psyward
standard,150,r4,red,adc,射手,shengyan,standard,1,7,4,1,31559,11555,13320,553.1,9.81,18.97,22.11,4,1,1,2,4,268,364,534,420,4268,6044,8514,6253,798,1140,,95,,228,,t3_shieldbreaker|t3_rendspear
standard,150,r5,red,sup,坦克,xukong,standard,1,0,0,0,5783,17990,11989,497.8,6.94,13.83,17.23,4,1,2,3,4,91,554,778,1089,4541,7334,10318,6253,186,,,1045,,228,2604,t3_calmveil|t3_thornmail
standard,151,b1,blue,top,坦克,stoneguard,standard,0,1,2,0,15462,35953,13052,423.3,8.51,15.94,21.07,4,1,1,2,4,643,378,131,1622,3593,5778,7561,6253,522,,,633,,152,,t3_calmveil|t3_thornmail
standard,151,b2,blue,jungle,刺客,voidrift,standard,0,1,6,0,11518,17789,12801,415.2,8.26,16.37,23.1,4,1,1,2,4,834,1252,548,300,4034,6582,8498,6253,456,570,,158,908,152,,t3_finalstring
standard,151,b3,blue,mid,法師,leiming,standard,0,7,11,1,28601,22819,15608,506.2,10.91,18.32,24.83,4,0,1,2,4,1498,526,499,1207,3758,6126,8349,6253,899,570,,475,,152,,t3_psyward
standard,151,b4,blue,adc,射手,mirrorshot,standard,0,8,7,1,42892,17349,16612,538.8,9.4,19.12,25.97,5,1,1,2,5,386,373,595,1012,3736,5573,7815,6253,883,,,475,51,152,,t3_shieldbreaker|t3_rendspear
standard,151,b5,blue,sup,坦克,dadi,standard,0,0,4,1,9723,32884,14035,455.2,7.2,12.83,17.83,5,1,2,3,5,493,290,162,434,4693,7530,9962,6253,278,,,633,,152,2644,t3_calmveil|t3_thornmail
standard,151,r1,red,top,坦克,stoneguard,standard,1,4,0,0,20781,38523,16503,535.2,9.28,12.77,19.56,5,1,2,3,5,1455,896,911,2853,4405,7426,10941,6253,1135,570,,2565,,418,,t3_calmveil|t3_thornmail
standard,151,r2,red,jungle,刺客,voidrift,standard,1,4,3,0,14630,18445,15046,488,8.83,15.81,22.68,4,1,1,2,4,878,1202,291,1645,4078,6532,8421,6253,199,,,190,1360,418,,t3_finalstring
standard,151,r3,red,mid,法師,leiming,standard,1,7,3,2,23965,15311,16790,544.5,10.31,15.53,19.6,4,0,1,3,4,1906,877,26,2390,4166,7377,11356,6253,1048,2850,285,665,26,228,,t3_psyward
standard,151,r4,red,adc,射手,mirrorshot,standard,1,14,8,1,56412,17726,19927,646.3,9.63,18.39,22.98,5,1,1,2,5,218,591,738,4327,3568,5791,7938,6253,791,,285,190,,418,,t3_shieldbreaker|t3_rendspear
standard,151,r5,red,sup,坦克,dadi,standard,1,1,3,2,10169,34045,13805,447.7,6.95,12.79,18.47,5,1,2,3,5,286,176,1100,204,4486,7116,9700,6253,283,570,,190,,418,1985,t3_calmveil|t3_thornmail
standard,152,b1,blue,top,坦克,thornwall,standard,1,2,0,1,9982,23697,10346,467.6,8.06,13.56,19.84,3,1,2,3,3,227,363,152,415,3777,6513,9002,6253,791,1140,,285,,532,,t3_calmveil|t3_thornmail
standard,152,b2,blue,jungle,刺客,miwu,standard,1,2,0,1,5608,9733,10954,495.1,8.84,16.08,21.22,3,1,1,2,3,683,1191,873,823,3883,6471,9203,6253,275,570,142,522,907,532,,t3_finalstring
standard,152,b3,blue,mid,法師,haixiao,standard,1,9,4,0,17076,15006,14351,648.7,10.13,15.71,19.52,4,0,1,3,4,2017,998,875,1001,4277,7498,12305,6253,1007,3990,,522,,532,,t3_psyward
standard,152,b4,blue,adc,射手,hanbing,standard,1,6,4,0,15247,9728,12942,585,10.06,15.78,20.58,3,0,1,2,3,2263,1453,1273,2042,4423,7133,10173,6253,918,1710,,760,,532,,t3_shieldbreaker|t3_rendspear
standard,152,b5,blue,sup,輔助,mantra,standard,1,0,1,1,4126,13626,11287,510.1,7.02,11.58,15.76,4,1,2,3,4,323,835,1169,406,4623,7565,10209,6253,275,,142,760,,532,2245,t3_calmveil
standard,152,r1,red,top,坦克,thornwall,standard,0,1,2,0,7990,21662,9858,445.6,8.78,14.44,19.03,3,1,2,3,3,890,232,511,927,3840,6082,9141,6253,893,570,,1425,,0,,t3_calmveil|t3_thornmail
standard,152,r2,red,jungle,刺客,miwu,standard,0,0,1,0,7403,11612,8720,394.1,8.77,17.2,,2,1,1,2,2,753,444,502,640,3953,6024,7932,6253,304,,,,1374,0,,t3_finalstring
standard,152,r3,red,mid,法師,haixiao,standard,0,2,6,1,11608,14274,9801,443,11.11,19.48,,2,0,1,2,2,1276,126,916,920,3536,5436,9046,6253,893,1140,285,475,,0,,t3_psyward
standard,152,r4,red,adc,射手,hanbing,standard,0,5,8,1,19873,11450,11045,499.2,9.28,17.4,21.63,3,1,1,2,3,832,488,977,1025,4182,6168,9227,6253,741,1710,285,237,,0,,t3_shieldbreaker|t3_rendspear
standard,152,r5,red,sup,輔助,mantra,standard,0,1,2,0,3552,12633,10368,468.6,6.23,12.53,14.69,3,1,3,3,3,1995,260,592,1327,5095,7960,9632,6253,285,570,,712,,0,1811,t3_calmveil
standard,153,b1,blue,top,坦克,tieshixin,standard,0,1,1,0,7491,21580,9506,434.6,8.13,15.81,21.14,3,1,1,2,3,719,990,318,875,3669,5740,7368,6253,563,,,475,,76,,t3_calmveil|t3_thornmail
standard,153,b2,blue,jungle,刺客,guihuo,standard,0,0,5,0,4081,10345,8563,391.5,8.02,16.89,,2,1,1,2,2,745,852,205,483,3945,5952,7805,6253,209,,,,1266,76,,t3_finalstring
standard,153,b3,blue,mid,法師,leiming,standard,0,0,4,0,12436,13893,8366,382.4,10.83,19.5,,2,0,1,2,2,1466,400,417,115,3726,5550,7767,6253,962,,,475,,76,,t3_psyward
standard,153,b4,blue,adc,射手,xuanfeng,standard,0,5,5,0,15998,11611,11021,503.8,9.52,17.49,20.68,3,1,1,2,3,367,508,864,640,3717,5588,9614,6253,988,2280,,,17,76,,t3_shieldbreaker|t3_rendspear
standard,153,b5,blue,sup,輔助,huanjing,standard,0,0,1,0,4831,17488,9930,454,7.08,12.08,16.58,3,1,2,3,3,292,645,596,890,4592,7375,9056,6253,240,,,475,,76,2010,t3_calmveil
standard,153,r1,red,top,坦克,tieshixin,standard,1,4,0,1,14775,21259,12077,552.1,7.95,11.8,18.69,4,1,2,3,4,306,245,1130,526,5056,7475,11060,6253,1219,2280,,760,34,513,,t3_calmveil|t3_thornmail
standard,153,r2,red,jungle,刺客,guihuo,standard,1,3,1,0,7291,10413,11104,507.6,8.71,16.54,20.75,3,1,1,2,3,175,908,868,673,4025,6488,9198,6253,313,570,,285,1263,513,,t3_finalstring
standard,153,r3,red,mid,法師,leiming,standard,1,3,1,1,15221,11912,12306,562.6,10.94,17.33,20.74,3,0,1,2,3,1542,891,1015,1755,3802,7391,10415,6253,1079,1140,142,1235,51,513,,t3_psyward
standard,153,r4,red,adc,射手,xuanfeng,standard,1,6,3,0,13633,8779,11654,532.8,10.74,16,20.68,3,0,1,2,3,1300,317,920,454,3460,5697,9820,6253,679,2280,,285,,323,,t3_shieldbreaker|t3_rendspear
standard,153,r5,red,sup,輔助,huanjing,standard,1,0,1,2,3369,12667,11360,519.3,6.63,12.63,18.68,4,1,2,3,4,487,250,562,659,4487,7280,9602,6253,242,,427,285,,418,1975,t3_calmveil
standard,154,b1,blue,top,坦克,bingshouweis,standard,0,0,2,0,8518,23409,9619,421.3,8.18,15.18,19.16,3,1,1,3,3,48,1204,426,608,3698,6054,8676,6253,750,,,1425,,247,,t3_calmveil|t3_thornmail
standard,154,b2,blue,jungle,刺客,jiansheng,standard,0,0,4,1,9156,11075,9341,409.1,8.08,17.79,,2,1,1,2,2,185,689,503,911,4085,6019,7983,6253,506,,,,975,247,,t3_finalstring
standard,154,b3,blue,mid,法師,haixiao,standard,0,3,3,0,18915,14989,10482,459.1,10.98,18.06,,2,0,1,2,2,1400,438,594,1601,3660,6168,8994,6253,826,1140,,475,52,247,,t3_psyward
standard,154,b4,blue,adc,射手,phantom,standard,0,3,7,0,13711,12381,10559,462.4,9.7,18.04,21.85,3,1,1,2,3,471,64,144,959,3821,5864,7944,6253,1064,,,475,,152,,t3_shieldbreaker|t3_rendspear
standard,154,b5,blue,sup,坦克,dadi,standard,0,0,2,1,5027,20521,12251,536.5,6.83,12.62,17.71,4,1,2,3,4,468,518,1533,890,4668,7318,10213,6253,272,,285,475,,247,2680,t3_calmveil|t3_thornmail
standard,154,r1,red,top,坦克,bingshouweis,standard,1,5,0,1,11650,20372,13363,585.3,7.59,11.68,19.3,4,1,2,3,4,297,248,434,1113,4847,7538,10464,6253,893,2280,,665,68,304,,t3_calmveil|t3_thornmail
standard,154,r2,red,jungle,刺客,jiansheng,standard,1,1,0,1,7101,9593,10536,461.4,8.12,15.86,22.14,3,1,1,2,3,952,1250,475,556,4152,6580,8605,6253,285,,285,190,1288,304,,t3_finalstring
standard,154,r3,red,mid,法師,haixiao,standard,1,3,2,0,13269,13816,11642,509.9,10.7,16.35,22.19,3,0,1,2,3,1390,466,359,312,3650,6966,9759,6253,921,1140,,1140,,304,,t3_psyward
standard,154,r4,red,adc,射手,phantom,standard,1,7,3,1,23467,11430,13333,583.9,7.57,17.02,20.76,3,1,1,2,3,91,1042,903,2183,4391,6842,9483,6253,1311,1140,285,190,,304,,t3_shieldbreaker|t3_rendspear
standard,154,r5,red,sup,坦克,dadi,standard,1,2,1,3,7675,18952,12714,556.8,5.78,12.45,15.84,4,1,2,3,4,633,1095,1192,513,5133,8335,11172,6253,199,1140,285,665,,304,2325,t3_calmveil|t3_thornmail
standard,155,b1,blue,top,坦克,tiebi,standard,0,0,0,0,9702,23249,8957,388,8.09,14.91,21.08,3,1,2,2,3,814,173,441,277,3764,6073,7821,6253,988,,,427,,152,,t3_calmveil|t3_thornmail
standard,155,b2,blue,jungle,刺客,hundun,standard,0,1,5,0,7582,10916,9693,419.9,10.83,18.11,,2,0,1,2,2,1683,624,801,713,3893,6724,8551,6253,332,570,,190,1053,152,,t3_psyward
standard,155,b3,blue,mid,法師,leiming,standard,0,1,6,0,9876,13573,9898,428.8,10.94,17.73,,2,0,1,2,2,1609,278,325,867,3869,6158,8305,6253,997,,,902,,152,,t3_psyward
standard,155,b4,blue,adc,射手,huanying,standard,0,8,5,0,21116,10990,13458,583,8.65,15.72,19.83,3,1,1,3,3,1469,1210,196,1958,4819,6890,10196,6253,750,2850,,190,,152,,t3_shieldbreaker|t3_rendspear
standard,155,b5,blue,sup,輔助,luminary,standard,0,0,4,0,4394,14324,9803,424.7,6.48,13.15,17.05,3,1,2,3,3,216,633,238,762,4516,7183,8818,6253,199,,,190,26,152,1997,t3_calmveil
standard,155,r1,red,top,坦克,tiebi,standard,1,5,0,1,13982,23750,13400,580.5,8.78,14.82,17.44,4,1,2,3,4,107,156,757,1200,3707,6956,10737,6253,836,2280,285,665,,418,,t3_calmveil|t3_thornmail
standard,155,r2,red,jungle,刺客,hundun,standard,1,5,0,2,12836,10572,13715,594.2,9.05,16.68,20.77,3,1,1,2,3,424,700,1920,1915,4224,7100,10570,6253,285,1710,285,190,1428,418,,t3_psyward
standard,155,r3,red,mid,法師,leiming,standard,1,1,4,2,13255,14704,10373,449.4,10.48,17.8,,2,0,1,2,2,1656,589,228,1372,3916,6139,8628,6253,1197,,570,190,,418,,t3_psyward
standard,155,r4,red,adc,射手,huanying,standard,1,8,5,0,15462,10763,13502,584.9,9.68,16.63,19.83,3,1,1,3,3,383,979,326,1702,3733,6659,10326,6253,779,2850,,190,26,228,,t3_shieldbreaker|t3_rendspear
standard,155,r5,red,sup,輔助,luminary,standard,1,1,1,1,5995,14245,12264,531.3,6.21,11.22,15.38,4,1,2,3,4,1152,753,1992,814,5152,7783,11032,6253,475,570,285,1140,,418,1891,t3_calmveil
standard,156,b1,blue,top,坦克,shengdun,standard,1,2,2,0,11409,23996,11733,530.3,7.88,12.18,19.17,4,1,2,3,4,157,283,1079,482,3707,7213,9629,6253,915,1140,,997,,323,,t3_calmveil|t3_thornmail
standard,156,b2,blue,jungle,刺客,razorwing,standard,1,0,1,0,4815,9008,9147,413.4,8.59,18.33,,2,1,1,2,2,121,546,952,817,3971,6126,8382,6253,402,,,522,975,228,,t3_finalstring
standard,156,b3,blue,mid,法師,mingyun2,standard,1,0,3,2,13838,15090,9158,413.9,11.18,18.27,,2,0,1,2,2,1485,223,149,408,3745,6453,8479,6253,1190,,427,285,,323,,t3_psyward
standard,156,b4,blue,adc,射手,siwang,standard,1,10,6,0,22416,10696,14112,637.8,9.46,15.47,19.12,4,1,1,3,4,289,1797,1685,262,3639,7477,11685,6253,579,3990,,522,17,323,,t3_shieldbreaker|t3_rendspear
standard,156,b5,blue,sup,輔助,xuemai,standard,1,0,1,2,5670,14969,11104,501.9,6.83,11.6,16.86,4,1,2,3,4,282,497,1233,223,4582,7527,10273,6253,332,,427,997,,323,1939,t3_calmveil
standard,156,r1,red,top,坦克,shengdun,standard,0,1,0,1,10043,23643,9060,409.5,7.92,15.07,21.66,3,1,1,2,3,833,820,1056,209,3783,6120,8286,6253,855,570,285,95,,228,,t3_calmveil|t3_thornmail
standard,156,r2,red,jungle,刺客,razorwing,standard,0,2,3,1,8376,12802,10603,479.2,8.77,15.59,20.27,3,1,1,2,3,273,1410,929,172,4123,6990,9259,6253,465,570,285,95,1362,228,,t3_finalstring
standard,156,r3,red,mid,法師,mingyun2,standard,0,2,2,0,12697,12802,10010,452.4,10.73,18.33,,2,0,1,2,2,1580,296,261,1029,3840,5626,8761,6253,1140,570,,570,,228,,t3_psyward
standard,156,r4,red,adc,射手,siwang,standard,0,8,7,0,17607,10914,13610,615.2,9.24,16.27,19.12,4,1,1,3,4,937,773,922,390,4287,6453,11222,6253,750,3420,,570,,228,,t3_shieldbreaker|t3_rendspear
standard,156,r5,red,sup,輔助,xuemai,standard,0,0,0,1,6586,15220,10703,483.7,5.93,12.31,18.33,3,1,2,3,3,406,322,566,1662,4706,7052,9606,6253,513,,,570,,228,2041,t3_calmveil
standard,157,b1,blue,top,坦克,xukong,standard,0,0,0,1,6099,23520,9685,422.1,8.73,15.99,20.82,3,1,1,2,3,95,419,635,94,3745,5569,8365,6253,1162,,,950,,0,,t3_calmveil|t3_thornmail
standard,157,b2,blue,jungle,刺客,yeiren,standard,0,1,4,0,4715,10865,9210,401.4,9.04,17.53,,2,1,1,2,2,452,484,330,1079,3652,6114,7980,6253,199,570,,,957,0,,t3_finalstring
standard,157,b3,blue,mid,法師,bingshuang,standard,0,1,5,0,16214,15258,9129,397.9,11.31,20.35,,2,0,1,1,2,1504,215,902,878,3764,5645,7382,6253,1111,,,,17,0,,t3_psyward
standard,157,b4,blue,adc,射手,maestro,standard,0,2,6,0,11313,11796,10530,459,10.9,18.56,,2,0,1,2,2,1452,322,224,1780,3612,5702,7444,6253,715,,,475,,0,,t3_shieldbreaker|t3_rendspear
standard,157,b5,blue,sup,坦克,longji,standard,0,2,4,0,6312,22566,10339,450.7,6.54,11.2,18.62,3,1,2,3,3,666,522,199,538,5166,7762,9399,6253,231,1140,,,51,0,1723,t3_calmveil|t3_thornmail
standard,157,r1,red,top,坦克,xukong,standard,1,3,0,0,8931,21623,11689,509.5,8.73,15.28,18.24,3,1,1,3,3,903,562,375,1659,3853,5962,9325,6253,924,1140,,475,,532,,t3_calmveil|t3_thornmail
standard,157,r2,red,jungle,刺客,yeiren,standard,1,4,3,1,8791,11840,12943,564.2,8.65,14.22,18.27,3,1,2,3,3,137,1221,641,2063,4037,7921,10921,6253,285,1710,142,475,1523,532,,t3_finalstring
standard,157,r3,red,mid,法師,bingshuang,standard,1,2,1,1,15112,13265,11499,501.2,10.64,17.42,22.74,3,0,1,2,3,1466,239,427,469,3726,6139,9407,6253,1007,1140,,475,,532,,t3_psyward
standard,157,r4,red,adc,射手,maestro,standard,1,4,2,1,19309,9909,12183,531.1,9.31,17.88,,2,1,1,2,2,319,121,272,3603,3669,5921,8372,6253,826,,285,475,,532,,t3_shieldbreaker|t3_rendspear
standard,157,r5,red,sup,坦克,longji,standard,1,6,0,4,7894,16540,15377,670.3,7.65,11.21,14.34,5,1,3,4,5,689,542,790,1777,4589,9922,12990,6253,262,2850,712,475,,532,1904,t3_calmveil|t3_thornmail
standard,158,b1,blue,top,坦克,tiemu,standard,0,2,1,0,13057,29280,11826,451.9,9.12,15.87,19.39,4,1,1,3,4,789,239,433,575,3739,5639,8983,6253,905,570,,950,,304,,t3_calmveil|t3_thornmail
standard,158,b2,blue,jungle,刺客,sting,standard,0,2,7,1,6874,11072,11896,454.6,9.66,17.77,22.79,3,1,1,2,3,475,913,72,1016,3675,5763,8202,6253,357,,285,,1002,304,,t3_finalstring
standard,158,b3,blue,mid,法師,mingyun2,standard,0,4,3,1,30540,18162,12529,478.8,9.4,19.6,22.78,3,1,1,2,3,231,237,364,428,4081,5867,8014,6253,1171,,285,,,304,,t3_psyward
standard,158,b4,blue,adc,射手,liuxing,standard,0,9,10,1,29571,16194,15616,596.8,10.46,16.42,20.21,4,0,1,2,4,1503,249,1040,2066,3663,5449,9790,6253,715,2280,,237,,304,,t3_shieldbreaker|t3_rendspear
standard,158,b5,blue,sup,坦克,stoneguard,standard,0,2,2,3,4590,23565,13146,502.4,7.07,13.74,16.29,4,1,2,3,4,247,245,647,1785,4697,7025,10227,6253,345,570,570,237,26,304,1920,t3_calmveil|t3_thornmail
standard,158,r1,red,top,坦克,tiemu,standard,1,1,2,0,9633,28429,11851,452.9,8.66,13.4,21.72,4,1,2,2,4,1384,345,996,501,4334,6595,8286,6253,931,570,,380,,152,,t3_calmveil|t3_thornmail
standard,158,r2,red,jungle,刺客,sting,standard,1,2,5,2,9867,13723,12951,494.9,8.48,16.69,19.38,3,1,1,3,3,293,1698,210,2070,4193,7028,9710,6253,199,570,427,380,1728,152,,t3_finalstring
standard,158,r3,red,mid,法師,mingyun2,standard,1,6,7,0,19162,19153,13390,511.7,11,17.92,23.48,3,0,1,2,3,1428,171,208,910,3688,6671,9008,6253,1083,1140,,380,,152,,t3_psyward
standard,158,r4,red,adc,射手,liuxing,standard,1,13,4,0,32806,14427,17592,672.3,6.69,13.63,18.36,5,1,2,3,5,500,167,505,1992,4980,8267,11355,6253,912,3420,,617,,152,,t3_shieldbreaker|t3_rendspear
standard,158,r5,red,sup,坦克,stoneguard,standard,1,1,1,2,8185,25501,12974,495.8,7.24,12.12,16.58,4,1,2,3,4,234,800,729,774,4734,8040,10709,6253,256,570,427,617,,152,2432,t3_calmveil|t3_thornmail
standard,159,b1,blue,top,坦克,longji,standard,1,1,2,0,8264,28801,11771,445,9.03,14.87,20.72,4,1,2,2,4,662,86,1690,221,3612,6716,8920,6253,722,570,,1045,26,304,,t3_calmveil|t3_thornmail
standard,159,b2,blue,jungle,刺客,yingsi,standard,1,1,5,0,11879,16040,11646,440.3,8.67,17.9,22.67,3,1,1,2,3,862,651,139,565,4062,6231,8169,6253,361,,,95,1155,304,,t3_finalstring
standard,159,b3,blue,mid,法師,bingshuang,standard,1,2,5,0,18126,15269,12208,461.5,10.99,19.63,25.44,3,0,1,2,3,1561,603,164,1177,3821,5753,8014,6253,886,,,570,,304,,t3_psyward
standard,159,b4,blue,adc,射手,shensheng,standard,1,11,6,0,31072,14122,16600,627.6,10.6,17.39,21.78,5,0,1,2,5,1683,804,909,999,3843,6484,9809,6253,877,2280,,95,,304,,t3_shieldbreaker|t3_rendspear
standard,159,b5,blue,sup,輔助,mingyunyindao,standard,1,0,2,0,7478,17517,12002,453.7,5.79,12.35,17.1,4,1,2,3,4,974,214,279,551,4674,7244,8859,6253,269,,,95,,304,1938,t3_calmveil
standard,159,r1,red,top,坦克,longji,standard,0,7,0,1,15742,27838,14752,557.7,6.69,15.21,18.38,5,1,1,3,5,351,852,292,1202,4201,6152,9742,6253,950,1710,285,475,68,0,,t3_calmveil|t3_thornmail
standard,159,r2,red,jungle,刺客,yingsi,standard,0,0,3,2,6598,14140,10897,412,8.55,17.78,24.46,3,1,1,2,3,613,717,563,466,4463,6297,8293,6253,266,,285,,1488,0,,t3_finalstring
standard,159,r3,red,mid,法師,bingshuang,standard,0,6,4,1,23437,17458,13772,520.7,10.67,17.69,23.72,3,0,1,2,3,1447,100,155,1291,3707,5550,8305,6253,1007,570,,475,,0,,t3_psyward
standard,159,r4,red,adc,射手,shensheng,standard,0,7,7,0,18959,12324,13566,512.9,10.5,19.4,23.53,3,0,1,2,3,1272,394,973,1766,3432,5294,7973,6253,674,570,,475,,0,,t3_shieldbreaker|t3_rendspear
standard,159,r5,red,sup,輔助,mingyunyindao,standard,0,0,1,3,6281,17896,12167,460,7.44,12.13,16.8,4,1,2,3,4,216,635,663,1286,4516,6815,9123,6253,294,,,475,,0,2099,t3_calmveil
standard,160,b1,blue,top,坦克,tixue,standard,1,2,1,1,9101,23653,11475,480,8.89,13.82,20.73,3,1,2,2,3,643,579,1265,1445,3593,6529,8555,6253,737,570,,443,,551,,t3_calmveil|t3_thornmail
standard,160,b2,blue,jungle,刺客,youming,standard,1,2,0,1,8422,10166,11279,471.8,9.73,17,20.85,3,1,1,2,3,453,1114,1468,579,3653,6444,8948,6253,234,570,285,285,769,551,,t3_finalstring
standard,160,b3,blue,mid,法師,mingyun2,standard,1,11,3,1,30552,13411,16691,698.1,10.72,17.73,19.92,4,0,1,3,4,1621,205,176,2290,3881,6405,11776,6253,965,3420,142,443,,551,,t3_psyward
standard,160,b4,blue,adc,射手,liangzicz,standard,1,6,3,1,22349,11562,13485,564,9.23,17.51,18.98,3,1,1,3,3,574,859,798,1684,3924,6239,10698,6253,980,2280,285,443,,456,,t3_shieldbreaker|t3_rendspear
standard,160,b5,blue,sup,坦克,shiqiang,standard,1,0,1,3,5170,18589,12584,526.3,7.28,12.08,17.45,4,1,2,3,4,779,201,710,383,4679,7441,10690,6253,349,,427,1235,51,551,1821,t3_calmveil|t3_thornmail
standard,160,r1,red,top,坦克,tixue,standard,0,2,3,0,11059,25661,12277,513.5,8.02,14.63,20.02,4,1,2,2,4,966,227,3700,626,3916,6177,10990,6253,1064,1140,,2533,,0,,t3_calmveil|t3_thornmail
standard,160,r2,red,jungle,刺客,youming,standard,0,1,2,0,4540,10032,9901,414.1,8.82,16.07,23.42,3,1,1,2,3,871,1223,968,401,4071,6553,8448,6253,266,570,,,1358,0,,t3_finalstring
standard,160,r3,red,mid,法師,mingyun2,standard,0,1,6,1,18398,13653,10361,433.4,10.81,18.53,,2,0,1,2,2,1476,682,251,1280,3736,6282,8581,6253,997,570,285,475,,0,,t3_psyward
standard,160,r4,red,adc,射手,liangzicz,standard,0,3,7,0,16887,12950,10500,439.2,10.02,18.98,23.01,3,0,1,2,3,1433,217,835,900,3593,5417,8055,6253,836,570,,395,,0,,t3_shieldbreaker|t3_rendspear
standard,160,r5,red,sup,坦克,shiqiang,standard,0,1,3,1,6295,22207,11499,480.9,7.24,11.98,18.96,4,1,2,3,4,992,407,1275,118,4592,7347,10175,6253,370,570,285,870,,0,1825,t3_calmveil|t3_thornmail
standard,161,b1,blue,top,坦克,suishan,standard,1,2,2,0,9687,21386,10452,472.1,8.78,15.17,21.32,3,1,1,2,3,719,530,1224,1022,3669,5930,8514,6253,684,570,,475,,532,,t3_calmveil|t3_thornmail
standard,161,b2,blue,jungle,戰士,rongyan,standard,1,1,0,1,9118,11858,10399,469.7,8.65,16.58,20.7,3,1,1,2,3,858,940,621,319,3958,6420,8921,6253,475,,142,475,1043,532,,t3_finalstring|t3_shieldbreaker
standard,161,b3,blue,mid,法師,bingshuang,standard,1,2,1,2,13515,11652,10845,489.8,10.63,18.15,,2,0,1,2,2,1780,254,481,1444,4040,6484,8631,6253,1086,,285,475,,532,,t3_psyward
standard,161,b4,blue,adc,射手,xingchen,standard,1,10,3,0,27474,10960,14461,653.1,9.01,14.98,17.88,4,1,2,3,4,1317,165,647,1241,4667,7545,12447,6253,627,4560,,475,,532,,t3_shieldbreaker|t3_rendspear
standard,161,b5,blue,sup,坦克,tixue,standard,1,0,0,3,5711,16192,12513,565.1,7.22,12.47,17.63,4,1,2,3,4,430,1039,1517,313,4630,7819,11497,6253,357,,427,1425,,532,2501,t3_calmveil|t3_thornmail
standard,161,r1,red,top,坦克,suishan,standard,0,1,0,0,6531,22421,9170,414.1,7.32,15.81,19.45,3,1,1,3,3,399,426,198,339,4049,5826,8448,6253,674,570,,950,,0,,t3_calmveil|t3_thornmail
standard,161,r2,red,jungle,戰士,rongyan,standard,0,1,3,0,7833,14818,9690,437.6,8.55,16.71,22.03,3,1,1,2,3,894,1278,673,90,3994,6278,8903,6253,373,570,,,1706,0,,t3_finalstring|t3_shieldbreaker
standard,161,r3,red,mid,法師,bingshuang,standard,0,0,6,0,11125,13850,8593,388.1,10.63,19.15,,2,0,1,2,2,1393,280,59,263,3653,5610,7909,6253,1181,,,475,,0,,t3_psyward
standard,161,r4,red,adc,射手,xingchen,standard,0,4,5,1,17872,13588,10778,486.8,7.68,18.35,20.88,3,1,1,2,3,242,310,204,878,4242,5990,8954,6253,801,1140,285,475,,0,,t3_shieldbreaker|t3_rendspear
standard,161,r5,red,sup,坦克,tixue,standard,0,0,1,0,4899,20983,10087,455.6,7.12,12.86,18.72,3,1,2,3,3,158,345,389,306,4658,7005,9289,6253,541,,,475,,0,2018,t3_calmveil|t3_thornmail
standard,162,b1,blue,top,坦克,stoneguard,standard,0,0,2,0,8822,22385,8277,367.1,8.78,15.85,,2,1,1,2,2,681,364,344,647,3631,5664,7374,6253,684,,,190,,247,,t3_calmveil|t3_thornmail
standard,162,b2,blue,jungle,戰士,tielian,standard,0,0,4,0,6005,17152,8705,386,8.79,17.69,,2,1,1,2,2,626,394,687,525,3726,5824,7737,6253,199,,,190,942,152,,t3_shieldbreaker|t3_finalstring
standard,162,b3,blue,mid,法師,lieyan,standard,0,1,2,0,12923,12632,9968,442.1,11.08,16.89,,2,0,1,2,2,1257,205,298,888,3517,6405,8628,6253,893,570,,665,,247,,t3_psyward
standard,162,b4,blue,adc,射手,liangzi,standard,0,4,4,0,16260,10021,11371,504.3,9.53,17.68,21.38,3,1,1,2,3,595,450,1129,1051,3945,6130,9379,6253,1073,1140,,665,,247,,t3_shieldbreaker|t3_rendspear
standard,162,b5,blue,sup,輔助,linghun,standard,0,0,2,0,4543,14398,9831,436,6.23,13.53,16.95,3,1,2,3,3,449,935,781,791,4449,7185,8941,6253,152,,,190,,247,2098,t3_calmveil
standard,162,r1,red,top,坦克,stoneguard,standard,1,1,0,3,10113,21560,11308,501.5,9.57,15.5,18.15,3,1,1,3,3,385,383,221,1377,3935,5683,10151,6253,1038,570,712,1235,,342,,t3_calmveil|t3_thornmail
standard,162,r2,red,jungle,戰士,tielian,standard,1,5,0,1,11916,13554,13231,586.8,8.96,15.79,20.71,3,1,1,2,3,798,740,2282,2301,3898,6170,10832,6253,209,1710,285,522,1510,342,,t3_shieldbreaker|t3_finalstring
standard,162,r3,red,mid,法師,lieyan,standard,1,3,2,0,18016,11839,10820,479.8,9.92,17.8,,2,1,1,2,2,57,629,344,1420,3907,6529,9094,6253,1263,1140,,285,,152,,t3_psyward
standard,162,r4,red,adc,射手,liangzi,standard,1,5,3,2,17004,11041,12628,560,9.32,17.73,21.38,3,1,1,2,3,300,123,1212,1248,3650,5503,9762,6253,839,1140,427,760,,342,,t3_shieldbreaker|t3_rendspear
standard,162,r5,red,sup,輔助,linghun,standard,1,0,0,3,5498,12354,11317,501.9,6.12,13.3,17.8,3,1,2,3,3,611,265,607,2086,4611,6995,9837,6253,373,,285,522,,342,2061,t3_calmveil
standard,163,b1,blue,top,坦克,ironclad,standard,0,1,3,3,11031,31890,11161,435.7,8.5,14.92,19.22,3,1,2,3,3,450,221,400,1230,4000,6071,8950,6253,1033,570,427,285,,380,,t3_calmveil|t3_thornmail
standard,163,b2,blue,jungle,戰士,cinderfist,standard,0,1,1,3,6315,20097,11927,465.6,9.43,15.43,21,3,1,1,2,3,411,1355,1210,577,4161,6785,9760,6253,348,570,570,285,1353,380,,t3_shieldbreaker|t3_finalstring
standard,163,b3,blue,mid,法師,shikong,standard,0,11,6,0,25800,20085,16614,648.5,10.69,14.83,18.27,5,0,2,3,5,1485,142,220,463,3745,8172,11250,6253,1007,2850,,760,,380,,t3_psyward
standard,163,b4,blue,adc,射手,shengyan,standard,0,8,5,0,32591,12903,15764,615.4,9.61,15.5,20.84,4,1,1,2,4,332,1175,1193,1913,3682,6855,9743,6253,734,1140,,1235,,380,,t3_shieldbreaker|t3_rendspear
standard,163,b5,blue,sup,輔助,shiguang,standard,0,2,3,3,7593,21370,13464,525.6,6.12,11.23,17.62,5,1,2,3,5,1444,651,1310,264,5144,7681,10540,6253,144,1140,427,285,51,380,1859,t3_calmveil
standard,163,r1,red,top,坦克,ironclad,standard,1,2,2,1,11905,31599,13259,517.6,8.49,14.73,17.59,4,1,2,3,4,360,166,113,1508,3910,6316,9863,6253,1222,1140,,950,,297,,t3_calmveil|t3_thornmail
standard,163,r2,red,jungle,戰士,cinderfist,standard,1,5,4,0,11430,16485,13881,541.9,8.1,17.05,20.25,3,1,1,2,3,398,1620,1484,3130,4928,7050,9664,6253,427,1140,,,1672,171,,t3_shieldbreaker|t3_finalstring
standard,163,r3,red,mid,法師,shikong,standard,1,1,7,0,17375,17713,11406,445.3,10.33,18.72,22.98,3,0,1,2,3,1533,451,918,356,3793,5781,8568,6253,1067,570,,475,,202,,t3_psyward
standard,163,r4,red,adc,射手,shengyan,standard,1,9,7,2,46120,14495,15517,605.7,9.47,17.68,21.65,4,1,1,2,4,357,648,337,1966,3707,5848,9087,6253,826,570,427,712,,297,,t3_shieldbreaker|t3_rendspear
standard,163,r5,red,sup,輔助,shiguang,standard,1,1,3,4,6936,18487,13656,533.1,5.83,10.64,16.07,5,1,2,3,5,601,624,935,455,4551,7654,10165,6253,294,570,712,237,,171,1926,t3_calmveil
standard,164,b1,blue,top,坦克,tieshixin,standard,0,0,0,0,12932,21804,9339,407.6,7.93,15.06,21.08,3,1,1,2,3,390,996,949,388,4040,6396,8239,6253,1206,,,475,,304,,t3_calmveil|t3_thornmail
standard,164,b2,blue,jungle,戰士,chichuan,standard,0,3,2,0,10666,14707,11027,481.3,9.01,16.48,21.41,3,1,1,2,3,885,1880,126,646,3985,6580,8726,6253,503,570,,,1095,304,,t3_finalstring|t3_shieldbreaker
standard,164,b3,blue,mid,法師,lieyan,standard,0,1,6,1,13807,16172,9785,427.1,10.87,17.53,,2,0,1,2,2,1523,746,406,385,3783,6196,8856,6253,969,570,285,475,,304,,t3_psyward
standard,164,b4,blue,adc,射手,mirrorshot,standard,0,6,3,2,18747,11451,12733,555.8,10.55,16.83,19.5,3,0,1,3,3,1522,1033,365,933,3682,5933,10265,6253,953,2280,,475,,304,,t3_shieldbreaker|t3_rendspear
standard,164,b5,blue,sup,坦克,tixue,standard,0,0,1,2,5401,19074,10725,468.2,7.63,13.61,19.1,3,1,2,3,3,670,313,198,745,4570,6973,9398,6253,357,,,475,,304,2007,t3_calmveil|t3_thornmail
standard,164,r1,red,top,坦克,tieshixin,standard,1,1,1,0,11299,20497,9720,424.3,7.45,14.43,21.16,3,1,2,2,3,563,206,1274,470,4213,6436,8564,6253,760,570,,760,68,152,,t3_calmveil|t3_thornmail
standard,164,r2,red,jungle,戰士,chichuan,standard,1,1,0,0,9475,14154,10568,461.3,8.94,16.47,,2,1,1,2,2,1066,1373,598,1968,4166,6853,9198,6253,392,570,,285,1544,152,,t3_finalstring|t3_shieldbreaker
standard,164,r3,red,mid,法師,lieyan,standard,1,6,3,0,16564,15066,13623,594.7,9.23,16.61,20.12,3,1,1,2,3,617,817,1280,1543,4467,7317,10680,6253,1330,1710,,1235,,152,,t3_psyward
standard,164,r4,red,adc,射手,mirrorshot,standard,1,4,4,1,19152,11830,11134,486,9.82,17.16,21.5,3,1,1,2,3,205,1129,205,614,3555,6329,8305,6253,760,570,285,285,,152,,t3_shieldbreaker|t3_rendspear
standard,164,r5,red,sup,坦克,tixue,standard,1,0,2,0,5242,19258,11204,489.1,7.34,13.06,18.08,3,1,2,3,3,294,488,192,1223,4494,7268,9572,6253,215,,,285,,152,2666,t3_calmveil|t3_thornmail
standard,165,b1,blue,top,坦克,tiankong,standard,0,1,3,0,4926,23685,9786,421.8,9.13,15.21,19.84,3,1,1,3,3,119,586,58,736,3669,5886,8508,6253,734,570,,950,,0,,t3_calmveil|t3_thornmail
standard,165,b2,blue,jungle,戰士,dadi2,standard,0,0,3,0,6814,17070,8934,385.1,9.26,18.32,,2,1,1,2,2,780,264,669,753,3880,5694,7719,6253,421,,,,1044,0,,t3_shieldbreaker|t3_finalstring
standard,165,b3,blue,mid,法師,shikong,standard,0,0,2,1,14492,15283,8836,380.9,11.09,19.84,,2,0,1,2,2,1352,100,170,136,3612,5430,7520,6253,981,,285,,,0,,t3_psyward
standard,165,b4,blue,adc,射手,hanbing,standard,0,5,6,0,13357,9518,11427,492.5,9.58,16.98,20.58,3,1,1,2,3,272,336,985,476,3622,6016,9835,6253,826,2280,,475,,0,,t3_shieldbreaker|t3_rendspear
standard,165,b5,blue,sup,輔助,mantra,standard,0,0,4,0,5671,19083,10861,468.2,6.5,12.54,18.74,4,1,2,3,4,478,300,216,161,4478,6780,8376,6253,152,,,,17,0,1953,t3_calmveil
standard,165,r1,red,top,坦克,tiankong,standard,1,5,0,1,9856,20069,13371,576.3,9.01,12.02,16.75,4,1,2,3,4,716,1054,1184,1220,3666,7504,11114,6253,813,2280,,1140,,627,,t3_calmveil|t3_thornmail
standard,165,r2,red,jungle,戰士,dadi2,standard,1,5,0,1,14192,12700,13211,569.4,8.98,14.75,18.72,4,1,2,3,4,788,162,822,281,3888,6912,10852,6253,171,2280,142,190,1187,627,,t3_shieldbreaker|t3_finalstring
standard,165,r3,red,mid,法師,shikong,standard,1,2,3,4,14583,12320,12804,551.9,10.8,18.33,20.58,3,0,1,2,3,1542,974,1090,724,3802,6424,10490,6253,1235,570,1140,665,,627,,t3_psyward
standard,165,r4,red,adc,射手,hanbing,standard,1,5,2,0,22705,9957,12364,532.9,10.42,18,21.48,3,0,1,2,3,1468,323,337,983,3628,6003,8587,6253,709,570,,427,,627,,t3_shieldbreaker|t3_rendspear
standard,165,r5,red,sup,輔助,mantra,standard,1,1,1,1,5133,15751,11890,512.5,7.36,12.23,16.79,4,1,2,3,4,301,1026,707,1089,4601,8056,9937,6253,262,570,142,427,,532,1748,t3_calmveil
standard,166,b1,blue,top,坦克,tiebi,standard,0,2,0,0,9188,24581,10438,456.8,8.61,15.29,20.9,3,1,1,2,3,176,858,1138,987,3726,6158,8368,6253,1013,,,760,,342,,t3_calmveil|t3_thornmail
standard,166,b2,blue,jungle,戰士,langwang,standard,0,0,3,1,4780,16233,10076,440.9,9.48,16.33,,2,1,1,2,2,641,2140,336,1895,3741,6370,8516,6253,494,,285,285,857,342,,t3_shieldbreaker|t3_finalstring
standard,166,b3,blue,mid,法師,lieyan,standard,0,1,3,1,15826,13105,9260,405.2,9.45,19.45,,2,1,1,2,2,218,118,195,659,4068,6348,8045,6253,595,570,,285,,342,,t3_psyward
standard,166,b4,blue,adc,射手,xuanfeng,standard,0,5,8,0,19794,11200,11210,490.6,9.93,17.73,22.38,3,1,1,2,3,338,592,302,890,3688,6272,8552,6253,722,1140,,285,,152,,t3_shieldbreaker|t3_rendspear
standard,166,b5,blue,sup,輔助,huanjing,standard,0,1,2,1,4646,15870,10837,474.3,6.06,12.61,15.23,4,1,2,3,4,1182,782,1043,437,4582,7812,9623,6253,367,570,,285,,342,1805,t3_calmveil
standard,166,r1,red,top,坦克,tiebi,standard,1,2,0,0,11394,24131,10723,469.3,7.7,14.55,19.14,3,1,2,3,3,95,389,1025,792,3945,6719,9575,6253,1003,1140,,950,,228,,t3_calmveil|t3_thornmail
standard,166,r2,red,jungle,戰士,langwang,standard,1,2,2,2,9735,15916,11376,497.8,9.2,16.12,21.96,3,1,1,2,3,695,1256,950,1345,3795,6386,9500,6253,323,570,427,,1698,228,,t3_shieldbreaker|t3_finalstring
standard,166,r3,red,mid,法師,lieyan,standard,1,2,2,0,15850,14420,10707,468.6,10.33,18.63,,2,0,1,2,2,1504,157,203,1306,3764,5607,8533,6253,1007,570,,475,,228,,t3_psyward
standard,166,r4,red,adc,射手,xuanfeng,standard,1,10,4,2,26788,9444,15701,687.1,7.78,15.49,19.27,4,1,1,3,4,344,659,1831,1850,4344,6339,12311,6253,937,3420,285,1187,,228,,t3_shieldbreaker|t3_rendspear
standard,166,r5,red,sup,輔助,huanjing,standard,1,0,1,3,5728,16735,11383,498.2,6.45,11.97,17.38,4,1,2,3,4,301,169,725,883,4601,7199,9475,6253,338,,427,237,,228,1990,t3_calmveil
standard,167,b1,blue,top,坦克,shengdun,standard,0,0,2,0,12519,28384,11580,422.6,8.18,15.46,21.25,4,1,1,2,4,247,397,442,329,3897,5797,8172,6253,1121,,,570,,228,,t3_calmveil|t3_thornmail
standard,167,b2,blue,jungle,戰士,jingci,standard,0,1,2,0,13753,21317,11193,408.5,9.7,16.18,23.64,3,1,1,2,3,123,954,293,693,3923,6434,8523,6253,449,570,,95,926,228,,t3_finalstring|t3_shieldbreaker
standard,167,b3,blue,mid,法師,shikong,standard,0,4,7,1,20866,18525,12872,469.8,11.34,19.61,24.43,3,0,1,2,3,1618,197,404,671,3878,5797,7754,6253,893,,285,95,,228,,t3_psyward
standard,167,b4,blue,adc,射手,phantom,standard,0,7,8,0,31617,16852,14081,513.9,9.13,18.48,23.27,4,1,1,2,4,332,435,700,1161,3682,5335,8850,6253,658,1140,,570,,228,,t3_shieldbreaker|t3_rendspear
standard,167,b5,blue,sup,坦克,dadi,standard,0,0,7,0,5860,25747,12880,470.1,7.32,13.71,20.52,4,1,2,2,4,76,375,1375,1500,4576,6875,9055,6253,297,,,95,,228,2180,t3_calmveil|t3_thornmail
standard,167,r1,red,top,坦克,shengdun,standard,1,4,0,0,16450,29571,14968,546.3,8.18,13.56,19.13,5,1,2,3,5,285,346,928,1318,3935,7336,9578,6253,1102,1710,,285,,228,,t3_calmveil|t3_thornmail
standard,167,r2,red,jungle,戰士,jingci,standard,1,5,0,3,19201,19214,15701,573,8.98,16.98,21.95,4,1,1,2,4,652,2584,570,2401,3752,7284,9170,6253,446,570,285,285,1102,228,,t3_finalstring|t3_shieldbreaker
standard,167,r3,red,mid,法師,shikong,standard,1,5,6,2,25063,20181,14230,519.4,10.72,18.92,24.33,4,0,1,2,4,1561,399,366,880,3821,6149,7916,6253,1007,,142,285,,228,,t3_psyward
standard,167,r4,red,adc,射手,phantom,standard,1,10,6,1,32060,14636,16102,587.7,9.03,14.42,20.53,5,1,2,2,5,443,455,1625,501,3793,7355,10205,6253,1016,2280,142,285,,228,,t3_shieldbreaker|t3_rendspear
standard,167,r5,red,sup,坦克,dadi,standard,1,2,0,2,7375,24228,15509,566,7.41,12.82,15.95,5,1,2,3,5,362,1104,483,1908,5162,8344,10463,6253,456,570,285,285,,228,2386,t3_calmveil|t3_thornmail
standard,168,b1,blue,top,坦克,shiqiang,standard,0,0,2,0,7140,27158,9919,402.9,8.57,16.78,22.35,3,1,1,2,3,757,362,679,968,3707,5512,7969,6253,551,,,760,,405,,t3_calmveil|t3_thornmail
standard,168,b2,blue,jungle,戰士,embercoil,standard,0,0,7,0,8436,19232,9984,405.6,8.78,17.28,23.89,3,1,1,2,3,205,774,1152,384,4005,6254,8252,6253,380,,,285,1182,152,,t3_finalstring|t3_shieldbreaker
standard,168,b3,blue,mid,法師,xingjie,standard,0,0,7,0,10877,14426,9292,377.5,11.1,19.61,,2,0,1,2,2,1504,328,210,311,3764,5778,7760,6253,817,,,285,,405,,t3_psyward
standard,168,b4,blue,adc,射手,yanfeng,standard,0,7,4,0,28024,15149,13244,538,9.03,15.94,20.17,4,1,1,2,4,1079,1080,1441,343,4429,6880,10021,6253,798,2280,,285,,405,,t3_shieldbreaker|t3_rendspear
standard,168,b5,blue,sup,坦克,thornwall,standard,0,0,2,0,6239,21283,11604,471.4,7.18,12.08,17.36,4,1,2,3,4,515,477,93,303,4715,7717,10073,6253,266,,,760,,152,2641,t3_calmveil|t3_thornmail
standard,168,r1,red,top,坦克,shiqiang,standard,1,7,0,0,12616,23874,15363,624.1,9.53,14.6,17.61,5,1,2,3,5,327,240,1204,1712,4277,6190,10754,6253,991,2280,,950,51,228,,t3_calmveil|t3_thornmail
standard,168,r2,red,jungle,戰士,embercoil,standard,1,4,1,2,11674,14639,12951,526.1,9.39,16.42,20.54,3,1,1,2,3,709,1002,1444,1920,3809,6482,9744,6253,278,1140,285,475,1084,228,,t3_finalstring|t3_shieldbreaker
standard,168,r3,red,mid,法師,xingjie,standard,1,2,3,3,21538,13510,11793,479.1,9.91,17.77,22.86,3,1,1,2,3,161,404,484,193,4011,5854,8334,6253,855,570,427,,,228,,t3_psyward
standard,168,r4,red,adc,射手,yanfeng,standard,1,8,3,4,37274,13393,14646,595,10.03,19.02,21.58,4,0,1,2,4,1367,142,762,796,3527,5522,7662,6253,516,,427,237,,228,,t3_shieldbreaker|t3_rendspear
standard,168,r5,red,sup,坦克,thornwall,standard,1,1,0,4,6047,20986,13557,550.7,7.35,12.42,16.43,4,1,2,3,4,692,791,764,1357,4592,8031,10744,6253,284,570,285,712,,228,2409,t3_calmveil|t3_thornmail
standard,169,b1,blue,top,坦克,tiemu,standard,0,1,2,0,12947,35525,11076,411.2,8.93,15.44,20.55,4,1,1,2,4,922,434,365,176,3872,5784,8045,6253,1114,,,475,,202,,t3_calmveil|t3_thornmail
standard,169,b2,blue,jungle,戰士,hunpo,standard,0,1,8,1,7454,15823,11419,424,10.04,18.97,24.17,3,0,1,2,3,1761,527,572,268,3971,6027,8502,6253,370,570,,,1232,76,,t3_psyward
standard,169,b3,blue,mid,法師,auralith,standard,0,2,9,0,13210,18797,11169,414.7,11.12,20.34,25.27,3,0,1,1,3,1580,245,1296,369,3840,6095,7746,6253,798,,,475,17,202,,t3_psyward
standard,169,b4,blue,adc,射手,siwang,standard,0,5,7,0,25009,13206,12951,480.8,9.34,18.3,23.08,4,1,1,2,4,452,420,52,250,3802,5800,7672,6253,978,,,237,,202,,t3_shieldbreaker|t3_rendspear
standard,169,b5,blue,sup,輔助,shengming,standard,0,1,5,2,9961,21786,12390,460,7.33,11.68,17.48,4,1,2,3,4,750,515,662,940,4750,7545,9702,6253,386,570,285,237,,76,1893,t3_calmveil
standard,169,r1,red,top,坦克,tiemu,standard,1,4,0,0,15246,29106,14198,527.2,8.19,13.42,18.68,5,1,2,3,5,938,291,871,598,3888,6671,10851,6253,1140,2280,,760,,418,,t3_calmveil|t3_thornmail
standard,169,r2,red,jungle,戰士,hunpo,standard,1,9,1,0,16352,12876,17122,635.7,9.84,14.23,20.04,4,1,2,2,4,541,473,1797,3392,4341,8403,11097,6253,247,2280,,285,1614,418,,t3_psyward
standard,169,r3,red,mid,法師,auralith,standard,1,6,3,2,20507,17688,15715,583.5,10.52,16.5,22.64,4,0,1,2,4,1485,274,948,1365,3745,6424,9398,6253,1064,,427,1235,,418,,t3_psyward
standard,169,r4,red,adc,射手,siwang,standard,1,12,6,2,37211,13058,17717,657.8,9.38,16.27,21.24,5,1,1,2,5,265,443,909,2116,3615,6123,9809,6253,763,1710,570,285,,228,,t3_shieldbreaker|t3_rendspear
standard,169,r5,red,sup,輔助,shengming,standard,1,0,0,6,8846,15615,14125,524.5,6.83,12.73,18.51,4,1,2,3,4,194,148,788,2675,4494,7178,9828,6253,167,,712,285,,418,1991,t3_calmveil
standard,170,b1,blue,top,坦克,dadi,standard,1,1,0,0,11200,22578,10715,459.7,8.27,15.05,20.94,3,1,1,2,3,657,1162,1039,685,3607,6562,8329,6253,622,570,,427,,456,,t3_calmveil|t3_thornmail
standard,170,b2,blue,jungle,戰士,leimingcf,standard,1,1,1,1,10294,14237,10498,450.4,8.82,16.19,22.83,3,1,1,2,3,660,1275,964,417,4460,6755,8964,6253,437,570,285,190,772,456,,t3_finalstring|t3_shieldbreaker
standard,170,b3,blue,mid,法師,xingjie,standard,1,5,1,0,22729,15117,13095,561.8,10.75,17.19,21.64,3,0,1,2,3,1713,337,530,1015,3973,6567,9930,6253,1178,1140,,902,,456,,t3_psyward
standard,170,b4,blue,adc,射手,maestro,standard,1,4,4,1,16028,11568,11446,491.1,9.44,15.58,21.3,3,1,1,2,3,737,1308,1402,595,4087,7108,9502,6253,608,1710,285,190,,456,,t3_shieldbreaker|t3_rendspear
standard,170,b5,blue,sup,坦克,shiqiang,standard,1,1,1,0,9733,19106,12365,530.5,6.77,11.2,16.52,4,1,2,3,4,850,815,550,765,5300,8055,10530,6253,422,570,,190,,456,2637,t3_calmveil|t3_thornmail
standard,170,r1,red,top,坦克,dadi,standard,0,2,0,0,11310,24321,10598,454.7,8.99,14.93,17.58,3,1,2,3,3,76,180,405,1007,3726,6130,9415,6253,1054,1140,,950,17,0,,t3_calmveil|t3_thornmail
standard,170,r2,red,jungle,戰士,leimingcf,standard,0,0,0,0,8292,17013,9367,401.9,9.17,17.59,,2,1,1,2,2,68,482,680,1137,4168,5962,7780,6253,323,,,,1203,0,,t3_finalstring|t3_shieldbreaker
standard,170,r3,red,mid,法師,xingjie,standard,0,3,4,1,19006,14367,10730,460.3,10.78,17.98,22.09,3,0,1,2,3,1314,292,184,279,3574,5892,8894,6253,741,1140,285,475,,0,,t3_psyward
standard,170,r4,red,adc,射手,maestro,standard,0,2,6,3,16656,13347,10093,433,8.38,17.97,22.93,3,1,1,2,3,813,235,631,193,4163,6035,8011,6253,760,570,427,,,0,,t3_shieldbreaker|t3_rendspear
standard,170,r5,red,sup,坦克,shiqiang,standard,0,0,2,1,6796,19893,11046,473.9,6.66,12.81,18.23,4,1,2,3,4,439,890,322,145,4639,7090,8982,6253,427,,142,,,0,2159,t3_calmveil|t3_thornmail
standard,171,b1,blue,top,坦克,tixue,standard,0,0,2,0,9726,29124,10059,403.9,8.38,16.84,19.71,3,1,1,3,3,710,445,166,469,3660,5845,8416,6253,693,,,1140,,329,,t3_calmveil|t3_thornmail
standard,171,b2,blue,jungle,刺客,jiansheng,standard,0,0,4,0,6005,11803,10007,401.8,8.72,18.32,,2,1,1,2,2,571,205,686,1877,3771,5835,8166,6253,487,,,190,906,329,,t3_finalstring
standard,171,b3,blue,mid,法師,auralith,standard,0,1,5,0,16924,15471,9692,389.1,11.33,17.98,,2,0,1,2,2,1514,145,349,1511,3774,5655,8049,6253,959,570,,190,,76,,t3_psyward
standard,171,b4,blue,adc,射手,liuxing,standard,0,8,8,1,23423,14389,14132,567.3,10.83,17.93,19.5,4,0,1,3,4,1417,120,166,1211,3577,5800,10246,6253,687,2280,285,665,,76,,t3_shieldbreaker|t3_rendspear
standard,171,b5,blue,sup,坦克,stoneguard,standard,0,0,0,1,7767,28205,11157,447.9,7.7,13.43,17.91,4,1,2,3,4,756,531,610,257,4656,7031,9590,6253,364,,285,190,51,329,2116,t3_calmveil|t3_thornmail
standard,171,r1,red,top,坦克,tixue,standard,1,3,1,0,14465,26104,11788,473.3,10.45,13.97,20.98,4,0,2,2,4,2590,389,1240,138,4220,6339,8530,6253,718,1140,,190,,228,,t3_calmveil|t3_thornmail
standard,171,r2,red,jungle,刺客,jiansheng,standard,1,0,2,1,8975,10223,11109,446,8.6,15.96,23.13,3,1,1,2,3,352,1452,348,229,4252,6782,8778,6253,326,,285,190,1369,354,,t3_finalstring
standard,171,r3,red,mid,法師,auralith,standard,1,4,3,0,22746,14518,13387,537.5,10.76,18.31,22.59,3,0,1,2,3,1637,319,223,907,3897,6519,8723,6253,1007,570,,665,,228,,t3_psyward
standard,171,r4,red,adc,射手,liuxing,standard,1,10,3,1,32737,13080,15848,636.2,7.53,15.58,21.5,4,1,1,2,4,78,1181,789,2947,4378,6981,9369,6253,861,1710,,190,,354,,t3_shieldbreaker|t3_rendspear
standard,171,r5,red,sup,坦克,stoneguard,standard,1,2,0,3,8907,22347,14541,583.8,7.24,11.56,16.78,4,1,2,4,4,228,762,53,2340,4728,8002,11653,6253,468,1140,285,665,,354,2486,t3_calmveil|t3_thornmail
standard,172,b1,blue,top,坦克,suishan,standard,0,0,1,0,4541,25198,8928,393.6,9.25,16.13,20.53,3,1,1,2,3,770,149,403,297,3720,5449,8033,6253,829,,,950,,0,,t3_calmveil|t3_thornmail
standard,172,b2,blue,jungle,刺客,youming,standard,0,0,3,0,3002,10525,8719,384.4,9.38,17.54,,2,1,1,2,2,697,268,661,1119,3897,5848,7611,6253,323,,,,1035,0,,t3_finalstring
standard,172,b3,blue,mid,法師,xingjie,standard,0,0,4,0,11420,13624,8453,372.6,11.72,19.77,,2,0,1,2,2,1390,510,195,322,3650,5360,7545,6253,817,,,475,,0,,t3_psyward
standard,172,b4,blue,adc,射手,shensheng,standard,0,3,4,0,18704,12221,10617,468.1,9.57,16.88,21.93,3,1,1,2,3,300,1123,389,1016,3650,6023,9139,6253,779,1140,,950,17,0,,t3_shieldbreaker|t3_rendspear
standard,172,b5,blue,sup,輔助,mingyunyindao,standard,0,0,4,0,4052,16131,9264,408.4,6.44,12.58,18.78,3,1,2,3,3,192,216,235,224,4492,6696,8395,6253,177,,,,43,0,1920,t3_calmveil
standard,172,r1,red,top,坦克,suishan,standard,1,5,0,0,9817,21375,13749,606.1,7.89,13.35,18.18,4,1,2,4,4,376,829,323,1598,3926,7279,11573,6253,988,1710,,2090,,532,,t3_calmveil|t3_thornmail
standard,172,r2,red,jungle,刺客,youming,standard,1,2,0,0,5107,8450,10842,478,8.81,18.3,20.35,3,1,1,2,3,641,1784,1374,712,3841,6414,9704,6253,202,1140,,190,1386,532,,t3_finalstring
standard,172,r3,red,mid,法師,xingjie,standard,1,3,0,2,17302,11904,12533,552.5,9.83,17.18,20.81,3,1,1,2,3,85,76,1166,1102,3935,6576,10566,6253,1216,1140,285,1140,,532,,t3_psyward
standard,172,r4,red,adc,射手,shensheng,standard,1,6,2,1,23959,9949,12314,542.9,8.44,17.76,21.08,3,1,1,2,3,87,545,1038,1834,4087,6225,9588,6253,617,1710,285,190,,532,,t3_shieldbreaker|t3_rendspear
standard,172,r5,red,sup,輔助,mingyunyindao,standard,1,0,1,3,4611,13993,12178,536.9,5.83,12.3,15.25,4,1,2,4,4,1217,946,381,1297,4617,7676,10781,6253,243,,570,665,,532,2517,t3_calmveil
standard,173,b1,blue,top,戰士,greymantle,standard,1,1,1,0,9334,21039,9812,429,9.53,18.27,,2,1,1,2,2,443,664,429,1212,3593,5664,8429,6253,608,570,,522,,475,,t3_shieldbreaker|t3_finalstring
standard,173,b2,blue,jungle,刺客,yueying,standard,1,2,0,1,7632,10204,11451,500.6,8.84,16.46,21.15,3,1,1,2,3,833,1037,1294,1020,4033,6617,9624,6253,300,570,285,285,1265,665,,t3_finalstring
standard,173,b3,blue,mid,法師,gambler,standard,1,4,4,0,16015,14566,11646,509.1,10.21,17.57,22.72,3,0,1,2,3,1659,82,198,315,3919,6282,8828,6253,1054,570,,285,,665,,t3_psyward
standard,173,b4,blue,adc,射手,liangzicz,standard,1,9,2,0,18004,10527,15592,681.6,8.95,14.7,18.01,4,1,2,3,4,446,292,1118,1742,3796,7292,12498,6253,874,3420,,1235,51,665,,t3_shieldbreaker|t3_rendspear
standard,173,b5,blue,sup,輔助,mingyun,standard,1,0,1,2,5944,14355,11466,501.2,7.35,12.82,16.27,3,1,2,3,3,409,462,1033,2425,4709,7492,10073,6253,468,,285,522,,570,1973,t3_calmveil
standard,173,r1,red,top,戰士,greymantle,standard,0,2,1,0,10154,24479,10148,443.6,8.68,14.73,21.38,3,1,2,2,3,570,245,417,68,3720,7045,8717,6253,848,1140,,475,,0,,t3_shieldbreaker|t3_finalstring
standard,173,r2,red,jungle,刺客,yueying,standard,0,2,3,2,6764,12321,10865,475,8.86,15.25,21.53,3,1,1,2,3,769,1604,1347,434,3969,7184,9677,6253,237,1140,570,,1476,0,,t3_finalstring
standard,173,r3,red,mid,法師,gambler,standard,0,0,3,0,9377,12871,8948,391.2,10.58,19.97,,2,0,1,2,2,1485,106,223,197,3745,5436,7773,6253,1045,,,475,,0,,t3_psyward
standard,173,r4,red,adc,射手,liangzicz,standard,0,4,7,0,13357,10380,10832,473.5,9.19,18.34,21.5,3,1,1,2,3,927,358,254,182,4277,6038,8204,6253,905,570,,475,,0,,t3_shieldbreaker|t3_rendspear
standard,173,r5,red,sup,輔助,mingyun,standard,0,0,2,0,6071,16091,10258,448.4,5.86,12.6,16.97,3,1,2,3,3,241,334,604,1217,4541,6884,9064,6253,269,,,475,,0,2066,t3_calmveil
standard,174,b1,blue,top,戰士,ravager,standard,0,0,4,0,10337,24703,8618,394.6,9.32,18.46,,2,1,1,2,2,443,111,100,338,3593,5341,8030,6253,826,,,950,,0,,t3_shieldbreaker|t3_finalstring
standard,174,b2,blue,jungle,刺客,yeiren,standard,0,0,4,0,6587,11780,8467,387.7,8.57,17.92,,2,1,1,2,2,620,523,289,687,3820,5853,7769,6253,351,,,,1163,0,,t3_finalstring
standard,174,b3,blue,mid,法師,ronghuo,standard,0,0,5,0,7745,13540,8356,382.6,10.68,19.23,,2,0,1,2,2,1403,133,417,525,3663,5563,7767,6253,988,,,475,51,0,,t3_psyward
standard,174,b4,blue,adc,射手,xingchen,standard,0,3,7,0,15778,9161,9236,422.8,10.16,18.84,,2,0,1,2,2,1405,223,469,335,3565,5303,7469,6253,646,570,,,,0,,t3_shieldbreaker|t3_rendspear
standard,174,b5,blue,sup,坦克,tixue,standard,0,1,4,0,4678,20810,10922,500,6.57,13.03,15.57,3,1,2,3,3,1020,399,753,1341,4620,7499,10333,6253,304,570,,950,,0,2256,t3_calmveil|t3_thornmail
standard,174,r1,red,top,戰士,ravager,standard,1,7,0,0,16767,20657,13644,624.7,8.98,16.22,18.97,4,1,1,3,4,405,875,505,613,3555,6405,11535,6253,665,2850,,1235,,532,,t3_shieldbreaker|t3_finalstring
standard,174,r2,red,jungle,刺客,yeiren,standard,1,4,0,2,8151,10456,12195,558.3,9.02,16.24,20.11,3,1,1,2,3,788,1246,2315,1545,3988,6876,10695,6253,278,1710,570,285,1065,532,,t3_finalstring
standard,174,r3,red,mid,法師,ronghuo,standard,1,4,2,1,17132,11976,11867,543.3,11.65,15.52,19.77,3,0,1,3,3,1523,608,244,837,3783,7108,10794,6253,969,2280,,760,,532,,t3_psyward
standard,174,r4,red,adc,射手,xingchen,standard,1,9,2,1,19428,8740,14290,654.2,10.38,14.55,18.97,3,0,2,3,3,1937,156,269,2489,4097,7156,11649,6253,1016,3420,142,285,,532,,t3_shieldbreaker|t3_rendspear
standard,174,r5,red,sup,坦克,tixue,standard,1,0,0,3,5378,14706,11769,538.8,7.16,14.03,18.31,3,1,2,3,3,180,681,431,1789,4630,7461,10411,6253,224,,142,760,51,532,2447,t3_calmveil|t3_thornmail
standard,175,b1,blue,top,戰士,dadi2,standard,0,0,3,0,9454,27634,9700,414.2,8.66,19.58,,2,1,1,2,2,519,493,84,1470,3669,5493,7184,6253,855,,,,,76,,t3_shieldbreaker|t3_finalstring
standard,175,b2,blue,jungle,刺客,duskblade,standard,0,0,5,0,3158,10928,9155,391,9.51,17.45,,2,1,1,2,2,833,679,95,1075,4033,5959,7825,6253,285,,,,1210,76,,t3_finalstring
standard,175,b3,blue,mid,法師,gambler,standard,0,1,6,0,16749,15072,9444,403.3,11.07,19.55,,2,0,1,2,2,1428,258,323,363,3688,6158,8353,6253,978,570,,475,,76,,t3_psyward
standard,175,b4,blue,adc,射手,liangzi,standard,0,8,9,0,25644,11621,13489,576,9.63,19.12,22.47,4,1,1,2,4,308,478,895,268,3658,5558,7895,6253,978,570,,,17,76,,t3_shieldbreaker|t3_rendspear
standard,175,b5,blue,sup,輔助,linghun,standard,0,1,3,0,5849,19884,11057,472.2,6.63,11.26,14.52,4,1,3,3,4,1219,274,812,356,5219,7974,9852,6253,323,570,,475,,76,2154,t3_calmveil
standard,175,r1,red,top,戰士,dadi2,standard,1,12,1,0,21390,26371,16695,713,8.64,12.18,17.28,4,1,2,4,4,9,183,197,3245,5009,8783,13647,6253,1143,5130,,665,,456,,t3_shieldbreaker|t3_finalstring
standard,175,r2,red,jungle,刺客,duskblade,standard,1,1,1,3,6382,12653,11448,488.9,8.65,15.14,20.2,3,1,1,2,3,889,1361,1628,847,4089,6941,9958,6253,234,570,855,190,1399,456,,t3_finalstring
standard,175,r3,red,mid,法師,gambler,standard,1,4,2,1,16796,13605,12056,514.9,10.43,18.39,22.38,3,0,1,2,3,1457,395,560,326,3717,5845,8590,6253,978,570,142,190,,456,,t3_psyward
standard,175,r4,red,adc,射手,liangzi,standard,1,9,4,1,19363,10097,14672,626.6,9.09,16.26,21.41,4,1,1,2,4,604,1146,3731,1451,3954,6826,11681,6253,601,3420,285,665,,456,,t3_shieldbreaker|t3_rendspear
standard,175,r5,red,sup,輔助,linghun,standard,1,0,2,5,6808,15489,13173,562.5,6.23,11.68,13.91,4,1,3,3,4,525,210,2338,1722,4525,8490,11378,6253,272,,1282,1140,,456,1974,t3_calmveil
standard,176,b1,blue,top,戰士,ronggang,standard,0,0,0,1,8612,23805,8993,414.3,9.5,17.76,,2,1,1,2,2,595,285,91,393,3745,5465,8391,6253,655,,285,950,,247,,t3_shieldbreaker|t3_finalstring
standard,176,b2,blue,jungle,刺客,binghe,standard,0,0,4,0,5152,9448,8326,383.5,9.13,18.49,,2,1,1,2,2,627,77,727,475,3827,5657,7677,6253,218,,,,958,247,,t3_finalstring
standard,176,b3,blue,mid,法師,ronghuo,standard,0,2,4,1,13847,13634,9570,440.8,10.11,18.49,,2,0,1,2,2,1849,82,67,939,4109,5832,8397,6253,1184,570,142,,,247,,t3_psyward
standard,176,b4,blue,adc,射手,shengyan,standard,0,7,3,1,16525,8983,12769,588.2,9.07,15.87,19.55,3,1,1,3,3,817,976,425,918,4167,6656,11045,6253,1121,2850,142,475,51,152,,t3_shieldbreaker|t3_rendspear
standard,176,b5,blue,sup,輔助,shiguang,standard,0,1,1,1,6378,16393,11082,510.5,5.93,11.28,16.27,4,1,2,3,4,404,429,1957,382,5254,7459,10537,6253,392,570,285,950,,247,1838,t3_calmveil
standard,176,r1,red,top,戰士,ronggang,standard,1,3,1,0,12854,23967,12138,559.1,9.45,13.86,19.25,3,1,2,3,3,595,126,389,737,3745,7526,10889,6253,836,1140,,2280,,380,,t3_shieldbreaker|t3_finalstring
standard,176,r2,red,jungle,刺客,binghe,standard,1,1,0,1,7203,9798,10277,473.4,7.87,16.11,20.58,3,1,1,2,3,865,1674,1169,626,4065,6604,9499,6253,209,570,285,380,1422,380,,t3_finalstring
standard,176,r3,red,mid,法師,ronghuo,standard,1,0,4,0,12519,13372,8452,389.3,11.71,19.7,,2,0,1,2,2,1371,235,223,601,3631,5835,7773,6253,760,,,380,,380,,t3_psyward
standard,176,r4,red,adc,射手,shengyan,standard,1,7,5,0,15732,10124,12271,565.3,10.88,17.3,20.88,3,0,1,2,3,1338,322,1020,1070,3498,5702,9920,6253,627,2280,,380,,380,,t3_shieldbreaker|t3_rendspear
standard,176,r5,red,sup,輔助,shiguang,standard,1,1,0,2,5228,12965,11243,517.9,6.52,12.01,15.05,4,1,2,3,4,202,1363,1486,362,4502,8093,10526,6253,228,570,570,380,14,380,2130,t3_calmveil
standard,177,b1,blue,top,戰士,jingci,standard,0,5,0,1,12157,22001,10833,543.2,6.92,15.83,18.71,3,1,1,,3,274,1217,,883,4904,6747,,,,,,,,,,t3_shieldbreaker|t3_finalstring
standard,177,b2,blue,jungle,刺客,shanying,standard,0,1,2,3,4724,11732,8932,447.9,8.46,15.82,,2,1,1,,2,691,792,,552,3891,6422,,,,,,,,,,t3_finalstring
standard,177,b3,blue,mid,法師,gambler,standard,0,0,5,2,10715,12597,8088,405.6,10.48,18.44,,2,0,1,,2,1561,410,,237,3821,5740,,,,,,,,,,t3_psyward
standard,177,b4,blue,adc,射手,mirrorshot,standard,0,2,5,1,9646,7923,8610,431.8,8.91,18.87,,2,1,1,,2,652,237,,360,4002,5617,,,,,,,,,,t3_shieldbreaker|t3_rendspear
standard,177,b5,blue,sup,坦克,dadi,standard,0,1,0,2,3572,15832,10750,539.1,6.35,12.94,17.33,3,1,2,,3,455,265,,770,4655,7505,,,,,,,,,,t3_calmveil|t3_thornmail
standard,177,r1,red,top,戰士,jingci,standard,1,1,1,0,9744,19289,9146,458.6,8.4,16.94,,2,1,1,,2,659,455,,495,3809,5985,,,,,,,,,,t3_shieldbreaker|t3_finalstring
standard,177,r2,red,jungle,刺客,shanying,standard,1,0,2,0,4152,9329,8115,407,9.03,17.02,,2,1,1,,2,577,263,,635,3777,5893,,,,,,,,,,t3_finalstring
standard,177,r3,red,mid,法師,gambler,standard,1,4,2,0,15650,9925,11207,562,10.43,17.48,19.7,3,0,1,,3,1517,329,,356,3777,6829,,,,,,,,,,t3_psyward
standard,177,r4,red,adc,射手,mirrorshot,standard,1,6,1,3,17402,8751,12876,645.7,11.91,15.43,18.36,3,0,1,,3,2032,1735,,1075,4192,7415,,,,,,,,,,t3_shieldbreaker|t3_rendspear
standard,177,r5,red,sup,坦克,dadi,standard,1,1,3,0,4101,16111,9550,478.9,6.93,12.33,18.17,3,1,2,,3,85,447,,50,4585,7687,,,,,,,,,,t3_calmveil|t3_thornmail
standard,178,b1,blue,top,戰士,longyi,standard,0,3,3,0,20436,37744,13227,491.2,7.18,13.52,20.39,4,1,2,2,4,440,465,1169,376,4290,7615,9819,6253,848,1710,,665,,342,,t3_shieldbreaker|t3_finalstring
standard,178,b2,blue,jungle,刺客,dianguang,standard,0,1,2,0,8944,14682,11182,415.3,8.57,17.24,22.92,3,1,1,2,3,636,450,371,701,3836,6080,8451,6253,240,570,,190,855,342,,t3_finalstring
standard,178,b3,blue,mid,法師,ronghuo,standard,0,5,9,0,14506,16161,13398,497.6,11.15,20.1,24.06,3,0,1,1,3,1498,41,1115,917,3758,5791,7615,6253,1019,,,190,,152,,t3_psyward
standard,178,b4,blue,adc,射手,hanbing,standard,0,12,7,0,35845,12334,16520,613.6,10.44,15.72,19.27,5,0,1,3,5,1509,649,281,920,3669,6329,10281,6253,646,2850,,190,,342,,t3_shieldbreaker|t3_rendspear
standard,178,b5,blue,sup,坦克,ironclad,standard,0,1,6,4,11555,32471,14824,550.6,6.65,12.38,15.72,5,1,2,3,5,747,1099,486,1223,5247,8339,10466,6253,247,570,570,190,51,342,2242,t3_calmveil|t3_thornmail
standard,178,r1,red,top,戰士,longyi,standard,1,4,2,0,18741,31429,13856,514.6,9.45,15.28,19.43,4,1,1,3,4,576,1274,460,1006,3726,6804,10110,6253,1102,1140,,1425,,190,,t3_shieldbreaker|t3_finalstring
standard,178,r2,red,jungle,刺客,dianguang,standard,1,7,4,3,17411,19934,16078,597.1,8.75,15.9,18.68,5,1,1,3,5,9,1081,125,777,4209,6711,11255,6253,171,2280,570,,1790,190,,t3_finalstring
standard,178,r3,red,mid,法師,ronghuo,standard,1,6,5,1,28204,16202,15599,579.3,11.25,17.46,22.19,4,0,1,2,4,1409,363,176,1198,3669,6263,8676,6253,1045,570,142,475,,190,,t3_psyward
standard,178,r4,red,adc,射手,hanbing,standard,1,7,9,2,24858,12040,13870,515.1,10.11,19.01,23.23,4,0,1,2,4,1272,227,141,969,3432,5427,8391,6253,522,1140,285,,,190,,t3_shieldbreaker|t3_rendspear
standard,178,r5,red,sup,坦克,ironclad,standard,1,3,2,5,8997,27385,15926,591.5,7.08,12.97,17.7,5,1,2,3,5,335,234,898,2325,4535,7014,10878,6253,237,570,712,475,,0,2629,t3_calmveil|t3_thornmail
standard,179,b1,blue,top,戰士,chichuan,standard,0,1,2,0,4791,17658,8240,413.2,8.84,18.13,,2,1,1,,2,719,361,,489,3869,5541,,,,,,,,,,t3_shieldbreaker|t3_finalstring
standard,179,b2,blue,jungle,刺客,wuxing,standard,0,1,3,0,4705,9736,8228,412.6,8.46,16,,2,1,1,,2,657,1466,,498,3857,6396,,,,,,,,,,t3_finalstring
standard,179,b3,blue,mid,法師,haixiao,standard,0,2,3,0,13059,11583,8012,401.7,10.2,18.91,,2,0,1,,2,1751,196,,361,4011,5826,,,,,,,,,,t3_psyward
standard,179,b4,blue,adc,射手,xuanfeng,standard,0,5,3,1,14006,7786,10995,551.3,10.03,16.08,,2,0,1,,2,1699,1029,,2744,3859,6709,,,,,,,,,,t3_shieldbreaker|t3_rendspear
standard,179,b5,blue,sup,輔助,xuemai,standard,0,0,1,2,4814,12749,9440,473.4,6.32,12.63,17.05,3,1,2,,3,362,336,,399,4662,7066,,,,,,,,,,t3_calmveil
standard,179,r1,red,top,戰士,chichuan,standard,1,3,2,0,8813,20959,9579,480.4,8.5,16.23,,2,1,1,,2,519,849,,979,3669,6329,,,,,,,,,,t3_shieldbreaker|t3_finalstring
standard,179,r2,red,jungle,刺客,wuxing,standard,1,2,2,1,5251,10876,10110,507,8.25,15.66,19.33,3,1,1,,3,432,1438,,459,4282,7018,,,,,,,,,,t3_finalstring
standard,179,r3,red,mid,法師,haixiao,standard,1,3,4,1,7094,10220,10957,549.4,8.53,16.93,19.49,3,1,1,,3,579,352,,406,4429,6852,,,,,,,,,,t3_psyward
standard,179,r4,red,adc,射手,xuanfeng,standard,1,4,1,3,12957,7390,10694,536.2,8.06,18.73,19.82,3,1,1,,3,813,652,,393,4163,6332,,,,,,,,,,t3_shieldbreaker|t3_rendspear
standard,179,r5,red,sup,輔助,xuemai,standard,1,0,0,3,4588,12183,10011,502,7.08,13.72,15.98,3,1,2,,3,544,491,,971,4544,7521,,,,,,,,,,t3_calmveil
standard,180,b1,blue,top,戰士,dushe,standard,1,3,1,0,13925,25828,13971,538.5,8.46,18.13,20.97,4,1,1,2,4,690,533,339,470,3840,6063,8989,6253,950,,,1235,,551,,t3_shieldbreaker|t3_finalstring
standard,180,b2,blue,jungle,刺客,voidrift,standard,1,1,3,1,8439,13433,11740,452.6,9.38,16.9,23.17,3,1,1,2,3,731,1487,1008,609,3931,6337,9088,6253,522,570,,285,906,551,,t3_finalstring
standard,180,b3,blue,mid,法師,leiming,standard,1,10,7,1,29391,18431,16349,630.2,10.72,16.98,20.37,5,0,1,2,5,1400,405,1632,198,3660,6605,11032,6253,997,2280,285,760,,456,,t3_psyward
standard,180,b4,blue,adc,射手,phantom,standard,1,6,3,2,25498,12994,14648,564.7,9.07,17.18,19.75,4,1,1,3,4,319,801,219,798,3669,6481,10699,6253,570,2280,285,760,,551,,t3_shieldbreaker|t3_rendspear
standard,180,b5,blue,sup,坦克,longji,standard,1,3,0,3,9284,22922,14503,559,6.73,11.98,16.02,5,1,2,3,5,447,495,909,902,5247,7735,10889,6253,380,1140,570,285,,551,1710,t3_calmveil|t3_thornmail
standard,180,r1,red,top,戰士,dushe,standard,0,4,1,0,15833,35808,14214,547.9,8.53,17.16,20.27,4,1,1,2,4,199,432,2354,714,4049,5962,10104,6253,1380,570,,1900,,0,,t3_shieldbreaker|t3_finalstring
standard,180,r2,red,jungle,刺客,voidrift,standard,0,1,6,2,10058,14445,11789,454.4,8.48,16.96,23.25,3,1,1,2,3,464,656,533,659,4364,6286,8613,6253,133,,285,,1941,0,,t3_finalstring
standard,180,r3,red,mid,法師,leiming,standard,0,0,7,2,16267,15691,11086,427.3,9.96,19.08,24.73,3,1,1,2,3,114,619,351,135,3964,5769,8201,6253,1187,,285,475,,0,,t3_psyward
standard,180,r4,red,adc,射手,phantom,standard,0,8,8,0,24844,13089,14268,550,9.77,16.81,21.41,4,1,1,2,4,414,345,857,668,3764,6025,9407,6253,1206,1710,,237,,0,,t3_shieldbreaker|t3_rendspear
standard,180,r5,red,sup,坦克,longji,standard,0,1,1,2,6992,24270,12657,487.9,7.93,12.98,17.63,4,1,2,3,4,352,177,581,456,4552,7117,9961,6253,386,570,,712,68,0,1971,t3_calmveil|t3_thornmail
standard,181,b1,blue,top,戰士,fengbao,standard,1,0,3,1,10869,23627,11075,469,8.31,17.13,22.14,3,1,1,2,3,576,583,607,875,3726,6063,8837,6253,912,,,1425,,247,,t3_shieldbreaker|t3_finalstring
standard,181,b2,blue,jungle,戰士,hunpo,standard,1,0,4,1,7587,12559,9620,407.3,10.13,20.45,,2,0,1,1,2,1715,676,1707,620,3925,5956,8157,6253,418,,142,,1096,247,,t3_psyward
standard,181,b3,blue,mid,法師,haixiao,standard,1,1,7,1,14355,14355,9802,415.1,10.57,21.4,,2,0,1,1,2,1580,252,1055,402,3840,5702,7555,6253,1007,,142,,,152,,t3_psyward
standard,181,b4,blue,adc,射手,yanfeng,standard,1,6,5,0,18975,10929,12479,528.4,10.13,17.85,20.83,3,0,1,2,3,1474,447,203,878,3634,6127,9053,6253,791,1710,,,51,247,,t3_shieldbreaker|t3_rendspear
standard,181,b5,blue,sup,坦克,thornwall,standard,1,2,2,1,4505,20264,13253,561.2,6.88,12.85,17.81,4,1,2,3,4,306,792,1482,1553,4706,7072,10882,6253,329,570,,1425,51,247,2006,t3_calmveil|t3_thornmail
standard,181,r1,red,top,戰士,fengbao,standard,0,5,2,2,15618,22890,13507,571.9,9.4,14.97,19.38,3,1,2,3,3,472,90,355,2107,3622,6890,11155,6253,750,1710,427,1710,,304,,t3_shieldbreaker|t3_finalstring
standard,181,r2,red,jungle,戰士,hunpo,standard,0,4,0,3,7874,8727,13366,565.9,10.15,15.89,19.93,3,0,1,3,3,1820,1015,361,1515,4030,7465,12211,6253,209,2280,855,285,2024,304,,t3_psyward
standard,181,r3,red,mid,法師,haixiao,standard,0,3,2,1,14697,13280,10838,458.9,10.2,19.93,23.39,3,0,1,2,3,1580,292,104,287,3840,5892,7954,6253,969,,142,285,,304,,t3_psyward
standard,181,r4,red,adc,射手,yanfeng,standard,0,4,4,2,16915,10383,12199,516.6,9.72,17.46,20.83,3,1,1,2,3,303,804,928,399,3653,6484,9828,6253,801,1140,570,760,,304,,t3_shieldbreaker|t3_rendspear
standard,181,r5,red,sup,坦克,thornwall,standard,0,5,1,3,6460,20401,14465,612.5,7.14,11.32,16.02,5,1,2,4,5,113,981,879,964,4513,8161,12379,6253,424,2850,,760,,304,1787,t3_calmveil|t3_thornmail
standard,182,b1,blue,top,戰士,rongyan,standard,1,0,4,2,11009,28580,11408,454.9,9.71,18.81,22.69,3,1,1,2,3,595,279,332,607,3745,5759,8932,6253,684,,,1615,,380,,t3_shieldbreaker|t3_finalstring
standard,182,b2,blue,jungle,戰士,leimingcf,standard,1,7,1,1,16198,17864,15102,602.3,8.71,15.71,20.6,4,1,1,2,4,918,2171,1391,1702,4018,7301,9941,6253,712,1140,,427,932,475,,t3_shieldbreaker|t3_finalstring
standard,182,b3,blue,mid,法師,leiming,standard,1,4,1,1,22926,15919,13568,541.1,10.13,15.53,23.91,3,0,1,2,3,1618,707,701,1487,3878,7207,10101,6253,994,1140,285,902,51,475,,t3_psyward
standard,182,b4,blue,adc,射手,siwang,standard,1,12,8,0,34459,12620,16500,658,7.83,14.32,20.08,5,1,2,2,5,845,1002,2465,900,4195,8002,11365,6253,525,3420,,665,26,475,,t3_shieldbreaker|t3_rendspear
standard,182,b5,blue,sup,輔助,shengming,standard,1,0,0,1,7738,14855,12192,486.2,6.99,11.83,16.61,4,1,2,3,4,1204,809,498,811,4604,7359,9248,6253,237,,,190,,475,2091,t3_calmveil
standard,182,r1,red,top,戰士,rongyan,standard,0,3,3,1,12552,30253,12797,510.3,8.51,15.71,20.84,4,1,1,2,4,614,545,2433,96,3764,6025,10663,6253,988,1710,142,1425,68,76,,t3_shieldbreaker|t3_finalstring
standard,182,r2,red,jungle,戰士,leimingcf,standard,0,1,2,1,12077,21326,10738,428.2,8.81,16.64,23.25,3,1,1,2,3,102,564,634,588,4152,5994,8814,6253,323,570,285,,1306,76,,t3_shieldbreaker|t3_finalstring
standard,182,r3,red,mid,法師,leiming,standard,0,3,5,1,23064,17594,12462,497,10.13,17.45,23,3,0,1,2,3,1713,140,342,362,3973,5740,9322,6253,1235,1140,142,475,,76,,t3_psyward
standard,182,r4,red,adc,射手,siwang,standard,0,7,9,0,19773,10930,12880,513.7,9.41,20.08,23.28,3,1,1,1,3,205,552,1951,1500,3555,5332,7631,6253,731,570,,,,76,,t3_shieldbreaker|t3_rendspear
standard,182,r5,red,sup,輔助,shengming,standard,0,0,4,0,6235,17535,11281,449.9,7.65,11.98,17.38,4,1,2,3,4,1425,654,1500,880,4525,6834,9660,6253,218,,,950,,76,2162,t3_calmveil
standard,183,b1,blue,top,戰士,embercoil,standard,1,1,0,1,10177,24579,10035,439,9.02,16.84,,2,1,1,2,2,633,1020,932,1435,3783,6500,8932,6253,988,570,285,380,,456,,t3_shieldbreaker|t3_finalstring
standard,183,b2,blue,jungle,戰士,fengbao,standard,1,0,2,1,8990,15899,10281,449.8,8.22,16.25,22.08,3,1,1,2,3,882,1618,1072,731,3982,6568,8722,6253,237,,,617,1158,456,,t3_shieldbreaker|t3_finalstring
standard,183,b3,blue,mid,法師,haixiao,standard,1,10,1,0,24430,14767,15308,669.7,10.07,15.94,19.88,3,0,1,3,3,1609,1036,159,3227,3869,7536,10709,6253,1102,2280,,617,,456,,t3_psyward
standard,183,b4,blue,adc,射手,maestro,standard,1,5,4,1,19561,10851,12372,541.2,9.91,16.47,21.45,3,1,1,2,3,186,896,1009,992,4486,6576,9559,6253,1045,1140,285,380,,456,,t3_shieldbreaker|t3_rendspear
standard,183,b5,blue,sup,輔助,fengshen,standard,1,0,1,3,6128,16236,12059,527.6,6.78,12.26,16.2,4,1,2,3,4,2082,904,1156,1098,4582,7384,10386,6253,275,,285,1330,,456,1786,t3_calmveil
standard,183,r1,red,top,戰士,embercoil,standard,0,2,2,0,12063,23330,10083,441.1,9.22,17.65,22.18,3,1,1,2,3,519,1076,336,483,3669,5956,7736,6253,905,,,475,26,76,,t3_shieldbreaker|t3_finalstring
standard,183,r2,red,jungle,戰士,fengbao,standard,0,0,1,2,10980,16998,9224,403.5,8.2,18.69,,2,1,1,2,2,866,903,328,1043,3966,5853,7678,6253,285,,,,1064,76,,t3_shieldbreaker|t3_finalstring
standard,183,r3,red,mid,法師,haixiao,standard,0,0,4,0,16646,14413,8775,383.9,10.12,19.38,,2,0,1,2,2,1808,372,213,364,4068,5702,7843,6253,1038,,,475,,76,,t3_psyward
standard,183,r4,red,adc,射手,maestro,standard,0,6,7,0,19451,12673,11745,513.8,10.71,16.97,21.45,3,0,1,2,3,1433,398,972,765,3593,5778,9122,6253,608,1710,,475,,76,,t3_shieldbreaker|t3_rendspear
standard,183,r5,red,sup,輔助,fengshen,standard,0,0,2,2,4948,15898,10331,452,6.19,12.81,16.46,3,1,2,3,3,601,151,540,1291,4601,6881,9000,6253,316,,285,,16,76,2053,t3_calmveil
standard,184,b1,blue,top,戰士,cinderfist,standard,0,3,3,0,12788,24283,11572,473.3,7.8,17.66,20.86,3,1,1,2,3,956,457,1032,722,4106,5987,9312,6253,722,1710,,475,,152,,t3_shieldbreaker|t3_finalstring
standard,184,b2,blue,jungle,戰士,anliuyouXia,standard,0,0,5,0,10324,17892,9802,400.9,9.43,17.87,24.38,3,1,1,2,3,795,456,363,202,3895,5936,7943,6253,338,,,,1199,152,,t3_shieldbreaker|t3_finalstring
standard,184,b3,blue,mid,法師,leiming,standard,0,4,3,0,23307,16705,11566,473,10.27,20.56,22.36,3,0,1,1,3,1567,217,1471,315,3827,5727,7551,6253,1146,,,,,152,,t3_psyward
standard,184,b4,blue,adc,射手,liuxing,standard,0,6,6,3,20429,11025,13051,533.8,10.04,16.05,19.23,4,0,1,3,4,1458,275,302,51,3618,5955,10002,6253,747,2850,,,,152,,t3_shieldbreaker|t3_rendspear
standard,184,b5,blue,sup,坦克,suishan,standard,0,0,3,0,8472,24001,11661,477,7.39,12.58,16.66,4,1,2,3,4,500,1088,747,301,4700,7588,9727,6253,275,,,475,51,152,2520,t3_calmveil|t3_thornmail
standard,184,r1,red,top,戰士,cinderfist,standard,1,3,1,0,14120,29950,12054,493,8.85,16.97,21.44,3,1,1,2,3,684,793,989,1204,3834,6323,9639,6253,1244,1140,,570,51,380,,t3_shieldbreaker|t3_finalstring
standard,184,r2,red,jungle,戰士,anliuyouXia,standard,1,6,0,0,13584,15950,14374,587.9,8.83,15.42,17.43,4,1,1,3,4,985,1964,551,1393,4085,7444,11951,6253,209,2850,,570,1688,380,,t3_shieldbreaker|t3_finalstring
standard,184,r3,red,mid,法師,leiming,standard,1,1,6,2,11587,14142,10891,445.5,11.29,18.13,,2,0,1,2,2,1495,277,607,1491,3755,6177,8457,6253,1016,,427,570,,190,,t3_psyward
standard,184,r4,red,adc,射手,liuxing,standard,1,9,6,1,23191,11445,15008,613.8,9.09,16.52,19.57,4,1,1,3,4,528,1257,1079,1158,3878,6937,11079,6253,931,2850,285,570,,190,,t3_shieldbreaker|t3_rendspear
standard,184,r5,red,sup,坦克,suishan,standard,1,1,0,4,9799,24851,13397,547.9,7.05,12.35,16.95,4,1,2,3,4,267,819,1040,1196,5067,8059,11020,6253,247,570,427,570,,380,2571,t3_calmveil|t3_thornmail
standard,185,b1,blue,top,戰士,leimingcf,standard,0,2,5,0,8600,30929,9926,420.4,9.01,16.85,22.98,3,1,1,2,3,652,602,544,326,3802,6082,8774,6253,829,1140,,475,,76,,t3_shieldbreaker|t3_finalstring
standard,185,b2,blue,jungle,戰士,embercoil,standard,0,1,5,1,6718,18589,10048,425.6,8.3,15.53,,2,1,1,2,2,863,1292,453,1867,3963,6722,8633,6253,456,570,285,,992,76,,t3_shieldbreaker|t3_finalstring
standard,185,b3,blue,mid,法師,mingyun2,standard,0,0,3,0,15758,15492,10192,431.7,10.58,18.31,,2,0,1,2,2,1561,391,1120,892,3821,5721,8470,6253,1190,,,950,,76,,t3_psyward
standard,185,b4,blue,adc,射手,shensheng,standard,0,2,6,1,18973,11953,10340,438,8.77,17.48,22.27,3,1,1,2,3,436,458,948,319,3786,5838,8568,6253,908,570,285,475,,76,,t3_shieldbreaker|t3_rendspear
standard,185,b5,blue,sup,輔助,mingyunyindao,standard,0,1,5,0,6538,18553,10788,457,5.73,11.39,16.25,4,1,2,3,4,868,353,452,388,5168,7383,9492,6253,262,570,,475,,76,1854,t3_calmveil
standard,185,r1,red,top,戰士,leimingcf,standard,1,7,0,0,13890,24113,14537,615.7,9.23,14.22,19.28,4,1,2,3,4,519,535,128,1556,3669,7935,11108,6253,1035,2850,,475,,494,,t3_shieldbreaker|t3_finalstring
standard,185,r2,red,jungle,戰士,embercoil,standard,1,2,0,1,14467,19099,12234,518.2,7.46,13.39,18.42,3,1,2,3,3,180,1016,244,1303,4230,8066,10574,6253,408,1140,142,475,1660,494,,t3_shieldbreaker|t3_finalstring
standard,185,r3,red,mid,法師,mingyun2,standard,1,4,2,1,17228,12778,12051,510.5,10.53,17.66,21.73,3,0,1,2,3,1438,40,969,1500,3698,5940,9949,6253,826,1710,285,475,,399,,t3_psyward
standard,185,r4,red,adc,射手,shensheng,standard,1,10,4,3,33849,9271,16430,696,9.71,17.24,19.27,4,1,1,3,4,414,763,471,2580,3764,6443,10471,6253,779,2280,285,475,,399,,t3_shieldbreaker|t3_rendspear
standard,185,r5,red,sup,輔助,mingyunyindao,standard,1,1,0,4,6932,13077,13480,571,7.39,11.46,14.72,4,1,3,3,4,1319,166,954,2099,5019,7866,10184,6253,142,570,427,475,,494,1821,t3_calmveil
standard,186,b1,blue,top,戰士,jufeng,standard,0,0,3,0,7900,21359,8081,384.9,8.46,18,,2,1,1,2,2,538,323,484,200,3688,5503,7764,6253,940,,,475,,95,,t3_shieldbreaker|t3_finalstring
standard,186,b2,blue,jungle,戰士,hunpo,standard,0,1,5,0,4961,8756,8629,411.1,10.31,19.12,,2,0,1,2,2,1572,422,364,879,3782,6222,8114,6253,247,570,,,1044,0,,t3_psyward
standard,186,b3,blue,mid,法師,bingshuang,standard,0,1,3,0,7925,12470,9047,431,10.85,18.79,,2,0,1,2,2,1504,441,996,696,3764,5721,8596,6253,1045,570,,633,,95,,t3_psyward
standard,186,b4,blue,adc,射手,liangzicz,standard,0,8,5,1,17310,10217,12647,602.5,7.53,14.97,18.93,3,1,2,3,3,2153,308,1485,1147,5503,7308,11665,6253,883,3990,285,158,,95,,t3_shieldbreaker|t3_rendspear
standard,186,b5,blue,sup,輔助,mingyun,standard,0,0,2,1,4085,12525,10316,491.4,6.77,13.24,16.42,3,1,2,3,3,516,340,849,1275,4516,7370,9429,6253,190,,285,633,,95,1972,t3_calmveil
standard,186,r1,red,top,戰士,jufeng,standard,1,8,1,0,12119,22970,13909,662.6,8.65,13.69,15.38,4,1,2,4,4,327,1625,602,458,4427,9925,13402,6253,1013,4560,,1140,17,418,,t3_shieldbreaker|t3_finalstring
standard,186,r2,red,jungle,戰士,hunpo,standard,1,1,0,1,7688,9904,9417,448.6,10.19,17.23,,2,0,1,2,2,1690,432,210,716,3900,6832,8910,6253,228,570,142,190,1108,418,,t3_psyward
standard,186,r3,red,mid,法師,bingshuang,standard,1,5,3,2,9465,12987,12859,612.6,10.06,16.47,20.11,3,0,1,2,3,1628,882,2774,1879,3888,7032,11174,6253,1225,1710,427,1140,,418,,t3_psyward
standard,186,r4,red,adc,射手,liangzicz,standard,1,4,5,1,13011,8965,10399,495.4,10.18,18.93,,2,0,1,2,2,1462,531,2322,1498,3622,5731,9322,6253,655,1710,285,190,,228,,t3_shieldbreaker|t3_rendspear
standard,186,r5,red,sup,輔助,mingyun,standard,1,0,1,4,4253,12983,11300,538.3,5.68,12.28,16.23,3,1,2,3,3,263,666,727,2259,4563,7696,9767,6253,145,,855,190,,418,1904,t3_calmveil
standard,187,b1,blue,top,戰士,ronggang,standard,0,1,1,1,14452,26263,10511,449,9.09,16.44,22.42,3,1,1,2,3,902,992,146,381,4052,6522,8796,6253,937,570,142,665,,228,,t3_shieldbreaker|t3_finalstring
standard,187,b2,blue,jungle,戰士,ravager,standard,0,0,0,2,6596,15057,9836,420.2,8.84,16.15,23.23,3,1,1,2,3,1076,974,181,235,4176,6454,8481,6253,446,,285,190,1078,228,,t3_shieldbreaker|t3_finalstring
standard,187,b3,blue,mid,法師,mingyun2,standard,0,2,2,1,14310,14438,10698,457,11.05,18.62,23.23,3,0,1,2,3,1523,72,235,148,3783,6272,8565,6253,848,570,,665,,228,,t3_psyward
standard,187,b4,blue,adc,射手,leiting,standard,0,8,4,0,25163,10880,13182,563.1,9.86,16.5,20.4,4,1,1,2,4,443,507,1256,282,3793,6187,10156,6253,617,2850,,190,17,228,,t3_shieldbreaker|t3_rendspear
standard,187,b5,blue,sup,坦克,tixue,standard,0,2,4,1,7268,19898,12428,530.9,7.42,11.99,16.96,4,1,2,3,4,1354,1206,600,228,5254,7866,10580,6253,227,570,142,665,,228,2493,t3_calmveil|t3_thornmail
standard,187,r1,red,top,戰士,ronggang,standard,1,2,1,0,12674,25397,10931,467,7.92,16.76,20.7,3,1,1,2,3,182,588,489,500,4332,6118,9139,6253,722,570,,1235,17,342,,t3_shieldbreaker|t3_finalstring
standard,187,r2,red,jungle,戰士,ravager,standard,1,3,2,1,12012,20634,11986,512,9.25,15.98,20.68,3,1,1,2,3,857,1199,715,585,3957,6679,9315,6253,576,570,,285,1288,342,,t3_shieldbreaker|t3_finalstring
standard,187,r3,red,mid,法師,mingyun2,standard,1,3,3,0,23841,13814,11908,508.7,11.13,17.8,,2,0,1,2,2,1453,340,302,2507,3713,6240,9052,6253,1032,1140,,285,,342,,t3_psyward
standard,187,r4,red,adc,射手,leiting,standard,1,2,6,0,14613,9884,9742,416.2,9.81,19.46,,2,1,1,2,2,363,261,988,841,3713,5461,7988,6253,728,570,,285,,152,,t3_shieldbreaker|t3_rendspear
standard,187,r5,red,sup,坦克,tixue,standard,1,1,1,2,7122,20773,11828,505.3,7.73,12.77,17.25,4,1,2,3,4,449,382,161,527,4649,7622,10141,6253,285,570,,285,,342,2405,t3_calmveil|t3_thornmail
standard,188,b1,blue,top,戰士,jingci,standard,0,4,1,1,23782,31120,14790,520.6,7.14,14.83,19.42,4,1,2,3,4,374,334,935,1289,4524,7184,10585,6253,988,2280,,665,,399,,t3_shieldbreaker|t3_finalstring
standard,188,b2,blue,jungle,戰士,xueyue,standard,0,2,3,1,19680,23310,12913,454.6,8.88,17.43,24.61,4,1,1,2,4,772,2102,374,413,3872,6202,8074,6253,408,,,190,823,399,,t3_shieldbreaker|t3_finalstring
standard,188,b3,blue,mid,法師,bingshuang,standard,0,3,6,1,32821,20603,13054,459.5,10.63,19.17,26.53,3,0,1,2,3,1637,349,907,974,3897,5949,8457,6253,855,,285,665,,399,,t3_psyward
standard,188,b4,blue,adc,射手,liangzi,standard,0,12,10,0,42741,16368,18434,648.9,10.6,16.99,20.35,5,0,1,2,5,1430,646,1785,2834,3590,6326,10335,6253,927,1710,,1140,,304,,t3_shieldbreaker|t3_rendspear
standard,188,b5,blue,sup,坦克,tieshixin,standard,0,1,4,2,9562,26083,13166,463.5,7.08,12.46,20.02,4,1,2,2,4,1695,337,1766,986,4595,7277,9006,6253,240,,,190,,399,1923,t3_calmveil|t3_thornmail
standard,188,r1,red,top,戰士,jingci,standard,1,4,2,0,18865,37829,13907,489.5,8.82,15.49,21.53,4,1,1,2,4,209,1322,596,406,4059,6852,9246,6253,1136,1140,,475,51,190,,t3_shieldbreaker|t3_finalstring
standard,188,r2,red,jungle,戰士,xueyue,standard,1,2,1,3,20182,25675,13471,474.2,8.99,17.46,23.15,4,1,1,2,4,860,589,517,491,3960,6069,9117,6253,326,570,285,,1492,190,,t3_shieldbreaker|t3_finalstring
standard,188,r3,red,mid,法師,bingshuang,standard,1,5,7,2,21982,20275,14593,513.7,10.9,19.01,26.28,4,0,1,2,4,1526,238,487,1243,3786,5838,8337,6253,991,570,285,237,,0,,t3_psyward
standard,188,r4,red,adc,射手,liangzi,standard,1,13,11,1,42214,15453,18573,653.8,8.38,16.88,20.35,5,1,1,2,5,308,974,1980,2972,4308,6654,10530,6253,921,2280,142,712,30,190,,t3_shieldbreaker|t3_rendspear
standard,188,r5,red,sup,坦克,tieshixin,standard,1,0,1,6,14106,31202,13249,466.4,7.19,12.53,19.4,4,1,2,3,4,455,330,355,1048,4655,7270,9255,6253,462,,427,,,190,1922,t3_calmveil|t3_thornmail
standard,189,b1,blue,top,戰士,longyi,standard,1,3,2,0,14606,30233,12288,489.1,9.07,16.48,20.7,3,1,1,2,3,728,707,813,888,3878,6187,9113,6253,1111,570,,760,,418,,t3_shieldbreaker|t3_finalstring
standard,189,b2,blue,jungle,戰士,jufeng,standard,1,3,1,1,10663,19285,12529,498.7,9.07,18.01,19.13,3,1,1,3,3,46,1994,636,1178,4276,7424,10186,6253,223,1710,,285,1296,418,,t3_shieldbreaker|t3_finalstring
standard,189,b3,blue,mid,法師,mingyun2,standard,1,4,3,1,21175,15671,12773,508.4,10.54,17.27,22.2,3,0,1,2,3,1704,391,527,692,3964,6291,9027,6253,1216,570,285,285,,418,,t3_psyward
standard,189,b4,blue,adc,射手,shengyan,standard,1,4,6,0,22087,10290,11553,459.8,10.57,20.08,23.68,3,0,1,1,3,1393,261,1557,1252,3553,5641,7237,6253,437,,,285,34,228,,t3_shieldbreaker|t3_rendspear
standard,189,b5,blue,sup,輔助,huanjing,standard,1,0,4,3,6789,19899,12989,517,8.13,13.23,16.23,4,1,2,3,4,911,332,759,1608,4611,7362,9509,6253,356,,285,285,,418,1911,t3_calmveil
standard,189,r1,red,top,戰士,longyi,standard,0,3,1,1,16643,30965,13621,542.1,9.21,17.29,21.13,4,1,1,2,4,700,664,427,641,3850,5664,9027,6253,1083,1140,,475,,76,,t3_shieldbreaker|t3_finalstring
standard,189,r2,red,jungle,戰士,jufeng,standard,0,2,0,2,12622,18087,12417,494.2,8.82,16.49,20.4,3,1,1,2,3,1033,1568,983,1066,4133,6998,9533,6253,513,570,285,,1835,76,,t3_shieldbreaker|t3_finalstring
standard,189,r3,red,mid,法師,mingyun2,standard,0,3,3,0,20093,14397,11652,463.7,10.83,20.7,24.25,3,0,1,1,3,1333,381,1254,321,3593,5531,7754,6253,950,,,475,,76,,t3_psyward
standard,189,r4,red,adc,射手,shengyan,standard,0,6,9,0,21743,12313,12174,484.5,10.18,21.5,23.68,3,0,1,1,3,1395,565,1400,794,3555,5465,7080,6253,750,,,,,76,,t3_shieldbreaker|t3_rendspear
standard,189,r5,red,sup,輔助,huanjing,standard,0,2,1,4,8746,18614,13336,530.8,6.33,11.28,14.83,4,1,3,3,4,543,73,1317,1955,5143,7773,10547,6253,427,1140,285,475,,76,1890,t3_calmveil
standard,190,b1,blue,top,戰士,chichuan,standard,1,1,0,0,15936,30478,11348,451.6,8.23,16.46,21.19,3,1,1,2,3,203,1141,312,497,4353,6671,8362,6253,893,570,,475,,171,,t3_shieldbreaker|t3_finalstring
standard,190,b2,blue,jungle,戰士,kuangfeng,standard,1,1,1,1,12662,17924,10928,435,8.63,17.63,22.68,3,1,1,2,3,865,442,707,428,3965,5922,8707,6253,348,570,285,,1079,171,,t3_shieldbreaker|t3_finalstring
standard,190,b3,blue,mid,法師,bingshuang,standard,1,1,4,0,17637,15859,10892,433.5,10.54,19.51,,2,0,1,2,2,1580,252,237,1491,3840,5702,8267,6253,893,,,950,,171,,t3_psyward
standard,190,b4,blue,adc,射手,mirrorshot,standard,1,5,6,0,22323,11305,11899,473.6,10.47,19.45,23.88,3,0,1,2,3,1699,413,339,518,3859,5493,7659,6253,760,570,,,,76,,t3_shieldbreaker|t3_rendspear
standard,190,b5,blue,sup,坦克,dadi,standard,1,1,2,0,8291,22693,13139,522.9,7.32,13.49,16.98,4,1,2,3,4,750,830,128,938,4650,8070,10108,6253,259,570,,475,17,171,2362,t3_calmveil|t3_thornmail
standard,190,r1,red,top,戰士,chichuan,standard,0,4,0,0,15581,27185,12735,506.8,9.7,14.11,20.2,4,1,2,2,4,481,505,1099,184,3631,7355,9749,6253,817,1710,,665,,304,,t3_shieldbreaker|t3_finalstring
standard,190,r2,red,jungle,戰士,kuangfeng,standard,0,2,0,1,13748,18349,11857,471.9,8.09,15.13,21.38,3,1,1,2,3,815,1286,1460,456,3915,6766,9460,6253,145,1140,,190,1427,304,,t3_shieldbreaker|t3_finalstring
standard,190,r3,red,mid,法師,bingshuang,standard,0,2,3,1,15516,16039,11490,457.3,10.54,19.99,24.92,3,0,1,2,3,1447,218,24,160,3707,5968,8524,6253,1016,,285,665,,304,,t3_psyward
standard,190,r4,red,adc,射手,mirrorshot,standard,0,5,6,1,23963,10704,12402,493.6,9.15,19.38,23.88,3,1,1,2,3,348,51,501,602,3698,5731,7821,6253,788,,285,190,,304,,t3_shieldbreaker|t3_rendspear
standard,190,r5,red,sup,坦克,dadi,standard,0,0,0,1,8019,22978,11954,475.8,7.73,12.88,18.06,4,1,2,3,4,660,478,238,354,4560,7258,9738,6253,310,,,190,,304,2680,t3_calmveil|t3_thornmail
standard,191,b1,blue,top,戰士,xueyue,standard,1,0,4,0,14974,30969,9712,385.4,9.31,18.11,,2,1,1,2,2,595,358,469,1432,3745,5588,7919,6253,1019,,,475,,171,,t3_shieldbreaker|t3_finalstring
standard,191,b2,blue,jungle,戰士,tielian,standard,1,1,5,0,9485,18125,10642,422.3,8.53,18.08,23.66,3,1,1,2,3,160,756,319,141,3960,5936,7899,6253,551,,,,923,171,,t3_shieldbreaker|t3_finalstring
standard,191,b3,blue,mid,法師,lieyan,standard,1,6,6,0,21039,19154,13265,526.4,10.33,17.96,21.98,3,0,1,2,3,1593,309,444,1165,3853,5639,9154,6253,1114,1140,,475,,171,,t3_psyward
standard,191,b4,blue,adc,射手,hanbing,standard,1,6,3,0,24995,11547,12571,498.9,9,15.83,22.3,3,1,1,2,3,94,563,518,1191,4394,6243,9068,6253,994,1710,,,34,76,,t3_shieldbreaker|t3_rendspear
standard,191,b5,blue,sup,坦克,ironclad,standard,1,0,3,0,8965,25911,12969,514.6,7.43,13.21,16.48,4,1,2,3,4,174,236,770,1188,4674,7036,9750,6253,386,,,475,34,171,2430,t3_calmveil|t3_thornmail
standard,191,r1,red,top,戰士,xueyue,standard,0,7,1,0,23752,31506,14288,567,9.42,14.3,20.18,4,1,2,2,4,595,325,1641,1438,3745,7175,10291,6253,1187,1710,,760,,380,,t3_shieldbreaker|t3_finalstring
standard,191,r2,red,jungle,戰士,tielian,standard,0,9,0,1,17452,19437,16828,667.8,8.92,13.28,16.49,5,1,2,4,5,235,1179,489,1527,4515,8579,13469,6253,509,3990,285,443,1607,380,,t3_shieldbreaker|t3_finalstring
standard,191,r3,red,mid,法師,lieyan,standard,0,2,4,3,17555,15978,11712,464.8,11.12,18.54,23.15,3,0,1,2,3,1499,457,202,381,3759,6207,8532,6253,1027,,427,443,,380,,t3_psyward
standard,191,r4,red,adc,射手,hanbing,standard,0,3,7,0,21407,10624,11242,446.1,10.2,19.19,24.06,3,0,1,2,3,1443,171,513,941,3603,5851,7833,6253,756,,,443,,380,,t3_shieldbreaker|t3_rendspear
standard,191,r5,red,sup,坦克,ironclad,standard,0,0,1,2,8148,22769,11607,460.6,7.63,12.38,18.73,4,1,2,3,4,368,142,234,306,4568,7382,9434,6253,242,,427,285,,380,1845,t3_calmveil|t3_thornmail
standard,192,b1,blue,top,戰士,langwang,standard,1,1,0,0,13298,30334,10439,431.8,8.12,17.52,22.73,3,1,1,2,3,747,1083,407,539,3897,6263,8707,6253,1130,570,,475,,278,,t3_shieldbreaker|t3_finalstring
standard,192,b2,blue,jungle,刺客,duskblade,standard,1,0,5,0,5766,13646,10031,414.9,8.3,17.01,,2,1,1,2,2,927,675,471,1700,4127,6255,8201,6253,228,,,,1567,152,,t3_finalstring
standard,192,b3,blue,mid,法師,shikong,standard,1,7,3,0,17095,15985,13894,574.7,10.29,17.57,21.78,3,0,1,2,3,1571,186,463,2294,3831,6386,9863,6253,1273,1710,,475,,152,,t3_psyward
standard,192,b4,blue,adc,射手,xuanfeng,standard,1,7,4,1,19367,10809,13812,571.3,9.66,16.92,21.69,3,1,1,2,3,386,180,1417,2011,3736,5560,9667,6253,902,1710,285,237,,278,,t3_shieldbreaker|t3_rendspear
standard,192,b5,blue,sup,輔助,xuemai,standard,1,0,2,1,5229,18052,11814,488.7,6.23,13.15,16.99,4,1,2,3,4,601,920,1660,934,4601,7400,10120,6253,228,,285,1187,,278,1887,t3_calmveil
standard,192,r1,red,top,戰士,langwang,standard,0,6,1,0,14776,27751,13033,539.1,9.05,16.98,20.03,4,1,1,2,4,367,754,3030,532,3517,6234,11630,6253,760,3420,,855,,342,,t3_shieldbreaker|t3_finalstring
standard,192,r2,red,jungle,刺客,duskblade,standard,0,3,2,2,8522,12748,12528,518.2,8.38,13.58,18.15,3,1,2,3,3,693,633,813,1447,3893,7283,10943,6253,209,1710,570,380,1478,342,,t3_finalstring
standard,192,r3,red,mid,法師,shikong,standard,0,0,5,1,17580,16788,9850,407.5,11.09,18.86,,2,0,1,2,2,1466,140,168,450,3726,6370,8498,6253,953,,285,855,,152,,t3_psyward
standard,192,r4,red,adc,射手,xuanfeng,standard,0,5,4,0,17829,9919,11795,487.9,10.17,18.98,21.78,3,0,1,2,3,1376,360,232,414,3536,5560,8182,6253,636,570,,380,,342,,t3_shieldbreaker|t3_rendspear
standard,192,r5,red,sup,輔助,xuemai,standard,0,0,3,2,4657,15225,11159,461.6,6.82,13.91,16.13,4,1,2,3,4,206,446,488,279,4506,7476,9528,6253,291,,285,380,,342,1976,t3_calmveil
standard,193,b1,blue,top,戰士,kuangfeng,standard,1,3,1,0,11964,23062,12042,519,8.24,15.41,20.73,3,1,1,2,3,757,1258,589,641,3907,6738,9189,6253,1149,570,,665,,551,,t3_shieldbreaker|t3_finalstring
standard,193,b2,blue,jungle,刺客,binghe,standard,1,3,0,0,3281,9630,11587,499.4,8.63,16.92,19.65,3,1,1,3,3,1097,1061,399,987,4297,6641,10349,6253,565,1710,,190,1079,551,,t3_finalstring
standard,193,b3,blue,mid,法師,lieyan,standard,1,1,5,1,12689,12639,10429,449.5,10.28,18.2,,2,0,1,2,2,1675,87,1021,1029,3935,5987,8571,6253,912,,285,665,,456,,t3_psyward
standard,193,b4,blue,adc,射手,dawnstrike,standard,1,17,2,1,38795,10954,18694,805.8,7.63,13.43,16.2,4,1,2,3,4,880,834,837,4844,5360,9084,12637,6253,513,5130,,190,,551,,t3_shieldbreaker|t3_rendspear
standard,193,b5,blue,sup,輔助,zhanchang,standard,1,1,0,4,5771,17801,13117,565.4,5.87,11.86,14.17,4,1,3,3,4,450,792,2295,1667,5300,8492,11335,6253,242,570,570,1140,,551,2008,t3_calmveil
standard,193,r1,red,top,戰士,kuangfeng,standard,0,3,2,0,8720,28355,12063,520,9.19,16.63,21.39,3,1,1,2,3,595,940,1272,663,3745,6120,9502,6253,969,1710,,475,,95,,t3_shieldbreaker|t3_finalstring
standard,193,r2,red,jungle,刺客,binghe,standard,0,0,4,0,5617,9939,9246,398.5,8.7,16.63,,2,1,1,2,2,181,719,323,1166,4031,5999,8053,6253,190,,,,1515,95,,t3_finalstring
standard,193,r3,red,mid,法師,lieyan,standard,0,1,6,0,12322,13984,9254,398.9,10.31,19.33,,2,0,1,2,2,1979,316,325,174,4239,6066,8175,6253,877,570,,475,,0,,t3_psyward
standard,193,r4,red,adc,射手,dawnstrike,standard,0,3,9,0,12760,11218,10388,447.8,9.79,19.41,,2,1,1,2,2,272,353,298,1537,3622,5433,7618,6253,794,,,475,,95,,t3_shieldbreaker|t3_rendspear
standard,193,r5,red,sup,輔助,zhanchang,standard,0,1,4,1,5999,20009,10274,442.8,6.13,11.14,18.13,3,1,2,3,3,767,546,193,1234,5067,7276,9233,6253,246,570,285,,,95,1782,t3_calmveil
standard,194,b1,blue,top,戰士,greymantle,standard,1,1,4,0,16025,30922,10880,451,8.88,18.02,21.68,3,1,1,2,3,785,276,665,529,3935,5626,8745,6253,991,,,1425,,76,,t3_shieldbreaker|t3_finalstring
standard,194,b2,blue,jungle,刺客,jueying,standard,1,0,8,0,7516,12736,9575,396.9,8.25,17.33,,2,1,1,2,2,776,635,452,1444,3976,5915,7752,6253,250,,,,1173,76,,t3_finalstring
standard,194,b3,blue,mid,法師,shikong,standard,1,1,5,1,19814,15969,10066,417.2,10.54,19.53,,2,0,1,2,2,1476,384,443,1185,3736,5534,8273,6253,899,570,,475,,76,,t3_psyward
standard,194,b4,blue,adc,射手,yanfeng,standard,1,3,9,1,16004,14747,11114,460.7,10.24,19.12,23.59,3,0,1,2,3,1547,275,107,1033,3707,5655,7327,6253,712,,285,,,76,,t3_shieldbreaker|t3_rendspear
standard,194,b5,blue,sup,坦克,stoneguard,standard,1,1,5,0,5139,29004,11110,460.5,7.34,12.26,17.24,3,1,2,3,3,768,503,465,1530,4668,7883,9565,6253,300,570,,475,26,76,1863,t3_calmveil|t3_thornmail
standard,194,r1,red,top,戰士,greymantle,standard,0,10,0,3,25497,26643,16652,690.3,8.59,13.98,16.79,5,1,2,3,5,194,1284,655,1302,4524,8134,12105,6253,1282,2850,522,665,,532,,t3_shieldbreaker|t3_finalstring
standard,194,r2,red,jungle,刺客,jueying,standard,0,5,1,7,11881,13362,15199,630,8.6,14.99,16.89,4,1,2,3,4,248,519,1348,1799,4448,8899,12478,6253,199,2280,1425,190,1598,532,,t3_finalstring
standard,194,r3,red,mid,法師,shikong,standard,0,1,2,5,12576,15360,11025,457,11.51,17.72,23.59,3,0,1,2,3,1438,234,165,475,3698,6434,8615,6253,959,,522,348,,532,,t3_psyward
standard,194,r4,red,adc,射手,yanfeng,standard,0,12,3,1,38586,11928,17089,708.4,8.19,13.66,18.63,4,1,2,3,4,394,491,1124,3239,4394,7491,12504,6253,763,3990,142,823,,532,,t3_shieldbreaker|t3_rendspear
standard,194,r5,red,sup,坦克,stoneguard,standard,0,3,0,7,9024,17327,15485,641.9,6.53,11.68,15.91,5,1,2,4,5,512,1576,505,1885,4712,8816,12705,6253,367,1710,522,823,,532,2496,t3_calmveil|t3_thornmail
standard,195,b1,blue,top,戰士,cinderfist,standard,0,0,1,0,7001,22563,8166,373.2,9.43,18.44,,2,1,1,2,2,443,379,146,135,3593,5379,7526,6253,722,,,475,,76,,t3_shieldbreaker|t3_finalstring
standard,195,b2,blue,jungle,刺客,anye,standard,0,0,3,0,4510,9474,8646,395.1,8.94,17.87,,2,1,1,2,2,19,631,512,566,3869,5911,7942,6253,389,,,,1223,76,,t3_finalstring
standard,195,b3,blue,mid,法師,lieyan,standard,0,1,5,0,10547,12971,9064,414.2,9.95,18.58,,2,1,1,2,2,479,22,295,664,4329,6202,8425,6253,1024,570,,475,26,76,,t3_psyward
standard,195,b4,blue,adc,射手,siwang,standard,0,6,6,0,21060,11469,12159,555.6,9.67,16.66,20.91,3,1,1,2,3,246,684,451,2078,3596,6484,9201,6253,782,1140,,950,,76,,t3_shieldbreaker|t3_rendspear
standard,195,b5,blue,sup,輔助,shengming,standard,0,0,2,0,3515,16012,9696,443.1,6.96,12.49,16.82,3,1,2,3,3,548,349,635,656,4498,6899,9095,6253,235,,,,,76,2529,t3_calmveil
standard,195,r1,red,top,戰士,cinderfist,standard,1,4,0,0,13111,22619,13077,597.6,9.11,14.98,19.52,4,1,2,3,4,918,60,392,277,4068,7460,11792,6253,1149,1710,,2185,,494,,t3_shieldbreaker|t3_finalstring
standard,195,r2,red,jungle,刺客,anye,standard,1,1,1,2,4760,11294,10951,500.4,7.83,14.77,20.35,3,1,2,2,3,146,132,1882,821,4476,7982,10212,6253,299,570,570,285,1740,494,,t3_finalstring
standard,195,r3,red,mid,法師,lieyan,standard,1,2,2,2,12796,12449,11060,505.4,8.17,17.33,21.63,3,1,1,2,3,636,576,127,210,4486,7076,9527,6253,1165,570,285,760,,494,,t3_psyward
standard,195,r4,red,adc,射手,siwang,standard,1,8,2,0,16998,9941,13068,597.2,7.41,13.65,19.1,3,1,2,3,3,1032,187,50,1267,5512,7507,11250,6253,988,3420,,285,,304,,t3_shieldbreaker|t3_rendspear
standard,195,r5,red,sup,輔助,shengming,standard,1,2,2,1,5167,15207,12437,568.3,6.88,11.88,17.93,4,1,2,3,4,301,435,2111,986,4601,7465,11151,6253,349,570,285,1235,,494,1964,t3_calmveil
standard,196,b1,blue,top,坦克,tieshixin,standard,1,1,2,0,9080,26655,10918,428.6,9.13,16.58,19.83,4,1,1,3,4,662,348,165,67,3612,5398,8315,6253,779,,,1187,,95,,t3_calmveil|t3_thornmail
standard,196,b2,blue,jungle,刺客,wuxing,standard,1,1,7,1,5066,13237,11295,443.4,9.58,17.89,22.89,3,1,1,2,3,875,346,616,465,4075,5926,8696,6253,294,570,,,1483,95,,t3_finalstring
standard,196,b3,blue,mid,法師,auralith,standard,1,5,8,0,13957,18001,13112,514.7,9.48,16.96,21.33,3,1,1,2,3,456,230,323,1012,4306,6130,8723,6253,1092,570,,712,,95,,t3_psyward
standard,196,b4,blue,adc,射手,maestro,standard,1,7,5,1,27401,12810,13939,547.2,9.12,17.94,22.07,3,1,1,2,3,766,326,686,3438,4116,5826,9436,6253,712,1710,285,475,,0,,t3_shieldbreaker|t3_rendspear
standard,196,b5,blue,sup,輔助,mingyun,standard,1,1,7,1,8610,22786,12183,478.2,5.99,11.44,18.02,4,1,2,3,4,448,361,711,732,5048,7091,9751,6253,123,570,,950,,95,1759,t3_calmveil
standard,196,r1,red,top,坦克,tieshixin,standard,0,6,0,0,15810,26576,13846,543.5,8.86,14.08,16.71,5,1,2,3,5,907,899,1166,295,3857,7049,11096,6253,855,2850,,665,17,456,,t3_calmveil|t3_thornmail
standard,196,r2,red,jungle,刺客,wuxing,standard,0,6,2,3,14477,14431,15743,618,7.36,14.76,16.52,5,1,2,3,5,614,185,895,493,4764,7735,11975,6253,280,2280,570,190,1945,456,,t3_finalstring
standard,196,r3,red,mid,法師,auralith,standard,0,3,3,2,15695,14013,12500,490.7,11.21,16.73,23.92,3,0,1,2,3,1661,479,297,599,3921,6679,8927,6253,824,,570,823,,456,,t3_psyward
standard,196,r4,red,adc,射手,maestro,standard,0,12,8,0,26365,13525,16475,646.7,9.62,15.6,19.42,5,1,1,3,5,319,1289,323,875,3669,6969,10623,6253,715,2850,,348,,456,,t3_shieldbreaker|t3_rendspear
standard,196,r5,red,sup,輔助,mingyun,standard,0,2,2,1,12144,19160,13672,536.7,6.94,10.88,15.62,5,1,2,3,5,1228,739,1623,471,5228,7769,10663,6253,288,570,,1298,,456,1797,t3_calmveil
standard,197,b1,blue,top,坦克,bingshouweis,standard,0,0,2,1,8953,26005,8935,390.4,8.79,16.49,21.62,3,1,1,2,3,95,150,246,684,3745,5550,7976,6253,886,,285,475,,76,,t3_calmveil|t3_thornmail
standard,197,b2,blue,jungle,刺客,razorwing,standard,0,2,5,0,4121,10500,9964,435.4,8.78,16.29,,2,1,1,2,2,662,948,674,1534,3862,6278,8804,6253,186,1140,,,1147,76,,t3_finalstring
standard,197,b3,blue,mid,法師,xingjie,standard,0,2,5,0,18454,16150,9904,432.8,10.52,20.02,,2,0,1,1,2,1580,408,1875,923,3840,6158,8375,6253,1000,570,,475,,76,,t3_psyward
standard,197,b4,blue,adc,射手,liuxing,standard,0,1,5,0,13361,11794,9343,408.3,9.78,19.34,,2,1,1,2,2,227,549,332,593,3577,5629,7852,6253,810,,,712,,76,,t3_shieldbreaker|t3_rendspear
standard,197,b5,blue,sup,坦克,suishan,standard,0,0,4,0,5588,22258,9844,430.2,7.31,12.33,19.42,3,1,2,3,3,712,255,324,464,4612,7195,8924,6253,421,,,237,17,76,1918,t3_calmveil|t3_thornmail
standard,197,r1,red,top,坦克,bingshouweis,standard,1,6,0,1,10195,21254,12866,562.2,7.87,15.82,17.39,4,1,1,3,4,241,562,1592,615,3891,5962,11622,6253,981,3420,285,190,17,475,,t3_calmveil|t3_thornmail
standard,197,r2,red,jungle,刺客,razorwing,standard,1,0,1,5,7467,10431,11020,481.6,8.65,15.64,20.59,3,1,1,2,3,84,1237,962,619,4284,6567,9392,6253,299,,712,190,1557,380,,t3_finalstring
standard,197,r3,red,mid,法師,xingjie,standard,1,6,1,7,26351,14707,16307,712.6,10.07,16.18,20.02,4,0,1,2,4,1932,732,2642,1906,4192,7232,12042,6253,1466,1710,997,1140,,475,,t3_psyward
standard,197,r4,red,adc,射手,liuxing,standard,1,4,3,1,18732,9957,12174,532,9.78,16.73,20.51,3,1,1,2,3,398,1256,1248,1024,3748,6636,9828,6253,1010,1140,285,665,,475,,t3_shieldbreaker|t3_rendspear
standard,197,r5,red,sup,坦克,suishan,standard,1,5,0,3,9345,20442,14949,653.3,6.98,12.19,15.25,4,1,2,3,4,208,1951,1749,2749,5258,9191,11729,6253,498,1140,570,665,,475,2127,t3_calmveil|t3_thornmail
standard,198,b1,blue,top,坦克,tiebi,standard,0,1,2,1,12116,22596,9159,419,8.68,15.86,20.21,3,1,1,2,3,251,663,689,148,4201,6063,8419,6253,608,570,285,475,,228,,t3_calmveil|t3_thornmail
standard,198,b2,blue,jungle,刺客,jingxiang,standard,0,0,4,0,5502,10442,8427,385.5,9.04,17.84,,2,1,1,2,2,691,515,83,296,3891,5845,7563,6253,224,,,,857,228,,t3_finalstring
standard,198,b3,blue,mid,法師,auralith,standard,0,0,2,1,12312,13732,8481,388,11.45,19.54,,2,0,1,2,2,1447,785,429,80,3707,6095,7779,6253,1013,,285,,,228,,t3_psyward
standard,198,b4,blue,adc,射手,shensheng,standard,0,4,6,0,11967,10382,10441,477.7,11.56,17.24,21.83,3,0,1,2,3,1386,253,219,61,3546,5933,8669,6253,573,1140,,475,,228,,t3_shieldbreaker|t3_rendspear
standard,198,b5,blue,sup,坦克,bingshouweis,standard,0,0,2,0,5950,18664,10024,458.6,6.72,13.02,17.63,3,1,2,3,3,401,746,305,444,4601,7546,9285,6253,316,,,475,,228,2012,t3_calmveil|t3_thornmail
standard,198,r1,red,top,坦克,tiebi,standard,1,6,0,1,13129,19062,12993,594.4,9.56,13.22,17.72,4,1,2,3,4,833,107,1610,763,3783,6937,11640,6253,855,2850,142,1235,,304,,t3_calmveil|t3_thornmail
standard,198,r2,red,jungle,刺客,jingxiang,standard,1,0,1,4,5463,9491,10369,474.4,8.42,15.13,20.88,3,1,1,2,3,668,1866,984,868,3868,6716,9414,6253,142,,997,285,1431,304,,t3_finalstring
standard,198,r3,red,mid,法師,auralith,standard,1,3,1,2,14418,12109,11065,506.2,9.81,17.22,21.47,3,1,1,2,3,351,205,1493,514,4201,6405,10243,6253,1121,1710,570,285,,304,,t3_psyward
standard,198,r4,red,adc,射手,shensheng,standard,1,6,3,0,15798,10584,12290,562.3,10.38,15.98,20.74,3,0,1,2,3,1956,995,1312,490,4116,6795,9892,6253,769,2280,,285,,304,,t3_shieldbreaker|t3_rendspear
standard,198,r5,red,sup,坦克,bingshouweis,standard,1,1,0,2,7742,16911,11628,532,6.79,12.23,16.66,3,1,2,3,3,297,990,826,1647,4497,8230,10806,6253,266,570,285,760,,304,2367,t3_calmveil|t3_thornmail
standard,199,b1,blue,top,坦克,shengdun,standard,0,4,0,1,12572,31918,14383,530.1,7.73,13.75,16.98,5,1,2,3,5,271,83,1131,832,3821,7013,10281,6253,1064,1710,285,665,,304,,t3_calmveil|t3_thornmail
standard,199,b2,blue,jungle,刺客,guihuo,standard,0,2,2,0,5495,15241,12204,449.8,9.51,16.05,22.94,3,1,1,2,3,594,1635,879,1774,3794,6735,9209,6253,95,1140,,190,1226,304,,t3_finalstring
standard,199,b3,blue,mid,法師,xingjie,standard,0,14,5,1,34476,22332,18962,698.8,11.42,16.54,21.37,5,0,1,2,5,1580,437,786,2811,3840,6937,10186,6253,969,1710,285,665,,304,,t3_psyward
standard,199,b4,blue,adc,射手,mori,standard,0,13,6,2,40083,13402,18107,667.3,8.94,18.24,19.49,5,1,1,3,5,490,364,471,2506,3840,6044,10471,6253,874,2280,570,190,,304,,t3_shieldbreaker|t3_rendspear
standard,199,b5,blue,sup,輔助,shiguang,standard,0,1,3,1,5749,20359,12220,450.4,5.71,11.41,16.3,4,1,2,3,4,1490,531,1033,770,5190,7561,9613,6253,190,570,285,190,,304,1820,t3_calmveil
standard,199,r1,red,top,坦克,shengdun,standard,1,0,3,0,9829,30495,11856,436.9,7.8,16.53,20.23,4,1,1,2,4,890,706,732,705,3840,6006,8362,6253,1273,,,570,,266,,t3_calmveil|t3_thornmail
standard,199,r2,red,jungle,刺客,guihuo,standard,1,0,8,0,5351,13279,11566,426.3,8.81,15.91,22.73,3,1,1,2,3,761,790,471,1336,3961,6370,8551,6253,266,,,95,1671,266,,t3_finalstring
standard,199,r3,red,mid,法師,xingjie,standard,1,1,10,1,22601,18486,11903,438.7,10.63,21.27,26.05,3,0,1,1,3,1723,188,979,573,3983,5788,7479,6253,1054,,,95,,76,,t3_psyward
standard,199,r4,red,adc,射手,mori,standard,1,15,9,0,49782,16580,18639,686.9,9.65,17.48,20.82,5,1,1,2,5,338,402,429,3038,3688,6082,9179,6253,855,1710,,95,,266,,t3_shieldbreaker|t3_rendspear
standard,199,r5,red,sup,輔助,shiguang,standard,1,0,4,0,9898,20478,12374,456,6.73,12.72,16.53,4,1,2,3,4,2016,387,1233,923,4516,7417,9393,6253,351,,,570,,266,1952,t3_calmveil
standard,200,b1,blue,top,坦克,shiqiang,standard,1,0,2,0,9731,24647,10312,428.2,8.25,16.2,21.24,3,1,1,2,3,795,131,362,722,3745,5531,7792,6253,760,,,475,,304,,t3_calmveil|t3_thornmail
standard,200,b2,blue,jungle,刺客,jiansheng,standard,1,2,2,0,7146,11080,11429,474.6,8.33,20.18,21.64,3,1,1,1,3,764,714,2812,1629,3964,6044,8142,6253,456,,,,1128,304,,t3_finalstring
standard,200,b3,blue,mid,法師,auralith,standard,1,1,4,1,15912,16474,10364,430.3,10.07,18.09,,2,0,1,2,2,1653,200,299,1063,3913,5830,8699,6253,1079,570,,475,17,304,,t3_psyward
standard,200,b4,blue,adc,射手,leiting,standard,1,5,2,0,23271,12389,11918,494.8,9.43,18.5,23.5,3,1,1,2,3,205,407,336,767,3555,5607,7536,6253,740,,,237,,304,,t3_shieldbreaker|t3_rendspear
standard,200,b5,blue,sup,坦克,tixue,standard,1,0,1,0,5455,20166,12941,537.3,6.49,13.39,17.93,4,1,2,3,4,161,222,587,1140,4661,7302,9547,6253,269,,,237,,304,2482,t3_calmveil|t3_thornmail
standard,200,r1,red,top,坦克,shiqiang,standard,0,1,1,1,9783,24761,11034,458.2,8.68,14.62,20.27,3,1,2,2,3,795,322,2079,1004,3745,6272,9369,6253,798,570,,1520,,228,,t3_calmveil|t3_thornmail
standard,200,r2,red,jungle,刺客,jiansheng,standard,0,1,3,0,6170,11082,10940,454.3,8.23,15.42,21.45,3,1,1,2,3,478,1461,795,659,4378,6791,8925,6253,373,,,95,1975,228,,t3_finalstring
standard,200,r3,red,mid,法師,auralith,standard,0,3,2,1,13228,17801,12326,511.8,10.08,16.88,21.05,3,0,1,2,3,1846,361,294,426,4106,6861,9274,6253,1605,,142,1045,,228,,t3_psyward
standard,200,r4,red,adc,射手,leiting,standard,0,4,2,1,15571,10781,11129,462.1,10.63,19.22,,2,0,1,2,2,1452,151,607,2549,3612,5531,7507,6253,646,,285,95,,228,,t3_shieldbreaker|t3_rendspear
standard,200,r5,red,sup,坦克,tixue,standard,0,2,0,3,8171,23227,13465,559.1,7.08,12.35,16.53,4,1,2,3,4,378,1130,1098,1264,5178,8370,11078,6253,452,1140,142,570,,228,2291,t3_calmveil|t3_thornmail
