config,seed,pid,side,role,arch,heroId,strategy,won,k,d,a,dmg,taken_approx,gold,goldPerMin,t3_1_min,t3_2_min,t3_3_min,t3Count,completed10,completed15,completed20,completedEnd,unspent10,unspent15,unspent20,unspentEnd,earned10,earned15,earned20,earned20_passive,earned20_minion,earned20_kill,earned20_assist,earned20_tower,earned20_camp,earned20_objective,earned20_tithe,counterPlanned
standard,1,b1,blue,top,戰士,embercoil,standard,0,0,0,0,7354,18783,6996,323.2,12.85,,,1,0,1,1,1,912,284,1008,1465,2962,4434,6538,5266,480,,,600,,192,,t3_shieldbreaker|t3_finalstring
standard,1,b2,blue,jungle,戰士,cinderfist,standard,0,1,0,1,7983,15288,8252,381.3,9.45,18.46,,2,1,1,2,2,283,729,1010,252,3383,5909,7810,5266,536,480,240,200,896,192,,t3_shieldbreaker|t3_finalstring
standard,1,b3,blue,mid,法師,auralith,standard,0,4,4,0,13448,12596,8924,412.3,12.85,19.14,,2,0,1,2,2,926,200,420,773,3186,5650,7970,5266,672,1440,,400,,192,,t3_psyward
standard,1,b4,blue,adc,射手,liangzicz,standard,0,3,3,0,15087,9686,8548,395,11.39,20.77,,2,0,1,1,2,866,546,986,927,3026,4546,6666,5266,608,,,600,,192,,t3_shieldbreaker|t3_rendspear
standard,1,b5,blue,sup,坦克,tixue,standard,0,1,4,0,6612,17913,9560,441.7,8.03,14.04,19.23,3,1,2,3,3,959,879,63,179,3859,6779,8963,5266,168,480,,600,,192,2256,t3_calmveil|t3_thornmail
standard,1,r1,red,top,戰士,embercoil,standard,1,3,2,0,6490,20846,9332,431.2,9.14,19.18,,2,1,1,2,2,436,376,500,981,3586,5906,8250,5266,808,960,,960,,256,,t3_shieldbreaker|t3_finalstring
standard,1,r2,red,jungle,戰士,cinderfist,standard,1,2,1,1,11190,12658,9052,418.3,9.14,19.32,,2,1,1,2,2,361,924,484,452,3461,5504,7884,5266,202,480,120,160,1399,256,,t3_shieldbreaker|t3_finalstring
standard,1,r3,red,mid,法師,auralith,standard,1,0,3,0,12947,11424,7910,365.5,11.84,21.56,,2,0,1,1,2,830,724,408,360,3090,5274,6908,5266,826,,,560,,256,,t3_psyward
standard,1,r4,red,adc,射手,liangzicz,standard,1,3,3,1,18147,8266,9145,422.6,12.5,19.59,,2,0,1,2,2,876,192,263,894,3036,4972,7583,5266,581,480,240,760,,256,,t3_shieldbreaker|t3_rendspear
standard,1,r5,red,sup,坦克,tixue,standard,1,3,0,2,6743,18213,10518,486,9.54,13.23,17.27,3,1,2,3,3,293,286,417,538,3893,7226,9917,5266,237,1440,360,760,,256,1597,t3_calmveil|t3_thornmail
standard,2,b1,blue,top,戰士,cinderfist,standard,0,3,0,0,13077,25639,8948,383.2,12.38,17.83,,2,0,1,2,2,922,146,283,668,2972,4796,7783,5266,549,1440,,400,,128,,t3_shieldbreaker|t3_finalstring
standard,2,b2,blue,jungle,戰士,chichuan,standard,0,0,3,0,8456,16926,7712,330.3,10.02,20.54,,2,0,1,1,2,1355,264,1110,261,3355,4914,6660,5266,272,,,,994,128,,t3_shieldbreaker|t3_finalstring
standard,2,b3,blue,mid,法師,ronghuo,standard,0,2,3,0,18394,14494,9231,395.3,13.18,22.23,,2,0,1,1,2,830,156,222,1200,3090,4706,6722,5266,848,480,,,,128,,t3_psyward
standard,2,b4,blue,adc,射手,leiting,standard,0,3,3,1,19179,12124,9863,422.4,11.69,19.27,,2,0,1,2,2,866,200,376,1282,3026,4930,6626,5266,592,,240,400,,128,,t3_shieldbreaker|t3_rendspear
standard,2,b5,blue,sup,輔助,linghun,standard,0,0,2,1,7568,20049,8805,377.1,8.56,14.68,20.79,3,1,2,2,3,384,368,714,325,3784,5768,7744,5266,42,,240,,,128,2067,t3_calmveil
standard,2,r1,red,top,戰士,cinderfist,standard,1,4,1,1,14880,25800,10177,435.9,11.2,20.76,,2,0,1,1,2,1312,494,2346,1577,3362,5074,7826,5266,512,960,,960,,128,,t3_shieldbreaker|t3_finalstring
standard,2,r2,red,jungle,戰士,chichuan,standard,1,3,0,0,10890,18075,9656,413.5,10.58,17.38,,2,0,1,2,2,1080,709,485,1105,3080,6139,8435,5266,32,1440,,160,1196,341,,t3_shieldbreaker|t3_finalstring
standard,2,r3,red,mid,法師,ronghuo,standard,1,0,2,1,18284,12486,8199,351.1,11.48,21.83,,2,0,1,1,2,846,176,579,648,3106,5506,7079,5266,672,,240,560,,341,,t3_psyward
standard,2,r4,red,adc,射手,leiting,standard,1,4,4,1,22618,10709,10487,449.1,11.37,20.73,,2,0,1,1,2,850,206,1426,1586,3010,5106,7106,5266,512,,240,960,,128,,t3_shieldbreaker|t3_rendspear
standard,2,r5,red,sup,輔助,linghun,standard,1,0,1,1,8140,12908,9216,394.7,7.2,14.05,19.92,3,1,2,3,3,1231,555,144,735,3731,5955,8144,5266,96,,240,160,,341,2040,t3_calmveil
standard,3,b1,blue,top,戰士,leimingcf,standard,1,0,2,0,12461,26396,7504,339,11.22,20.24,,2,0,1,1,2,880,134,1290,403,2930,4834,6770,5266,480,,,640,,384,,t3_shieldbreaker|t3_finalstring
standard,3,b2,blue,jungle,戰士,jufeng,standard,1,1,2,0,7097,12347,8164,368.9,10.89,21.3,,2,0,1,1,2,1111,558,1395,514,3111,5088,6825,5266,208,,,240,727,384,,t3_shieldbreaker|t3_finalstring
standard,3,b3,blue,mid,法師,gambler,standard,1,2,2,0,17515,13206,8849,399.8,11.99,20.24,,2,0,1,1,2,809,193,1135,348,3069,5523,7635,5266,800,480,,640,65,384,,t3_psyward
standard,3,b4,blue,adc,射手,liangzi,standard,1,7,2,0,15063,9586,11424,516.1,11.21,17.85,20.93,3,0,1,2,3,794,242,398,943,2954,5922,9298,5266,608,2400,,640,,384,,t3_shieldbreaker|t3_rendspear
standard,3,b5,blue,sup,輔助,shiguang,standard,1,0,0,2,5562,13657,9460,427.4,6.92,13.72,18.06,3,1,2,3,3,371,299,486,710,3771,6179,8486,5266,144,,240,640,,384,1812,t3_calmveil
standard,3,r1,red,top,戰士,leimingcf,standard,0,3,0,0,15453,24856,8806,397.9,11.5,18.13,,2,0,1,2,2,1008,554,510,505,3058,6034,8210,5266,640,1440,,800,,64,,t3_shieldbreaker|t3_finalstring
standard,3,r2,red,jungle,戰士,jufeng,standard,0,1,1,2,13199,14477,8694,392.8,9,19.59,,2,1,1,2,2,328,625,149,743,3428,5755,7499,5266,338,,480,,1350,64,,t3_shieldbreaker|t3_finalstring
standard,3,r3,red,mid,法師,gambler,standard,0,0,4,0,12493,13632,7424,335.4,13.03,,,1,0,1,1,1,910,108,250,923,3170,4658,6450,5266,720,,,400,,64,,t3_psyward
standard,3,r4,red,adc,射手,liangzi,standard,0,4,4,0,14540,9776,8752,395.4,11.64,20.93,,2,0,1,1,2,890,422,994,201,3050,4722,6674,5266,664,480,,200,,64,,t3_shieldbreaker|t3_rendspear
standard,3,r5,red,sup,輔助,shiguang,standard,0,0,1,0,4524,11472,8774,396.4,7.7,13.88,,2,1,2,2,2,1343,632,770,1744,3843,6032,7800,5266,261,,,200,,64,2009,t3_calmveil
standard,4,b1,blue,top,戰士,dadi2,standard,0,0,2,0,8790,21009,7413,338.3,12.08,21.23,,2,0,1,1,2,864,124,968,263,2914,4754,6498,5266,352,,,800,,80,,t3_shieldbreaker|t3_finalstring
standard,4,b2,blue,jungle,戰士,langwang,standard,0,0,0,0,7356,15369,6988,318.8,10.48,21.48,,2,0,1,1,2,1141,399,754,387,3141,4799,6354,5266,288,,,,720,80,,t3_shieldbreaker|t3_finalstring
standard,4,b3,blue,mid,法師,ronghuo,standard,0,0,3,0,13291,14541,7085,323.3,13.32,,,1,0,1,1,1,822,704,490,1005,3082,4554,6570,5266,904,,,400,,0,,t3_psyward
standard,4,b4,blue,adc,射手,shengyan,standard,0,2,5,0,10866,12701,8267,377.2,12.08,20.61,,2,0,1,1,2,922,112,959,586,3082,4892,6759,5266,813,,,600,,80,,t3_shieldbreaker|t3_rendspear
standard,4,b5,blue,sup,坦克,dadi,standard,0,0,0,0,4319,18658,8736,398.6,8.31,14.95,21.74,3,1,2,2,3,275,196,980,135,3875,6096,8220,5266,298,,,600,,80,1975,t3_calmveil|t3_thornmail
standard,4,r1,red,top,戰士,dadi2,standard,1,1,0,0,9377,18474,8533,389.4,11.42,19.69,,2,0,1,2,2,1072,236,592,483,3122,4866,7442,5266,672,480,,640,,384,,t3_shieldbreaker|t3_finalstring
standard,4,r2,red,jungle,戰士,langwang,standard,1,0,0,0,6653,10350,8098,369.5,11.4,20.63,,2,0,1,1,2,1259,1051,1703,397,3259,5331,7183,5266,208,,,240,1084,384,,t3_shieldbreaker|t3_finalstring
standard,4,r3,red,mid,法師,ronghuo,standard,1,1,1,1,20086,11054,8285,378,13.42,21.42,,2,0,1,1,2,798,144,414,435,3058,4994,6914,5266,784,,240,240,,384,,t3_psyward
standard,4,r4,red,adc,射手,shengyan,standard,1,8,1,0,25697,10267,12243,558.6,9.73,15.94,20.18,3,1,1,2,3,420,879,1147,862,3770,6559,10047,5266,957,2400,,1040,,384,,t3_shieldbreaker|t3_rendspear
standard,4,r5,red,sup,坦克,dadi,standard,1,0,0,0,6735,17391,9806,447.4,7.73,14.44,19.93,3,1,2,3,3,251,265,77,305,3851,6165,8677,5266,130,,,640,,384,2256,t3_calmveil|t3_thornmail
standard,5,b1,blue,top,戰士,ronggang,standard,0,2,4,0,10224,30033,9133,352.7,11.93,19.43,,2,0,1,2,2,864,338,338,532,2914,5218,7138,5266,448,960,,400,,64,,t3_shieldbreaker|t3_finalstring
standard,5,b2,blue,jungle,戰士,tielian,standard,0,0,6,1,7921,21044,8397,324.3,10.34,21.24,,2,0,1,1,2,1023,886,1045,447,3023,4936,6475,5266,256,,240,,648,64,,t3_shieldbreaker|t3_finalstring
standard,5,b3,blue,mid,法師,gambler,standard,0,3,7,2,20058,18019,10335,399.2,11.93,21.08,,2,0,1,1,2,942,284,1122,1035,3202,4834,7202,5266,752,480,240,400,,64,,t3_psyward
standard,5,b4,blue,adc,射手,mirrorshot,standard,0,3,8,2,22822,13937,9525,367.9,12.09,21.61,,2,0,1,1,2,690,306,386,944,2850,4306,6186,5266,416,,240,200,,64,,t3_shieldbreaker|t3_rendspear
standard,5,b5,blue,sup,輔助,mantra,standard,0,0,5,3,6271,22621,10578,408.5,7.05,14.93,19.33,3,1,2,3,3,427,299,324,1537,3827,6179,8324,5266,208,,,1000,,64,1786,t3_calmveil
standard,5,r1,red,top,戰士,ronggang,standard,1,6,1,2,17415,26898,12445,480.6,9.32,17.18,21.11,3,1,1,2,3,237,127,606,1044,3387,5307,8906,5266,521,1920,80,720,14,384,,t3_shieldbreaker|t3_finalstring
standard,5,r2,red,jungle,戰士,tielian,standard,1,2,2,1,14335,19295,10740,414.8,11.48,17.87,23.33,3,0,1,2,3,1400,1000,809,710,3400,5950,8459,5266,246,960,120,320,1162,384,,t3_shieldbreaker|t3_finalstring
standard,5,r3,red,mid,法師,gambler,standard,1,8,4,3,21338,16552,12864,496.9,11.94,18.42,22.73,3,0,1,2,3,852,216,258,1264,3112,5816,9008,5266,678,1920,440,320,,384,,t3_psyward
standard,5,r4,red,adc,射手,mirrorshot,standard,1,13,1,0,42399,10259,15331,592.1,12.11,19.58,24.82,4,0,1,2,4,808,356,384,1480,2968,5256,7384,5266,534,480,,720,,384,,t3_shieldbreaker|t3_rendspear
standard,5,r5,red,sup,輔助,mantra,standard,1,1,0,7,8479,17201,12159,469.6,7.97,14.5,18.5,4,1,2,3,4,350,302,808,779,3750,6182,8508,5266,67,,560,320,,384,1911,t3_calmveil
standard,6,b1,blue,top,戰士,jingci,standard,1,2,2,1,13500,24297,9666,414.3,11.68,17.83,23.24,3,0,1,2,3,1056,170,198,66,3106,5650,8498,5266,640,960,240,1200,,192,,t3_shieldbreaker|t3_finalstring
standard,6,b2,blue,jungle,戰士,greymantle,standard,1,0,2,2,10403,14836,8621,369.5,9.57,19.27,,2,1,1,2,2,232,697,501,971,3332,5227,7251,5266,384,,480,,929,192,,t3_shieldbreaker|t3_finalstring
standard,6,b3,blue,mid,法師,ronghuo,standard,1,0,5,1,17060,16600,7677,329,12.73,,,1,0,1,1,1,872,150,396,1596,3132,4700,6476,5266,778,,240,,,192,,t3_psyward
standard,6,b4,blue,adc,射手,hanbing,standard,1,6,5,0,21871,11040,10368,444.4,11.41,20.78,,2,0,1,1,2,898,110,1568,1468,3058,5010,7248,5266,608,960,,200,22,192,,t3_shieldbreaker|t3_rendspear
standard,6,b5,blue,sup,輔助,xuemai,standard,1,1,4,0,6693,18112,10281,440.6,8.76,14.87,18.77,3,1,2,3,3,116,100,226,1050,3816,5800,8976,5266,181,480,,600,,192,2256,t3_calmveil
standard,6,r1,red,top,戰士,jingci,standard,0,4,0,0,11796,27003,9504,407.3,9.82,15.98,,2,1,1,2,2,228,470,238,903,3378,5650,7938,5266,400,1440,,640,,192,,t3_shieldbreaker|t3_finalstring
standard,6,r2,red,jungle,戰士,greymantle,standard,0,7,1,0,15593,16818,11436,490.1,8.93,15.88,20.58,3,1,1,2,3,527,1697,560,985,3627,7127,9110,5266,296,2400,,240,716,192,,t3_shieldbreaker|t3_finalstring
standard,6,r3,red,mid,法師,ronghuo,standard,0,1,4,2,16943,14096,8853,379.4,12.51,21.42,,2,0,1,1,2,798,1122,520,1002,3058,4972,7020,5266,682,,240,640,,192,,t3_psyward
standard,6,r4,red,adc,射手,hanbing,standard,0,6,2,0,14959,9609,10122,433.8,12.33,19.23,,2,0,1,2,2,850,534,394,1222,3010,4834,7714,5266,576,1440,,240,,192,,t3_shieldbreaker|t3_rendspear
standard,6,r5,red,sup,輔助,xuemai,standard,0,0,2,3,7466,13753,10159,435.4,8.63,13.09,19.07,3,1,2,3,3,631,968,338,929,3731,6368,8338,5266,157,,480,240,,192,2002,t3_calmveil
standard,7,b1,blue,top,戰士,longyi,standard,0,0,3,0,10775,25572,7585,338.4,9.9,19.18,,2,1,1,2,2,36,292,253,335,3186,5042,6903,5266,773,,,800,,64,,t3_shieldbreaker|t3_finalstring
standard,7,b2,blue,jungle,刺客,jingxiang,standard,0,0,8,0,6611,11467,7316,326.4,10.58,21.18,,2,0,1,1,2,1326,521,918,316,3256,4901,6548,5266,280,,,,937,64,,t3_finalstring
standard,7,b3,blue,mid,法師,haixiao,standard,0,0,4,0,16245,15758,7319,326.5,12.44,21.2,,2,0,1,1,2,1022,272,872,668,3282,4722,6652,5266,922,,,400,,64,,t3_psyward
standard,7,b4,blue,adc,射手,xuanfeng,standard,0,2,6,0,12014,12610,8647,385.7,12.12,21.53,,2,0,1,1,2,882,118,900,66,3042,4418,6700,5266,490,480,,400,,64,,t3_shieldbreaker|t3_rendspear
standard,7,b5,blue,sup,坦克,longji,standard,0,0,2,0,4896,18957,8373,373.5,9.1,15.58,22.3,3,1,1,2,3,967,461,311,172,3867,5811,7691,5266,189,,,,,64,2171,t3_calmveil|t3_thornmail
standard,7,r1,red,top,戰士,longyi,standard,1,7,0,0,16477,22092,11884,530.1,10,15.28,19.17,3,1,1,3,3,116,1272,116,1933,3266,6802,10066,5266,896,2880,,640,,384,,t3_shieldbreaker|t3_finalstring
standard,7,r2,red,jungle,刺客,jingxiang,standard,1,4,0,3,8758,9799,10831,483.2,10.73,16.13,,2,0,1,2,2,1476,833,375,2451,3406,6463,8755,5266,133,960,560,240,1211,384,,t3_finalstring
standard,7,r3,red,mid,法師,haixiao,standard,1,6,0,5,19770,12040,12025,536.4,12.93,19.26,21.59,3,0,1,2,3,910,396,332,595,3170,5996,9132,5266,842,1440,560,640,,384,,t3_psyward
standard,7,r4,red,adc,射手,xuanfeng,standard,1,5,2,7,25077,7971,11500,513,10.88,19.61,21.53,3,0,1,2,3,951,179,419,299,3111,5559,9319,5266,629,1440,1160,440,,384,,t3_shieldbreaker|t3_rendspear
standard,7,r5,red,sup,坦克,longji,standard,1,1,0,7,6989,16773,11442,510.4,9.15,14.69,18.61,3,1,2,3,3,927,133,113,1462,3827,6493,9613,5266,186,480,600,440,,384,2256,t3_calmveil|t3_thornmail
standard,8,b1,blue,top,戰士,chichuan,standard,1,0,3,1,11902,24536,8451,352.3,10.73,22.06,,2,0,1,1,2,928,180,872,401,2978,4930,6402,5266,432,,240,160,,304,,t3_shieldbreaker|t3_finalstring
standard,8,b2,blue,jungle,刺客,guihuo,standard,1,1,5,1,5455,10248,8668,361.3,10.88,19.71,,2,0,1,2,2,1147,765,245,587,3077,5445,7245,5266,160,480,240,160,875,64,,t3_finalstring
standard,8,b3,blue,mid,法師,leiming,standard,1,2,4,0,17543,13710,9342,389.4,12.12,21.36,,2,0,1,1,2,886,130,928,1011,3146,5460,7428,5266,818,480,,560,,304,,t3_psyward
standard,8,b4,blue,adc,射手,dawnstrike,standard,1,8,3,1,25304,11126,12171,507.3,10.57,20.07,22.44,3,0,1,1,3,1082,206,2410,971,3242,4986,8090,5266,680,1440,240,160,,304,,t3_shieldbreaker|t3_rendspear
standard,8,b5,blue,sup,坦克,thornwall,standard,1,1,2,0,9238,21696,10976,457.5,8.68,13.36,19.04,3,1,2,3,3,1007,224,432,995,3907,6584,9512,5266,245,480,,960,,304,2256,t3_calmveil|t3_thornmail
standard,8,r1,red,top,戰士,chichuan,standard,0,5,1,1,14511,25393,11219,467.6,9.47,18.52,22.35,3,1,1,2,3,260,308,308,1269,3410,5538,8658,5266,688,2400,240,,,64,,t3_shieldbreaker|t3_finalstring
standard,8,r2,red,jungle,刺客,guihuo,standard,0,4,2,1,9182,13404,10489,437.2,10.1,18.77,22.53,3,0,1,2,3,1450,196,841,309,3380,5046,8021,5266,272,960,240,133,1085,64,,t3_finalstring
standard,8,r3,red,mid,法師,leiming,standard,0,3,6,2,18475,16946,9614,400.7,12.81,21.01,,2,0,1,1,2,920,74,1056,213,3180,5404,7556,5266,866,480,480,400,,64,,t3_psyward
standard,8,r4,red,adc,射手,dawnstrike,standard,0,4,3,3,18687,10112,10505,437.8,12.21,22.88,,2,0,1,1,2,794,198,1159,1604,2954,4498,6839,5266,656,480,240,133,,64,,t3_shieldbreaker|t3_rendspear
standard,8,r5,red,sup,坦克,thornwall,standard,0,1,0,0,6311,20062,10575,440.8,9.23,16.14,21.18,3,1,1,2,3,972,637,1305,595,3872,5987,8545,5266,301,480,,133,43,64,2256,t3_calmveil|t3_thornmail
standard,9,b1,blue,top,戰士,xueyue,standard,0,1,2,0,11705,26996,8369,358,10.19,20.81,,2,0,1,1,2,1136,310,898,368,3186,5010,6378,5266,648,,,400,,64,,t3_shieldbreaker|t3_finalstring
standard,9,b2,blue,jungle,刺客,jiansheng,standard,0,0,2,1,4919,12731,7604,325.3,10.49,20.83,,2,0,1,1,2,1287,191,755,54,3217,4641,6335,5266,226,,,,778,64,,t3_finalstring
standard,9,b3,blue,mid,法師,haixiao,standard,0,4,5,0,19344,16208,9200,393.6,13.28,20.68,,2,0,1,1,2,926,776,1158,750,3186,4626,7658,5266,888,1440,,,,64,,t3_psyward
standard,9,b4,blue,adc,射手,yanfeng,standard,0,5,5,1,16152,9994,10720,458.6,11.96,18.61,22.96,3,0,1,2,3,914,98,188,400,3074,5298,7508,5266,578,960,240,400,,64,,t3_shieldbreaker|t3_rendspear
standard,9,b5,blue,sup,輔助,shengming,standard,0,0,2,1,4905,18511,8469,362.3,7.91,14.71,21.36,3,1,2,2,3,84,304,369,469,3784,5704,7399,5266,90,,,,,64,1978,t3_calmveil
standard,9,r1,red,top,戰士,xueyue,standard,1,5,1,0,11469,26531,10879,465.4,10.86,19.34,22.42,3,0,1,2,3,1034,311,351,498,3084,5011,8051,5266,753,1440,,240,,352,,t3_shieldbreaker|t3_finalstring
standard,9,r2,red,jungle,刺客,jiansheng,standard,1,0,1,2,8721,11537,9086,388.7,9.74,18.25,,2,1,1,2,2,131,527,552,1055,3331,5457,7682,5266,152,,480,240,1192,352,,t3_finalstring
standard,9,r3,red,mid,法師,haixiao,standard,1,4,1,0,21150,12668,10451,447.1,13.33,19.97,,2,0,1,2,2,862,812,276,1050,3122,5362,7826,5266,768,960,,640,,192,,t3_psyward
standard,9,r4,red,adc,射手,yanfeng,standard,1,7,6,0,20060,10045,11355,485.8,11.83,19.91,22.96,3,0,1,2,3,754,74,102,1354,2914,5274,7722,5266,504,960,,640,,352,,t3_shieldbreaker|t3_rendspear
standard,9,r5,red,sup,輔助,shengming,standard,1,0,1,3,7554,12748,9729,416.2,7.08,14.84,20.14,3,1,2,2,3,336,249,1226,688,3736,6129,8256,5266,126,,480,240,,352,1791,t3_calmveil
standard,10,b1,blue,top,戰士,langwang,standard,1,4,1,0,12313,20712,9121,441.7,10.71,,,1,0,1,1,1,960,264,3192,3590,3010,5794,8722,5266,480,1920,,640,,416,,t3_shieldbreaker|t3_finalstring
standard,10,b2,blue,jungle,刺客,youming,standard,1,0,4,0,5188,7836,7354,356.1,10.4,20.13,,2,0,1,1,2,1209,782,1296,653,3139,5162,6926,5266,88,,,240,915,416,,t3_finalstring
standard,10,b3,blue,mid,法師,leiming,standard,1,3,1,3,16289,10684,8861,429.1,11.25,20.05,,2,0,1,1,2,1418,238,1782,360,3678,5838,7982,5266,780,960,480,240,,256,,t3_psyward
standard,10,b4,blue,adc,射手,siwang,standard,1,3,3,2,12545,7845,8607,416.8,11.81,18.63,,2,0,1,2,2,746,256,908,1307,2906,4856,8208,5266,472,1440,360,240,14,416,,t3_shieldbreaker|t3_rendspear
standard,10,b5,blue,sup,坦克,tiemu,standard,1,0,0,3,4047,13713,10023,485.4,7.69,13.93,17.72,3,1,2,3,3,193,441,544,942,4093,7101,9624,5266,196,,600,1440,22,416,1683,t3_calmveil|t3_thornmail
standard,10,r1,red,top,戰士,langwang,standard,0,3,1,0,12437,20526,7879,381.5,9.7,17.87,,2,1,1,2,2,228,696,254,428,3378,6226,7704,5266,554,1440,,400,43,0,,t3_shieldbreaker|t3_finalstring
standard,10,r2,red,jungle,刺客,youming,standard,0,1,2,4,7923,9683,8289,401.4,10.45,18.63,,2,0,1,2,2,1451,623,171,509,3381,5473,7951,5266,314,480,680,,1210,0,,t3_finalstring
standard,10,r3,red,mid,法師,leiming,standard,0,1,4,1,11265,11328,7292,353.1,12,,,1,0,1,1,1,896,338,616,791,3156,5188,7116,5266,890,480,80,400,,0,,t3_psyward
standard,10,r4,red,adc,射手,siwang,standard,0,2,2,1,6678,9155,7388,357.8,11.1,19.53,,2,0,1,2,2,1428,852,212,67,3108,4852,7212,5266,506,960,80,400,,0,,t3_shieldbreaker|t3_rendspear
standard,10,r5,red,sup,坦克,tiemu,standard,0,2,1,2,4827,15662,9306,450.7,10.06,14.04,19.84,3,0,2,3,3,2663,415,140,406,4243,6315,9040,5266,197,960,360,,,0,2256,t3_calmveil|t3_thornmail
standard,11,b1,blue,top,戰士,rongyan,standard,0,1,5,0,11137,28171,8484,362.4,10.62,20.2,,2,0,1,1,2,957,145,1053,453,3007,4895,6703,5266,493,480,,400,,64,,t3_shieldbreaker|t3_finalstring
standard,11,b2,blue,jungle,刺客,yueying,standard,0,0,4,1,5612,11635,7901,337.5,10.62,21.01,,2,0,1,1,2,1408,438,884,420,3338,4818,6514,5266,320,,,,864,64,,t3_finalstring
standard,11,b3,blue,mid,法師,haixiao,standard,0,2,8,0,19243,15581,8694,371.4,12.28,21.14,,2,0,1,1,2,1086,252,786,294,3346,4802,7266,5266,1056,480,,400,,64,,t3_psyward
standard,11,b4,blue,adc,射手,maestro,standard,0,1,7,1,15575,14614,7774,332.1,13.35,20.86,,2,0,1,1,2,778,320,796,394,2938,4570,5946,5266,376,,240,,,64,,t3_shieldbreaker|t3_rendspear
standard,11,b5,blue,sup,坦克,suishan,standard,0,3,1,0,5207,21223,10850,463.5,7.88,14.14,17.23,3,1,2,3,3,253,429,370,1270,3853,6329,9470,5266,218,1440,,400,43,64,2038,t3_calmveil|t3_thornmail
standard,11,r1,red,top,戰士,rongyan,standard,1,7,0,0,12279,26155,11777,503.1,10.26,16.62,19.89,3,0,1,3,3,1392,1080,78,327,3442,6610,10028,5266,570,2880,,960,,352,,t3_shieldbreaker|t3_finalstring
standard,11,r2,red,jungle,刺客,yueying,standard,1,5,2,0,7380,9168,11362,485.4,9.31,17.59,21.13,3,1,1,2,3,304,1094,1134,1182,4204,6724,9514,5266,309,1920,,360,1306,352,,t3_finalstring
standard,11,r3,red,mid,法師,haixiao,standard,1,6,0,4,27574,14618,11990,512.2,11.44,18.27,22.68,3,0,1,2,3,942,302,524,1440,3202,6802,8674,5266,896,960,840,360,,352,,t3_psyward
standard,11,r4,red,adc,射手,maestro,standard,1,6,4,3,20890,8961,10882,464.9,11.1,18.28,22.83,3,0,1,2,3,866,478,1205,401,3026,5858,8205,5266,504,1440,600,160,43,192,,t3_shieldbreaker|t3_rendspear
standard,11,r5,red,sup,坦克,suishan,standard,1,1,1,4,7641,16950,11271,481.5,9.38,14.52,18.91,3,1,2,3,3,932,520,730,1291,3832,6880,9330,5266,215,480,720,560,,352,1736,t3_calmveil|t3_thornmail
standard,12,b1,blue,top,戰士,embercoil,standard,0,0,3,0,13684,32058,8366,336.2,10.51,21.41,,2,0,1,1,2,1216,322,1082,365,3266,4722,6562,5266,704,,,400,,192,,t3_shieldbreaker|t3_finalstring
standard,12,b2,blue,jungle,刺客,yeiren,standard,0,0,4,0,6885,11808,8366,336.2,10.94,20.28,,2,0,1,1,2,1361,126,1051,336,3291,4926,6631,5266,344,,,,828,192,,t3_finalstring
standard,12,b3,blue,mid,法師,leiming,standard,0,9,5,0,17991,17416,12846,516.2,11.97,19.27,22.56,3,0,1,2,3,966,300,1192,365,3226,4850,9042,5266,864,1920,,800,,192,,t3_psyward
standard,12,b4,blue,adc,射手,liuxing,standard,0,7,5,2,26951,12622,11926,479.3,11.33,19.27,23.46,3,0,1,2,3,948,180,658,726,3108,4780,7658,5266,626,480,480,600,13,192,,t3_shieldbreaker|t3_rendspear
standard,12,b5,blue,sup,輔助,mingyunyindao,standard,0,0,3,0,8141,19928,9793,393.6,10.99,13.49,20.13,3,0,2,2,3,1836,160,858,753,3816,6040,7888,5266,117,,,200,22,192,2090,t3_calmveil
standard,12,r1,red,top,戰士,embercoil,standard,1,6,2,0,21813,30322,12155,488.5,10.3,18.72,24.31,3,0,1,2,3,1328,380,396,754,3378,5260,8996,5266,1202,1920,,320,,288,,t3_shieldbreaker|t3_finalstring
standard,12,r2,red,jungle,刺客,yeiren,standard,1,2,0,2,7901,11373,10407,418.2,10.45,18.64,24.18,3,0,1,2,3,1376,1468,758,156,3306,5318,7708,5266,88,480,240,320,1026,288,,t3_finalstring
standard,12,r3,red,mid,法師,leiming,standard,1,5,7,0,19047,15526,10843,435.7,12.09,20.08,24.59,3,0,1,1,3,870,916,1350,292,3130,5466,7850,5266,776,960,,720,,128,,t3_psyward
standard,12,r4,red,adc,射手,liuxing,standard,1,7,6,1,21119,11731,11779,473.4,11.78,20.31,23.61,3,0,1,1,3,738,342,1666,398,2898,4642,7346,5266,352,480,240,720,,288,,t3_shieldbreaker|t3_rendspear
standard,12,r5,red,sup,輔助,mingyunyindao,standard,1,0,1,5,6565,14401,11201,450.1,7.97,14.43,19.44,4,1,2,3,4,355,356,451,321,3755,6056,8611,5266,109,,720,320,,288,1907,t3_calmveil
standard,13,b1,blue,top,坦克,ironclad,standard,0,0,4,1,7254,23672,7574,327,11.06,18.64,,2,0,1,2,2,1420,304,558,243,3010,4754,6708,5266,552,,240,480,,170,,t3_calmveil|t3_thornmail
standard,13,b2,blue,jungle,刺客,sting,standard,0,0,5,1,5445,10092,8473,365.9,10.1,19.9,,2,0,1,2,2,1397,425,200,393,3327,5055,7150,5266,368,,,480,972,64,,t3_finalstring
standard,13,b3,blue,mid,法師,mingyun2,standard,0,3,5,2,14586,14572,9038,390.3,13.39,19.88,,2,0,1,2,2,830,124,38,857,3090,5154,7468,5266,752,960,240,80,,170,,t3_psyward
standard,13,b4,blue,adc,射手,shensheng,standard,0,8,2,0,20442,12964,11308,488.3,11.88,19.27,22.6,3,0,1,2,3,906,254,160,807,3066,4554,8010,5266,632,1440,,480,22,170,,t3_shieldbreaker|t3_rendspear
standard,13,b5,blue,sup,輔助,mingyun,standard,0,0,1,1,6172,17435,9204,397.4,7.58,14.63,19.9,3,1,2,3,3,483,355,82,623,3883,6235,8082,5266,224,,,480,,64,2048,t3_calmveil
standard,13,r1,red,top,坦克,ironclad,standard,1,3,3,0,10516,23043,9115,393.6,9.77,15.77,23.11,3,1,1,2,3,100,262,780,265,3050,5562,8010,5266,632,1440,,480,,192,,t3_calmveil|t3_thornmail
standard,13,r2,red,jungle,刺客,sting,standard,1,2,2,1,8520,12251,9705,419.1,10.27,20.06,,2,0,1,1,2,1249,339,2074,1374,3179,5919,7654,5266,210,480,240,80,1025,352,,t3_finalstring
standard,13,r3,red,mid,法師,mingyun2,standard,1,1,4,0,15392,13870,9042,390.4,11.66,20.29,,2,0,1,1,2,1044,104,1028,291,3304,5704,7528,5266,1030,,,880,,352,,t3_psyward
standard,13,r4,red,adc,射手,shensheng,standard,1,11,2,1,27477,11816,14086,608.2,12.73,16.59,20.08,4,0,1,2,4,788,272,2456,865,2948,5652,11356,5266,818,3840,,1080,,352,,t3_shieldbreaker|t3_rendspear
standard,13,r5,red,sup,輔助,mingyun,standard,1,0,0,5,5674,11902,10434,450.6,7.34,13.23,20.08,3,1,2,2,3,1323,295,2051,1394,3823,6175,9081,5266,156,,1200,280,,352,1826,t3_calmveil
standard,14,b1,blue,top,坦克,tieshixin,standard,0,0,2,0,10726,31210,8473,324.3,10.1,18.14,,2,0,1,2,2,1484,336,260,742,3114,4586,6810,5266,680,,,800,,64,,t3_calmveil|t3_thornmail
standard,14,b2,blue,jungle,刺客,binghe,standard,0,2,9,0,8300,14093,9426,360.8,10.94,17.21,25.12,3,0,1,2,3,1136,295,525,325,3066,5225,7475,5266,392,960,,,792,64,,t3_finalstring
standard,14,b3,blue,mid,法師,bingshuang,standard,0,2,6,0,18527,17253,9865,377.6,13.2,20.83,,2,0,1,1,2,750,296,614,864,3010,4626,6394,5266,864,,,200,,64,,t3_psyward
standard,14,b4,blue,adc,射手,mori,standard,0,4,6,0,24261,16558,10585,405.2,11.57,18.36,23.83,3,0,1,2,3,954,912,320,984,3114,5042,6890,5266,680,480,,400,,64,,t3_shieldbreaker|t3_rendspear
standard,14,b5,blue,sup,坦克,tixue,standard,0,0,1,2,6772,25934,10896,417.1,8.49,16.45,19.16,3,1,1,3,3,855,461,191,1316,3755,5811,8691,5266,264,,240,600,,64,2256,t3_calmveil|t3_thornmail
standard,14,r1,red,top,坦克,tieshixin,standard,1,4,1,2,15318,29922,11603,444.1,8.77,13.14,19.46,4,1,2,3,4,1076,24,272,253,4026,6714,8922,5266,712,1920,240,400,,384,,t3_calmveil|t3_thornmail
standard,14,r2,red,jungle,刺客,binghe,standard,1,1,3,3,10274,13040,10918,417.9,10.43,17.88,24.18,3,0,1,2,3,1479,492,179,1417,3409,5822,8129,5266,312,,720,533,913,384,,t3_finalstring
standard,14,r3,red,mid,法師,bingshuang,standard,1,9,3,1,25321,15386,14017,536.5,11.07,19.46,23.8,3,0,1,2,3,1206,322,312,1536,3466,5922,8162,5266,778,960,240,533,,384,,t3_psyward
standard,14,r4,red,adc,射手,mori,standard,1,8,1,1,32450,11889,12786,489.4,11.96,18.2,22.63,3,0,1,2,3,980,220,188,985,3140,5120,8288,5266,558,1440,240,400,,384,,t3_shieldbreaker|t3_rendspear
standard,14,r5,red,sup,坦克,tixue,standard,1,2,0,5,10377,22438,12909,494.1,9.72,12.43,18.18,4,1,2,3,4,136,771,159,709,4336,7551,10139,5266,230,960,720,533,,384,2045,t3_calmveil|t3_thornmail
standard,15,b1,blue,top,坦克,bingshouweis,standard,1,3,2,1,13878,31217,11111,413.3,10.67,16.8,23.55,3,0,1,2,3,1436,344,240,1181,3026,5394,7170,5266,528,480,240,400,,256,,t3_calmveil|t3_thornmail
standard,15,b2,blue,jungle,刺客,shanying,standard,1,1,4,0,5489,14485,9670,359.7,10.73,20.13,,2,0,1,1,2,1423,125,1694,1339,3353,5055,7274,5266,256,480,,,936,336,,t3_finalstring
standard,15,b3,blue,mid,法師,mingyun2,standard,1,9,8,0,20894,19274,13671,508.5,11.45,19.27,24.08,4,0,1,2,4,1294,192,420,321,3554,5522,7970,5266,528,1440,,400,,336,,t3_psyward
standard,15,b4,blue,adc,射手,leiting,standard,1,9,1,3,37564,13025,13682,509,11.75,17.48,22.42,3,0,1,2,3,1061,165,527,1882,3221,5245,8477,5266,632,1440,360,400,43,336,,t3_shieldbreaker|t3_rendspear
standard,15,b5,blue,sup,輔助,linghun,standard,1,0,2,3,8772,19247,11244,418.3,7.51,14.43,21.93,4,1,2,2,4,799,335,1878,544,3899,6035,8908,5266,232,,360,800,,336,1914,t3_calmveil
standard,15,r1,red,top,坦克,bingshouweis,standard,0,3,1,1,10697,29678,10503,390.7,10.37,15.86,20.35,3,0,1,2,3,1420,420,1252,573,3010,5170,8482,5266,688,1440,240,720,,128,,t3_calmveil|t3_thornmail
standard,15,r2,red,jungle,刺客,shanying,standard,0,4,5,2,14481,17270,11570,430.4,11.44,16.97,22.78,3,0,1,2,3,1135,400,470,490,3065,5980,8500,5266,112,1440,360,320,874,128,,t3_finalstring
standard,15,r3,red,mid,法師,mingyun2,standard,0,0,4,1,17783,13980,8860,329.6,12.22,22.97,,2,0,1,1,2,974,304,254,110,3234,5154,6754,5266,800,,240,320,,128,,t3_psyward
standard,15,r4,red,adc,射手,leiting,standard,0,10,9,2,35740,12761,14247,530,12.77,21.02,21.93,4,0,1,1,4,746,442,2562,1347,2906,4922,8242,5266,528,960,240,1120,,128,,t3_shieldbreaker|t3_rendspear
standard,15,r5,red,sup,輔助,linghun,standard,0,0,3,3,5350,19887,10675,397.1,7.63,13.39,18.75,4,1,2,3,4,87,403,184,274,3787,6283,8344,5266,240,,360,320,,128,2030,t3_calmveil
standard,16,b1,blue,top,坦克,tiebi,standard,0,1,1,1,9276,25565,8196,356.5,10.73,18.38,,2,0,1,2,2,1500,260,840,565,3090,5010,7290,5266,576,480,240,600,,128,,t3_calmveil|t3_thornmail
standard,16,b2,blue,jungle,刺客,dianguang,standard,0,0,3,1,3667,11426,7460,324.5,11.44,20.46,,2,0,1,1,2,1061,710,959,210,2991,4860,6539,5266,128,,120,,737,288,,t3_finalstring
standard,16,b3,blue,mid,法師,bingshuang,standard,0,0,3,1,14708,14435,7622,331.5,13.08,22.85,,2,0,1,1,2,878,180,122,72,3138,4730,6322,5266,608,,120,200,,128,,t3_psyward
standard,16,b4,blue,adc,射手,liangzi,standard,0,7,4,1,18284,10981,11084,482.1,11.41,18.38,21.55,3,0,1,2,3,986,250,1048,183,3146,5330,9298,5266,664,2400,240,600,,128,,t3_shieldbreaker|t3_rendspear
standard,16,b5,blue,sup,輔助,huanjing,standard,0,0,4,1,5954,18272,9071,394.5,6.63,14.44,20.47,3,1,2,2,3,167,367,961,30,3867,6067,7991,5266,168,,,200,,288,2068,t3_calmveil
standard,16,r1,red,top,坦克,tiebi,standard,1,2,2,0,11472,20307,8718,379.2,10.4,16.61,,2,0,1,2,2,1468,460,1408,1488,3058,5210,7738,5266,584,960,,640,,288,,t3_calmveil|t3_thornmail
standard,16,r2,red,jungle,刺客,dianguang,standard,1,5,1,1,7828,11272,11424,496.9,9.17,15.73,21.42,3,1,1,2,3,549,615,534,343,3749,5845,8864,5266,336,1440,120,240,1174,288,,t3_finalstring
standard,16,r3,red,mid,法師,bingshuang,standard,1,1,2,1,18180,13550,8318,361.8,12.67,21.57,,2,0,1,1,2,798,232,502,288,3058,5082,7002,5266,688,480,,440,,128,,t3_psyward
standard,16,r4,red,adc,射手,liangzi,standard,1,7,2,1,19948,8984,11318,492.3,12.73,19.3,21.55,3,0,1,2,3,786,178,750,418,2946,4778,8370,5266,416,1440,120,840,,288,,t3_shieldbreaker|t3_rendspear
standard,16,r5,red,sup,輔助,huanjing,standard,1,0,1,1,6134,13429,9452,411.1,9.65,14.13,20.53,3,1,2,2,3,347,579,889,411,3747,5979,7919,5266,88,,,240,,288,2037,t3_calmveil
standard,17,b1,blue,top,坦克,shengdun,standard,0,0,3,0,7819,17838,6911,338.2,9.88,18.95,,2,1,1,2,2,132,636,244,360,3082,4586,6794,5266,728,,,800,,0,,t3_calmveil|t3_thornmail
standard,17,b2,blue,jungle,戰士,tielian,standard,0,0,3,0,4789,12963,6695,327.7,9.77,,,1,1,1,1,1,151,1146,1348,1465,3251,4946,6578,5266,274,,,,1037,0,,t3_finalstring|t3_shieldbreaker
standard,17,b3,blue,mid,法師,mingyun2,standard,0,0,4,0,8707,13815,6673,326.6,13.31,,,1,0,1,1,1,790,404,976,1293,3050,4554,6356,5266,690,,,400,,0,,t3_psyward
standard,17,b4,blue,adc,射手,shengyan,standard,0,0,4,0,7998,10551,6129,300,11.78,,,1,0,1,1,1,810,428,662,979,2970,4378,5812,5266,546,,,,,0,,t3_shieldbreaker|t3_rendspear
standard,17,b5,blue,sup,坦克,dadi,standard,0,0,1,0,3951,17231,8252,403.8,9.34,15.06,,2,1,1,2,2,895,813,455,571,3795,6163,8135,5266,192,,,800,,0,1876,t3_calmveil|t3_thornmail
standard,17,r1,red,top,坦克,shengdun,standard,1,4,0,2,10916,17009,9601,469.9,9.88,15.81,19.67,3,1,1,3,3,226,811,194,471,3176,5611,9324,5266,742,1920,240,693,14,448,,t3_calmveil|t3_thornmail
standard,17,r2,red,jungle,戰士,tielian,standard,1,2,0,1,5981,10324,8709,426.2,10.17,16.35,,2,0,1,2,2,1178,2036,1332,409,3178,6136,8432,5266,240,960,240,293,984,448,,t3_finalstring|t3_shieldbreaker
standard,17,r3,red,mid,法師,mingyun2,standard,1,2,0,0,10411,10286,9025,441.7,12.16,18.47,,2,0,1,2,2,1422,992,298,575,3682,6892,8748,5266,914,960,,1160,,448,,t3_psyward
standard,17,r4,red,adc,射手,shengyan,standard,1,7,0,4,25995,8778,11479,561.8,10.79,17.87,19.57,3,0,1,3,3,1034,290,202,958,3194,4890,10722,5266,608,2880,960,560,,448,,t3_shieldbreaker|t3_rendspear
standard,17,r5,red,sup,坦克,dadi,standard,1,0,0,2,3463,13801,9614,470.5,10.18,14.68,19.63,3,0,2,3,3,2391,205,207,533,3971,6405,9287,5266,182,,240,893,,448,2256,t3_calmveil|t3_thornmail
standard,18,b1,blue,top,坦克,shiqiang,standard,0,0,2,0,8340,17880,6574,338,11.23,18.91,,2,0,1,,2,1300,32,,324,2930,4882,,,,,,,,,,t3_calmveil|t3_thornmail
standard,18,b2,blue,jungle,戰士,greymantle,standard,0,0,5,0,4226,13235,6167,317.1,11.87,,,1,0,1,,1,1141,176,,937,3141,4756,,,,,,,,,,t3_finalstring|t3_shieldbreaker
standard,18,b3,blue,mid,法師,bingshuang,standard,0,2,4,0,9563,11164,7710,396.4,12.33,,,1,0,1,,1,1182,206,,2330,3442,5106,,,,,,,,,,t3_psyward
standard,18,b4,blue,adc,射手,mirrorshot,standard,0,0,2,0,10134,9666,6870,353.2,10.85,,,1,0,1,,1,978,306,,1070,3138,4786,,,,,,,,,,t3_shieldbreaker|t3_rendspear
standard,18,b5,blue,sup,坦克,ironclad,standard,0,0,1,0,3404,14857,7816,401.9,9.07,15.54,,2,1,1,,2,195,685,,136,3795,6035,,,,,,,,,,t3_calmveil|t3_thornmail
standard,18,r1,red,top,坦克,shiqiang,standard,1,4,0,2,8834,14992,8918,458.5,10.44,15.84,,2,0,1,,2,1564,122,,1628,3194,5522,,,,,,,,,,t3_calmveil|t3_thornmail
standard,18,r2,red,jungle,戰士,greymantle,standard,1,5,0,1,8077,9821,9902,509.1,8.41,15.84,,2,1,1,,2,58,918,,1302,3858,6398,,,,,,,,,,t3_finalstring|t3_shieldbreaker
standard,18,r3,red,mid,法師,bingshuang,standard,1,2,1,1,12717,9323,7993,411,12.25,,,1,0,1,,1,824,138,,1493,3084,5468,,,,,,,,,,t3_psyward
standard,18,r4,red,adc,射手,mirrorshot,standard,1,1,1,2,11793,7693,7598,390.7,12.07,17.93,,2,0,1,,2,810,134,,398,2970,5034,,,,,,,,,,t3_shieldbreaker|t3_rendspear
standard,18,r5,red,sup,坦克,ironclad,standard,1,2,0,4,6299,12577,9945,511.3,7.54,12.29,18.79,3,1,2,,3,1257,48,,445,4157,6988,,,,,,,,,,t3_calmveil|t3_thornmail
standard,19,b1,blue,top,坦克,tiemu,standard,0,0,0,0,6713,17514,5800,291,11.03,,,1,0,1,,1,1380,228,,500,2970,4378,,,,,,,,,,t3_calmveil|t3_thornmail
standard,19,b2,blue,jungle,戰士,chichuan,standard,0,0,2,0,5578,13807,6486,325.4,9.97,,,1,1,1,,1,57,116,,935,3157,4766,,,,,,,,,,t3_shieldbreaker|t3_finalstring
standard,19,b3,blue,mid,法師,lieyan,standard,0,1,3,0,7516,11783,7264,364.4,13.01,,,1,0,1,,1,734,380,,1884,2994,4530,,,,,,,,,,t3_psyward
standard,19,b4,blue,adc,射手,hanbing,standard,0,0,3,0,12361,10628,6350,318.6,11.46,,,1,0,1,,1,848,148,,550,3008,4448,,,,,,,,,,t3_shieldbreaker|t3_rendspear
standard,19,b5,blue,sup,輔助,xuemai,standard,0,0,4,0,3980,13519,7863,394.5,7.03,14.75,19.77,3,1,2,,3,1263,347,,163,3763,5747,,,,,,,,,,t3_calmveil
standard,19,r1,red,top,坦克,tiemu,standard,1,3,0,0,12114,14206,8291,415.9,9.82,16.52,,2,1,1,,2,150,394,,1060,3100,5444,,,,,,,,,,t3_calmveil|t3_thornmail
standard,19,r2,red,jungle,戰士,chichuan,standard,1,6,0,1,10192,11241,10786,541.1,10.04,15.86,18.36,3,0,1,,3,1483,1628,,1235,3483,7058,,,,,,,,,,t3_shieldbreaker|t3_finalstring
standard,19,r3,red,mid,法師,lieyan,standard,1,2,0,1,12891,9895,8835,443.2,13.06,19.31,,2,0,1,,2,1000,324,,504,3260,5924,,,,,,,,,,t3_psyward
standard,19,r4,red,adc,射手,hanbing,standard,1,1,1,1,15548,7786,8384,420.6,12,,,1,0,1,,1,914,42,,2704,3074,5122,,,,,,,,,,t3_shieldbreaker|t3_rendspear
standard,19,r5,red,sup,輔助,xuemai,standard,1,0,0,2,4749,8332,9451,474.1,7.67,13.89,18.33,3,1,2,,3,1337,91,,1750,3837,6271,,,,,,,,,,t3_calmveil
standard,20,b1,blue,top,坦克,longji,standard,0,0,2,0,6051,18598,6955,338.3,10.78,17.45,,2,0,1,2,2,1428,348,554,704,3058,4898,6804,5266,610,,,800,,128,,t3_calmveil|t3_thornmail
standard,20,b2,blue,jungle,戰士,dadi2,standard,0,1,4,0,7274,11885,7419,360.9,10.14,19.09,,2,0,1,2,2,1163,444,368,518,3163,5024,7268,5266,458,480,,,936,128,,t3_finalstring|t3_shieldbreaker
standard,20,b3,blue,mid,法師,shikong,standard,0,0,3,1,12523,12631,7275,353.9,12.58,19.16,,2,0,1,2,2,1022,428,174,324,3282,5058,7124,5266,690,,240,800,,128,,t3_psyward
standard,20,b4,blue,adc,射手,tianfa,standard,0,1,3,0,10221,10349,7148,347.7,11.4,,,1,0,1,1,1,1055,143,1197,1347,3215,4623,6997,5266,680,480,,400,43,128,,t3_shieldbreaker|t3_rendspear
standard,20,b5,blue,sup,坦克,tiemu,standard,0,0,3,0,4925,16117,8206,399.2,8.39,14.73,,2,1,2,2,2,1002,378,375,526,3902,6278,8055,5266,215,,,400,43,128,2002,t3_calmveil|t3_thornmail
standard,20,r1,red,top,坦克,longji,standard,1,7,0,0,7212,15534,11312,550.3,10.99,17.62,17.62,3,0,1,3,3,1348,468,972,1282,2978,5868,11002,5266,618,3360,,1373,,384,,t3_calmveil|t3_thornmail
standard,20,r2,red,jungle,戰士,dadi2,standard,1,2,0,2,7820,9914,9061,440.8,9.73,16.2,,2,1,1,2,2,285,781,271,1061,3385,6261,8271,5266,241,480,480,373,1046,384,,t3_finalstring|t3_shieldbreaker
standard,20,r3,red,mid,法師,shikong,standard,1,2,1,4,15086,10390,8675,422,11.74,19.52,,2,0,1,2,2,846,641,214,644,3106,5791,8244,5266,648,960,480,506,,384,,t3_psyward
standard,20,r4,red,adc,射手,tianfa,standard,1,1,0,2,13029,8856,8171,397.5,12.08,20.08,,2,0,1,1,2,650,188,1580,190,2810,4668,7380,5266,410,,480,840,,384,,t3_shieldbreaker|t3_rendspear
standard,20,r5,red,sup,坦克,tiemu,standard,1,3,1,4,7186,16199,10693,520.1,8.13,12.92,16.99,3,1,2,3,3,852,529,282,712,4752,7769,10262,5266,161,1440,480,506,,384,2024,t3_calmveil|t3_thornmail
standard,21,b1,blue,top,坦克,tixue,standard,0,0,3,1,9489,20232,6747,307.8,10.03,20.75,,2,0,1,1,2,1390,521,559,336,3020,4471,5959,5266,629,,,,,64,,t3_calmveil|t3_thornmail
standard,21,b2,blue,jungle,戰士,fengbao,standard,0,0,5,1,5040,17323,6933,316.3,10.86,19.73,,2,0,1,2,2,1007,180,188,832,3007,4660,6288,5266,160,,120,,677,64,,t3_finalstring|t3_shieldbreaker
standard,21,b3,blue,mid,法師,lieyan,standard,0,3,2,0,16344,13676,8933,407.6,12.92,17.92,,2,0,1,2,2,974,76,376,353,3234,4706,7506,5266,816,960,,400,,64,,t3_psyward
standard,21,b4,blue,adc,射手,dawnstrike,standard,0,0,3,2,13798,10810,7361,335.8,11.52,20.98,,2,0,1,1,2,938,50,986,160,3098,4650,6786,5266,696,,360,400,,64,,t3_shieldbreaker|t3_rendspear
standard,21,b5,blue,sup,坦克,stoneguard,standard,0,0,4,0,5753,18967,9326,425.5,7.66,15.89,20.38,3,1,1,2,3,272,479,681,366,3872,5829,7781,5266,194,,,,,64,2256,t3_calmveil|t3_thornmail
standard,21,r1,red,top,坦克,tixue,standard,1,8,0,0,12385,18418,11461,523,9.23,14.23,19.42,3,1,2,3,3,492,316,292,1431,3442,6266,9242,5266,536,2400,,720,,320,,t3_calmveil|t3_thornmail
standard,21,r2,red,jungle,戰士,fengbao,standard,1,4,0,2,10773,13748,10085,460.2,9.98,17.31,20.97,3,1,1,2,3,23,1492,546,485,3123,6192,9146,5266,98,1920,360,320,861,320,,t3_finalstring|t3_shieldbreaker
standard,21,r3,red,mid,法師,lieyan,standard,1,4,2,1,19366,10747,9473,432.2,10.91,19.63,,2,0,1,2,2,838,448,204,493,3098,5478,8054,5266,588,1440,120,320,,320,,t3_psyward
standard,21,r4,red,adc,射手,dawnstrike,standard,1,1,1,6,17765,9822,9496,433.3,11.08,19.75,,2,0,1,2,2,988,488,220,916,3148,5868,7900,5266,634,,960,720,,320,,t3_shieldbreaker|t3_rendspear
standard,21,r5,red,sup,坦克,stoneguard,standard,1,0,0,2,6131,16700,10050,458.5,8.55,14.43,21.29,3,1,2,2,3,232,293,1321,549,3832,6193,8561,5266,158,,240,320,,320,2256,t3_calmveil|t3_thornmail
standard,22,b1,blue,top,坦克,suishan,standard,1,0,2,3,7997,25741,9391,387.5,10.73,17.71,22.23,3,0,1,2,3,1404,116,1350,340,2994,4866,7500,5266,666,,240,1200,,128,,t3_calmveil|t3_thornmail
standard,22,b2,blue,jungle,戰士,anliuyouXia,standard,1,1,2,0,10655,17856,8597,354.8,9.6,19.16,,2,1,1,2,2,140,63,346,617,3240,5013,7196,5266,530,480,,,792,128,,t3_shieldbreaker|t3_finalstring
standard,22,b3,blue,mid,法師,shikong,standard,1,2,6,0,15137,15654,9132,376.8,13.3,20.72,,2,0,1,1,2,806,388,1194,1002,3066,4938,7274,5266,600,480,,800,,128,,t3_psyward
standard,22,b4,blue,adc,射手,yanfeng,standard,1,7,6,0,24188,14222,11453,472.6,12.28,18.43,22.24,3,0,1,2,3,912,230,207,953,3072,4480,7707,5266,538,960,,800,14,128,,t3_shieldbreaker|t3_rendspear
standard,22,b5,blue,sup,輔助,shengming,standard,1,0,5,1,4976,16694,9571,394.9,8.4,14.4,21.32,3,1,2,2,3,411,63,602,820,3811,5763,7632,5266,96,,,,,128,2142,t3_calmveil
standard,22,r1,red,top,坦克,suishan,standard,0,4,2,0,9702,21304,9663,398.8,10.35,17.47,22.24,3,0,1,2,3,1340,591,175,513,2930,5341,7405,5266,480,960,,400,43,256,,t3_calmveil|t3_thornmail
standard,22,r2,red,jungle,戰士,anliuyouXia,standard,0,8,0,0,11684,16299,12588,519.5,11.18,16.55,19.74,3,0,1,3,3,1712,935,578,1238,3712,6365,10128,5266,216,2880,,400,950,416,,t3_shieldbreaker|t3_finalstring
standard,22,r3,red,mid,法師,shikong,standard,0,5,2,4,24992,15041,11372,469.3,12.66,18.55,,2,0,1,2,2,782,340,244,1972,3042,5490,8274,5266,752,960,480,400,,416,,t3_psyward
standard,22,r4,red,adc,射手,yanfeng,standard,0,4,3,1,20364,11301,10356,427.4,11.98,18.45,,2,0,1,2,2,770,534,186,1456,2930,4834,7506,5266,544,480,,800,,416,,t3_shieldbreaker|t3_rendspear
standard,22,r5,red,sup,輔助,shengming,standard,0,0,3,4,7018,14536,10423,430.1,9.4,13.65,18.43,3,1,2,3,3,454,204,220,1192,3854,6454,8700,5266,184,,480,400,43,416,1911,t3_calmveil
standard,23,b1,blue,top,坦克,thornwall,standard,0,1,2,0,9026,22089,7347,348.6,9.57,16,,2,1,1,2,2,140,222,264,617,3090,5522,6994,5266,848,480,,400,,0,,t3_calmveil|t3_thornmail
standard,23,b2,blue,jungle,戰士,embercoil,standard,0,0,2,0,5679,13897,6529,309.8,10.83,,,1,0,1,1,1,1023,39,603,978,3023,4689,6153,5266,368,,,,519,0,,t3_shieldbreaker|t3_finalstring
standard,23,b3,blue,mid,法師,lieyan,standard,0,0,3,0,11619,11721,6611,313.7,12.93,,,1,0,1,1,1,750,600,322,531,3010,4450,5922,5266,656,,,,,0,,t3_psyward
standard,23,b4,blue,adc,射手,siwang,standard,0,1,1,0,11902,9905,7222,342.7,12.5,20.34,,2,0,1,1,2,746,386,1069,322,2906,4386,6869,5266,480,480,,600,43,0,,t3_shieldbreaker|t3_rendspear
standard,23,b5,blue,sup,輔助,mingyun,standard,0,0,2,0,3677,14354,8313,394.4,8.79,14.44,20.24,3,1,2,2,3,687,379,962,312,3787,5779,7992,5266,176,,,600,,0,1949,t3_calmveil
standard,23,r1,red,top,坦克,thornwall,standard,1,2,1,1,7841,16797,9078,430.7,8.95,16.49,20.82,3,1,1,2,3,486,906,1510,527,3436,5356,8260,5266,538,960,,1240,,256,,t3_calmveil|t3_thornmail
standard,23,r2,red,jungle,戰士,embercoil,standard,1,4,0,0,12995,15863,9938,471.5,9.68,17.15,,2,1,1,2,2,430,650,1410,1387,3530,6080,9360,5266,346,1920,,240,1332,256,,t3_shieldbreaker|t3_finalstring
standard,23,r3,red,mid,法師,lieyan,standard,1,1,1,1,13916,11571,8246,391.3,11.18,19.72,,2,0,1,2,2,1352,518,118,695,3612,5548,7668,5266,986,480,240,440,,256,,t3_psyward
standard,23,r4,red,adc,射手,siwang,standard,1,3,0,1,13346,7976,8687,412.2,11.75,20.19,,2,0,1,1,2,998,1250,1470,1687,3158,5550,7150,5266,656,480,240,240,12,256,,t3_shieldbreaker|t3_rendspear
standard,23,r5,red,sup,輔助,mingyun,standard,1,0,0,2,6099,11933,9324,442.4,6.9,15.5,18.31,3,1,1,3,3,467,1393,566,573,3867,6243,8746,5266,224,,480,640,,256,1880,t3_calmveil
standard,24,b1,blue,top,坦克,ironclad,standard,1,1,0,1,10791,23949,9926,388.5,9.59,19.29,24.03,3,1,1,2,3,156,444,208,896,3106,4594,7138,5266,560,,240,800,,272,,t3_calmveil|t3_thornmail
standard,24,b2,blue,jungle,戰士,hunpo,standard,1,0,2,0,9804,12771,8562,335.1,12.11,24.11,,2,0,1,1,2,1005,995,286,762,3215,4795,6436,5266,192,,,,706,272,,t3_psyward
standard,24,b3,blue,mid,法師,shikong,standard,1,4,2,1,19205,16140,11518,450.8,12.58,20.89,24.62,3,0,1,1,3,734,316,1734,668,2994,5346,8234,5266,776,960,240,800,,192,,t3_psyward
standard,24,b4,blue,adc,射手,maestro,standard,1,13,4,1,31812,14389,15705,614.7,11.36,17.19,20.43,4,0,1,2,4,917,317,1457,1855,3077,6117,10037,5266,536,2880,240,800,43,272,,t3_shieldbreaker|t3_rendspear
standard,24,b5,blue,sup,坦克,tixue,standard,1,0,2,0,9345,23044,10325,404.1,7.66,14.78,21.24,3,1,2,2,3,431,131,887,1045,3931,5931,8067,5266,272,,,,,272,2256,t3_calmveil|t3_thornmail
standard,24,r1,red,top,坦克,ironclad,standard,0,4,2,0,14362,22627,10033,392.7,8.96,17.33,22.2,3,1,1,2,3,438,510,318,582,3388,5260,7548,5266,442,960,,720,,160,,t3_calmveil|t3_thornmail
standard,24,r2,red,jungle,戰士,hunpo,standard,0,0,4,0,8038,13642,8323,325.8,12.86,23.68,,2,0,1,1,2,959,681,263,523,3169,5181,6713,5266,122,,,320,1004,0,,t3_psyward
standard,24,r3,red,mid,法師,shikong,standard,0,1,5,0,13224,13745,8518,333.4,13.46,23.26,,2,0,1,1,2,670,492,430,188,2930,5042,6930,5266,704,480,,320,,160,,t3_psyward
standard,24,r4,red,adc,射手,maestro,standard,0,4,5,2,21588,11656,10137,396.7,12.44,20.43,25.18,3,0,1,1,3,740,356,1100,236,2900,4836,6900,5266,434,480,240,320,,160,,t3_shieldbreaker|t3_rendspear
standard,24,r5,red,sup,坦克,tixue,standard,0,1,2,0,7158,25002,10585,414.3,8.44,13.16,18.69,3,1,2,3,3,271,403,235,704,3771,6683,9035,5266,152,480,,720,,160,2256,t3_calmveil|t3_thornmail
standard,25,b1,blue,top,坦克,tieshixin,standard,0,0,2,0,3992,17016,6773,339.7,11.05,16.39,,2,0,1,,2,1484,208,,323,3074,4908,,,,,,,,,,t3_calmveil|t3_thornmail
standard,25,b2,blue,jungle,戰士,ravager,standard,0,0,3,1,4068,16260,6726,337.3,10.13,,,1,0,1,,1,1106,578,,1175,3106,4928,,,,,,,,,,t3_shieldbreaker|t3_finalstring
standard,25,b3,blue,mid,法師,xingjie,standard,0,1,5,1,11427,12502,6507,326.3,12.91,,,1,0,1,,1,750,268,,1126,3010,4418,,,,,,,,,,t3_psyward
standard,25,b4,blue,adc,射手,liuxing,standard,0,2,4,0,9844,10677,7553,378.8,11.55,18.56,,2,0,1,,2,1034,302,,352,3194,5032,,,,,,,,,,t3_shieldbreaker|t3_rendspear
standard,25,b5,blue,sup,輔助,mingyunyindao,standard,0,0,3,1,3340,15000,8252,413.8,7.27,14.3,19.11,3,1,2,,3,371,328,,551,3771,5728,,,,,,,,,,t3_calmveil
standard,25,r1,red,top,坦克,tieshixin,standard,1,3,0,1,7864,16366,9197,461.2,9.87,13.99,18.33,3,1,2,,3,156,422,,347,3106,6572,,,,,,,,,,t3_calmveil|t3_thornmail
standard,25,r2,red,jungle,戰士,ravager,standard,1,11,1,1,10842,13345,13611,682.5,9.15,14.18,16.05,3,1,2,,3,1700,45,,2260,4800,8295,,,,,,,,,,t3_shieldbreaker|t3_finalstring
standard,25,r3,red,mid,法師,xingjie,standard,1,0,1,5,12284,10174,7981,400.2,11.88,,,1,0,1,,1,942,94,,1481,3202,5244,,,,,,,,,,t3_psyward
standard,25,r4,red,adc,射手,liuxing,standard,1,3,1,2,16996,8092,8827,442.6,11.07,18.19,,2,0,1,,2,1098,402,,576,3258,5482,,,,,,,,,,t3_shieldbreaker|t3_rendspear
standard,25,r5,red,sup,輔助,mingyunyindao,standard,1,0,0,3,6057,9785,9653,484.1,7.19,14.37,18.25,3,1,2,,3,579,417,,902,3979,6667,,,,,,,,,,t3_calmveil
standard,26,b1,blue,top,坦克,tiankong,standard,0,0,2,0,6925,30217,8077,309,10.84,18.73,,2,0,1,2,2,1308,218,244,447,2898,4618,6394,5266,440,,,560,,128,,t3_calmveil|t3_thornmail
standard,26,b2,blue,jungle,戰士,xueyue,standard,0,0,6,0,6131,19420,8625,329.9,10.46,21.23,,2,0,1,1,2,1104,890,1240,374,3104,5120,6670,5266,208,,,160,908,128,,t3_shieldbreaker|t3_finalstring
standard,26,b3,blue,mid,法師,auralith,standard,0,3,9,0,12645,17644,10341,395.6,12.23,19.23,,2,0,1,2,2,638,128,228,941,2898,5458,7778,5266,464,960,,960,,128,,t3_psyward
standard,26,b4,blue,adc,射手,guangsu,standard,0,2,6,1,19542,12117,9408,359.9,11.31,22.1,,2,0,1,1,2,946,180,1084,507,3106,4780,6764,5266,570,,240,560,,128,,t3_shieldbreaker|t3_rendspear
standard,26,b5,blue,sup,輔助,shiguang,standard,0,0,5,1,5705,19292,10040,384.1,8.57,13.99,19.88,3,1,2,3,3,695,632,117,1000,3795,6032,8117,5266,141,,,560,,128,2021,t3_calmveil
standard,26,r1,red,top,坦克,tiankong,standard,1,2,0,1,10229,23629,10928,418,10.33,18.09,22.94,3,0,1,2,3,1436,212,100,997,3026,4962,6850,5266,512,,240,400,,432,,t3_calmveil|t3_thornmail
standard,26,r2,red,jungle,戰士,xueyue,standard,1,9,0,0,13204,14732,13891,531.4,9.1,17.02,19.73,4,1,1,3,4,827,609,294,961,3927,6039,10324,5266,160,3360,,,1105,432,,t3_shieldbreaker|t3_finalstring
standard,26,r3,red,mid,法師,auralith,standard,1,11,0,1,31753,17395,15290,584.9,10.65,18.09,21.54,4,0,1,2,4,1502,140,190,1060,3762,5890,8690,5266,992,960,240,800,,432,,t3_psyward
standard,26,r4,red,adc,射手,guangsu,standard,1,6,5,2,28421,11162,11762,450,11.83,19.77,24.22,3,0,1,2,3,1146,266,266,382,3306,4866,7266,5266,608,960,240,,,192,,t3_shieldbreaker|t3_rendspear
standard,26,r5,red,sup,輔助,shiguang,standard,1,0,0,4,7211,14108,12138,464.3,6.71,14.31,18.04,4,1,2,3,4,1415,475,309,1178,3915,6355,9059,5266,224,,480,400,,432,2256,t3_calmveil
standard,27,b1,blue,top,坦克,tiebi,standard,0,0,0,1,9107,19367,7085,347,10.18,18.99,,2,0,1,2,2,1404,34,722,254,3034,4884,6972,5266,602,,240,800,,64,,t3_calmveil|t3_thornmail
standard,27,b2,blue,jungle,戰士,ronggang,standard,0,1,1,0,7477,12687,6980,341.9,10.39,,,1,0,1,1,1,1135,920,1272,1500,3135,4720,6752,5266,240,480,,,702,64,,t3_finalstring|t3_shieldbreaker
standard,27,b3,blue,mid,法師,xingjie,standard,0,0,3,0,9187,11476,6834,334.7,12.85,,,1,0,1,1,1,942,832,222,334,3202,4682,6722,5266,792,,,600,,64,,t3_psyward
standard,27,b4,blue,adc,射手,mori,standard,0,5,2,0,15690,10756,9341,457.5,10.99,17.27,,2,0,1,2,2,1346,386,948,1060,3506,6186,9228,5266,498,2400,,1000,,64,,t3_shieldbreaker|t3_rendspear
standard,27,b5,blue,sup,坦克,tixue,standard,0,0,2,0,4629,15576,7918,387.8,8.03,15.7,,2,1,1,2,2,935,442,517,677,3835,5792,7757,5266,170,,,,,64,2256,t3_calmveil|t3_thornmail
standard,27,r1,red,top,坦克,tiebi,standard,1,1,0,1,10662,17378,7706,377.4,9.48,18.13,,2,1,1,2,2,172,338,364,416,3122,5138,7354,5266,784,480,120,320,,384,,t3_calmveil|t3_thornmail
standard,27,r2,red,jungle,戰士,ronggang,standard,1,6,1,0,9241,14047,10338,506.4,10.39,18.52,20,3,0,1,3,3,1243,1059,86,438,3243,5339,9986,5266,224,2880,,320,912,384,,t3_finalstring|t3_shieldbreaker
standard,27,r3,red,mid,法師,xingjie,standard,1,1,1,0,16361,10247,7850,384.5,12.71,20.22,,2,0,1,1,2,830,232,998,300,3090,5082,7498,5266,648,480,,720,,384,,t3_psyward
standard,27,r4,red,adc,射手,mori,standard,1,0,2,2,6988,8270,7685,376.4,12.68,19.78,,2,0,1,2,2,1282,144,132,484,2962,4924,7332,5266,602,,360,720,,384,,t3_shieldbreaker|t3_rendspear
standard,27,r5,red,sup,坦克,tixue,standard,1,0,2,1,5421,13053,9084,444.9,9.35,14.58,,2,1,2,2,2,938,415,1443,1843,3838,6315,8683,5266,173,,240,320,43,384,2256,t3_calmveil|t3_thornmail
standard,28,b1,blue,top,坦克,xukong,standard,1,1,5,0,9625,21478,8151,363.6,12.09,19.48,,2,0,1,2,2,1268,498,430,1320,2898,4748,6380,5266,522,,,240,,352,,t3_calmveil|t3_thornmail
standard,28,b2,blue,jungle,刺客,yueying,standard,1,1,2,1,3439,7858,8661,386.4,9.67,17.87,,2,1,1,2,2,120,911,475,1180,3320,5761,7655,5266,64,480,240,373,880,352,,t3_finalstring
standard,28,b3,blue,mid,法師,auralith,standard,1,9,3,1,18994,13008,12124,540.8,11.23,16.55,21.53,3,0,1,2,3,942,322,1432,523,3202,5922,9762,5266,810,2880,240,373,,192,,t3_psyward
standard,28,b4,blue,adc,射手,leiting,standard,1,3,3,2,15346,9695,9527,425,11.2,19.34,,2,0,1,2,2,788,456,776,946,2948,5836,7676,5266,525,480,480,573,,352,,t3_shieldbreaker|t3_rendspear
standard,28,b5,blue,sup,坦克,ironclad,standard,1,0,4,1,6335,19191,9830,438.5,8.32,15.09,20.41,3,1,1,2,3,908,946,1472,449,3808,6296,8712,5266,157,,240,440,,352,2256,t3_calmveil|t3_thornmail
standard,28,r1,red,top,坦克,xukong,standard,0,0,1,2,12526,21602,7556,337.1,10.44,20.82,,2,0,1,1,2,1452,352,1042,265,3082,4602,6442,5266,448,,200,400,,128,,t3_calmveil|t3_thornmail
standard,28,r2,red,jungle,刺客,yueying,standard,0,10,3,0,10143,12219,12798,570.9,8.82,15.76,18.84,4,1,1,3,4,1252,1829,565,297,4452,7159,11265,5266,258,4320,,,1292,128,,t3_finalstring
standard,28,r3,red,mid,法師,auralith,standard,0,2,4,5,15843,13954,9252,412.7,12.25,19.51,,2,0,1,2,2,1030,404,240,451,3290,4954,8090,5266,896,480,920,400,,128,,t3_psyward
standard,28,r4,red,adc,射手,leiting,standard,0,4,5,3,15106,12440,9330,416.2,11.19,19.27,,2,0,1,2,2,914,378,788,750,3074,4858,7688,5266,560,960,560,200,14,128,,t3_shieldbreaker|t3_rendspear
standard,28,r5,red,sup,坦克,ironclad,standard,0,1,1,1,4702,16737,9818,438,8.88,14.88,20.4,3,1,2,2,3,504,136,1536,438,4104,6336,8776,5266,205,480,240,200,,128,2256,t3_calmveil|t3_thornmail
standard,29,b1,blue,top,坦克,shiqiang,standard,0,0,2,0,6546,24825,7536,315.3,10.78,18.29,,2,0,1,2,2,1494,449,321,305,3084,4599,6471,5266,677,,,400,,128,,t3_calmveil|t3_thornmail
standard,29,b2,blue,jungle,刺客,leisuhunter,standard,0,1,4,1,5566,15030,8582,359.1,10.48,17.94,,2,0,1,2,2,1343,248,166,251,3273,5178,7296,5266,437,480,120,,864,128,,t3_finalstring
standard,29,b3,blue,mid,法師,xingjie,standard,0,2,2,0,16940,13344,9107,381,12.41,21.12,,2,0,1,1,2,744,808,582,776,3004,4658,7082,5266,807,480,,400,,128,,t3_psyward
standard,29,b4,blue,adc,射手,liangzi,standard,0,10,4,0,25378,12536,12603,527.3,10.99,17.96,21.99,3,0,1,2,3,802,194,376,802,2962,5394,8626,5266,512,1920,,800,,128,,t3_shieldbreaker|t3_rendspear
standard,29,b5,blue,sup,輔助,huanjing,standard,0,0,1,2,6643,17935,9393,393,7.78,15,20,3,1,2,3,3,379,51,180,353,3779,5931,7880,5266,189,,360,,43,128,1894,t3_calmveil
standard,29,r1,red,top,坦克,shiqiang,standard,1,4,1,1,8891,23139,10171,425.5,11.53,16.48,22.35,3,0,1,2,3,1468,320,372,720,3058,4770,7602,5266,416,960,240,400,,320,,t3_calmveil|t3_thornmail
standard,29,r2,red,jungle,刺客,leisuhunter,standard,1,1,2,0,8634,10886,8759,366.5,9.88,19,,2,1,1,2,2,164,491,127,428,3364,5121,7377,5266,80,480,,400,831,320,,t3_finalstring
standard,29,r3,red,mid,法師,xingjie,standard,1,0,3,1,16980,12086,8475,354.6,11.69,23.65,,2,0,1,1,2,974,348,270,444,3234,4898,6770,5266,544,,240,400,,320,,t3_psyward
standard,29,r4,red,adc,射手,liangzi,standard,1,7,4,2,25843,9568,12495,522.8,11.55,18.75,23.28,3,0,1,2,3,1026,303,131,1115,3186,4903,7751,5266,616,480,240,800,28,320,,t3_shieldbreaker|t3_rendspear
standard,29,r5,red,sup,輔助,huanjing,standard,1,1,3,1,7137,13778,10438,436.8,8.72,13.11,17.91,3,1,2,3,3,871,320,1210,1398,3971,6200,8910,5266,168,480,,800,28,320,1847,t3_calmveil
standard,30,b1,blue,top,坦克,tiemu,standard,0,1,0,0,13122,24286,7888,339.6,9.51,18.15,,2,1,1,2,2,140,408,122,457,3090,4658,6972,5266,698,480,,400,,128,,t3_calmveil|t3_thornmail
standard,30,b2,blue,jungle,刺客,duskblade,standard,0,0,6,0,4863,12452,7973,343.3,9.9,19.48,,2,1,1,2,2,86,591,258,322,3286,4971,6958,5266,229,,,400,935,128,,t3_finalstring
standard,30,b3,blue,mid,法師,gambler,standard,0,2,4,1,18293,14525,8893,382.9,12.52,20.11,,2,0,1,1,2,998,180,1482,493,3258,4730,7962,5266,688,960,120,800,,128,,t3_psyward
standard,30,b4,blue,adc,射手,shengyan,standard,0,3,4,2,15988,11995,9355,402.8,10.52,20.19,,2,0,1,1,2,1109,141,1216,774,3269,4741,7016,5266,538,,240,800,43,128,,t3_shieldbreaker|t3_rendspear
standard,30,b5,blue,sup,坦克,dadi,standard,0,1,3,1,4875,19525,9264,398.9,9.98,14.28,21.78,3,1,2,2,3,112,379,1109,363,4312,6739,8349,5266,117,480,120,400,43,128,1794,t3_calmveil|t3_thornmail
standard,30,r1,red,top,坦克,tiemu,standard,1,1,0,2,10081,20826,9541,410.8,10.54,16.72,22.88,3,0,1,2,3,1428,120,184,111,3058,4970,7474,5266,808,,240,840,,320,,t3_calmveil|t3_thornmail
standard,30,r2,red,jungle,刺客,duskblade,standard,1,6,1,0,8988,9620,11238,483.9,9.9,16.73,20.11,3,1,1,2,3,168,814,1682,358,3368,5494,9632,5266,108,2400,,240,1297,320,,t3_finalstring
standard,30,r3,red,mid,法師,gambler,standard,1,2,3,0,14610,11396,10021,431.5,13.07,21.66,,2,0,1,1,2,744,820,622,1991,3004,5370,7122,5266,696,,,840,,320,,t3_psyward
standard,30,r4,red,adc,射手,shengyan,standard,1,8,2,2,28485,10190,12405,534.1,11.09,17.22,21.16,3,0,1,2,3,991,74,2654,605,3151,5874,9554,5266,728,1920,480,840,,320,,t3_shieldbreaker|t3_rendspear
standard,30,r5,red,sup,坦克,dadi,standard,1,0,1,2,6873,19716,9960,428.9,8.09,14.36,19.98,3,1,2,3,3,871,251,83,460,3771,6151,8983,5266,219,,480,440,,320,2256,t3_calmveil|t3_thornmail
standard,31,b1,blue,top,坦克,dadi,standard,1,1,0,0,11373,21863,8044,358.8,11.31,18.98,,2,0,1,2,2,1172,176,420,753,2802,5026,6370,5266,352,480,,80,,192,,t3_calmveil|t3_thornmail
standard,31,b2,blue,jungle,刺客,binghe,standard,1,1,4,0,4062,9509,7765,346.4,10.64,19.97,,2,0,1,2,2,1296,510,105,765,3226,5360,6805,5266,96,480,,80,691,192,,t3_finalstring
standard,31,b3,blue,mid,法師,ronghuo,standard,1,2,2,0,12805,12511,9071,404.6,12.73,20.45,,2,0,1,1,2,888,298,1216,270,3148,5628,7716,5266,698,480,,1080,,192,,t3_psyward
standard,31,b4,blue,adc,射手,mirrorshot,standard,1,2,1,1,17404,11530,9426,420.5,11.45,18.36,,2,0,1,2,2,962,238,136,846,3122,5618,7816,5266,544,480,240,1080,14,192,,t3_shieldbreaker|t3_rendspear
standard,31,b5,blue,sup,坦克,thornwall,standard,1,1,1,0,5299,16165,9725,433.8,8.6,15.24,21.2,3,1,1,2,3,932,626,1136,345,3832,5976,8376,5266,101,480,,80,,192,2256,t3_calmveil|t3_thornmail
standard,31,r1,red,top,坦克,dadi,standard,0,3,1,0,11904,19230,8764,391,9.94,17.55,22.19,3,1,1,2,3,204,556,744,113,3154,5106,8034,5266,736,1440,,400,,192,,t3_calmveil|t3_thornmail
standard,31,r2,red,jungle,刺客,binghe,standard,0,2,3,0,7116,10879,8501,379.2,9.22,18.19,,2,1,1,2,2,635,878,83,1021,3835,5858,7563,5266,176,960,,,969,192,,t3_finalstring
standard,31,r3,red,mid,法師,ronghuo,standard,0,1,3,0,16799,12337,7663,341.8,13.5,,,1,0,1,1,1,838,698,496,1162,3098,4548,6996,5266,658,480,,400,,192,,t3_psyward
standard,31,r4,red,adc,射手,mirrorshot,standard,0,2,0,3,12922,11234,9772,435.9,11.03,19.47,,2,0,1,2,2,890,938,42,1191,3050,5418,7842,5266,904,480,600,400,,192,,t3_shieldbreaker|t3_rendspear
standard,31,r5,red,sup,坦克,thornwall,standard,0,0,0,2,5216,17481,9169,409,8.49,16.38,21.66,3,1,1,2,3,147,450,984,88,3747,5800,8224,5266,149,,360,,,192,2256,t3_calmveil|t3_thornmail
standard,32,b1,blue,top,坦克,tixue,standard,0,2,3,1,9521,28064,8783,360.1,9.93,18.92,,2,1,1,2,2,108,412,100,1152,3058,4562,6850,5266,640,480,,400,,64,,t3_calmveil|t3_thornmail
standard,32,b2,blue,jungle,刺客,jueying,standard,0,2,4,0,8910,14609,8865,363.4,10.67,19.26,,2,0,1,2,2,1658,110,107,784,3588,5690,7357,5266,405,960,,,662,64,,t3_finalstring
standard,32,b3,blue,mid,法師,gambler,standard,0,1,4,1,13608,15083,8367,343,12.57,21.58,,2,0,1,1,2,1086,268,426,336,3346,4818,6626,5266,656,,240,400,,64,,t3_psyward
standard,32,b4,blue,adc,射手,hanbing,standard,0,3,6,0,15525,11922,8959,367.3,11.92,20.83,,2,0,1,1,2,802,166,738,58,2962,4466,6418,5266,608,480,,,,64,,t3_shieldbreaker|t3_rendspear
standard,32,b5,blue,sup,輔助,xuemai,standard,0,0,3,1,6012,18327,9548,391.4,6.89,14.41,20.29,3,1,2,2,3,341,421,921,507,3741,5821,7951,5266,410,,,400,,64,1810,t3_calmveil
standard,32,r1,red,top,坦克,tixue,standard,1,1,1,0,12875,24378,9583,392.9,10.33,16.76,23.15,3,0,1,2,3,1644,110,244,132,3234,5410,7474,5266,784,,,1040,,384,,t3_calmveil|t3_thornmail
standard,32,r2,red,jungle,刺客,jueying,standard,1,4,0,2,11169,11603,11651,477.7,9.09,17.4,22.37,3,1,1,2,3,312,812,814,1051,3512,6092,9144,5266,208,1440,480,240,1126,384,,t3_finalstring
standard,32,r3,red,mid,法師,gambler,standard,1,2,3,0,18178,12844,9343,383,12.56,21.86,,2,0,1,1,2,942,524,538,1492,3202,5074,6738,5266,848,,,240,,384,,t3_psyward
standard,32,r4,red,adc,射手,hanbing,standard,1,11,3,2,33012,10735,13679,560.8,12.18,19.09,21.83,3,0,1,2,3,826,178,284,1878,2986,4778,8234,5266,424,1920,,240,,384,,t3_shieldbreaker|t3_rendspear
standard,32,r5,red,sup,輔助,xuemai,standard,1,2,1,3,6246,13559,11993,491.7,6.63,12.71,17.4,4,1,2,3,4,499,433,900,542,3899,6683,9940,5266,200,960,240,640,,384,2250,t3_calmveil
standard,33,b1,blue,top,坦克,stoneguard,standard,0,1,2,0,8921,23009,7127,325.7,10.76,18.44,,2,0,1,2,2,1308,272,474,97,2898,4722,6604,5266,458,480,,400,,0,,t3_calmveil|t3_thornmail
standard,33,b2,blue,jungle,刺客,anye,standard,0,0,4,0,4607,9135,7305,333.8,10.74,18.91,,2,0,1,2,2,1263,285,680,524,3193,4915,6680,5266,464,,,,949,0,,t3_finalstring
standard,33,b3,blue,mid,法師,ronghuo,standard,0,1,3,0,11984,12885,7364,336.5,13.1,21.35,,2,0,1,1,2,798,76,916,714,3058,4506,6426,5266,680,480,,,,0,,t3_psyward
standard,33,b4,blue,adc,射手,tianfa,standard,0,0,1,2,12642,11978,6760,308.9,12.46,20.13,,2,0,1,1,2,706,72,1088,510,2866,4322,6238,5266,480,,480,,12,0,,t3_shieldbreaker|t3_rendspear
standard,33,b5,blue,sup,輔助,fengshen,standard,0,0,1,0,3185,11213,9233,421.9,8.15,14.16,19.71,3,1,2,3,3,379,439,320,192,3779,6139,8480,5266,157,,,800,,0,2256,t3_calmveil
standard,33,r1,red,top,坦克,stoneguard,standard,1,4,0,0,13408,20607,10039,458.8,9.7,12.44,19.13,3,1,2,3,3,136,238,822,709,3986,6868,9372,5266,682,1920,,1040,,464,,t3_calmveil|t3_thornmail
standard,33,r2,red,jungle,刺客,anye,standard,1,4,0,1,10926,10259,10789,493,7.93,15.79,21.39,3,1,1,2,3,138,826,1562,358,4288,6406,9292,5266,402,1440,240,240,1239,464,,t3_finalstring
standard,33,r3,red,mid,法師,ronghuo,standard,1,0,0,1,13341,11205,7402,338.2,12.08,,,1,0,1,1,1,830,358,505,901,3090,4908,6735,5266,525,,240,240,,464,,t3_psyward
standard,33,r4,red,adc,射手,tianfa,standard,1,3,1,1,12365,8924,9471,432.8,11.38,19.12,,2,0,1,2,2,906,248,1324,571,3066,5028,8324,5266,754,960,240,640,,464,,t3_shieldbreaker|t3_rendspear
standard,33,r5,red,sup,輔助,fengshen,standard,1,0,1,1,4052,11124,9464,432.5,8.81,13.84,20.39,3,1,2,2,3,687,479,928,884,3787,6179,7958,5266,130,,,240,,384,1937,t3_calmveil
standard,34,b1,blue,top,坦克,thornwall,standard,0,0,2,0,7147,12550,5522,294.5,10.91,,,1,0,1,,1,1364,848,,122,2994,4498,,,,,,,,,,t3_calmveil|t3_thornmail
standard,34,b2,blue,jungle,刺客,wuxing,standard,0,1,2,0,2381,7934,6437,343.3,10.26,,,1,0,1,,1,1248,387,,1107,3178,5237,,,,,,,,,,t3_finalstring
standard,34,b3,blue,mid,法師,gambler,standard,0,2,1,0,11505,11209,7266,387.5,12.6,,,1,0,1,,1,958,180,,766,3218,5330,,,,,,,,,,t3_psyward
standard,34,b4,blue,adc,射手,dawnstrike,standard,0,2,1,1,9168,8195,7010,373.9,11.59,,,1,0,1,,1,826,294,,1210,2986,5074,,,,,,,,,,t3_shieldbreaker|t3_rendspear
standard,34,b5,blue,sup,坦克,suishan,standard,0,0,3,1,3154,12486,7411,395.3,7.75,17.81,,2,1,1,,2,887,365,,611,3787,5715,,,,,,,,,,t3_calmveil|t3_thornmail
standard,34,r1,red,top,坦克,thornwall,standard,1,1,1,1,5756,12666,7285,388.5,11.15,17.02,,2,0,1,,2,1460,318,,1334,3090,5468,,,,,,,,,,t3_calmveil|t3_thornmail
standard,34,r2,red,jungle,刺客,wuxing,standard,1,5,2,0,6526,7827,9220,491.7,9.21,16.65,,2,1,1,,2,253,971,,1089,3453,5821,,,,,,,,,,t3_finalstring
standard,34,r3,red,mid,法師,gambler,standard,1,1,1,0,12362,9114,7389,394.1,12.05,,,1,0,1,,1,1022,330,,1188,3282,5180,,,,,,,,,,t3_psyward
standard,34,r4,red,adc,射手,dawnstrike,standard,1,1,1,2,8771,7536,7074,377.3,11.42,,,1,0,1,,1,922,278,,1274,3082,5178,,,,,,,,,,t3_shieldbreaker|t3_rendspear
standard,34,r5,red,sup,坦克,suishan,standard,1,1,0,4,6140,13271,9630,513.6,8.48,13.2,18.73,3,1,2,,3,291,41,,129,3891,6701,,,,,,,,,,t3_calmveil|t3_thornmail
standard,35,b1,blue,top,戰士,ravager,standard,0,4,11,1,18572,64862,14537,369.4,11.35,18.23,26.3,4,0,1,2,4,880,70,344,1236,2930,4770,7244,5266,458,480,240,800,,0,,t3_shieldbreaker|t3_finalstring
standard,35,b2,blue,jungle,刺客,voidrift,standard,0,0,13,0,8285,24905,12436,316,11.03,21.68,30.88,3,0,1,1,3,1073,702,653,1356,3003,4552,6233,5266,202,,,,764,0,,t3_finalstring
standard,35,b3,blue,mid,法師,ronghuo,standard,0,12,15,2,45424,30576,18806,477.9,13.02,19.75,28.32,5,0,1,2,5,702,452,192,2656,2962,4602,6842,5266,656,,120,800,,0,,t3_psyward
standard,35,b4,blue,adc,射手,yanfeng,standard,0,27,13,2,156235,24254,25996,660.6,11.36,18.09,21.13,5,0,1,2,5,922,238,736,10395,3082,5018,9316,5266,690,1920,240,1200,,0,,t3_shieldbreaker|t3_rendspear
standard,35,b5,blue,sup,輔助,shengming,standard,0,0,9,2,14258,36816,13169,334.7,7.35,14.04,21.46,4,1,2,2,4,419,159,559,1719,3819,5859,7589,5266,136,,120,,,0,2066,t3_calmveil
standard,35,r1,red,top,戰士,ravager,standard,1,10,9,0,21494,54702,17801,452.4,10.06,17,21.18,5,0,1,2,5,1840,762,522,2500,3890,6242,9122,5266,544,2400,,400,,512,,t3_shieldbreaker|t3_finalstring
standard,35,r2,red,jungle,刺客,voidrift,standard,1,4,7,1,20275,27647,16508,419.5,10.11,18.31,27.38,5,0,1,2,5,1582,515,483,1257,3512,5615,8033,5266,224,480,240,400,1071,352,,t3_finalstring
standard,35,r3,red,mid,法師,ronghuo,standard,1,18,13,1,57374,28858,22236,565.1,12.16,20.48,23.63,5,0,1,1,5,942,208,1102,6085,3202,5538,7602,5266,784,,240,800,,512,,t3_psyward
standard,35,r4,red,adc,射手,yanfeng,standard,1,27,11,0,151638,22203,26428,671.6,10.79,19.83,22.7,5,0,1,2,5,1114,422,100,10827,3274,5202,8650,5266,832,1440,,600,,512,,t3_shieldbreaker|t3_rendspear
standard,35,r5,red,sup,輔助,shengming,standard,1,2,3,9,24968,26969,18064,459.1,7.83,14.38,20.41,5,1,2,2,5,499,251,1509,4863,3899,6131,8539,5266,176,,240,600,,352,1905,t3_calmveil
standard,36,b1,blue,top,戰士,dadi2,standard,0,1,4,0,10119,23344,7591,339.5,11.48,17.64,,2,0,1,2,2,1018,922,430,210,3068,4972,6860,5266,570,480,,400,,144,,t3_shieldbreaker|t3_finalstring
standard,36,b2,blue,jungle,刺客,jingxiang,standard,0,0,2,0,5262,11199,6889,308.1,11.26,,,1,0,1,1,1,1161,250,589,1309,3091,4700,6169,5266,138,,,,620,144,,t3_finalstring
standard,36,b3,blue,mid,法師,haixiao,standard,0,0,4,0,14911,12150,7196,321.9,13.01,,,1,0,1,1,1,942,32,366,1416,3202,4642,6146,5266,736,,,,,144,,t3_psyward
standard,36,b4,blue,adc,射手,siwang,standard,0,3,2,0,11203,13193,8908,398.4,10.85,19.93,,2,0,1,2,2,1026,294,94,758,3186,4594,7314,5266,624,480,,800,,144,,t3_shieldbreaker|t3_rendspear
standard,36,b5,blue,sup,輔助,mingyun,standard,0,0,3,2,8035,18166,8699,389.1,6.7,15.88,21.34,3,1,1,2,3,169,1195,778,238,3869,6045,7808,5266,170,,240,,,64,2067,t3_calmveil
standard,36,r1,red,top,戰士,dadi2,standard,1,5,0,1,14982,21882,10564,472.5,9.75,17.89,21.4,3,1,1,2,3,84,258,690,484,3234,5738,9290,5266,784,1920,120,880,,320,,t3_shieldbreaker|t3_finalstring
standard,36,r2,red,jungle,刺客,jingxiang,standard,1,2,1,0,9286,11005,9603,429.5,9.9,16.77,,2,1,1,2,2,120,1174,454,1272,3320,6104,8184,5266,288,480,,480,1350,320,,t3_finalstring
standard,36,r3,red,mid,法師,haixiao,standard,1,4,0,1,18061,11668,9820,439.2,11.36,19.58,,2,0,1,2,2,878,764,200,420,3138,5794,8530,5266,784,1440,240,480,,320,,t3_psyward
standard,36,r4,red,adc,射手,siwang,standard,1,3,3,2,13794,8825,9180,410.6,11.51,20.52,,2,0,1,1,2,642,166,1746,930,2802,4946,7426,5266,400,480,480,480,,320,,t3_shieldbreaker|t3_rendspear
standard,36,r5,red,sup,輔助,mingyun,standard,1,1,0,2,7061,12160,10497,469.5,7.65,13.31,17.83,3,1,2,3,3,1231,947,615,1457,3731,6347,9655,5266,144,480,360,880,,320,2205,t3_calmveil
standard,37,b1,blue,top,戰士,ronggang,standard,1,0,0,1,6076,13623,6462,368.7,10.33,,,1,0,1,,1,1040,325,,932,3090,5255,,,,,,,,,,t3_shieldbreaker|t3_finalstring
standard,37,b2,blue,jungle,刺客,guihuo,standard,1,1,2,1,4465,7236,6818,389,10.78,,,1,0,1,,1,1397,247,,1237,3327,5227,,,,,,,,,,t3_finalstring
standard,37,b3,blue,mid,法師,leiming,standard,1,2,0,0,10754,8718,7902,450.9,11.31,,,1,0,1,,1,830,185,,1402,3090,5335,,,,,,,,,,t3_psyward
standard,37,b4,blue,adc,射手,maestro,standard,1,0,1,1,9817,6420,6218,354.8,10.63,,,1,0,1,,1,882,327,,838,3042,5107,,,,,,,,,,t3_shieldbreaker|t3_rendspear
standard,37,b5,blue,sup,坦克,suishan,standard,1,2,0,1,4127,12016,9813,559.9,7.93,13.43,17.33,3,1,2,,3,227,591,,312,3827,7371,,,,,,,,,,t3_calmveil|t3_thornmail
standard,37,r1,red,top,戰士,ronggang,standard,0,0,0,0,5942,14940,5905,336.9,10.42,,,1,0,1,,1,1104,476,,374,3154,4626,,,,,,,,,,t3_shieldbreaker|t3_finalstring
standard,37,r2,red,jungle,刺客,guihuo,standard,0,1,3,1,6119,10040,6508,371.4,9.88,,,1,1,1,,1,147,384,,878,3347,5714,,,,,,,,,,t3_finalstring
standard,37,r3,red,mid,法師,leiming,standard,0,0,2,0,10681,9050,5345,305,13.37,,,1,0,1,,1,702,552,,314,2962,4402,,,,,,,,,,t3_psyward
standard,37,r4,red,adc,射手,maestro,standard,0,0,0,1,6878,6511,6017,343.3,10.53,,,1,0,1,,1,1074,594,,636,3234,5074,,,,,,,,,,t3_shieldbreaker|t3_rendspear
standard,37,r5,red,sup,坦克,suishan,standard,0,2,0,0,3342,13231,7693,439,8.5,14.32,,2,1,2,,2,211,335,,592,3811,6235,,,,,,,,,,t3_calmveil|t3_thornmail
standard,38,b1,blue,top,戰士,jingci,standard,1,2,3,0,10863,21978,8378,401.2,12.18,17.86,,2,0,1,2,2,944,286,350,928,2994,5036,7500,5266,378,480,,960,,416,,t3_shieldbreaker|t3_finalstring
standard,38,b2,blue,jungle,戰士,fengbao,standard,1,3,1,0,7938,13477,8586,411.2,10.15,17.79,,2,0,1,2,2,1237,710,608,286,3237,5110,7708,5266,202,960,,160,864,256,,t3_shieldbreaker|t3_finalstring
standard,38,b3,blue,mid,法師,haixiao,standard,1,0,3,0,13644,11311,7272,348.2,12.86,,,1,0,1,1,1,718,256,374,771,2978,5106,6874,5266,432,,,760,,416,,t3_psyward
standard,38,b4,blue,adc,射手,liuxing,standard,1,3,2,3,14369,10178,9434,451.8,11.04,18.58,,2,0,1,2,2,1034,252,246,884,3194,4852,8796,5266,634,1440,480,560,,416,,t3_shieldbreaker|t3_rendspear
standard,38,b5,blue,sup,坦克,tieshixin,standard,1,1,0,0,5013,13930,9751,466.9,8.46,15.15,19.22,3,1,1,3,3,951,725,423,371,3851,6075,9323,5266,144,480,,760,,416,2256,t3_calmveil|t3_thornmail
standard,38,r1,red,top,戰士,jingci,standard,0,2,1,1,10515,22578,8098,387.8,10.91,19.31,,2,0,1,2,2,944,236,290,648,2994,4866,7740,5266,650,960,,800,,64,,t3_shieldbreaker|t3_finalstring
standard,38,r2,red,jungle,戰士,fengbao,standard,0,0,2,1,9141,12729,7263,347.8,9.8,20.15,,2,1,1,1,2,181,437,1430,463,3281,5137,6910,5266,264,,240,,1076,64,,t3_shieldbreaker|t3_finalstring
standard,38,r3,red,mid,法師,haixiao,standard,0,3,3,1,16110,11631,8765,419.7,12.78,19.64,,2,0,1,2,2,760,1226,277,915,3020,5076,8127,5266,717,1440,240,400,,64,,t3_psyward
standard,38,r4,red,adc,射手,liuxing,standard,0,4,2,1,14282,9136,8730,418.1,12.31,20.07,,2,0,1,1,2,786,706,1372,180,2946,4706,7052,5266,602,480,240,400,,64,,t3_shieldbreaker|t3_rendspear
standard,38,r5,red,sup,坦克,tieshixin,standard,0,0,1,2,5346,16985,9220,441.5,9.9,15,19.99,3,1,2,3,3,160,268,160,139,3760,6168,8760,5266,133,,240,800,,64,2256,t3_calmveil|t3_thornmail
standard,39,b1,blue,top,戰士,longyi,standard,1,2,4,0,14013,28925,9263,390.7,10.45,19.17,,2,0,1,2,2,1072,270,906,663,3122,5450,7706,5266,672,960,,680,,128,,t3_shieldbreaker|t3_finalstring
standard,39,b2,blue,jungle,戰士,ronggang,standard,1,0,2,2,9078,15219,8806,371.4,10.13,17.63,,2,0,1,2,2,1665,528,140,555,3665,5958,7490,5266,232,,480,280,1024,208,,t3_shieldbreaker|t3_finalstring
standard,39,b3,blue,mid,法師,leiming,standard,1,7,5,0,18696,15970,11575,488.2,11.43,17.69,23.18,3,0,1,2,3,1422,380,528,1025,3682,6130,8978,5266,704,1920,,880,,208,,t3_psyward
standard,39,b4,blue,adc,射手,guangsu,standard,1,10,5,1,22611,11522,12575,530.4,11.35,18.52,22.78,3,0,1,2,3,1322,270,704,775,3002,4570,8954,5266,360,2400,240,480,,208,,t3_shieldbreaker|t3_rendspear
standard,39,b5,blue,sup,輔助,shiguang,standard,1,0,1,1,7039,17036,9409,396.9,8.44,13.83,20.31,3,1,2,2,3,759,187,746,748,3859,6067,7776,5266,176,,240,80,,208,1806,t3_calmveil
standard,39,r1,red,top,戰士,longyi,standard,0,3,3,0,12345,25262,8967,378.2,11.97,19.19,,2,0,1,2,2,912,286,294,367,2962,4866,7394,5266,512,960,,400,,256,,t3_shieldbreaker|t3_finalstring
standard,39,r2,red,jungle,戰士,ronggang,standard,0,5,1,1,17776,17388,10951,461.9,9.8,17.23,21.88,3,1,1,2,3,184,741,545,921,3934,6171,8495,5266,181,1440,120,,1231,256,,t3_shieldbreaker|t3_finalstring
standard,39,r3,red,mid,法師,leiming,standard,0,1,6,1,15249,14318,8594,362.5,12.47,22.78,,2,0,1,1,2,984,214,404,263,3244,4764,6604,5266,842,,240,,,256,,t3_psyward
standard,39,r4,red,adc,射手,guangsu,standard,0,8,8,0,20998,11697,11330,477.9,11.35,19.53,23.18,3,0,1,2,3,796,240,760,849,2956,4540,8380,5266,538,1920,,400,,256,,t3_shieldbreaker|t3_rendspear
standard,39,r5,red,sup,輔助,shiguang,standard,0,0,1,3,6487,16358,9819,414.2,6.98,13.82,20.15,3,1,2,2,3,1572,208,1264,589,4072,6088,8294,5266,197,,600,,,256,1974,t3_calmveil
standard,40,b1,blue,top,戰士,chichuan,standard,0,1,4,0,9688,21710,7842,348.5,10.88,19.57,,2,0,1,2,2,872,944,320,392,2922,5274,7170,5266,496,480,,800,,128,,t3_shieldbreaker|t3_finalstring
standard,40,b2,blue,jungle,戰士,kuangfeng,standard,0,0,2,2,8686,15358,7507,333.6,10.53,20.8,,2,0,1,1,2,1107,446,1028,706,3107,4726,6508,5266,258,,240,,615,128,,t3_shieldbreaker|t3_finalstring
standard,40,b3,blue,mid,法師,haixiao,standard,0,1,3,0,17607,14098,8450,375.6,12.28,21.57,,2,0,1,1,2,894,316,766,900,3154,5346,7266,5266,1072,,,800,,128,,t3_psyward
standard,40,b4,blue,adc,射手,mori,standard,0,4,4,0,12316,9791,8487,377.2,11.48,20.66,,2,0,1,1,2,674,219,1175,537,2834,4999,6855,5266,472,960,,,28,128,,t3_shieldbreaker|t3_rendspear
standard,40,b5,blue,sup,坦克,tixue,standard,0,1,3,0,5116,19067,9942,441.9,9.97,14.98,19.57,3,1,2,3,3,243,128,257,141,3843,6328,9157,5266,197,480,,800,28,128,2256,t3_calmveil|t3_thornmail
standard,40,r1,red,top,戰士,chichuan,standard,1,9,0,0,11466,21946,12134,539.3,10.48,17.68,21.1,3,0,1,2,3,950,454,883,683,3000,5384,9533,5266,624,2880,,400,22,341,,t3_shieldbreaker|t3_finalstring
standard,40,r2,red,jungle,戰士,kuangfeng,standard,1,1,1,5,11244,13225,9804,435.7,10.03,17.88,,2,0,1,2,2,1155,904,593,1204,3155,5604,7993,5266,344,480,480,400,681,341,,t3_shieldbreaker|t3_finalstring
standard,40,r3,red,mid,法師,haixiao,standard,1,0,1,4,14810,11595,8602,382.3,12.2,20.57,,2,0,1,1,2,840,458,1086,452,3100,5308,7586,5266,858,,720,400,,341,,t3_psyward
standard,40,r4,red,adc,射手,mori,standard,1,6,4,0,21012,9782,10450,464.5,12.05,19.63,,2,0,1,2,2,802,326,154,1900,2962,5106,7154,5266,480,480,,800,,128,,t3_shieldbreaker|t3_rendspear
standard,40,r5,red,sup,坦克,tixue,standard,1,0,1,2,5228,17283,9852,437.9,9.48,15.48,20.73,3,1,1,2,3,844,741,1187,351,3744,6091,8427,5266,93,,240,400,43,128,2256,t3_calmveil|t3_thornmail
standard,41,b1,blue,top,戰士,xueyue,standard,0,1,1,0,12624,21788,7304,341.5,10.43,20.29,,2,0,1,1,2,992,396,1368,154,3042,4546,6898,5266,624,480,,400,,128,,t3_shieldbreaker|t3_finalstring
standard,41,b2,blue,jungle,戰士,longyi,standard,0,2,2,0,9162,18471,8259,386.1,9.78,17.24,,2,1,1,2,2,257,462,184,558,3357,5942,7884,5266,352,960,,400,778,128,,t3_shieldbreaker|t3_finalstring
standard,41,b3,blue,mid,法師,leiming,standard,0,2,2,2,15153,13408,8200,383.3,12.49,20.97,,2,0,1,1,2,878,212,846,170,3138,4762,7346,5266,712,480,360,400,,128,,t3_psyward
standard,41,b4,blue,adc,射手,leiting,standard,0,2,5,0,14530,10216,8224,384.5,10.38,20.05,,2,0,1,1,2,1098,254,1690,274,3258,5034,7370,5266,696,480,,800,,128,,t3_shieldbreaker|t3_rendspear
standard,41,b5,blue,sup,坦克,ironclad,standard,0,0,2,3,5718,16584,9330,436.1,8.19,14.57,19.64,3,1,2,3,3,1015,295,355,829,3915,6195,8555,5266,144,,360,400,,128,2256,t3_calmveil|t3_thornmail
standard,41,r1,red,top,戰士,xueyue,standard,1,2,1,0,17049,22764,8702,406.8,10.12,18.48,,2,0,1,2,2,1253,213,437,351,3303,5143,7287,5266,949,480,,240,,352,,t3_shieldbreaker|t3_finalstring
standard,41,r2,red,jungle,戰士,longyi,standard,1,2,1,0,7485,14438,8989,420.2,9.62,18.56,,2,1,1,2,2,369,743,454,388,3469,5623,8454,5266,197,960,,240,1332,458,,t3_shieldbreaker|t3_finalstring
standard,41,r3,red,mid,法師,leiming,standard,1,3,2,1,19647,11136,9576,447.7,12.11,18.49,,2,0,1,2,2,691,104,1012,1076,2951,5554,8562,5266,597,960,240,1040,,458,,t3_psyward
standard,41,r4,red,adc,射手,leiting,standard,1,4,2,0,12984,8216,9936,464.5,11.14,18.77,,2,0,1,2,2,1082,434,372,1036,3242,5514,8922,5266,824,1440,,1040,,352,,t3_shieldbreaker|t3_rendspear
standard,41,r5,red,sup,坦克,ironclad,standard,1,1,1,1,4288,16001,9564,447.1,9.11,14.85,20.86,3,1,2,2,3,839,265,1629,484,3739,6165,8869,5266,88,480,240,240,,298,2256,t3_calmveil|t3_thornmail
standard,42,b1,blue,top,戰士,fengbao,standard,0,1,1,1,10391,21855,7579,349.3,10.32,18.64,,2,0,1,2,2,1072,266,222,379,3122,5266,7122,5266,672,480,240,400,,64,,t3_shieldbreaker|t3_finalstring
standard,42,b2,blue,jungle,戰士,ravager,standard,0,0,1,0,8417,15568,6719,309.6,10.17,,,1,0,1,1,1,1170,701,625,1168,3170,4751,6175,5266,282,,,,562,64,,t3_shieldbreaker|t3_finalstring
standard,42,b3,blue,mid,法師,mingyun2,standard,0,1,4,0,13903,13232,7310,336.9,12.33,20.18,,2,0,1,1,2,1032,264,1456,659,3292,5164,6836,5266,826,480,,200,,64,,t3_psyward
standard,42,b4,blue,adc,射手,liangzi,standard,0,4,1,1,8586,10865,8459,389.8,12.32,19.22,,2,0,1,2,2,850,408,952,359,3010,4658,7522,5266,512,1440,240,,,64,,t3_shieldbreaker|t3_rendspear
standard,42,b5,blue,sup,輔助,huanjing,standard,0,1,2,0,7411,15504,9374,432,7.38,13.38,19.85,3,1,2,3,3,437,389,309,914,3837,6269,8469,5266,266,480,,600,,64,1792,t3_calmveil
standard,42,r1,red,top,戰士,fengbao,standard,1,3,0,0,12401,21933,9684,446.3,9.48,17.69,,2,1,1,2,2,444,594,1302,1083,3594,6074,9002,5266,706,1440,,1120,22,448,,t3_shieldbreaker|t3_finalstring
standard,42,r2,red,jungle,戰士,ravager,standard,1,3,1,1,13249,14243,9745,449.1,9.59,15.85,,2,1,1,2,2,235,1646,727,1195,3335,6776,8977,5266,325,1440,120,320,1218,288,,t3_shieldbreaker|t3_finalstring
standard,42,r3,red,mid,法師,mingyun2,standard,1,2,3,3,15570,12304,8630,397.7,11.98,19.33,,2,0,1,2,2,1024,164,398,299,3284,5764,7948,5266,754,960,360,320,,288,,t3_psyward
standard,42,r4,red,adc,射手,liangzi,standard,1,1,2,0,13490,8202,8443,389.1,11.48,19.9,,2,0,1,2,2,738,282,30,493,2898,4882,7330,5266,576,480,,720,,288,,t3_shieldbreaker|t3_rendspear
standard,42,r5,red,sup,輔助,huanjing,standard,1,0,1,3,4798,11243,9395,433,7.01,13.73,19.47,3,1,2,3,3,371,364,234,645,3771,6544,8714,5266,165,,480,320,,288,2194,t3_calmveil
standard,43,b1,blue,top,戰士,rongyan,standard,0,0,1,0,7811,20970,6169,302.7,11.28,,,1,0,1,1,1,832,190,466,569,2882,4290,6066,5266,400,,,400,,0,,t3_shieldbreaker|t3_finalstring
standard,43,b2,blue,jungle,戰士,dushe,standard,0,0,1,0,6906,15085,6688,328.1,9.98,,,1,1,1,1,1,108,563,1039,1258,3208,4913,6469,5266,424,,,,779,0,,t3_shieldbreaker|t3_finalstring
standard,43,b3,blue,mid,法師,bingshuang,standard,0,0,4,0,10590,11730,6409,314.4,13.67,,,1,0,1,1,1,734,332,526,1029,2994,4482,5906,5266,640,,,,,0,,t3_psyward
standard,43,b4,blue,adc,射手,shengyan,standard,0,0,4,0,7428,8606,6193,303.8,12.26,,,1,0,1,1,1,738,274,290,393,2898,4274,6090,5266,424,,,400,,0,,t3_shieldbreaker|t3_rendspear
standard,43,b5,blue,sup,輔助,zhanchang,standard,0,0,0,0,4374,12369,7848,385,8.65,14.51,,2,1,2,2,2,95,331,715,818,3795,5731,7745,5266,160,,,400,,0,1919,t3_calmveil
standard,43,r1,red,top,戰士,rongyan,standard,1,2,0,0,10554,17786,8169,400.8,10.98,19.73,,2,0,1,2,2,896,174,190,169,2946,4754,7890,5266,496,960,,720,,448,,t3_shieldbreaker|t3_finalstring
standard,43,r2,red,jungle,戰士,dushe,standard,1,2,0,0,5800,9311,8459,415,9.95,18.02,,2,1,1,2,2,208,854,846,1109,3308,5984,8196,5266,112,960,,520,889,448,,t3_shieldbreaker|t3_finalstring
standard,43,r3,red,mid,法師,bingshuang,standard,1,1,0,1,10941,9663,8481,416.1,13.29,18.43,,2,0,1,2,2,846,60,652,451,3106,5210,8202,5266,848,480,240,920,,448,,t3_psyward
standard,43,r4,red,adc,射手,shengyan,standard,1,5,0,1,17816,8301,10161,498.5,11.24,17.33,,2,0,1,2,2,818,102,998,1261,2978,4882,9898,5266,544,2400,120,1120,,448,,t3_shieldbreaker|t3_rendspear
standard,43,r5,red,sup,輔助,zhanchang,standard,1,0,0,3,9090,11577,9406,461.5,7.68,12.63,18.37,3,1,2,3,3,1343,217,887,1226,3843,6467,9067,5266,176,,600,320,,448,2256,t3_calmveil
standard,44,b1,blue,top,戰士,embercoil,standard,0,0,2,0,12323,20999,7289,327.3,11.78,21.78,,2,0,1,1,2,954,298,1117,438,3004,4748,6647,5266,485,,,640,,256,,t3_shieldbreaker|t3_finalstring
standard,44,b2,blue,jungle,戰士,jufeng,standard,0,2,2,0,6116,13416,8263,371.1,10.38,20.22,,2,0,1,1,2,1148,362,1617,563,3148,5062,7097,5266,106,480,,240,748,256,,t3_shieldbreaker|t3_finalstring
standard,44,b3,blue,mid,法師,mingyun2,standard,0,0,4,0,12523,12761,7460,335,12.38,,,1,0,1,1,1,750,396,234,959,3010,4946,6434,5266,672,,,240,,256,,t3_psyward
standard,44,b4,blue,adc,射手,mirrorshot,standard,0,3,6,1,13532,10402,8822,396.2,10.89,20.15,,2,0,1,1,2,828,496,956,872,2988,4796,6636,5266,474,,,640,,256,,t3_shieldbreaker|t3_rendspear
standard,44,b5,blue,sup,坦克,thornwall,standard,0,0,1,1,5799,18001,8713,391.3,8.33,14.75,,2,1,2,2,2,275,263,679,1472,3875,6163,7919,5266,181,,,240,,256,1975,t3_calmveil|t3_thornmail
standard,44,r1,red,top,戰士,embercoil,standard,1,3,1,1,13249,22809,9022,405.2,11.19,19.77,,2,0,1,2,2,882,166,258,972,2932,4916,7108,5266,386,480,240,480,,256,,t3_shieldbreaker|t3_finalstring
standard,44,r2,red,jungle,戰士,jufeng,standard,1,3,1,0,8147,12310,9703,435.8,9.69,19.7,,2,1,1,2,2,448,1364,119,1103,3548,5164,8719,5266,277,1440,,280,1200,256,,t3_shieldbreaker|t3_finalstring
standard,44,r3,red,mid,法師,mingyun2,standard,1,3,2,1,15136,11757,9046,406.3,13.16,20.68,,2,0,1,1,2,766,460,1168,1196,3026,5010,7668,5266,666,960,240,280,,256,,t3_psyward
standard,44,r4,red,adc,射手,mirrorshot,standard,1,5,1,2,14871,9156,10097,453.5,10.66,19.48,,2,0,1,2,2,1532,104,311,1196,3212,5484,7631,5266,589,960,480,80,,256,,t3_shieldbreaker|t3_rendspear
standard,44,r5,red,sup,坦克,thornwall,standard,1,1,0,1,6881,16046,10925,490.6,9.25,13.55,19.5,3,1,2,3,3,399,831,407,944,4299,6731,9907,5266,128,480,240,1280,,256,2256,t3_calmveil|t3_thornmail
standard,45,b1,blue,top,戰士,cinderfist,standard,0,0,2,0,9953,25361,6873,320.7,11.34,21.06,,2,0,1,1,2,848,302,887,272,2898,4402,6487,5266,485,,,480,,256,,t3_shieldbreaker|t3_finalstring
standard,45,b2,blue,jungle,戰士,langwang,standard,0,0,3,0,5037,15904,7225,337.1,10.45,19.96,,2,0,1,2,2,1387,320,202,194,3387,4970,6752,5266,256,,,80,894,256,,t3_shieldbreaker|t3_finalstring
standard,45,b3,blue,mid,法師,bingshuang,standard,0,1,2,0,12302,14843,7449,347.5,13.28,19.39,,2,0,1,2,2,814,364,113,218,3074,4514,7063,5266,581,480,,480,,256,,t3_psyward
standard,45,b4,blue,adc,射手,dujian,standard,0,3,0,1,12950,9631,8553,399,11.37,19.14,,2,0,1,2,2,922,202,1267,272,3082,4802,8167,5266,885,1440,240,80,,256,,t3_shieldbreaker|t3_rendspear
standard,45,b5,blue,sup,輔助,xuemai,standard,0,0,0,1,2392,12508,9570,446.5,7.04,14.08,18.18,3,1,2,3,3,403,843,604,529,3803,6243,9184,5266,256,,240,1280,,256,1886,t3_calmveil
standard,45,r1,red,top,戰士,cinderfist,standard,1,2,1,0,10375,21106,8869,413.8,10.55,16.78,,2,0,1,2,2,1008,112,323,568,3058,5592,8323,5266,730,960,,1160,14,192,,t3_shieldbreaker|t3_finalstring
standard,45,r2,red,jungle,戰士,langwang,standard,1,4,0,0,7359,11631,10100,471.3,8.89,18.68,,2,1,1,2,2,494,1526,880,1550,4244,6956,9430,5266,320,1920,,560,1172,192,,t3_shieldbreaker|t3_finalstring
standard,45,r3,red,mid,法師,bingshuang,standard,1,1,2,3,15244,10380,8198,382.5,11.07,20.38,,2,0,1,1,2,1294,166,1152,648,3554,6066,7652,5266,874,480,480,360,,192,,t3_psyward
standard,45,r4,red,adc,射手,dujian,standard,1,0,1,1,20719,9004,7372,343.9,11.61,20.67,,2,0,1,1,2,858,486,1146,371,3018,5266,6826,5266,488,,120,760,,192,,t3_shieldbreaker|t3_rendspear
standard,45,r5,red,sup,輔助,xuemai,standard,1,0,0,3,4298,11048,8946,417.4,7.36,13.01,19.83,3,1,2,3,3,263,711,220,765,3963,6891,8400,5266,242,,600,360,,192,1739,t3_calmveil
standard,46,b1,blue,top,戰士,leimingcf,standard,1,1,3,0,13208,28018,8676,345.3,11.63,19.08,,2,0,1,2,2,1040,466,38,375,3090,4866,7138,5266,736,480,,400,,256,,t3_shieldbreaker|t3_finalstring
standard,46,b2,blue,jungle,戰士,tielian,standard,1,0,4,1,8829,19085,9121,363,10.49,19.43,,2,0,1,2,2,1165,704,302,571,3165,5234,7352,5266,266,,240,400,923,256,,t3_shieldbreaker|t3_finalstring
standard,46,b3,blue,mid,法師,mingyun2,standard,1,3,5,0,20345,15835,10412,414.4,11.63,19.27,,2,0,1,2,2,902,268,444,1011,3162,5418,7994,5266,712,960,,800,,256,,t3_psyward
standard,46,b4,blue,adc,射手,tianfa,standard,1,8,8,1,20086,11913,12175,484.6,11.18,18.83,22.22,3,0,1,2,3,850,158,1096,974,3010,5058,8716,5266,634,1920,240,400,,256,,t3_shieldbreaker|t3_rendspear
standard,46,b5,blue,sup,輔助,fengshen,standard,1,0,4,2,8167,19063,10852,431.9,10.22,13.51,19.08,4,0,2,3,4,1780,227,637,351,3760,6107,8817,5266,114,,480,400,43,256,2256,t3_calmveil
standard,46,r1,red,top,戰士,leimingcf,standard,0,5,0,1,20280,29659,11018,438.5,10.9,18.47,23.74,3,0,1,2,3,912,436,76,218,2962,5616,7776,5266,602,1440,120,133,86,128,,t3_shieldbreaker|t3_finalstring
standard,46,r2,red,jungle,戰士,tielian,standard,0,3,1,4,17197,21166,10715,426.5,9.61,19.08,22.41,3,1,1,2,3,269,268,305,265,3369,5398,7655,5266,272,480,600,133,775,128,,t3_shieldbreaker|t3_finalstring
standard,46,r3,red,mid,法師,mingyun2,standard,0,3,3,2,16272,13577,10447,415.8,13.17,19.91,,2,0,1,2,2,990,942,86,1046,3250,5492,7636,5266,922,960,360,,,128,,t3_psyward
standard,46,r4,red,adc,射手,tianfa,standard,0,12,7,1,32656,13334,14663,583.6,11.63,19.27,21.12,4,0,1,2,4,794,716,682,812,2954,5316,8932,5266,578,1920,240,800,,128,,t3_shieldbreaker|t3_rendspear
standard,46,r5,red,sup,輔助,fengshen,standard,0,1,1,3,4847,13849,10896,433.7,8.43,13.63,18.78,4,1,2,3,4,687,239,564,395,3787,5939,8744,5266,119,480,360,133,,128,2256,t3_calmveil
standard,47,b1,blue,top,戰士,jufeng,standard,0,0,2,0,16210,26327,8174,355.5,10.35,19.57,,2,0,1,2,2,1040,328,448,424,3090,4658,7298,5266,704,,,1200,,128,,t3_shieldbreaker|t3_finalstring
standard,47,b2,blue,jungle,戰士,greymantle,standard,0,1,2,0,8973,17292,7758,337.4,9.87,21.16,,2,1,1,1,2,186,224,1441,657,3286,5404,6921,5266,312,480,,,735,128,,t3_shieldbreaker|t3_finalstring
standard,47,b3,blue,mid,法師,bingshuang,standard,0,2,2,0,13259,13501,8622,375,11.6,21.26,,2,0,1,1,2,910,352,390,292,3170,5202,6890,5266,816,480,,200,,128,,t3_psyward
standard,47,b4,blue,adc,射手,dawnstrike,standard,0,3,3,0,15671,11250,8150,354.5,12.04,20.46,,2,0,1,1,2,842,126,618,530,3002,4906,6298,5266,424,480,,,,128,,t3_shieldbreaker|t3_rendspear
standard,47,b5,blue,sup,坦克,stoneguard,standard,0,0,5,0,6350,19324,10353,450.3,9.82,16.33,20.43,3,1,1,2,3,275,557,1219,372,3875,5907,8459,5266,208,,,600,,128,2256,t3_calmveil|t3_thornmail
standard,47,r1,red,top,戰士,jufeng,standard,1,6,0,0,17992,25050,11125,483.9,11.17,17.27,21.56,3,0,1,2,3,1012,140,344,275,3062,5190,8694,5266,708,1440,,960,,320,,t3_shieldbreaker|t3_finalstring
standard,47,r2,red,jungle,戰士,greymantle,standard,1,5,0,0,11530,15642,10335,449.5,11.32,18.36,21.6,3,0,1,2,3,1143,777,507,435,3143,5477,8807,5266,152,1920,,160,988,320,,t3_shieldbreaker|t3_finalstring
standard,47,r3,red,mid,法師,bingshuang,standard,1,1,3,1,13715,11923,8974,390.3,11.69,21,,2,0,1,1,2,1262,296,1078,174,3522,5626,7578,5266,712,480,240,560,,320,,t3_psyward
standard,47,r4,red,adc,射手,dawnstrike,standard,1,1,2,2,16049,9130,8957,389.6,12.9,21.73,,2,0,1,1,2,830,374,942,1637,2990,4974,6622,5266,475,,,560,,320,,t3_shieldbreaker|t3_rendspear
standard,47,r5,red,sup,坦克,stoneguard,standard,1,1,1,3,8336,16007,10620,461.9,8.32,15.31,20.58,3,1,1,2,3,855,797,1435,1240,3755,6147,8675,5266,192,,480,160,,320,2256,t3_calmveil|t3_thornmail
standard,48,b1,blue,top,戰士,anliuyouXia,standard,1,1,0,0,12165,26753,10062,373.4,11,19.67,26.18,3,0,1,2,3,976,560,104,412,3026,5490,7554,5266,768,480,,720,,320,,t3_shieldbreaker|t3_finalstring
standard,48,b2,blue,jungle,刺客,miwu,standard,1,1,2,0,9864,14262,9651,358.1,11.19,19.58,,2,0,1,2,2,1230,1947,201,1270,3160,5147,7201,5266,152,480,,320,663,320,,t3_finalstring
standard,48,b3,blue,mid,法師,lieyan,standard,1,7,6,0,21375,17552,12097,448.9,12.85,20.6,26.18,3,0,1,1,3,702,300,682,1067,2962,4850,6882,5266,496,480,,320,,320,,t3_psyward
standard,48,b4,blue,adc,射手,yanfeng,standard,1,15,5,0,48041,13311,16230,602.2,11.41,18.84,21.23,4,0,1,2,4,922,190,372,2380,3082,4970,8922,5266,696,1920,,720,,320,,t3_shieldbreaker|t3_rendspear
standard,48,b5,blue,sup,坦克,bingshouweis,standard,1,0,5,2,6086,26177,11198,415.5,7.74,14.55,20.48,3,1,2,2,3,895,343,1323,1218,3795,6243,8563,5266,160,,240,320,,320,2256,t3_calmveil|t3_thornmail
standard,48,r1,red,top,戰士,anliuyouXia,standard,0,0,5,0,10175,34427,8954,332.2,11.17,21.48,,2,0,1,1,2,1008,268,1155,303,3058,4898,6685,5266,512,,,800,43,64,,t3_shieldbreaker|t3_finalstring
standard,48,r2,red,jungle,刺客,miwu,standard,0,2,3,2,11393,15624,10648,395.1,10.2,17.81,25.58,3,0,1,2,3,1410,725,334,648,3340,6055,8114,5266,200,960,480,,1144,64,,t3_finalstring
standard,48,r3,red,mid,法師,lieyan,standard,0,9,6,0,33104,18206,12646,469.3,13.62,19.68,24.91,3,0,1,2,3,814,1056,220,746,3074,4906,7770,5266,600,1440,,400,,64,,t3_psyward
standard,48,r4,red,adc,射手,yanfeng,standard,0,6,7,1,21385,11648,10908,404.7,12.21,22.38,26.18,3,0,1,1,3,682,266,714,907,2842,4266,6394,5266,344,480,240,,,64,,t3_shieldbreaker|t3_rendspear
standard,48,r5,red,sup,坦克,bingshouweis,standard,0,1,3,3,8255,25162,11404,423.2,8.53,13.69,19.68,3,1,2,3,3,951,275,333,1423,3851,6475,8933,5266,232,480,240,800,,64,1850,t3_calmveil|t3_thornmail
standard,49,b1,blue,top,戰士,tielian,standard,0,0,2,0,8920,22205,7668,323.3,11.3,22.38,,2,0,1,1,2,826,516,572,287,2876,4316,6172,5266,506,,,400,,0,,t3_shieldbreaker|t3_finalstring
standard,49,b2,blue,jungle,刺客,jueying,standard,0,0,5,0,5343,12297,7597,320.3,10.42,,,1,0,1,1,1,1185,291,711,2017,3115,4621,6291,5266,288,,,,737,0,,t3_finalstring
standard,49,b3,blue,mid,法師,shikong,standard,0,0,5,1,10607,13510,8012,337.8,13.26,21.85,,2,0,1,1,2,694,324,384,181,2954,4474,6164,5266,658,,240,,,0,,t3_psyward
standard,49,b4,blue,adc,射手,siwang,standard,0,7,3,0,17936,14675,10332,435.6,9.58,18.9,,2,1,1,2,2,244,538,624,1581,3594,5018,7844,5266,658,1920,,,,0,,t3_shieldbreaker|t3_rendspear
standard,49,b5,blue,sup,輔助,mingyun,standard,0,0,2,0,4293,16294,9612,405.3,9.41,14.18,19.8,3,1,2,3,3,368,420,213,572,3768,6120,8213,5266,159,,,800,,0,1987,t3_calmveil
standard,49,r1,red,top,戰士,tielian,standard,1,2,0,1,11521,22549,9649,406.9,11.29,19.19,,2,0,1,2,2,880,258,94,1049,2930,5258,7194,5266,384,480,120,560,,384,,t3_shieldbreaker|t3_finalstring
standard,49,r2,red,jungle,刺客,jueying,standard,1,2,1,1,8192,10210,9597,404.7,10.39,17.22,,2,0,1,2,2,1180,1008,421,1267,3110,5158,7971,5266,64,960,80,160,1056,384,,t3_finalstring
standard,49,r3,red,mid,法師,shikong,standard,1,2,3,0,15243,12419,9497,400.4,10.66,19.4,,2,0,1,2,2,1470,786,436,517,3730,6386,7986,5266,816,960,,560,,384,,t3_psyward
standard,49,r4,red,adc,射手,siwang,standard,1,9,3,2,25689,10044,12873,542.8,11.35,18.62,22.29,3,0,1,2,3,946,582,1902,1673,3106,5362,9522,5266,592,2400,320,560,,384,,t3_shieldbreaker|t3_rendspear
standard,49,r5,red,sup,輔助,mingyun,standard,1,2,0,4,5952,12817,11194,472,8.15,12.4,18.5,3,1,2,3,3,363,130,402,2153,3763,6610,9442,5266,192,960,440,560,,384,1640,t3_calmveil
standard,50,b1,blue,top,戰士,longyi,standard,1,1,3,0,11069,26226,8209,350.5,10.84,19.39,,2,0,1,2,2,864,456,200,458,2914,5386,7050,5266,488,480,,400,,416,,t3_shieldbreaker|t3_finalstring
standard,50,b2,blue,jungle,刺客,anye,standard,1,0,5,0,6197,12327,8199,350.2,10.43,19.57,,2,0,1,2,2,1160,451,296,599,3090,5131,6996,5266,64,,,400,850,416,,t3_finalstring
standard,50,b3,blue,mid,法師,lieyan,standard,1,0,4,0,15879,12428,8537,364.6,12.16,21.19,,2,0,1,1,2,894,416,478,686,3154,5266,6978,5266,656,,,800,,256,,t3_psyward
standard,50,b4,blue,adc,射手,maestro,standard,1,8,6,1,19197,11109,11969,511.1,11.16,16.87,21.38,3,0,1,2,3,1058,154,884,1068,3218,5834,9434,5266,712,2400,240,400,,416,,t3_shieldbreaker|t3_rendspear
standard,50,b5,blue,sup,坦克,suishan,standard,1,0,3,1,7913,18012,10207,435.9,7.98,14.86,19.65,3,1,2,3,3,243,155,203,827,3843,6515,8803,5266,224,,240,400,,416,2256,t3_calmveil|t3_thornmail
standard,50,r1,red,top,戰士,longyi,standard,0,8,0,2,15019,25509,12673,541.2,8.21,16.43,20.43,3,1,1,2,3,596,472,1888,1222,3746,6002,10538,5266,528,3840,240,600,,64,,t3_shieldbreaker|t3_finalstring
standard,50,r2,red,jungle,刺客,anye,standard,0,2,0,2,5869,12238,9296,397,8.46,17.51,,2,1,1,2,2,694,232,852,916,3894,5862,7552,5266,74,480,360,,1307,64,,t3_finalstring
standard,50,r3,red,mid,法師,lieyan,standard,0,4,1,2,19727,12170,10233,437,12.9,18.84,,2,0,1,2,2,830,144,316,832,3090,4994,8346,5266,736,1440,240,600,,64,,t3_psyward
standard,50,r4,red,adc,射手,maestro,standard,0,6,8,3,17912,10676,11153,476.3,11.08,19.37,22.46,3,0,1,2,3,970,286,966,1152,3130,4586,8586,5266,696,1440,720,400,,64,,t3_shieldbreaker|t3_rendspear
standard,50,r5,red,sup,坦克,suishan,standard,0,1,0,2,8071,18781,10013,427.6,9.11,15.25,20.72,3,1,1,2,3,404,938,1467,632,4304,6288,8707,5266,237,480,360,,43,64,2256,t3_calmveil|t3_thornmail
standard,51,b1,blue,top,戰士,chichuan,standard,0,0,2,1,14951,23928,7467,319.6,11.48,22.38,,2,0,1,1,2,976,286,1018,367,3026,4866,6498,5266,528,,240,240,,224,,t3_shieldbreaker|t3_finalstring
standard,51,b2,blue,jungle,刺客,hundun,standard,0,3,3,0,7403,9125,9257,396.2,12.66,20.68,,2,0,1,1,2,948,536,1092,326,3158,5036,7542,5266,210,960,,240,641,224,,t3_psyward
standard,51,b3,blue,mid,法師,shikong,standard,0,2,4,0,16544,14066,9070,388.2,13.38,20.48,,2,0,1,1,2,888,250,1072,739,3148,5700,7572,5266,682,960,,440,,224,,t3_psyward
standard,51,b4,blue,adc,射手,huanying,standard,0,6,5,0,18683,11133,10643,455.5,11.48,19.56,23.2,3,0,1,2,3,954,118,914,163,3114,5018,8234,5266,664,1440,,640,,224,,t3_shieldbreaker|t3_rendspear
standard,51,b5,blue,sup,坦克,tieshixin,standard,0,0,2,0,4225,21316,9447,404.3,8.6,14.05,21.92,3,1,2,2,3,1022,498,802,467,3922,6298,7982,5266,250,,,440,36,64,1924,t3_calmveil|t3_thornmail
standard,51,r1,red,top,戰士,chichuan,standard,1,4,1,1,15794,25406,10374,444,10.68,18.81,22.92,3,0,1,2,3,864,801,749,294,2914,5981,7549,5266,520,960,120,400,43,240,,t3_shieldbreaker|t3_finalstring
standard,51,r2,red,jungle,刺客,hundun,standard,1,5,3,2,9612,11231,10559,451.9,11.48,18.92,,2,0,1,2,2,1147,368,804,1209,3357,5648,8784,5266,320,1920,200,,917,160,,t3_psyward
standard,51,r3,red,mid,法師,shikong,standard,1,0,0,2,13606,14699,8671,371.1,13.55,20.63,,2,0,1,1,2,710,288,306,221,2970,4838,6806,5266,580,,320,400,,240,,t3_psyward
standard,51,r4,red,adc,射手,huanying,standard,1,7,6,0,20359,10942,10689,457.4,11.47,19.56,23.2,3,0,1,2,3,799,187,863,208,2959,4967,8183,5266,517,1920,,400,,80,,t3_shieldbreaker|t3_rendspear
standard,51,r5,red,sup,坦克,tieshixin,standard,1,0,1,5,6516,19257,10114,432.8,8.88,15.43,20.15,3,1,1,2,3,873,639,1628,233,3773,5889,8808,5266,174,,800,400,,240,1927,t3_calmveil|t3_thornmail
standard,52,b1,blue,top,戰士,xueyue,standard,0,0,3,0,9304,22741,6537,305.6,11.8,,,1,0,1,1,1,870,328,488,937,2920,4728,6088,5266,400,,,400,22,0,,t3_shieldbreaker|t3_finalstring
standard,52,b2,blue,jungle,刺客,razorwing,standard,0,1,6,0,5313,12830,7300,341.3,9.66,19.73,,2,1,1,2,2,435,260,147,350,3635,5190,6797,5266,280,480,,,770,0,,t3_finalstring
standard,52,b3,blue,mid,法師,lieyan,standard,0,2,6,0,9806,13200,7896,369.1,12.68,19.13,,2,0,1,2,2,910,736,392,196,3170,5186,7522,5266,896,960,,400,,0,,t3_psyward
standard,52,b4,blue,adc,射手,guangsu,standard,0,0,3,1,10085,11551,6216,290.6,12.64,,,1,0,1,1,1,738,356,660,1066,2898,4306,5810,5266,424,,120,,,0,,t3_shieldbreaker|t3_rendspear
standard,52,b5,blue,sup,輔助,shiguang,standard,0,0,3,1,4989,14036,8826,412.6,7.31,14.78,20.63,3,1,2,2,3,379,299,610,245,3779,5699,7640,5266,112,,120,,43,0,2099,t3_calmveil
standard,52,r1,red,top,戰士,xueyue,standard,1,8,1,0,15382,19372,11536,539.3,10.58,16.64,20.53,3,0,1,2,3,1016,482,946,1036,3066,5962,9546,5266,632,2400,,800,,448,,t3_shieldbreaker|t3_finalstring
standard,52,r2,red,jungle,刺客,razorwing,standard,1,3,0,1,7285,9785,9456,442.1,8.73,15.49,,2,1,1,2,2,453,886,297,1126,4303,6466,8327,5266,192,960,120,400,940,448,,t3_finalstring
standard,52,r3,red,mid,法師,lieyan,standard,1,1,0,2,14658,10106,8614,402.7,11.66,19.83,,2,0,1,2,2,902,122,72,283,3162,5722,7922,5266,808,480,120,800,,448,,t3_psyward
standard,52,r4,red,adc,射手,guangsu,standard,1,8,2,1,19504,9051,11254,526.1,11.64,17.75,19.88,3,0,1,3,3,882,1554,82,353,3042,6034,10082,5266,608,3360,,400,,448,,t3_shieldbreaker|t3_rendspear
standard,52,r5,red,sup,輔助,shiguang,standard,1,1,0,4,8151,12345,10500,490.8,8.75,13.33,17.38,3,1,2,3,3,163,393,988,1459,4163,7123,9448,5266,224,480,480,800,,448,1750,t3_calmveil
standard,53,b1,blue,top,戰士,langwang,standard,0,1,0,0,6616,18918,6995,345.6,10.39,19.72,,2,0,1,2,2,1072,294,130,195,3122,5474,6930,5266,656,480,,400,,128,,t3_shieldbreaker|t3_finalstring
standard,53,b2,blue,jungle,刺客,jingxiang,standard,0,0,1,0,4143,9683,6667,329.3,11.55,,,1,0,1,1,1,1164,322,1021,1086,3094,4652,6601,5266,144,,,400,663,128,,t3_finalstring
standard,53,b3,blue,mid,法師,auralith,standard,0,0,3,0,7540,10962,6059,299.3,12.96,,,1,0,1,1,1,838,720,394,459,3098,4570,5994,5266,600,,,,,128,,t3_psyward
standard,53,b4,blue,adc,射手,mori,standard,0,4,2,0,12251,8773,8030,396.7,11.66,19.66,,2,0,1,2,2,957,289,265,810,3117,4589,7485,5266,608,1440,,,43,128,,t3_shieldbreaker|t3_rendspear
standard,53,b5,blue,sup,輔助,fuwenbianzhi,standard,0,0,2,0,6123,14039,8011,395.8,8.97,14.71,19.78,3,1,2,3,3,499,183,246,311,3899,5883,7946,5266,232,,,400,,128,1920,t3_calmveil
standard,53,r1,red,top,戰士,langwang,standard,1,3,0,2,8611,18992,9315,460.2,11.34,15.24,,2,0,1,2,2,928,1284,490,715,2978,6764,9090,5266,642,1440,360,1040,,341,,t3_shieldbreaker|t3_finalstring
standard,53,r2,red,jungle,刺客,jingxiang,standard,1,0,2,2,4436,8733,7477,369.4,10.67,18.64,,2,0,1,2,2,1416,701,601,346,3346,5501,7251,5266,144,,360,240,1113,128,,t3_finalstring
standard,53,r3,red,mid,法師,auralith,standard,1,0,1,0,8889,9209,6595,325.8,14.03,,,1,0,1,1,1,766,984,470,395,3026,4834,6370,5266,736,,,240,,128,,t3_psyward
standard,53,r4,red,adc,射手,mori,standard,1,4,0,0,16474,7782,8990,444.1,11.53,18.09,,2,0,1,2,2,772,127,214,439,2932,4607,8764,5266,397,1920,,840,,341,,t3_shieldbreaker|t3_rendspear
standard,53,r5,red,sup,輔助,fuwenbianzhi,standard,1,1,2,1,7079,10165,9192,454.1,8.36,14.12,18.95,3,1,2,3,3,1228,555,506,731,3728,6435,8966,5266,63,480,240,440,,341,2135,t3_calmveil
standard,54,b1,blue,top,戰士,kuangfeng,standard,1,1,1,0,9907,17988,7171,350.7,10.72,20.31,,2,0,1,1,2,984,732,1360,321,3034,5482,6890,5266,712,480,,240,,192,,t3_shieldbreaker|t3_finalstring
standard,54,b2,blue,jungle,刺客,sting,standard,1,0,3,1,4544,9264,7315,357.7,11.38,,,1,0,1,1,1,1253,465,1375,1684,3183,5445,7005,5266,186,,240,240,880,192,,t3_finalstring
standard,54,b3,blue,mid,法師,xingjie,standard,1,5,2,0,17477,11057,9670,472.9,11.38,15.12,,2,0,1,2,2,1384,616,108,389,3644,7116,9388,5266,690,2400,,840,,192,,t3_psyward
standard,54,b4,blue,adc,射手,leiting,standard,1,2,2,1,11419,9384,8534,417.3,11.96,19.83,,2,0,1,2,2,836,304,152,913,2996,5084,7772,5266,554,480,240,1040,,192,,t3_shieldbreaker|t3_rendspear
standard,54,b5,blue,sup,坦克,ironclad,standard,1,1,2,1,5543,17084,8931,436.7,8.79,13.8,20.11,3,1,2,2,3,959,259,1410,331,3859,6619,8650,5266,160,480,240,440,14,192,1857,t3_calmveil|t3_thornmail
standard,54,r1,red,top,戰士,kuangfeng,standard,0,3,1,1,12475,21414,8635,422.3,10.27,18.16,,2,0,1,2,2,1136,208,220,285,3186,5138,7970,5266,512,960,240,800,,192,,t3_shieldbreaker|t3_finalstring
standard,54,r2,red,jungle,刺客,sting,standard,0,3,1,0,6952,9146,8266,404.2,8.97,16.68,,2,1,1,2,2,705,887,481,186,3905,6517,8081,5266,320,1440,,,863,192,,t3_finalstring
standard,54,r3,red,mid,法師,xingjie,standard,0,2,5,2,13097,12154,8467,414,11.98,18.7,,2,0,1,2,2,886,184,252,437,3146,5034,8282,5266,984,960,480,400,,192,,t3_psyward
standard,54,r4,red,adc,射手,leiting,standard,0,1,2,2,15629,8000,7414,362.5,12.28,,,1,0,1,1,1,804,168,948,1733,2964,4468,6628,5266,530,,240,400,,192,,t3_shieldbreaker|t3_rendspear
standard,54,r5,red,sup,坦克,ironclad,standard,0,1,0,2,4833,16544,9373,458.4,8.22,14.83,19.62,3,1,2,3,3,884,316,416,293,3784,6216,9016,5266,181,480,240,400,,192,2256,t3_calmveil|t3_thornmail
standard,55,b1,blue,top,戰士,greymantle,standard,1,1,2,1,12003,26125,9426,381.7,10.98,19.91,,2,0,1,2,2,1018,100,372,826,3068,5100,7172,5266,730,480,120,320,,256,,t3_shieldbreaker|t3_finalstring
standard,55,b2,blue,jungle,刺客,yingsi,standard,1,4,3,1,11216,15680,10660,431.7,11.07,16.13,22.78,3,0,1,2,3,1331,1112,765,230,3261,6042,9095,5266,256,1920,240,320,837,256,,t3_finalstring
standard,55,b3,blue,mid,法師,auralith,standard,1,1,4,1,14738,13056,8695,352.2,12.5,23.83,,2,0,1,1,2,846,140,530,665,3106,5170,6730,5266,768,,120,320,,256,,t3_psyward
standard,55,b4,blue,adc,射手,liangzi,standard,1,6,5,0,18895,11338,11274,456.6,11.99,20.45,24.25,3,0,1,1,3,914,352,860,794,3074,5132,6540,5266,698,,,320,,256,,t3_shieldbreaker|t3_rendspear
standard,55,b5,blue,sup,輔助,huanjing,standard,1,2,3,4,7897,18718,11198,453.5,7.08,12.79,17.11,4,1,2,3,4,1364,976,824,497,3864,7456,9104,5266,202,960,480,320,,256,1619,t3_calmveil
standard,55,r1,red,top,戰士,greymantle,standard,0,3,1,1,15446,24092,10391,420.8,11.25,19.92,24.27,3,0,1,2,3,944,218,266,311,2994,4498,7066,5266,608,480,120,400,,192,,t3_shieldbreaker|t3_finalstring
standard,55,r2,red,jungle,刺客,yingsi,standard,0,1,3,1,9865,14227,9154,370.7,10.35,20.69,,2,0,1,1,2,1346,257,813,823,3276,4707,6393,5266,176,,,,759,192,,t3_finalstring
standard,55,r3,red,mid,法師,auralith,standard,0,2,4,0,16432,13356,9087,368,12.61,21.23,,2,0,1,1,2,926,840,610,387,3186,4690,7090,5266,752,480,,400,,192,,t3_psyward
standard,55,r4,red,adc,射手,liangzi,standard,0,11,2,2,29573,11507,14026,568,11.72,18.83,21.72,4,0,1,2,4,834,206,134,176,2994,4986,8684,5266,626,1440,360,800,,192,,t3_shieldbreaker|t3_rendspear
standard,55,r5,red,sup,輔助,huanjing,standard,0,0,4,3,9294,16268,10473,424.1,10.1,15.03,19.51,3,0,1,3,3,2211,1017,220,1432,3891,5867,7920,5266,205,,,,,192,2256,t3_calmveil
standard,56,b1,blue,top,戰士,ravager,standard,1,0,2,1,8357,24544,8597,363.5,11.13,20.25,,2,0,1,1,2,912,490,882,296,2962,4890,6362,5266,600,,,240,,256,,t3_shieldbreaker|t3_finalstring
standard,56,b2,blue,jungle,刺客,youming,standard,1,1,5,0,6157,10780,8956,378.7,10.38,18.96,,2,0,1,2,2,1215,391,451,625,3145,5971,7581,5266,130,480,,640,808,256,,t3_finalstring
standard,56,b3,blue,mid,法師,xingjie,standard,1,1,6,1,14066,13772,8263,349.4,12.55,23.63,,2,0,1,1,2,830,112,412,233,3090,4962,6642,5266,640,,240,240,,256,,t3_psyward
standard,56,b4,blue,adc,射手,shengyan,standard,1,6,3,0,19399,10522,10959,463.4,10.61,19.45,22.59,3,0,1,2,3,970,112,224,959,3130,5012,7844,5266,722,960,,640,,256,,t3_shieldbreaker|t3_rendspear
standard,56,b5,blue,sup,輔助,zhanchang,standard,1,0,2,2,4469,16012,9866,417.2,7.43,13.98,20.33,3,1,2,2,3,379,509,1401,825,3779,6389,8431,5266,114,,240,640,,256,1914,t3_calmveil
standard,56,r1,red,top,戰士,ravager,standard,0,6,0,0,11874,25167,11598,490.4,10.37,17.23,21.87,3,0,1,2,3,1232,234,1208,1517,3282,5714,9208,5266,950,2400,,400,,192,,t3_shieldbreaker|t3_finalstring
standard,56,r2,red,jungle,刺客,youming,standard,0,4,0,1,8593,11646,10218,432,10.18,17.02,23.05,3,0,1,2,3,1419,1211,641,267,3349,5541,8491,5266,145,1440,240,,1208,192,,t3_finalstring
standard,56,r3,red,mid,法師,xingjie,standard,0,4,3,4,20412,14458,11177,472.6,12.6,20.66,23.63,3,0,1,1,3,948,326,1210,147,3208,5176,7710,5266,870,,960,400,22,192,,t3_psyward
standard,56,r4,red,adc,射手,shengyan,standard,0,4,3,0,18119,10370,9608,406.3,10.73,20.13,,2,0,1,1,2,1010,126,1379,1058,3170,5026,7059,5266,721,480,,400,,192,,t3_shieldbreaker|t3_rendspear
standard,56,r5,red,sup,輔助,zhanchang,standard,0,0,2,1,3226,13625,9740,411.8,8.28,14.78,21.25,3,1,2,2,3,395,331,459,1580,3795,5731,7489,5266,97,,,,,192,1934,t3_calmveil
standard,57,b1,blue,top,戰士,leimingcf,standard,0,0,4,0,7176,27208,6662,304.8,11.53,19.48,,2,0,1,2,2,800,120,212,411,2850,4770,6162,5266,496,,,400,,0,,t3_shieldbreaker|t3_finalstring
standard,57,b2,blue,jungle,刺客,yueying,standard,0,1,5,0,5949,11632,7297,333.8,11.16,18.23,,2,0,1,2,2,1131,425,215,517,3061,5055,6695,5266,170,480,,,778,0,,t3_finalstring
standard,57,b3,blue,mid,法師,auralith,standard,0,0,4,1,11266,12773,7494,342.8,13.97,,,1,0,1,1,1,638,48,318,1713,2898,4658,6098,5266,592,,240,,,0,,t3_psyward
standard,57,b4,blue,adc,射手,xingchen,standard,0,1,5,0,15912,11914,7292,333.6,12.33,20.02,,2,0,1,1,2,770,280,1146,392,2930,4410,6296,5266,616,,,400,14,0,,t3_shieldbreaker|t3_rendspear
standard,57,b5,blue,sup,坦克,thornwall,standard,0,0,5,1,4059,20877,8291,379.3,9.89,15.88,,2,1,1,2,2,147,362,139,611,3747,5712,7519,5266,237,,,,,0,2016,t3_calmveil|t3_thornmail
standard,57,r1,red,top,戰士,leimingcf,standard,1,9,0,0,15727,20417,12484,571.1,9.06,15.54,18.48,3,1,1,3,3,824,1840,946,1034,4674,7370,11496,5266,728,4320,,720,14,448,,t3_shieldbreaker|t3_finalstring
standard,57,r2,red,jungle,刺客,yueying,standard,1,3,0,3,10160,12417,10354,473.7,8.38,16.65,21.82,3,1,1,2,3,770,742,674,353,3970,6372,9054,5266,432,960,600,320,1028,448,,t3_finalstring
standard,57,r3,red,mid,法師,auralith,standard,1,2,1,2,18262,10594,9534,436.2,13.3,21.18,,2,0,1,1,2,750,48,1534,553,3010,4898,8034,5266,640,480,480,720,,448,,t3_psyward
standard,57,r4,red,adc,射手,xingchen,standard,1,7,0,3,25052,8468,11662,533.5,12.32,17.1,20.01,3,0,1,2,3,954,274,2144,881,3114,5354,10394,5266,680,3360,120,520,,448,,t3_shieldbreaker|t3_rendspear
standard,57,r5,red,sup,坦克,thornwall,standard,1,2,1,2,4866,14874,10839,495.9,8.94,13.1,18.8,3,1,2,3,3,131,551,71,858,4331,7331,10051,5266,144,960,480,520,,448,2232,t3_calmveil|t3_thornmail
standard,58,b1,blue,top,坦克,tiankong,standard,0,1,2,0,7489,23353,7863,344.3,9.53,17.68,,2,1,1,2,2,172,206,250,432,3122,5356,7100,5266,490,480,,800,,64,,t3_calmveil|t3_thornmail
standard,58,b2,blue,jungle,戰士,tielian,standard,0,0,3,0,7519,14124,7304,319.9,10.47,21.48,,2,0,1,1,2,1157,127,1225,223,3157,4707,6455,5266,346,,,,778,64,,t3_finalstring|t3_shieldbreaker
standard,58,b3,blue,mid,法師,xingjie,standard,0,1,4,0,17070,14633,7868,344.6,13.08,18.73,,2,0,1,2,2,995,540,108,137,3255,4690,7058,5266,848,480,,400,,64,,t3_psyward
standard,58,b4,blue,adc,射手,dujian,standard,0,2,5,0,12663,14236,7794,341.4,11.68,21.99,,2,0,1,1,2,882,118,688,114,3042,4898,6488,5266,464,480,,200,14,64,,t3_shieldbreaker|t3_rendspear
standard,58,b5,blue,sup,坦克,tiebi,standard,0,0,3,0,7564,20942,9502,416.2,8.17,16.17,19.13,3,1,1,3,3,937,407,177,402,3837,5757,8677,5266,90,,,1000,,64,2256,t3_calmveil|t3_thornmail
standard,58,r1,red,top,坦克,tiankong,standard,1,4,1,1,11093,19418,9687,424.2,11.28,17.12,22.32,3,0,1,2,3,1316,218,546,556,2946,5068,7836,5266,474,1440,,400,,256,,t3_calmveil|t3_thornmail
standard,58,r2,red,jungle,戰士,tielian,standard,1,4,0,0,7516,10901,10492,459.5,9.78,17.13,21.27,3,1,1,2,3,254,1561,164,892,3354,6261,8764,5266,125,1440,,400,1116,416,,t3_finalstring|t3_shieldbreaker
standard,58,r3,red,mid,法師,xingjie,standard,1,1,2,2,20312,11789,9231,404.3,12.8,19.21,,2,0,1,2,2,782,918,114,900,3042,6068,7964,5266,642,480,360,800,,416,,t3_psyward
standard,58,r4,red,adc,射手,dujian,standard,1,7,0,1,18706,10580,11380,498.4,11.19,17.95,22.01,3,0,1,2,3,890,254,230,1159,3050,5034,8330,5266,568,1440,240,400,,416,,t3_shieldbreaker|t3_rendspear
standard,58,r5,red,sup,坦克,tiebi,standard,1,1,1,3,9827,18757,10423,456.5,8.67,14.03,19.19,3,1,2,3,3,1396,552,237,1342,4296,6912,8837,5266,205,480,360,400,,416,1709,t3_calmveil|t3_thornmail
standard,59,b1,blue,top,坦克,tiebi,standard,0,1,3,1,8474,25222,8749,355.3,10.73,17.34,22.65,3,0,1,2,3,1484,212,228,119,3074,4962,6978,5266,592,480,240,400,,0,,t3_calmveil|t3_thornmail
standard,59,b2,blue,jungle,戰士,cinderfist,standard,0,0,2,1,10348,19821,7975,323.9,10.37,22.3,,2,0,1,1,2,1225,730,1065,325,3225,4960,6495,5266,224,,240,,765,0,,t3_shieldbreaker|t3_finalstring
standard,59,b3,blue,mid,法師,gambler,standard,0,5,5,0,21576,17334,10885,442,11.63,20.72,24.43,3,0,1,1,3,902,100,1114,235,3162,5130,7194,5266,1048,480,,400,,0,,t3_psyward
standard,59,b4,blue,adc,射手,tianfa,standard,0,6,6,3,19672,13715,11053,448.9,11.63,20.05,23.5,3,0,1,1,3,802,62,1546,203,2962,4842,7346,5266,480,960,240,400,,0,,t3_shieldbreaker|t3_rendspear
standard,59,b5,blue,sup,輔助,fengshen,standard,0,0,4,0,6231,17366,9171,372.4,7.62,15.06,20.16,3,1,1,2,3,1287,1073,834,421,3787,5923,7864,5266,152,,,400,,0,2045,t3_calmveil
standard,59,r1,red,top,坦克,tiebi,standard,1,7,1,0,15522,25094,11941,484.9,9.78,14.22,20.27,4,1,2,2,4,132,112,2214,691,3082,6442,9444,5266,562,2880,,320,,416,,t3_calmveil|t3_thornmail
standard,59,r2,red,jungle,戰士,cinderfist,standard,1,6,0,0,15745,17883,12212,495.9,8.98,17.16,20.3,3,1,1,2,3,851,1134,956,862,3951,6564,9506,5266,453,1920,,320,1130,416,,t3_shieldbreaker|t3_finalstring
standard,59,r3,red,mid,法師,gambler,standard,1,3,3,1,20238,15654,9965,404.7,12.68,19.55,,2,0,1,2,2,1118,292,452,565,3378,5442,8002,5266,800,960,240,320,,416,,t3_psyward
standard,59,r4,red,adc,射手,tianfa,standard,1,4,6,2,19856,10785,10637,432,11.74,19.93,24.57,3,0,1,2,3,802,254,234,337,2962,5154,7234,5266,512,,480,720,,256,,t3_shieldbreaker|t3_rendspear
standard,59,r5,red,sup,輔助,fengshen,standard,1,0,2,5,7598,14307,11698,475.1,9.05,13.63,18.78,4,1,2,3,4,400,262,1143,738,3800,6512,9323,5266,103,,960,320,,416,2256,t3_calmveil
standard,60,b1,blue,top,坦克,shengdun,standard,0,0,3,0,4054,17499,6161,321.9,10.69,,,1,0,1,,1,1268,520,,760,2898,4770,,,,,,,,,,t3_calmveil|t3_thornmail
standard,60,b2,blue,jungle,戰士,dushe,standard,0,0,1,0,4121,9838,6096,318.5,10.82,,,1,0,1,,1,1176,572,,865,3176,4852,,,,,,,,,,t3_finalstring|t3_shieldbreaker
standard,60,b3,blue,mid,法師,ronghuo,standard,0,0,4,0,9640,12251,6420,335.4,13.24,,,1,0,1,,1,824,330,,1039,3084,4660,,,,,,,,,,t3_psyward
standard,60,b4,blue,adc,射手,dawnstrike,standard,0,0,2,0,10557,9050,6030,315,11.77,,,1,0,1,,1,756,40,,230,2916,4820,,,,,,,,,,t3_shieldbreaker|t3_rendspear
standard,60,b5,blue,sup,坦克,stoneguard,standard,0,0,2,0,4286,15237,7332,383.1,8.23,16.03,,2,1,1,,2,203,413,,552,3803,5763,,,,,,,,,,t3_calmveil|t3_thornmail
standard,60,r1,red,top,坦克,shengdun,standard,1,2,0,0,6143,16847,8525,445.4,9.85,16.32,,2,1,1,,2,81,117,,1234,3031,5267,,,,,,,,,,t3_calmveil|t3_thornmail
standard,60,r2,red,jungle,戰士,dushe,standard,1,8,0,1,10895,10425,11032,576.3,9.49,16.21,18.43,3,1,1,,3,609,3582,,952,3709,7862,,,,,,,,,,t3_finalstring|t3_shieldbreaker
standard,60,r3,red,mid,法師,ronghuo,standard,1,1,0,0,10779,8535,7908,413.1,12.47,19.14,,2,0,1,,2,958,232,,57,3218,5562,,,,,,,,,,t3_psyward
standard,60,r4,red,adc,射手,dawnstrike,standard,1,1,0,1,14205,8070,7382,385.7,11.76,18.41,,2,0,1,,2,900,308,,482,3060,4788,,,,,,,,,,t3_shieldbreaker|t3_rendspear
standard,60,r5,red,sup,坦克,stoneguard,standard,1,0,0,4,4699,11844,8784,458.9,8.48,14.67,,2,1,2,,2,245,161,,1544,3845,6361,,,,,,,,,,t3_calmveil|t3_thornmail
standard,61,b1,blue,top,坦克,shiqiang,standard,1,0,2,0,12615,27322,8155,345.2,10.41,18.65,,2,0,1,2,2,1316,172,400,425,2946,4722,6930,5266,464,,,1200,,0,,t3_calmveil|t3_thornmail
standard,61,b2,blue,jungle,戰士,jufeng,standard,1,0,6,0,4624,12230,7769,328.8,11.09,19.83,,2,0,1,2,2,1115,211,168,668,3115,4741,6368,5266,224,,,,878,0,,t3_finalstring|t3_shieldbreaker
standard,61,b3,blue,mid,法師,gambler,standard,1,0,9,1,10497,15043,7382,312.5,13.18,22.58,,2,0,1,1,2,814,412,840,731,3074,4562,6220,5266,714,,240,,,0,,t3_psyward
standard,61,b4,blue,adc,射手,yanfeng,standard,1,5,5,0,25397,14142,9633,407.7,10.83,19.98,,2,0,1,2,2,994,246,126,1052,3154,4546,7026,5266,800,960,,,,0,,t3_shieldbreaker|t3_rendspear
standard,61,b5,blue,sup,坦克,bingshouweis,standard,1,0,2,1,6426,21481,9800,414.8,8.82,15.55,20.14,3,1,1,2,3,909,827,501,259,3809,6177,8181,5266,229,,,400,28,0,2256,t3_calmveil|t3_thornmail
standard,61,r1,red,top,坦克,shiqiang,standard,0,2,0,1,13796,21707,9189,388.9,10.39,16.23,22.62,3,0,1,2,3,1472,44,512,238,3102,4894,7342,5266,748,480,,400,,448,,t3_calmveil|t3_thornmail
standard,61,r2,red,jungle,戰士,jufeng,standard,0,3,1,0,9944,13468,9983,422.6,10.81,16.79,23.23,3,0,1,2,3,1117,725,321,383,3117,6205,8621,5266,144,1440,,400,923,448,,t3_finalstring|t3_shieldbreaker
standard,61,r3,red,mid,法師,gambler,standard,0,3,1,3,18073,11701,9857,417.2,11.74,19.49,,2,0,1,2,2,1302,512,292,456,3562,5962,7842,5266,648,960,120,400,,448,,t3_psyward
standard,61,r4,red,adc,射手,yanfeng,standard,0,10,3,1,32805,11409,13521,572.3,11.33,18.78,20.53,3,0,1,2,3,978,350,1514,1720,3138,5730,9314,5266,640,1920,240,800,,448,,t3_shieldbreaker|t3_rendspear
standard,61,r5,red,sup,坦克,bingshouweis,standard,0,6,0,2,10851,20605,12846,543.7,8.53,12.93,18.23,4,1,2,3,4,955,435,507,645,3855,7215,10487,5266,156,1920,120,400,,448,2177,t3_calmveil|t3_thornmail
standard,62,b1,blue,top,坦克,tiemu,standard,0,1,2,0,11298,26214,8656,362.9,10.13,18.64,23.14,3,0,1,2,3,1500,188,232,205,3090,4938,7562,5266,552,480,,1200,,64,,t3_calmveil|t3_thornmail
standard,62,b2,blue,jungle,戰士,langwang,standard,0,2,3,0,7491,15490,8719,365.6,10,19.11,,2,1,1,2,2,96,497,179,1218,3196,4847,7029,5266,282,480,,,936,64,,t3_shieldbreaker|t3_finalstring
standard,62,b3,blue,mid,法師,ronghuo,standard,0,0,7,1,14104,16754,7656,321,13.64,20.57,,2,0,1,1,2,792,294,1080,305,3052,4444,6460,5266,490,,240,400,,64,,t3_psyward
standard,62,b4,blue,adc,射手,siwang,standard,0,6,5,2,19627,13524,10808,453.2,11.88,19.48,23.42,3,0,1,2,3,900,168,232,287,3060,5068,7132,5266,682,480,240,400,,64,,t3_shieldbreaker|t3_rendspear
standard,62,b5,blue,sup,輔助,mingyun,standard,0,0,3,0,6575,16168,9357,392.3,8.46,14.61,18.95,3,1,2,3,3,735,451,299,776,3835,5851,8279,5266,200,,,800,,64,1948,t3_calmveil
standard,62,r1,red,top,坦克,tiemu,standard,1,2,1,1,13475,20856,9437,395.7,9.67,16.9,23.66,3,1,1,2,3,92,592,260,407,3042,5042,7490,5266,656,480,240,400,,448,,t3_calmveil|t3_thornmail
standard,62,r2,red,jungle,戰士,langwang,standard,1,8,1,1,17840,17622,13591,569.9,10.17,16.52,18.5,3,0,1,3,3,1986,1202,804,2241,3986,6632,10354,5266,224,2400,240,400,1376,448,,t3_shieldbreaker|t3_finalstring
standard,62,r3,red,mid,法師,ronghuo,standard,1,3,3,2,15909,14425,10029,420.5,11.39,19.07,,2,0,1,2,2,1310,362,56,629,3570,5962,8506,5266,712,1440,240,400,,448,,t3_psyward
standard,62,r4,red,adc,射手,siwang,standard,1,7,3,0,21533,11177,11829,496,10.96,18.68,22.34,3,0,1,2,3,786,158,256,1049,2946,4938,8506,5266,552,1440,,800,,448,,t3_shieldbreaker|t3_rendspear
standard,62,r5,red,sup,輔助,mingyun,standard,1,0,1,4,4964,10212,10714,449.2,7.76,14.48,18.47,3,1,2,3,3,1663,221,1250,1483,4163,6771,8950,5266,192,,480,800,,448,1764,t3_calmveil
standard,63,b1,blue,top,坦克,dadi,standard,0,1,3,0,8502,17368,6504,342.1,9.99,18.92,,2,1,1,,2,28,262,,53,2978,4962,,,,,,,,,,t3_calmveil|t3_thornmail
standard,63,b2,blue,jungle,戰士,jingci,standard,0,1,1,0,4747,12156,6821,358.9,10.59,,,1,0,1,,1,1200,287,,1391,3200,5417,,,,,,,,,,t3_shieldbreaker|t3_finalstring
standard,63,b3,blue,mid,法師,gambler,standard,0,0,1,1,11186,11327,6197,326,12.38,,,1,0,1,,1,840,41,,297,3100,5071,,,,,,,,,,t3_psyward
standard,63,b4,blue,adc,射手,phantom,standard,0,0,1,2,10622,8672,6288,330.8,12.53,,,1,0,1,,1,826,346,,607,2986,4946,,,,,,,,,,t3_shieldbreaker|t3_rendspear
standard,63,b5,blue,sup,輔助,tianshi,standard,0,0,0,0,2767,9494,7431,390.9,6.96,13.7,,2,1,2,,2,448,297,,401,3848,5997,,,,,,,,,,t3_calmveil
standard,63,r1,red,top,坦克,dadi,standard,1,2,0,0,9423,17422,7520,395.6,9.98,17.63,,2,1,1,,2,92,128,,589,3042,5178,,,,,,,,,,t3_calmveil|t3_thornmail
standard,63,r2,red,jungle,戰士,jingci,standard,1,2,0,1,7290,9623,7756,408,10.16,17.98,,2,0,1,,2,1108,304,,706,3108,5134,,,,,,,,,,t3_shieldbreaker|t3_finalstring
standard,63,r3,red,mid,法師,gambler,standard,1,0,1,2,10006,9562,7163,376.8,12.08,,,1,0,1,,1,782,300,,662,3042,4850,,,,,,,,,,t3_psyward
standard,63,r4,red,adc,射手,phantom,standard,1,2,0,0,12886,6368,7968,419.2,12.22,,,1,0,1,,1,850,418,,2287,3010,5498,,,,,,,,,,t3_shieldbreaker|t3_rendspear
standard,63,r5,red,sup,輔助,tianshi,standard,1,0,1,3,3840,9146,8822,464.1,7.54,13.28,18.84,3,1,2,,3,679,215,,342,3779,6095,,,,,,,,,,t3_calmveil
standard,64,b1,blue,top,坦克,tixue,standard,0,0,2,0,7625,26029,8118,332,10.23,18.71,,2,0,1,2,2,1596,569,345,388,3226,5119,6895,5266,765,,,640,,224,,t3_calmveil|t3_thornmail
standard,64,b2,blue,jungle,戰士,greymantle,standard,0,0,1,2,7557,19213,8722,356.7,10.26,19.66,,2,0,1,2,2,1034,629,334,122,3034,5029,7134,5266,232,,480,240,692,224,,t3_finalstring|t3_shieldbreaker
standard,64,b3,blue,mid,法師,ronghuo,standard,0,1,7,1,17820,14497,8730,357.1,12.83,21.31,,2,0,1,1,2,766,156,634,280,3026,5006,7134,5266,684,480,240,240,,224,,t3_psyward
standard,64,b4,blue,adc,射手,huanying,standard,0,4,6,0,15788,13097,10033,410.4,11.54,20.31,,2,0,1,1,2,802,360,1148,1453,2962,4660,6948,5266,498,480,,640,,64,,t3_shieldbreaker|t3_rendspear
standard,64,b5,blue,sup,坦克,tieshixin,standard,0,2,4,0,6580,22723,10489,429,7.73,14.38,19.03,3,1,2,3,3,214,354,214,108,3814,6714,9114,5266,123,960,,240,43,224,2256,t3_calmveil|t3_thornmail
standard,64,r1,red,top,坦克,tixue,standard,1,3,1,2,9824,23002,10710,438.1,10.62,17.12,22.94,3,0,1,2,3,1548,110,720,680,3178,5210,8010,5266,968,960,80,480,,256,,t3_calmveil|t3_thornmail
standard,64,r2,red,jungle,戰士,greymantle,standard,1,1,1,6,11795,13909,10409,425.7,9.71,19.08,22.59,3,1,1,2,3,201,1031,565,808,3301,5131,7965,5266,381,,800,80,1181,256,,t3_finalstring|t3_shieldbreaker
standard,64,r3,red,mid,法師,ronghuo,standard,1,3,0,4,28408,13389,10724,438.6,12.98,19.69,24.44,3,0,1,2,3,814,340,353,173,3074,4890,7903,5266,661,480,360,880,,256,,t3_psyward
standard,64,r4,red,adc,射手,huanying,standard,1,12,4,0,33766,13708,13580,555.4,11.59,18.53,21.5,3,0,1,2,3,930,182,155,1779,3090,5082,8735,5266,733,2400,,80,,256,,t3_shieldbreaker|t3_rendspear
standard,64,r5,red,sup,坦克,tieshixin,standard,1,1,1,7,6340,18951,12926,528.7,9.14,14.78,19.29,4,1,2,3,4,967,195,406,1326,3867,6395,9486,5266,264,480,440,480,43,256,2256,t3_calmveil|t3_thornmail
standard,65,b1,blue,top,坦克,suishan,standard,0,1,3,0,9745,28166,9208,359.5,10.77,18.77,,2,0,1,2,2,1308,178,322,1928,2898,4978,7122,5266,576,,,1120,,160,,t3_calmveil|t3_thornmail
standard,65,b2,blue,jungle,戰士,hunpo,standard,0,1,4,0,4233,11244,8781,342.8,13.67,22.63,,2,0,1,1,2,731,1179,605,380,2941,4979,7005,5266,160,480,,320,619,160,,t3_psyward
standard,65,b3,blue,mid,法師,haixiao,standard,0,2,6,0,16815,16568,8859,345.8,11.69,20.73,,2,0,1,1,2,1342,92,898,158,3602,5492,7348,5266,642,960,,320,,160,,t3_psyward
standard,65,b4,blue,adc,射手,guangsu,standard,0,5,7,2,24024,11983,10864,424.1,11.8,21.43,,2,0,1,1,2,826,350,970,1964,2986,4650,6650,5266,424,,240,720,,0,,t3_shieldbreaker|t3_rendspear
standard,65,b5,blue,sup,輔助,huanjing,standard,0,0,3,1,7938,18239,9706,378.9,7.14,14.85,19.95,3,1,2,3,3,687,100,64,666,3787,6280,7764,5266,245,,,320,,160,1773,t3_calmveil
standard,65,r1,red,top,坦克,suishan,standard,1,2,0,2,13696,26701,10569,412.6,10.93,18.13,22.57,3,0,1,2,3,1415,105,1545,588,3005,4605,7445,5266,560,,120,1200,43,256,,t3_calmveil|t3_thornmail
standard,65,r2,red,jungle,戰士,hunpo,standard,1,5,3,0,12671,13136,11559,451.2,11.43,20.82,,2,0,1,1,2,1204,546,1155,2258,3414,5596,7555,5266,256,480,,,1296,256,,t3_psyward
standard,65,r3,red,mid,法師,haixiao,standard,1,4,4,0,16841,15545,10869,424.3,12.91,21.55,,2,0,1,1,2,886,126,508,1519,3146,5106,6658,5266,736,,,400,,256,,t3_psyward
standard,65,r4,red,adc,射手,guangsu,standard,1,12,1,2,34057,12173,14752,575.9,11.68,19.18,21.02,4,0,1,2,4,834,170,342,902,2994,4770,9242,5266,680,2400,240,400,,256,,t3_shieldbreaker|t3_rendspear
standard,65,r5,red,sup,輔助,huanjing,standard,1,0,1,4,5556,14783,11202,437.3,7.37,14.26,21.04,3,1,2,2,3,419,507,891,2162,3819,5907,7921,5266,200,,120,,,256,2079,t3_calmveil
standard,66,b1,blue,top,坦克,thornwall,standard,0,1,1,0,4548,20374,7124,349.5,10.95,20.07,,2,0,1,1,2,1260,572,1720,373,2850,4722,7020,5266,474,480,,800,,0,,t3_calmveil|t3_thornmail
standard,66,b2,blue,jungle,戰士,leimingcf,standard,0,0,4,0,5880,11885,6617,324.6,9.83,,,1,1,1,1,1,188,325,963,1066,3288,4975,6513,5266,296,,,,951,0,,t3_shieldbreaker|t3_finalstring
standard,66,b3,blue,mid,法師,leiming,standard,0,0,5,1,9670,13483,7348,360.5,12.46,19.69,,2,0,1,2,2,926,156,114,217,3186,4786,7244,5266,938,,240,800,,0,,t3_psyward
standard,66,b4,blue,adc,射手,mori,standard,0,2,4,0,11928,10797,7057,346.2,10.24,19.97,,2,0,1,2,2,1482,318,54,157,3642,5098,6954,5266,728,960,,,,0,,t3_shieldbreaker|t3_rendspear
standard,66,b5,blue,sup,輔助,fuwenbianzhi,standard,0,0,1,1,4644,15542,8855,434.4,6.73,14.21,19.61,3,1,2,3,3,35,571,172,275,4035,6451,8752,5266,282,,240,1200,,0,1763,t3_calmveil
standard,66,r1,red,top,坦克,thornwall,standard,1,3,0,1,8977,14114,8825,433,10.17,18.01,,2,0,1,2,2,1372,2262,1012,1595,2962,5212,8242,5266,474,1440,240,373,,448,,t3_calmveil|t3_thornmail
standard,66,r2,red,jungle,戰士,leimingcf,standard,1,7,1,2,9562,13918,11239,551.4,10.18,14.63,19.45,3,0,2,3,3,1835,438,306,489,3835,7788,11056,5266,288,3360,200,240,1253,448,,t3_shieldbreaker|t3_finalstring
standard,66,r3,red,mid,法師,leiming,standard,1,1,1,2,15410,9122,8716,427.6,12.93,,,1,0,1,1,1,936,429,2032,2215,3196,5279,8532,5266,965,480,200,1173,,448,,t3_psyward
standard,66,r4,red,adc,射手,mori,standard,1,4,1,2,17163,8175,9844,482.9,10.44,17.81,,2,0,1,2,2,1226,492,1378,943,3386,5692,9628,5266,594,1920,360,1040,,448,,t3_shieldbreaker|t3_rendspear
standard,66,r5,red,sup,輔助,fuwenbianzhi,standard,1,0,0,6,4272,9711,9652,473.5,8.56,12.83,18.72,3,1,2,3,3,408,592,718,421,3808,6472,9468,5266,205,,920,773,,448,1855,t3_calmveil
standard,67,b1,blue,top,坦克,ironclad,standard,0,0,1,0,10402,20449,7594,332.8,9.94,19.82,,2,1,1,2,2,76,282,186,444,3026,4532,6436,5266,642,,,400,,128,,t3_calmveil|t3_thornmail
standard,67,b2,blue,jungle,戰士,fengbao,standard,0,2,3,0,7638,14450,8445,370.1,10.26,18.18,,2,0,1,2,2,1131,218,437,695,3131,5398,7537,5266,318,960,,,864,128,,t3_finalstring|t3_shieldbreaker
standard,67,b3,blue,mid,法師,haixiao,standard,0,1,2,0,15124,14078,8354,366.1,12.13,22.56,,2,0,1,1,2,974,220,452,324,3234,4770,6652,5266,858,,,400,,128,,t3_psyward
standard,67,b4,blue,adc,射手,leiting,standard,0,6,0,0,25946,13860,10557,462.7,11.17,18.98,22.1,3,0,1,2,3,1122,92,215,336,3282,5772,7895,5266,861,1440,,200,,128,,t3_shieldbreaker|t3_rendspear
standard,67,b5,blue,sup,坦克,thornwall,standard,0,0,2,1,5569,19139,9371,410.7,10.18,16.14,22.08,3,0,1,2,3,2239,502,777,471,3819,5852,8017,5266,166,,,200,,128,2256,t3_calmveil|t3_thornmail
standard,67,r1,red,top,坦克,ironclad,standard,1,3,1,2,12782,21933,9479,415.5,10.23,15.46,22.26,3,0,1,2,3,1484,316,544,529,3114,5466,7834,5266,776,960,240,240,,352,,t3_calmveil|t3_thornmail
standard,67,r2,red,jungle,戰士,fengbao,standard,1,3,0,4,9523,15307,10606,464.8,8.75,16.98,22,3,1,1,2,3,406,1265,451,525,3506,5845,8451,5266,88,480,480,240,1545,352,,t3_finalstring|t3_shieldbreaker
standard,67,r3,red,mid,法師,haixiao,standard,1,2,1,2,15440,13053,9335,409.1,12.48,19.9,,2,0,1,2,2,894,364,200,535,3154,5394,8050,5266,832,960,,640,,352,,t3_psyward
standard,67,r4,red,adc,射手,leiting,standard,1,0,6,0,16590,10633,7295,319.7,11.47,22.66,,2,0,1,1,2,778,286,450,395,2938,4586,6250,5266,552,,,240,,192,,t3_shieldbreaker|t3_rendspear
standard,67,r5,red,sup,坦克,thornwall,standard,1,0,1,2,6945,17534,10473,459,8.39,14.87,19.52,3,1,2,3,3,943,91,259,1093,3843,6291,9339,5266,184,,240,1040,,352,2256,t3_calmveil|t3_thornmail
standard,68,b1,blue,top,坦克,bingshouweis,standard,0,0,3,0,9688,25741,7520,315.3,11.4,16.53,,2,0,1,2,2,1332,364,322,489,2962,4514,6452,5266,706,,,400,,80,,t3_calmveil|t3_thornmail
standard,68,b2,blue,jungle,戰士,anliuyouXia,standard,0,0,5,0,8054,16325,7593,318.4,10.62,19.13,,2,0,1,2,2,996,313,523,212,2996,4843,6423,5266,274,,,,802,80,,t3_finalstring|t3_shieldbreaker
standard,68,b3,blue,mid,法師,leiming,standard,0,0,6,0,17418,15986,7901,331.3,13.12,22.4,,2,0,1,1,2,702,428,686,251,2962,4578,6066,5266,720,,,,,80,,t3_psyward
standard,68,b4,blue,adc,射手,liangzi,standard,0,1,6,0,11985,12535,7480,313.6,11.28,21.29,,2,0,1,1,2,778,312,782,99,2938,4442,5932,5266,586,,,,,80,,t3_shieldbreaker|t3_rendspear
standard,68,b5,blue,sup,坦克,shengdun,standard,0,1,3,0,4516,21652,9261,388.3,8.47,16.05,20.83,3,1,1,2,3,219,437,529,300,3819,5787,8209,5266,208,480,,400,,0,1855,t3_calmveil|t3_thornmail
standard,68,r1,red,top,坦克,bingshouweis,standard,1,8,0,0,15518,20913,12488,523.6,10.22,15.28,18.59,4,0,1,3,4,1860,1044,300,837,3490,6194,9730,5266,480,2880,,720,,384,,t3_calmveil|t3_thornmail
standard,68,r2,red,jungle,戰士,anliuyouXia,standard,1,5,0,3,9087,13014,12156,509.7,10.75,16.3,20.77,3,0,1,2,3,1339,1086,1000,1606,3339,6566,9000,5266,250,960,480,320,1339,384,,t3_finalstring|t3_shieldbreaker
standard,68,r3,red,mid,法師,leiming,standard,1,5,0,4,28659,11935,11402,478.1,10.74,16.53,23.65,3,0,1,2,3,1310,282,248,372,3570,6212,8748,5266,618,1440,720,320,,384,,t3_psyward
standard,68,r4,red,adc,射手,liangzi,standard,1,4,2,1,16291,10645,10029,420.5,11.28,19.78,,2,0,1,2,2,898,230,270,1449,3058,5010,7170,5266,480,480,240,320,,384,,t3_shieldbreaker|t3_rendspear
standard,68,r5,red,sup,坦克,shengdun,standard,1,1,0,4,8908,17338,11204,469.8,7.91,13.83,17.23,3,1,2,3,3,483,741,377,1224,4083,7101,9577,5266,122,480,480,720,,384,2124,t3_calmveil|t3_thornmail
standard,69,b1,blue,top,坦克,tiankong,standard,0,1,1,1,8892,19308,7278,352.3,10.34,19.13,,2,0,1,2,2,1340,294,138,227,2930,4444,6588,5266,512,,240,400,,170,,t3_calmveil|t3_thornmail
standard,69,b2,blue,jungle,刺客,yueying,standard,0,1,5,0,4714,10029,6881,333.1,10.84,20.53,,2,0,1,1,2,1158,355,1124,231,3088,4685,6704,5266,80,480,,,707,170,,t3_finalstring
standard,69,b3,blue,mid,法師,haixiao,standard,0,1,5,0,11244,12667,7230,350,13.03,19.88,,2,0,1,2,2,798,102,102,279,3058,4732,7052,5266,736,480,,400,,170,,t3_psyward
standard,69,b4,blue,adc,射手,shengyan,standard,0,1,2,1,8814,9141,6723,325.4,10.31,,,1,0,1,1,1,1218,122,714,923,3378,4722,6514,5266,384,480,120,200,,64,,t3_shieldbreaker|t3_rendspear
standard,69,b5,blue,sup,輔助,zhanchang,standard,0,0,2,2,3882,14018,9068,438.9,7.58,14.45,19.58,3,1,2,3,3,1263,315,190,607,3763,5715,8650,5266,144,,120,1000,,64,2056,t3_calmveil
standard,69,r1,red,top,坦克,tiankong,standard,1,3,0,0,11691,17537,9379,454,10.22,15.77,20.27,3,0,1,2,3,1564,446,1812,349,3154,5746,9042,5266,736,1440,,1280,,320,,t3_calmveil|t3_thornmail
standard,69,r2,red,jungle,刺客,yueying,standard,1,7,1,0,8010,9221,10746,520.2,10.98,15.95,19.38,3,0,1,3,3,1473,1487,372,495,3403,6767,10322,5266,144,3360,,80,1152,320,,t3_finalstring
standard,69,r3,red,mid,法師,haixiao,standard,1,2,1,0,12722,11972,7971,385.9,12.17,19.71,,2,0,1,2,2,894,288,84,421,3154,5138,7634,5266,608,960,,480,,320,,t3_psyward
standard,69,r4,red,adc,射手,shengyan,standard,1,2,1,3,13551,7603,8571,414.9,11.96,19.71,,2,0,1,2,2,778,406,134,321,2938,5306,7754,5266,488,480,720,480,,320,,t3_shieldbreaker|t3_rendspear
standard,69,r5,red,sup,輔助,zhanchang,standard,1,1,1,1,4039,11129,9039,437.5,8.73,12.18,18.18,3,1,2,3,3,419,565,541,878,3819,7115,8701,5266,200,480,240,480,,320,1715,t3_calmveil
standard,70,b1,blue,top,坦克,tiebi,standard,0,1,2,0,10475,25706,8699,379.7,9.62,16.53,,2,1,1,2,2,172,208,186,1268,3122,5058,7036,5266,762,480,,400,,128,,t3_calmveil|t3_thornmail
standard,70,b2,blue,jungle,刺客,yeiren,standard,0,0,8,0,5161,11113,7702,336.2,10.13,17.96,,2,0,1,2,2,1351,369,418,622,3281,4999,6718,5266,373,,,,951,128,,t3_finalstring
standard,70,b3,blue,mid,法師,bingshuang,standard,0,3,2,0,18681,13484,8795,383.9,13.08,19.98,,2,0,1,2,2,798,144,70,614,3058,4594,7020,5266,746,480,,400,,128,,t3_psyward
standard,70,b4,blue,adc,射手,xingchen,standard,0,3,4,0,14742,13730,8912,389,12.22,18.66,,2,0,1,2,2,786,288,488,932,2946,4418,6738,5266,464,480,,400,,128,,t3_shieldbreaker|t3_rendspear
standard,70,b5,blue,sup,坦克,thornwall,standard,0,0,1,0,4876,17479,8582,374.6,7.88,15.08,21.83,3,1,1,2,3,312,546,372,81,3912,5896,7752,5266,213,,,,,128,2144,t3_calmveil|t3_thornmail
standard,70,r1,red,top,坦克,tiebi,standard,1,2,0,2,10711,24631,9840,429.5,9.12,13.65,20.95,3,1,2,2,3,956,88,1080,410,3906,6338,8370,5266,528,960,480,880,,256,,t3_calmveil|t3_thornmail
standard,70,r2,red,jungle,刺客,yeiren,standard,1,4,1,4,6346,11117,10743,468.9,7.44,14.57,20.93,3,1,2,2,3,476,382,954,1242,5156,7082,9384,5266,122,1920,600,80,1140,256,,t3_finalstring
standard,70,r3,red,mid,法師,bingshuang,standard,1,4,3,2,19769,13066,10904,476,12.18,18.35,,2,0,1,2,2,1176,328,940,1504,3436,6258,8490,5266,746,960,360,880,21,256,,t3_psyward
standard,70,r4,red,adc,射手,xingchen,standard,1,7,2,1,22835,10540,10864,474.2,11.53,18.94,22.25,3,0,1,2,3,860,370,1102,344,3020,5570,8002,5266,338,1920,120,80,21,256,,t3_shieldbreaker|t3_rendspear
standard,70,r5,red,sup,坦克,thornwall,standard,1,0,1,3,5936,18291,10063,439.3,8.74,14.74,20.87,3,1,2,2,3,975,292,1120,682,3875,6192,8360,5266,120,,360,80,21,256,2256,t3_calmveil|t3_thornmail
standard,71,b1,blue,top,坦克,xukong,standard,1,2,1,0,10006,19094,8541,379.6,10.63,16.84,,2,0,1,2,2,1407,335,375,1251,3037,5485,7085,5266,586,480,,293,43,416,,t3_calmveil|t3_thornmail
standard,71,b2,blue,jungle,刺客,sting,standard,1,0,3,1,5925,10568,8089,359.5,10.25,20.13,,2,0,1,1,2,1258,617,1624,489,3188,5297,6954,5266,330,,120,160,821,256,,t3_finalstring
standard,71,b3,blue,mid,法師,mingyun2,standard,1,9,1,2,22381,14058,12851,571.1,10.5,15.67,20.05,3,0,1,2,3,1390,1059,1231,370,3650,7559,10631,5266,776,3360,120,693,,416,,t3_psyward
standard,71,b4,blue,adc,射手,dujian,standard,1,7,4,2,21057,10782,11617,516.3,13.05,19.03,21.74,3,0,1,2,3,794,206,312,1396,2954,5586,8112,5266,536,960,360,560,14,416,,t3_shieldbreaker|t3_rendspear
standard,71,b5,blue,sup,坦克,tiankong,standard,1,1,0,3,5425,16590,10097,448.8,8.56,14.36,20.73,3,1,2,2,3,972,319,1480,596,3872,6979,8720,5266,170,480,360,293,,416,1734,t3_calmveil|t3_thornmail
standard,71,r1,red,top,坦克,xukong,standard,0,1,3,0,7482,23579,8072,358.8,11.58,18.77,,2,0,1,2,2,1316,168,318,342,2946,4418,7168,5266,544,480,,800,13,64,,t3_calmveil|t3_thornmail
standard,71,r2,red,jungle,刺客,sting,standard,0,1,5,0,6275,12595,8152,362.3,9.88,19.63,,2,1,1,2,2,112,324,392,972,3312,5004,7092,5266,264,480,,,1018,64,,t3_finalstring
standard,71,r3,red,mid,法師,mingyun2,standard,0,2,4,2,18311,13084,8389,372.8,13.7,21.24,,2,0,1,1,2,680,226,824,138,2940,4556,6604,5266,634,,240,400,,64,,t3_psyward
standard,71,r4,red,adc,射手,dujian,standard,0,3,5,4,16147,12683,9690,430.7,10.72,18.54,,2,0,1,2,2,1010,226,526,1110,3170,4706,7426,5266,576,480,240,800,,64,,t3_shieldbreaker|t3_rendspear
standard,71,r5,red,sup,坦克,tiankong,standard,0,2,2,1,6638,18931,9846,437.6,7.83,14.2,20.53,3,1,2,2,3,88,104,816,306,4288,6304,8496,5266,189,480,240,,,64,2256,t3_calmveil|t3_thornmail
standard,72,b1,blue,top,坦克,shiqiang,standard,0,2,0,1,12413,27379,8932,358.6,11.12,17.88,24.14,3,0,1,2,3,1460,408,372,382,3050,4858,7122,5266,504,480,120,320,,432,,t3_calmveil|t3_thornmail
standard,72,b2,blue,jungle,刺客,yingsi,standard,0,2,5,0,9001,12796,9363,375.9,10.54,19.16,,2,0,1,2,2,1275,746,516,1032,3205,5076,7466,5266,160,480,,320,808,432,,t3_finalstring
standard,72,b3,blue,mid,法師,bingshuang,standard,0,2,4,0,13934,14356,8794,353,12.42,22.69,,2,0,1,1,2,942,176,494,343,3202,5026,6994,5266,736,480,,320,,192,,t3_psyward
standard,72,b4,blue,adc,射手,tianfa,standard,0,7,6,1,25722,11093,11562,464.2,11.33,20.58,23.72,3,0,1,1,3,994,282,1426,1561,3154,4882,7106,5266,608,480,,320,,432,,t3_shieldbreaker|t3_rendspear
standard,72,b5,blue,sup,輔助,fengshen,standard,0,0,3,2,7868,19034,10616,426.2,7.59,13.18,17.88,3,1,2,3,3,735,423,559,1576,3835,6123,9139,5266,104,,360,720,,432,2256,t3_calmveil
standard,72,r1,red,top,坦克,shiqiang,standard,1,4,1,4,14351,27967,10898,437.5,9.78,16.52,21.96,3,1,1,2,3,204,192,764,967,3154,5242,7994,5266,464,960,840,400,,64,,t3_calmveil|t3_thornmail
standard,72,r2,red,jungle,刺客,yingsi,standard,1,2,2,0,8303,12006,9796,393.3,11.35,18.29,,2,0,1,2,2,1313,975,738,1465,3243,5605,7388,5266,256,480,,,1321,64,,t3_finalstring
standard,72,r3,red,mid,法師,bingshuang,standard,1,5,0,0,26048,17387,11370,456.5,10.9,19.17,24.87,3,0,1,2,3,1374,588,372,339,3634,5618,8402,5266,832,1440,,800,,64,,t3_psyward
standard,72,r4,red,adc,射手,tianfa,standard,1,7,5,2,18537,11883,11634,467.1,11.34,18.53,22.69,3,0,1,2,3,866,318,742,253,3026,4618,8362,5266,592,1920,120,400,,64,,t3_shieldbreaker|t3_rendspear
standard,72,r5,red,sup,輔助,fengshen,standard,1,0,5,0,7799,19421,9965,400.1,7.18,14.23,19.7,3,1,2,3,3,427,427,306,925,3827,5827,8006,5266,256,,,400,,64,2019,t3_calmveil
standard,73,b1,blue,top,坦克,longji,standard,0,0,2,0,5706,23657,7207,333.9,9.78,18.71,,2,1,1,2,2,214,222,230,456,3164,4972,6380,5266,650,,,400,,64,,t3_calmveil|t3_thornmail
standard,73,b2,blue,jungle,刺客,shanying,standard,0,0,5,0,4161,12142,6822,316.1,10.36,,,1,0,1,1,1,1328,478,729,1241,3258,4808,6309,5266,186,,,,792,64,,t3_finalstring
standard,73,b3,blue,mid,法師,mingyun2,standard,0,0,4,1,11516,13880,7516,348.2,12.37,18.72,,2,0,1,2,2,894,444,140,565,3154,4594,7090,5266,720,,240,800,,64,,t3_psyward
standard,73,b4,blue,adc,射手,dawnstrike,standard,0,3,2,0,12332,10196,8252,382.3,11.3,18.77,,2,0,1,2,2,818,557,274,402,2978,4557,7794,5266,581,1440,,400,43,64,,t3_shieldbreaker|t3_rendspear
standard,73,b5,blue,sup,輔助,shengguang,standard,0,0,4,0,5767,14676,8361,387.4,6.78,15,20,3,1,2,3,3,764,116,52,660,3864,5816,7752,5266,165,,,,,64,2256,t3_calmveil
standard,73,r1,red,top,坦克,longji,standard,1,5,0,0,9204,18862,10292,476.8,10.63,13.48,20.58,3,0,2,2,3,1420,520,1324,1261,3010,6370,8554,5266,824,1440,,640,,384,,t3_calmveil|t3_thornmail
standard,73,r2,red,jungle,刺客,shanying,standard,1,2,0,3,8951,9590,9603,444.9,8.84,17.27,,2,1,1,2,2,527,978,255,1273,3727,6078,8585,5266,208,960,360,240,1167,384,,t3_finalstring
standard,73,r3,red,mid,法師,mingyun2,standard,1,2,1,2,14792,9683,9060,419.8,11.31,20.05,,2,0,1,1,2,750,480,1566,1029,3010,5330,8066,5266,496,960,320,640,,384,,t3_psyward
standard,73,r4,red,adc,射手,dawnstrike,standard,1,8,2,3,22865,8053,12132,562.1,11.51,18.8,20.56,3,0,1,2,3,1170,590,534,2131,2850,5490,9434,5266,384,1920,440,1040,,384,,t3_shieldbreaker|t3_rendspear
standard,73,r5,red,sup,輔助,shengguang,standard,1,0,0,1,4819,10986,9237,428,6.83,13.34,,2,1,2,2,2,1279,511,1149,2207,3779,6211,8179,5266,136,,80,240,,384,2073,t3_calmveil
standard,74,b1,blue,top,坦克,dadi,standard,0,1,0,0,6127,16724,7583,367.4,10.23,17,,2,0,1,2,2,1588,384,120,293,3218,5234,7410,5266,714,480,,800,22,128,,t3_calmveil|t3_thornmail
standard,74,b2,blue,jungle,刺客,dianguang,standard,0,2,3,0,7713,10388,7398,358.4,10.88,19.59,,2,0,1,2,2,1211,951,139,398,3141,5151,7139,5266,157,960,,,627,128,,t3_finalstring
standard,74,b3,blue,mid,法師,bingshuang,standard,0,1,1,0,13094,11334,7039,341,13.33,,,1,0,1,1,1,838,822,334,539,3098,4672,6834,5266,717,480,,200,43,128,,t3_psyward
standard,74,b4,blue,adc,射手,yanfeng,standard,0,3,0,2,16685,10488,8649,419,11.86,18.75,,2,0,1,2,2,930,740,796,369,3090,5220,8476,5266,682,1440,360,600,,128,,t3_shieldbreaker|t3_rendspear
standard,74,b5,blue,sup,坦克,bingshouweis,standard,0,0,3,2,4753,14358,8578,415.5,7.47,15.32,,2,1,1,2,2,1031,1029,1091,1337,3931,6379,8331,5266,320,,360,,,128,2256,t3_calmveil|t3_thornmail
standard,74,r1,red,top,坦克,dadi,standard,1,3,0,1,8244,20851,9279,449.5,10.07,16.17,19.24,3,0,1,3,3,1588,1212,296,328,3218,5762,8946,5266,720,1440,240,1120,,160,,t3_calmveil|t3_thornmail
standard,74,r2,red,jungle,刺客,dianguang,standard,1,2,1,0,6585,9425,8216,398,10.31,17.91,,2,0,1,2,2,1388,1080,233,565,3318,5760,7883,5266,72,960,,320,1104,160,,t3_finalstring
standard,74,r3,red,mid,法師,bingshuang,standard,1,0,2,1,10566,10768,6842,331.5,14.1,,,1,0,1,1,1,782,124,909,341,3042,4674,6509,5266,640,,240,320,43,0,,t3_psyward
standard,74,r4,red,adc,射手,yanfeng,standard,1,0,1,1,13850,8832,7041,341.1,11.37,,,1,0,1,1,1,930,588,908,1241,3090,5188,6708,5266,722,,240,320,,160,,t3_shieldbreaker|t3_rendspear
standard,74,r5,red,sup,坦克,bingshouweis,standard,1,2,3,1,4308,16374,9990,484,8.02,13.04,17.55,3,1,2,3,3,1383,992,277,609,4283,7352,9657,5266,149,960,240,720,,160,2161,t3_calmveil|t3_thornmail
standard,75,b1,blue,top,坦克,tixue,standard,0,0,3,0,9713,25815,8226,344.6,9.92,21.05,,2,1,1,1,2,76,284,542,1295,3026,4434,5842,5266,448,,,,,128,,t3_calmveil|t3_thornmail
standard,75,b2,blue,jungle,刺客,leisuhunter,standard,0,0,4,1,5244,12190,7919,331.8,10.3,20.43,,2,0,1,1,2,1203,596,1169,489,3133,4746,6749,5266,352,,240,,763,128,,t3_finalstring
standard,75,b3,blue,mid,法師,mingyun2,standard,0,6,3,0,14785,16404,10975,459.8,13.23,19.48,23.36,3,0,1,2,3,806,100,174,624,3066,4650,7524,5266,770,960,,400,,128,,t3_psyward
standard,75,b4,blue,adc,射手,siwang,standard,0,4,1,1,15486,11653,9669,405.1,11.18,19.58,,2,0,1,2,2,960,164,263,1089,3120,4464,7163,5266,634,480,240,400,14,128,,t3_shieldbreaker|t3_rendspear
standard,75,b5,blue,sup,輔助,shiguang,standard,0,0,4,1,6867,19287,9805,410.8,7.33,14.87,19.43,3,1,2,3,3,151,119,307,765,3851,5819,8467,5266,194,,,800,,128,2078,t3_calmveil
standard,75,r1,red,top,坦克,tixue,standard,1,1,2,1,12601,23094,8874,371.8,10.2,17.36,,2,0,1,2,2,1388,400,324,1643,2978,4850,6954,5266,496,480,120,400,,192,,t3_calmveil|t3_thornmail
standard,75,r2,red,jungle,刺客,leisuhunter,standard,1,6,0,1,9764,9733,11849,496.5,10.68,16.59,21.08,3,0,1,2,3,1269,620,827,1898,3199,5720,9157,5266,112,1920,120,400,986,352,,t3_finalstring
standard,75,r3,red,mid,法師,mingyun2,standard,1,0,4,1,14930,13094,8818,369.5,12.89,21.65,,2,0,1,1,2,990,1020,798,487,3250,5570,7298,5266,880,,,800,,352,,t3_psyward
standard,75,r4,red,adc,射手,siwang,standard,1,8,4,1,28894,10389,12274,514.3,12.22,20.1,23.29,3,0,1,1,3,778,266,1714,1373,2938,4746,7394,5266,456,480,240,600,,352,,t3_shieldbreaker|t3_rendspear
standard,75,r5,red,sup,輔助,shiguang,standard,1,0,0,3,7424,11900,10215,428,7.2,14.55,19.08,3,1,2,3,3,135,355,295,1755,3835,6235,8455,5266,232,,240,600,,352,1765,t3_calmveil
standard,76,b1,blue,top,坦克,stoneguard,standard,0,0,0,0,7470,20866,7502,340.9,10.71,17.83,,2,0,1,2,2,1532,208,172,472,3122,4658,6922,5266,792,,,800,,64,,t3_calmveil|t3_thornmail
standard,76,b2,blue,jungle,刺客,voidrift,standard,0,0,2,0,5916,10836,7083,321.8,10,21.04,,2,1,1,1,2,122,443,824,432,3322,4773,6404,5266,410,,,,663,64,,t3_finalstring
standard,76,b3,blue,mid,法師,shikong,standard,0,0,4,0,16140,12414,6534,296.9,12.53,,,1,0,1,1,1,830,696,376,54,3090,4546,5986,5266,656,,,,,64,,t3_psyward
standard,76,b4,blue,adc,射手,phantom,standard,0,1,5,0,12033,11049,6909,313.9,11.83,,,1,0,1,1,1,848,400,192,1108,3008,4400,5872,5266,528,,,,14,64,,t3_shieldbreaker|t3_rendspear
standard,76,b5,blue,sup,輔助,tianshi,standard,0,0,1,0,4969,15827,9088,412.9,9.38,14.94,20.1,3,1,2,2,3,473,115,1462,627,3873,5815,8492,5266,205,,,800,14,64,2141,t3_calmveil
standard,76,r1,red,top,坦克,stoneguard,standard,1,4,0,0,13044,21212,9383,426.3,10.33,16.76,20.13,3,0,1,2,3,1429,119,1389,533,3019,5419,8619,5266,554,1920,,480,14,384,,t3_calmveil|t3_thornmail
standard,76,r2,red,jungle,刺客,voidrift,standard,1,1,0,1,6922,9539,8901,404.4,10.19,18.64,,2,0,1,2,2,1287,424,486,871,3217,5354,7616,5266,202,,240,480,1043,384,,t3_finalstring
standard,76,r3,red,mid,法師,shikong,standard,1,5,0,1,20413,12268,10846,492.8,12.67,18.27,,2,0,1,2,2,926,384,406,1446,3186,5234,9386,5266,896,1920,240,680,,384,,t3_psyward
standard,76,r4,red,adc,射手,phantom,standard,1,2,1,2,15076,8410,8697,395.2,12.17,20.03,,2,0,1,1,2,724,596,1356,146,2884,5076,7036,5266,426,,480,480,,384,,t3_shieldbreaker|t3_rendspear
standard,76,r5,red,sup,輔助,tianshi,standard,1,0,0,2,4975,12028,10142,460.8,6.79,13.45,18.27,3,1,2,3,3,639,771,551,1102,3739,6171,9131,5266,64,,480,680,,384,2256,t3_calmveil
standard,77,b1,blue,top,坦克,thornwall,standard,0,0,3,0,7758,22546,7484,333.1,9.98,19.17,,2,1,1,2,2,62,318,438,773,3012,4868,6388,5266,722,,,400,,0,,t3_calmveil|t3_thornmail
standard,77,b2,blue,jungle,刺客,miwu,standard,0,1,6,0,5282,10308,7641,340.1,11.01,20.55,,2,0,1,1,2,1238,65,1347,160,3168,4745,6977,5266,194,480,,,1036,0,,t3_finalstring
standard,77,b3,blue,mid,法師,lieyan,standard,0,0,4,0,10885,15227,7089,315.5,13,21.31,,2,0,1,1,2,798,40,582,439,3058,4490,6362,5266,696,,,400,,0,,t3_psyward
standard,77,b4,blue,adc,射手,huanying,standard,0,1,1,0,15712,12366,7625,339.4,11.7,19.87,,2,0,1,2,2,852,97,232,725,3012,4647,6482,5266,816,,,400,,0,,t3_shieldbreaker|t3_rendspear
standard,77,b5,blue,sup,坦克,tieshixin,standard,0,0,3,0,5686,22974,8676,386.2,8.31,14.95,21.3,3,1,2,2,3,195,268,332,175,3795,6168,8012,5266,258,,,400,,0,2088,t3_calmveil|t3_thornmail
standard,77,r1,red,top,坦克,thornwall,standard,1,5,0,1,11983,19293,10625,472.9,10.78,17.92,21.32,3,0,1,2,3,1348,250,1264,1075,2978,5650,8554,5266,520,1440,240,640,,448,,t3_calmveil|t3_thornmail
standard,77,r2,red,jungle,刺客,miwu,standard,1,5,1,3,11530,10265,11440,509.2,9.74,16.29,20.08,3,1,1,2,3,90,1151,1766,1460,3990,6481,10196,5266,170,2400,480,240,1191,448,,t3_finalstring
standard,77,r3,red,mid,法師,lieyan,standard,1,3,0,0,20021,12379,9681,430.9,11.8,19.72,,2,0,1,2,2,958,256,308,1351,3218,5586,7858,5266,944,960,,240,,448,,t3_psyward
standard,77,r4,red,adc,射手,huanying,standard,1,3,1,3,21340,9815,10209,454.4,10.28,,,1,0,1,1,1,1178,270,914,4409,3338,5050,6714,5266,520,,240,240,,448,,t3_shieldbreaker|t3_rendspear
standard,77,r5,red,sup,坦克,tieshixin,standard,1,1,0,1,4610,13953,10672,475,7.67,16.31,19.72,3,1,1,3,3,924,746,368,1291,3824,6096,9448,5266,117,480,240,640,,448,2256,t3_calmveil|t3_thornmail
standard,78,b1,blue,top,坦克,tieshixin,standard,0,1,1,0,7061,18938,7039,344.5,10.73,17.25,,2,0,1,2,2,1284,388,60,208,2914,4938,6890,5266,664,480,,400,,80,,t3_calmveil|t3_thornmail
standard,78,b2,blue,jungle,刺客,jueying,standard,0,1,5,0,2502,9807,6712,328.5,11.32,20.41,,2,0,1,1,2,1155,247,965,12,3085,4627,6595,5266,64,480,,,705,80,,t3_finalstring
standard,78,b3,blue,mid,法師,shikong,standard,0,0,2,0,11299,12315,6559,321,13.07,,,1,0,1,1,1,766,200,662,778,3026,4650,6442,5266,696,,,400,,80,,t3_psyward
standard,78,b4,blue,adc,射手,guangsu,standard,0,1,3,0,10002,9543,6775,331.6,10.37,,,1,0,1,1,1,1170,234,858,974,3330,4834,6658,5266,432,480,,400,,80,,t3_shieldbreaker|t3_rendspear
standard,78,b5,blue,sup,坦克,xukong,standard,0,0,1,1,3269,10913,8458,413.9,9.77,14.64,,2,1,2,2,2,387,155,1191,1357,3987,6355,8291,5266,128,,240,400,,0,2256,t3_calmveil|t3_thornmail
standard,78,r1,red,top,坦克,tieshixin,standard,1,3,0,0,10378,18040,8759,428.6,11.23,15.88,20.42,3,0,1,2,3,1348,58,1192,108,2978,5458,8482,5266,672,1440,,720,,384,,t3_calmveil|t3_thornmail
standard,78,r2,red,jungle,刺客,jueying,standard,1,0,0,2,3683,5964,8196,401.1,8.71,18.46,,2,1,1,2,2,444,1296,739,1015,3644,5976,7919,5266,344,,480,320,1125,384,,t3_finalstring
standard,78,r3,red,mid,法師,shikong,standard,1,2,1,0,14350,9996,8201,401.4,11.47,19.63,,2,0,1,2,2,1374,338,374,171,3634,5668,7924,5266,794,960,,520,,384,,t3_psyward
standard,78,r4,red,adc,射手,guangsu,standard,1,6,2,0,13757,8856,10455,511.7,11.88,19.02,19.89,3,0,1,3,3,914,262,278,554,3074,5162,10178,5266,728,2880,,920,,384,,t3_shieldbreaker|t3_rendspear
standard,78,r5,red,sup,坦克,xukong,standard,1,1,0,2,4296,12472,9727,476,7.73,14.19,19.76,3,1,2,3,3,283,472,320,646,3883,6672,9400,5266,213,480,480,320,,384,2256,t3_calmveil|t3_thornmail
standard,79,b1,blue,top,坦克,bingshouweis,standard,1,1,3,0,10453,24607,8625,388.2,10.07,18.69,,2,0,1,2,2,1452,260,719,1395,3042,5010,7469,5266,560,480,,800,43,320,,t3_calmveil|t3_thornmail
standard,79,b2,blue,jungle,戰士,langwang,standard,1,0,0,1,8151,16532,7655,344.6,10.35,21.4,,2,0,1,1,2,1256,284,1184,604,3256,4814,6614,5266,314,,,,713,320,,t3_shieldbreaker|t3_finalstring
standard,79,b3,blue,mid,法師,lieyan,standard,1,5,5,0,15798,13836,10038,451.8,13.01,18.68,,2,0,1,2,2,1022,430,492,1638,3282,5330,7842,5266,896,960,,400,,320,,t3_psyward
standard,79,b4,blue,adc,射手,mori,standard,1,6,0,0,22233,8888,10924,491.7,11.04,18.54,21.53,3,0,1,2,3,1034,258,1108,444,3194,5338,8728,5266,680,1440,,1000,22,320,,t3_shieldbreaker|t3_rendspear
standard,79,b5,blue,sup,輔助,fuwenbianzhi,standard,1,0,1,2,5686,14469,9752,438.9,9.39,13.83,18.31,3,1,2,3,3,515,679,1071,521,3915,6379,8771,5266,205,,480,200,43,320,2256,t3_calmveil
standard,79,r1,red,top,坦克,bingshouweis,standard,0,1,1,1,12587,22329,8550,384.8,8.38,13.93,,2,1,2,2,2,796,328,708,1320,3746,6178,7938,5266,784,480,240,1040,,128,,t3_calmveil|t3_thornmail
standard,79,r2,red,jungle,戰士,langwang,standard,0,3,1,0,11185,14606,8977,404.1,9.01,20.48,,2,1,1,1,2,552,172,1962,1027,3652,5602,7392,5266,282,480,,240,995,128,,t3_shieldbreaker|t3_finalstring
standard,79,r3,red,mid,法師,lieyan,standard,0,0,4,0,10131,11411,6801,306.1,12.58,,,1,0,1,1,1,702,214,272,300,2962,4764,6172,5266,538,,,240,,128,,t3_psyward
standard,79,r4,red,adc,射手,mori,standard,0,5,4,0,19091,9880,9569,430.7,11.38,19.86,,2,0,1,2,2,946,268,132,1018,3106,5348,7452,5266,658,960,,440,,128,,t3_shieldbreaker|t3_rendspear
standard,79,r5,red,sup,輔助,fuwenbianzhi,standard,0,0,2,1,5954,13384,8884,399.9,7.13,14.09,20.58,3,1,2,2,3,727,439,1257,133,3827,6139,8287,5266,232,,240,440,,128,1981,t3_calmveil
standard,80,b1,blue,top,坦克,tiankong,standard,0,1,2,0,9176,23710,7912,361.8,9.72,17,,2,1,1,2,2,156,310,196,182,3106,5410,7346,5266,688,480,,720,,192,,t3_calmveil|t3_thornmail
standard,80,b2,blue,jungle,戰士,anliuyouXia,standard,0,2,0,0,6921,14212,8196,374.8,9.99,19.74,,2,1,1,2,2,68,158,85,316,3168,5038,7665,5266,264,960,,320,663,192,,t3_finalstring|t3_shieldbreaker
standard,80,b3,blue,mid,法師,shikong,standard,0,1,4,0,18751,13422,7475,341.9,12.96,,,1,0,1,1,1,670,311,441,975,2930,4861,6941,5266,640,480,,320,43,192,,t3_psyward
standard,80,b4,blue,adc,射手,leiting,standard,0,1,4,2,12752,10861,7768,355.2,11.91,20.73,,2,0,1,1,2,770,90,986,88,2930,4690,6786,5266,528,,480,320,,192,,t3_shieldbreaker|t3_rendspear
standard,80,b5,blue,sup,坦克,thornwall,standard,0,0,3,0,4712,16215,9652,441.4,8.67,14.58,19.78,3,1,2,3,3,219,223,151,451,3819,6123,9051,5266,215,,,1120,,192,2256,t3_calmveil|t3_thornmail
standard,80,r1,red,top,坦克,tiankong,standard,1,6,0,1,10152,22641,10848,496.1,9.46,15.42,18.34,3,1,1,3,3,288,474,576,818,3938,5874,9706,5266,464,2400,120,1200,,256,,t3_calmveil|t3_thornmail
standard,80,r2,red,jungle,戰士,anliuyouXia,standard,1,0,0,3,9675,13577,8044,367.8,9.47,20.11,,2,1,1,1,2,322,938,1546,1243,3422,5218,7026,5266,184,,200,,1120,256,,t3_finalstring|t3_shieldbreaker
standard,80,r3,red,mid,法師,shikong,standard,1,0,2,2,15694,11572,7867,359.8,12.96,21.76,,2,0,1,1,2,760,102,704,316,3020,4652,7204,5266,682,,200,800,,256,,t3_psyward
standard,80,r4,red,adc,射手,leiting,standard,1,3,2,2,17390,9444,9075,415,11.88,19.52,,2,0,1,2,2,852,276,220,494,3012,4876,7420,5266,658,480,360,400,,256,,t3_shieldbreaker|t3_rendspear
standard,80,r5,red,sup,坦克,thornwall,standard,1,4,1,3,9986,19382,11070,506.2,8.57,12.93,17.28,3,1,2,3,3,1529,229,428,1089,4429,7469,10408,5266,186,1920,320,400,,256,2059,t3_calmveil|t3_thornmail
standard,81,b1,blue,top,戰士,jingci,standard,0,1,3,0,9179,16141,6622,354.6,10.64,,,1,0,1,,1,1136,604,,972,3186,4754,,,,,,,,,,t3_shieldbreaker|t3_finalstring
standard,81,b2,blue,jungle,戰士,embercoil,standard,0,0,3,1,5857,10369,6401,342.7,9.63,,,1,1,1,,1,237,292,,800,3337,4992,,,,,,,,,,t3_shieldbreaker|t3_finalstring
standard,81,b3,blue,mid,法師,lieyan,standard,0,2,2,2,9404,9912,7190,385,12.03,18.47,,2,0,1,,2,1102,300,,240,3362,4930,,,,,,,,,,t3_psyward
standard,81,b4,blue,adc,射手,liangzi,standard,0,1,1,2,6587,9406,6630,355,12.13,18.08,,2,0,1,,2,1018,292,,380,3178,4842,,,,,,,,,,t3_shieldbreaker|t3_rendspear
standard,81,b5,blue,sup,坦克,tiebi,standard,0,1,2,0,3292,11225,8342,446.7,10.98,15.4,18.38,3,0,1,,3,2215,685,,142,3795,6035,,,,,,,,,,t3_calmveil|t3_thornmail
standard,81,r1,red,top,戰士,jingci,standard,1,2,0,0,8960,14712,7445,398.6,9.79,17.88,,2,1,1,,2,110,238,,294,3260,5468,,,,,,,,,,t3_shieldbreaker|t3_finalstring
standard,81,r2,red,jungle,戰士,embercoil,standard,1,3,0,1,7777,8899,8682,464.9,9.62,16.88,,2,1,1,,2,208,1146,,381,3308,6626,,,,,,,,,,t3_shieldbreaker|t3_finalstring
standard,81,r3,red,mid,法師,lieyan,standard,1,2,3,2,10599,9545,8347,447,11.57,18.47,,2,0,1,,2,832,546,,317,3092,5396,,,,,,,,,,t3_psyward
standard,81,r4,red,adc,射手,liangzi,standard,1,1,1,0,8771,5875,7153,383,12.13,,,1,0,1,,1,882,418,,1472,3042,5618,,,,,,,,,,t3_shieldbreaker|t3_rendspear
standard,81,r5,red,sup,坦克,tiebi,standard,1,3,1,3,6016,13295,10612,568.3,8.28,12.28,16.48,3,1,2,,3,247,1247,,632,3847,7607,,,,,,,,,,t3_calmveil|t3_thornmail
standard,82,b1,blue,top,戰士,longyi,standard,0,1,5,0,10408,27625,7875,339.2,9.33,17.08,,2,1,1,2,2,292,772,178,474,3442,5602,6978,5266,480,480,,560,,192,,t3_shieldbreaker|t3_finalstring
standard,82,b2,blue,jungle,戰士,hunpo,standard,0,0,4,0,4771,11186,7596,327.2,11.46,,,1,0,1,1,1,960,1165,411,1196,3170,4965,6511,5266,144,,,160,748,192,,t3_psyward
standard,82,b3,blue,mid,法師,auralith,standard,0,3,6,1,16048,14428,9259,398.8,11.51,20.55,,2,0,1,1,2,1158,140,1464,328,3418,5690,7914,5266,696,960,240,560,,192,,t3_psyward
standard,82,b4,blue,adc,射手,liangzicz,standard,0,2,5,0,15177,11312,8371,360.6,11.62,22.14,,2,0,1,1,2,922,438,866,1050,3082,4738,6546,5266,528,,,560,,192,,t3_shieldbreaker|t3_rendspear
standard,82,b5,blue,sup,輔助,zhanchang,standard,0,0,1,0,4471,15720,8729,376,7.91,14.2,20.07,3,1,2,2,3,459,391,754,268,3859,6091,7784,5266,168,,,160,,192,1997,t3_calmveil
standard,82,r1,red,top,戰士,longyi,standard,1,10,0,1,17661,27592,13175,567.5,9.59,15.41,19.77,4,1,1,3,4,118,838,178,374,3918,6318,10678,5266,476,3360,120,1200,,256,,t3_shieldbreaker|t3_finalstring
standard,82,r2,red,jungle,戰士,hunpo,standard,1,2,1,4,9553,10694,9823,423.1,11.67,18.51,,2,0,1,2,2,1448,1003,86,523,3658,5753,8016,5266,328,480,480,,1205,256,,t3_psyward
standard,82,r3,red,mid,法師,auralith,standard,1,5,2,0,18937,15025,10531,453.6,12.93,19.08,,2,0,1,2,2,886,278,138,1180,3146,4778,7938,5266,856,960,,600,,256,,t3_psyward
standard,82,r4,red,adc,射手,liangzicz,standard,1,4,3,2,14906,8731,9747,419.8,12.36,20.55,,2,0,1,1,2,738,406,2018,846,2898,4706,7698,5266,576,960,240,400,,256,,t3_shieldbreaker|t3_rendspear
standard,82,r5,red,sup,輔助,zhanchang,standard,1,0,0,8,7191,14108,11687,503.4,7.1,13.99,17.26,3,1,2,3,3,683,183,862,2647,3783,6183,9902,5266,196,,1080,1000,,256,2104,t3_calmveil
standard,83,b1,blue,top,戰士,chichuan,standard,0,0,3,0,9698,24525,7235,330.6,10.68,20.44,,2,0,1,1,2,960,472,1112,334,3010,4872,6712,5266,624,,,800,22,0,,t3_shieldbreaker|t3_finalstring
standard,83,b2,blue,jungle,戰士,leimingcf,standard,0,2,4,0,6919,18686,8265,377.7,10.07,18.62,,2,0,1,2,2,1181,199,342,634,3181,4849,7672,5266,80,960,,400,965,0,,t3_shieldbreaker|t3_finalstring
standard,83,b3,blue,mid,法師,xingjie,standard,0,2,4,0,13607,13881,8172,373.5,13.62,19.27,,2,0,1,2,2,782,396,316,342,3042,4546,7266,5266,640,960,,400,,0,,t3_psyward
standard,83,b4,blue,adc,射手,xingchen,standard,0,2,2,3,16879,12163,8737,399.3,11.88,19.08,,2,0,1,2,2,800,348,70,936,2960,4478,7270,5266,568,,600,800,36,0,,t3_shieldbreaker|t3_rendspear
standard,83,b5,blue,sup,輔助,hexweave,standard,0,0,1,1,4891,17367,8149,372.4,7.91,14.45,21.29,3,1,2,2,3,355,307,596,449,3755,5707,7626,5266,168,,120,,,0,2072,t3_calmveil
standard,83,r1,red,top,戰士,chichuan,standard,1,6,1,0,16173,24229,10823,494.6,10.29,17.56,,2,0,1,2,2,1520,806,796,2223,3570,5986,8796,5266,576,1920,,480,,554,,t3_shieldbreaker|t3_finalstring
standard,83,r2,red,jungle,戰士,leimingcf,standard,1,2,0,4,10217,14281,9936,454,10.35,16.04,,2,0,1,2,2,2329,1210,437,1385,4029,6640,8987,5266,80,960,720,480,926,554,,t3_shieldbreaker|t3_finalstring
standard,83,r3,red,mid,法師,xingjie,standard,1,2,1,2,24765,11113,9076,414.8,11.51,19.37,,2,0,1,2,2,878,256,366,1046,3138,5106,7916,5266,656,960,,480,,554,,t3_psyward
standard,83,r4,red,adc,射手,xingchen,standard,1,4,2,0,15612,8456,9513,434.7,10.99,19.11,,2,0,1,2,2,898,514,174,963,3058,4994,7794,5266,640,960,,480,,448,,t3_shieldbreaker|t3_rendspear
standard,83,r5,red,sup,輔助,hexweave,standard,1,0,2,2,4750,12496,10252,468.5,6.99,13.54,17.84,3,1,2,3,3,539,623,304,1022,3939,6323,8784,5266,160,,240,480,,448,2189,t3_calmveil
standard,84,b1,blue,top,戰士,xueyue,standard,0,0,3,0,13498,26360,7908,331.2,10.89,21.23,,2,0,1,1,2,1072,428,720,357,3122,4578,6370,5266,640,,,400,,64,,t3_shieldbreaker|t3_finalstring
standard,84,b2,blue,jungle,戰士,fengbao,standard,0,0,3,1,9886,20689,8507,356.3,10.23,18.7,,2,0,1,2,2,1095,260,160,757,3095,4840,7260,5266,304,,120,800,706,64,,t3_shieldbreaker|t3_finalstring
standard,84,b3,blue,mid,法師,auralith,standard,0,0,7,1,15388,15320,7100,297.4,12.65,,,1,0,1,1,1,846,768,426,1019,3106,4618,6026,5266,576,,120,,,64,,t3_psyward
standard,84,b4,blue,adc,射手,dujian,standard,0,9,5,0,25609,12959,11524,482.7,10.38,18.24,22.36,3,0,1,2,3,818,130,1150,373,2978,5330,8050,5266,400,1920,,400,,64,,t3_shieldbreaker|t3_rendspear
standard,84,b5,blue,sup,坦克,tiankong,standard,0,0,4,0,5827,21099,9608,402.4,7.93,15.75,19.83,3,1,1,3,3,943,477,270,648,3843,5827,8470,5266,160,,,800,43,64,2136,t3_calmveil|t3_thornmail
standard,84,r1,red,top,戰士,xueyue,standard,1,4,0,3,17605,26202,10772,451.2,10.08,16.83,21.74,3,0,1,2,3,1408,1740,540,641,3458,6370,8290,5266,576,1440,,640,,368,,t3_shieldbreaker|t3_finalstring
standard,84,r2,red,jungle,戰士,fengbao,standard,1,4,2,3,11504,14790,11050,462.8,9.42,17.71,23.51,3,1,1,2,3,487,1679,337,549,3587,6079,8337,5266,240,960,320,240,943,368,,t3_shieldbreaker|t3_finalstring
standard,84,r3,red,mid,法師,auralith,standard,1,3,3,2,22379,11785,10156,425.4,12.19,19.98,,2,0,1,2,2,1278,346,144,755,3538,5946,7994,5266,560,960,200,640,,368,,t3_psyward
standard,84,r4,red,adc,射手,dujian,standard,1,7,4,4,23767,9813,11908,498.8,11.34,19.25,22.74,3,0,1,2,3,802,146,686,527,2962,5346,8306,5266,592,960,720,640,,128,,t3_shieldbreaker|t3_rendspear
standard,84,r5,red,sup,坦克,tiankong,standard,1,4,0,4,8177,18915,11651,488,8.42,14.3,17.47,4,1,2,3,4,387,391,293,351,3987,7051,9793,5266,80,1440,680,240,,368,1719,t3_calmveil|t3_thornmail
standard,85,b1,blue,top,戰士,langwang,standard,1,0,1,0,6083,18035,6876,339.8,11.6,,,1,0,1,1,1,1136,412,1172,1395,3186,4812,6652,5266,586,,,560,,240,,t3_shieldbreaker|t3_finalstring
standard,85,b2,blue,jungle,戰士,ronggang,standard,1,0,1,0,5488,13046,7005,346.2,10.75,19.99,,2,0,1,2,2,1246,488,32,255,3246,5138,6782,5266,112,,,160,1004,240,,t3_shieldbreaker|t3_finalstring
standard,85,b3,blue,mid,法師,xingjie,standard,1,0,5,0,10808,10990,6401,316.4,11.85,,,1,0,1,1,1,878,252,248,170,3138,4802,6178,5266,512,,,160,,240,,t3_psyward
standard,85,b4,blue,adc,射手,tianfa,standard,1,2,3,0,12338,8412,8187,404.6,11.88,19.52,,2,0,1,2,2,914,426,43,266,3074,5206,7963,5266,768,960,,960,9,0,,t3_shieldbreaker|t3_rendspear
standard,85,b5,blue,sup,輔助,mingyun,standard,1,0,1,0,4456,11351,8470,418.6,7.93,14.18,19.9,3,1,2,3,3,207,376,87,309,3907,6076,8247,5266,229,,,560,9,240,1942,t3_calmveil
standard,85,r1,red,top,戰士,langwang,standard,0,7,0,1,10674,20185,11087,547.9,10.72,16.53,18.7,3,0,1,3,3,1494,456,224,286,3544,5936,11024,5266,658,3360,240,1200,43,256,,t3_shieldbreaker|t3_finalstring
standard,85,r2,red,jungle,戰士,ronggang,standard,0,1,1,2,6950,10643,7915,391.2,8.86,17.38,,2,1,1,2,2,397,235,501,564,3497,5365,7851,5266,290,480,480,,1079,256,,t3_shieldbreaker|t3_finalstring
standard,85,r3,red,mid,法師,xingjie,standard,0,1,1,0,12151,10652,7202,355.9,11.11,,,1,0,1,1,1,958,156,638,701,3218,5186,7138,5266,714,480,,400,22,256,,t3_psyward
standard,85,r4,red,adc,射手,tianfa,standard,0,2,0,0,15434,8320,7249,358.3,10.86,20.02,,2,0,1,1,2,970,254,1506,248,3130,4554,7186,5266,704,960,,,,256,,t3_shieldbreaker|t3_rendspear
standard,85,r5,red,sup,輔助,mingyun,standard,0,0,0,0,3578,12571,8797,434.8,6.95,13.48,17.75,3,1,2,3,3,727,291,707,796,3827,6171,8707,5266,128,,,800,,256,2256,t3_calmveil
standard,86,b1,blue,top,戰士,kuangfeng,standard,1,0,2,1,11442,23825,8040,361.8,10.38,20.55,,2,0,1,1,2,944,70,1770,340,2994,5250,7250,5266,528,,240,960,,256,,t3_shieldbreaker|t3_finalstring
standard,86,b2,blue,jungle,戰士,rongyan,standard,1,0,1,0,6496,14490,7637,343.6,10.07,20.23,,2,0,1,1,2,1259,517,1422,586,3259,5167,6852,5266,341,,,160,721,362,,t3_shieldbreaker|t3_finalstring
standard,86,b3,blue,mid,法師,auralith,standard,1,2,5,0,14871,12368,8648,389.1,11.88,18.98,,2,0,1,2,2,1006,288,340,618,3266,5138,7890,5266,848,960,,560,,256,,t3_psyward
standard,86,b4,blue,adc,射手,dawnstrike,standard,1,8,1,0,24526,9944,11430,514.3,10.93,18.42,21.41,3,0,1,2,3,962,458,1402,529,3122,5538,9652,5266,784,2880,,360,,362,,t3_shieldbreaker|t3_rendspear
standard,86,b5,blue,sup,輔助,shengguang,standard,1,0,2,1,7504,14858,9652,434.3,6.98,13.17,18.58,3,1,2,3,3,523,325,191,422,3923,6205,8851,5266,282,,240,760,,362,1940,t3_calmveil
standard,86,r1,red,top,戰士,kuangfeng,standard,0,1,2,1,11279,24528,7896,355.3,11.68,19.32,,2,0,1,2,2,896,282,258,196,2946,5282,7058,5266,512,480,,800,,0,,t3_shieldbreaker|t3_finalstring
standard,86,r2,red,jungle,戰士,rongyan,standard,0,3,1,0,13796,17641,9441,424.8,9.63,17.95,,2,1,1,2,2,284,455,848,891,3384,5885,8798,5266,314,1440,,200,1417,160,,t3_shieldbreaker|t3_finalstring
standard,86,r3,red,mid,法師,auralith,standard,0,5,1,2,19238,13439,9850,443.2,12.18,18.97,,2,0,1,2,2,950,300,441,449,3210,5330,8291,5266,856,1440,360,200,9,160,,t3_psyward
standard,86,r4,red,adc,射手,dawnstrike,standard,0,2,4,2,12623,9032,9000,405,12.34,20.24,,2,0,1,1,2,674,226,1202,1050,2834,4226,6882,5266,336,480,240,400,,160,,t3_shieldbreaker|t3_rendspear
standard,86,r5,red,sup,輔助,shengguang,standard,0,0,2,3,3766,13887,8924,401.5,8.34,14.79,19.52,3,1,2,3,3,419,124,354,444,3819,5824,8054,5266,221,,360,,9,160,2037,t3_calmveil
standard,87,b1,blue,top,戰士,greymantle,standard,0,2,3,0,8348,21853,7636,354.8,10.85,20.44,,2,0,1,1,2,1016,172,1528,506,3066,4922,7178,5266,488,960,,400,,64,,t3_shieldbreaker|t3_finalstring
standard,87,b2,blue,jungle,戰士,tielian,standard,0,0,7,0,6051,14475,6746,313.4,10.66,,,1,0,1,1,1,1083,559,620,1145,3083,4659,6220,5266,184,,,,706,64,,t3_shieldbreaker|t3_finalstring
standard,87,b3,blue,mid,法師,xingjie,standard,0,0,6,1,15762,12355,6716,312,12.71,,,1,0,1,1,1,830,816,706,636,3090,4666,6306,5266,656,,120,200,,64,,t3_psyward
standard,87,b4,blue,adc,射手,yanfeng,standard,0,2,4,2,16041,10439,7843,364.3,12.16,21.48,,2,0,1,1,2,874,592,1152,42,3034,4592,6952,5266,568,480,360,200,14,64,,t3_shieldbreaker|t3_rendspear
standard,87,b5,blue,sup,坦克,bingshouweis,standard,0,0,2,0,2938,18115,9516,442.1,8.5,15.29,19.54,3,1,1,3,3,975,592,78,536,3875,5942,9058,5266,248,,,1200,43,64,2236,t3_calmveil|t3_thornmail
standard,87,r1,red,top,戰士,greymantle,standard,1,8,0,0,10665,21807,11996,557.3,10.58,15.19,19.19,3,0,1,3,3,1056,872,368,1446,3106,6402,10018,5266,768,2880,,720,,384,,t3_shieldbreaker|t3_finalstring
standard,87,r2,red,jungle,戰士,tielian,standard,1,9,0,3,12842,12650,12986,603.3,7.93,14.67,18.32,3,1,2,3,3,681,416,1666,2486,3781,7516,12166,5266,277,4320,600,320,999,384,,t3_shieldbreaker|t3_finalstring
standard,87,r3,red,mid,法師,xingjie,standard,1,1,2,6,18579,11246,9673,449.4,12.34,18.57,,2,0,1,2,2,798,606,107,1173,3058,5156,8607,5266,757,480,600,1120,,384,,t3_psyward
standard,87,r4,red,adc,射手,yanfeng,standard,1,3,2,3,15488,8447,9464,439.7,12.53,20.44,,2,0,1,1,2,818,1258,2733,563,2978,5738,8413,5266,661,960,600,520,22,384,,t3_shieldbreaker|t3_rendspear
standard,87,r5,red,sup,坦克,bingshouweis,standard,1,1,0,4,4749,14701,10036,466.3,8.19,14.52,18.48,3,1,2,3,3,200,368,86,656,3800,6728,9466,5266,223,480,840,520,,384,1752,t3_calmveil|t3_thornmail
standard,88,b1,blue,top,戰士,cinderfist,standard,0,0,5,0,9369,23674,7692,357.4,9.88,19.27,,2,1,1,2,2,44,452,232,262,3194,4602,6882,5266,688,,,800,,128,,t3_shieldbreaker|t3_finalstring
standard,88,b2,blue,jungle,戰士,greymantle,standard,0,1,0,1,8389,14600,7959,369.8,10.09,19.74,,2,0,1,2,2,1371,655,208,559,3371,4935,7008,5266,496,,240,,878,128,,t3_shieldbreaker|t3_finalstring
standard,88,b3,blue,mid,法師,gambler,standard,0,3,2,0,16186,14740,9145,424.9,12.04,18.3,,2,0,1,2,2,1171,441,303,445,3431,5471,8703,5266,1069,1440,,800,,128,,t3_psyward
standard,88,b4,blue,adc,射手,xuanfeng,standard,0,3,2,0,10281,11330,9022,419.1,11.43,19.11,,2,0,1,2,2,981,135,899,441,3141,4915,8099,5266,688,960,,1000,57,128,,t3_shieldbreaker|t3_rendspear
standard,88,b5,blue,sup,坦克,xukong,standard,0,0,2,1,6578,16422,8967,416.6,7.89,14.86,20.96,3,1,2,2,3,349,185,1141,367,3949,6085,8381,5266,290,,240,200,,128,2256,t3_calmveil|t3_thornmail
standard,88,r1,red,top,戰士,cinderfist,standard,1,3,0,1,13067,20880,9383,435.9,9.83,16.43,,2,1,1,2,2,404,420,203,1033,3554,5650,8253,5266,784,960,240,560,43,400,,t3_shieldbreaker|t3_finalstring
standard,88,r2,red,jungle,戰士,greymantle,standard,1,1,1,0,9550,14946,8867,411.9,9.71,16.88,,2,1,1,2,2,227,1099,576,866,3327,6279,7976,5266,152,480,,560,1118,400,,t3_shieldbreaker|t3_finalstring
standard,88,r3,red,mid,法師,gambler,standard,1,2,1,1,16657,11444,8820,409.8,12.98,19.61,,2,0,1,2,2,806,356,200,490,3066,5386,8050,5266,864,960,,560,,400,,t3_psyward
standard,88,r4,red,adc,射手,xuanfeng,standard,1,4,3,0,15574,8808,8888,412.9,12.28,19.34,,2,0,1,2,2,782,350,758,338,2942,4830,7758,5266,572,1440,,160,,320,,t3_shieldbreaker|t3_rendspear
standard,88,r5,red,sup,坦克,xukong,standard,1,1,2,2,5336,14136,10337,480.2,8.59,14.24,20.95,3,1,2,2,3,907,383,1751,836,3807,6583,8991,5266,188,480,240,160,,400,2256,t3_calmveil|t3_thornmail
standard,89,b1,blue,top,戰士,leimingcf,standard,0,2,3,0,6842,24653,9576,377.1,15.03,20.27,,2,0,0,1,2,880,2416,1271,976,2930,4466,6751,5266,496,480,,400,28,80,,t3_shieldbreaker|t3_finalstring
standard,89,b2,blue,jungle,刺客,binghe,standard,0,2,3,0,6277,13476,9327,367.3,10.42,21.06,,2,0,1,1,2,1258,723,1064,996,3188,4873,6644,5266,264,,,,1033,80,,t3_finalstring
standard,89,b3,blue,mid,法師,ronghuo,standard,0,3,5,0,18121,17513,9665,380.7,13.78,20.8,,2,0,1,1,2,718,552,237,965,2978,4402,6717,5266,528,480,,400,43,0,,t3_psyward
standard,89,b4,blue,adc,射手,phantom,standard,0,7,3,3,31193,11656,11764,463.3,12.56,19.84,23.98,3,0,1,2,3,794,298,98,1463,2954,4778,7098,5266,392,480,480,400,,80,,t3_shieldbreaker|t3_rendspear
standard,89,b5,blue,sup,輔助,tianshi,standard,0,0,4,3,7931,22106,10539,415,8.03,13.18,19.91,3,1,2,3,3,387,347,114,1498,3787,6227,7814,5266,304,,,400,,80,1764,t3_calmveil
standard,89,r1,red,top,戰士,leimingcf,standard,1,5,3,0,14382,31069,10908,429.6,10.58,17.86,22,3,0,1,2,3,976,166,404,407,3026,5346,9004,5266,554,2400,,400,,384,,t3_shieldbreaker|t3_finalstring
standard,89,r2,red,jungle,刺客,binghe,standard,1,5,4,0,12788,14255,11810,465.1,11.28,16.2,23.03,3,0,1,2,3,1327,808,680,1380,3257,5608,9010,5266,352,1440,,400,1168,384,,t3_finalstring
standard,89,r3,red,mid,法師,ronghuo,standard,1,3,3,2,20339,14640,11180,440.3,12.22,19.81,,2,0,1,2,2,838,72,94,1779,3098,4922,7644,5266,834,,360,800,,384,,t3_psyward
standard,89,r4,red,adc,射手,phantom,standard,1,5,4,0,18810,10177,11228,442.2,11.33,21.43,,2,0,1,1,2,1218,610,1106,2677,2898,4610,6786,5266,256,480,,400,,384,,t3_shieldbreaker|t3_rendspear
standard,89,r5,red,sup,輔助,tianshi,standard,1,0,0,3,5479,16420,10768,424.1,6.74,13.71,18.78,4,1,2,3,4,1351,739,737,367,3851,6139,8737,5266,178,,600,400,,384,1908,t3_calmveil
standard,90,b1,blue,top,戰士,jufeng,standard,0,1,4,0,10250,25419,7486,323.9,11.58,19.88,,2,0,1,2,2,720,332,172,235,2770,4682,6122,5266,456,,,400,,0,,t3_shieldbreaker|t3_finalstring
standard,90,b2,blue,jungle,刺客,shanying,standard,0,0,9,0,5137,11461,7332,317.3,10.27,22.25,,2,0,1,1,2,1235,782,693,332,3165,4682,6323,5266,208,,,,849,0,,t3_finalstring
standard,90,b3,blue,mid,法師,gambler,standard,0,1,7,1,13657,14934,7790,337.1,13.51,20.43,,2,0,1,1,2,710,244,918,439,2970,4394,6698,5266,552,480,,400,,0,,t3_psyward
standard,90,b4,blue,adc,射手,huanying,standard,0,1,6,1,12815,12531,7807,337.9,12.32,20.27,,2,0,1,1,2,754,129,1277,127,2914,4379,6427,5266,464,,240,400,57,0,,t3_shieldbreaker|t3_rendspear
standard,90,b5,blue,sup,坦克,ironclad,standard,0,0,4,0,6035,22103,8749,378.6,9.63,16.21,22.23,3,1,1,2,3,203,381,201,249,3803,5731,7881,5266,144,,,400,,0,2071,t3_calmveil|t3_thornmail
standard,90,r1,red,top,戰士,jufeng,standard,1,5,0,5,16234,24746,11982,518.5,9.18,16.93,21.73,3,1,1,2,3,409,456,868,1852,3559,5986,8618,5266,581,960,840,480,43,448,,t3_shieldbreaker|t3_finalstring
standard,90,r2,red,jungle,刺客,shanying,standard,1,8,1,2,9943,11606,13243,573.1,8.43,15.16,17.46,4,1,1,3,4,127,2798,653,742,4327,8428,11783,5266,312,3840,240,480,1197,448,,t3_finalstring
standard,90,r3,red,mid,法師,gambler,standard,1,9,1,2,24484,12662,13043,564.4,11.76,16.86,22.98,3,0,1,2,3,1203,131,143,563,3463,6031,9423,5266,709,2400,120,480,,448,,t3_psyward
standard,90,r4,red,adc,射手,huanying,standard,1,7,1,3,20355,8857,12339,534,11.78,18.06,22.28,3,0,1,2,3,1031,287,517,2039,3191,5967,8767,5266,653,1440,480,480,,448,,t3_shieldbreaker|t3_rendspear
standard,90,r5,red,sup,坦克,ironclad,standard,1,1,0,5,8209,16741,11258,487.2,8.71,14.7,18.73,3,1,2,3,3,1103,155,146,1277,4003,6355,9526,5266,144,480,480,480,,448,2228,t3_calmveil|t3_thornmail
standard,91,b1,blue,top,戰士,anliuyouXia,standard,1,0,3,0,9737,22213,7394,337.3,10.62,20.51,,2,0,1,1,2,1002,642,1186,244,3052,4972,6716,5266,474,,,720,,256,,t3_shieldbreaker|t3_finalstring
standard,91,b2,blue,jungle,刺客,anye,standard,1,0,3,0,4991,9016,7580,345.7,10.69,20.52,,2,0,1,1,2,1320,475,1186,580,3250,5325,6816,5266,122,,,320,851,256,,t3_finalstring
standard,91,b3,blue,mid,法師,ronghuo,standard,1,6,2,0,14057,13111,10474,477.7,12.22,20.37,,2,0,1,1,2,952,172,1856,1074,3212,5772,8356,5266,874,1440,,520,,256,,t3_psyward
standard,91,b4,blue,adc,射手,guangsu,standard,1,0,0,3,12731,9573,8506,388,11.38,20.23,,2,0,1,1,2,884,56,1604,556,3044,4956,7284,5266,602,,240,920,,256,,t3_shieldbreaker|t3_rendspear
standard,91,b5,blue,sup,坦克,shengdun,standard,1,1,0,0,5384,17352,10045,458.2,8.29,13.99,18.75,3,1,2,3,3,288,874,590,665,3888,6774,9190,5266,197,480,,720,14,256,2256,t3_calmveil|t3_thornmail
standard,91,r1,red,top,戰士,anliuyouXia,standard,0,2,1,0,9064,19600,8796,401.2,10.93,19.14,,2,0,1,2,2,1024,237,396,465,3074,4987,8246,5266,570,960,,1200,57,192,,t3_shieldbreaker|t3_finalstring
standard,91,r2,red,jungle,刺客,anye,standard,0,1,0,1,4835,9081,7850,358,10.16,19.6,,2,0,1,2,2,1326,364,380,369,3256,4744,7080,5266,282,480,120,,739,192,,t3_finalstring
standard,91,r3,red,mid,法師,ronghuo,standard,0,1,2,0,12017,12174,7568,345.2,12.74,21.53,,2,0,1,1,2,750,656,570,217,3010,4506,7050,5266,712,480,,400,,192,,t3_psyward
standard,91,r4,red,adc,射手,guangsu,standard,0,3,4,2,19902,9364,8810,401.8,11.88,20.78,,2,0,1,1,2,762,404,740,1810,2922,4404,6420,5266,482,,480,,,192,,t3_shieldbreaker|t3_rendspear
standard,91,r5,red,sup,坦克,shengdun,standard,0,1,0,1,5954,15040,9614,438.5,8.76,16.31,21.3,3,1,1,2,3,839,317,1203,534,3739,5667,8443,5266,128,480,120,,,192,2256,t3_calmveil|t3_thornmail
standard,92,b1,blue,top,戰士,tielian,standard,0,2,1,0,11180,22798,8815,398.1,10.06,17.74,,2,0,1,2,2,1200,714,339,215,3250,5714,8039,5266,688,960,,933,,192,,t3_shieldbreaker|t3_finalstring
standard,92,b2,blue,jungle,刺客,wuxing,standard,0,2,2,0,5093,10944,8221,371.3,10.77,17.78,,2,0,1,2,2,1499,288,95,371,3429,5088,7645,5266,320,960,,,907,192,,t3_finalstring
standard,92,b3,blue,mid,法師,gambler,standard,0,6,1,3,18457,15606,11021,497.7,12.7,19.92,21.95,3,0,1,2,3,1102,152,241,170,3362,5602,8271,5266,880,1440,360,133,,192,,t3_psyward
standard,92,b4,blue,adc,射手,mori,standard,0,5,2,6,20431,10867,10818,488.6,11.53,18.96,21.09,3,0,1,2,3,988,168,178,37,3148,5068,8428,5266,650,1440,480,400,,192,,t3_shieldbreaker|t3_rendspear
standard,92,b5,blue,sup,輔助,fuwenbianzhi,standard,0,0,1,2,3234,12699,9252,417.8,6.67,12.98,19.91,3,1,2,3,3,1423,338,50,211,3923,6338,8510,5266,117,,360,533,57,192,1984,t3_calmveil
standard,92,r1,red,top,戰士,tielian,standard,1,1,2,1,11402,22790,7986,360.7,11.12,18.73,,2,0,1,2,2,1088,286,150,235,3138,4866,7250,5266,656,480,240,240,,368,,t3_shieldbreaker|t3_finalstring
standard,92,r2,red,jungle,刺客,wuxing,standard,1,0,3,0,2815,10159,7809,352.7,9.98,18.92,,2,1,1,2,2,164,842,307,858,3364,5172,6957,5266,144,,,240,1019,288,,t3_finalstring
standard,92,r3,red,mid,法師,gambler,standard,1,0,3,0,10467,12200,7674,346.6,11.73,,,1,0,1,1,1,766,304,406,1173,3026,5154,6906,5266,632,,,640,,368,,t3_psyward
standard,92,r4,red,adc,射手,mori,standard,1,6,4,0,18624,10291,10538,475.9,11.73,18.95,22.14,3,0,1,2,3,802,442,112,217,2962,5042,8362,5266,448,1440,,840,,368,,t3_shieldbreaker|t3_rendspear
standard,92,r5,red,sup,輔助,fuwenbianzhi,standard,1,0,3,0,4630,13423,9118,411.8,7.85,13.73,18.57,3,1,2,3,3,47,571,682,538,3747,5971,8382,5266,104,,,840,,208,1964,t3_calmveil
standard,93,b1,blue,top,戰士,hunpo,standard,0,1,2,0,7517,21278,8713,360.3,13.46,21.63,,2,0,1,1,2,782,170,870,263,3042,4970,6570,5266,680,,,400,,224,,t3_psyward
standard,93,b2,blue,jungle,刺客,voidrift,standard,0,3,4,1,7499,11469,9665,399.7,10.71,18.7,,2,0,1,2,2,1313,231,687,1335,3243,4861,7337,5266,218,480,240,,908,224,,t3_finalstring
standard,93,b3,blue,mid,法師,leiming,standard,0,5,4,0,16975,14254,10519,435,13.2,19.02,,2,0,1,2,2,766,258,502,1168,3026,5058,8002,5266,672,1440,,400,,224,,t3_psyward
standard,93,b4,blue,adc,射手,leiting,standard,0,10,6,1,22708,12161,12634,522.4,11.74,18.38,21.57,3,0,1,2,3,866,313,827,833,3026,4613,9077,5266,664,2400,240,400,43,64,,t3_shieldbreaker|t3_rendspear
standard,93,b5,blue,sup,輔助,luminary,standard,0,0,0,2,6163,16355,10285,425.3,8.63,14.15,19.63,3,1,2,3,3,679,79,194,1245,3779,5779,7894,5266,133,,,,14,224,2256,t3_calmveil
standard,93,r1,red,top,戰士,hunpo,standard,1,3,3,0,8867,17375,9983,412.8,12.41,20.93,,2,0,1,1,2,1150,470,424,1232,3410,5450,6874,5266,600,480,,320,,208,,t3_psyward
standard,93,r2,red,jungle,刺客,voidrift,standard,1,2,3,0,5785,11715,9532,394.1,11.5,18.73,,2,0,1,2,2,1198,2190,153,1201,3128,5390,8183,5266,160,960,,320,1269,208,,t3_finalstring
standard,93,r3,red,mid,法師,leiming,standard,1,4,4,2,19711,13878,10143,419.4,13.27,20.7,,2,0,1,1,2,670,122,720,792,2930,4922,7170,5266,536,480,360,320,,208,,t3_psyward
standard,93,r4,red,adc,射手,leiting,standard,1,6,5,1,15352,10149,10791,446.2,12.26,19.42,23.68,3,0,1,2,3,946,326,234,310,3106,5106,7554,5266,560,960,240,320,,208,,t3_shieldbreaker|t3_rendspear
standard,93,r5,red,sup,輔助,luminary,standard,1,1,4,5,8036,17951,11235,464.6,7.63,14.08,17.98,4,1,2,3,4,679,61,802,355,3779,6611,8502,5266,192,,360,720,,128,1836,t3_calmveil
standard,94,b1,blue,top,戰士,dushe,standard,0,0,1,0,7233,19825,6393,326,11.62,19.28,,2,0,1,,2,880,272,,142,2930,4322,,,,,,,,,,t3_shieldbreaker|t3_finalstring
standard,94,b2,blue,jungle,刺客,miwu,standard,0,1,5,0,5248,9037,6988,356.4,9.42,18.97,,2,1,1,,2,656,224,,287,3856,5504,,,,,,,,,,t3_finalstring
standard,94,b3,blue,mid,法師,haixiao,standard,0,0,0,1,10936,11926,6321,322.4,12.56,,,1,0,1,,1,934,184,,540,3194,4634,,,,,,,,,,t3_psyward
standard,94,b4,blue,adc,射手,shensheng,standard,0,1,4,0,10125,9836,6633,338.3,11.47,18.95,,2,0,1,,2,850,236,,382,3010,4786,,,,,,,,,,t3_shieldbreaker|t3_rendspear
standard,94,b5,blue,sup,坦克,tiebi,standard,0,0,2,1,3795,14909,8042,410.1,7.98,15.23,,2,1,1,,2,283,485,,362,3883,5835,,,,,,,,,,t3_calmveil|t3_thornmail
standard,94,r1,red,top,戰士,dushe,standard,1,2,0,0,10594,14743,8228,419.6,9.03,17.56,,2,1,1,,2,478,798,,177,3628,6028,,,,,,,,,,t3_shieldbreaker|t3_finalstring
standard,94,r2,red,jungle,刺客,miwu,standard,1,1,0,2,6330,8561,8051,410.6,9.21,17.53,,2,1,1,,2,295,319,,150,3495,5949,,,,,,,,,,t3_finalstring
standard,94,r3,red,mid,法師,haixiao,standard,1,2,1,0,10694,8293,7721,393.8,12.07,,,1,0,1,,1,990,1816,,1220,3250,5666,,,,,,,,,,t3_psyward
standard,94,r4,red,adc,射手,shensheng,standard,1,3,0,3,15310,6644,9143,466.3,11.03,17.83,,2,0,1,,2,948,292,,1192,3108,5972,,,,,,,,,,t3_shieldbreaker|t3_rendspear
standard,94,r5,red,sup,坦克,tiebi,standard,1,4,1,3,6199,13565,11176,570,9.13,13.68,17.83,3,1,2,,3,387,599,,1196,3987,7379,,,,,,,,,,t3_calmveil|t3_thornmail
standard,95,b1,blue,top,戰士,fengbao,standard,0,1,1,0,6392,17321,5984,334.1,11.69,,,1,0,1,,1,864,324,,1034,2914,4674,,,,,,,,,,t3_shieldbreaker|t3_finalstring
standard,95,b2,blue,jungle,刺客,guihuo,standard,0,0,3,0,2893,7245,5467,305.3,10.73,,,1,0,1,,1,1177,269,,837,3107,4599,,,,,,,,,,t3_finalstring
standard,95,b3,blue,mid,法師,leiming,standard,0,1,2,0,9660,10306,5824,325.2,13.26,,,1,0,1,,1,814,796,,314,3074,4946,,,,,,,,,,t3_psyward
standard,95,b4,blue,adc,射手,liangzicz,standard,0,1,0,0,7626,6985,5848,326.6,12.14,,,1,0,1,,1,802,368,,698,2962,4498,,,,,,,,,,t3_shieldbreaker|t3_rendspear
standard,95,b5,blue,sup,輔助,fengshen,standard,0,0,4,1,2975,10647,7480,417.7,7.37,15.99,,2,1,1,,2,438,908,,449,3838,5758,,,,,,,,,,t3_calmveil
standard,95,r1,red,top,戰士,fengbao,standard,1,3,0,0,10300,16151,7547,421.4,9.73,16.88,,2,1,1,,2,132,884,,446,3932,6364,,,,,,,,,,t3_shieldbreaker|t3_finalstring
standard,95,r2,red,jungle,刺客,guihuo,standard,1,7,0,1,7227,8159,10625,593.3,7.99,14.76,,2,1,2,,2,292,146,,2294,4142,7996,,,,,,,,,,t3_finalstring
standard,95,r3,red,mid,法師,leiming,standard,1,0,2,2,9384,8669,6744,376.6,11.94,,,1,0,1,,1,1030,56,,244,3290,5386,,,,,,,,,,t3_psyward
standard,95,r4,red,adc,射手,liangzicz,standard,1,0,1,2,8754,6806,6432,359.2,11.14,,,1,0,1,,1,906,254,,752,3066,5034,,,,,,,,,,t3_shieldbreaker|t3_rendspear
standard,95,r5,red,sup,輔助,fengshen,standard,1,0,0,1,2028,8081,8293,463.1,9.49,13.17,17.33,3,1,2,,3,448,566,,593,3848,6816,,,,,,,,,,t3_calmveil
standard,96,b1,blue,top,戰士,langwang,standard,1,1,0,1,15046,28570,10688,408.1,10.35,20.93,,2,0,1,1,2,1008,310,1106,2087,3058,5010,6586,5266,608,,120,400,,192,,t3_shieldbreaker|t3_finalstring
standard,96,b2,blue,jungle,刺客,jiansheng,standard,1,1,4,0,7443,15246,9290,354.7,9.7,19.1,,2,1,1,2,2,144,129,414,960,3344,5059,7064,5266,304,480,,,821,192,,t3_finalstring
standard,96,b3,blue,mid,法師,haixiao,standard,1,4,4,1,21514,18901,10379,396.3,12.48,21.63,,2,0,1,1,2,806,264,742,978,3066,5114,7242,5266,584,960,240,,,192,,t3_psyward
standard,96,b4,blue,adc,射手,xingchen,standard,1,10,6,0,28276,12889,13224,504.9,12.18,18.28,21.89,4,0,1,2,4,1010,294,200,323,3170,5074,8450,5266,672,1920,,400,,192,,t3_shieldbreaker|t3_rendspear
standard,96,b5,blue,sup,輔助,hexweave,standard,1,0,4,1,6485,18316,10350,395.2,9.03,14.53,20.43,3,1,2,2,3,435,186,824,1310,3835,5886,7854,5266,136,,120,,43,192,2096,t3_calmveil
standard,96,r1,red,top,戰士,langwang,standard,0,5,0,0,15250,28615,11686,446.2,10.45,20.22,24.69,3,0,1,1,3,1104,358,1834,2086,3154,5058,7314,5266,880,480,,560,,128,,t3_shieldbreaker|t3_finalstring
standard,96,r2,red,jungle,刺客,jiansheng,standard,0,3,5,1,8350,14373,10974,419,9.47,17.7,24.74,3,1,1,2,3,146,435,488,843,3346,6015,7618,5266,288,480,,160,1296,128,,t3_finalstring
standard,96,r3,red,mid,法師,haixiao,standard,0,1,2,2,20487,14355,9768,372.9,12.56,21.92,,2,0,1,1,2,766,172,742,1317,3026,5322,7242,5266,808,480,,560,,128,,t3_psyward
standard,96,r4,red,adc,射手,xingchen,standard,0,9,8,1,23489,12862,12827,489.7,11.33,19.39,22.93,3,0,1,2,3,834,378,802,1026,2994,4858,7802,5266,448,960,240,760,,128,,t3_shieldbreaker|t3_rendspear
standard,96,r5,red,sup,輔助,hexweave,standard,0,0,1,3,9578,16607,10430,398.2,8.15,13.16,20.23,3,1,2,2,3,363,795,1002,1390,3763,6195,8032,5266,104,,240,360,,128,1934,t3_calmveil
standard,97,b1,blue,top,戰士,kuangfeng,standard,1,2,1,0,14337,24948,9321,397.4,9.49,19.09,,2,1,1,2,2,420,346,170,1091,3570,5826,8050,5266,560,960,,1040,,224,,t3_shieldbreaker|t3_finalstring
standard,97,b2,blue,jungle,刺客,hundun,standard,1,1,6,0,5623,10435,8663,369.3,12.43,22.98,,2,0,1,1,2,1026,704,299,383,3236,5204,6749,5266,154,,,240,864,224,,t3_psyward
standard,97,b3,blue,mid,法師,leiming,standard,1,4,5,1,17204,13493,9588,408.7,12.75,21.83,,2,0,1,1,2,936,262,184,787,3196,4812,6684,5266,634,480,,240,,64,,t3_psyward
standard,97,b4,blue,adc,射手,dujian,standard,1,6,6,0,21039,10855,10719,456.9,11.23,19.45,,2,0,1,2,2,964,364,228,1818,3124,4964,7228,5266,618,480,,640,,224,,t3_shieldbreaker|t3_rendspear
standard,97,b5,blue,sup,坦克,tiankong,standard,1,0,2,0,7107,21020,9684,412.8,8.95,14.69,20.73,3,1,2,2,3,967,403,951,283,3867,6203,8131,5266,144,,,240,,224,2256,t3_calmveil|t3_thornmail
standard,97,r1,red,top,戰士,kuangfeng,standard,0,2,1,0,14227,25012,9256,394.6,10.83,18.63,,2,0,1,2,2,1046,136,1478,656,3096,5016,8278,5266,560,960,,1200,36,256,,t3_shieldbreaker|t3_finalstring
standard,97,r2,red,jungle,刺客,hundun,standard,0,5,3,2,8325,11643,10865,463.2,10.06,17.64,22.79,3,0,1,2,3,1612,951,526,365,3822,6801,9276,5266,136,1920,360,,1338,256,,t3_psyward
standard,97,r3,red,mid,法師,leiming,standard,0,5,4,0,19341,13758,10007,426.6,11.49,21.89,,2,0,1,1,2,782,400,614,726,3042,5250,7114,5266,912,480,,200,,256,,t3_psyward
standard,97,r4,red,adc,射手,dujian,standard,0,7,3,3,18789,10928,10983,468.2,10.83,19.89,23.01,3,0,1,2,3,1058,318,124,682,3218,5098,8074,5266,512,1440,600,,,256,,t3_shieldbreaker|t3_rendspear
standard,97,r5,red,sup,坦克,tiankong,standard,0,1,2,0,8040,21767,10828,461.6,7.88,13.95,19.03,3,1,2,3,3,319,242,254,1428,3819,6342,9054,5266,152,480,,600,43,256,2256,t3_calmveil|t3_thornmail
standard,98,b1,blue,top,戰士,greymantle,standard,0,0,1,0,13223,26609,8115,320,11.03,20.69,,2,0,1,1,2,1072,600,1144,364,3122,4930,6674,5266,576,,,560,,272,,t3_shieldbreaker|t3_finalstring
standard,98,b2,blue,jungle,刺客,yueying,standard,0,1,8,0,10206,13645,9107,359.1,9.99,18.27,,2,1,1,2,2,139,202,198,726,3339,5832,7378,5266,336,480,,160,864,272,,t3_finalstring
standard,98,b3,blue,mid,法師,haixiao,standard,0,8,4,0,27701,16209,12077,476.3,12.27,18.56,24.45,3,0,1,2,3,886,766,142,647,3146,5796,8172,5266,634,1440,,560,,272,,t3_psyward
standard,98,b4,blue,adc,射手,tianfa,standard,0,6,6,0,22926,10865,11160,440.1,11.96,19.61,,2,0,1,2,2,770,1095,319,2259,2930,5095,7319,5266,421,480,,960,,192,,t3_shieldbreaker|t3_rendspear
standard,98,b5,blue,sup,坦克,shiqiang,standard,0,0,1,2,8001,28556,10799,425.8,8.54,14.4,20.24,3,1,2,2,3,1031,591,1435,818,3931,6491,8675,5266,240,,480,160,,272,2256,t3_calmveil|t3_thornmail
standard,98,r1,red,top,戰士,greymantle,standard,1,2,2,1,15233,31690,10057,396.6,11.13,17.89,24.78,3,0,1,2,3,1136,846,214,406,3186,5776,8264,5266,896,960,120,1000,22,0,,t3_shieldbreaker|t3_finalstring
standard,98,r2,red,jungle,刺客,yueying,standard,1,3,4,2,10655,17110,10674,420.9,8.98,17.49,23.08,3,1,1,2,3,658,295,768,494,3858,5625,7768,5266,266,480,360,200,1195,0,,t3_finalstring
standard,98,r3,red,mid,法師,haixiao,standard,1,3,2,0,19128,15183,9659,380.9,13.08,21.26,,2,0,1,1,2,846,712,430,258,3106,4562,6930,5266,704,960,,,,0,,t3_psyward
standard,98,r4,red,adc,射手,tianfa,standard,1,10,6,2,29824,13133,14533,573.1,11.27,17.52,22.55,3,0,1,2,3,996,328,326,2733,3156,5108,8276,5266,890,1440,480,200,,0,,t3_shieldbreaker|t3_rendspear
standard,98,r5,red,sup,坦克,shiqiang,standard,1,2,1,3,10165,25265,12231,482.3,8.18,14.63,19.72,4,1,2,3,4,929,361,301,630,3829,6261,8901,5266,218,960,,200,,0,2256,t3_calmveil|t3_thornmail
standard,99,b1,blue,top,戰士,ravager,standard,0,0,4,0,12327,31753,8600,325.9,10.28,21.25,,2,0,1,1,2,1040,446,786,320,3090,4546,6386,5266,720,,,400,,0,,t3_shieldbreaker|t3_finalstring
standard,99,b2,blue,jungle,戰士,longyi,standard,0,1,4,0,7657,20004,8846,335.2,10.35,21.6,,2,0,1,1,2,1014,226,1282,296,3014,5056,6712,5266,128,480,,,838,0,,t3_shieldbreaker|t3_finalstring
standard,99,b3,blue,mid,法師,bingshuang,standard,0,7,6,0,23256,19769,12152,460.5,12.96,20.08,24.88,3,0,1,1,3,910,208,1794,372,3170,5538,7874,5266,848,960,,800,,0,,t3_psyward
standard,99,b4,blue,adc,射手,dawnstrike,standard,0,4,7,1,18963,15307,10288,389.8,11.44,22.18,,2,0,1,1,2,890,158,498,1708,3050,4458,6298,5266,632,,,400,,0,,t3_shieldbreaker|t3_rendspear
standard,99,b5,blue,sup,輔助,shengguang,standard,0,0,6,0,8668,20928,10139,384.2,8.38,14.88,20.53,3,1,2,2,3,714,125,575,909,3814,5825,7605,5266,200,,,,86,0,2052,t3_calmveil
standard,99,r1,red,top,戰士,ravager,standard,1,5,1,0,22211,28589,12110,458.8,10.32,18.85,24.37,3,0,1,2,3,1018,308,624,709,3068,5788,7724,5266,842,960,,400,,256,,t3_shieldbreaker|t3_finalstring
standard,99,r2,red,jungle,戰士,longyi,standard,1,9,1,1,16777,17427,15162,574.5,9.38,16.08,19.58,4,1,1,3,4,758,1242,446,2231,3858,6672,11196,5266,192,3360,120,400,1441,416,,t3_shieldbreaker|t3_finalstring
standard,99,r3,red,mid,法師,bingshuang,standard,1,7,6,3,19106,17908,12616,478,12.33,20.08,24.7,3,0,1,1,3,830,216,1694,1016,3090,5066,8194,5266,672,960,480,400,,416,,t3_psyward
standard,99,r4,red,adc,射手,dawnstrike,standard,1,6,3,4,34386,12247,12912,489.3,12.03,18.85,23.79,3,0,1,2,3,946,270,546,1112,3106,5170,7546,5266,624,,840,400,,416,,t3_shieldbreaker|t3_rendspear
standard,99,r5,red,sup,輔助,shengguang,standard,1,0,1,3,8799,15836,11321,429,7.79,13.43,20.36,4,1,2,2,4,1284,270,1378,821,3784,6520,8408,5266,101,,,800,,416,1824,t3_calmveil
standard,100,b1,blue,top,戰士,dadi2,standard,0,0,3,1,10640,31593,9195,339.1,10.93,20.94,,2,0,1,1,2,912,92,1208,545,2962,4722,6738,5266,464,,240,640,,128,,t3_shieldbreaker|t3_finalstring
standard,100,b2,blue,jungle,戰士,ravager,standard,0,2,6,0,6852,22318,10284,379.2,11.28,17.75,25.22,3,0,1,2,3,1099,600,352,683,3099,5780,7932,5266,272,960,,440,865,128,,t3_shieldbreaker|t3_finalstring
standard,100,b3,blue,mid,法師,mingyun2,standard,0,0,12,0,17737,16303,8707,321.1,12.49,24.33,,2,0,1,1,2,718,72,548,377,2978,4922,6298,5266,464,,,440,,128,,t3_psyward
standard,100,b4,blue,adc,射手,hanbing,standard,0,9,7,1,29032,14640,13684,504.6,11.57,20.8,24.15,4,0,1,1,4,954,166,1787,784,3114,4946,7467,5266,698,480,240,640,14,128,,t3_shieldbreaker|t3_rendspear
standard,100,b5,blue,sup,坦克,tieshixin,standard,0,1,4,1,9957,28922,11207,413.3,8.91,15.28,19.68,3,1,1,3,3,871,757,160,1226,3771,6107,8760,5266,149,480,240,240,,128,2256,t3_calmveil|t3_thornmail
standard,100,r1,red,top,戰士,dadi2,standard,1,5,1,1,18640,28298,12099,446.2,10.71,18.4,22.23,3,0,1,2,3,1032,234,158,1249,3082,4564,7908,5266,442,960,120,800,,320,,t3_shieldbreaker|t3_finalstring
standard,100,r2,red,jungle,戰士,ravager,standard,1,9,1,0,11698,17435,14683,541.5,8.73,17.43,20.23,4,1,1,2,4,90,624,2076,1232,4370,6104,10376,5266,512,2880,,400,998,320,,t3_shieldbreaker|t3_finalstring
standard,100,r3,red,mid,法師,mingyun2,standard,1,8,8,3,30073,18959,13659,503.7,12.42,20.8,25.04,3,0,1,1,3,982,182,760,1579,3242,4732,7260,5266,674,,600,400,,320,,t3_psyward
standard,100,r4,red,adc,射手,hanbing,standard,1,8,2,4,41847,11317,13694,505,11.07,19.06,24.15,4,0,1,2,4,1050,488,476,473,3210,5388,7796,5266,890,960,360,,,320,,t3_shieldbreaker|t3_rendspear
standard,100,r5,red,sup,坦克,tieshixin,standard,1,2,0,2,12191,21680,13022,480.2,8.72,14.8,18.98,4,1,2,3,4,999,135,339,821,3899,6795,9839,5266,360,960,360,800,,320,1773,t3_calmveil|t3_thornmail
standard,101,b1,blue,top,戰士,ronggang,standard,1,1,4,0,15476,32252,9578,362.6,10.44,18.36,,2,0,1,2,2,1040,460,436,927,3090,5090,7586,5266,560,480,,960,,320,,t3_shieldbreaker|t3_finalstring
standard,101,b2,blue,jungle,戰士,xueyue,standard,1,1,4,1,14519,23874,9652,365.4,10.62,19.59,,2,0,1,2,2,1179,760,220,1051,3179,5040,7020,5266,376,,120,160,778,320,,t3_shieldbreaker|t3_finalstring
standard,101,b3,blue,mid,法師,bingshuang,standard,1,2,8,0,22140,18221,10015,379.1,12.42,21.26,,2,0,1,1,2,894,156,1018,965,3154,5186,7218,5266,592,480,,560,,320,,t3_psyward
standard,101,b4,blue,adc,射手,xuanfeng,standard,1,8,8,2,32694,13635,12970,491,13.13,20.23,23.99,3,0,1,1,3,834,42,2146,1169,2994,4642,7826,5266,480,960,240,560,,320,,t3_shieldbreaker|t3_rendspear
standard,101,b5,blue,sup,坦克,xukong,standard,1,0,6,2,11365,26638,10787,408.3,8.07,15.4,21.16,3,1,1,2,3,323,757,1115,807,3923,6107,8355,5266,232,,120,160,,320,2256,t3_calmveil|t3_thornmail
standard,101,r1,red,top,戰士,ronggang,standard,0,13,0,0,33526,32785,15418,583.6,10.64,16.07,20,4,0,1,3,4,944,930,170,2387,2994,6460,10300,5266,730,3840,,400,,64,,t3_shieldbreaker|t3_finalstring
standard,101,r2,red,jungle,戰士,xueyue,standard,0,1,1,3,11493,18072,9852,372.9,9.4,18.72,,2,1,1,2,2,397,551,230,1251,3497,5731,7330,5266,352,480,120,,1048,64,,t3_shieldbreaker|t3_finalstring
standard,101,r3,red,mid,法師,bingshuang,standard,0,7,5,3,23177,17541,12724,481.7,12.48,20.93,24.58,3,0,1,1,3,854,306,1158,1214,3114,5156,7388,5266,698,480,480,400,,64,,t3_psyward
standard,101,r4,red,adc,射手,xuanfeng,standard,0,8,5,2,30826,11349,12516,473.8,12.6,20.2,24.83,3,0,1,1,3,754,144,1452,716,2914,4444,7132,5266,482,480,240,600,,64,,t3_shieldbreaker|t3_rendspear
standard,101,r5,red,sup,坦克,xukong,standard,0,1,1,6,9836,24510,12192,461.5,7.2,14.23,19.98,4,1,2,3,4,359,91,195,891,4259,6291,8795,5266,168,480,360,200,,64,2256,t3_calmveil|t3_thornmail
standard,102,b1,blue,top,戰士,jingci,standard,1,1,4,0,17330,37738,10904,353.8,12.58,22.56,29.48,3,0,1,1,3,848,238,682,404,2898,4818,6162,5266,288,,,320,,288,,t3_shieldbreaker|t3_finalstring
standard,102,b2,blue,jungle,戰士,jufeng,standard,1,4,7,0,17743,25856,12368,401.3,10.48,18.6,26.1,3,0,1,2,3,1227,903,216,1017,3227,5253,7266,5266,184,480,,320,888,128,,t3_shieldbreaker|t3_finalstring
standard,102,b3,blue,mid,法師,mingyun2,standard,1,4,5,1,38965,19311,12166,394.8,11.95,22.72,29.29,3,0,1,1,3,806,316,342,1315,3066,5466,6842,5266,488,480,,320,,288,,t3_psyward
standard,102,b4,blue,adc,射手,phantom,standard,1,17,11,0,68121,17029,17856,579.4,11.47,19.55,22.6,5,0,1,2,5,922,1610,326,2256,3082,5610,7946,5266,632,1440,,320,,288,,t3_shieldbreaker|t3_rendspear
standard,102,b5,blue,sup,輔助,tianshi,standard,1,1,0,1,10487,21748,13070,424.1,6.92,13.23,19.42,4,1,2,3,4,403,387,296,1689,3803,6267,7996,5266,72,,,320,,288,2050,t3_calmveil
standard,102,r1,red,top,戰士,jingci,standard,0,7,3,0,25347,45102,13768,446.8,10.78,16.39,23.68,4,0,1,2,4,1072,890,322,788,3122,6370,8322,5266,608,1920,,400,,128,,t3_shieldbreaker|t3_finalstring
standard,102,r2,red,jungle,戰士,jufeng,standard,0,2,1,0,21410,31169,11543,374.6,9.5,20.15,27.87,3,1,1,1,3,691,136,1455,612,3791,5266,6885,5266,224,480,,,787,128,,t3_shieldbreaker|t3_finalstring
standard,102,r3,red,mid,法師,mingyun2,standard,0,4,7,1,29745,19297,12150,394.3,13.28,23.28,28.19,3,0,1,1,3,846,196,546,69,3106,4746,6746,5266,752,480,120,,,128,,t3_psyward
standard,102,r4,red,adc,射手,phantom,standard,0,14,12,1,40600,17714,15910,516.3,12.39,19.87,23.65,5,0,1,2,5,770,1018,194,309,2930,5018,7514,5266,560,1440,120,,,128,,t3_shieldbreaker|t3_rendspear
standard,102,r5,red,sup,輔助,tianshi,standard,0,0,4,6,11420,22980,12975,421,8.45,15.57,19.05,4,1,1,3,4,647,1233,496,1595,3747,6083,8496,5266,128,,720,400,,128,1854,t3_calmveil
standard,103,b1,blue,top,戰士,tielian,standard,0,0,3,0,9948,25343,7148,319.5,10.33,21.54,,2,0,1,1,2,1067,253,877,547,3117,4653,6477,5266,624,,,400,43,144,,t3_shieldbreaker|t3_finalstring
standard,103,b2,blue,jungle,戰士,rongyan,standard,0,0,2,0,5790,14937,6883,307.6,10.58,,,1,0,1,1,1,1040,266,694,1333,3040,4616,6244,5266,128,,,,706,144,,t3_shieldbreaker|t3_finalstring
standard,103,b3,blue,mid,法師,bingshuang,standard,0,0,4,0,15611,14860,7713,344.7,12.92,20.48,,2,0,1,1,2,926,60,1294,62,3186,4690,6674,5266,864,,,400,,144,,t3_psyward
standard,103,b4,blue,adc,射手,huanying,standard,0,2,2,0,13745,10284,8219,367.3,11.26,21.01,,2,0,1,1,2,898,100,788,419,3058,4700,6588,5266,778,,,400,,144,,t3_shieldbreaker|t3_rendspear
standard,103,b5,blue,sup,輔助,mantra,standard,0,0,5,0,5516,16471,8553,382.3,8.08,13.92,21.12,3,1,2,2,3,1293,458,852,373,3793,5858,7882,5266,165,,,400,57,64,1929,t3_calmveil
standard,103,r1,red,top,戰士,tielian,standard,1,1,0,2,12411,22701,8972,401,11.33,17.45,,2,0,1,2,2,955,173,437,371,3005,5053,7837,5266,528,480,480,720,43,320,,t3_shieldbreaker|t3_finalstring
standard,103,r2,red,jungle,戰士,rongyan,standard,1,7,0,0,11501,13516,11784,526.7,10.43,15.73,19.49,3,0,1,3,3,1845,925,203,854,3845,6355,9753,5266,264,2400,,320,1183,320,,t3_shieldbreaker|t3_finalstring
standard,103,r3,red,mid,法師,bingshuang,standard,1,2,1,3,18980,12703,9937,444.1,10.98,19.23,,2,0,1,2,2,1374,384,296,956,3634,5714,8146,5266,1080,480,480,520,,320,,t3_psyward
standard,103,r4,red,adc,射手,huanying,standard,1,6,1,1,19397,8790,10673,477,10.71,18.01,,2,0,1,2,2,954,126,842,1772,3114,5506,8162,5266,696,1440,120,320,,320,,t3_shieldbreaker|t3_rendspear
standard,103,r5,red,sup,輔助,mantra,standard,1,0,0,3,5710,12466,9808,438.3,8.29,13.63,17.27,3,1,2,3,3,751,835,257,1058,3851,6715,8737,5266,216,,600,520,,320,1815,t3_calmveil
standard,104,b1,blue,top,坦克,shiqiang,standard,0,1,2,0,9222,24611,8393,358.4,10.26,18.66,22.99,3,0,1,2,3,1316,388,824,142,2946,4338,7074,5266,464,480,,800,,64,,t3_calmveil|t3_thornmail
standard,104,b2,blue,jungle,戰士,tielian,standard,0,0,4,1,7547,19866,7966,340.2,10.68,19.91,,2,0,1,2,2,1417,168,161,265,3417,5168,6961,5266,354,,240,200,836,64,,t3_finalstring|t3_shieldbreaker
standard,104,b3,blue,mid,法師,mingyun2,standard,0,4,3,1,20745,14248,9219,393.7,9.83,18.48,,2,1,1,2,2,242,152,270,139,4092,6652,8300,5266,810,1920,240,,,64,,t3_psyward
standard,104,b4,blue,adc,射手,guangsu,standard,0,1,5,0,15099,12820,8139,347.6,11.43,22.3,,2,0,1,1,2,820,364,508,759,2980,4364,6308,5266,378,,,600,,64,,t3_shieldbreaker|t3_rendspear
standard,104,b5,blue,sup,坦克,tiebi,standard,0,0,2,1,6569,21647,8807,376.1,7.67,16.07,22.83,3,1,1,2,3,1258,816,616,206,4158,6166,7856,5266,295,,240,,43,64,1946,t3_calmveil|t3_thornmail
standard,104,r1,red,top,坦克,shiqiang,standard,1,2,0,3,16323,22334,9873,421.6,9.5,17.14,21.32,3,1,1,2,3,236,468,1048,442,3186,5618,8338,5266,832,960,480,400,,400,,t3_calmveil|t3_thornmail
standard,104,r2,red,jungle,戰士,tielian,standard,1,5,0,0,9156,12499,11085,473.4,9.62,17.57,,2,1,1,2,2,536,180,992,2484,3636,5660,8092,5266,96,960,,400,970,400,,t3_finalstring|t3_shieldbreaker
standard,104,r3,red,mid,法師,mingyun2,standard,1,4,4,2,22301,14702,10683,456.2,12.76,20.2,,2,0,1,1,2,776,506,1032,1283,3036,5356,7532,5266,586,480,,800,,400,,t3_psyward
standard,104,r4,red,adc,射手,guangsu,standard,1,3,1,2,23840,10460,9937,424.3,11.4,19.33,,2,0,1,2,2,842,234,262,1356,3002,4714,7162,5266,456,480,240,400,,320,,t3_shieldbreaker|t3_rendspear
standard,104,r5,red,sup,坦克,tiebi,standard,1,2,1,2,6302,17653,11857,506.3,9.56,14.11,19.89,4,1,2,3,4,192,516,344,556,3792,6416,8944,5266,141,,480,400,,400,2256,t3_calmveil|t3_thornmail
standard,105,b1,blue,top,坦克,longji,standard,0,1,3,0,10716,25144,7993,334.3,10.83,19.1,,2,0,1,2,2,1432,628,232,362,3022,4478,6382,5266,652,,,400,,64,,t3_calmveil|t3_thornmail
standard,105,b2,blue,jungle,戰士,cinderfist,standard,0,0,4,1,8060,16336,8185,342.4,9.88,19.85,,2,1,1,2,2,140,466,143,235,3240,4996,6893,5266,328,,240,,995,64,,t3_shieldbreaker|t3_finalstring
standard,105,b3,blue,mid,法師,shikong,standard,0,1,3,1,14030,15939,8549,357.6,12.3,23,,2,0,1,1,2,1110,296,203,998,3370,5146,6703,5266,840,,,533,,64,,t3_psyward
standard,105,b4,blue,adc,射手,mori,standard,0,5,2,0,13734,11434,9690,405.3,11.28,20.68,,2,0,1,1,2,866,138,959,790,3026,4618,6639,5266,696,480,,133,,64,,t3_shieldbreaker|t3_rendspear
standard,105,b5,blue,sup,輔助,zhanchang,standard,0,1,1,2,8270,19885,10705,447.7,7.72,12.98,18.56,4,1,2,3,4,447,343,219,304,3847,6223,9259,5266,171,480,240,1333,,64,1704,t3_calmveil
standard,105,r1,red,top,坦克,longji,standard,1,3,0,0,14502,21809,9805,410.1,10.43,15.24,20.53,3,0,1,2,3,1916,702,1220,474,3506,6002,8450,5266,640,1440,,720,,384,,t3_calmveil|t3_thornmail
standard,105,r2,red,jungle,戰士,cinderfist,standard,1,6,0,2,15028,15259,12012,502.4,10.66,16.37,21.65,3,0,1,2,3,1385,835,1748,661,3385,6265,9098,5266,112,1440,480,320,1096,384,,t3_shieldbreaker|t3_finalstring
standard,105,r3,red,mid,法師,shikong,standard,1,1,5,1,11080,13640,8477,354.6,12.96,23.28,,2,0,1,1,2,702,136,174,926,2962,4986,6674,5266,584,,120,320,,384,,t3_psyward
standard,105,r4,red,adc,射手,mori,standard,1,3,3,0,19265,9766,9469,396,12.09,20.43,,2,0,1,1,2,802,118,1442,568,2962,4898,7122,5266,672,480,,320,,384,,t3_shieldbreaker|t3_rendspear
standard,105,r5,red,sup,輔助,zhanchang,standard,1,0,0,2,8430,13395,10460,437.5,7.85,13.93,18.64,3,1,2,3,3,347,903,449,1230,3747,6603,8929,5266,136,,120,1120,,384,1903,t3_calmveil
standard,106,b1,blue,top,坦克,dadi,standard,0,0,3,0,10471,24506,7547,337.2,10.32,19.13,,2,0,1,2,2,1588,268,124,216,3178,5018,6874,5266,808,,,800,,0,,t3_calmveil|t3_thornmail
standard,106,b2,blue,jungle,戰士,chichuan,standard,0,0,3,0,7608,18614,7081,316.3,10.03,20.74,,2,0,1,1,2,1209,258,803,50,3209,4908,6353,5266,280,,,,807,0,,t3_shieldbreaker|t3_finalstring
standard,106,b3,blue,mid,法師,lieyan,standard,0,0,4,0,12630,15816,7091,316.8,13.26,21.87,,2,0,1,1,2,830,412,1038,440,3090,4562,6418,5266,752,,,400,,0,,t3_psyward
standard,106,b4,blue,adc,射手,leiting,standard,0,0,6,0,11044,13205,6843,305.7,12.41,,,1,0,1,1,1,682,242,322,1042,2842,4242,6122,5266,456,,,400,,0,,t3_shieldbreaker|t3_rendspear
standard,106,b5,blue,sup,輔助,luminary,standard,0,0,2,0,4518,15033,8521,380.7,7.27,14.93,19.77,3,1,2,3,3,363,323,164,41,3763,5723,7864,5266,168,,,400,,0,2030,t3_calmveil
standard,106,r1,red,top,坦克,dadi,standard,1,3,0,0,14871,21594,10134,452.7,9.32,14.18,20.88,3,1,2,2,3,332,302,2038,683,3282,6452,9268,5266,818,1440,,1360,,384,,t3_calmveil|t3_thornmail
standard,106,r2,red,jungle,戰士,chichuan,standard,1,2,0,2,7783,11101,9532,425.9,9.49,17.81,,2,1,1,2,2,454,767,722,2182,3554,5897,8072,5266,102,480,320,160,1359,384,,t3_shieldbreaker|t3_finalstring
standard,106,r3,red,mid,法師,lieyan,standard,1,5,0,2,23803,12748,11387,508.7,12.59,18.3,,2,0,1,2,2,998,234,330,1986,3258,5834,9130,5266,1000,1440,480,560,,384,,t3_psyward
standard,106,r4,red,adc,射手,leiting,standard,1,8,0,1,25713,9841,11600,518.3,10.87,17.55,20.64,3,0,1,2,3,1004,391,395,400,3164,6071,9295,5266,805,2400,80,360,,384,,t3_shieldbreaker|t3_rendspear
standard,106,r5,red,sup,輔助,luminary,standard,1,0,0,4,8789,11915,9708,433.7,10.2,14.2,18.24,3,0,2,3,3,2224,484,903,958,3904,6364,8603,5266,281,,560,360,,384,1752,t3_calmveil
standard,107,b1,blue,top,坦克,tixue,standard,0,0,4,0,7877,21313,7098,314.6,11.61,19.53,,2,0,1,2,2,1268,116,160,247,2898,4666,6410,5266,376,,,640,,128,,t3_calmveil|t3_thornmail
standard,107,b2,blue,jungle,戰士,dadi2,standard,0,0,2,0,5596,16010,7455,330.5,10.69,20.85,,2,0,1,1,2,1217,348,1172,55,3217,5048,6652,5266,152,,,240,865,128,,t3_finalstring|t3_shieldbreaker
standard,107,b3,blue,mid,法師,shikong,standard,0,1,3,1,11445,12518,8490,376.4,12.99,20.77,,2,0,1,1,2,822,292,406,39,3082,5322,6906,5266,632,,240,640,,128,,t3_psyward
standard,107,b4,blue,adc,射手,shensheng,standard,0,4,7,0,12479,13287,8666,384.2,12.08,20.56,,2,0,1,1,2,746,294,1218,685,2906,5194,7018,5266,424,960,,240,,128,,t3_shieldbreaker|t3_rendspear
standard,107,b5,blue,sup,坦克,tiankong,standard,0,0,4,0,6975,16900,9477,420.1,8.09,15.08,19.92,3,1,1,3,3,887,765,278,396,3787,6115,8478,5266,144,,,640,43,128,2256,t3_calmveil|t3_thornmail
standard,107,r1,red,top,坦克,tixue,standard,1,3,0,0,8683,16569,9687,429.4,10.88,19.46,,2,0,1,2,2,1316,484,504,2397,2946,4434,7794,5266,448,960,,800,,320,,t3_calmveil|t3_thornmail
standard,107,r2,red,jungle,戰士,dadi2,standard,1,1,1,4,8644,12665,8537,378.5,10.8,19.15,,2,0,1,2,2,1688,347,266,237,3688,5227,7366,5266,224,480,360,,716,320,,t3_finalstring|t3_shieldbreaker
standard,107,r3,red,mid,法師,shikong,standard,1,8,2,2,21980,13454,12943,573.8,12.32,18.77,,2,0,1,2,2,1006,220,880,3543,3266,4770,9210,5266,864,1920,240,600,,320,,t3_psyward
standard,107,r4,red,adc,射手,shensheng,standard,1,5,2,4,21842,10347,11663,517,10.94,18.01,,2,0,1,2,2,1994,970,866,3083,3194,5450,8666,5266,440,960,480,1200,,320,,t3_shieldbreaker|t3_rendspear
standard,107,r5,red,sup,坦克,tiankong,standard,1,3,0,3,8078,15813,10657,472.4,9.18,14.3,18.04,3,1,2,3,3,431,691,220,676,4331,7051,9600,5266,328,1440,360,200,,320,1686,t3_calmveil|t3_thornmail
standard,108,b1,blue,top,坦克,stoneguard,standard,0,0,1,0,10604,20478,7380,341,10.76,18.7,,2,0,1,2,2,1428,168,292,229,3058,5018,6842,5266,632,,,800,,144,,t3_calmveil|t3_thornmail
standard,108,b2,blue,jungle,戰士,langwang,standard,0,0,5,0,7444,14871,7278,336.3,10.03,21.3,,2,0,1,1,2,1362,740,1209,178,3362,5140,6689,5266,304,,,,975,144,,t3_finalstring|t3_shieldbreaker
standard,108,b3,blue,mid,法師,lieyan,standard,0,2,5,0,13292,13510,7804,360.6,11.93,20.39,,2,0,1,1,2,878,368,1282,153,3138,5218,7362,5266,792,960,,200,,144,,t3_psyward
standard,108,b4,blue,adc,射手,liangzicz,standard,0,4,4,1,15794,12180,9164,423.4,11.92,18.17,,2,0,1,2,2,882,270,722,1013,3042,5170,8242,5266,552,1440,240,600,,144,,t3_shieldbreaker|t3_rendspear
standard,108,b5,blue,sup,坦克,tiemu,standard,0,2,2,0,3398,17046,9831,454.3,10.21,16.11,18.78,3,0,1,3,3,2295,949,410,251,3875,6299,9390,5266,184,960,,800,,64,2115,t3_calmveil|t3_thornmail
standard,108,r1,red,top,坦克,stoneguard,standard,1,2,0,1,9496,19283,8892,410.9,10.53,15.48,,2,0,1,2,2,1508,490,760,1601,3138,5890,8050,5266,768,960,,720,,336,,t3_calmveil|t3_thornmail
standard,108,r2,red,jungle,戰士,langwang,standard,1,4,0,4,9508,12447,10414,481.2,10.07,15.86,20.76,3,0,1,2,3,1199,1025,972,514,3199,5905,9572,5266,64,1920,720,320,946,336,,t3_finalstring|t3_shieldbreaker
standard,108,r3,red,mid,法師,lieyan,standard,1,4,2,4,18850,10876,10652,492.2,12.11,17.58,,2,0,1,2,2,1262,150,1000,1251,3522,6050,10050,5266,848,1920,960,720,,336,,t3_psyward
standard,108,r4,red,adc,射手,liangzicz,standard,1,4,5,1,11345,9899,9524,440.1,12.9,19.28,,2,0,1,2,2,842,146,762,943,3002,4746,8442,5266,520,1440,240,720,,256,,t3_shieldbreaker|t3_rendspear
standard,108,r5,red,sup,坦克,tiemu,standard,1,3,1,1,6874,16656,10612,490.4,9.84,13.55,18.83,3,1,2,3,3,143,643,150,632,4043,6843,9530,5266,168,960,240,320,,336,2240,t3_calmveil|t3_thornmail
standard,109,b1,blue,top,坦克,thornwall,standard,0,1,5,0,7767,20553,7414,354.6,10.51,17.68,,2,0,1,2,2,1308,828,324,984,2898,4978,6754,5266,608,480,,400,,0,,t3_calmveil|t3_thornmail
standard,109,b2,blue,jungle,戰士,anliuyouXia,standard,0,0,2,0,6474,13307,6455,308.7,10.25,,,1,0,1,1,1,1112,548,661,905,3112,4598,6211,5266,224,,,,720,0,,t3_shieldbreaker|t3_finalstring
standard,109,b3,blue,mid,法師,shikong,standard,0,0,3,0,11681,13110,6670,319,13.12,20.85,,2,0,1,1,2,918,468,1046,20,3178,4618,6426,5266,760,,,400,,0,,t3_psyward
standard,109,b4,blue,adc,射手,xingchen,standard,0,1,0,0,7169,10530,7484,358,11.53,19.86,,2,0,1,2,2,818,172,308,104,2978,4952,7208,5266,618,480,,800,43,0,,t3_shieldbreaker|t3_rendspear
standard,109,b5,blue,sup,輔助,hexweave,standard,0,0,1,0,3089,15098,7600,363.5,7.32,14.25,,2,1,2,2,2,695,371,309,569,3795,5771,7339,5266,125,,,,43,0,1904,t3_calmveil
standard,109,r1,red,top,坦克,thornwall,standard,1,2,0,0,9262,16669,8484,405.8,9.82,16.3,,2,1,1,2,2,550,130,285,1253,3500,5180,7215,5266,525,960,,80,,384,,t3_calmveil|t3_thornmail
standard,109,r2,red,jungle,戰士,anliuyouXia,standard,1,7,0,1,13356,12272,11421,546.2,10.5,17.22,19.36,3,0,1,3,3,2063,1852,442,970,4063,7282,9992,5266,464,2400,240,480,758,384,,t3_shieldbreaker|t3_finalstring
standard,109,r3,red,mid,法師,shikong,standard,1,2,1,1,10031,11442,9089,434.7,12.78,19.42,,2,0,1,2,2,926,348,290,1239,3186,5378,8140,5266,890,480,240,880,,384,,t3_psyward
standard,109,r4,red,adc,射手,xingchen,standard,1,0,1,1,12966,6283,7769,371.6,11.48,20.02,,2,0,1,1,2,1082,416,1620,469,3242,5316,7300,5266,730,,240,680,,384,,t3_shieldbreaker|t3_rendspear
standard,109,r5,red,sup,輔助,hexweave,standard,1,0,0,0,4259,9172,8860,423.8,6.93,14.28,20.28,3,1,2,2,3,1324,381,1630,380,3824,6261,8360,5266,173,,,280,,384,2256,t3_calmveil
standard,110,b1,blue,top,坦克,tieshixin,standard,0,0,3,0,9412,18533,7511,335.1,9.84,18.27,,2,1,1,2,2,140,548,355,221,3090,4498,6765,5266,528,,,800,43,128,,t3_calmveil|t3_thornmail
standard,110,b2,blue,jungle,刺客,razorwing,standard,0,0,0,0,6240,9990,7086,316.1,11.68,,,1,0,1,1,1,1227,249,962,1755,3157,4749,6292,5266,248,,,,649,128,,t3_finalstring
standard,110,b3,blue,mid,法師,xingjie,standard,0,1,0,2,15207,13728,8524,380.2,12.84,21.44,,2,0,1,1,2,886,808,238,193,3146,4658,6738,5266,704,,240,400,,128,,t3_psyward
standard,110,b4,blue,adc,射手,dujian,standard,0,5,4,0,15686,12263,9132,407.4,11.79,20.08,,2,0,1,1,2,898,238,1210,851,3058,5138,7010,5266,656,960,,,,128,,t3_shieldbreaker|t3_rendspear
standard,110,b5,blue,sup,坦克,tiankong,standard,0,1,1,2,5709,20635,10333,461,9.28,15.18,19.12,3,1,1,3,3,967,797,103,793,3867,6147,8883,5266,200,,240,800,,128,2249,t3_calmveil|t3_thornmail
standard,110,r1,red,top,坦克,tieshixin,standard,1,2,0,0,10338,20927,9367,417.8,11.78,15.06,20.86,3,0,1,2,3,1300,942,306,416,2930,6092,7596,5266,474,960,,640,,256,,t3_calmveil|t3_thornmail
standard,110,r2,red,jungle,刺客,razorwing,standard,1,2,1,2,9723,11171,9373,418.1,10.04,17.34,,2,0,1,2,2,1297,746,71,942,3227,6076,8201,5266,144,960,360,240,975,256,,t3_finalstring
standard,110,r3,red,mid,法師,xingjie,standard,1,0,2,0,15105,11968,7404,330.3,13.04,,,1,0,1,1,1,702,984,172,903,2962,4834,6402,5266,640,,,240,,256,,t3_psyward
standard,110,r4,red,adc,射手,dujian,standard,1,4,4,0,12739,10921,9228,411.7,11.5,20.08,,2,0,1,1,2,802,614,1578,947,2962,4914,7378,5266,656,960,,240,,256,,t3_shieldbreaker|t3_rendspear
standard,110,r5,red,sup,坦克,tiankong,standard,1,0,0,3,5352,16061,9676,431.7,8.4,14.53,20.46,3,1,2,2,3,831,532,1226,476,3731,6432,8466,5266,101,,360,640,,256,1843,t3_calmveil|t3_thornmail
standard,111,b1,blue,top,坦克,bingshouweis,standard,0,0,0,0,5927,16852,6829,334.2,10.46,19.13,,2,0,1,2,2,1332,168,346,119,2962,4418,6296,5266,502,,,400,,128,,t3_calmveil|t3_thornmail
standard,111,b2,blue,jungle,刺客,jingxiang,standard,0,0,6,0,5118,10441,6308,308.7,10.62,,,1,0,1,1,1,1211,51,1262,1378,3141,4631,6192,5266,134,,,,663,128,,t3_finalstring
standard,111,b3,blue,mid,法師,auralith,standard,0,0,2,0,11547,11182,6338,310.2,12.93,,,1,0,1,1,1,894,196,441,558,3154,4626,6221,5266,694,,,133,,128,,t3_psyward
standard,111,b4,blue,adc,射手,tianfa,standard,0,0,0,0,11638,10593,7352,359.8,11.08,19.4,,2,0,1,2,2,1100,160,319,152,3260,4760,7219,5266,849,,,933,43,128,,t3_shieldbreaker|t3_rendspear
standard,111,b5,blue,sup,坦克,shiqiang,standard,0,0,2,0,4663,16621,8021,392.5,8.08,15.93,,2,1,1,2,2,296,514,524,340,3896,5864,7904,5266,219,,,133,,128,2157,t3_calmveil|t3_thornmail
standard,111,r1,red,top,坦克,bingshouweis,standard,1,5,0,2,13585,18169,10769,527,9.73,13.48,17.17,3,1,2,3,3,256,402,1542,739,3906,7692,10492,5266,786,2400,480,1240,,320,,t3_calmveil|t3_thornmail
standard,111,r2,red,jungle,刺客,jingxiang,standard,1,2,0,0,5373,8519,8424,412.3,8.62,17.63,,2,1,1,2,2,459,619,667,293,3659,5949,8147,5266,128,960,,440,1032,320,,t3_finalstring
standard,111,r3,red,mid,法師,auralith,standard,1,1,0,0,12585,9660,7933,388.3,11.66,20.1,,2,0,1,1,2,968,82,1156,383,3228,5112,7656,5266,950,480,,640,,320,,t3_psyward
standard,111,r4,red,adc,射手,tianfa,standard,1,0,0,0,9204,8093,7351,359.7,12.17,20.14,,2,0,1,1,2,796,112,1274,450,2956,4892,7074,5266,648,,,840,,320,,t3_shieldbreaker|t3_rendspear
standard,111,r5,red,sup,坦克,shiqiang,standard,1,2,0,2,5782,14031,10192,498.8,7.76,13.48,18.26,3,1,2,3,3,637,563,965,692,4237,7343,9865,5266,142,960,480,440,,320,2256,t3_calmveil|t3_thornmail
standard,112,b1,blue,top,坦克,tiankong,standard,1,3,0,0,12413,23982,10064,432.6,10.55,17,21.57,3,0,1,2,3,1564,126,356,734,3154,5426,7106,5266,608,480,,240,,512,,t3_calmveil|t3_thornmail
standard,112,b2,blue,jungle,刺客,guihuo,standard,1,0,1,0,4134,8367,8870,381.2,10.46,18.29,,2,0,1,2,2,1469,1168,458,540,3399,5798,7588,5266,192,,,640,1138,352,,t3_finalstring
standard,112,b3,blue,mid,法師,xingjie,standard,1,7,3,0,14262,14913,11344,487.6,12.55,18.97,23.2,3,0,1,2,3,814,492,408,314,3074,5042,8258,5266,800,1440,,240,,512,,t3_psyward
standard,112,b4,blue,adc,射手,dawnstrike,standard,1,6,1,1,23075,8559,11144,479,11.33,20.84,,2,0,1,1,2,930,498,2138,2244,3090,4978,7818,5266,640,960,,440,,512,,t3_shieldbreaker|t3_rendspear
standard,112,b5,blue,sup,輔助,tianshi,standard,1,0,3,3,6895,13733,10381,446.2,6.81,13.33,20.75,3,1,2,2,3,1375,171,1465,1341,3875,6051,8495,5266,192,,,840,,352,1845,t3_calmveil
standard,112,r1,red,top,坦克,tiankong,standard,0,1,2,0,8794,24962,7989,343.4,9.98,17.75,,2,1,1,2,2,20,260,120,759,2970,4410,6570,5266,504,,,800,,0,,t3_calmveil|t3_thornmail
standard,112,r2,red,jungle,刺客,guihuo,standard,0,2,3,0,8952,12164,8866,381.1,10.46,17.38,,2,0,1,2,2,1349,486,117,536,3279,5416,7847,5266,536,960,,,1084,0,,t3_finalstring
standard,112,r3,red,mid,法師,xingjie,standard,0,1,3,1,15169,14213,8443,362.9,12.48,22.53,,2,0,1,1,2,942,108,382,892,3202,4658,6882,5266,736,480,,400,,0,,t3_psyward
standard,112,r4,red,adc,射手,dawnstrike,standard,0,3,6,1,13507,10561,8779,377.3,12.38,20.6,,2,0,1,1,2,746,52,1212,228,2906,4652,6892,5266,506,480,240,400,,0,,t3_shieldbreaker|t3_rendspear
standard,112,r5,red,sup,輔助,tianshi,standard,0,1,2,0,3770,16450,9352,402,8.64,14.2,19.47,3,1,2,3,3,363,744,206,892,3763,6144,7906,5266,181,,,400,,0,2059,t3_calmveil
standard,113,b1,blue,top,坦克,shengdun,standard,0,1,1,0,9552,21403,7532,351.5,10.47,18.74,,2,0,1,2,2,1398,254,98,201,2988,5004,7148,5266,410,480,,800,,192,,t3_calmveil|t3_thornmail
standard,113,b2,blue,jungle,刺客,yingsi,standard,0,0,4,0,4988,11302,7028,328,10.53,21.24,,2,0,1,1,2,1317,562,946,78,3247,4892,6526,5266,261,,,,807,192,,t3_finalstring
standard,113,b3,blue,mid,法師,auralith,standard,0,2,4,0,14080,12695,7908,369.1,13.02,,,1,0,1,1,1,846,232,512,1407,3106,5082,7012,5266,674,480,,400,,192,,t3_psyward
standard,113,b4,blue,adc,射手,hanbing,standard,0,2,2,2,9674,9311,8537,398.5,10.97,19.29,,2,0,1,2,2,919,403,754,287,3079,4703,7754,5266,576,960,360,400,,192,,t3_shieldbreaker|t3_rendspear
standard,113,b5,blue,sup,輔助,linghun,standard,0,0,2,1,5144,14374,8089,377.5,6.61,13.73,20.78,3,1,2,2,3,812,160,643,388,3912,6040,7673,5266,253,,120,,14,192,1827,t3_calmveil
standard,113,r1,red,top,坦克,shengdun,standard,1,2,0,1,10582,18745,8113,378.7,10.38,17.78,,2,0,1,2,2,1348,410,260,883,2938,4810,7490,5266,584,960,120,240,,320,,t3_calmveil|t3_thornmail
standard,113,r2,red,jungle,刺客,yingsi,standard,1,3,0,1,8249,12514,9960,464.9,8.98,15.59,20.88,3,1,1,2,3,915,1473,777,309,4115,7053,9107,5266,296,1440,240,240,1305,320,,t3_finalstring
standard,113,r3,red,mid,法師,auralith,standard,1,4,2,0,12489,12168,9281,433.2,12.46,19.65,,2,0,1,2,2,830,120,128,481,3090,4970,7978,5266,712,1440,,240,,320,,t3_psyward
standard,113,r4,red,adc,射手,hanbing,standard,1,4,3,3,16128,8883,9809,457.8,11.11,19.11,,2,0,1,2,2,858,350,756,1259,3018,5130,8706,5266,440,1440,600,640,,320,,t3_shieldbreaker|t3_rendspear
standard,113,r5,red,sup,輔助,linghun,standard,1,0,0,4,6149,12659,10236,477.7,7.58,13.08,19.58,3,1,2,3,3,1351,923,572,1195,3851,6803,9612,5266,208,,960,1040,,320,1818,t3_calmveil
standard,114,b1,blue,top,坦克,xukong,standard,0,0,2,0,9128,22311,7783,326.9,10.44,18.48,,2,0,1,2,2,1428,284,60,353,3058,4834,6610,5266,480,,,800,,64,,t3_calmveil|t3_thornmail
standard,114,b2,blue,jungle,刺客,youming,standard,0,0,3,0,6485,13366,7798,327.5,10.13,20.57,,2,0,1,1,2,1494,176,908,147,3424,5026,6538,5266,472,,,,736,64,,t3_finalstring
standard,114,b3,blue,mid,法師,xingjie,standard,0,1,6,0,14189,14765,8514,357.6,11.37,22.91,,2,0,1,1,2,942,551,489,484,3202,5581,6989,5266,736,480,,400,43,64,,t3_psyward
standard,114,b4,blue,adc,射手,xuanfeng,standard,0,2,4,0,15171,13455,8482,356.3,11.16,22.48,,2,0,1,1,2,930,230,554,801,3090,4530,6354,5266,624,,,400,,64,,t3_shieldbreaker|t3_rendspear
standard,114,b5,blue,sup,坦克,shengdun,standard,0,0,5,0,3507,21947,9174,385.3,8.16,14.49,21.43,3,1,2,2,3,219,287,578,394,3819,6187,7958,5266,120,,,400,,64,2108,t3_calmveil|t3_thornmail
standard,114,r1,red,top,坦克,xukong,standard,1,3,0,1,7476,20337,10338,434.2,10.89,16.08,22.33,3,0,1,2,3,1364,474,728,1387,2994,5874,8018,5266,592,960,240,640,,320,,t3_calmveil|t3_thornmail
standard,114,r2,red,jungle,刺客,youming,standard,1,3,0,0,5879,9394,10344,434.5,10.36,17.72,22.78,3,0,1,2,3,1387,1802,374,843,3317,6002,8804,5266,112,1440,,240,1426,320,,t3_finalstring
standard,114,r3,red,mid,法師,xingjie,standard,1,2,1,1,19550,12991,9674,406.3,12.47,21.37,,2,0,1,1,2,910,396,758,693,3170,5426,7258,5266,792,,240,640,,320,,t3_psyward
standard,114,r4,red,adc,射手,xuanfeng,standard,1,12,2,3,30972,13429,14570,612,10.4,16.43,20.43,3,0,1,2,3,1386,290,886,2769,3546,6090,9466,5266,600,2400,240,640,,320,,t3_shieldbreaker|t3_rendspear
standard,114,r5,red,sup,坦克,shengdun,standard,1,0,0,2,7197,16472,10836,455.2,9.15,14.4,21.13,3,1,2,2,3,951,335,1323,856,3851,6235,8563,5266,240,,240,240,,320,2256,t3_calmveil|t3_thornmail
standard,115,b1,blue,top,坦克,tiemu,standard,0,0,3,1,8504,21261,7074,329.7,10.66,18.64,,2,0,1,2,2,1292,174,200,324,2882,4874,6650,5266,464,,120,800,,0,,t3_calmveil|t3_thornmail
standard,115,b2,blue,jungle,刺客,yueying,standard,0,2,3,0,4190,9778,7943,370.2,10.45,20.73,,2,0,1,1,2,1371,607,1404,393,3301,5407,6984,5266,272,480,,,966,0,,t3_finalstring
standard,115,b3,blue,mid,法師,auralith,standard,0,0,5,0,10325,13307,7138,332.7,13.06,20.61,,2,0,1,1,2,846,88,966,488,3106,4538,6746,5266,680,,,800,,0,,t3_psyward
standard,115,b4,blue,adc,射手,phantom,standard,0,1,4,1,10712,11768,6920,322.5,12.3,20.63,,2,0,1,1,2,762,253,1137,669,2922,4383,6287,5266,541,480,,,,0,,t3_shieldbreaker|t3_rendspear
standard,115,b5,blue,sup,輔助,fuwenbianzhi,standard,0,0,0,1,4756,13562,8681,404.6,7.49,14.38,20.34,3,1,2,2,3,1255,461,459,521,3755,5861,7489,5266,218,,120,,,0,1884,t3_calmveil
standard,115,r1,red,top,坦克,tiemu,standard,1,3,0,0,10826,19566,9976,464.9,9.6,15.93,19.71,3,1,1,3,3,204,384,221,1125,3154,5684,9071,5266,701,1440,,1200,,464,,t3_calmveil|t3_thornmail
standard,115,r2,red,jungle,刺客,yueying,standard,1,3,0,0,7649,8429,9463,441,9.69,16.05,,2,1,1,2,2,136,2334,845,1133,3336,6184,8875,5266,288,1440,,400,1017,464,,t3_finalstring
standard,115,r3,red,mid,法師,auralith,standard,1,2,1,1,12206,10610,8448,393.7,12.74,20.61,,2,0,1,1,2,782,338,615,417,3042,5188,6815,5266,525,,240,400,,384,,t3_psyward
standard,115,r4,red,adc,射手,phantom,standard,1,7,2,0,21454,8107,10704,498.8,10.67,18.23,,2,0,1,2,2,1026,772,1022,1804,3186,5672,9272,5266,698,2400,,400,43,464,,t3_shieldbreaker|t3_rendspear
standard,115,r5,red,sup,輔助,fuwenbianzhi,standard,1,0,0,3,4775,11655,9923,462.4,7.16,12.98,18.62,3,1,2,3,3,119,667,1090,882,3819,6547,9250,5266,154,,720,800,,464,1846,t3_calmveil
standard,116,b1,blue,top,坦克,longji,standard,1,2,0,1,6282,16873,8740,408.9,10.82,16.24,,2,0,1,2,2,1388,430,500,1509,2978,5730,7730,5266,496,480,240,800,,448,,t3_calmveil|t3_thornmail
standard,116,b2,blue,jungle,刺客,yeiren,standard,1,0,0,1,5417,9622,7691,359.8,10.66,19.23,,2,0,1,2,2,1076,630,511,261,3006,5260,7161,5266,144,,240,400,663,448,,t3_finalstring
standard,116,b3,blue,mid,法師,ronghuo,standard,1,1,2,0,13004,11281,8041,376.2,11.93,20.66,,2,0,1,1,2,798,124,947,491,3058,5154,7447,5266,853,480,,400,,448,,t3_psyward
standard,116,b4,blue,adc,射手,huanying,standard,1,6,1,0,18503,8888,10543,493.2,10.54,18.38,,2,0,1,2,2,1058,1037,323,1643,3218,5037,8573,5266,576,1440,,800,43,448,,t3_shieldbreaker|t3_rendspear
standard,116,b5,blue,sup,輔助,mantra,standard,1,1,2,2,5924,13381,10037,469.6,7.01,13.43,20.33,3,1,2,2,3,127,315,3349,996,3827,6195,9229,5266,138,480,240,400,,448,2256,t3_calmveil
standard,116,r1,red,top,坦克,longji,standard,0,0,0,0,7757,18753,6612,309.3,10.53,18.77,,2,0,1,2,2,1404,252,392,281,2994,4402,6242,5266,576,,,400,,0,,t3_calmveil|t3_thornmail
standard,116,r2,red,jungle,刺客,yeiren,standard,0,0,4,0,6288,10343,7407,346.5,10.63,19.99,,2,0,1,2,2,1296,507,300,276,3226,4957,6950,5266,309,,,400,975,0,,t3_finalstring
standard,116,r3,red,mid,法師,ronghuo,standard,0,2,2,1,12375,10205,7679,359.2,13.09,20.13,,2,0,1,1,2,734,738,808,1028,2994,4588,6588,5266,842,480,,,,0,,t3_psyward
standard,116,r4,red,adc,射手,huanying,standard,0,3,3,1,13061,10279,7940,371.5,11.47,,,1,0,1,1,1,834,118,570,2139,2994,4418,6370,5266,624,480,,,,0,,t3_shieldbreaker|t3_rendspear
standard,116,r5,red,sup,輔助,mantra,standard,0,0,1,0,4475,10039,8337,390,8.41,15.32,19.55,3,1,1,3,3,623,897,235,176,3723,5747,7935,5266,175,,,400,,0,2092,t3_calmveil
standard,117,b1,blue,top,坦克,dadi,standard,0,4,3,1,30151,57472,14927,373.9,10.09,17.68,23.06,5,0,1,2,5,1524,192,300,1276,3154,5042,6850,5266,640,480,,400,,64,,t3_calmveil|t3_thornmail
standard,117,b2,blue,jungle,刺客,duskblade,standard,0,2,13,1,16765,24111,14095,353.1,10.82,20.82,29.71,4,0,1,1,4,1350,110,864,1595,3280,4790,6494,5266,328,,,,836,64,,t3_finalstring
standard,117,b3,blue,mid,法師,gambler,standard,0,12,17,2,52702,29860,18711,468.7,13.43,19.32,26.05,5,0,1,2,5,814,144,216,2560,3074,4474,6866,5266,656,480,,400,,64,,t3_psyward
standard,117,b4,blue,adc,射手,guangsu,standard,0,22,18,0,117744,25304,23340,584.7,11.09,18.64,23.59,5,0,1,2,5,874,286,274,7739,3034,5066,7794,5266,624,1440,,400,,64,,t3_shieldbreaker|t3_rendspear
standard,117,b5,blue,sup,坦克,tiebi,standard,0,0,9,5,19945,51493,14762,369.8,9.55,14.55,20.77,5,1,2,2,5,307,239,438,1162,3907,6139,8118,5266,248,,240,,43,64,2256,t3_calmveil|t3_thornmail
standard,117,r1,red,top,坦克,dadi,standard,1,12,2,1,41217,54936,20535,514.4,10.16,17.12,19.38,5,0,1,3,5,1620,938,236,6884,3250,6338,9186,5266,848,1920,,960,,192,,t3_calmveil|t3_thornmail
standard,117,r2,red,jungle,刺客,duskblade,standard,1,12,7,5,34819,27280,20661,517.6,9.79,16.81,22.32,5,1,1,2,5,328,818,656,5361,3528,6148,9086,5266,208,1440,960,160,860,192,,t3_finalstring
standard,117,r3,red,mid,法師,gambler,standard,1,17,15,2,57566,29739,21745,544.8,12.7,19.31,24.58,5,0,1,2,5,878,300,24,5595,3138,5330,7874,5266,896,960,,560,,192,,t3_psyward
standard,117,r4,red,adc,射手,guangsu,standard,1,16,14,0,93160,23868,20228,506.8,11.78,21.63,25.98,5,0,1,1,5,858,266,818,4627,3018,4746,6618,5266,600,,,560,,192,,t3_shieldbreaker|t3_rendspear
standard,117,r5,red,sup,坦克,tiebi,standard,1,3,2,4,19320,45947,16713,418.7,8.98,14.4,21.58,5,1,2,2,5,667,295,1156,3113,4267,6955,8396,5266,104,960,,160,,192,1714,t3_calmveil|t3_thornmail
standard,118,b1,blue,top,坦克,suishan,standard,0,0,3,0,8151,22262,6504,313.8,10.24,18.99,,2,0,1,2,2,1252,312,58,253,2882,4812,6308,5266,562,,,400,,80,,t3_calmveil|t3_thornmail
standard,118,b2,blue,jungle,刺客,binghe,standard,0,0,3,0,3243,8341,6694,323,10.21,,,1,0,1,1,1,1358,216,869,1064,3288,4896,6499,5266,250,,,,902,80,,t3_finalstring
standard,118,b3,blue,mid,法師,ronghuo,standard,0,2,5,0,12127,12956,7637,368.5,12.93,19.17,,2,0,1,2,2,934,52,312,987,3194,4682,6962,5266,816,480,,400,,0,,t3_psyward
standard,118,b4,blue,adc,射手,mori,standard,0,0,2,0,9607,11797,6264,302.2,12.49,,,1,0,1,1,1,722,234,854,1113,2882,4364,6004,5266,458,,,200,,80,,t3_shieldbreaker|t3_rendspear
standard,118,b5,blue,sup,坦克,tiemu,standard,0,0,1,0,5468,18616,8794,424.3,7.68,15.14,19.56,3,1,1,3,3,967,517,315,293,3867,5867,8515,5266,312,,,600,,80,2256,t3_calmveil|t3_thornmail
standard,118,r1,red,top,坦克,suishan,standard,1,7,0,2,12757,17738,11946,576.4,8.4,13.47,17.88,3,1,2,3,3,902,253,1081,1916,3852,6943,11111,5266,797,2880,480,1240,,448,,t3_calmveil|t3_thornmail
standard,118,r2,red,jungle,刺客,binghe,standard,1,3,0,0,8057,8445,9379,452.6,10.03,15.6,,2,0,1,2,2,2361,1407,594,949,4291,6737,9024,5266,341,1440,,640,888,448,,t3_finalstring
standard,118,r3,red,mid,法師,ronghuo,standard,1,4,2,5,17904,11161,10264,495.2,12.94,18.12,,2,0,1,2,2,926,502,388,983,3186,5652,9668,5266,874,1920,720,440,,448,,t3_psyward
standard,118,r4,red,adc,射手,mori,standard,1,0,0,3,13875,8116,7472,360.5,11.43,19.84,,2,0,1,2,2,932,488,216,571,3092,4788,7116,5266,482,,480,440,,448,,t3_shieldbreaker|t3_rendspear
standard,118,r5,red,sup,坦克,tiemu,standard,1,0,0,3,7443,14494,9794,472.6,8.78,14.38,18.77,3,1,2,3,3,331,371,275,713,3931,6731,9355,5266,224,,720,440,,448,2256,t3_calmveil|t3_thornmail
standard,119,b1,blue,top,坦克,stoneguard,standard,0,0,1,2,14602,30412,8787,345.8,9.9,18.77,25.07,3,1,1,2,3,76,80,380,236,3026,4530,7130,5266,432,,360,880,,192,,t3_calmveil|t3_thornmail
standard,119,b2,blue,jungle,刺客,shanying,standard,0,2,2,1,9365,14213,9420,370.8,10.39,19.49,,2,0,1,2,2,1201,437,228,1090,3131,4767,7178,5266,320,480,120,80,720,192,,t3_finalstring
standard,119,b3,blue,mid,法師,gambler,standard,0,6,3,1,16583,14977,11240,442.4,12.48,21.14,,2,0,1,1,2,878,336,902,1840,3138,5186,7402,5266,704,960,,280,,192,,t3_psyward
standard,119,b4,blue,adc,射手,liuxing,standard,0,9,4,0,27569,12145,12473,490.9,11.68,19.94,23.37,3,0,1,2,3,941,241,312,672,3101,4541,7632,5266,490,960,,680,43,192,,t3_shieldbreaker|t3_rendspear
standard,119,b5,blue,sup,輔助,luminary,standard,0,0,2,1,5189,16694,10146,399.3,9.53,14.77,19.21,3,1,2,3,3,443,143,240,1105,3843,5843,7940,5266,69,,,480,,192,1932,t3_calmveil
standard,119,r1,red,top,坦克,stoneguard,standard,1,1,1,1,12422,25185,9661,380.2,9.79,18.83,,2,1,1,2,2,76,352,256,2431,3026,4802,7186,5266,512,480,240,320,,368,,t3_calmveil|t3_thornmail
standard,119,r2,red,jungle,刺客,shanying,standard,1,1,2,1,9779,15919,10277,404.5,9.78,18.7,24.71,3,1,1,2,3,251,791,62,627,3451,5721,7612,5266,208,,,520,1249,368,,t3_finalstring
standard,119,r3,red,mid,法師,gambler,standard,1,2,5,0,20473,14160,9707,382,12.53,21.77,,2,0,1,1,2,750,157,683,1206,3010,5007,7183,5266,549,480,,520,,368,,t3_psyward
standard,119,r4,red,adc,射手,liuxing,standard,1,8,6,0,19758,12190,12429,489.2,12.08,19.03,22.2,3,0,1,2,3,778,298,156,629,2938,4778,8106,5266,552,1440,,720,,128,,t3_shieldbreaker|t3_rendspear
standard,119,r5,red,sup,輔助,luminary,standard,1,0,3,1,7938,17678,10775,424.1,8.09,14.79,19.01,4,1,2,3,4,371,189,949,375,3771,6069,8949,5266,98,,240,720,,368,2256,t3_calmveil
standard,120,b1,blue,top,坦克,ironclad,standard,0,0,1,0,8585,17041,6094,313.3,10.75,19.27,,2,0,1,,2,1284,120,,144,2914,4370,,,,,,,,,,t3_calmveil|t3_thornmail
standard,120,b2,blue,jungle,戰士,langwang,standard,0,0,3,0,6380,13494,6462,332.2,10.28,,,1,0,1,,1,1329,180,,1231,3329,5060,,,,,,,,,,t3_finalstring|t3_shieldbreaker
standard,120,b3,blue,mid,法師,ronghuo,standard,0,1,3,1,10669,13233,7129,366.5,12.98,19.08,,2,0,1,,2,984,450,,179,3244,4780,,,,,,,,,,t3_psyward
standard,120,b4,blue,adc,射手,shensheng,standard,0,1,3,0,7161,10090,6254,321.6,11.94,,,1,0,1,,1,882,352,,1104,3042,4482,,,,,,,,,,t3_shieldbreaker|t3_rendspear
standard,120,b5,blue,sup,坦克,tiankong,standard,0,1,1,0,2880,15973,8835,454.2,7.69,14.17,18.39,3,1,2,,3,420,472,,334,4320,6672,,,,,,,,,,t3_calmveil|t3_thornmail
standard,120,r1,red,top,坦克,ironclad,standard,1,3,0,1,9543,14751,8446,434.3,7.68,16.62,,2,1,1,,2,668,948,,1156,3618,6098,,,,,,,,,,t3_calmveil|t3_thornmail
standard,120,r2,red,jungle,戰士,langwang,standard,1,4,0,4,4871,7892,9887,508.3,10.78,16.31,,2,0,1,,2,1336,3276,,1286,3336,6376,,,,,,,,,,t3_finalstring|t3_shieldbreaker
standard,120,r3,red,mid,法師,ronghuo,standard,1,2,2,3,15808,8986,8814,453.2,12.1,,,1,0,1,,1,838,280,,2314,3098,5610,,,,,,,,,,t3_psyward
standard,120,r4,red,adc,射手,shensheng,standard,1,0,1,3,11139,7527,7214,370.9,12.14,,,1,0,1,,1,682,234,,1414,2842,4714,,,,,,,,,,t3_shieldbreaker|t3_rendspear
standard,120,r5,red,sup,坦克,tiankong,standard,1,2,0,4,6831,12936,10416,535.5,8.82,13.84,18.03,3,1,2,,3,991,235,,436,3891,6715,,,,,,,,,,t3_calmveil|t3_thornmail
standard,121,b1,blue,top,坦克,tieshixin,standard,1,0,3,1,9934,19054,8141,390,11.57,18.13,,2,0,1,2,2,1396,352,424,851,3026,5202,7714,5266,448,,240,1440,,320,,t3_calmveil|t3_thornmail
standard,121,b2,blue,jungle,戰士,jingci,standard,1,2,2,0,9057,11923,8255,395.5,10.03,19.37,,2,0,1,2,2,1275,404,429,855,3275,5284,7829,5266,250,960,,240,792,320,,t3_finalstring|t3_shieldbreaker
standard,121,b3,blue,mid,法師,gambler,standard,1,2,2,2,12544,10510,8581,411.1,12.54,20.62,,2,0,1,1,2,910,112,1686,251,3170,5442,8186,5266,920,960,480,240,,320,,t3_psyward
standard,121,b4,blue,adc,射手,liangzicz,standard,1,3,3,1,11841,9906,8764,419.8,10.89,18.98,,2,0,1,2,2,1090,286,956,183,3250,5666,7856,5266,816,960,240,240,14,320,,t3_shieldbreaker|t3_rendspear
standard,121,b5,blue,sup,坦克,tiemu,standard,1,0,1,1,2577,16357,9760,467.5,8.66,15.11,19.38,3,1,1,3,3,996,898,680,379,3896,6248,9280,5266,157,,240,1040,,320,2256,t3_calmveil|t3_thornmail
standard,121,r1,red,top,坦克,tieshixin,standard,0,4,0,1,10611,17421,9899,474.2,10.23,13.98,19.91,3,0,2,3,3,1444,375,55,349,3074,6325,9605,5266,776,1920,240,1200,43,160,,t3_calmveil|t3_thornmail
standard,121,r2,red,jungle,戰士,jingci,standard,0,4,1,3,9391,13605,9762,467.6,9.13,16.48,20.62,3,1,1,2,3,812,1168,1526,161,3912,6648,9526,5266,240,1920,600,,1340,160,,t3_finalstring|t3_shieldbreaker
standard,121,r3,red,mid,法師,gambler,standard,0,1,1,1,13742,11205,7560,362.2,13.24,,,1,0,1,1,1,814,744,798,1060,3074,4594,7298,5266,752,480,240,400,,160,,t3_psyward
standard,121,r4,red,adc,射手,liangzicz,standard,0,1,5,1,11293,10154,6773,324.5,11.38,,,1,0,1,1,1,826,142,738,973,2986,4442,6538,5266,552,480,240,,,0,,t3_shieldbreaker|t3_rendspear
standard,121,r5,red,sup,坦克,tiemu,standard,0,1,0,1,4161,13330,8812,422.1,8.57,13.92,20.6,3,1,2,2,3,887,163,1325,211,3787,6363,8565,5266,208,480,120,400,,160,1931,t3_calmveil|t3_thornmail
standard,122,b1,blue,top,坦克,bingshouweis,standard,0,3,5,2,30237,64238,15518,377.2,10.46,17.98,23.32,5,0,1,2,5,1302,254,190,1967,2892,5004,7420,5266,490,,240,1200,,224,,t3_calmveil|t3_thornmail
standard,122,b2,blue,jungle,戰士,greymantle,standard,0,1,8,1,21413,41202,14581,354.5,10.33,18.55,27.43,4,0,1,2,4,1267,487,690,1651,3267,4837,7240,5266,304,,240,400,806,224,,t3_shieldbreaker|t3_finalstring
standard,122,b3,blue,mid,法師,leiming,standard,0,23,18,2,80728,38834,23931,581.8,13.4,20.03,24.98,5,0,1,1,5,782,76,1118,7780,3042,5106,7618,5266,768,960,,400,,224,,t3_psyward
standard,122,b4,blue,adc,射手,xingchen,standard,0,23,19,0,128530,28088,23662,575.3,12.48,19.88,24.61,5,0,1,2,5,709,589,53,8062,2869,4589,7373,5266,360,1440,,200,43,64,,t3_shieldbreaker|t3_rendspear
standard,122,b5,blue,sup,輔助,shengguang,standard,0,0,5,4,20762,34002,14656,356.3,8.01,14.18,20.43,5,1,2,2,5,1244,571,689,1455,3744,5971,7719,5266,125,,,200,43,224,1860,t3_calmveil
standard,122,r1,red,top,坦克,bingshouweis,standard,1,5,3,2,37582,68412,16798,408.4,10.15,16.98,24.42,5,0,1,2,5,1404,198,432,3247,2994,4898,6882,5266,624,480,,320,,192,,t3_calmveil|t3_thornmail
standard,122,r2,red,jungle,戰士,greymantle,standard,1,10,2,1,31588,38074,20015,486.6,9.6,16.98,22.42,5,1,1,2,5,220,609,131,4765,3320,5739,8681,5266,170,1440,,320,1292,192,,t3_shieldbreaker|t3_finalstring
standard,122,r3,red,mid,法師,leiming,standard,1,19,21,1,51318,32264,21843,531,12.47,22.44,26.72,5,0,1,1,5,808,326,635,5692,3068,4876,6535,5266,637,,120,320,,192,,t3_psyward
standard,122,r4,red,adc,射手,xingchen,standard,1,20,20,1,115891,26002,22331,542.9,11.53,21.54,26.03,5,0,1,1,5,850,94,1146,6730,3010,4874,6826,5266,448,480,120,320,,192,,t3_shieldbreaker|t3_rendspear
standard,122,r5,red,sup,輔助,shengguang,standard,1,1,4,6,27261,33793,17057,414.7,6.55,13.33,18.73,5,1,2,3,5,764,408,678,3856,3864,6288,8378,5266,199,,240,720,,192,1760,t3_calmveil
standard,123,b1,blue,top,坦克,tiebi,standard,1,0,4,1,7454,21503,6671,326.5,10.99,18.65,,2,0,1,2,2,1308,436,244,520,2898,4586,6394,5266,448,,120,400,,160,,t3_calmveil|t3_thornmail
standard,123,b2,blue,jungle,戰士,chichuan,standard,1,1,0,0,6386,10459,8392,410.7,10.02,17.57,,2,0,1,2,2,1272,676,1065,442,3272,6106,8115,5266,248,480,,800,921,400,,t3_shieldbreaker|t3_finalstring
standard,123,b3,blue,mid,法師,haixiao,standard,1,0,2,0,10146,11785,7111,348,11.48,,,1,0,1,1,1,1070,176,604,610,3330,5026,6834,5266,768,,,400,,400,,t3_psyward
standard,123,b4,blue,adc,射手,dujian,standard,1,2,2,0,12559,7543,7607,372.3,11.96,19.15,,2,0,1,2,2,882,438,330,606,3042,4738,7330,5266,464,960,,400,,240,,t3_shieldbreaker|t3_rendspear
standard,123,b5,blue,sup,輔助,mingyunyindao,standard,1,0,0,1,3104,12153,8923,436.7,10.01,13.28,18.64,3,0,2,3,3,2147,415,646,922,3827,6595,8646,5266,120,,120,800,,400,1940,t3_calmveil
standard,123,r1,red,top,坦克,tiebi,standard,0,4,0,1,8950,20550,8673,424.5,9.02,15.79,20.17,3,1,1,2,3,492,598,846,123,3442,5898,8076,5266,626,1440,120,480,,144,,t3_calmveil|t3_thornmail
standard,123,r2,red,jungle,戰士,chichuan,standard,0,0,1,1,8895,11476,7414,362.8,9.01,18.93,,2,1,1,2,2,341,314,547,663,3441,5264,7297,5266,269,,240,213,1244,64,,t3_shieldbreaker|t3_finalstring
standard,123,r3,red,mid,法師,haixiao,standard,0,1,1,1,9263,10628,7081,346.6,13.05,,,1,0,1,1,1,776,202,464,581,3036,5052,6964,5266,621,480,240,213,,144,,t3_psyward
standard,123,r4,red,adc,射手,dujian,standard,0,3,0,2,19713,8350,8489,415.5,11.18,17.85,,2,0,1,2,2,828,532,182,539,2988,5612,8132,5266,682,1440,120,480,,144,,t3_shieldbreaker|t3_rendspear
standard,123,r5,red,sup,輔助,mingyunyindao,standard,0,0,1,2,2318,11903,8380,410.1,6.85,13.68,,2,1,2,2,2,1271,179,1233,1349,3771,6059,8263,5266,168,,240,613,,144,1831,t3_calmveil
standard,124,b1,blue,top,坦克,shengdun,standard,1,1,2,2,10683,23799,9581,395.8,10.13,17.75,21.56,3,0,1,2,3,1476,596,420,331,3106,4546,7250,5266,688,480,80,480,,256,,t3_calmveil|t3_thornmail
standard,124,b2,blue,jungle,戰士,leimingcf,standard,1,1,2,1,9582,16562,8602,355.3,10.44,18.65,,2,0,1,2,2,1169,588,231,801,3169,4868,7131,5266,320,480,80,80,648,256,,t3_finalstring|t3_shieldbreaker
standard,124,b3,blue,mid,法師,leiming,standard,1,5,2,0,16386,16755,10621,438.8,12.54,18.52,,2,0,1,2,2,894,392,760,1321,3154,4722,7410,5266,928,480,,480,,256,,t3_psyward
standard,124,b4,blue,adc,射手,tianfa,standard,1,6,2,2,25699,12432,10992,454.1,10.97,18.77,23.02,3,0,1,2,3,980,280,1328,1092,3140,4580,8228,5266,626,1440,160,480,,256,,t3_shieldbreaker|t3_rendspear
standard,124,b5,blue,sup,坦克,shiqiang,standard,1,0,1,2,7154,19851,10228,422.5,8.83,16.19,19.01,3,1,1,3,3,924,410,93,688,3824,5760,8873,5266,93,,160,880,,256,2217,t3_calmveil|t3_thornmail
standard,124,r1,red,top,坦克,shengdun,standard,0,1,3,0,11278,26061,8921,368.5,10.59,15.58,23.82,3,0,1,2,3,1999,485,387,270,3629,5885,7677,5266,736,480,,960,43,192,,t3_calmveil|t3_thornmail
standard,124,r2,red,jungle,戰士,leimingcf,standard,0,4,1,1,13921,18192,11269,465.5,8.45,15.57,20.78,3,1,1,2,3,911,1372,964,238,4011,6852,9264,5266,368,1440,240,360,1397,192,,t3_finalstring|t3_shieldbreaker
standard,124,r3,red,mid,法師,leiming,standard,0,0,6,1,15329,14376,8397,346.9,12.73,23.91,,2,0,1,1,2,838,372,270,367,3098,4922,6770,5266,712,,240,360,,192,,t3_psyward
standard,124,r4,red,adc,射手,tianfa,standard,0,4,3,0,21781,11827,10333,426.9,11.06,19,,2,0,1,2,2,930,250,102,1753,3090,4850,7602,5266,704,480,,960,,192,,t3_shieldbreaker|t3_rendspear
standard,124,r5,red,sup,坦克,shiqiang,standard,0,0,0,1,6731,19145,9241,381.7,7.72,14.82,23.23,3,1,2,2,3,203,207,485,340,3803,6107,7725,5266,168,,,160,,192,1939,t3_calmveil|t3_thornmail
standard,125,b1,blue,top,坦克,shiqiang,standard,0,0,2,0,4382,15030,5641,314.4,10.68,,,1,0,1,,1,1388,904,,340,2978,4754,,,,,,,,,,t3_calmveil|t3_thornmail
standard,125,b2,blue,jungle,戰士,fengbao,standard,0,0,3,1,4264,10123,5926,330.3,9.44,,,1,1,1,,1,367,580,,375,3467,4930,,,,,,,,,,t3_shieldbreaker|t3_finalstring
standard,125,b3,blue,mid,法師,haixiao,standard,0,1,2,0,9805,10729,5689,317.1,11.57,,,1,0,1,,1,1198,236,,308,3458,4866,,,,,,,,,,t3_psyward
standard,125,b4,blue,adc,射手,mirrorshot,standard,0,0,4,0,7051,8561,5361,298.8,11.45,,,1,0,1,,1,938,288,,210,3098,4538,,,,,,,,,,t3_shieldbreaker|t3_rendspear
standard,125,b5,blue,sup,輔助,tianshi,standard,0,0,2,0,1802,10801,7717,430.1,7.03,13.7,,2,1,2,,2,467,787,,1166,3867,6187,,,,,,,,,,t3_calmveil
standard,125,r1,red,top,坦克,shiqiang,standard,1,2,0,0,8824,13734,7473,416.5,7.03,15.33,,2,1,1,,2,428,630,,722,3978,5930,,,,,,,,,,t3_calmveil|t3_thornmail
standard,125,r2,red,jungle,戰士,fengbao,standard,1,7,0,1,6684,9947,10657,594,9.19,15.2,,2,1,1,,2,476,2919,,2107,4226,8349,,,,,,,,,,t3_shieldbreaker|t3_finalstring
standard,125,r3,red,mid,法師,haixiao,standard,1,1,0,1,7606,9167,7601,423.6,11.55,,,1,0,1,,1,1054,168,,1100,3314,5498,,,,,,,,,,t3_psyward
standard,125,r4,red,adc,射手,mirrorshot,standard,1,3,0,1,13855,5924,7913,441,12.06,16.59,,2,0,1,,2,962,802,,912,3122,6482,,,,,,,,,,t3_shieldbreaker|t3_rendspear
standard,125,r5,red,sup,輔助,tianshi,standard,1,0,1,1,2372,8505,8537,475.8,7.91,13.13,17.3,3,1,2,,3,483,1255,,536,3883,6655,,,,,,,,,,t3_calmveil
standard,126,b1,blue,top,坦克,tiemu,standard,1,0,3,0,6659,17494,6081,320.3,11.39,,,1,0,1,,1,1420,352,,780,3010,4802,,,,,,,,,,t3_calmveil|t3_thornmail
standard,126,b2,blue,jungle,戰士,anliuyouXia,standard,1,1,0,0,5851,11546,7061,371.9,11.28,18.92,,2,0,1,,2,1052,488,,310,3052,5618,,,,,,,,,,t3_shieldbreaker|t3_finalstring
standard,126,b3,blue,mid,法師,leiming,standard,1,1,2,0,8373,9343,7078,372.9,12.26,,,1,0,1,,1,755,353,,578,3015,4903,,,,,,,,,,t3_psyward
standard,126,b4,blue,adc,射手,hanbing,standard,1,1,2,1,10470,6678,6953,366.3,11.38,,,1,0,1,,1,890,334,,1272,3050,5114,,,,,,,,,,t3_shieldbreaker|t3_rendspear
standard,126,b5,blue,sup,輔助,linghun,standard,1,0,2,0,2941,10784,8453,445.3,8.32,14.26,18.43,3,1,2,,3,671,455,,453,3771,6155,,,,,,,,,,t3_calmveil
standard,126,r1,red,top,坦克,tiemu,standard,0,1,0,0,6552,16652,6353,334.7,10.85,18.52,,2,0,1,,2,1452,244,,202,3042,4994,,,,,,,,,,t3_calmveil|t3_thornmail
standard,126,r2,red,jungle,戰士,anliuyouXia,standard,0,4,0,1,9987,9890,8643,455.3,9.22,17.5,,2,1,1,,2,588,657,,1292,3688,6087,,,,,,,,,,t3_shieldbreaker|t3_finalstring
standard,126,r3,red,mid,法師,leiming,standard,0,1,1,0,6700,9973,7201,379.3,13.14,,,1,0,1,,1,854,140,,700,3114,4690,,,,,,,,,,t3_psyward
standard,126,r4,red,adc,射手,hanbing,standard,0,3,1,0,14711,8239,7641,402.5,11.78,18.12,,2,0,1,,2,930,538,,320,3090,5138,,,,,,,,,,t3_shieldbreaker|t3_rendspear
standard,126,r5,red,sup,輔助,linghun,standard,0,0,1,4,2813,10929,8818,464.5,7.53,13,17.96,3,1,2,,3,1335,593,,637,3835,6843,,,,,,,,,,t3_calmveil
standard,127,b1,blue,top,戰士,xueyue,standard,1,1,3,0,11081,25739,7850,322.1,11.66,22.17,,2,0,1,1,2,896,236,800,600,2946,4386,6450,5266,368,480,,80,,256,,t3_shieldbreaker|t3_finalstring
standard,127,b2,blue,jungle,戰士,embercoil,standard,1,1,4,0,11141,17236,8916,365.8,9.99,20.23,,2,1,1,1,2,148,324,1187,1116,3248,5024,6787,5266,320,,,80,864,256,,t3_shieldbreaker|t3_finalstring
standard,127,b3,blue,mid,法師,haixiao,standard,1,3,5,1,24860,15330,10554,433,11.52,20.22,,2,0,1,1,2,862,320,1562,1854,3122,5170,7642,5266,760,480,,880,,256,,t3_psyward
standard,127,b4,blue,adc,射手,xuanfeng,standard,1,7,4,0,21613,14544,10877,446.2,12.66,19.07,22.59,3,0,1,2,3,836,186,142,976,2996,4436,7012,5266,450,960,,80,,256,,t3_shieldbreaker|t3_rendspear
standard,127,b5,blue,sup,坦克,shengdun,standard,1,0,6,1,6877,23051,9939,407.8,10.62,14.73,19.48,3,0,2,3,3,2338,118,219,979,3918,6318,8419,5266,181,,,880,14,256,1821,t3_calmveil|t3_thornmail
standard,127,r1,red,top,戰士,xueyue,standard,0,5,0,1,14512,26581,10893,446.9,9.8,15.79,22.46,3,1,1,2,3,302,1042,214,42,3452,6572,8564,5266,570,1440,120,960,,208,,t3_shieldbreaker|t3_finalstring
standard,127,r2,red,jungle,戰士,embercoil,standard,0,3,1,2,9944,18656,10291,422.2,10.02,18.94,23.49,3,0,1,2,3,1110,406,830,690,3110,5286,7930,5266,250,960,360,160,725,208,,t3_shieldbreaker|t3_finalstring
standard,127,r3,red,mid,法師,haixiao,standard,0,2,3,2,21774,13324,9338,383.1,12.6,21.71,,2,0,1,1,2,878,84,926,288,3138,5234,7426,5266,672,480,240,560,,208,,t3_psyward
standard,127,r4,red,adc,射手,xuanfeng,standard,0,7,5,2,23600,10453,11426,468.8,10.38,19.57,23.72,3,0,1,2,3,858,82,370,1426,3018,5162,7690,5266,616,960,360,360,,128,,t3_shieldbreaker|t3_rendspear
standard,127,r5,red,sup,坦克,shengdun,standard,0,5,3,3,9779,21889,12523,513.8,8.15,13.33,17.48,4,1,2,3,4,345,513,934,322,4245,7173,10914,5266,130,2400,360,360,,208,2189,t3_calmveil|t3_thornmail
standard,128,b1,blue,top,戰士,langwang,standard,0,1,2,0,12594,24657,7295,325.4,11.94,22.28,,2,0,1,1,2,816,224,515,165,2866,4674,6165,5266,456,,,400,43,0,,t3_shieldbreaker|t3_finalstring
standard,128,b2,blue,jungle,戰士,longyi,standard,0,1,3,0,6586,16726,7588,338.5,12.11,17.72,,2,0,1,2,2,1093,340,114,607,3093,5240,6794,5266,256,480,,,792,0,,t3_shieldbreaker|t3_finalstring
standard,128,b3,blue,mid,法師,bingshuang,standard,0,0,1,0,14413,14512,7364,328.5,12.93,20.72,,2,0,1,1,2,798,396,1270,713,3058,4546,6650,5266,784,,,600,,0,,t3_psyward
standard,128,b4,blue,adc,射手,phantom,standard,0,6,4,1,16487,12521,10631,474.2,11.08,19.43,21.28,3,0,1,2,3,890,186,780,130,3050,5386,8300,5266,594,1440,,1000,,0,,t3_shieldbreaker|t3_rendspear
standard,128,b5,blue,sup,坦克,dadi,standard,0,0,2,1,6115,18084,8432,376.1,8.43,15.38,21.65,3,1,1,2,3,171,581,401,231,3771,5931,7781,5266,149,,240,,,0,2126,t3_calmveil|t3_thornmail
standard,128,r1,red,top,戰士,langwang,standard,1,2,3,0,10696,21553,8903,397.1,11.28,19.13,,2,0,1,2,2,928,480,576,252,2978,5410,7426,5266,512,480,,720,,448,,t3_shieldbreaker|t3_finalstring
standard,128,r2,red,jungle,戰士,longyi,standard,1,4,0,1,14000,12727,10440,465.7,9.5,17.72,,2,1,1,2,2,239,994,204,1840,3339,5694,8804,5266,288,1440,240,320,802,448,,t3_shieldbreaker|t3_finalstring
standard,128,r3,red,mid,法師,bingshuang,standard,1,0,2,0,13017,11537,7868,351,11.68,22.04,,2,0,1,1,2,1134,480,478,317,3394,5330,6978,5266,944,,,320,,448,,t3_psyward
standard,128,r4,red,adc,射手,phantom,standard,1,4,2,0,17481,9206,9452,421.6,12.61,19.6,,2,0,1,2,2,882,362,282,551,3042,5442,7602,5266,608,960,,320,,448,,t3_shieldbreaker|t3_rendspear
standard,128,r5,red,sup,坦克,dadi,standard,1,2,1,5,13179,19615,11939,532.6,7.68,12,17.19,4,1,2,3,4,927,667,722,338,3827,7907,10702,5266,144,960,960,720,,448,2204,t3_calmveil|t3_thornmail
standard,129,b1,blue,top,戰士,kuangfeng,standard,0,0,3,0,5964,26387,6929,311.9,11.37,19.63,,2,0,1,2,2,896,56,276,28,2946,4706,6226,5266,560,,,400,,0,,t3_shieldbreaker|t3_finalstring
standard,129,b2,blue,jungle,戰士,ravager,standard,0,0,2,0,5488,17884,7066,318.1,10.33,22.11,,2,0,1,1,2,1178,153,834,36,3178,4803,6384,5266,224,,,,893,0,,t3_shieldbreaker|t3_finalstring
standard,129,b3,blue,mid,法師,mingyun2,standard,0,0,6,0,15038,17012,7110,320,13.12,20.93,,2,0,1,1,2,878,540,1102,460,3138,4690,6482,5266,816,,,400,,0,,t3_psyward
standard,129,b4,blue,adc,射手,huanying,standard,0,0,3,0,8449,9931,6369,286.7,11.59,,,1,0,1,1,1,770,306,562,568,2930,4306,5762,5266,496,,,,,0,,t3_shieldbreaker|t3_rendspear
standard,129,b5,blue,sup,輔助,mantra,standard,0,0,5,0,6022,16795,8606,387.4,7.93,14.53,19.42,3,1,2,3,3,347,187,19,325,3747,6067,7999,5266,112,,,800,,0,1821,t3_calmveil
standard,129,r1,red,top,戰士,kuangfeng,standard,1,8,0,0,15007,21213,12217,549.9,10.69,16.89,19.11,3,0,1,3,3,1440,236,436,816,3490,5716,10036,5266,562,2400,,1360,,448,,t3_shieldbreaker|t3_finalstring
standard,129,r2,red,jungle,戰士,ravager,standard,1,6,0,0,10517,11515,11148,501.8,9.89,15.86,22.07,3,1,1,2,3,329,1090,1978,218,3429,6520,9928,5266,464,2400,,160,1190,448,,t3_shieldbreaker|t3_finalstring
standard,129,r3,red,mid,法師,mingyun2,standard,1,3,0,5,20966,10250,9774,439.9,11.33,19.67,,2,0,1,2,2,766,426,268,1024,3026,6026,8298,5266,464,960,600,560,,448,,t3_psyward
standard,129,r4,red,adc,射手,huanying,standard,1,2,0,1,16235,8541,8958,403.2,11.87,,,1,0,1,1,1,786,258,1194,3278,2946,4738,6874,5266,400,480,120,160,,448,,t3_shieldbreaker|t3_rendspear
standard,129,r5,red,sup,輔助,mantra,standard,1,0,0,6,6485,9911,10721,482.6,6.91,13.63,18.28,3,1,2,3,3,411,248,735,1491,3811,6248,9965,5266,125,,960,960,,448,2206,t3_calmveil
standard,130,b1,blue,top,戰士,greymantle,standard,0,2,14,0,18551,52487,12772,346.3,10.58,19.49,26.4,4,0,1,2,4,952,276,200,322,3002,4906,7530,5266,440,960,,800,,64,,t3_shieldbreaker|t3_finalstring
standard,130,b2,blue,jungle,刺客,yingsi,standard,0,2,13,0,9133,23545,12661,343.3,11.36,22.33,30.66,3,0,1,1,3,1084,77,426,1530,3014,4577,6056,5266,192,,,,533,64,,t3_finalstring
standard,130,b3,blue,mid,法師,bingshuang,standard,0,10,13,1,39885,25043,17126,464.3,13.52,22.13,26.69,5,0,1,1,5,750,92,638,975,3010,4642,6818,5266,768,480,240,,,64,,t3_psyward
standard,130,b4,blue,adc,射手,guangsu,standard,0,18,13,2,116062,22083,20802,564,11.28,22.34,27.05,5,0,1,1,5,818,241,629,5202,2978,4541,6429,5266,656,,,400,43,64,,t3_shieldbreaker|t3_rendspear
standard,130,b5,blue,sup,坦克,tiebi,standard,0,0,15,2,9704,46977,13830,375,8.78,14.88,22.69,5,1,2,2,5,246,78,974,230,3846,6278,8214,5266,184,,,400,43,64,2256,t3_calmveil|t3_thornmail
standard,130,r1,red,top,戰士,greymantle,standard,1,14,6,3,34923,53325,19604,531.5,11.88,17.37,22.01,5,0,1,2,5,912,368,184,4254,2962,5418,8834,5266,584,1440,360,800,,384,,t3_shieldbreaker|t3_finalstring
standard,130,r2,red,jungle,刺客,yingsi,standard,1,6,2,2,15962,21415,17350,470.4,9.53,16.72,24.89,5,1,1,2,5,240,1317,884,2049,3440,5697,8484,5266,282,960,,400,1191,384,,t3_finalstring
standard,130,r3,red,mid,法師,bingshuang,standard,1,26,9,1,77590,24716,25188,682.9,13.12,20.41,24.89,5,0,1,1,5,926,272,1966,9038,3186,5122,8466,5266,736,1440,240,400,,384,,t3_psyward
standard,130,r4,red,adc,射手,guangsu,standard,1,20,9,1,96902,20157,22191,601.7,12.05,19.39,22.12,5,0,1,2,5,818,290,754,6591,2978,4890,7754,5266,504,960,240,400,,384,,t3_shieldbreaker|t3_rendspear
standard,130,r5,red,sup,坦克,tiebi,standard,1,2,6,7,14849,44259,15841,429.5,7.7,13.61,19.6,5,1,2,3,5,1423,384,152,2241,4323,6744,9052,5266,165,480,600,400,,384,1756,t3_calmveil|t3_thornmail
standard,131,b1,blue,top,戰士,ravager,standard,0,3,2,0,12430,25354,9124,398.6,10.38,20.42,,2,0,1,1,2,960,268,1384,793,3010,4418,7034,5266,584,960,,,,224,,t3_shieldbreaker|t3_finalstring
standard,131,b2,blue,jungle,刺客,shanying,standard,0,1,4,0,3309,9569,7916,345.8,10.72,19.63,,2,0,1,2,2,1235,491,307,15,3165,4871,7007,5266,248,480,,200,748,64,,t3_finalstring
standard,131,b3,blue,mid,法師,mingyun2,standard,0,0,2,1,14702,13582,7182,313.7,12.84,,,1,0,1,1,1,1038,190,674,702,3298,4740,6404,5266,794,,120,,,224,,t3_psyward
standard,131,b4,blue,adc,射手,maestro,standard,0,6,3,3,23665,14723,11623,507.7,11.18,17.95,21.05,3,0,1,2,3,1026,78,567,1542,3186,4978,8717,5266,664,1440,480,600,43,224,,t3_shieldbreaker|t3_rendspear
standard,131,b5,blue,sup,坦克,longji,standard,0,0,3,1,5697,19683,8713,380.6,8.57,15.6,21.68,3,1,1,2,3,959,506,255,212,3859,5856,7935,5266,237,,120,,,224,2088,t3_calmveil|t3_thornmail
standard,131,r1,red,top,戰士,ravager,standard,1,2,2,0,13207,21617,9156,399.9,9.45,20.42,,2,1,1,1,2,444,416,1888,505,3594,5466,7418,5266,840,960,,160,,192,,t3_shieldbreaker|t3_finalstring
standard,131,r2,red,jungle,刺客,shanying,standard,1,1,0,2,6474,9735,9205,402.1,9.94,16.81,,2,1,1,2,2,91,873,502,1304,3291,5723,7802,5266,192,480,360,160,1152,192,,t3_finalstring
standard,131,r3,red,mid,法師,mingyun2,standard,1,5,4,1,18958,13483,11038,482.2,11.03,16.74,,2,0,1,2,2,942,450,332,1638,3202,6650,9082,5266,864,1920,80,760,,192,,t3_psyward
standard,131,r4,red,adc,射手,maestro,standard,1,4,3,3,20929,10121,9916,433.1,10.99,20.04,,2,0,1,1,2,954,582,1378,1665,3114,5482,7058,5266,600,,440,560,,192,,t3_shieldbreaker|t3_rendspear
standard,131,r5,red,sup,坦克,longji,standard,1,2,1,3,6283,18391,10251,447.8,8.47,13.98,20.06,3,1,2,2,3,959,179,1663,751,3859,7119,8903,5266,128,960,320,360,,192,1677,t3_calmveil|t3_thornmail
standard,132,b1,blue,top,戰士,dadi2,standard,0,1,5,2,8082,24447,7512,343.5,11.45,20,,2,0,1,2,2,864,338,78,312,2914,4738,6978,5266,352,480,480,400,,0,,t3_shieldbreaker|t3_finalstring
standard,132,b2,blue,jungle,刺客,dianguang,standard,0,0,3,0,3498,9358,6973,318.9,10.3,,,1,0,1,1,1,1321,145,711,1392,3251,4775,6291,5266,176,,,,849,0,,t3_finalstring
standard,132,b3,blue,mid,法師,bingshuang,standard,0,1,5,1,12779,13852,7112,325.2,13.53,20.58,,2,0,1,1,2,686,300,766,462,2946,4450,6546,5266,560,480,240,,,0,,t3_psyward
standard,132,b4,blue,adc,射手,liuxing,standard,0,4,2,0,12606,11849,9096,416,11.71,19.98,,2,0,1,2,2,898,450,114,346,3058,4450,7634,5266,608,960,,800,,0,,t3_shieldbreaker|t3_rendspear
standard,132,b5,blue,sup,輔助,hexweave,standard,0,0,6,0,4769,16643,8736,399.5,7.33,14.81,19.81,3,1,2,3,3,1263,299,319,156,3763,5699,8019,5266,96,,,400,,0,2256,t3_calmveil
standard,132,r1,red,top,戰士,dadi2,standard,1,6,0,0,14095,21272,11029,504.4,9.8,17.03,21.08,3,1,1,2,3,372,298,786,949,3522,5778,9386,5266,464,1920,,1240,,496,,t3_shieldbreaker|t3_finalstring
standard,132,r2,red,jungle,刺客,dianguang,standard,1,9,0,2,10544,9980,13064,597.4,9.05,16.7,18.51,3,1,1,3,3,1188,2412,1185,1983,4388,7992,11785,5266,216,3840,360,440,1167,496,,t3_finalstring
standard,132,r3,red,mid,法師,bingshuang,standard,1,0,2,3,14351,10231,8045,367.9,13.51,,,1,0,1,1,1,798,364,643,1545,3058,4914,7143,5266,528,,480,373,,496,,t3_psyward
standard,132,r4,red,adc,射手,liuxing,standard,1,6,4,0,19258,8691,10029,458.7,11.87,20.58,21.85,3,0,1,1,3,850,134,2695,29,3010,4914,8375,5266,560,1920,,373,,256,,t3_shieldbreaker|t3_rendspear
standard,132,r5,red,sup,輔助,hexweave,standard,1,0,0,6,5501,10736,10514,480.8,7.68,12.66,,2,1,2,2,2,197,221,2528,3484,4147,6771,9558,5266,152,,1080,773,,496,1791,t3_calmveil
standard,133,b1,blue,top,戰士,ronggang,standard,1,0,1,0,10632,21474,7130,338.9,11.2,,,1,0,1,1,1,928,394,1146,1650,2978,4674,6626,5266,384,,,720,,256,,t3_shieldbreaker|t3_finalstring
standard,133,b2,blue,jungle,刺客,leisuhunter,standard,1,0,2,0,3582,8316,7723,367,10.18,19.08,,2,0,1,2,2,1288,636,569,593,3218,5436,7219,5266,224,,,520,792,416,,t3_finalstring
standard,133,b3,blue,mid,法師,lieyan,standard,1,6,1,0,17688,11452,10282,488.7,12.91,19.32,,2,0,1,2,2,750,336,904,882,3010,5186,8754,5266,632,1920,,520,,416,,t3_psyward
standard,133,b4,blue,adc,射手,shensheng,standard,1,3,1,0,10514,7912,8754,416,11.43,19.72,,2,0,1,2,2,1026,214,730,1434,3186,4994,8050,5266,608,1440,,320,,416,,t3_shieldbreaker|t3_rendspear
standard,133,b5,blue,sup,輔助,shengming,standard,1,0,1,0,5655,12470,9195,437,9.27,13.89,19.02,3,1,2,3,3,459,49,91,1195,3859,6299,8091,5266,168,,,320,,416,1920,t3_calmveil
standard,133,r1,red,top,戰士,ronggang,standard,0,4,0,0,14856,23518,8362,397.4,11.2,17.88,,2,0,1,2,2,912,686,382,62,2962,5266,8082,5266,496,1920,,400,,0,,t3_shieldbreaker|t3_finalstring
standard,133,r2,red,jungle,刺客,leisuhunter,standard,0,1,2,1,6741,10381,8232,391.2,9.46,16.23,,2,1,1,2,2,656,950,135,202,3856,6230,7865,5266,481,480,240,400,998,0,,t3_finalstring
standard,133,r3,red,mid,法師,lieyan,standard,0,0,3,0,8351,11109,6597,313.5,12.76,,,1,0,1,1,1,830,648,416,396,3090,4498,6316,5266,650,,,400,,0,,t3_psyward
standard,133,r4,red,adc,射手,shensheng,standard,0,1,3,0,12537,9382,6640,315.5,11.43,,,1,0,1,1,1,820,168,679,959,2980,4468,6359,5266,613,480,,,,0,,t3_shieldbreaker|t3_rendspear
standard,133,r5,red,sup,輔助,shengming,standard,0,0,1,0,4239,13817,8356,397.1,9.1,14.03,19.6,3,1,2,3,3,375,427,375,195,3775,6127,8075,5266,158,,,800,,0,1850,t3_calmveil
standard,134,b1,blue,top,戰士,anliuyouXia,standard,0,1,3,0,10298,24694,7390,329.5,10.95,18.02,,2,0,1,2,2,896,404,188,490,2946,4754,6738,5266,592,480,,400,,0,,t3_shieldbreaker|t3_finalstring
standard,134,b2,blue,jungle,刺客,duskblade,standard,0,0,7,0,4120,10408,7097,316.5,10.18,19.46,,2,0,1,2,2,1232,77,358,616,3162,4707,6358,5266,192,,,,900,0,,t3_finalstring
standard,134,b3,blue,mid,法師,shikong,standard,0,0,5,1,14681,13744,7086,316,13.84,22.33,,2,0,1,1,2,670,204,252,436,2930,4354,5762,5266,496,,,,,0,,t3_psyward
standard,134,b4,blue,adc,射手,liangzicz,standard,0,1,7,0,11812,12100,7006,312.4,11.37,20.77,,2,0,1,1,2,850,280,724,756,3010,4530,5874,5266,608,,,,,0,,t3_shieldbreaker|t3_rendspear
standard,134,b5,blue,sup,坦克,tiemu,standard,0,0,2,0,5900,23070,8961,399.6,10.11,14.28,20.2,3,0,2,2,3,2215,279,1329,180,3795,5779,8309,5266,224,,,800,22,0,1996,t3_calmveil|t3_thornmail
standard,134,r1,red,top,戰士,anliuyouXia,standard,1,6,0,4,14639,20352,12107,539.9,9.5,16.45,20.62,3,1,1,2,3,988,320,1924,657,4138,5850,9674,5266,560,1920,360,1120,,448,,t3_shieldbreaker|t3_finalstring
standard,134,r2,red,jungle,刺客,duskblade,standard,1,1,1,1,8504,9764,8884,396.2,9.31,17.89,,2,1,1,2,2,931,270,564,504,4131,5900,7744,5266,72,480,240,320,917,448,,t3_finalstring
standard,134,r3,red,mid,法師,shikong,standard,1,4,0,1,18247,11649,9731,434,11.18,19.46,,2,0,1,2,2,1086,272,756,751,3346,5122,8306,5266,712,1440,120,320,,448,,t3_psyward
standard,134,r4,red,adc,射手,liangzicz,standard,1,7,1,3,28591,9180,11773,525,11.36,18.5,21.28,3,0,1,2,3,1102,384,1090,872,3262,5584,9040,5266,646,1920,240,520,,448,,t3_shieldbreaker|t3_rendspear
standard,134,r5,red,sup,坦克,tiemu,standard,1,6,0,1,9921,18371,12725,567.5,7.43,11.22,16.44,4,1,2,3,4,1611,1116,749,1125,5511,8356,10729,5266,249,2400,,520,,448,1846,t3_calmveil|t3_thornmail
standard,135,b1,blue,top,戰士,tielian,standard,0,0,0,0,5555,17934,6630,332.8,11.23,19.79,,2,0,1,,2,944,320,,200,2994,4370,,,,,,,,,,t3_shieldbreaker|t3_finalstring
standard,135,b2,blue,jungle,刺客,miwu,standard,0,0,7,0,2672,9661,6224,312.4,12.2,19.35,,2,0,1,,2,1137,439,,223,3067,4719,,,,,,,,,,t3_finalstring
standard,135,b3,blue,mid,法師,lieyan,standard,0,0,3,0,8681,10379,5910,296.6,13.61,,,1,0,1,,1,750,184,,130,3010,4514,,,,,,,,,,t3_psyward
standard,135,b4,blue,adc,射手,xingchen,standard,0,0,3,0,8968,8782,5734,287.8,11.89,,,1,0,1,,1,754,396,,584,2914,4346,,,,,,,,,,t3_shieldbreaker|t3_rendspear
standard,135,b5,blue,sup,輔助,shengguang,standard,0,0,4,0,2847,14251,8237,413.4,7.73,14.15,18.97,3,1,2,,3,363,439,,77,3763,6139,,,,,,,,,,t3_calmveil
standard,135,r1,red,top,戰士,tielian,standard,1,6,0,0,12377,18269,10374,520.7,10.54,17.11,19.49,3,0,1,,3,1760,826,,294,3810,6306,,,,,,,,,,t3_shieldbreaker|t3_finalstring
standard,135,r2,red,jungle,刺客,miwu,standard,1,2,0,0,1737,6225,8593,431.3,8.5,15.16,,2,1,1,,2,221,2722,,562,4071,6872,,,,,,,,,,t3_finalstring
standard,135,r3,red,mid,法師,lieyan,standard,1,1,0,0,11181,10735,7986,400.8,11.92,18.8,,2,0,1,,2,862,196,,136,3122,5526,,,,,,,,,,t3_psyward
standard,135,r4,red,adc,射手,xingchen,standard,1,8,0,0,14232,7916,10642,534.1,9.82,17.52,,2,1,1,,2,108,338,,1742,3458,5718,,,,,,,,,,t3_shieldbreaker|t3_rendspear
standard,135,r5,red,sup,輔助,shengguang,standard,1,0,0,0,4624,10696,9368,470.1,8.67,12.82,17.91,3,1,2,,3,183,107,,1667,3883,6287,,,,,,,,,,t3_calmveil
standard,136,b1,blue,top,戰士,hunpo,standard,0,1,9,0,5246,26362,9071,320,13.48,22.76,,2,0,1,1,2,662,214,376,370,2922,5194,6826,5266,344,480,,400,,336,,t3_psyward
standard,136,b2,blue,jungle,刺客,jueying,standard,0,2,8,1,5398,15289,10674,376.5,11.48,20.34,26.72,3,0,1,1,3,1139,44,1499,723,3069,5274,7079,5266,16,,240,400,820,336,,t3_finalstring
standard,136,b3,blue,mid,法師,shikong,standard,0,4,12,0,20364,18908,10983,387.4,11.02,21.43,,2,0,1,1,2,878,802,816,1632,3138,5602,7266,5266,784,480,,400,,336,,t3_psyward
standard,136,b4,blue,adc,射手,dujian,standard,0,11,7,1,35437,13796,14783,521.4,11.58,19.38,21.73,4,0,1,2,4,898,290,1310,1182,3058,5490,8930,5266,688,1920,,800,,256,,t3_shieldbreaker|t3_rendspear
standard,136,b5,blue,sup,輔助,mingyunyindao,standard,0,1,3,3,8872,25942,11172,394.1,7.65,14.18,18.72,4,1,2,3,4,655,515,551,291,3755,6395,8551,5266,120,480,240,400,,336,1708,t3_calmveil
standard,136,r1,red,top,戰士,hunpo,standard,1,10,4,1,13064,26148,14839,523.4,9.88,16.71,23.51,4,1,1,2,4,115,251,207,1239,3965,6701,9437,5266,480,2880,240,400,43,128,,t3_psyward
standard,136,r2,red,jungle,刺客,jueying,standard,1,6,3,0,7197,13682,12916,455.6,10.6,18.94,24.23,3,0,1,2,3,1890,377,494,1835,3820,5957,8044,5266,176,1440,,,1033,128,,t3_finalstring
standard,136,r3,red,mid,法師,shikong,standard,1,13,4,6,35439,16799,17263,608.9,11.02,16.62,21.7,5,0,1,2,5,1168,322,638,1162,3428,6172,9868,5266,594,2400,1080,400,,128,,t3_psyward
standard,136,r4,red,adc,射手,dujian,standard,1,10,6,0,40790,14796,14167,499.7,11.64,21.05,25.72,4,0,1,1,4,874,118,1138,946,3034,4898,6818,5266,544,480,,400,,128,,t3_shieldbreaker|t3_rendspear
standard,136,r5,red,sup,輔助,mingyunyindao,standard,1,0,2,7,7221,18849,12316,434.4,6.77,13.76,19.73,4,1,2,3,4,1428,36,421,1436,3928,6216,8421,5266,157,,1080,,,128,1789,t3_calmveil
standard,137,b1,blue,top,戰士,dushe,standard,0,0,5,0,10309,23085,6814,309.6,10.56,21.8,,2,0,1,1,2,976,1016,624,164,3026,4866,6274,5266,608,,,400,,0,,t3_shieldbreaker|t3_finalstring
standard,137,b2,blue,jungle,刺客,anye,standard,0,0,4,0,3697,10763,7065,321,11.49,,,1,0,1,1,1,1142,88,776,1434,3072,4768,6406,5266,304,,,,836,0,,t3_finalstring
standard,137,b3,blue,mid,法師,lieyan,standard,0,0,4,0,13092,14963,7438,338,13.15,19.35,,2,0,1,2,2,878,208,248,788,3138,4658,6898,5266,832,,,800,,0,,t3_psyward
standard,137,b4,blue,adc,射手,tianfa,standard,0,1,6,0,14185,11624,7289,331.2,11.53,20.91,,2,0,1,1,2,861,129,917,389,3021,4429,6717,5266,528,480,,400,43,0,,t3_shieldbreaker|t3_rendspear
standard,137,b5,blue,sup,坦克,xukong,standard,0,0,2,0,6499,20788,8522,387.2,8.5,14.77,21.13,3,1,2,2,3,863,199,301,321,3763,6099,7981,5266,192,,,400,,0,2123,t3_calmveil|t3_thornmail
standard,137,r1,red,top,戰士,dushe,standard,1,5,0,3,13710,21911,10562,479.9,11.73,17.58,21.75,3,0,1,2,3,912,864,392,432,2962,5794,9042,5266,528,1920,480,400,,448,,t3_shieldbreaker|t3_finalstring
standard,137,r2,red,jungle,刺客,anye,standard,1,1,0,1,7995,10443,9061,411.7,10.55,17.58,,2,0,1,2,2,1214,268,965,680,3144,5598,8145,5266,240,480,240,400,1071,448,,t3_finalstring
standard,137,r3,red,mid,法師,lieyan,standard,1,5,1,2,21646,12030,10573,480.4,12.29,18.41,,2,0,1,2,2,1006,298,352,1172,3266,5898,8802,5266,1008,1440,240,400,,448,,t3_psyward
standard,137,r4,red,adc,射手,tianfa,standard,1,8,0,4,19967,9624,12525,569.1,11.18,16.83,20.38,3,0,1,2,3,978,366,2062,724,3138,5746,10962,5266,608,3360,480,800,,448,,t3_shieldbreaker|t3_rendspear
standard,137,r5,red,sup,坦克,xukong,standard,1,2,0,6,8804,16772,11510,523,10.11,12.99,18.36,3,0,2,3,3,2343,247,659,1529,3923,6907,10639,5266,240,960,1200,800,,448,1725,t3_calmveil|t3_thornmail
standard,138,b1,blue,top,戰士,fengbao,standard,1,2,2,2,13388,31947,10896,398.5,11.33,19.07,25.01,3,0,1,2,3,880,364,208,345,2930,5114,7658,5266,424,960,240,640,,128,,t3_shieldbreaker|t3_finalstring
standard,138,b2,blue,jungle,刺客,wuxing,standard,1,0,5,1,10534,14419,9300,340.1,10.72,19.74,,2,0,1,2,2,1243,558,175,920,3173,5058,6875,5266,288,,240,240,713,128,,t3_finalstring
standard,138,b3,blue,mid,法師,shikong,standard,1,1,7,0,17120,17875,9162,335.1,13.07,22.68,,2,0,1,1,2,798,358,284,462,3058,4908,6764,5266,650,480,,240,,128,,t3_psyward
standard,138,b4,blue,adc,射手,mirrorshot,standard,1,4,9,1,21895,11636,10814,395.5,12.3,23.71,,2,0,1,1,2,634,238,780,1913,2794,4538,6160,5266,264,,240,240,22,128,,t3_shieldbreaker|t3_rendspear
standard,138,b5,blue,sup,坦克,tixue,standard,1,1,5,0,8250,27463,11204,409.8,9.5,15.13,20.34,4,1,1,2,4,887,770,1256,304,3787,6120,8936,5266,165,480,,640,,128,2256,t3_calmveil|t3_thornmail
standard,138,r1,red,top,戰士,fengbao,standard,0,3,1,0,14018,28541,11128,407,9.94,20.34,25.03,3,1,1,1,3,300,228,1448,577,3450,5458,6978,5266,576,480,,400,,256,,t3_shieldbreaker|t3_finalstring
standard,138,r2,red,jungle,刺客,wuxing,standard,0,4,1,4,12873,13717,12391,453.2,8.83,16.14,20.88,3,1,1,2,3,44,336,610,1911,3944,5966,8990,5266,360,1440,600,,1068,256,,t3_finalstring
standard,138,r3,red,mid,法師,shikong,standard,0,11,2,3,35441,18647,15428,564.3,12.63,18.14,22.79,4,0,1,2,4,994,120,384,1027,3254,5270,8414,5266,812,1440,240,400,,256,,t3_psyward
standard,138,r4,red,adc,射手,mirrorshot,standard,0,6,4,0,27608,11912,12000,438.9,11.45,22.05,25.62,3,0,1,1,3,826,490,762,1219,2986,4490,6442,5266,440,480,,,,256,,t3_shieldbreaker|t3_rendspear
standard,138,r5,red,sup,坦克,tixue,standard,0,4,0,3,12946,22878,12792,467.8,8.86,13.36,18.13,4,1,2,3,4,151,495,979,591,4351,6855,10479,5266,179,1920,600,,,256,2256,t3_calmveil|t3_thornmail
standard,139,b1,blue,top,戰士,rongyan,standard,0,1,2,0,8420,20402,7705,351.8,10.51,20.02,,2,0,1,1,2,1032,154,1570,304,3082,4554,7050,5266,616,480,,400,,288,,t3_shieldbreaker|t3_finalstring
standard,139,b2,blue,jungle,刺客,razorwing,standard,0,2,2,0,3250,9413,8156,372.4,11.91,19.23,,2,0,1,2,2,1337,193,319,1205,3267,4823,6969,5266,128,480,,,807,288,,t3_finalstring
standard,139,b3,blue,mid,法師,xingjie,standard,0,2,1,1,9897,13222,8689,396.8,13.96,21.17,,2,0,1,1,2,766,80,718,838,3026,4930,7218,5266,544,480,240,400,,288,,t3_psyward
standard,139,b4,blue,adc,射手,hanbing,standard,0,6,3,2,20572,10840,9953,454.5,12.62,19.27,,2,0,1,2,2,754,278,762,1052,2914,4578,7762,5266,288,1440,240,400,,128,,t3_shieldbreaker|t3_rendspear
standard,139,b5,blue,sup,輔助,linghun,standard,0,0,1,0,3553,13164,9082,414.7,9.81,14.29,20.49,3,1,2,2,3,167,515,928,921,3867,5915,7658,5266,248,,,,,288,1856,t3_calmveil
standard,139,r1,red,top,戰士,rongyan,standard,1,1,3,0,6988,20976,7297,333.2,11.68,21.32,,2,0,1,1,2,832,410,1146,496,2882,4690,6626,5266,512,480,,240,,128,,t3_shieldbreaker|t3_finalstring
standard,139,r2,red,jungle,刺客,razorwing,standard,1,1,1,0,7126,10685,8198,374.3,9.79,17.74,,2,1,1,2,2,167,438,310,168,3367,5718,7440,5266,240,480,,240,1086,128,,t3_finalstring
standard,139,r3,red,mid,法師,xingjie,standard,1,1,2,0,12775,12286,8177,373.4,12.91,,,1,0,1,1,1,862,96,462,1676,3122,4946,6962,5266,928,,,640,,128,,t3_psyward
standard,139,r4,red,adc,射手,hanbing,standard,1,6,3,0,14346,8368,10537,481.1,11.9,19.03,,2,0,1,2,2,786,326,946,1986,2946,5106,7946,5266,752,960,,840,,128,,t3_shieldbreaker|t3_rendspear
standard,139,r5,red,sup,輔助,linghun,standard,1,0,2,1,4188,16455,9268,423.2,8.05,13.74,19.01,3,1,2,3,3,647,619,77,687,3747,6019,8357,5266,128,,,840,,128,1994,t3_calmveil
standard,140,b1,blue,top,戰士,embercoil,standard,1,1,0,2,13828,21814,8954,399.7,10.34,19.17,,2,0,1,2,2,1010,868,152,354,3060,5748,7252,5266,554,480,360,320,,272,,t3_shieldbreaker|t3_finalstring
standard,140,b2,blue,jungle,戰士,hunpo,standard,1,0,4,3,5497,11220,7933,354.1,11.68,22.14,,2,0,1,1,2,1247,127,591,432,3457,5407,7041,5266,141,,480,320,561,272,,t3_psyward
standard,140,b3,blue,mid,法師,auralith,standard,1,8,2,0,19313,13157,11348,506.6,9.66,15.52,21.73,3,1,1,2,3,329,879,190,497,4179,7379,8990,5266,689,2400,,320,43,272,,t3_psyward
standard,140,b4,blue,adc,射手,xuanfeng,standard,1,2,3,1,13533,9223,9111,406.8,10.95,18.91,,2,0,1,2,2,882,366,20,861,3042,5266,7970,5266,432,960,,1120,,192,,t3_shieldbreaker|t3_rendspear
standard,140,b5,blue,sup,坦克,shengdun,standard,1,0,2,2,7685,20129,9758,435.6,8.4,14.14,21.3,3,1,2,2,3,365,461,1461,477,3865,6561,8641,5266,166,,360,320,,272,2256,t3_calmveil|t3_thornmail
standard,140,r1,red,top,戰士,embercoil,standard,0,4,2,0,12263,24048,9839,439.3,10.72,17.66,,2,0,1,2,2,912,390,394,1239,2962,4970,8394,5266,648,1920,,400,,160,,t3_shieldbreaker|t3_finalstring
standard,140,r2,red,jungle,戰士,hunpo,standard,0,1,3,0,9115,12091,7860,350.9,12.46,21.37,,2,0,1,1,2,1140,382,698,260,3350,4882,7128,5266,232,480,,,990,160,,t3_psyward
standard,140,r3,red,mid,法師,auralith,standard,0,0,2,3,13344,12311,7911,353.2,12.54,,,1,0,1,1,1,806,704,386,1431,3066,4554,6866,5266,680,,720,200,,0,,t3_psyward
standard,140,r4,red,adc,射手,xuanfeng,standard,0,6,4,0,19248,9753,9983,445.7,11.73,19.31,22.29,3,0,1,2,3,874,174,566,83,3034,4954,7946,5266,600,1920,,,,160,,t3_shieldbreaker|t3_rendspear
standard,140,r5,red,sup,坦克,shengdun,standard,0,0,0,0,6856,19374,9308,415.5,8.17,16.12,20.63,3,1,1,2,3,903,481,847,427,3803,5731,8427,5266,144,,,600,,160,2256,t3_calmveil|t3_thornmail
standard,141,b1,blue,top,戰士,greymantle,standard,0,0,4,0,7490,23603,7369,329.5,10.63,20.76,,2,0,1,1,2,1034,262,1170,219,3084,4892,6700,5266,570,,,800,,64,,t3_shieldbreaker|t3_finalstring
standard,141,b2,blue,jungle,戰士,leimingcf,standard,0,0,3,1,8780,19301,7739,346,10.19,20.82,,2,0,1,1,2,1497,638,1136,338,3497,5038,6616,5266,194,,240,,851,64,,t3_shieldbreaker|t3_finalstring
standard,141,b3,blue,mid,法師,xingjie,standard,0,1,4,0,15075,12258,7070,316.1,11.48,,,1,0,1,1,1,1262,176,172,570,3522,5026,6402,5266,592,480,,,,64,,t3_psyward
standard,141,b4,blue,adc,射手,phantom,standard,0,0,4,0,14752,9513,7750,346.5,12.2,21.98,,2,0,1,1,2,922,426,602,130,3082,4906,6282,5266,552,,,400,,64,,t3_shieldbreaker|t3_rendspear
standard,141,b5,blue,sup,坦克,dadi,standard,0,0,4,0,5378,21469,8427,376.8,8.45,15.49,21.58,3,1,1,2,3,1025,563,110,226,3925,5913,7790,5266,266,,,,43,64,2150,t3_calmveil|t3_thornmail
standard,141,r1,red,top,戰士,greymantle,standard,1,5,0,0,16864,22546,10197,455.9,10.9,16.79,,2,0,1,2,2,942,294,866,1546,2992,5824,8616,5266,552,1920,,480,14,384,,t3_shieldbreaker|t3_finalstring
standard,141,r2,red,jungle,戰士,leimingcf,standard,1,2,1,1,5135,11876,9195,411.1,9.93,18.47,,2,1,1,2,2,161,157,547,595,3261,5037,7647,5266,144,480,120,480,772,384,,t3_shieldbreaker|t3_finalstring
standard,141,r3,red,mid,法師,xingjie,standard,1,4,0,3,19774,12758,10628,475.2,12.13,18.6,22.33,3,0,1,2,3,942,74,146,77,3202,5674,8946,5266,896,1440,480,480,,384,,t3_psyward
standard,141,r4,red,adc,射手,phantom,standard,1,6,0,2,20630,8197,10953,489.7,12.55,18.27,,2,0,1,2,2,650,110,841,2053,2810,5010,8791,5266,381,1920,360,480,,384,,t3_shieldbreaker|t3_rendspear
standard,141,r5,red,sup,坦克,dadi,standard,1,2,0,2,6234,15091,11340,507,7.93,14.83,18.99,3,1,2,3,3,855,179,649,1359,3755,6379,9549,5266,202,480,480,480,,384,2256,t3_calmveil|t3_thornmail
standard,142,b1,blue,top,戰士,ravager,standard,0,0,2,0,19214,36297,8218,320.7,11.61,21.13,,2,0,1,1,2,1056,382,1050,218,3106,4962,6530,5266,800,,,400,,64,,t3_shieldbreaker|t3_finalstring
standard,142,b2,blue,jungle,戰士,xueyue,standard,0,1,5,0,10676,19321,8923,348.2,12.22,21.34,,2,0,1,1,2,1278,109,1173,373,3278,4939,6603,5266,336,,,,936,64,,t3_shieldbreaker|t3_finalstring
standard,142,b3,blue,mid,法師,auralith,standard,0,1,4,0,13716,17006,9162,357.6,12.96,22.83,,2,0,1,1,2,830,632,274,462,3090,4482,6354,5266,624,,,400,,64,,t3_psyward
standard,142,b4,blue,adc,射手,huanying,standard,0,5,6,0,21565,15938,10018,391,11.85,22.77,,2,0,1,1,2,882,474,578,1438,3042,4474,6378,5266,568,480,,,,64,,t3_shieldbreaker|t3_rendspear
standard,142,b5,blue,sup,輔助,luminary,standard,0,0,5,2,6021,22178,10764,420.1,8.46,14.85,19.35,3,1,2,3,3,711,87,436,1533,3811,5787,8136,5266,136,,240,400,,64,2030,t3_calmveil
standard,142,r1,red,top,戰士,ravager,standard,1,6,1,1,25276,26919,12312,480.5,10.16,17.31,21.64,3,0,1,2,3,1232,122,162,1331,3282,5602,8762,5266,832,1440,120,720,,384,,t3_shieldbreaker|t3_finalstring
standard,142,r2,red,jungle,戰士,xueyue,standard,1,4,0,0,18064,20171,11287,440.5,9.67,17.29,24.07,3,1,1,2,3,219,619,731,536,3319,6049,7781,5266,224,480,,320,1106,384,,t3_shieldbreaker|t3_finalstring
standard,142,r3,red,mid,法師,auralith,standard,1,2,2,2,16881,13881,9656,376.8,13.47,24.78,,2,0,1,1,2,734,284,342,1155,2994,4834,6842,5266,512,,360,320,,384,,t3_psyward
standard,142,r4,red,adc,射手,huanying,standard,1,10,2,0,33296,11877,14082,549.6,11.79,19.55,21.24,4,0,1,2,4,810,338,308,232,2970,4938,8858,5266,648,1440,,1120,,384,,t3_shieldbreaker|t3_rendspear
standard,142,r5,red,sup,輔助,luminary,standard,1,0,2,6,8546,13811,11097,433.1,9.63,13.56,19.41,4,1,2,3,4,339,963,472,597,3739,6363,8652,5266,88,,720,320,,384,1873,t3_calmveil
standard,143,b1,blue,top,戰士,dadi2,standard,0,1,4,0,8922,24526,7141,329.6,12.11,20.77,,2,0,1,1,2,877,633,1213,341,2927,4733,6693,5266,533,480,,400,13,0,,t3_shieldbreaker|t3_finalstring
standard,143,b2,blue,jungle,戰士,anliuyouXia,standard,0,0,2,0,4318,14490,6996,322.9,10.03,21.65,,2,0,1,1,2,1269,308,1117,245,3269,4838,6547,5266,416,,,,865,0,,t3_shieldbreaker|t3_finalstring
standard,143,b3,blue,mid,法師,xingjie,standard,0,1,3,0,13495,13704,7230,333.7,13.08,,,1,0,1,1,1,762,456,282,730,3022,5006,6782,5266,636,480,,400,,0,,t3_psyward
standard,143,b4,blue,adc,射手,guangsu,standard,0,2,4,0,9758,10719,7546,348.3,12.22,,,1,0,1,1,1,834,82,906,1866,2994,4682,6586,5266,640,480,,200,,0,,t3_shieldbreaker|t3_rendspear
standard,143,b5,blue,sup,輔助,xuemai,standard,0,0,2,0,4120,15801,8938,412.5,8.45,14.03,18.65,3,1,2,3,3,653,237,297,357,3753,5937,8297,5266,174,,,600,,0,2256,t3_calmveil
standard,143,r1,red,top,戰士,dadi2,standard,1,4,0,0,9773,20366,9918,457.8,12.22,17.41,,2,0,1,2,2,1004,654,486,1318,3054,5534,9086,5266,716,1920,,800,,384,,t3_shieldbreaker|t3_finalstring
standard,143,r2,red,jungle,戰士,anliuyouXia,standard,1,4,0,0,8574,11715,10295,475.1,11.11,16.14,,2,0,1,2,2,1158,471,646,1744,3158,5901,8896,5266,238,1440,,400,1167,384,,t3_shieldbreaker|t3_finalstring
standard,143,r3,red,mid,法師,xingjie,standard,1,1,3,0,19699,10647,7730,356.8,11.73,,,1,0,1,1,1,638,236,346,1530,2898,4786,6546,5266,496,,,400,,384,,t3_psyward
standard,143,r4,red,adc,射手,guangsu,standard,1,6,1,4,20978,8056,11722,541,11.09,18.12,,2,0,1,2,2,818,50,1030,2822,2978,5130,9930,5266,720,1920,840,800,,384,,t3_shieldbreaker|t3_rendspear
standard,143,r5,red,sup,輔助,xuemai,standard,1,0,0,3,7633,10619,9554,440.9,7.78,13.77,17.93,3,1,2,3,3,1268,856,1021,1853,3768,6256,8721,5266,133,,600,400,,384,1938,t3_calmveil
standard,144,b1,blue,top,戰士,ronggang,standard,1,4,0,0,13886,20291,9971,445.5,10.87,16.58,,2,0,1,2,2,1040,296,408,1320,3090,5826,9058,5266,560,1920,,800,,512,,t3_shieldbreaker|t3_finalstring
standard,144,b2,blue,jungle,戰士,kuangfeng,standard,1,2,3,4,14726,16799,9373,418.8,9.66,17.36,,2,1,1,2,2,156,243,1126,773,3256,5723,7926,5266,288,480,440,400,620,432,,t3_shieldbreaker|t3_finalstring
standard,144,b3,blue,mid,法師,auralith,standard,1,4,3,2,14618,11662,9808,438.2,12.32,19.25,,2,0,1,2,2,798,109,597,828,3058,5439,8447,5266,669,1440,320,400,,352,,t3_psyward
standard,144,b4,blue,adc,射手,maestro,standard,1,2,3,1,15254,9725,9259,413.7,11.28,19.18,,2,0,1,2,2,938,98,1378,358,3098,5178,8378,5266,600,960,240,800,,512,,t3_shieldbreaker|t3_rendspear
standard,144,b5,blue,sup,坦克,longji,standard,1,2,2,4,7657,17491,10919,487.8,10.28,17.62,18.89,3,0,1,3,3,2255,1479,441,939,3835,6829,9941,5266,186,960,440,400,,432,2256,t3_calmveil|t3_thornmail
standard,144,r1,red,top,戰士,ronggang,standard,0,4,3,1,14634,21586,9612,429.4,10.53,19.13,,2,0,1,2,2,1597,321,149,1331,3647,5551,8429,5266,640,1440,240,800,43,0,,t3_shieldbreaker|t3_finalstring
standard,144,r2,red,jungle,戰士,kuangfeng,standard,0,3,4,1,9154,17594,8673,387.5,8.63,19.68,,2,1,1,2,2,695,493,680,443,3795,5373,7960,5266,304,1440,120,,830,0,,t3_shieldbreaker|t3_finalstring
standard,144,r3,red,mid,法師,auralith,standard,0,0,4,1,17088,11927,7419,331.4,12.28,,,1,0,1,1,1,926,140,438,918,3186,4690,6338,5266,832,,240,,,0,,t3_psyward
standard,144,r4,red,adc,射手,maestro,standard,0,3,2,2,15436,9065,8702,388.8,11.47,19.83,,2,0,1,2,2,898,730,146,151,3058,5210,7466,5266,480,960,360,400,,0,,t3_shieldbreaker|t3_rendspear
standard,144,r5,red,sup,坦克,longji,standard,0,1,1,1,6838,21220,9233,412.5,9.15,14.69,20.97,3,1,2,2,3,447,391,1334,333,4347,6291,8574,5266,240,480,240,400,,0,1947,t3_calmveil|t3_thornmail
standard,145,b1,blue,top,戰士,jingci,standard,0,1,2,0,10718,23786,7934,354.4,11.1,19.72,,2,0,1,2,2,992,28,84,133,3042,4428,6684,5266,538,,,800,,80,,t3_shieldbreaker|t3_finalstring
standard,145,b2,blue,jungle,戰士,longyi,standard,0,1,2,1,8899,19523,7772,347.2,10.36,20.72,,2,0,1,1,2,1079,382,1536,421,3079,5032,6966,5266,434,480,,,705,80,,t3_shieldbreaker|t3_finalstring
standard,145,b3,blue,mid,法師,ronghuo,standard,0,2,6,0,9086,13056,8507,380.1,11.22,19.73,,2,0,1,2,2,1310,428,116,856,3570,4978,7466,5266,640,960,,600,,0,,t3_psyward
standard,145,b4,blue,adc,射手,liuxing,standard,0,1,0,0,13734,9449,7662,342.3,12.23,21.99,,2,0,1,1,2,842,168,292,281,3002,4468,6092,5266,546,,,200,,80,,t3_shieldbreaker|t3_rendspear
standard,145,b5,blue,sup,輔助,hexweave,standard,0,0,2,1,4416,16035,9017,402.8,8.1,14.42,19.71,3,1,2,3,3,159,395,156,266,3859,5795,7856,5266,208,,,400,,80,1901,t3_calmveil
standard,145,r1,red,top,戰士,jingci,standard,1,3,0,0,14474,22017,9155,409,10.29,17.47,,2,0,1,2,2,1504,922,222,554,3554,6402,7922,5266,576,1440,,240,,400,,t3_shieldbreaker|t3_finalstring
standard,145,r2,red,jungle,戰士,longyi,standard,1,2,1,2,9270,13728,9888,441.7,10.41,18.53,,2,0,1,2,2,1571,1298,272,1637,3571,6128,8522,5266,186,960,240,240,1229,400,,t3_shieldbreaker|t3_finalstring
standard,145,r3,red,mid,法師,ronghuo,standard,1,0,2,0,15367,11800,7737,345.7,13.18,,,1,0,1,1,1,844,102,388,1236,3104,4952,6888,5266,648,,,640,13,320,,t3_psyward
standard,145,r4,red,adc,射手,liuxing,standard,1,7,1,0,20044,8567,11547,515.9,11.05,19.73,21.17,3,0,1,2,3,954,266,276,1066,3114,5946,8826,5266,680,1440,,1040,,400,,t3_shieldbreaker|t3_rendspear
standard,145,r5,red,sup,輔助,hexweave,standard,1,0,1,1,6448,11120,9024,403.2,7.37,14,20.18,3,1,2,2,3,392,184,913,1323,3792,6184,7943,5266,85,,,240,,400,1951,t3_calmveil
standard,146,b1,blue,top,戰士,longyi,standard,0,1,2,1,14557,28838,8217,345.6,10.54,19.31,,2,0,1,2,2,1000,222,370,216,3050,5402,7170,5266,680,480,120,240,,384,,t3_shieldbreaker|t3_finalstring
standard,146,b2,blue,jungle,戰士,cinderfist,standard,0,2,4,0,7818,17821,9276,390.2,10.19,18.68,,2,0,1,2,2,1292,364,334,1096,3292,5794,7864,5266,336,960,,240,678,384,,t3_shieldbreaker|t3_finalstring
standard,146,b3,blue,mid,法師,gambler,standard,0,1,7,2,17597,14799,8809,370.5,12.13,21.17,,2,0,1,1,2,686,380,1182,478,2946,4930,7682,5266,592,480,480,640,,224,,t3_psyward
standard,146,b4,blue,adc,射手,shensheng,standard,0,2,4,0,16286,10484,8812,370.6,11.35,21.63,,2,0,1,1,2,754,520,1044,261,2914,4820,6724,5266,434,,,640,,384,,t3_shieldbreaker|t3_rendspear
standard,146,b5,blue,sup,輔助,shengming,standard,0,0,2,1,8180,15352,9509,399.9,7.46,13.35,19.53,3,1,2,3,3,339,272,281,278,3739,6152,7981,5266,101,,120,240,,224,2030,t3_calmveil
standard,146,r1,red,top,戰士,longyi,standard,1,5,1,1,16891,29725,11151,469,10.68,18.06,22.18,3,0,1,2,3,1230,632,1656,351,3280,6112,8456,5266,752,1440,120,800,14,64,,t3_shieldbreaker|t3_finalstring
standard,146,r2,red,jungle,戰士,cinderfist,standard,1,1,0,0,11805,18306,8670,364.7,9.73,18.67,,2,1,1,2,2,350,234,269,419,3450,5664,7319,5266,304,480,,,1204,64,,t3_shieldbreaker|t3_finalstring
standard,146,r3,red,mid,法師,gambler,standard,1,2,1,2,19735,14278,9606,404.1,12.76,21.39,,2,0,1,1,2,990,188,671,556,3250,4738,6871,5266,768,,240,533,,64,,t3_psyward
standard,146,r4,red,adc,射手,shensheng,standard,1,10,3,0,21304,10785,12345,519.2,11.37,18.68,21.63,3,0,1,2,3,986,208,1630,544,3146,5588,9250,5266,706,2880,,333,,64,,t3_shieldbreaker|t3_rendspear
standard,146,r5,red,sup,輔助,shengming,standard,1,1,1,5,8434,13716,11220,471.9,7.12,13.93,19.1,4,1,2,3,4,515,828,759,720,3915,6528,9509,5266,221,480,840,733,,64,1904,t3_calmveil
standard,147,b1,blue,top,戰士,chichuan,standard,0,0,1,0,8884,23170,7489,349.6,11.12,18.62,,2,0,1,2,2,1040,384,124,239,3090,4834,7074,5266,544,,,1200,,64,,t3_shieldbreaker|t3_finalstring
standard,147,b2,blue,jungle,戰士,xueyue,standard,0,0,4,0,7820,14746,7063,329.7,10.64,20.09,,2,0,1,1,2,1383,268,993,463,3383,4968,6593,5266,384,,,,879,64,,t3_shieldbreaker|t3_finalstring
standard,147,b3,blue,mid,法師,ronghuo,standard,0,0,4,0,13983,14565,7068,329.9,12.88,,,1,0,1,1,1,1038,252,588,987,3298,4802,6668,5266,938,,,400,,64,,t3_psyward
standard,147,b4,blue,adc,射手,liangzicz,standard,0,2,7,0,11731,11633,8176,381.6,10.92,20.11,,2,0,1,1,2,1002,276,1096,795,3162,4576,6896,5266,672,480,,400,14,64,,t3_shieldbreaker|t3_rendspear
standard,147,b5,blue,sup,坦克,shiqiang,standard,0,0,4,0,5431,19576,8380,391.1,7.78,15.48,21.34,3,1,1,2,3,331,509,152,179,3931,5859,7832,5266,245,,,,,64,2256,t3_calmveil|t3_thornmail
standard,147,r1,red,top,戰士,chichuan,standard,1,5,0,2,10085,19249,10937,510.5,9.53,16.12,21.25,3,1,1,2,3,540,1184,960,387,3690,6714,9610,5266,720,2400,120,720,,384,,t3_shieldbreaker|t3_finalstring
standard,147,r2,red,jungle,戰士,xueyue,standard,1,8,0,1,12126,13579,11972,558.8,10.25,13.58,17.63,3,0,2,3,3,2351,392,247,992,4351,8392,11227,5266,256,3840,120,320,1041,384,,t3_shieldbreaker|t3_finalstring
standard,147,r3,red,mid,法師,ronghuo,standard,1,0,0,6,16849,9799,8316,388.2,12.33,20.03,,2,0,1,1,2,1014,210,1129,466,3274,5810,7629,5266,576,,1040,320,43,384,,t3_psyward
standard,147,r4,red,adc,射手,liangzicz,standard,1,6,2,2,22925,8838,10737,501.2,11.75,18.03,,2,0,1,2,2,858,334,738,1837,3018,5234,8658,5266,568,1920,200,320,,384,,t3_shieldbreaker|t3_rendspear
standard,147,r5,red,sup,坦克,shiqiang,standard,1,1,0,5,7079,15119,10365,483.8,10.07,14.16,20.14,3,0,2,2,3,2511,439,2437,384,4091,7099,9677,5266,216,480,920,720,,384,1691,t3_calmveil|t3_thornmail
standard,148,b1,blue,top,戰士,xueyue,standard,0,0,2,0,8475,18003,6892,337.5,12.4,19.76,,2,0,1,2,2,912,584,128,242,2962,4434,6778,5266,648,,,800,,64,,t3_shieldbreaker|t3_finalstring
standard,148,b2,blue,jungle,戰士,jufeng,standard,0,1,2,0,6010,13567,7199,352.5,10.41,,,1,0,1,1,1,1281,244,1605,1719,3281,5424,7085,5266,336,480,,,938,64,,t3_shieldbreaker|t3_finalstring
standard,148,b3,blue,mid,法師,gambler,standard,0,0,3,0,6194,10813,6676,326.9,12.98,,,1,0,1,1,1,766,712,482,596,3026,4562,6562,5266,632,,,600,,64,,t3_psyward
standard,148,b4,blue,adc,射手,xingchen,standard,0,1,2,0,10747,9920,6796,332.8,11.83,,,1,0,1,1,1,746,410,882,996,2906,4410,6682,5266,472,480,,400,,64,,t3_shieldbreaker|t3_rendspear
standard,148,b5,blue,sup,坦克,suishan,standard,0,0,2,1,3776,16098,8806,431.2,8.12,15.16,19.77,3,1,1,3,3,203,693,143,306,3803,6043,8643,5266,216,,240,600,,64,2256,t3_calmveil|t3_thornmail
standard,148,r1,red,top,戰士,xueyue,standard,1,2,1,1,8042,17627,8704,426.2,10.23,17.09,,2,0,1,2,2,1104,296,380,654,3154,5346,8430,5266,640,960,60,1120,,384,,t3_shieldbreaker|t3_finalstring
standard,148,r2,red,jungle,戰士,jufeng,standard,1,1,1,1,8221,10131,8033,393.3,10.2,17.96,,2,0,1,2,2,1400,291,872,1233,3400,5771,7672,5266,120,480,60,320,1042,384,,t3_shieldbreaker|t3_finalstring
standard,148,r3,red,mid,法師,gambler,standard,1,2,0,2,11462,9544,8718,426.8,13.33,18.63,,2,0,1,2,2,894,492,413,687,3154,5522,8443,5266,800,960,180,853,,384,,t3_psyward
standard,148,r4,red,adc,射手,xingchen,standard,1,4,0,1,17072,7250,9482,464.2,10.82,18.83,,2,0,1,2,2,818,250,307,581,2978,4850,9207,5266,664,1920,120,853,,384,,t3_shieldbreaker|t3_rendspear
standard,148,r5,red,sup,坦克,suishan,standard,1,2,0,2,6286,12946,10152,497,8.43,13.55,18.57,3,1,2,3,3,1023,391,328,651,3923,7171,9828,5266,208,960,300,453,,384,2256,t3_calmveil|t3_thornmail
standard,149,b1,blue,top,戰士,fengbao,standard,1,1,1,2,10360,23298,8429,388,10.75,18.27,,2,0,1,2,2,1072,194,62,428,3122,5074,7762,5266,728,480,200,960,,128,,t3_shieldbreaker|t3_finalstring
standard,149,b2,blue,jungle,戰士,rongyan,standard,1,2,2,0,5541,14026,8330,383.4,9.91,17.27,,2,1,1,2,2,31,880,327,680,3131,6010,7677,5266,240,960,,160,923,128,,t3_shieldbreaker|t3_finalstring
standard,149,b3,blue,mid,法師,ronghuo,standard,1,2,2,3,16809,13286,9408,433,12.23,19.02,,2,0,1,2,2,1033,1103,183,427,3293,6133,8213,5266,896,480,440,960,43,128,,t3_psyward
standard,149,b4,blue,adc,射手,dujian,standard,1,2,4,0,14417,10382,8061,371,11.44,21.14,,2,0,1,1,2,802,122,786,1060,2962,4722,6466,5266,512,,,560,,128,,t3_shieldbreaker|t3_rendspear
standard,149,b5,blue,sup,輔助,linghun,standard,1,0,3,1,4949,16205,8581,395,6.85,14.68,21.13,3,1,2,2,3,331,147,511,401,3731,6027,7541,5266,88,,80,160,,128,1819,t3_calmveil
standard,149,r1,red,top,戰士,fengbao,standard,0,2,0,0,13252,23819,8872,408.4,9.98,18.17,,2,1,1,2,2,82,484,412,272,3232,5184,7512,5266,736,960,,200,14,336,,t3_shieldbreaker|t3_finalstring
standard,149,r2,red,jungle,戰士,rongyan,standard,0,1,0,2,9329,14137,9325,429.2,8.92,18.04,,2,1,1,2,2,377,318,267,775,3477,5448,8217,5266,360,480,480,200,1095,336,,t3_shieldbreaker|t3_finalstring
standard,149,r3,red,mid,法師,ronghuo,standard,0,2,2,0,12712,12502,7645,351.9,12.59,21.68,,2,0,1,1,2,798,1704,680,94,3058,5554,7180,5266,618,960,,,,336,,t3_psyward
standard,149,r4,red,adc,射手,dujian,standard,0,7,3,0,23437,9902,10765,495.5,11.28,19.33,21.14,3,0,1,2,3,946,356,398,764,3106,4836,8348,5266,706,1440,,600,,336,,t3_shieldbreaker|t3_rendspear
standard,149,r5,red,sup,輔助,linghun,standard,0,0,2,1,5302,12272,8918,410.5,8.89,14.58,18.92,3,1,2,3,3,119,308,625,437,3819,6008,8325,5266,106,,240,200,,256,2256,t3_calmveil
standard,150,b1,blue,top,坦克,suishan,standard,0,0,1,0,7072,20510,7143,333.4,11.48,18.99,,2,0,1,2,2,1274,274,198,313,2904,4824,6728,5266,576,,,800,22,64,,t3_calmveil|t3_thornmail
standard,150,b2,blue,jungle,戰士,jingci,standard,0,2,0,0,4039,13917,7974,372.2,9.35,17.97,,2,1,1,2,2,654,453,404,274,3754,5933,7504,5266,240,960,,,974,64,,t3_finalstring|t3_shieldbreaker
standard,150,b3,blue,mid,法師,gambler,standard,0,1,2,1,14730,14053,8393,391.8,12.26,19.34,,2,0,1,2,2,1142,100,404,63,3402,5130,7954,5266,1104,480,240,800,,64,,t3_psyward
standard,150,b4,blue,adc,射手,shengyan,standard,0,5,4,0,11475,10425,9705,453,10.71,18.07,,2,0,1,2,2,1034,326,262,1125,3194,5226,8842,5266,792,1920,,800,,64,,t3_shieldbreaker|t3_rendspear
standard,150,b5,blue,sup,坦克,xukong,standard,0,0,2,1,6509,17824,8678,405.1,9.85,14.78,,2,1,2,2,2,323,263,883,1438,3923,6163,8123,5266,296,,240,,,64,2256,t3_calmveil|t3_thornmail
standard,150,r1,red,top,坦克,suishan,standard,1,1,0,1,4629,15702,8516,397.5,10.18,18.84,,2,0,1,2,2,1388,388,1202,1225,3018,4938,7892,5266,522,480,120,1120,,384,,t3_calmveil|t3_thornmail
standard,150,r2,red,jungle,戰士,jingci,standard,1,3,1,1,8652,11426,9679,451.7,9.15,15.73,,2,1,1,2,2,1424,1795,358,1078,4524,6675,8958,5266,192,1440,120,320,1236,384,,t3_finalstring|t3_shieldbreaker
standard,150,r3,red,mid,法師,gambler,standard,1,3,2,2,18547,11090,9156,427.3,12.13,19.65,,2,0,1,2,2,1238,266,202,355,3498,5866,8052,5266,762,960,360,320,,384,,t3_psyward
standard,150,r4,red,adc,射手,shengyan,standard,1,1,3,1,19889,8972,8412,392.6,11.62,20.26,,2,0,1,1,2,1090,142,1268,611,3250,5042,7068,5266,698,,,720,,384,,t3_shieldbreaker|t3_rendspear
standard,150,r5,red,sup,坦克,xukong,standard,1,1,2,1,7630,14677,10146,473.5,8.87,14.02,19.73,3,1,2,3,3,535,443,403,765,4435,6803,9483,5266,255,480,120,720,,384,2256,t3_calmveil|t3_thornmail
standard,151,b1,blue,top,坦克,stoneguard,standard,0,0,1,0,4456,18659,6792,335.3,11.2,19.55,,2,0,1,2,2,1332,152,172,241,2962,4402,6722,5266,592,,,800,,64,,t3_calmveil|t3_thornmail
standard,151,b2,blue,jungle,刺客,voidrift,standard,0,1,2,0,2909,9913,6745,332.9,11.61,,,1,0,1,1,1,1086,189,1045,1114,3016,4569,6675,5266,152,480,,,713,64,,t3_finalstring
standard,151,b3,blue,mid,法師,leiming,standard,0,1,2,0,11146,11415,6960,343.5,13.49,19.19,,2,0,1,2,2,670,240,240,309,2930,4570,6890,5266,680,480,,400,,64,,t3_psyward
standard,151,b4,blue,adc,射手,mirrorshot,standard,0,1,3,0,8593,9927,6962,343.6,11.54,,,1,0,1,1,1,1018,352,692,1161,3178,4652,6492,5266,660,480,,,22,64,,t3_shieldbreaker|t3_rendspear
standard,151,b5,blue,sup,坦克,dadi,standard,0,0,2,0,6492,16829,8137,401.7,8.18,15.11,,2,1,1,2,2,951,521,387,456,3851,5871,8067,5266,252,,,400,,64,2085,t3_calmveil|t3_thornmail
standard,151,r1,red,top,坦克,stoneguard,standard,1,2,0,1,8354,16146,8651,427,10.86,16.08,,2,0,1,2,2,1444,541,1131,1360,3074,5941,8421,5266,608,960,120,1040,43,384,,t3_calmveil|t3_thornmail
standard,151,r2,red,jungle,刺客,voidrift,standard,1,1,0,0,5473,7910,7901,390,9.84,18.95,,2,1,1,2,2,45,1864,491,720,3245,5764,7671,5266,200,480,,240,1101,384,,t3_finalstring
standard,151,r3,red,mid,法師,leiming,standard,1,3,1,0,16143,10573,9130,450.7,11.34,18.55,,2,0,1,2,2,800,308,150,380,3060,5908,8900,5266,770,1440,,1040,,384,,t3_psyward
standard,151,r4,red,adc,射手,mirrorshot,standard,1,4,1,3,14670,7204,9472,467.5,10.83,17.23,,2,0,1,2,2,1074,726,630,891,3234,5626,9210,5266,800,1920,600,240,,384,,t3_shieldbreaker|t3_rendspear
standard,151,r5,red,sup,坦克,dadi,standard,1,0,1,0,5499,13107,9052,446.8,7.61,16.48,,2,1,1,2,2,996,882,1552,1811,3896,6232,8792,5266,245,,,640,,384,2256,t3_calmveil|t3_thornmail
standard,152,b1,blue,top,坦克,thornwall,standard,0,0,3,1,8048,20919,6862,327.3,10.24,18.6,,2,0,1,2,2,1500,592,268,112,3090,5042,6418,5266,752,,,400,,0,,t3_calmveil|t3_thornmail
standard,152,b2,blue,jungle,刺客,miwu,standard,0,0,5,1,4281,10864,6553,312.5,10.88,,,1,0,1,1,1,1013,455,680,972,2943,4605,6260,5266,168,,120,,706,0,,t3_finalstring
standard,152,b3,blue,mid,法師,haixiao,standard,0,1,2,0,11465,13468,6734,321.2,13.17,,,1,0,1,1,1,702,212,646,954,2962,4362,6426,5266,680,480,,,,0,,t3_psyward
standard,152,b4,blue,adc,射手,hanbing,standard,0,2,2,0,12012,8874,7590,362,11.48,,,1,0,1,1,1,994,114,1050,1790,3154,4594,6850,5266,704,480,,400,,0,,t3_shieldbreaker|t3_rendspear
standard,152,b5,blue,sup,輔助,mantra,standard,0,0,2,2,4741,16351,8776,418.6,8.68,14.34,20.12,3,1,2,2,3,727,411,1350,616,3827,5811,8380,5266,256,,120,800,,0,1938,t3_calmveil
standard,152,r1,red,top,坦克,thornwall,standard,1,2,0,0,10666,18615,8614,410.8,11.13,15.21,,2,0,1,2,2,1468,798,1124,1384,3058,6098,8354,5266,880,960,,800,,448,,t3_calmveil|t3_thornmail
standard,152,r2,red,jungle,刺客,miwu,standard,1,5,1,1,12648,11213,10480,499.8,10.1,16.32,,2,0,1,2,2,2022,1081,929,2149,3952,6361,9259,5266,304,1440,240,533,1028,448,,t3_finalstring
standard,152,r3,red,mid,法師,haixiao,standard,1,0,2,1,11511,10959,7553,360.3,11.84,,,1,0,1,1,1,1065,43,761,1053,3325,5373,7261,5266,864,,240,400,43,448,,t3_psyward
standard,152,r4,red,adc,射手,hanbing,standard,1,7,0,0,17933,8651,10659,508.4,11.33,18.25,20.88,3,0,1,2,3,1010,342,857,179,3170,5122,9407,5266,760,2400,,533,,448,,t3_shieldbreaker|t3_rendspear
standard,152,r5,red,sup,輔助,mantra,standard,1,0,0,2,5208,11895,10108,482.1,7.08,14.49,,2,1,2,2,2,475,443,1377,3077,3875,6323,8407,5266,200,,240,533,,448,1720,t3_calmveil
standard,153,b1,blue,top,坦克,tieshixin,standard,1,0,4,2,12895,26831,9374,355.3,11.09,17.67,25.32,3,0,1,2,3,1548,204,916,524,3138,4954,7066,5266,688,,360,560,,192,,t3_calmveil|t3_thornmail
standard,153,b2,blue,jungle,刺客,guihuo,standard,1,2,5,1,7840,17100,10006,379.3,9.88,19.05,,2,1,1,2,2,67,502,287,1676,3267,5132,7237,5266,144,480,,160,995,192,,t3_finalstring
standard,153,b3,blue,mid,法師,leiming,standard,1,5,7,2,19235,17973,11766,446,12.12,19.15,26.23,3,0,1,2,3,878,218,336,336,3138,5818,8186,5266,728,960,480,560,,192,,t3_psyward
standard,153,b4,blue,adc,射手,xuanfeng,standard,1,15,5,1,41542,14461,16233,615.3,11.32,15.83,19.84,5,0,1,3,5,986,580,64,632,3146,6260,10364,5266,786,3360,,760,,192,,t3_shieldbreaker|t3_rendspear
standard,153,b5,blue,sup,輔助,huanjing,standard,1,0,5,3,7551,18987,10892,412.8,7.73,13.44,20.79,4,1,2,2,4,671,248,1426,492,3771,6128,8456,5266,117,,120,760,,192,2000,t3_calmveil
standard,153,r1,red,top,坦克,tieshixin,standard,0,4,4,0,14507,29642,10838,410.8,9.88,18.13,24.31,3,1,1,2,3,284,40,212,908,3234,5090,6962,5266,640,,,800,,256,,t3_calmveil|t3_thornmail
standard,153,r2,red,jungle,刺客,guihuo,standard,0,10,4,0,19201,16088,14430,546.9,10.01,16.58,20.01,4,0,1,2,4,1612,650,1977,1079,3542,6230,10307,5266,370,2880,,400,1134,256,,t3_finalstring
standard,153,r3,red,mid,法師,leiming,standard,0,5,6,3,19653,16447,11489,435.5,11.98,20.43,25.03,3,0,1,1,3,862,308,1088,58,3122,4858,7588,5266,746,960,360,,,256,,t3_psyward
standard,153,r4,red,adc,射手,xuanfeng,standard,0,7,7,4,25037,12412,12342,467.8,12,19.86,23.81,3,0,1,2,3,898,530,274,542,3058,4530,7274,5266,512,480,360,400,,256,,t3_shieldbreaker|t3_rendspear
standard,153,r5,red,sup,輔助,huanjing,standard,0,0,1,9,12123,18592,12678,480.5,7.44,13.03,18.58,4,1,2,3,4,236,222,486,1228,3936,6472,8946,5266,322,,720,400,,256,1981,t3_calmveil
standard,154,b1,blue,top,坦克,bingshouweis,standard,0,0,4,0,5131,18157,6452,315.9,10.85,19.02,,2,0,1,2,2,1460,380,388,202,3090,4930,6338,5266,672,,,400,,0,,t3_calmveil|t3_thornmail
standard,154,b2,blue,jungle,刺客,jiansheng,standard,0,0,3,0,2815,8784,6326,309.7,10.9,,,1,0,1,1,1,1237,251,495,696,3167,4631,6125,5266,168,,,,691,0,,t3_finalstring
standard,154,b3,blue,mid,法師,haixiao,standard,0,1,4,0,10474,12941,6804,333.1,12.97,20.13,,2,0,1,1,2,798,284,910,154,3058,4434,6690,5266,544,480,,400,,0,,t3_psyward
standard,154,b4,blue,adc,射手,phantom,standard,0,0,4,0,9342,11446,5888,288.3,12.05,,,1,0,1,1,1,850,299,623,737,3010,4429,5773,5266,464,,,,43,0,,t3_shieldbreaker|t3_rendspear
standard,154,b5,blue,sup,坦克,dadi,standard,0,0,4,0,4287,15482,7772,380.5,8.78,15.73,,2,1,1,2,2,203,389,278,392,3803,5739,7658,5266,136,,,,,0,2256,t3_calmveil|t3_thornmail
standard,154,r1,red,top,坦克,bingshouweis,standard,1,6,1,2,10977,15442,10836,530.5,9.81,14.97,18.64,3,1,2,3,3,156,164,1512,806,3106,6114,10642,5266,608,2880,480,960,,448,,t3_calmveil|t3_thornmail
standard,154,r2,red,jungle,刺客,jiansheng,standard,1,6,0,3,8719,8166,10943,535.8,8.59,14.95,19.56,3,1,2,3,3,700,45,195,543,3900,6745,10595,5266,202,2880,480,160,1158,448,,t3_finalstring
standard,154,r3,red,mid,法師,haixiao,standard,1,1,0,3,10573,9493,8511,416.7,11.98,19.92,,2,0,1,2,2,878,344,286,481,3138,6244,8316,5266,749,480,480,893,,448,,t3_psyward
standard,154,r4,red,adc,射手,phantom,standard,1,5,0,2,16747,8359,10972,537.2,12.56,17.63,,2,0,1,2,2,906,380,1318,2392,3066,5580,9898,5266,610,1920,360,1293,,448,,t3_shieldbreaker|t3_rendspear
standard,154,r5,red,sup,坦克,dadi,standard,1,1,0,3,4438,11210,9698,474.8,7.78,13.91,19.96,3,1,2,3,3,507,519,124,318,4107,6419,9504,5266,165,480,600,293,,448,2251,t3_calmveil|t3_thornmail
standard,155,b1,blue,top,坦克,tiebi,standard,0,0,4,0,8245,23168,6944,316.8,11.8,18.8,,2,0,1,2,2,1436,404,196,464,3026,4604,6396,5266,624,,,400,,106,,t3_calmveil|t3_thornmail
standard,155,b2,blue,jungle,刺客,hundun,standard,0,0,4,0,2976,11928,6945,316.9,12.56,21.38,,2,0,1,1,2,793,519,667,345,3003,4799,6397,5266,304,,,,720,106,,t3_psyward
standard,155,b3,blue,mid,法師,leiming,standard,0,0,7,0,9249,12953,6936,316.5,13.03,21.02,,2,0,1,1,2,718,202,640,286,2978,4532,6420,5266,648,,,400,,106,,t3_psyward
standard,155,b4,blue,adc,射手,huanying,standard,0,1,4,0,10899,9392,6581,300.3,12.56,21.42,,2,0,1,1,2,658,260,916,331,2818,4210,6066,5266,320,480,,,,0,,t3_shieldbreaker|t3_rendspear
standard,155,b5,blue,sup,輔助,luminary,standard,0,0,5,0,4824,18288,8060,367.7,8.04,14.4,21.4,3,1,2,2,3,379,355,482,359,3779,5755,7512,5266,184,,,,,0,2062,t3_calmveil
standard,155,r1,red,top,坦克,tiebi,standard,1,6,0,0,13345,19893,10155,463.4,10.78,14.33,19.65,3,0,2,3,3,1303,204,128,175,2893,6104,9208,5266,394,2880,,240,43,384,,t3_calmveil|t3_thornmail
standard,155,r2,red,jungle,刺客,hundun,standard,1,3,0,3,10634,9939,10537,480.8,10.23,16.52,,2,0,1,2,2,1780,964,501,1236,3990,7064,9151,5266,330,960,480,440,1290,384,,t3_psyward
standard,155,r3,red,mid,法師,leiming,standard,1,5,1,2,15046,10845,11109,506.9,12.55,16.67,21.63,3,0,1,2,3,910,724,922,129,3170,6124,9202,5266,858,1440,480,773,,384,,t3_psyward
standard,155,r4,red,adc,射手,huanying,standard,1,10,0,2,30662,8559,13745,627.1,11.01,18.27,20.87,4,0,1,2,4,1400,356,1295,524,3080,5136,9245,5266,640,1920,240,773,22,384,,t3_shieldbreaker|t3_rendspear
standard,155,r5,red,sup,輔助,luminary,standard,1,0,0,2,4218,11969,9404,429.1,7.19,13.72,20.81,3,1,2,2,3,1343,715,1314,364,3843,6115,8344,5266,208,,,573,,384,1913,t3_calmveil
standard,156,b1,blue,top,坦克,shengdun,standard,1,0,1,0,6688,18172,8424,393.8,11.51,17.02,,2,0,1,2,2,1356,424,380,1494,2946,5474,7010,5266,720,,,640,,384,,t3_calmveil|t3_thornmail
standard,156,b2,blue,jungle,刺客,razorwing,standard,1,0,3,0,5349,9534,7343,343.3,10.9,21.13,,2,0,1,1,2,1139,432,1062,393,3069,5062,6642,5266,174,,,240,577,384,,t3_finalstring
standard,156,b3,blue,mid,法師,mingyun2,standard,1,3,3,0,11160,10684,8496,397.2,11.74,20.02,,2,0,1,1,2,1278,324,1382,346,3538,5354,7882,5266,552,1440,,240,,384,,t3_psyward
standard,156,b4,blue,adc,射手,siwang,standard,1,2,3,0,16857,8559,7976,372.9,11.71,20.4,,2,0,1,1,2,914,386,1202,976,3074,4866,6882,5266,512,480,,240,,384,,t3_shieldbreaker|t3_rendspear
standard,156,b5,blue,sup,輔助,xuemai,standard,1,0,0,2,4383,15128,8869,414.6,7.31,14.01,19.51,3,1,2,3,3,327,548,254,288,4027,6428,8254,5266,153,,480,240,,384,1730,t3_calmveil
standard,156,r1,red,top,坦克,shengdun,standard,0,3,0,3,11145,22066,8840,413.3,10.66,17.15,,2,0,1,2,2,1420,456,436,1610,3010,5506,7666,5266,616,960,360,400,,64,,t3_calmveil|t3_thornmail
standard,156,r2,red,jungle,刺客,razorwing,standard,0,1,2,0,6504,10266,7896,369.1,10.3,19.46,,2,0,1,2,2,1220,590,180,1245,3150,4920,6830,5266,544,,,,956,64,,t3_finalstring
standard,156,r3,red,mid,法師,mingyun2,standard,0,3,2,0,11766,12286,8880,415.1,12.63,19.01,,2,0,1,2,2,950,408,412,1030,3210,5258,7962,5266,872,960,,800,,64,,t3_psyward
standard,156,r4,red,adc,射手,siwang,standard,0,3,1,1,13768,8924,8840,413.3,12.13,20.02,,2,0,1,1,2,842,358,2042,290,3002,4658,7722,5266,712,960,120,600,,64,,t3_shieldbreaker|t3_rendspear
standard,156,r5,red,sup,輔助,xuemai,standard,0,0,0,2,4695,10590,8995,420.5,10.29,14.18,19.88,3,0,2,3,3,1863,403,100,994,3843,5803,8100,5266,200,,240,200,,64,2130,t3_calmveil
standard,157,b1,blue,top,坦克,xukong,standard,0,0,6,0,9919,24118,7448,331,10.6,18.8,,2,0,1,2,2,1348,280,124,317,2978,4530,6354,5266,608,,,400,,80,,t3_calmveil|t3_thornmail
standard,157,b2,blue,jungle,刺客,yeiren,standard,0,1,6,0,5436,12333,7687,341.7,10.83,21.04,,2,0,1,1,2,1102,502,1043,687,3032,4702,6673,5266,112,480,,,735,80,,t3_finalstring
standard,157,b3,blue,mid,法師,bingshuang,standard,0,0,3,0,12815,13755,7349,326.6,13.21,21.42,,2,0,1,1,2,654,388,774,698,2914,4538,6554,5266,808,,,400,,80,,t3_psyward
standard,157,b4,blue,adc,射手,maestro,standard,0,2,3,1,13511,11644,8920,396.4,10.44,20.68,,2,0,1,1,2,1226,78,1066,939,3386,4978,6866,5266,760,,240,600,,0,,t3_shieldbreaker|t3_rendspear
standard,157,b5,blue,sup,坦克,longji,standard,0,1,2,0,5675,20276,9052,402.3,7.57,14.63,20.16,3,1,2,2,3,479,387,609,271,4379,6587,8289,5266,272,480,,200,,80,1991,t3_calmveil|t3_thornmail
standard,157,r1,red,top,坦克,xukong,standard,1,9,0,0,15364,21436,12502,555.7,9.66,14.56,19.05,4,1,2,3,4,268,232,936,852,3218,6642,10066,5266,800,2880,,800,,320,,t3_calmveil|t3_thornmail
standard,157,r2,red,jungle,刺客,yeiren,standard,1,6,0,2,8666,10745,12233,543.7,7.98,16.76,17.7,3,1,1,3,3,808,2310,304,1532,4008,7640,11004,5266,192,2880,480,400,1465,320,,t3_finalstring
standard,157,r3,red,mid,法師,bingshuang,standard,1,0,1,3,13975,12641,8918,396.4,12.23,20.87,,2,0,1,1,2,1030,404,870,468,3290,5434,7370,5266,904,,480,400,,320,,t3_psyward
standard,157,r4,red,adc,射手,maestro,standard,1,3,2,1,14606,9331,9382,417,11.22,18.97,,2,0,1,2,2,1156,546,226,1102,2986,5026,7426,5266,720,480,240,400,,320,,t3_shieldbreaker|t3_rendspear
standard,157,r5,red,sup,坦克,longji,standard,1,2,1,4,7297,16668,11297,502.1,8.49,13.45,19.48,3,1,2,3,3,227,819,319,1317,3827,7179,9819,5266,136,960,480,400,,320,2256,t3_calmveil|t3_thornmail
standard,158,b1,blue,top,坦克,tiemu,standard,0,1,1,0,12115,22406,8083,357,10.38,17.5,,2,0,1,2,2,1508,430,390,652,3138,4930,6940,5266,730,480,,400,,64,,t3_calmveil|t3_thornmail
standard,158,b2,blue,jungle,刺客,sting,standard,0,0,6,1,7135,11927,7465,329.7,10.53,21.03,,2,0,1,1,2,1329,70,711,284,3259,4750,6341,5266,218,,,,792,64,,t3_finalstring
standard,158,b3,blue,mid,法師,mingyun2,standard,0,1,3,1,12386,14553,8507,375.7,12.66,21.93,,2,0,1,1,2,910,224,956,56,3170,5074,7156,5266,746,480,,600,,64,,t3_psyward
standard,158,b4,blue,adc,射手,liuxing,standard,0,4,3,1,14302,12259,9048,399.6,11.78,20.49,,2,0,1,1,2,906,374,586,468,3066,4674,6386,5266,616,,240,200,,64,,t3_shieldbreaker|t3_rendspear
standard,158,b5,blue,sup,坦克,stoneguard,standard,0,1,1,0,4931,19299,10130,447.4,7.36,15.13,21.52,3,1,1,2,3,331,733,955,1049,3931,6083,8635,5266,248,,,800,,64,2256,t3_calmveil|t3_thornmail
standard,158,r1,red,top,坦克,tiemu,standard,1,3,0,1,10704,19522,9875,436.1,11,15.88,22.56,3,0,1,2,3,1300,1272,706,324,2930,5772,7996,5266,458,1440,240,240,,352,,t3_calmveil|t3_thornmail
standard,158,r2,red,jungle,刺客,sting,standard,1,2,2,1,8930,10705,9392,414.8,9.9,16.93,,2,1,1,2,2,47,1804,543,962,3247,6184,8023,5266,144,960,,240,1060,352,,t3_finalstring
standard,158,r3,red,mid,法師,mingyun2,standard,1,2,3,0,13132,12159,8291,366.2,12.01,22.26,,2,0,1,1,2,1246,326,744,440,3506,5356,7244,5266,586,960,,240,,192,,t3_psyward
standard,158,r4,red,adc,射手,liuxing,standard,1,4,2,0,18179,10078,10363,457.7,12.43,21.03,22.48,3,0,1,1,3,898,424,1628,462,3058,5324,7428,5266,570,,,1240,,352,,t3_shieldbreaker|t3_rendspear
standard,158,r5,red,sup,坦克,stoneguard,standard,1,3,0,1,8224,17467,11235,496.2,7.84,14.18,19.34,3,1,2,3,3,927,555,595,1254,3827,6915,9675,5266,160,960,240,440,,352,2256,t3_calmveil|t3_thornmail
standard,159,b1,blue,top,坦克,longji,standard,1,1,1,0,8830,24006,8771,354.7,10.75,17.54,,2,0,1,2,2,1372,332,1144,1540,2962,5082,6994,5266,768,480,,160,,320,,t3_calmveil|t3_thornmail
standard,159,b2,blue,jungle,刺客,yingsi,standard,1,1,5,0,9135,15573,8974,362.9,10.63,19.16,,2,0,1,2,2,1449,159,711,643,3379,5439,7361,5266,392,480,,160,743,320,,t3_finalstring
standard,159,b3,blue,mid,法師,bingshuang,standard,1,8,1,0,16201,16342,12395,501.3,12.45,20.04,23.58,3,0,1,1,3,1006,364,1318,494,3266,4914,7818,5266,912,960,,360,,320,,t3_psyward
standard,159,b4,blue,adc,射手,shensheng,standard,1,11,2,1,35292,12004,14201,574.4,11.73,18.95,22.33,4,0,1,2,4,914,370,1616,401,3074,4850,8616,5266,688,1920,240,160,22,320,,t3_shieldbreaker|t3_rendspear
standard,159,b5,blue,sup,輔助,mingyunyindao,standard,1,0,1,2,7100,16328,10820,437.6,8.32,13.95,19.73,3,1,2,3,3,127,459,489,1779,3827,5859,8189,5266,216,,,360,,320,2027,t3_calmveil
standard,159,r1,red,top,坦克,longji,standard,0,4,3,0,14254,26644,9927,401.5,10.63,15.53,21.71,3,0,1,2,3,1930,412,850,596,3520,5712,8080,5266,512,1440,,720,14,128,,t3_calmveil|t3_thornmail
standard,159,r2,red,jungle,刺客,yingsi,standard,0,2,5,1,6530,14583,9803,396.5,8.99,16.98,24.67,3,1,1,2,3,586,545,175,152,3786,6125,8205,5266,96,960,240,320,1195,128,,t3_finalstring
standard,159,r3,red,mid,法師,bingshuang,standard,0,2,3,0,19263,13365,8563,346.3,11.88,22.16,,2,0,1,1,2,830,348,572,232,3090,4898,6322,5266,608,,,320,,128,,t3_psyward
standard,159,r4,red,adc,射手,shensheng,standard,0,2,7,1,15719,9821,9080,367.3,11.13,22.73,,2,0,1,1,2,786,242,770,180,2946,4722,6450,5266,496,,240,320,,128,,t3_shieldbreaker|t3_rendspear
standard,159,r5,red,sup,輔助,mingyunyindao,standard,0,0,3,1,7409,16591,10040,406.1,6.86,13.93,18.88,3,1,2,3,3,1263,171,451,1000,3763,6051,8451,5266,80,,,720,,128,2256,t3_calmveil
standard,160,b1,blue,top,坦克,tixue,standard,1,1,1,3,9822,20612,8637,393,10.34,18.02,,2,0,1,2,2,1492,228,104,1347,3122,5378,7394,5266,784,480,240,560,,64,,t3_calmveil|t3_thornmail
standard,160,b2,blue,jungle,刺客,youming,standard,1,0,3,0,6362,9468,7196,327.5,10.93,21.35,,2,0,1,1,2,1247,788,1089,496,3177,4988,6419,5266,120,,,160,648,224,,t3_finalstring
standard,160,b3,blue,mid,法師,mingyun2,standard,1,4,5,1,17151,11646,10053,457.5,12.14,19.46,,2,0,1,2,2,878,440,296,653,3138,5890,8146,5266,616,960,120,960,,224,,t3_psyward
standard,160,b4,blue,adc,射手,liangzicz,standard,1,5,1,1,14945,11397,10125,460.8,12.5,18.72,,2,0,1,2,2,802,138,94,1545,2962,5218,8674,5266,464,1920,240,560,,224,,t3_shieldbreaker|t3_rendspear
standard,160,b5,blue,sup,坦克,shiqiang,standard,1,0,1,3,6370,18940,9708,441.8,9.11,14.25,19.92,3,1,2,3,3,967,367,67,327,3867,6267,8667,5266,160,,600,160,,224,2256,t3_calmveil|t3_thornmail
standard,160,r1,red,top,坦克,tixue,standard,0,4,1,0,11740,20006,9403,427.9,10.33,16.88,21.97,3,0,1,2,3,1374,138,1114,272,3004,4988,7944,5266,602,1440,,400,43,192,,t3_calmveil|t3_thornmail
standard,160,r2,red,jungle,刺客,youming,standard,0,3,2,0,7757,11954,8712,396.5,10.7,19,,2,0,1,2,2,1187,136,454,582,3117,4816,7454,5266,277,960,,,759,192,,t3_finalstring
standard,160,r3,red,mid,法師,mingyun2,standard,0,3,2,0,17660,12396,8773,399.2,12.81,19.72,,2,0,1,2,2,822,1264,212,323,3082,5114,8242,5266,744,1440,,600,,192,,t3_psyward
standard,160,r4,red,adc,射手,liangzicz,standard,0,0,1,3,9545,10516,8266,376.2,11.63,20.45,,2,0,1,1,2,831,255,1119,166,2991,4735,6919,5266,541,,720,200,,192,,t3_shieldbreaker|t3_rendspear
standard,160,r5,red,sup,坦克,shiqiang,standard,0,1,4,0,5620,18609,8938,406.7,9.33,14.58,20.97,3,1,2,2,3,937,357,1151,338,3837,6717,8391,5266,234,480,,400,,192,1818,t3_calmveil|t3_thornmail
standard,161,b1,blue,top,坦克,suishan,standard,0,0,0,0,10430,18234,7367,343.9,9.88,20.01,,2,1,1,1,2,172,344,1136,677,3122,4594,6536,5266,810,,,80,43,336,,t3_calmveil|t3_thornmail
standard,161,b2,blue,jungle,戰士,rongyan,standard,0,1,0,0,8050,11641,7351,343.1,10.07,20.57,,2,0,1,1,2,1123,87,1459,251,3123,5087,6939,5266,170,480,,80,606,336,,t3_finalstring|t3_shieldbreaker
standard,161,b3,blue,mid,法師,bingshuang,standard,0,5,4,1,15744,12226,10241,478,11.89,17.9,,2,0,1,2,2,982,356,398,841,3242,5386,8898,5266,936,1440,240,680,,336,,t3_psyward
standard,161,b4,blue,adc,射手,xingchen,standard,0,2,3,1,9804,9662,8353,389.9,12.36,18.66,,2,0,1,2,2,826,554,1070,553,2986,4554,7970,5266,568,960,240,680,,256,,t3_shieldbreaker|t3_rendspear
standard,161,b5,blue,sup,坦克,tixue,standard,0,0,0,0,7174,19135,8261,385.6,8.01,15.7,,2,1,1,2,2,911,413,621,1020,3811,5763,7861,5266,202,,,80,,336,1976,t3_calmveil|t3_thornmail
standard,161,r1,red,top,坦克,suishan,standard,1,0,0,0,9456,17601,8156,380.7,10.18,16.95,,2,0,1,2,2,1444,474,174,865,3074,5324,7164,5266,730,,,1040,,128,,t3_calmveil|t3_thornmail
standard,161,r2,red,jungle,戰士,rongyan,standard,1,3,2,0,8802,15363,8831,412.2,10.13,19.11,,2,0,1,2,2,1184,294,292,530,3184,5174,7692,5266,336,960,,240,762,128,,t3_finalstring|t3_shieldbreaker
standard,161,r3,red,mid,法師,bingshuang,standard,1,0,3,1,14248,10402,7473,348.8,12.76,,,1,0,1,1,1,846,300,190,973,3106,4850,6690,5266,656,,,640,,128,,t3_psyward
standard,161,r4,red,adc,射手,xingchen,standard,1,3,3,0,14277,10002,9135,426.4,11.38,17.73,,2,0,1,2,2,890,250,716,1155,3050,5450,8096,5266,680,960,,1040,22,128,,t3_shieldbreaker|t3_rendspear
standard,161,r5,red,sup,坦克,tixue,standard,1,1,0,0,8608,14550,9428,440,8.62,13.87,20.48,3,1,2,2,3,763,240,1416,827,4363,6720,8656,5266,285,480,,240,,128,2256,t3_calmveil|t3_thornmail
standard,162,b1,blue,top,坦克,stoneguard,standard,0,0,1,0,10404,24222,7443,332.5,9.88,19.58,,2,1,1,2,2,140,364,152,812,3090,4514,6002,5266,528,,,,,208,,t3_calmveil|t3_thornmail
standard,162,b2,blue,jungle,戰士,tielian,standard,0,2,3,0,6769,16976,8388,374.7,11.14,20.1,,2,0,1,1,2,1268,143,2182,137,3268,4973,7612,5266,282,960,,,895,208,,t3_shieldbreaker|t3_finalstring
standard,162,b3,blue,mid,法師,lieyan,standard,0,1,4,0,11268,13838,7896,352.8,12.43,,,1,0,1,1,1,1038,257,543,1396,3298,4807,6743,5266,869,,,400,,208,,t3_psyward
standard,162,b4,blue,adc,射手,liangzi,standard,0,5,3,0,16841,10364,9483,423.7,10.61,19.21,,2,0,1,2,2,1026,218,198,632,3186,5418,7818,5266,784,1440,,200,,128,,t3_shieldbreaker|t3_rendspear
standard,162,b5,blue,sup,輔助,linghun,standard,0,0,0,0,5129,15460,9092,406.2,7.96,13.35,19.67,3,1,2,3,3,512,275,211,632,3912,6155,8371,5266,287,,,600,,208,2009,t3_calmveil
standard,162,r1,red,top,坦克,stoneguard,standard,1,3,0,0,10310,20344,9406,420.2,9.87,16.5,20.7,3,1,1,2,3,487,559,895,376,3437,5309,8125,5266,560,960,,1040,43,256,,t3_calmveil|t3_thornmail
standard,162,r2,red,jungle,戰士,tielian,standard,1,1,0,1,10293,12416,8656,386.7,10.7,18.24,,2,0,1,2,2,1315,919,616,105,3315,5449,7666,5266,168,480,240,240,1016,256,,t3_shieldbreaker|t3_finalstring
standard,162,r3,red,mid,法師,lieyan,standard,1,1,4,0,15566,11791,8155,364.3,11.58,21.71,,2,0,1,1,2,734,172,954,604,2994,5202,7154,5266,512,480,,640,,256,,t3_psyward
standard,162,r4,red,adc,射手,liangzi,standard,1,6,3,1,21071,9087,10246,457.7,12.31,19.21,,2,0,1,2,2,962,340,234,1345,3122,5420,8484,5266,682,1920,120,240,,256,,t3_shieldbreaker|t3_rendspear
standard,162,r5,red,sup,輔助,linghun,standard,1,0,1,2,6906,11684,9820,438.7,10.33,13.08,19.83,3,0,2,3,3,2139,270,67,589,3819,6150,8547,5266,189,,120,640,22,256,2053,t3_calmveil
standard,163,b1,blue,top,坦克,ironclad,standard,0,0,3,0,6732,20319,6962,333.2,10.98,19.68,,2,0,1,2,2,1452,96,272,231,3042,4546,6722,5266,592,,,800,,64,,t3_calmveil|t3_thornmail
standard,163,b2,blue,jungle,戰士,cinderfist,standard,0,1,2,0,4506,17427,7333,351,10.53,19.12,,2,0,1,2,2,1257,573,343,283,3257,5103,7093,5266,432,480,,,851,64,,t3_shieldbreaker|t3_finalstring
standard,163,b3,blue,mid,法師,shikong,standard,0,0,6,0,10281,12612,6466,309.5,12.35,,,1,0,1,1,1,854,800,114,385,3114,4650,6194,5266,664,,,200,,64,,t3_psyward
standard,163,b4,blue,adc,射手,shengyan,standard,0,2,3,0,13017,9948,7762,371.5,9.28,20.2,,2,1,1,1,2,308,254,1362,761,3658,5154,7042,5266,832,480,,400,,64,,t3_shieldbreaker|t3_rendspear
standard,163,b5,blue,sup,輔助,shiguang,standard,0,0,2,1,5205,15549,8564,409.9,7.75,12.59,19.92,3,1,2,3,3,1583,327,163,403,4083,6507,8323,5266,200,,240,600,,64,1953,t3_calmveil
standard,163,r1,red,top,坦克,ironclad,standard,1,3,0,1,10941,17785,9146,437.8,9.88,16.98,,2,1,1,2,2,188,276,876,1915,3138,5026,8106,5266,656,960,120,720,,384,,t3_calmveil|t3_thornmail
standard,163,r2,red,jungle,戰士,cinderfist,standard,1,3,0,2,7051,12035,9901,473.9,10.13,15.48,20.81,3,0,1,2,3,1611,449,1091,351,3611,5879,9341,5266,192,1440,480,320,1259,384,,t3_shieldbreaker|t3_finalstring
standard,163,r3,red,mid,法師,shikong,standard,1,2,1,3,12959,11322,9322,446.2,10.97,17.8,,2,0,1,2,2,966,824,182,821,3226,6154,8682,5266,992,960,360,720,,384,,t3_psyward
standard,163,r4,red,adc,射手,shengyan,standard,1,8,0,2,26916,8478,11434,547.3,10.83,18.34,,2,0,1,2,2,882,474,1514,2533,3042,4954,9434,5266,504,2400,360,520,,384,,t3_shieldbreaker|t3_rendspear
standard,163,r5,red,sup,輔助,shiguang,standard,1,0,2,2,4345,10337,9634,461.1,6.81,13.19,17.37,3,1,2,3,3,735,443,791,1453,3835,6323,8971,5266,184,,360,520,,384,2256,t3_calmveil
standard,164,b1,blue,top,坦克,tieshixin,standard,0,1,0,0,7613,19269,7096,366.4,8.96,17.03,,2,1,1,,2,636,208,,246,3586,5058,,,,,,,,,,t3_calmveil|t3_thornmail
standard,164,b2,blue,jungle,戰士,chichuan,standard,0,0,2,0,4489,9795,6300,325.3,10.41,,,1,0,1,,1,1143,716,,820,3143,4816,,,,,,,,,,t3_finalstring|t3_shieldbreaker
standard,164,b3,blue,mid,法師,lieyan,standard,0,0,5,0,9930,10999,6120,316,13.74,,,1,0,1,,1,798,632,,520,3058,4482,,,,,,,,,,t3_psyward
standard,164,b4,blue,adc,射手,mirrorshot,standard,0,0,2,0,9556,8414,5896,304.4,10.78,,,1,0,1,,1,898,342,,696,3058,4642,,,,,,,,,,t3_shieldbreaker|t3_rendspear
standard,164,b5,blue,sup,坦克,tixue,standard,0,0,2,0,3886,13497,8336,430.4,8.15,15.81,,2,1,1,,2,259,477,,1096,3859,5827,,,,,,,,,,t3_calmveil|t3_thornmail
standard,164,r1,red,top,坦克,tieshixin,standard,1,3,0,0,7107,11803,7977,411.9,9.42,18.18,,2,1,1,,2,466,1102,,1147,3416,5352,,,,,,,,,,t3_calmveil|t3_thornmail
standard,164,r2,red,jungle,戰士,chichuan,standard,1,3,1,2,7487,11794,8800,454.4,7.6,17.18,,2,1,1,,2,119,1342,,500,3919,5922,,,,,,,,,,t3_finalstring|t3_shieldbreaker
standard,164,r3,red,mid,法師,lieyan,standard,1,1,0,2,15943,9114,7752,400.3,12.81,,,1,0,1,,1,766,60,,1252,3026,5090,,,,,,,,,,t3_psyward
standard,164,r4,red,adc,射手,mirrorshot,standard,1,1,0,1,7037,6536,6956,359.2,13.18,,,1,0,1,,1,766,1568,,1156,2926,4918,,,,,,,,,,t3_shieldbreaker|t3_rendspear
standard,164,r5,red,sup,坦克,tixue,standard,1,3,0,2,5105,11500,9939,513.2,9.45,13.48,,2,1,2,,2,908,508,,2698,3808,7288,,,,,,,,,,t3_calmveil|t3_thornmail
standard,165,b1,blue,top,坦克,tiankong,standard,1,0,1,0,6423,19473,7662,354,11.46,16.79,,2,0,1,2,2,1372,136,130,432,2962,5186,7060,5266,546,,,800,,448,,t3_calmveil|t3_thornmail
standard,165,b2,blue,jungle,戰士,dadi2,standard,1,3,1,0,6804,15624,9605,443.8,9.78,17.16,,2,1,1,2,2,109,172,321,1054,3209,5602,8571,5266,64,1440,,400,953,448,,t3_shieldbreaker|t3_finalstring
standard,165,b3,blue,mid,法師,shikong,standard,1,2,2,2,16110,11232,8588,396.8,11.78,20.98,,2,0,1,1,2,934,320,1006,557,3194,5170,7506,5266,712,480,200,400,,448,,t3_psyward
standard,165,b4,blue,adc,射手,hanbing,standard,1,5,2,2,20472,8546,10150,469,11.88,18.15,,2,0,1,2,2,954,362,338,1250,3114,5562,8588,5266,514,1440,320,600,,448,,t3_shieldbreaker|t3_rendspear
standard,165,b5,blue,sup,輔助,mantra,standard,1,0,1,4,4531,12788,9825,454,7.28,14,18.77,3,1,2,3,3,127,39,503,595,3827,6219,8983,5266,114,,440,600,,448,2114,t3_calmveil
standard,165,r1,red,top,坦克,tiankong,standard,0,3,1,0,6630,22458,8503,392.9,10.18,15.96,,2,0,1,2,2,1340,350,351,1272,2930,5650,7581,5266,512,960,,800,43,0,,t3_calmveil|t3_thornmail
standard,165,r2,red,jungle,戰士,dadi2,standard,0,3,1,3,9867,15075,9586,443,10.77,15.79,,2,0,1,2,2,1211,834,630,1036,3211,6264,8880,5266,416,1440,240,,1518,0,,t3_shieldbreaker|t3_finalstring
standard,165,r3,red,mid,法師,shikong,standard,0,1,1,0,10257,12310,7868,363.5,13.28,20.93,,2,0,1,1,2,830,44,430,317,3090,5074,6930,5266,864,,,800,,0,,t3_psyward
standard,165,r4,red,adc,射手,hanbing,standard,0,0,5,1,16576,9950,6940,320.7,11.84,,,1,0,1,1,1,754,386,530,1259,2914,4386,6210,5266,544,,,400,,0,,t3_shieldbreaker|t3_rendspear
standard,165,r5,red,sup,輔助,mantra,standard,0,0,2,6,5440,14120,9158,423.2,6.87,12.72,19.2,3,1,2,3,3,331,191,417,408,3731,6371,8597,5266,96,,960,400,,0,1874,t3_calmveil
standard,166,b1,blue,top,坦克,tiebi,standard,1,1,1,0,6764,22367,8350,353.3,8.36,16.88,,2,1,1,2,2,572,392,583,1120,3522,5442,7213,5266,464,480,,480,43,480,,t3_calmveil|t3_thornmail
standard,166,b2,blue,jungle,戰士,langwang,standard,1,4,1,0,6449,14714,10526,445.4,10.83,19.56,,2,0,1,2,2,1120,395,580,1975,3120,5225,7630,5266,130,480,,480,793,480,,t3_shieldbreaker|t3_finalstring
standard,166,b3,blue,mid,法師,lieyan,standard,1,7,4,0,20024,13945,11731,496.4,13.62,18.31,22.01,3,0,1,2,3,902,336,902,130,3162,5666,9402,5266,776,2400,,480,,480,,t3_psyward
standard,166,b4,blue,adc,射手,xuanfeng,standard,1,10,2,3,31112,12766,13795,583.7,11.21,17.43,21.08,4,0,1,2,4,1242,450,2878,894,3402,6130,10498,5266,912,2880,480,480,,480,,t3_shieldbreaker|t3_rendspear
standard,166,b5,blue,sup,輔助,huanjing,standard,1,0,2,2,6289,15144,10257,434,6.94,13.56,19.07,3,1,2,3,3,448,334,508,1027,3848,6584,8688,5266,181,,480,480,,320,1961,t3_calmveil
standard,166,r1,red,top,坦克,tiebi,standard,0,3,5,0,10215,24579,9681,409.6,10.15,17.24,21.58,3,0,1,2,3,1500,356,1426,351,3090,5106,8176,5266,736,960,,1200,14,0,,t3_calmveil|t3_thornmail
standard,166,r2,red,jungle,戰士,langwang,standard,0,0,1,1,5485,16824,8148,344.8,10.05,19.99,,2,0,1,2,2,1343,75,158,497,3343,5205,6908,5266,240,,240,,1162,0,,t3_shieldbreaker|t3_finalstring
standard,166,r3,red,mid,法師,lieyan,standard,0,4,6,0,17508,14994,9654,408.5,12.11,19.55,,2,0,1,2,2,910,304,746,573,3170,5154,8596,5266,810,1920,,600,,0,,t3_psyward
standard,166,r4,red,adc,射手,xuanfeng,standard,0,3,7,2,19138,10373,9526,403.1,11.2,21.04,,2,0,1,1,2,1026,154,1412,625,3186,4634,7092,5266,866,480,480,,,0,,t3_shieldbreaker|t3_rendspear
standard,166,r5,red,sup,輔助,huanjing,standard,0,0,3,1,7778,14749,9177,388.3,8.35,14.41,20,3,1,2,3,3,727,307,132,996,3827,6187,7832,5266,194,,,600,,0,1771,t3_calmveil
standard,167,b1,blue,top,坦克,shengdun,standard,1,0,2,1,10072,29579,9535,345.4,11.84,19.43,25.87,3,0,1,2,3,1348,136,244,285,2978,4386,6194,5266,400,,,400,,128,,t3_calmveil|t3_thornmail
standard,167,b2,blue,jungle,戰士,jingci,standard,1,0,3,2,11659,24957,9083,329,10.19,19.86,,2,0,1,2,2,1206,680,151,482,3206,4960,6951,5266,362,,480,,714,128,,t3_finalstring|t3_shieldbreaker
standard,167,b3,blue,mid,法師,shikong,standard,1,1,6,2,25810,18109,11208,406,12.73,23.07,,2,0,1,1,2,782,276,214,1808,3042,4826,6714,5266,658,,240,400,22,128,,t3_psyward
standard,167,b4,blue,adc,射手,phantom,standard,1,14,3,0,36570,17331,16197,586.7,10.01,16.5,21.03,4,0,1,2,4,1552,264,1347,2346,3712,6064,9927,5266,701,3360,,400,72,128,,t3_shieldbreaker|t3_rendspear
standard,167,b5,blue,sup,坦克,dadi,standard,1,3,4,0,8052,29770,10996,398.3,8.94,14.33,21.9,3,1,2,2,3,240,412,654,1015,3840,6312,7894,5266,149,480,,,,128,1871,t3_calmveil|t3_thornmail
standard,167,r1,red,top,坦克,shengdun,standard,0,6,1,0,14929,30079,11948,432.8,7.69,13.92,21.91,4,1,2,2,4,256,420,744,298,3906,6370,8034,5266,592,1440,,480,,256,,t3_calmveil|t3_thornmail
standard,167,r2,red,jungle,戰士,jingci,standard,0,3,4,0,12575,19162,11276,408.4,9.84,19.97,23.72,3,1,1,2,3,70,1111,35,246,3170,5391,8635,5266,80,1440,,480,1113,256,,t3_finalstring|t3_shieldbreaker
standard,167,r3,red,mid,法師,shikong,standard,0,3,4,2,34095,15837,11279,408.5,12.39,21.19,,2,0,1,1,2,990,256,750,1879,3250,5106,7250,5266,768,480,,480,,256,,t3_psyward
standard,167,r4,red,adc,射手,phantom,standard,0,4,7,0,28215,13075,11415,413.5,12.38,21.93,26.71,3,0,1,1,3,874,538,914,895,3034,5018,6714,5266,712,,,480,,256,,t3_shieldbreaker|t3_rendspear
standard,167,r5,red,sup,坦克,dadi,standard,0,2,2,4,12226,26722,12851,465.5,7.93,15.36,19.98,4,1,1,3,4,887,853,51,651,3787,6203,9131,5266,152,,720,480,,256,2256,t3_calmveil|t3_thornmail
standard,168,b1,blue,top,坦克,shiqiang,standard,0,0,1,0,11574,24860,7394,323.2,10.68,17.89,,2,0,1,2,2,1588,460,370,243,3218,5010,6620,5266,890,,,400,,64,,t3_calmveil|t3_thornmail
standard,168,b2,blue,jungle,戰士,embercoil,standard,0,0,4,0,8169,17510,7778,340,11.17,21.03,,2,0,1,1,2,1235,143,1314,877,3235,4893,6544,5266,320,,,,893,64,,t3_finalstring|t3_shieldbreaker
standard,168,b3,blue,mid,法師,xingjie,standard,0,1,3,0,13334,14931,7666,335.1,13.48,21.36,,2,0,1,1,2,718,316,968,315,2978,4466,6348,5266,618,,,400,,64,,t3_psyward
standard,168,b4,blue,adc,射手,yanfeng,standard,0,0,5,0,13759,13027,7047,308.1,12.04,20.69,,2,0,1,1,2,866,436,1092,147,3026,4386,6242,5266,512,,,400,,64,,t3_shieldbreaker|t3_rendspear
standard,168,b5,blue,sup,坦克,thornwall,standard,0,0,4,0,5169,19433,8767,383.2,7.86,15.63,,2,1,1,2,2,943,445,313,1086,3843,5795,7993,5266,218,,,400,,64,2044,t3_calmveil|t3_thornmail
standard,168,r1,red,top,坦克,shiqiang,standard,1,4,0,0,14597,20766,10207,446.2,10.59,16.07,19.68,3,0,1,3,3,1396,418,192,657,3026,5818,8842,5266,568,1920,,640,,448,,t3_calmveil|t3_thornmail
standard,168,r2,red,jungle,戰士,embercoil,standard,1,2,0,3,10519,12816,10151,443.8,10.28,16.16,21.72,3,0,1,2,3,1400,891,891,551,3400,6071,8591,5266,192,480,720,240,1245,448,,t3_finalstring|t3_shieldbreaker
standard,168,r3,red,mid,法師,xingjie,standard,1,7,0,2,22114,13032,12471,545.2,10.05,18.06,21.06,3,0,1,2,3,1806,370,778,391,4066,6570,10178,5266,864,2400,360,840,,448,,t3_psyward
standard,168,r4,red,adc,射手,yanfeng,standard,1,4,1,0,20749,8494,9911,433.3,11.24,18.33,,2,0,1,2,2,970,94,238,1331,3130,4994,7618,5266,704,960,,240,,448,,t3_shieldbreaker|t3_rendspear
standard,168,r5,red,sup,坦克,thornwall,standard,1,0,0,5,7699,18416,10272,449,10.39,12.52,19,3,0,2,3,3,2751,747,135,292,4331,7107,9035,5266,360,,840,440,,448,1680,t3_calmveil|t3_thornmail
standard,169,b1,blue,top,坦克,tiemu,standard,1,1,1,1,7688,30336,9976,378.6,10.77,18.2,23.27,3,0,1,2,3,1404,950,156,475,2994,4850,7436,5266,522,480,240,800,,128,,t3_calmveil|t3_thornmail
standard,169,b2,blue,jungle,戰士,hunpo,standard,1,1,5,3,6329,12737,9951,377.6,11.81,20.04,,2,0,1,1,2,1147,847,1140,651,3357,5297,7540,5266,264,480,480,,922,128,,t3_psyward
standard,169,b3,blue,mid,法師,auralith,standard,1,5,4,0,16825,17621,11357,431,12.68,22.24,,2,0,1,1,2,798,94,608,2007,3058,5074,7058,5266,704,960,,,,128,,t3_psyward
standard,169,b4,blue,adc,射手,siwang,standard,1,13,5,0,37253,12745,15408,584.7,12.04,18.07,24.63,4,0,1,2,4,842,310,1056,2187,3002,5090,8676,5266,482,2400,,400,,128,,t3_shieldbreaker|t3_rendspear
standard,169,b5,blue,sup,輔助,shengming,standard,1,0,4,2,4585,21002,10746,407.8,6.68,14.23,19.08,3,1,2,3,3,759,373,415,1706,3859,6073,8575,5266,266,,480,400,14,128,2019,t3_calmveil
standard,169,r1,red,top,坦克,tiemu,standard,0,5,2,1,9040,28857,11685,443.5,9.79,16.31,19.53,4,1,1,3,4,228,902,306,385,3178,5402,8906,5266,824,1920,240,320,,336,,t3_calmveil|t3_thornmail
standard,169,r2,red,jungle,戰士,hunpo,standard,0,3,6,1,7402,12510,10828,410.9,11.77,20.27,,2,0,1,1,2,1185,737,1780,1528,3395,5187,8180,5266,16,960,120,320,1162,336,,t3_psyward
standard,169,r3,red,mid,法師,auralith,standard,0,3,6,0,18705,17035,9901,375.8,12.75,21.69,,2,0,1,1,2,878,114,608,551,3138,4914,7058,5266,736,480,,320,,256,,t3_psyward
standard,169,r4,red,adc,射手,siwang,standard,0,8,5,1,31386,11737,12341,468.4,12.06,21.37,23.59,3,0,1,1,3,706,262,1554,961,2866,4562,7234,5266,352,960,,320,,336,,t3_shieldbreaker|t3_rendspear
standard,169,r5,red,sup,輔助,shengming,standard,0,0,1,2,5639,15305,11041,419,7.24,12.67,18.35,4,1,2,3,4,403,579,289,340,3803,6459,8749,5266,216,,120,1120,,336,1691,t3_calmveil
standard,170,b1,blue,top,坦克,dadi,standard,1,4,4,0,11757,21854,10200,445.3,10.88,16.79,21.22,3,0,1,2,3,1316,202,1144,770,2946,5602,8434,5266,512,1440,,960,,256,,t3_calmveil|t3_thornmail
standard,170,b2,blue,jungle,戰士,leimingcf,standard,1,1,1,2,8081,12728,8957,391,10.58,21.09,,2,0,1,1,2,1199,470,1896,357,3199,5650,7376,5266,192,480,120,160,822,336,,t3_finalstring|t3_shieldbreaker
standard,170,b3,blue,mid,法師,xingjie,standard,1,1,4,2,17103,12557,8664,378.2,11.92,19.67,,2,0,1,2,2,846,300,92,334,3106,5450,7642,5266,640,480,360,560,,336,,t3_psyward
standard,170,b4,blue,adc,射手,maestro,standard,1,3,3,0,12649,10320,9208,401.9,12.38,19.88,,2,0,1,2,2,1226,154,294,928,2906,4634,7194,5266,312,480,,160,,976,,t3_shieldbreaker|t3_rendspear
standard,170,b5,blue,sup,坦克,shiqiang,standard,1,1,2,0,7684,20157,10600,462.7,10.48,13.25,18.63,3,0,2,3,3,2391,403,198,620,3971,6763,9578,5266,328,480,,960,,336,2208,t3_calmveil|t3_thornmail
standard,170,r1,red,top,坦克,dadi,standard,0,4,2,1,11331,21810,9351,408.2,11.53,16.82,22.16,3,0,1,2,3,1322,226,767,220,2952,4776,8057,5266,373,1440,120,800,57,0,,t3_calmveil|t3_thornmail
standard,170,r2,red,jungle,戰士,leimingcf,standard,0,4,2,4,15964,18663,9787,427.2,9.46,17.62,22.59,3,1,1,2,3,679,477,226,187,3779,5957,8826,5266,344,1920,480,,816,0,,t3_finalstring|t3_shieldbreaker
standard,170,r3,red,mid,法師,xingjie,standard,0,1,4,1,10136,13510,8387,366.1,13.24,21.96,,2,0,1,1,2,872,306,640,56,3132,5156,7140,5266,874,480,120,400,,0,,t3_psyward
standard,170,r4,red,adc,射手,maestro,standard,0,2,1,3,15845,10003,8317,363.1,11.97,20.49,,2,0,1,1,2,708,340,1135,337,2868,4340,6935,5266,429,480,360,400,,0,,t3_shieldbreaker|t3_rendspear
standard,170,r5,red,sup,坦克,shiqiang,standard,0,3,1,4,6562,18459,11143,486.4,8.18,14.55,18.44,3,1,2,3,3,203,243,260,1162,3803,6603,10240,5266,186,1440,360,800,,0,2187,t3_calmveil|t3_thornmail
standard,171,b1,blue,top,坦克,tixue,standard,1,1,0,1,8359,14773,7792,390.7,10.29,17.27,,2,0,1,,2,1332,552,,501,2962,4802,,,,,,,,,,t3_calmveil|t3_thornmail
standard,171,b2,blue,jungle,刺客,jiansheng,standard,1,0,2,2,5036,7912,7936,398,9.95,18.35,,2,1,1,,2,33,450,,936,3233,5780,,,,,,,,,,t3_finalstring
standard,171,b3,blue,mid,法師,auralith,standard,1,2,2,0,9260,10305,7979,400.1,11.71,,,1,0,1,,1,830,472,,1478,3090,5322,,,,,,,,,,t3_psyward
standard,171,b4,blue,adc,射手,liuxing,standard,1,3,4,0,14234,10448,8411,421.8,12.19,18.68,,2,0,1,,2,770,74,,1210,2930,5274,,,,,,,,,,t3_shieldbreaker|t3_rendspear
standard,171,b5,blue,sup,坦克,stoneguard,standard,1,1,1,4,5566,14616,10073,505.1,7.68,13.57,19.51,3,1,2,,3,259,309,,573,3859,6969,,,,,,,,,,t3_calmveil|t3_thornmail
standard,171,r1,red,top,坦克,tixue,standard,0,2,0,0,10479,18086,6950,348.5,9.28,16.84,,2,1,1,,2,636,208,,239,3586,5058,,,,,,,,,,t3_calmveil|t3_thornmail
standard,171,r2,red,jungle,刺客,jiansheng,standard,0,1,1,2,6135,8860,7364,369.3,9.53,19.59,,2,1,1,,2,234,185,,183,3434,5165,,,,,,,,,,t3_finalstring
standard,171,r3,red,mid,法師,auralith,standard,0,2,1,0,7292,10831,7387,370.4,11.88,,,1,0,1,,1,1230,500,,886,3490,5050,,,,,,,,,,t3_psyward
standard,171,r4,red,adc,射手,liuxing,standard,0,2,4,1,11541,8828,7478,375,11.08,19.18,,2,0,1,,2,965,249,,277,3125,5029,,,,,,,,,,t3_shieldbreaker|t3_rendspear
standard,171,r5,red,sup,坦克,stoneguard,standard,0,2,1,1,4569,15872,9313,467,8.99,14.21,,2,1,2,,2,396,472,,2072,4296,6672,,,,,,,,,,t3_calmveil|t3_thornmail
standard,172,b1,blue,top,坦克,suishan,standard,0,1,1,0,7534,19871,7353,334.1,11,19.22,,2,0,1,2,2,1372,652,930,602,2962,4802,6780,5266,426,480,,400,,208,,t3_calmveil|t3_thornmail
standard,172,b2,blue,jungle,刺客,youming,standard,0,0,1,0,4316,9670,6863,311.8,11.33,21.88,,2,0,1,1,2,1211,648,656,213,3141,4798,6236,5266,128,,,,634,208,,t3_finalstring
standard,172,b3,blue,mid,法師,xingjie,standard,0,5,3,1,15576,14067,9737,442.4,13.11,18.76,,2,0,1,2,2,854,224,446,986,3114,6124,8476,5266,762,1920,,400,,128,,t3_psyward
standard,172,b4,blue,adc,射手,shensheng,standard,0,4,1,3,15948,9715,9439,428.9,11.08,19.97,,2,0,1,2,2,890,282,19,539,3050,5482,7939,5266,570,960,720,200,14,208,,t3_shieldbreaker|t3_rendspear
standard,172,b5,blue,sup,輔助,mingyunyindao,standard,0,0,0,3,4947,13589,9511,432.2,7.72,14.2,20.47,3,1,2,2,3,1327,332,1541,471,3827,6032,8571,5266,159,,720,200,,208,2016,t3_calmveil
standard,172,r1,red,top,坦克,suishan,standard,1,2,0,0,10471,22190,8654,393.2,10.66,16.31,,2,0,1,2,2,1324,896,500,1424,2914,5346,7730,5266,608,960,,640,,256,,t3_calmveil|t3_thornmail
standard,172,r2,red,jungle,刺客,youming,standard,1,0,2,0,4967,8114,8084,367.3,11.3,20.43,,2,0,1,1,2,1322,532,1500,953,3252,5332,7080,5266,400,,,240,917,256,,t3_finalstring
standard,172,r3,red,mid,法師,xingjie,standard,1,1,2,0,13411,13326,8102,368.1,12.92,21.63,,2,0,1,1,2,870,100,198,552,3130,5130,6698,5266,936,,,240,,256,,t3_psyward
standard,172,r4,red,adc,射手,shensheng,standard,1,3,3,1,13526,9480,9254,420.5,12.15,19.69,,2,0,1,2,2,770,42,114,1634,2930,5242,7434,5266,552,480,240,640,,256,,t3_shieldbreaker|t3_rendspear
standard,172,r5,red,sup,輔助,mingyunyindao,standard,1,0,3,1,5332,12211,9036,410.6,6.94,14.18,20.49,3,1,2,2,3,1287,399,906,455,3787,6099,7936,5266,128,,,240,,256,2045,t3_calmveil
standard,173,b1,blue,top,戰士,greymantle,standard,0,0,2,1,7940,24891,7054,320.5,10.86,20.48,,2,0,1,1,2,928,118,882,454,2978,4818,6482,5266,512,,240,400,,64,,t3_shieldbreaker|t3_finalstring
standard,173,b2,blue,jungle,刺客,yueying,standard,0,1,4,0,6656,12791,7740,351.7,10.84,20.33,,2,0,1,1,2,1392,242,1390,789,3322,4872,6970,5266,288,480,,,872,64,,t3_finalstring
standard,173,b3,blue,mid,法師,gambler,standard,0,3,5,0,16575,13453,8134,369.6,13.53,20.86,,2,0,1,1,2,782,96,822,484,3042,4546,6602,5266,592,480,,200,,64,,t3_psyward
standard,173,b4,blue,adc,射手,liangzicz,standard,0,2,2,1,8382,12036,8033,365,12.02,20.83,,2,0,1,1,2,738,333,973,233,2898,4333,6773,5266,320,480,,600,43,64,,t3_shieldbreaker|t3_rendspear
standard,173,b5,blue,sup,輔助,mingyun,standard,0,0,1,2,5034,15075,8937,406.1,8.35,14.63,19.54,3,1,2,3,3,759,347,257,476,3859,6227,7957,5266,208,,240,400,22,64,1756,t3_calmveil
standard,173,r1,red,top,戰士,greymantle,standard,1,5,0,0,11894,18111,9857,447.9,10.38,18.33,,2,0,1,2,2,970,428,1316,1556,3020,5428,8116,5266,770,1440,,320,,320,,t3_shieldbreaker|t3_finalstring
standard,173,r2,red,jungle,刺客,yueying,standard,1,2,2,2,8736,10987,9843,447.3,10.47,17.6,,2,0,1,2,2,1325,859,378,1513,3255,6139,8708,5266,154,960,240,720,1047,320,,t3_finalstring
standard,173,r3,red,mid,法師,gambler,standard,1,2,0,2,13906,11318,9182,417.2,12.74,21.04,,2,0,1,1,2,974,288,990,432,3234,5138,7490,5266,744,480,360,320,,320,,t3_psyward
standard,173,r4,red,adc,射手,liangzicz,standard,1,5,3,1,23204,8967,10334,469.6,11.23,19.61,21.91,3,0,1,2,3,802,286,164,334,2962,5186,8114,5266,608,960,240,720,,320,,t3_shieldbreaker|t3_rendspear
standard,173,r5,red,sup,輔助,mingyun,standard,1,0,1,1,3542,10851,8733,396.8,6.98,13.13,20.4,3,1,2,2,3,716,349,1003,732,3816,6229,8033,5266,186,,120,320,,320,1820,t3_calmveil
standard,174,b1,blue,top,戰士,ravager,standard,0,0,1,0,8336,18450,7358,359.1,11.17,18.98,,2,0,1,2,2,976,632,276,108,3026,4482,7226,5266,480,,,1400,,80,,t3_shieldbreaker|t3_finalstring
standard,174,b2,blue,jungle,刺客,yeiren,standard,0,1,4,0,4320,10079,7588,370.3,9.98,19.5,,2,1,1,2,2,398,600,369,107,3598,5450,7369,5266,208,480,,600,815,0,,t3_finalstring
standard,174,b3,blue,mid,法師,ronghuo,standard,0,2,3,1,11122,12256,7358,359.1,13.14,,,1,0,1,1,1,1038,268,746,878,3298,4818,7226,5266,680,960,240,,,80,,t3_psyward
standard,174,b4,blue,adc,射手,xingchen,standard,0,4,3,1,16383,10073,8521,415.8,11.7,18.56,,2,0,1,2,2,866,126,108,241,3026,5026,8388,5266,682,1920,240,200,,80,,t3_shieldbreaker|t3_rendspear
standard,174,b5,blue,sup,坦克,tixue,standard,0,1,0,1,4181,15063,8859,432.3,9.98,16.06,20.09,3,1,1,2,3,147,419,990,199,3747,5769,8670,5266,125,480,240,200,22,80,2256,t3_calmveil|t3_thornmail
standard,174,r1,red,top,戰士,ravager,standard,1,1,1,1,11555,17693,7985,389.7,11.17,19.51,,2,0,1,2,2,960,214,222,835,3010,4844,7372,5266,538,480,240,400,,448,,t3_shieldbreaker|t3_finalstring
standard,174,r2,red,jungle,刺客,yeiren,standard,1,3,3,0,6006,10152,9205,449.2,10.15,16.27,,2,0,1,2,2,1526,1070,913,825,3456,5750,8993,5266,146,1440,,400,1292,448,,t3_finalstring
standard,174,r3,red,mid,法師,ronghuo,standard,1,3,2,2,12026,9865,9270,452.4,11.93,16.34,,2,0,1,2,2,822,426,608,820,3082,6626,9058,5266,864,1440,480,800,,208,,t3_psyward
standard,174,r4,red,adc,射手,xingchen,standard,1,3,1,1,12273,7956,8326,406.3,11.88,19.68,,2,0,1,2,2,922,150,314,376,3082,4930,7634,5266,440,960,120,400,,448,,t3_shieldbreaker|t3_rendspear
standard,174,r5,red,sup,坦克,tixue,standard,1,1,1,3,4919,12942,9324,455,8.65,13.48,20.03,3,1,2,2,3,1031,241,1871,243,3931,6881,9111,5266,186,480,600,400,43,368,1767,t3_calmveil|t3_thornmail
standard,175,b1,blue,top,戰士,dadi2,standard,1,2,0,0,10560,17743,8132,398,12.53,17.72,,2,0,1,2,2,960,167,155,432,3010,5647,7855,5266,672,960,,573,,384,,t3_shieldbreaker|t3_finalstring
standard,175,b2,blue,jungle,刺客,duskblade,standard,1,1,1,0,4220,7828,7812,382.3,11.09,19.39,,2,0,1,2,2,1265,358,405,682,3195,5158,7535,5266,224,480,,373,808,384,,t3_finalstring
standard,175,b3,blue,mid,法師,gambler,standard,1,1,0,0,11588,10310,8081,395.5,10.99,19.43,,2,0,1,2,2,1352,194,254,531,3612,5644,7804,5266,834,480,,840,,384,,t3_psyward
standard,175,b4,blue,adc,射手,liangzi,standard,1,12,3,0,22990,9195,12940,633.3,11.19,16.25,19.18,3,0,1,3,3,778,687,2183,2460,2938,5767,12663,5266,480,5760,,773,,384,,t3_shieldbreaker|t3_rendspear
standard,175,b5,blue,sup,輔助,linghun,standard,1,0,0,3,4462,12273,8973,439.1,7.33,13.44,18.73,3,1,2,3,3,435,755,116,392,3835,6155,8696,5266,157,,720,240,43,384,1885,t3_calmveil
standard,175,r1,red,top,戰士,dadi2,standard,0,1,2,0,10744,21655,6988,342,11.28,,,1,0,1,1,1,1058,184,1391,1508,3108,5364,6871,5266,661,480,,400,,64,,t3_shieldbreaker|t3_finalstring
standard,175,r2,red,jungle,刺客,duskblade,standard,0,0,2,1,6636,9315,7088,346.9,10.23,19.01,,2,0,1,2,2,1376,350,321,437,3306,5150,6971,5266,213,,240,,1187,64,,t3_finalstring
standard,175,r3,red,mid,法師,gambler,standard,0,1,5,1,10601,11237,7137,349.3,13.18,19.18,,2,0,1,2,2,750,300,370,487,3010,4450,7020,5266,570,480,240,400,,64,,t3_psyward
standard,175,r4,red,adc,射手,liangzi,standard,0,2,4,0,8351,8786,7009,343,11.5,,,1,0,1,1,1,940,524,1060,1209,3100,4524,6860,5266,570,960,,,,64,,t3_shieldbreaker|t3_rendspear
standard,175,r5,red,sup,輔助,linghun,standard,0,0,3,0,4114,13246,8682,424.9,6.73,14.55,18.83,3,1,2,3,3,735,379,515,681,3835,5779,8515,5266,127,,,800,,64,2256,t3_calmveil
standard,176,b1,blue,top,戰士,ronggang,standard,0,0,2,0,10010,19676,6215,304.1,11.93,,,1,0,1,1,1,1024,178,498,614,3074,4578,6098,5266,624,,,,,208,,t3_shieldbreaker|t3_finalstring
standard,176,b2,blue,jungle,刺客,binghe,standard,0,3,5,0,7977,9998,8147,398.7,9.13,17.91,,2,1,1,2,2,395,159,430,66,3595,5739,8030,5266,288,1440,,,908,128,,t3_finalstring
standard,176,b3,blue,mid,法師,ronghuo,standard,0,0,1,0,11057,12149,6671,326.5,12.48,,,1,0,1,1,1,854,784,74,190,3114,4634,6554,5266,680,,,400,,208,,t3_psyward
standard,176,b4,blue,adc,射手,shengyan,standard,0,2,1,0,5947,9232,7551,369.5,11.74,20.13,,2,0,1,1,2,874,474,1634,170,3034,4954,7434,5266,600,960,,400,,208,,t3_shieldbreaker|t3_rendspear
standard,176,b5,blue,sup,輔助,shiguang,standard,0,0,1,1,5076,12899,8339,408.1,7.33,14.69,19.66,3,1,2,3,3,1391,235,190,338,3891,6115,8190,5266,304,,240,400,,208,1772,t3_calmveil
standard,176,r1,red,top,戰士,ronggang,standard,1,4,0,0,13834,19973,9001,440.5,11.03,17.42,,2,0,1,2,2,942,136,124,401,2992,5316,8724,5266,592,1920,,640,50,256,,t3_shieldbreaker|t3_finalstring
standard,176,r2,red,jungle,刺客,binghe,standard,1,1,1,3,9095,9842,8515,416.7,9.12,16.56,,2,1,1,2,2,737,883,508,785,3937,6463,8238,5266,240,480,600,240,1156,256,,t3_finalstring
standard,176,r3,red,mid,法師,ronghuo,standard,1,2,0,1,10760,9122,8631,422.4,12.54,19.03,,2,0,1,2,2,1166,452,772,300,3426,5602,8322,5266,560,960,240,1040,,256,,t3_psyward
standard,176,r4,red,adc,射手,shengyan,standard,1,3,3,1,8831,6504,8463,414.2,13.58,18.9,,2,0,1,2,2,770,318,866,512,2930,5698,8186,5266,464,1440,120,640,,256,,t3_shieldbreaker|t3_rendspear
standard,176,r5,red,sup,輔助,shiguang,standard,1,0,1,0,2798,9168,8474,414.7,9.71,13.83,19.47,3,1,2,3,3,355,195,447,773,3755,6075,8147,5266,128,,,240,,256,2256,t3_calmveil
standard,177,b1,blue,top,戰士,jingci,standard,0,3,5,0,13349,30436,9646,382.1,11.12,17.95,,2,0,1,2,2,1104,244,128,995,3154,5474,8178,5266,576,1440,,640,,256,,t3_shieldbreaker|t3_finalstring
standard,177,b2,blue,jungle,刺客,shanying,standard,0,0,4,2,5592,10744,8952,354.7,10.33,20.84,,2,0,1,1,2,1269,227,1059,572,3199,5077,6689,5266,192,,,240,735,256,,t3_finalstring
standard,177,b3,blue,mid,法師,gambler,standard,0,6,3,1,25622,16053,11598,459.5,9.81,17.45,24.8,3,1,1,2,3,216,300,216,747,4066,6050,8546,5266,704,1440,240,640,,256,,t3_psyward
standard,177,b4,blue,adc,射手,mirrorshot,standard,0,7,6,1,19484,11842,11294,447.4,10.8,20.07,23.81,3,0,1,1,3,1042,206,1730,393,3202,5586,7410,5266,568,960,120,240,,256,,t3_shieldbreaker|t3_rendspear
standard,177,b5,blue,sup,坦克,dadi,standard,0,1,2,5,8331,22325,11812,468,7.44,13.53,18.13,4,1,2,3,4,359,191,527,212,4259,6851,9427,5266,168,,840,640,,256,2256,t3_calmveil|t3_thornmail
standard,177,r1,red,top,戰士,jingci,standard,1,3,2,1,12084,25384,10843,429.6,10.03,18.59,,2,0,1,2,2,1272,112,320,2193,3322,5642,7770,5266,696,960,240,480,,128,,t3_shieldbreaker|t3_finalstring
standard,177,r2,red,jungle,刺客,shanying,standard,1,4,3,2,9885,12575,11902,471.5,8.68,18.38,23.43,3,1,1,2,3,511,1081,264,772,3711,5761,7744,5266,448,480,,80,1342,128,,t3_finalstring
standard,177,r3,red,mid,法師,gambler,standard,1,1,5,3,21603,14957,9019,357.3,13.27,23.47,,2,0,1,1,2,798,12,864,1189,3058,4562,6594,5266,640,480,,80,,128,,t3_psyward
standard,177,r4,red,adc,射手,mirrorshot,standard,1,10,5,0,28520,13053,13075,518,11.18,20.07,22.75,3,0,1,1,3,994,558,1610,1275,3154,4858,7410,5266,776,960,,280,,128,,t3_shieldbreaker|t3_rendspear
standard,177,r5,red,sup,坦克,dadi,standard,1,2,2,2,9564,23695,11515,456.2,8.11,14.04,20.16,3,1,2,2,3,919,695,1786,1535,3819,6595,9026,5266,192,480,480,680,,128,1800,t3_calmveil|t3_thornmail
standard,178,b1,blue,top,戰士,longyi,standard,0,2,0,1,11270,22615,8203,396,11.35,18.86,,2,0,1,2,2,944,16,244,152,2994,5546,7994,5266,584,960,240,800,,144,,t3_shieldbreaker|t3_finalstring
standard,178,b2,blue,jungle,刺客,dianguang,standard,0,1,4,1,6371,11527,7756,374.4,10.84,18.87,,2,0,1,2,2,1498,509,363,76,3428,5009,7563,5266,266,480,120,400,966,64,,t3_finalstring
standard,178,b3,blue,mid,法師,ronghuo,standard,0,0,4,1,10262,13292,6899,333,12.5,,,1,0,1,1,1,814,284,494,418,3074,4834,6674,5266,624,,240,400,,144,,t3_psyward
standard,178,b4,blue,adc,射手,hanbing,standard,0,3,2,1,12299,9000,8238,397.6,11.18,19.45,,2,0,1,2,2,1346,154,244,917,3506,5234,7564,5266,554,960,240,400,,144,,t3_shieldbreaker|t3_rendspear
standard,178,b5,blue,sup,坦克,ironclad,standard,0,1,3,1,6177,16539,8737,421.7,8.33,14.46,,2,1,2,2,2,1092,296,1205,1497,3992,6496,8445,5266,178,480,120,,,144,2256,t3_calmveil|t3_thornmail
standard,178,r1,red,top,戰士,longyi,standard,1,3,1,0,11573,18136,9166,442.4,11.06,17.89,,2,0,1,2,2,1099,819,763,516,3149,6349,8813,5266,848,1440,,960,43,256,,t3_shieldbreaker|t3_finalstring
standard,178,r2,red,jungle,刺客,dianguang,standard,1,4,0,1,9141,10864,9919,478.8,10.37,15.49,,2,0,1,2,2,1861,1273,1185,1538,3791,6903,9565,5266,194,1920,240,560,1128,256,,t3_finalstring
standard,178,r3,red,mid,法師,ronghuo,standard,1,3,3,1,16031,10774,8323,401.7,11.95,,,1,0,1,1,1,750,320,990,1822,3010,5650,7490,5266,608,960,240,160,,256,,t3_psyward
standard,178,r4,red,adc,射手,hanbing,standard,1,3,2,1,12947,7763,9065,437.6,12.53,19.74,,2,0,1,2,2,802,460,336,515,2962,4760,7656,5266,560,480,120,960,14,256,,t3_shieldbreaker|t3_rendspear
standard,178,r5,red,sup,坦克,ironclad,standard,1,0,1,3,5935,13885,8656,417.8,9.08,14.27,,2,1,2,2,2,1164,540,1063,1415,4064,6440,8303,5266,189,,600,160,,256,1831,t3_calmveil|t3_thornmail
standard,179,b1,blue,top,戰士,chichuan,standard,0,3,5,1,15824,30791,9491,385.4,11.34,18.33,,2,0,1,2,2,922,303,55,1460,2972,5303,7735,5266,549,1440,80,400,,0,,t3_shieldbreaker|t3_finalstring
standard,179,b2,blue,jungle,刺客,wuxing,standard,0,3,6,1,8778,12308,9834,399.4,9.85,18.22,24.53,3,1,1,2,3,68,157,329,84,3268,4957,7929,5266,314,960,240,,1148,0,,t3_finalstring
standard,179,b3,blue,mid,法師,haixiao,standard,0,3,3,3,18799,17903,9795,397.8,13.54,18.68,24.53,3,0,1,2,3,808,498,54,344,3068,5308,7484,5266,778,480,560,400,,0,,t3_psyward
standard,179,b4,blue,adc,射手,xuanfeng,standard,0,4,3,1,16913,13678,10057,408.4,12.45,18.97,24.3,3,0,1,2,3,749,413,281,156,2909,4413,7181,5266,512,480,80,800,43,0,,t3_shieldbreaker|t3_rendspear
standard,179,b5,blue,sup,輔助,xuemai,standard,0,0,5,1,5451,21636,9094,369.3,7.74,15.17,21.22,3,1,1,2,3,363,870,522,634,3763,5720,7552,5266,149,,,,,0,2136,t3_calmveil
standard,179,r1,red,top,戰士,chichuan,standard,1,14,0,1,30024,30978,15664,636.1,8.7,14.41,17.9,5,1,2,3,5,266,368,372,364,4066,7468,11172,5266,848,3840,120,640,,458,,t3_shieldbreaker|t3_finalstring
standard,179,r2,red,jungle,刺客,wuxing,standard,1,1,2,2,7494,10512,9996,405.9,9.22,18.18,24.22,3,1,1,2,3,227,904,1382,345,3427,5704,8032,5266,170,480,120,240,1296,458,,t3_finalstring
standard,179,r3,red,mid,法師,haixiao,standard,1,6,4,3,24039,16494,12328,500.6,13.59,18.2,23.1,3,0,1,2,3,1032,366,44,428,3292,5516,9324,5266,906,1440,720,640,,352,,t3_psyward
standard,179,r4,red,adc,射手,xuanfeng,standard,1,1,6,1,17637,9743,8349,339.1,11.35,23.02,,2,0,1,1,2,1010,54,610,399,3170,4834,6290,5266,352,,240,240,,192,,t3_shieldbreaker|t3_rendspear
standard,179,r5,red,sup,輔助,xuemai,standard,1,0,1,3,5465,16216,10734,435.9,11.31,13.44,21.08,3,0,2,2,3,1868,304,1500,1693,3848,6184,8530,5266,186,,480,240,,458,1898,t3_calmveil
standard,180,b1,blue,top,戰士,dushe,standard,0,0,3,0,10624,23159,8034,367.3,10.35,19.28,,2,0,1,2,2,1200,308,336,304,3250,5058,7466,5266,736,,,1400,,64,,t3_shieldbreaker|t3_finalstring
standard,180,b2,blue,jungle,刺客,voidrift,standard,0,0,2,0,5105,11139,7107,324.9,9.88,21.75,,2,1,1,1,2,128,195,822,107,3328,4875,6452,5266,344,,,,778,64,,t3_finalstring
standard,180,b3,blue,mid,法師,leiming,standard,0,4,3,1,18721,14730,8730,399.1,13.53,19.78,,2,0,1,2,2,814,184,552,600,3074,4514,7202,5266,592,960,120,200,,64,,t3_psyward
standard,180,b4,blue,adc,射手,phantom,standard,0,0,6,1,13887,10870,7250,331.4,11.76,21.38,,2,0,1,1,2,866,386,982,350,3026,4386,6482,5266,432,,120,600,,64,,t3_shieldbreaker|t3_rendspear
standard,180,b5,blue,sup,坦克,longji,standard,0,1,2,0,5647,19301,9381,428.8,8.42,15.11,20.72,3,1,1,2,3,323,549,851,420,3923,5899,8531,5266,264,480,,200,,64,2256,t3_calmveil|t3_thornmail
standard,180,r1,red,top,戰士,dushe,standard,1,6,0,1,17452,26380,11090,507,10.07,17.73,20.83,3,0,1,2,3,1904,296,556,1440,3954,5826,8306,5266,880,960,240,640,,320,,t3_shieldbreaker|t3_finalstring
standard,180,r2,red,jungle,刺客,voidrift,standard,1,2,1,3,7222,10606,9528,435.6,9.08,16.24,,2,1,1,2,2,811,1678,532,1148,4011,6358,8612,5266,376,960,240,240,1210,320,,t3_finalstring
standard,180,r3,red,mid,法師,leiming,standard,1,4,2,0,18177,11275,10034,458.7,11.01,19.11,,2,0,1,2,2,1310,240,860,1534,3570,5570,8410,5266,824,960,,1040,,320,,t3_psyward
standard,180,r4,red,adc,射手,phantom,standard,1,3,1,3,14454,9365,10050,459.4,11.43,18.78,,2,0,1,2,2,930,230,144,1150,3090,5610,8394,5266,688,960,120,1040,,320,,t3_shieldbreaker|t3_rendspear
standard,180,r5,red,sup,坦克,longji,standard,1,1,1,3,6068,18413,10347,473,9.32,13.05,19.25,3,1,2,3,3,1175,295,531,847,4075,6955,9131,5266,208,480,360,240,,320,2256,t3_calmveil|t3_thornmail
standard,181,b1,blue,top,戰士,fengbao,standard,0,3,6,0,13919,29115,9405,386.6,10.82,18.61,,2,0,1,2,2,928,302,298,804,2978,4882,7698,5266,496,960,,640,,336,,t3_shieldbreaker|t3_finalstring
standard,181,b2,blue,jungle,戰士,hunpo,standard,0,1,6,0,7430,11416,8585,352.9,13.82,21.38,,2,0,1,1,2,939,204,630,605,3149,5184,7080,5266,232,480,,240,606,256,,t3_psyward
standard,181,b3,blue,mid,法師,haixiao,standard,0,7,4,0,17909,14115,11871,488,12.75,17.85,23.25,3,0,1,2,3,958,432,898,841,3218,6932,9348,5266,706,2400,,640,,336,,t3_psyward
standard,181,b4,blue,adc,射手,yanfeng,standard,0,5,4,5,25081,9989,11893,488.9,11.54,17.05,22.23,3,0,1,2,3,906,1470,1858,512,3066,6370,8858,5266,576,960,1080,640,,336,,t3_shieldbreaker|t3_rendspear
standard,181,b5,blue,sup,坦克,thornwall,standard,0,0,1,2,7483,21599,9411,386.9,8.19,14.06,21.4,3,1,2,2,3,75,256,1004,310,3875,6536,8184,5266,197,,360,240,,336,1784,t3_calmveil|t3_thornmail
standard,181,r1,red,top,戰士,fengbao,standard,1,6,1,1,14096,25465,11624,477.9,10.68,18.37,21.69,3,0,1,2,3,992,305,311,824,3042,5485,8061,5266,672,1440,240,400,43,0,,t3_shieldbreaker|t3_finalstring
standard,181,r2,red,jungle,戰士,hunpo,standard,1,2,5,0,8483,14544,9474,389.5,12.73,20.97,,2,0,1,1,2,918,452,463,523,3128,4952,6893,5266,176,,,200,1091,160,,t3_psyward
standard,181,r3,red,mid,法師,haixiao,standard,1,1,3,2,16154,13831,9165,376.8,13.96,21.68,,2,0,1,1,2,710,576,326,464,2970,4426,6506,5266,680,,,400,,160,,t3_psyward
standard,181,r4,red,adc,射手,yanfeng,standard,1,11,7,0,31681,12093,13213,543.2,11.13,18.42,21.14,3,0,1,2,3,778,342,2010,1412,2938,5122,9010,5266,584,2400,,600,,160,,t3_shieldbreaker|t3_rendspear
standard,181,r5,red,sup,坦克,thornwall,standard,1,1,0,6,6717,23522,11298,464.5,9.3,14.78,19.93,3,1,2,3,3,295,363,75,1817,3795,6163,8655,5266,384,,480,400,,160,1965,t3_calmveil|t3_thornmail
standard,182,b1,blue,top,戰士,rongyan,standard,0,0,0,0,7071,16706,5663,300.3,11.38,,,1,0,1,,1,944,66,,363,2994,4466,,,,,,,,,,t3_shieldbreaker|t3_finalstring
standard,182,b2,blue,jungle,戰士,leimingcf,standard,0,1,3,0,7365,12366,6685,354.5,10.57,,,1,0,1,,1,1195,249,,1135,3195,4899,,,,,,,,,,t3_shieldbreaker|t3_finalstring
standard,182,b3,blue,mid,法師,leiming,standard,0,0,1,0,9029,9573,5519,292.7,13.11,,,1,0,1,,1,654,120,,139,2914,4450,,,,,,,,,,t3_psyward
standard,182,b4,blue,adc,射手,siwang,standard,0,0,3,0,10001,7658,5662,300.2,12.45,,,1,0,1,,1,818,310,,511,2978,4560,,,,,,,,,,t3_shieldbreaker|t3_rendspear
standard,182,b5,blue,sup,輔助,shengming,standard,0,0,1,0,3107,8857,7373,391,7.92,14.08,,2,1,2,,2,1279,159,,642,3779,5859,,,,,,,,,,t3_calmveil
standard,182,r1,red,top,戰士,rongyan,standard,1,4,1,0,10075,16559,8223,436.1,10.67,17.87,,2,0,1,,2,1088,278,,823,3138,5458,,,,,,,,,,t3_shieldbreaker|t3_finalstring
standard,182,r2,red,jungle,戰士,leimingcf,standard,1,1,0,3,5828,9928,8179,433.7,9.4,16.58,,2,1,1,,2,291,1097,,228,3391,6047,,,,,,,,,,t3_shieldbreaker|t3_finalstring
standard,182,r3,red,mid,法師,leiming,standard,1,2,0,0,11680,9937,7743,410.6,10.71,,,1,0,1,,1,926,508,,1243,3186,5538,,,,,,,,,,t3_psyward
standard,182,r4,red,adc,射手,siwang,standard,1,1,0,1,10115,7336,6775,359.3,11.28,,,1,0,1,,1,850,338,,1095,3010,4818,,,,,,,,,,t3_shieldbreaker|t3_rendspear
standard,182,r5,red,sup,輔助,shengming,standard,1,0,0,2,5623,10007,8164,432.9,7.22,13.74,,2,1,2,,2,775,283,,1133,3875,6163,,,,,,,,,,t3_calmveil
standard,183,b1,blue,top,戰士,embercoil,standard,1,2,3,2,18230,29203,10108,398.4,10.77,18.12,,2,0,1,2,2,984,302,143,1508,3034,4882,8143,5266,488,960,240,640,,549,,t3_shieldbreaker|t3_finalstring
standard,183,b2,blue,jungle,戰士,fengbao,standard,1,0,1,2,8157,14664,9478,373.5,9.51,18.79,,2,1,1,2,2,242,654,417,928,3342,5304,7467,5266,144,,360,240,908,549,,t3_shieldbreaker|t3_finalstring
standard,183,b3,blue,mid,法師,haixiao,standard,1,9,4,0,27466,15397,12855,506.6,11.88,19.13,24.73,3,0,1,2,3,966,368,532,1255,3226,5698,8082,5266,880,1440,,240,,256,,t3_psyward
standard,183,b4,blue,adc,射手,maestro,standard,1,12,5,1,36156,13249,15071,593.9,11.4,17.58,20.03,4,0,1,2,4,898,302,1486,1851,3058,5682,10386,5266,624,2880,240,1040,,336,,t3_shieldbreaker|t3_rendspear
standard,183,b5,blue,sup,輔助,fengshen,standard,1,0,0,5,7102,17304,11362,447.8,8.54,13.32,19.2,4,1,2,3,4,143,379,685,861,3843,6259,8685,5266,168,,600,240,,549,1861,t3_calmveil
standard,183,r1,red,top,戰士,embercoil,standard,0,3,2,1,14232,32099,10215,402.6,10.56,18.22,24.5,3,0,1,2,3,1392,498,898,315,3442,5378,8178,5266,672,1440,,800,,0,,t3_shieldbreaker|t3_finalstring
standard,183,r2,red,jungle,戰士,fengbao,standard,0,2,5,1,10047,20166,9994,393.8,9.57,18.11,24.43,3,1,1,2,3,239,1371,98,443,3339,5601,7628,5266,416,480,240,,1225,0,,t3_shieldbreaker|t3_finalstring
standard,183,r3,red,mid,法師,haixiao,standard,0,1,5,3,17975,15249,9311,366.9,12.25,21.27,,2,0,1,1,2,750,256,702,331,3010,5106,7202,5266,576,480,480,400,,0,,t3_psyward
standard,183,r4,red,adc,射手,maestro,standard,0,7,8,1,19437,12208,10855,427.8,12.3,21.5,,2,0,1,1,2,802,418,850,1955,2962,4418,6530,5266,544,480,240,,,0,,t3_shieldbreaker|t3_rendspear
standard,183,r5,red,sup,輔助,fengshen,standard,0,0,3,2,11273,19029,10479,413,7.97,14.75,20.58,3,1,2,2,3,1327,283,683,1248,3827,6163,7713,5266,288,,,400,,0,1759,t3_calmveil
standard,184,b1,blue,top,戰士,cinderfist,standard,0,0,1,0,8310,14704,5368,288.7,11.58,,,1,0,1,,1,912,252,,317,2962,4402,,,,,,,,,,t3_shieldbreaker|t3_finalstring
standard,184,b2,blue,jungle,戰士,anliuyouXia,standard,0,0,2,1,6700,11610,6432,346,10.73,,,1,0,1,,1,1223,752,,832,3223,4852,,,,,,,,,,t3_shieldbreaker|t3_finalstring
standard,184,b3,blue,mid,法師,leiming,standard,0,0,2,0,10680,11340,5776,310.7,12.66,,,1,0,1,,1,894,840,,265,3154,4690,,,,,,,,,,t3_psyward
standard,184,b4,blue,adc,射手,liuxing,standard,0,2,1,0,10063,7709,6786,365,13.14,,,1,0,1,,1,716,308,,1106,2876,4908,,,,,,,,,,t3_shieldbreaker|t3_rendspear
standard,184,b5,blue,sup,坦克,suishan,standard,0,0,1,1,3215,13499,7412,398.7,8.39,15.44,,2,1,1,,2,275,643,,612,3875,5993,,,,,,,,,,t3_calmveil|t3_thornmail
standard,184,r1,red,top,戰士,cinderfist,standard,1,4,0,0,10604,17177,7994,430,10.87,17.13,,2,0,1,,2,952,698,,544,3002,6228,,,,,,,,,,t3_shieldbreaker|t3_finalstring
standard,184,r2,red,jungle,戰士,anliuyouXia,standard,1,0,0,3,6393,9831,6949,373.8,10.89,,,1,0,1,,1,1200,432,,1468,3200,5612,,,,,,,,,,t3_shieldbreaker|t3_finalstring
standard,184,r3,red,mid,法師,leiming,standard,1,1,1,3,12841,9545,7362,396,12.29,,,1,0,1,,1,806,410,,1162,3066,5260,,,,,,,,,,t3_psyward
standard,184,r4,red,adc,射手,liuxing,standard,1,1,0,0,11911,6483,7176,386,11.39,,,1,0,1,,1,946,306,,1495,3106,5986,,,,,,,,,,t3_shieldbreaker|t3_rendspear
standard,184,r5,red,sup,坦克,suishan,standard,1,1,1,1,4014,13254,8126,437.1,9.03,15.09,,2,1,1,,2,855,1205,,885,3755,6555,,,,,,,,,,t3_calmveil|t3_thornmail
standard,185,b1,blue,top,戰士,leimingcf,standard,0,0,1,0,7088,18700,6022,322.5,11.06,,,1,0,1,,1,968,758,,422,3018,4858,,,,,,,,,,t3_shieldbreaker|t3_finalstring
standard,185,b2,blue,jungle,戰士,embercoil,standard,0,0,2,0,4999,9947,6292,336.9,10.21,,,1,0,1,,1,1237,349,,742,3237,4999,,,,,,,,,,t3_shieldbreaker|t3_finalstring
standard,185,b3,blue,mid,法師,mingyun2,standard,0,0,4,2,7971,11008,6046,323.8,13.3,,,1,0,1,,1,702,152,,666,2962,4482,,,,,,,,,,t3_psyward
standard,185,b4,blue,adc,射手,shensheng,standard,0,2,2,0,9558,7870,6800,364.1,12.7,17.85,,2,0,1,,2,1445,189,,229,3125,4739,,,,,,,,,,t3_shieldbreaker|t3_rendspear
standard,185,b5,blue,sup,輔助,mingyunyindao,standard,0,0,3,0,3701,11025,7608,407.4,9.34,13.92,,2,1,2,,2,443,559,,577,3843,6259,,,,,,,,,,t3_calmveil
standard,185,r1,red,top,戰士,leimingcf,standard,1,4,0,1,8050,15239,9154,490.2,10.18,15.52,,2,0,1,,2,1056,1342,,554,3106,6822,,,,,,,,,,t3_shieldbreaker|t3_finalstring
standard,185,r2,red,jungle,戰士,embercoil,standard,1,6,0,1,11064,11209,10105,541.1,10.23,15.87,,2,0,1,,2,1300,2122,,1554,3300,6172,,,,,,,,,,t3_shieldbreaker|t3_finalstring
standard,185,r3,red,mid,法師,mingyun2,standard,1,0,1,2,9600,9160,6738,360.8,12.29,,,1,0,1,,1,830,240,,538,3090,5270,,,,,,,,,,t3_psyward
standard,185,r4,red,adc,射手,shensheng,standard,1,2,1,1,11601,7221,7450,398.9,11.8,,,1,0,1,,1,818,322,,1770,2978,5102,,,,,,,,,,t3_shieldbreaker|t3_rendspear
standard,185,r5,red,sup,輔助,mingyunyindao,standard,1,0,0,3,3465,10051,8905,476.8,7.34,13.5,18.34,3,1,2,,3,695,847,,424,3795,6247,,,,,,,,,,t3_calmveil
standard,186,b1,blue,top,戰士,jufeng,standard,0,0,4,0,7277,27883,7751,320.5,10.93,18.57,,2,0,1,2,2,976,152,296,370,3026,4802,6546,5266,480,,,640,,160,,t3_shieldbreaker|t3_finalstring
standard,186,b2,blue,jungle,戰士,hunpo,standard,0,0,8,1,7122,13470,7978,329.9,12.87,21.91,,2,0,1,1,2,829,457,624,727,3039,4907,6424,5266,184,,,240,734,0,,t3_psyward
standard,186,b3,blue,mid,法師,bingshuang,standard,0,0,7,2,14531,15708,7655,316.5,13.16,24.08,,2,0,1,1,2,606,26,250,54,2866,4826,6410,5266,504,,240,240,,160,,t3_psyward
standard,186,b4,blue,adc,射手,liangzicz,standard,0,8,8,0,26585,11777,12047,498.1,11.23,18.75,22.15,3,0,1,2,3,890,586,272,446,3050,5786,8522,5266,616,1440,,1040,,160,,t3_shieldbreaker|t3_rendspear
standard,186,b5,blue,sup,輔助,mingyun,standard,0,0,6,3,4945,20207,9537,394.4,8.49,13.1,18.69,3,1,2,3,3,639,210,260,496,3739,6390,8260,5266,104,,480,240,43,160,1967,t3_calmveil
standard,186,r1,red,top,戰士,jufeng,standard,1,8,2,1,14048,26315,12527,518,10.09,14.93,20.55,3,0,2,2,3,1944,298,1842,1126,3994,7098,10442,5266,456,3360,240,800,,320,,t3_shieldbreaker|t3_finalstring
standard,186,r2,red,jungle,戰士,hunpo,standard,1,11,1,2,15920,12609,14306,591.6,10.09,16.52,22.37,4,0,1,2,4,1678,308,2662,1056,3888,6708,11962,5266,540,4800,320,,716,320,,t3_psyward
standard,186,r3,red,mid,法師,bingshuang,standard,1,6,4,3,21777,15963,12119,501.1,13.32,20.14,22.91,3,0,1,1,3,894,38,1520,268,3154,5138,7970,5266,704,480,600,600,,320,,t3_psyward
standard,186,r4,red,adc,射手,liangzicz,standard,1,8,1,4,29086,9908,12503,517,10.83,19.58,21.94,3,0,1,2,3,1026,154,254,1602,3186,5834,7874,5266,688,960,440,200,,320,,t3_shieldbreaker|t3_rendspear
standard,186,r5,red,sup,輔助,mingyun,standard,1,0,0,8,6676,15365,11925,493.1,7.19,14.12,18.27,4,1,2,3,4,1691,579,1340,1224,4191,6759,9920,5266,172,,1520,800,,320,1842,t3_calmveil
standard,187,b1,blue,top,戰士,ronggang,standard,0,1,5,0,9463,24944,8087,349.6,11.09,17.7,,2,0,1,2,2,928,664,270,707,2978,5314,7170,5266,560,480,,800,,64,,t3_shieldbreaker|t3_finalstring
standard,187,b2,blue,jungle,戰士,ravager,standard,0,1,2,0,6199,15499,7780,336.3,10.81,17.28,,2,0,1,2,2,1122,483,1012,279,3122,4783,6912,5266,80,480,,,1022,64,,t3_shieldbreaker|t3_finalstring
standard,187,b3,blue,mid,法師,mingyun2,standard,0,0,4,1,17371,15279,7687,332.3,12.63,20.43,,2,0,1,1,2,1022,572,1432,37,3282,4722,6812,5266,842,,240,400,,64,,t3_psyward
standard,187,b4,blue,adc,射手,leiting,standard,0,2,5,0,12368,11543,8110,350.6,11.89,20.3,,2,0,1,1,2,770,412,1036,429,2930,4362,6186,5266,456,,,400,,64,,t3_shieldbreaker|t3_rendspear
standard,187,b5,blue,sup,坦克,tixue,standard,0,0,4,1,5761,20662,9554,413,8.11,15.23,19.56,3,1,1,3,3,243,869,208,594,3843,6219,8408,5266,205,,,800,,64,2072,t3_calmveil|t3_thornmail
standard,187,r1,red,top,戰士,ronggang,standard,1,7,0,0,11980,22835,11724,506.8,9.22,17.68,21.98,3,1,1,2,3,804,840,356,694,3954,6370,8706,5266,512,1440,,1040,,448,,t3_shieldbreaker|t3_finalstring
standard,187,r2,red,jungle,戰士,ravager,standard,1,5,0,4,11668,12916,11765,508.6,9.69,16.02,21.23,3,1,1,2,3,167,2217,1140,364,4447,7397,9740,5266,88,1920,480,240,1297,448,,t3_shieldbreaker|t3_finalstring
standard,187,r3,red,mid,法師,mingyun2,standard,1,4,2,2,23417,12344,10367,448.1,12.63,20.72,,2,0,1,1,2,782,286,1448,967,3042,5436,7948,5266,634,960,,640,,448,,t3_psyward
standard,187,r4,red,adc,射手,leiting,standard,1,2,2,1,13615,9195,9383,405.6,10.82,19.13,,2,0,1,2,2,850,294,184,833,3010,5074,7804,5266,730,480,240,640,,448,,t3_shieldbreaker|t3_rendspear
standard,187,r5,red,sup,坦克,tixue,standard,1,2,0,3,7294,17749,11490,496.7,7.91,14.28,19.04,3,1,2,3,3,367,388,291,1509,4267,7168,9671,5266,114,480,480,640,,448,2242,t3_calmveil|t3_thornmail
standard,188,b1,blue,top,戰士,jingci,standard,0,1,1,1,16658,30998,8823,341.4,10.38,20.23,,2,0,1,1,2,1040,168,1466,173,3090,4498,6996,5266,586,480,120,400,,144,,t3_shieldbreaker|t3_finalstring
standard,188,b2,blue,jungle,戰士,xueyue,standard,0,1,5,1,13884,22368,9110,352.5,9.78,18.83,,2,1,1,2,2,92,299,132,509,3192,5179,7232,5266,410,480,120,200,691,64,,t3_shieldbreaker|t3_finalstring
standard,188,b3,blue,mid,法師,bingshuang,standard,0,6,5,1,26412,18943,11972,463.3,11.79,19.33,25.11,3,0,1,2,3,1214,628,288,942,3474,5178,8738,5266,1168,1440,120,600,,144,,t3_psyward
standard,188,b4,blue,adc,射手,liangzi,standard,0,8,7,1,28565,14004,11980,463.6,11.88,19.43,24.17,3,0,1,2,3,754,134,402,1200,2914,4434,7402,5266,512,960,120,400,,144,,t3_shieldbreaker|t3_rendspear
standard,188,b5,blue,sup,坦克,tieshixin,standard,0,1,2,3,8681,25249,10699,414,7.33,13.63,19.97,3,1,2,3,3,487,607,240,718,4387,6507,8840,5266,266,480,480,400,,144,1803,t3_calmveil|t3_thornmail
standard,188,r1,red,top,戰士,jingci,standard,1,4,1,0,21048,34153,10879,421,9.42,16.54,23.16,3,1,1,2,3,200,580,222,449,4050,5810,8572,5266,1098,1440,,640,,128,,t3_shieldbreaker|t3_finalstring
standard,188,r2,red,jungle,戰士,xueyue,standard,1,4,3,3,18654,19188,12045,466.1,9.96,16.23,21.16,3,1,1,2,3,189,1170,1048,644,3989,6650,9648,5266,288,1920,480,240,1326,128,,t3_shieldbreaker|t3_finalstring
standard,188,r3,red,mid,法師,bingshuang,standard,1,5,6,1,27002,16543,11479,444.2,12.54,19.38,25.23,3,0,1,2,3,870,212,182,929,3130,4762,7732,5266,978,480,240,640,,128,,t3_psyward
standard,188,r4,red,adc,射手,liangzi,standard,1,5,7,0,22912,11078,11183,432.8,11.88,21.73,25.11,3,0,1,1,3,898,134,876,883,3058,4434,6556,5266,522,,,640,,128,,t3_shieldbreaker|t3_rendspear
standard,188,r5,red,sup,坦克,tieshixin,standard,1,2,0,2,9527,23388,11750,454.7,8.5,14.85,18.92,4,1,2,3,4,903,67,195,450,3803,6267,9275,5266,184,960,240,240,,128,2256,t3_calmveil|t3_thornmail
standard,189,b1,blue,top,戰士,longyi,standard,0,2,1,0,9224,19043,7519,368.1,11.5,20.27,,2,0,1,1,2,944,232,1844,119,2994,4812,7324,5266,634,960,,400,,64,,t3_shieldbreaker|t3_finalstring
standard,189,b2,blue,jungle,戰士,jufeng,standard,0,1,2,0,7218,14178,7080,346.6,10.43,,,1,0,1,1,1,1274,456,740,1530,3274,4806,6290,5266,304,,,,656,64,,t3_shieldbreaker|t3_finalstring
standard,189,b3,blue,mid,法師,mingyun2,standard,0,0,2,1,7673,12001,7332,359,12.63,,,1,0,1,1,1,902,1272,238,832,3162,5122,6738,5266,768,,240,400,,64,,t3_psyward
standard,189,b4,blue,adc,射手,shengyan,standard,0,2,1,1,10791,9399,7260,355.5,11.7,,,1,0,1,1,1,770,866,1346,1460,2930,4866,7146,5266,416,960,240,200,,64,,t3_shieldbreaker|t3_rendspear
standard,189,b5,blue,sup,輔助,huanjing,standard,0,0,1,1,4169,11239,8223,402.6,8.07,14.42,18.88,3,1,2,3,3,767,470,328,522,3867,5870,8028,5266,213,,240,200,22,64,2022,t3_calmveil
standard,189,r1,red,top,戰士,longyi,standard,1,0,1,0,9326,19922,7572,370.7,11.03,19.54,,2,0,1,2,2,912,98,198,172,2962,4978,7298,5266,560,,,1120,,352,,t3_shieldbreaker|t3_finalstring
standard,189,r2,red,jungle,戰士,jufeng,standard,1,5,0,0,10895,11301,10107,494.8,9.2,16.18,19.75,3,1,1,3,3,531,1163,282,556,3631,6293,9832,5266,400,2400,,320,1094,352,,t3_shieldbreaker|t3_finalstring
standard,189,r3,red,mid,法師,mingyun2,standard,1,1,0,2,11197,11076,8012,392.3,12.3,20.17,,2,0,1,1,2,766,224,758,462,3026,5074,7258,5266,640,,480,520,,352,,t3_psyward
standard,189,r4,red,adc,射手,shengyan,standard,1,1,1,0,13390,7649,7892,386.4,11.36,19.02,,2,0,1,2,2,714,210,554,892,2874,4810,7554,5266,536,480,,920,,352,,t3_shieldbreaker|t3_rendspear
standard,189,r5,red,sup,輔助,huanjing,standard,1,0,3,0,4844,10344,8519,417.1,6.98,13.14,18.86,3,1,2,3,3,419,867,503,38,3819,6267,8203,5266,168,,,320,,192,2256,t3_calmveil
standard,190,b1,blue,top,戰士,chichuan,standard,0,0,1,0,10665,22626,6940,345.7,10.53,,,1,0,1,1,1,1072,276,1389,1409,3122,5026,6919,5266,661,,,800,,192,,t3_shieldbreaker|t3_finalstring
standard,190,b2,blue,jungle,戰士,kuangfeng,standard,0,0,1,0,5651,11239,6977,347.6,10.72,20.02,,2,0,1,1,2,1265,208,1477,177,3265,5088,6957,5266,282,,,,1216,192,,t3_shieldbreaker|t3_finalstring
standard,190,b3,blue,mid,法師,bingshuang,standard,0,1,1,0,9557,11392,7084,352.9,11.78,,,1,0,1,1,1,1262,140,563,583,3522,5170,7063,5266,725,480,,400,,192,,t3_psyward
standard,190,b4,blue,adc,射手,mirrorshot,standard,0,1,2,0,11326,8875,6961,346.8,10.33,,,1,0,1,1,1,932,91,1260,1281,3092,4871,6940,5266,802,480,,200,,192,,t3_shieldbreaker|t3_rendspear
standard,190,b5,blue,sup,坦克,dadi,standard,0,0,0,0,2975,18626,9018,449.2,9.06,14.62,19.12,3,1,2,3,3,1037,274,388,417,3937,6174,8988,5266,215,,,1000,57,192,2256,t3_calmveil|t3_thornmail
standard,190,r1,red,top,戰士,chichuan,standard,1,0,1,0,7873,16703,7244,360.8,11.48,,,1,0,1,1,1,1045,513,1693,1713,3095,5143,7223,5266,661,,,1040,,256,,t3_shieldbreaker|t3_finalstring
standard,190,r2,red,jungle,戰士,kuangfeng,standard,1,1,0,1,6329,10532,8324,414.6,10.5,17.26,,2,0,1,2,2,1216,734,303,323,3216,6214,8303,5266,234,480,120,640,1306,256,,t3_shieldbreaker|t3_finalstring
standard,190,r3,red,mid,法師,bingshuang,standard,1,4,0,1,15264,9419,9049,450.8,12.78,,,1,0,1,1,1,742,132,2528,2549,3002,5162,9028,5266,706,1920,240,640,,256,,t3_psyward
standard,190,r4,red,adc,射手,mirrorshot,standard,1,0,1,3,17495,7317,7433,370.3,11.98,19.58,,2,0,1,2,2,706,178,412,433,2866,4658,7412,5266,650,,600,640,,256,,t3_shieldbreaker|t3_rendspear
standard,190,r5,red,sup,坦克,dadi,standard,1,0,0,2,4342,14160,8867,441.7,10.92,15.48,,2,0,1,2,2,2201,815,1597,1626,3781,6165,8837,5266,178,,240,640,,256,2256,t3_calmveil|t3_thornmail
standard,191,b1,blue,top,戰士,xueyue,standard,0,2,3,0,18863,30695,10348,378.8,11.83,18.72,25.32,3,0,1,2,3,944,408,238,97,2994,5458,7388,5266,656,480,,720,,266,,t3_shieldbreaker|t3_finalstring
standard,191,b2,blue,jungle,戰士,tielian,standard,0,0,4,1,11438,20292,9503,347.9,10.57,20.43,,2,0,1,1,2,1269,1451,1479,903,3269,5251,6959,5266,328,,,320,778,266,,t3_shieldbreaker|t3_finalstring
standard,191,b3,blue,mid,法師,lieyan,standard,0,5,9,0,23735,18105,10772,394.3,13.13,21.02,,2,0,1,1,2,718,916,342,1371,2978,5466,6842,5266,616,480,,320,,160,,t3_psyward
standard,191,b4,blue,adc,射手,hanbing,standard,0,6,6,2,28838,13028,12279,449.5,12.32,20.97,24.62,3,0,1,1,3,810,469,1216,478,2970,4949,6896,5266,440,480,240,320,43,106,,t3_shieldbreaker|t3_rendspear
standard,191,b5,blue,sup,坦克,ironclad,standard,0,0,3,1,9214,24272,10912,399.4,10.31,14.46,21.18,3,0,2,2,3,2239,327,963,931,3819,6227,8203,5266,200,,,320,,160,2256,t3_calmveil|t3_thornmail
standard,191,r1,red,top,戰士,xueyue,standard,1,3,1,0,25121,38518,11561,423.2,9.66,17.69,22.47,3,1,1,2,3,164,964,224,710,3314,5714,8274,5266,912,1440,,400,,256,,t3_shieldbreaker|t3_finalstring
standard,191,r2,red,jungle,戰士,tielian,standard,1,5,0,0,13207,16587,12578,460.4,8.23,16.78,24.3,3,1,1,2,3,163,930,1579,1177,4443,6410,8679,5266,440,1440,,,1276,256,,t3_shieldbreaker|t3_finalstring
standard,191,r3,red,mid,法師,lieyan,standard,1,4,5,1,18934,17275,11881,434.9,12.35,19.87,25.43,3,0,1,2,3,766,352,196,850,3026,5202,7746,5266,704,480,240,800,,256,,t3_psyward
standard,191,r4,red,adc,射手,hanbing,standard,1,12,6,0,31383,14196,14281,522.8,11.13,20.03,23.51,4,0,1,1,4,962,446,1994,1060,3122,4746,7674,5266,512,1440,,200,,256,,t3_shieldbreaker|t3_rendspear
standard,191,r5,red,sup,坦克,ironclad,standard,1,1,1,5,11575,25790,13513,494.7,8.39,15.25,19.76,4,1,1,3,4,943,973,423,1313,3843,6323,9923,5266,184,480,480,1000,,256,2256,t3_calmveil|t3_thornmail
standard,192,b1,blue,top,戰士,langwang,standard,1,0,3,0,9827,25861,7240,331.1,11.16,21.51,,2,0,1,1,2,960,174,1082,440,3010,4754,6562,5266,480,,,560,,256,,t3_shieldbreaker|t3_finalstring
standard,192,b2,blue,jungle,刺客,duskblade,standard,1,1,4,0,3565,9782,8233,376.5,9.53,19.46,,2,1,1,2,2,220,618,365,1102,3420,5248,7015,5266,160,,,160,1173,256,,t3_finalstring
standard,192,b3,blue,mid,法師,shikong,standard,1,1,5,0,12282,12919,7384,337.7,12.22,,,1,0,1,1,1,830,236,310,884,3090,4786,6210,5266,528,,,160,,256,,t3_psyward
standard,192,b4,blue,adc,射手,xuanfeng,standard,1,3,5,0,13986,9735,9347,427.4,12.21,19.47,,2,0,1,2,2,940,408,852,496,3100,5788,8172,5266,730,960,,960,,256,,t3_shieldbreaker|t3_rendspear
standard,192,b5,blue,sup,輔助,xuemai,standard,1,0,1,1,4347,15869,9042,413.5,7.08,13.55,18.9,3,1,2,3,3,528,352,160,462,3928,6232,8140,5266,277,,,560,,256,1780,t3_calmveil
standard,192,r1,red,top,戰士,langwang,standard,0,7,0,1,11635,21881,11067,506.1,10.8,15.49,20.18,3,0,1,2,3,1520,853,973,987,3570,6333,9573,5266,672,2400,120,880,43,192,,t3_shieldbreaker|t3_finalstring
standard,192,r2,red,jungle,刺客,duskblade,standard,0,1,1,4,8476,11074,8474,387.5,8.13,16.96,,2,1,1,2,2,840,233,509,143,4040,5813,7939,5266,160,480,720,80,1041,192,,t3_finalstring
standard,192,r3,red,mid,法師,shikong,standard,0,5,1,0,16223,12599,9616,439.8,12.99,18.65,,2,0,1,2,2,854,228,304,1116,3114,4778,8154,5266,976,1440,,280,,192,,t3_psyward
standard,192,r4,red,adc,射手,xuanfeng,standard,0,5,3,2,18210,9653,10024,458.4,11.82,18.17,,2,0,1,2,2,706,290,910,1124,2866,4770,8530,5266,512,1440,240,880,,192,,t3_shieldbreaker|t3_rendspear
standard,192,r5,red,sup,輔助,xuemai,standard,0,0,0,4,4554,11231,9056,414.1,8.2,14.48,20.24,3,1,2,2,3,323,379,1523,475,3723,5779,8553,5266,240,,600,280,,192,1975,t3_calmveil
standard,193,b1,blue,top,戰士,kuangfeng,standard,0,0,4,0,9271,24086,7110,315,10.87,21.55,,2,0,1,1,2,1088,146,722,510,3138,4546,6322,5266,656,,,400,,0,,t3_shieldbreaker|t3_finalstring
standard,193,b2,blue,jungle,刺客,binghe,standard,0,1,8,0,3234,11376,7558,334.8,10.69,20.24,,2,0,1,1,2,1102,507,1106,7,3032,5137,6686,5266,176,480,,,764,0,,t3_finalstring
standard,193,b3,blue,mid,法師,lieyan,standard,0,2,2,1,13412,15277,8238,364.9,12.37,18.87,,2,0,1,2,2,878,392,200,538,3138,5122,7330,5266,864,960,240,,,0,,t3_psyward
standard,193,b4,blue,adc,射手,dawnstrike,standard,0,1,4,0,13450,12395,7146,316.5,11.48,20.74,,2,0,1,1,2,797,503,1087,245,2957,4333,6237,5266,448,480,,,43,0,,t3_shieldbreaker|t3_rendspear
standard,193,b5,blue,sup,輔助,zhanchang,standard,0,0,4,0,4949,18267,8796,389.6,7.78,14.53,19.22,3,1,2,3,3,679,331,403,335,3779,5731,8103,5266,128,,,800,,0,1909,t3_calmveil
standard,193,r1,red,top,戰士,kuangfeng,standard,1,11,0,1,22806,22639,14014,620.8,10.51,15.56,18.75,3,0,1,3,3,1248,1378,950,2614,3298,6858,11450,5266,840,3840,240,800,,464,,t3_shieldbreaker|t3_finalstring
standard,193,r2,red,jungle,刺客,binghe,standard,1,3,1,2,6951,12565,10536,466.7,8.5,15.01,,2,1,1,2,2,69,1462,795,2206,3919,7042,9125,5266,160,1440,240,400,1154,464,,t3_finalstring
standard,193,r3,red,mid,法師,lieyan,standard,1,3,3,1,12964,11905,9542,422.7,11.51,20.68,,2,0,1,1,2,1102,300,958,562,3362,5330,7458,5266,688,480,240,400,,384,,t3_psyward
standard,193,r4,red,adc,射手,dawnstrike,standard,1,5,0,2,20510,8917,10918,483.7,11.05,19.85,22.27,3,0,1,2,3,850,218,248,438,3010,4818,8498,5266,488,1440,240,600,,464,,t3_shieldbreaker|t3_rendspear
standard,193,r5,red,sup,輔助,zhanchang,standard,1,0,0,2,4488,10812,10622,470.5,7.82,12.99,17.83,3,1,2,3,3,1311,519,337,1581,3811,6219,9377,5266,160,,240,1000,,464,2247,t3_calmveil
standard,194,b1,blue,top,戰士,greymantle,standard,0,1,2,0,8835,16795,6192,345.8,10.92,,,1,0,1,,1,960,348,,542,3010,4498,,,,,,,,,,t3_shieldbreaker|t3_finalstring
standard,194,b2,blue,jungle,刺客,jueying,standard,0,0,4,1,3391,7567,6182,345.2,10.07,,,1,0,1,,1,1482,61,,851,3412,5041,,,,,,,,,,t3_finalstring
standard,194,b3,blue,mid,法師,shikong,standard,0,0,2,0,8054,10378,5592,312.3,12.9,,,1,0,1,,1,1022,296,,562,3282,4746,,,,,,,,,,t3_psyward
standard,194,b4,blue,adc,射手,yanfeng,standard,0,1,0,0,6403,7471,6512,363.6,11.48,,,1,0,1,,1,874,350,,712,3034,5250,,,,,,,,,,t3_shieldbreaker|t3_rendspear
standard,194,b5,blue,sup,坦克,stoneguard,standard,0,0,1,0,3265,11091,7288,407,7.49,15.67,,2,1,1,,2,999,773,,488,3899,6123,,,,,,,,,,t3_calmveil|t3_thornmail
standard,194,r1,red,top,戰士,greymantle,standard,1,3,0,0,9475,15341,7856,438.7,10.07,16.83,,2,0,1,,2,1544,408,,406,3594,5938,,,,,,,,,,t3_shieldbreaker|t3_finalstring
standard,194,r2,red,jungle,刺客,jueying,standard,1,3,2,1,4628,6942,8371,467.4,8.66,15.87,,2,1,1,,2,875,1687,,591,4075,7317,,,,,,,,,,t3_finalstring
standard,194,r3,red,mid,法師,shikong,standard,1,0,0,0,7772,8867,7019,391.9,12.18,,,1,0,1,,1,798,80,,818,3058,5410,,,,,,,,,,t3_psyward
standard,194,r4,red,adc,射手,yanfeng,standard,1,2,0,1,10179,5908,7051,393.7,11.68,,,1,0,1,,1,674,314,,1370,2834,5394,,,,,,,,,,t3_shieldbreaker|t3_rendspear
standard,194,r5,red,sup,坦克,stoneguard,standard,1,1,0,3,4070,9811,8883,496,8.15,13.31,,2,1,2,,2,1135,351,,1642,4035,7131,,,,,,,,,,t3_calmveil|t3_thornmail
standard,195,b1,blue,top,戰士,cinderfist,standard,0,3,2,1,17444,28167,9486,408.7,9.93,19.47,,2,1,1,2,2,20,318,292,885,3170,5498,7092,5266,768,480,120,160,,298,,t3_shieldbreaker|t3_finalstring
standard,195,b2,blue,jungle,刺客,anye,standard,0,0,4,1,7349,10835,7785,335.4,11.03,19.64,,2,0,1,2,2,1237,999,99,234,3167,5329,6749,5266,285,,240,160,605,192,,t3_finalstring
standard,195,b3,blue,mid,法師,lieyan,standard,0,4,4,2,16129,13089,9966,429.4,12.58,18.18,,2,0,1,2,2,984,158,214,1335,3244,5908,8244,5266,786,1440,,560,,192,,t3_psyward
standard,195,b4,blue,adc,射手,siwang,standard,0,6,8,0,13388,11257,10910,470.1,12.23,18.89,22.63,3,0,1,2,3,964,392,625,909,3124,5172,8575,5266,610,1440,,960,,298,,t3_shieldbreaker|t3_rendspear
standard,195,b5,blue,sup,輔助,shengming,standard,0,0,2,3,6435,15622,9590,413.2,8.32,13.26,18.71,3,1,2,3,3,156,36,607,1149,3856,6216,8307,5266,205,,120,160,,298,2256,t3_calmveil
standard,195,r1,red,top,戰士,cinderfist,standard,1,5,0,0,17197,26599,11158,480.8,10.73,16.89,20.83,3,0,1,2,3,976,358,279,1257,3026,5538,8279,5266,816,1440,,533,,224,,t3_shieldbreaker|t3_finalstring
standard,195,r2,red,jungle,刺客,anye,standard,1,1,2,1,7551,11982,9027,388.9,9.84,17.94,,2,1,1,2,2,57,1018,446,696,3257,5648,7696,5266,448,480,240,,1037,224,,t3_finalstring
standard,195,r3,red,mid,法師,lieyan,standard,1,2,3,0,11354,12869,8678,373.9,12.63,,,1,0,1,1,1,798,124,463,2177,3058,4674,6663,5266,720,480,,133,,64,,t3_psyward
standard,195,r4,red,adc,射手,siwang,standard,1,11,6,0,20029,10967,12619,543.7,10.5,17.95,20.5,3,0,1,2,3,1218,486,2820,819,3378,4786,10140,5266,410,3840,,400,,224,,t3_shieldbreaker|t3_rendspear
standard,195,r5,red,sup,輔助,shengming,standard,1,1,2,2,8599,17514,10850,467.5,7.28,13.19,17.32,4,1,2,3,4,347,409,1773,450,3747,6659,9773,5266,133,480,480,933,,224,2256,t3_calmveil
standard,196,b1,blue,top,坦克,tieshixin,standard,0,0,5,0,5510,24459,7697,343.4,9.82,19.02,,2,1,1,2,2,76,384,316,947,3026,4834,6466,5266,512,,,400,,288,,t3_calmveil|t3_thornmail
standard,196,b2,blue,jungle,刺客,wuxing,standard,0,0,4,0,3943,11245,7508,334.9,10,21.18,,2,1,1,1,2,188,325,1042,77,3388,4955,6622,5266,176,,,,1052,128,,t3_finalstring
standard,196,b3,blue,mid,法師,auralith,standard,0,0,8,0,13452,13384,7201,321.2,13.6,21.41,,2,0,1,1,2,782,232,590,551,3042,4562,6370,5266,576,,,400,,128,,t3_psyward
standard,196,b4,blue,adc,射手,maestro,standard,0,1,7,0,8656,13243,7183,320.4,12.14,21.64,,2,0,1,1,2,906,331,839,933,3066,4581,5989,5266,552,,,,43,128,,t3_shieldbreaker|t3_rendspear
standard,196,b5,blue,sup,輔助,mingyun,standard,0,0,5,1,5815,17794,9431,420.7,8.85,14,18.8,3,1,2,3,3,467,419,525,971,3867,6299,8525,5266,168,,,800,,288,2003,t3_calmveil
standard,196,r1,red,top,坦克,tieshixin,standard,1,7,0,0,9552,18913,11664,520.3,10.93,15.22,18.02,4,0,1,3,4,1388,1256,574,114,2978,6556,10504,5266,538,3360,,1040,43,256,,t3_calmveil|t3_thornmail
standard,196,r2,red,jungle,刺客,wuxing,standard,1,3,0,5,8411,10904,10490,468,11.39,15.86,20.38,3,0,1,2,3,1802,646,768,840,3732,6226,9098,5266,266,960,960,240,1149,256,,t3_finalstring
standard,196,r3,red,mid,法師,auralith,standard,1,3,0,3,13560,11548,9925,442.8,11.81,18.31,,2,0,1,2,2,1022,136,477,1175,3282,5586,8807,5266,752,1440,720,373,,256,,t3_psyward
standard,196,r4,red,adc,射手,maestro,standard,1,15,1,3,33610,10236,15267,681,10.02,16.76,19.48,3,0,1,3,3,1362,980,1258,4066,3522,6660,11258,5266,562,4320,480,373,,256,,t3_shieldbreaker|t3_rendspear
standard,196,r5,red,sup,輔助,mingyun,standard,1,1,0,8,6013,11392,10815,482.4,9.54,13.24,16.81,3,1,2,3,3,363,579,426,2354,3763,6459,8886,5266,88,480,720,373,,256,1703,t3_calmveil
standard,197,b1,blue,top,坦克,bingshouweis,standard,0,0,2,0,9404,24367,7989,340.8,10.15,18.73,,2,0,1,2,2,1460,360,413,558,3090,4610,6663,5266,656,,,400,,341,,t3_calmveil|t3_thornmail
standard,197,b2,blue,jungle,刺客,razorwing,standard,0,1,1,1,4677,10076,8616,367.5,12.38,18.33,,2,0,1,2,2,1269,636,275,485,3199,5016,7455,5266,248,480,240,,880,341,,t3_finalstring
standard,197,b3,blue,mid,法師,xingjie,standard,0,1,7,1,12586,14016,8615,367.5,11.7,21.4,,2,0,1,1,2,846,96,790,585,3106,5546,7290,5266,776,480,240,400,,128,,t3_psyward
standard,197,b4,blue,adc,射手,liuxing,standard,0,3,4,0,19254,11978,9175,391.4,11.29,20.09,,2,0,1,1,2,884,472,1474,595,3044,4772,7274,5266,586,480,,600,,341,,t3_shieldbreaker|t3_rendspear
standard,197,b5,blue,sup,坦克,suishan,standard,0,1,2,0,8236,23283,10076,429.8,9.05,15.15,20.81,3,1,1,2,3,296,778,1288,696,3896,6128,8528,5266,197,480,,200,,128,2256,t3_calmveil|t3_thornmail
standard,197,r1,red,top,坦克,bingshouweis,standard,1,4,0,0,10872,22998,10143,432.7,9.54,17.43,21.44,3,1,1,2,3,188,178,1544,113,3138,4978,7794,5266,720,1440,,240,,128,,t3_calmveil|t3_thornmail
standard,197,r2,red,jungle,刺客,razorwing,standard,1,2,2,2,7825,10457,9712,414.3,10.18,17.61,23.38,3,0,1,2,3,1329,693,86,212,3259,6023,7866,5266,258,480,240,240,1253,128,,t3_finalstring
standard,197,r3,red,mid,法師,xingjie,standard,1,3,1,2,19045,12843,11197,477.6,10.62,19.23,,2,0,1,2,2,926,804,528,1796,3186,6554,8858,5266,1024,1440,360,640,,128,,t3_psyward
standard,197,r4,red,adc,射手,liuxing,standard,1,7,1,1,20095,12360,11397,486.2,12.38,17.89,21.81,3,0,1,2,3,930,442,158,246,3090,5522,8738,5266,544,1920,240,640,,128,,t3_shieldbreaker|t3_rendspear
standard,197,r5,red,sup,坦克,suishan,standard,1,0,2,3,8402,16829,10021,427.5,7.83,14.43,21.65,3,1,2,2,3,943,364,1248,641,3843,6264,8488,5266,237,,360,240,,128,2256,t3_calmveil|t3_thornmail
standard,198,b1,blue,top,坦克,tiebi,standard,0,0,4,0,8249,20284,6723,321.3,11.28,17.01,,2,0,1,2,2,1316,304,324,272,2946,4754,6474,5266,464,,,600,,144,,t3_calmveil|t3_thornmail
standard,198,b2,blue,jungle,刺客,jingxiang,standard,0,0,5,0,4910,11406,6412,306.5,11.89,19.66,,2,0,1,2,2,1141,150,163,412,3071,4600,6163,5266,192,,,,561,144,,t3_finalstring
standard,198,b3,blue,mid,法師,auralith,standard,0,0,4,0,13546,13604,6299,301,12.97,,,1,0,1,1,1,734,284,270,518,2994,4434,6050,5266,640,,,,,144,,t3_psyward
standard,198,b4,blue,adc,射手,shensheng,standard,0,1,4,0,9743,11626,7030,336,11.87,19.97,,2,0,1,2,2,842,195,19,780,3002,4445,6269,5266,416,,,400,43,144,,t3_shieldbreaker|t3_rendspear
standard,198,b5,blue,sup,坦克,bingshouweis,standard,0,1,4,0,4350,19428,8766,418.9,8.52,16.12,19.66,3,1,1,3,3,267,453,211,106,3867,5803,8411,5266,144,480,,200,,64,2256,t3_calmveil|t3_thornmail
standard,198,r1,red,top,坦克,tiebi,standard,1,4,0,2,8627,16252,9843,470.4,9.28,13.53,19.19,3,1,2,3,3,924,248,240,292,3874,6658,8890,5266,704,1440,360,800,,320,,t3_calmveil|t3_thornmail
standard,198,r2,red,jungle,刺客,jingxiang,standard,1,10,1,3,13500,11661,12993,620.9,7.79,13.76,17,3,1,2,3,3,318,566,440,2112,5168,8046,11320,5266,312,3840,360,400,821,320,,t3_finalstring
standard,198,r3,red,mid,法師,auralith,standard,1,1,1,4,18024,9093,8883,424.5,12.03,,,1,0,1,1,1,1006,436,1126,2382,3266,5466,7626,5266,760,,480,800,,320,,t3_psyward
standard,198,r4,red,adc,射手,shensheng,standard,1,4,0,3,17985,8421,10011,478.4,11.88,18.17,,2,0,1,2,2,842,330,206,1430,3002,5530,8786,5266,720,1440,240,800,,320,,t3_shieldbreaker|t3_rendspear
standard,198,r5,red,sup,坦克,bingshouweis,standard,1,2,0,6,6827,13152,10902,521,7.96,13.59,18.39,3,1,2,3,3,1135,335,583,1402,4035,6995,10083,5266,160,960,720,400,,320,2256,t3_calmveil|t3_thornmail
standard,199,b1,blue,top,坦克,shengdun,standard,0,0,4,0,9312,26013,8535,343.3,10.07,19.37,,2,0,1,2,2,1588,504,418,1304,3178,4954,6748,5266,586,,,640,,256,,t3_calmveil|t3_thornmail
standard,199,b2,blue,jungle,刺客,guihuo,standard,0,1,4,1,7632,13790,9131,367.3,10.26,19.63,,2,0,1,2,2,1289,748,120,800,3219,5378,7070,5266,210,,240,440,657,256,,t3_finalstring
standard,199,b3,blue,mid,法師,xingjie,standard,0,6,3,2,23307,15571,11469,461.4,12.66,19.7,24.73,3,0,1,2,3,910,344,120,38,3170,5194,7970,5266,786,960,240,440,22,256,,t3_psyward
standard,199,b4,blue,adc,射手,mori,standard,0,11,5,0,27452,12778,13684,550.5,11.93,17.52,22.11,4,0,1,2,4,1042,354,1004,784,3202,5554,8954,5266,792,2400,,240,,256,,t3_shieldbreaker|t3_rendspear
standard,199,b5,blue,sup,輔助,shiguang,standard,0,0,3,4,8122,18589,10639,428,8.34,13.7,17.43,4,1,2,3,4,887,151,581,239,3987,6331,8741,5266,248,,480,640,,256,1850,t3_calmveil
standard,199,r1,red,top,坦克,shengdun,standard,1,1,1,2,10857,23340,9823,395.2,9.73,18.79,24.05,3,1,1,2,3,124,229,707,493,3074,4629,6557,5266,816,,240,,43,192,,t3_calmveil|t3_thornmail
standard,199,r2,red,jungle,刺客,guihuo,standard,1,4,3,0,12085,16373,10628,427.5,9.32,17.88,23.75,3,1,1,2,3,355,1133,599,378,3555,5763,7549,5266,440,480,,,1171,192,,t3_finalstring
standard,199,r3,red,mid,法師,xingjie,standard,1,5,3,0,19604,13769,11300,454.6,13.14,20.22,24.4,3,0,1,1,3,782,20,1094,450,3042,5170,7594,5266,776,960,,400,,192,,t3_psyward
standard,199,r4,red,adc,射手,mori,standard,1,9,8,1,21465,12748,13188,530.5,11.88,18.88,22.11,3,0,1,2,3,930,286,1170,1388,3090,5066,8490,5266,672,1920,240,200,,192,,t3_shieldbreaker|t3_rendspear
standard,199,r5,red,sup,輔助,shiguang,standard,1,0,3,1,6763,18214,9501,382.2,7.31,14.63,20.34,3,1,2,2,3,1343,179,884,460,3843,6059,7914,5266,400,,,200,,192,1856,t3_calmveil
standard,200,b1,blue,top,坦克,shiqiang,standard,1,3,0,1,10828,21467,11252,476.6,10.86,16.75,20.14,3,0,1,2,3,1268,1472,1760,2002,2898,5722,9050,5266,568,1440,240,1040,,496,,t3_calmveil|t3_thornmail
standard,200,b2,blue,jungle,刺客,jiansheng,standard,1,2,4,1,7101,10728,9195,389.5,10.87,19.58,,2,0,1,2,2,1249,123,280,764,3179,5453,7460,5266,224,480,120,240,634,496,,t3_finalstring
standard,200,b3,blue,mid,法師,auralith,standard,1,6,6,1,16386,14717,11164,472.9,13.5,19.73,,2,0,1,2,2,814,800,196,1764,3074,5650,8226,5266,624,1440,240,240,,416,,t3_psyward
standard,200,b4,blue,adc,射手,leiting,standard,1,6,3,1,25391,12095,11119,471,10.63,19.14,21.63,3,0,1,2,3,1204,236,412,268,3364,6036,8692,5266,610,1440,240,640,,496,,t3_shieldbreaker|t3_rendspear
standard,200,b5,blue,sup,坦克,tixue,standard,1,1,4,3,6762,18940,10849,459.5,8.03,14.27,18.9,3,1,2,3,3,1484,288,760,869,4384,6488,9360,5266,181,480,600,240,,336,2256,t3_calmveil|t3_thornmail
standard,200,r1,red,top,坦克,shiqiang,standard,0,2,1,0,8407,24227,9183,389,10.3,17.98,,2,0,1,2,2,1332,332,376,1892,2962,4882,6626,5266,416,480,,400,,64,,t3_calmveil|t3_thornmail
standard,200,r2,red,jungle,刺客,jiansheng,standard,0,5,4,1,11591,14673,10335,437.8,10.75,16.03,22.53,3,0,1,2,3,1340,1094,331,834,3270,6424,7931,5266,258,1440,,,902,64,,t3_finalstring
standard,200,r3,red,mid,法師,auralith,standard,0,3,7,3,18525,14762,9716,411.6,13.46,21.06,,2,0,1,1,2,670,228,358,736,2930,4778,6858,5266,528,,600,400,,64,,t3_psyward
standard,200,r4,red,adc,射手,leiting,standard,0,5,4,1,15018,11245,10033,425,11.36,19.73,,2,0,1,2,2,828,1222,108,1283,2988,4572,7308,5266,618,960,,400,,64,,t3_shieldbreaker|t3_rendspear
standard,200,r5,red,sup,坦克,tixue,standard,0,2,2,3,6849,20632,10509,445.1,8.94,14.44,19.23,3,1,2,3,3,173,305,533,1128,3773,6205,9133,5266,226,960,360,,,64,2256,t3_calmveil|t3_thornmail
