config,seed,pid,side,role,arch,heroId,strategy,won,k,d,a,dmg,taken_approx,gold,goldPerMin,t3_1_min,t3_2_min,t3_3_min,t3Count,completed10,completed15,completed20,completedEnd,unspent10,unspent15,unspent20,unspentEnd,earned10,earned15,earned20,earned20_passive,earned20_minion,earned20_kill,earned20_assist,earned20_tower,earned20_camp,earned20_objective,earned20_tithe,counterPlanned
off,1,b1,blue,top,戰士,embercoil,,0,3,2,0,9106,18320,900,37.2,,,,0,,,,,,,,,,,,,,,,,,0,,
off,1,b2,blue,jungle,戰士,cinderfist,,0,1,2,1,7817,12129,931,38.5,,,,0,,,,,,,,,,,,,,,,,,0,,
off,1,b3,blue,mid,法師,auralith,,0,3,1,0,12108,12430,900,37.2,,,,0,,,,,,,,,,,,,,,,,,0,,
off,1,b4,blue,adc,射手,liangzicz,,0,0,3,0,8997,9853,0,0,,,,0,,,,,,,,,,,,,,,,,,0,,
off,1,b5,blue,sup,坦克,tixue,,0,0,4,1,4559,13266,0,0,,,,0,,,,,,,,,,,,,,,,,,0,,
off,1,r1,red,top,戰士,embercoil,,1,6,1,0,10487,18917,1908,78.8,,,,0,,,,,,,,,,,,,,,,,,0,,
off,1,r2,red,jungle,戰士,cinderfist,,1,2,1,2,9479,11927,1405,58,,,,0,,,,,,,,,,,,,,,,,,0,,
off,1,r3,red,mid,法師,auralith,,1,3,1,1,9688,10867,900,37.2,,,,0,,,,,,,,,,,,,,,,,,0,,
off,1,r4,red,adc,射手,liangzicz,,1,1,2,1,9408,7270,300,12.4,,,,0,,,,,,,,,,,,,,,,,,0,,
off,1,r5,red,sup,坦克,tixue,,1,0,2,1,5959,13669,0,0,,,,0,,,,,,,,,,,,,,,,,,0,,
off,2,b1,blue,top,戰士,cinderfist,,0,2,2,0,11461,30040,600,18.5,,,,0,,,,,,,,,,,,,,,,,,0,,
off,2,b2,blue,jungle,戰士,chichuan,,0,0,3,0,7818,16597,803,24.8,,,,0,,,,,,,,,,,,,,,,,,0,,
off,2,b3,blue,mid,法師,ronghuo,,0,2,4,0,11788,17128,654,20.2,,,,0,,,,,,,,,,,,,,,,,,0,,
off,2,b4,blue,adc,射手,leiting,,0,3,6,0,17406,14579,900,27.8,,,,0,,,,,,,,,,,,,,,,,,0,,
off,2,b5,blue,sup,輔助,linghun,,0,2,4,1,8634,17929,628,19.4,,,,0,,,,,,,,,,,,,,,,,,0,,
off,2,r1,red,top,戰士,cinderfist,,1,6,0,0,14106,25708,1800,55.6,,,,0,,,,,,,,,,,,,,,,,,0,,
off,2,r2,red,jungle,戰士,chichuan,,1,3,2,1,9923,15226,2081,64.3,,,,0,,,,,,,,,,,,,,,,,,0,,
off,2,r3,red,mid,法師,ronghuo,,1,6,2,2,24942,17172,1800,55.6,,,,0,,,,,,,,,,,,,,,,,,0,,
off,2,r4,red,adc,射手,leiting,,1,3,3,3,21149,13056,954,29.5,,,,0,,,,,,,,,,,,,,,,,,0,,
off,2,r5,red,sup,輔助,linghun,,1,1,2,4,7980,16498,300,9.3,,,,0,,,,,,,,,,,,,,,,,,0,,
off,3,b1,blue,top,戰士,leimingcf,,0,0,1,0,7299,17012,0,0,,,,0,,,,,,,,,,,,,,,,,,0,,
off,3,b2,blue,jungle,戰士,jufeng,,0,1,2,0,4547,10102,759,32.1,,,,0,,,,,,,,,,,,,,,,,,0,,
off,3,b3,blue,mid,法師,gambler,,0,0,1,0,8865,11537,0,0,,,,0,,,,,,,,,,,,,,,,,,0,,
off,3,b4,blue,adc,射手,liangzi,,0,0,4,0,9781,8290,0,0,,,,0,,,,,,,,,,,,,,,,,,0,,
off,3,b5,blue,sup,輔助,shiguang,,0,1,2,0,3226,10487,300,12.7,,,,0,,,,,,,,,,,,,,,,,,0,,
off,3,r1,red,top,戰士,leimingcf,,1,4,0,0,8161,16735,1200,50.8,,,,0,,,,,,,,,,,,,,,,,,0,,
off,3,r2,red,jungle,戰士,jufeng,,1,3,0,2,6585,10154,1661,70.2,,,,0,,,,,,,,,,,,,,,,,,0,,
off,3,r3,red,mid,法師,gambler,,1,0,0,0,10859,13114,0,0,,,,0,,,,,,,,,,,,,,,,,,0,,
off,3,r4,red,adc,射手,liangzi,,1,2,2,3,7464,8128,600,25.4,,,,0,,,,,,,,,,,,,,,,,,0,,
off,3,r5,red,sup,輔助,shiguang,,1,1,0,0,3709,10213,332,14.1,,,,0,,,,,,,,,,,,,,,,,,0,,
off,4,b1,blue,top,戰士,dadi2,,0,0,1,1,6007,18092,0,0,,,,0,,,,,,,,,,,,,,,,,,0,,
off,4,b2,blue,jungle,戰士,langwang,,0,0,6,0,5167,11039,586,24.1,,,,0,,,,,,,,,,,,,,,,,,0,,
off,4,b3,blue,mid,法師,ronghuo,,0,0,2,0,12539,12514,0,0,,,,0,,,,,,,,,,,,,,,,,,0,,
off,4,b4,blue,adc,射手,shengyan,,0,2,4,1,9374,8969,654,26.9,,,,0,,,,,,,,,,,,,,,,,,0,,
off,4,b5,blue,sup,坦克,dadi,,0,3,5,0,6484,15948,954,39.2,,,,0,,,,,,,,,,,,,,,,,,0,,
off,4,r1,red,top,戰士,dadi2,,1,6,0,0,8711,17122,1800,74,,,,0,,,,,,,,,,,,,,,,,,0,,
off,4,r2,red,jungle,戰士,langwang,,1,5,0,3,10330,11085,2191,90.1,,,,0,,,,,,,,,,,,,,,,,,0,,
off,4,r3,red,mid,法師,ronghuo,,1,1,1,1,12690,10736,300,12.3,,,,0,,,,,,,,,,,,,,,,,,0,,
off,4,r4,red,adc,射手,shengyan,,1,4,2,1,11170,8530,1200,49.4,,,,0,,,,,,,,,,,,,,,,,,0,,
off,4,r5,red,sup,坦克,dadi,,1,2,2,8,5817,13495,600,24.7,,,,0,,,,,,,,,,,,,,,,,,0,,
off,5,b1,blue,top,戰士,ronggang,,1,3,5,1,15613,29938,900,27.6,,,,0,,,,,,,,,,,,,,,,,,0,,
off,5,b2,blue,jungle,戰士,tielian,,1,2,8,1,7208,15654,1384,42.4,,,,0,,,,,,,,,,,,,,,,,,0,,
off,5,b3,blue,mid,法師,gambler,,1,3,6,4,19671,18315,928,28.4,,,,0,,,,,,,,,,,,,,,,,,0,,
off,5,b4,blue,adc,射手,mirrorshot,,1,4,6,0,18222,14749,1200,36.7,,,,0,,,,,,,,,,,,,,,,,,0,,
off,5,b5,blue,sup,輔助,mantra,,1,1,3,3,5638,17277,300,9.2,,,,0,,,,,,,,,,,,,,,,,,0,,
off,5,r1,red,top,戰士,ronggang,,0,11,2,0,22080,30045,3354,102.7,,,,0,,,,,,,,,,,,,,,,,,0,,
off,5,r2,red,jungle,戰士,tielian,,0,5,5,2,9663,17216,2701,82.7,,,,0,,,,,,,,,,,,,,,,,,0,,
off,5,r3,red,mid,法師,gambler,,0,6,1,1,20088,16588,1800,55.1,,,,0,,,,,,,,,,,,,,,,,,0,,
off,5,r4,red,adc,射手,mirrorshot,,0,4,1,3,16404,13150,1200,36.7,,,,0,,,,,,,,,,,,,,,,,,0,,
off,5,r5,red,sup,輔助,mantra,,0,2,4,5,8043,16731,600,18.4,,,,0,,,,,,,,,,,,,,,,,,0,,
off,6,b1,blue,top,戰士,jingci,,0,3,3,1,11789,27154,900,28.3,,,,0,,,,,,,,,,,,,,,,,,0,,
off,6,b2,blue,jungle,戰士,greymantle,,0,1,4,1,7973,15282,1127,35.4,,,,0,,,,,,,,,,,,,,,,,,0,,
off,6,b3,blue,mid,法師,ronghuo,,0,4,3,0,20462,16814,1200,37.7,,,,0,,,,,,,,,,,,,,,,,,0,,
off,6,b4,blue,adc,射手,hanbing,,0,4,5,2,17676,13639,1254,39.4,,,,0,,,,,,,,,,,,,,,,,,0,,
off,6,b5,blue,sup,輔助,xuemai,,0,2,2,4,8866,18356,628,19.7,,,,0,,,,,,,,,,,,,,,,,,0,,
off,6,r1,red,top,戰士,jingci,,1,3,1,0,11691,26725,900,28.3,,,,0,,,,,,,,,,,,,,,,,,0,,
off,6,r2,red,jungle,戰士,greymantle,,1,3,5,1,10613,15566,2084,65.4,,,,0,,,,,,,,,,,,,,,,,,0,,
off,6,r3,red,mid,法師,ronghuo,,1,4,2,3,23618,16238,1200,37.7,,,,0,,,,,,,,,,,,,,,,,,0,,
off,6,r4,red,adc,射手,hanbing,,1,6,4,2,19565,14586,1800,56.5,,,,0,,,,,,,,,,,,,,,,,,0,,
off,6,r5,red,sup,輔助,xuemai,,1,1,2,5,9660,16440,300,9.4,,,,0,,,,,,,,,,,,,,,,,,0,,
off,7,b1,blue,top,戰士,longyi,,1,0,3,0,6370,20326,0,0,,,,0,,,,,,,,,,,,,,,,,,0,,
off,7,b2,blue,jungle,刺客,jingxiang,,1,2,6,0,7037,11600,1375,51.4,,,,0,,,,,,,,,,,,,,,,,,0,,
off,7,b3,blue,mid,法師,haixiao,,1,3,1,0,14606,14571,900,33.7,,,,0,,,,,,,,,,,,,,,,,,0,,
off,7,b4,blue,adc,射手,xuanfeng,,1,2,3,2,16286,11274,600,22.4,,,,0,,,,,,,,,,,,,,,,,,0,,
off,7,b5,blue,sup,坦克,longji,,1,0,4,0,5632,17052,54,2,,,,0,,,,,,,,,,,,,,,,,,0,,
off,7,r1,red,top,戰士,longyi,,0,0,1,1,6909,19030,0,0,,,,0,,,,,,,,,,,,,,,,,,0,,
off,7,r2,red,jungle,刺客,jingxiang,,0,7,1,2,7468,12637,3034,113.5,,,,0,,,,,,,,,,,,,,,,,,0,,
off,7,r3,red,mid,法師,haixiao,,0,5,3,0,14409,15360,1554,58.1,,,,0,,,,,,,,,,,,,,,,,,0,,
off,7,r4,red,adc,射手,xuanfeng,,0,3,2,4,13649,9355,900,33.7,,,,0,,,,,,,,,,,,,,,,,,0,,
off,7,r5,red,sup,坦克,longji,,0,2,0,1,6505,17007,654,24.5,,,,0,,,,,,,,,,,,,,,,,,0,,
off,8,b1,blue,top,戰士,chichuan,,1,4,1,1,9891,17775,1200,48.2,,,,0,,,,,,,,,,,,,,,,,,0,,
off,8,b2,blue,jungle,刺客,guihuo,,1,1,3,3,6752,9958,887,35.6,,,,0,,,,,,,,,,,,,,,,,,0,,
off,8,b3,blue,mid,法師,leiming,,1,2,2,1,12800,13074,600,24.1,,,,0,,,,,,,,,,,,,,,,,,0,,
off,8,b4,blue,adc,射手,dawnstrike,,1,5,2,0,10318,10373,1500,60.2,,,,0,,,,,,,,,,,,,,,,,,0,,
off,8,b5,blue,sup,坦克,thornwall,,1,3,1,0,5894,15082,900,36.1,,,,0,,,,,,,,,,,,,,,,,,0,,
off,8,r1,red,top,戰士,chichuan,,0,2,2,1,7489,19156,600,24.1,,,,0,,,,,,,,,,,,,,,,,,0,,
off,8,r2,red,jungle,刺客,guihuo,,0,3,3,0,10018,12968,1588,63.7,,,,0,,,,,,,,,,,,,,,,,,0,,
off,8,r3,red,mid,法師,leiming,,0,2,3,0,8246,11777,600,24.1,,,,0,,,,,,,,,,,,,,,,,,0,,
off,8,r4,red,adc,射手,dawnstrike,,0,2,3,0,13034,10545,600,24.1,,,,0,,,,,,,,,,,,,,,,,,0,,
off,8,r5,red,sup,坦克,thornwall,,0,0,4,0,3875,14031,0,0,,,,0,,,,,,,,,,,,,,,,,,0,,
off,9,b1,blue,top,戰士,xueyue,,0,1,0,0,6707,14961,300,14.5,,,,0,,,,,,,,,,,,,,,,,,0,,
off,9,b2,blue,jungle,刺客,jiansheng,,0,4,0,1,3192,8155,1841,89.2,,,,0,,,,,,,,,,,,,,,,,,0,,
off,9,b3,blue,mid,法師,haixiao,,0,1,1,1,7932,9705,300,14.5,,,,0,,,,,,,,,,,,,,,,,,0,,
off,9,b4,blue,adc,射手,yanfeng,,0,2,2,1,5842,7487,600,29.1,,,,0,,,,,,,,,,,,,,,,,,0,,
off,9,b5,blue,sup,輔助,shengming,,0,2,3,0,2584,9051,600,29.1,,,,0,,,,,,,,,,,,,,,,,,0,,
off,9,r1,red,top,戰士,xueyue,,1,4,4,0,6924,14776,1200,58.1,,,,0,,,,,,,,,,,,,,,,,,0,,
off,9,r2,red,jungle,刺客,jiansheng,,1,0,0,1,3614,7280,857,41.5,,,,0,,,,,,,,,,,,,,,,,,0,,
off,9,r3,red,mid,法師,haixiao,,1,1,2,0,8048,9331,300,14.5,,,,0,,,,,,,,,,,,,,,,,,0,,
off,9,r4,red,adc,射手,yanfeng,,1,1,4,0,6089,7355,300,14.5,,,,0,,,,,,,,,,,,,,,,,,0,,
off,9,r5,red,sup,輔助,shengming,,1,0,0,1,3285,9919,0,0,,,,0,,,,,,,,,,,,,,,,,,0,,
off,10,b1,blue,top,戰士,langwang,,1,3,1,0,5694,17201,900,38.9,,,,0,,,,,,,,,,,,,,,,,,0,,
off,10,b2,blue,jungle,刺客,youming,,1,1,4,1,5070,9830,950,41,,,,0,,,,,,,,,,,,,,,,,,0,,
off,10,b3,blue,mid,法師,leiming,,1,1,1,1,11863,11999,300,13,,,,0,,,,,,,,,,,,,,,,,,0,,
off,10,b4,blue,adc,射手,siwang,,1,2,5,0,11957,9741,618,26.7,,,,0,,,,,,,,,,,,,,,,,,0,,
off,10,b5,blue,sup,坦克,tiemu,,1,0,4,2,3666,13975,54,2.3,,,,0,,,,,,,,,,,,,,,,,,0,,
off,10,r1,red,top,戰士,langwang,,0,5,2,1,8988,17066,1500,64.8,,,,0,,,,,,,,,,,,,,,,,,0,,
off,10,r2,red,jungle,刺客,youming,,0,3,1,1,5279,8990,1637,70.7,,,,0,,,,,,,,,,,,,,,,,,0,,
off,10,r3,red,mid,法師,leiming,,0,3,1,0,11234,10513,900,38.9,,,,0,,,,,,,,,,,,,,,,,,0,,
off,10,r4,red,adc,射手,siwang,,0,0,1,4,12322,9011,0,0,,,,0,,,,,,,,,,,,,,,,,,0,,
off,10,r5,red,sup,坦克,tiemu,,0,4,2,5,4681,15283,1200,51.8,,,,0,,,,,,,,,,,,,,,,,,0,,
off,11,b1,blue,top,戰士,rongyan,,0,2,3,2,9443,21888,600,23.2,,,,0,,,,,,,,,,,,,,,,,,0,,
off,11,b2,blue,jungle,刺客,yueying,,0,0,3,0,7133,13111,649,25,,,,0,,,,,,,,,,,,,,,,,,0,,
off,11,b3,blue,mid,法師,haixiao,,0,2,2,0,11504,14470,600,23.2,,,,0,,,,,,,,,,,,,,,,,,0,,
off,11,b4,blue,adc,射手,maestro,,0,1,2,1,7379,10019,300,11.6,,,,0,,,,,,,,,,,,,,,,,,0,,
off,11,b5,blue,sup,坦克,suishan,,0,2,4,0,4988,15693,600,23.2,,,,0,,,,,,,,,,,,,,,,,,0,,
off,11,r1,red,top,戰士,rongyan,,1,7,0,2,13659,17890,2100,81.1,,,,0,,,,,,,,,,,,,,,,,,0,,
off,11,r2,red,jungle,刺客,yueying,,1,2,1,2,8995,11291,1561,60.3,,,,0,,,,,,,,,,,,,,,,,,0,,
off,11,r3,red,mid,法師,haixiao,,1,0,1,4,11654,11155,0,0,,,,0,,,,,,,,,,,,,,,,,,0,,
off,11,r4,red,adc,射手,maestro,,1,4,2,0,15817,10415,1200,46.3,,,,0,,,,,,,,,,,,,,,,,,0,,
off,11,r5,red,sup,坦克,suishan,,1,1,3,1,5601,13484,300,11.6,,,,0,,,,,,,,,,,,,,,,,,0,,
off,12,b1,blue,top,戰士,embercoil,,0,1,0,0,8020,16640,300,12.2,,,,0,,,,,,,,,,,,,,,,,,0,,
off,12,b2,blue,jungle,刺客,yeiren,,0,0,3,0,6705,12061,577,23.5,,,,0,,,,,,,,,,,,,,,,,,0,,
off,12,b3,blue,mid,法師,leiming,,0,0,2,1,11649,12245,0,0,,,,0,,,,,,,,,,,,,,,,,,0,,
off,12,b4,blue,adc,射手,liuxing,,0,2,4,1,6834,9121,600,24.4,,,,0,,,,,,,,,,,,,,,,,,0,,
off,12,b5,blue,sup,輔助,mingyunyindao,,0,1,2,0,4227,11234,354,14.4,,,,0,,,,,,,,,,,,,,,,,,0,,
off,12,r1,red,top,戰士,embercoil,,1,3,1,0,9378,15855,900,36.6,,,,0,,,,,,,,,,,,,,,,,,0,,
off,12,r2,red,jungle,刺客,yeiren,,1,3,1,1,7751,10952,1646,66.9,,,,0,,,,,,,,,,,,,,,,,,0,,
off,12,r3,red,mid,法師,leiming,,1,2,1,2,11416,11150,600,24.4,,,,0,,,,,,,,,,,,,,,,,,0,,
off,12,r4,red,adc,射手,liuxing,,1,0,1,2,10971,8386,0,0,,,,0,,,,,,,,,,,,,,,,,,0,,
off,12,r5,red,sup,輔助,mingyunyindao,,1,3,0,2,3297,9985,900,36.6,,,,0,,,,,,,,,,,,,,,,,,0,,
off,13,b1,blue,top,坦克,ironclad,,0,1,1,0,4941,15221,328,14.5,,,,0,,,,,,,,,,,,,,,,,,0,,
off,13,b2,blue,jungle,刺客,sting,,0,0,1,0,4836,10468,622,27.5,,,,0,,,,,,,,,,,,,,,,,,0,,
off,13,b3,blue,mid,法師,mingyun2,,0,0,4,0,8835,11516,0,0,,,,0,,,,,,,,,,,,,,,,,,0,,
off,13,b4,blue,adc,射手,shensheng,,0,2,4,0,6292,8600,600,26.5,,,,0,,,,,,,,,,,,,,,,,,0,,
off,13,b5,blue,sup,輔助,mingyun,,0,0,4,0,3230,11065,28,1.2,,,,0,,,,,,,,,,,,,,,,,,0,,
off,13,r1,red,top,坦克,ironclad,,1,7,0,0,8587,15342,2100,92.8,,,,0,,,,,,,,,,,,,,,,,,0,,
off,13,r2,red,jungle,刺客,sting,,1,2,1,1,5179,9366,1463,64.7,,,,0,,,,,,,,,,,,,,,,,,0,,
off,13,r3,red,mid,法師,mingyun2,,1,2,1,2,9061,10181,600,26.5,,,,0,,,,,,,,,,,,,,,,,,0,,
off,13,r4,red,adc,射手,shensheng,,1,1,0,2,11448,6443,300,13.3,,,,0,,,,,,,,,,,,,,,,,,0,,
off,13,r5,red,sup,輔助,mingyun,,1,2,1,0,4178,8222,600,26.5,,,,0,,,,,,,,,,,,,,,,,,0,,
off,14,b1,blue,top,坦克,tieshixin,,1,1,6,1,11856,33921,300,7.7,,,,0,,,,,,,,,,,,,,,,,,0,,
off,14,b2,blue,jungle,刺客,binghe,,1,6,9,1,17864,20185,2815,71.9,,,,0,,,,,,,,,,,,,,,,,,0,,
off,14,b3,blue,mid,法師,bingshuang,,1,9,7,2,32423,21725,2754,70.3,,,,0,,,,,,,,,,,,,,,,,,0,,
off,14,b4,blue,adc,射手,mori,,1,15,3,2,37343,20662,4500,114.9,,,,0,,,,,,,,,,,,,,,,,,0,,
off,14,b5,blue,sup,坦克,tixue,,1,2,8,0,10340,26643,600,15.3,,,,0,,,,,,,,,,,,,,,,,,0,,
off,14,r1,red,top,坦克,tieshixin,,0,12,3,1,21204,40663,3654,93.3,,,,0,,,,,,,,,,,,,,,,,,0,,
off,14,r2,red,jungle,刺客,binghe,,0,6,3,2,15873,21850,3079,78.6,,,,0,,,,,,,,,,,,,,,,,,0,,
off,14,r3,red,mid,法師,bingshuang,,0,7,8,1,25080,24564,2100,53.6,,,,0,,,,,,,,,,,,,,,,,,0,,
off,14,r4,red,adc,射手,mori,,0,7,10,4,27187,18568,2100,53.6,,,,0,,,,,,,,,,,,,,,,,,0,,
off,14,r5,red,sup,坦克,tixue,,0,1,9,4,10140,29653,300,7.7,,,,0,,,,,,,,,,,,,,,,,,0,,
off,15,b1,blue,top,坦克,bingshouweis,,0,2,1,0,9098,16684,600,26.2,,,,0,,,,,,,,,,,,,,,,,,0,,
off,15,b2,blue,jungle,刺客,shanying,,0,2,1,0,5108,10613,1140,49.9,,,,0,,,,,,,,,,,,,,,,,,0,,
off,15,b3,blue,mid,法師,mingyun2,,0,2,2,1,11339,12557,600,26.2,,,,0,,,,,,,,,,,,,,,,,,0,,
off,15,b4,blue,adc,射手,leiting,,0,0,2,1,6988,8463,0,0,,,,0,,,,,,,,,,,,,,,,,,0,,
off,15,b5,blue,sup,輔助,linghun,,0,1,1,0,3470,11355,300,13.1,,,,0,,,,,,,,,,,,,,,,,,0,,
off,15,r1,red,top,坦克,bingshouweis,,1,3,2,0,7930,14467,900,39.4,,,,0,,,,,,,,,,,,,,,,,,0,,
off,15,r2,red,jungle,刺客,shanying,,1,2,0,1,6103,10275,1548,67.7,,,,0,,,,,,,,,,,,,,,,,,0,,
off,15,r3,red,mid,法師,mingyun2,,1,1,0,2,12414,10386,300,13.1,,,,0,,,,,,,,,,,,,,,,,,0,,
off,15,r4,red,adc,射手,leiting,,1,1,3,0,7844,8402,300,13.1,,,,0,,,,,,,,,,,,,,,,,,0,,
off,15,r5,red,sup,輔助,linghun,,1,0,2,1,4638,11924,0,0,,,,0,,,,,,,,,,,,,,,,,,0,,
off,16,b1,blue,top,坦克,tiebi,,0,4,4,0,13296,28981,1200,35.7,,,,0,,,,,,,,,,,,,,,,,,0,,
off,16,b2,blue,jungle,刺客,dianguang,,0,2,4,1,11474,16889,1367,40.7,,,,0,,,,,,,,,,,,,,,,,,0,,
off,16,b3,blue,mid,法師,bingshuang,,0,4,4,1,18892,17281,1200,35.7,,,,0,,,,,,,,,,,,,,,,,,0,,
off,16,b4,blue,adc,射手,liangzi,,0,4,4,1,21227,14884,1218,36.3,,,,0,,,,,,,,,,,,,,,,,,0,,
off,16,b5,blue,sup,輔助,huanjing,,0,4,6,2,7424,17008,1200,35.7,,,,0,,,,,,,,,,,,,,,,,,0,,
off,16,r1,red,top,坦克,tiebi,,1,7,3,0,17847,31107,2118,63,,,,0,,,,,,,,,,,,,,,,,,0,,
off,16,r2,red,jungle,刺客,dianguang,,1,6,3,1,9319,17417,3010,89.6,,,,0,,,,,,,,,,,,,,,,,,0,,
off,16,r3,red,mid,法師,bingshuang,,1,1,3,4,19544,20306,354,10.5,,,,0,,,,,,,,,,,,,,,,,,0,,
off,16,r4,red,adc,射手,liangzi,,1,4,4,2,15149,13948,1228,36.5,,,,0,,,,,,,,,,,,,,,,,,0,,
off,16,r5,red,sup,輔助,huanjing,,1,4,5,2,8465,18278,1200,35.7,,,,0,,,,,,,,,,,,,,,,,,0,,
off,17,b1,blue,top,坦克,shengdun,,0,0,8,0,6532,20494,0,0,,,,0,,,,,,,,,,,,,,,,,,0,,
off,17,b2,blue,jungle,戰士,tielian,,0,1,3,0,7611,13067,976,37.7,,,,0,,,,,,,,,,,,,,,,,,0,,
off,17,b3,blue,mid,法師,mingyun2,,0,0,5,0,11735,13960,0,0,,,,0,,,,,,,,,,,,,,,,,,0,,
off,17,b4,blue,adc,射手,shengyan,,0,0,2,0,6886,9971,0,0,,,,0,,,,,,,,,,,,,,,,,,0,,
off,17,b5,blue,sup,坦克,dadi,,0,1,6,0,3928,16431,300,11.6,,,,0,,,,,,,,,,,,,,,,,,0,,
off,17,r1,red,top,坦克,shengdun,,1,15,0,1,11421,18629,4500,174,,,,0,,,,,,,,,,,,,,,,,,0,,
off,17,r2,red,jungle,戰士,tielian,,1,2,0,5,8698,11282,1726,66.7,,,,0,,,,,,,,,,,,,,,,,,0,,
off,17,r3,red,mid,法師,mingyun2,,1,2,0,6,12117,11663,600,23.2,,,,0,,,,,,,,,,,,,,,,,,0,,
off,17,r4,red,adc,射手,shengyan,,1,1,1,5,16082,8547,300,11.6,,,,0,,,,,,,,,,,,,,,,,,0,,
off,17,r5,red,sup,坦克,dadi,,1,4,1,1,4820,13473,1200,46.4,,,,0,,,,,,,,,,,,,,,,,,0,,
off,18,b1,blue,top,坦克,shiqiang,,0,1,1,0,4378,13934,300,14.8,,,,0,,,,,,,,,,,,,,,,,,0,,
off,18,b2,blue,jungle,戰士,greymantle,,0,0,4,1,4027,9132,568,28.1,,,,0,,,,,,,,,,,,,,,,,,0,,
off,18,b3,blue,mid,法師,bingshuang,,0,0,3,1,7415,9859,0,0,,,,0,,,,,,,,,,,,,,,,,,0,,
off,18,b4,blue,adc,射手,mirrorshot,,0,0,4,0,6585,6584,0,0,,,,0,,,,,,,,,,,,,,,,,,0,,
off,18,b5,blue,sup,坦克,ironclad,,0,2,4,1,4516,12474,654,32.3,,,,0,,,,,,,,,,,,,,,,,,0,,
off,18,r1,red,top,坦克,shiqiang,,1,5,1,1,5694,12395,1500,74.1,,,,0,,,,,,,,,,,,,,,,,,0,,
off,18,r2,red,jungle,戰士,greymantle,,1,5,0,3,5443,7221,2127,105.1,,,,0,,,,,,,,,,,,,,,,,,0,,
off,18,r3,red,mid,法師,bingshuang,,1,0,1,0,5474,7868,0,0,,,,0,,,,,,,,,,,,,,,,,,0,,
off,18,r4,red,adc,射手,mirrorshot,,1,2,1,4,12623,6798,600,29.7,,,,0,,,,,,,,,,,,,,,,,,0,,
off,18,r5,red,sup,坦克,ironclad,,1,4,0,0,4740,10745,1254,62,,,,0,,,,,,,,,,,,,,,,,,0,,
off,19,b1,blue,top,坦克,tiemu,,1,2,5,1,15146,30139,600,17.3,,,,0,,,,,,,,,,,,,,,,,,0,,
off,19,b2,blue,jungle,戰士,chichuan,,1,6,4,2,9650,14819,2611,75.3,,,,0,,,,,,,,,,,,,,,,,,0,,
off,19,b3,blue,mid,法師,lieyan,,1,10,3,3,22686,20190,3000,86.5,,,,0,,,,,,,,,,,,,,,,,,0,,
off,19,b4,blue,adc,射手,hanbing,,1,11,5,4,20567,14950,3300,95.2,,,,0,,,,,,,,,,,,,,,,,,0,,
off,19,b5,blue,sup,輔助,xuemai,,1,1,2,5,9760,17719,300,8.7,,,,0,,,,,,,,,,,,,,,,,,0,,
off,19,r1,red,top,坦克,tiemu,,0,4,3,2,11904,28156,1326,38.3,,,,0,,,,,,,,,,,,,,,,,,0,,
off,19,r2,red,jungle,戰士,chichuan,,0,6,6,0,11980,19329,2997,86.5,,,,0,,,,,,,,,,,,,,,,,,0,,
off,19,r3,red,mid,法師,lieyan,,0,7,6,3,18306,20538,2146,61.9,,,,0,,,,,,,,,,,,,,,,,,0,,
off,19,r4,red,adc,射手,hanbing,,0,2,11,1,22385,17895,600,17.3,,,,0,,,,,,,,,,,,,,,,,,0,,
off,19,r5,red,sup,輔助,xuemai,,0,0,4,5,9368,18009,0,0,,,,0,,,,,,,,,,,,,,,,,,0,,
off,20,b1,blue,top,坦克,longji,,0,2,4,1,10321,20686,600,23.7,,,,0,,,,,,,,,,,,,,,,,,0,,
off,20,b2,blue,jungle,戰士,dadi2,,0,1,6,0,6794,12161,895,35.3,,,,0,,,,,,,,,,,,,,,,,,0,,
off,20,b3,blue,mid,法師,shikong,,0,2,3,0,11134,13630,600,23.7,,,,0,,,,,,,,,,,,,,,,,,0,,
off,20,b4,blue,adc,射手,tianfa,,0,0,3,2,7734,8971,0,0,,,,0,,,,,,,,,,,,,,,,,,0,,
off,20,b5,blue,sup,坦克,tiemu,,0,1,4,0,4373,15666,318,12.5,,,,0,,,,,,,,,,,,,,,,,,0,,
off,20,r1,red,top,坦克,longji,,1,6,1,1,11918,18082,1800,71,,,,0,,,,,,,,,,,,,,,,,,0,,
off,20,r2,red,jungle,戰士,dadi2,,1,8,0,2,8755,10711,3442,135.7,,,,0,,,,,,,,,,,,,,,,,,0,,
off,20,r3,red,mid,法師,shikong,,1,2,1,4,14929,11427,600,23.7,,,,0,,,,,,,,,,,,,,,,,,0,,
off,20,r4,red,adc,射手,tianfa,,1,2,2,2,12247,8751,600,23.7,,,,0,,,,,,,,,,,,,,,,,,0,,
off,20,r5,red,sup,坦克,tiemu,,1,2,2,3,6291,13301,600,23.7,,,,0,,,,,,,,,,,,,,,,,,0,,
off,21,b1,blue,top,坦克,tixue,,0,0,0,0,10480,16538,0,0,,,,0,,,,,,,,,,,,,,,,,,0,,
off,21,b2,blue,jungle,戰士,fengbao,,0,2,2,0,5509,10532,1249,50.8,,,,0,,,,,,,,,,,,,,,,,,0,,
off,21,b3,blue,mid,法師,lieyan,,0,3,1,0,9785,13326,900,36.6,,,,0,,,,,,,,,,,,,,,,,,0,,
off,21,b4,blue,adc,射手,dawnstrike,,0,0,4,1,11228,9803,0,0,,,,0,,,,,,,,,,,,,,,,,,0,,
off,21,b5,blue,sup,坦克,stoneguard,,0,0,4,0,3253,15716,54,2.2,,,,0,,,,,,,,,,,,,,,,,,0,,
off,21,r1,red,top,坦克,tixue,,1,3,0,1,10564,18384,900,36.6,,,,0,,,,,,,,,,,,,,,,,,0,,
off,21,r2,red,jungle,戰士,fengbao,,1,2,1,2,6028,9246,1681,68.5,,,,0,,,,,,,,,,,,,,,,,,0,,
off,21,r3,red,mid,法師,lieyan,,1,3,1,0,12837,12012,900,36.6,,,,0,,,,,,,,,,,,,,,,,,0,,
off,21,r4,red,adc,射手,dawnstrike,,1,2,3,2,9274,9281,600,24.4,,,,0,,,,,,,,,,,,,,,,,,0,,
off,21,r5,red,sup,坦克,stoneguard,,1,1,0,1,5664,14949,300,12.2,,,,0,,,,,,,,,,,,,,,,,,0,,
off,22,b1,blue,top,坦克,suishan,,0,1,1,0,11427,29408,300,9.1,,,,0,,,,,,,,,,,,,,,,,,0,,
off,22,b2,blue,jungle,戰士,anliuyouXia,,0,0,2,0,5973,15774,856,26,,,,0,,,,,,,,,,,,,,,,,,0,,
off,22,b3,blue,mid,法師,shikong,,0,5,3,0,20584,17858,1500,45.6,,,,0,,,,,,,,,,,,,,,,,,0,,
off,22,b4,blue,adc,射手,yanfeng,,0,9,3,2,23653,15006,2700,82,,,,0,,,,,,,,,,,,,,,,,,0,,
off,22,b5,blue,sup,輔助,shengming,,0,0,4,2,8474,17283,28,0.8,,,,0,,,,,,,,,,,,,,,,,,0,,
off,22,r1,red,top,坦克,suishan,,1,4,0,2,17688,29431,1200,36.5,,,,0,,,,,,,,,,,,,,,,,,0,,
off,22,r2,red,jungle,戰士,anliuyouXia,,1,6,3,1,9226,16196,3145,95.6,,,,0,,,,,,,,,,,,,,,,,,0,,
off,22,r3,red,mid,法師,shikong,,1,2,3,2,18115,17248,600,18.2,,,,0,,,,,,,,,,,,,,,,,,0,,
off,22,r4,red,adc,射手,yanfeng,,1,0,7,0,15822,14321,0,0,,,,0,,,,,,,,,,,,,,,,,,0,,
off,22,r5,red,sup,輔助,shengming,,1,1,2,3,9953,16458,300,9.1,,,,0,,,,,,,,,,,,,,,,,,0,,
off,23,b1,blue,top,坦克,thornwall,,0,2,2,0,8888,18588,600,24.6,,,,0,,,,,,,,,,,,,,,,,,0,,
off,23,b2,blue,jungle,戰士,embercoil,,0,0,2,0,5287,11756,883,36.2,,,,0,,,,,,,,,,,,,,,,,,0,,
off,23,b3,blue,mid,法師,lieyan,,0,1,3,0,11686,12987,300,12.3,,,,0,,,,,,,,,,,,,,,,,,0,,
off,23,b4,blue,adc,射手,siwang,,0,0,3,0,9542,9322,0,0,,,,0,,,,,,,,,,,,,,,,,,0,,
off,23,b5,blue,sup,輔助,mingyun,,0,0,4,1,4971,12069,28,1.1,,,,0,,,,,,,,,,,,,,,,,,0,,
off,23,r1,red,top,坦克,thornwall,,1,9,0,2,16519,20130,2700,110.7,,,,0,,,,,,,,,,,,,,,,,,0,,
off,23,r2,red,jungle,戰士,embercoil,,1,1,3,2,5218,9794,981,40.2,,,,0,,,,,,,,,,,,,,,,,,0,,
off,23,r3,red,mid,法師,lieyan,,1,1,0,2,11847,11385,300,12.3,,,,0,,,,,,,,,,,,,,,,,,0,,
off,23,r4,red,adc,射手,siwang,,1,1,0,0,9296,8334,300,12.3,,,,0,,,,,,,,,,,,,,,,,,0,,
off,23,r5,red,sup,輔助,mingyun,,1,2,0,1,5196,9872,600,24.6,,,,0,,,,,,,,,,,,,,,,,,0,,
off,24,b1,blue,top,坦克,ironclad,,1,3,1,0,7836,17011,900,38.1,,,,0,,,,,,,,,,,,,,,,,,0,,
off,24,b2,blue,jungle,戰士,hunpo,,1,4,1,2,8139,10364,1921,81.3,,,,0,,,,,,,,,,,,,,,,,,0,,
off,24,b3,blue,mid,法師,shikong,,1,2,1,4,9295,11790,600,25.4,,,,0,,,,,,,,,,,,,,,,,,0,,
off,24,b4,blue,adc,射手,maestro,,1,2,3,2,7919,8442,600,25.4,,,,0,,,,,,,,,,,,,,,,,,0,,
off,24,b5,blue,sup,坦克,tixue,,1,3,4,1,5139,14273,900,38.1,,,,0,,,,,,,,,,,,,,,,,,0,,
off,24,r1,red,top,坦克,ironclad,,0,6,0,0,9860,16442,1800,76.2,,,,0,,,,,,,,,,,,,,,,,,0,,
off,24,r2,red,jungle,戰士,hunpo,,0,2,4,2,9091,9951,1361,57.6,,,,0,,,,,,,,,,,,,,,,,,0,,
off,24,r3,red,mid,法師,shikong,,0,0,3,1,7619,11088,0,0,,,,0,,,,,,,,,,,,,,,,,,0,,
off,24,r4,red,adc,射手,maestro,,0,1,3,0,8917,7688,300,12.7,,,,0,,,,,,,,,,,,,,,,,,0,,
off,24,r5,red,sup,坦克,tixue,,0,1,4,1,3605,12637,300,12.7,,,,0,,,,,,,,,,,,,,,,,,0,,
off,25,b1,blue,top,坦克,tieshixin,,0,1,3,1,8547,23185,328,11.2,,,,0,,,,,,,,,,,,,,,,,,0,,
off,25,b2,blue,jungle,戰士,ravager,,0,1,3,0,4552,14497,1075,36.6,,,,0,,,,,,,,,,,,,,,,,,0,,
off,25,b3,blue,mid,法師,xingjie,,0,1,3,3,14344,15827,300,10.2,,,,0,,,,,,,,,,,,,,,,,,0,,
off,25,b4,blue,adc,射手,liuxing,,0,4,8,2,9571,13943,1200,40.9,,,,0,,,,,,,,,,,,,,,,,,0,,
off,25,b5,blue,sup,輔助,mingyunyindao,,0,1,5,1,5051,15839,300,10.2,,,,0,,,,,,,,,,,,,,,,,,0,,
off,25,r1,red,top,坦克,tieshixin,,1,6,2,0,11693,22324,1800,61.3,,,,0,,,,,,,,,,,,,,,,,,0,,
off,25,r2,red,jungle,戰士,ravager,,1,2,0,3,7425,11244,1666,56.8,,,,0,,,,,,,,,,,,,,,,,,0,,
off,25,r3,red,mid,法師,xingjie,,1,7,1,2,21805,15211,2100,71.6,,,,0,,,,,,,,,,,,,,,,,,0,,
off,25,r4,red,adc,射手,liuxing,,1,5,5,2,15382,11896,1500,51.1,,,,0,,,,,,,,,,,,,,,,,,0,,
off,25,r5,red,sup,輔助,mingyunyindao,,1,2,0,1,5390,13533,600,20.4,,,,0,,,,,,,,,,,,,,,,,,0,,
off,26,b1,blue,top,坦克,tiankong,,1,4,1,0,12268,20388,1200,45.4,,,,0,,,,,,,,,,,,,,,,,,0,,
off,26,b2,blue,jungle,戰士,xueyue,,1,4,0,0,5259,9352,1786,67.5,,,,0,,,,,,,,,,,,,,,,,,0,,
off,26,b3,blue,mid,法師,auralith,,1,0,2,0,11186,12808,0,0,,,,0,,,,,,,,,,,,,,,,,,0,,
off,26,b4,blue,adc,射手,guangsu,,1,3,4,1,12084,9864,900,34,,,,0,,,,,,,,,,,,,,,,,,0,,
off,26,b5,blue,sup,輔助,shiguang,,1,0,0,1,5660,12580,0,0,,,,0,,,,,,,,,,,,,,,,,,0,,
off,26,r1,red,top,坦克,tiankong,,0,1,2,0,9354,20702,300,11.3,,,,0,,,,,,,,,,,,,,,,,,0,,
off,26,r2,red,jungle,戰士,xueyue,,0,1,1,1,5831,12527,1105,41.8,,,,0,,,,,,,,,,,,,,,,,,0,,
off,26,r3,red,mid,法師,auralith,,0,0,4,1,10072,13485,0,0,,,,0,,,,,,,,,,,,,,,,,,0,,
off,26,r4,red,adc,射手,guangsu,,0,2,3,0,10386,11639,600,22.7,,,,0,,,,,,,,,,,,,,,,,,0,,
off,26,r5,red,sup,輔助,shiguang,,0,3,1,0,7144,13452,900,34,,,,0,,,,,,,,,,,,,,,,,,0,,
off,27,b1,blue,top,坦克,tiebi,,0,0,3,1,10313,20446,0,0,,,,0,,,,,,,,,,,,,,,,,,0,,
off,27,b2,blue,jungle,戰士,ronggang,,0,2,2,0,5964,12417,1177,45.5,,,,0,,,,,,,,,,,,,,,,,,0,,
off,27,b3,blue,mid,法師,xingjie,,0,1,4,1,11664,12111,300,11.6,,,,0,,,,,,,,,,,,,,,,,,0,,
off,27,b4,blue,adc,射手,mori,,0,2,4,0,8184,9119,600,23.2,,,,0,,,,,,,,,,,,,,,,,,0,,
off,27,b5,blue,sup,坦克,tixue,,0,4,7,1,5824,17103,1200,46.3,,,,0,,,,,,,,,,,,,,,,,,0,,
off,27,r1,red,top,坦克,tiebi,,1,11,0,1,12996,19277,3336,128.8,,,,0,,,,,,,,,,,,,,,,,,0,,
off,27,r2,red,jungle,戰士,ronggang,,1,3,1,4,5420,9189,1993,76.9,,,,0,,,,,,,,,,,,,,,,,,0,,
off,27,r3,red,mid,法師,xingjie,,1,2,3,5,12667,10073,600,23.2,,,,0,,,,,,,,,,,,,,,,,,0,,
off,27,r4,red,adc,射手,mori,,1,3,3,0,14093,10345,900,34.7,,,,0,,,,,,,,,,,,,,,,,,0,,
off,27,r5,red,sup,坦克,tixue,,1,1,2,2,7474,15823,300,11.6,,,,0,,,,,,,,,,,,,,,,,,0,,
off,28,b1,blue,top,坦克,xukong,,0,1,8,0,7475,25528,300,9.7,,,,0,,,,,,,,,,,,,,,,,,0,,
off,28,b2,blue,jungle,刺客,yueying,,0,3,6,0,10364,15195,1738,56.4,,,,0,,,,,,,,,,,,,,,,,,0,,
off,28,b3,blue,mid,法師,auralith,,0,3,8,2,14914,19360,900,29.2,,,,0,,,,,,,,,,,,,,,,,,0,,
off,28,b4,blue,adc,射手,leiting,,0,4,5,0,17842,13182,1200,38.9,,,,0,,,,,,,,,,,,,,,,,,0,,
off,28,b5,blue,sup,坦克,ironclad,,0,1,7,0,6940,21160,300,9.7,,,,0,,,,,,,,,,,,,,,,,,0,,
off,28,r1,red,top,坦克,xukong,,1,11,0,1,15981,22731,3300,107,,,,0,,,,,,,,,,,,,,,,,,0,,
off,28,r2,red,jungle,刺客,yueying,,1,6,3,4,10183,14623,2881,93.4,,,,0,,,,,,,,,,,,,,,,,,0,,
off,28,r3,red,mid,法師,auralith,,1,8,2,3,18690,15904,2400,77.8,,,,0,,,,,,,,,,,,,,,,,,0,,
off,28,r4,red,adc,射手,leiting,,1,4,2,6,20526,10706,1200,38.9,,,,0,,,,,,,,,,,,,,,,,,0,,
off,28,r5,red,sup,坦克,ironclad,,1,5,5,5,8046,20035,1500,48.6,,,,0,,,,,,,,,,,,,,,,,,0,,
off,29,b1,blue,top,坦克,shiqiang,,0,0,3,0,4916,17787,0,0,,,,0,,,,,,,,,,,,,,,,,,0,,
off,29,b2,blue,jungle,刺客,leisuhunter,,0,0,5,0,5522,13255,667,26.4,,,,0,,,,,,,,,,,,,,,,,,0,,
off,29,b3,blue,mid,法師,xingjie,,0,1,0,0,11599,13317,300,11.9,,,,0,,,,,,,,,,,,,,,,,,0,,
off,29,b4,blue,adc,射手,liangzi,,0,1,5,0,10565,9595,300,11.9,,,,0,,,,,,,,,,,,,,,,,,0,,
off,29,b5,blue,sup,輔助,huanjing,,0,1,3,1,5500,12652,300,11.9,,,,0,,,,,,,,,,,,,,,,,,0,,
off,29,r1,red,top,坦克,shiqiang,,1,9,0,1,10372,19900,2700,106.8,,,,0,,,,,,,,,,,,,,,,,,0,,
off,29,r2,red,jungle,刺客,leisuhunter,,1,4,0,0,6173,9668,2111,83.5,,,,0,,,,,,,,,,,,,,,,,,0,,
off,29,r3,red,mid,法師,xingjie,,1,1,0,2,17208,12193,300,11.9,,,,0,,,,,,,,,,,,,,,,,,0,,
off,29,r4,red,adc,射手,liangzi,,1,0,2,2,8905,8138,0,0,,,,0,,,,,,,,,,,,,,,,,,0,,
off,29,r5,red,sup,輔助,huanjing,,1,2,1,2,3333,11773,600,23.7,,,,0,,,,,,,,,,,,,,,,,,0,,
off,30,b1,blue,top,坦克,tiemu,,1,6,3,1,13182,24398,1800,57,,,,0,,,,,,,,,,,,,,,,,,0,,
off,30,b2,blue,jungle,刺客,duskblade,,1,3,5,2,12018,16681,1586,50.2,,,,0,,,,,,,,,,,,,,,,,,0,,
off,30,b3,blue,mid,法師,gambler,,1,6,2,1,18676,16296,1800,57,,,,0,,,,,,,,,,,,,,,,,,0,,
off,30,b4,blue,adc,射手,shengyan,,1,6,9,2,18535,13620,1800,57,,,,0,,,,,,,,,,,,,,,,,,0,,
off,30,b5,blue,sup,坦克,dadi,,1,3,7,1,8810,21578,982,31.1,,,,0,,,,,,,,,,,,,,,,,,0,,
off,30,r1,red,top,坦克,tiemu,,0,8,3,2,17193,29137,2472,78.3,,,,0,,,,,,,,,,,,,,,,,,0,,
off,30,r2,red,jungle,刺客,duskblade,,0,6,4,2,11113,17591,2834,89.7,,,,0,,,,,,,,,,,,,,,,,,0,,
off,30,r3,red,mid,法師,gambler,,0,4,5,5,17452,17684,1200,38,,,,0,,,,,,,,,,,,,,,,,,0,,
off,30,r4,red,adc,射手,shengyan,,0,6,6,6,16800,13494,1800,57,,,,0,,,,,,,,,,,,,,,,,,0,,
off,30,r5,red,sup,坦克,dadi,,0,2,6,3,6998,21664,600,19,,,,0,,,,,,,,,,,,,,,,,,0,,
off,31,b1,blue,top,坦克,dadi,,1,3,5,0,14889,29063,928,30.5,,,,0,,,,,,,,,,,,,,,,,,0,,
off,31,b2,blue,jungle,刺客,binghe,,1,0,4,0,7443,13322,739,24.3,,,,0,,,,,,,,,,,,,,,,,,0,,
off,31,b3,blue,mid,法師,ronghuo,,1,4,3,1,17879,16903,1200,39.5,,,,0,,,,,,,,,,,,,,,,,,0,,
off,31,b4,blue,adc,射手,mirrorshot,,1,1,4,0,15464,14039,354,11.6,,,,0,,,,,,,,,,,,,,,,,,0,,
off,31,b5,blue,sup,坦克,thornwall,,1,1,7,1,5762,19261,300,9.9,,,,0,,,,,,,,,,,,,,,,,,0,,
off,31,r1,red,top,坦克,dadi,,0,9,0,3,14719,24760,2700,88.8,,,,0,,,,,,,,,,,,,,,,,,0,,
off,31,r2,red,jungle,刺客,binghe,,0,4,5,4,9191,15338,2333,76.7,,,,0,,,,,,,,,,,,,,,,,,0,,
off,31,r3,red,mid,法師,ronghuo,,0,5,2,2,23008,17516,1500,49.3,,,,0,,,,,,,,,,,,,,,,,,0,,
off,31,r4,red,adc,射手,mirrorshot,,0,1,2,4,11458,11325,300,9.9,,,,0,,,,,,,,,,,,,,,,,,0,,
off,31,r5,red,sup,坦克,thornwall,,0,4,0,5,8192,18040,1200,39.5,,,,0,,,,,,,,,,,,,,,,,,0,,
off,32,b1,blue,top,坦克,tixue,,0,0,1,0,5049,16444,0,0,,,,0,,,,,,,,,,,,,,,,,,0,,
off,32,b2,blue,jungle,刺客,jueying,,0,0,3,0,5028,10503,704,29.6,,,,0,,,,,,,,,,,,,,,,,,0,,
off,32,b3,blue,mid,法師,gambler,,0,2,1,0,11546,11669,600,25.2,,,,0,,,,,,,,,,,,,,,,,,0,,
off,32,b4,blue,adc,射手,hanbing,,0,1,4,0,7604,8753,300,12.6,,,,0,,,,,,,,,,,,,,,,,,0,,
off,32,b5,blue,sup,輔助,xuemai,,0,0,3,0,4841,10598,54,2.3,,,,0,,,,,,,,,,,,,,,,,,0,,
off,32,r1,red,top,坦克,tixue,,1,4,1,2,9825,17687,1254,52.7,,,,0,,,,,,,,,,,,,,,,,,0,,
off,32,r2,red,jungle,刺客,jueying,,1,5,1,0,7043,10368,2611,109.6,,,,0,,,,,,,,,,,,,,,,,,0,,
off,32,r3,red,mid,法師,gambler,,1,1,0,1,10328,10531,300,12.6,,,,0,,,,,,,,,,,,,,,,,,0,,
off,32,r4,red,adc,射手,hanbing,,1,2,1,1,9593,8223,600,25.2,,,,0,,,,,,,,,,,,,,,,,,0,,
off,32,r5,red,sup,輔助,xuemai,,1,0,0,0,2641,9272,0,0,,,,0,,,,,,,,,,,,,,,,,,0,,
off,33,b1,blue,top,坦克,stoneguard,,0,1,0,0,9164,16910,328,14.6,,,,0,,,,,,,,,,,,,,,,,,0,,
off,33,b2,blue,jungle,刺客,anye,,0,2,2,0,7043,10945,1258,56.2,,,,0,,,,,,,,,,,,,,,,,,0,,
off,33,b3,blue,mid,法師,ronghuo,,0,0,4,0,8700,9964,0,0,,,,0,,,,,,,,,,,,,,,,,,0,,
off,33,b4,blue,adc,射手,tianfa,,0,1,1,1,7037,8514,300,13.4,,,,0,,,,,,,,,,,,,,,,,,0,,
off,33,b5,blue,sup,輔助,fengshen,,0,0,4,1,3599,12070,0,0,,,,0,,,,,,,,,,,,,,,,,,0,,
off,33,r1,red,top,坦克,stoneguard,,1,4,0,1,8694,13533,1200,53.7,,,,0,,,,,,,,,,,,,,,,,,0,,
off,33,r2,red,jungle,刺客,anye,,1,4,2,0,5455,9363,1958,87.5,,,,0,,,,,,,,,,,,,,,,,,0,,
off,33,r3,red,mid,法師,ronghuo,,1,3,0,2,11401,9822,900,40.2,,,,0,,,,,,,,,,,,,,,,,,0,,
off,33,r4,red,adc,射手,tianfa,,1,0,0,3,10448,8165,0,0,,,,0,,,,,,,,,,,,,,,,,,0,,
off,33,r5,red,sup,輔助,fengshen,,1,0,2,2,5126,8460,0,0,,,,0,,,,,,,,,,,,,,,,,,0,,
off,34,b1,blue,top,坦克,thornwall,,1,8,2,3,15764,35730,2454,63.6,,,,0,,,,,,,,,,,,,,,,,,0,,
off,34,b2,blue,jungle,刺客,wuxing,,1,2,5,3,11468,18144,1653,42.8,,,,0,,,,,,,,,,,,,,,,,,0,,
off,34,b3,blue,mid,法師,gambler,,1,9,5,2,23503,23627,2700,69.9,,,,0,,,,,,,,,,,,,,,,,,0,,
off,34,b4,blue,adc,射手,dawnstrike,,1,12,6,1,30546,18169,3600,93.2,,,,0,,,,,,,,,,,,,,,,,,0,,
off,34,b5,blue,sup,坦克,suishan,,1,1,6,3,8325,26535,300,7.8,,,,0,,,,,,,,,,,,,,,,,,0,,
off,34,r1,red,top,坦克,thornwall,,0,11,3,0,18446,34132,3354,86.9,,,,0,,,,,,,,,,,,,,,,,,0,,
off,34,r2,red,jungle,刺客,wuxing,,0,2,5,2,11932,19040,2097,54.3,,,,0,,,,,,,,,,,,,,,,,,0,,
off,34,r3,red,mid,法師,gambler,,0,5,5,1,24985,23085,1500,38.9,,,,0,,,,,,,,,,,,,,,,,,0,,
off,34,r4,red,adc,射手,dawnstrike,,0,6,9,3,34826,17131,1800,46.6,,,,0,,,,,,,,,,,,,,,,,,0,,
off,34,r5,red,sup,坦克,suishan,,0,0,10,5,9213,26621,0,0,,,,0,,,,,,,,,,,,,,,,,,0,,
off,35,b1,blue,top,戰士,ravager,,0,0,3,1,8377,18239,0,0,,,,0,,,,,,,,,,,,,,,,,,0,,
off,35,b2,blue,jungle,刺客,voidrift,,0,1,1,0,4853,10815,795,32.3,,,,0,,,,,,,,,,,,,,,,,,0,,
off,35,b3,blue,mid,法師,ronghuo,,0,1,2,0,13228,12724,318,12.9,,,,0,,,,,,,,,,,,,,,,,,0,,
off,35,b4,blue,adc,射手,yanfeng,,0,4,1,1,8013,8276,1200,48.7,,,,0,,,,,,,,,,,,,,,,,,0,,
off,35,b5,blue,sup,輔助,shengming,,0,0,3,0,3359,11130,0,0,,,,0,,,,,,,,,,,,,,,,,,0,,
off,35,r1,red,top,戰士,ravager,,1,2,0,1,7574,16286,600,24.4,,,,0,,,,,,,,,,,,,,,,,,0,,
off,35,r2,red,jungle,刺客,voidrift,,1,2,0,0,6436,10547,1249,50.7,,,,0,,,,,,,,,,,,,,,,,,0,,
off,35,r3,red,mid,法師,ronghuo,,1,2,4,0,9824,13287,600,24.4,,,,0,,,,,,,,,,,,,,,,,,0,,
off,35,r4,red,adc,射手,yanfeng,,1,2,0,2,10722,9978,600,24.4,,,,0,,,,,,,,,,,,,,,,,,0,,
off,35,r5,red,sup,輔助,shengming,,1,2,2,1,5742,10783,600,24.4,,,,0,,,,,,,,,,,,,,,,,,0,,
off,36,b1,blue,top,戰士,dadi2,,1,1,0,0,7684,16294,300,12.1,,,,0,,,,,,,,,,,,,,,,,,0,,
off,36,b2,blue,jungle,刺客,jingxiang,,1,2,1,0,8216,11857,1168,46.9,,,,0,,,,,,,,,,,,,,,,,,0,,
off,36,b3,blue,mid,法師,haixiao,,1,2,3,0,10301,11731,654,26.3,,,,0,,,,,,,,,,,,,,,,,,0,,
off,36,b4,blue,adc,射手,siwang,,1,4,4,0,7691,9624,1200,48.2,,,,0,,,,,,,,,,,,,,,,,,0,,
off,36,b5,blue,sup,輔助,mingyun,,1,1,3,0,3436,9104,300,12.1,,,,0,,,,,,,,,,,,,,,,,,0,,
off,36,r1,red,top,戰士,dadi2,,0,3,2,1,9287,17032,900,36.2,,,,0,,,,,,,,,,,,,,,,,,0,,
off,36,r2,red,jungle,刺客,jingxiang,,0,4,0,0,8971,11843,2045,82.1,,,,0,,,,,,,,,,,,,,,,,,0,,
off,36,r3,red,mid,法師,haixiao,,0,1,3,1,10315,12075,300,12.1,,,,0,,,,,,,,,,,,,,,,,,0,,
off,36,r4,red,adc,射手,siwang,,0,3,5,0,8536,10538,900,36.2,,,,0,,,,,,,,,,,,,,,,,,0,,
off,36,r5,red,sup,輔助,mingyun,,0,0,0,1,2156,11639,0,0,,,,0,,,,,,,,,,,,,,,,,,0,,
off,37,b1,blue,top,戰士,ronggang,,0,2,7,1,17164,37108,618,15.3,,,,0,,,,,,,,,,,,,,,,,,0,,
off,37,b2,blue,jungle,刺客,guihuo,,0,4,9,1,15174,23598,2302,57.1,,,,0,,,,,,,,,,,,,,,,,,0,,
off,37,b3,blue,mid,法師,leiming,,0,2,14,2,25692,25703,600,14.9,,,,0,,,,,,,,,,,,,,,,,,0,,
off,37,b4,blue,adc,射手,maestro,,0,2,9,1,24832,18222,618,15.3,,,,0,,,,,,,,,,,,,,,,,,0,,
off,37,b5,blue,sup,坦克,suishan,,0,2,10,1,10764,31619,600,14.9,,,,0,,,,,,,,,,,,,,,,,,0,,
off,37,r1,red,top,戰士,ronggang,,1,14,3,1,27784,39882,4272,105.9,,,,0,,,,,,,,,,,,,,,,,,0,,
off,37,r2,red,jungle,刺客,guihuo,,1,7,3,3,12292,19870,3484,86.4,,,,0,,,,,,,,,,,,,,,,,,0,,
off,37,r3,red,mid,法師,leiming,,1,13,0,1,33269,23592,3900,96.7,,,,0,,,,,,,,,,,,,,,,,,0,,
off,37,r4,red,adc,射手,maestro,,1,10,3,5,31922,16793,3000,74.4,,,,0,,,,,,,,,,,,,,,,,,0,,
off,37,r5,red,sup,坦克,suishan,,1,5,3,2,9309,24372,1500,37.2,,,,0,,,,,,,,,,,,,,,,,,0,,
off,38,b1,blue,top,戰士,jingci,,0,2,2,1,10789,20204,600,23.4,,,,0,,,,,,,,,,,,,,,,,,0,,
off,38,b2,blue,jungle,戰士,fengbao,,0,3,1,0,8399,12013,1458,56.9,,,,0,,,,,,,,,,,,,,,,,,0,,
off,38,b3,blue,mid,法師,haixiao,,0,4,2,2,13930,12081,1200,46.8,,,,0,,,,,,,,,,,,,,,,,,0,,
off,38,b4,blue,adc,射手,liuxing,,0,0,5,2,10891,9843,0,0,,,,0,,,,,,,,,,,,,,,,,,0,,
off,38,b5,blue,sup,坦克,tieshixin,,0,3,3,2,5665,15021,900,35.1,,,,0,,,,,,,,,,,,,,,,,,0,,
off,38,r1,red,top,戰士,jingci,,1,9,1,0,15046,21812,2808,109.6,,,,0,,,,,,,,,,,,,,,,,,0,,
off,38,r2,red,jungle,戰士,fengbao,,1,1,2,3,8049,11677,1220,47.6,,,,0,,,,,,,,,,,,,,,,,,0,,
off,38,r3,red,mid,法師,haixiao,,1,3,4,1,13111,13500,900,35.1,,,,0,,,,,,,,,,,,,,,,,,0,,
off,38,r4,red,adc,射手,liuxing,,1,0,2,2,8749,8738,0,0,,,,0,,,,,,,,,,,,,,,,,,0,,
off,38,r5,red,sup,坦克,tieshixin,,1,0,3,2,4416,14902,54,2.1,,,,0,,,,,,,,,,,,,,,,,,0,,
off,39,b1,blue,top,戰士,longyi,,0,8,4,0,14770,33071,2400,66.8,,,,0,,,,,,,,,,,,,,,,,,0,,
off,39,b2,blue,jungle,戰士,ronggang,,0,4,5,1,11434,17321,2165,60.3,,,,0,,,,,,,,,,,,,,,,,,0,,
off,39,b3,blue,mid,法師,leiming,,0,4,6,6,26134,22682,1200,33.4,,,,0,,,,,,,,,,,,,,,,,,0,,
off,39,b4,blue,adc,射手,guangsu,,0,6,6,1,19348,16197,1800,50.1,,,,0,,,,,,,,,,,,,,,,,,0,,
off,39,b5,blue,sup,輔助,shiguang,,0,2,5,4,9259,21119,600,16.7,,,,0,,,,,,,,,,,,,,,,,,0,,
off,39,r1,red,top,戰士,longyi,,1,9,2,0,17026,29873,2754,76.7,,,,0,,,,,,,,,,,,,,,,,,0,,
off,39,r2,red,jungle,戰士,ronggang,,1,4,7,3,12815,18626,2366,65.9,,,,0,,,,,,,,,,,,,,,,,,0,,
off,39,r3,red,mid,法師,leiming,,1,10,4,1,25316,19201,3018,84,,,,0,,,,,,,,,,,,,,,,,,0,,
off,39,r4,red,adc,射手,guangsu,,1,2,8,3,21282,15925,600,16.7,,,,0,,,,,,,,,,,,,,,,,,0,,
off,39,r5,red,sup,輔助,shiguang,,1,1,3,5,11827,19225,318,8.9,,,,0,,,,,,,,,,,,,,,,,,0,,
off,40,b1,blue,top,戰士,chichuan,,0,2,1,0,10115,18378,600,24.8,,,,0,,,,,,,,,,,,,,,,,,0,,
off,40,b2,blue,jungle,戰士,kuangfeng,,0,1,1,0,6069,8945,976,40.4,,,,0,,,,,,,,,,,,,,,,,,0,,
off,40,b3,blue,mid,法師,haixiao,,0,4,1,1,9962,12362,1228,50.8,,,,0,,,,,,,,,,,,,,,,,,0,,
off,40,b4,blue,adc,射手,mori,,0,2,1,3,12895,9221,600,24.8,,,,0,,,,,,,,,,,,,,,,,,0,,
off,40,b5,blue,sup,坦克,tixue,,0,0,4,1,4614,15375,54,2.2,,,,0,,,,,,,,,,,,,,,,,,0,,
off,40,r1,red,top,戰士,chichuan,,1,1,1,0,11458,19764,300,12.4,,,,0,,,,,,,,,,,,,,,,,,0,,
off,40,r2,red,jungle,戰士,kuangfeng,,1,2,2,0,5161,9938,1357,56.2,,,,0,,,,,,,,,,,,,,,,,,0,,
off,40,r3,red,mid,法師,haixiao,,1,2,3,0,10781,13614,600,24.8,,,,0,,,,,,,,,,,,,,,,,,0,,
off,40,r4,red,adc,射手,mori,,1,1,1,2,10634,8814,300,12.4,,,,0,,,,,,,,,,,,,,,,,,0,,
off,40,r5,red,sup,坦克,tixue,,1,2,2,4,4998,16002,600,24.8,,,,0,,,,,,,,,,,,,,,,,,0,,
off,41,b1,blue,top,戰士,xueyue,,0,1,2,1,13760,21997,300,11.6,,,,0,,,,,,,,,,,,,,,,,,0,,
off,41,b2,blue,jungle,戰士,longyi,,0,1,5,1,7756,13590,1093,42.2,,,,0,,,,,,,,,,,,,,,,,,0,,
off,41,b3,blue,mid,法師,leiming,,0,0,2,1,16918,15487,0,0,,,,0,,,,,,,,,,,,,,,,,,0,,
off,41,b4,blue,adc,射手,leiting,,0,0,8,0,7398,11633,0,0,,,,0,,,,,,,,,,,,,,,,,,0,,
off,41,b5,blue,sup,坦克,ironclad,,0,4,3,0,4295,15974,1272,49.1,,,,0,,,,,,,,,,,,,,,,,,0,,
off,41,r1,red,top,戰士,xueyue,,1,8,0,1,15232,21041,2400,92.7,,,,0,,,,,,,,,,,,,,,,,,0,,
off,41,r2,red,jungle,戰士,longyi,,1,0,1,2,6372,9439,872,33.7,,,,0,,,,,,,,,,,,,,,,,,0,,
off,41,r3,red,mid,法師,leiming,,1,3,2,4,13721,12431,918,35.4,,,,0,,,,,,,,,,,,,,,,,,0,,
off,41,r4,red,adc,射手,leiting,,1,4,1,3,13522,9159,1236,47.7,,,,0,,,,,,,,,,,,,,,,,,0,,
off,41,r5,red,sup,坦克,ironclad,,1,5,2,2,7761,17450,1518,58.6,,,,0,,,,,,,,,,,,,,,,,,0,,
off,42,b1,blue,top,戰士,fengbao,,1,3,0,0,9102,19731,900,33.2,,,,0,,,,,,,,,,,,,,,,,,0,,
off,42,b2,blue,jungle,戰士,ravager,,1,4,1,1,8653,12272,1921,70.8,,,,0,,,,,,,,,,,,,,,,,,0,,
off,42,b3,blue,mid,法師,mingyun2,,1,6,2,3,14743,14106,1800,66.4,,,,0,,,,,,,,,,,,,,,,,,0,,
off,42,b4,blue,adc,射手,liangzi,,1,1,3,7,13070,10007,354,13.1,,,,0,,,,,,,,,,,,,,,,,,0,,
off,42,b5,blue,sup,輔助,huanjing,,1,2,2,4,7799,13975,618,22.8,,,,0,,,,,,,,,,,,,,,,,,0,,
off,42,r1,red,top,戰士,fengbao,,0,6,3,0,11755,22317,1800,66.4,,,,0,,,,,,,,,,,,,,,,,,0,,
off,42,r2,red,jungle,戰士,ravager,,0,1,4,1,8951,13259,1354,49.9,,,,0,,,,,,,,,,,,,,,,,,0,,
off,42,r3,red,mid,法師,mingyun2,,0,1,4,2,11954,14147,300,11.1,,,,0,,,,,,,,,,,,,,,,,,0,,
off,42,r4,red,adc,射手,liangzi,,0,0,2,1,9798,11273,0,0,,,,0,,,,,,,,,,,,,,,,,,0,,
off,42,r5,red,sup,輔助,huanjing,,0,0,3,3,6829,13740,0,0,,,,0,,,,,,,,,,,,,,,,,,0,,
off,43,b1,blue,top,戰士,rongyan,,0,0,0,0,8601,20192,0,0,,,,0,,,,,,,,,,,,,,,,,,0,,
off,43,b2,blue,jungle,戰士,dushe,,0,1,1,0,4802,10397,985,39.5,,,,0,,,,,,,,,,,,,,,,,,0,,
off,43,b3,blue,mid,法師,bingshuang,,0,1,2,0,8835,13247,300,12,,,,0,,,,,,,,,,,,,,,,,,0,,
off,43,b4,blue,adc,射手,shengyan,,0,1,3,0,6881,9873,300,12,,,,0,,,,,,,,,,,,,,,,,,0,,
off,43,b5,blue,sup,輔助,zhanchang,,0,0,2,0,4000,11588,0,0,,,,0,,,,,,,,,,,,,,,,,,0,,
off,43,r1,red,top,戰士,rongyan,,1,2,1,0,8092,17716,600,24.1,,,,0,,,,,,,,,,,,,,,,,,0,,
off,43,r2,red,jungle,戰士,dushe,,1,0,0,0,3376,8662,850,34.1,,,,0,,,,,,,,,,,,,,,,,,0,,
off,43,r3,red,mid,法師,bingshuang,,1,3,0,0,12665,12621,900,36.1,,,,0,,,,,,,,,,,,,,,,,,0,,
off,43,r4,red,adc,射手,shengyan,,1,1,1,3,13486,9055,300,12,,,,0,,,,,,,,,,,,,,,,,,0,,
off,43,r5,red,sup,輔助,zhanchang,,1,2,1,1,6096,11610,600,24.1,,,,0,,,,,,,,,,,,,,,,,,0,,
off,44,b1,blue,top,戰士,embercoil,,0,2,3,1,7485,18338,600,24.6,,,,0,,,,,,,,,,,,,,,,,,0,,
off,44,b2,blue,jungle,戰士,jufeng,,0,2,2,1,5265,12485,1132,46.5,,,,0,,,,,,,,,,,,,,,,,,0,,
off,44,b3,blue,mid,法師,mingyun2,,0,4,3,0,11407,13440,1200,49.3,,,,0,,,,,,,,,,,,,,,,,,0,,
off,44,b4,blue,adc,射手,mirrorshot,,0,3,4,1,12233,8823,900,37,,,,0,,,,,,,,,,,,,,,,,,0,,
off,44,b5,blue,sup,坦克,thornwall,,0,0,2,2,4279,14388,0,0,,,,0,,,,,,,,,,,,,,,,,,0,,
off,44,r1,red,top,戰士,embercoil,,1,8,0,0,8083,16596,2400,98.6,,,,0,,,,,,,,,,,,,,,,,,0,,
off,44,r2,red,jungle,戰士,jufeng,,1,3,5,1,6382,10397,1819,74.7,,,,0,,,,,,,,,,,,,,,,,,0,,
off,44,r3,red,mid,法師,mingyun2,,1,1,2,6,16965,10742,300,12.3,,,,0,,,,,,,,,,,,,,,,,,0,,
off,44,r4,red,adc,射手,mirrorshot,,1,1,3,3,9785,8225,300,12.3,,,,0,,,,,,,,,,,,,,,,,,0,,
off,44,r5,red,sup,坦克,thornwall,,1,1,1,8,7607,13844,300,12.3,,,,0,,,,,,,,,,,,,,,,,,0,,
off,45,b1,blue,top,戰士,cinderfist,,0,1,1,0,5319,16955,300,12.7,,,,0,,,,,,,,,,,,,,,,,,0,,
off,45,b2,blue,jungle,戰士,langwang,,0,0,3,1,2952,10359,632,26.8,,,,0,,,,,,,,,,,,,,,,,,0,,
off,45,b3,blue,mid,法師,bingshuang,,0,0,3,0,10991,12266,0,0,,,,0,,,,,,,,,,,,,,,,,,0,,
off,45,b4,blue,adc,射手,dujian,,0,1,10,0,5724,9815,300,12.7,,,,0,,,,,,,,,,,,,,,,,,0,,
off,45,b5,blue,sup,輔助,xuemai,,0,1,2,1,3144,10082,300,12.7,,,,0,,,,,,,,,,,,,,,,,,0,,
off,45,r1,red,top,戰士,cinderfist,,1,5,1,0,6388,17955,1500,63.5,,,,0,,,,,,,,,,,,,,,,,,0,,
off,45,r2,red,jungle,戰士,langwang,,1,3,1,0,5136,9674,1792,75.8,,,,0,,,,,,,,,,,,,,,,,,0,,
off,45,r3,red,mid,法師,bingshuang,,1,5,1,1,10262,11475,1500,63.5,,,,0,,,,,,,,,,,,,,,,,,0,,
off,45,r4,red,adc,射手,dujian,,1,2,0,4,9071,7393,600,25.4,,,,0,,,,,,,,,,,,,,,,,,0,,
off,45,r5,red,sup,輔助,xuemai,,1,4,0,3,4717,10480,1200,50.8,,,,0,,,,,,,,,,,,,,,,,,0,,
off,46,b1,blue,top,戰士,leimingcf,,1,3,1,1,10726,22680,900,33.1,,,,0,,,,,,,,,,,,,,,,,,0,,
off,46,b2,blue,jungle,戰士,tielian,,1,2,2,2,8190,11738,1412,52,,,,0,,,,,,,,,,,,,,,,,,0,,
off,46,b3,blue,mid,法師,mingyun2,,1,3,3,1,11642,14674,900,33.1,,,,0,,,,,,,,,,,,,,,,,,0,,
off,46,b4,blue,adc,射手,tianfa,,1,3,2,1,11370,9981,900,33.1,,,,0,,,,,,,,,,,,,,,,,,0,,
off,46,b5,blue,sup,輔助,fengshen,,1,1,5,1,5718,14890,300,11,,,,0,,,,,,,,,,,,,,,,,,0,,
off,46,r1,red,top,戰士,leimingcf,,0,2,0,2,11205,21904,600,22.1,,,,0,,,,,,,,,,,,,,,,,,0,,
off,46,r2,red,jungle,戰士,tielian,,0,6,2,1,9178,13285,2807,103.3,,,,0,,,,,,,,,,,,,,,,,,0,,
off,46,r3,red,mid,法師,mingyun2,,0,3,3,1,12972,14601,900,33.1,,,,0,,,,,,,,,,,,,,,,,,0,,
off,46,r4,red,adc,射手,tianfa,,0,2,4,5,11609,11710,600,22.1,,,,0,,,,,,,,,,,,,,,,,,0,,
off,46,r5,red,sup,輔助,fengshen,,0,0,3,3,5921,13790,0,0,,,,0,,,,,,,,,,,,,,,,,,0,,
off,47,b1,blue,top,戰士,jufeng,,0,0,2,0,4783,17121,0,0,,,,0,,,,,,,,,,,,,,,,,,0,,
off,47,b2,blue,jungle,戰士,greymantle,,0,0,4,1,6445,9798,568,24,,,,0,,,,,,,,,,,,,,,,,,0,,
off,47,b3,blue,mid,法師,bingshuang,,0,2,0,1,9664,11942,600,25.3,,,,0,,,,,,,,,,,,,,,,,,0,,
off,47,b4,blue,adc,射手,dawnstrike,,0,1,5,0,8474,9707,300,12.7,,,,0,,,,,,,,,,,,,,,,,,0,,
off,47,b5,blue,sup,坦克,stoneguard,,0,2,1,1,4998,14300,600,25.3,,,,0,,,,,,,,,,,,,,,,,,0,,
off,47,r1,red,top,戰士,jufeng,,1,2,1,0,8042,14997,600,25.3,,,,0,,,,,,,,,,,,,,,,,,0,,
off,47,r2,red,jungle,戰士,greymantle,,1,3,0,1,5596,9323,1903,80.3,,,,0,,,,,,,,,,,,,,,,,,0,,
off,47,r3,red,mid,法師,bingshuang,,1,3,2,2,9406,12069,954,40.3,,,,0,,,,,,,,,,,,,,,,,,0,,
off,47,r4,red,adc,射手,dawnstrike,,1,2,1,3,10158,8034,600,25.3,,,,0,,,,,,,,,,,,,,,,,,0,,
off,47,r5,red,sup,坦克,stoneguard,,1,2,1,2,6538,13853,600,25.3,,,,0,,,,,,,,,,,,,,,,,,0,,
off,48,b1,blue,top,戰士,anliuyouXia,,0,1,3,1,8575,23698,300,10.9,,,,0,,,,,,,,,,,,,,,,,,0,,
off,48,b2,blue,jungle,刺客,miwu,,0,2,1,0,7682,13311,1411,51.1,,,,0,,,,,,,,,,,,,,,,,,0,,
off,48,b3,blue,mid,法師,lieyan,,0,1,3,2,10789,14402,318,11.5,,,,0,,,,,,,,,,,,,,,,,,0,,
off,48,b4,blue,adc,射手,yanfeng,,0,3,5,1,10924,11296,900,32.6,,,,0,,,,,,,,,,,,,,,,,,0,,
off,48,b5,blue,sup,坦克,bingshouweis,,0,1,7,0,4483,16799,300,10.9,,,,0,,,,,,,,,,,,,,,,,,0,,
off,48,r1,red,top,戰士,anliuyouXia,,1,2,0,1,11778,20060,654,23.7,,,,0,,,,,,,,,,,,,,,,,,0,,
off,48,r2,red,jungle,刺客,miwu,,1,2,1,0,4886,9816,1621,58.7,,,,0,,,,,,,,,,,,,,,,,,0,,
off,48,r3,red,mid,法師,lieyan,,1,7,1,4,18018,13806,2100,76,,,,0,,,,,,,,,,,,,,,,,,0,,
off,48,r4,red,adc,射手,yanfeng,,1,6,3,4,19071,11174,1800,65.2,,,,0,,,,,,,,,,,,,,,,,,0,,
off,48,r5,red,sup,坦克,bingshouweis,,1,2,3,1,4074,14158,600,21.7,,,,0,,,,,,,,,,,,,,,,,,0,,
off,49,b1,blue,top,戰士,tielian,,1,2,0,0,6475,21576,600,23.9,,,,0,,,,,,,,,,,,,,,,,,0,,
off,49,b2,blue,jungle,刺客,jueying,,1,1,1,0,5172,11997,1064,42.4,,,,0,,,,,,,,,,,,,,,,,,0,,
off,49,b3,blue,mid,法師,shikong,,1,3,5,0,8792,14297,900,35.8,,,,0,,,,,,,,,,,,,,,,,,0,,
off,49,b4,blue,adc,射手,siwang,,1,0,2,1,6252,10122,0,0,,,,0,,,,,,,,,,,,,,,,,,0,,
off,49,b5,blue,sup,輔助,mingyun,,1,0,2,0,5141,13465,0,0,,,,0,,,,,,,,,,,,,,,,,,0,,
off,49,r1,red,top,戰士,tielian,,0,2,1,0,8693,16236,600,23.9,,,,0,,,,,,,,,,,,,,,,,,0,,
off,49,r2,red,jungle,刺客,jueying,,0,4,1,1,7389,10968,2188,87.1,,,,0,,,,,,,,,,,,,,,,,,0,,
off,49,r3,red,mid,法師,shikong,,0,2,1,2,16491,11723,600,23.9,,,,0,,,,,,,,,,,,,,,,,,0,,
off,49,r4,red,adc,射手,siwang,,0,1,3,2,10461,8810,354,14.1,,,,0,,,,,,,,,,,,,,,,,,0,,
off,49,r5,red,sup,輔助,mingyun,,0,1,0,1,5186,11093,300,11.9,,,,0,,,,,,,,,,,,,,,,,,0,,
off,50,b1,blue,top,戰士,longyi,,0,1,6,0,9693,22085,300,11,,,,0,,,,,,,,,,,,,,,,,,0,,
off,50,b2,blue,jungle,刺客,anye,,0,2,3,0,7615,14836,1339,48.9,,,,0,,,,,,,,,,,,,,,,,,0,,
off,50,b3,blue,mid,法師,lieyan,,0,0,6,1,15038,15455,28,1,,,,0,,,,,,,,,,,,,,,,,,0,,
off,50,b4,blue,adc,射手,maestro,,0,1,5,0,10931,10704,300,11,,,,0,,,,,,,,,,,,,,,,,,0,,
off,50,b5,blue,sup,坦克,suishan,,0,1,3,1,4892,16516,354,12.9,,,,0,,,,,,,,,,,,,,,,,,0,,
off,50,r1,red,top,戰士,longyi,,1,9,0,3,17169,21930,2700,98.6,,,,0,,,,,,,,,,,,,,,,,,0,,
off,50,r2,red,jungle,刺客,anye,,1,5,2,2,8192,12152,2413,88.2,,,,0,,,,,,,,,,,,,,,,,,0,,
off,50,r3,red,mid,法師,lieyan,,1,2,1,4,14164,11495,654,23.9,,,,0,,,,,,,,,,,,,,,,,,0,,
off,50,r4,red,adc,射手,maestro,,1,5,1,2,17918,10243,1500,54.8,,,,0,,,,,,,,,,,,,,,,,,0,,
off,50,r5,red,sup,坦克,suishan,,1,2,1,2,5819,15113,600,21.9,,,,0,,,,,,,,,,,,,,,,,,0,,
off,51,b1,blue,top,戰士,chichuan,,0,0,1,1,6836,18061,0,0,,,,0,,,,,,,,,,,,,,,,,,0,,
off,51,b2,blue,jungle,刺客,hundun,,0,0,3,1,4201,9390,926,36.9,,,,0,,,,,,,,,,,,,,,,,,0,,
off,51,b3,blue,mid,法師,shikong,,0,2,7,0,9365,13774,600,23.9,,,,0,,,,,,,,,,,,,,,,,,0,,
off,51,b4,blue,adc,射手,huanying,,0,2,3,0,8196,9769,672,26.8,,,,0,,,,,,,,,,,,,,,,,,0,,
off,51,b5,blue,sup,坦克,tieshixin,,0,2,7,0,5175,16262,618,24.6,,,,0,,,,,,,,,,,,,,,,,,0,,
off,51,r1,red,top,戰士,chichuan,,1,5,1,0,7479,16751,1500,59.7,,,,0,,,,,,,,,,,,,,,,,,0,,
off,51,r2,red,jungle,刺客,hundun,,1,6,1,5,9648,10829,2845,113.3,,,,0,,,,,,,,,,,,,,,,,,0,,
off,51,r3,red,mid,法師,shikong,,1,5,2,2,9382,12084,1500,59.7,,,,0,,,,,,,,,,,,,,,,,,0,,
off,51,r4,red,adc,射手,huanying,,1,3,2,0,15601,9521,915,36.4,,,,0,,,,,,,,,,,,,,,,,,0,,
off,51,r5,red,sup,坦克,tieshixin,,1,2,0,5,5559,13110,669,26.6,,,,0,,,,,,,,,,,,,,,,,,0,,
off,52,b1,blue,top,戰士,xueyue,,0,1,3,0,6275,18465,300,12.5,,,,0,,,,,,,,,,,,,,,,,,0,,
off,52,b2,blue,jungle,刺客,razorwing,,0,0,3,0,4978,11745,631,26.2,,,,0,,,,,,,,,,,,,,,,,,0,,
off,52,b3,blue,mid,法師,lieyan,,0,2,1,1,8705,11182,600,24.9,,,,0,,,,,,,,,,,,,,,,,,0,,
off,52,b4,blue,adc,射手,guangsu,,0,1,5,0,9174,8435,300,12.5,,,,0,,,,,,,,,,,,,,,,,,0,,
off,52,b5,blue,sup,輔助,shiguang,,0,1,4,0,4333,10927,354,14.7,,,,0,,,,,,,,,,,,,,,,,,0,,
off,52,r1,red,top,戰士,xueyue,,1,8,2,0,11886,17424,2400,99.7,,,,0,,,,,,,,,,,,,,,,,,0,,
off,52,r2,red,jungle,刺客,razorwing,,1,6,0,1,9026,11131,2528,105,,,,0,,,,,,,,,,,,,,,,,,0,,
off,52,r3,red,mid,法師,lieyan,,1,1,1,3,10110,11121,300,12.5,,,,0,,,,,,,,,,,,,,,,,,0,,
off,52,r4,red,adc,射手,guangsu,,1,1,1,2,8554,7336,300,12.5,,,,0,,,,,,,,,,,,,,,,,,0,,
off,52,r5,red,sup,輔助,shiguang,,1,0,1,4,3754,10396,0,0,,,,0,,,,,,,,,,,,,,,,,,0,,
off,53,b1,blue,top,戰士,langwang,,0,3,4,0,13059,26408,900,29.7,,,,0,,,,,,,,,,,,,,,,,,0,,
off,53,b2,blue,jungle,刺客,jingxiang,,0,1,5,0,5944,13352,1103,36.3,,,,0,,,,,,,,,,,,,,,,,,0,,
off,53,b3,blue,mid,法師,auralith,,0,3,3,2,15877,16340,928,30.6,,,,0,,,,,,,,,,,,,,,,,,0,,
off,53,b4,blue,adc,射手,mori,,0,2,9,3,14357,12952,600,19.8,,,,0,,,,,,,,,,,,,,,,,,0,,
off,53,b5,blue,sup,輔助,fuwenbianzhi,,0,3,4,1,9078,16397,900,29.7,,,,0,,,,,,,,,,,,,,,,,,0,,
off,53,r1,red,top,戰士,langwang,,1,12,1,1,15878,24965,3600,118.6,,,,0,,,,,,,,,,,,,,,,,,0,,
off,53,r2,red,jungle,刺客,jingxiang,,1,4,3,1,11346,16033,2187,72.1,,,,0,,,,,,,,,,,,,,,,,,0,,
off,53,r3,red,mid,法師,auralith,,1,3,2,0,16681,16316,900,29.7,,,,0,,,,,,,,,,,,,,,,,,0,,
off,53,r4,red,adc,射手,mori,,1,4,4,0,11271,11430,1200,39.5,,,,0,,,,,,,,,,,,,,,,,,0,,
off,53,r5,red,sup,輔助,fuwenbianzhi,,1,2,2,5,7603,14948,600,19.8,,,,0,,,,,,,,,,,,,,,,,,0,,
off,54,b1,blue,top,戰士,kuangfeng,,0,0,2,1,10687,17462,0,0,,,,0,,,,,,,,,,,,,,,,,,0,,
off,54,b2,blue,jungle,刺客,sting,,0,2,0,1,3855,9252,1194,50.6,,,,0,,,,,,,,,,,,,,,,,,0,,
off,54,b3,blue,mid,法師,xingjie,,0,3,1,0,10682,11595,900,38.1,,,,0,,,,,,,,,,,,,,,,,,0,,
off,54,b4,blue,adc,射手,leiting,,0,3,3,0,8904,9412,900,38.1,,,,0,,,,,,,,,,,,,,,,,,0,,
off,54,b5,blue,sup,坦克,ironclad,,0,1,4,1,4293,14074,300,12.7,,,,0,,,,,,,,,,,,,,,,,,0,,
off,54,r1,red,top,戰士,kuangfeng,,1,3,0,0,10785,20067,900,38.1,,,,0,,,,,,,,,,,,,,,,,,0,,
off,54,r2,red,jungle,刺客,sting,,1,4,1,1,6178,8961,2201,93.2,,,,0,,,,,,,,,,,,,,,,,,0,,
off,54,r3,red,mid,法師,xingjie,,1,1,2,1,10547,11072,300,12.7,,,,0,,,,,,,,,,,,,,,,,,0,,
off,54,r4,red,adc,射手,leiting,,1,2,3,3,9598,8207,600,25.4,,,,0,,,,,,,,,,,,,,,,,,0,,
off,54,r5,red,sup,坦克,ironclad,,1,0,3,3,4170,13428,0,0,,,,0,,,,,,,,,,,,,,,,,,0,,
off,55,b1,blue,top,戰士,greymantle,,1,7,2,0,13936,31547,2118,62.6,,,,0,,,,,,,,,,,,,,,,,,0,,
off,55,b2,blue,jungle,刺客,yingsi,,1,1,4,1,5989,15998,1382,40.8,,,,0,,,,,,,,,,,,,,,,,,0,,
off,55,b3,blue,mid,法師,auralith,,1,3,7,2,19027,19346,900,26.6,,,,0,,,,,,,,,,,,,,,,,,0,,
off,55,b4,blue,adc,射手,liangzi,,1,1,3,0,20039,14046,300,8.9,,,,0,,,,,,,,,,,,,,,,,,0,,
off,55,b5,blue,sup,輔助,huanjing,,1,2,4,0,11568,20663,600,17.7,,,,0,,,,,,,,,,,,,,,,,,0,,
off,55,r1,red,top,戰士,greymantle,,0,9,2,0,12703,29461,2700,79.8,,,,0,,,,,,,,,,,,,,,,,,0,,
off,55,r2,red,jungle,刺客,yingsi,,0,4,3,1,11327,19233,2458,72.6,,,,0,,,,,,,,,,,,,,,,,,0,,
off,55,r3,red,mid,法師,auralith,,0,3,2,2,23511,17660,954,28.2,,,,0,,,,,,,,,,,,,,,,,,0,,
off,55,r4,red,adc,射手,liangzi,,0,3,5,3,22322,14793,900,26.6,,,,0,,,,,,,,,,,,,,,,,,0,,
off,55,r5,red,sup,輔助,huanjing,,0,1,2,5,8535,16545,408,12.1,,,,0,,,,,,,,,,,,,,,,,,0,,
off,56,b1,blue,top,戰士,ravager,,0,2,3,0,6872,19526,600,26.4,,,,0,,,,,,,,,,,,,,,,,,0,,
off,56,b2,blue,jungle,刺客,youming,,0,0,0,0,3731,9388,604,26.6,,,,0,,,,,,,,,,,,,,,,,,0,,
off,56,b3,blue,mid,法師,xingjie,,0,0,1,1,11974,11880,0,0,,,,0,,,,,,,,,,,,,,,,,,0,,
off,56,b4,blue,adc,射手,shengyan,,0,0,5,0,7137,8270,18,0.8,,,,0,,,,,,,,,,,,,,,,,,0,,
off,56,b5,blue,sup,輔助,zhanchang,,0,0,1,0,3780,11952,0,0,,,,0,,,,,,,,,,,,,,,,,,0,,
off,56,r1,red,top,戰士,ravager,,1,4,0,0,10658,18127,1200,52.9,,,,0,,,,,,,,,,,,,,,,,,0,,
off,56,r2,red,jungle,刺客,youming,,1,3,0,0,4968,7772,1870,82.4,,,,0,,,,,,,,,,,,,,,,,,0,,
off,56,r3,red,mid,法師,xingjie,,1,2,0,1,13101,10833,600,26.4,,,,0,,,,,,,,,,,,,,,,,,0,,
off,56,r4,red,adc,射手,shengyan,,1,0,0,1,13495,8166,0,0,,,,0,,,,,,,,,,,,,,,,,,0,,
off,56,r5,red,sup,輔助,zhanchang,,1,1,2,1,4148,10315,354,15.6,,,,0,,,,,,,,,,,,,,,,,,0,,
off,57,b1,blue,top,戰士,leimingcf,,0,1,1,1,9333,21410,354,14.2,,,,0,,,,,,,,,,,,,,,,,,0,,
off,57,b2,blue,jungle,刺客,yueying,,0,1,3,2,5181,11415,824,33.1,,,,0,,,,,,,,,,,,,,,,,,0,,
off,57,b3,blue,mid,法師,auralith,,0,2,2,0,13917,13765,654,26.3,,,,0,,,,,,,,,,,,,,,,,,0,,
off,57,b4,blue,adc,射手,xingchen,,0,4,6,0,11406,9652,1200,48.2,,,,0,,,,,,,,,,,,,,,,,,0,,
off,57,b5,blue,sup,坦克,thornwall,,0,1,5,1,3226,14116,300,12,,,,0,,,,,,,,,,,,,,,,,,0,,
off,57,r1,red,top,戰士,leimingcf,,1,6,1,1,11458,18031,1818,73,,,,0,,,,,,,,,,,,,,,,,,0,,
off,57,r2,red,jungle,刺客,yueying,,1,4,0,0,4978,9753,1972,79.2,,,,0,,,,,,,,,,,,,,,,,,0,,
off,57,r3,red,mid,法師,auralith,,1,2,2,2,16939,13214,600,24.1,,,,0,,,,,,,,,,,,,,,,,,0,,
off,57,r4,red,adc,射手,xingchen,,1,3,2,4,13754,8061,900,36.1,,,,0,,,,,,,,,,,,,,,,,,0,,
off,57,r5,red,sup,坦克,thornwall,,1,2,4,4,4595,13424,600,24.1,,,,0,,,,,,,,,,,,,,,,,,0,,
off,58,b1,blue,top,坦克,tiankong,,0,1,4,0,10827,22480,300,10.2,,,,0,,,,,,,,,,,,,,,,,,0,,
off,58,b2,blue,jungle,戰士,tielian,,0,1,6,0,5093,11756,1066,36.3,,,,0,,,,,,,,,,,,,,,,,,0,,
off,58,b3,blue,mid,法師,xingjie,,0,2,5,1,18765,17216,600,20.4,,,,0,,,,,,,,,,,,,,,,,,0,,
off,58,b4,blue,adc,射手,dujian,,0,3,4,0,13310,12223,900,30.6,,,,0,,,,,,,,,,,,,,,,,,0,,
off,58,b5,blue,sup,坦克,tiebi,,0,1,6,0,5434,19778,300,10.2,,,,0,,,,,,,,,,,,,,,,,,0,,
off,58,r1,red,top,坦克,tiankong,,1,8,1,0,14298,23807,2400,81.7,,,,0,,,,,,,,,,,,,,,,,,0,,
off,58,r2,red,jungle,戰士,tielian,,1,5,1,5,10573,12354,2611,88.9,,,,0,,,,,,,,,,,,,,,,,,0,,
off,58,r3,red,mid,法師,xingjie,,1,4,3,2,18175,15515,1200,40.9,,,,0,,,,,,,,,,,,,,,,,,0,,
off,58,r4,red,adc,射手,dujian,,1,5,1,1,17136,11394,1500,51.1,,,,0,,,,,,,,,,,,,,,,,,0,,
off,58,r5,red,sup,坦克,tiebi,,1,3,2,6,8032,19060,900,30.6,,,,0,,,,,,,,,,,,,,,,,,0,,
off,59,b1,blue,top,坦克,tiebi,,0,0,4,0,4345,17575,18,0.8,,,,0,,,,,,,,,,,,,,,,,,0,,
off,59,b2,blue,jungle,戰士,cinderfist,,0,3,3,0,5896,10744,1477,64,,,,0,,,,,,,,,,,,,,,,,,0,,
off,59,b3,blue,mid,法師,gambler,,0,0,4,1,6863,10683,0,0,,,,0,,,,,,,,,,,,,,,,,,0,,
off,59,b4,blue,adc,射手,tianfa,,0,4,2,0,7194,9418,1254,54.3,,,,0,,,,,,,,,,,,,,,,,,0,,
off,59,b5,blue,sup,輔助,fengshen,,0,0,5,2,4716,12338,0,0,,,,0,,,,,,,,,,,,,,,,,,0,,
off,59,r1,red,top,坦克,tiebi,,1,4,0,1,7365,14658,1200,52,,,,0,,,,,,,,,,,,,,,,,,0,,
off,59,r2,red,jungle,戰士,cinderfist,,1,6,1,0,7324,10651,2717,117.7,,,,0,,,,,,,,,,,,,,,,,,0,,
off,59,r3,red,mid,法師,gambler,,1,5,2,7,13225,10629,1500,65,,,,0,,,,,,,,,,,,,,,,,,0,,
off,59,r4,red,adc,射手,tianfa,,1,2,3,2,10712,7901,600,26,,,,0,,,,,,,,,,,,,,,,,,0,,
off,59,r5,red,sup,輔助,fengshen,,1,1,1,0,2366,8627,300,13,,,,0,,,,,,,,,,,,,,,,,,0,,
off,60,b1,blue,top,坦克,shengdun,,0,0,1,1,9489,17069,0,0,,,,0,,,,,,,,,,,,,,,,,,0,,
off,60,b2,blue,jungle,戰士,dushe,,0,1,1,0,5941,8332,946,41.4,,,,0,,,,,,,,,,,,,,,,,,0,,
off,60,b3,blue,mid,法師,ronghuo,,0,3,0,0,11602,11727,900,39.4,,,,0,,,,,,,,,,,,,,,,,,0,,
off,60,b4,blue,adc,射手,dawnstrike,,0,1,6,0,6519,9049,318,13.9,,,,0,,,,,,,,,,,,,,,,,,0,,
off,60,b5,blue,sup,坦克,stoneguard,,0,2,5,1,3364,12561,600,26.3,,,,0,,,,,,,,,,,,,,,,,,0,,
off,60,r1,red,top,坦克,shengdun,,1,2,0,0,7603,15770,600,26.3,,,,0,,,,,,,,,,,,,,,,,,0,,
off,60,r2,red,jungle,戰士,dushe,,1,4,2,0,7969,9590,2281,99.9,,,,0,,,,,,,,,,,,,,,,,,0,,
off,60,r3,red,mid,法師,ronghuo,,1,2,1,0,9104,11994,600,26.3,,,,0,,,,,,,,,,,,,,,,,,0,,
off,60,r4,red,adc,射手,dawnstrike,,1,3,3,3,8087,8449,900,39.4,,,,0,,,,,,,,,,,,,,,,,,0,,
off,60,r5,red,sup,坦克,stoneguard,,1,2,1,1,5193,13409,600,26.3,,,,0,,,,,,,,,,,,,,,,,,0,,
off,61,b1,blue,top,坦克,shiqiang,,0,2,2,0,6712,18352,600,27.1,,,,0,,,,,,,,,,,,,,,,,,0,,
off,61,b2,blue,jungle,戰士,jufeng,,0,1,5,1,4456,10064,895,40.4,,,,0,,,,,,,,,,,,,,,,,,0,,
off,61,b3,blue,mid,法師,gambler,,0,0,4,1,11043,11564,18,0.8,,,,0,,,,,,,,,,,,,,,,,,0,,
off,61,b4,blue,adc,射手,yanfeng,,0,1,4,1,8591,7916,318,14.4,,,,0,,,,,,,,,,,,,,,,,,0,,
off,61,b5,blue,sup,坦克,bingshouweis,,0,0,6,0,3438,13941,0,0,,,,0,,,,,,,,,,,,,,,,,,0,,
off,61,r1,red,top,坦克,shiqiang,,1,8,0,0,10004,16579,2400,108.4,,,,0,,,,,,,,,,,,,,,,,,0,,
off,61,r2,red,jungle,戰士,jufeng,,1,7,0,5,8645,8677,2896,130.8,,,,0,,,,,,,,,,,,,,,,,,0,,
off,61,r3,red,mid,法師,gambler,,1,0,1,0,7139,9995,0,0,,,,0,,,,,,,,,,,,,,,,,,0,,
off,61,r4,red,adc,射手,yanfeng,,1,2,2,5,10619,7788,600,27.1,,,,0,,,,,,,,,,,,,,,,,,0,,
off,61,r5,red,sup,坦克,bingshouweis,,1,4,1,4,5286,11618,1200,54.2,,,,0,,,,,,,,,,,,,,,,,,0,,
off,62,b1,blue,top,坦克,tiemu,,0,1,3,0,8506,20267,300,11.6,,,,0,,,,,,,,,,,,,,,,,,0,,
off,62,b2,blue,jungle,戰士,langwang,,0,0,3,0,5135,11009,739,28.6,,,,0,,,,,,,,,,,,,,,,,,0,,
off,62,b3,blue,mid,法師,ronghuo,,0,1,3,1,7422,13169,300,11.6,,,,0,,,,,,,,,,,,,,,,,,0,,
off,62,b4,blue,adc,射手,siwang,,0,1,5,0,9115,10279,318,12.3,,,,0,,,,,,,,,,,,,,,,,,0,,
off,62,b5,blue,sup,輔助,mingyun,,0,0,3,1,4124,13342,0,0,,,,0,,,,,,,,,,,,,,,,,,0,,
off,62,r1,red,top,坦克,tiemu,,1,6,0,0,9910,17968,1818,70.4,,,,0,,,,,,,,,,,,,,,,,,0,,
off,62,r2,red,jungle,戰士,langwang,,1,2,1,2,6449,10260,1432,55.5,,,,0,,,,,,,,,,,,,,,,,,0,,
off,62,r3,red,mid,法師,ronghuo,,1,4,0,2,9803,12725,1200,46.5,,,,0,,,,,,,,,,,,,,,,,,0,,
off,62,r4,red,adc,射手,siwang,,1,4,1,3,12070,9357,1200,46.5,,,,0,,,,,,,,,,,,,,,,,,0,,
off,62,r5,red,sup,輔助,mingyun,,1,1,1,2,4412,11930,300,11.6,,,,0,,,,,,,,,,,,,,,,,,0,,
off,63,b1,blue,top,坦克,dadi,,0,1,2,0,6725,19323,300,12.3,,,,0,,,,,,,,,,,,,,,,,,0,,
off,63,b2,blue,jungle,戰士,jingci,,0,0,3,0,3508,9530,776,31.8,,,,0,,,,,,,,,,,,,,,,,,0,,
off,63,b3,blue,mid,法師,gambler,,0,0,4,0,11667,13601,0,0,,,,0,,,,,,,,,,,,,,,,,,0,,
off,63,b4,blue,adc,射手,phantom,,0,0,4,0,10290,10245,54,2.2,,,,0,,,,,,,,,,,,,,,,,,0,,
off,63,b5,blue,sup,輔助,tianshi,,0,0,3,0,3648,11048,36,1.5,,,,0,,,,,,,,,,,,,,,,,,0,,
off,63,r1,red,top,坦克,dadi,,1,9,0,0,11992,18993,2700,110.6,,,,0,,,,,,,,,,,,,,,,,,0,,
off,63,r2,red,jungle,戰士,jingci,,1,1,0,2,5729,8627,1393,57.1,,,,0,,,,,,,,,,,,,,,,,,0,,
off,63,r3,red,mid,法師,gambler,,1,1,1,1,10645,12097,300,12.3,,,,0,,,,,,,,,,,,,,,,,,0,,
off,63,r4,red,adc,射手,phantom,,1,3,0,3,10174,8293,900,36.9,,,,0,,,,,,,,,,,,,,,,,,0,,
off,63,r5,red,sup,輔助,tianshi,,1,2,0,3,6371,10679,600,24.6,,,,0,,,,,,,,,,,,,,,,,,0,,
off,64,b1,blue,top,坦克,tixue,,0,0,2,1,6374,20175,54,2.1,,,,0,,,,,,,,,,,,,,,,,,0,,
off,64,b2,blue,jungle,戰士,greymantle,,0,4,0,0,9010,13178,1930,74.3,,,,0,,,,,,,,,,,,,,,,,,0,,
off,64,b3,blue,mid,法師,ronghuo,,0,1,4,0,11262,13729,300,11.6,,,,0,,,,,,,,,,,,,,,,,,0,,
off,64,b4,blue,adc,射手,huanying,,0,2,3,2,14547,9787,600,23.1,,,,0,,,,,,,,,,,,,,,,,,0,,
off,64,b5,blue,sup,坦克,tieshixin,,0,0,6,2,5522,16570,0,0,,,,0,,,,,,,,,,,,,,,,,,0,,
off,64,r1,red,top,坦克,tixue,,1,5,2,0,9884,18019,1500,57.8,,,,0,,,,,,,,,,,,,,,,,,0,,
off,64,r2,red,jungle,戰士,greymantle,,1,4,0,1,7891,12762,2205,84.9,,,,0,,,,,,,,,,,,,,,,,,0,,
off,64,r3,red,mid,法師,ronghuo,,1,0,1,0,11137,11992,0,0,,,,0,,,,,,,,,,,,,,,,,,0,,
off,64,r4,red,adc,射手,huanying,,1,4,1,1,14467,8850,1200,46.2,,,,0,,,,,,,,,,,,,,,,,,0,,
off,64,r5,red,sup,坦克,tieshixin,,1,2,3,3,6141,14982,600,23.1,,,,0,,,,,,,,,,,,,,,,,,0,,
off,65,b1,blue,top,坦克,suishan,,0,1,1,0,10646,26115,300,9.9,,,,0,,,,,,,,,,,,,,,,,,0,,
off,65,b2,blue,jungle,戰士,hunpo,,0,0,7,2,6087,15122,811,26.7,,,,0,,,,,,,,,,,,,,,,,,0,,
off,65,b3,blue,mid,法師,haixiao,,0,0,7,0,13048,16684,28,0.9,,,,0,,,,,,,,,,,,,,,,,,0,,
off,65,b4,blue,adc,射手,guangsu,,0,1,9,0,14398,14007,300,9.9,,,,0,,,,,,,,,,,,,,,,,,0,,
off,65,b5,blue,sup,輔助,huanjing,,0,0,3,0,7674,17610,0,0,,,,0,,,,,,,,,,,,,,,,,,0,,
off,65,r1,red,top,坦克,suishan,,1,11,0,2,18127,23348,3354,110.4,,,,0,,,,,,,,,,,,,,,,,,0,,
off,65,r2,red,jungle,戰士,hunpo,,1,2,0,3,10363,14637,1711,56.3,,,,0,,,,,,,,,,,,,,,,,,0,,
off,65,r3,red,mid,法師,haixiao,,1,5,0,1,16134,12163,1500,49.4,,,,0,,,,,,,,,,,,,,,,,,0,,
off,65,r4,red,adc,射手,guangsu,,1,5,0,4,17503,12199,1528,50.3,,,,0,,,,,,,,,,,,,,,,,,0,,
off,65,r5,red,sup,輔助,huanjing,,1,4,2,6,9508,12824,1200,39.5,,,,0,,,,,,,,,,,,,,,,,,0,,
off,66,b1,blue,top,坦克,thornwall,,1,2,0,1,6929,18857,600,24.6,,,,0,,,,,,,,,,,,,,,,,,0,,
off,66,b2,blue,jungle,戰士,leimingcf,,1,4,1,1,5688,9193,1867,76.5,,,,0,,,,,,,,,,,,,,,,,,0,,
off,66,b3,blue,mid,法師,leiming,,1,2,0,2,10194,13004,600,24.6,,,,0,,,,,,,,,,,,,,,,,,0,,
off,66,b4,blue,adc,射手,mori,,1,0,3,2,9469,9238,54,2.2,,,,0,,,,,,,,,,,,,,,,,,0,,
off,66,b5,blue,sup,輔助,fuwenbianzhi,,1,0,2,2,5148,10779,0,0,,,,0,,,,,,,,,,,,,,,,,,0,,
off,66,r1,red,top,坦克,thornwall,,0,0,1,0,6714,17674,0,0,,,,0,,,,,,,,,,,,,,,,,,0,,
off,66,r2,red,jungle,戰士,leimingcf,,0,3,1,0,8350,10633,1889,77.4,,,,0,,,,,,,,,,,,,,,,,,0,,
off,66,r3,red,mid,法師,leiming,,0,0,3,0,9957,13173,0,0,,,,0,,,,,,,,,,,,,,,,,,0,,
off,66,r4,red,adc,射手,mori,,0,2,2,1,12131,11038,600,24.6,,,,0,,,,,,,,,,,,,,,,,,0,,
off,66,r5,red,sup,輔助,fuwenbianzhi,,0,1,1,1,3582,10687,300,12.3,,,,0,,,,,,,,,,,,,,,,,,0,,
off,67,b1,blue,top,坦克,ironclad,,0,2,2,0,8803,21394,600,22.1,,,,0,,,,,,,,,,,,,,,,,,0,,
off,67,b2,blue,jungle,戰士,fengbao,,0,4,3,1,5687,13366,2107,77.7,,,,0,,,,,,,,,,,,,,,,,,0,,
off,67,b3,blue,mid,法師,haixiao,,0,3,1,3,16460,13737,900,33.2,,,,0,,,,,,,,,,,,,,,,,,0,,
off,67,b4,blue,adc,射手,leiting,,0,2,4,1,10446,9928,600,22.1,,,,0,,,,,,,,,,,,,,,,,,0,,
off,67,b5,blue,sup,坦克,thornwall,,0,2,3,1,6730,17354,618,22.8,,,,0,,,,,,,,,,,,,,,,,,0,,
off,67,r1,red,top,坦克,ironclad,,1,4,0,1,9587,20983,1200,44.3,,,,0,,,,,,,,,,,,,,,,,,0,,
off,67,r2,red,jungle,戰士,fengbao,,1,2,2,2,7135,10877,1548,57.1,,,,0,,,,,,,,,,,,,,,,,,0,,
off,67,r3,red,mid,法師,haixiao,,1,1,5,4,14169,13473,300,11.1,,,,0,,,,,,,,,,,,,,,,,,0,,
off,67,r4,red,adc,射手,leiting,,1,2,5,2,18574,10960,600,22.1,,,,0,,,,,,,,,,,,,,,,,,0,,
off,67,r5,red,sup,坦克,thornwall,,1,4,1,1,5769,18793,1200,44.3,,,,0,,,,,,,,,,,,,,,,,,0,,
off,68,b1,blue,top,坦克,bingshouweis,,0,4,0,1,7422,17622,1200,50.6,,,,0,,,,,,,,,,,,,,,,,,0,,
off,68,b2,blue,jungle,戰士,anliuyouXia,,0,0,4,0,3640,9261,631,26.6,,,,0,,,,,,,,,,,,,,,,,,0,,
off,68,b3,blue,mid,法師,leiming,,0,2,2,2,11782,13331,600,25.3,,,,0,,,,,,,,,,,,,,,,,,0,,
off,68,b4,blue,adc,射手,liangzi,,0,1,2,2,8217,8474,300,12.7,,,,0,,,,,,,,,,,,,,,,,,0,,
off,68,b5,blue,sup,坦克,shengdun,,0,2,3,1,5190,14125,600,25.3,,,,0,,,,,,,,,,,,,,,,,,0,,
off,68,r1,red,top,坦克,bingshouweis,,1,1,1,0,6892,15071,328,13.8,,,,0,,,,,,,,,,,,,,,,,,0,,
off,68,r2,red,jungle,戰士,anliuyouXia,,1,2,2,2,7050,11033,1504,63.4,,,,0,,,,,,,,,,,,,,,,,,0,,
off,68,r3,red,mid,法師,leiming,,1,3,0,0,12110,11151,900,38,,,,0,,,,,,,,,,,,,,,,,,0,,
off,68,r4,red,adc,射手,liangzi,,1,1,1,1,8708,8328,453,19.1,,,,0,,,,,,,,,,,,,,,,,,0,,
off,68,r5,red,sup,坦克,shengdun,,1,4,5,1,6650,15136,1200,50.6,,,,0,,,,,,,,,,,,,,,,,,0,,
off,69,b1,blue,top,坦克,tiankong,,0,0,1,0,3650,16532,0,0,,,,0,,,,,,,,,,,,,,,,,,0,,
off,69,b2,blue,jungle,刺客,yueying,,0,0,3,0,4251,10588,676,28.5,,,,0,,,,,,,,,,,,,,,,,,0,,
off,69,b3,blue,mid,法師,haixiao,,0,0,3,0,8573,10231,0,0,,,,0,,,,,,,,,,,,,,,,,,0,,
off,69,b4,blue,adc,射手,shengyan,,0,0,6,0,8342,9259,0,0,,,,0,,,,,,,,,,,,,,,,,,0,,
off,69,b5,blue,sup,輔助,zhanchang,,0,0,2,0,4234,10163,82,3.4,,,,0,,,,,,,,,,,,,,,,,,0,,
off,69,r1,red,top,坦克,tiankong,,1,5,0,0,7779,16135,1500,63.2,,,,0,,,,,,,,,,,,,,,,,,0,,
off,69,r2,red,jungle,刺客,yueying,,1,5,0,0,6133,9485,2200,92.8,,,,0,,,,,,,,,,,,,,,,,,0,,
off,69,r3,red,mid,法師,haixiao,,1,2,0,3,12955,10037,628,26.5,,,,0,,,,,,,,,,,,,,,,,,0,,
off,69,r4,red,adc,射手,shengyan,,1,1,0,1,9461,8363,300,12.6,,,,0,,,,,,,,,,,,,,,,,,0,,
off,69,r5,red,sup,輔助,zhanchang,,1,2,0,4,4739,10586,600,25.3,,,,0,,,,,,,,,,,,,,,,,,0,,
off,70,b1,blue,top,坦克,tiebi,,0,1,4,1,9639,21927,300,10.9,,,,0,,,,,,,,,,,,,,,,,,0,,
off,70,b2,blue,jungle,刺客,yeiren,,0,2,3,0,7407,12646,1606,58.2,,,,0,,,,,,,,,,,,,,,,,,0,,
off,70,b3,blue,mid,法師,bingshuang,,0,3,2,0,12329,13744,900,32.6,,,,0,,,,,,,,,,,,,,,,,,0,,
off,70,b4,blue,adc,射手,xingchen,,0,0,6,0,9268,11771,0,0,,,,0,,,,,,,,,,,,,,,,,,0,,
off,70,b5,blue,sup,坦克,thornwall,,0,0,7,0,4095,17293,0,0,,,,0,,,,,,,,,,,,,,,,,,0,,
off,70,r1,red,top,坦克,tiebi,,1,6,1,1,12392,18233,1800,65.3,,,,0,,,,,,,,,,,,,,,,,,0,,
off,70,r2,red,jungle,刺客,yeiren,,1,5,0,2,9283,11713,2160,78.3,,,,0,,,,,,,,,,,,,,,,,,0,,
off,70,r3,red,mid,法師,bingshuang,,1,3,1,1,14166,13649,900,32.6,,,,0,,,,,,,,,,,,,,,,,,0,,
off,70,r4,red,adc,射手,xingchen,,1,4,2,3,15160,9567,1200,43.5,,,,0,,,,,,,,,,,,,,,,,,0,,
off,70,r5,red,sup,坦克,thornwall,,1,4,2,5,7352,15379,1200,43.5,,,,0,,,,,,,,,,,,,,,,,,0,,
off,71,b1,blue,top,坦克,xukong,,1,0,2,0,4752,14386,0,0,,,,0,,,,,,,,,,,,,,,,,,0,,
off,71,b2,blue,jungle,刺客,sting,,1,0,3,0,3242,7533,649,28.7,,,,0,,,,,,,,,,,,,,,,,,0,,
off,71,b3,blue,mid,法師,mingyun2,,1,0,3,0,11292,10885,0,0,,,,0,,,,,,,,,,,,,,,,,,0,,
off,71,b4,blue,adc,射手,dujian,,1,0,1,0,9699,8456,0,0,,,,0,,,,,,,,,,,,,,,,,,0,,
off,71,b5,blue,sup,坦克,tiankong,,1,3,0,0,3617,13510,900,39.9,,,,0,,,,,,,,,,,,,,,,,,0,,
off,71,r1,red,top,坦克,xukong,,0,2,0,0,5985,13856,600,26.6,,,,0,,,,,,,,,,,,,,,,,,0,,
off,71,r2,red,jungle,刺客,sting,,0,5,0,0,5708,8989,2561,113.4,,,,0,,,,,,,,,,,,,,,,,,0,,
off,71,r3,red,mid,法師,mingyun2,,0,1,0,1,7785,11892,300,13.3,,,,0,,,,,,,,,,,,,,,,,,0,,
off,71,r4,red,adc,射手,dujian,,0,1,3,2,7824,8327,300,13.3,,,,0,,,,,,,,,,,,,,,,,,0,,
off,71,r5,red,sup,坦克,tiankong,,0,0,0,2,4129,12640,0,0,,,,0,,,,,,,,,,,,,,,,,,0,,
off,72,b1,blue,top,坦克,shiqiang,,1,1,2,0,11806,22805,300,11.3,,,,0,,,,,,,,,,,,,,,,,,0,,
off,72,b2,blue,jungle,刺客,yingsi,,1,0,3,1,6668,11468,658,24.7,,,,0,,,,,,,,,,,,,,,,,,0,,
off,72,b3,blue,mid,法師,bingshuang,,1,2,3,0,11609,13700,600,22.5,,,,0,,,,,,,,,,,,,,,,,,0,,
off,72,b4,blue,adc,射手,tianfa,,1,1,3,1,11612,12004,300,11.3,,,,0,,,,,,,,,,,,,,,,,,0,,
off,72,b5,blue,sup,輔助,fengshen,,1,2,1,1,5299,12393,600,22.5,,,,0,,,,,,,,,,,,,,,,,,0,,
off,72,r1,red,top,坦克,shiqiang,,0,4,0,2,13890,22674,1218,45.7,,,,0,,,,,,,,,,,,,,,,,,0,,
off,72,r2,red,jungle,刺客,yingsi,,0,2,0,1,6225,10372,1702,63.9,,,,0,,,,,,,,,,,,,,,,,,0,,
off,72,r3,red,mid,法師,bingshuang,,0,2,0,1,13618,14301,600,22.5,,,,0,,,,,,,,,,,,,,,,,,0,,
off,72,r4,red,adc,射手,tianfa,,0,4,4,2,12042,10480,1200,45,,,,0,,,,,,,,,,,,,,,,,,0,,
off,72,r5,red,sup,輔助,fengshen,,0,0,2,2,5772,13012,0,0,,,,0,,,,,,,,,,,,,,,,,,0,,
off,73,b1,blue,top,坦克,longji,,1,2,1,0,7582,15102,600,27,,,,0,,,,,,,,,,,,,,,,,,0,,
off,73,b2,blue,jungle,刺客,shanying,,1,2,0,0,3235,8690,1222,55,,,,0,,,,,,,,,,,,,,,,,,0,,
off,73,b3,blue,mid,法師,mingyun2,,1,3,3,0,7669,10668,900,40.5,,,,0,,,,,,,,,,,,,,,,,,0,,
off,73,b4,blue,adc,射手,dawnstrike,,1,0,1,0,10185,7806,0,0,,,,0,,,,,,,,,,,,,,,,,,0,,
off,73,b5,blue,sup,輔助,shengguang,,1,0,2,2,4187,9870,0,0,,,,0,,,,,,,,,,,,,,,,,,0,,
off,73,r1,red,top,坦克,longji,,0,1,0,0,7760,15822,300,13.5,,,,0,,,,,,,,,,,,,,,,,,0,,
off,73,r2,red,jungle,刺客,shanying,,0,2,1,0,4769,9771,1486,66.9,,,,0,,,,,,,,,,,,,,,,,,0,,
off,73,r3,red,mid,法師,mingyun2,,0,3,1,1,8885,10595,900,40.5,,,,0,,,,,,,,,,,,,,,,,,0,,
off,73,r4,red,adc,射手,dawnstrike,,0,1,2,0,9244,8663,300,13.5,,,,0,,,,,,,,,,,,,,,,,,0,,
off,73,r5,red,sup,輔助,shengguang,,0,0,3,0,3962,11150,0,0,,,,0,,,,,,,,,,,,,,,,,,0,,
off,74,b1,blue,top,坦克,dadi,,0,1,3,0,7635,16867,318,13.7,,,,0,,,,,,,,,,,,,,,,,,0,,
off,74,b2,blue,jungle,刺客,dianguang,,0,0,5,0,5666,10197,720,31,,,,0,,,,,,,,,,,,,,,,,,0,,
off,74,b3,blue,mid,法師,bingshuang,,0,1,2,1,11396,12470,318,13.7,,,,0,,,,,,,,,,,,,,,,,,0,,
off,74,b4,blue,adc,射手,yanfeng,,0,3,4,1,6671,9767,900,38.8,,,,0,,,,,,,,,,,,,,,,,,0,,
off,74,b5,blue,sup,坦克,bingshouweis,,0,0,4,0,4126,13737,0,0,,,,0,,,,,,,,,,,,,,,,,,0,,
off,74,r1,red,top,坦克,dadi,,1,1,0,0,8195,16348,354,15.2,,,,0,,,,,,,,,,,,,,,,,,0,,
off,74,r2,red,jungle,刺客,dianguang,,1,4,1,3,7446,9790,1975,85,,,,0,,,,,,,,,,,,,,,,,,0,,
off,74,r3,red,mid,法師,bingshuang,,1,5,1,2,12804,11272,1500,64.6,,,,0,,,,,,,,,,,,,,,,,,0,,
off,74,r4,red,adc,射手,yanfeng,,1,0,2,0,7529,7939,0,0,,,,0,,,,,,,,,,,,,,,,,,0,,
off,74,r5,red,sup,坦克,bingshouweis,,1,8,1,3,8471,13613,2400,103.3,,,,0,,,,,,,,,,,,,,,,,,0,,
off,75,b1,blue,top,坦克,tixue,,0,3,1,0,5062,14142,900,41.6,,,,0,,,,,,,,,,,,,,,,,,0,,
off,75,b2,blue,jungle,刺客,leisuhunter,,0,1,1,1,2852,8404,814,37.6,,,,0,,,,,,,,,,,,,,,,,,0,,
off,75,b3,blue,mid,法師,mingyun2,,0,1,2,1,8169,10049,300,13.9,,,,0,,,,,,,,,,,,,,,,,,0,,
off,75,b4,blue,adc,射手,siwang,,0,2,3,0,7578,8031,600,27.7,,,,0,,,,,,,,,,,,,,,,,,0,,
off,75,b5,blue,sup,輔助,shiguang,,0,0,3,2,3801,10043,54,2.5,,,,0,,,,,,,,,,,,,,,,,,0,,
off,75,r1,red,top,坦克,tixue,,1,3,1,1,5846,15949,900,41.6,,,,0,,,,,,,,,,,,,,,,,,0,,
off,75,r2,red,jungle,刺客,leisuhunter,,1,2,1,1,6674,9302,1420,65.6,,,,0,,,,,,,,,,,,,,,,,,0,,
off,75,r3,red,mid,法師,mingyun2,,1,2,1,1,7553,10961,600,27.7,,,,0,,,,,,,,,,,,,,,,,,0,,
off,75,r4,red,adc,射手,siwang,,1,3,2,0,7347,7537,900,41.6,,,,0,,,,,,,,,,,,,,,,,,0,,
off,75,r5,red,sup,輔助,shiguang,,1,0,2,1,3034,9233,0,0,,,,0,,,,,,,,,,,,,,,,,,0,,
off,76,b1,blue,top,坦克,stoneguard,,1,0,0,0,6295,14742,0,0,,,,0,,,,,,,,,,,,,,,,,,0,,
off,76,b2,blue,jungle,刺客,voidrift,,1,1,0,1,3878,10392,967,40.9,,,,0,,,,,,,,,,,,,,,,,,0,,
off,76,b3,blue,mid,法師,shikong,,1,0,1,0,11209,12808,0,0,,,,0,,,,,,,,,,,,,,,,,,0,,
off,76,b4,blue,adc,射手,phantom,,1,5,3,0,7182,9285,1554,65.8,,,,0,,,,,,,,,,,,,,,,,,0,,
off,76,b5,blue,sup,輔助,tianshi,,1,0,3,1,4938,11633,0,0,,,,0,,,,,,,,,,,,,,,,,,0,,
off,76,r1,red,top,坦克,stoneguard,,0,2,0,0,8212,16830,600,25.4,,,,0,,,,,,,,,,,,,,,,,,0,,
off,76,r2,red,jungle,刺客,voidrift,,0,1,0,1,9790,10796,1165,49.3,,,,0,,,,,,,,,,,,,,,,,,0,,
off,76,r3,red,mid,法師,shikong,,0,2,1,1,12038,12113,600,25.4,,,,0,,,,,,,,,,,,,,,,,,0,,
off,76,r4,red,adc,射手,phantom,,0,2,2,0,8696,9731,600,25.4,,,,0,,,,,,,,,,,,,,,,,,0,,
off,76,r5,red,sup,輔助,tianshi,,0,0,3,0,3573,11512,45,1.9,,,,0,,,,,,,,,,,,,,,,,,0,,
off,77,b1,blue,top,坦克,thornwall,,0,0,2,0,5432,16727,0,0,,,,0,,,,,,,,,,,,,,,,,,0,,
off,77,b2,blue,jungle,刺客,miwu,,0,1,3,1,6528,11210,949,40.2,,,,0,,,,,,,,,,,,,,,,,,0,,
off,77,b3,blue,mid,法師,lieyan,,0,0,3,0,8978,12697,54,2.3,,,,0,,,,,,,,,,,,,,,,,,0,,
off,77,b4,blue,adc,射手,huanying,,0,0,3,0,7967,9000,0,0,,,,0,,,,,,,,,,,,,,,,,,0,,
off,77,b5,blue,sup,坦克,tieshixin,,0,1,6,0,4189,15029,400,16.9,,,,0,,,,,,,,,,,,,,,,,,0,,
off,77,r1,red,top,坦克,thornwall,,1,8,0,0,9095,16175,2400,101.8,,,,0,,,,,,,,,,,,,,,,,,0,,
off,77,r2,red,jungle,刺客,miwu,,1,3,0,2,5969,9284,1924,81.6,,,,0,,,,,,,,,,,,,,,,,,0,,
off,77,r3,red,mid,法師,lieyan,,1,2,1,3,14014,11354,600,25.4,,,,0,,,,,,,,,,,,,,,,,,0,,
off,77,r4,red,adc,射手,huanying,,1,2,0,3,12051,7709,600,25.4,,,,0,,,,,,,,,,,,,,,,,,0,,
off,77,r5,red,sup,坦克,tieshixin,,1,2,1,5,5422,12177,600,25.4,,,,0,,,,,,,,,,,,,,,,,,0,,
off,78,b1,blue,top,坦克,tieshixin,,0,1,2,0,11964,21500,300,10,,,,0,,,,,,,,,,,,,,,,,,0,,
off,78,b2,blue,jungle,刺客,jueying,,0,5,3,1,7911,14355,2258,75,,,,0,,,,,,,,,,,,,,,,,,0,,
off,78,b3,blue,mid,法師,shikong,,0,1,2,2,17088,15663,300,10,,,,0,,,,,,,,,,,,,,,,,,0,,
off,78,b4,blue,adc,射手,guangsu,,0,11,4,3,22341,12786,3300,109.6,,,,0,,,,,,,,,,,,,,,,,,0,,
off,78,b5,blue,sup,坦克,xukong,,0,1,9,3,5777,19098,300,10,,,,0,,,,,,,,,,,,,,,,,,0,,
off,78,r1,red,top,坦克,tieshixin,,1,7,2,2,18353,25836,2100,69.7,,,,0,,,,,,,,,,,,,,,,,,0,,
off,78,r2,red,jungle,刺客,jueying,,1,4,3,0,6759,14408,2248,74.7,,,,0,,,,,,,,,,,,,,,,,,0,,
off,78,r3,red,mid,法師,shikong,,1,6,3,0,19134,17182,1800,59.8,,,,0,,,,,,,,,,,,,,,,,,0,,
off,78,r4,red,adc,射手,guangsu,,1,1,7,0,12634,11950,300,10,,,,0,,,,,,,,,,,,,,,,,,0,,
off,78,r5,red,sup,坦克,xukong,,1,2,4,5,7012,20447,600,19.9,,,,0,,,,,,,,,,,,,,,,,,0,,
off,79,b1,blue,top,坦克,bingshouweis,,0,0,4,0,9801,19054,0,0,,,,0,,,,,,,,,,,,,,,,,,0,,
off,79,b2,blue,jungle,戰士,langwang,,0,1,3,1,4079,13622,967,37.7,,,,0,,,,,,,,,,,,,,,,,,0,,
off,79,b3,blue,mid,法師,lieyan,,0,4,3,1,14073,14352,1200,46.8,,,,0,,,,,,,,,,,,,,,,,,0,,
off,79,b4,blue,adc,射手,mori,,0,2,5,2,7354,9753,600,23.4,,,,0,,,,,,,,,,,,,,,,,,0,,
off,79,b5,blue,sup,輔助,fuwenbianzhi,,0,0,5,3,5647,13729,100,3.9,,,,0,,,,,,,,,,,,,,,,,,0,,
off,79,r1,red,top,坦克,bingshouweis,,1,5,1,1,10614,17106,1518,59.2,,,,0,,,,,,,,,,,,,,,,,,0,,
off,79,r2,red,jungle,戰士,langwang,,1,3,1,1,6914,11766,1873,73,,,,0,,,,,,,,,,,,,,,,,,0,,
off,79,r3,red,mid,法師,lieyan,,1,5,1,3,10416,12019,1500,58.5,,,,0,,,,,,,,,,,,,,,,,,0,,
off,79,r4,red,adc,射手,mori,,1,4,3,5,14592,10013,1228,47.9,,,,0,,,,,,,,,,,,,,,,,,0,,
off,79,r5,red,sup,輔助,fuwenbianzhi,,1,3,1,2,6572,12452,900,35.1,,,,0,,,,,,,,,,,,,,,,,,0,,
off,80,b1,blue,top,坦克,tiankong,,0,0,2,0,10634,22525,28,1.1,,,,0,,,,,,,,,,,,,,,,,,0,,
off,80,b2,blue,jungle,戰士,anliuyouXia,,0,1,2,0,5367,10108,878,35.4,,,,0,,,,,,,,,,,,,,,,,,0,,
off,80,b3,blue,mid,法師,shikong,,0,2,2,0,12347,11468,600,24.2,,,,0,,,,,,,,,,,,,,,,,,0,,
off,80,b4,blue,adc,射手,leiting,,0,4,1,0,11280,8895,1200,48.3,,,,0,,,,,,,,,,,,,,,,,,0,,
off,80,b5,blue,sup,坦克,thornwall,,0,0,4,0,5467,16318,28,1.1,,,,0,,,,,,,,,,,,,,,,,,0,,
off,80,r1,red,top,坦克,tiankong,,1,0,0,0,8519,17445,54,2.2,,,,0,,,,,,,,,,,,,,,,,,0,,
off,80,r2,red,jungle,戰士,anliuyouXia,,1,7,0,0,12206,12061,3130,126,,,,0,,,,,,,,,,,,,,,,,,0,,
off,80,r3,red,mid,法師,shikong,,1,2,1,1,14967,11268,600,24.2,,,,0,,,,,,,,,,,,,,,,,,0,,
off,80,r4,red,adc,射手,leiting,,1,1,6,0,6362,8729,300,12.1,,,,0,,,,,,,,,,,,,,,,,,0,,
off,80,r5,red,sup,坦克,thornwall,,1,1,0,3,5739,14859,354,14.3,,,,0,,,,,,,,,,,,,,,,,,0,,
off,81,b1,blue,top,戰士,jingci,,0,2,3,2,18775,28255,600,18.6,,,,0,,,,,,,,,,,,,,,,,,0,,
off,81,b2,blue,jungle,戰士,embercoil,,0,1,7,1,7904,16183,1138,35.2,,,,0,,,,,,,,,,,,,,,,,,0,,
off,81,b3,blue,mid,法師,lieyan,,0,5,6,0,19309,18057,1500,46.4,,,,0,,,,,,,,,,,,,,,,,,0,,
off,81,b4,blue,adc,射手,liangzi,,0,3,4,0,15190,15401,900,27.8,,,,0,,,,,,,,,,,,,,,,,,0,,
off,81,b5,blue,sup,坦克,tiebi,,0,1,12,0,6571,19611,300,9.3,,,,0,,,,,,,,,,,,,,,,,,0,,
off,81,r1,red,top,戰士,jingci,,1,12,2,2,20992,26995,3600,111.3,,,,0,,,,,,,,,,,,,,,,,,0,,
off,81,r2,red,jungle,戰士,embercoil,,1,5,2,2,14538,16084,2483,76.8,,,,0,,,,,,,,,,,,,,,,,,0,,
off,81,r3,red,mid,法師,lieyan,,1,9,2,2,21040,19064,2700,83.5,,,,0,,,,,,,,,,,,,,,,,,0,,
off,81,r4,red,adc,射手,liangzi,,1,4,2,1,12869,12568,1200,37.1,,,,0,,,,,,,,,,,,,,,,,,0,,
off,81,r5,red,sup,坦克,tiebi,,1,2,4,3,8185,22319,600,18.6,,,,0,,,,,,,,,,,,,,,,,,0,,
off,82,b1,blue,top,戰士,longyi,,0,4,3,0,10892,22586,1200,40.8,,,,0,,,,,,,,,,,,,,,,,,0,,
off,82,b2,blue,jungle,戰士,hunpo,,0,1,2,1,6796,16560,1012,34.4,,,,0,,,,,,,,,,,,,,,,,,0,,
off,82,b3,blue,mid,法師,auralith,,0,1,4,2,14152,16508,300,10.2,,,,0,,,,,,,,,,,,,,,,,,0,,
off,82,b4,blue,adc,射手,liangzicz,,0,2,5,1,16500,12418,600,20.4,,,,0,,,,,,,,,,,,,,,,,,0,,
off,82,b5,blue,sup,輔助,zhanchang,,0,0,3,1,6465,16428,0,0,,,,0,,,,,,,,,,,,,,,,,,0,,
off,82,r1,red,top,戰士,longyi,,1,6,1,1,8757,22975,1800,61.2,,,,0,,,,,,,,,,,,,,,,,,0,,
off,82,r2,red,jungle,戰士,hunpo,,1,2,1,1,9427,14254,1264,42.9,,,,0,,,,,,,,,,,,,,,,,,0,,
off,82,r3,red,mid,法師,auralith,,1,5,2,0,18858,14445,1500,51,,,,0,,,,,,,,,,,,,,,,,,0,,
off,82,r4,red,adc,射手,liangzicz,,1,3,2,4,17423,11924,900,30.6,,,,0,,,,,,,,,,,,,,,,,,0,,
off,82,r5,red,sup,輔助,zhanchang,,1,1,2,3,7806,14073,300,10.2,,,,0,,,,,,,,,,,,,,,,,,0,,
off,83,b1,blue,top,戰士,chichuan,,0,1,1,0,6938,19786,300,12,,,,0,,,,,,,,,,,,,,,,,,0,,
off,83,b2,blue,jungle,戰士,leimingcf,,0,1,3,1,4205,11284,1081,43.4,,,,0,,,,,,,,,,,,,,,,,,0,,
off,83,b3,blue,mid,法師,xingjie,,0,4,3,0,14602,13361,1200,48.2,,,,0,,,,,,,,,,,,,,,,,,0,,
off,83,b4,blue,adc,射手,xingchen,,0,3,5,2,8571,10109,900,36.1,,,,0,,,,,,,,,,,,,,,,,,0,,
off,83,b5,blue,sup,輔助,hexweave,,0,0,5,1,4876,11634,0,0,,,,0,,,,,,,,,,,,,,,,,,0,,
off,83,r1,red,top,戰士,chichuan,,1,7,0,0,11579,16605,2100,84.3,,,,0,,,,,,,,,,,,,,,,,,0,,
off,83,r2,red,jungle,戰士,leimingcf,,1,2,0,1,4279,9862,1486,59.7,,,,0,,,,,,,,,,,,,,,,,,0,,
off,83,r3,red,mid,法師,xingjie,,1,5,4,4,15487,13077,1500,60.2,,,,0,,,,,,,,,,,,,,,,,,0,,
off,83,r4,red,adc,射手,xingchen,,1,0,5,1,10266,9862,0,0,,,,0,,,,,,,,,,,,,,,,,,0,,
off,83,r5,red,sup,輔助,hexweave,,1,3,0,4,4707,10307,900,36.1,,,,0,,,,,,,,,,,,,,,,,,0,,
off,84,b1,blue,top,戰士,xueyue,,0,0,2,0,8028,22177,0,0,,,,0,,,,,,,,,,,,,,,,,,0,,
off,84,b2,blue,jungle,戰士,fengbao,,0,2,3,0,5068,13634,1286,49.5,,,,0,,,,,,,,,,,,,,,,,,0,,
off,84,b3,blue,mid,法師,auralith,,0,1,4,0,11263,14593,300,11.6,,,,0,,,,,,,,,,,,,,,,,,0,,
off,84,b4,blue,adc,射手,dujian,,0,0,4,2,12624,10542,28,1.1,,,,0,,,,,,,,,,,,,,,,,,0,,
off,84,b5,blue,sup,坦克,tiankong,,0,1,5,0,6994,17318,408,15.7,,,,0,,,,,,,,,,,,,,,,,,0,,
off,84,r1,red,top,戰士,xueyue,,1,4,0,0,9718,17723,1200,46.2,,,,0,,,,,,,,,,,,,,,,,,0,,
off,84,r2,red,jungle,戰士,fengbao,,1,8,1,1,8613,12243,3559,137.1,,,,0,,,,,,,,,,,,,,,,,,0,,
off,84,r3,red,mid,法師,auralith,,1,5,0,3,14047,12939,1500,57.8,,,,0,,,,,,,,,,,,,,,,,,0,,
off,84,r4,red,adc,射手,dujian,,1,1,2,3,16199,9350,300,11.6,,,,0,,,,,,,,,,,,,,,,,,0,,
off,84,r5,red,sup,坦克,tiankong,,1,0,1,6,6685,15100,18,0.7,,,,0,,,,,,,,,,,,,,,,,,0,,
off,85,b1,blue,top,戰士,langwang,,0,1,0,0,6801,16571,354,15.8,,,,0,,,,,,,,,,,,,,,,,,0,,
off,85,b2,blue,jungle,戰士,ronggang,,0,0,1,0,3374,10179,703,31.4,,,,0,,,,,,,,,,,,,,,,,,0,,
off,85,b3,blue,mid,法師,xingjie,,0,0,2,0,7710,12433,0,0,,,,0,,,,,,,,,,,,,,,,,,0,,
off,85,b4,blue,adc,射手,tianfa,,0,1,3,0,7881,8574,318,14.2,,,,0,,,,,,,,,,,,,,,,,,0,,
off,85,b5,blue,sup,輔助,mingyun,,0,0,2,2,3332,9512,36,1.6,,,,0,,,,,,,,,,,,,,,,,,0,,
off,85,r1,red,top,戰士,langwang,,1,2,1,1,8476,15383,600,26.8,,,,0,,,,,,,,,,,,,,,,,,0,,
off,85,r2,red,jungle,戰士,ronggang,,1,1,1,0,4015,7591,1105,49.4,,,,0,,,,,,,,,,,,,,,,,,0,,
off,85,r3,red,mid,法師,xingjie,,1,3,0,0,11126,10399,900,40.2,,,,0,,,,,,,,,,,,,,,,,,0,,
off,85,r4,red,adc,射手,tianfa,,1,0,0,1,7792,7653,0,0,,,,0,,,,,,,,,,,,,,,,,,0,,
off,85,r5,red,sup,輔助,mingyun,,1,2,0,0,5119,9049,600,26.8,,,,0,,,,,,,,,,,,,,,,,,0,,
off,86,b1,blue,top,戰士,kuangfeng,,1,5,2,1,9496,20555,1500,57.4,,,,0,,,,,,,,,,,,,,,,,,0,,
off,86,b2,blue,jungle,戰士,rongyan,,1,0,2,1,7337,11815,845,32.4,,,,0,,,,,,,,,,,,,,,,,,0,,
off,86,b3,blue,mid,法師,auralith,,1,4,3,0,12828,14129,1200,45.9,,,,0,,,,,,,,,,,,,,,,,,0,,
off,86,b4,blue,adc,射手,dawnstrike,,1,1,4,2,9987,10545,300,11.5,,,,0,,,,,,,,,,,,,,,,,,0,,
off,86,b5,blue,sup,輔助,shengguang,,1,0,2,1,5592,12025,28,1.1,,,,0,,,,,,,,,,,,,,,,,,0,,
off,86,r1,red,top,戰士,kuangfeng,,0,3,0,0,8891,17470,928,35.5,,,,0,,,,,,,,,,,,,,,,,,0,,
off,86,r2,red,jungle,戰士,rongyan,,0,2,2,0,6219,11871,1426,54.6,,,,0,,,,,,,,,,,,,,,,,,0,,
off,86,r3,red,mid,法師,auralith,,0,5,5,1,13971,14937,1554,59.5,,,,0,,,,,,,,,,,,,,,,,,0,,
off,86,r4,red,adc,射手,dawnstrike,,0,2,3,4,12387,10345,600,23,,,,0,,,,,,,,,,,,,,,,,,0,,
off,86,r5,red,sup,輔助,shengguang,,0,1,0,2,4713,14129,300,11.5,,,,0,,,,,,,,,,,,,,,,,,0,,
off,87,b1,blue,top,戰士,greymantle,,0,1,1,1,9627,24061,300,10,,,,0,,,,,,,,,,,,,,,,,,0,,
off,87,b2,blue,jungle,戰士,tielian,,0,2,6,1,7530,15009,1367,45.7,,,,0,,,,,,,,,,,,,,,,,,0,,
off,87,b3,blue,mid,法師,xingjie,,0,4,1,0,19515,16939,1200,40.2,,,,0,,,,,,,,,,,,,,,,,,0,,
off,87,b4,blue,adc,射手,yanfeng,,0,5,4,2,16709,13604,1554,52,,,,0,,,,,,,,,,,,,,,,,,0,,
off,87,b5,blue,sup,坦克,bingshouweis,,0,1,8,2,5082,18447,328,11,,,,0,,,,,,,,,,,,,,,,,,0,,
off,87,r1,red,top,戰士,greymantle,,1,5,3,1,14976,26613,1572,52.6,,,,0,,,,,,,,,,,,,,,,,,0,,
off,87,r2,red,jungle,戰士,tielian,,1,3,2,1,5356,13065,2048,68.5,,,,0,,,,,,,,,,,,,,,,,,0,,
off,87,r3,red,mid,法師,xingjie,,1,2,4,3,19445,14494,654,21.9,,,,0,,,,,,,,,,,,,,,,,,0,,
off,87,r4,red,adc,射手,yanfeng,,1,6,1,4,17343,10232,1800,60.2,,,,0,,,,,,,,,,,,,,,,,,0,,
off,87,r5,red,sup,坦克,bingshouweis,,1,4,3,7,8467,19681,1200,40.2,,,,0,,,,,,,,,,,,,,,,,,0,,
off,88,b1,blue,top,戰士,cinderfist,,0,2,5,1,12591,23715,600,22.1,,,,0,,,,,,,,,,,,,,,,,,0,,
off,88,b2,blue,jungle,戰士,greymantle,,0,2,4,1,7162,13649,1339,49.4,,,,0,,,,,,,,,,,,,,,,,,0,,
off,88,b3,blue,mid,法師,gambler,,0,3,0,2,14007,14421,900,33.2,,,,0,,,,,,,,,,,,,,,,,,0,,
off,88,b4,blue,adc,射手,xuanfeng,,0,2,3,4,14456,9646,600,22.1,,,,0,,,,,,,,,,,,,,,,,,0,,
off,88,b5,blue,sup,坦克,xukong,,0,1,6,0,6850,17530,328,12.1,,,,0,,,,,,,,,,,,,,,,,,0,,
off,88,r1,red,top,戰士,cinderfist,,1,6,0,2,14600,19689,1800,66.4,,,,0,,,,,,,,,,,,,,,,,,0,,
off,88,r2,red,jungle,戰士,greymantle,,1,2,4,4,9694,13751,1537,56.7,,,,0,,,,,,,,,,,,,,,,,,0,,
off,88,r3,red,mid,法師,gambler,,1,1,2,1,15466,14170,300,11.1,,,,0,,,,,,,,,,,,,,,,,,0,,
off,88,r4,red,adc,射手,xuanfeng,,1,3,2,1,14508,11106,900,33.2,,,,0,,,,,,,,,,,,,,,,,,0,,
off,88,r5,red,sup,坦克,xukong,,1,6,2,3,6473,15944,1800,66.4,,,,0,,,,,,,,,,,,,,,,,,0,,
off,89,b1,blue,top,戰士,leimingcf,,0,0,4,0,5583,18011,0,0,,,,0,,,,,,,,,,,,,,,,,,0,,
off,89,b2,blue,jungle,刺客,binghe,,0,1,5,0,4601,11486,931,37.9,,,,0,,,,,,,,,,,,,,,,,,0,,
off,89,b3,blue,mid,法師,ronghuo,,0,2,3,0,9156,12815,600,24.4,,,,0,,,,,,,,,,,,,,,,,,0,,
off,89,b4,blue,adc,射手,phantom,,0,2,6,0,7208,10381,600,24.4,,,,0,,,,,,,,,,,,,,,,,,0,,
off,89,b5,blue,sup,輔助,tianshi,,0,0,3,0,3726,11829,0,0,,,,0,,,,,,,,,,,,,,,,,,0,,
off,89,r1,red,top,戰士,leimingcf,,1,9,1,0,8889,17352,2700,110,,,,0,,,,,,,,,,,,,,,,,,0,,
off,89,r2,red,jungle,刺客,binghe,,1,3,0,3,7354,9465,1842,75,,,,0,,,,,,,,,,,,,,,,,,0,,
off,89,r3,red,mid,法師,ronghuo,,1,5,1,2,14168,10449,1500,61.1,,,,0,,,,,,,,,,,,,,,,,,0,,
off,89,r4,red,adc,射手,phantom,,1,4,1,2,8866,8873,1200,48.9,,,,0,,,,,,,,,,,,,,,,,,0,,
off,89,r5,red,sup,輔助,tianshi,,1,0,2,1,4177,10776,0,0,,,,0,,,,,,,,,,,,,,,,,,0,,
off,90,b1,blue,top,戰士,jufeng,,0,1,2,0,11644,19666,300,11.6,,,,0,,,,,,,,,,,,,,,,,,0,,
off,90,b2,blue,jungle,刺客,shanying,,0,1,5,0,4732,13285,950,36.7,,,,0,,,,,,,,,,,,,,,,,,0,,
off,90,b3,blue,mid,法師,gambler,,0,1,5,1,13507,13425,300,11.6,,,,0,,,,,,,,,,,,,,,,,,0,,
off,90,b4,blue,adc,射手,huanying,,0,0,4,0,9558,10127,108,4.2,,,,0,,,,,,,,,,,,,,,,,,0,,
off,90,b5,blue,sup,坦克,ironclad,,0,0,4,1,5040,14582,108,4.2,,,,0,,,,,,,,,,,,,,,,,,0,,
off,90,r1,red,top,戰士,jufeng,,1,10,0,0,15353,21923,3000,115.8,,,,0,,,,,,,,,,,,,,,,,,0,,
off,90,r2,red,jungle,刺客,shanying,,1,3,0,1,7804,11090,1819,70.2,,,,0,,,,,,,,,,,,,,,,,,0,,
off,90,r3,red,mid,法師,gambler,,1,4,1,1,12456,11273,1200,46.3,,,,0,,,,,,,,,,,,,,,,,,0,,
off,90,r4,red,adc,射手,huanying,,1,2,1,3,11607,8506,600,23.2,,,,0,,,,,,,,,,,,,,,,,,0,,
off,90,r5,red,sup,坦克,ironclad,,1,1,1,2,5472,14783,300,11.6,,,,0,,,,,,,,,,,,,,,,,,0,,
off,91,b1,blue,top,戰士,anliuyouXia,,0,0,3,0,7993,17791,0,0,,,,0,,,,,,,,,,,,,,,,,,0,,
off,91,b2,blue,jungle,刺客,anye,,0,1,4,1,4824,9160,949,42.7,,,,0,,,,,,,,,,,,,,,,,,0,,
off,91,b3,blue,mid,法師,ronghuo,,0,3,1,0,11829,13489,900,40.5,,,,0,,,,,,,,,,,,,,,,,,0,,
off,91,b4,blue,adc,射手,guangsu,,0,0,3,0,3573,7442,0,0,,,,0,,,,,,,,,,,,,,,,,,0,,
off,91,b5,blue,sup,坦克,shengdun,,0,1,4,1,4691,13194,382,17.2,,,,0,,,,,,,,,,,,,,,,,,0,,
off,91,r1,red,top,戰士,anliuyouXia,,1,8,0,0,10812,14610,2472,111.2,,,,0,,,,,,,,,,,,,,,,,,0,,
off,91,r2,red,jungle,刺客,anye,,1,2,1,2,7005,8389,1348,60.6,,,,0,,,,,,,,,,,,,,,,,,0,,
off,91,r3,red,mid,法師,ronghuo,,1,3,1,4,9779,9455,900,40.5,,,,0,,,,,,,,,,,,,,,,,,0,,
off,91,r4,red,adc,射手,guangsu,,1,2,2,0,8672,7286,600,27,,,,0,,,,,,,,,,,,,,,,,,0,,
off,91,r5,red,sup,坦克,shengdun,,1,0,1,6,5843,11844,0,0,,,,0,,,,,,,,,,,,,,,,,,0,,
off,92,b1,blue,top,戰士,tielian,,1,0,2,2,8977,17284,0,0,,,,0,,,,,,,,,,,,,,,,,,0,,
off,92,b2,blue,jungle,刺客,wuxing,,1,1,4,0,4325,9556,1021,42.1,,,,0,,,,,,,,,,,,,,,,,,0,,
off,92,b3,blue,mid,法師,gambler,,1,2,3,1,9701,11012,600,24.7,,,,0,,,,,,,,,,,,,,,,,,0,,
off,92,b4,blue,adc,射手,mori,,1,6,1,0,12489,9773,1800,74.2,,,,0,,,,,,,,,,,,,,,,,,0,,
off,92,b5,blue,sup,輔助,fuwenbianzhi,,1,0,2,1,3694,11620,108,4.5,,,,0,,,,,,,,,,,,,,,,,,0,,
off,92,r1,red,top,戰士,tielian,,0,7,0,2,10393,20338,2100,86.5,,,,0,,,,,,,,,,,,,,,,,,0,,
off,92,r2,red,jungle,刺客,wuxing,,0,1,2,0,3438,9542,1178,48.5,,,,0,,,,,,,,,,,,,,,,,,0,,
off,92,r3,red,mid,法師,gambler,,0,3,1,3,11103,12934,900,37.1,,,,0,,,,,,,,,,,,,,,,,,0,,
off,92,r4,red,adc,射手,mori,,0,0,3,1,7353,8485,54,2.2,,,,0,,,,,,,,,,,,,,,,,,0,,
off,92,r5,red,sup,輔助,fuwenbianzhi,,0,1,3,3,3842,10785,300,12.4,,,,0,,,,,,,,,,,,,,,,,,0,,
off,93,b1,blue,top,戰士,hunpo,,0,1,0,0,5944,17965,300,12.1,,,,0,,,,,,,,,,,,,,,,,,0,,
off,93,b2,blue,jungle,刺客,voidrift,,0,3,2,0,4887,10057,1585,64.2,,,,0,,,,,,,,,,,,,,,,,,0,,
off,93,b3,blue,mid,法師,leiming,,0,2,3,1,11151,13121,600,24.3,,,,0,,,,,,,,,,,,,,,,,,0,,
off,93,b4,blue,adc,射手,leiting,,0,2,3,0,9531,9395,600,24.3,,,,0,,,,,,,,,,,,,,,,,,0,,
off,93,b5,blue,sup,輔助,luminary,,0,0,3,3,4929,11902,0,0,,,,0,,,,,,,,,,,,,,,,,,0,,
off,93,r1,red,top,戰士,hunpo,,1,2,1,0,6011,15297,600,24.3,,,,0,,,,,,,,,,,,,,,,,,0,,
off,93,r2,red,jungle,刺客,voidrift,,1,7,3,0,7125,11452,2956,119.7,,,,0,,,,,,,,,,,,,,,,,,0,,
off,93,r3,red,mid,法師,leiming,,1,1,1,4,13464,12962,300,12.1,,,,0,,,,,,,,,,,,,,,,,,0,,
off,93,r4,red,adc,射手,leiting,,1,1,2,1,8619,9120,300,12.1,,,,0,,,,,,,,,,,,,,,,,,0,,
off,93,r5,red,sup,輔助,luminary,,1,0,1,0,3393,9390,0,0,,,,0,,,,,,,,,,,,,,,,,,0,,
off,94,b1,blue,top,戰士,dushe,,0,1,4,1,14362,24477,317,11.2,,,,0,,,,,,,,,,,,,,,,,,0,,
off,94,b2,blue,jungle,刺客,miwu,,0,2,6,0,8751,14276,1524,53.8,,,,0,,,,,,,,,,,,,,,,,,0,,
off,94,b3,blue,mid,法師,haixiao,,0,1,4,2,13273,15536,363,12.8,,,,0,,,,,,,,,,,,,,,,,,0,,
off,94,b4,blue,adc,射手,shensheng,,0,2,3,0,14708,11893,600,21.2,,,,0,,,,,,,,,,,,,,,,,,0,,
off,94,b5,blue,sup,坦克,tiebi,,0,1,4,2,5730,16540,318,11.2,,,,0,,,,,,,,,,,,,,,,,,0,,
off,94,r1,red,top,戰士,dushe,,1,13,0,1,20392,24610,3954,139.5,,,,0,,,,,,,,,,,,,,,,,,0,,
off,94,r2,red,jungle,刺客,miwu,,1,2,0,2,7634,12082,1628,57.4,,,,0,,,,,,,,,,,,,,,,,,0,,
off,94,r3,red,mid,法師,haixiao,,1,3,2,1,16812,13205,900,31.7,,,,0,,,,,,,,,,,,,,,,,,0,,
off,94,r4,red,adc,射手,shensheng,,1,1,3,3,12689,10173,300,10.6,,,,0,,,,,,,,,,,,,,,,,,0,,
off,94,r5,red,sup,坦克,tiebi,,1,2,2,2,7046,17500,600,21.2,,,,0,,,,,,,,,,,,,,,,,,0,,
off,95,b1,blue,top,戰士,fengbao,,0,3,1,0,11038,21834,900,33.5,,,,0,,,,,,,,,,,,,,,,,,0,,
off,95,b2,blue,jungle,刺客,guihuo,,0,2,2,0,2887,12614,1439,53.5,,,,0,,,,,,,,,,,,,,,,,,0,,
off,95,b3,blue,mid,法師,leiming,,0,0,3,2,13009,15039,0,0,,,,0,,,,,,,,,,,,,,,,,,0,,
off,95,b4,blue,adc,射手,liangzicz,,0,2,3,1,9643,10664,654,24.3,,,,0,,,,,,,,,,,,,,,,,,0,,
off,95,b5,blue,sup,輔助,fengshen,,0,0,6,1,5147,13523,0,0,,,,0,,,,,,,,,,,,,,,,,,0,,
off,95,r1,red,top,戰士,fengbao,,1,5,1,1,12834,20576,1500,55.8,,,,0,,,,,,,,,,,,,,,,,,0,,
off,95,r2,red,jungle,刺客,guihuo,,1,5,1,2,6282,10923,2829,105.2,,,,0,,,,,,,,,,,,,,,,,,0,,
off,95,r3,red,mid,法師,leiming,,1,3,1,3,13429,13087,900,33.5,,,,0,,,,,,,,,,,,,,,,,,0,,
off,95,r4,red,adc,射手,liangzicz,,1,2,2,4,12686,9348,600,22.3,,,,0,,,,,,,,,,,,,,,,,,0,,
off,95,r5,red,sup,輔助,fengshen,,1,0,2,4,6521,11366,0,0,,,,0,,,,,,,,,,,,,,,,,,0,,
off,96,b1,blue,top,戰士,langwang,,1,5,4,1,13930,29448,1500,44,,,,0,,,,,,,,,,,,,,,,,,0,,
off,96,b2,blue,jungle,刺客,jiansheng,,1,3,6,1,6287,17493,1911,56,,,,0,,,,,,,,,,,,,,,,,,0,,
off,96,b3,blue,mid,法師,haixiao,,1,6,5,2,19413,20478,1800,52.8,,,,0,,,,,,,,,,,,,,,,,,0,,
off,96,b4,blue,adc,射手,xingchen,,1,6,3,2,23046,16824,1818,53.3,,,,0,,,,,,,,,,,,,,,,,,0,,
off,96,b5,blue,sup,輔助,hexweave,,1,0,6,5,9163,18774,0,0,,,,0,,,,,,,,,,,,,,,,,,0,,
off,96,r1,red,top,戰士,langwang,,0,10,3,0,17355,30535,3000,88,,,,0,,,,,,,,,,,,,,,,,,0,,
off,96,r2,red,jungle,刺客,jiansheng,,0,3,3,3,10503,17946,2308,67.7,,,,0,,,,,,,,,,,,,,,,,,0,,
off,96,r3,red,mid,法師,haixiao,,0,7,6,1,26159,17863,2100,61.6,,,,0,,,,,,,,,,,,,,,,,,0,,
off,96,r4,red,adc,射手,xingchen,,0,4,6,2,18922,14600,1200,35.2,,,,0,,,,,,,,,,,,,,,,,,0,,
off,96,r5,red,sup,輔助,hexweave,,0,0,2,3,7802,17135,0,0,,,,0,,,,,,,,,,,,,,,,,,0,,
off,97,b1,blue,top,戰士,kuangfeng,,0,2,6,1,17014,28477,618,19.4,,,,0,,,,,,,,,,,,,,,,,,0,,
off,97,b2,blue,jungle,刺客,hundun,,0,3,2,0,7165,14832,1810,56.9,,,,0,,,,,,,,,,,,,,,,,,0,,
off,97,b3,blue,mid,法師,leiming,,0,7,8,1,22787,19737,2118,66.6,,,,0,,,,,,,,,,,,,,,,,,0,,
off,97,b4,blue,adc,射手,dujian,,0,2,4,1,16437,13737,654,20.6,,,,0,,,,,,,,,,,,,,,,,,0,,
off,97,b5,blue,sup,坦克,tiankong,,0,0,5,3,7757,21089,0,0,,,,0,,,,,,,,,,,,,,,,,,0,,
off,97,r1,red,top,戰士,kuangfeng,,1,5,0,1,16479,29238,1500,47.1,,,,0,,,,,,,,,,,,,,,,,,0,,
off,97,r2,red,jungle,刺客,hundun,,1,9,2,1,10866,15937,3896,122.4,,,,0,,,,,,,,,,,,,,,,,,0,,
off,97,r3,red,mid,法師,leiming,,1,2,3,4,16496,16050,600,18.9,,,,0,,,,,,,,,,,,,,,,,,0,,
off,97,r4,red,adc,射手,dujian,,1,8,5,2,23522,14228,2400,75.4,,,,0,,,,,,,,,,,,,,,,,,0,,
off,97,r5,red,sup,坦克,tiankong,,1,1,4,3,8613,19924,300,9.4,,,,0,,,,,,,,,,,,,,,,,,0,,
off,98,b1,blue,top,戰士,greymantle,,0,0,1,0,8004,18391,0,0,,,,0,,,,,,,,,,,,,,,,,,0,,
off,98,b2,blue,jungle,刺客,yueying,,0,1,4,0,4525,10757,958,40.9,,,,0,,,,,,,,,,,,,,,,,,0,,
off,98,b3,blue,mid,法師,haixiao,,0,2,3,0,9875,12041,628,26.8,,,,0,,,,,,,,,,,,,,,,,,0,,
off,98,b4,blue,adc,射手,tianfa,,0,0,5,0,8071,9319,0,0,,,,0,,,,,,,,,,,,,,,,,,0,,
off,98,b5,blue,sup,坦克,shiqiang,,0,0,3,0,3995,15369,82,3.5,,,,0,,,,,,,,,,,,,,,,,,0,,
off,98,r1,red,top,戰士,greymantle,,1,2,0,1,11205,17421,600,25.6,,,,0,,,,,,,,,,,,,,,,,,0,,
off,98,r2,red,jungle,刺客,yueying,,1,3,0,1,5437,8631,1930,82.4,,,,0,,,,,,,,,,,,,,,,,,0,,
off,98,r3,red,mid,法師,haixiao,,1,5,1,0,11923,11756,1500,64.1,,,,0,,,,,,,,,,,,,,,,,,0,,
off,98,r4,red,adc,射手,tianfa,,1,3,2,3,13343,8158,900,38.4,,,,0,,,,,,,,,,,,,,,,,,0,,
off,98,r5,red,sup,坦克,shiqiang,,1,3,0,4,5954,12859,900,38.4,,,,0,,,,,,,,,,,,,,,,,,0,,
off,99,b1,blue,top,戰士,ravager,,1,0,2,0,8800,20793,0,0,,,,0,,,,,,,,,,,,,,,,,,0,,
off,99,b2,blue,jungle,戰士,longyi,,1,0,4,0,3030,10440,721,28.4,,,,0,,,,,,,,,,,,,,,,,,0,,
off,99,b3,blue,mid,法師,bingshuang,,1,1,3,0,10433,13425,300,11.8,,,,0,,,,,,,,,,,,,,,,,,0,,
off,99,b4,blue,adc,射手,dawnstrike,,1,3,3,0,10186,10216,900,35.5,,,,0,,,,,,,,,,,,,,,,,,0,,
off,99,b5,blue,sup,輔助,shengguang,,1,1,3,2,3481,12954,300,11.8,,,,0,,,,,,,,,,,,,,,,,,0,,
off,99,r1,red,top,戰士,ravager,,0,9,0,1,10831,16035,2700,106.5,,,,0,,,,,,,,,,,,,,,,,,0,,
off,99,r2,red,jungle,戰士,longyi,,0,3,0,2,8253,12888,1728,68.1,,,,0,,,,,,,,,,,,,,,,,,0,,
off,99,r3,red,mid,法師,bingshuang,,0,1,1,0,9927,11228,300,11.8,,,,0,,,,,,,,,,,,,,,,,,0,,
off,99,r4,red,adc,射手,dawnstrike,,0,2,3,1,13656,9090,600,23.7,,,,0,,,,,,,,,,,,,,,,,,0,,
off,99,r5,red,sup,輔助,shengguang,,0,0,1,3,4533,12040,0,0,,,,0,,,,,,,,,,,,,,,,,,0,,
off,100,b1,blue,top,戰士,dadi2,,1,6,0,1,15479,26797,1828,58.7,,,,0,,,,,,,,,,,,,,,,,,0,,
off,100,b2,blue,jungle,戰士,ravager,,1,1,2,2,7751,13371,1030,33.1,,,,0,,,,,,,,,,,,,,,,,,0,,
off,100,b3,blue,mid,法師,mingyun2,,1,4,2,3,18263,17073,1200,38.5,,,,0,,,,,,,,,,,,,,,,,,0,,
off,100,b4,blue,adc,射手,hanbing,,1,2,4,2,15341,12813,600,19.3,,,,0,,,,,,,,,,,,,,,,,,0,,
off,100,b5,blue,sup,坦克,tieshixin,,1,1,3,4,7887,18912,300,9.6,,,,0,,,,,,,,,,,,,,,,,,0,,
off,100,r1,red,top,戰士,dadi2,,0,5,1,0,14670,27625,1500,48.2,,,,0,,,,,,,,,,,,,,,,,,0,,
off,100,r2,red,jungle,戰士,ravager,,0,2,4,0,9401,14518,1684,54,,,,0,,,,,,,,,,,,,,,,,,0,,
off,100,r3,red,mid,法師,mingyun2,,0,4,2,1,15583,14827,1200,38.5,,,,0,,,,,,,,,,,,,,,,,,0,,
off,100,r4,red,adc,射手,hanbing,,0,0,0,0,17354,13326,0,0,,,,0,,,,,,,,,,,,,,,,,,0,,
off,100,r5,red,sup,坦克,tieshixin,,0,0,7,1,6569,20168,0,0,,,,0,,,,,,,,,,,,,,,,,,0,,
off,101,b1,blue,top,戰士,ronggang,,0,3,5,0,13932,25305,900,28.9,,,,0,,,,,,,,,,,,,,,,,,0,,
off,101,b2,blue,jungle,戰士,xueyue,,0,1,3,0,7250,14402,1068,34.4,,,,0,,,,,,,,,,,,,,,,,,0,,
off,101,b3,blue,mid,法師,bingshuang,,0,7,1,0,20856,16634,2100,67.5,,,,0,,,,,,,,,,,,,,,,,,0,,
off,101,b4,blue,adc,射手,xuanfeng,,0,7,3,2,23005,13070,2100,67.5,,,,0,,,,,,,,,,,,,,,,,,0,,
off,101,b5,blue,sup,坦克,xukong,,0,0,4,0,5549,20211,54,1.7,,,,0,,,,,,,,,,,,,,,,,,0,,
off,101,r1,red,top,戰士,ronggang,,1,7,3,2,14026,23955,2100,67.5,,,,0,,,,,,,,,,,,,,,,,,0,,
off,101,r2,red,jungle,戰士,xueyue,,1,5,1,1,12462,17832,2759,88.7,,,,0,,,,,,,,,,,,,,,,,,0,,
off,101,r3,red,mid,法師,bingshuang,,1,2,2,5,18094,15997,600,19.3,,,,0,,,,,,,,,,,,,,,,,,0,,
off,101,r4,red,adc,射手,xuanfeng,,1,1,6,0,17593,12400,300,9.6,,,,0,,,,,,,,,,,,,,,,,,0,,
off,101,r5,red,sup,坦克,xukong,,1,1,6,3,5724,20560,300,9.6,,,,0,,,,,,,,,,,,,,,,,,0,,
off,102,b1,blue,top,戰士,jingci,,0,2,0,0,6699,16940,600,24.4,,,,0,,,,,,,,,,,,,,,,,,0,,
off,102,b2,blue,jungle,戰士,jufeng,,0,2,1,1,9006,12937,1205,49,,,,0,,,,,,,,,,,,,,,,,,0,,
off,102,b3,blue,mid,法師,mingyun2,,0,3,3,1,11953,11794,900,36.6,,,,0,,,,,,,,,,,,,,,,,,0,,
off,102,b4,blue,adc,射手,phantom,,0,1,5,0,9647,9546,300,12.2,,,,0,,,,,,,,,,,,,,,,,,0,,
off,102,b5,blue,sup,輔助,tianshi,,0,0,3,2,5028,12840,0,0,,,,0,,,,,,,,,,,,,,,,,,0,,
off,102,r1,red,top,戰士,jingci,,1,2,1,0,9750,17843,600,24.4,,,,0,,,,,,,,,,,,,,,,,,0,,
off,102,r2,red,jungle,戰士,jufeng,,1,5,1,0,8088,12247,2344,95.2,,,,0,,,,,,,,,,,,,,,,,,0,,
off,102,r3,red,mid,法師,mingyun2,,1,1,1,2,10082,12963,300,12.2,,,,0,,,,,,,,,,,,,,,,,,0,,
off,102,r4,red,adc,射手,phantom,,1,3,4,1,11344,9050,900,36.6,,,,0,,,,,,,,,,,,,,,,,,0,,
off,102,r5,red,sup,輔助,tianshi,,1,1,1,2,5171,9596,300,12.2,,,,0,,,,,,,,,,,,,,,,,,0,,
off,103,b1,blue,top,戰士,tielian,,0,5,1,0,5207,18787,1500,62.1,,,,0,,,,,,,,,,,,,,,,,,0,,
off,103,b2,blue,jungle,戰士,rongyan,,0,1,1,3,5707,9745,832,34.4,,,,0,,,,,,,,,,,,,,,,,,0,,
off,103,b3,blue,mid,法師,bingshuang,,0,1,2,6,12438,13763,300,12.4,,,,0,,,,,,,,,,,,,,,,,,0,,
off,103,b4,blue,adc,射手,huanying,,0,4,2,1,9355,9010,1200,49.7,,,,0,,,,,,,,,,,,,,,,,,0,,
off,103,b5,blue,sup,輔助,mantra,,0,1,1,5,5117,10924,300,12.4,,,,0,,,,,,,,,,,,,,,,,,0,,
off,103,r1,red,top,戰士,tielian,,1,5,1,0,8825,17943,1518,62.9,,,,0,,,,,,,,,,,,,,,,,,0,,
off,103,r2,red,jungle,戰士,rongyan,,1,1,5,0,5149,10902,1294,53.6,,,,0,,,,,,,,,,,,,,,,,,0,,
off,103,r3,red,mid,法師,bingshuang,,1,0,2,2,11265,12389,0,0,,,,0,,,,,,,,,,,,,,,,,,0,,
off,103,r4,red,adc,射手,huanying,,1,1,3,1,7017,8278,300,12.4,,,,0,,,,,,,,,,,,,,,,,,0,,
off,103,r5,red,sup,輔助,mantra,,1,0,1,2,4345,10035,0,0,,,,0,,,,,,,,,,,,,,,,,,0,,
off,104,b1,blue,top,坦克,shiqiang,,0,2,1,0,7158,16880,600,26.4,,,,0,,,,,,,,,,,,,,,,,,0,,
off,104,b2,blue,jungle,戰士,tielian,,0,0,3,1,5328,9887,605,26.6,,,,0,,,,,,,,,,,,,,,,,,0,,
off,104,b3,blue,mid,法師,mingyun2,,0,1,0,0,8638,11599,300,13.2,,,,0,,,,,,,,,,,,,,,,,,0,,
off,104,b4,blue,adc,射手,guangsu,,0,1,2,0,6069,8010,300,13.2,,,,0,,,,,,,,,,,,,,,,,,0,,
off,104,b5,blue,sup,坦克,tiebi,,0,1,5,0,4068,13096,300,13.2,,,,0,,,,,,,,,,,,,,,,,,0,,
off,104,r1,red,top,坦克,shiqiang,,1,2,0,1,9497,14603,600,26.4,,,,0,,,,,,,,,,,,,,,,,,0,,
off,104,r2,red,jungle,戰士,tielian,,1,4,0,0,3584,7851,2206,97.2,,,,0,,,,,,,,,,,,,,,,,,0,,
off,104,r3,red,mid,法師,mingyun2,,1,3,1,0,10094,10941,900,39.6,,,,0,,,,,,,,,,,,,,,,,,0,,
off,104,r4,red,adc,射手,guangsu,,1,0,1,4,10865,7360,0,0,,,,0,,,,,,,,,,,,,,,,,,0,,
off,104,r5,red,sup,坦克,tiebi,,1,2,3,4,4827,14259,600,26.4,,,,0,,,,,,,,,,,,,,,,,,0,,
off,105,b1,blue,top,坦克,longji,,1,0,0,0,7653,17796,28,1.1,,,,0,,,,,,,,,,,,,,,,,,0,,
off,105,b2,blue,jungle,戰士,cinderfist,,1,1,1,0,5251,11091,904,36.1,,,,0,,,,,,,,,,,,,,,,,,0,,
off,105,b3,blue,mid,法師,shikong,,1,6,2,0,9486,12334,1800,71.8,,,,0,,,,,,,,,,,,,,,,,,0,,
off,105,b4,blue,adc,射手,mori,,1,4,3,0,8263,10182,1200,47.9,,,,0,,,,,,,,,,,,,,,,,,0,,
off,105,b5,blue,sup,輔助,zhanchang,,1,0,3,2,4176,12884,18,0.7,,,,0,,,,,,,,,,,,,,,,,,0,,
off,105,r1,red,top,坦克,longji,,0,3,1,0,8015,17470,900,35.9,,,,0,,,,,,,,,,,,,,,,,,0,,
off,105,r2,red,jungle,戰士,cinderfist,,0,2,3,2,6150,10418,1378,55,,,,0,,,,,,,,,,,,,,,,,,0,,
off,105,r3,red,mid,法師,shikong,,0,1,2,2,10520,12492,300,12,,,,0,,,,,,,,,,,,,,,,,,0,,
off,105,r4,red,adc,射手,mori,,0,3,4,0,10800,9971,900,35.9,,,,0,,,,,,,,,,,,,,,,,,0,,
off,105,r5,red,sup,輔助,zhanchang,,0,0,1,2,4400,11673,0,0,,,,0,,,,,,,,,,,,,,,,,,0,,
off,106,b1,blue,top,坦克,dadi,,0,0,0,0,7400,15409,0,0,,,,0,,,,,,,,,,,,,,,,,,0,,
off,106,b2,blue,jungle,戰士,chichuan,,0,1,4,0,3452,8292,903,39.9,,,,0,,,,,,,,,,,,,,,,,,0,,
off,106,b3,blue,mid,法師,lieyan,,0,1,1,0,8260,10037,300,13.3,,,,0,,,,,,,,,,,,,,,,,,0,,
off,106,b4,blue,adc,射手,leiting,,0,1,4,1,7756,9479,300,13.3,,,,0,,,,,,,,,,,,,,,,,,0,,
off,106,b5,blue,sup,輔助,luminary,,0,2,1,1,3048,10340,618,27.3,,,,0,,,,,,,,,,,,,,,,,,0,,
off,106,r1,red,top,坦克,dadi,,1,1,0,0,7750,17020,318,14.1,,,,0,,,,,,,,,,,,,,,,,,0,,
off,106,r2,red,jungle,戰士,chichuan,,1,4,0,0,3992,7573,2294,101.4,,,,0,,,,,,,,,,,,,,,,,,0,,
off,106,r3,red,mid,法師,lieyan,,1,0,1,1,9039,12187,0,0,,,,0,,,,,,,,,,,,,,,,,,0,,
off,106,r4,red,adc,射手,leiting,,1,3,3,0,7886,8133,900,39.8,,,,0,,,,,,,,,,,,,,,,,,0,,
off,106,r5,red,sup,輔助,luminary,,1,2,1,2,2524,10492,600,26.5,,,,0,,,,,,,,,,,,,,,,,,0,,
off,107,b1,blue,top,坦克,tixue,,0,3,2,1,12249,24710,900,31.8,,,,0,,,,,,,,,,,,,,,,,,0,,
off,107,b2,blue,jungle,戰士,dadi2,,0,1,4,1,8020,11804,1156,40.8,,,,0,,,,,,,,,,,,,,,,,,0,,
off,107,b3,blue,mid,法師,shikong,,0,2,5,2,13403,15444,600,21.2,,,,0,,,,,,,,,,,,,,,,,,0,,
off,107,b4,blue,adc,射手,shensheng,,0,6,4,1,15221,11761,1818,64.1,,,,0,,,,,,,,,,,,,,,,,,0,,
off,107,b5,blue,sup,坦克,tiankong,,0,2,3,1,6183,17179,618,21.8,,,,0,,,,,,,,,,,,,,,,,,0,,
off,107,r1,red,top,坦克,tixue,,1,5,1,1,12257,22060,1500,52.9,,,,0,,,,,,,,,,,,,,,,,,0,,
off,107,r2,red,jungle,戰士,dadi2,,1,6,3,1,6952,12881,2801,98.8,,,,0,,,,,,,,,,,,,,,,,,0,,
off,107,r3,red,mid,法師,shikong,,1,3,3,4,18202,15351,900,31.8,,,,0,,,,,,,,,,,,,,,,,,0,,
off,107,r4,red,adc,射手,shensheng,,1,2,5,4,19559,11048,600,21.2,,,,0,,,,,,,,,,,,,,,,,,0,,
off,107,r5,red,sup,坦克,tiankong,,1,2,2,3,5303,17214,600,21.2,,,,0,,,,,,,,,,,,,,,,,,0,,
off,108,b1,blue,top,坦克,stoneguard,,0,1,1,0,7353,20267,300,12,,,,0,,,,,,,,,,,,,,,,,,0,,
off,108,b2,blue,jungle,戰士,langwang,,0,1,4,0,6183,10752,1002,40,,,,0,,,,,,,,,,,,,,,,,,0,,
off,108,b3,blue,mid,法師,lieyan,,0,2,2,2,10351,13816,600,24,,,,0,,,,,,,,,,,,,,,,,,0,,
off,108,b4,blue,adc,射手,liangzicz,,0,2,2,1,11075,10116,600,24,,,,0,,,,,,,,,,,,,,,,,,0,,
off,108,b5,blue,sup,坦克,tiemu,,0,2,2,0,7919,16690,618,24.7,,,,0,,,,,,,,,,,,,,,,,,0,,
off,108,r1,red,top,坦克,stoneguard,,1,3,2,1,12464,19453,900,35.9,,,,0,,,,,,,,,,,,,,,,,,0,,
off,108,r2,red,jungle,戰士,langwang,,1,3,0,0,7838,11228,1883,75.2,,,,0,,,,,,,,,,,,,,,,,,0,,
off,108,r3,red,mid,法師,lieyan,,1,3,2,2,12769,12875,900,35.9,,,,0,,,,,,,,,,,,,,,,,,0,,
off,108,r4,red,adc,射手,liangzicz,,1,0,3,0,11269,9509,54,2.2,,,,0,,,,,,,,,,,,,,,,,,0,,
off,108,r5,red,sup,坦克,tiemu,,1,2,1,5,6903,14574,628,25.1,,,,0,,,,,,,,,,,,,,,,,,0,,
off,109,b1,blue,top,坦克,thornwall,,0,1,2,0,8505,21991,300,11.1,,,,0,,,,,,,,,,,,,,,,,,0,,
off,109,b2,blue,jungle,戰士,anliuyouXia,,0,0,2,2,6272,11858,712,26.3,,,,0,,,,,,,,,,,,,,,,,,0,,
off,109,b3,blue,mid,法師,shikong,,0,3,2,0,16577,15699,900,33.2,,,,0,,,,,,,,,,,,,,,,,,0,,
off,109,b4,blue,adc,射手,xingchen,,0,3,2,0,12444,11699,954,35.2,,,,0,,,,,,,,,,,,,,,,,,0,,
off,109,b5,blue,sup,輔助,hexweave,,0,3,2,0,5951,13829,900,33.2,,,,0,,,,,,,,,,,,,,,,,,0,,
off,109,r1,red,top,坦克,thornwall,,1,4,0,0,9299,18848,1200,44.3,,,,0,,,,,,,,,,,,,,,,,,0,,
off,109,r2,red,jungle,戰士,anliuyouXia,,1,2,3,1,8266,13612,1612,59.5,,,,0,,,,,,,,,,,,,,,,,,0,,
off,109,r3,red,mid,法師,shikong,,1,3,1,2,17421,14532,900,33.2,,,,0,,,,,,,,,,,,,,,,,,0,,
off,109,r4,red,adc,射手,xingchen,,1,1,6,3,13340,11021,300,11.1,,,,0,,,,,,,,,,,,,,,,,,0,,
off,109,r5,red,sup,輔助,hexweave,,1,0,0,2,7662,13123,0,0,,,,0,,,,,,,,,,,,,,,,,,0,,
off,110,b1,blue,top,坦克,tieshixin,,0,1,6,0,13518,28138,354,11.4,,,,0,,,,,,,,,,,,,,,,,,0,,
off,110,b2,blue,jungle,刺客,razorwing,,0,0,8,0,7499,14387,898,29,,,,0,,,,,,,,,,,,,,,,,,0,,
off,110,b3,blue,mid,法師,xingjie,,0,3,2,0,16668,16854,900,29.1,,,,0,,,,,,,,,,,,,,,,,,0,,
off,110,b4,blue,adc,射手,dujian,,0,5,6,1,17407,14721,1500,48.5,,,,0,,,,,,,,,,,,,,,,,,0,,
off,110,b5,blue,sup,坦克,tiankong,,0,1,8,0,6567,21993,300,9.7,,,,0,,,,,,,,,,,,,,,,,,0,,
off,110,r1,red,top,坦克,tieshixin,,1,12,1,0,15789,24454,3600,116.4,,,,0,,,,,,,,,,,,,,,,,,0,,
off,110,r2,red,jungle,刺客,razorwing,,1,8,1,5,14117,15949,3494,113,,,,0,,,,,,,,,,,,,,,,,,0,,
off,110,r3,red,mid,法師,xingjie,,1,6,1,6,24609,15486,1800,58.2,,,,0,,,,,,,,,,,,,,,,,,0,,
off,110,r4,red,adc,射手,dujian,,1,3,5,2,14093,11898,900,29.1,,,,0,,,,,,,,,,,,,,,,,,0,,
off,110,r5,red,sup,坦克,tiankong,,1,1,2,6,8972,18859,300,9.7,,,,0,,,,,,,,,,,,,,,,,,0,,
off,111,b1,blue,top,坦克,bingshouweis,,0,5,1,3,10075,16765,1500,61.7,,,,0,,,,,,,,,,,,,,,,,,0,,
off,111,b2,blue,jungle,刺客,jingxiang,,0,2,1,2,8840,11649,1240,51,,,,0,,,,,,,,,,,,,,,,,,0,,
off,111,b3,blue,mid,法師,auralith,,0,3,0,3,12342,11895,900,37,,,,0,,,,,,,,,,,,,,,,,,0,,
off,111,b4,blue,adc,射手,tianfa,,0,3,2,1,10631,9307,900,37,,,,0,,,,,,,,,,,,,,,,,,0,,
off,111,b5,blue,sup,坦克,shiqiang,,0,1,1,2,6308,14396,354,14.6,,,,0,,,,,,,,,,,,,,,,,,0,,
off,111,r1,red,top,坦克,bingshouweis,,1,3,2,0,9106,18398,900,37,,,,0,,,,,,,,,,,,,,,,,,0,,
off,111,r2,red,jungle,刺客,jingxiang,,1,0,5,1,9166,11168,845,34.7,,,,0,,,,,,,,,,,,,,,,,,0,,
off,111,r3,red,mid,法師,auralith,,1,2,3,0,10660,11975,628,25.8,,,,0,,,,,,,,,,,,,,,,,,0,,
off,111,r4,red,adc,射手,tianfa,,1,0,1,0,11595,8389,0,0,,,,0,,,,,,,,,,,,,,,,,,0,,
off,111,r5,red,sup,坦克,shiqiang,,1,0,3,2,5300,13851,0,0,,,,0,,,,,,,,,,,,,,,,,,0,,
off,112,b1,blue,top,坦克,tiankong,,0,4,1,0,10571,24230,1200,42.6,,,,0,,,,,,,,,,,,,,,,,,0,,
off,112,b2,blue,jungle,刺客,guihuo,,0,1,5,2,7017,12935,1219,43.3,,,,0,,,,,,,,,,,,,,,,,,0,,
off,112,b3,blue,mid,法師,xingjie,,0,5,4,0,16564,16276,1500,53.2,,,,0,,,,,,,,,,,,,,,,,,0,,
off,112,b4,blue,adc,射手,dawnstrike,,0,2,4,1,9721,12254,600,21.3,,,,0,,,,,,,,,,,,,,,,,,0,,
off,112,b5,blue,sup,輔助,tianshi,,0,1,5,1,6330,15906,318,11.3,,,,0,,,,,,,,,,,,,,,,,,0,,
off,112,r1,red,top,坦克,tiankong,,1,9,0,0,14445,22141,2772,98.4,,,,0,,,,,,,,,,,,,,,,,,0,,
off,112,r2,red,jungle,刺客,guihuo,,1,4,3,2,8514,13746,2257,80.1,,,,0,,,,,,,,,,,,,,,,,,0,,
off,112,r3,red,mid,法師,xingjie,,1,2,2,2,15892,15344,600,21.3,,,,0,,,,,,,,,,,,,,,,,,0,,
off,112,r4,red,adc,射手,dawnstrike,,1,2,4,1,13166,11768,600,21.3,,,,0,,,,,,,,,,,,,,,,,,0,,
off,112,r5,red,sup,輔助,tianshi,,1,2,4,4,7044,13491,654,23.2,,,,0,,,,,,,,,,,,,,,,,,0,,
off,113,b1,blue,top,坦克,shengdun,,0,1,3,0,6650,17160,354,15,,,,0,,,,,,,,,,,,,,,,,,0,,
off,113,b2,blue,jungle,刺客,yingsi,,0,0,4,0,4442,10979,558,23.6,,,,0,,,,,,,,,,,,,,,,,,0,,
off,113,b3,blue,mid,法師,auralith,,0,0,3,0,7737,12034,54,2.3,,,,0,,,,,,,,,,,,,,,,,,0,,
off,113,b4,blue,adc,射手,hanbing,,0,1,2,0,8272,8889,300,12.7,,,,0,,,,,,,,,,,,,,,,,,0,,
off,113,b5,blue,sup,輔助,linghun,,0,0,4,0,3678,11722,0,0,,,,0,,,,,,,,,,,,,,,,,,0,,
off,113,r1,red,top,坦克,shengdun,,1,5,1,3,10169,17246,1554,65.8,,,,0,,,,,,,,,,,,,,,,,,0,,
off,113,r2,red,jungle,刺客,yingsi,,1,3,0,2,6524,9521,1849,78.2,,,,0,,,,,,,,,,,,,,,,,,0,,
off,113,r3,red,mid,法師,auralith,,1,6,0,2,12907,10322,1800,76.2,,,,0,,,,,,,,,,,,,,,,,,0,,
off,113,r4,red,adc,射手,hanbing,,1,1,0,4,10608,8296,300,12.7,,,,0,,,,,,,,,,,,,,,,,,0,,
off,113,r5,red,sup,輔助,linghun,,1,1,1,5,3122,10097,300,12.7,,,,0,,,,,,,,,,,,,,,,,,0,,
off,114,b1,blue,top,坦克,xukong,,0,1,4,0,12863,20209,300,12,,,,0,,,,,,,,,,,,,,,,,,0,,
off,114,b2,blue,jungle,刺客,youming,,0,0,1,0,4033,10963,811,32.4,,,,0,,,,,,,,,,,,,,,,,,0,,
off,114,b3,blue,mid,法師,xingjie,,0,1,5,1,10897,13741,300,12,,,,0,,,,,,,,,,,,,,,,,,0,,
off,114,b4,blue,adc,射手,xuanfeng,,0,2,3,0,10385,10430,654,26.1,,,,0,,,,,,,,,,,,,,,,,,0,,
off,114,b5,blue,sup,坦克,shengdun,,0,1,7,1,4505,15713,300,12,,,,0,,,,,,,,,,,,,,,,,,0,,
off,114,r1,red,top,坦克,xukong,,1,7,0,2,11417,15188,2100,83.8,,,,0,,,,,,,,,,,,,,,,,,0,,
off,114,r2,red,jungle,刺客,youming,,1,3,0,2,8237,11246,1627,65,,,,0,,,,,,,,,,,,,,,,,,0,,
off,114,r3,red,mid,法師,xingjie,,1,5,0,1,12286,11411,1500,59.9,,,,0,,,,,,,,,,,,,,,,,,0,,
off,114,r4,red,adc,射手,xuanfeng,,1,3,2,4,12029,8795,954,38.1,,,,0,,,,,,,,,,,,,,,,,,0,,
off,114,r5,red,sup,坦克,shengdun,,1,2,3,5,7118,14695,600,24,,,,0,,,,,,,,,,,,,,,,,,0,,
off,115,b1,blue,top,坦克,tiemu,,0,4,3,1,6436,17602,1200,47.8,,,,0,,,,,,,,,,,,,,,,,,0,,
off,115,b2,blue,jungle,刺客,yueying,,0,1,2,2,5002,10465,1130,45,,,,0,,,,,,,,,,,,,,,,,,0,,
off,115,b3,blue,mid,法師,auralith,,0,1,1,0,9892,11958,300,11.9,,,,0,,,,,,,,,,,,,,,,,,0,,
off,115,b4,blue,adc,射手,phantom,,0,1,4,0,9831,10015,300,11.9,,,,0,,,,,,,,,,,,,,,,,,0,,
off,115,b5,blue,sup,輔助,fuwenbianzhi,,0,1,4,0,5441,11702,300,11.9,,,,0,,,,,,,,,,,,,,,,,,0,,
off,115,r1,red,top,坦克,tiemu,,1,5,0,1,8082,19543,1554,61.9,,,,0,,,,,,,,,,,,,,,,,,0,,
off,115,r2,red,jungle,刺客,yueying,,1,2,1,2,6684,10819,1672,66.6,,,,0,,,,,,,,,,,,,,,,,,0,,
off,115,r3,red,mid,法師,auralith,,1,3,1,1,13153,12415,900,35.8,,,,0,,,,,,,,,,,,,,,,,,0,,
off,115,r4,red,adc,射手,phantom,,1,3,3,0,10098,10348,900,35.8,,,,0,,,,,,,,,,,,,,,,,,0,,
off,115,r5,red,sup,輔助,fuwenbianzhi,,1,1,3,1,4621,10222,300,11.9,,,,0,,,,,,,,,,,,,,,,,,0,,
off,116,b1,blue,top,坦克,longji,,0,5,2,1,11349,26233,1500,48.1,,,,0,,,,,,,,,,,,,,,,,,0,,
off,116,b2,blue,jungle,刺客,yeiren,,0,4,1,1,9647,17885,1966,63.1,,,,0,,,,,,,,,,,,,,,,,,0,,
off,116,b3,blue,mid,法師,ronghuo,,0,6,2,2,15514,16806,1800,57.7,,,,0,,,,,,,,,,,,,,,,,,0,,
off,116,b4,blue,adc,射手,huanying,,0,6,3,5,16310,14014,1800,57.7,,,,0,,,,,,,,,,,,,,,,,,0,,
off,116,b5,blue,sup,輔助,mantra,,0,0,3,4,7912,16099,54,1.7,,,,0,,,,,,,,,,,,,,,,,,0,,
off,116,r1,red,top,坦克,longji,,1,8,3,0,10771,23322,2454,78.7,,,,0,,,,,,,,,,,,,,,,,,0,,
off,116,r2,red,jungle,刺客,yeiren,,1,1,4,0,9446,16794,1286,41.2,,,,0,,,,,,,,,,,,,,,,,,0,,
off,116,r3,red,mid,法師,ronghuo,,1,0,4,3,22630,16196,0,0,,,,0,,,,,,,,,,,,,,,,,,0,,
off,116,r4,red,adc,射手,huanying,,1,1,7,0,12489,13650,300,9.6,,,,0,,,,,,,,,,,,,,,,,,0,,
off,116,r5,red,sup,輔助,mantra,,1,1,3,1,6678,13625,300,9.6,,,,0,,,,,,,,,,,,,,,,,,0,,
off,117,b1,blue,top,坦克,dadi,,1,1,3,0,8203,17158,300,12.9,,,,0,,,,,,,,,,,,,,,,,,0,,
off,117,b2,blue,jungle,刺客,duskblade,,1,2,2,0,6234,10563,1141,48.9,,,,0,,,,,,,,,,,,,,,,,,0,,
off,117,b3,blue,mid,法師,gambler,,1,5,2,0,11201,10631,1500,64.3,,,,0,,,,,,,,,,,,,,,,,,0,,
off,117,b4,blue,adc,射手,guangsu,,1,2,3,0,11166,8178,600,25.7,,,,0,,,,,,,,,,,,,,,,,,0,,
off,117,b5,blue,sup,坦克,tiebi,,1,0,1,1,4642,12509,0,0,,,,0,,,,,,,,,,,,,,,,,,0,,
off,117,r1,red,top,坦克,dadi,,0,4,0,2,8120,15532,1218,52.2,,,,0,,,,,,,,,,,,,,,,,,0,,
off,117,r2,red,jungle,刺客,duskblade,,0,4,0,1,9043,11920,1979,84.8,,,,0,,,,,,,,,,,,,,,,,,0,,
off,117,r3,red,mid,法師,gambler,,0,2,4,3,9743,11452,600,25.7,,,,0,,,,,,,,,,,,,,,,,,0,,
off,117,r4,red,adc,射手,guangsu,,0,1,3,1,9789,8344,300,12.9,,,,0,,,,,,,,,,,,,,,,,,0,,
off,117,r5,red,sup,坦克,tiebi,,0,0,3,5,5049,13492,0,0,,,,0,,,,,,,,,,,,,,,,,,0,,
off,118,b1,blue,top,坦克,suishan,,1,3,7,1,9919,26176,900,28.7,,,,0,,,,,,,,,,,,,,,,,,0,,
off,118,b2,blue,jungle,刺客,binghe,,1,1,2,2,10199,14242,1193,38,,,,0,,,,,,,,,,,,,,,,,,0,,
off,118,b3,blue,mid,法師,ronghuo,,1,6,3,0,17225,17157,1800,57.4,,,,0,,,,,,,,,,,,,,,,,,0,,
off,118,b4,blue,adc,射手,mori,,1,4,4,3,21348,12654,1254,40,,,,0,,,,,,,,,,,,,,,,,,0,,
off,118,b5,blue,sup,坦克,tiemu,,1,2,7,2,8241,22230,600,19.1,,,,0,,,,,,,,,,,,,,,,,,0,,
off,118,r1,red,top,坦克,suishan,,0,8,3,1,15898,27652,2400,76.5,,,,0,,,,,,,,,,,,,,,,,,0,,
off,118,r2,red,jungle,刺客,binghe,,0,6,2,4,9835,16151,3056,97.4,,,,0,,,,,,,,,,,,,,,,,,0,,
off,118,r3,red,mid,法師,ronghuo,,0,5,2,4,20227,17743,1500,47.8,,,,0,,,,,,,,,,,,,,,,,,0,,
off,118,r4,red,adc,射手,mori,,0,3,7,2,15207,11389,900,28.7,,,,0,,,,,,,,,,,,,,,,,,0,,
off,118,r5,red,sup,坦克,tiemu,,0,1,2,2,6725,20126,300,9.6,,,,0,,,,,,,,,,,,,,,,,,0,,
off,119,b1,blue,top,坦克,stoneguard,,0,1,4,0,7084,22692,300,10.4,,,,0,,,,,,,,,,,,,,,,,,0,,
off,119,b2,blue,jungle,刺客,shanying,,0,1,6,1,7667,14655,1112,38.5,,,,0,,,,,,,,,,,,,,,,,,0,,
off,119,b3,blue,mid,法師,gambler,,0,3,2,1,14216,16903,900,31.2,,,,0,,,,,,,,,,,,,,,,,,0,,
off,119,b4,blue,adc,射手,liuxing,,0,1,8,1,11967,13237,300,10.4,,,,0,,,,,,,,,,,,,,,,,,0,,
off,119,b5,blue,sup,輔助,luminary,,0,0,2,2,5268,16042,82,2.8,,,,0,,,,,,,,,,,,,,,,,,0,,
off,119,r1,red,top,坦克,stoneguard,,1,9,1,1,13073,24424,2700,93.5,,,,0,,,,,,,,,,,,,,,,,,0,,
off,119,r2,red,jungle,刺客,shanying,,1,7,0,3,10048,12494,3064,106.1,,,,0,,,,,,,,,,,,,,,,,,0,,
off,119,r3,red,mid,法師,gambler,,1,4,1,0,16836,13483,1200,41.6,,,,0,,,,,,,,,,,,,,,,,,0,,
off,119,r4,red,adc,射手,liuxing,,1,2,2,2,16294,10191,600,20.8,,,,0,,,,,,,,,,,,,,,,,,0,,
off,119,r5,red,sup,輔助,luminary,,1,0,2,3,4840,12730,0,0,,,,0,,,,,,,,,,,,,,,,,,0,,
off,120,b1,blue,top,坦克,ironclad,,0,0,3,0,5685,17720,0,0,,,,0,,,,,,,,,,,,,,,,,,0,,
off,120,b2,blue,jungle,戰士,langwang,,0,0,2,0,4809,9154,758,31.7,,,,0,,,,,,,,,,,,,,,,,,0,,
off,120,b3,blue,mid,法師,ronghuo,,0,2,3,0,10798,13151,600,25.1,,,,0,,,,,,,,,,,,,,,,,,0,,
off,120,b4,blue,adc,射手,shensheng,,0,3,6,0,10906,11528,900,37.7,,,,0,,,,,,,,,,,,,,,,,,0,,
off,120,b5,blue,sup,坦克,tiankong,,0,0,2,0,4663,15427,54,2.3,,,,0,,,,,,,,,,,,,,,,,,0,,
off,120,r1,red,top,坦克,ironclad,,1,3,0,1,8309,16177,954,39.9,,,,0,,,,,,,,,,,,,,,,,,0,,
off,120,r2,red,jungle,戰士,langwang,,1,3,0,0,5979,9070,1522,63.7,,,,0,,,,,,,,,,,,,,,,,,0,,
off,120,r3,red,mid,法師,ronghuo,,1,4,2,2,16459,12072,1200,50.2,,,,0,,,,,,,,,,,,,,,,,,0,,
off,120,r4,red,adc,射手,shensheng,,1,4,2,4,7637,8607,1200,50.2,,,,0,,,,,,,,,,,,,,,,,,0,,
off,120,r5,red,sup,坦克,tiankong,,1,2,1,4,6541,13842,600,25.1,,,,0,,,,,,,,,,,,,,,,,,0,,
off,121,b1,blue,top,坦克,tieshixin,,0,1,6,1,11928,25207,300,10,,,,0,,,,,,,,,,,,,,,,,,0,,
off,121,b2,blue,jungle,戰士,jingci,,0,0,7,0,9068,15787,947,31.7,,,,0,,,,,,,,,,,,,,,,,,0,,
off,121,b3,blue,mid,法師,gambler,,0,4,4,1,16820,17484,1228,41,,,,0,,,,,,,,,,,,,,,,,,0,,
off,121,b4,blue,adc,射手,liangzicz,,0,3,6,2,13057,12575,918,30.7,,,,0,,,,,,,,,,,,,,,,,,0,,
off,121,b5,blue,sup,坦克,tiemu,,0,1,7,0,6630,20426,300,10,,,,0,,,,,,,,,,,,,,,,,,0,,
off,121,r1,red,top,坦克,tieshixin,,1,12,1,2,20673,24279,3654,122.2,,,,0,,,,,,,,,,,,,,,,,,0,,
off,121,r2,red,jungle,戰士,jingci,,1,5,1,6,8729,12073,2528,84.5,,,,0,,,,,,,,,,,,,,,,,,0,,
off,121,r3,red,mid,法師,gambler,,1,2,2,3,16761,15868,600,20.1,,,,0,,,,,,,,,,,,,,,,,,0,,
off,121,r4,red,adc,射手,liangzicz,,1,9,5,3,17481,12448,2754,92.1,,,,0,,,,,,,,,,,,,,,,,,0,,
off,121,r5,red,sup,坦克,tiemu,,1,2,0,3,8574,17399,600,20.1,,,,0,,,,,,,,,,,,,,,,,,0,,
off,122,b1,blue,top,坦克,bingshouweis,,0,1,1,0,6562,18746,300,12.3,,,,0,,,,,,,,,,,,,,,,,,0,,
off,122,b2,blue,jungle,戰士,greymantle,,0,2,1,0,4935,11380,1176,48.1,,,,0,,,,,,,,,,,,,,,,,,0,,
off,122,b3,blue,mid,法師,leiming,,0,1,3,1,9010,12999,300,12.3,,,,0,,,,,,,,,,,,,,,,,,0,,
off,122,b4,blue,adc,射手,xingchen,,0,0,6,1,6184,9868,0,0,,,,0,,,,,,,,,,,,,,,,,,0,,
off,122,b5,blue,sup,輔助,shengguang,,0,1,0,0,4512,12526,300,12.3,,,,0,,,,,,,,,,,,,,,,,,0,,
off,122,r1,red,top,坦克,bingshouweis,,1,2,2,1,7042,17200,600,24.5,,,,0,,,,,,,,,,,,,,,,,,0,,
off,122,r2,red,jungle,戰士,greymantle,,1,1,0,0,4932,9309,1182,48.3,,,,0,,,,,,,,,,,,,,,,,,0,,
off,122,r3,red,mid,法師,leiming,,1,4,3,0,10952,12463,1200,49,,,,0,,,,,,,,,,,,,,,,,,0,,
off,122,r4,red,adc,射手,xingchen,,1,3,0,4,13936,8951,900,36.8,,,,0,,,,,,,,,,,,,,,,,,0,,
off,122,r5,red,sup,輔助,shengguang,,1,1,0,0,3276,9688,300,12.3,,,,0,,,,,,,,,,,,,,,,,,0,,
off,123,b1,blue,top,坦克,tiebi,,1,3,2,2,7463,18870,900,38.8,,,,0,,,,,,,,,,,,,,,,,,0,,
off,123,b2,blue,jungle,戰士,chichuan,,1,1,2,1,2446,7249,832,35.8,,,,0,,,,,,,,,,,,,,,,,,0,,
off,123,b3,blue,mid,法師,haixiao,,1,1,1,0,8756,12034,300,12.9,,,,0,,,,,,,,,,,,,,,,,,0,,
off,123,b4,blue,adc,射手,dujian,,1,1,1,2,10519,7573,300,12.9,,,,0,,,,,,,,,,,,,,,,,,0,,
off,123,b5,blue,sup,輔助,mingyunyindao,,1,4,2,0,4438,10185,1254,54,,,,0,,,,,,,,,,,,,,,,,,0,,
off,123,r1,red,top,坦克,tiebi,,0,3,2,1,5737,16604,900,38.8,,,,0,,,,,,,,,,,,,,,,,,0,,
off,123,r2,red,jungle,戰士,chichuan,,0,3,2,2,6779,10114,1834,78.9,,,,0,,,,,,,,,,,,,,,,,,0,,
off,123,r3,red,mid,法師,haixiao,,0,2,1,0,10711,12131,600,25.8,,,,0,,,,,,,,,,,,,,,,,,0,,
off,123,r4,red,adc,射手,dujian,,0,0,3,1,9775,8929,0,0,,,,0,,,,,,,,,,,,,,,,,,0,,
off,123,r5,red,sup,輔助,mingyunyindao,,0,0,2,1,4816,10540,0,0,,,,0,,,,,,,,,,,,,,,,,,0,,
off,124,b1,blue,top,坦克,shengdun,,1,2,1,1,11139,20162,600,21.5,,,,0,,,,,,,,,,,,,,,,,,0,,
off,124,b2,blue,jungle,戰士,leimingcf,,1,2,0,0,10446,13954,1213,43.5,,,,0,,,,,,,,,,,,,,,,,,0,,
off,124,b3,blue,mid,法師,leiming,,1,9,2,1,17377,12698,2700,96.8,,,,0,,,,,,,,,,,,,,,,,,0,,
off,124,b4,blue,adc,射手,tianfa,,1,6,4,3,16764,10775,1800,64.5,,,,0,,,,,,,,,,,,,,,,,,0,,
off,124,b5,blue,sup,坦克,shiqiang,,1,2,3,5,5583,14891,600,21.5,,,,0,,,,,,,,,,,,,,,,,,0,,
off,124,r1,red,top,坦克,shengdun,,0,4,1,0,11150,22520,1254,45,,,,0,,,,,,,,,,,,,,,,,,0,,
off,124,r2,red,jungle,戰士,leimingcf,,0,0,3,0,7824,12554,970,34.8,,,,0,,,,,,,,,,,,,,,,,,0,,
off,124,r3,red,mid,法師,leiming,,0,2,5,1,13150,16254,600,21.5,,,,0,,,,,,,,,,,,,,,,,,0,,
off,124,r4,red,adc,射手,tianfa,,0,3,7,0,12343,12105,900,32.3,,,,0,,,,,,,,,,,,,,,,,,0,,
off,124,r5,red,sup,坦克,shiqiang,,0,1,5,1,4933,19106,300,10.8,,,,0,,,,,,,,,,,,,,,,,,0,,
off,125,b1,blue,top,坦克,shiqiang,,1,4,1,1,10541,18716,1200,45.9,,,,0,,,,,,,,,,,,,,,,,,0,,
off,125,b2,blue,jungle,戰士,fengbao,,1,1,0,1,5350,11713,877,33.5,,,,0,,,,,,,,,,,,,,,,,,0,,
off,125,b3,blue,mid,法師,haixiao,,1,6,2,0,11048,14063,1800,68.8,,,,0,,,,,,,,,,,,,,,,,,0,,
off,125,b4,blue,adc,射手,mirrorshot,,1,1,0,3,13278,9580,300,11.5,,,,0,,,,,,,,,,,,,,,,,,0,,
off,125,b5,blue,sup,輔助,tianshi,,1,1,1,4,8340,13837,300,11.5,,,,0,,,,,,,,,,,,,,,,,,0,,
off,125,r1,red,top,坦克,shiqiang,,0,3,1,0,11341,20444,900,34.4,,,,0,,,,,,,,,,,,,,,,,,0,,
off,125,r2,red,jungle,戰士,fengbao,,0,0,4,0,5972,12323,985,37.7,,,,0,,,,,,,,,,,,,,,,,,0,,
off,125,r3,red,mid,法師,haixiao,,0,1,1,0,10294,13098,300,11.5,,,,0,,,,,,,,,,,,,,,,,,0,,
off,125,r4,red,adc,射手,mirrorshot,,0,0,5,1,13052,10858,0,0,,,,0,,,,,,,,,,,,,,,,,,0,,
off,125,r5,red,sup,輔助,tianshi,,0,0,2,2,4593,12325,0,0,,,,0,,,,,,,,,,,,,,,,,,0,,
off,126,b1,blue,top,坦克,tiemu,,0,1,4,1,8688,22289,300,11.2,,,,0,,,,,,,,,,,,,,,,,,0,,
off,126,b2,blue,jungle,戰士,anliuyouXia,,0,2,4,0,4682,13501,1259,46.8,,,,0,,,,,,,,,,,,,,,,,,0,,
off,126,b3,blue,mid,法師,leiming,,0,2,4,2,13069,14260,600,22.3,,,,0,,,,,,,,,,,,,,,,,,0,,
off,126,b4,blue,adc,射手,hanbing,,0,0,8,0,10378,11145,108,4,,,,0,,,,,,,,,,,,,,,,,,0,,
off,126,b5,blue,sup,輔助,linghun,,0,1,3,1,6324,14317,318,11.8,,,,0,,,,,,,,,,,,,,,,,,0,,
off,126,r1,red,top,坦克,tiemu,,1,6,1,0,13325,19932,1800,66.9,,,,0,,,,,,,,,,,,,,,,,,0,,
off,126,r2,red,jungle,戰士,anliuyouXia,,1,7,1,1,9094,12582,2953,109.8,,,,0,,,,,,,,,,,,,,,,,,0,,
off,126,r3,red,mid,法師,leiming,,1,5,2,3,12819,13388,1500,55.8,,,,0,,,,,,,,,,,,,,,,,,0,,
off,126,r4,red,adc,射手,hanbing,,1,4,2,3,18925,8568,1200,44.6,,,,0,,,,,,,,,,,,,,,,,,0,,
off,126,r5,red,sup,輔助,linghun,,1,1,0,6,7481,12444,300,11.2,,,,0,,,,,,,,,,,,,,,,,,0,,
off,127,b1,blue,top,戰士,xueyue,,0,2,1,0,8593,18175,628,25.2,,,,0,,,,,,,,,,,,,,,,,,0,,
off,127,b2,blue,jungle,戰士,embercoil,,0,2,4,1,5635,11071,1453,58.3,,,,0,,,,,,,,,,,,,,,,,,0,,
off,127,b3,blue,mid,法師,haixiao,,0,1,4,1,13015,13736,382,15.3,,,,0,,,,,,,,,,,,,,,,,,0,,
off,127,b4,blue,adc,射手,xuanfeng,,0,3,4,1,9878,9510,954,38.3,,,,0,,,,,,,,,,,,,,,,,,0,,
off,127,b5,blue,sup,坦克,shengdun,,0,0,2,2,4790,15865,18,0.7,,,,0,,,,,,,,,,,,,,,,,,0,,
off,127,r1,red,top,戰士,xueyue,,1,4,0,1,12236,17524,1218,48.9,,,,0,,,,,,,,,,,,,,,,,,0,,
off,127,r2,red,jungle,戰士,embercoil,,1,4,3,0,6042,10920,1988,79.8,,,,0,,,,,,,,,,,,,,,,,,0,,
off,127,r3,red,mid,法師,haixiao,,1,2,2,2,10799,10856,600,24.1,,,,0,,,,,,,,,,,,,,,,,,0,,
off,127,r4,red,adc,射手,xuanfeng,,1,2,3,2,12587,9558,600,24.1,,,,0,,,,,,,,,,,,,,,,,,0,,
off,127,r5,red,sup,坦克,shengdun,,1,3,0,4,6681,13815,900,36.1,,,,0,,,,,,,,,,,,,,,,,,0,,
off,128,b1,blue,top,戰士,langwang,,0,1,3,0,10013,22510,300,10.8,,,,0,,,,,,,,,,,,,,,,,,0,,
off,128,b2,blue,jungle,戰士,longyi,,0,0,7,1,6402,11477,883,31.6,,,,0,,,,,,,,,,,,,,,,,,0,,
off,128,b3,blue,mid,法師,bingshuang,,0,3,2,1,13178,15145,900,32.3,,,,0,,,,,,,,,,,,,,,,,,0,,
off,128,b4,blue,adc,射手,phantom,,0,5,4,3,17419,12464,1500,53.8,,,,0,,,,,,,,,,,,,,,,,,0,,
off,128,b5,blue,sup,坦克,dadi,,0,1,7,1,5064,18375,346,12.4,,,,0,,,,,,,,,,,,,,,,,,0,,
off,128,r1,red,top,戰士,langwang,,1,6,2,1,16649,22329,1800,64.5,,,,0,,,,,,,,,,,,,,,,,,0,,
off,128,r2,red,jungle,戰士,longyi,,1,4,0,1,6731,10748,2413,86.5,,,,0,,,,,,,,,,,,,,,,,,0,,
off,128,r3,red,mid,法師,bingshuang,,1,9,2,0,14663,15269,2700,96.8,,,,0,,,,,,,,,,,,,,,,,,0,,
off,128,r4,red,adc,射手,phantom,,1,3,2,2,16124,10519,900,32.3,,,,0,,,,,,,,,,,,,,,,,,0,,
off,128,r5,red,sup,坦克,dadi,,1,1,4,1,4615,17162,300,10.8,,,,0,,,,,,,,,,,,,,,,,,0,,
off,129,b1,blue,top,戰士,kuangfeng,,0,1,1,1,8696,20809,328,12.3,,,,0,,,,,,,,,,,,,,,,,,0,,
off,129,b2,blue,jungle,戰士,ravager,,0,0,2,1,3894,11175,748,28.1,,,,0,,,,,,,,,,,,,,,,,,0,,
off,129,b3,blue,mid,法師,mingyun2,,0,2,2,1,12808,14284,600,22.5,,,,0,,,,,,,,,,,,,,,,,,0,,
off,129,b4,blue,adc,射手,huanying,,0,3,4,0,10265,10772,900,33.8,,,,0,,,,,,,,,,,,,,,,,,0,,
off,129,b5,blue,sup,輔助,mantra,,0,0,3,0,4251,11832,0,0,,,,0,,,,,,,,,,,,,,,,,,0,,
off,129,r1,red,top,戰士,kuangfeng,,1,6,1,0,10449,19694,1800,67.6,,,,0,,,,,,,,,,,,,,,,,,0,,
off,129,r2,red,jungle,戰士,ravager,,1,2,1,3,7944,13380,1696,63.7,,,,0,,,,,,,,,,,,,,,,,,0,,
off,129,r3,red,mid,法師,mingyun2,,1,1,1,0,14664,14010,300,11.3,,,,0,,,,,,,,,,,,,,,,,,0,,
off,129,r4,red,adc,射手,huanying,,1,2,1,0,9720,10271,600,22.5,,,,0,,,,,,,,,,,,,,,,,,0,,
off,129,r5,red,sup,輔助,mantra,,1,1,2,2,4034,12754,300,11.3,,,,0,,,,,,,,,,,,,,,,,,0,,
off,130,b1,blue,top,戰士,greymantle,,1,4,1,1,13838,21593,1200,43,,,,0,,,,,,,,,,,,,,,,,,0,,
off,130,b2,blue,jungle,刺客,yingsi,,1,5,1,2,5724,9557,2184,78.3,,,,0,,,,,,,,,,,,,,,,,,0,,
off,130,b3,blue,mid,法師,bingshuang,,1,4,1,2,18259,13686,1200,43,,,,0,,,,,,,,,,,,,,,,,,0,,
off,130,b4,blue,adc,射手,guangsu,,1,2,4,2,14548,10656,600,21.5,,,,0,,,,,,,,,,,,,,,,,,0,,
off,130,b5,blue,sup,坦克,tiebi,,1,2,4,1,6444,17184,618,22.2,,,,0,,,,,,,,,,,,,,,,,,0,,
off,130,r1,red,top,戰士,greymantle,,0,4,2,1,12767,21914,1200,43,,,,0,,,,,,,,,,,,,,,,,,0,,
off,130,r2,red,jungle,刺客,yingsi,,0,2,3,1,9525,13665,1640,58.8,,,,0,,,,,,,,,,,,,,,,,,0,,
off,130,r3,red,mid,法師,bingshuang,,0,2,4,4,12541,13673,600,21.5,,,,0,,,,,,,,,,,,,,,,,,0,,
off,130,r4,red,adc,射手,guangsu,,0,2,4,0,13875,11088,600,21.5,,,,0,,,,,,,,,,,,,,,,,,0,,
off,130,r5,red,sup,坦克,tiebi,,0,1,4,3,5331,18531,300,10.8,,,,0,,,,,,,,,,,,,,,,,,0,,
off,131,b1,blue,top,戰士,ravager,,0,0,0,0,7437,18834,0,0,,,,0,,,,,,,,,,,,,,,,,,0,,
off,131,b2,blue,jungle,刺客,shanying,,0,0,2,0,4479,9709,603,25.8,,,,0,,,,,,,,,,,,,,,,,,0,,
off,131,b3,blue,mid,法師,mingyun2,,0,0,4,0,6188,10730,0,0,,,,0,,,,,,,,,,,,,,,,,,0,,
off,131,b4,blue,adc,射手,maestro,,0,0,6,0,9516,10015,18,0.8,,,,0,,,,,,,,,,,,,,,,,,0,,
off,131,b5,blue,sup,坦克,longji,,0,1,5,0,5868,14406,354,15.1,,,,0,,,,,,,,,,,,,,,,,,0,,
off,131,r1,red,top,戰士,ravager,,1,1,0,2,11008,15969,300,12.8,,,,0,,,,,,,,,,,,,,,,,,0,,
off,131,r2,red,jungle,刺客,shanying,,1,7,0,0,6895,8636,2869,122.6,,,,0,,,,,,,,,,,,,,,,,,0,,
off,131,r3,red,mid,法師,mingyun2,,1,4,0,1,11589,10178,1200,51.3,,,,0,,,,,,,,,,,,,,,,,,0,,
off,131,r4,red,adc,射手,maestro,,1,3,1,1,9410,8490,928,39.6,,,,0,,,,,,,,,,,,,,,,,,0,,
off,131,r5,red,sup,坦克,longji,,1,2,0,4,5895,13429,600,25.6,,,,0,,,,,,,,,,,,,,,,,,0,,
off,132,b1,blue,top,戰士,dadi2,,0,0,3,0,8016,17930,0,0,,,,0,,,,,,,,,,,,,,,,,,0,,
off,132,b2,blue,jungle,刺客,dianguang,,0,2,1,1,5087,12255,1268,50.8,,,,0,,,,,,,,,,,,,,,,,,0,,
off,132,b3,blue,mid,法師,bingshuang,,0,4,4,1,10576,12645,1200,48.1,,,,0,,,,,,,,,,,,,,,,,,0,,
off,132,b4,blue,adc,射手,liuxing,,0,1,5,1,11874,9770,354,14.2,,,,0,,,,,,,,,,,,,,,,,,0,,
off,132,b5,blue,sup,輔助,hexweave,,0,2,5,1,4088,13632,654,26.2,,,,0,,,,,,,,,,,,,,,,,,0,,
off,132,r1,red,top,戰士,dadi2,,1,4,1,0,9452,16967,1254,50.2,,,,0,,,,,,,,,,,,,,,,,,0,,
off,132,r2,red,jungle,刺客,dianguang,,1,6,1,2,7773,10826,2988,119.7,,,,0,,,,,,,,,,,,,,,,,,0,,
off,132,r3,red,mid,法師,bingshuang,,1,3,1,1,11757,12947,900,36.1,,,,0,,,,,,,,,,,,,,,,,,0,,
off,132,r4,red,adc,射手,liuxing,,1,3,3,0,13439,10122,900,36.1,,,,0,,,,,,,,,,,,,,,,,,0,,
off,132,r5,red,sup,輔助,hexweave,,1,2,3,2,5507,11340,654,26.2,,,,0,,,,,,,,,,,,,,,,,,0,,
off,133,b1,blue,top,戰士,ronggang,,0,5,2,0,10748,31954,1500,45.2,,,,0,,,,,,,,,,,,,,,,,,0,,
off,133,b2,blue,jungle,刺客,leisuhunter,,0,5,4,1,8765,15676,2347,70.8,,,,0,,,,,,,,,,,,,,,,,,0,,
off,133,b3,blue,mid,法師,lieyan,,0,1,5,1,18763,19040,300,9,,,,0,,,,,,,,,,,,,,,,,,0,,
off,133,b4,blue,adc,射手,shensheng,,0,2,7,1,16724,13651,600,18.1,,,,0,,,,,,,,,,,,,,,,,,0,,
off,133,b5,blue,sup,輔助,shengming,,0,2,4,2,5343,17410,654,19.7,,,,0,,,,,,,,,,,,,,,,,,0,,
off,133,r1,red,top,戰士,ronggang,,1,4,0,0,11898,25496,1200,36.2,,,,0,,,,,,,,,,,,,,,,,,0,,
off,133,r2,red,jungle,刺客,leisuhunter,,1,1,4,2,6734,14638,1429,43.1,,,,0,,,,,,,,,,,,,,,,,,0,,
off,133,r3,red,mid,法師,lieyan,,1,7,2,1,21538,18045,2100,63.3,,,,0,,,,,,,,,,,,,,,,,,0,,
off,133,r4,red,adc,射手,shensheng,,1,9,4,1,23703,14022,2700,81.4,,,,0,,,,,,,,,,,,,,,,,,0,,
off,133,r5,red,sup,輔助,shengming,,1,1,5,3,7965,17939,300,9,,,,0,,,,,,,,,,,,,,,,,,0,,
off,134,b1,blue,top,戰士,anliuyouXia,,0,0,3,0,7123,16330,0,0,,,,0,,,,,,,,,,,,,,,,,,0,,
off,134,b2,blue,jungle,刺客,duskblade,,0,0,2,0,3435,9202,722,30.3,,,,0,,,,,,,,,,,,,,,,,,0,,
off,134,b3,blue,mid,法師,shikong,,0,0,3,0,7681,12124,0,0,,,,0,,,,,,,,,,,,,,,,,,0,,
off,134,b4,blue,adc,射手,liangzicz,,0,2,5,0,8657,8688,600,25.2,,,,0,,,,,,,,,,,,,,,,,,0,,
off,134,b5,blue,sup,坦克,tiemu,,0,1,7,0,3476,15155,372,15.6,,,,0,,,,,,,,,,,,,,,,,,0,,
off,134,r1,red,top,戰士,anliuyouXia,,1,10,0,0,9405,15426,3018,126.9,,,,0,,,,,,,,,,,,,,,,,,0,,
off,134,r2,red,jungle,刺客,duskblade,,1,3,0,5,7968,10500,1949,81.9,,,,0,,,,,,,,,,,,,,,,,,0,,
off,134,r3,red,mid,法師,shikong,,1,4,1,1,9306,11011,1200,50.4,,,,0,,,,,,,,,,,,,,,,,,0,,
off,134,r4,red,adc,射手,liangzicz,,1,3,1,3,9881,7829,900,37.8,,,,0,,,,,,,,,,,,,,,,,,0,,
off,134,r5,red,sup,坦克,tiemu,,1,0,1,3,4832,11730,0,0,,,,0,,,,,,,,,,,,,,,,,,0,,
off,135,b1,blue,top,戰士,tielian,,0,1,1,0,7533,15353,300,12.9,,,,0,,,,,,,,,,,,,,,,,,0,,
off,135,b2,blue,jungle,刺客,miwu,,0,1,2,1,4876,10000,832,35.7,,,,0,,,,,,,,,,,,,,,,,,0,,
off,135,b3,blue,mid,法師,lieyan,,0,1,2,2,7661,12344,300,12.9,,,,0,,,,,,,,,,,,,,,,,,0,,
off,135,b4,blue,adc,射手,xingchen,,0,1,4,0,10635,9329,354,15.2,,,,0,,,,,,,,,,,,,,,,,,0,,
off,135,b5,blue,sup,輔助,shengguang,,0,0,2,1,5826,12175,0,0,,,,0,,,,,,,,,,,,,,,,,,0,,
off,135,r1,red,top,戰士,tielian,,1,6,1,0,11060,15996,1854,79.7,,,,0,,,,,,,,,,,,,,,,,,0,,
off,135,r2,red,jungle,刺客,miwu,,1,2,1,0,5412,9401,1508,64.8,,,,0,,,,,,,,,,,,,,,,,,0,,
off,135,r3,red,mid,法師,lieyan,,1,0,1,1,9772,9995,54,2.3,,,,0,,,,,,,,,,,,,,,,,,0,,
off,135,r4,red,adc,射手,xingchen,,1,2,1,1,9190,8913,600,25.8,,,,0,,,,,,,,,,,,,,,,,,0,,
off,135,r5,red,sup,輔助,shengguang,,1,1,0,5,4828,8823,300,12.9,,,,0,,,,,,,,,,,,,,,,,,0,,
off,136,b1,blue,top,戰士,hunpo,,0,1,1,0,5881,15427,300,13.7,,,,0,,,,,,,,,,,,,,,,,,0,,
off,136,b2,blue,jungle,刺客,jueying,,0,1,0,0,3153,8120,1003,45.9,,,,0,,,,,,,,,,,,,,,,,,0,,
off,136,b3,blue,mid,法師,shikong,,0,2,3,0,6387,11200,618,28.3,,,,0,,,,,,,,,,,,,,,,,,0,,
off,136,b4,blue,adc,射手,dujian,,0,1,0,0,6462,7502,354,16.2,,,,0,,,,,,,,,,,,,,,,,,0,,
off,136,b5,blue,sup,輔助,mingyunyindao,,0,0,1,2,2998,10232,0,0,,,,0,,,,,,,,,,,,,,,,,,0,,
off,136,r1,red,top,戰士,hunpo,,1,4,0,0,7129,13626,1254,57.4,,,,0,,,,,,,,,,,,,,,,,,0,,
off,136,r2,red,jungle,刺客,jueying,,1,0,0,0,3807,7376,922,42.2,,,,0,,,,,,,,,,,,,,,,,,0,,
off,136,r3,red,mid,法師,shikong,,1,1,2,0,6079,10206,300,13.7,,,,0,,,,,,,,,,,,,,,,,,0,,
off,136,r4,red,adc,射手,dujian,,1,0,2,0,8024,7457,0,0,,,,0,,,,,,,,,,,,,,,,,,0,,
off,136,r5,red,sup,輔助,mingyunyindao,,1,0,1,1,4636,8519,0,0,,,,0,,,,,,,,,,,,,,,,,,0,,
off,137,b1,blue,top,戰士,dushe,,1,0,2,0,10582,19702,0,0,,,,0,,,,,,,,,,,,,,,,,,0,,
off,137,b2,blue,jungle,刺客,anye,,1,0,3,0,5296,11663,739,29.7,,,,0,,,,,,,,,,,,,,,,,,0,,
off,137,b3,blue,mid,法師,lieyan,,1,1,2,1,11469,13755,300,12.1,,,,0,,,,,,,,,,,,,,,,,,0,,
off,137,b4,blue,adc,射手,tianfa,,1,2,3,0,8140,9161,600,24.1,,,,0,,,,,,,,,,,,,,,,,,0,,
off,137,b5,blue,sup,坦克,xukong,,1,0,1,0,6439,15409,108,4.3,,,,0,,,,,,,,,,,,,,,,,,0,,
off,137,r1,red,top,戰士,dushe,,0,4,0,1,11312,19384,1200,48.3,,,,0,,,,,,,,,,,,,,,,,,0,,
off,137,r2,red,jungle,刺客,anye,,0,2,0,1,3658,8596,1739,69.9,,,,0,,,,,,,,,,,,,,,,,,0,,
off,137,r3,red,mid,法師,lieyan,,0,2,0,1,10936,12106,654,26.3,,,,0,,,,,,,,,,,,,,,,,,0,,
off,137,r4,red,adc,射手,tianfa,,0,2,3,0,13142,10490,600,24.1,,,,0,,,,,,,,,,,,,,,,,,0,,
off,137,r5,red,sup,坦克,xukong,,0,1,0,1,7924,15520,354,14.2,,,,0,,,,,,,,,,,,,,,,,,0,,
off,138,b1,blue,top,戰士,fengbao,,0,0,2,0,7364,17306,0,0,,,,0,,,,,,,,,,,,,,,,,,0,,
off,138,b2,blue,jungle,刺客,wuxing,,0,0,3,0,5348,9104,540,24.4,,,,0,,,,,,,,,,,,,,,,,,0,,
off,138,b3,blue,mid,法師,shikong,,0,1,3,1,9140,11533,300,13.5,,,,0,,,,,,,,,,,,,,,,,,0,,
off,138,b4,blue,adc,射手,mirrorshot,,0,1,2,0,9922,7588,300,13.5,,,,0,,,,,,,,,,,,,,,,,,0,,
off,138,b5,blue,sup,坦克,tixue,,0,2,2,0,6384,12122,618,27.9,,,,0,,,,,,,,,,,,,,,,,,0,,
off,138,r1,red,top,戰士,fengbao,,1,3,0,1,10944,14349,900,40.6,,,,0,,,,,,,,,,,,,,,,,,0,,
off,138,r2,red,jungle,刺客,wuxing,,1,3,0,3,7074,10143,1651,74.5,,,,0,,,,,,,,,,,,,,,,,,0,,
off,138,r3,red,mid,法師,shikong,,1,1,1,2,10003,9695,300,13.5,,,,0,,,,,,,,,,,,,,,,,,0,,
off,138,r4,red,adc,射手,mirrorshot,,1,2,2,2,9242,7353,600,27.1,,,,0,,,,,,,,,,,,,,,,,,0,,
off,138,r5,red,sup,坦克,tixue,,1,3,1,2,6661,10941,900,40.6,,,,0,,,,,,,,,,,,,,,,,,0,,
off,139,b1,blue,top,戰士,rongyan,,0,3,2,0,12709,23198,955,35.5,,,,0,,,,,,,,,,,,,,,,,,0,,
off,139,b2,blue,jungle,刺客,razorwing,,0,0,3,1,4095,12154,830,30.8,,,,0,,,,,,,,,,,,,,,,,,0,,
off,139,b3,blue,mid,法師,xingjie,,0,3,0,1,12869,15600,900,33.5,,,,0,,,,,,,,,,,,,,,,,,0,,
off,139,b4,blue,adc,射手,hanbing,,0,0,5,1,10543,11542,0,0,,,,0,,,,,,,,,,,,,,,,,,0,,
off,139,b5,blue,sup,輔助,linghun,,0,2,2,1,6242,13877,628,23.3,,,,0,,,,,,,,,,,,,,,,,,0,,
off,139,r1,red,top,戰士,rongyan,,1,3,1,0,14470,21123,900,33.5,,,,0,,,,,,,,,,,,,,,,,,0,,
off,139,r2,red,jungle,刺客,razorwing,,1,3,1,1,6854,11608,1927,71.6,,,,0,,,,,,,,,,,,,,,,,,0,,
off,139,r3,red,mid,法師,xingjie,,1,4,4,0,13291,14012,1200,44.6,,,,0,,,,,,,,,,,,,,,,,,0,,
off,139,r4,red,adc,射手,hanbing,,1,2,0,3,13235,10176,600,22.3,,,,0,,,,,,,,,,,,,,,,,,0,,
off,139,r5,red,sup,輔助,linghun,,1,0,2,1,4453,11029,0,0,,,,0,,,,,,,,,,,,,,,,,,0,,
off,140,b1,blue,top,戰士,embercoil,,1,7,1,1,17507,26906,2100,59.3,,,,0,,,,,,,,,,,,,,,,,,0,,
off,140,b2,blue,jungle,戰士,hunpo,,1,6,3,2,11406,16344,2800,79,,,,0,,,,,,,,,,,,,,,,,,0,,
off,140,b3,blue,mid,法師,auralith,,1,8,3,6,29361,19077,2400,67.8,,,,0,,,,,,,,,,,,,,,,,,0,,
off,140,b4,blue,adc,射手,xuanfeng,,1,3,3,4,18730,14767,900,25.4,,,,0,,,,,,,,,,,,,,,,,,0,,
off,140,b5,blue,sup,坦克,shengdun,,1,2,5,1,7321,22875,600,16.9,,,,0,,,,,,,,,,,,,,,,,,0,,
off,140,r1,red,top,戰士,embercoil,,0,3,6,0,16205,31380,918,25.9,,,,0,,,,,,,,,,,,,,,,,,0,,
off,140,r2,red,jungle,戰士,hunpo,,0,2,4,1,9272,17660,1633,46.1,,,,0,,,,,,,,,,,,,,,,,,0,,
off,140,r3,red,mid,法師,auralith,,0,6,4,1,23720,20318,1800,50.8,,,,0,,,,,,,,,,,,,,,,,,0,,
off,140,r4,red,adc,射手,xuanfeng,,0,2,5,2,14656,13542,600,16.9,,,,0,,,,,,,,,,,,,,,,,,0,,
off,140,r5,red,sup,坦克,shengdun,,0,2,7,1,10028,25760,600,16.9,,,,0,,,,,,,,,,,,,,,,,,0,,
off,141,b1,blue,top,戰士,greymantle,,0,0,3,0,9837,19138,0,0,,,,0,,,,,,,,,,,,,,,,,,0,,
off,141,b2,blue,jungle,戰士,leimingcf,,0,1,2,0,2913,10496,895,37.8,,,,0,,,,,,,,,,,,,,,,,,0,,
off,141,b3,blue,mid,法師,xingjie,,0,1,3,1,9783,12787,300,12.7,,,,0,,,,,,,,,,,,,,,,,,0,,
off,141,b4,blue,adc,射手,phantom,,0,1,3,0,9725,9517,300,12.7,,,,0,,,,,,,,,,,,,,,,,,0,,
off,141,b5,blue,sup,坦克,dadi,,0,1,5,0,3829,13045,300,12.7,,,,0,,,,,,,,,,,,,,,,,,0,,
off,141,r1,red,top,戰士,greymantle,,1,8,0,0,12040,16337,2400,101.3,,,,0,,,,,,,,,,,,,,,,,,0,,
off,141,r2,red,jungle,戰士,leimingcf,,1,4,0,1,6962,10387,2196,92.7,,,,0,,,,,,,,,,,,,,,,,,0,,
off,141,r3,red,mid,法師,xingjie,,1,1,0,2,11652,11146,354,14.9,,,,0,,,,,,,,,,,,,,,,,,0,,
off,141,r4,red,adc,射手,phantom,,1,2,3,1,11275,8324,600,25.3,,,,0,,,,,,,,,,,,,,,,,,0,,
off,141,r5,red,sup,坦克,dadi,,1,1,1,3,5714,13343,300,12.7,,,,0,,,,,,,,,,,,,,,,,,0,,
off,142,b1,blue,top,戰士,ravager,,0,0,3,0,11224,26323,0,0,,,,0,,,,,,,,,,,,,,,,,,0,,
off,142,b2,blue,jungle,戰士,xueyue,,0,3,4,0,6945,15968,1738,57.8,,,,0,,,,,,,,,,,,,,,,,,0,,
off,142,b3,blue,mid,法師,auralith,,0,3,3,2,10876,16818,900,29.9,,,,0,,,,,,,,,,,,,,,,,,0,,
off,142,b4,blue,adc,射手,huanying,,0,3,4,1,11438,12291,954,31.7,,,,0,,,,,,,,,,,,,,,,,,0,,
off,142,b5,blue,sup,輔助,luminary,,0,1,1,3,8487,16661,328,10.9,,,,0,,,,,,,,,,,,,,,,,,0,,
off,142,r1,red,top,戰士,ravager,,1,6,2,0,14163,25237,1800,59.9,,,,0,,,,,,,,,,,,,,,,,,0,,
off,142,r2,red,jungle,戰士,xueyue,,1,2,1,2,6273,12778,1492,49.6,,,,0,,,,,,,,,,,,,,,,,,0,,
off,142,r3,red,mid,法師,auralith,,1,5,1,2,13258,14282,1500,49.9,,,,0,,,,,,,,,,,,,,,,,,0,,
off,142,r4,red,adc,射手,huanying,,1,1,3,3,20009,11367,300,10,,,,0,,,,,,,,,,,,,,,,,,0,,
off,142,r5,red,sup,輔助,luminary,,1,1,3,2,7216,11952,318,10.6,,,,0,,,,,,,,,,,,,,,,,,0,,
off,143,b1,blue,top,戰士,dadi2,,0,0,3,0,7028,21912,0,0,,,,0,,,,,,,,,,,,,,,,,,0,,
off,143,b2,blue,jungle,戰士,anliuyouXia,,0,0,2,0,5947,10625,794,30.1,,,,0,,,,,,,,,,,,,,,,,,0,,
off,143,b3,blue,mid,法師,xingjie,,0,4,3,0,12115,14242,1200,45.5,,,,0,,,,,,,,,,,,,,,,,,0,,
off,143,b4,blue,adc,射手,guangsu,,0,2,4,1,12095,12190,600,22.7,,,,0,,,,,,,,,,,,,,,,,,0,,
off,143,b5,blue,sup,輔助,xuemai,,0,0,4,1,4787,13779,0,0,,,,0,,,,,,,,,,,,,,,,,,0,,
off,143,r1,red,top,戰士,dadi2,,1,5,0,0,11484,19898,1500,56.8,,,,0,,,,,,,,,,,,,,,,,,0,,
off,143,r2,red,jungle,戰士,anliuyouXia,,1,2,0,0,4721,10565,1630,61.7,,,,0,,,,,,,,,,,,,,,,,,0,,
off,143,r3,red,mid,法師,xingjie,,1,5,1,2,11486,11725,1500,56.8,,,,0,,,,,,,,,,,,,,,,,,0,,
off,143,r4,red,adc,射手,guangsu,,1,4,4,1,12198,9470,1200,45.5,,,,0,,,,,,,,,,,,,,,,,,0,,
off,143,r5,red,sup,輔助,xuemai,,1,0,1,4,6618,10251,17,0.7,,,,0,,,,,,,,,,,,,,,,,,0,,
off,144,b1,blue,top,戰士,ronggang,,0,0,2,1,8324,16861,0,0,,,,0,,,,,,,,,,,,,,,,,,0,,
off,144,b2,blue,jungle,戰士,kuangfeng,,0,2,4,0,5074,10502,1331,60.3,,,,0,,,,,,,,,,,,,,,,,,0,,
off,144,b3,blue,mid,法師,auralith,,0,1,4,0,8319,11866,300,13.6,,,,0,,,,,,,,,,,,,,,,,,0,,
off,144,b4,blue,adc,射手,maestro,,0,1,5,1,5972,8488,354,16,,,,0,,,,,,,,,,,,,,,,,,0,,
off,144,b5,blue,sup,坦克,longji,,0,1,3,1,3571,12613,354,16,,,,0,,,,,,,,,,,,,,,,,,0,,
off,144,r1,red,top,戰士,ronggang,,1,3,0,1,7849,14700,900,40.8,,,,0,,,,,,,,,,,,,,,,,,0,,
off,144,r2,red,jungle,戰士,kuangfeng,,1,6,0,2,7109,7888,2551,115.6,,,,0,,,,,,,,,,,,,,,,,,0,,
off,144,r3,red,mid,法師,auralith,,1,2,2,1,9412,10041,600,27.2,,,,0,,,,,,,,,,,,,,,,,,0,,
off,144,r4,red,adc,射手,maestro,,1,3,2,4,12317,7658,900,40.8,,,,0,,,,,,,,,,,,,,,,,,0,,
off,144,r5,red,sup,坦克,longji,,1,4,1,6,6466,12606,1200,54.4,,,,0,,,,,,,,,,,,,,,,,,0,,
off,145,b1,blue,top,戰士,jingci,,1,2,0,1,9217,17386,600,25.8,,,,0,,,,,,,,,,,,,,,,,,0,,
off,145,b2,blue,jungle,戰士,longyi,,1,0,0,1,4340,7744,648,27.9,,,,0,,,,,,,,,,,,,,,,,,0,,
off,145,b3,blue,mid,法師,ronghuo,,1,3,0,0,9195,11516,900,38.8,,,,0,,,,,,,,,,,,,,,,,,0,,
off,145,b4,blue,adc,射手,liuxing,,1,3,1,1,8896,7862,900,38.8,,,,0,,,,,,,,,,,,,,,,,,0,,
off,145,b5,blue,sup,輔助,hexweave,,1,3,2,0,4402,10306,900,38.8,,,,0,,,,,,,,,,,,,,,,,,0,,
off,145,r1,red,top,戰士,jingci,,0,2,2,0,9961,16598,600,25.8,,,,0,,,,,,,,,,,,,,,,,,0,,
off,145,r2,red,jungle,戰士,longyi,,0,1,1,0,5049,9519,1218,52.4,,,,0,,,,,,,,,,,,,,,,,,0,,
off,145,r3,red,mid,法師,ronghuo,,0,0,3,0,10419,9851,0,0,,,,0,,,,,,,,,,,,,,,,,,0,,
off,145,r4,red,adc,射手,liuxing,,0,0,4,0,6263,8436,0,0,,,,0,,,,,,,,,,,,,,,,,,0,,
off,145,r5,red,sup,輔助,hexweave,,0,0,1,1,4587,10190,0,0,,,,0,,,,,,,,,,,,,,,,,,0,,
off,146,b1,blue,top,戰士,longyi,,0,3,1,0,8965,21806,900,31.2,,,,0,,,,,,,,,,,,,,,,,,0,,
off,146,b2,blue,jungle,戰士,cinderfist,,0,3,7,0,10739,14091,1690,58.5,,,,0,,,,,,,,,,,,,,,,,,0,,
off,146,b3,blue,mid,法師,gambler,,0,5,3,1,15314,16125,1500,52,,,,0,,,,,,,,,,,,,,,,,,0,,
off,146,b4,blue,adc,射手,shensheng,,0,1,7,0,15627,12603,300,10.4,,,,0,,,,,,,,,,,,,,,,,,0,,
off,146,b5,blue,sup,輔助,shengming,,0,0,5,4,6205,14140,54,1.9,,,,0,,,,,,,,,,,,,,,,,,0,,
off,146,r1,red,top,戰士,longyi,,1,8,1,1,12760,22830,2400,83.2,,,,0,,,,,,,,,,,,,,,,,,0,,
off,146,r2,red,jungle,戰士,cinderfist,,1,5,2,3,8793,14771,2543,88.1,,,,0,,,,,,,,,,,,,,,,,,0,,
off,146,r3,red,mid,法師,gambler,,1,3,4,4,17127,14809,900,31.2,,,,0,,,,,,,,,,,,,,,,,,0,,
off,146,r4,red,adc,射手,shensheng,,1,5,4,3,13541,11979,1500,52,,,,0,,,,,,,,,,,,,,,,,,0,,
off,146,r5,red,sup,輔助,shengming,,1,2,1,4,8450,11950,600,20.8,,,,0,,,,,,,,,,,,,,,,,,0,,
off,147,b1,blue,top,戰士,chichuan,,0,3,0,1,9293,17042,900,39.4,,,,0,,,,,,,,,,,,,,,,,,0,,
off,147,b2,blue,jungle,戰士,xueyue,,0,2,0,1,5443,9880,1205,52.7,,,,0,,,,,,,,,,,,,,,,,,0,,
off,147,b3,blue,mid,法師,ronghuo,,0,4,1,2,7578,11757,1200,52.5,,,,0,,,,,,,,,,,,,,,,,,0,,
off,147,b4,blue,adc,射手,liangzicz,,0,0,1,0,10110,8919,0,0,,,,0,,,,,,,,,,,,,,,,,,0,,
off,147,b5,blue,sup,坦克,shiqiang,,0,0,4,1,4476,13193,0,0,,,,0,,,,,,,,,,,,,,,,,,0,,
off,147,r1,red,top,戰士,chichuan,,1,1,2,0,7480,15691,318,13.9,,,,0,,,,,,,,,,,,,,,,,,0,,
off,147,r2,red,jungle,戰士,xueyue,,1,1,1,0,7450,10614,1069,46.8,,,,0,,,,,,,,,,,,,,,,,,0,,
off,147,r3,red,mid,法師,ronghuo,,1,1,3,2,9997,11702,300,13.1,,,,0,,,,,,,,,,,,,,,,,,0,,
off,147,r4,red,adc,射手,liangzicz,,1,1,1,0,10127,8074,300,13.1,,,,0,,,,,,,,,,,,,,,,,,0,,
off,147,r5,red,sup,坦克,shiqiang,,1,2,2,1,4556,12300,654,28.6,,,,0,,,,,,,,,,,,,,,,,,0,,
off,148,b1,blue,top,戰士,xueyue,,0,0,2,0,9788,19875,0,0,,,,0,,,,,,,,,,,,,,,,,,0,,
off,148,b2,blue,jungle,戰士,jufeng,,0,4,3,0,7539,10826,2101,76.1,,,,0,,,,,,,,,,,,,,,,,,0,,
off,148,b3,blue,mid,法師,gambler,,0,2,5,2,12709,14244,600,21.7,,,,0,,,,,,,,,,,,,,,,,,0,,
off,148,b4,blue,adc,射手,xingchen,,0,5,2,3,20259,12318,1500,54.3,,,,0,,,,,,,,,,,,,,,,,,0,,
off,148,b5,blue,sup,坦克,suishan,,0,2,2,2,4859,16734,600,21.7,,,,0,,,,,,,,,,,,,,,,,,0,,
off,148,r1,red,top,戰士,xueyue,,1,1,1,0,8362,21858,318,11.5,,,,0,,,,,,,,,,,,,,,,,,0,,
off,148,r2,red,jungle,戰士,jufeng,,1,1,1,1,7429,11594,1438,52.1,,,,0,,,,,,,,,,,,,,,,,,0,,
off,148,r3,red,mid,法師,gambler,,1,2,3,2,14252,14516,600,21.7,,,,0,,,,,,,,,,,,,,,,,,0,,
off,148,r4,red,adc,射手,xingchen,,1,5,4,0,11379,11457,1500,54.3,,,,0,,,,,,,,,,,,,,,,,,0,,
off,148,r5,red,sup,坦克,suishan,,1,5,4,2,6410,17761,1500,54.3,,,,0,,,,,,,,,,,,,,,,,,0,,
off,149,b1,blue,top,戰士,fengbao,,0,1,4,1,8163,19069,300,12.7,,,,0,,,,,,,,,,,,,,,,,,0,,
off,149,b2,blue,jungle,戰士,rongyan,,0,2,1,0,3568,8542,1312,55.4,,,,0,,,,,,,,,,,,,,,,,,0,,
off,149,b3,blue,mid,法師,ronghuo,,0,1,2,0,11500,12041,300,12.7,,,,0,,,,,,,,,,,,,,,,,,0,,
off,149,b4,blue,adc,射手,dujian,,0,1,3,0,5198,8929,300,12.7,,,,0,,,,,,,,,,,,,,,,,,0,,
off,149,b5,blue,sup,輔助,linghun,,0,0,4,1,3870,12526,0,0,,,,0,,,,,,,,,,,,,,,,,,0,,
off,149,r1,red,top,戰士,fengbao,,1,7,0,1,7818,15364,2100,88.6,,,,0,,,,,,,,,,,,,,,,,,0,,
off,149,r2,red,jungle,戰士,rongyan,,1,2,1,4,7987,9475,1534,64.8,,,,0,,,,,,,,,,,,,,,,,,0,,
off,149,r3,red,mid,法師,ronghuo,,1,2,0,2,13252,11507,600,25.3,,,,0,,,,,,,,,,,,,,,,,,0,,
off,149,r4,red,adc,射手,dujian,,1,1,3,2,8889,8475,300,12.7,,,,0,,,,,,,,,,,,,,,,,,0,,
off,149,r5,red,sup,輔助,linghun,,1,2,1,3,3422,10755,600,25.3,,,,0,,,,,,,,,,,,,,,,,,0,,
off,150,b1,blue,top,坦克,suishan,,1,3,3,0,14349,22386,900,33,,,,0,,,,,,,,,,,,,,,,,,0,,
off,150,b2,blue,jungle,戰士,jingci,,1,3,1,4,6714,9919,1656,60.7,,,,0,,,,,,,,,,,,,,,,,,0,,
off,150,b3,blue,mid,法師,gambler,,1,2,3,0,14300,12993,600,22,,,,0,,,,,,,,,,,,,,,,,,0,,
off,150,b4,blue,adc,射手,shengyan,,1,3,7,1,11627,10073,900,33,,,,0,,,,,,,,,,,,,,,,,,0,,
off,150,b5,blue,sup,坦克,xukong,,1,0,4,3,5468,16631,0,0,,,,0,,,,,,,,,,,,,,,,,,0,,
off,150,r1,red,top,坦克,suishan,,0,7,0,1,14736,22458,2118,77.6,,,,0,,,,,,,,,,,,,,,,,,0,,
off,150,r2,red,jungle,戰士,jingci,,0,3,4,0,7596,12896,1999,73.3,,,,0,,,,,,,,,,,,,,,,,,0,,
off,150,r3,red,mid,法師,gambler,,0,4,1,1,12521,12989,1200,44,,,,0,,,,,,,,,,,,,,,,,,0,,
off,150,r4,red,adc,射手,shengyan,,0,3,2,5,12480,10791,900,33,,,,0,,,,,,,,,,,,,,,,,,0,,
off,150,r5,red,sup,坦克,xukong,,0,1,4,3,4512,16512,300,11,,,,0,,,,,,,,,,,,,,,,,,0,,
off,151,b1,blue,top,坦克,stoneguard,,1,3,4,2,15690,35804,900,22,,,,0,,,,,,,,,,,,,,,,,,0,,
off,151,b2,blue,jungle,刺客,voidrift,,1,2,8,0,17163,21135,1565,38.3,,,,0,,,,,,,,,,,,,,,,,,0,,
off,151,b3,blue,mid,法師,leiming,,1,6,11,1,29653,23705,1800,44.1,,,,0,,,,,,,,,,,,,,,,,,0,,
off,151,b4,blue,adc,射手,mirrorshot,,1,18,9,2,35147,21192,5400,132.2,,,,0,,,,,,,,,,,,,,,,,,0,,
off,151,b5,blue,sup,坦克,dadi,,1,3,8,3,13111,29766,900,22,,,,0,,,,,,,,,,,,,,,,,,0,,
off,151,r1,red,top,坦克,stoneguard,,0,18,3,0,26733,44879,5400,132.2,,,,0,,,,,,,,,,,,,,,,,,0,,
off,151,r2,red,jungle,刺客,voidrift,,0,5,4,2,18387,20987,3144,77,,,,0,,,,,,,,,,,,,,,,,,0,,
off,151,r3,red,mid,法師,leiming,,0,8,7,5,26995,25549,2400,58.8,,,,0,,,,,,,,,,,,,,,,,,0,,
off,151,r4,red,adc,射手,mirrorshot,,0,8,13,4,32118,19658,2400,58.8,,,,0,,,,,,,,,,,,,,,,,,0,,
off,151,r5,red,sup,坦克,dadi,,0,1,5,2,8488,28905,300,7.3,,,,0,,,,,,,,,,,,,,,,,,0,,
off,152,b1,blue,top,坦克,thornwall,,0,0,2,0,9200,18721,0,0,,,,0,,,,,,,,,,,,,,,,,,0,,
off,152,b2,blue,jungle,刺客,miwu,,0,0,1,0,4581,11944,595,25,,,,0,,,,,,,,,,,,,,,,,,0,,
off,152,b3,blue,mid,法師,haixiao,,0,2,5,0,9119,12898,600,25.2,,,,0,,,,,,,,,,,,,,,,,,0,,
off,152,b4,blue,adc,射手,hanbing,,0,1,5,0,6499,9186,300,12.6,,,,0,,,,,,,,,,,,,,,,,,0,,
off,152,b5,blue,sup,輔助,mantra,,0,0,2,1,2870,12504,0,0,,,,0,,,,,,,,,,,,,,,,,,0,,
off,152,r1,red,top,坦克,thornwall,,1,6,0,0,8080,15653,1854,77.8,,,,0,,,,,,,,,,,,,,,,,,0,,
off,152,r2,red,jungle,刺客,miwu,,1,3,2,2,6705,11477,1896,79.5,,,,0,,,,,,,,,,,,,,,,,,0,,
off,152,r3,red,mid,法師,haixiao,,1,2,0,2,10175,11579,600,25.2,,,,0,,,,,,,,,,,,,,,,,,0,,
off,152,r4,red,adc,射手,hanbing,,1,2,0,0,10854,7703,600,25.2,,,,0,,,,,,,,,,,,,,,,,,0,,
off,152,r5,red,sup,輔助,mantra,,1,2,1,3,4577,9506,600,25.2,,,,0,,,,,,,,,,,,,,,,,,0,,
off,153,b1,blue,top,坦克,tieshixin,,0,4,0,0,8463,17716,1200,47.8,,,,0,,,,,,,,,,,,,,,,,,0,,
off,153,b2,blue,jungle,刺客,guihuo,,0,4,1,0,6899,11665,1876,74.7,,,,0,,,,,,,,,,,,,,,,,,0,,
off,153,b3,blue,mid,法師,leiming,,0,1,2,3,11274,12495,300,11.9,,,,0,,,,,,,,,,,,,,,,,,0,,
off,153,b4,blue,adc,射手,xuanfeng,,0,3,3,0,12475,10371,900,35.8,,,,0,,,,,,,,,,,,,,,,,,0,,
off,153,b5,blue,sup,輔助,huanjing,,0,0,1,2,5251,13371,0,0,,,,0,,,,,,,,,,,,,,,,,,0,,
off,153,r1,red,top,坦克,tieshixin,,1,3,0,0,9020,20311,900,35.8,,,,0,,,,,,,,,,,,,,,,,,0,,
off,153,r2,red,jungle,刺客,guihuo,,1,0,0,2,6410,11387,805,32,,,,0,,,,,,,,,,,,,,,,,,0,,
off,153,r3,red,mid,法師,leiming,,1,3,2,0,14876,12264,900,35.8,,,,0,,,,,,,,,,,,,,,,,,0,,
off,153,r4,red,adc,射手,xuanfeng,,1,1,5,1,8481,10609,300,11.9,,,,0,,,,,,,,,,,,,,,,,,0,,
off,153,r5,red,sup,輔助,huanjing,,1,0,5,1,4134,13048,0,0,,,,0,,,,,,,,,,,,,,,,,,0,,
off,154,b1,blue,top,坦克,bingshouweis,,1,2,4,0,16097,30592,600,18.4,,,,0,,,,,,,,,,,,,,,,,,0,,
off,154,b2,blue,jungle,刺客,jiansheng,,1,2,3,0,8765,15661,1555,47.6,,,,0,,,,,,,,,,,,,,,,,,0,,
off,154,b3,blue,mid,法師,haixiao,,1,4,4,2,18798,16679,1200,36.8,,,,0,,,,,,,,,,,,,,,,,,0,,
off,154,b4,blue,adc,射手,phantom,,1,3,3,2,12890,13341,900,27.6,,,,0,,,,,,,,,,,,,,,,,,0,,
off,154,b5,blue,sup,坦克,dadi,,1,1,3,4,6876,20989,300,9.2,,,,0,,,,,,,,,,,,,,,,,,0,,
off,154,r1,red,top,坦克,bingshouweis,,0,4,2,2,13600,26000,1200,36.8,,,,0,,,,,,,,,,,,,,,,,,0,,
off,154,r2,red,jungle,刺客,jiansheng,,0,5,2,1,9955,12750,2699,82.7,,,,0,,,,,,,,,,,,,,,,,,0,,
off,154,r3,red,mid,法師,haixiao,,0,8,1,1,21969,17922,2400,73.5,,,,0,,,,,,,,,,,,,,,,,,0,,
off,154,r4,red,adc,射手,phantom,,0,0,5,0,16302,13513,0,0,,,,0,,,,,,,,,,,,,,,,,,0,,
off,154,r5,red,sup,坦克,dadi,,0,0,2,5,7384,21422,0,0,,,,0,,,,,,,,,,,,,,,,,,0,,
off,155,b1,blue,top,坦克,tiebi,,0,0,1,0,8046,20184,0,0,,,,0,,,,,,,,,,,,,,,,,,0,,
off,155,b2,blue,jungle,刺客,hundun,,0,2,3,0,5115,11198,1286,51.3,,,,0,,,,,,,,,,,,,,,,,,0,,
off,155,b3,blue,mid,法師,leiming,,0,2,3,0,13793,13144,600,23.9,,,,0,,,,,,,,,,,,,,,,,,0,,
off,155,b4,blue,adc,射手,huanying,,0,1,5,1,8486,9826,300,12,,,,0,,,,,,,,,,,,,,,,,,0,,
off,155,b5,blue,sup,輔助,luminary,,0,0,6,1,3551,12141,54,2.2,,,,0,,,,,,,,,,,,,,,,,,0,,
off,155,r1,red,top,坦克,tiebi,,1,8,1,0,12073,19270,2454,97.8,,,,0,,,,,,,,,,,,,,,,,,0,,
off,155,r2,red,jungle,刺客,hundun,,1,5,0,0,7132,10720,2410,96.1,,,,0,,,,,,,,,,,,,,,,,,0,,
off,155,r3,red,mid,法師,leiming,,1,3,1,5,14755,12061,900,35.9,,,,0,,,,,,,,,,,,,,,,,,0,,
off,155,r4,red,adc,射手,huanying,,1,1,1,4,9138,10056,300,12,,,,0,,,,,,,,,,,,,,,,,,0,,
off,155,r5,red,sup,輔助,luminary,,1,1,2,3,5782,11680,300,12,,,,0,,,,,,,,,,,,,,,,,,0,,
off,156,b1,blue,top,坦克,shengdun,,0,10,1,0,20070,28982,3028,86.2,,,,0,,,,,,,,,,,,,,,,,,0,,
off,156,b2,blue,jungle,刺客,razorwing,,0,2,3,3,7607,14379,1402,39.9,,,,0,,,,,,,,,,,,,,,,,,0,,
off,156,b3,blue,mid,法師,mingyun2,,0,4,2,5,23204,19314,1200,34.2,,,,0,,,,,,,,,,,,,,,,,,0,,
off,156,b4,blue,adc,射手,siwang,,0,9,4,1,26445,15390,2700,76.9,,,,0,,,,,,,,,,,,,,,,,,0,,
off,156,b5,blue,sup,輔助,xuemai,,0,2,2,2,8374,18394,600,17.1,,,,0,,,,,,,,,,,,,,,,,,0,,
off,156,r1,red,top,坦克,shengdun,,1,5,1,0,10772,31689,1554,44.3,,,,0,,,,,,,,,,,,,,,,,,0,,
off,156,r2,red,jungle,刺客,razorwing,,1,2,4,1,11512,18156,1958,55.8,,,,0,,,,,,,,,,,,,,,,,,0,,
off,156,r3,red,mid,法師,mingyun2,,1,2,9,2,19138,19251,600,17.1,,,,0,,,,,,,,,,,,,,,,,,0,,
off,156,r4,red,adc,射手,siwang,,1,2,8,3,19686,17228,600,17.1,,,,0,,,,,,,,,,,,,,,,,,0,,
off,156,r5,red,sup,輔助,xuemai,,1,1,5,4,8717,20428,300,8.5,,,,0,,,,,,,,,,,,,,,,,,0,,
off,157,b1,blue,top,坦克,xukong,,0,0,5,0,12992,21950,0,0,,,,0,,,,,,,,,,,,,,,,,,0,,
off,157,b2,blue,jungle,刺客,yeiren,,0,2,4,0,7458,11931,1285,51,,,,0,,,,,,,,,,,,,,,,,,0,,
off,157,b3,blue,mid,法師,bingshuang,,0,1,4,1,11122,13448,300,11.9,,,,0,,,,,,,,,,,,,,,,,,0,,
off,157,b4,blue,adc,射手,maestro,,0,1,7,0,6193,10638,354,14,,,,0,,,,,,,,,,,,,,,,,,0,,
off,157,b5,blue,sup,坦克,longji,,0,1,4,0,3935,15544,300,11.9,,,,0,,,,,,,,,,,,,,,,,,0,,
off,157,r1,red,top,坦克,xukong,,1,7,0,0,14803,18837,2118,84,,,,0,,,,,,,,,,,,,,,,,,0,,
off,157,r2,red,jungle,刺客,yeiren,,1,4,1,1,7747,10582,2155,85.5,,,,0,,,,,,,,,,,,,,,,,,0,,
off,157,r3,red,mid,法師,bingshuang,,1,4,1,0,10705,11606,1200,47.6,,,,0,,,,,,,,,,,,,,,,,,0,,
off,157,r4,red,adc,射手,maestro,,1,4,2,1,11138,8627,1228,48.7,,,,0,,,,,,,,,,,,,,,,,,0,,
off,157,r5,red,sup,坦克,longji,,1,5,1,4,8045,15034,1518,60.2,,,,0,,,,,,,,,,,,,,,,,,0,,
off,158,b1,blue,top,坦克,tiemu,,0,3,1,0,9855,21257,900,34.5,,,,0,,,,,,,,,,,,,,,,,,0,,
off,158,b2,blue,jungle,刺客,sting,,0,1,4,1,6580,13327,1021,39.1,,,,0,,,,,,,,,,,,,,,,,,0,,
off,158,b3,blue,mid,法師,mingyun2,,0,0,4,0,10032,13320,0,0,,,,0,,,,,,,,,,,,,,,,,,0,,
off,158,b4,blue,adc,射手,liuxing,,0,0,2,2,9431,9869,0,0,,,,0,,,,,,,,,,,,,,,,,,0,,
off,158,b5,blue,sup,坦克,stoneguard,,0,2,5,0,6375,15630,600,23,,,,0,,,,,,,,,,,,,,,,,,0,,
off,158,r1,red,top,坦克,tiemu,,1,3,0,3,10351,16980,900,34.5,,,,0,,,,,,,,,,,,,,,,,,0,,
off,158,r2,red,jungle,刺客,sting,,1,6,1,1,10330,11964,2791,106.9,,,,0,,,,,,,,,,,,,,,,,,0,,
off,158,r3,red,mid,法師,mingyun2,,1,2,3,1,11309,12157,654,25,,,,0,,,,,,,,,,,,,,,,,,0,,
off,158,r4,red,adc,射手,liuxing,,1,2,1,0,16387,10546,600,23,,,,0,,,,,,,,,,,,,,,,,,0,,
off,158,r5,red,sup,坦克,stoneguard,,1,3,1,4,7851,14052,900,34.5,,,,0,,,,,,,,,,,,,,,,,,0,,
off,159,b1,blue,top,坦克,longji,,0,1,3,0,6540,20811,354,14,,,,0,,,,,,,,,,,,,,,,,,0,,
off,159,b2,blue,jungle,刺客,yingsi,,0,2,1,0,4998,11580,1348,53.2,,,,0,,,,,,,,,,,,,,,,,,0,,
off,159,b3,blue,mid,法師,bingshuang,,0,1,2,0,9573,13022,300,11.8,,,,0,,,,,,,,,,,,,,,,,,0,,
off,159,b4,blue,adc,射手,shensheng,,0,1,6,1,9200,9832,318,12.5,,,,0,,,,,,,,,,,,,,,,,,0,,
off,159,b5,blue,sup,輔助,mingyunyindao,,0,1,3,0,5761,12904,300,11.8,,,,0,,,,,,,,,,,,,,,,,,0,,
off,159,r1,red,top,坦克,longji,,1,9,1,0,9966,21601,2700,106.5,,,,0,,,,,,,,,,,,,,,,,,0,,
off,159,r2,red,jungle,刺客,yingsi,,1,2,1,1,5265,9434,1447,57.1,,,,0,,,,,,,,,,,,,,,,,,0,,
off,159,r3,red,mid,法師,bingshuang,,1,1,2,1,8049,12302,300,11.8,,,,0,,,,,,,,,,,,,,,,,,0,,
off,159,r4,red,adc,射手,shensheng,,1,3,2,1,12930,9607,900,35.5,,,,0,,,,,,,,,,,,,,,,,,0,,
off,159,r5,red,sup,輔助,mingyunyindao,,1,0,0,5,5467,11523,0,0,,,,0,,,,,,,,,,,,,,,,,,0,,
off,160,b1,blue,top,坦克,tixue,,0,0,1,0,13405,26146,0,0,,,,0,,,,,,,,,,,,,,,,,,0,,
off,160,b2,blue,jungle,刺客,youming,,0,1,4,3,7955,14143,949,31.9,,,,0,,,,,,,,,,,,,,,,,,0,,
off,160,b3,blue,mid,法師,mingyun2,,0,6,3,1,20782,15121,1800,60.4,,,,0,,,,,,,,,,,,,,,,,,0,,
off,160,b4,blue,adc,射手,liangzicz,,0,5,5,4,17579,11675,1554,52.2,,,,0,,,,,,,,,,,,,,,,,,0,,
off,160,b5,blue,sup,坦克,shiqiang,,0,5,2,0,8402,18864,1528,51.3,,,,0,,,,,,,,,,,,,,,,,,0,,
off,160,r1,red,top,坦克,tixue,,1,3,1,0,14158,25265,1008,33.8,,,,0,,,,,,,,,,,,,,,,,,0,,
off,160,r2,red,jungle,刺客,youming,,1,2,1,0,11850,15597,1603,53.8,,,,0,,,,,,,,,,,,,,,,,,0,,
off,160,r3,red,mid,法師,mingyun2,,1,8,4,0,17199,16001,2400,80.6,,,,0,,,,,,,,,,,,,,,,,,0,,
off,160,r4,red,adc,射手,liangzicz,,1,2,6,3,17170,12113,600,20.1,,,,0,,,,,,,,,,,,,,,,,,0,,
off,160,r5,red,sup,坦克,shiqiang,,1,0,5,3,7522,18923,0,0,,,,0,,,,,,,,,,,,,,,,,,0,,
off,161,b1,blue,top,坦克,suishan,,1,0,1,0,6839,16868,0,0,,,,0,,,,,,,,,,,,,,,,,,0,,
off,161,b2,blue,jungle,戰士,rongyan,,1,0,4,0,6721,12133,677,28,,,,0,,,,,,,,,,,,,,,,,,0,,
off,161,b3,blue,mid,法師,bingshuang,,1,0,2,0,9386,12948,0,0,,,,0,,,,,,,,,,,,,,,,,,0,,
off,161,b4,blue,adc,射手,xingchen,,1,2,5,0,8970,10703,600,24.9,,,,0,,,,,,,,,,,,,,,,,,0,,
off,161,b5,blue,sup,坦克,tixue,,1,0,5,0,5317,14816,108,4.5,,,,0,,,,,,,,,,,,,,,,,,0,,
off,161,r1,red,top,坦克,suishan,,0,2,0,0,7490,15476,618,25.6,,,,0,,,,,,,,,,,,,,,,,,0,,
off,161,r2,red,jungle,戰士,rongyan,,0,2,0,1,7227,10016,1425,59,,,,0,,,,,,,,,,,,,,,,,,0,,
off,161,r3,red,mid,法師,bingshuang,,0,4,1,2,11278,12017,1228,50.9,,,,0,,,,,,,,,,,,,,,,,,0,,
off,161,r4,red,adc,射手,xingchen,,0,7,1,0,11489,9855,2128,88.2,,,,0,,,,,,,,,,,,,,,,,,0,,
off,161,r5,red,sup,坦克,tixue,,0,2,0,6,5748,13601,600,24.9,,,,0,,,,,,,,,,,,,,,,,,0,,
off,162,b1,blue,top,坦克,stoneguard,,0,0,1,0,9611,18563,0,0,,,,0,,,,,,,,,,,,,,,,,,0,,
off,162,b2,blue,jungle,戰士,tielian,,0,0,1,0,2990,9418,697,30.1,,,,0,,,,,,,,,,,,,,,,,,0,,
off,162,b3,blue,mid,法師,lieyan,,0,1,3,0,11373,10895,300,13,,,,0,,,,,,,,,,,,,,,,,,0,,
off,162,b4,blue,adc,射手,liangzi,,0,1,3,0,7495,9760,408,17.6,,,,0,,,,,,,,,,,,,,,,,,0,,
off,162,b5,blue,sup,輔助,linghun,,0,0,0,0,4620,10264,18,0.8,,,,0,,,,,,,,,,,,,,,,,,0,,
off,162,r1,red,top,坦克,stoneguard,,1,2,0,0,10415,17075,654,28.3,,,,0,,,,,,,,,,,,,,,,,,0,,
off,162,r2,red,jungle,戰士,tielian,,1,0,0,2,2914,8326,833,36,,,,0,,,,,,,,,,,,,,,,,,0,,
off,162,r3,red,mid,法師,lieyan,,1,4,1,2,14810,10593,1200,51.9,,,,0,,,,,,,,,,,,,,,,,,0,,
off,162,r4,red,adc,射手,liangzi,,1,2,1,2,9618,8062,600,25.9,,,,0,,,,,,,,,,,,,,,,,,0,,
off,162,r5,red,sup,輔助,linghun,,1,0,0,2,3713,10118,0,0,,,,0,,,,,,,,,,,,,,,,,,0,,
off,163,b1,blue,top,坦克,ironclad,,0,1,1,0,5990,15516,300,13.3,,,,0,,,,,,,,,,,,,,,,,,0,,
off,163,b2,blue,jungle,戰士,cinderfist,,0,0,3,2,1865,9157,523,23.1,,,,0,,,,,,,,,,,,,,,,,,0,,
off,163,b3,blue,mid,法師,shikong,,0,1,2,0,8977,11532,300,13.3,,,,0,,,,,,,,,,,,,,,,,,0,,
off,163,b4,blue,adc,射手,shengyan,,0,1,3,1,5017,8575,300,13.3,,,,0,,,,,,,,,,,,,,,,,,0,,
off,163,b5,blue,sup,輔助,shiguang,,0,1,2,1,3895,11708,354,15.7,,,,0,,,,,,,,,,,,,,,,,,0,,
off,163,r1,red,top,坦克,ironclad,,1,3,0,0,5593,14404,900,39.8,,,,0,,,,,,,,,,,,,,,,,,0,,
off,163,r2,red,jungle,戰士,cinderfist,,1,1,1,1,4886,8103,1261,55.8,,,,0,,,,,,,,,,,,,,,,,,0,,
off,163,r3,red,mid,法師,shikong,,1,4,0,0,10271,11167,1200,53.1,,,,0,,,,,,,,,,,,,,,,,,0,,
off,163,r4,red,adc,射手,shengyan,,1,2,3,2,11483,8279,600,26.5,,,,0,,,,,,,,,,,,,,,,,,0,,
off,163,r5,red,sup,輔助,shiguang,,1,1,0,1,2369,8789,300,13.3,,,,0,,,,,,,,,,,,,,,,,,0,,
off,164,b1,blue,top,坦克,tieshixin,,0,1,0,0,8386,26011,300,10.2,,,,0,,,,,,,,,,,,,,,,,,0,,
off,164,b2,blue,jungle,戰士,chichuan,,0,1,6,0,8673,14533,1165,39.7,,,,0,,,,,,,,,,,,,,,,,,0,,
off,164,b3,blue,mid,法師,lieyan,,0,2,3,1,14473,15431,600,20.4,,,,0,,,,,,,,,,,,,,,,,,0,,
off,164,b4,blue,adc,射手,mirrorshot,,0,3,6,1,14484,12755,900,30.7,,,,0,,,,,,,,,,,,,,,,,,0,,
off,164,b5,blue,sup,坦克,tixue,,0,3,9,2,8405,20447,954,32.5,,,,0,,,,,,,,,,,,,,,,,,0,,
off,164,r1,red,top,坦克,tieshixin,,1,9,2,1,14382,22141,2754,93.9,,,,0,,,,,,,,,,,,,,,,,,0,,
off,164,r2,red,jungle,戰士,chichuan,,1,4,2,4,9754,11657,2187,74.5,,,,0,,,,,,,,,,,,,,,,,,0,,
off,164,r3,red,mid,法師,lieyan,,1,5,1,1,22171,14332,1500,51.1,,,,0,,,,,,,,,,,,,,,,,,0,,
off,164,r4,red,adc,射手,mirrorshot,,1,3,1,4,16099,10864,900,30.7,,,,0,,,,,,,,,,,,,,,,,,0,,
off,164,r5,red,sup,坦克,tixue,,1,3,4,6,8609,19056,900,30.7,,,,0,,,,,,,,,,,,,,,,,,0,,
off,165,b1,blue,top,坦克,tiankong,,0,0,0,0,5672,18308,0,0,,,,0,,,,,,,,,,,,,,,,,,0,,
off,165,b2,blue,jungle,戰士,dadi2,,0,0,3,0,6241,10086,646,26.8,,,,0,,,,,,,,,,,,,,,,,,0,,
off,165,b3,blue,mid,法師,shikong,,0,0,2,0,8648,13029,0,0,,,,0,,,,,,,,,,,,,,,,,,0,,
off,165,b4,blue,adc,射手,hanbing,,0,3,4,0,9268,8578,954,39.6,,,,0,,,,,,,,,,,,,,,,,,0,,
off,165,b5,blue,sup,輔助,mantra,,0,0,3,0,2998,10985,0,0,,,,0,,,,,,,,,,,,,,,,,,0,,
off,165,r1,red,top,坦克,tiankong,,1,4,0,2,10569,17955,1254,52.1,,,,0,,,,,,,,,,,,,,,,,,0,,
off,165,r2,red,jungle,戰士,dadi2,,1,3,1,0,5836,8731,1803,74.8,,,,0,,,,,,,,,,,,,,,,,,0,,
off,165,r3,red,mid,法師,shikong,,1,2,1,0,10563,11634,600,24.9,,,,0,,,,,,,,,,,,,,,,,,0,,
off,165,r4,red,adc,射手,hanbing,,1,1,1,2,9570,9525,300,12.5,,,,0,,,,,,,,,,,,,,,,,,0,,
off,165,r5,red,sup,輔助,mantra,,1,2,0,2,3523,10586,654,27.1,,,,0,,,,,,,,,,,,,,,,,,0,,
off,166,b1,blue,top,坦克,tiebi,,1,3,1,2,11946,18700,900,38.5,,,,0,,,,,,,,,,,,,,,,,,0,,
off,166,b2,blue,jungle,戰士,langwang,,1,3,1,0,5470,10694,1378,59,,,,0,,,,,,,,,,,,,,,,,,0,,
off,166,b3,blue,mid,法師,lieyan,,1,3,1,0,13032,11943,900,38.5,,,,0,,,,,,,,,,,,,,,,,,0,,
off,166,b4,blue,adc,射手,xuanfeng,,1,1,2,1,8587,7760,300,12.8,,,,0,,,,,,,,,,,,,,,,,,0,,
off,166,b5,blue,sup,輔助,huanjing,,1,0,1,6,3972,9687,0,0,,,,0,,,,,,,,,,,,,,,,,,0,,
off,166,r1,red,top,坦克,tiebi,,0,3,1,1,10661,17288,900,38.5,,,,0,,,,,,,,,,,,,,,,,,0,,
off,166,r2,red,jungle,戰士,langwang,,0,2,3,1,6475,9801,1374,58.8,,,,0,,,,,,,,,,,,,,,,,,0,,
off,166,r3,red,mid,法師,lieyan,,0,1,3,0,10404,11979,300,12.8,,,,0,,,,,,,,,,,,,,,,,,0,,
off,166,r4,red,adc,射手,xuanfeng,,0,0,2,1,8962,7709,0,0,,,,0,,,,,,,,,,,,,,,,,,0,,
off,166,r5,red,sup,輔助,huanjing,,0,0,1,0,6098,11987,0,0,,,,0,,,,,,,,,,,,,,,,,,0,,
off,167,b1,blue,top,坦克,shengdun,,0,1,3,1,9253,21157,300,12.6,,,,0,,,,,,,,,,,,,,,,,,0,,
off,167,b2,blue,jungle,戰士,jingci,,0,1,2,0,3349,9912,1012,42.4,,,,0,,,,,,,,,,,,,,,,,,0,,
off,167,b3,blue,mid,法師,shikong,,0,1,4,1,10854,13197,300,12.6,,,,0,,,,,,,,,,,,,,,,,,0,,
off,167,b4,blue,adc,射手,phantom,,0,3,4,0,8445,9995,900,37.7,,,,0,,,,,,,,,,,,,,,,,,0,,
off,167,b5,blue,sup,坦克,dadi,,0,0,3,0,3617,17298,0,0,,,,0,,,,,,,,,,,,,,,,,,0,,
off,167,r1,red,top,坦克,shengdun,,1,9,1,0,8464,15025,2700,113,,,,0,,,,,,,,,,,,,,,,,,0,,
off,167,r2,red,jungle,戰士,jingci,,1,1,1,2,6985,10729,1285,53.8,,,,0,,,,,,,,,,,,,,,,,,0,,
off,167,r3,red,mid,法師,shikong,,1,3,0,6,18250,11703,900,37.7,,,,0,,,,,,,,,,,,,,,,,,0,,
off,167,r4,red,adc,射手,phantom,,1,2,2,0,15656,8831,600,25.1,,,,0,,,,,,,,,,,,,,,,,,0,,
off,167,r5,red,sup,坦克,dadi,,1,1,2,3,4495,12240,300,12.6,,,,0,,,,,,,,,,,,,,,,,,0,,
off,168,b1,blue,top,坦克,shiqiang,,0,1,4,0,11739,23094,300,10.5,,,,0,,,,,,,,,,,,,,,,,,0,,
off,168,b2,blue,jungle,戰士,embercoil,,0,2,3,0,7995,15096,1373,47.9,,,,0,,,,,,,,,,,,,,,,,,0,,
off,168,b3,blue,mid,法師,xingjie,,0,1,3,0,15074,16458,300,10.5,,,,0,,,,,,,,,,,,,,,,,,0,,
off,168,b4,blue,adc,射手,yanfeng,,0,0,7,1,13005,12677,0,0,,,,0,,,,,,,,,,,,,,,,,,0,,
off,168,b5,blue,sup,坦克,thornwall,,0,0,4,1,5260,17013,43,1.5,,,,0,,,,,,,,,,,,,,,,,,0,,
off,168,r1,red,top,坦克,shiqiang,,1,5,0,0,14021,21784,1500,52.4,,,,0,,,,,,,,,,,,,,,,,,0,,
off,168,r2,red,jungle,戰士,embercoil,,1,4,0,1,10166,13409,2141,74.8,,,,0,,,,,,,,,,,,,,,,,,0,,
off,168,r3,red,mid,法師,xingjie,,1,5,1,3,13457,13298,1500,52.4,,,,0,,,,,,,,,,,,,,,,,,0,,
off,168,r4,red,adc,射手,yanfeng,,1,3,2,3,15172,9929,900,31.4,,,,0,,,,,,,,,,,,,,,,,,0,,
off,168,r5,red,sup,坦克,thornwall,,1,4,1,3,6127,17316,1200,41.9,,,,0,,,,,,,,,,,,,,,,,,0,,
off,169,b1,blue,top,坦克,tiemu,,0,10,1,1,11610,22279,3000,108.4,,,,0,,,,,,,,,,,,,,,,,,0,,
off,169,b2,blue,jungle,戰士,hunpo,,0,2,1,1,5878,12496,1412,51.1,,,,0,,,,,,,,,,,,,,,,,,0,,
off,169,b3,blue,mid,法師,auralith,,0,6,2,4,15966,13410,1854,67,,,,0,,,,,,,,,,,,,,,,,,0,,
off,169,b4,blue,adc,射手,siwang,,0,1,2,5,12719,10061,300,10.8,,,,0,,,,,,,,,,,,,,,,,,0,,
off,169,b5,blue,sup,輔助,shengming,,0,2,2,6,6845,12291,600,21.7,,,,0,,,,,,,,,,,,,,,,,,0,,
off,169,r1,red,top,坦克,tiemu,,1,3,2,1,8714,19619,900,32.5,,,,0,,,,,,,,,,,,,,,,,,0,,
off,169,r2,red,jungle,戰士,hunpo,,1,4,6,0,8795,14621,2149,77.7,,,,0,,,,,,,,,,,,,,,,,,0,,
off,169,r3,red,mid,法師,auralith,,1,1,2,1,17166,13321,300,10.8,,,,0,,,,,,,,,,,,,,,,,,0,,
off,169,r4,red,adc,射手,siwang,,1,0,6,3,14656,12074,0,0,,,,0,,,,,,,,,,,,,,,,,,0,,
off,169,r5,red,sup,輔助,shengming,,1,0,5,0,4547,13009,54,2,,,,0,,,,,,,,,,,,,,,,,,0,,
off,170,b1,blue,top,坦克,dadi,,0,1,4,1,11483,26128,318,11.2,,,,0,,,,,,,,,,,,,,,,,,0,,
off,170,b2,blue,jungle,戰士,leimingcf,,0,1,5,0,8461,13900,1012,35.7,,,,0,,,,,,,,,,,,,,,,,,0,,
off,170,b3,blue,mid,法師,xingjie,,0,2,7,1,13365,15871,600,21.2,,,,0,,,,,,,,,,,,,,,,,,0,,
off,170,b4,blue,adc,射手,maestro,,0,0,6,1,12370,10945,0,0,,,,0,,,,,,,,,,,,,,,,,,0,,
off,170,b5,blue,sup,坦克,shiqiang,,0,1,8,0,6375,17707,300,10.6,,,,0,,,,,,,,,,,,,,,,,,0,,
off,170,r1,red,top,坦克,dadi,,1,11,1,0,13265,21610,3300,116.4,,,,0,,,,,,,,,,,,,,,,,,0,,
off,170,r2,red,jungle,戰士,leimingcf,,1,9,0,1,9684,11956,3653,128.8,,,,0,,,,,,,,,,,,,,,,,,0,,
off,170,r3,red,mid,法師,xingjie,,1,5,0,3,19291,12494,1500,52.9,,,,0,,,,,,,,,,,,,,,,,,0,,
off,170,r4,red,adc,射手,maestro,,1,4,3,5,20381,11394,1200,42.3,,,,0,,,,,,,,,,,,,,,,,,0,,
off,170,r5,red,sup,坦克,shiqiang,,1,1,1,5,8536,15538,300,10.6,,,,0,,,,,,,,,,,,,,,,,,0,,
off,171,b1,blue,top,坦克,tixue,,0,0,2,0,8499,20691,0,0,,,,0,,,,,,,,,,,,,,,,,,0,,
off,171,b2,blue,jungle,刺客,jiansheng,,0,2,3,2,7542,13123,1447,51.1,,,,0,,,,,,,,,,,,,,,,,,0,,
off,171,b3,blue,mid,法師,auralith,,0,4,3,0,10134,14549,1200,42.4,,,,0,,,,,,,,,,,,,,,,,,0,,
off,171,b4,blue,adc,射手,liuxing,,0,7,5,1,18829,11711,2100,74.1,,,,0,,,,,,,,,,,,,,,,,,0,,
off,171,b5,blue,sup,坦克,stoneguard,,0,2,5,0,7088,16612,672,23.7,,,,0,,,,,,,,,,,,,,,,,,0,,
off,171,r1,red,top,坦克,tixue,,1,4,0,3,12892,22339,1254,44.3,,,,0,,,,,,,,,,,,,,,,,,0,,
off,171,r2,red,jungle,刺客,jiansheng,,1,6,4,0,7982,12066,3122,110.2,,,,0,,,,,,,,,,,,,,,,,,0,,
off,171,r3,red,mid,法師,auralith,,1,3,1,1,16539,15457,900,31.8,,,,0,,,,,,,,,,,,,,,,,,0,,
off,171,r4,red,adc,射手,liuxing,,1,4,4,0,13604,11282,1217,43,,,,0,,,,,,,,,,,,,,,,,,0,,
off,171,r5,red,sup,坦克,stoneguard,,1,1,6,2,7052,18458,354,12.5,,,,0,,,,,,,,,,,,,,,,,,0,,
off,172,b1,blue,top,坦克,suishan,,0,1,7,0,11375,27812,300,9.6,,,,0,,,,,,,,,,,,,,,,,,0,,
off,172,b2,blue,jungle,刺客,youming,,0,5,2,0,12183,19592,2194,70,,,,0,,,,,,,,,,,,,,,,,,0,,
off,172,b3,blue,mid,法師,xingjie,,0,3,5,2,16732,17412,900,28.7,,,,0,,,,,,,,,,,,,,,,,,0,,
off,172,b4,blue,adc,射手,shensheng,,0,6,7,1,17903,13149,1800,57.4,,,,0,,,,,,,,,,,,,,,,,,0,,
off,172,b5,blue,sup,輔助,mingyunyindao,,0,0,6,6,9044,16450,0,0,,,,0,,,,,,,,,,,,,,,,,,0,,
off,172,r1,red,top,坦克,suishan,,1,12,2,0,18900,27211,3600,114.9,,,,0,,,,,,,,,,,,,,,,,,0,,
off,172,r2,red,jungle,刺客,youming,,1,8,1,2,14278,17071,3482,111.1,,,,0,,,,,,,,,,,,,,,,,,0,,
off,172,r3,red,mid,法師,xingjie,,1,4,4,3,16188,15063,1200,38.3,,,,0,,,,,,,,,,,,,,,,,,0,,
off,172,r4,red,adc,射手,shensheng,,1,2,6,1,19300,12412,600,19.1,,,,0,,,,,,,,,,,,,,,,,,0,,
off,172,r5,red,sup,輔助,mingyunyindao,,1,1,2,8,8689,16687,300,9.6,,,,0,,,,,,,,,,,,,,,,,,0,,
off,173,b1,blue,top,戰士,greymantle,,1,3,2,0,8031,20119,928,34.8,,,,0,,,,,,,,,,,,,,,,,,0,,
off,173,b2,blue,jungle,刺客,yueying,,1,1,3,1,7051,12171,1111,41.7,,,,0,,,,,,,,,,,,,,,,,,0,,
off,173,b3,blue,mid,法師,gambler,,1,4,4,1,13856,14399,1200,45,,,,0,,,,,,,,,,,,,,,,,,0,,
off,173,b4,blue,adc,射手,liangzicz,,1,2,4,1,9244,10465,600,22.5,,,,0,,,,,,,,,,,,,,,,,,0,,
off,173,b5,blue,sup,輔助,mingyun,,1,0,4,2,4144,12906,82,3.1,,,,0,,,,,,,,,,,,,,,,,,0,,
off,173,r1,red,top,戰士,greymantle,,0,8,3,0,12157,22627,2400,90,,,,0,,,,,,,,,,,,,,,,,,0,,
off,173,r2,red,jungle,刺客,yueying,,0,6,1,1,10712,12516,2905,108.9,,,,0,,,,,,,,,,,,,,,,,,0,,
off,173,r3,red,mid,法師,gambler,,0,1,1,2,9547,13809,300,11.3,,,,0,,,,,,,,,,,,,,,,,,0,,
off,173,r4,red,adc,射手,liangzicz,,0,2,2,0,9500,9723,600,22.5,,,,0,,,,,,,,,,,,,,,,,,0,,
off,173,r5,red,sup,輔助,mingyun,,0,0,3,1,5537,12124,0,0,,,,0,,,,,,,,,,,,,,,,,,0,,
off,174,b1,blue,top,戰士,ravager,,1,5,2,2,23941,38657,1500,38,,,,0,,,,,,,,,,,,,,,,,,0,,
off,174,b2,blue,jungle,刺客,yeiren,,1,3,2,0,13010,16091,1944,49.3,,,,0,,,,,,,,,,,,,,,,,,0,,
off,174,b3,blue,mid,法師,ronghuo,,1,12,7,1,30797,23681,3600,91.3,,,,0,,,,,,,,,,,,,,,,,,0,,
off,174,b4,blue,adc,射手,xingchen,,1,16,2,1,30865,18076,4800,121.8,,,,0,,,,,,,,,,,,,,,,,,0,,
off,174,b5,blue,sup,坦克,tixue,,1,2,9,3,11098,25731,600,15.2,,,,0,,,,,,,,,,,,,,,,,,0,,
off,174,r1,red,top,戰士,ravager,,0,11,3,0,26054,38498,3300,83.7,,,,0,,,,,,,,,,,,,,,,,,0,,
off,174,r2,red,jungle,刺客,yeiren,,0,7,5,1,14352,22518,3439,87.2,,,,0,,,,,,,,,,,,,,,,,,0,,
off,174,r3,red,mid,法師,ronghuo,,0,1,8,5,24093,24277,300,7.6,,,,0,,,,,,,,,,,,,,,,,,0,,
off,174,r4,red,adc,射手,xingchen,,0,1,17,3,24366,16507,300,7.6,,,,0,,,,,,,,,,,,,,,,,,0,,
off,174,r5,red,sup,坦克,tixue,,0,2,5,1,11133,30397,600,15.2,,,,0,,,,,,,,,,,,,,,,,,0,,
off,175,b1,blue,top,戰士,dadi2,,0,1,2,0,8024,22922,300,10.8,,,,0,,,,,,,,,,,,,,,,,,0,,
off,175,b2,blue,jungle,刺客,duskblade,,0,0,7,0,6608,14718,712,25.5,,,,0,,,,,,,,,,,,,,,,,,0,,
off,175,b3,blue,mid,法師,gambler,,0,0,4,0,9615,14746,0,0,,,,0,,,,,,,,,,,,,,,,,,0,,
off,175,b4,blue,adc,射手,liangzi,,0,1,6,0,9904,12694,300,10.8,,,,0,,,,,,,,,,,,,,,,,,0,,
off,175,b5,blue,sup,輔助,linghun,,0,0,2,0,6225,15839,0,0,,,,0,,,,,,,,,,,,,,,,,,0,,
off,175,r1,red,top,戰士,dadi2,,1,6,0,1,12643,22274,1800,64.5,,,,0,,,,,,,,,,,,,,,,,,0,,
off,175,r2,red,jungle,刺客,duskblade,,1,5,0,1,9252,11436,2534,90.9,,,,0,,,,,,,,,,,,,,,,,,0,,
off,175,r3,red,mid,法師,gambler,,1,4,1,0,14529,13594,1200,43,,,,0,,,,,,,,,,,,,,,,,,0,,
off,175,r4,red,adc,射手,liangzi,,1,4,1,4,16816,11230,1200,43,,,,0,,,,,,,,,,,,,,,,,,0,,
off,175,r5,red,sup,輔助,linghun,,1,2,0,3,5386,11926,600,21.5,,,,0,,,,,,,,,,,,,,,,,,0,,
off,176,b1,blue,top,戰士,ronggang,,0,4,2,0,7562,20621,1200,45.8,,,,0,,,,,,,,,,,,,,,,,,0,,
off,176,b2,blue,jungle,刺客,binghe,,0,1,3,0,6378,11148,868,33.1,,,,0,,,,,,,,,,,,,,,,,,0,,
off,176,b3,blue,mid,法師,ronghuo,,0,1,3,1,13768,13867,300,11.5,,,,0,,,,,,,,,,,,,,,,,,0,,
off,176,b4,blue,adc,射手,shengyan,,0,2,2,1,10000,10822,654,25,,,,0,,,,,,,,,,,,,,,,,,0,,
off,176,b5,blue,sup,輔助,shiguang,,0,0,5,1,6290,13874,0,0,,,,0,,,,,,,,,,,,,,,,,,0,,
off,176,r1,red,top,戰士,ronggang,,1,7,0,1,10813,19346,2100,80.2,,,,0,,,,,,,,,,,,,,,,,,0,,
off,176,r2,red,jungle,刺客,binghe,,1,4,2,0,7176,10618,2299,87.8,,,,0,,,,,,,,,,,,,,,,,,0,,
off,176,r3,red,mid,法師,ronghuo,,1,1,0,2,13155,13303,318,12.1,,,,0,,,,,,,,,,,,,,,,,,0,,
off,176,r4,red,adc,射手,shengyan,,1,2,4,1,12130,10797,600,22.9,,,,0,,,,,,,,,,,,,,,,,,0,,
off,176,r5,red,sup,輔助,shiguang,,1,1,2,1,4294,10601,300,11.5,,,,0,,,,,,,,,,,,,,,,,,0,,
off,177,b1,blue,top,戰士,jingci,,1,2,5,2,13964,25321,600,20.2,,,,0,,,,,,,,,,,,,,,,,,0,,
off,177,b2,blue,jungle,刺客,shanying,,1,2,4,2,5826,14661,1249,42.1,,,,0,,,,,,,,,,,,,,,,,,0,,
off,177,b3,blue,mid,法師,gambler,,1,5,5,1,17670,17332,1500,50.5,,,,0,,,,,,,,,,,,,,,,,,0,,
off,177,b4,blue,adc,射手,mirrorshot,,1,3,3,2,18107,11717,900,30.3,,,,0,,,,,,,,,,,,,,,,,,0,,
off,177,b5,blue,sup,坦克,dadi,,1,1,7,0,6160,18979,300,10.1,,,,0,,,,,,,,,,,,,,,,,,0,,
off,177,r1,red,top,戰士,jingci,,0,3,1,1,13369,24417,900,30.3,,,,0,,,,,,,,,,,,,,,,,,0,,
off,177,r2,red,jungle,刺客,shanying,,0,10,0,2,12104,16053,4058,136.7,,,,0,,,,,,,,,,,,,,,,,,0,,
off,177,r3,red,mid,法師,gambler,,0,7,3,3,23051,16125,2182,73.5,,,,0,,,,,,,,,,,,,,,,,,0,,
off,177,r4,red,adc,射手,mirrorshot,,0,3,5,2,16374,13110,900,30.3,,,,0,,,,,,,,,,,,,,,,,,0,,
off,177,r5,red,sup,坦克,dadi,,0,1,4,3,7030,20755,300,10.1,,,,0,,,,,,,,,,,,,,,,,,0,,
off,178,b1,blue,top,戰士,longyi,,0,3,7,0,15442,29960,954,29.3,,,,0,,,,,,,,,,,,,,,,,,0,,
off,178,b2,blue,jungle,刺客,dianguang,,0,3,4,0,10744,18708,1747,53.6,,,,0,,,,,,,,,,,,,,,,,,0,,
off,178,b3,blue,mid,法師,ronghuo,,0,1,6,2,17986,19384,300,9.2,,,,0,,,,,,,,,,,,,,,,,,0,,
off,178,b4,blue,adc,射手,hanbing,,0,4,10,2,19139,14755,1200,36.8,,,,0,,,,,,,,,,,,,,,,,,0,,
off,178,b5,blue,sup,坦克,ironclad,,0,0,10,1,6166,23429,0,0,,,,0,,,,,,,,,,,,,,,,,,0,,
off,178,r1,red,top,戰士,longyi,,1,12,2,3,25358,27135,3600,110.4,,,,0,,,,,,,,,,,,,,,,,,0,,
off,178,r2,red,jungle,刺客,dianguang,,1,8,4,7,14130,18648,3587,110,,,,0,,,,,,,,,,,,,,,,,,0,,
off,178,r3,red,mid,法師,ronghuo,,1,9,1,4,19003,15672,2700,82.8,,,,0,,,,,,,,,,,,,,,,,,0,,
off,178,r4,red,adc,射手,hanbing,,1,5,1,1,21445,13132,1500,46,,,,0,,,,,,,,,,,,,,,,,,0,,
off,178,r5,red,sup,坦克,ironclad,,1,3,3,2,6586,20360,900,27.6,,,,0,,,,,,,,,,,,,,,,,,0,,
off,179,b1,blue,top,戰士,chichuan,,1,2,0,0,6231,15254,600,26.2,,,,0,,,,,,,,,,,,,,,,,,0,,
off,179,b2,blue,jungle,刺客,wuxing,,1,2,0,0,4204,8730,1078,47,,,,0,,,,,,,,,,,,,,,,,,0,,
off,179,b3,blue,mid,法師,haixiao,,1,4,1,2,14494,11177,1200,52.4,,,,0,,,,,,,,,,,,,,,,,,0,,
off,179,b4,blue,adc,射手,xuanfeng,,1,4,3,3,7917,8514,1218,53.1,,,,0,,,,,,,,,,,,,,,,,,0,,
off,179,b5,blue,sup,輔助,xuemai,,1,1,0,0,3742,10229,300,13.1,,,,0,,,,,,,,,,,,,,,,,,0,,
off,179,r1,red,top,戰士,chichuan,,0,2,2,1,5830,18133,600,26.2,,,,0,,,,,,,,,,,,,,,,,,0,,
off,179,r2,red,jungle,刺客,wuxing,,0,0,3,0,6126,10420,1051,45.9,,,,0,,,,,,,,,,,,,,,,,,0,,
off,179,r3,red,mid,法師,haixiao,,0,2,4,0,9041,11963,600,26.2,,,,0,,,,,,,,,,,,,,,,,,0,,
off,179,r4,red,adc,射手,xuanfeng,,0,0,2,1,7321,8401,0,0,,,,0,,,,,,,,,,,,,,,,,,0,,
off,179,r5,red,sup,輔助,xuemai,,0,0,2,0,3689,10017,0,0,,,,0,,,,,,,,,,,,,,,,,,0,,
off,180,b1,blue,top,戰士,dushe,,0,0,5,0,8582,21193,0,0,,,,0,,,,,,,,,,,,,,,,,,0,,
off,180,b2,blue,jungle,刺客,voidrift,,0,1,6,0,6246,14157,976,37.7,,,,0,,,,,,,,,,,,,,,,,,0,,
off,180,b3,blue,mid,法師,leiming,,0,1,5,0,10707,13264,328,12.7,,,,0,,,,,,,,,,,,,,,,,,0,,
off,180,b4,blue,adc,射手,phantom,,0,2,6,0,10792,9779,600,23.2,,,,0,,,,,,,,,,,,,,,,,,0,,
off,180,b5,blue,sup,坦克,longji,,0,1,7,0,6222,17387,354,13.7,,,,0,,,,,,,,,,,,,,,,,,0,,
off,180,r1,red,top,戰士,dushe,,1,15,0,0,18662,18583,4500,174,,,,0,,,,,,,,,,,,,,,,,,0,,
off,180,r2,red,jungle,刺客,voidrift,,1,6,0,1,7564,10089,2980,115.2,,,,0,,,,,,,,,,,,,,,,,,0,,
off,180,r3,red,mid,法師,leiming,,1,2,2,3,13341,11541,600,23.2,,,,0,,,,,,,,,,,,,,,,,,0,,
off,180,r4,red,adc,射手,phantom,,1,4,3,3,14061,9843,1200,46.4,,,,0,,,,,,,,,,,,,,,,,,0,,
off,180,r5,red,sup,坦克,longji,,1,2,0,2,6172,15607,600,23.2,,,,0,,,,,,,,,,,,,,,,,,0,,
off,181,b1,blue,top,戰士,fengbao,,0,1,1,0,9372,18365,300,11.9,,,,0,,,,,,,,,,,,,,,,,,0,,
off,181,b2,blue,jungle,戰士,hunpo,,0,2,1,2,5535,8536,1168,46.4,,,,0,,,,,,,,,,,,,,,,,,0,,
off,181,b3,blue,mid,法師,haixiao,,0,3,2,0,10959,11750,900,35.8,,,,0,,,,,,,,,,,,,,,,,,0,,
off,181,b4,blue,adc,射手,yanfeng,,0,8,4,1,13617,10089,2400,95.5,,,,0,,,,,,,,,,,,,,,,,,0,,
off,181,b5,blue,sup,坦克,thornwall,,0,2,2,2,4970,14632,600,23.9,,,,0,,,,,,,,,,,,,,,,,,0,,
off,181,r1,red,top,戰士,fengbao,,1,1,0,1,9646,21595,318,12.6,,,,0,,,,,,,,,,,,,,,,,,0,,
off,181,r2,red,jungle,戰士,hunpo,,1,2,3,1,8554,11594,1501,59.7,,,,0,,,,,,,,,,,,,,,,,,0,,
off,181,r3,red,mid,法師,haixiao,,1,0,5,0,12939,13661,0,0,,,,0,,,,,,,,,,,,,,,,,,0,,
off,181,r4,red,adc,射手,yanfeng,,1,2,7,2,5987,9080,600,23.9,,,,0,,,,,,,,,,,,,,,,,,0,,
off,181,r5,red,sup,坦克,thornwall,,1,5,1,0,5077,15542,1500,59.7,,,,0,,,,,,,,,,,,,,,,,,0,,
off,182,b1,blue,top,戰士,rongyan,,0,2,0,3,11863,22754,600,22.7,,,,0,,,,,,,,,,,,,,,,,,0,,
off,182,b2,blue,jungle,戰士,leimingcf,,0,5,4,0,4734,13098,2310,87.3,,,,0,,,,,,,,,,,,,,,,,,0,,
off,182,b3,blue,mid,法師,leiming,,0,2,2,0,8638,14295,600,22.7,,,,0,,,,,,,,,,,,,,,,,,0,,
off,182,b4,blue,adc,射手,siwang,,0,0,5,1,10820,10955,0,0,,,,0,,,,,,,,,,,,,,,,,,0,,
off,182,b5,blue,sup,輔助,shengming,,0,2,2,2,3625,15422,600,22.7,,,,0,,,,,,,,,,,,,,,,,,0,,
off,182,r1,red,top,戰士,rongyan,,1,1,0,0,11126,20781,300,11.3,,,,0,,,,,,,,,,,,,,,,,,0,,
off,182,r2,red,jungle,戰士,leimingcf,,1,4,4,2,7696,10056,2130,80.5,,,,0,,,,,,,,,,,,,,,,,,0,,
off,182,r3,red,mid,法師,leiming,,1,5,1,2,15518,12911,1554,58.8,,,,0,,,,,,,,,,,,,,,,,,0,,
off,182,r4,red,adc,射手,siwang,,1,2,5,3,14685,10792,600,22.7,,,,0,,,,,,,,,,,,,,,,,,0,,
off,182,r5,red,sup,輔助,shengming,,1,1,1,3,5309,12793,300,11.3,,,,0,,,,,,,,,,,,,,,,,,0,,
off,183,b1,blue,top,戰士,embercoil,,0,1,3,0,11775,23443,300,10.6,,,,0,,,,,,,,,,,,,,,,,,0,,
off,183,b2,blue,jungle,戰士,fengbao,,0,1,4,0,4225,12232,1129,40,,,,0,,,,,,,,,,,,,,,,,,0,,
off,183,b3,blue,mid,法師,haixiao,,0,0,0,0,12450,15110,0,0,,,,0,,,,,,,,,,,,,,,,,,0,,
off,183,b4,blue,adc,射手,maestro,,0,1,6,0,8653,10632,382,13.5,,,,0,,,,,,,,,,,,,,,,,,0,,
off,183,b5,blue,sup,輔助,fengshen,,0,0,4,0,5236,14663,18,0.6,,,,0,,,,,,,,,,,,,,,,,,0,,
off,183,r1,red,top,戰士,embercoil,,1,6,1,1,13263,20748,1800,63.7,,,,0,,,,,,,,,,,,,,,,,,0,,
off,183,r2,red,jungle,戰士,fengbao,,1,2,1,0,9957,14495,1843,65.2,,,,0,,,,,,,,,,,,,,,,,,0,,
off,183,r3,red,mid,法師,haixiao,,1,7,0,1,17211,13527,2100,74.3,,,,0,,,,,,,,,,,,,,,,,,0,,
off,183,r4,red,adc,射手,maestro,,1,2,1,2,9609,10348,600,21.2,,,,0,,,,,,,,,,,,,,,,,,0,,
off,183,r5,red,sup,輔助,fengshen,,1,0,0,3,4272,9981,0,0,,,,0,,,,,,,,,,,,,,,,,,0,,
off,184,b1,blue,top,戰士,cinderfist,,0,1,2,0,8285,19836,382,14.9,,,,0,,,,,,,,,,,,,,,,,,0,,
off,184,b2,blue,jungle,戰士,anliuyouXia,,0,0,5,0,6603,11284,559,21.8,,,,0,,,,,,,,,,,,,,,,,,0,,
off,184,b3,blue,mid,法師,leiming,,0,1,4,0,10943,14112,300,11.7,,,,0,,,,,,,,,,,,,,,,,,0,,
off,184,b4,blue,adc,射手,liuxing,,0,2,3,2,13786,10609,654,25.5,,,,0,,,,,,,,,,,,,,,,,,0,,
off,184,b5,blue,sup,坦克,suishan,,0,1,6,0,7128,15326,300,11.7,,,,0,,,,,,,,,,,,,,,,,,0,,
off,184,r1,red,top,戰士,cinderfist,,1,9,0,0,13262,21819,2700,105.4,,,,0,,,,,,,,,,,,,,,,,,0,,
off,184,r2,red,jungle,戰士,anliuyouXia,,1,6,0,0,5813,9007,2713,105.9,,,,0,,,,,,,,,,,,,,,,,,0,,
off,184,r3,red,mid,法師,leiming,,1,1,3,2,9842,13095,300,11.7,,,,0,,,,,,,,,,,,,,,,,,0,,
off,184,r4,red,adc,射手,liuxing,,1,3,2,4,14115,8790,900,35.1,,,,0,,,,,,,,,,,,,,,,,,0,,
off,184,r5,red,sup,坦克,suishan,,1,1,0,6,9718,15550,300,11.7,,,,0,,,,,,,,,,,,,,,,,,0,,
off,185,b1,blue,top,戰士,leimingcf,,0,1,1,0,8866,20465,300,11.9,,,,0,,,,,,,,,,,,,,,,,,0,,
off,185,b2,blue,jungle,戰士,embercoil,,0,1,2,1,5668,12772,1153,45.9,,,,0,,,,,,,,,,,,,,,,,,0,,
off,185,b3,blue,mid,法師,mingyun2,,0,1,2,0,12189,14639,300,11.9,,,,0,,,,,,,,,,,,,,,,,,0,,
off,185,b4,blue,adc,射手,shensheng,,0,1,5,0,6559,9995,318,12.7,,,,0,,,,,,,,,,,,,,,,,,0,,
off,185,b5,blue,sup,輔助,mingyunyindao,,0,1,0,0,3819,12915,300,11.9,,,,0,,,,,,,,,,,,,,,,,,0,,
off,185,r1,red,top,戰士,leimingcf,,1,3,0,0,10898,17937,900,35.8,,,,0,,,,,,,,,,,,,,,,,,0,,
off,185,r2,red,jungle,戰士,embercoil,,1,3,2,1,5806,10138,1672,66.6,,,,0,,,,,,,,,,,,,,,,,,0,,
off,185,r3,red,mid,法師,mingyun2,,1,1,1,2,14768,11448,318,12.7,,,,0,,,,,,,,,,,,,,,,,,0,,
off,185,r4,red,adc,射手,shensheng,,1,3,2,0,12547,8917,900,35.8,,,,0,,,,,,,,,,,,,,,,,,0,,
off,185,r5,red,sup,輔助,mingyunyindao,,1,0,0,3,5549,10397,0,0,,,,0,,,,,,,,,,,,,,,,,,0,,
off,186,b1,blue,top,戰士,jufeng,,0,0,2,0,6153,18171,0,0,,,,0,,,,,,,,,,,,,,,,,,0,,
off,186,b2,blue,jungle,戰士,hunpo,,0,0,1,0,3107,8976,649,27.4,,,,0,,,,,,,,,,,,,,,,,,0,,
off,186,b3,blue,mid,法師,bingshuang,,0,0,5,0,10528,12018,0,0,,,,0,,,,,,,,,,,,,,,,,,0,,
off,186,b4,blue,adc,射手,liangzicz,,0,1,5,0,9689,9785,300,12.7,,,,0,,,,,,,,,,,,,,,,,,0,,
off,186,b5,blue,sup,輔助,mingyun,,0,1,1,0,3357,11743,300,12.7,,,,0,,,,,,,,,,,,,,,,,,0,,
off,186,r1,red,top,戰士,jufeng,,1,6,0,1,6870,17082,1854,78.3,,,,0,,,,,,,,,,,,,,,,,,0,,
off,186,r2,red,jungle,戰士,hunpo,,1,1,0,2,4788,10270,1216,51.3,,,,0,,,,,,,,,,,,,,,,,,0,,
off,186,r3,red,mid,法師,bingshuang,,1,4,0,0,14435,11039,1254,52.9,,,,0,,,,,,,,,,,,,,,,,,0,,
off,186,r4,red,adc,射手,liangzicz,,1,2,0,2,10074,7526,600,25.3,,,,0,,,,,,,,,,,,,,,,,,0,,
off,186,r5,red,sup,輔助,mingyun,,1,1,2,2,3744,10268,300,12.7,,,,0,,,,,,,,,,,,,,,,,,0,,
off,187,b1,blue,top,戰士,ronggang,,0,0,3,0,10609,26263,0,0,,,,0,,,,,,,,,,,,,,,,,,0,,
off,187,b2,blue,jungle,戰士,ravager,,0,1,6,1,7373,12151,1093,37.3,,,,0,,,,,,,,,,,,,,,,,,0,,
off,187,b3,blue,mid,法師,mingyun2,,0,2,4,1,16367,16193,618,21.1,,,,0,,,,,,,,,,,,,,,,,,0,,
off,187,b4,blue,adc,射手,leiting,,0,3,4,1,12545,12901,918,31.3,,,,0,,,,,,,,,,,,,,,,,,0,,
off,187,b5,blue,sup,坦克,tixue,,0,1,9,0,8038,19157,300,10.2,,,,0,,,,,,,,,,,,,,,,,,0,,
off,187,r1,red,top,戰士,ronggang,,1,4,0,3,13511,22133,1272,43.4,,,,0,,,,,,,,,,,,,,,,,,0,,
off,187,r2,red,jungle,戰士,ravager,,1,9,2,1,12824,13919,3973,135.4,,,,0,,,,,,,,,,,,,,,,,,0,,
off,187,r3,red,mid,法師,mingyun2,,1,6,1,2,20355,13680,1800,61.3,,,,0,,,,,,,,,,,,,,,,,,0,,
off,187,r4,red,adc,射手,leiting,,1,2,3,6,17745,10318,600,20.4,,,,0,,,,,,,,,,,,,,,,,,0,,
off,187,r5,red,sup,坦克,tixue,,1,5,1,4,8391,18675,1500,51.1,,,,0,,,,,,,,,,,,,,,,,,0,,
off,188,b1,blue,top,戰士,jingci,,0,1,4,1,7192,18977,354,14.8,,,,0,,,,,,,,,,,,,,,,,,0,,
off,188,b2,blue,jungle,戰士,xueyue,,0,0,3,2,8882,11421,568,23.8,,,,0,,,,,,,,,,,,,,,,,,0,,
off,188,b3,blue,mid,法師,bingshuang,,0,1,3,0,10319,11667,354,14.8,,,,0,,,,,,,,,,,,,,,,,,0,,
off,188,b4,blue,adc,射手,liangzi,,0,3,4,0,8136,8993,900,37.7,,,,0,,,,,,,,,,,,,,,,,,0,,
off,188,b5,blue,sup,坦克,tieshixin,,0,2,5,2,5444,14932,654,27.4,,,,0,,,,,,,,,,,,,,,,,,0,,
off,188,r1,red,top,戰士,jingci,,1,8,0,0,12940,18474,2400,100.6,,,,0,,,,,,,,,,,,,,,,,,0,,
off,188,r2,red,jungle,戰士,xueyue,,1,5,4,2,6090,9742,2379,99.7,,,,0,,,,,,,,,,,,,,,,,,0,,
off,188,r3,red,mid,法師,bingshuang,,1,3,0,1,8954,10936,900,37.7,,,,0,,,,,,,,,,,,,,,,,,0,,
off,188,r4,red,adc,射手,liangzi,,1,2,2,1,9430,7808,600,25.1,,,,0,,,,,,,,,,,,,,,,,,0,,
off,188,r5,red,sup,坦克,tieshixin,,1,1,1,2,5079,13433,300,12.6,,,,0,,,,,,,,,,,,,,,,,,0,,
off,189,b1,blue,top,戰士,longyi,,1,4,1,1,13232,19235,1200,48.1,,,,0,,,,,,,,,,,,,,,,,,0,,
off,189,b2,blue,jungle,戰士,jufeng,,1,1,1,0,3186,9771,903,36.2,,,,0,,,,,,,,,,,,,,,,,,0,,
off,189,b3,blue,mid,法師,mingyun2,,1,8,3,0,15338,13385,2400,96.1,,,,0,,,,,,,,,,,,,,,,,,0,,
off,189,b4,blue,adc,射手,shengyan,,1,2,3,1,9182,9589,600,24,,,,0,,,,,,,,,,,,,,,,,,0,,
off,189,b5,blue,sup,輔助,huanjing,,1,0,4,1,3765,13162,54,2.2,,,,0,,,,,,,,,,,,,,,,,,0,,
off,189,r1,red,top,戰士,longyi,,0,3,1,0,6898,18385,928,37.2,,,,0,,,,,,,,,,,,,,,,,,0,,
off,189,r2,red,jungle,戰士,jufeng,,0,2,5,1,8127,13520,1427,57.1,,,,0,,,,,,,,,,,,,,,,,,0,,
off,189,r3,red,mid,法師,mingyun2,,0,3,3,0,11620,12053,900,36,,,,0,,,,,,,,,,,,,,,,,,0,,
off,189,r4,red,adc,射手,shengyan,,0,4,2,1,11739,10587,1200,48.1,,,,0,,,,,,,,,,,,,,,,,,0,,
off,189,r5,red,sup,輔助,huanjing,,0,0,4,1,3957,12015,28,1.1,,,,0,,,,,,,,,,,,,,,,,,0,,
off,190,b1,blue,top,戰士,chichuan,,0,0,1,0,7213,19460,0,0,,,,0,,,,,,,,,,,,,,,,,,0,,
off,190,b2,blue,jungle,戰士,kuangfeng,,0,2,6,0,6330,11966,1304,52.4,,,,0,,,,,,,,,,,,,,,,,,0,,
off,190,b3,blue,mid,法師,bingshuang,,0,1,2,1,10763,13476,300,12.1,,,,0,,,,,,,,,,,,,,,,,,0,,
off,190,b4,blue,adc,射手,mirrorshot,,0,2,4,1,14587,10017,600,24.1,,,,0,,,,,,,,,,,,,,,,,,0,,
off,190,b5,blue,sup,坦克,dadi,,0,0,5,0,3896,14251,0,0,,,,0,,,,,,,,,,,,,,,,,,0,,
off,190,r1,red,top,戰士,chichuan,,1,6,0,0,8010,15950,1800,72.3,,,,0,,,,,,,,,,,,,,,,,,0,,
off,190,r2,red,jungle,戰士,kuangfeng,,1,6,2,3,8258,10347,2695,108.3,,,,0,,,,,,,,,,,,,,,,,,0,,
off,190,r3,red,mid,法師,bingshuang,,1,3,2,4,13364,14127,900,36.2,,,,0,,,,,,,,,,,,,,,,,,0,,
off,190,r4,red,adc,射手,mirrorshot,,1,3,1,2,15814,9715,954,38.3,,,,0,,,,,,,,,,,,,,,,,,0,,
off,190,r5,red,sup,坦克,dadi,,1,0,0,7,5103,14226,0,0,,,,0,,,,,,,,,,,,,,,,,,0,,
off,191,b1,blue,top,戰士,xueyue,,1,2,2,1,6054,19332,600,22.3,,,,0,,,,,,,,,,,,,,,,,,0,,
off,191,b2,blue,jungle,戰士,tielian,,1,0,3,3,5539,10925,523,19.4,,,,0,,,,,,,,,,,,,,,,,,0,,
off,191,b3,blue,mid,法師,lieyan,,1,8,1,1,17177,14469,2400,89.2,,,,0,,,,,,,,,,,,,,,,,,0,,
off,191,b4,blue,adc,射手,hanbing,,1,5,7,3,17396,10309,1500,55.8,,,,0,,,,,,,,,,,,,,,,,,0,,
off,191,b5,blue,sup,坦克,ironclad,,1,2,5,2,7675,17068,600,22.3,,,,0,,,,,,,,,,,,,,,,,,0,,
off,191,r1,red,top,戰士,xueyue,,0,7,3,1,12637,22245,2100,78.1,,,,0,,,,,,,,,,,,,,,,,,0,,
off,191,r2,red,jungle,戰士,tielian,,0,2,3,4,7517,12391,1696,63,,,,0,,,,,,,,,,,,,,,,,,0,,
off,191,r3,red,mid,法師,lieyan,,0,7,3,2,13111,15725,2100,78.1,,,,0,,,,,,,,,,,,,,,,,,0,,
off,191,r4,red,adc,射手,hanbing,,0,1,4,5,12024,10673,300,11.2,,,,0,,,,,,,,,,,,,,,,,,0,,
off,191,r5,red,sup,坦克,ironclad,,0,1,4,2,5288,17465,300,11.2,,,,0,,,,,,,,,,,,,,,,,,0,,
off,192,b1,blue,top,戰士,langwang,,1,5,1,0,7835,18149,1500,59.3,,,,0,,,,,,,,,,,,,,,,,,0,,
off,192,b2,blue,jungle,刺客,duskblade,,1,3,0,0,5054,9420,1621,64.1,,,,0,,,,,,,,,,,,,,,,,,0,,
off,192,b3,blue,mid,法師,shikong,,1,0,1,3,12660,12380,0,0,,,,0,,,,,,,,,,,,,,,,,,0,,
off,192,b4,blue,adc,射手,xuanfeng,,1,3,1,0,9510,9134,900,35.6,,,,0,,,,,,,,,,,,,,,,,,0,,
off,192,b5,blue,sup,輔助,xuemai,,1,0,1,2,4001,11027,0,0,,,,0,,,,,,,,,,,,,,,,,,0,,
off,192,r1,red,top,戰士,langwang,,0,2,1,0,5790,18514,654,25.9,,,,0,,,,,,,,,,,,,,,,,,0,,
off,192,r2,red,jungle,刺客,duskblade,,0,1,2,0,4640,10206,1258,49.8,,,,0,,,,,,,,,,,,,,,,,,0,,
off,192,r3,red,mid,法師,shikong,,0,0,2,1,12409,11077,0,0,,,,0,,,,,,,,,,,,,,,,,,0,,
off,192,r4,red,adc,射手,xuanfeng,,0,1,4,0,10126,8866,300,11.9,,,,0,,,,,,,,,,,,,,,,,,0,,
off,192,r5,red,sup,輔助,xuemai,,0,0,2,2,5348,12771,0,0,,,,0,,,,,,,,,,,,,,,,,,0,,
off,193,b1,blue,top,戰士,kuangfeng,,0,1,1,0,8936,15980,300,13.5,,,,0,,,,,,,,,,,,,,,,,,0,,
off,193,b2,blue,jungle,刺客,binghe,,0,1,3,1,3931,9871,967,43.5,,,,0,,,,,,,,,,,,,,,,,,0,,
off,193,b3,blue,mid,法師,lieyan,,0,0,1,0,7999,10683,54,2.4,,,,0,,,,,,,,,,,,,,,,,,0,,
off,193,b4,blue,adc,射手,dawnstrike,,0,0,3,1,6831,9380,0,0,,,,0,,,,,,,,,,,,,,,,,,0,,
off,193,b5,blue,sup,輔助,zhanchang,,0,1,3,1,3768,11617,300,13.5,,,,0,,,,,,,,,,,,,,,,,,0,,
off,193,r1,red,top,戰士,kuangfeng,,1,4,0,0,10614,16320,1254,56.5,,,,0,,,,,,,,,,,,,,,,,,0,,
off,193,r2,red,jungle,刺客,binghe,,1,4,0,1,7342,9200,2291,103.2,,,,0,,,,,,,,,,,,,,,,,,0,,
off,193,r3,red,mid,法師,lieyan,,1,2,1,3,9409,11066,600,27,,,,0,,,,,,,,,,,,,,,,,,0,,
off,193,r4,red,adc,射手,dawnstrike,,1,0,1,2,9109,7582,15,0.7,,,,0,,,,,,,,,,,,,,,,,,0,,
off,193,r5,red,sup,輔助,zhanchang,,1,1,1,2,3084,9905,328,14.8,,,,0,,,,,,,,,,,,,,,,,,0,,
off,194,b1,blue,top,戰士,greymantle,,0,0,2,0,8164,17022,0,0,,,,0,,,,,,,,,,,,,,,,,,0,,
off,194,b2,blue,jungle,刺客,jueying,,0,2,2,0,5069,9294,1385,59.3,,,,0,,,,,,,,,,,,,,,,,,0,,
off,194,b3,blue,mid,法師,shikong,,0,1,1,1,9746,12462,300,12.8,,,,0,,,,,,,,,,,,,,,,,,0,,
off,194,b4,blue,adc,射手,yanfeng,,0,1,1,0,9086,8905,300,12.8,,,,0,,,,,,,,,,,,,,,,,,0,,
off,194,b5,blue,sup,坦克,stoneguard,,0,1,4,0,5437,14089,300,12.8,,,,0,,,,,,,,,,,,,,,,,,0,,
off,194,r1,red,top,戰士,greymantle,,1,4,0,0,8354,16333,1200,51.4,,,,0,,,,,,,,,,,,,,,,,,0,,
off,194,r2,red,jungle,刺客,jueying,,1,1,1,0,7730,9161,1408,60.3,,,,0,,,,,,,,,,,,,,,,,,0,,
off,194,r3,red,mid,法師,shikong,,1,4,1,0,10374,10957,1200,51.4,,,,0,,,,,,,,,,,,,,,,,,0,,
off,194,r4,red,adc,射手,yanfeng,,1,1,2,2,10064,7597,300,12.8,,,,0,,,,,,,,,,,,,,,,,,0,,
off,194,r5,red,sup,坦克,stoneguard,,1,0,1,2,6201,12336,0,0,,,,0,,,,,,,,,,,,,,,,,,0,,
off,195,b1,blue,top,戰士,cinderfist,,0,2,8,0,16412,36520,600,15.1,,,,0,,,,,,,,,,,,,,,,,,0,,
off,195,b2,blue,jungle,刺客,anye,,0,5,4,0,9943,21062,2303,58,,,,0,,,,,,,,,,,,,,,,,,0,,
off,195,b3,blue,mid,法師,lieyan,,0,6,7,2,25637,22697,1800,45.3,,,,0,,,,,,,,,,,,,,,,,,0,,
off,195,b4,blue,adc,射手,siwang,,0,5,12,2,25810,17987,1500,37.8,,,,0,,,,,,,,,,,,,,,,,,0,,
off,195,b5,blue,sup,輔助,shengming,,0,2,6,3,12817,23354,600,15.1,,,,0,,,,,,,,,,,,,,,,,,0,,
off,195,r1,red,top,戰士,cinderfist,,1,13,1,0,22111,38651,3900,98.3,,,,0,,,,,,,,,,,,,,,,,,0,,
off,195,r2,red,jungle,刺客,anye,,1,6,5,1,14894,21737,3010,75.8,,,,0,,,,,,,,,,,,,,,,,,0,,
off,195,r3,red,mid,法師,lieyan,,1,11,4,3,29555,21312,3300,83.1,,,,0,,,,,,,,,,,,,,,,,,0,,
off,195,r4,red,adc,射手,siwang,,1,6,7,1,27391,17913,1800,45.3,,,,0,,,,,,,,,,,,,,,,,,0,,
off,195,r5,red,sup,輔助,shengming,,1,1,3,5,8169,20014,300,7.6,,,,0,,,,,,,,,,,,,,,,,,0,,
off,196,b1,blue,top,坦克,tieshixin,,0,1,2,0,10335,21780,300,11,,,,0,,,,,,,,,,,,,,,,,,0,,
off,196,b2,blue,jungle,刺客,wuxing,,0,1,0,0,4465,11336,1049,38.3,,,,0,,,,,,,,,,,,,,,,,,0,,
off,196,b3,blue,mid,法師,auralith,,0,5,3,0,17208,14979,1500,54.8,,,,0,,,,,,,,,,,,,,,,,,0,,
off,196,b4,blue,adc,射手,maestro,,0,4,3,1,10255,11027,1200,43.8,,,,0,,,,,,,,,,,,,,,,,,0,,
off,196,b5,blue,sup,輔助,mingyun,,0,0,3,1,3996,12931,0,0,,,,0,,,,,,,,,,,,,,,,,,0,,
off,196,r1,red,top,坦克,tieshixin,,1,5,1,0,12899,20409,1500,54.8,,,,0,,,,,,,,,,,,,,,,,,0,,
off,196,r2,red,jungle,刺客,wuxing,,1,3,3,1,7084,12533,1801,65.7,,,,0,,,,,,,,,,,,,,,,,,0,,
off,196,r3,red,mid,法師,auralith,,1,0,1,0,9952,12486,0,0,,,,0,,,,,,,,,,,,,,,,,,0,,
off,196,r4,red,adc,射手,maestro,,1,1,5,0,9132,10410,300,11,,,,0,,,,,,,,,,,,,,,,,,0,,
off,196,r5,red,sup,輔助,mingyun,,1,2,1,3,5813,14625,600,21.9,,,,0,,,,,,,,,,,,,,,,,,0,,
off,197,b1,blue,top,坦克,bingshouweis,,1,3,2,1,7318,17473,900,35.7,,,,0,,,,,,,,,,,,,,,,,,0,,
off,197,b2,blue,jungle,刺客,razorwing,,1,3,2,2,6258,11652,1477,58.6,,,,0,,,,,,,,,,,,,,,,,,0,,
off,197,b3,blue,mid,法師,xingjie,,1,1,2,1,11855,13376,300,11.9,,,,0,,,,,,,,,,,,,,,,,,0,,
off,197,b4,blue,adc,射手,liuxing,,1,3,3,3,9040,10116,918,36.4,,,,0,,,,,,,,,,,,,,,,,,0,,
off,197,b5,blue,sup,坦克,suishan,,1,2,2,4,5419,14552,600,23.8,,,,0,,,,,,,,,,,,,,,,,,0,,
off,197,r1,red,top,坦克,bingshouweis,,0,1,1,1,6995,18304,300,11.9,,,,0,,,,,,,,,,,,,,,,,,0,,
off,197,r2,red,jungle,刺客,razorwing,,0,5,3,0,8571,11315,2371,94.1,,,,0,,,,,,,,,,,,,,,,,,0,,
off,197,r3,red,mid,法師,xingjie,,0,1,2,3,11041,14385,300,11.9,,,,0,,,,,,,,,,,,,,,,,,0,,
off,197,r4,red,adc,射手,liuxing,,0,1,2,0,12751,9090,300,11.9,,,,0,,,,,,,,,,,,,,,,,,0,,
off,197,r5,red,sup,坦克,suishan,,0,3,4,3,5602,16727,900,35.7,,,,0,,,,,,,,,,,,,,,,,,0,,
off,198,b1,blue,top,坦克,tiebi,,0,1,0,2,6798,16411,300,13.2,,,,0,,,,,,,,,,,,,,,,,,0,,
off,198,b2,blue,jungle,刺客,jingxiang,,0,2,1,0,2898,8208,1285,56.5,,,,0,,,,,,,,,,,,,,,,,,0,,
off,198,b3,blue,mid,法師,auralith,,0,2,2,1,10122,11808,600,26.4,,,,0,,,,,,,,,,,,,,,,,,0,,
off,198,b4,blue,adc,射手,shensheng,,0,2,1,1,8374,7853,600,26.4,,,,0,,,,,,,,,,,,,,,,,,0,,
off,198,b5,blue,sup,坦克,bingshouweis,,0,1,4,0,2877,12969,300,13.2,,,,0,,,,,,,,,,,,,,,,,,0,,
off,198,r1,red,top,坦克,tiebi,,1,0,2,0,4767,15718,0,0,,,,0,,,,,,,,,,,,,,,,,,0,,
off,198,r2,red,jungle,刺客,jingxiang,,1,2,2,1,5551,8958,1519,66.8,,,,0,,,,,,,,,,,,,,,,,,0,,
off,198,r3,red,mid,法師,auralith,,1,0,2,2,13205,10953,0,0,,,,0,,,,,,,,,,,,,,,,,,0,,
off,198,r4,red,adc,射手,shensheng,,1,4,1,1,9426,8260,1200,52.8,,,,0,,,,,,,,,,,,,,,,,,0,,
off,198,r5,red,sup,坦克,bingshouweis,,1,2,1,0,3335,12257,600,26.4,,,,0,,,,,,,,,,,,,,,,,,0,,
off,199,b1,blue,top,坦克,shengdun,,0,0,4,2,7849,21405,0,0,,,,0,,,,,,,,,,,,,,,,,,0,,
off,199,b2,blue,jungle,刺客,guihuo,,0,4,3,1,7188,13920,1732,65.7,,,,0,,,,,,,,,,,,,,,,,,0,,
off,199,b3,blue,mid,法師,xingjie,,0,1,2,2,10928,13211,300,11.4,,,,0,,,,,,,,,,,,,,,,,,0,,
off,199,b4,blue,adc,射手,mori,,0,2,7,1,8409,11159,600,22.8,,,,0,,,,,,,,,,,,,,,,,,0,,
off,199,b5,blue,sup,輔助,shiguang,,0,1,3,1,4839,11630,300,11.4,,,,0,,,,,,,,,,,,,,,,,,0,,
off,199,r1,red,top,坦克,shengdun,,1,8,1,0,11279,20011,2400,91,,,,0,,,,,,,,,,,,,,,,,,0,,
off,199,r2,red,jungle,刺客,guihuo,,1,1,1,3,6298,11379,955,36.2,,,,0,,,,,,,,,,,,,,,,,,0,,
off,199,r3,red,mid,法師,xingjie,,1,6,1,1,14869,13086,1800,68.3,,,,0,,,,,,,,,,,,,,,,,,0,,
off,199,r4,red,adc,射手,mori,,1,4,3,7,12417,10436,1200,45.5,,,,0,,,,,,,,,,,,,,,,,,0,,
off,199,r5,red,sup,輔助,shiguang,,1,0,2,5,7487,11122,0,0,,,,0,,,,,,,,,,,,,,,,,,0,,
off,200,b1,blue,top,坦克,shiqiang,,0,2,4,0,7198,22342,600,22.7,,,,0,,,,,,,,,,,,,,,,,,0,,
off,200,b2,blue,jungle,刺客,jiansheng,,0,3,2,1,9094,13378,1521,57.5,,,,0,,,,,,,,,,,,,,,,,,0,,
off,200,b3,blue,mid,法師,auralith,,0,3,5,2,15624,13709,900,34,,,,0,,,,,,,,,,,,,,,,,,0,,
off,200,b4,blue,adc,射手,leiting,,0,0,2,0,11199,8941,18,0.7,,,,0,,,,,,,,,,,,,,,,,,0,,
off,200,b5,blue,sup,坦克,tixue,,0,1,3,3,6016,15873,318,12,,,,0,,,,,,,,,,,,,,,,,,0,,
off,200,r1,red,top,坦克,shiqiang,,1,7,2,0,11881,20126,2100,79.4,,,,0,,,,,,,,,,,,,,,,,,0,,
off,200,r2,red,jungle,刺客,jiansheng,,1,4,1,2,7024,12078,2122,80.2,,,,0,,,,,,,,,,,,,,,,,,0,,
off,200,r3,red,mid,法師,auralith,,1,2,1,1,13779,12660,600,22.7,,,,0,,,,,,,,,,,,,,,,,,0,,
off,200,r4,red,adc,射手,leiting,,1,1,2,2,9078,9347,300,11.3,,,,0,,,,,,,,,,,,,,,,,,0,,
off,200,r5,red,sup,坦克,tixue,,1,2,3,2,6481,14999,600,22.7,,,,0,,,,,,,,,,,,,,,,,,0,,
standard,1,b1,blue,top,戰士,embercoil,standard,0,1,1,0,15990,29352,11720,463.5,8.64,15.33,23.53,3,1,1,2,3,213,1431,262,269,4063,6961,8912,6253,1461,570,,475,,152,,t3_shieldbreaker|t3_finalstring
standard,1,b2,blue,jungle,戰士,cinderfist,standard,0,1,5,0,9809,19238,10616,419.9,8.2,19.15,24.09,3,1,1,2,3,710,415,444,535,3810,5595,7544,6253,93,,,,1045,152,,t3_shieldbreaker|t3_finalstring
standard,1,b3,blue,mid,法師,auralith,standard,0,0,8,2,19477,16013,9755,385.8,10.55,19.43,,2,0,1,2,2,1390,533,195,354,3650,5683,7745,6253,817,,285,237,,152,,t3_psyward
standard,1,b4,blue,adc,射手,liangzicz,standard,0,10,6,0,32397,13545,14949,591.2,9.36,17.04,20.38,4,1,1,2,4,376,721,1512,1098,3726,5801,10412,6253,867,2850,,237,51,152,,t3_shieldbreaker|t3_rendspear
standard,1,b5,blue,sup,坦克,tixue,standard,0,0,1,1,6487,23251,13010,514.6,7.23,13.12,17.02,4,1,2,3,4,746,131,539,1630,4646,7211,10079,6253,256,,285,475,,152,2657,t3_calmveil|t3_thornmail
standard,1,r1,red,top,戰士,embercoil,standard,1,1,0,2,14399,26790,11189,442.5,8.11,16.94,22.15,3,1,1,2,3,633,638,759,339,3783,6168,8809,6253,950,570,427,190,,418,,t3_shieldbreaker|t3_finalstring
standard,1,r2,red,jungle,戰士,cinderfist,standard,1,4,3,0,13742,22403,12938,511.7,8.12,14.38,21.4,4,1,2,2,4,403,370,892,137,4203,7170,9492,6253,171,1140,,190,1509,228,,t3_shieldbreaker|t3_finalstring
standard,1,r3,red,mid,法師,auralith,standard,1,11,4,0,30703,16406,16443,650.3,8.52,15.01,20.38,4,1,1,2,4,1035,1387,1413,2042,4885,7887,10813,6253,1102,2850,,190,,418,,t3_psyward
standard,1,r4,red,adc,射手,liangzicz,standard,1,5,4,0,19884,10971,13564,536.5,10.55,18.43,23.57,3,0,1,2,3,1424,721,99,1764,3584,5921,8999,6253,760,1140,,427,,418,,t3_shieldbreaker|t3_rendspear
standard,1,r5,red,sup,坦克,tixue,standard,1,0,1,2,7878,20142,12347,488.4,6.98,13.15,19.43,4,1,2,3,4,597,519,450,747,4497,7459,9530,6253,133,,427,427,,418,1870,t3_calmveil|t3_thornmail
standard,2,b1,blue,top,戰士,cinderfist,standard,0,0,3,0,8212,31213,8680,378.1,8.78,17.47,,2,1,1,2,2,576,427,155,449,3726,5607,7735,6253,912,,,475,,95,,t3_shieldbreaker|t3_finalstring
standard,2,b2,blue,jungle,戰士,chichuan,standard,0,2,2,1,8494,21876,10453,455.3,7.82,14.22,21.84,3,1,2,2,3,188,69,863,603,4418,7119,9113,6253,494,1140,,,1130,95,,t3_shieldbreaker|t3_finalstring
standard,2,b3,blue,mid,法師,ronghuo,standard,0,1,6,0,9577,14331,9250,402.9,10.47,20.23,,2,0,1,1,2,1466,381,1235,269,3726,5531,7735,6253,1007,,,475,,0,,t3_psyward
standard,2,b4,blue,adc,射手,leiting,standard,0,5,6,1,16331,10610,12249,533.5,9.42,16.19,22.05,3,1,1,2,3,449,1235,656,1468,3799,6915,9556,6253,832,1140,285,950,,95,,t3_shieldbreaker|t3_rendspear
standard,2,b5,blue,sup,輔助,linghun,standard,0,1,5,0,4814,22129,10679,465.2,5.78,11.44,15.55,4,1,2,3,4,836,519,694,279,5136,7549,9734,6253,402,570,,475,,95,1939,t3_calmveil
standard,2,r1,red,top,戰士,cinderfist,standard,1,6,1,0,13393,22972,13450,585.9,7.32,15.08,20.23,4,1,1,2,4,427,2846,2614,470,4227,8326,11214,6253,646,2850,,760,77,627,,t3_shieldbreaker|t3_finalstring
standard,2,r2,red,jungle,戰士,chichuan,standard,1,2,2,4,13437,14846,11822,514.9,7.85,14.93,20.08,3,1,2,2,3,457,121,1312,471,4207,6871,9862,6253,226,570,665,285,1235,627,,t3_shieldbreaker|t3_finalstring
standard,2,r3,red,mid,法師,ronghuo,standard,1,3,3,1,20356,12363,12022,523.7,11.53,17.91,21.12,3,0,1,2,3,1522,284,348,422,3782,6214,9748,6253,967,1140,95,760,,532,,t3_psyward
standard,2,r4,red,adc,射手,leiting,standard,1,11,2,2,35404,10319,16239,707.3,9.56,16.48,20.26,4,1,1,2,4,373,1016,1587,2388,3723,6696,10487,6253,851,1710,285,760,,627,,t3_shieldbreaker|t3_rendspear
standard,2,r5,red,sup,輔助,linghun,standard,1,0,1,5,5706,13825,12451,542.3,6.18,11.9,16.4,4,1,2,3,4,1470,846,1236,1950,4570,7326,9986,6253,386,,665,285,,627,1769,t3_calmveil
standard,3,b1,blue,top,戰士,leimingcf,standard,1,0,1,2,14289,30484,10306,426.2,8.7,18.08,23.56,3,1,1,2,3,614,427,191,705,3764,5607,8191,6253,950,,285,475,,228,,t3_shieldbreaker|t3_finalstring
standard,3,b2,blue,jungle,戰士,jufeng,standard,1,1,0,1,8280,20854,10755,444.7,8.48,15.52,22.26,3,1,1,2,3,288,1184,310,1205,4038,6614,8560,6253,551,570,,,957,228,,t3_shieldbreaker|t3_finalstring
standard,3,b3,blue,mid,法師,gambler,standard,1,5,5,1,18354,14773,12671,524,10.64,17.03,23.22,3,0,1,2,3,1580,110,237,591,3840,6310,9217,6253,1121,1140,,475,,228,,t3_psyward
standard,3,b4,blue,adc,射手,liangzi,standard,1,11,1,0,25224,10710,15575,644.1,6.58,16.82,19.72,3,1,1,3,3,329,991,205,3775,4809,6671,10205,6253,874,2850,,,,228,,t3_shieldbreaker|t3_rendspear
standard,3,b5,blue,sup,輔助,shiguang,standard,1,1,1,2,5733,17568,13508,558.6,5.61,10.52,14.25,4,1,3,3,4,590,378,2081,2128,5190,8078,11311,6253,418,570,285,1425,,228,2131,t3_calmveil
standard,3,r1,red,top,戰士,leimingcf,standard,0,2,2,0,17519,30998,11446,473.3,8.71,15.43,20.14,3,1,1,2,3,249,1419,959,645,4049,6899,9559,6253,1349,1140,,475,,342,,t3_shieldbreaker|t3_finalstring
standard,3,r2,red,jungle,戰士,jufeng,standard,0,0,2,1,9800,15762,10536,435.7,8.36,16.16,21.99,3,1,1,2,3,291,1164,359,206,4041,6594,8909,6253,380,,285,475,1363,152,,t3_shieldbreaker|t3_finalstring
standard,3,r3,red,mid,法師,gambler,standard,0,1,7,1,15744,15347,10553,436.4,9.88,17.87,,2,1,1,2,2,418,505,93,1152,4268,6405,8723,6253,798,570,285,475,,342,,t3_psyward
standard,3,r4,red,adc,射手,liangzi,standard,0,5,5,0,21135,10528,12567,519.7,10.36,16.9,21.12,3,0,1,2,3,1471,417,127,1186,3631,5797,9027,6253,817,1140,,475,,342,,t3_shieldbreaker|t3_rendspear
standard,3,r5,red,sup,輔助,shiguang,standard,0,0,2,0,8133,17114,10806,446.9,5.85,12.25,16.44,4,1,2,3,4,892,370,203,306,4592,7400,9433,6253,380,,,475,,342,1982,t3_calmveil
standard,4,b1,blue,top,戰士,dadi2,standard,1,0,2,3,9098,29932,11597,448.3,9.59,16.26,22.45,3,1,1,2,3,576,704,1115,566,3726,6234,8565,6253,981,,285,665,,380,,t3_shieldbreaker|t3_finalstring
standard,4,b2,blue,jungle,戰士,langwang,standard,1,2,0,2,10406,15933,12357,477.7,8.88,16.95,24.79,3,1,1,2,3,780,682,408,956,3880,6162,8108,6253,440,,142,190,702,380,,t3_shieldbreaker|t3_finalstring
standard,4,b3,blue,mid,法師,ronghuo,standard,1,7,3,1,29044,14110,16057,620.8,10.58,17.48,21.53,4,0,1,2,4,1541,185,1857,2707,3801,6385,10007,6253,1094,1140,,1140,,380,,t3_psyward
standard,4,b4,blue,adc,射手,shengyan,standard,1,9,5,1,29319,12275,15277,590.6,9.18,16.71,21.09,4,1,1,2,4,595,472,1767,1426,3945,6152,9717,6253,1041,1710,142,190,,380,,t3_shieldbreaker|t3_rendspear
standard,4,b5,blue,sup,坦克,dadi,standard,1,1,1,1,13077,21708,14065,543.7,7.43,12.88,16.86,4,1,2,3,4,479,599,1312,1864,4679,7839,10392,6253,318,570,,190,,380,2680,t3_calmveil|t3_thornmail
standard,4,r1,red,top,戰士,dadi2,standard,0,1,1,2,12404,30584,11138,430.6,9.65,18.03,22.43,3,1,1,2,3,405,362,265,287,3555,5892,8315,6253,798,570,142,475,,76,,t3_shieldbreaker|t3_finalstring
standard,4,r2,red,jungle,戰士,langwang,standard,0,4,4,0,11071,21087,12727,492,8.74,16.52,19.53,3,1,1,3,3,125,1147,253,1327,3925,6627,9853,6253,370,1710,,,1443,76,,t3_shieldbreaker|t3_finalstring
standard,4,r3,red,mid,法師,ronghuo,standard,0,0,5,2,19894,17156,10197,394.2,10.49,19.6,,2,0,1,2,2,1485,110,242,797,3745,5560,7792,6253,940,,285,237,,76,,t3_psyward
standard,4,r4,red,adc,射手,shengyan,standard,0,6,8,2,18570,12227,13114,507,9.38,17.8,22.48,3,1,1,2,3,471,189,230,1313,3821,5569,8780,6253,931,1140,142,237,,76,,t3_shieldbreaker|t3_rendspear
standard,4,r5,red,sup,坦克,dadi,standard,0,0,1,2,11193,27108,13158,508.7,6.46,13.18,16.86,4,1,2,3,4,149,1114,1092,958,4649,7774,11072,6253,418,,285,1425,,76,2615,t3_calmveil|t3_thornmail
standard,5,b1,blue,top,戰士,ronggang,standard,0,0,5,1,12110,30006,10734,413.8,8.29,19.09,23.1,3,1,1,2,3,287,298,383,234,4087,5778,7963,6253,1159,,,475,,76,,t3_shieldbreaker|t3_finalstring
standard,5,b2,blue,jungle,戰士,tielian,standard,0,1,5,0,6620,18688,10126,390.3,8.93,18.25,24.69,3,1,1,2,3,636,99,458,176,3736,5649,7488,6253,304,,,,855,76,,t3_shieldbreaker|t3_finalstring
standard,5,b3,blue,mid,法師,gambler,standard,0,3,6,1,18969,18705,11944,460.4,10.43,20.48,24.45,3,0,1,1,3,1526,185,1174,163,3786,5515,7254,6253,782,,142,,,76,,t3_psyward
standard,5,b4,blue,adc,射手,mirrorshot,standard,0,8,8,0,26110,13486,15389,593.2,9.43,17.58,20.76,4,1,1,2,4,319,303,258,2469,3669,5683,9008,6253,1064,1140,,475,,76,,t3_shieldbreaker|t3_rendspear
standard,5,b5,blue,sup,輔助,mantra,standard,0,0,4,1,9347,21474,10901,420.2,6.64,11.7,17.93,3,1,2,3,3,1265,424,329,1860,4665,6904,8909,6253,528,,142,,,76,1908,t3_calmveil
standard,5,r1,red,top,戰士,ronggang,standard,1,1,1,0,16674,28222,13014,501.7,8.37,16.52,21.35,4,1,1,2,4,158,1229,628,214,4258,6709,8628,6253,1311,,,570,,494,,t3_shieldbreaker|t3_finalstring
standard,5,r2,red,jungle,戰士,tielian,standard,1,9,1,0,19067,18796,17126,660.2,8.43,13.98,16.33,5,1,2,4,5,269,1332,206,1875,4919,9282,12956,6253,209,3990,,95,1915,494,,t3_shieldbreaker|t3_finalstring
standard,5,r3,red,mid,法師,gambler,standard,1,4,1,1,21484,15224,13784,531.3,11.25,18.25,21.9,4,0,1,2,4,1381,458,596,433,3641,6358,9996,6253,1016,1140,285,807,,494,,t3_psyward
standard,5,r4,red,adc,射手,mirrorshot,standard,1,13,8,2,41006,12444,17394,670.5,10.3,17.58,22.13,5,0,1,2,5,1158,328,278,1793,3318,5408,8828,6253,465,1710,,95,,304,,t3_shieldbreaker|t3_rendspear
standard,5,r5,red,sup,輔助,mantra,standard,1,1,1,5,7504,15393,14833,571.8,6.58,11.58,20.23,5,1,2,2,5,491,377,3104,1633,4791,7407,10134,6253,228,,855,332,,494,1971,t3_calmveil
standard,6,b1,blue,top,戰士,jingci,standard,1,0,4,0,14707,25287,8596,387.9,9.12,18.02,,2,1,1,2,2,633,417,431,565,3783,5417,7811,6253,855,,,475,,228,,t3_shieldbreaker|t3_finalstring
standard,6,b2,blue,jungle,戰士,greymantle,standard,1,1,2,0,7407,15641,9495,428.5,7.86,17.18,,2,1,1,2,2,750,616,320,945,3850,6046,8570,6253,171,570,,,1252,323,,t3_shieldbreaker|t3_finalstring
standard,6,b3,blue,mid,法師,ronghuo,standard,1,5,8,1,12968,16086,12101,546.1,8.57,17.5,20.7,3,1,1,2,3,731,1206,1097,321,4581,6956,10177,6253,1273,1710,142,475,,323,,t3_psyward
standard,6,b4,blue,adc,射手,hanbing,standard,1,3,3,0,13535,10187,9777,441.2,10.43,18.26,,2,0,1,2,2,1519,190,332,1026,3679,5990,7852,6253,706,570,,,,323,,t3_shieldbreaker|t3_rendspear
standard,6,b5,blue,sup,輔助,xuemai,standard,1,1,1,3,4999,14844,12767,576.2,5.71,12.44,17.54,4,1,2,4,4,361,389,818,1317,4611,7419,11698,6253,224,570,427,1900,51,323,1948,t3_calmveil
standard,6,r1,red,top,戰士,jingci,standard,0,4,0,1,15213,23227,11487,518.4,9.19,15.59,20.3,3,1,1,2,3,519,501,544,986,3669,5981,9144,6253,1076,1140,142,285,,247,,t3_shieldbreaker|t3_finalstring
standard,6,r2,red,jungle,戰士,greymantle,standard,0,3,0,0,11494,16487,11144,502.9,8.16,13.38,18.95,3,1,2,3,3,206,305,798,393,4436,8255,10348,6253,209,1710,,285,1643,247,,t3_shieldbreaker|t3_finalstring
standard,6,r3,red,mid,法師,ronghuo,standard,0,2,6,0,8118,12955,9919,447.7,11.08,18.66,,2,0,1,2,2,1314,531,212,519,3574,5981,9192,6253,886,1140,,760,,152,,t3_psyward
standard,6,r4,red,adc,射手,hanbing,standard,0,8,3,1,21650,9932,13140,593,8.72,16.07,19.65,3,1,1,3,3,268,1355,241,1339,4268,7035,10721,6253,801,2850,285,285,,247,,t3_shieldbreaker|t3_rendspear
standard,6,r5,red,sup,輔助,xuemai,standard,0,1,1,4,4940,15335,11838,534.2,6.93,11.88,16.05,4,1,2,3,4,311,784,1329,877,4611,7814,10559,6253,484,570,427,760,,247,1817,t3_calmveil
standard,7,b1,blue,top,戰士,longyi,standard,0,0,4,0,14238,27708,9963,389,9.18,18.13,24.69,3,1,1,2,3,386,234,267,32,3536,5284,7697,6253,874,,,380,,190,,t3_shieldbreaker|t3_finalstring
standard,7,b2,blue,jungle,刺客,jingxiang,standard,0,1,6,0,8219,13511,11080,432.7,8.76,15.91,22.33,3,1,1,2,3,671,928,882,199,3871,6558,9012,6253,744,570,,380,874,190,,t3_finalstring
standard,7,b3,blue,mid,法師,haixiao,standard,0,1,8,1,19935,16150,10698,417.7,11.6,18.68,23.63,3,0,1,2,3,1270,305,409,1247,3530,5335,7539,6253,715,,,380,,190,,t3_psyward
standard,7,b4,blue,adc,射手,xuanfeng,standard,0,9,10,1,29932,15852,14475,565.3,9.68,18.26,22,4,1,1,2,4,249,346,260,925,3599,5246,8410,6253,636,1140,,380,,0,,t3_shieldbreaker|t3_rendspear
standard,7,b5,blue,sup,坦克,longji,standard,0,0,5,1,6235,25112,12366,482.9,7.28,13.57,18.73,4,1,2,3,4,322,384,1368,586,4522,6884,10048,6253,259,,285,380,,190,2680,t3_calmveil|t3_thornmail
standard,7,r1,red,top,戰士,longyi,standard,1,10,1,1,21353,28132,17661,689.7,9.39,13.76,19.52,5,1,2,3,5,255,566,258,2311,4885,7716,11108,6253,798,2850,285,522,,399,,t3_shieldbreaker|t3_finalstring
standard,7,r2,red,jungle,刺客,jingxiang,standard,1,4,2,2,14370,16357,13726,536,8.73,12.84,18.25,4,1,2,3,4,249,748,1266,325,4629,7748,11266,6253,329,2280,570,285,1244,304,,t3_finalstring
standard,7,r3,red,mid,法師,haixiao,standard,1,9,5,4,27162,17225,16787,655.5,10.26,17.61,20.27,4,0,1,2,4,1618,287,862,2957,3878,6187,10262,6253,950,1710,427,522,,399,,t3_psyward
standard,7,r4,red,adc,射手,xuanfeng,standard,1,6,3,3,26536,12302,14678,573.2,9.94,17.7,22,4,1,1,2,4,427,443,130,828,3777,6123,9030,6253,905,,712,760,,399,,t3_shieldbreaker|t3_rendspear
standard,7,r5,red,sup,坦克,longji,standard,1,4,0,3,11052,24923,14813,578.5,7.33,11.76,16.24,5,1,2,3,5,690,1389,949,1213,5190,8629,10929,6253,284,1140,285,285,,399,2282,t3_calmveil|t3_thornmail
standard,8,b1,blue,top,戰士,chichuan,standard,1,3,1,0,17437,25922,11759,472.9,9.4,17.58,23.06,3,1,1,2,3,652,533,316,309,3802,6063,8666,6253,1121,570,,190,,532,,t3_shieldbreaker|t3_finalstring
standard,8,b2,blue,jungle,刺客,guihuo,standard,1,2,3,0,10782,13052,11666,469.1,8.77,17.45,23.44,3,1,1,2,3,784,503,512,1485,3984,6133,8892,6253,370,570,,190,975,532,,t3_finalstring
standard,8,b3,blue,mid,法師,leiming,standard,1,5,4,1,19002,15015,14232,572.3,10.64,19.01,21.34,4,0,1,2,4,1561,461,1643,882,3821,5911,9673,6253,1083,1140,,665,,532,,t3_psyward
standard,8,b4,blue,adc,射手,dawnstrike,standard,1,6,3,0,20666,10347,12941,520.4,9.78,18.17,23.38,3,1,1,2,3,291,653,302,1140,3641,6333,8252,6253,655,570,,190,51,532,,t3_shieldbreaker|t3_rendspear
standard,8,b5,blue,sup,坦克,thornwall,standard,1,0,1,5,12231,21320,14581,586.4,7.18,11.96,18.48,4,1,2,3,4,777,688,661,2380,4677,7628,10041,6253,494,,285,665,,532,1811,t3_calmveil|t3_thornmail
standard,8,r1,red,top,戰士,chichuan,standard,0,0,1,0,11443,27203,9777,393.2,9.01,19.52,,2,1,1,2,2,627,257,435,1126,3777,5487,8185,6253,981,,,950,,0,,t3_shieldbreaker|t3_finalstring
standard,8,r2,red,jungle,刺客,guihuo,standard,0,2,3,0,13733,18458,10892,438,8.73,15.79,22.94,3,1,1,2,3,1007,884,350,411,4207,6214,8730,6253,433,570,,,1472,0,,t3_finalstring
standard,8,r3,red,mid,法師,leiming,standard,0,0,3,0,13481,14756,9606,386.3,10.7,22.35,,2,0,1,1,2,1460,542,526,205,3720,5392,7026,6253,772,,,,,0,,t3_psyward
standard,8,r4,red,adc,射手,dawnstrike,standard,0,9,7,0,23036,11710,14641,588.8,9.88,18.23,21.34,4,1,1,2,4,208,872,1003,1420,3558,5952,9553,6253,877,1710,,712,,0,,t3_shieldbreaker|t3_rendspear
standard,8,r5,red,sup,坦克,thornwall,standard,0,1,2,3,8823,24553,12191,490.2,6.63,12.89,18.21,4,1,2,3,4,647,419,1353,590,4547,7359,9953,6253,240,570,285,712,,0,1891,t3_calmveil|t3_thornmail
standard,9,b1,blue,top,戰士,xueyue,standard,0,2,2,0,9598,24522,9809,434.7,7.93,14.88,,2,1,2,2,2,25,141,332,1208,4125,7241,8932,6253,722,1140,,665,,152,,t3_shieldbreaker|t3_finalstring
standard,9,b2,blue,jungle,刺客,jiansheng,standard,0,0,3,1,4719,9816,9047,400.9,9.03,16.47,,2,1,1,2,2,763,637,360,966,3963,6217,8090,6253,294,,285,190,915,152,,t3_finalstring
standard,9,b3,blue,mid,法師,haixiao,standard,0,1,3,0,10721,12610,8726,386.7,10.81,19.23,,2,0,1,2,2,1314,942,356,225,3574,6272,7906,6253,741,570,,190,,152,,t3_psyward
standard,9,b4,blue,adc,射手,yanfeng,standard,0,4,8,0,14960,10658,10825,479.7,8.25,18.01,21.04,3,1,1,2,3,804,545,1186,505,4154,6225,9436,6253,655,1710,,665,,152,,t3_shieldbreaker|t3_rendspear
standard,9,b5,blue,sup,輔助,shengming,standard,0,0,3,1,4691,17660,10054,445.5,6.81,12.12,16.4,3,1,2,3,3,527,457,175,1013,4527,7187,9215,6253,171,,285,190,77,152,2086,t3_calmveil
standard,9,r1,red,top,戰士,xueyue,standard,1,4,0,0,12570,24920,12513,554.5,9.69,17.66,19.04,3,1,1,3,3,652,446,351,1113,3802,5626,10731,6253,848,1710,,1520,,399,,t3_shieldbreaker|t3_finalstring
standard,9,r2,red,jungle,刺客,jiansheng,standard,1,3,1,1,7103,11670,12010,532.2,8.69,13.72,19.46,3,1,2,3,3,1016,754,492,929,4216,7404,10442,6253,285,1710,142,95,1557,399,,t3_finalstring
standard,9,r3,red,mid,法師,haixiao,standard,1,3,3,2,15715,11997,10898,482.9,10.18,19.05,,2,0,1,2,2,1542,249,130,1498,3802,5579,8280,6253,820,570,142,95,,399,,t3_psyward
standard,9,r4,red,adc,射手,yanfeng,standard,1,9,3,2,22542,9775,14610,647.4,7.72,15.18,18.8,3,1,1,3,3,201,1352,1136,2809,4201,7032,11136,6253,969,2850,427,332,,304,,t3_shieldbreaker|t3_rendspear
standard,9,r5,red,sup,輔助,shengming,standard,1,0,0,5,4976,10863,12791,566.8,5.96,12.68,15.14,4,1,2,4,4,263,1092,609,2090,4563,7822,11309,6253,345,,997,807,,399,2506,t3_calmveil
standard,10,b1,blue,top,戰士,langwang,standard,0,2,5,1,8473,26427,10622,474.7,10.11,15.32,20.54,3,0,1,2,3,1505,866,2426,671,3555,5816,9806,6253,703,1140,285,1425,,0,,t3_shieldbreaker|t3_finalstring
standard,10,b2,blue,jungle,刺客,youming,standard,0,0,5,0,5153,11247,8433,376.9,8.88,18.48,,2,1,1,2,2,585,419,358,653,3785,5749,7538,6253,342,,,,942,0,,t3_finalstring
standard,10,b3,blue,mid,法師,leiming,standard,0,3,3,1,16515,15236,10679,477.3,10.74,16.48,20.36,3,0,1,2,3,1466,260,1132,228,3726,5740,9312,6253,1159,1140,285,475,,0,,t3_psyward
standard,10,b4,blue,adc,射手,siwang,standard,0,3,6,0,12470,12834,10506,469.5,8.78,18.35,21.46,3,1,1,2,3,431,510,1049,905,3781,5890,8569,6253,779,570,,950,17,0,,t3_shieldbreaker|t3_rendspear
standard,10,b5,blue,sup,坦克,tiemu,standard,0,0,2,0,6393,19999,9861,440.7,7.66,13.4,18.77,3,1,2,3,3,363,400,283,281,4563,6900,9083,6253,247,,,,,0,2583,t3_calmveil|t3_thornmail
standard,10,r1,red,top,戰士,langwang,standard,1,2,0,2,11218,22144,11833,528.8,9.56,16.04,18.93,3,1,1,3,3,647,1108,406,983,3797,6638,10536,6253,839,1140,427,1330,14,532,,t3_shieldbreaker|t3_finalstring
standard,10,r2,red,jungle,刺客,youming,standard,1,7,0,0,14018,11657,14370,642.2,7.74,12.18,16.87,4,1,2,3,4,411,373,772,1570,6041,8753,11902,6253,538,2850,,380,1348,532,,t3_finalstring
standard,10,r3,red,mid,法師,leiming,standard,1,1,2,2,15821,11842,10610,474.2,10.73,18.02,,2,0,1,2,2,1599,220,762,1209,3859,6120,9262,6253,905,570,570,380,51,532,,t3_psyward
standard,10,r4,red,adc,射手,siwang,standard,1,9,6,0,22214,10319,14355,641.6,8.82,16.48,18.98,4,1,1,3,4,785,1210,1067,1135,4135,6890,12267,6253,1111,3990,,380,,532,,t3_shieldbreaker|t3_rendspear
standard,10,r5,red,sup,坦克,tiemu,standard,1,2,0,3,7267,18202,13426,600.1,7.29,12.6,16.87,4,1,2,3,4,487,281,1953,1226,4687,7521,11933,6253,291,1140,427,855,,532,2433,t3_calmveil|t3_thornmail
standard,11,b1,blue,top,戰士,rongyan,standard,0,1,3,0,10776,29305,11130,457.4,8.77,17.86,22.63,3,1,1,2,3,47,229,606,1179,3897,5759,8406,6253,1127,,,950,,76,,t3_shieldbreaker|t3_finalstring
standard,11,b2,blue,jungle,刺客,yueying,standard,0,0,5,0,8395,14933,9537,391.9,8.41,17.71,,2,1,1,2,2,833,314,415,1407,4033,5944,7895,6253,418,,,,1147,76,,t3_finalstring
standard,11,b3,blue,mid,法師,haixiao,standard,0,5,7,0,17537,16806,12738,523.5,8.18,16.05,20.94,3,1,1,2,3,354,760,973,538,4904,7260,10053,6253,969,2280,,475,,76,,t3_psyward
standard,11,b4,blue,adc,射手,maestro,standard,0,5,6,0,17674,13899,12495,513.5,10.76,16.96,22.21,3,0,1,2,3,1474,834,538,1514,3634,5914,8688,6253,744,1140,,475,,76,,t3_shieldbreaker|t3_rendspear
standard,11,b5,blue,sup,坦克,suishan,standard,0,0,3,0,6720,22609,10898,447.9,7.14,13.62,19.09,3,1,2,3,3,666,441,583,1358,4566,6941,8783,6253,275,,,,,76,2178,t3_calmveil|t3_thornmail
standard,11,r1,red,top,戰士,rongyan,standard,1,3,0,2,12403,23694,12381,508.8,9.29,18.66,22.19,3,1,1,2,3,557,827,276,930,3707,6057,8926,6253,772,570,285,665,,380,,t3_shieldbreaker|t3_finalstring
standard,11,r2,red,jungle,刺客,yueying,standard,1,3,1,1,11866,13681,12563,516.3,8.68,15.62,19.08,3,1,1,3,3,307,1294,678,2082,4207,6924,10378,6253,408,1710,285,190,1151,380,,t3_finalstring
standard,11,r3,red,mid,法師,haixiao,standard,1,5,6,2,21704,14491,13942,572.9,10.48,17.19,23.03,4,0,1,2,4,1466,510,1258,291,3726,7010,9708,6253,1079,570,285,1140,,380,,t3_psyward
standard,11,r4,red,adc,射手,maestro,standard,1,11,4,4,39647,11635,17469,717.9,8.45,15.13,19.92,5,1,1,3,5,610,1709,181,1869,3960,7089,10661,6253,987,2280,570,190,,380,,t3_shieldbreaker|t3_rendspear
standard,11,r5,red,sup,坦克,suishan,standard,1,2,0,3,7641,18012,13474,553.7,6.55,11.47,16.4,4,1,2,3,4,704,1427,1360,1274,4604,8667,11340,6253,208,1140,855,190,,380,2313,t3_calmveil|t3_thornmail
standard,12,b1,blue,top,戰士,embercoil,standard,0,1,3,2,11632,25566,10694,432.4,8.72,16.74,23.68,3,1,1,2,3,709,450,353,613,3859,5930,8353,6253,855,570,142,285,,247,,t3_shieldbreaker|t3_finalstring
standard,12,b2,blue,jungle,刺客,yeiren,standard,0,2,2,0,8557,12254,11346,458.8,9.32,16.64,22.52,3,1,1,2,3,1335,1315,1026,266,4535,6895,9356,6253,342,1140,,285,994,342,,t3_finalstring
standard,12,b3,blue,mid,法師,leiming,standard,0,14,3,0,24225,16487,18183,735.2,11.11,15.36,19.09,5,0,1,3,5,1628,941,215,2032,3888,7441,11545,6253,1149,3420,,285,,437,,t3_psyward
standard,12,b4,blue,adc,射手,liuxing,standard,0,11,7,1,29448,12416,16362,661.5,9.41,16.77,19.98,5,1,1,3,5,386,982,43,762,3736,6662,10823,6253,807,2280,285,760,,437,,t3_shieldbreaker|t3_rendspear
standard,12,b5,blue,sup,輔助,mingyunyindao,standard,0,1,1,4,5516,16860,13072,528.5,6.48,11.41,15.63,4,1,2,3,4,1202,844,1713,1621,5152,7874,10753,6253,228,570,712,760,,437,1792,t3_calmveil
standard,12,r1,red,top,戰士,embercoil,standard,1,5,4,1,16172,29603,14529,587.4,8.55,15.45,19.01,4,1,1,3,4,183,897,77,1228,3983,6377,9977,6253,1206,1710,142,475,,190,,t3_shieldbreaker|t3_finalstring
standard,12,r2,red,jungle,刺客,yeiren,standard,1,2,5,1,7869,12495,11278,456,8.78,16.74,21.69,3,1,1,2,3,955,482,1839,447,4155,6062,9569,6253,133,1140,142,,1900,0,,t3_finalstring
standard,12,r3,red,mid,法師,leiming,standard,1,3,6,0,10249,16833,12439,502.9,11.17,15.77,20.89,3,0,1,2,3,1447,836,1258,238,3707,7336,10338,6253,1235,1710,,950,,190,,t3_psyward
standard,12,r4,red,adc,射手,liuxing,standard,1,6,10,0,19264,11745,12125,490.2,8.53,18.78,22.55,3,1,1,2,3,78,465,65,325,4078,5845,8315,6253,731,1140,,,,190,,t3_shieldbreaker|t3_rendspear
standard,12,r5,red,sup,輔助,mingyunyindao,standard,1,0,4,5,10160,18047,13469,544.6,7.13,12.91,16.87,4,1,2,4,4,468,536,387,2019,4468,6786,11267,6253,266,,570,1425,,190,2562,t3_calmveil
standard,13,b1,blue,top,坦克,ironclad,standard,0,1,0,0,5302,20336,9052,434.1,9.32,15.32,19.5,3,1,1,3,3,700,649,472,901,3650,5949,8622,6253,848,570,,950,,0,,t3_calmveil|t3_thornmail
standard,13,b2,blue,jungle,刺客,sting,standard,0,0,3,1,3532,10376,7917,379.7,9.52,18.21,,2,1,1,2,2,366,349,75,186,3566,5629,7505,6253,266,,95,,890,0,,t3_finalstring
standard,13,b3,blue,mid,法師,mingyun2,standard,0,1,4,0,10675,13213,8366,401.3,9.03,19.72,,2,1,1,2,2,579,501,386,336,4429,6101,7936,6253,1095,570,,,17,0,,t3_psyward
standard,13,b4,blue,adc,射手,shensheng,standard,0,2,4,1,13531,9938,9454,453.4,9.53,18.7,,2,1,1,2,2,224,170,462,704,3574,5370,8612,6253,744,570,95,950,,0,,t3_shieldbreaker|t3_rendspear
standard,13,b5,blue,sup,輔助,mingyun,standard,0,0,4,2,4753,16278,9511,456.1,7.08,11.64,17.27,3,1,2,3,3,301,474,335,470,4601,7024,8795,6253,389,,95,,,0,2057,t3_calmveil
standard,13,r1,red,top,坦克,ironclad,standard,1,1,0,0,8529,17268,9468,454.1,8.64,13.1,,2,1,2,2,2,814,368,1150,2238,3764,6518,8380,6253,834,570,,190,,532,,t3_calmveil|t3_thornmail
standard,13,r2,red,jungle,刺客,sting,standard,1,2,1,0,7595,10614,10618,509.3,8.99,15.34,20.58,3,1,1,2,3,472,1084,1674,188,4322,6664,10004,6253,395,1140,,348,1334,532,,t3_finalstring
standard,13,r3,red,mid,法師,mingyun2,standard,1,2,1,0,9803,9742,10909,523.2,10.61,16.22,,2,0,1,2,2,1552,578,293,1629,3812,7078,9573,6253,919,570,,1298,,532,,t3_psyward
standard,13,r4,red,adc,射手,shensheng,standard,1,9,2,1,23848,9225,14337,687.6,10.11,16.78,18.7,4,0,1,3,4,1395,611,1353,1437,3555,6291,13153,6253,620,4560,285,902,,532,,t3_shieldbreaker|t3_rendspear
standard,13,r5,red,sup,輔助,mingyun,standard,1,1,0,3,5836,12115,11491,551.1,6.45,11.94,17.6,3,1,2,3,3,1183,645,1552,2450,5133,7675,10592,6253,307,570,570,585,,532,1773,t3_calmveil
standard,14,b1,blue,top,坦克,tieshixin,standard,0,1,1,0,6340,22462,9817,414.5,9.17,16.18,21,3,1,1,2,3,662,245,1072,867,3612,5645,8362,6253,646,570,,665,,228,,t3_calmveil|t3_thornmail
standard,14,b2,blue,jungle,刺客,binghe,standard,0,1,3,0,6133,11667,10090,426,9.17,16.79,,2,1,1,2,2,670,860,199,1659,3870,6190,7979,6253,228,,,190,1079,228,,t3_finalstring
standard,14,b3,blue,mid,法師,bingshuang,standard,0,0,4,1,16234,15846,9428,398.1,9.88,18.49,,2,1,1,2,2,313,151,268,447,4163,6351,8118,6253,1162,,285,190,,228,,t3_psyward
standard,14,b4,blue,adc,射手,mori,standard,0,5,2,1,19902,11457,12439,525.2,9.18,17.29,21.55,3,1,1,2,3,462,434,990,1919,3812,6234,8970,6253,921,1140,,427,,228,,t3_shieldbreaker|t3_rendspear
standard,14,b5,blue,sup,坦克,tixue,standard,0,5,0,1,6188,22056,14145,597.2,6.17,10.2,14.13,5,1,3,4,5,1214,1140,858,544,6264,10220,12158,6253,158,2280,285,902,17,228,2033,t3_calmveil|t3_thornmail
standard,14,r1,red,top,坦克,tieshixin,standard,1,1,1,2,10613,24394,12395,523.4,8.08,14.96,20.93,4,1,2,2,4,795,166,3111,144,3745,6576,10401,6253,798,570,285,2090,,405,,t3_calmveil|t3_thornmail
standard,14,r2,red,jungle,刺客,binghe,standard,1,4,2,1,5181,10476,12290,518.9,8.78,15.57,19.9,3,1,1,3,3,636,1459,93,1410,3836,6789,10373,6253,380,1710,95,190,1339,405,,t3_finalstring
standard,14,r3,red,mid,法師,bingshuang,standard,1,1,2,0,17529,14528,9457,399.3,10.35,19.62,,2,0,1,2,2,1561,353,392,56,3821,5683,8242,6253,1026,570,,190,51,152,,t3_psyward
standard,14,r4,red,adc,射手,mori,standard,1,4,4,4,26621,10697,12521,528.7,9.1,16.91,21.55,3,1,1,2,3,338,149,371,721,3688,5949,8951,6253,836,,807,902,,152,,t3_shieldbreaker|t3_rendspear
standard,14,r5,red,sup,坦克,tixue,standard,1,0,3,2,4417,20343,10824,457,7.08,12.95,18.92,3,1,2,3,3,268,346,653,844,4468,7286,9553,6253,304,,237,427,,405,1925,t3_calmveil|t3_thornmail
standard,15,b1,blue,top,坦克,bingshouweis,standard,1,0,2,0,10918,24432,8623,397.2,8.92,15.93,,2,1,1,2,2,700,535,562,1392,3650,5835,7792,6253,874,,,285,,380,,t3_calmveil|t3_thornmail
standard,15,b2,blue,jungle,刺客,shanying,standard,1,1,2,1,3617,10680,10031,462.1,8.47,16.68,21.32,3,1,1,2,3,547,889,585,380,3747,6169,8915,6253,190,570,142,443,935,380,,t3_finalstring
standard,15,b3,blue,mid,法師,mingyun2,standard,1,1,4,0,10076,11679,9145,421.3,11.12,19.76,,2,0,1,2,2,1422,153,784,345,3682,5753,8334,6253,687,570,,443,,380,,t3_psyward
standard,15,b4,blue,adc,射手,leiting,standard,1,7,3,1,17700,7873,12555,578.3,9.9,16.73,18.83,3,1,1,3,3,104,510,1116,2555,3454,6190,11116,6253,584,3420,142,285,51,380,,t3_shieldbreaker|t3_rendspear
standard,15,b5,blue,sup,輔助,linghun,standard,1,1,2,2,4388,13894,12427,572.5,6.86,12.18,14.53,4,1,3,4,4,194,242,717,977,4494,7942,11597,6253,210,570,285,1393,,380,2504,t3_calmveil
standard,15,r1,red,top,坦克,bingshouweis,standard,0,2,0,0,12337,20087,9620,443.2,8.01,14.35,20.83,3,1,2,2,3,871,465,1275,1070,3821,6795,8505,6253,893,570,,712,,76,,t3_calmveil|t3_thornmail
standard,15,r2,red,jungle,刺客,shanying,standard,0,2,4,1,5865,13593,10255,472.4,8.69,15.36,20.34,3,1,1,2,3,221,1459,1277,305,4071,7039,9607,6253,266,1140,285,,1586,76,,t3_finalstring
standard,15,r3,red,mid,法師,mingyun2,standard,0,2,3,1,15048,12864,10266,472.9,9.83,18.08,,2,1,1,2,2,712,238,171,866,4562,6738,9151,6253,1254,570,285,712,,76,,t3_psyward
standard,15,r4,red,adc,射手,leiting,standard,0,7,2,0,15050,8669,12708,585.4,8.28,15.97,20.62,3,1,1,2,3,528,915,2654,1327,4828,6595,11554,6253,855,3420,,950,,76,,t3_shieldbreaker|t3_rendspear
standard,15,r5,red,sup,輔助,linghun,standard,0,0,1,2,5794,12510,9717,447.6,6.85,12.23,17.45,3,1,2,3,3,1524,512,307,1137,4924,7242,8887,6253,266,,285,,,76,2006,t3_calmveil
standard,16,b1,blue,top,坦克,tiebi,standard,0,1,0,0,12118,23321,10751,460.9,8.08,14.08,19.68,3,1,2,3,3,69,524,399,820,3919,6674,9429,6253,1086,570,,1140,,380,,t3_calmveil|t3_thornmail
standard,16,b2,blue,jungle,刺客,dianguang,standard,0,3,1,0,5132,12955,11133,477.3,9.36,14.08,21.61,3,1,2,2,3,594,613,1509,702,3794,7263,9839,6253,449,1710,,190,856,380,,t3_finalstring
standard,16,b3,blue,mid,法師,bingshuang,standard,0,7,2,0,17722,14021,13357,572.6,8.85,17.83,20.64,3,1,1,2,3,440,120,507,877,4290,6620,9907,6253,1216,1710,,348,,380,,t3_psyward
standard,16,b4,blue,adc,射手,liangzi,standard,0,13,5,1,35914,11265,17676,757.8,9.99,15.12,18.1,5,1,1,3,5,433,1624,672,2076,3783,7304,12472,6253,836,3420,285,1298,,380,,t3_shieldbreaker|t3_rendspear
standard,16,b5,blue,sup,輔助,huanjing,standard,0,0,2,2,4654,13806,10938,469,6.68,12.68,16.59,3,1,2,3,3,566,402,729,1898,4566,7432,9769,6253,212,,570,348,51,380,1953,t3_calmveil
standard,16,r1,red,top,坦克,tiebi,standard,1,0,4,1,7256,26310,10673,457.6,8.48,15.69,19.4,3,1,1,3,3,252,321,263,1143,3802,5621,9193,6253,1040,,,1900,,0,,t3_calmveil|t3_thornmail
standard,16,r2,red,jungle,刺客,dianguang,standard,1,2,3,0,8703,12746,10713,459.3,9.01,16.18,21.24,3,1,1,2,3,101,1066,712,362,4551,6646,8792,6253,427,570,,,1288,253,,t3_finalstring
standard,16,r3,red,mid,法師,bingshuang,standard,1,1,7,0,14296,13577,9443,404.8,9.98,19.16,,2,1,1,2,2,332,368,436,363,4182,5968,8286,6253,988,570,,475,,0,,t3_psyward
standard,16,r4,red,adc,射手,liangzi,standard,1,7,7,0,17565,9691,12157,521.2,10.61,18.55,21.82,3,0,1,2,3,1281,531,170,1206,3441,5731,8720,6253,503,1710,,,,253,,t3_shieldbreaker|t3_rendspear
standard,16,r5,red,sup,輔助,huanjing,standard,1,0,3,4,7393,18827,12604,540.4,7.12,12.16,16.48,4,1,2,3,4,506,743,1419,1153,4506,7223,10459,6253,346,,285,1425,,253,1895,t3_calmveil
standard,17,b1,blue,top,坦克,shengdun,standard,0,0,3,0,15131,30458,11978,426.5,7.8,13.45,21.74,3,1,2,2,3,224,322,891,1947,3874,6572,8181,6253,981,,,570,34,342,,t3_calmveil|t3_thornmail
standard,17,b2,blue,jungle,戰士,tielian,standard,0,0,3,0,10587,23577,11354,404.3,8.93,16.77,24.2,3,1,1,2,3,957,1039,158,973,4057,6219,8158,6253,361,,,95,1106,342,,t3_finalstring|t3_shieldbreaker
standard,17,b3,blue,mid,法師,mingyun2,standard,0,4,9,0,22916,19358,13261,472.2,11.37,20.69,26.28,3,0,1,1,3,1561,214,931,1180,3821,5664,7431,6253,931,,,95,,152,,t3_psyward
standard,17,b4,blue,adc,射手,shengyan,standard,0,10,6,2,44290,15706,17143,610.4,10.07,17.05,20.76,5,0,1,2,5,1619,1015,1203,1542,3779,6515,9783,6253,874,1710,,570,34,342,,t3_shieldbreaker|t3_rendspear
standard,17,b5,blue,sup,坦克,dadi,standard,0,0,3,1,12549,31339,13199,470,6.84,11.74,16.79,4,1,2,3,4,246,591,716,998,4696,7831,10096,6253,348,,,570,,342,2582,t3_calmveil|t3_thornmail
standard,17,r1,red,top,坦克,shengdun,standard,1,3,0,1,13525,29393,13194,469.8,8.97,15.9,19.96,4,1,1,3,4,586,570,216,1544,3536,5370,8866,6253,608,570,142,1045,,247,,t3_calmveil|t3_thornmail
standard,17,r2,red,jungle,戰士,tielian,standard,1,6,1,2,18154,20464,15748,560.7,8.63,15.35,21.6,5,1,1,2,5,747,1585,350,447,3847,6765,8950,6253,573,570,285,95,1021,152,,t3_finalstring|t3_shieldbreaker
standard,17,r3,red,mid,法師,mingyun2,standard,1,5,5,2,25641,17502,14002,498.6,11.85,19.83,25.72,4,0,1,2,4,1295,182,304,351,3555,6082,8334,6253,931,570,,332,,247,,t3_psyward
standard,17,r4,red,adc,射手,shengyan,standard,1,10,7,0,41739,14561,17425,620.5,10.91,18.56,22.73,5,0,1,2,5,1424,653,370,1825,3584,5553,8650,6253,1105,,,1045,,247,,t3_shieldbreaker|t3_rendspear
standard,17,r5,red,sup,坦克,dadi,standard,1,0,1,5,11052,27294,13810,491.7,7.24,13.01,18.25,4,1,2,3,4,673,96,416,1609,4573,7036,9496,6253,278,,427,332,,247,1957,t3_calmveil|t3_thornmail
standard,18,b1,blue,top,坦克,shiqiang,standard,1,1,1,0,7921,27169,12099,484.9,9.44,15.61,20.27,4,1,1,2,4,700,540,1329,449,3650,5940,8619,6253,627,570,,522,,646,,t3_calmveil|t3_thornmail
standard,18,b2,blue,jungle,戰士,greymantle,standard,1,0,1,0,11642,20212,10927,437.9,8.9,16.86,24.16,3,1,1,2,3,97,699,276,376,3897,6179,8576,6253,408,,,285,983,646,,t3_finalstring|t3_shieldbreaker
standard,18,b3,blue,mid,法師,bingshuang,standard,1,5,7,3,25409,18336,13708,549.4,9.52,16.83,20.96,3,1,1,2,3,269,360,409,1627,4119,6560,9809,6253,1342,570,855,522,,266,,t3_psyward
standard,18,b4,blue,adc,射手,mirrorshot,standard,1,6,9,0,18371,13268,12603,505.1,10.23,18.2,22.5,3,0,1,2,3,1471,536,287,802,3631,5436,8267,6253,513,1140,,285,,76,,t3_shieldbreaker|t3_rendspear
standard,18,b5,blue,sup,坦克,ironclad,standard,1,0,2,0,10317,22694,10630,426,7.28,12.13,19.38,3,1,2,3,3,222,363,432,649,4722,7303,9032,6253,338,,,285,26,266,1862,t3_calmveil|t3_thornmail
standard,18,r1,red,top,坦克,shiqiang,standard,0,4,0,1,13108,23305,12426,498,8.53,13.71,17.73,4,1,2,3,4,283,160,103,196,4233,6570,10133,6253,804,2280,142,475,26,152,,t3_calmveil|t3_thornmail
standard,18,r2,red,jungle,戰士,greymantle,standard,0,3,1,3,11729,18345,12246,490.8,8.99,16.19,18.88,3,1,1,3,3,821,888,629,1215,3921,6368,10229,6253,465,1710,522,,1126,152,,t3_finalstring|t3_shieldbreaker
standard,18,r3,red,mid,法師,bingshuang,standard,0,4,5,0,16315,15597,11662,467.4,10.13,19.37,23.58,3,0,1,2,3,1555,478,958,332,3815,6228,8508,6253,962,1140,,,,152,,t3_psyward
standard,18,r4,red,adc,射手,mirrorshot,standard,0,8,6,3,36874,13675,14573,584.1,9.67,18.2,21.38,4,1,1,2,4,186,441,646,723,3536,5341,8926,6253,760,570,665,475,51,152,,t3_shieldbreaker|t3_rendspear
standard,18,r5,red,sup,坦克,ironclad,standard,0,1,0,3,11523,21576,12033,482.3,7.28,11.41,17.69,4,1,2,3,4,953,419,1056,732,5453,7659,10256,6253,389,570,665,475,,152,1751,t3_calmveil|t3_thornmail
standard,19,b1,blue,top,坦克,tiemu,standard,0,0,0,0,9775,28668,9375,406.2,8.77,15.08,22.08,3,1,1,2,3,62,621,914,45,3612,5921,8144,6253,703,,,807,,380,,t3_calmveil|t3_thornmail
standard,19,b2,blue,jungle,戰士,chichuan,standard,0,0,1,0,4742,13946,8943,387.4,9.08,17.06,,2,1,1,2,2,588,480,214,993,3688,5910,7864,6253,228,,,95,907,380,,t3_shieldbreaker|t3_finalstring
standard,19,b3,blue,mid,法師,lieyan,standard,0,6,5,0,16739,14018,13014,563.8,11.64,17.47,21.38,3,0,1,2,3,1485,482,1020,1983,3745,6082,10300,6253,1054,2280,,332,,380,,t3_psyward
standard,19,b4,blue,adc,射手,hanbing,standard,0,3,1,0,20017,8702,10924,473.2,9.83,17.72,,2,1,1,2,2,414,554,340,2023,3764,6234,8590,6253,817,570,,570,,380,,t3_shieldbreaker|t3_rendspear
standard,19,b5,blue,sup,輔助,xuemai,standard,0,1,2,1,6223,14069,12147,526.2,6.86,13.03,17.1,4,1,2,3,4,1049,445,1799,1186,4449,6925,11029,6253,161,570,285,1520,,380,1859,t3_calmveil
standard,19,r1,red,top,坦克,tiemu,standard,1,0,0,1,8825,24315,10354,448.6,7.38,15.88,19.11,3,1,1,3,3,243,536,140,424,4093,5836,8990,6253,823,,285,1425,51,152,,t3_calmveil|t3_thornmail
standard,19,r2,red,jungle,戰士,chichuan,standard,1,0,1,0,10357,18433,9807,424.9,9.05,17.16,,2,1,1,2,2,994,658,249,1257,4094,6088,8499,6253,617,,,237,1239,152,,t3_shieldbreaker|t3_finalstring
standard,19,r3,red,mid,法師,lieyan,standard,1,3,4,0,15809,13374,11045,478.5,9.07,18.87,,2,1,1,2,2,497,332,157,1644,4347,6232,8787,6253,1048,570,,712,51,152,,t3_psyward
standard,19,r4,red,adc,射手,hanbing,standard,1,6,4,0,22128,9326,12624,546.9,10.7,17.97,20.02,3,0,1,2,3,1566,132,1410,1724,3726,5512,10310,6253,817,2850,,237,,152,,t3_shieldbreaker|t3_rendspear
standard,19,r5,red,sup,輔助,xuemai,standard,1,0,1,1,3750,14990,12497,541.4,5.82,12.18,16.21,4,1,2,3,4,1249,303,1827,1117,4649,7033,10577,6253,303,,,1187,,152,2680,t3_calmveil
standard,20,b1,blue,top,坦克,longji,standard,0,0,3,2,10158,26375,11941,479.5,9.1,15.97,21.36,4,1,1,2,4,710,1714,806,290,3660,5664,8096,6253,836,,142,712,,152,,t3_calmveil|t3_thornmail
standard,20,b2,blue,jungle,戰士,dadi2,standard,0,1,2,0,11666,18570,10293,413.4,9.61,16.02,23.19,3,1,1,2,3,186,1401,692,692,3986,6581,8392,6253,459,570,,,957,152,,t3_finalstring|t3_shieldbreaker
standard,20,b3,blue,mid,法師,shikong,standard,0,6,5,0,24143,16029,13594,545.9,10.98,18.07,21.59,3,0,1,2,3,1561,363,566,1513,3821,6263,9616,6253,1026,1710,,475,,152,,t3_psyward
standard,20,b4,blue,adc,射手,tianfa,standard,0,7,6,2,25893,13944,14034,563.6,9.49,17.27,21.38,4,1,1,2,4,199,486,381,183,3549,5686,8061,6253,801,570,285,,,152,,t3_shieldbreaker|t3_rendspear
standard,20,b5,blue,sup,坦克,tiemu,standard,0,0,3,6,9546,25969,12720,510.9,6.68,12.47,18.21,4,1,2,3,4,171,404,418,540,4671,7644,10398,6253,373,,712,237,17,152,2651,t3_calmveil|t3_thornmail
standard,20,r1,red,top,坦克,longji,standard,1,0,2,1,10270,25433,10119,406.4,7.95,16.19,21.9,3,1,1,2,3,947,587,1101,868,3897,5987,8391,6253,931,,142,760,,304,,t3_calmveil|t3_thornmail
standard,20,r2,red,jungle,戰士,dadi2,standard,1,2,1,0,10260,17292,11577,464.9,9.4,15.93,21.38,3,1,1,2,3,867,1676,428,547,3967,6676,9028,6253,161,570,,285,1454,304,,t3_finalstring|t3_shieldbreaker
standard,20,r3,red,mid,法師,shikong,standard,1,5,7,0,23751,18445,13898,558.1,8.9,16.58,21.93,3,1,1,2,3,465,1041,1310,1817,4315,7241,10110,6253,1083,1710,,760,,304,,t3_psyward
standard,20,r4,red,adc,射手,tianfa,standard,1,12,3,0,34669,14328,16957,681,8.29,15.88,19.62,5,1,1,3,5,842,814,324,1356,4192,6614,10224,6253,1102,2280,,285,,304,,t3_shieldbreaker|t3_rendspear
standard,20,r5,red,sup,坦克,tiemu,standard,1,0,1,5,7803,22301,11922,478.8,6.95,11.99,17.77,4,1,2,3,4,1172,410,245,622,4772,7650,10225,6253,256,,1282,285,,304,1843,t3_calmveil|t3_thornmail
standard,21,b1,blue,top,坦克,tixue,standard,0,0,4,0,8222,24551,8422,394,8.32,17.59,21.02,3,1,1,2,3,681,465,252,171,3631,5265,7982,6253,779,,,950,,0,,t3_calmveil|t3_thornmail
standard,21,b2,blue,jungle,戰士,fengbao,standard,0,1,3,2,4514,15804,9577,448.1,9.08,15.45,,2,1,1,2,2,186,1384,805,1347,4286,6264,9035,6253,519,570,570,,1122,0,,t3_finalstring|t3_shieldbreaker
standard,21,b3,blue,mid,法師,lieyan,standard,0,2,3,1,10926,13497,9888,462.6,9.17,16.54,,2,1,1,2,2,348,260,269,807,4898,6760,8869,6253,1000,1140,,475,,0,,t3_psyward
standard,21,b4,blue,adc,射手,dawnstrike,standard,0,2,4,1,10106,10264,9596,449,9.48,18.01,,2,1,1,2,2,199,255,180,846,3549,5335,8330,6253,747,570,285,475,,0,,t3_shieldbreaker|t3_rendspear
standard,21,b5,blue,sup,坦克,stoneguard,standard,0,0,2,0,3871,17931,9493,444.1,7.13,13.59,18.12,3,1,2,3,3,916,238,374,512,4516,7318,9054,6253,259,,,475,,0,2065,t3_calmveil|t3_thornmail
standard,21,r1,red,top,坦克,tixue,standard,1,3,0,1,12544,16482,11842,554,6.96,13.75,18.61,3,1,2,3,3,599,127,612,1811,4249,6377,10642,6253,1358,1140,142,1140,,608,,t3_calmveil|t3_thornmail
standard,21,r2,red,jungle,戰士,fengbao,standard,1,1,0,3,6180,10859,10909,510.4,10,16.33,20.12,3,1,1,2,3,251,1268,1577,829,4051,6748,10177,6253,209,570,380,427,1729,608,,t3_finalstring|t3_shieldbreaker
standard,21,r3,red,mid,法師,lieyan,standard,1,7,4,0,19622,11149,13384,626.1,9.13,18.47,19.31,3,1,1,3,3,535,602,494,1303,4385,7102,11044,6253,1000,2280,,902,,608,,t3_psyward
standard,21,r4,red,adc,射手,dawnstrike,standard,1,3,1,6,18738,8637,11948,559,9.63,15.59,19.75,3,1,1,3,3,451,309,228,797,3801,6109,10748,6253,847,1140,1235,665,,608,,t3_shieldbreaker|t3_rendspear
standard,21,r5,red,sup,坦克,stoneguard,standard,1,2,0,2,6074,14601,12397,580,7.44,11.74,16.33,4,1,2,4,4,852,780,167,796,4752,8020,11767,6253,308,1140,237,665,51,608,2503,t3_calmveil|t3_thornmail
standard,22,b1,blue,top,坦克,suishan,standard,0,1,7,0,6444,26156,10498,430.8,9.45,15.22,21.63,3,1,1,2,3,681,554,447,1567,3631,5854,8077,6253,684,570,,570,,0,,t3_calmveil|t3_thornmail
standard,22,b2,blue,jungle,戰士,anliuyouXia,standard,0,0,5,0,4781,20126,9387,385.2,8.39,18.1,,2,1,1,2,2,543,446,485,1206,3643,5576,7715,6253,269,,,95,907,190,,t3_shieldbreaker|t3_finalstring
standard,22,b3,blue,mid,法師,shikong,standard,0,1,6,0,17873,19681,10042,412.1,10.62,18.18,,2,0,1,2,2,1561,372,98,761,3821,5702,8628,6253,1045,570,,570,,190,,t3_psyward
standard,22,b4,blue,adc,射手,yanfeng,standard,0,6,6,0,19368,11455,12189,500.2,7.86,17.4,20.72,3,1,1,2,3,823,307,234,588,4173,5987,9084,6253,836,1710,,95,,190,,t3_shieldbreaker|t3_rendspear
standard,22,b5,blue,sup,輔助,shengming,standard,0,0,3,0,5826,18759,10651,437.1,6.63,12.28,17.48,4,1,2,3,4,159,231,159,250,4459,7261,9199,6253,205,,,570,,190,1980,t3_calmveil
standard,22,r1,red,top,坦克,suishan,standard,1,3,0,1,10613,24426,12021,493.3,9.04,14.56,19.14,4,1,2,3,4,567,375,195,470,3517,6225,9645,6253,684,1140,285,902,,380,,t3_calmveil|t3_thornmail
standard,22,r2,red,jungle,戰士,anliuyouXia,standard,1,9,0,1,17220,15779,15853,650.6,8.6,14.98,17.72,4,1,2,3,4,668,196,1293,2452,3768,8146,12223,6253,361,3420,285,190,1333,380,,t3_shieldbreaker|t3_finalstring
standard,22,r3,red,mid,法師,shikong,standard,1,5,4,0,15643,13936,13937,571.9,11.31,16.67,19.44,4,0,1,3,4,1561,380,225,586,3821,6880,10775,6253,959,2280,,902,,380,,t3_psyward
standard,22,r4,red,adc,射手,yanfeng,standard,1,9,4,4,34759,10308,15504,636.3,7.88,15.77,20.17,4,1,1,2,4,861,1029,1467,1654,4211,6709,10367,6253,836,1710,997,190,,380,,t3_shieldbreaker|t3_rendspear
standard,22,r5,red,sup,輔助,shengming,standard,1,1,0,4,5502,15503,13387,549.4,5.93,13.12,15.88,4,1,2,4,4,1154,799,321,2007,4554,7829,10821,6253,351,570,712,665,,380,1888,t3_calmveil
standard,23,b1,blue,top,坦克,thornwall,standard,1,2,1,0,11590,21070,11225,516.7,7.93,12.6,18.88,3,1,2,3,3,757,117,744,1294,3707,6747,10674,6253,658,1140,,2090,,532,,t3_calmveil|t3_thornmail
standard,23,b2,blue,jungle,戰士,embercoil,standard,1,5,0,0,7093,15499,12073,555.7,6.48,16.97,16.97,3,1,1,3,3,554,3317,738,723,4784,8747,11488,6253,430,2850,,190,1232,532,,t3_shieldbreaker|t3_finalstring
standard,23,b3,blue,mid,法師,lieyan,standard,1,0,4,0,11021,11177,8723,401.5,11.53,20.07,,2,0,1,1,2,1238,258,1159,873,3498,5588,7659,6253,684,,,190,,532,,t3_psyward
standard,23,b4,blue,adc,射手,siwang,standard,1,9,1,3,31138,9078,15069,693.6,8.89,17.44,18.84,4,1,1,3,4,433,773,400,1219,3783,6453,12200,6253,950,2850,712,902,,532,,t3_shieldbreaker|t3_rendspear
standard,23,b5,blue,sup,輔助,mingyun,standard,1,1,2,2,4029,13715,11671,537.2,5.99,11.28,16.97,4,1,2,4,4,571,780,335,290,5171,7810,10835,6253,202,570,142,1377,,532,1756,t3_calmveil
standard,23,r1,red,top,坦克,thornwall,standard,0,2,3,0,8345,23413,10405,478.9,9.11,14.45,18.38,3,1,2,3,3,1337,299,354,874,4287,6149,9284,6253,1035,570,,1425,,0,,t3_calmveil|t3_thornmail
standard,23,r2,red,jungle,戰士,embercoil,standard,0,2,2,0,6534,15213,10460,481.5,9.21,16.34,20.01,3,1,1,2,3,853,1110,1969,310,3953,6540,9799,6253,418,1140,,475,1512,0,,t3_shieldbreaker|t3_finalstring
standard,23,r3,red,mid,法師,lieyan,standard,0,0,2,0,16328,14286,8438,388.4,10.84,19.08,,2,0,1,2,2,1542,40,537,308,3802,5550,7887,6253,1159,,,475,,0,,t3_psyward
standard,23,r4,red,adc,射手,siwang,standard,0,4,6,0,13325,10047,10433,480.2,10.34,18.81,21.65,3,0,1,2,3,1452,422,454,113,3612,5322,8704,6253,836,1140,,475,,0,,t3_shieldbreaker|t3_rendspear
standard,23,r5,red,sup,輔助,mingyun,standard,0,0,4,1,4748,14918,9734,448.1,7.36,12.3,18.12,3,1,2,3,3,1097,252,738,694,4497,6732,8898,6253,237,,,475,,0,1932,t3_calmveil
standard,24,b1,blue,top,坦克,ironclad,standard,1,3,3,0,9066,32596,11220,455.6,6.23,12.93,19.05,3,1,2,3,3,211,117,376,1289,4961,6747,8926,6253,1057,1140,,475,,0,,t3_calmveil|t3_thornmail
standard,24,b2,blue,jungle,戰士,hunpo,standard,1,0,6,0,9339,13953,9857,400.3,10.62,19.67,,2,0,1,2,2,1655,209,310,827,3865,5609,8110,6253,405,,,475,976,0,,t3_psyward
standard,24,b3,blue,mid,法師,shikong,standard,1,4,7,1,17923,16492,11676,474.1,10.17,17.06,22.18,3,0,1,2,3,1479,640,235,425,3739,7140,9315,6253,877,1710,,475,,0,,t3_psyward
standard,24,b4,blue,adc,射手,maestro,standard,1,1,10,0,11489,13254,9098,369.5,9.21,20.56,,2,1,1,1,2,338,384,1118,517,3688,5284,6918,6253,665,,,,,0,,t3_shieldbreaker|t3_rendspear
standard,24,b5,blue,sup,坦克,tixue,standard,1,2,4,1,6574,25792,13662,554.8,6.88,12.31,16.22,4,1,2,3,4,127,783,243,1962,5127,7483,10523,6253,300,1140,,475,,0,2354,t3_calmveil|t3_thornmail
standard,24,r1,red,top,坦克,ironclad,standard,0,4,0,0,13029,22517,13384,543.5,8.85,14.03,18.49,4,1,2,3,4,831,975,1572,1233,3781,7125,10602,6253,798,2280,,760,17,494,,t3_calmveil|t3_thornmail
standard,24,r2,red,jungle,戰士,hunpo,standard,0,5,4,0,12969,10974,13375,543.2,9.53,15.68,21.28,3,1,1,2,3,583,587,951,945,4383,6737,10301,6253,294,1710,,285,1454,304,,t3_psyward
standard,24,r3,red,mid,法師,shikong,standard,0,7,2,1,21791,14811,14294,580.5,11.03,18.49,21.03,4,0,1,2,4,1523,276,1748,464,3783,6776,9778,6253,988,1140,142,760,,494,,t3_psyward
standard,24,r4,red,adc,射手,maestro,standard,0,12,4,1,36533,13765,17186,697.9,8.59,16.48,20.86,5,1,1,2,5,861,713,2056,1585,4211,6513,10636,6253,848,2280,,760,,494,,t3_shieldbreaker|t3_rendspear
standard,24,r5,red,sup,坦克,tixue,standard,0,2,0,3,7534,19928,12966,526.6,6.88,11.84,15.83,4,1,2,3,4,462,962,1141,866,5162,8142,11021,6253,186,1140,427,285,,494,2234,t3_calmveil|t3_thornmail
standard,25,b1,blue,top,坦克,tieshixin,standard,0,3,10,1,20967,63043,17488,428.2,9.08,15.66,19.77,5,1,1,3,5,681,792,284,3938,3631,6092,8834,6253,684,1140,142,190,,424,,t3_calmveil|t3_thornmail
standard,25,b2,blue,jungle,戰士,ravager,standard,0,3,9,1,26808,43945,18164,444.7,9.32,17.4,24.38,5,1,1,2,5,634,481,466,2913,3734,5611,8116,6253,171,,,190,1077,424,,t3_shieldbreaker|t3_finalstring
standard,25,b3,blue,mid,法師,xingjie,standard,0,20,21,2,56359,38117,27492,673.1,10.71,18.69,23.2,5,0,1,2,5,1533,429,1040,11341,3793,5759,8590,6253,1073,,427,665,,171,,t3_psyward
standard,25,b4,blue,adc,射手,liuxing,standard,0,31,18,0,156037,26145,32194,788.3,9.49,16.83,18.89,5,1,1,3,5,424,507,1013,16594,3774,6187,11013,6253,1073,3420,,190,,76,,t3_shieldbreaker|t3_rendspear
standard,25,b5,blue,sup,輔助,mingyunyindao,standard,0,0,6,1,22014,46352,19192,469.9,6.08,12.5,17.39,5,1,2,3,5,1182,407,978,5992,4582,6957,10208,6253,266,,,1140,51,424,2073,t3_calmveil
standard,25,r1,red,top,坦克,tieshixin,standard,1,2,8,1,27553,58657,17748,434.6,8.71,15.96,23.16,5,1,1,2,5,195,567,385,4198,3745,5867,7615,6253,943,,,190,,228,,t3_calmveil|t3_thornmail
standard,25,r2,red,jungle,戰士,ravager,standard,1,13,6,1,44830,44168,24708,605,8.97,15.59,19.77,5,1,1,3,5,957,1347,85,9458,4057,6777,9935,6253,446,1710,,190,1106,228,,t3_shieldbreaker|t3_finalstring
standard,25,r3,red,mid,法師,xingjie,standard,1,19,20,0,66735,37061,27368,670.1,9.99,18.28,22.32,5,1,1,2,5,95,143,530,11218,3945,6643,9930,6253,1168,1140,,1140,,228,,t3_psyward
standard,25,r4,red,adc,射手,liuxing,standard,1,30,18,1,148432,24876,33084,810.1,8.59,16.83,21.23,5,1,1,2,5,509,231,1077,17484,3859,5911,9977,6253,1026,2280,,190,,228,,t3_shieldbreaker|t3_rendspear
standard,25,r5,red,sup,輔助,mingyunyindao,standard,1,0,5,8,21256,35650,20189,494.3,5.93,11.98,17.23,5,1,2,3,5,920,192,158,6989,4620,7222,9388,6253,215,,570,190,,228,1931,t3_calmveil
standard,26,b1,blue,top,坦克,tiankong,standard,0,0,5,0,10216,32718,11303,405.2,9.32,15.17,24.07,3,1,1,2,3,271,621,458,1372,3821,5921,7688,6253,1016,,,190,,228,,t3_calmveil|t3_thornmail
standard,26,b2,blue,jungle,戰士,xueyue,standard,0,1,3,0,17457,23512,11675,418.6,8.01,16.73,23.18,3,1,1,2,3,815,739,465,745,3915,6169,8715,6253,361,570,,190,1112,228,,t3_shieldbreaker|t3_finalstring
standard,26,b3,blue,mid,法師,auralith,standard,0,3,8,1,23380,19413,12810,459.3,11.46,18.02,25.49,3,0,1,2,3,1447,124,162,730,3707,6624,8492,6253,902,,285,823,,228,,t3_psyward
standard,26,b4,blue,adc,射手,guangsu,standard,0,15,6,0,51908,15418,19400,695.5,9.13,17.29,20.67,5,1,1,2,5,414,706,893,3800,3764,6386,9793,6253,779,1710,,823,,228,,t3_shieldbreaker|t3_rendspear
standard,26,b5,blue,sup,輔助,shiguang,standard,0,0,2,1,7021,20570,11796,422.9,5.95,11.79,17.65,4,1,2,3,4,563,43,96,416,4563,7073,8846,6253,171,,,348,,228,1845,t3_calmveil
standard,26,r1,red,top,坦克,tiankong,standard,1,1,2,0,16136,32739,12769,457.8,7.93,17.38,21.63,4,1,1,2,4,852,538,828,1219,3802,5588,8058,6253,931,,,570,,304,,t3_calmveil|t3_thornmail
standard,26,r2,red,jungle,戰士,xueyue,standard,1,5,3,1,18962,26829,15235,546.2,8.3,15.15,21.53,4,1,1,2,4,424,1314,1521,2305,4654,6744,9171,6253,304,570,,95,1645,304,,t3_shieldbreaker|t3_finalstring
standard,26,r3,red,mid,法師,auralith,standard,1,4,6,3,23232,19084,13817,495.4,10.94,18.19,25.09,4,0,1,2,4,1400,262,406,467,3660,5712,8856,6253,969,570,427,332,,304,,t3_psyward
standard,26,r4,red,adc,射手,guangsu,standard,1,13,6,1,41720,15214,18615,667.4,10.02,17.55,21.71,5,0,1,2,5,1633,549,482,3014,3793,5629,8432,6253,829,570,142,332,,304,,t3_shieldbreaker|t3_rendspear
standard,26,r5,red,sup,輔助,shiguang,standard,1,1,2,4,8726,19521,14683,526.4,5.86,12.35,20.41,5,1,2,2,5,468,989,2780,1482,4468,6869,9810,6253,158,,,1045,,304,2049,t3_calmveil
standard,27,b1,blue,top,坦克,tiebi,standard,0,2,1,0,16713,28321,12152,436.7,8.05,14.28,20.13,4,1,2,2,4,776,288,1433,502,3726,6538,8723,6253,893,570,,475,,532,,t3_calmveil|t3_thornmail
standard,27,b2,blue,jungle,戰士,ronggang,standard,0,2,1,2,15008,19769,13333,479.2,8.13,15.56,22.61,4,1,1,2,4,162,1626,1487,32,3962,7106,9487,6253,589,570,142,475,925,532,,t3_finalstring|t3_shieldbreaker
standard,27,b3,blue,mid,法師,xingjie,standard,0,14,4,3,39538,22378,19667,706.8,10.88,16.69,20.43,5,0,1,2,5,1685,356,1271,3516,3945,6586,10671,6253,988,1710,712,475,,532,,t3_psyward
standard,27,b4,blue,adc,射手,mori,standard,0,12,4,4,37289,12936,18916,679.8,10.07,17.48,19.76,4,0,1,3,4,1709,966,255,5066,3869,6766,10775,6253,665,2280,570,475,,532,,t3_shieldbreaker|t3_rendspear
standard,27,b5,blue,sup,坦克,tixue,standard,0,1,0,2,9867,19640,14468,520,8,12.61,16.92,4,1,2,3,4,1590,800,1247,2267,5190,8040,11227,6253,247,570,,950,,532,2674,t3_calmveil|t3_thornmail
standard,27,r1,red,top,坦克,tiebi,standard,1,2,3,0,13471,30541,11866,426.4,8.89,14.38,20.17,4,1,2,2,4,662,288,1395,515,3612,6538,8685,6253,817,1140,,475,,0,,t3_calmveil|t3_thornmail
standard,27,r2,red,jungle,戰士,ronggang,standard,1,1,3,2,15508,27301,12243,440,9.41,14.42,22.18,3,1,2,2,3,985,408,485,1212,4085,7208,9085,6253,380,570,570,,1312,0,,t3_finalstring|t3_shieldbreaker
standard,27,r3,red,mid,法師,xingjie,standard,1,3,13,0,23115,20156,13140,472.3,10.8,17.71,23.36,3,0,1,2,3,1466,1090,346,940,3726,6690,9426,6253,988,1710,,475,,0,,t3_psyward
standard,27,r4,red,adc,射手,mori,standard,1,4,8,0,22561,14480,13064,469.5,10.11,18.31,22.11,4,0,1,2,4,1443,280,790,464,3603,5360,8590,6253,817,570,,950,,0,,t3_shieldbreaker|t3_rendspear
standard,27,r5,red,sup,坦克,tixue,standard,1,0,4,0,7010,30087,11920,428.4,8.21,13.43,19.24,4,1,2,3,4,616,540,14,539,4516,6900,9194,6253,266,,,,,0,2674,t3_calmveil|t3_thornmail
standard,28,b1,blue,top,坦克,xukong,standard,0,0,2,1,11188,24251,9502,415.4,8.74,15.18,21.35,3,1,1,2,3,162,875,341,792,3812,6025,8071,6253,1057,,285,475,,0,,t3_calmveil|t3_thornmail
standard,28,b2,blue,jungle,刺客,yueying,standard,0,1,6,0,4921,10882,9713,424.6,9.2,17.89,,2,1,1,2,2,650,416,373,1582,3850,6046,8503,6253,297,570,,,1381,0,,t3_finalstring
standard,28,b3,blue,mid,法師,auralith,standard,0,0,3,0,12995,13223,8596,375.8,10.66,18.93,,2,0,1,2,2,1447,331,229,416,3707,5531,7659,6253,931,,,475,,0,,t3_psyward
standard,28,b4,blue,adc,射手,leiting,standard,0,2,6,1,10947,12263,9936,434.4,9.95,17.88,22.7,3,1,1,2,3,348,246,298,335,3698,5446,8448,6253,864,570,285,475,,0,,t3_shieldbreaker|t3_rendspear
standard,28,b5,blue,sup,坦克,ironclad,standard,0,0,3,0,3932,20077,10030,438.5,7.36,12.99,19.58,3,1,2,3,3,139,134,413,450,4639,6914,9093,6253,421,,,475,,0,1943,t3_calmveil|t3_thornmail
standard,28,r1,red,top,坦克,xukong,standard,1,4,0,0,13495,20917,13194,576.8,8.74,13.13,18.25,3,1,2,3,3,107,417,213,3164,4657,7127,10243,6253,893,1710,,855,,532,,t3_calmveil|t3_thornmail
standard,28,r2,red,jungle,刺客,yueying,standard,1,5,1,3,7637,8903,14564,636.7,7,15.85,17.89,4,1,1,3,4,912,3789,1608,1764,5292,9119,12488,6253,231,2850,285,380,1956,532,,t3_finalstring
standard,28,r3,red,mid,法師,auralith,standard,1,2,1,4,16187,12532,11621,508,10.21,17.62,22.17,3,0,1,2,3,1621,280,220,590,3881,6180,8850,6253,972,,712,380,,532,,t3_psyward
standard,28,r4,red,adc,射手,leiting,standard,1,5,1,2,16623,10502,12496,546.3,8.8,17.83,22.7,3,1,1,2,3,1065,847,1183,696,4415,6647,9763,6253,745,1710,142,380,,532,,t3_shieldbreaker|t3_rendspear
standard,28,r5,red,sup,坦克,ironclad,standard,1,4,0,6,6705,17484,15148,662.2,6.8,11.89,14.81,5,1,3,4,5,1089,161,616,1548,4989,8761,12216,6253,235,1140,855,855,,532,2344,t3_calmveil|t3_thornmail
standard,29,b1,blue,top,坦克,shiqiang,standard,0,1,3,0,12513,38109,10642,392.7,8.23,13.22,21.43,3,1,2,2,3,246,306,822,711,3796,6456,8052,6253,715,570,,285,,228,,t3_calmveil|t3_thornmail
standard,29,b2,blue,jungle,刺客,leisuhunter,standard,0,5,6,0,10237,16588,13689,505.1,9.18,15.41,18.71,4,1,1,3,4,715,881,143,338,3915,6161,10743,6253,272,2850,,285,855,228,,t3_finalstring
standard,29,b3,blue,mid,法師,xingjie,standard,0,2,8,0,20318,18126,11943,440.7,10.27,18.84,25.2,3,0,1,2,3,1662,552,135,43,3922,6152,7985,6253,981,,,522,,228,,t3_psyward
standard,29,b4,blue,adc,射手,liangzi,standard,0,8,9,0,25144,14451,15015,554.1,9.93,17.61,21.41,4,1,1,2,4,411,684,1283,1164,3761,6364,9233,6253,851,1140,,760,,228,,t3_shieldbreaker|t3_rendspear
standard,29,b5,blue,sup,輔助,huanjing,standard,0,0,5,1,6813,22882,11907,439.4,8.03,12.92,16.03,4,1,2,3,4,317,511,448,457,4617,7541,9488,6253,332,,285,522,,228,1867,t3_calmveil
standard,29,r1,red,top,坦克,shiqiang,standard,1,7,1,0,22027,32853,16680,615.5,8.31,14.1,19.62,5,1,2,3,5,1107,1030,154,3130,4657,6880,8704,6253,1102,570,,475,,304,,t3_calmveil|t3_thornmail
standard,29,r2,red,jungle,刺客,leisuhunter,standard,1,1,4,3,9063,12572,12661,467.2,7.15,15.82,22.29,3,1,1,2,3,309,916,351,1581,4459,6496,8681,6253,190,570,,,1363,304,,t3_finalstring
standard,29,r3,red,mid,法師,xingjie,standard,1,6,3,1,25263,17567,14723,543.3,10.61,18.27,22.24,4,0,1,2,4,1561,404,299,323,3821,5854,8799,6253,1197,570,,475,,304,,t3_psyward
standard,29,r4,red,adc,射手,liangzi,standard,1,17,5,0,53288,14598,20585,759.6,9.47,15.78,19.42,5,1,1,3,5,357,322,1067,4984,3707,5702,12447,6253,1330,4560,,,,304,,t3_shieldbreaker|t3_rendspear
standard,29,r5,red,sup,輔助,huanjing,standard,1,0,3,2,5754,16020,13818,509.9,6.78,12.88,17.74,4,1,2,3,4,1087,323,1268,2368,4487,7353,9728,6253,247,,,950,,304,1973,t3_calmveil
standard,30,b1,blue,top,坦克,tiemu,standard,0,0,2,1,6297,25431,10865,427.8,8.11,16.01,22.46,3,1,1,2,3,171,492,271,1855,3821,5892,8001,6253,912,,285,475,,76,,t3_calmveil|t3_thornmail
standard,30,b2,blue,jungle,刺客,duskblade,standard,0,0,10,0,6561,14000,10266,404.2,9.06,16.54,23.79,3,1,1,2,3,626,485,416,466,3826,5815,8196,6253,199,,,475,1192,76,,t3_finalstring
standard,30,b3,blue,mid,法師,gambler,standard,0,5,7,0,16061,17620,11996,472.3,10.37,16.24,23.87,3,0,1,2,3,2141,219,227,865,4401,6719,9037,6253,997,1710,,,,76,,t3_psyward
standard,30,b4,blue,adc,射手,shengyan,standard,0,6,7,1,26264,13032,13894,547,9.97,18.3,21.69,4,1,1,2,4,234,253,413,1293,3584,5453,7933,6253,779,570,,237,17,76,,t3_shieldbreaker|t3_rendspear
standard,30,b5,blue,sup,坦克,dadi,standard,0,0,1,1,8484,24553,11284,444.3,7.81,12.87,18.77,4,1,2,3,4,218,585,266,84,4668,7085,9066,6253,418,,,237,51,76,2030,t3_calmveil|t3_thornmail
standard,30,r1,red,top,坦克,tiemu,standard,1,2,1,1,9395,24904,13190,519.3,7.94,15.87,19.36,3,1,1,3,3,808,1220,229,3159,3758,6620,9179,6253,1083,570,,855,,418,,t3_calmveil|t3_thornmail
standard,30,r2,red,jungle,刺客,duskblade,standard,1,1,2,0,9646,10787,11628,457.8,9.03,14.6,21.58,3,1,2,2,3,205,285,619,1228,4705,6985,9049,6253,364,570,,380,1254,228,,t3_finalstring
standard,30,r3,red,mid,法師,gambler,standard,1,8,4,0,21485,15253,14935,588,11.39,17.71,22.45,4,0,1,2,4,1469,307,278,1104,3729,6807,9258,6253,1067,1140,,380,,418,,t3_psyward
standard,30,r4,red,adc,射手,shengyan,standard,1,14,4,1,32363,12970,19064,750.5,7.6,13.68,18.11,5,1,2,3,5,1507,339,904,3463,4857,8619,12704,6253,902,3990,285,855,,418,,t3_shieldbreaker|t3_rendspear
standard,30,r5,red,sup,坦克,dadi,standard,1,2,0,4,9127,22107,14776,581.7,7.03,12.33,15.43,5,1,2,4,5,1084,1190,52,1175,4984,8430,11632,6253,421,1140,570,380,,418,2449,t3_calmveil|t3_thornmail
standard,31,b1,blue,top,坦克,dadi,standard,1,1,3,0,13751,27488,11438,482.3,7.24,13.18,19.3,3,1,2,3,3,394,132,444,1408,4344,7422,9094,6253,1358,570,,570,,342,,t3_calmveil|t3_thornmail
standard,31,b2,blue,jungle,刺客,binghe,standard,1,0,4,0,8675,10173,9468,399.2,8.58,16.93,,2,1,1,2,2,763,1203,758,1038,3963,6053,7938,6253,330,,,95,1106,152,,t3_finalstring
standard,31,b3,blue,mid,法師,ronghuo,standard,1,4,5,0,15180,16562,12333,520,10.23,16.61,22.42,3,0,1,2,3,1685,599,378,1022,3945,7099,9778,6253,997,1140,,1045,,342,,t3_psyward
standard,31,b4,blue,adc,射手,mirrorshot,standard,1,6,3,0,21599,13878,13086,551.8,10.03,17.12,21.68,3,0,1,2,3,1493,205,71,1286,3653,5705,7871,6253,611,570,,95,,342,,t3_shieldbreaker|t3_rendspear
standard,31,b5,blue,sup,坦克,thornwall,standard,1,1,3,0,4879,22444,11446,482.6,7.77,12.2,17.29,3,1,2,3,3,730,580,634,1465,5230,7820,10014,6253,159,570,,95,,342,2593,t3_calmveil|t3_thornmail
standard,31,r1,red,top,坦克,dadi,standard,0,2,0,1,12793,22538,11617,489.8,8.8,12.38,18.67,4,1,2,3,4,112,58,844,266,4062,7048,9974,6253,1288,1140,,950,,342,,t3_calmveil|t3_thornmail
standard,31,r2,red,jungle,刺客,binghe,standard,0,3,3,4,7214,10810,13172,555.4,7.69,16.56,22.71,4,1,1,2,4,321,1738,1192,372,4221,7068,9622,6253,368,,1140,,1707,152,,t3_finalstring
standard,31,r3,red,mid,法師,ronghuo,standard,0,3,4,1,17291,15790,11326,477.5,10.75,17.56,23.42,3,0,1,2,3,1526,334,313,775,3786,6234,9293,6253,1083,1140,,475,,342,,t3_psyward
standard,31,r4,red,adc,射手,mirrorshot,standard,0,7,5,2,29890,14510,14014,590.9,9.09,17.05,20.48,4,1,1,2,4,443,784,1179,1114,3793,5864,9759,6253,931,1710,285,237,,342,,t3_shieldbreaker|t3_rendspear
standard,31,r5,red,sup,坦克,thornwall,standard,0,3,0,1,6196,20558,12568,529.9,7.33,13.03,17.85,4,1,2,3,4,133,318,1249,367,4633,7258,11229,6253,432,1710,285,237,,342,1968,t3_calmveil|t3_thornmail
standard,32,b1,blue,top,坦克,tixue,standard,0,1,0,1,4872,18572,9744,467,8.16,15.28,19.68,3,1,1,3,3,347,1070,399,714,3897,6120,9429,6253,1057,570,285,1187,,76,,t3_calmveil|t3_thornmail
standard,32,b2,blue,jungle,刺客,jueying,standard,0,4,4,0,6689,10893,10309,494,8.6,15.9,19.68,3,1,1,3,3,718,1268,245,658,3918,6848,9895,6253,430,2280,,,855,76,,t3_finalstring
standard,32,b3,blue,mid,法師,gambler,standard,0,0,1,0,10004,11623,7849,376.1,11.12,20.15,,2,0,1,1,2,1333,100,1072,298,3593,5550,7572,6253,988,,,237,17,76,,t3_psyward
standard,32,b4,blue,adc,射手,hanbing,standard,0,4,3,2,14865,9804,10200,488.8,7.54,16.29,20.27,3,1,1,2,3,462,1115,1373,200,4942,6795,9923,6253,886,2280,427,,,76,,t3_shieldbreaker|t3_rendspear
standard,32,b5,blue,sup,輔助,xuemai,standard,0,0,2,2,3481,14242,11030,528.6,6.94,11.71,16.38,3,1,2,3,3,301,398,1343,2570,4601,7428,9803,6253,285,,427,950,,76,1811,t3_calmveil
standard,32,r1,red,top,坦克,tixue,standard,1,4,0,0,8560,20664,12477,598,8.93,13.3,18.02,4,1,2,3,4,1441,277,2175,327,4391,7507,12105,6253,912,2280,,2185,,475,,t3_calmveil|t3_thornmail
standard,32,r2,red,jungle,刺客,jueying,standard,1,2,2,4,6483,9543,10956,525,8.91,16.23,20.22,3,1,1,2,3,1032,1306,2254,355,4232,6886,10584,6253,199,1140,855,285,1375,475,,t3_finalstring
standard,32,r3,red,mid,法師,gambler,standard,1,2,3,0,7618,10894,9827,470.9,10.87,17.39,,2,0,1,2,2,1447,409,385,1026,3707,6909,8885,6253,921,570,,760,,380,,t3_psyward
standard,32,r4,red,adc,射手,hanbing,standard,1,2,2,1,9930,7505,9051,433.8,10.43,19.18,,2,0,1,2,2,1227,388,1109,1100,3387,5468,8109,6253,383,570,142,285,,475,,t3_shieldbreaker|t3_rendspear
standard,32,r5,red,sup,輔助,xuemai,standard,1,0,2,2,6043,14906,10093,483.7,6.93,12.08,16.6,3,1,2,3,3,936,221,976,1052,4636,7251,9436,6253,357,,142,285,,475,1922,t3_calmveil
standard,33,b1,blue,top,坦克,stoneguard,standard,0,0,2,0,11090,25179,9553,405.6,9.45,16.42,20.38,3,1,1,2,3,738,329,580,802,3688,5379,8210,6253,836,,,950,,171,,t3_calmveil|t3_thornmail
standard,33,b2,blue,jungle,刺客,anye,standard,0,0,4,0,5919,11669,9347,396.9,8.98,17.05,,2,1,1,2,2,838,479,506,1266,4038,6059,7936,6253,494,,,,1112,76,,t3_finalstring
standard,33,b3,blue,mid,法師,ronghuo,standard,0,0,3,0,15725,15552,9686,411.3,10.43,17.68,,2,0,1,2,2,1523,495,128,805,3783,5645,8438,6253,1064,,,950,,171,,t3_psyward
standard,33,b4,blue,adc,射手,tianfa,standard,0,4,6,0,14781,12972,11006,467.4,10.01,19.48,22.61,3,0,1,2,3,1509,474,791,1106,3669,5674,8011,6253,779,570,,237,,171,,t3_shieldbreaker|t3_rendspear
standard,33,b5,blue,sup,輔助,fengshen,standard,0,0,3,0,5916,19009,11447,486.1,7.2,11.98,17.65,4,1,2,3,4,918,72,589,747,4618,7102,8869,6253,361,,,237,17,171,1829,t3_calmveil
standard,33,r1,red,top,坦克,stoneguard,standard,1,5,0,0,13017,23383,12954,550.1,8.73,11.85,18.69,4,1,2,3,4,567,292,1845,1403,3517,7222,10395,6253,532,1710,,1520,,380,,t3_calmveil|t3_thornmail
standard,33,r2,red,jungle,刺客,anye,standard,1,2,0,2,13320,12726,11429,485.3,8.94,16.33,21.79,3,1,1,2,3,781,870,712,999,3981,6450,9042,6253,171,570,95,95,1477,380,,t3_finalstring
standard,33,r3,red,mid,法師,ronghuo,standard,1,1,0,1,15780,14477,10978,466.1,9.51,17.21,,2,1,1,2,2,503,194,218,1577,4353,6424,9198,6253,950,570,,1045,,380,,t3_psyward
standard,33,r4,red,adc,射手,tianfa,standard,1,9,4,3,18368,10993,14977,636,9.19,15.14,18.93,4,1,1,3,4,785,1856,1559,1127,4135,7536,12039,6253,655,3420,522,807,,380,,t3_shieldbreaker|t3_rendspear
standard,33,r5,red,sup,輔助,fengshen,standard,1,1,0,4,7307,13248,12094,513.5,5.78,12.43,15.89,4,1,2,3,4,1154,605,742,643,4554,7635,9782,6253,351,,522,332,,380,1942,t3_calmveil
standard,34,b1,blue,top,坦克,thornwall,standard,1,2,0,0,13933,23998,11043,467.3,9.31,15.29,19.59,3,1,1,3,3,795,942,295,1013,3745,6342,8945,6253,981,570,,760,,380,,t3_calmveil|t3_thornmail
standard,34,b2,blue,jungle,刺客,wuxing,standard,1,5,4,2,10308,12749,13435,568.5,8.63,14.43,19.67,4,1,2,3,4,138,716,273,635,4038,7416,10673,6253,592,1710,285,443,1008,380,,t3_finalstring
standard,34,b3,blue,mid,法師,gambler,standard,1,0,3,0,13182,13823,9111,385.5,11.38,20.38,,2,0,1,1,2,1257,473,1184,780,3517,5803,7684,6253,608,,,443,,380,,t3_psyward
standard,34,b4,blue,adc,射手,dawnstrike,standard,1,9,3,1,24122,12188,15368,650.3,8.05,14.77,18.01,4,1,2,3,4,86,258,1331,1518,4866,8058,11231,6253,703,2850,285,760,,380,,t3_shieldbreaker|t3_rendspear
standard,34,b5,blue,sup,坦克,suishan,standard,1,0,2,2,8521,22513,11646,492.8,8.02,13.63,17.34,3,1,2,3,3,199,468,316,1665,4649,7708,10296,6253,345,,285,443,,380,2588,t3_calmveil|t3_thornmail
standard,34,r1,red,top,坦克,thornwall,standard,0,2,0,1,17113,24269,11486,486,7.95,15.33,19.94,3,1,1,3,3,931,742,95,1455,3881,6142,8745,6253,1181,,285,950,,76,,t3_calmveil|t3_thornmail
standard,34,r2,red,jungle,刺客,wuxing,standard,0,2,4,1,13539,12814,10438,441.7,6.78,17.32,22.04,3,1,1,2,3,697,1068,510,37,4597,6398,8940,6253,387,1140,,,1083,76,,t3_finalstring
standard,34,r3,red,mid,法師,gambler,standard,0,3,4,0,16833,14142,10552,446.5,10.72,18.07,23.63,3,0,1,2,3,1542,406,531,201,3802,6006,8381,6253,912,1140,,,,76,,t3_psyward
standard,34,r4,red,adc,射手,dawnstrike,standard,0,4,6,0,14395,12420,11058,467.9,10.17,18.76,22.33,3,0,1,2,3,1411,353,88,208,3571,5433,8188,6253,813,570,,475,,76,,t3_shieldbreaker|t3_rendspear
standard,34,r5,red,sup,坦克,suishan,standard,0,1,2,1,6507,22363,11678,494.1,6.64,12.77,16.48,4,1,2,3,4,754,1115,335,377,4954,8355,10315,6253,353,570,285,475,,76,2302,t3_calmveil|t3_thornmail
standard,35,b1,blue,top,戰士,ravager,standard,0,0,1,0,7868,20511,8212,397.7,8.64,17.03,,2,1,1,2,2,173,260,279,332,3973,5740,7859,6253,1054,,,475,,76,,t3_shieldbreaker|t3_finalstring
standard,35,b2,blue,jungle,刺客,voidrift,standard,0,0,5,1,5351,10192,8124,393.4,9.21,18.82,,2,1,1,2,2,735,423,786,43,3935,5653,7916,6253,446,,285,,855,76,,t3_finalstring
standard,35,b3,blue,mid,法師,ronghuo,standard,0,3,2,0,10289,12069,10174,492.7,10.49,16.68,,2,0,1,2,2,1723,95,1182,1094,3983,5845,9782,6253,1268,1710,,475,,76,,t3_psyward
standard,35,b4,blue,adc,射手,yanfeng,standard,0,3,6,1,11324,9530,9368,453.7,8.94,17.38,,2,1,1,2,2,918,374,1270,818,4268,6054,8590,6253,836,1140,285,,,76,,t3_shieldbreaker|t3_rendspear
standard,35,b5,blue,sup,輔助,shengming,standard,0,0,1,1,3646,13574,10191,493.5,6.12,12.58,16.08,3,1,2,3,3,544,208,816,1150,4544,6938,9856,6253,232,,285,475,,76,2534,t3_calmveil
standard,35,r1,red,top,戰士,ravager,standard,1,6,1,0,11343,18026,12459,603.3,10.38,14.56,19.28,3,0,2,3,3,1613,234,1656,1058,3663,7634,12156,6253,829,3420,,1235,,418,,t3_shieldbreaker|t3_finalstring
standard,35,r2,red,jungle,刺客,voidrift,standard,1,2,0,0,5191,9063,10169,492.4,8.41,14.36,19.56,3,1,2,3,3,214,358,216,518,4064,7008,9866,6253,269,1140,,285,1500,418,,t3_finalstring
standard,35,r3,red,mid,法師,ronghuo,standard,1,1,2,1,8156,11899,8608,416.9,11.4,19.44,,2,0,1,2,2,1409,418,275,158,3669,6348,8305,6253,684,570,285,285,,228,,t3_psyward
standard,35,r4,red,adc,射手,yanfeng,standard,1,6,3,0,14360,8614,11696,566.4,10.87,15.83,,2,0,1,2,2,1177,1153,878,2795,3337,6833,9778,6253,541,2280,,285,,418,,t3_shieldbreaker|t3_rendspear
standard,35,r5,red,sup,輔助,shengming,standard,1,0,0,1,3655,10961,11154,540.1,6.33,12.58,18.02,3,1,2,3,3,819,781,386,2113,4519,7331,9426,6253,183,,285,285,,418,2000,t3_calmveil
standard,36,b1,blue,top,戰士,dadi2,standard,1,0,3,0,11657,34654,10572,411.3,9.09,18.38,23.73,3,1,1,2,3,491,566,275,671,3641,5446,7555,6253,674,,,475,,152,,t3_shieldbreaker|t3_finalstring
standard,36,b2,blue,jungle,刺客,jingxiang,standard,1,0,7,0,4482,13420,9826,382.3,9.23,18.07,,2,1,1,2,2,685,273,468,1745,3885,5853,7718,6253,437,,,,875,152,,t3_finalstring
standard,36,b3,blue,mid,法師,haixiao,standard,1,5,8,0,25238,17913,12956,504.1,10,18.48,22.49,3,1,1,2,3,142,123,816,756,3992,5873,8666,6253,1216,570,,475,,152,,t3_psyward
standard,36,b4,blue,adc,射手,siwang,standard,1,6,7,1,23473,12158,12845,499.8,8.88,18.39,22.51,3,1,1,2,3,417,405,399,1245,3767,6085,7719,6253,744,570,,,,152,,t3_shieldbreaker|t3_rendspear
standard,36,b5,blue,sup,輔助,mingyun,standard,1,1,5,0,5992,21984,12957,504.2,6.58,13.21,16.35,4,1,2,3,4,570,364,569,1507,4570,6844,9029,6253,234,,,475,,152,1914,t3_calmveil
standard,36,r1,red,top,戰士,dadi2,standard,0,7,0,0,20778,34254,14356,558.6,9.07,14.5,19.21,4,1,2,3,4,608,439,264,905,3758,7539,11244,6253,1000,2850,,760,,380,,t3_shieldbreaker|t3_finalstring
standard,36,r2,red,jungle,刺客,jingxiang,standard,0,3,1,2,8160,12753,12644,492,9.1,16.58,21.93,3,1,1,2,3,802,690,1626,1564,4002,6270,9356,6253,281,570,427,285,1158,380,,t3_finalstring
standard,36,r3,red,mid,法師,haixiao,standard,0,15,2,2,36336,17289,20314,790.4,10.61,15.53,17.99,5,0,1,3,5,1561,1045,2761,4163,3821,7545,13611,6253,1135,4560,285,997,,380,,t3_psyward
standard,36,r4,red,adc,射手,siwang,standard,0,4,6,2,18702,12085,12608,490.6,10.21,18.48,23.59,3,0,1,2,3,1436,320,1166,1227,3596,6000,8166,6253,725,,285,522,,380,,t3_shieldbreaker|t3_rendspear
standard,36,r5,red,sup,輔助,mingyun,standard,0,1,3,2,5016,16460,13381,520.7,7.14,11.62,15.45,4,1,2,3,4,206,794,1919,1931,4506,7344,10959,6253,277,570,427,760,,380,2291,t3_calmveil
standard,37,b1,blue,top,戰士,ronggang,standard,0,2,4,1,13271,29373,11369,442.2,9.72,16.73,22.46,3,1,1,2,3,98,311,538,519,3948,5841,7988,6253,1108,,,475,,152,,t3_shieldbreaker|t3_finalstring
standard,37,b2,blue,jungle,刺客,guihuo,standard,0,2,4,0,6567,14031,10861,422.5,8.8,16.18,22.46,3,1,1,2,3,565,697,285,1060,3765,6327,8065,6253,351,570,,,738,152,,t3_finalstring
standard,37,b3,blue,mid,法師,leiming,standard,0,6,8,2,20271,19012,13773,535.7,10.01,18.04,22.99,3,0,1,2,3,1624,445,162,1572,3884,6345,8492,6253,899,570,142,475,,152,,t3_psyward
standard,37,b4,blue,adc,射手,maestro,standard,0,1,4,2,14824,9845,10258,399,9.23,18.43,25.37,3,1,1,2,3,427,822,944,237,3777,6022,8264,6253,861,570,427,,,152,,t3_shieldbreaker|t3_rendspear
standard,37,b5,blue,sup,坦克,suishan,standard,0,0,1,0,10038,24925,10716,416.8,7.39,13.43,19.77,3,1,2,3,3,973,307,180,736,4573,6967,8780,6253,313,,,,,152,2061,t3_calmveil|t3_thornmail
standard,37,r1,red,top,戰士,ronggang,standard,1,0,0,0,15298,24589,10183,396.1,9.91,18.62,24.36,3,1,1,2,3,422,375,245,232,3572,5605,7695,6253,741,,,285,17,399,,t3_shieldbreaker|t3_finalstring
standard,37,r2,red,jungle,刺客,guihuo,standard,1,4,2,0,8750,12927,13004,505.8,9.38,17.16,22.57,4,1,1,2,4,526,193,764,503,3726,5823,9144,6253,183,1140,,285,883,399,,t3_finalstring
standard,37,r3,red,mid,法師,leiming,standard,1,3,2,2,18393,14629,13377,520.3,10.79,16.73,22.99,3,0,1,2,3,1428,152,237,1946,3688,6652,9217,6253,950,570,285,760,,399,,t3_psyward
standard,37,r4,red,adc,射手,maestro,standard,1,12,6,0,36857,12080,17205,669.2,10,15.96,18.81,5,1,1,3,5,329,1115,1103,1605,3679,6795,11583,6253,750,3990,,285,,304,,t3_shieldbreaker|t3_rendspear
standard,37,r5,red,sup,坦克,suishan,standard,1,2,1,3,7974,19969,14280,555.5,7.36,13.15,17.15,4,1,2,3,4,884,934,711,2080,4484,7714,10691,6253,148,570,570,285,,399,2464,t3_calmveil|t3_thornmail
standard,38,b1,blue,top,戰士,jingci,standard,1,0,1,0,6896,21721,8095,392,9.42,17.8,,2,1,1,2,2,367,495,247,295,3517,6025,7697,6253,646,,,570,,228,,t3_shieldbreaker|t3_finalstring
standard,38,b2,blue,jungle,戰士,fengbao,standard,1,2,3,0,7457,12463,9546,462.3,8.88,16.96,,2,1,1,2,2,52,831,1345,945,4332,6311,9045,6253,218,1140,,332,873,228,,t3_shieldbreaker|t3_finalstring
standard,38,b3,blue,mid,法師,haixiao,standard,1,1,1,1,12004,11507,9397,455,11.13,16.66,,2,0,1,2,2,1295,353,499,416,3555,6253,8999,6253,855,570,285,807,,228,,t3_psyward
standard,38,b4,blue,adc,射手,liuxing,standard,1,5,5,0,13451,10189,10527,509.8,9.47,16.66,,2,1,1,2,2,243,402,671,1677,3593,6082,9521,6253,665,2280,,95,,228,,t3_shieldbreaker|t3_rendspear
standard,38,b5,blue,sup,坦克,tieshixin,standard,1,0,3,0,4061,17380,10418,504.5,6.86,13.1,17.03,3,1,2,3,3,54,301,520,917,4554,7081,10020,6253,123,,,1045,,228,2370,t3_calmveil|t3_thornmail
standard,38,r1,red,top,戰士,jingci,standard,0,3,0,1,10091,18781,10451,506.1,10.28,16.43,19.74,3,0,1,3,3,2189,1787,308,321,4239,7317,9958,6253,1444,1710,,190,,361,,t3_shieldbreaker|t3_finalstring
standard,38,r2,red,jungle,戰士,fengbao,standard,0,4,0,0,10740,12936,11368,550.5,6.49,14.48,19.34,3,1,2,3,3,477,232,146,388,4577,7332,11126,6253,313,2280,,190,1728,361,,t3_shieldbreaker|t3_finalstring
standard,38,r3,red,mid,法師,haixiao,standard,0,2,3,2,13748,11529,9558,462.9,9.12,17.81,,2,1,1,2,2,503,270,450,1228,4353,6500,8780,6253,1026,570,427,427,,76,,t3_psyward
standard,38,r4,red,adc,射手,liuxing,standard,0,4,4,0,18734,8702,10493,508.1,9.78,16.96,,2,1,1,2,2,72,472,815,1592,4072,6152,9715,6253,674,1710,,665,51,361,,t3_shieldbreaker|t3_rendspear
standard,38,r5,red,sup,坦克,tieshixin,standard,0,0,1,3,4542,15000,10571,511.9,7.78,13.07,17.38,3,1,2,3,3,578,715,983,1190,4478,7375,10363,6253,152,,712,427,,361,2456,t3_calmveil|t3_thornmail
standard,39,b1,blue,top,戰士,longyi,standard,0,1,6,0,10971,30132,10556,428.9,10.42,16.22,22.25,3,0,1,2,3,1999,868,702,655,4049,6348,8932,6253,1159,570,,950,,0,,t3_shieldbreaker|t3_finalstring
standard,39,b2,blue,jungle,戰士,ronggang,standard,0,0,7,1,7477,18306,9891,401.9,8.6,17.71,,2,1,1,2,2,673,660,480,1711,3773,6090,8180,6253,494,,285,,1147,0,,t3_shieldbreaker|t3_finalstring
standard,39,b3,blue,mid,法師,leiming,standard,0,1,8,0,12811,15081,10144,412.2,9.13,17.92,,2,1,1,2,2,503,408,313,1063,4353,6158,8343,6253,1045,570,,475,,0,,t3_psyward
standard,39,b4,blue,adc,射手,guangsu,standard,0,2,8,0,14003,12027,9767,396.9,9.56,21.18,,2,1,1,1,2,246,368,1222,867,3596,5268,6902,6253,649,,,,,0,,t3_shieldbreaker|t3_rendspear
standard,39,b5,blue,sup,輔助,shiguang,standard,0,0,4,0,7362,19822,12347,501.8,6.88,12.5,16.63,4,1,2,3,4,554,199,738,1947,4554,6929,9198,6253,338,,,475,51,0,2079,t3_calmveil
standard,39,r1,red,top,戰士,longyi,standard,1,11,0,0,22163,27615,17332,704.3,7.71,14.13,18.47,5,1,2,3,5,181,314,891,2032,4461,8014,11871,6253,1057,3420,,760,,380,,t3_shieldbreaker|t3_finalstring
standard,39,r2,red,jungle,戰士,ronggang,standard,1,4,2,2,12355,16516,13521,549.5,9.13,13.45,18.67,4,1,2,3,4,541,1162,633,771,4291,7912,10663,6253,259,1140,570,285,1774,380,,t3_shieldbreaker|t3_finalstring
standard,39,r3,red,mid,法師,leiming,standard,1,7,1,0,14898,14216,14675,596.4,10.49,15.65,20.7,4,0,1,2,4,1552,576,1385,445,3812,6776,10785,6253,1111,2280,,760,,380,,t3_psyward
standard,39,r4,red,adc,射手,guangsu,standard,1,10,1,2,35156,9897,16085,653.6,9.96,17.45,20.73,4,1,1,2,4,417,534,3142,2234,3767,5914,10142,6253,706,2280,,522,,380,,t3_shieldbreaker|t3_rendspear
standard,39,r5,red,sup,輔助,shiguang,standard,1,1,0,4,6047,14898,12489,507.5,6.59,12.8,15.78,4,1,2,3,4,806,571,1211,1108,4506,7601,10441,6253,171,570,570,522,,380,1974,t3_calmveil
standard,40,b1,blue,top,戰士,chichuan,standard,0,1,2,0,13368,28386,9805,415,8.26,16.95,23.59,3,1,1,2,3,823,267,259,154,3973,5797,8609,6253,1121,570,,475,,190,,t3_shieldbreaker|t3_finalstring
standard,40,b2,blue,jungle,戰士,kuangfeng,standard,0,1,1,0,6378,17686,9913,419.6,9.3,16.12,23.03,3,1,1,2,3,581,917,579,312,3681,6397,8459,6253,418,570,,,1028,190,,t3_shieldbreaker|t3_finalstring
standard,40,b3,blue,mid,法師,haixiao,standard,0,3,5,1,14452,15843,11591,490.6,10.28,18.5,,2,0,1,2,2,1523,315,556,2190,3783,6215,8106,6253,1045,570,142,,,95,,t3_psyward
standard,40,b4,blue,adc,射手,mori,standard,0,3,4,0,14212,10513,10270,434.7,9.34,19.13,23,3,1,1,2,3,348,37,377,250,3698,5417,7697,6253,779,570,,,,95,,t3_shieldbreaker|t3_rendspear
standard,40,b5,blue,sup,坦克,tixue,standard,0,0,3,1,8818,22583,11053,467.9,7.63,13.16,17.84,3,1,2,3,3,673,272,395,673,4573,7052,9895,6253,361,,142,475,,190,2473,t3_calmveil|t3_thornmail
standard,40,r1,red,top,戰士,chichuan,standard,1,2,0,0,12097,21412,11641,492.8,9.37,17.86,21.47,3,1,1,2,3,513,299,196,1391,3663,5829,8546,6253,753,570,,475,,494,,t3_shieldbreaker|t3_finalstring
standard,40,r2,red,jungle,戰士,kuangfeng,standard,1,2,0,0,9200,13933,12436,526.4,9.83,17.06,19.35,3,1,1,3,3,79,2751,605,1035,4179,7451,10685,6253,427,1140,,475,1895,494,,t3_shieldbreaker|t3_finalstring
standard,40,r3,red,mid,法師,haixiao,standard,1,4,2,2,27701,14086,12775,540.7,10.36,17.05,21.59,3,0,1,2,3,1536,402,388,1925,3796,6152,8888,6253,1095,570,,475,,494,,t3_psyward
standard,40,r4,red,adc,射手,mori,standard,1,6,6,1,19775,10972,12990,549.9,8.93,18.07,20.38,3,1,1,2,3,398,345,230,1190,3748,6025,8780,6253,892,570,285,475,,304,,t3_shieldbreaker|t3_rendspear
standard,40,r5,red,sup,坦克,tixue,standard,1,1,0,0,8522,18238,12191,516,6.93,13.65,17.77,4,1,2,3,4,430,186,634,891,4630,7426,10014,6253,326,,,475,,494,2465,t3_calmveil|t3_thornmail
standard,41,b1,blue,top,戰士,xueyue,standard,1,0,2,0,9905,25591,9149,400.4,8.78,18.39,,2,1,1,2,2,690,552,94,498,3840,6082,8144,6253,1064,,,522,,304,,t3_shieldbreaker|t3_finalstring
standard,41,b2,blue,jungle,戰士,longyi,standard,1,3,2,1,9067,15232,12001,525.2,8.47,15.26,19.47,3,1,1,3,3,239,2290,474,600,4339,7770,10074,6253,367,1140,285,285,1249,494,,t3_shieldbreaker|t3_finalstring
standard,41,b3,blue,mid,法師,leiming,standard,1,7,2,0,21767,12951,14019,613.5,10.53,17,21.17,3,0,1,2,3,1533,285,1271,1939,3793,6035,10671,6253,883,2280,,760,,494,,t3_psyward
standard,41,b4,blue,adc,射手,leiting,standard,1,6,4,2,19940,11974,13125,574.4,10.18,18.04,20.33,3,0,1,2,3,1609,517,654,1324,3769,5897,9554,6253,859,1140,285,522,,494,,t3_shieldbreaker|t3_rendspear
standard,41,b5,blue,sup,坦克,ironclad,standard,1,2,1,1,8001,19078,12393,542.4,7.21,12.3,17.5,4,1,2,3,4,776,400,1406,792,4676,7340,10906,6253,283,1140,,760,51,494,1924,t3_calmveil|t3_thornmail
standard,41,r1,red,top,戰士,xueyue,standard,0,4,0,0,14564,23163,11289,494,8.64,16.34,20.59,3,1,1,2,3,646,1114,964,858,3796,6644,9614,6253,905,1710,,633,17,95,,t3_shieldbreaker|t3_finalstring
standard,41,r2,red,jungle,戰士,longyi,standard,0,0,2,2,10170,15057,10464,457.9,8.5,14.75,22.18,3,1,2,2,3,213,184,663,384,4493,6984,9263,6253,456,,570,,1888,95,,t3_shieldbreaker|t3_finalstring
standard,41,r3,red,mid,法師,leiming,standard,0,2,4,0,22318,14308,9779,428,10.6,19.44,,2,0,1,2,2,1447,258,590,379,3707,5588,8140,6253,1064,570,,158,,95,,t3_psyward
standard,41,r4,red,adc,射手,leiting,standard,0,5,8,0,13308,9492,10849,474.8,9.31,18.77,22.35,3,1,1,2,3,338,599,241,829,3688,5379,8191,6253,798,1140,,,,0,,t3_shieldbreaker|t3_rendspear
standard,41,r5,red,sup,坦克,ironclad,standard,0,0,4,0,4659,21556,11450,501.1,7.06,13.19,17.85,4,1,2,3,4,313,471,507,250,4513,6831,10287,6253,234,,,1108,,95,2595,t3_calmveil|t3_thornmail
standard,42,b1,blue,top,戰士,fengbao,standard,1,1,1,0,19745,34447,12024,447.7,9.07,15.42,23.08,3,1,1,2,3,814,1353,357,624,3964,6833,8657,6253,1054,570,,285,,494,,t3_shieldbreaker|t3_finalstring
standard,42,b2,blue,jungle,戰士,ravager,standard,1,4,0,0,14817,18740,13555,504.7,6.63,14.92,19.71,3,1,2,3,3,219,30,417,2205,4449,6780,10447,6253,380,2280,,285,754,494,,t3_shieldbreaker|t3_finalstring
standard,42,b3,blue,mid,法師,mingyun2,standard,1,4,5,0,20231,16804,13326,496.2,10.78,17.69,23.43,3,0,1,2,3,1542,239,294,1245,3802,6139,8324,6253,1007,,,760,,304,,t3_psyward
standard,42,b4,blue,adc,射手,liangzi,standard,1,12,7,0,39582,14342,17468,650.4,10.17,18.97,21.83,5,0,1,2,5,1424,869,559,1867,3584,5769,8809,6253,636,1140,,285,,494,,t3_shieldbreaker|t3_rendspear
standard,42,b5,blue,sup,輔助,huanjing,standard,1,1,1,1,7653,20848,12945,482,5.7,11.02,15.08,4,1,2,3,4,1174,676,780,2144,5124,7706,9530,6253,190,570,,285,,494,1737,t3_calmveil
standard,42,r1,red,top,戰士,fengbao,standard,0,4,2,0,21268,36033,12579,468.4,6.86,15.38,21.2,3,1,1,2,3,658,1309,1514,1179,4458,6789,10114,6253,1054,2280,,475,51,0,,t3_shieldbreaker|t3_finalstring
standard,42,r2,red,jungle,戰士,ravager,standard,0,3,2,1,15064,21886,12654,471.1,7.88,15.41,20.98,3,1,1,2,3,260,593,524,1303,4010,6023,9074,6253,294,1140,142,,1243,0,,t3_shieldbreaker|t3_finalstring
standard,42,r3,red,mid,法師,mingyun2,standard,0,1,8,2,16012,16543,11226,418,11.58,20.04,,2,0,1,1,2,1390,134,1416,1826,3650,5284,7916,6253,760,,427,475,,0,,t3_psyward
standard,42,r4,red,adc,射手,liangzi,standard,0,6,7,1,24196,11709,12683,472.2,11.58,20.73,23.88,3,0,1,1,3,1218,74,1222,883,3378,5154,6902,6253,506,,142,,,0,,t3_shieldbreaker|t3_rendspear
standard,42,r5,red,sup,輔助,huanjing,standard,0,0,3,2,11267,18800,12407,462,6.68,12.03,17.23,4,1,2,3,4,260,1507,518,1447,4560,6907,9268,6253,348,,142,475,,0,2048,t3_calmveil
standard,43,b1,blue,top,戰士,rongyan,standard,1,1,2,1,9025,23273,9457,416.9,8.9,18.23,,2,1,1,2,2,557,541,197,856,3707,5541,7897,6253,665,,142,570,,266,,t3_shieldbreaker|t3_finalstring
standard,43,b2,blue,jungle,戰士,dushe,standard,1,2,2,0,7116,18276,10401,458.6,8.21,16.61,,2,1,1,2,2,790,1031,538,1851,3890,6461,8788,6253,611,570,,95,992,266,,t3_shieldbreaker|t3_finalstring
standard,43,b3,blue,mid,法師,bingshuang,standard,1,4,6,1,15316,14096,11051,487.2,10.34,18.08,,2,0,1,2,2,1613,261,882,1651,3873,6191,9212,6253,888,1710,,95,,266,,t3_psyward
standard,43,b4,blue,adc,射手,shengyan,standard,1,2,5,2,16250,10632,9854,434.4,10.07,19.18,,2,0,1,2,2,1514,279,58,1004,3674,5659,7958,6253,821,570,142,95,,76,,t3_shieldbreaker|t3_rendspear
standard,43,b5,blue,sup,輔助,zhanchang,standard,1,2,1,1,6804,18258,13161,580.2,7.38,11.3,15.93,4,1,2,4,4,521,437,778,1780,5121,7467,12158,6253,281,1140,285,1995,17,266,1919,t3_calmveil
standard,43,r1,red,top,戰士,rongyan,standard,0,3,0,0,12692,27799,11936,526.2,8.4,16.58,20.43,3,1,1,2,3,633,602,2403,536,3783,6082,11003,6253,1007,1710,,1710,,323,,t3_shieldbreaker|t3_finalstring
standard,43,r2,red,jungle,戰士,dushe,standard,0,3,2,2,9843,16405,12243,539.7,9.37,15.12,18.94,3,1,1,3,3,205,2277,1163,892,3955,7707,10713,6253,316,1140,570,285,1825,323,,t3_shieldbreaker|t3_finalstring
standard,43,r3,red,mid,法師,bingshuang,standard,0,1,3,0,11677,12717,9647,425.3,11.66,19.18,,2,0,1,2,2,1400,359,465,1316,3660,5959,8315,6253,978,570,,285,,228,,t3_psyward
standard,43,r4,red,adc,射手,shengyan,standard,0,9,5,0,23827,11187,13675,602.9,10.05,15.48,21.1,3,0,1,2,3,1509,811,1068,1874,3669,6491,9968,6253,826,2280,,285,,323,,t3_shieldbreaker|t3_rendspear
standard,43,r5,red,sup,輔助,zhanchang,standard,0,0,1,1,5780,12652,10914,481.2,6.93,12.48,17.16,4,1,2,3,4,554,329,870,414,4554,7359,9620,6253,291,,,760,,323,1992,t3_calmveil
standard,44,b1,blue,top,戰士,embercoil,standard,1,0,0,0,17713,28993,10929,444,9.57,18.27,22.88,3,1,1,2,3,500,429,261,498,3650,5959,8011,6253,807,,,285,,665,,t3_shieldbreaker|t3_finalstring
standard,44,b2,blue,jungle,戰士,jufeng,standard,1,4,1,0,8341,16535,13093,531.9,8.72,15.94,21.9,4,1,1,2,4,17,2057,1571,592,3817,6337,10171,6253,532,1140,,760,820,665,,t3_shieldbreaker|t3_finalstring
standard,44,b3,blue,mid,法師,mingyun2,standard,1,5,3,0,14628,15427,13655,554.7,10.86,17.96,21.04,4,0,1,2,4,1447,471,1090,305,3707,6671,10490,6253,1102,1710,,760,,665,,t3_psyward
standard,44,b4,blue,adc,射手,mirrorshot,standard,1,4,7,0,21136,10169,11356,461.3,10.69,19.73,24.03,3,0,1,2,3,1547,531,282,876,3707,5911,7602,6253,684,,,285,,380,,t3_shieldbreaker|t3_rendspear
standard,44,b5,blue,sup,坦克,thornwall,standard,1,1,2,1,7527,25197,13389,543.9,7.28,11.3,16.18,4,1,2,3,4,766,848,1441,1188,5266,8088,11421,6253,370,570,285,760,,665,2517,t3_calmveil|t3_thornmail
standard,44,r1,red,top,戰士,embercoil,standard,0,0,1,1,10053,24794,10556,428.8,9.7,17.68,23.63,3,1,1,2,3,500,305,397,425,3650,5835,7847,6253,741,,285,475,16,76,,t3_shieldbreaker|t3_finalstring
standard,44,r2,red,jungle,戰士,jufeng,standard,0,1,0,0,11759,16903,11132,452.2,7.48,17.05,24.32,3,1,1,2,3,394,879,43,151,4194,6359,8343,6253,342,,,,1671,76,,t3_shieldbreaker|t3_finalstring
standard,44,r3,red,mid,法師,mingyun2,standard,0,5,5,1,26912,16567,13864,563.2,9.78,18.8,21.9,4,1,1,2,4,85,292,432,214,3935,5892,8932,6253,1273,570,285,475,,76,,t3_psyward
standard,44,r4,red,adc,射手,mirrorshot,standard,0,6,8,2,25927,11808,12933,525.4,10.16,19.39,22.96,3,0,1,2,3,1424,328,213,1133,3584,5408,8163,6253,693,1140,,,,76,,t3_shieldbreaker|t3_rendspear
standard,44,r5,red,sup,坦克,thornwall,standard,0,1,0,2,6535,21603,12997,528,7.38,12.63,17.02,4,1,2,3,4,563,354,945,797,4763,7594,10925,6253,408,570,570,475,,76,2571,t3_calmveil|t3_thornmail
standard,45,b1,blue,top,戰士,cinderfist,standard,1,4,2,0,12226,23730,12094,510.9,9.01,17.43,21.86,3,1,1,2,3,513,957,668,1294,3663,6437,9268,6253,582,1710,,475,,247,,t3_shieldbreaker|t3_finalstring
standard,45,b2,blue,jungle,戰士,langwang,standard,1,0,2,0,10850,17582,9583,404.8,9.03,17.65,,2,1,1,2,2,127,575,418,1032,3877,6005,8068,6253,326,,,,1146,342,,t3_shieldbreaker|t3_finalstring
standard,45,b3,blue,mid,法師,bingshuang,standard,1,0,1,2,17919,14729,10467,442.1,10.84,18.8,,2,0,1,2,2,1447,213,163,1066,3707,6443,8913,6253,988,,285,950,,437,,t3_psyward
standard,45,b4,blue,adc,射手,dujian,standard,1,7,4,0,22377,11113,13407,566.3,9.05,18.59,19.81,3,1,1,3,3,466,530,90,1606,3816,6210,10390,6253,945,2280,,475,,437,,t3_shieldbreaker|t3_rendspear
standard,45,b5,blue,sup,輔助,xuemai,standard,1,0,3,1,7140,20251,11913,503.2,5.95,12.41,16.35,4,1,2,3,4,928,460,2164,532,4628,7490,10644,6253,273,,285,1425,,437,1969,t3_calmveil
standard,45,r1,red,top,戰士,cinderfist,standard,0,4,0,1,19543,32832,11737,495.7,8.12,15.89,19.58,3,1,1,3,3,950,1223,142,336,4100,6703,10522,6253,791,2280,285,760,,152,,t3_shieldbreaker|t3_finalstring
standard,45,r2,red,jungle,戰士,langwang,standard,0,0,1,1,8180,14045,9578,404.6,8.72,16.37,,2,1,1,2,2,600,1182,461,1027,3700,6132,8111,6253,171,,142,285,1106,152,,t3_shieldbreaker|t3_finalstring
standard,45,r3,red,mid,法師,bingshuang,standard,0,5,4,1,22385,16061,12170,514.1,10.55,17.04,22.58,3,0,1,2,3,2226,447,207,1620,4486,6947,8657,6253,1254,570,142,285,,152,,t3_psyward
standard,45,r4,red,adc,射手,dujian,standard,0,3,3,1,13206,10155,10777,455.2,9.93,18.65,22.95,3,1,1,2,3,303,82,153,297,3653,5762,8403,6253,858,570,285,285,,152,,t3_shieldbreaker|t3_rendspear
standard,45,r5,red,sup,輔助,xuemai,standard,0,0,3,3,7462,16161,11366,480.1,6.31,12.38,17.27,4,1,2,3,4,247,810,645,406,4547,7540,9395,6253,421,,285,285,,152,1998,t3_calmveil
standard,46,b1,blue,top,戰士,leimingcf,standard,0,1,7,0,16119,40339,11290,401.8,9.08,16.31,24.39,3,1,1,2,3,481,450,178,490,3631,5930,8058,6253,684,570,,475,,76,,t3_shieldbreaker|t3_finalstring
standard,46,b2,blue,jungle,戰士,tielian,standard,0,1,5,1,8448,25756,11782,419.3,9.07,14.87,22.69,3,1,2,2,3,513,61,656,431,4563,6811,8836,6253,437,570,285,,1215,76,,t3_shieldbreaker|t3_finalstring
standard,46,b3,blue,mid,法師,mingyun2,standard,0,2,7,0,21224,21065,12383,440.7,10.22,16.62,23.44,3,0,1,2,3,1580,192,85,882,3840,6272,9065,6253,1121,1140,,475,,76,,t3_psyward
standard,46,b4,blue,adc,射手,tianfa,standard,0,7,11,0,24231,14621,13606,484.2,10.24,20.81,25.11,4,0,1,1,4,1395,223,1295,386,3555,5303,6975,6253,646,,,,,76,,t3_shieldbreaker|t3_rendspear
standard,46,b5,blue,sup,輔助,fengshen,standard,0,1,6,0,10002,26318,12915,459.6,6.22,12.21,15.68,4,1,2,3,4,805,705,960,1464,5105,7735,9540,6253,456,570,,475,,76,1710,t3_calmveil
standard,46,r1,red,top,戰士,leimingcf,standard,1,4,1,1,20584,30862,14272,507.9,8.73,16.68,22.53,4,1,1,2,4,627,1071,554,1292,3777,6551,9154,6253,779,1140,95,380,51,456,,t3_shieldbreaker|t3_finalstring
standard,46,r2,red,jungle,戰士,tielian,standard,1,8,1,2,20595,20942,17615,626.9,9.98,14.85,18.47,5,1,2,3,5,60,72,447,2365,4110,7722,11377,6253,278,2280,427,380,1301,456,,t3_shieldbreaker|t3_finalstring
standard,46,r3,red,mid,法師,mingyun2,standard,1,14,0,4,45420,17713,20884,743.2,9.4,16.34,18.83,5,1,1,3,5,370,874,277,4733,4220,7374,11877,6253,1130,2850,807,380,,456,,t3_psyward
standard,46,r4,red,adc,射手,tianfa,standard,1,10,9,3,40921,12811,18227,648.6,9.41,16.53,19.48,5,1,1,3,5,272,424,250,2626,3622,6104,10550,6253,706,1710,570,855,,456,,t3_shieldbreaker|t3_rendspear
standard,46,r5,red,sup,輔助,fengshen,standard,1,0,1,6,9322,17363,15814,562.8,6.91,12.83,15.37,5,1,2,4,5,1217,1019,445,2613,4617,7749,11405,6253,297,,950,855,,456,2593,t3_calmveil
standard,47,b1,blue,top,戰士,jufeng,standard,0,0,3,0,16930,33458,10416,387.9,9.02,18.46,25.01,3,1,1,2,3,443,468,395,166,3593,5398,7545,6253,722,,,475,,95,,t3_shieldbreaker|t3_finalstring
standard,47,b2,blue,jungle,戰士,greymantle,standard,0,0,6,0,11177,21904,10670,397.4,8.71,17.56,25.13,3,1,1,2,3,761,629,516,770,3861,5809,7796,6253,674,,,,772,95,,t3_shieldbreaker|t3_finalstring
standard,47,b3,blue,mid,法師,bingshuang,standard,0,5,7,0,21338,17516,12601,469.3,12.07,19.28,22.74,3,0,1,2,3,1219,178,379,401,3479,5778,8229,6253,836,1140,,,,0,,t3_psyward
standard,47,b4,blue,adc,射手,dawnstrike,standard,0,9,9,1,41694,13220,15853,590.4,10.25,17.66,20.29,4,0,1,2,4,1569,401,1145,2253,3729,5781,9695,6253,877,1710,285,475,,95,,t3_shieldbreaker|t3_rendspear
standard,47,b5,blue,sup,坦克,stoneguard,standard,0,0,2,0,8273,28247,13420,499.8,7.39,13.44,16.27,4,1,2,3,4,196,354,733,1639,4646,7154,9713,6253,462,,,475,,95,2427,t3_calmveil|t3_thornmail
standard,47,r1,red,top,戰士,jufeng,standard,1,7,0,2,21795,32952,15715,585.3,8.13,14.65,19.02,4,1,2,3,4,842,302,151,2214,3992,7752,11001,6253,1143,2280,285,760,51,228,,t3_shieldbreaker|t3_finalstring
standard,47,r2,red,jungle,戰士,greymantle,standard,1,4,1,2,19172,23772,14454,538.3,8.78,13.82,20.73,4,1,2,2,4,241,769,1431,1473,4041,7569,10031,6253,603,1140,285,285,1236,228,,t3_shieldbreaker|t3_finalstring
standard,47,r3,red,mid,法師,bingshuang,standard,1,6,5,1,27271,18323,15553,579.2,10.34,16.21,23.34,4,0,1,2,4,1697,814,88,1722,3957,7314,9138,6253,1231,1140,,285,,228,,t3_psyward
standard,47,r4,red,adc,射手,dawnstrike,standard,1,7,8,1,19228,12170,13988,521,9.73,19.28,22.74,4,1,1,2,4,291,231,1027,768,3641,5911,8647,6253,598,1140,142,285,,228,,t3_shieldbreaker|t3_rendspear
standard,47,r5,red,sup,坦克,stoneguard,standard,1,3,0,4,11810,27126,15415,574.1,7.22,12.06,15.84,5,1,2,3,5,94,1109,920,1814,5144,8349,10900,6253,185,570,997,285,,228,2381,t3_calmveil|t3_thornmail
standard,48,b1,blue,top,戰士,anliuyouXia,standard,0,0,2,0,9676,34604,10262,396.2,9.47,19.38,24.37,3,1,1,2,3,519,367,328,311,3669,5417,8128,6253,627,,,950,,297,,t3_shieldbreaker|t3_finalstring
standard,48,b2,blue,jungle,刺客,miwu,standard,0,0,6,0,9610,11442,10183,393.2,8.67,17.55,24.09,3,1,1,2,3,767,694,546,382,3967,5974,8026,6253,370,,,,1231,171,,t3_finalstring
standard,48,b3,blue,mid,法師,lieyan,standard,0,3,11,0,13945,18624,11579,447.1,9.8,18.31,23.29,3,1,1,2,3,579,448,216,279,4429,6348,8546,6253,1045,570,,475,,202,,t3_psyward
standard,48,b4,blue,adc,射手,yanfeng,standard,0,8,7,0,30679,11938,14056,542.7,9.07,18.02,20.93,4,1,1,2,4,402,628,426,1356,3752,6308,8676,6253,696,1140,,237,51,297,,t3_shieldbreaker|t3_rendspear
standard,48,b5,blue,sup,坦克,bingshouweis,standard,0,0,7,0,6371,27475,12449,480.6,6.69,12.95,18.69,4,1,2,3,4,155,487,1891,668,4655,7287,10391,6253,224,,,1662,,171,2079,t3_calmveil|t3_thornmail
standard,48,r1,red,top,戰士,anliuyouXia,standard,1,7,0,2,18527,26391,15632,603.6,9.63,16.39,18.63,4,1,1,3,4,51,790,142,2132,4201,6320,10272,6253,864,2280,285,285,,304,,t3_shieldbreaker|t3_finalstring
standard,48,r2,red,jungle,刺客,miwu,standard,1,2,2,3,7123,10371,13414,517.9,8.22,15.48,20.67,3,1,1,2,3,356,1977,2398,2283,4256,7607,10778,6253,361,1140,570,285,1865,304,,t3_finalstring
standard,48,r3,red,mid,法師,lieyan,standard,1,9,2,2,27064,15516,16820,649.4,11.64,16.51,20.65,5,0,1,2,5,1447,171,615,669,3707,6671,10015,6253,988,1140,570,760,,304,,t3_psyward
standard,48,r4,red,adc,射手,yanfeng,standard,1,9,7,0,22388,12771,14701,567.6,10.03,17.52,20.93,4,0,1,2,4,1253,341,308,1481,3413,5541,9208,6253,655,1710,,285,,304,,t3_shieldbreaker|t3_rendspear
standard,48,r5,red,sup,坦克,bingshouweis,standard,1,6,0,6,9018,25749,17488,675.2,6.48,12.3,15.48,5,1,2,4,5,362,1142,528,3888,5162,8382,12128,6253,323,2280,570,285,51,304,2061,t3_calmveil|t3_thornmail
standard,49,b1,blue,top,戰士,tielian,standard,1,1,1,1,6630,30142,11294,446.7,9.18,17.17,22.38,3,1,1,2,3,614,384,1016,313,3764,5864,8416,6253,997,,285,475,,405,,t3_shieldbreaker|t3_finalstring
standard,49,b2,blue,jungle,刺客,jueying,standard,1,3,4,0,7720,13710,11627,459.9,8.69,15.73,21.23,3,1,1,2,3,624,750,1435,547,3824,6330,9165,6253,133,1140,,,1233,405,,t3_finalstring
standard,49,b3,blue,mid,法師,shikong,standard,1,3,4,0,18169,16726,12551,496.4,8.98,17.25,22.4,3,1,1,2,3,560,342,486,1700,4410,6842,9236,6253,1216,1140,,475,,152,,t3_psyward
standard,49,b4,blue,adc,射手,siwang,standard,1,13,10,0,38217,13262,17263,682.8,8.39,15.09,20.13,5,1,1,2,5,794,1441,2116,1663,4144,7121,11016,6253,1235,2850,,475,51,152,,t3_shieldbreaker|t3_rendspear
standard,49,b5,blue,sup,輔助,mingyun,standard,1,0,3,0,8797,19872,12793,506,7.51,11.55,17.38,4,1,2,3,4,94,586,838,1343,4694,7136,9118,6253,408,,,,34,405,2016,t3_calmveil
standard,49,r1,red,top,戰士,tielian,standard,0,4,1,0,8158,27315,12833,507.6,9.63,16.16,20.38,4,1,1,2,4,633,1087,1273,332,3783,6567,9873,6253,959,2280,,190,,190,,t3_shieldbreaker|t3_finalstring
standard,49,r2,red,jungle,刺客,jueying,standard,0,2,3,1,12279,15124,11718,463.5,9.05,16.76,22.33,3,1,1,2,3,848,714,97,637,4048,6294,8427,6253,190,,142,190,1461,190,,t3_finalstring
standard,49,r3,red,mid,法師,shikong,standard,0,4,7,1,21765,15893,12285,485.9,10.58,18.48,21.73,3,0,1,2,3,1498,108,1147,385,3758,6608,9477,6253,988,1710,285,190,51,0,,t3_psyward
standard,49,r4,red,adc,射手,siwang,standard,0,12,8,0,31086,12602,16880,667.6,10.18,15.93,19.77,5,0,1,3,5,1414,1143,124,1279,3574,6823,10424,6253,798,2280,,902,,190,,t3_shieldbreaker|t3_rendspear
standard,49,r5,red,sup,輔助,mingyun,standard,0,0,1,3,7911,17663,11565,457.4,7.36,12.64,18,4,1,2,3,4,449,664,724,685,4449,7214,9764,6253,180,,712,427,,190,2000,t3_calmveil
standard,50,b1,blue,top,戰士,longyi,standard,0,1,4,0,8941,26306,9609,414.3,9.53,16.39,,2,1,1,2,2,481,419,310,1329,3631,5949,8590,6253,760,570,,665,,342,,t3_shieldbreaker|t3_finalstring
standard,50,b2,blue,jungle,刺客,anye,standard,0,0,6,0,4186,11168,9139,394.1,9.35,17.97,,2,1,1,2,2,594,546,238,1009,3794,5876,8018,6253,342,,,190,890,342,,t3_finalstring
standard,50,b3,blue,mid,法師,lieyan,standard,0,1,5,0,18037,14960,10008,431.6,10.46,17.1,,2,0,1,2,2,1485,191,204,1128,3745,6671,8514,6253,874,570,,665,,152,,t3_psyward
standard,50,b4,blue,adc,射手,maestro,standard,0,4,8,0,17982,12454,11554,498.2,9.2,16.59,22.08,3,1,1,2,3,515,480,1544,573,3865,5860,9394,6253,994,1140,,665,,342,,t3_shieldbreaker|t3_rendspear
standard,50,b5,blue,sup,坦克,suishan,standard,0,0,4,0,4269,20180,9922,427.8,6.76,12.81,18.31,3,1,2,3,3,771,186,702,381,4671,6966,8902,6253,183,,,190,17,342,1916,t3_calmveil|t3_thornmail
standard,50,r1,red,top,戰士,longyi,standard,1,12,0,1,18491,24542,17824,768.5,7.4,12.81,16.66,5,1,2,4,5,1159,105,1765,2473,4309,8755,14315,6253,943,5130,285,1425,,278,,t3_shieldbreaker|t3_finalstring
standard,50,r2,red,jungle,刺客,anye,standard,1,1,0,5,8813,11755,11528,497.1,8.07,15.73,21.06,3,1,1,2,3,967,1041,1190,398,4167,6671,9570,6253,316,,1068,,1653,278,,t3_finalstring
standard,50,r3,red,mid,法師,lieyan,standard,1,4,2,3,20564,12711,13170,567.9,10.42,16.59,,2,0,1,2,2,1628,466,255,3770,3888,6366,9235,6253,1000,1140,213,475,,152,,t3_psyward
standard,50,r4,red,adc,射手,maestro,standard,1,7,4,3,20000,9858,13145,566.8,11.39,16.93,20.4,4,0,1,2,4,1528,286,1402,245,3688,5666,10302,6253,642,2280,498,475,,152,,t3_shieldbreaker|t3_rendspear
standard,50,r5,red,sup,坦克,suishan,standard,1,3,0,5,7001,21097,13788,594.5,6.4,11.38,15.57,5,1,2,3,5,619,1787,1526,188,5719,9027,11506,6253,250,1710,783,,,278,2229,t3_calmveil|t3_thornmail
standard,51,b1,blue,top,戰士,chichuan,standard,0,8,10,0,36484,66256,19198,522.5,8.35,15.79,20.04,5,1,1,2,5,614,1191,997,3897,3764,6671,9597,6253,1064,1140,,760,,380,,t3_shieldbreaker|t3_finalstring
standard,51,b2,blue,jungle,刺客,hundun,standard,0,5,13,1,24538,26223,17504,476.4,10.49,18.76,23.91,5,0,1,2,5,1700,289,790,1403,3910,6439,9540,6253,484,1140,142,285,855,380,,t3_psyward
standard,51,b3,blue,mid,法師,shikong,standard,0,12,17,0,37693,30147,20398,555.2,11.07,19.54,26.22,5,0,1,2,5,1602,223,397,4247,3862,6123,7947,6253,1029,,,285,,380,,t3_psyward
standard,51,b4,blue,adc,射手,huanying,standard,0,20,13,1,84074,20803,25354,690.1,9.98,17.7,20.7,5,1,1,2,5,281,668,842,9753,3631,6348,9692,6253,779,1710,285,285,,380,,t3_shieldbreaker|t3_rendspear
standard,51,b5,blue,sup,坦克,tieshixin,standard,0,0,13,4,12368,45032,16881,459.4,6.65,12.61,16.75,5,1,2,3,5,1127,344,80,3380,4627,7524,10360,6253,291,,142,760,,380,2533,t3_calmveil|t3_thornmail
standard,51,r1,red,top,戰士,chichuan,standard,1,14,4,0,43517,55449,23419,637.4,9.24,16.53,17.93,5,1,1,3,5,1064,475,302,8118,4214,5955,10382,6253,728,2850,,475,,76,,t3_shieldbreaker|t3_finalstring
standard,51,r2,red,jungle,刺客,hundun,standard,1,8,12,2,34153,26789,20270,551.7,9.36,17.63,21.13,5,1,1,2,5,608,311,367,4170,4408,6461,9717,6253,269,1140,427,,1551,76,,t3_psyward
standard,51,r3,red,mid,法師,shikong,standard,1,17,12,0,52908,27833,24328,662.1,10.37,18.78,26.22,5,0,1,2,5,1599,404,335,8177,3859,5734,8365,6253,1228,570,,237,,76,,t3_psyward
standard,51,r4,red,adc,射手,huanying,standard,1,25,14,2,105138,21958,28470,774.9,8.13,15.51,20.7,5,1,1,2,5,968,994,501,12869,4318,6674,9401,6253,839,1710,285,237,,76,,t3_shieldbreaker|t3_rendspear
standard,51,r5,red,sup,坦克,tieshixin,standard,1,2,3,11,13567,40682,20938,569.9,7.84,13.66,16.84,5,1,2,3,5,176,322,1248,7437,4576,7502,11128,6253,240,1140,427,475,51,76,2464,t3_calmveil|t3_thornmail
standard,52,b1,blue,top,戰士,xueyue,standard,0,8,0,1,20424,30569,15344,610.9,7.01,13.73,18.77,4,1,2,3,4,215,360,158,1894,4315,7460,10538,6253,940,1710,285,855,,494,,t3_shieldbreaker|t3_finalstring
standard,52,b2,blue,jungle,刺客,razorwing,standard,0,3,1,1,8204,11557,12564,500.2,9.14,12.95,20.99,4,1,2,2,4,783,1026,1673,113,3983,7676,10003,6253,361,1140,142,380,1232,494,,t3_finalstring
standard,52,b3,blue,mid,法師,lieyan,standard,0,9,6,3,23598,16417,15699,625,11.04,16.16,21.16,4,0,1,2,4,2695,659,390,1299,4955,7159,9790,6253,810,1710,142,380,,494,,t3_psyward
standard,52,b4,blue,adc,射手,guangsu,standard,0,5,9,0,20354,12035,12266,488.4,9.57,18.76,23.07,3,1,1,2,3,234,370,27,466,3584,5750,8277,6253,769,570,,380,,304,,t3_shieldbreaker|t3_rendspear
standard,52,b5,blue,sup,輔助,shiguang,standard,0,0,3,2,7826,18854,12281,489,7.13,12.75,14.95,4,1,3,3,4,336,174,715,1401,4636,7874,9755,6253,310,,,855,,494,1842,t3_calmveil
standard,52,r1,red,top,戰士,xueyue,standard,1,2,5,0,12930,31176,11742,467.5,8.37,17.51,21.33,3,1,1,2,3,557,581,436,942,3707,6061,8436,6253,950,1140,,,17,76,,t3_shieldbreaker|t3_finalstring
standard,52,r2,red,jungle,刺客,razorwing,standard,1,1,5,1,10027,15511,11563,460.4,8.67,15.62,21.69,3,1,1,2,3,302,1142,915,482,4152,6722,9245,6253,475,570,285,,1585,76,,t3_finalstring
standard,52,r3,red,mid,法師,lieyan,standard,1,2,8,0,18169,15680,11706,466.1,10.76,19.08,24.4,3,0,1,2,3,1371,256,398,675,3631,6006,8248,6253,874,570,,475,,76,,t3_psyward
standard,52,r4,red,adc,射手,guangsu,standard,1,14,6,0,26290,13490,17301,688.8,7.18,14.4,17.78,5,1,2,3,5,37,339,220,1701,5417,7659,12020,6253,893,4560,,237,,76,,t3_shieldbreaker|t3_rendspear
standard,52,r5,red,sup,輔助,shiguang,standard,1,0,1,1,8433,21848,11814,470.4,6.33,12.42,15.88,4,1,2,3,4,58,721,741,1113,4658,7451,9781,6253,456,,285,712,,76,1998,t3_calmveil
standard,53,b1,blue,top,戰士,langwang,standard,1,1,1,0,8302,26494,9952,411.8,8.72,17.68,,2,1,1,2,2,636,596,272,1352,3786,6076,7672,6253,905,,,285,,228,,t3_shieldbreaker|t3_finalstring
standard,53,b2,blue,jungle,刺客,jingxiang,standard,1,0,3,0,7254,9299,9942,411.4,8.73,16.85,,2,1,1,2,2,777,718,669,1611,3977,6298,8099,6253,323,,,285,1010,228,,t3_finalstring
standard,53,b3,blue,mid,法師,auralith,standard,1,4,2,0,16969,13862,12467,515.9,10.29,17.52,22.51,3,0,1,2,3,1675,220,588,1436,3935,6120,8438,6253,1197,,,760,,228,,t3_psyward
standard,53,b4,blue,adc,射手,mori,standard,1,11,2,1,26286,9762,16048,664.1,9.57,15.52,19.95,4,1,1,3,4,490,1409,84,2198,3840,7089,10984,6253,798,3420,,285,,228,,t3_shieldbreaker|t3_rendspear
standard,53,b5,blue,sup,輔助,fuwenbianzhi,standard,1,0,1,0,8292,18925,11897,492.3,5.78,13.36,17.06,4,1,2,3,4,917,240,444,1197,4617,7270,8904,6253,234,,,285,,228,1903,t3_calmveil
standard,53,r1,red,top,戰士,langwang,standard,0,3,3,0,14948,28436,10968,453.8,8.28,19.31,21.87,3,1,1,2,3,605,560,216,167,3755,5560,7916,6253,845,570,,,,247,,t3_shieldbreaker|t3_finalstring
standard,53,r2,red,jungle,刺客,jingxiang,standard,0,2,2,0,8659,14663,11216,464.1,8.68,16.59,21.03,3,1,1,2,3,227,752,1308,135,4077,6332,9638,6253,589,1140,,,1409,247,,t3_finalstring
standard,53,r3,red,mid,法師,auralith,standard,0,1,3,0,11979,13847,10472,433.3,10.98,19.95,,2,0,1,2,2,1409,932,33,1071,3669,6082,8533,6253,988,570,,475,,247,,t3_psyward
standard,53,r4,red,adc,射手,mori,standard,0,3,5,0,15230,9923,10367,429,9.23,20.08,23.99,3,1,1,1,3,329,309,1552,67,3679,5389,7232,6253,826,,,,,152,,t3_shieldbreaker|t3_rendspear
standard,53,r5,red,sup,輔助,fuwenbianzhi,standard,0,0,3,0,4263,16889,10891,450.7,6.19,12,16.01,4,1,2,3,4,563,891,338,491,4563,7071,9378,6253,399,,,475,,247,2004,t3_calmveil
standard,54,b1,blue,top,戰士,kuangfeng,standard,0,0,4,1,8889,24792,9021,407.4,7.67,18.72,,2,1,1,2,2,174,147,499,740,4024,5677,8299,6253,810,,285,950,,0,,t3_shieldbreaker|t3_finalstring
standard,54,b2,blue,jungle,刺客,sting,standard,0,0,4,0,4033,10031,8657,391,9.61,17.7,,2,1,1,2,2,631,786,390,526,3831,5766,7870,6253,323,,,,1293,0,,t3_finalstring
standard,54,b3,blue,mid,法師,xingjie,standard,0,1,5,0,16534,15256,9065,409.4,10.22,18.96,,2,0,1,2,2,1599,700,175,665,3859,5550,8305,6253,1007,570,,475,,0,,t3_psyward
standard,54,b4,blue,adc,射手,leiting,standard,0,2,8,1,13312,12505,9016,407.2,9.65,17.77,,2,1,1,2,2,193,230,241,265,3543,5310,7761,6253,627,570,285,,26,0,,t3_shieldbreaker|t3_rendspear
standard,54,b5,blue,sup,坦克,ironclad,standard,0,2,1,1,4244,22541,11708,528.8,5.81,11.98,17.46,4,1,2,4,4,264,396,124,528,5064,7496,11024,6253,348,1140,285,950,,0,2047,t3_calmveil|t3_thornmail
standard,54,r1,red,top,戰士,kuangfeng,standard,1,1,0,2,8468,20020,10902,492.4,9.02,17.16,20.91,3,1,1,2,3,557,318,747,951,3707,5848,9097,6253,677,,285,1330,,551,,t3_shieldbreaker|t3_finalstring
standard,54,r2,red,jungle,刺客,sting,standard,1,3,0,2,9153,10455,11941,539.3,8.72,15.26,18.34,3,1,1,3,3,879,1952,587,810,4079,7282,11067,6253,145,1710,570,380,1456,551,,t3_finalstring
standard,54,r3,red,mid,法師,xingjie,standard,1,6,2,0,21913,12227,12618,569.9,10.21,16.26,20.46,3,0,1,2,3,1637,817,1204,718,3897,7317,10604,6253,1140,2280,,380,,551,,t3_psyward
standard,54,r4,red,adc,射手,leiting,standard,1,10,3,2,30191,8937,15443,697.5,9.6,15.27,17.52,4,1,1,4,4,357,1374,541,1592,3707,7054,13761,6253,972,5130,570,380,,456,,t3_shieldbreaker|t3_rendspear
standard,54,r5,red,sup,坦克,ironclad,standard,1,2,0,2,6657,16401,12600,569.1,6.89,11.76,16.95,4,1,2,3,4,1008,829,900,1000,4608,8069,10880,6253,294,570,570,380,,551,2261,t3_calmveil|t3_thornmail
standard,55,b1,blue,top,戰士,greymantle,standard,1,1,7,0,11282,38828,12095,428.9,9.06,18.45,23.13,3,1,1,2,3,627,193,924,694,3777,5373,8204,6253,829,570,,475,,76,,t3_shieldbreaker|t3_finalstring
standard,55,b2,blue,jungle,刺客,yingsi,standard,1,0,9,0,8545,17313,10983,389.5,8.31,17.35,25.04,3,1,1,2,3,819,707,665,753,4019,5987,7795,6253,456,,,,1010,76,,t3_finalstring
standard,55,b3,blue,mid,法師,auralith,standard,1,3,12,1,20080,20146,13425,476.1,9.63,18.55,24.65,3,1,1,2,3,155,124,545,1324,4005,6304,8375,6253,1285,,285,475,,76,,t3_psyward
standard,55,b4,blue,adc,射手,liangzi,standard,1,11,11,0,44502,17346,16531,586.2,9.63,19.44,23.87,4,1,1,2,4,227,368,477,2681,3577,5268,7377,6253,573,,,475,,76,,t3_shieldbreaker|t3_rendspear
standard,55,b5,blue,sup,輔助,huanjing,standard,1,0,6,2,8712,26188,12956,459.4,5.72,13.57,16.6,4,1,2,3,4,406,420,605,1506,4706,7450,9065,6253,351,,,475,,76,1909,t3_calmveil
standard,55,r1,red,top,戰士,greymantle,standard,0,5,4,0,15072,40317,14175,502.7,9.17,16.21,20.11,4,1,1,2,4,453,878,1254,1195,3603,6358,9854,6253,750,1710,,760,,380,,t3_shieldbreaker|t3_finalstring
standard,55,r2,red,jungle,刺客,yingsi,standard,0,5,0,0,11263,13020,15651,555,8.25,13.31,18.3,4,1,2,3,4,409,924,181,2300,4259,8054,11261,6253,266,2280,,285,1796,380,,t3_finalstring
standard,55,r3,red,mid,法師,auralith,standard,0,10,4,3,27620,20719,18162,644,10.5,15.85,20.7,5,0,1,2,5,1599,855,1575,2012,3859,7355,10975,6253,1349,2280,427,285,,380,,t3_psyward
standard,55,r4,red,adc,射手,liangzi,standard,0,24,6,2,90143,16360,24967,885.4,10.07,17.54,20.93,5,0,1,2,5,1576,396,1824,9367,3736,6076,9144,6253,801,1140,285,285,,380,,t3_shieldbreaker|t3_rendspear
standard,55,r5,red,sup,輔助,huanjing,standard,0,1,1,10,9005,16216,15449,547.8,6.5,11.47,13.84,5,1,3,3,5,283,238,1869,2248,5133,8398,10909,6253,291,570,997,285,,380,2131,t3_calmveil
standard,56,b1,blue,top,戰士,ravager,standard,0,2,2,1,11712,23981,9735,439.8,9.23,17.35,,2,1,1,2,2,462,450,512,1504,3612,5930,8742,6253,703,1140,,475,,171,,t3_shieldbreaker|t3_finalstring
standard,56,b2,blue,jungle,刺客,youming,standard,0,0,4,0,4013,10699,8289,374.5,8.52,18.52,,2,1,1,2,2,617,608,331,688,3817,5708,7581,6253,209,,,,1043,76,,t3_finalstring
standard,56,b3,blue,mid,法師,xingjie,standard,0,1,5,1,12980,14031,9557,431.8,10.51,18.85,,2,0,1,2,2,1713,140,237,956,3973,5740,8267,6253,1083,,285,475,,171,,t3_psyward
standard,56,b4,blue,adc,射手,shengyan,standard,0,8,4,1,19116,10027,13550,612.2,7.38,15.08,19.23,3,1,1,3,3,477,1802,821,1700,4477,7482,11121,6253,940,2850,142,712,51,171,,t3_shieldbreaker|t3_rendspear
standard,56,b5,blue,sup,輔助,zhanchang,standard,0,1,0,1,4815,12745,10469,473,7.99,13.15,19.33,3,1,2,3,3,368,398,600,1429,4668,7128,9180,6253,370,,142,237,,171,2005,t3_calmveil
standard,56,r1,red,top,戰士,ravager,standard,1,8,0,0,15025,24135,13182,595.6,9.63,14.06,17.75,4,1,2,3,4,137,405,560,201,4237,7505,11360,6253,893,3420,,380,34,380,,t3_shieldbreaker|t3_finalstring
standard,56,r2,red,jungle,刺客,youming,standard,1,1,1,1,6594,9539,10399,469.8,8.5,15.42,20.5,3,1,1,2,3,985,969,2398,748,4185,6549,9528,6253,285,570,142,380,1517,380,,t3_finalstring
standard,56,r3,red,mid,法師,xingjie,standard,1,2,4,2,12490,13434,10871,491.2,11.22,16.4,,2,0,1,2,2,1523,184,219,1470,3783,6684,9619,6253,1038,570,285,1092,,380,,t3_psyward
standard,56,r4,red,adc,射手,shengyan,standard,1,3,6,0,13223,9626,10117,457.1,11.43,18.9,,2,0,1,2,2,1167,356,976,1217,3327,5436,8296,6253,475,570,,617,,380,,t3_shieldbreaker|t3_rendspear
standard,56,r5,red,sup,輔助,zhanchang,standard,1,1,1,4,4464,12339,12498,564.7,6.38,11.73,15.99,4,1,2,4,4,449,920,614,1618,4449,7950,11494,6253,196,570,427,1805,,380,1861,t3_calmveil
standard,57,b1,blue,top,戰士,leimingcf,standard,0,2,0,0,12066,25069,10433,441.8,9.89,17.02,21.43,3,1,1,2,3,434,321,415,183,3584,5851,8765,6253,661,1140,,285,26,399,,t3_shieldbreaker|t3_finalstring
standard,57,b2,blue,jungle,刺客,yueying,standard,0,2,3,0,6961,12145,10810,457.7,8.63,15.93,21.88,3,1,1,2,3,767,1436,445,510,3967,6416,8825,6253,427,570,,285,890,399,,t3_finalstring
standard,57,b3,blue,mid,法師,auralith,standard,0,0,3,1,13785,13154,9217,390.3,11.19,18.88,,2,0,1,2,2,1447,823,193,237,3707,6153,8043,6253,937,,142,285,26,399,,t3_psyward
standard,57,b4,blue,adc,射手,xingchen,standard,0,8,9,1,25059,11519,13726,581.2,9.35,16.77,19.47,3,1,1,3,3,253,991,861,1925,3603,6671,10861,6253,646,2850,285,522,,304,,t3_shieldbreaker|t3_rendspear
standard,57,b5,blue,sup,坦克,thornwall,standard,0,2,2,3,5870,22458,12877,545.2,7.49,11.92,15.33,4,1,2,4,4,660,1377,63,676,4560,8617,11363,6253,291,1140,427,522,,399,2329,t3_calmveil|t3_thornmail
standard,57,r1,red,top,戰士,leimingcf,standard,1,5,1,0,14484,26358,12139,514,9.19,16.65,21.62,3,1,1,2,3,519,799,776,689,3669,6329,9426,6253,627,1710,,570,,266,,t3_shieldbreaker|t3_finalstring
standard,57,r2,red,jungle,刺客,yueying,standard,1,1,2,2,9273,12103,11410,483.1,8.7,15.78,21.82,3,1,1,2,3,51,908,814,929,4431,6538,9194,6253,351,570,142,95,1516,266,,t3_finalstring
standard,57,r3,red,mid,法師,auralith,standard,1,3,1,3,20920,14052,12168,515.2,10.42,17.76,21.47,3,0,1,2,3,1561,366,302,1617,3821,5816,9702,6253,1235,1140,427,570,,76,,t3_psyward
standard,57,r4,red,adc,射手,xingchen,standard,1,6,10,1,17193,11301,12937,547.8,7.9,18.34,20.48,3,1,1,2,3,281,706,982,1137,4581,6386,9882,6253,940,1710,142,570,,266,,t3_shieldbreaker|t3_rendspear
standard,57,r5,red,sup,坦克,thornwall,standard,1,2,0,3,6303,18989,13839,586,6.37,12.13,17.33,4,1,2,3,4,187,363,1716,1639,4687,7603,11696,6253,418,570,712,1045,,266,2431,t3_calmveil|t3_thornmail
standard,58,b1,blue,top,坦克,tiankong,standard,0,1,2,0,6504,26458,9932,436.9,6.73,15.47,20.53,3,1,1,2,3,365,587,379,341,4315,5987,8109,6253,810,570,,475,,0,,t3_calmveil|t3_thornmail
standard,58,b2,blue,jungle,戰士,tielian,standard,0,2,1,1,11896,20014,10035,441.4,9.1,16.42,22.18,3,1,1,2,3,957,1107,137,435,4057,6587,8367,6253,715,570,95,,733,0,,t3_finalstring|t3_shieldbreaker
standard,58,b3,blue,mid,法師,xingjie,standard,0,2,2,2,14317,13461,10369,456.1,11.29,19.06,,2,0,1,2,2,1507,210,121,968,3767,5810,8451,6253,915,570,237,475,,0,,t3_psyward
standard,58,b4,blue,adc,射手,dujian,standard,0,6,5,2,19920,12342,12636,555.8,8.59,16.29,19.34,3,1,1,3,3,207,849,462,1786,4207,6649,10382,6253,899,2850,142,237,,0,,t3_shieldbreaker|t3_rendspear
standard,58,b5,blue,sup,坦克,tiebi,standard,0,0,2,2,5883,21896,10508,462.2,6.53,13.07,17.62,3,1,2,3,3,641,1016,384,128,4541,6916,9584,6253,193,,380,237,,0,2520,t3_calmveil|t3_thornmail
standard,58,r1,red,top,坦克,tiankong,standard,1,3,0,2,14960,21660,12223,537.7,7.95,15.54,16.31,4,1,1,3,4,581,763,1612,573,4231,6163,10742,6253,1209,1710,95,855,68,551,,t3_calmveil|t3_thornmail
standard,58,r2,red,jungle,戰士,tielian,standard,1,3,2,1,9111,13897,11908,523.8,9.82,17.17,21.12,3,1,1,2,3,259,667,699,878,4059,6147,9299,6253,129,570,142,380,1272,551,,t3_finalstring|t3_shieldbreaker
standard,58,r3,red,mid,法師,xingjie,standard,1,3,4,2,27291,13638,11281,496.2,9.69,16.86,21.81,3,1,1,2,3,231,531,322,430,4081,5981,9372,6253,1048,1140,95,380,,456,,t3_psyward
standard,58,r4,red,adc,射手,dujian,standard,1,3,5,0,21400,10236,11518,506.7,10.09,17.08,20.95,3,0,1,2,3,1759,752,697,368,3919,5952,9277,6253,953,1140,,380,,551,,t3_shieldbreaker|t3_rendspear
standard,58,r5,red,sup,坦克,tiebi,standard,1,0,0,3,7944,15688,12423,546.5,6.39,11.94,16.39,4,1,2,3,4,1242,646,1153,222,4842,7426,10533,6253,345,,237,855,,551,2291,t3_calmveil|t3_thornmail
standard,59,b1,blue,top,坦克,tiebi,standard,0,2,4,0,7986,38275,12640,462,9.28,12.94,19.25,4,1,2,3,4,719,548,101,1309,3669,7298,8951,6253,855,570,,1045,,228,,t3_calmveil|t3_thornmail
standard,59,b2,blue,jungle,戰士,cinderfist,standard,0,0,2,1,7864,18867,11256,411.4,8.57,19.09,24.6,3,1,1,2,3,616,1187,501,506,3716,5837,7731,6253,142,,,95,1012,228,,t3_shieldbreaker|t3_finalstring
standard,59,b3,blue,mid,法師,gambler,standard,0,7,7,0,18686,19896,14274,521.7,10.28,19.56,23.44,4,0,1,2,4,1580,211,195,923,3840,6111,7745,6253,1168,,,95,,228,,t3_psyward
standard,59,b4,blue,adc,射手,tianfa,standard,0,7,5,1,26334,12719,14283,522.1,10.39,19.46,23.38,4,0,1,2,4,1262,299,225,1103,3422,5379,7545,6253,494,,,570,,228,,t3_shieldbreaker|t3_rendspear
standard,59,b5,blue,sup,輔助,fengshen,standard,0,1,7,1,10057,25752,11923,435.8,5.83,11.18,15.71,4,1,2,3,4,169,459,153,472,5019,7489,9193,6253,190,570,,95,51,228,1805,t3_calmveil
standard,59,r1,red,top,坦克,tiebi,standard,1,6,1,0,16332,29270,15436,564.2,9.03,14.56,17.7,5,1,2,3,5,928,322,332,1886,3878,6652,10262,6253,950,2280,,475,,304,,t3_calmveil|t3_thornmail
standard,59,r2,red,jungle,戰士,cinderfist,standard,1,3,0,4,15653,15894,14873,543.7,9.89,15.88,21.51,3,1,1,2,3,160,1589,1036,4123,4210,7019,9586,6253,278,570,570,,1609,304,,t3_shieldbreaker|t3_finalstring
standard,59,r3,red,mid,法師,gambler,standard,1,5,6,1,21279,18344,14036,513.1,10.2,18.99,24.63,3,0,1,2,3,1599,828,189,1956,3859,6158,8039,6253,1007,,,475,,304,,t3_psyward
standard,59,r4,red,adc,射手,tianfa,standard,1,11,8,1,41189,14050,16782,613.4,9.18,18.02,23.44,4,1,1,2,4,395,294,300,2931,3745,5674,8220,6253,950,570,142,,,304,,t3_shieldbreaker|t3_rendspear
standard,59,r5,red,sup,輔助,fengshen,standard,1,0,2,1,8662,16772,13266,484.9,6.26,13.65,20.08,4,1,2,2,4,601,330,2829,2305,4601,7360,9859,6253,272,,142,950,,304,1936,t3_calmveil
standard,60,b1,blue,top,坦克,shengdun,standard,1,1,2,0,10918,28558,10580,429.6,7.39,15.67,19.32,3,1,1,3,3,399,397,297,949,4049,5797,9027,6253,779,570,,1425,,0,,t3_calmveil|t3_thornmail
standard,60,b2,blue,jungle,戰士,dushe,standard,1,0,4,0,8151,18660,9473,384.7,7.81,17.97,,2,1,1,2,2,140,282,451,1242,3940,5762,7731,6253,554,,,,923,0,,t3_finalstring|t3_shieldbreaker
standard,60,b3,blue,mid,法師,ronghuo,standard,1,1,8,0,13154,17858,10156,412.4,10.67,18.3,,2,0,1,2,2,1308,343,473,875,3568,5943,8603,6253,829,570,,950,,0,,t3_psyward
standard,60,b4,blue,adc,射手,dawnstrike,standard,1,1,9,0,18492,14355,9076,368.6,10.46,20.34,,2,0,1,1,2,1398,196,1230,796,3558,5396,7030,6253,725,,,,51,0,,t3_shieldbreaker|t3_rendspear
standard,60,b5,blue,sup,坦克,stoneguard,standard,1,0,6,0,7774,23699,12355,501.7,6.98,12.99,18.61,4,1,2,3,4,644,556,1904,575,4544,7356,10404,6253,227,,,1900,,0,2022,t3_calmveil|t3_thornmail
standard,60,r1,red,top,坦克,shengdun,standard,0,3,0,1,13663,21290,13002,528,8.22,14.08,18.19,4,1,2,3,4,244,401,368,752,3894,6351,10398,6253,953,1140,285,1235,,532,,t3_calmveil|t3_thornmail
standard,60,r2,red,jungle,戰士,dushe,standard,0,5,1,0,18581,20542,13667,555,8.92,14.88,19.42,4,1,2,3,4,648,166,311,967,4448,6966,9911,6253,342,1140,,285,1358,532,,t3_finalstring|t3_shieldbreaker
standard,60,r3,red,mid,法師,ronghuo,standard,0,14,1,1,25722,15245,19114,776.2,10.68,13.22,17.55,5,0,2,4,5,1599,970,1138,2964,3859,9420,15538,6253,1152,6840,,760,,532,,t3_psyward
standard,60,r4,red,adc,射手,dawnstrike,standard,0,5,0,1,25576,10202,13303,540.2,11.35,18.48,21.33,3,0,1,2,3,1588,740,272,1503,3748,5940,8372,6253,1016,,285,285,,532,,t3_shieldbreaker|t3_rendspear
standard,60,r5,red,sup,坦克,stoneguard,standard,0,2,1,3,8178,20459,13417,544.8,7.28,11.33,17.99,4,1,2,3,4,409,441,247,1216,5209,7681,10227,6253,297,570,570,285,,532,1719,t3_calmveil|t3_thornmail
standard,61,b1,blue,top,坦克,shiqiang,standard,1,0,2,0,6322,23181,8193,381.2,9.03,16.48,,2,1,1,2,2,643,491,376,462,3593,5341,7526,6253,722,,,475,,76,,t3_calmveil|t3_thornmail
standard,61,b2,blue,jungle,戰士,jufeng,standard,1,0,5,0,5382,14672,8883,413.3,9.27,16.57,,2,1,1,2,2,560,915,279,482,3660,6145,8079,6253,266,,,475,1008,76,,t3_finalstring|t3_shieldbreaker
standard,61,b3,blue,mid,法師,gambler,standard,1,3,3,0,13627,14984,10701,497.9,10.36,16.61,20.74,3,0,1,2,3,1466,192,754,550,3726,6272,10034,6253,1045,1710,,950,,76,,t3_psyward
standard,61,b4,blue,adc,射手,yanfeng,standard,1,1,5,0,9175,10858,8611,400.7,10.73,17.1,,2,0,1,2,2,1357,647,774,510,3517,5797,7944,6253,570,570,,475,,76,,t3_shieldbreaker|t3_rendspear
standard,61,b5,blue,sup,坦克,bingshouweis,standard,1,0,2,0,6024,18168,9890,460.2,7.08,13.22,19.06,3,1,2,3,3,268,343,500,910,4468,6843,9180,6253,171,,,,,76,2680,t3_calmveil|t3_thornmail
standard,61,r1,red,top,坦克,shiqiang,standard,0,4,0,1,11647,16354,12876,599.1,7.47,13.72,16.8,4,1,2,4,4,1384,360,480,626,4334,7070,11830,6253,1748,1710,142,1520,,456,,t3_calmveil|t3_thornmail
standard,61,r2,red,jungle,戰士,jufeng,standard,0,1,0,2,7294,10577,10518,489.4,8.75,16.1,21.48,3,1,1,2,3,223,1685,1058,138,4623,7165,9658,6253,380,570,285,95,1618,456,,t3_finalstring|t3_shieldbreaker
standard,61,r3,red,mid,法師,gambler,standard,0,3,2,1,18635,12927,10226,475.8,10.73,18.96,,2,0,1,2,2,1618,180,161,825,3878,5930,9141,6253,1054,1140,142,95,,456,,t3_psyward
standard,61,r4,red,adc,射手,yanfeng,standard,0,5,2,5,17605,10229,12914,600.9,10.2,16.66,19.83,3,0,1,3,3,2127,786,132,1114,4287,6586,10652,6253,855,1140,1140,807,,456,,t3_shieldbreaker|t3_rendspear
standard,61,r5,red,sup,坦克,bingshouweis,standard,0,4,0,3,7528,15611,13275,617.7,6.72,12.94,17.29,4,1,2,4,4,373,753,610,1075,4573,7993,12210,6253,294,2280,285,332,,456,2308,t3_calmveil|t3_thornmail
standard,62,b1,blue,top,坦克,tiemu,standard,0,0,4,1,10657,25230,8989,389.3,9.24,15.01,20.82,3,1,1,2,3,271,687,352,58,3821,5987,7982,6253,1102,,285,95,,247,,t3_calmveil|t3_thornmail
standard,62,b2,blue,jungle,戰士,langwang,standard,0,0,4,2,6193,14398,9216,399.1,9.32,18.13,,2,1,1,2,2,631,1333,323,1035,3731,5863,8023,6253,193,,427,95,807,247,,t3_shieldbreaker|t3_finalstring
standard,62,b3,blue,mid,法師,ronghuo,standard,0,1,3,0,11666,15653,10379,449.5,10.43,16.68,,2,0,1,2,2,1466,329,227,978,3726,6529,9277,6253,1019,570,,1282,,152,,t3_psyward
standard,62,b4,blue,adc,射手,siwang,standard,0,9,5,0,25496,10405,14005,606.5,10.28,17.68,20.22,4,0,1,2,4,1433,222,2331,784,3593,5902,11231,6253,741,3420,,570,,247,,t3_shieldbreaker|t3_rendspear
standard,62,b5,blue,sup,輔助,mingyun,standard,0,2,2,2,5209,16478,12195,528.1,6.12,11.95,18.91,4,1,2,3,4,178,645,876,815,4478,7195,10106,6253,212,570,427,332,,247,2063,t3_calmveil
standard,62,r1,red,top,坦克,tiemu,standard,1,3,1,2,9364,21992,12564,544.1,7.94,13.96,18.21,4,1,2,3,4,991,73,1729,414,4541,6403,10579,6253,1206,1140,142,1425,51,361,,t3_calmveil|t3_thornmail
standard,62,r2,red,jungle,戰士,langwang,standard,1,7,3,1,17224,20136,13994,606,7.88,14.98,18.02,4,1,2,3,4,201,64,159,594,4251,7714,10909,6253,503,2280,142,,1369,361,,t3_shieldbreaker|t3_finalstring
standard,62,r3,red,mid,法師,ronghuo,standard,1,2,5,1,11616,14034,11041,478.1,9.64,17.68,22.8,3,1,1,2,3,123,148,408,490,3973,6348,9388,6253,1254,570,285,950,,76,,t3_psyward
standard,62,r4,red,adc,射手,siwang,standard,1,3,3,4,23642,8402,12105,524.2,10.28,18.62,21.74,3,0,1,2,3,1528,193,315,2104,3688,5873,7935,6253,703,,142,475,,361,,t3_shieldbreaker|t3_rendspear
standard,62,r5,red,sup,輔助,mingyun,standard,1,3,0,1,5150,16247,12741,551.7,5.73,11.48,15.63,4,1,2,3,4,293,861,1288,1360,5143,7891,10518,6253,133,1710,142,,34,361,1884,t3_calmveil
standard,63,b1,blue,top,坦克,dadi,standard,0,0,0,1,11295,24752,10200,432.5,8.82,14.1,19.77,3,1,2,3,3,833,584,335,869,3783,6434,8885,6253,921,,285,855,,570,,t3_calmveil|t3_thornmail
standard,63,b2,blue,jungle,戰士,jingci,standard,0,4,2,0,14326,15342,12326,522.6,8.99,16.13,22.45,3,1,1,2,3,490,1587,1138,975,4540,7017,9688,6253,335,1140,,380,1199,380,,t3_shieldbreaker|t3_finalstring
standard,63,b3,blue,mid,法師,gambler,standard,0,7,2,0,17540,13346,13256,562.1,11.01,16.73,20.63,3,0,1,2,3,1441,230,811,1175,3701,6430,10211,6253,728,2280,,380,,570,,t3_psyward
standard,63,b4,blue,adc,射手,phantom,standard,0,7,4,1,16459,10188,13842,586.9,9.54,15.5,18.57,4,1,1,3,4,223,2045,777,41,4223,7425,11557,6253,981,2850,285,617,,570,,t3_shieldbreaker|t3_rendspear
standard,63,b5,blue,sup,輔助,tianshi,standard,0,1,0,1,5110,14738,11810,500.8,6.67,12.82,16.73,4,1,2,3,4,235,604,1018,1009,4535,7334,10248,6253,224,570,,617,,570,2012,t3_calmveil
standard,63,r1,red,top,坦克,dadi,standard,1,0,1,2,8518,25399,10494,445,8.75,16.23,19.63,3,1,1,3,3,719,424,188,964,3669,5474,8818,6253,855,,285,1425,,0,,t3_calmveil|t3_thornmail
standard,63,r2,red,jungle,戰士,jingci,standard,1,2,2,1,14314,16689,10917,462.9,8.82,16.25,22.11,3,1,1,2,3,173,1054,981,1067,4523,6484,9161,6253,456,1140,,,1312,0,,t3_shieldbreaker|t3_finalstring
standard,63,r3,red,mid,法師,gambler,standard,1,1,4,1,18915,14000,10133,429.7,11.36,19.23,,2,0,1,2,2,1352,21,328,833,3612,5531,7678,6253,950,,,475,,0,,t3_psyward
standard,63,r4,red,adc,射手,phantom,standard,1,5,8,0,15564,10813,11349,481.2,8.18,18.93,22.01,3,1,1,2,3,756,493,203,399,4106,5873,8153,6253,760,1140,,,,0,,t3_shieldbreaker|t3_rendspear
standard,63,r5,red,sup,輔助,tianshi,standard,1,0,4,1,4840,16310,10616,450.1,7.36,12.56,17.83,3,1,2,3,3,168,199,517,1575,4468,7229,8977,6253,285,,,475,,0,1964,t3_calmveil
standard,64,b1,blue,top,坦克,tixue,standard,0,4,0,0,12546,23029,12568,507.6,7.74,12.33,19.09,4,1,2,3,4,369,297,758,918,4019,7287,10308,6253,976,2280,,190,,608,,t3_calmveil|t3_thornmail
standard,64,b2,blue,jungle,戰士,greymantle,standard,0,1,3,2,8444,15094,11127,449.4,9.26,17.3,22.13,3,1,1,2,3,792,966,866,1226,3892,6446,8566,6253,327,,427,190,855,513,,t3_finalstring|t3_shieldbreaker
standard,64,b3,blue,mid,法師,ronghuo,standard,0,5,5,1,22021,16779,13959,563.8,10.53,17.47,21.54,4,0,1,2,4,1592,468,950,128,3852,6968,9400,6253,1113,,285,1140,,608,,t3_psyward
standard,64,b4,blue,adc,射手,huanying,standard,0,9,4,3,35900,13051,15903,642.3,8.39,16.6,20.02,4,1,1,2,4,887,1078,1794,2052,4237,6878,10374,6253,568,1710,570,665,,608,,t3_shieldbreaker|t3_rendspear
standard,64,b5,blue,sup,坦克,tieshixin,standard,0,0,3,1,7699,20992,10743,433.9,7.04,12.25,19.57,3,1,2,3,3,689,422,358,763,4589,7362,8958,6253,168,,142,190,,323,1881,t3_calmveil|t3_thornmail
standard,64,r1,red,top,坦克,tixue,standard,1,3,0,2,9207,26001,13106,529.3,7.97,15.09,19.54,4,1,1,3,4,922,885,366,1675,3872,6285,9496,6253,1007,1140,570,475,51,0,,t3_calmveil|t3_thornmail
standard,64,r2,red,jungle,戰士,greymantle,standard,1,2,3,0,8928,19790,11002,444.4,9.02,17.42,21.36,3,1,1,2,3,969,779,536,451,4069,6259,9136,6253,221,1140,,,1520,0,,t3_finalstring|t3_shieldbreaker
standard,64,r3,red,mid,法師,ronghuo,standard,1,2,6,1,21342,17223,11383,459.7,10.45,17.62,23.88,3,0,1,2,3,1599,809,232,552,3859,6139,8362,6253,1064,570,,475,,0,,t3_psyward
standard,64,r4,red,adc,射手,huanying,standard,1,7,7,0,21887,13004,13872,560.3,9.93,16.26,20.85,4,1,1,2,4,262,225,895,651,3612,6025,8875,6253,1007,1140,,475,,0,,t3_shieldbreaker|t3_rendspear
standard,64,r5,red,sup,坦克,tieshixin,standard,1,1,3,1,6685,24234,12008,485,8.01,13.07,17.23,4,1,2,3,4,370,426,655,807,4570,6926,9615,6253,348,570,,,,0,2443,t3_calmveil|t3_thornmail
standard,65,b1,blue,top,坦克,suishan,standard,0,2,2,0,14842,27161,10272,408.1,7.25,13.58,21.21,3,1,2,2,3,187,247,1158,771,4087,6747,8438,6253,703,1140,,190,,152,,t3_calmveil|t3_thornmail
standard,65,b2,blue,jungle,戰士,hunpo,standard,0,3,5,1,4858,13049,12038,478.3,10.63,19.54,22.23,3,0,1,2,3,1480,589,566,1308,3690,6089,9066,6253,323,1140,142,190,865,152,,t3_psyward
standard,65,b3,blue,mid,法師,haixiao,standard,0,4,5,1,21764,15853,12254,486.9,10.95,19.53,22.89,3,0,1,2,3,1314,403,249,753,3574,6253,8229,6253,874,,285,665,,152,,t3_psyward
standard,65,b4,blue,adc,射手,guangsu,standard,0,5,7,1,19660,12005,12400,492.7,9.93,18.14,22.29,3,1,1,2,3,129,664,795,799,3479,6044,8115,6253,475,570,,665,,152,,t3_shieldbreaker|t3_rendspear
standard,65,b5,blue,sup,輔助,huanjing,standard,0,0,5,2,6650,19882,10883,432.4,6.49,11.83,17.06,4,1,2,3,4,449,1009,457,182,4449,7259,8917,6253,95,,142,190,77,152,2006,t3_calmveil
standard,65,r1,red,top,坦克,suishan,standard,1,4,0,1,16478,31272,12754,506.8,6.95,14.81,19.93,4,1,2,3,4,77,310,312,554,4277,6690,9812,6253,779,1140,285,950,,405,,t3_calmveil|t3_thornmail
standard,65,r2,red,jungle,戰士,hunpo,standard,1,2,3,4,9635,11206,12267,487.4,9.21,16.61,23.99,3,1,1,2,3,351,589,323,486,4801,6989,9203,6253,351,570,522,,1354,152,,t3_psyward
standard,65,r3,red,mid,法師,haixiao,standard,1,10,4,0,21952,15530,16611,660,8.78,15.9,20.05,5,1,1,2,5,617,544,2248,511,4467,6994,11598,6253,1140,2850,,950,,405,,t3_psyward
standard,65,r4,red,adc,射手,guangsu,standard,1,8,7,3,28339,11278,14971,594.9,10.43,17.97,22.89,4,0,1,2,4,1443,413,445,1750,3603,5493,8695,6253,674,1140,237,237,,152,,t3_shieldbreaker|t3_rendspear
standard,65,r5,red,sup,輔助,huanjing,standard,1,0,0,4,9444,18248,13056,518.8,7.35,11.63,16.33,4,1,2,3,4,270,493,742,1605,4820,7223,9782,6253,171,,665,237,,405,2049,t3_calmveil
standard,66,b1,blue,top,坦克,thornwall,standard,0,0,1,0,6414,20992,8795,407.3,8.32,15.45,20.18,3,1,1,2,3,271,782,637,644,3821,6082,8267,6253,988,,,950,,76,,t3_calmveil|t3_thornmail
standard,66,b2,blue,jungle,戰士,leimingcf,standard,0,0,2,0,5396,13378,8309,384.8,9.7,18,,2,1,1,2,2,693,176,14,808,3793,5726,7514,6253,278,,,,906,76,,t3_shieldbreaker|t3_finalstring
standard,66,b3,blue,mid,法師,leiming,standard,0,0,3,0,13453,13478,8608,398.7,11.14,19.96,,2,0,1,2,2,1504,182,148,477,3764,5512,7498,6253,931,,,237,,76,,t3_psyward
standard,66,b4,blue,adc,射手,mori,standard,0,3,2,0,12651,10090,10553,488.8,9.5,17.88,,2,1,1,2,2,376,829,1141,1803,3726,5729,9291,6253,855,1140,,950,17,76,,t3_shieldbreaker|t3_rendspear
standard,66,b5,blue,sup,輔助,fuwenbianzhi,standard,0,0,4,0,4430,19181,9359,433.4,6.34,12.38,17.88,3,1,2,3,3,582,78,251,318,4582,7108,8831,6253,367,,,237,51,76,1845,t3_calmveil
standard,66,r1,red,top,坦克,thornwall,standard,1,5,0,0,10969,19898,13360,618.8,8.45,12.55,16.97,4,1,2,4,4,22,327,284,1210,4422,7557,12434,6253,1038,2850,,1805,30,456,,t3_calmveil|t3_thornmail
standard,66,r2,red,jungle,戰士,leimingcf,standard,1,4,1,1,11292,12148,12305,569.9,9.98,16.72,18.68,3,1,1,3,3,136,1168,662,1374,4186,6598,10212,6253,285,1140,285,380,1412,456,,t3_shieldbreaker|t3_finalstring
standard,66,r3,red,mid,法師,leiming,standard,1,0,0,1,13157,13019,9890,458.1,9.57,17.47,,2,1,1,2,2,218,186,115,490,4068,6386,8565,6253,1190,,285,380,,456,,t3_psyward
standard,66,r4,red,adc,射手,mori,standard,1,3,1,1,16180,8692,10923,505.9,9.27,18.11,21.43,3,1,1,2,3,433,459,1100,442,3783,6139,9350,6253,836,1140,285,380,,456,,t3_shieldbreaker|t3_rendspear
standard,66,r5,red,sup,輔助,fuwenbianzhi,standard,1,0,1,1,5055,12214,10539,488.1,5.75,11.88,16.98,3,1,2,3,3,544,569,458,1308,4544,7299,9688,6253,259,,285,380,,456,2054,t3_calmveil
standard,67,b1,blue,top,坦克,ironclad,standard,0,0,1,0,10645,21201,8921,407.9,9.57,16.28,21.42,3,1,1,2,3,833,245,1557,270,3783,5645,8267,6253,741,,,1045,,228,,t3_calmveil|t3_thornmail
standard,67,b2,blue,jungle,戰士,fengbao,standard,0,1,3,1,5957,14904,9529,435.8,8.29,15.39,,2,1,1,2,2,447,1374,530,928,4247,6854,8830,6253,308,570,142,95,1232,228,,t3_finalstring|t3_shieldbreaker
standard,67,b3,blue,mid,法師,haixiao,standard,0,1,5,2,15721,13698,9101,416.2,10.43,19.05,,2,0,1,2,2,1599,228,385,951,3859,5978,7935,6253,931,,427,95,,228,,t3_psyward
standard,67,b4,blue,adc,射手,leiting,standard,0,5,4,1,18392,12049,11728,536.3,9.32,15.86,20.32,3,1,1,2,3,628,866,1373,877,3978,6666,9953,6253,907,1710,285,570,,228,,t3_shieldbreaker|t3_rendspear
standard,67,b5,blue,sup,坦克,thornwall,standard,0,1,4,0,5873,18105,11380,520.4,6.58,11.47,17.27,4,1,2,3,4,534,1009,785,80,4734,8249,10765,6253,228,570,,1045,,228,2440,t3_calmveil|t3_thornmail
standard,67,r1,red,top,坦克,ironclad,standard,1,3,0,1,10639,20608,12078,552.3,8.85,14.78,19.7,4,1,2,3,4,192,221,805,727,4442,6171,10835,6253,829,1710,,1662,,380,,t3_calmveil|t3_thornmail
standard,67,r2,red,jungle,戰士,fengbao,standard,1,2,0,1,7316,12846,11068,506.1,8.84,15.38,20.83,3,1,1,2,3,530,1426,1472,687,4630,6906,10072,6253,278,1140,142,237,1640,380,,t3_finalstring|t3_shieldbreaker
standard,67,r3,red,mid,法師,haixiao,standard,1,5,5,0,14096,15296,12334,564.1,10.43,17.6,21.38,3,0,1,2,3,1669,153,913,1304,3929,5753,10313,6253,1019,1710,,950,,380,,t3_psyward
standard,67,r4,red,adc,射手,leiting,standard,1,6,3,3,23664,10528,12825,586.5,10.58,17.04,20.53,3,0,1,2,3,1443,146,1103,1975,3603,5826,9683,6253,579,1140,855,475,,380,,t3_shieldbreaker|t3_rendspear
standard,67,r5,red,sup,坦克,thornwall,standard,1,1,0,4,6465,17259,12243,559.9,7.27,12.06,17.29,4,1,2,3,4,914,1040,1577,643,5114,7980,11077,6253,332,570,712,950,,380,1878,t3_calmveil|t3_thornmail
standard,68,b1,blue,top,坦克,bingshouweis,standard,0,1,2,1,9081,23834,9355,409.6,7.76,15.93,22.2,3,1,1,2,3,114,549,445,225,3764,5949,7735,6253,988,,,190,,304,,t3_calmveil|t3_thornmail
standard,68,b2,blue,jungle,戰士,anliuyouXia,standard,0,2,1,0,11142,17763,10285,450.3,7.12,15.61,21.65,3,1,1,2,3,384,1796,701,204,4484,7276,9301,6253,136,1140,,190,1277,304,,t3_finalstring|t3_shieldbreaker
standard,68,b3,blue,mid,法師,leiming,standard,0,3,0,1,18642,13240,11173,489.1,11.27,19.38,,2,0,1,2,2,1403,366,88,1772,3663,6266,7938,6253,715,,,665,,304,,t3_psyward
standard,68,b4,blue,adc,射手,liangzi,standard,0,2,3,3,18713,12170,10565,462.5,10.23,18.99,,2,0,1,2,2,1474,300,147,1984,3634,5800,7947,6253,725,,,665,,304,,t3_shieldbreaker|t3_rendspear
standard,68,b5,blue,sup,坦克,shengdun,standard,0,2,4,1,6467,22679,12703,556.1,6.57,11.77,15.92,4,1,2,3,4,276,1389,1340,503,5076,8629,11320,6253,171,1140,285,665,,304,2502,t3_calmveil|t3_thornmail
standard,68,r1,red,top,坦克,bingshouweis,standard,1,1,1,1,13441,22550,11652,510.1,6.88,14.28,19.53,3,1,2,3,3,1812,480,373,1622,4762,6890,10403,6253,1339,570,285,1710,17,228,,t3_calmveil|t3_thornmail
standard,68,r2,red,jungle,戰士,anliuyouXia,standard,1,2,3,2,11480,17975,11130,487.3,7.13,15.79,21.04,3,1,1,2,3,663,899,646,1529,4463,6379,9246,6253,285,1140,,285,1054,228,,t3_finalstring|t3_shieldbreaker
standard,68,r3,red,mid,法師,leiming,standard,1,5,2,1,29355,12287,12101,529.8,10.38,16.22,21.79,3,0,1,2,3,1656,399,493,590,3916,6899,9293,6253,1102,1140,285,285,,228,,t3_psyward
standard,68,r4,red,adc,射手,liangzi,standard,1,2,4,0,15028,12305,9596,420.1,10.29,19.58,,2,0,1,2,2,1386,349,420,1315,3546,5249,7320,6253,554,,,285,,228,,t3_shieldbreaker|t3_rendspear
standard,68,r5,red,sup,坦克,shengdun,standard,1,0,0,2,4842,19893,10624,465.1,7.22,12.69,18.54,3,1,2,3,3,382,192,341,643,4582,7132,9241,6253,253,,285,285,,228,1936,t3_calmveil|t3_thornmail
standard,69,b1,blue,top,坦克,tiankong,standard,0,1,0,0,9992,24981,9991,457.1,8.78,14.39,19.44,3,1,2,3,3,138,242,310,461,3688,6092,9360,6253,959,570,,950,,627,,t3_calmveil|t3_thornmail
standard,69,b2,blue,jungle,刺客,yueying,standard,0,1,5,0,4985,11013,9049,414,8.86,16.91,,2,1,1,2,2,502,824,171,969,3702,5754,8251,6253,221,570,,,958,247,,t3_finalstring
standard,69,b3,blue,mid,法師,haixiao,standard,0,2,4,0,12901,13222,9640,441,11.06,18.11,,2,0,1,2,2,1314,258,166,759,3574,5588,9046,6253,1026,1140,,475,,152,,t3_psyward
standard,69,b4,blue,adc,射手,shengyan,standard,0,4,4,0,14952,9831,10314,471.9,10.11,17.41,21.78,3,0,1,2,3,1952,730,301,294,4112,5930,9151,6253,703,1710,,237,,247,,t3_shieldbreaker|t3_rendspear
standard,69,b5,blue,sup,輔助,zhanchang,standard,0,0,2,1,4628,15464,11146,509.9,6.58,13.1,17.22,4,1,2,3,4,449,338,1227,265,4449,6818,10267,6253,281,,,1187,,627,1917,t3_calmveil
standard,69,r1,red,top,坦克,tiankong,standard,1,5,0,0,11889,22008,12134,555.1,8.46,13.77,18.66,4,1,2,3,4,136,210,230,583,3686,6360,10160,6253,760,1710,,1140,68,228,,t3_calmveil|t3_thornmail
standard,69,r2,red,jungle,刺客,yueying,standard,1,1,1,1,7998,10234,10578,484,8.82,14.97,20.43,3,1,2,2,3,307,170,1396,448,4157,7720,9726,6253,513,570,285,190,1687,228,,t3_finalstring
standard,69,r3,red,mid,法師,haixiao,standard,1,3,2,1,11471,12480,10945,500.7,10.44,17.13,21.41,3,0,1,2,3,1523,219,824,394,3783,6719,10104,6253,962,1710,285,665,,228,,t3_psyward
standard,69,r4,red,adc,射手,shengyan,standard,1,6,4,4,22155,9857,13624,623.3,9.82,16.95,19.7,4,1,1,3,4,230,361,295,403,3580,6041,10775,6253,589,1710,855,1140,,228,,t3_shieldbreaker|t3_rendspear
standard,69,r5,red,sup,輔助,zhanchang,standard,1,0,1,2,5538,13002,10818,494.9,5.93,13.38,18.86,4,1,2,3,4,276,376,1119,418,4576,7406,9699,6253,367,,285,665,,228,1900,t3_calmveil
standard,70,b1,blue,top,坦克,tiebi,standard,1,0,1,1,7931,19848,9714,434.5,8.68,14.83,22.3,3,1,2,2,3,266,275,1158,163,3916,6225,8448,6253,1140,,,902,,152,,t3_calmveil|t3_thornmail
standard,70,b2,blue,jungle,刺客,yeiren,standard,1,2,2,0,8399,10538,10274,459.5,8.89,16.58,21.64,3,1,1,2,3,115,957,1479,474,4015,6287,8659,6253,399,570,,190,1094,152,,t3_finalstring
standard,70,b3,blue,mid,法師,bingshuang,standard,1,0,4,1,12739,12660,9423,421.4,10.46,20.16,,2,0,1,1,2,1384,128,1922,622,3644,6028,8422,6253,829,,285,902,,152,,t3_psyward
standard,70,b4,blue,adc,射手,xingchen,standard,1,6,3,0,14943,10303,11827,529,8.38,16.18,21.22,3,1,1,2,3,1092,618,1144,26,4442,6418,9724,6253,798,2280,,190,51,152,,t3_shieldbreaker|t3_rendspear
standard,70,b5,blue,sup,坦克,thornwall,standard,1,0,1,0,8422,18110,11355,507.8,7.88,13.14,18.61,3,1,2,3,3,408,589,431,1374,4608,7249,10411,6253,253,,,1140,,152,2612,t3_calmveil|t3_thornmail
standard,70,r1,red,top,坦克,tiebi,standard,0,0,0,0,10108,20774,9723,434.9,8.8,15.93,19.85,3,1,1,3,3,890,188,263,293,3840,5588,8913,6253,836,,,1425,,399,,t3_calmveil|t3_thornmail
standard,70,r2,red,jungle,刺客,yeiren,standard,0,1,2,0,7687,10396,10000,447.3,8.91,15.82,22.18,3,1,1,2,3,513,1172,1297,200,4413,6502,9247,6253,342,570,,,1682,399,,t3_finalstring
standard,70,r3,red,mid,法師,bingshuang,standard,0,4,2,0,11118,13828,11541,516.2,10.19,17.97,21.62,3,0,1,2,3,1745,199,153,511,4005,6399,9553,6253,1285,1140,,475,,399,,t3_psyward
standard,70,r4,red,adc,射手,xingchen,standard,0,6,4,0,15179,9924,12602,563.6,10.13,16.27,19.8,3,0,1,3,3,2203,900,239,801,4363,6700,10139,6253,921,1710,,950,,304,,t3_shieldbreaker|t3_rendspear
standard,70,r5,red,sup,坦克,thornwall,standard,0,0,0,0,9409,18473,10938,489.2,6.79,13.09,18.48,3,1,2,3,3,417,307,646,958,4617,7087,10146,6253,338,,,475,,399,2680,t3_calmveil|t3_thornmail
standard,71,b1,blue,top,坦克,xukong,standard,1,1,0,0,10949,24834,12292,504.3,7.75,15,18.38,4,1,2,3,4,367,271,131,642,4017,6221,9261,6253,1127,570,,760,,551,,t3_calmveil|t3_thornmail
standard,71,b2,blue,jungle,刺客,sting,standard,1,0,4,0,7328,11352,10467,429.4,9.13,16.09,23.44,3,1,1,2,3,47,1056,349,666,3947,6386,8479,6253,196,,,285,1193,551,,t3_finalstring
standard,71,b3,blue,mid,法師,mingyun2,standard,1,7,3,0,21794,15429,14015,575,10.5,16.63,22.69,3,0,1,2,3,1371,1003,862,1535,3631,7203,10262,6253,893,2280,,285,,551,,t3_psyward
standard,71,b4,blue,adc,射手,dujian,standard,1,7,2,0,24962,12590,13869,569,8.93,16.85,19.06,4,1,1,3,4,477,364,425,649,3827,6164,10325,6253,1051,2280,,285,,456,,t3_shieldbreaker|t3_rendspear
standard,71,b5,blue,sup,坦克,tiankong,standard,1,1,2,1,7152,21644,12458,511.1,7.28,12.08,17.11,4,1,2,3,4,101,384,308,858,4601,7324,10288,6253,266,570,,760,,551,1887,t3_calmveil|t3_thornmail
standard,71,r1,red,top,坦克,xukong,standard,0,2,0,0,12621,26609,12227,501.6,7.93,15.43,21.44,4,1,1,2,4,817,609,1051,576,3767,6009,8341,6253,991,570,,475,51,0,,t3_calmveil|t3_thornmail
standard,71,r2,red,jungle,刺客,sting,standard,0,4,3,0,8291,14778,12093,496.1,7.08,14.23,20.57,3,1,2,2,3,686,985,1309,1213,4586,7685,9739,6253,506,1710,,,1268,0,,t3_finalstring
standard,71,r3,red,mid,法師,mingyun2,standard,0,3,4,1,17948,15252,11366,466.3,10.26,20.02,,2,0,1,1,2,1502,322,1132,1965,3762,5922,7632,6253,1067,,285,,26,0,,t3_psyward
standard,71,r4,red,adc,射手,dujian,standard,0,2,8,3,18065,13577,10589,434.4,9.88,19.56,,2,1,1,2,2,120,460,354,2008,3470,5240,7254,6253,715,,285,,,0,,t3_shieldbreaker|t3_rendspear
standard,71,r5,red,sup,坦克,tiankong,standard,0,0,1,2,6005,21248,12052,494.4,7.01,13.68,19.39,4,1,2,3,4,654,687,551,251,4554,7167,10351,6253,215,,285,950,51,0,2595,t3_calmveil|t3_thornmail
standard,72,b1,blue,top,坦克,shiqiang,standard,0,1,3,0,16054,42322,13415,427.5,7.88,13.44,20.73,4,1,2,2,4,328,259,2057,1284,3878,6589,9287,6253,1019,570,,1140,,304,,t3_calmveil|t3_thornmail
standard,72,b2,blue,jungle,刺客,yingsi,standard,0,1,5,0,5483,17810,13278,423.1,8.76,15.89,23.7,4,1,1,2,4,448,1075,463,528,3648,6655,8493,6253,250,570,,190,925,304,,t3_finalstring
standard,72,b3,blue,mid,法師,bingshuang,standard,0,16,6,0,46072,23111,21294,678.5,11.55,17.08,22.67,5,0,1,2,5,1485,176,659,5143,3745,6076,10059,6253,1127,1710,,665,,304,,t3_psyward
standard,72,b4,blue,adc,射手,tianfa,standard,0,15,12,2,67033,17035,21537,686.3,9.83,16.83,20.72,5,1,1,2,5,319,1134,567,5937,3669,6814,9467,6253,772,570,427,1140,,304,,t3_shieldbreaker|t3_rendspear
standard,72,b5,blue,sup,輔助,fengshen,standard,0,1,5,2,10646,25662,14311,456,7.32,12.61,14.72,4,1,3,3,4,592,133,478,2860,4592,7833,9518,6253,250,570,142,190,,304,1808,t3_calmveil
standard,72,r1,red,top,坦克,shiqiang,standard,1,8,2,1,22106,43643,18181,579.3,8.24,14.36,17.64,5,1,2,3,5,241,831,2280,4630,4391,6681,12210,6253,959,3420,,1425,,152,,t3_calmveil|t3_thornmail
standard,72,r2,red,jungle,刺客,yingsi,standard,1,2,5,2,7583,18196,15209,484.6,8.79,15.02,21.43,4,1,1,2,4,177,1414,705,1858,4327,6994,9035,6253,304,570,285,,1470,152,,t3_finalstring
standard,72,r3,red,mid,法師,bingshuang,standard,1,3,9,1,28685,21083,14080,448.6,11.08,19.9,26.43,4,0,1,2,4,1371,343,271,249,3631,5493,7621,6253,931,,285,,,152,,t3_psyward
standard,72,r4,red,adc,射手,tianfa,standard,1,18,12,1,66019,19198,22294,710.4,10.28,18.68,22.67,5,0,1,2,5,1300,147,277,6694,3460,5227,8077,6253,627,570,,475,,152,,t3_shieldbreaker|t3_rendspear
standard,72,r5,red,sup,輔助,fengshen,standard,1,0,6,7,11970,28316,15813,503.9,6.73,12.17,17.13,5,1,2,3,5,225,494,536,2612,4525,7524,9576,6253,218,,570,475,,152,1907,t3_calmveil
standard,73,b1,blue,top,坦克,longji,standard,1,1,2,1,5214,19839,10053,449.8,9.6,15.87,18.27,3,1,1,3,3,395,393,1058,523,3945,5693,9208,6253,1073,570,285,950,,76,,t3_calmveil|t3_thornmail
standard,73,b2,blue,jungle,刺客,shanying,standard,1,0,4,1,6307,12355,8985,402,8.86,17.02,,2,1,1,2,2,650,333,1087,905,3850,5913,8037,6253,465,,285,,957,76,,t3_finalstring
standard,73,b3,blue,mid,法師,mingyun2,standard,1,3,6,0,13825,14249,10402,465.4,10.64,18.63,,2,0,1,2,2,1540,512,767,1522,3800,5662,8417,6253,991,570,,475,51,76,,t3_psyward
standard,73,b4,blue,adc,射手,dawnstrike,standard,1,3,5,1,15776,11561,10946,489.8,10.53,17.23,20.63,3,0,1,2,3,1604,546,743,1046,3764,5446,9493,6253,788,1140,285,950,,76,,t3_shieldbreaker|t3_rendspear
standard,73,b5,blue,sup,輔助,shengguang,standard,1,0,2,0,2736,15448,10491,469.4,5.93,12.22,18.32,3,1,2,3,3,898,177,606,1451,4598,6907,9646,6253,215,,,950,,76,2151,t3_calmveil
standard,73,r1,red,top,坦克,longji,standard,0,2,0,4,6654,21002,11210,501.6,8.55,16.31,18.02,3,1,1,3,3,193,533,245,1280,3743,5833,10175,6253,817,1140,712,760,17,475,,t3_calmveil|t3_thornmail
standard,73,r2,red,jungle,刺客,shanying,standard,0,6,2,2,10783,12750,13333,596.6,8.77,15,18.54,4,1,2,3,4,196,165,2260,583,4826,7295,11910,6253,216,2850,237,285,1592,475,,t3_finalstring
standard,73,r3,red,mid,法師,mingyun2,standard,0,5,3,1,15398,13178,12210,546.3,9.2,16.33,21.55,3,1,1,2,3,684,934,1193,1659,4534,7434,10243,6253,1076,1710,285,443,,475,,t3_psyward
standard,73,r4,red,adc,射手,dawnstrike,standard,0,6,2,2,20487,9076,12780,571.8,8.29,17.63,20.05,3,1,1,2,3,239,662,1989,979,4239,6342,10889,6253,820,2280,237,918,,380,,t3_shieldbreaker|t3_rendspear
standard,73,r5,red,sup,輔助,shengguang,standard,0,0,0,5,3268,12882,11065,495.1,6.49,11.58,17.83,4,1,2,3,4,1320,399,1236,364,4720,7429,10276,6253,375,,807,443,,475,1922,t3_calmveil
standard,74,b1,blue,top,坦克,dadi,standard,0,1,0,0,10029,24542,10309,450.5,8.79,14.22,18.11,3,1,2,3,3,890,265,220,279,3840,6975,9350,6253,1007,570,,1140,,380,,t3_calmveil|t3_thornmail
standard,74,b2,blue,jungle,刺客,dianguang,standard,0,0,2,0,4732,10328,9334,407.9,9.02,17.63,,2,1,1,2,2,854,924,530,903,4054,6254,8310,6253,323,,,190,1163,380,,t3_finalstring
standard,74,b3,blue,mid,法師,bingshuang,standard,0,4,3,1,19066,14396,11810,516.1,10.42,15.94,20.93,3,0,1,2,3,1694,608,919,1260,3954,7108,10319,6253,1026,1710,285,665,,380,,t3_psyward
standard,74,b4,blue,adc,射手,yanfeng,standard,0,8,3,0,21150,11787,13105,572.7,9.29,16.82,20.14,4,1,1,2,4,398,570,1894,205,3748,6370,10474,6253,801,2850,,190,,380,,t3_shieldbreaker|t3_rendspear
standard,74,b5,blue,sup,坦克,bingshouweis,standard,0,1,0,3,7451,18226,12370,540.6,6.43,11.61,16.15,4,1,2,3,4,782,1063,1185,770,5282,8303,11165,6253,376,570,570,665,,380,2349,t3_calmveil|t3_thornmail
standard,74,r1,red,top,坦克,dadi,standard,1,4,1,0,10133,25619,11276,492.8,9.24,12.48,17.64,4,1,2,3,4,643,258,571,46,3593,7108,9601,6253,703,1710,,712,51,171,,t3_calmveil|t3_thornmail
standard,74,r2,red,jungle,刺客,dianguang,standard,1,0,3,0,6443,10787,9188,401.5,8.63,17.54,,2,1,1,2,2,125,570,1284,758,4025,5900,7984,6253,394,,,,1260,76,,t3_finalstring
standard,74,r3,red,mid,法師,bingshuang,standard,1,0,3,0,14353,12953,9188,401.5,10.49,18.63,,2,0,1,2,2,1495,168,484,788,3755,5598,8134,6253,997,,,712,,171,,t3_psyward
standard,74,r4,red,adc,射手,yanfeng,standard,1,4,6,0,17320,12143,11155,487.5,9.44,19.11,22.62,3,1,1,2,3,500,417,241,354,3850,5617,8391,6253,921,570,,475,,171,,t3_shieldbreaker|t3_rendspear
standard,74,r5,red,sup,坦克,bingshouweis,standard,1,0,1,0,6648,21695,11379,497.2,7.29,13.03,19.17,4,1,2,3,4,630,762,669,198,4530,6962,10249,6253,251,,,1425,,171,2147,t3_calmveil|t3_thornmail
standard,75,b1,blue,top,坦克,tixue,standard,0,0,4,2,10368,24735,9782,391.8,9.54,16.37,22.33,3,1,1,2,3,562,236,277,851,3512,5536,7607,6253,612,,190,475,,76,,t3_calmveil|t3_thornmail
standard,75,b2,blue,jungle,刺客,leisuhunter,standard,0,1,6,2,10082,14864,10520,421.4,8.63,15.59,22.99,3,1,1,2,3,509,1319,463,590,3709,6419,8543,6253,535,570,380,,728,76,,t3_finalstring
standard,75,b3,blue,mid,法師,mingyun2,standard,0,4,7,1,13478,16332,11760,471,11.03,19.37,23.98,3,0,1,2,3,1359,198,933,930,3619,5348,8483,6253,703,1140,285,,26,76,,t3_psyward
standard,75,b4,blue,adc,射手,siwang,standard,0,13,7,1,28494,12325,16589,664.4,9.53,16.81,19.98,5,1,1,3,5,272,868,132,988,3622,6548,11032,6253,617,3990,95,,,76,,t3_shieldbreaker|t3_rendspear
standard,75,b5,blue,sup,輔助,shiguang,standard,0,0,1,3,7703,19852,11131,445.9,6.48,12.98,15.73,4,1,2,3,4,268,308,567,251,4568,7038,9147,6253,305,,190,475,,76,1846,t3_calmveil
standard,75,r1,red,top,坦克,tixue,standard,1,1,2,1,14547,23414,11474,459.6,9.28,14.58,19.93,3,1,2,3,3,668,409,141,1543,3618,6259,8691,6253,570,,142,1235,34,456,,t3_calmveil|t3_thornmail
standard,75,r2,red,jungle,刺客,leisuhunter,standard,1,8,2,0,11851,12440,15568,623.5,7.52,12.78,17.2,4,1,2,3,4,235,1404,1466,2217,4865,8054,12546,6253,304,3990,,285,1257,456,,t3_finalstring
standard,75,r3,red,mid,法師,mingyun2,standard,1,10,3,2,23927,14096,16072,643.7,11.47,17.84,19.98,4,0,1,3,4,1510,257,174,1671,3770,6487,10724,6253,703,2850,142,285,34,456,,t3_psyward
standard,75,r4,red,adc,射手,siwang,standard,1,6,8,2,19145,11057,13159,527.1,9.88,19.02,22.23,3,1,1,2,3,110,546,1742,1359,3460,5446,8742,6253,560,1140,427,285,,76,,t3_shieldbreaker|t3_rendspear
standard,75,r5,red,sup,輔助,shiguang,standard,1,0,3,6,7722,17759,13626,545.8,5.91,11.75,15.23,5,1,2,4,5,1135,517,248,426,4535,7547,11128,6253,446,,1282,760,,456,1930,t3_calmveil
standard,76,b1,blue,top,坦克,stoneguard,standard,1,2,0,0,7672,20282,11289,461.9,8.87,11.73,19.35,3,1,2,3,3,598,282,77,1358,4448,7032,9407,6253,969,1140,,665,,380,,t3_calmveil|t3_thornmail
standard,76,b2,blue,jungle,刺客,voidrift,standard,1,3,0,0,7488,13333,12404,507.5,8.94,14.33,19.79,3,1,2,3,3,124,287,136,1324,3974,6937,9786,6253,592,1140,,427,992,380,,t3_finalstring
standard,76,b3,blue,mid,法師,shikong,standard,1,6,4,0,16227,15889,13850,566.6,10.8,18.26,21.88,3,0,1,2,3,1469,219,428,1369,3729,5819,9828,6253,820,1710,,665,,380,,t3_psyward
standard,76,b4,blue,adc,射手,phantom,standard,1,8,3,1,26358,10148,14471,592.1,9.49,18.04,22.74,4,1,1,2,4,294,490,380,1250,3644,5690,8930,6253,677,1140,,427,51,380,,t3_shieldbreaker|t3_rendspear
standard,76,b5,blue,sup,輔助,tianshi,standard,1,1,1,1,5163,16432,11924,487.9,6.37,11.93,18.63,4,1,2,3,4,892,787,1276,474,4592,7817,10316,6253,399,570,285,665,,380,1763,t3_calmveil
standard,76,r1,red,top,坦克,stoneguard,standard,0,1,1,0,8018,24751,11357,464.7,8.13,16.73,21.47,3,1,1,2,3,347,345,600,1427,3897,5645,7830,6253,950,,,475,,152,,t3_calmveil|t3_thornmail
standard,76,r2,red,jungle,刺客,voidrift,standard,0,1,3,0,9838,11836,10847,443.8,9.64,16.59,20.9,3,1,1,2,3,287,551,1186,497,4137,6131,9266,6253,475,570,,475,1340,152,,t3_finalstring
standard,76,r3,red,mid,法師,shikong,standard,0,0,8,0,12475,15431,8963,366.7,10.47,19.93,,2,0,1,2,2,1523,353,100,413,3783,5683,7450,6253,1045,,,,,152,,t3_psyward
standard,76,r4,red,adc,射手,phantom,standard,0,6,5,0,17054,11487,12070,493.8,9.93,18.05,22.74,3,1,1,2,3,310,674,368,1119,3660,6054,7688,6253,712,570,,,,152,,t3_shieldbreaker|t3_rendspear
standard,76,r5,red,sup,輔助,tianshi,standard,0,0,3,0,6175,15858,11885,486.3,6.83,12,17.19,4,1,2,3,4,1135,294,1199,1004,4535,7024,10239,6253,237,,,950,,152,2645,t3_calmveil
standard,77,b1,blue,top,坦克,thornwall,standard,1,0,2,0,7335,21655,9882,434.8,8.78,16.25,19.59,3,1,1,3,3,263,261,246,731,3913,5661,8796,6253,1117,,,1425,,0,,t3_calmveil|t3_thornmail
standard,77,b2,blue,jungle,刺客,miwu,standard,1,1,5,0,5425,10730,9333,410.7,8.82,16.67,,2,1,1,2,2,539,871,447,902,3739,6201,8097,6253,332,570,,,941,0,,t3_finalstring
standard,77,b3,blue,mid,法師,lieyan,standard,1,1,2,0,16740,14139,9592,422.1,10.98,19.71,,2,0,1,2,2,1594,394,323,311,3854,6144,7873,6253,1382,,,237,,0,,t3_psyward
standard,77,b4,blue,adc,射手,huanying,standard,1,8,4,1,25012,13008,13029,573.3,9.83,15.44,21.13,3,1,1,2,3,119,1102,1058,1229,4119,6902,9638,6253,582,2280,285,237,,0,,t3_shieldbreaker|t3_rendspear
standard,77,b5,blue,sup,坦克,tieshixin,standard,1,1,2,0,7092,20794,11108,488.8,6.98,12.61,19.91,3,1,2,3,3,657,97,235,728,5157,7337,10035,6253,384,570,,950,,0,1877,t3_calmveil|t3_thornmail
standard,77,r1,red,top,坦克,thornwall,standard,0,2,0,1,11262,23269,10885,479,8.85,14.2,19.27,3,1,2,3,3,776,364,110,855,3726,6614,9540,6253,931,1140,285,380,,551,,t3_calmveil|t3_thornmail
standard,77,r2,red,jungle,刺客,miwu,standard,0,4,2,1,7755,10875,12489,549.6,9.48,15.53,21,3,1,1,2,3,212,1821,2966,1609,4112,7151,11396,6253,538,2280,285,380,1108,551,,t3_finalstring
standard,77,r3,red,mid,法師,lieyan,standard,0,3,3,0,20468,14363,10569,465.1,10.83,18.3,,2,0,1,2,2,1593,169,228,1168,3853,6069,8558,6253,899,570,,380,,456,,t3_psyward
standard,77,r4,red,adc,射手,huanying,standard,0,4,6,0,13014,10732,11531,507.4,7.82,18.11,21.13,3,1,1,2,3,201,662,2103,381,4201,6462,9483,6253,684,1140,,855,,551,,t3_shieldbreaker|t3_rendspear
standard,77,r5,red,sup,坦克,tieshixin,standard,0,2,0,2,8185,19639,11922,524.6,6.82,12.19,17.98,4,1,2,3,4,363,331,673,321,4563,7271,10653,6253,177,1140,285,380,,551,1866,t3_calmveil|t3_thornmail
standard,78,b1,blue,top,坦克,tieshixin,standard,0,1,0,1,7360,17956,10024,480.8,8.79,15.3,19.33,3,1,1,3,3,732,1356,322,594,3682,6456,9752,6253,867,570,142,1615,,304,,t3_calmveil|t3_thornmail
standard,78,b2,blue,jungle,刺客,jueying,standard,0,2,1,1,4308,9219,10624,509.6,9.03,16.55,18.2,3,1,1,3,3,752,1508,373,344,3952,6838,10353,6253,541,1140,285,665,1163,304,,t3_finalstring
standard,78,b3,blue,mid,法師,shikong,standard,0,3,2,1,11908,12903,9888,474.2,9.98,16.99,,2,1,1,2,2,427,475,296,487,4277,6975,9046,6253,874,1140,285,190,,304,,t3_psyward
standard,78,b4,blue,adc,射手,guangsu,standard,0,3,2,2,12030,10509,10173,487.9,9.83,16.59,,2,1,1,2,2,519,197,1245,1592,3869,5997,9825,6253,940,1710,427,190,,304,,t3_shieldbreaker|t3_rendspear
standard,78,b5,blue,sup,坦克,xukong,standard,0,1,3,0,3949,17423,10234,490.9,7.07,11.68,17.02,3,1,2,3,3,611,724,545,854,5111,7664,9925,6253,348,570,,665,,304,1784,t3_calmveil|t3_thornmail
standard,78,r1,red,top,坦克,tieshixin,standard,1,0,0,0,9902,17919,9774,468.8,7.95,15.69,18.27,3,1,1,3,3,194,739,457,343,4144,6139,9407,6253,1330,,,1520,,304,,t3_calmveil|t3_thornmail
standard,78,r2,red,jungle,刺客,jueying,standard,1,3,1,0,3798,6987,11508,552,6.23,13.43,19.94,3,1,2,3,3,2031,901,69,628,5231,7601,10469,6253,294,1140,,570,1907,304,,t3_finalstring
standard,78,r3,red,mid,法師,shikong,standard,1,2,3,0,11489,13465,10116,485.2,9.64,17.18,,2,1,1,2,2,123,57,1299,715,3973,5987,9749,6253,1482,1140,,570,,304,,t3_psyward
standard,78,r4,red,adc,射手,guangsu,standard,1,3,4,0,12079,9953,9907,475.2,9.05,18.33,,2,1,1,2,2,348,546,600,1326,3698,5446,8400,6253,703,570,,570,,304,,t3_shieldbreaker|t3_rendspear
standard,78,r5,red,sup,坦克,xukong,standard,1,0,2,1,3615,16641,11033,529.2,6.68,12.59,16.7,3,1,2,3,3,187,287,401,1053,4687,7527,10381,6253,256,,,1045,,304,2522,t3_calmveil|t3_thornmail
standard,79,b1,blue,top,坦克,bingshouweis,standard,0,1,3,0,8338,25958,9115,417.1,7.13,14.08,19.24,3,1,2,3,3,270,288,336,184,4420,6738,8486,6253,1187,570,,475,,0,,t3_calmveil|t3_thornmail
standard,79,b2,blue,jungle,戰士,langwang,standard,0,0,3,1,6345,14549,8267,378.3,8.66,18.86,,2,1,1,2,2,630,84,93,86,3730,5514,7623,6253,247,,285,,837,0,,t3_shieldbreaker|t3_finalstring
standard,79,b3,blue,mid,法師,lieyan,standard,0,0,7,1,9362,15430,8573,392.4,11.78,19.68,,2,0,1,2,2,1447,681,133,443,3707,5531,7963,6253,950,,285,475,,0,,t3_psyward
standard,79,b4,blue,adc,射手,mori,standard,0,5,7,0,11210,10134,10818,495.1,9.35,17.16,20.96,3,1,1,2,3,756,876,1050,1118,4106,6256,9600,6253,592,2280,,475,,0,,t3_shieldbreaker|t3_rendspear
standard,79,b5,blue,sup,輔助,fuwenbianzhi,standard,0,1,2,0,4294,17386,10551,482.9,6.22,10.88,16.25,4,1,2,3,4,292,365,920,150,4592,7395,9960,6253,253,570,,950,51,0,1882,t3_calmveil
standard,79,r1,red,top,坦克,bingshouweis,standard,1,2,0,2,8228,19894,11414,522.4,9.05,14.39,18.43,3,1,2,3,3,833,930,581,1483,3783,7260,9911,6253,950,570,570,997,,570,,t3_calmveil|t3_thornmail
standard,79,r2,red,jungle,戰士,langwang,standard,1,7,0,1,12573,11935,13819,632.5,8.78,15.94,20.03,4,1,1,2,4,734,2190,3144,889,3834,7620,11694,6253,209,2850,95,285,1431,570,,t3_shieldbreaker|t3_finalstring
standard,79,r3,red,mid,法師,lieyan,standard,1,3,3,3,18890,11708,11661,533.7,10.68,17.45,,2,0,1,2,2,1542,1026,435,2260,3802,6956,9835,6253,1111,1140,237,522,,570,,t3_psyward
standard,79,r4,red,adc,射手,mori,standard,1,10,4,0,22828,9803,14872,680.6,8.67,14.31,17.77,4,1,2,3,4,287,384,961,1021,4287,7384,12761,6253,807,4560,,760,,380,,t3_shieldbreaker|t3_rendspear
standard,79,r5,red,sup,輔助,fuwenbianzhi,standard,1,0,0,4,6415,11710,11317,517.9,6.77,11.91,17.11,4,1,2,3,4,582,652,1154,816,4582,7382,10384,6253,266,,807,760,,570,1727,t3_calmveil
standard,80,b1,blue,top,坦克,tiankong,standard,1,1,1,0,13983,29671,12103,441.8,9.03,14.24,21.9,4,1,2,2,4,399,341,1319,752,4049,6291,8609,6253,1178,570,,190,,418,,t3_calmveil|t3_thornmail
standard,80,b2,blue,jungle,戰士,anliuyouXia,standard,1,1,2,0,6538,17053,12181,444.7,8.74,16.91,22.33,3,1,1,2,3,693,698,188,1151,3793,6178,8788,6253,364,570,,190,992,418,,t3_finalstring|t3_shieldbreaker
standard,80,b3,blue,mid,法師,shikong,standard,1,12,6,1,37751,20169,18860,688.5,10.33,15.32,19.98,5,0,1,3,5,1574,621,67,2710,3834,7121,10617,6253,905,1710,285,1140,,323,,t3_psyward
standard,80,b4,blue,adc,射手,leiting,standard,1,7,3,1,37886,13222,15626,570.5,9.95,18.23,23.53,4,1,1,2,4,313,589,413,1776,3663,5789,7793,6253,772,,,427,17,323,,t3_shieldbreaker|t3_rendspear
standard,80,b5,blue,sup,坦克,thornwall,standard,1,1,1,0,7914,26052,13945,509.1,6.59,12.79,16.77,5,1,2,3,5,1068,753,617,344,4668,7993,10597,6253,275,570,,427,,418,2652,t3_calmveil|t3_thornmail
standard,80,r1,red,top,坦克,tiankong,standard,0,3,4,0,13601,36631,13876,506.6,7.24,11.95,18.89,5,1,2,3,5,1543,487,239,226,5493,7317,9369,6253,1095,1710,,158,,152,,t3_calmveil|t3_thornmail
standard,80,r2,red,jungle,戰士,anliuyouXia,standard,0,1,5,3,12675,23806,12578,459.2,8.8,15.67,21.78,3,1,1,2,3,1468,1580,511,1548,4568,6760,9111,6253,316,,712,,1676,152,,t3_finalstring|t3_shieldbreaker
standard,80,r3,red,mid,法師,shikong,standard,0,1,10,1,15076,16649,11026,402.5,10.74,20.93,,2,0,1,1,2,1333,229,950,1626,3593,5379,7450,6253,760,,285,,,152,,t3_psyward
standard,80,r4,red,adc,射手,leiting,standard,0,7,3,1,30889,13170,14674,535.7,8.89,18.53,20.58,4,1,1,2,4,173,710,624,1474,4173,6510,9204,6253,883,1140,142,633,,152,,t3_shieldbreaker|t3_rendspear
standard,80,r5,red,sup,坦克,thornwall,standard,0,1,0,0,7379,31285,13226,482.8,6.63,13.17,18.12,4,1,2,3,4,392,307,512,1025,4592,6967,10492,6253,364,570,,633,,152,2519,t3_calmveil|t3_thornmail
standard,81,b1,blue,top,戰士,jingci,standard,1,0,2,0,10835,27878,9340,395.5,9.06,18.49,,2,1,1,2,2,538,712,1097,689,3688,5762,7947,6253,801,,,665,,228,,t3_shieldbreaker|t3_finalstring
standard,81,b2,blue,jungle,戰士,embercoil,standard,1,1,2,0,5931,15325,10547,446.6,8.4,18.29,23.18,3,1,1,2,3,701,2954,755,347,3801,6054,8505,6253,193,570,,190,1070,228,,t3_shieldbreaker|t3_finalstring
standard,81,b3,blue,mid,法師,lieyan,standard,1,2,6,0,15339,15093,10527,445.8,10.94,18.08,,2,0,1,2,2,1466,322,966,1447,3726,6522,9296,6253,1010,1140,,665,,228,,t3_psyward
standard,81,b4,blue,adc,射手,liangzi,standard,1,6,6,0,20153,11702,12738,539.3,9.52,17.15,21.02,3,1,1,2,3,196,959,620,937,3546,6339,9170,6253,883,1140,,665,,228,,t3_shieldbreaker|t3_rendspear
standard,81,b5,blue,sup,坦克,tiebi,standard,1,1,1,0,6656,24498,11967,506.7,7.61,12.29,17.79,4,1,2,3,4,651,468,775,367,4551,7708,10755,6253,303,570,,1615,26,228,1759,t3_calmveil|t3_thornmail
standard,81,r1,red,top,戰士,jingci,standard,0,3,1,0,15751,26943,10703,453.2,9.93,17.83,23.13,3,1,1,2,3,527,299,316,153,3677,5349,8066,6253,729,570,,190,,323,,t3_shieldbreaker|t3_finalstring
standard,81,r2,red,jungle,戰士,embercoil,standard,0,0,0,2,8740,12188,10439,442,9.18,17.92,22.13,3,1,1,2,3,940,464,1274,838,4040,5944,8674,6253,190,,142,190,1575,323,,t3_shieldbreaker|t3_finalstring
standard,81,r3,red,mid,法師,lieyan,standard,0,8,3,1,24100,15810,14381,608.9,10.11,16.48,21.02,4,0,1,2,4,1628,1446,691,151,3888,7346,10091,6253,1092,1710,142,665,,228,,t3_psyward
standard,81,r4,red,adc,射手,liangzi,standard,0,6,6,1,21446,10729,12899,546.2,9.96,16.93,22.04,3,1,1,2,3,405,869,887,1099,3755,5949,9787,6253,788,1710,285,427,,323,,t3_shieldbreaker|t3_rendspear
standard,81,r5,red,sup,坦克,tiebi,standard,0,0,0,3,7306,17496,11899,503.9,6.98,13.27,18.17,4,1,2,3,4,488,280,304,599,4688,7220,9804,6253,353,,,902,,323,1972,t3_calmveil|t3_thornmail
standard,82,b1,blue,top,戰士,longyi,standard,0,1,1,0,9607,22316,9286,415.3,8.17,18.53,,2,1,1,2,2,135,222,288,1056,3935,5702,7868,6253,912,,,475,,228,,t3_shieldbreaker|t3_finalstring
standard,82,b2,blue,jungle,戰士,hunpo,standard,0,0,5,0,4587,9054,8622,385.6,11.79,19.92,,2,0,1,2,2,1582,355,36,591,3792,5855,7766,6253,411,,,,873,228,,t3_psyward
standard,82,b3,blue,mid,法師,auralith,standard,0,4,6,0,12380,14634,10996,491.8,10.98,17.61,,2,0,1,2,2,1548,295,196,1966,3808,6145,8476,6253,950,570,,475,,228,,t3_psyward
standard,82,b4,blue,adc,射手,liangzicz,standard,0,4,6,0,13867,10477,10436,466.8,8.07,16.03,21.03,3,1,1,2,3,905,969,757,415,4255,6649,9607,6253,845,2280,,,,228,,t3_shieldbreaker|t3_rendspear
standard,82,b5,blue,sup,輔助,zhanchang,standard,0,0,3,1,5763,15454,10584,473.4,6.37,12.75,16.57,3,1,2,3,3,323,318,505,1543,4623,7348,9545,6253,262,,,950,,228,1851,t3_calmveil
standard,82,r1,red,top,戰士,longyi,standard,1,8,0,2,13568,22628,14831,663.3,9.62,15.52,17.91,4,1,1,3,4,389,985,343,1381,3539,6465,11323,6253,823,2850,570,522,,304,,t3_shieldbreaker|t3_finalstring
standard,82,r2,red,jungle,戰士,hunpo,standard,1,1,1,1,7444,9801,9884,442.1,10.58,16.98,,2,0,1,2,2,1683,656,233,584,3893,6756,8933,6253,171,570,95,285,1255,304,,t3_psyward
standard,82,r3,red,mid,法師,auralith,standard,1,5,0,2,12884,13109,13435,600.9,10.17,15.23,19.96,4,0,1,3,4,2074,1231,238,134,4334,7681,11788,6253,861,2850,285,1235,,304,,t3_psyward
standard,82,r4,red,adc,射手,liangzicz,standard,1,6,8,1,14091,10834,12011,537.2,10,17.43,20.73,3,1,1,2,3,276,273,553,1111,3626,5653,9453,6253,805,1710,95,285,,304,,t3_shieldbreaker|t3_rendspear
standard,82,r5,red,sup,輔助,zhanchang,standard,1,1,0,3,5284,12623,11253,503.3,6.71,12.27,16.83,4,1,2,3,4,246,270,1540,372,4546,7000,10120,6253,302,570,380,522,,304,1787,t3_calmveil
standard,83,b1,blue,top,戰士,chichuan,standard,0,0,4,0,10322,31189,9054,368.5,9.11,18.13,,2,1,1,2,2,538,336,426,824,3688,5816,7526,6253,893,,,190,,190,,t3_shieldbreaker|t3_finalstring
standard,83,b2,blue,jungle,戰士,leimingcf,standard,0,1,5,0,7436,21360,9963,405.5,10.04,18.06,23.88,3,0,1,2,3,1792,619,120,412,3792,6049,8370,6253,174,570,,190,992,190,,t3_shieldbreaker|t3_finalstring
standard,83,b3,blue,mid,法師,xingjie,standard,0,5,5,1,23745,16551,13370,544.2,10.48,16.08,21.23,3,0,1,2,3,1545,535,675,1290,3805,7035,10075,6253,1067,1140,285,1140,,190,,t3_psyward
standard,83,b4,blue,adc,射手,xingchen,standard,0,3,8,0,13887,11587,10382,422.6,9.4,19.46,24.44,3,1,1,2,3,330,500,176,82,3680,5580,7176,6253,733,,,190,,0,,t3_shieldbreaker|t3_rendspear
standard,83,b5,blue,sup,輔助,hexweave,standard,0,0,5,0,7019,18345,11011,448.2,6.67,13.55,16.58,4,1,2,3,4,1127,694,346,310,4527,7244,8926,6253,248,,,190,,190,2044,t3_calmveil
standard,83,r1,red,top,戰士,chichuan,standard,1,7,1,1,16314,27189,15677,638.1,8.43,13.58,19.53,4,1,2,3,4,890,115,287,2226,4040,7515,11087,6253,948,2850,142,665,,228,,t3_shieldbreaker|t3_finalstring
standard,83,r2,red,jungle,戰士,leimingcf,standard,1,7,0,3,19048,18662,15550,633,9.1,13.92,19.6,4,1,2,3,4,878,703,258,2619,4628,7453,11188,6253,233,2280,427,190,1386,418,,t3_shieldbreaker|t3_finalstring
standard,83,r3,red,mid,法師,xingjie,standard,1,3,2,0,17393,15145,11915,485,8.57,19.43,22.35,3,1,1,2,3,592,460,422,314,4442,6210,8452,6253,1020,570,,190,,418,,t3_psyward
standard,83,r4,red,adc,射手,xingchen,standard,1,10,6,1,32028,11308,15693,638.8,10.49,18.96,21.23,5,0,1,2,5,1566,251,1154,92,3726,5931,9104,6253,913,570,285,665,,418,,t3_shieldbreaker|t3_rendspear
standard,83,r5,red,sup,輔助,hexweave,standard,1,0,0,8,10915,16641,12804,521.2,6.07,11.18,15.83,4,1,2,3,4,741,538,789,2003,4741,7568,10019,6253,380,,855,190,,418,1922,t3_calmveil
standard,84,b1,blue,top,戰士,xueyue,standard,1,0,0,0,15635,29366,9318,386.3,8.63,18.3,,2,1,1,2,2,709,438,490,668,3859,5968,7640,6253,874,,,285,,228,,t3_shieldbreaker|t3_finalstring
standard,84,b2,blue,jungle,戰士,fengbao,standard,1,0,3,0,8359,16938,10029,415.7,9.01,17.69,24.13,3,1,1,2,3,716,733,417,128,3816,6213,8117,6253,408,,,285,942,228,,t3_shieldbreaker|t3_finalstring
standard,84,b3,blue,mid,法師,auralith,standard,1,8,4,0,19849,15817,14138,586,10.17,16.15,19.82,3,0,1,3,3,1726,830,238,2058,3986,7330,10788,6253,1171,2850,,285,,228,,t3_psyward
standard,84,b4,blue,adc,射手,dujian,standard,1,5,4,1,21525,10012,13107,543.3,9.02,16.76,21.39,3,1,1,2,3,432,857,282,1307,3782,6537,8532,6253,893,570,285,285,17,228,,t3_shieldbreaker|t3_rendspear
standard,84,b5,blue,sup,坦克,tiankong,standard,1,0,1,1,8711,22117,12393,513.7,6.89,13.85,18.08,4,1,2,3,4,754,863,588,792,4654,7523,10088,6253,338,,285,285,17,228,2680,t3_calmveil|t3_thornmail
standard,84,r1,red,top,戰士,xueyue,standard,0,1,1,2,14387,24654,10669,442.2,9.57,17.33,21.46,3,1,1,2,3,625,967,1111,238,3775,6197,9161,6253,1010,570,427,807,17,76,,t3_shieldbreaker|t3_finalstring
standard,84,r2,red,jungle,戰士,fengbao,standard,0,3,0,0,19162,18634,12135,503,8.89,17.61,20.68,3,1,1,2,3,316,608,1781,735,4116,6088,10381,6253,430,1710,,95,1562,329,,t3_shieldbreaker|t3_finalstring
standard,84,r3,red,mid,法師,auralith,standard,0,3,3,2,21463,15097,12254,507.9,10.85,19.12,22.55,3,0,1,2,3,1612,208,99,1223,3872,5658,9379,6253,1133,1140,427,95,,329,,t3_psyward
standard,84,r4,red,adc,射手,dujian,standard,0,4,4,0,21042,9239,11795,488.9,9.71,19.8,23.07,3,1,1,2,3,139,309,209,1494,3489,5389,8159,6253,769,,,807,,329,,t3_shieldbreaker|t3_rendspear
standard,84,r5,red,sup,坦克,tiankong,standard,0,1,5,3,6469,22767,11766,487.7,6.9,13.24,18.02,4,1,2,3,4,635,1004,434,565,4535,7204,9974,6253,304,570,570,95,,76,2105,t3_calmveil|t3_thornmail
standard,85,b1,blue,top,戰士,langwang,standard,1,0,3,0,12929,24207,8818,397.2,9.17,18.74,,2,1,1,2,2,747,327,225,517,3897,5807,7925,6253,902,,,427,,342,,t3_shieldbreaker|t3_finalstring
standard,85,b2,blue,jungle,戰士,ronggang,standard,1,3,1,0,5738,13998,11220,505.4,9.06,15.13,20.47,3,1,1,2,3,174,1855,1041,470,3924,6805,9591,6253,411,1140,,427,1111,247,,t3_shieldbreaker|t3_finalstring
standard,85,b3,blue,mid,法師,xingjie,standard,1,1,3,0,13631,14004,9173,413.2,11.45,20.03,,2,0,1,1,2,1403,271,1172,542,3663,5601,7672,6253,791,,,190,,437,,t3_psyward
standard,85,b4,blue,adc,射手,tianfa,standard,1,7,5,0,22886,10579,12846,578.6,9.66,17.41,20.53,3,1,1,2,3,538,782,1343,1645,3888,6462,10243,6253,845,2280,,427,,437,,t3_shieldbreaker|t3_rendspear
standard,85,b5,blue,sup,輔助,mingyun,standard,1,2,1,0,6489,17264,12461,561.3,6.09,11.36,14.25,4,1,3,4,4,305,357,608,1500,5155,8357,11568,6253,278,1140,,1377,,437,2081,t3_calmveil
standard,85,r1,red,top,戰士,langwang,standard,0,6,0,0,18187,24692,12621,568.5,8.88,14.91,18.69,3,1,2,3,3,681,140,278,1221,3831,6940,10778,6253,934,2280,,1045,,266,,t3_shieldbreaker|t3_finalstring
standard,85,r2,red,jungle,戰士,ronggang,standard,0,1,0,1,8434,16114,10345,466,8.93,15.56,21.25,3,1,1,2,3,79,1260,879,494,3829,6690,9429,6253,449,570,142,95,1653,266,,t3_shieldbreaker|t3_finalstring
standard,85,r3,red,mid,法師,xingjie,standard,0,0,5,1,8800,12844,8954,403.3,11.84,19.71,,2,0,1,2,2,1390,698,112,504,3650,6028,7662,6253,905,,142,95,,266,,t3_psyward
standard,85,r4,red,adc,射手,tianfa,standard,0,5,6,0,15404,10273,11611,523,10.92,16.82,21.58,3,0,1,2,3,1405,193,830,830,3565,5873,9730,6253,693,1710,,807,,266,,t3_shieldbreaker|t3_rendspear
standard,85,r5,red,sup,輔助,mingyun,standard,0,1,2,2,6474,14751,10794,486.2,6.81,10.98,18.01,4,1,2,3,4,438,686,538,293,5038,7716,9768,6253,285,570,285,332,,76,1966,t3_calmveil
standard,86,b1,blue,top,戰士,kuangfeng,standard,0,1,0,0,9276,27877,8917,406.9,8.73,18.22,,2,1,1,2,2,595,336,134,317,3745,5816,8134,6253,722,570,,285,,304,,t3_shieldbreaker|t3_finalstring
standard,86,b2,blue,jungle,戰士,rongyan,standard,0,2,1,1,4362,13192,10667,486.7,9.15,15.3,21.04,3,1,1,2,3,824,1587,595,1117,3924,6717,9145,6253,297,570,,760,959,304,,t3_shieldbreaker|t3_finalstring
standard,86,b3,blue,mid,法師,auralith,standard,0,4,4,0,12103,13593,10456,477.1,11.42,16.9,,2,0,1,2,2,1428,494,336,1056,3688,6994,8666,6253,684,1140,,285,,304,,t3_psyward
standard,86,b4,blue,adc,射手,dawnstrike,standard,0,3,3,0,12381,9240,10776,491.7,9.41,18.27,,2,1,1,2,2,525,513,1309,1876,3875,6193,8929,6253,1041,570,,760,,304,,t3_shieldbreaker|t3_rendspear
standard,86,b5,blue,sup,輔助,shengguang,standard,0,0,1,2,7870,15892,11213,511.6,7.86,11.9,16.55,3,1,2,3,3,235,255,772,1983,4535,7285,10002,6253,218,,,1235,,304,1991,t3_calmveil
standard,86,r1,red,top,戰士,kuangfeng,standard,1,2,0,1,11641,23448,11394,519.9,8.68,15.84,18.84,3,1,1,3,3,281,931,397,593,4081,6411,10477,6253,1146,1140,285,1425,,228,,t3_shieldbreaker|t3_finalstring
standard,86,r2,red,jungle,戰士,rongyan,standard,1,1,1,0,6754,13062,9916,452.5,8.11,17.05,,2,1,1,2,2,843,1193,279,1366,3943,6623,8829,6253,177,570,,,1600,228,,t3_shieldbreaker|t3_finalstring
standard,86,r3,red,mid,法師,auralith,standard,1,2,2,0,20905,12807,11077,505.4,10.21,17.33,21.59,3,0,1,2,3,1561,123,400,527,3821,6323,9800,6253,1228,1140,,950,,228,,t3_psyward
standard,86,r4,red,adc,射手,dawnstrike,standard,1,4,5,0,14871,10262,10260,468.1,9.91,18.37,,2,1,1,2,2,151,293,68,1360,3501,5373,8318,6253,696,1140,,,,228,,t3_shieldbreaker|t3_rendspear
standard,86,r5,red,sup,輔助,shengguang,standard,1,0,2,0,4214,13796,10998,501.8,6.81,13.58,15.84,4,1,2,3,4,1154,430,548,498,4554,7460,9208,6253,323,,,475,,228,1928,t3_calmveil
standard,87,b1,blue,top,戰士,greymantle,standard,0,0,1,0,9034,28883,9856,396.4,9.28,18.74,,2,1,1,2,2,738,460,425,1205,3888,5990,8175,6253,953,,,665,,304,,t3_shieldbreaker|t3_finalstring
standard,87,b2,blue,jungle,戰士,tielian,standard,0,1,3,0,9743,18058,10720,431.1,8.86,16.08,23.86,3,1,1,2,3,708,1346,315,340,3808,6346,8315,6253,421,,,190,1146,304,,t3_shieldbreaker|t3_finalstring
standard,87,b3,blue,mid,法師,xingjie,standard,0,1,3,0,25580,14887,11028,443.5,10.6,17.77,24.25,3,0,1,2,3,1517,447,90,477,3777,6677,8720,6253,1260,,,902,,304,,t3_psyward
standard,87,b4,blue,adc,射手,yanfeng,standard,0,8,6,1,28431,11332,14045,564.8,8.32,17.54,21.74,3,1,1,2,3,166,519,179,2245,4166,6199,8729,6253,604,1140,,427,,304,,t3_shieldbreaker|t3_rendspear
standard,87,b5,blue,sup,坦克,bingshouweis,standard,0,1,3,0,8719,23336,11713,471,7.18,12.02,18.14,4,1,2,3,4,146,325,52,132,4596,7265,10032,6253,256,570,,665,17,304,1966,t3_calmveil|t3_thornmail
standard,87,r1,red,top,戰士,greymantle,standard,1,2,0,3,18373,31740,12857,517,8.25,17.17,22.56,3,1,1,2,3,781,510,255,1407,3931,6040,8605,6253,950,570,,570,34,228,,t3_shieldbreaker|t3_finalstring
standard,87,r2,red,jungle,戰士,tielian,standard,1,5,0,2,14995,19287,13729,552.1,8.86,16.62,20.83,4,1,1,2,4,299,731,948,749,4099,6211,9548,6253,240,1140,95,95,1495,228,,t3_shieldbreaker|t3_finalstring
standard,87,r3,red,mid,法師,xingjie,standard,1,1,3,2,20787,14888,10933,439.6,9.98,18.92,24.7,3,1,1,2,3,85,140,161,82,3935,5740,8191,6253,1045,,95,570,,228,,t3_psyward
standard,87,r4,red,adc,射手,yanfeng,standard,1,8,7,1,22358,12907,13694,550.7,10.33,18.15,21.74,3,0,1,2,3,1458,256,295,1893,3618,5936,9195,6253,766,1710,142,95,,228,,t3_shieldbreaker|t3_rendspear
standard,87,r5,red,sup,坦克,bingshouweis,standard,1,0,1,4,5507,21272,14333,576.4,6.78,12.81,18.4,3,1,2,3,3,382,287,291,4352,4582,7527,10271,6253,341,,237,570,,228,2640,t3_calmveil|t3_thornmail
standard,88,b1,blue,top,戰士,cinderfist,standard,0,0,3,1,8391,28105,10892,419.6,9.05,17.56,25.61,3,1,1,2,3,633,356,457,241,3783,6006,7887,6253,798,,285,475,,76,,t3_shieldbreaker|t3_finalstring
standard,88,b2,blue,jungle,戰士,greymantle,standard,0,0,3,0,11967,15516,10048,387.1,9.07,16.65,25.52,3,1,1,2,3,831,235,968,347,3931,5835,7868,6253,272,,,,1266,76,,t3_shieldbreaker|t3_finalstring
standard,88,b3,blue,mid,法師,gambler,standard,0,2,7,0,19594,20080,11351,437.3,10.48,17.6,25.2,3,0,1,2,3,1631,442,506,900,3891,5772,8156,6253,1114,,,712,,76,,t3_psyward
standard,88,b4,blue,adc,射手,xuanfeng,standard,0,5,8,1,27834,15862,12621,486.2,9.74,18.25,23.63,4,1,1,2,4,262,160,227,20,3612,5360,8077,6253,703,570,,475,,76,,t3_shieldbreaker|t3_rendspear
standard,88,b5,blue,sup,坦克,xukong,standard,0,1,5,0,7801,26649,12926,498,6.63,12.8,17.82,4,1,2,3,4,477,476,619,1146,4677,6976,9599,6253,303,570,,237,,76,2158,t3_calmveil|t3_thornmail
standard,88,r1,red,top,戰士,cinderfist,standard,1,4,1,0,15583,31009,12722,490.1,9.23,17.58,21.49,3,1,1,2,3,437,254,451,1271,3587,5784,8501,6253,680,570,,522,,475,,t3_shieldbreaker|t3_finalstring
standard,88,r2,red,jungle,戰士,greymantle,standard,1,4,0,1,13279,16052,14507,558.9,8.9,15.3,18.34,4,1,1,3,4,243,2092,314,1057,4043,7572,10814,6253,174,1710,285,285,1631,475,,t3_shieldbreaker|t3_finalstring
standard,88,r3,red,mid,法師,gambler,standard,1,8,3,2,22374,16723,15832,609.9,10.9,17.14,20.87,4,0,1,2,4,1422,637,967,1431,3682,7137,10367,6253,883,1710,285,760,,475,,t3_psyward
standard,88,r4,red,adc,射手,xuanfeng,standard,1,8,4,1,30708,12554,16063,618.8,8.13,16.52,20.57,4,1,1,2,4,223,1070,529,2262,4223,6750,9429,6253,1133,1140,,522,,380,,t3_shieldbreaker|t3_rendspear
standard,88,r5,red,sup,坦克,xukong,standard,1,2,0,5,10107,22571,13781,530.9,7.16,12.76,17.58,4,1,2,3,4,565,202,545,1580,4465,7442,10045,6253,91,570,570,285,,475,1800,t3_calmveil|t3_thornmail
standard,89,b1,blue,top,戰士,leimingcf,standard,0,2,4,0,11583,36102,11203,424.1,8.61,17.38,23.78,3,1,1,2,3,196,868,189,1002,4296,6348,8419,6253,684,570,,760,,152,,t3_shieldbreaker|t3_finalstring
standard,89,b2,blue,jungle,刺客,binghe,standard,0,0,7,1,4432,14551,10589,400.8,8.87,15.98,23.39,3,1,1,2,3,664,1043,592,358,3864,6623,8322,6253,164,,285,285,1182,152,,t3_finalstring
standard,89,b3,blue,mid,法師,ronghuo,standard,0,1,10,0,17492,17216,10116,383,10.99,18.8,,2,0,1,2,2,1295,553,499,716,3555,6453,8049,6253,788,570,,285,,152,,t3_psyward
standard,89,b4,blue,adc,射手,phantom,standard,0,5,11,0,21494,13767,12204,462,10.23,19.52,24.91,3,0,1,2,3,1460,273,249,824,3620,5653,7249,6253,541,,,285,17,152,,t3_shieldbreaker|t3_rendspear
standard,89,b5,blue,sup,輔助,tianshi,standard,0,0,3,1,5932,18995,13490,510.6,6.01,13.18,16.35,4,1,2,3,4,573,614,1385,2039,4573,7344,9965,6253,291,,,1235,,152,2033,t3_calmveil
standard,89,r1,red,top,戰士,leimingcf,standard,1,11,0,0,22436,29755,18170,687.8,8.46,13.99,16.98,5,1,2,4,5,1013,244,764,2869,4163,7944,13264,6253,1501,4560,,570,,380,,t3_shieldbreaker|t3_finalstring
standard,89,r2,red,jungle,刺客,binghe,standard,1,4,1,0,10908,14174,13587,514.3,9.09,15.92,23.41,3,1,1,2,3,366,1242,1228,2507,4216,6822,9558,6253,535,1140,,95,1154,380,,t3_finalstring
standard,89,r3,red,mid,法師,ronghuo,standard,1,6,4,1,22622,16315,14857,562.4,10.21,17.13,24.07,4,0,1,2,4,1732,328,826,1026,3992,5778,8856,6253,1083,570,,570,,380,,t3_psyward
standard,89,r4,red,adc,射手,phantom,standard,1,11,2,0,33486,10403,17340,656.4,10.14,18.44,20.71,5,0,1,2,5,1490,170,268,1739,3650,5550,8818,6253,1045,570,,570,,380,,t3_shieldbreaker|t3_rendspear
standard,89,r5,red,sup,輔助,tianshi,standard,1,3,1,4,7313,15088,15566,589.3,6.98,12.31,14.57,5,1,3,4,5,907,209,560,2366,5757,8189,12010,6253,243,1710,570,570,,380,2283,t3_calmveil
standard,90,b1,blue,top,戰士,jufeng,standard,1,1,1,1,10522,27298,10188,421,7.92,17.71,24.12,3,1,1,2,3,1032,723,337,237,4182,6253,8087,6253,684,570,142,285,,152,,t3_shieldbreaker|t3_finalstring
standard,90,b2,blue,jungle,刺客,shanying,standard,1,0,3,1,5486,12130,10034,414.6,9.4,16.25,,2,1,1,2,2,739,657,47,1653,3939,6287,8127,6253,285,,142,285,1008,152,,t3_finalstring
standard,90,b3,blue,mid,法師,gambler,standard,1,7,7,0,25135,17939,13890,574,8.95,15.95,20.07,3,1,1,2,3,490,823,1822,1409,4340,7323,10572,6253,1127,2280,,760,,152,,t3_psyward
standard,90,b4,blue,adc,射手,huanying,standard,1,5,5,0,15413,9214,12392,512.1,9.58,18.24,22.78,3,1,1,2,3,253,864,792,591,3603,6244,8742,6253,674,1140,,522,,152,,t3_shieldbreaker|t3_rendspear
standard,90,b5,blue,sup,坦克,ironclad,standard,1,2,2,3,7665,23709,12858,531.3,6.1,12.23,14.78,4,1,3,3,4,365,137,976,657,5165,8737,10956,6253,117,1140,570,522,,152,2201,t3_calmveil|t3_thornmail
standard,90,r1,red,top,戰士,jufeng,standard,0,4,1,0,17527,25083,12809,529.3,8.08,17.03,21.18,4,1,1,2,4,326,713,1427,259,4176,5943,9477,6253,1209,570,,1045,,399,,t3_shieldbreaker|t3_finalstring
standard,90,r2,red,jungle,刺客,shanying,standard,0,4,1,0,8303,10039,13146,543.2,9.32,14.27,18.73,3,1,2,3,3,396,407,391,2845,5546,8307,10691,6253,585,1710,,95,1648,399,,t3_finalstring
standard,90,r3,red,mid,法師,gambler,standard,0,6,7,1,18738,16980,13180,544.6,11.76,17.77,22.78,3,0,1,2,3,1409,258,389,700,3669,6158,9369,6253,1007,1710,,95,,304,,t3_psyward
standard,90,r4,red,adc,射手,huanying,standard,0,3,5,0,19786,10339,10913,450.9,9.78,19.57,23.34,3,1,1,2,3,338,240,352,432,3688,5620,7672,6253,924,,,95,,399,,t3_shieldbreaker|t3_rendspear
standard,90,r5,red,sup,坦克,ironclad,standard,0,1,1,4,9658,26074,13366,552.3,7.42,12.8,16.96,4,1,2,3,4,431,636,335,1166,4931,7876,10315,6253,338,,285,570,,399,2469,t3_calmveil|t3_thornmail
standard,91,b1,blue,top,戰士,anliuyouXia,standard,1,4,3,0,35903,50851,16934,502,9.17,17.48,23.48,5,1,1,2,5,795,638,337,1584,3945,6168,8087,6253,1073,,,190,,570,,t3_shieldbreaker|t3_finalstring
standard,91,b2,blue,jungle,刺客,anye,standard,1,6,5,0,14415,21364,17472,517.9,7.48,15.55,20.74,5,1,1,2,5,360,2150,1800,2171,4560,7300,10180,6253,155,1710,,190,1301,570,,t3_finalstring
standard,91,b3,blue,mid,法師,ronghuo,standard,1,14,10,1,48766,25159,21493,637.1,10.8,16.25,22.33,5,0,1,2,5,1542,327,66,5342,3802,6557,9046,6253,893,570,285,665,,380,,t3_psyward
standard,91,b4,blue,adc,射手,guangsu,standard,1,26,6,1,104045,17784,28855,855.4,7.91,15.73,18.43,5,1,1,3,5,604,1390,153,13255,4904,7070,11953,6253,1045,3420,,665,,570,,t3_shieldbreaker|t3_rendspear
standard,91,b5,blue,sup,坦克,shengdun,standard,1,0,6,6,9600,36782,16934,502,7.07,12.64,17.33,5,1,2,3,5,408,491,1229,3333,4608,7431,10129,6253,253,,570,665,,570,1817,t3_calmveil|t3_thornmail
standard,91,r1,red,top,戰士,anliuyouXia,standard,0,4,6,3,24361,48916,15796,468.3,8.63,16.73,21.48,5,1,1,2,5,576,318,871,445,3726,5968,8951,6253,988,1140,95,475,,0,,t3_shieldbreaker|t3_finalstring
standard,91,r2,red,jungle,刺客,anye,standard,0,2,10,2,15015,27482,14496,429.7,8.82,15.6,23.48,4,1,1,2,4,734,346,323,1096,3934,5976,8453,6253,250,570,95,,1284,0,,t3_finalstring
standard,91,r3,red,mid,法師,ronghuo,standard,0,6,10,1,40725,23322,16970,503.1,10.79,18.67,25.25,4,0,1,2,4,1499,307,353,2920,3759,5507,7303,6253,1049,,,,,0,,t3_psyward
standard,91,r4,red,adc,射手,guangsu,standard,0,17,17,1,59579,21348,22303,661.2,9.63,16.64,21.69,5,1,1,2,5,224,365,410,6703,3574,5265,9160,6253,722,1710,,475,,0,,t3_shieldbreaker|t3_rendspear
standard,91,r5,red,sup,坦克,shengdun,standard,0,1,7,3,11242,40255,15700,465.4,7.54,13.68,16.95,5,1,2,3,5,270,269,1582,2100,4470,6769,10562,6253,144,,665,950,,0,2550,t3_calmveil|t3_thornmail
standard,92,b1,blue,top,戰士,tielian,standard,0,0,3,0,6386,24989,9269,380.1,9.42,18.72,,2,1,1,2,2,291,348,294,1038,3441,5228,7394,6253,639,,,475,26,0,,t3_shieldbreaker|t3_finalstring
standard,92,b2,blue,jungle,刺客,wuxing,standard,0,1,7,0,5308,11402,10086,413.7,8.57,15.93,23.31,3,1,1,2,3,1220,762,596,636,4420,6342,8196,6253,304,570,,,1069,0,,t3_finalstring
standard,92,b3,blue,mid,法師,gambler,standard,0,1,5,0,15013,14620,9724,398.8,8.94,18.77,,2,1,1,2,2,437,95,218,643,4287,6025,8248,6253,950,570,,475,,0,,t3_psyward
standard,92,b4,blue,adc,射手,mori,standard,0,8,12,0,24707,12233,13571,556.6,9.07,18.72,21.96,3,1,1,2,3,338,66,156,1971,3688,5446,8106,6253,807,570,,475,,0,,t3_shieldbreaker|t3_rendspear
standard,92,b5,blue,sup,輔助,fuwenbianzhi,standard,0,0,3,0,4657,20241,10456,428.8,5.98,12.37,16.93,4,1,2,3,4,535,296,820,55,4535,6776,8980,6253,338,,,475,,0,1912,t3_calmveil
standard,92,r1,red,top,戰士,tielian,standard,1,7,1,0,14303,27512,14266,585.1,8.62,14.48,19.66,3,1,2,3,3,655,167,130,2865,3805,7267,10630,6253,836,2280,,593,40,627,,t3_shieldbreaker|t3_finalstring
standard,92,r2,red,jungle,刺客,wuxing,standard,1,5,1,0,6335,12389,14129,579.5,8.32,13.07,18.58,4,1,2,3,4,298,1083,1896,1379,4148,7733,12026,6253,323,2850,,475,1497,627,,t3_finalstring
standard,92,r3,red,mid,法師,gambler,standard,1,6,1,0,19321,13478,14156,580.5,10.83,16.23,21.12,4,0,1,2,4,1504,727,738,505,3764,7227,9488,6253,874,1140,,593,,627,,t3_psyward
standard,92,r4,red,adc,射手,mori,standard,1,11,7,1,28580,12651,16493,676.4,9.13,14.76,18.59,4,1,2,3,4,319,322,355,2642,3669,7322,11255,6253,741,2850,285,593,,532,,t3_shieldbreaker|t3_rendspear
standard,92,r5,red,sup,輔助,fuwenbianzhi,standard,1,1,0,2,4273,12441,12736,522.3,5.76,12.29,14.03,4,1,3,3,4,537,90,1752,1286,4537,8550,10792,6253,152,570,570,593,30,627,1995,t3_calmveil
standard,93,b1,blue,top,戰士,hunpo,standard,1,3,2,1,7171,16742,11246,537.9,10.4,18.18,20.57,3,0,1,2,3,1666,189,2206,266,3926,6339,10956,6253,902,1710,285,1235,,570,,t3_psyward
standard,93,b2,blue,jungle,刺客,voidrift,standard,1,2,0,1,2841,8504,10532,503.7,9.07,15.03,19.17,3,1,1,3,3,421,2242,111,101,4271,7822,10241,6253,180,1140,285,443,1369,570,,t3_finalstring
standard,93,b3,blue,mid,法師,leiming,standard,1,2,0,0,12394,10581,10087,482.4,9.68,16.59,,2,1,1,2,2,465,464,1046,737,4315,6614,9746,6253,1102,1140,,680,,570,,t3_psyward
standard,93,b4,blue,adc,射手,leiting,standard,1,5,5,1,9577,8588,11221,536.7,9.1,16.73,19.93,3,1,1,3,3,424,725,138,440,3774,6405,10918,6253,769,2850,142,522,,380,,t3_shieldbreaker|t3_rendspear
standard,93,b5,blue,sup,輔助,luminary,standard,1,0,0,1,3196,10968,11972,572.6,6.42,13.83,18.17,4,1,2,4,4,554,740,219,522,4554,7470,11669,6253,199,,142,1868,,570,2635,t3_calmveil
standard,93,r1,red,top,戰士,hunpo,standard,0,2,2,0,7207,17189,9489,453.8,11.21,18.1,,2,0,1,2,2,1523,164,405,458,3783,6614,8685,6253,817,1140,,475,,0,,t3_psyward
standard,93,r2,red,jungle,刺客,voidrift,standard,0,0,2,0,3306,7772,8451,404.2,8.7,16.81,,2,1,1,2,2,750,1019,561,371,3950,5949,8161,6253,380,,,,1527,0,,t3_finalstring
standard,93,r3,red,mid,法師,leiming,standard,0,2,2,0,9978,11270,8722,417.2,10.82,19.08,,2,0,1,2,2,1460,526,932,272,3720,6076,8432,6253,1038,1140,,,,0,,t3_psyward
standard,93,r4,red,adc,射手,leiting,standard,0,2,5,0,6033,8695,8342,399,8.27,19.06,,2,1,1,2,2,845,468,64,392,4195,5848,8014,6253,620,1140,,,,0,,t3_shieldbreaker|t3_rendspear
standard,93,r5,red,sup,輔助,luminary,standard,0,1,1,0,4332,13005,10283,491.8,5.92,12.04,15.61,3,1,2,3,3,1119,835,953,1243,4519,7865,9993,6253,297,570,,950,,0,1922,t3_calmveil
standard,94,b1,blue,top,戰士,dushe,standard,0,2,0,0,9930,24184,10455,481.1,9.63,15.83,20.62,3,1,1,2,3,443,1217,1019,204,3593,6747,9369,6253,874,1140,,950,,152,,t3_shieldbreaker|t3_finalstring
standard,94,b2,blue,jungle,刺客,miwu,standard,0,0,4,1,9071,9377,8659,398.4,8.93,16.89,,2,1,1,2,2,897,1119,484,528,4097,5969,7964,6253,288,,142,,1128,152,,t3_finalstring
standard,94,b3,blue,mid,法師,haixiao,standard,0,4,3,0,14255,13646,11139,512.5,7.57,17.87,20.79,3,1,1,2,3,278,304,460,308,4828,6804,9540,6253,950,1710,,475,,152,,t3_psyward
standard,94,b4,blue,adc,射手,shensheng,standard,0,6,3,1,17257,10215,12017,552.9,9.32,18.18,20.11,3,1,1,2,3,424,577,1746,1066,3774,6257,9696,6253,912,1710,142,475,51,152,,t3_shieldbreaker|t3_rendspear
standard,94,b5,blue,sup,坦克,tiebi,standard,0,0,2,0,3665,19431,10204,469.5,7.46,13.37,17.59,3,1,2,3,3,654,1248,412,404,4554,7448,9612,6253,205,,,475,,152,2526,t3_calmveil|t3_thornmail
standard,94,r1,red,top,戰士,dushe,standard,1,3,1,2,11036,21235,11972,550.8,9.66,15.06,20.86,3,1,1,2,3,257,2069,2578,521,4407,7599,11228,6253,823,1710,427,1615,,399,,t3_shieldbreaker|t3_finalstring
standard,94,r2,red,jungle,刺客,miwu,standard,1,3,1,2,6977,9853,11204,515.5,9.14,15.3,20.33,3,1,1,2,3,704,1856,2080,723,4604,7186,10460,6253,228,1710,237,190,1442,399,,t3_finalstring
standard,94,r3,red,mid,法師,haixiao,standard,1,1,5,2,12167,12701,9784,450.2,11.33,18.92,,2,0,1,2,2,1270,917,535,1033,3530,6817,8565,6253,772,,570,665,,304,,t3_psyward
standard,94,r4,red,adc,射手,shensheng,standard,1,1,5,3,16115,9136,9869,454.1,10.61,19.93,,2,0,1,2,2,1569,253,305,969,3729,5933,8555,6253,715,,522,665,,399,,t3_shieldbreaker|t3_rendspear
standard,94,r5,red,sup,坦克,tiebi,standard,1,4,0,3,6660,18591,13386,615.9,7.54,11.94,14.77,4,1,3,4,4,1898,320,157,1186,4798,8920,12357,6253,310,2280,237,1140,17,399,1720,t3_calmveil|t3_thornmail
standard,95,b1,blue,top,戰士,fengbao,standard,1,1,2,0,10107,23307,10540,481.3,9.08,16.22,21.19,3,1,1,2,3,709,355,1043,639,3859,5835,8793,6253,1292,570,,475,,202,,t3_shieldbreaker|t3_finalstring
standard,95,b2,blue,jungle,刺客,guihuo,standard,1,1,6,0,3372,10461,9133,417,9.53,18.61,,2,1,1,2,2,519,275,222,1053,3719,5855,8302,6253,376,570,,,1026,76,,t3_finalstring
standard,95,b3,blue,mid,法師,leiming,standard,1,1,2,0,14842,13549,10217,466.5,10.56,17.69,,2,0,1,2,2,1609,140,1020,1336,3869,5750,9420,6253,1206,570,,1187,,202,,t3_psyward
standard,95,b4,blue,adc,射手,liangzicz,standard,1,5,6,0,11059,11171,11214,512.1,9.16,17.83,21.56,3,1,1,2,3,965,421,157,894,4315,6101,8707,6253,874,1140,,237,,202,,t3_shieldbreaker|t3_rendspear
standard,95,b5,blue,sup,輔助,fengshen,standard,1,1,3,1,4451,15242,11125,508,6.68,10.73,15.43,4,1,2,3,4,1157,790,1288,424,4557,7820,10328,6253,354,570,285,950,,76,1838,t3_calmveil
standard,95,r1,red,top,戰士,fengbao,standard,0,7,0,0,15914,22997,13643,623,9.12,13.59,18.32,4,1,2,3,4,652,145,876,663,3802,7545,12276,6253,1045,3420,,1140,,418,,t3_shieldbreaker|t3_finalstring
standard,95,r2,red,jungle,刺客,guihuo,standard,0,3,1,0,5485,9986,11371,519.2,9.01,15.12,19.3,3,1,1,3,3,473,1866,444,940,4323,7446,10574,6253,361,1710,,190,1641,418,,t3_finalstring
standard,95,r3,red,mid,法師,leiming,standard,0,0,3,1,11447,11588,9188,419.5,11.11,17.6,,2,0,1,2,2,1523,273,203,207,3783,5873,8353,6253,1064,,142,665,,228,,t3_psyward
standard,95,r4,red,adc,射手,liangzicz,standard,0,9,3,3,20772,9258,14463,660.4,10.44,16.76,18.73,3,0,1,3,3,1531,1840,186,3263,3691,7520,11386,6253,630,2850,570,665,,418,,t3_shieldbreaker|t3_rendspear
standard,95,r5,red,sup,輔助,fengshen,standard,0,0,2,3,4551,12092,10246,467.8,7.1,12.1,18.36,3,1,2,3,3,917,477,894,1205,4617,7207,9354,6253,319,,427,190,,418,1745,t3_calmveil
standard,96,b1,blue,top,戰士,langwang,standard,1,2,0,0,6606,31002,11216,460.1,8.07,16.43,20.81,3,1,1,2,3,101,887,788,415,4201,6367,9388,6253,798,1140,,665,,532,,t3_shieldbreaker|t3_finalstring
standard,96,b2,blue,jungle,刺客,jiansheng,standard,1,2,3,2,11140,12048,11781,483.3,8.73,16.74,21.45,3,1,1,2,3,811,1030,207,700,4011,6610,8537,6253,399,,142,190,1020,532,,t3_finalstring
standard,96,b3,blue,mid,法師,haixiao,standard,1,10,3,2,24173,14409,16827,690.3,8.91,14.21,19.08,5,1,2,3,5,389,546,909,677,4239,8096,11459,6253,779,2850,142,902,,532,,t3_psyward
standard,96,b4,blue,adc,射手,xingchen,standard,1,10,5,1,24102,10942,16332,670,9.15,15.76,17.93,4,1,1,3,4,332,673,785,2481,3682,6353,12585,6253,753,4560,285,190,11,532,,t3_shieldbreaker|t3_rendspear
standard,96,b5,blue,sup,輔助,hexweave,standard,1,1,0,2,7901,18071,12424,509.7,7.08,11.37,14.85,4,1,3,4,4,811,142,159,974,5111,7842,10559,6253,234,570,285,902,11,532,1770,t3_calmveil
standard,96,r1,red,top,戰士,langwang,standard,0,1,4,2,11766,30384,10801,443.1,8.9,16.98,21.16,3,1,1,2,3,668,219,690,300,3818,5699,9290,6253,946,570,570,950,,0,,t3_shieldbreaker|t3_finalstring
standard,96,r2,red,jungle,刺客,jiansheng,standard,0,2,5,0,6260,10112,11108,455.7,8.8,16.01,23.17,3,1,1,2,3,214,996,620,757,4064,6576,8700,6253,304,570,,,1573,0,,t3_finalstring
standard,96,r3,red,mid,法師,haixiao,standard,0,1,6,0,21407,13912,10354,424.8,10.66,18.94,,2,0,1,2,2,1510,106,461,1274,3770,5556,8311,6253,1013,570,,475,,0,,t3_psyward
standard,96,r4,red,adc,射手,xingchen,standard,0,7,8,1,22146,12385,12796,525,7.65,15.72,20.15,3,1,1,2,3,293,912,1283,995,4293,6592,10183,6253,794,2850,285,,,0,,t3_shieldbreaker|t3_rendspear
standard,96,r5,red,sup,輔助,hexweave,standard,0,0,2,1,4841,19457,11217,460.2,6.37,12.13,17.11,4,1,2,3,4,449,218,317,516,4449,7248,9357,6253,171,,,950,,0,1982,t3_calmveil
standard,97,b1,blue,top,戰士,kuangfeng,standard,0,1,2,3,11733,25357,10332,445.7,8.75,14.63,23.01,3,1,2,2,3,576,125,411,251,3726,7225,9011,6253,1032,570,285,490,,380,,t3_shieldbreaker|t3_finalstring
standard,97,b2,blue,jungle,刺客,hundun,standard,0,2,2,0,8433,12359,10674,460.4,10.86,17.35,22.8,3,0,1,2,3,1717,61,186,173,3927,6211,9536,6253,297,1140,,728,736,380,,t3_psyward
standard,97,b3,blue,mid,法師,leiming,standard,0,5,3,1,21445,13994,12634,545,11.22,15.97,21.8,3,0,1,2,3,1637,1032,152,154,3897,7532,9432,6253,1120,1140,285,253,,380,,t3_psyward
standard,97,b4,blue,adc,射手,dujian,standard,0,7,4,2,19576,9251,13020,561.6,10.09,16.42,20.9,4,0,1,2,4,1626,1080,786,120,3786,6760,9686,6253,820,1710,427,95,,380,,t3_shieldbreaker|t3_rendspear
standard,97,b5,blue,sup,坦克,tiankong,standard,0,2,1,1,7480,19609,12172,525,7.34,12.54,14.92,4,1,3,3,4,893,73,1275,671,4693,8873,11155,6253,338,1140,142,807,,380,2093,t3_calmveil|t3_thornmail
standard,97,r1,red,top,戰士,kuangfeng,standard,1,2,0,2,11188,29948,12219,527.1,7.88,17.07,19.98,3,1,1,3,3,426,893,125,819,4226,6373,10205,6253,760,570,,2470,,152,,t3_shieldbreaker|t3_finalstring
standard,97,r2,red,jungle,刺客,hundun,standard,1,2,5,2,8363,12620,11569,499,8.9,17.2,22.06,3,1,1,2,3,822,438,462,188,4622,6888,9162,6253,234,,427,95,1999,152,,t3_psyward
standard,97,r3,red,mid,法師,leiming,standard,1,1,6,3,19844,13974,9518,410.6,9.1,17.88,,2,1,1,2,2,395,563,251,218,4245,6193,8501,6253,861,570,570,95,,152,,t3_psyward
standard,97,r4,red,adc,射手,dujian,standard,1,5,6,1,18067,12842,12124,523,9.41,17.78,20.9,3,1,1,2,3,528,388,780,324,3878,5588,9360,6253,1102,1140,142,570,,152,,t3_shieldbreaker|t3_rendspear
standard,97,r5,red,sup,坦克,tiankong,standard,1,2,0,1,6424,21380,12965,559.2,7.28,13.2,15.43,4,1,2,3,4,501,460,1376,1265,4601,8040,10856,6253,424,1140,,570,,152,2316,t3_calmveil|t3_thornmail
standard,98,b1,blue,top,戰士,greymantle,standard,1,0,1,0,10741,26425,9573,395.4,9.07,18.51,,2,1,1,2,2,443,177,181,1492,3593,5227,7431,6253,532,,,475,,171,,t3_shieldbreaker|t3_finalstring
standard,98,b2,blue,jungle,刺客,yueying,standard,1,1,3,0,12451,12711,10838,447.7,8.76,16.13,21.52,3,1,1,2,3,538,707,711,858,3738,6337,8841,6253,551,570,,475,820,171,,t3_finalstring
standard,98,b3,blue,mid,法師,haixiao,standard,1,2,5,1,18652,17361,10817,446.8,8.23,18.7,23.53,3,1,1,2,3,693,503,209,467,4543,6253,8239,6253,1102,570,142,,,171,,t3_psyward
standard,98,b4,blue,adc,射手,tianfa,standard,1,8,8,0,15383,14838,14000,578.3,9.51,17.82,20.02,4,1,1,2,4,395,388,1341,1079,3745,5588,10091,6253,1007,2280,,475,,76,,t3_shieldbreaker|t3_rendspear
standard,98,b5,blue,sup,坦克,shiqiang,standard,1,0,5,2,5497,20869,12388,511.7,7.37,14.08,18.74,4,1,2,3,4,401,719,1325,1027,4601,6919,10425,6253,228,,142,950,,171,2680,t3_calmveil|t3_thornmail
standard,98,r1,red,top,戰士,greymantle,standard,0,6,0,1,14620,23202,14798,611.3,9.18,15.41,18.51,3,1,1,3,3,662,1274,149,3767,3812,6804,10699,6253,988,2280,285,475,,418,,t3_shieldbreaker|t3_finalstring
standard,98,r2,red,jungle,刺客,yueying,standard,0,1,2,2,9809,13117,11808,487.8,8.88,14.73,22.09,3,1,2,2,3,999,180,1275,677,4199,7360,9655,6253,180,570,,475,1757,418,,t3_finalstring
standard,98,r3,red,mid,法師,haixiao,standard,0,5,4,0,21946,15736,12708,524.9,10.39,17.38,22.13,3,0,1,2,3,1542,513,754,227,3802,7013,9084,6253,1083,570,,950,,228,,t3_psyward
standard,98,r4,red,adc,射手,tianfa,standard,0,8,5,0,20078,10886,13994,578,10.16,17.92,21.16,4,0,1,2,4,1598,263,604,1093,3758,5943,9154,6253,867,1140,,475,,418,,t3_shieldbreaker|t3_rendspear
standard,98,r5,red,sup,坦克,shiqiang,standard,0,2,0,2,9078,21238,12841,530.4,6.99,11.66,15.11,4,1,2,3,4,359,1671,1156,640,5159,8911,11136,6253,414,1140,285,475,,418,2150,t3_calmveil|t3_thornmail
standard,99,b1,blue,top,戰士,ravager,standard,1,0,10,0,14660,44227,11818,396.1,9.05,17.83,25.65,3,1,1,2,3,462,497,231,1038,3612,5797,7431,6253,703,,,475,,0,,t3_shieldbreaker|t3_finalstring
standard,99,b2,blue,jungle,戰士,longyi,standard,1,1,4,1,16701,32079,12708,426,9.07,16.52,22.83,4,1,1,2,4,970,518,216,357,4070,5948,8396,6253,430,570,,,1142,0,,t3_shieldbreaker|t3_finalstring
standard,99,b3,blue,mid,法師,bingshuang,standard,1,7,8,0,30382,21181,16283,545.8,10.68,19.68,23.72,4,0,1,2,4,1580,102,161,2183,3840,5702,7811,6253,1083,,,475,,0,,t3_psyward
standard,99,b4,blue,adc,射手,dawnstrike,standard,1,15,12,0,55588,15790,20245,678.6,9.43,18.91,21.89,5,1,1,2,5,351,237,929,4645,3701,5617,8879,6253,959,1140,,475,51,0,,t3_shieldbreaker|t3_rendspear
standard,99,b5,blue,sup,輔助,shengguang,standard,1,0,5,4,9083,24572,13351,447.5,6.28,12.53,18.3,4,1,2,3,4,511,274,181,1901,4511,6754,8761,6253,281,,285,,17,0,1924,t3_calmveil
standard,99,r1,red,top,戰士,ravager,standard,0,11,2,0,35537,40280,18041,604.7,9.35,14.73,18.73,5,1,2,3,5,833,189,232,2740,3983,7289,11032,6253,902,2850,,475,,551,,t3_shieldbreaker|t3_finalstring
standard,99,r2,red,jungle,戰士,longyi,standard,0,2,4,1,13013,25238,14208,476.3,8.98,15.91,22.89,4,1,1,2,4,164,1208,926,808,3914,6638,8876,6253,85,,285,475,1226,551,,t3_shieldbreaker|t3_finalstring
standard,99,r3,red,mid,法師,bingshuang,standard,0,7,9,2,32604,19430,17347,581.5,10.83,19.93,23.84,5,0,1,2,5,1504,304,237,1197,3764,6054,9217,6253,1035,570,427,475,,456,,t3_psyward
standard,99,r4,red,adc,射手,dawnstrike,standard,0,19,7,2,72533,15512,22341,748.9,9.43,17.69,20.63,5,1,1,2,5,281,706,1695,6740,3631,6386,10595,6253,608,2280,427,475,,551,,t3_shieldbreaker|t3_rendspear
standard,99,r5,red,sup,輔助,shengguang,standard,0,0,1,3,13403,21697,15199,509.5,7.33,12.66,16.48,4,1,2,3,4,263,381,2257,4238,4563,7411,9957,6253,294,,,950,,551,1908,t3_calmveil
standard,100,b1,blue,top,戰士,dadi2,standard,0,2,1,0,11275,25435,10406,455.2,8.97,16.04,22.31,3,1,1,2,3,633,571,480,755,3783,6101,8410,6253,940,570,,475,,171,,t3_shieldbreaker|t3_finalstring
standard,100,b2,blue,jungle,戰士,ravager,standard,0,1,4,0,11709,16869,9688,423.8,8.32,17.96,,2,1,1,2,2,787,711,420,1458,3887,5711,7700,6253,266,,,,1010,171,,t3_shieldbreaker|t3_finalstring
standard,100,b3,blue,mid,法師,mingyun2,standard,0,2,4,3,16175,16791,11366,497.3,11.48,18.13,,2,0,1,2,2,1431,328,343,2086,3691,5838,8743,6253,972,570,285,475,17,171,,t3_psyward
standard,100,b4,blue,adc,射手,hanbing,standard,0,4,5,0,18316,10474,10499,459.3,9.64,18.08,22.28,3,1,1,2,3,1159,562,1107,798,4509,6242,8427,6253,855,1140,,,102,76,,t3_shieldbreaker|t3_rendspear
standard,100,b5,blue,sup,坦克,tieshixin,standard,0,0,4,0,4740,20151,11072,484.4,6.93,13.92,17.96,3,1,2,3,3,370,148,704,1492,4570,6948,9684,6253,196,,,475,51,171,2537,t3_calmveil|t3_thornmail
standard,100,r1,red,top,戰士,dadi2,standard,1,2,0,1,14168,25072,11188,489.4,9.23,16.77,21.72,3,1,1,2,3,595,1135,1104,1237,3745,6665,9154,6253,962,570,,950,,418,,t3_shieldbreaker|t3_finalstring
standard,100,r2,red,jungle,戰士,ravager,standard,1,8,0,1,13282,14685,15484,677.4,8.24,12.18,16.42,4,1,2,3,4,282,916,3594,2033,4862,9516,13674,6253,478,3990,285,475,1774,418,,t3_shieldbreaker|t3_finalstring
standard,100,r3,red,mid,法師,mingyun2,standard,1,4,3,0,18117,13519,12116,530.1,10.73,19.38,22.06,3,0,1,2,3,1422,306,722,1086,3682,6206,8752,6253,1174,570,,475,51,228,,t3_psyward
standard,100,r4,red,adc,射手,hanbing,standard,1,4,5,1,17174,10098,11463,501.5,10.36,18.26,22.28,3,0,1,2,3,1389,329,1650,983,3549,6009,8650,6253,791,570,142,475,,418,,t3_shieldbreaker|t3_rendspear
standard,100,r5,red,sup,坦克,tieshixin,standard,1,0,1,6,8623,20034,12473,545.7,6.64,13.25,18.08,4,1,2,3,4,287,693,782,872,4487,7473,10762,6253,202,,997,475,,418,2415,t3_calmveil|t3_thornmail
standard,101,b1,blue,top,戰士,ronggang,standard,1,0,2,1,22869,30604,11497,452.9,9.21,17.38,22.68,3,1,1,2,3,738,752,242,46,3888,6282,7992,6253,1016,,,285,,437,,t3_shieldbreaker|t3_finalstring
standard,101,b2,blue,jungle,戰士,xueyue,standard,1,1,3,0,8869,17505,11440,450.7,8,18.27,24.34,3,1,1,2,3,911,929,256,640,4011,6409,8256,6253,427,,,285,1043,247,,t3_shieldbreaker|t3_finalstring
standard,101,b3,blue,mid,法師,bingshuang,standard,1,5,2,0,23594,14895,13590,535.4,10.6,19.34,24.08,3,0,1,2,3,1618,913,375,1509,3878,6063,7925,6253,1045,,,285,,342,,t3_psyward
standard,101,b4,blue,adc,射手,xuanfeng,standard,1,9,5,2,27043,10752,15867,625.1,11.76,19.11,20.13,4,0,1,2,4,1462,564,1619,2016,3622,6244,10519,6253,978,2280,285,285,,437,,t3_shieldbreaker|t3_rendspear
standard,101,b5,blue,sup,坦克,xukong,standard,1,2,1,0,6961,21944,14837,584.5,6.8,12.92,16.7,4,1,2,3,4,468,1346,905,2637,4668,8126,10885,6253,294,1140,,285,,437,2474,t3_calmveil|t3_thornmail
standard,101,r1,red,top,戰士,ronggang,standard,0,3,1,0,15123,29691,11725,461.9,8.44,14.39,21.29,3,1,2,2,3,184,439,881,874,4334,7289,9531,6253,1092,1710,,475,,0,,t3_shieldbreaker|t3_finalstring
standard,101,r2,red,jungle,戰士,xueyue,standard,0,3,0,2,17879,20276,12299,484.5,9.24,16.43,21.34,3,1,1,2,3,933,1852,833,899,4033,7332,9433,6253,351,1140,427,,1260,0,,t3_shieldbreaker|t3_finalstring
standard,101,r3,red,mid,法師,bingshuang,standard,0,0,6,0,13955,16666,9958,392.3,11,20.2,,2,0,1,1,2,1428,539,1131,907,3688,5389,7631,6253,902,,,475,,0,,t3_psyward
standard,101,r4,red,adc,射手,xuanfeng,standard,0,7,7,1,21439,11635,13159,518.4,9.51,19.11,22.23,3,1,1,2,3,376,303,894,1359,3726,5683,8514,6253,836,1140,285,,,0,,t3_shieldbreaker|t3_rendspear
standard,101,r5,red,sup,坦克,xukong,standard,0,0,3,4,7661,24522,14352,565.4,6.58,13.63,17.49,5,1,2,3,5,720,116,411,751,4620,7356,10391,6253,313,,712,475,,0,2636,t3_calmveil|t3_thornmail
standard,102,b1,blue,top,戰士,jingci,standard,0,1,0,1,11706,23570,10339,455.3,9.21,17.16,21.79,3,1,1,2,3,700,574,414,258,3850,6054,8714,6253,921,570,,570,,399,,t3_shieldbreaker|t3_finalstring
standard,102,b2,blue,jungle,戰士,jufeng,standard,0,2,1,1,6837,11760,10355,456,9.53,17.16,22.28,3,1,1,2,3,774,849,837,325,3874,6279,9387,6253,171,1140,285,95,1044,399,,t3_shieldbreaker|t3_finalstring
standard,102,b3,blue,mid,法師,mingyun2,standard,0,8,3,1,18971,15220,13955,614.5,9.48,15.68,18.55,4,1,1,3,4,617,903,198,304,4467,7403,11798,6253,1282,3420,285,253,,304,,t3_psyward
standard,102,b4,blue,adc,射手,phantom,standard,0,6,2,0,17036,10436,12235,538.8,9.76,18.3,19.78,3,1,1,3,3,471,227,230,435,3821,5607,10230,6253,1045,2280,,253,,399,,t3_shieldbreaker|t3_rendspear
standard,102,b5,blue,sup,輔助,tianshi,standard,0,1,0,1,5268,17013,11898,524,6.27,12.11,17.61,4,1,2,3,4,81,406,1157,1398,4681,7436,10387,6253,304,,285,1203,51,399,1891,t3_calmveil
standard,102,r1,red,top,戰士,jingci,standard,1,0,2,0,13308,25730,10244,451.1,7.99,18.13,21.19,3,1,1,2,3,126,574,997,343,3926,6054,9227,6253,1035,,,1710,,228,,t3_shieldbreaker|t3_finalstring
standard,102,r2,red,jungle,戰士,jufeng,standard,1,1,1,0,10247,17160,10248,451.3,8.76,15.78,21.78,3,1,1,2,3,280,1473,111,397,4030,6603,8661,6253,240,,,285,1654,228,,t3_shieldbreaker|t3_finalstring
standard,102,r3,red,mid,法師,mingyun2,standard,1,1,9,0,9568,13952,9335,411.1,10.5,18.07,,2,0,1,2,2,1447,57,392,734,3707,6557,8242,6253,905,570,,285,,228,,t3_psyward
standard,102,r4,red,adc,射手,phantom,standard,1,4,5,0,15721,10435,10776,474.5,9.36,18.78,21.76,3,1,1,2,3,215,165,1056,125,3565,5845,8676,6253,769,1140,,285,,228,,t3_shieldbreaker|t3_rendspear
standard,102,r5,red,sup,輔助,tianshi,standard,1,0,1,2,5307,14448,11095,488.6,5.86,12.93,17.55,4,1,2,3,4,468,267,753,214,4468,7297,9793,6253,240,,285,760,51,228,1974,t3_calmveil
standard,103,b1,blue,top,戰士,tielian,standard,0,1,5,1,13882,45472,12562,416,6.97,15.41,21.91,3,1,1,2,3,206,1356,246,1162,4486,6836,8546,6253,798,570,285,285,,354,,t3_shieldbreaker|t3_finalstring
standard,103,b2,blue,jungle,戰士,rongyan,standard,0,1,5,0,17609,31237,12331,408.3,8.7,16.75,23.5,3,1,1,2,3,1000,979,156,980,4100,6409,8406,6253,76,570,,285,994,228,,t3_shieldbreaker|t3_finalstring
standard,103,b3,blue,mid,法師,bingshuang,standard,0,13,11,0,28426,25280,19269,638.1,9.32,16.75,21.74,5,1,1,2,5,522,184,761,3119,4372,6684,10161,6253,1083,1710,,760,,354,,t3_psyward
standard,103,b4,blue,adc,射手,huanying,standard,0,10,11,0,46481,15199,16927,560.5,9.83,18.05,24.33,5,1,1,2,5,194,235,458,1327,3544,5615,8408,6253,579,570,,760,17,228,,t3_shieldbreaker|t3_rendspear
standard,103,b5,blue,sup,輔助,mantra,standard,0,0,7,1,11695,24661,12731,421.6,7.13,12.74,16.79,4,1,2,3,4,159,241,231,1770,4459,7271,8981,6253,123,,,285,,354,1964,t3_calmveil
standard,103,r1,red,top,戰士,tielian,standard,1,2,2,0,20428,36675,14016,464.1,10.65,17.47,23.97,4,0,1,2,4,1866,365,220,1035,3916,5845,8220,6253,1130,,,570,,266,,t3_shieldbreaker|t3_finalstring
standard,103,r2,red,jungle,戰士,rongyan,standard,1,7,4,1,16918,25336,16945,561.1,7.88,13.7,19.39,5,1,2,3,5,1538,654,586,1694,4638,7704,10616,6253,164,2280,285,95,1272,266,,t3_shieldbreaker|t3_finalstring
standard,103,r3,red,mid,法師,bingshuang,standard,1,10,9,0,34699,23967,17490,579.1,10.21,17.89,23.09,5,0,1,2,5,1979,332,197,1339,4239,6082,8647,6253,988,570,,570,,266,,t3_psyward
standard,103,r4,red,adc,射手,huanying,standard,1,20,9,0,70170,16401,23195,768,8.54,16.91,19.67,5,1,1,3,5,912,843,212,7594,4262,6523,10692,6253,636,2850,,807,68,76,,t3_shieldbreaker|t3_rendspear
standard,103,r5,red,sup,輔助,mantra,standard,1,0,1,4,12063,24121,14756,488.6,5.9,11.7,17.27,4,1,2,3,4,1217,440,1143,3796,4617,6920,9323,6253,272,,285,332,,266,1914,t3_calmveil
standard,104,b1,blue,top,坦克,shiqiang,standard,0,1,4,0,8661,22396,8783,392.8,7.1,13.86,,2,1,2,2,2,608,89,664,1492,4258,6339,7954,6253,712,570,,190,,228,,t3_calmveil|t3_thornmail
standard,104,b2,blue,jungle,戰士,tielian,standard,0,1,4,0,6994,14945,9451,422.7,8.66,15.68,,2,1,1,2,2,596,1113,1058,850,3696,6593,8458,6253,332,570,,190,884,228,,t3_finalstring|t3_shieldbreaker
standard,104,b3,blue,mid,法師,mingyun2,standard,0,5,4,0,14703,12463,11516,515.1,11.22,18.12,21.18,3,0,1,2,3,1434,135,552,965,3694,6335,9052,6253,766,1140,,665,,228,,t3_psyward
standard,104,b4,blue,adc,射手,guangsu,standard,0,2,3,1,13239,12341,9524,426,9.55,18.42,,2,1,1,2,2,329,478,411,773,3679,5978,7631,6253,674,,285,190,,228,,t3_shieldbreaker|t3_rendspear
standard,104,b5,blue,sup,坦克,tiebi,standard,0,0,2,1,5573,18918,12273,548.9,6.78,12.93,17.76,4,1,2,3,4,723,119,1887,73,4623,7359,11387,6253,326,,285,1615,,228,2680,t3_calmveil|t3_thornmail
standard,104,r1,red,top,坦克,shiqiang,standard,1,4,0,0,9746,20920,11825,528.9,7.94,14.88,19.41,4,1,2,3,4,158,175,308,175,3808,6125,9438,6253,842,1710,,285,43,304,,t3_calmveil|t3_thornmail
standard,104,r2,red,jungle,戰士,tielian,standard,1,1,2,1,8924,12976,10555,472.1,10.23,15.8,21.63,3,0,1,2,3,2048,1227,1524,475,4048,6707,9524,6253,278,570,285,522,1311,304,,t3_finalstring|t3_shieldbreaker
standard,104,r3,red,mid,法師,mingyun2,standard,1,3,2,2,16812,11672,12174,544.5,10.63,17.68,21.15,3,0,1,2,3,1533,257,2371,574,3793,6757,11421,6253,1111,1710,570,1472,,304,,t3_psyward
standard,104,r4,red,adc,射手,guangsu,standard,1,7,4,2,20940,9639,13349,597.1,10.18,17.64,19.73,3,0,1,3,3,1379,163,96,1549,3539,5363,10316,6253,718,1710,570,760,,304,,t3_shieldbreaker|t3_rendspear
standard,104,r5,red,sup,坦克,tiebi,standard,1,2,1,0,6272,18698,12159,543.8,7.04,11.82,17.94,4,1,2,3,4,914,463,1349,558,5114,7403,11329,6253,544,1140,,1235,,304,1852,t3_calmveil|t3_thornmail
standard,105,b1,blue,top,坦克,longji,standard,1,0,4,1,8307,26575,9584,397.3,8.59,15.41,22.68,3,1,1,2,3,757,744,733,134,3707,6044,7963,6253,798,,285,475,,152,,t3_calmveil|t3_thornmail
standard,105,b2,blue,jungle,戰士,cinderfist,standard,1,2,0,0,7874,17386,10942,453.6,8.98,16.38,21.8,3,1,1,2,3,1377,1106,634,492,4477,6536,9184,6253,475,1140,,,1163,152,,t3_shieldbreaker|t3_finalstring
standard,105,b3,blue,mid,法師,shikong,standard,1,2,4,0,15805,16103,11180,463.4,10.59,19.06,,2,0,1,2,2,1485,315,375,1780,3745,6215,7925,6253,1045,,,475,,152,,t3_psyward
standard,105,b4,blue,adc,射手,mori,standard,1,6,4,0,21650,10465,12653,524.5,9.88,16.95,22.85,3,1,1,2,3,519,982,392,852,3869,6662,8942,6253,921,1140,,475,,152,,t3_shieldbreaker|t3_rendspear
standard,105,b5,blue,sup,輔助,zhanchang,standard,1,1,2,0,6241,22918,12430,515.2,6.53,12.58,17.21,4,1,2,3,4,573,237,2021,1470,4573,6967,10771,6253,332,570,,1425,,152,2038,t3_calmveil
standard,105,r1,red,top,坦克,longji,standard,0,4,0,1,8844,22039,12172,504.5,9.42,12.54,19.4,4,1,2,3,4,624,354,354,621,3574,6804,8904,6253,608,1140,,522,,380,,t3_calmveil|t3_thornmail
standard,105,r2,red,jungle,戰士,cinderfist,standard,0,1,2,4,14507,19914,11763,487.6,8.21,15.08,20.38,3,1,1,2,3,846,2108,681,832,3946,6758,9231,6253,285,,570,285,1458,380,,t3_shieldbreaker|t3_finalstring
standard,105,r3,red,mid,法師,shikong,standard,0,6,4,0,15641,13916,13071,541.8,10.46,18.08,21.69,3,0,1,2,3,1599,296,366,990,3859,6196,8866,6253,1140,570,,522,,380,,t3_psyward
standard,105,r4,red,adc,射手,mori,standard,0,2,4,0,27541,9527,10053,416.7,10.67,18.23,,2,0,1,2,2,1196,974,296,1153,3356,6054,7916,6253,427,570,,285,,380,,t3_shieldbreaker|t3_rendspear
standard,105,r5,red,sup,輔助,zhanchang,standard,0,1,1,2,7854,16349,11663,483.4,6.14,11.85,14.83,4,1,3,3,4,1492,106,438,703,4592,7806,9668,6253,351,570,,285,,380,1828,t3_calmveil
standard,106,b1,blue,top,坦克,dadi,standard,0,1,1,0,8031,23645,9760,444.3,8.25,14.75,19.67,3,1,2,3,3,317,365,306,429,4467,6215,8856,6253,912,570,,950,,171,,t3_calmveil|t3_thornmail
standard,106,b2,blue,jungle,戰士,chichuan,standard,0,3,4,0,5910,16995,10406,473.7,8.82,16.9,20.43,3,1,1,2,3,774,1153,1460,255,3874,6583,9640,6253,494,1710,,,1012,171,,t3_shieldbreaker|t3_finalstring
standard,106,b3,blue,mid,法師,lieyan,standard,0,1,5,0,13693,13088,9513,433.1,11.13,18.58,,2,0,1,2,2,1523,404,489,1062,3783,5854,8039,6253,1140,,,475,,171,,t3_psyward
standard,106,b4,blue,adc,射手,leiting,standard,0,4,8,0,7160,9823,10745,489.1,10.75,16.58,21.54,3,0,1,2,3,2275,1073,958,424,4435,6753,9508,6253,899,1710,,475,,171,,t3_shieldbreaker|t3_rendspear
standard,106,b5,blue,sup,輔助,luminary,standard,0,0,4,1,6975,15638,10052,457.6,6.82,12.53,16.77,3,1,2,3,3,1603,228,384,1012,4703,7258,9424,6253,354,,285,475,51,76,1928,t3_calmveil
standard,106,r1,red,top,坦克,dadi,standard,1,0,1,0,4508,16800,10434,475,9.11,16.09,20.68,3,1,1,2,3,719,459,1949,504,3669,5759,9179,6253,753,,,1868,,304,,t3_calmveil|t3_thornmail
standard,106,r2,red,jungle,戰士,chichuan,standard,1,6,1,2,13317,12740,13645,621.2,8.88,14.68,18.1,3,1,2,3,3,751,323,884,2294,3851,7373,12234,6253,285,2850,570,285,1591,399,,t3_shieldbreaker|t3_finalstring
standard,106,r3,red,mid,法師,lieyan,standard,1,9,3,0,22194,13819,14757,671.8,11.17,16.86,20.47,4,0,1,2,4,1390,589,2943,926,3650,7089,12343,6253,1114,3420,,1155,,399,,t3_psyward
standard,106,r4,red,adc,射手,leiting,standard,1,6,4,0,18473,8274,12277,558.9,9.82,15.27,19.16,3,1,1,3,3,310,697,223,1497,3660,6377,11003,6253,741,2850,,760,,399,,t3_shieldbreaker|t3_rendspear
standard,106,r5,red,sup,輔助,luminary,standard,1,1,0,2,4277,12731,11919,542.6,6.28,13.45,15.77,4,1,2,3,4,254,1291,1662,1119,4554,7841,10892,6253,259,570,285,680,,399,2444,t3_calmveil
standard,107,b1,blue,top,坦克,tixue,standard,0,1,3,1,11381,23570,10398,455.9,7.59,15.63,21.54,3,1,1,2,3,956,387,768,848,3906,5787,8058,6253,1082,,,475,,247,,t3_calmveil|t3_thornmail
standard,107,b2,blue,jungle,戰士,dadi2,standard,0,2,2,0,9826,15915,10032,439.9,9.49,16.16,22.01,3,1,1,2,3,810,1117,163,432,3910,6597,8463,6253,452,570,,,940,247,,t3_finalstring|t3_shieldbreaker
standard,107,b3,blue,mid,法師,shikong,standard,0,1,3,0,15257,11933,9620,421.8,10.33,20.57,,2,0,1,1,2,1523,448,1748,640,3783,5778,8248,6253,1273,570,,,,152,,t3_psyward
standard,107,b4,blue,adc,射手,shensheng,standard,0,2,3,1,13267,10380,9875,432.9,10.83,18.31,22.52,3,0,1,2,3,1602,234,323,274,3762,5434,8123,6253,798,570,,237,17,247,,t3_shieldbreaker|t3_rendspear
standard,107,b5,blue,sup,坦克,tiankong,standard,0,0,3,0,9349,22970,12410,544.1,6.45,12.9,18.41,4,1,2,3,4,543,414,2641,210,4743,7194,11241,6253,346,,,1662,51,247,2680,t3_calmveil|t3_thornmail
standard,107,r1,red,top,坦克,tixue,standard,1,5,0,0,10584,20206,12983,569.2,8.73,14.83,19,4,1,2,3,4,586,261,2011,733,3536,6671,10661,6253,703,1710,,1615,,380,,t3_calmveil|t3_thornmail
standard,107,r2,red,jungle,戰士,dadi2,standard,1,2,1,1,8618,17029,11433,501.3,8.92,16.37,20.68,3,1,1,2,3,1032,844,1174,402,4132,6324,9474,6253,465,570,,665,1140,380,,t3_finalstring|t3_shieldbreaker
standard,107,r3,red,mid,法師,shikong,standard,1,1,3,2,13338,11907,10741,470.9,11.24,18.06,,2,0,1,2,2,1409,410,1054,1341,3669,6310,9084,6253,836,570,570,665,,190,,t3_psyward
standard,107,r4,red,adc,射手,shensheng,standard,1,6,2,2,25562,11153,12879,564.7,10.13,17.24,19.38,3,0,1,3,3,1379,882,905,1079,3539,6682,10805,6253,820,2850,,665,26,190,,t3_shieldbreaker|t3_rendspear
standard,107,r5,red,sup,坦克,tiankong,standard,1,0,0,4,9856,17402,11955,524.2,7.53,12.89,18.33,4,1,2,3,4,632,431,865,355,4532,7211,10365,6253,291,,570,190,,380,2680,t3_calmveil|t3_thornmail
standard,108,b1,blue,top,坦克,stoneguard,standard,0,0,3,0,7319,21871,8854,394.7,8.72,17.85,21.15,3,1,1,2,3,719,93,277,304,3669,5493,7127,6253,874,,,,,0,,t3_calmveil|t3_thornmail
standard,108,b2,blue,jungle,戰士,langwang,standard,0,0,3,0,7598,15116,8693,387.5,9.73,17.72,,2,1,1,2,2,93,384,476,462,3893,5864,7756,6253,326,,,,1176,0,,t3_finalstring|t3_shieldbreaker
standard,108,b3,blue,mid,法師,lieyan,standard,0,2,3,0,13506,15833,9120,406.6,9.15,17.93,,2,1,1,2,2,389,349,94,110,4239,5949,8324,6253,931,1140,,,,0,,t3_psyward
standard,108,b4,blue,adc,射手,liangzicz,standard,0,3,7,0,18938,12503,9947,443.4,10.65,16.74,,2,0,1,2,2,1405,351,510,1196,3565,5731,8030,6253,731,570,,475,,0,,t3_shieldbreaker|t3_rendspear
standard,108,b5,blue,sup,坦克,tiemu,standard,0,1,7,0,6967,23604,10109,450.6,7.03,12.76,16.79,3,1,2,3,3,118,422,493,528,4618,7522,9293,6253,329,570,,,102,0,2038,t3_calmveil|t3_thornmail
standard,108,r1,red,top,坦克,stoneguard,standard,1,8,0,1,12653,22570,15357,684.6,9.02,13.35,16.75,4,1,2,3,4,948,427,1639,3106,3898,6957,11669,6253,1162,2850,,855,17,532,,t3_calmveil|t3_thornmail
standard,108,r2,red,jungle,戰士,langwang,standard,1,10,0,5,19632,13467,16517,736.3,8.93,12.72,14.47,4,1,3,4,4,406,360,1307,3217,4686,9960,14607,6253,228,5130,427,617,1419,532,,t3_finalstring|t3_shieldbreaker
standard,108,r3,red,mid,法師,lieyan,standard,1,2,2,5,14458,11262,11869,529.1,10.19,16.25,21.83,3,0,1,2,3,1846,903,919,359,4106,7403,10319,6253,874,570,997,1092,,532,,t3_psyward
standard,108,r4,red,adc,射手,liangzicz,standard,1,2,4,5,18097,11196,10941,487.7,10.53,18.9,,2,0,1,2,2,1405,89,101,2361,3565,5769,8381,6253,646,,570,380,,532,,t3_shieldbreaker|t3_rendspear
standard,108,r5,red,sup,坦克,tiemu,standard,1,1,0,7,7472,18775,13018,580.3,7.43,12.08,17.33,4,1,2,3,4,370,645,924,1417,4570,7885,10904,6253,243,,855,380,,532,2640,t3_calmveil|t3_thornmail
standard,109,b1,blue,top,坦克,thornwall,standard,1,2,2,0,12185,23956,11212,497,8.21,13.17,18.75,3,1,2,3,3,317,102,366,1282,4467,6852,9816,6253,1016,1140,,855,,551,,t3_calmveil|t3_thornmail
standard,109,b2,blue,jungle,戰士,anliuyouXia,standard,1,0,0,1,7550,13651,10356,459.1,8.8,15.72,22.45,3,1,1,2,3,208,1043,562,325,3958,6473,8812,6253,389,,142,380,1095,551,,t3_shieldbreaker|t3_finalstring
standard,109,b3,blue,mid,法師,shikong,standard,1,4,2,1,12898,13812,11934,529,9.64,16.4,21.22,3,1,1,2,3,389,190,805,604,4239,6690,10205,6253,1026,1710,285,380,,551,,t3_psyward
standard,109,b4,blue,adc,射手,xingchen,standard,1,11,1,0,27408,10870,15297,678.1,9.4,15.98,18.65,4,1,1,3,4,395,820,958,1447,3745,6500,11858,6253,779,3990,,380,,456,,t3_shieldbreaker|t3_rendspear
standard,109,b5,blue,sup,輔助,hexweave,standard,1,0,1,2,4487,12727,11900,527.5,6.23,13.44,16.63,4,1,2,3,4,273,358,1492,1100,4573,7388,10722,6253,209,,427,1330,,551,1951,t3_calmveil
standard,109,r1,red,top,坦克,thornwall,standard,0,0,1,0,5221,20889,9835,436,9.02,15.08,21.12,3,1,1,2,3,767,909,263,784,3717,5959,7593,6253,864,,,475,,0,,t3_calmveil|t3_thornmail
standard,109,r2,red,jungle,戰士,anliuyouXia,standard,0,4,2,0,13498,18081,11562,512.5,8.77,15,19.93,3,1,2,3,3,208,139,158,212,4258,6889,10608,6253,437,2280,,,1638,0,,t3_shieldbreaker|t3_finalstring
standard,109,r3,red,mid,法師,shikong,standard,0,1,3,0,13371,14774,9645,427.5,10.23,17.62,,2,0,1,2,2,2017,444,379,664,4277,6044,8809,6253,1035,570,,950,,0,,t3_psyward
standard,109,r4,red,adc,射手,xingchen,standard,0,1,8,1,15737,12282,8448,374.5,10.83,19.98,,2,0,1,2,2,1262,327,104,167,3422,5227,7004,6253,608,,142,,,0,,t3_shieldbreaker|t3_rendspear
standard,109,r5,red,sup,輔助,hexweave,standard,0,0,3,2,5133,13433,11556,512.3,7.08,12.25,18.43,4,1,2,4,4,1978,597,44,676,4478,6777,10444,6253,133,,427,950,,0,2680,t3_calmveil
standard,110,b1,blue,top,坦克,tieshixin,standard,0,0,2,0,14644,32569,10206,395.8,8.13,14.01,21.91,3,1,2,2,3,276,128,956,176,3926,6358,8246,6253,1162,,,475,51,304,,t3_calmveil|t3_thornmail
standard,110,b2,blue,jungle,刺客,razorwing,standard,0,0,7,0,7708,12136,10385,402.8,8.9,17.98,24.68,3,1,1,2,3,577,1638,269,104,3777,6018,7919,6253,171,,,,1191,304,,t3_finalstring
standard,110,b3,blue,mid,法師,xingjie,standard,0,0,7,0,15673,16061,11071,429.4,10.91,18.91,24.69,3,0,1,2,3,1568,117,1085,40,3828,6317,8635,6253,1076,,,950,51,304,,t3_psyward
standard,110,b4,blue,adc,射手,dujian,standard,0,7,7,0,16148,15372,13918,539.8,9.36,17.71,20.33,4,1,1,2,4,234,400,338,367,3584,6200,9088,6253,864,1140,,475,51,304,,t3_shieldbreaker|t3_rendspear
standard,110,b5,blue,sup,坦克,tiankong,standard,0,1,4,0,7244,27091,12432,482.2,7.02,11.68,17.08,4,1,2,3,4,1559,921,652,631,5159,8161,10452,6253,297,570,,475,,304,2552,t3_calmveil|t3_thornmail
standard,110,r1,red,top,坦克,tieshixin,standard,1,4,0,1,13466,25379,13626,528.5,9.58,13.68,20.08,4,1,2,2,4,308,166,2298,1375,4258,6576,9588,6253,779,1140,142,1045,,228,,t3_calmveil|t3_thornmail
standard,110,r2,red,jungle,刺客,razorwing,standard,1,5,0,3,12082,13547,14515,563,9.54,15.68,19.05,4,1,1,3,4,756,1242,213,1115,3956,6572,10613,6253,427,1710,427,95,1471,228,,t3_finalstring
standard,110,r3,red,mid,法師,xingjie,standard,1,8,4,4,19984,15817,15377,596.4,10.32,17.17,21.81,4,0,1,2,4,1580,389,245,977,3840,6139,9645,6253,912,1140,807,253,51,228,,t3_psyward
standard,110,r4,red,adc,射手,dujian,standard,1,9,4,3,34492,13551,16596,643.7,7.57,14.31,18.56,5,1,2,3,5,686,336,349,995,4686,7536,11199,6253,617,2850,522,728,,228,,t3_shieldbreaker|t3_rendspear
standard,110,r5,red,sup,坦克,tiankong,standard,1,1,0,5,8456,20114,14876,577,7.59,12.78,18.66,5,1,2,3,5,344,168,174,1276,4544,6948,10154,6253,228,,95,728,,228,2622,t3_calmveil|t3_thornmail
standard,111,b1,blue,top,坦克,bingshouweis,standard,1,0,0,0,8924,22971,10974,462.7,8.03,15.74,20.43,3,1,1,2,3,700,435,1471,944,3650,5835,8761,6253,779,,,1235,,494,,t3_calmveil|t3_thornmail
standard,111,b2,blue,jungle,刺客,jingxiang,standard,1,1,3,1,5870,9593,10338,435.9,8.68,16.25,21.7,3,1,1,2,3,113,959,793,357,4013,6289,8273,6253,294,,142,285,803,494,,t3_finalstring
standard,111,b3,blue,mid,法師,auralith,standard,1,2,2,1,23266,14381,10775,454.3,11.04,16.52,23.5,3,0,1,2,3,1723,272,424,224,3983,6472,9474,6253,1159,1140,142,285,,494,,t3_psyward
standard,111,b4,blue,adc,射手,tianfa,standard,1,5,3,0,20527,12748,11897,501.6,9.88,18.55,21.45,3,1,1,2,3,396,223,900,96,3746,5903,9000,6253,810,1140,,285,17,494,,t3_shieldbreaker|t3_rendspear
standard,111,b5,blue,sup,坦克,shiqiang,standard,1,2,4,1,7060,20920,12976,547.1,6.57,11.63,18.59,4,1,2,3,4,378,332,2567,776,5178,7572,11467,6253,262,1140,,1710,,304,1796,t3_calmveil|t3_thornmail
standard,111,r1,red,top,坦克,bingshouweis,standard,0,3,1,1,13323,28165,11416,481.4,7.51,14.08,20.7,3,1,2,2,3,150,505,1312,1386,4100,6455,8602,6253,1159,570,,475,68,76,,t3_calmveil|t3_thornmail
standard,111,r2,red,jungle,刺客,jingxiang,standard,0,1,1,3,8965,11668,10987,463.3,8.69,16.52,21.68,3,1,1,2,3,164,973,229,107,4064,6303,8359,6253,294,,285,,1450,76,,t3_finalstring
standard,111,r3,red,mid,法師,auralith,standard,0,2,3,1,14577,15361,10898,459.5,10.16,20.35,23.59,3,0,1,1,3,1609,159,1368,48,3869,5759,7868,6253,1254,,285,,,76,,t3_psyward
standard,111,r4,red,adc,射手,tianfa,standard,0,3,4,1,15416,12147,11234,473.7,9.44,18.48,23.53,3,1,1,2,3,265,259,167,253,3615,5639,7387,6253,820,,,237,,76,,t3_shieldbreaker|t3_rendspear
standard,111,r5,red,sup,坦克,shiqiang,standard,0,3,1,1,6376,20170,13020,549,7.25,13.44,18.34,4,1,2,3,4,717,573,226,1720,4617,7353,10206,6253,424,570,,237,,76,2644,t3_calmveil|t3_thornmail
standard,112,b1,blue,top,坦克,tiankong,standard,0,3,5,0,14591,36900,12775,462.7,8.58,15.58,18.25,4,1,1,3,4,142,564,118,1444,3992,5864,9168,6253,1206,1140,,475,17,76,,t3_calmveil|t3_thornmail
standard,112,b2,blue,jungle,刺客,guihuo,standard,0,0,8,0,2824,14435,10906,395,7.81,17.86,24.12,3,1,1,2,3,162,733,440,675,4012,6013,8040,6253,323,,,,1387,76,,t3_finalstring
standard,112,b3,blue,mid,法師,xingjie,standard,0,4,6,0,18958,19696,13579,491.8,10.85,18.11,23.39,4,0,1,2,4,1713,142,640,128,3973,5772,9040,6253,1045,1140,,475,51,76,,t3_psyward
standard,112,b4,blue,adc,射手,dawnstrike,standard,0,11,11,0,33511,14193,15921,576.7,9.75,18.46,21.66,5,1,1,2,5,357,299,785,321,3707,5379,8685,6253,646,1710,,,,76,,t3_shieldbreaker|t3_rendspear
standard,112,b5,blue,sup,輔助,tianshi,standard,0,0,4,2,9778,23111,12714,460.5,6.15,12.51,16.37,4,1,2,3,4,70,348,1055,1263,4620,7378,10095,6253,275,,570,950,,76,1969,t3_calmveil
standard,112,r1,red,top,坦克,tiankong,standard,1,5,0,2,17886,28337,14865,538.4,8.96,13.33,18.87,4,1,2,3,4,838,659,576,2715,3788,6809,9906,6253,916,1140,285,665,,646,,t3_calmveil|t3_thornmail
standard,112,r2,red,jungle,刺客,guihuo,standard,1,2,3,2,11087,18501,13439,486.8,9.07,15.52,21.25,4,1,1,2,4,761,1643,1062,689,3961,7223,9392,6253,228,570,285,190,1410,456,,t3_finalstring
standard,112,r3,red,mid,法師,xingjie,standard,1,7,6,0,25675,18068,16219,587.5,10.31,18.55,21.66,4,0,1,2,4,1580,95,892,1818,3840,6595,9692,6253,1273,570,,1140,,456,,t3_psyward
standard,112,r4,red,adc,射手,dawnstrike,standard,1,19,6,2,60472,14112,22172,803.1,9.47,15.94,18.46,5,1,1,3,5,348,1143,761,6572,3698,6823,12561,6253,817,4560,285,190,,456,,t3_shieldbreaker|t3_rendspear
standard,112,r5,red,sup,輔助,tianshi,standard,1,1,3,4,6738,16296,14994,543.1,6.73,11.78,14.93,5,1,3,4,5,2087,203,1170,1794,4587,7903,11570,6253,185,570,570,665,,646,2680,t3_calmveil
standard,113,b1,blue,top,坦克,shengdun,standard,1,3,0,0,11536,26724,12510,525.3,7.12,15.03,19.33,4,1,1,3,4,137,934,451,360,4287,6234,9901,6253,1026,570,,1900,,152,,t3_calmveil|t3_thornmail
standard,113,b2,blue,jungle,刺客,yingsi,standard,1,0,3,0,4926,12262,9423,395.6,8.46,18.66,,2,1,1,2,2,741,455,319,1092,3941,5735,7749,6253,386,,,,957,152,,t3_finalstring
standard,113,b3,blue,mid,法師,auralith,standard,1,3,4,0,14518,13478,11022,462.8,11.33,18.78,,2,0,1,2,2,1352,1170,155,1621,3612,6500,8305,6253,760,1140,,,,152,,t3_psyward
standard,113,b4,blue,adc,射手,hanbing,standard,1,6,4,2,21216,10785,12922,542.6,9.1,17.61,21.28,3,1,1,2,3,832,459,420,2021,4182,6139,8970,6253,570,1710,285,,,152,,t3_shieldbreaker|t3_rendspear
standard,113,b5,blue,sup,輔助,linghun,standard,1,1,2,1,8200,17302,12166,510.8,7.02,12.16,16.36,4,1,2,3,4,1504,278,960,715,4604,7008,10000,6253,487,570,,475,,152,2062,t3_calmveil
standard,113,r1,red,top,坦克,shengdun,standard,0,2,2,0,9660,26914,11177,469.3,8.5,14.85,20.03,3,1,2,2,3,309,136,2234,1246,3859,6766,9464,6253,1159,1140,,760,,152,,t3_calmveil|t3_thornmail
standard,113,r2,red,jungle,刺客,yingsi,standard,0,3,0,0,9665,11591,11863,498.1,8.48,16.13,20.93,3,1,1,2,3,822,1159,901,1733,4022,6739,9231,6253,247,1140,,285,1153,152,,t3_finalstring
standard,113,r3,red,mid,法師,auralith,standard,0,3,4,2,19361,14278,11962,502.3,10.52,18.23,22.31,3,0,1,2,3,1476,822,1344,932,3736,6272,8894,6253,1064,570,570,285,,152,,t3_psyward
standard,113,r4,red,adc,射手,hanbing,standard,0,3,4,1,14357,9595,11259,472.7,9.01,18.73,22.33,3,1,1,2,3,319,288,526,59,3669,5968,8476,6253,931,570,285,285,,152,,t3_shieldbreaker|t3_rendspear
standard,113,r5,red,sup,輔助,linghun,standard,0,2,3,1,8532,14848,12305,516.6,7.28,12.16,16.89,4,1,2,3,4,778,992,1014,854,4478,7242,10054,6253,209,1140,,285,,152,2014,t3_calmveil
standard,114,b1,blue,top,坦克,xukong,standard,1,0,3,0,12106,34290,12559,431.6,8.26,13.84,22.38,4,1,2,2,4,298,223,939,309,3948,6633,8229,6253,1057,,,665,,253,,t3_calmveil|t3_thornmail
standard,114,b2,blue,jungle,刺客,youming,standard,1,0,4,2,5449,13569,11955,410.8,9.96,17.52,24.78,3,1,1,2,3,476,925,507,1075,3676,6255,7987,6253,278,,285,190,727,253,,t3_finalstring
standard,114,b3,blue,mid,法師,xingjie,standard,1,10,9,1,28125,21701,17328,595.5,9.29,16.63,21.27,5,1,1,2,5,237,405,143,1178,4087,6905,9223,6253,1102,1140,285,190,,253,,t3_psyward
standard,114,b4,blue,adc,射手,xuanfeng,standard,1,13,8,1,50892,15633,18092,621.7,7.67,13.8,20.82,5,1,2,2,5,940,177,1234,2491,4290,7377,9334,6253,896,1710,285,190,,0,,t3_shieldbreaker|t3_rendspear
standard,114,b5,blue,sup,坦克,shengdun,standard,1,1,7,1,6954,31217,14854,510.4,7.17,12.77,19.77,5,1,2,3,5,536,240,146,1253,4736,7180,9346,6253,313,570,,190,77,0,1941,t3_calmveil|t3_thornmail
standard,114,r1,red,top,坦克,xukong,standard,0,7,0,2,14619,34066,15536,533.9,9.11,15.33,17.75,5,1,1,4,5,643,1901,648,1886,3593,7301,12298,6253,706,3990,95,950,,304,,t3_calmveil|t3_thornmail
standard,114,r2,red,jungle,刺客,youming,standard,0,8,5,1,16678,17519,16588,570,8.88,14.86,19.15,5,1,2,3,5,88,111,462,1287,3988,7111,9962,6253,297,1710,142,,1255,304,,t3_finalstring
standard,114,r3,red,mid,法師,xingjie,standard,0,4,8,5,23995,19717,14653,503.5,10.23,18.94,24.34,4,0,1,2,4,1533,90,777,252,3793,5990,9277,6253,1010,,1235,475,,304,,t3_psyward
standard,114,r4,red,adc,射手,xuanfeng,standard,0,12,8,4,39731,16808,17889,614.7,9.55,17.44,19.84,5,1,1,3,5,262,643,286,2288,3612,6443,10186,6253,779,2280,570,,,304,,t3_shieldbreaker|t3_rendspear
standard,114,r5,red,sup,坦克,shengdun,standard,0,0,3,10,8363,34106,15840,544.3,7.32,13.05,16.38,5,1,2,3,5,111,772,599,2240,4611,8012,10579,6253,285,,807,475,,304,2454,t3_calmveil|t3_thornmail
standard,115,b1,blue,top,坦克,tiemu,standard,0,1,3,0,3793,24555,8785,409.7,6.25,13.45,19.91,3,1,2,3,3,279,222,136,334,4429,6652,8286,6253,988,570,,475,,0,,t3_calmveil|t3_thornmail
standard,115,b2,blue,jungle,刺客,yueying,standard,0,0,6,0,3473,11186,8006,373.4,9.42,18.27,,2,1,1,2,2,641,151,415,275,3841,5731,7545,6253,126,,,,1165,0,,t3_finalstring
standard,115,b3,blue,mid,法師,auralith,standard,0,1,5,0,10029,14453,8598,401,10.29,18.76,,2,0,1,2,2,1400,310,487,198,3660,5940,8137,6253,839,570,,475,,0,,t3_psyward
standard,115,b4,blue,adc,射手,phantom,standard,0,3,8,0,13425,12453,9885,461,9.99,17.34,21.15,3,1,1,2,3,281,1019,366,284,3631,6099,8816,6253,931,1140,,475,17,0,,t3_shieldbreaker|t3_rendspear
standard,115,b5,blue,sup,輔助,fuwenbianzhi,standard,0,0,4,1,4402,19264,9265,432.1,6.3,12.28,18.31,3,1,2,3,3,459,208,359,224,4459,6758,8519,6253,117,,,,,0,2148,t3_calmveil
standard,115,r1,red,top,坦克,tiemu,standard,1,4,0,1,11311,18784,11914,555.6,6.69,13.07,19.02,4,1,2,3,4,693,391,1206,363,4543,7621,11136,6253,988,2280,285,760,,570,,t3_calmveil|t3_thornmail
standard,115,r2,red,jungle,刺客,yueying,standard,1,2,1,2,4078,8304,10644,496.4,10.18,14.59,19.31,3,0,2,3,3,1998,347,430,993,3928,7777,10080,6253,266,1140,380,443,1122,475,,t3_finalstring
standard,115,r3,red,mid,法師,auralith,standard,1,5,3,3,14815,11966,13143,613,10.54,19.36,,2,0,1,2,2,1618,476,1438,3742,3878,6076,10418,6253,1057,1140,522,918,51,475,,t3_psyward
standard,115,r4,red,adc,射手,phantom,standard,1,15,1,1,31181,10147,17382,810.7,7.56,13.68,16.89,5,1,2,5,5,462,134,182,1782,4942,7754,15782,6253,883,7410,142,522,,570,,t3_shieldbreaker|t3_rendspear
standard,115,r5,red,sup,輔助,fuwenbianzhi,standard,1,0,0,8,5580,12675,12997,606.2,6.74,11.69,17.34,4,1,2,4,4,491,576,247,2117,4791,7606,11127,6253,224,,950,1155,,570,1973,t3_calmveil
standard,116,b1,blue,top,坦克,longji,standard,1,0,1,0,12154,26938,9237,404.1,8.09,14.6,21.49,3,1,2,2,3,81,403,904,687,3631,6253,8134,6253,741,,,760,,380,,t3_calmveil|t3_thornmail
standard,116,b2,blue,jungle,刺客,yeiren,standard,1,1,2,0,4656,10596,10162,444.6,8.75,16.83,,2,1,1,2,2,631,515,1373,1832,3831,6095,8923,6253,335,570,,443,940,380,,t3_finalstring
standard,116,b3,blue,mid,法師,ronghuo,standard,1,1,5,0,9036,13960,9817,429.5,10.03,19.01,,2,0,1,2,2,1770,568,684,416,4030,6168,8714,6253,1225,570,,285,,380,,t3_psyward
standard,116,b4,blue,adc,射手,huanying,standard,1,4,6,0,14839,9816,11090,485.1,9.53,17.76,21.43,3,1,1,2,3,215,507,1167,189,3565,6187,9417,6253,630,1710,,443,,380,,t3_shieldbreaker|t3_rendspear
standard,116,b5,blue,sup,輔助,mantra,standard,1,1,1,0,6428,19819,11937,522.2,6.52,14.04,15.11,4,1,2,4,4,668,745,434,1056,4668,7775,10834,6253,373,570,,1393,,380,1863,t3_calmveil
standard,116,r1,red,top,坦克,longji,standard,0,1,0,0,13596,22479,10548,461.5,8.88,14.87,22.05,3,1,2,2,3,233,213,784,618,3783,6063,8014,6253,988,570,,,,202,,t3_calmveil|t3_thornmail
standard,116,r2,red,jungle,刺客,yeiren,standard,0,0,0,1,5393,10159,9865,431.6,8.54,17.56,,2,1,1,2,2,202,586,1082,1534,4052,6166,8212,6253,563,,,,1192,202,,t3_finalstring
standard,116,r3,red,mid,法師,ronghuo,standard,0,3,2,0,12912,15190,10561,462,10.83,19.01,,2,0,1,2,2,1599,486,165,1160,3859,5816,8495,6253,1121,570,,475,,76,,t3_psyward
standard,116,r4,red,adc,射手,huanying,standard,0,10,4,1,27065,11129,14370,628.7,9.79,18.43,20.36,3,1,1,2,3,243,113,2060,2570,3593,5493,10310,6253,893,2850,,237,,76,,t3_shieldbreaker|t3_rendspear
standard,116,r5,red,sup,輔助,mantra,standard,0,1,1,0,6505,11633,11149,487.8,7.21,14.3,17.43,4,1,2,3,4,1406,357,1278,269,4506,6907,9438,6253,196,,,712,,202,2073,t3_calmveil
standard,117,b1,blue,top,坦克,dadi,standard,0,1,3,0,14072,38204,11945,403.3,8.47,14.84,21.58,4,1,2,2,4,681,56,350,595,3631,6006,7640,6253,798,,,285,,304,,t3_calmveil|t3_thornmail
standard,117,b2,blue,jungle,刺客,duskblade,standard,0,2,6,0,12243,19109,13001,439,8.12,16.11,21.23,4,1,1,2,4,742,1603,908,500,3942,6933,9338,6253,551,1140,,285,804,304,,t3_finalstring
standard,117,b3,blue,mid,法師,gambler,standard,0,8,7,0,35727,20754,16632,561.6,10.57,18.08,24.07,4,0,1,2,4,1580,482,323,2231,3840,6082,8353,6253,940,570,,285,,304,,t3_psyward
standard,117,b4,blue,adc,射手,guangsu,standard,0,14,5,1,44074,15715,19542,659.8,9.24,17.23,20.57,5,1,1,2,5,446,941,916,3942,3796,6741,9496,6253,943,1710,,285,,304,,t3_shieldbreaker|t3_rendspear
standard,117,b5,blue,sup,坦克,tiebi,standard,0,1,1,3,8513,31090,15578,526,7.15,13.38,16.33,5,1,2,3,5,716,1092,597,1978,5216,8332,10577,6253,300,570,570,285,,304,2293,t3_calmveil|t3_thornmail
standard,117,r1,red,top,坦克,dadi,standard,1,1,5,0,10424,44157,13611,459.6,8.33,15.31,20.23,4,1,1,2,4,732,831,702,1760,3682,5981,8432,6253,848,570,,570,,190,,t3_calmveil|t3_thornmail
standard,117,r2,red,jungle,刺客,duskblade,standard,1,0,5,0,12108,17140,12343,416.8,8.3,16.75,24.41,3,1,1,2,3,1011,954,652,1462,4211,6284,8432,6253,456,,,95,1437,190,,t3_finalstring
standard,117,r3,red,mid,法師,gambler,standard,1,5,6,0,26050,17969,13760,464.6,10.58,18.44,26.88,3,0,1,2,3,1409,311,418,1559,3669,5341,8068,6253,722,570,,332,,190,,t3_psyward
standard,117,r4,red,adc,射手,guangsu,standard,1,15,5,1,56762,14581,20431,689.8,9.6,16.76,21.05,5,1,1,2,5,201,512,1296,4830,4201,5892,9576,6253,741,1710,285,570,17,0,,t3_shieldbreaker|t3_rendspear
standard,117,r5,red,sup,坦克,tiebi,standard,1,1,5,0,8689,32084,13086,441.8,6.93,13.39,18.43,4,1,2,3,4,341,69,670,1285,4541,6869,9750,6253,272,570,,332,,190,2131,t3_calmveil|t3_thornmail
standard,118,b1,blue,top,坦克,suishan,standard,1,1,0,1,13457,28738,11174,450.4,8.5,16.56,19.5,3,1,1,3,3,162,448,533,1583,3812,5598,8783,6253,801,570,285,570,,304,,t3_calmveil|t3_thornmail
standard,118,b2,blue,jungle,刺客,binghe,standard,1,1,5,0,7605,14008,10565,425.9,10,16.59,23.18,3,1,1,2,3,165,857,804,1564,3665,5737,7784,6253,291,,,95,840,304,,t3_finalstring
standard,118,b3,blue,mid,法師,ronghuo,standard,1,8,5,2,25162,15292,14774,595.5,9.47,17.43,21.47,4,1,1,2,4,541,114,1160,1124,4391,6614,10560,6253,1057,2280,570,95,,304,,t3_psyward
standard,118,b4,blue,adc,射手,mori,standard,1,7,5,1,25095,13193,14049,566.3,9.2,16.85,19.7,4,1,1,3,4,281,140,876,498,3631,5940,10956,6253,693,2850,285,570,,304,,t3_shieldbreaker|t3_rendspear
standard,118,b5,blue,sup,坦克,tiemu,standard,1,0,3,0,7794,23124,12607,508.2,6.7,12.77,18.02,4,1,2,3,4,753,228,920,807,4653,7028,9580,6253,196,,,95,51,304,2680,t3_calmveil|t3_thornmail
standard,118,r1,red,top,坦克,suishan,standard,0,3,1,1,16220,26563,13479,543.3,8.73,12.83,17.98,4,1,2,3,4,2040,341,386,1228,4990,7631,9816,6253,893,1710,142,665,,152,,t3_calmveil|t3_thornmail
standard,118,r2,red,jungle,刺客,binghe,standard,0,3,4,0,12863,13414,11991,483.4,9,13.96,21.48,3,1,2,2,3,1564,472,1205,1111,4764,7652,9635,6253,247,1140,,190,1653,152,,t3_finalstring
standard,118,r3,red,mid,法師,ronghuo,standard,0,0,7,1,14555,13848,9052,364.9,10.78,20.14,,2,0,1,1,2,1295,433,1017,421,3555,5883,7517,6253,779,,142,190,,152,,t3_psyward
standard,118,r4,red,adc,射手,mori,standard,0,12,5,0,31828,13995,16443,662.8,8.9,13.75,20.6,4,1,2,2,4,1070,137,1787,2592,4420,7517,10367,6253,921,2850,,190,,152,,t3_shieldbreaker|t3_rendspear
standard,118,r5,red,sup,坦克,tiemu,standard,0,0,0,5,8359,24159,11508,463.9,6.77,12.74,18.41,3,1,2,3,3,758,358,351,1528,4658,7598,9251,6253,275,,570,190,,152,1810,t3_calmveil|t3_thornmail
standard,119,b1,blue,top,坦克,stoneguard,standard,0,0,3,0,8507,31571,10455,383,8.87,17.11,20.73,3,1,1,2,3,605,515,295,925,3555,5265,7925,6253,646,,,950,,76,,t3_calmveil|t3_thornmail
standard,119,b2,blue,jungle,刺客,shanying,standard,0,0,4,1,6282,14191,10762,394.2,8.78,18.3,25.35,3,1,1,2,3,744,298,319,532,3944,5878,7919,6253,506,,142,,940,76,,t3_finalstring
standard,119,b3,blue,mid,法師,gambler,standard,0,6,6,0,19678,18516,13622,499,11.93,19.47,23.58,3,0,1,2,3,1460,119,250,1521,3720,5449,8650,6253,943,1140,,237,,76,,t3_psyward
standard,119,b4,blue,adc,射手,liuxing,standard,0,9,10,0,33918,14315,15066,551.9,9.63,19.75,23.09,4,1,1,2,4,227,363,87,1465,3577,5563,7387,6253,820,,,237,,76,,t3_shieldbreaker|t3_rendspear
standard,119,b5,blue,sup,輔助,luminary,standard,0,2,3,3,3972,18403,14484,530.5,5.83,12.19,17.08,5,1,2,3,5,1105,417,1156,1283,5105,7447,10196,6253,237,1140,142,475,51,76,1820,t3_calmveil
standard,119,r1,red,top,坦克,stoneguard,standard,1,2,2,1,10348,24202,13489,494.1,7.25,15.22,19.58,4,1,1,3,4,104,709,181,1338,3954,6009,9211,6253,1029,570,,902,,456,,t3_calmveil|t3_thornmail
standard,119,r2,red,jungle,刺客,shanying,standard,1,0,0,0,8612,12608,11981,438.9,8.73,16.79,21.98,3,1,1,2,3,871,1064,472,901,4071,6644,8802,6253,209,,,190,1694,456,,t3_finalstring
standard,119,r3,red,mid,法師,gambler,standard,1,8,5,1,20543,18636,16307,597.3,9.71,17.24,20.86,4,1,1,2,4,114,190,910,1907,3964,6690,10310,6253,1273,1140,285,902,,456,,t3_psyward
standard,119,r4,red,adc,射手,liuxing,standard,1,15,7,0,47086,13854,19075,698.7,9.32,16.82,21.36,5,1,1,2,5,319,130,520,3474,3669,5810,9420,6253,810,1710,,190,,456,,t3_shieldbreaker|t3_rendspear
standard,119,r5,red,sup,輔助,luminary,standard,1,1,3,4,8060,20407,13939,510.6,5.85,11.8,16.08,5,1,2,3,5,862,645,668,738,5162,7675,9708,6253,212,570,285,190,,456,1741,t3_calmveil
standard,120,b1,blue,top,坦克,ironclad,standard,0,1,0,1,9957,26971,10869,444.6,8.41,14.9,19.75,3,1,2,3,3,713,78,248,1279,3663,6028,8498,6253,858,,285,950,,152,,t3_calmveil|t3_thornmail
standard,120,b2,blue,jungle,戰士,langwang,standard,0,1,5,0,12682,21345,9832,402.1,7.6,16.66,,2,1,1,2,2,176,842,558,1601,4456,6322,8308,6253,408,570,,,924,152,,t3_finalstring|t3_shieldbreaker
standard,120,b3,blue,mid,法師,ronghuo,standard,0,1,6,0,17578,15519,9822,401.7,10.44,19.29,,2,0,1,2,2,1460,94,33,741,3720,5544,8363,6253,886,570,,475,26,152,,t3_psyward
standard,120,b4,blue,adc,射手,shensheng,standard,0,6,6,1,22328,12691,12627,516.4,10.18,16.58,20.43,3,0,1,2,3,1721,449,1031,1646,3881,5829,9781,6253,858,2280,,237,,152,,t3_shieldbreaker|t3_rendspear
standard,120,b5,blue,sup,坦克,tiankong,standard,0,0,1,1,6244,24963,12086,494.3,7.64,12.82,18.38,4,1,2,3,4,158,354,211,705,4658,7294,9411,6253,484,,285,237,26,152,1972,t3_calmveil|t3_thornmail
standard,120,r1,red,top,坦克,ironclad,standard,1,4,1,0,11112,22048,12532,512.5,7.86,13.95,17.68,4,1,2,3,4,1441,193,686,281,4391,6443,10116,6253,994,1710,,760,,399,,t3_calmveil|t3_thornmail
standard,120,r2,red,jungle,戰士,langwang,standard,1,0,1,4,11075,17503,11246,460,7.28,15.52,22.41,3,1,1,2,3,471,1507,706,865,4271,6687,9306,6253,294,,546,285,1527,399,,t3_finalstring|t3_shieldbreaker
standard,120,r3,red,mid,法師,ronghuo,standard,1,6,2,1,28718,14595,13407,548.4,10.52,16.17,20.41,3,0,1,2,3,1670,470,667,1327,3930,6970,10067,6253,1206,1710,71,522,,304,,t3_psyward
standard,120,r4,red,adc,射手,shensheng,standard,1,7,4,3,29244,12372,15038,615.1,11.05,17.08,20.43,4,0,1,2,4,1371,697,2092,1188,3531,5897,10672,6253,671,1140,261,1947,,399,,t3_shieldbreaker|t3_rendspear
standard,120,r5,red,sup,坦克,tiankong,standard,1,1,1,3,8685,21760,12291,502.7,5.71,11.98,18.43,4,1,2,3,4,600,388,352,691,5100,7628,10332,6253,253,570,261,760,,399,1835,t3_calmveil|t3_thornmail
standard,121,b1,blue,top,坦克,tieshixin,standard,1,2,2,0,11586,28973,11283,467.2,8,15.45,20.12,3,1,1,2,3,270,568,2440,1253,4220,5968,9730,6253,665,1140,,1520,,152,,t3_calmveil|t3_thornmail
standard,121,b2,blue,jungle,戰士,jingci,standard,1,1,1,0,9263,18802,10548,436.8,8.53,16.63,22.39,3,1,1,2,3,178,1149,228,647,3978,6629,8828,6253,579,570,,95,924,405,,t3_finalstring|t3_shieldbreaker
standard,121,b3,blue,mid,法師,gambler,standard,1,0,4,2,18058,15648,10330,427.8,10.02,19.6,,2,0,1,2,2,1666,439,201,930,3926,5769,8701,6253,1045,,427,570,,405,,t3_psyward
standard,121,b4,blue,adc,射手,liangzicz,standard,1,3,5,1,15951,13139,11926,493.8,9.47,18.5,21.63,3,1,1,2,3,528,702,745,946,3878,5902,9195,6253,1016,570,142,807,,405,,t3_shieldbreaker|t3_rendspear
standard,121,b5,blue,sup,坦克,tiemu,standard,1,1,3,0,6682,22571,11148,461.6,6.8,12.98,17.75,3,1,2,3,3,400,512,139,1168,5200,7752,9519,6253,304,570,,332,68,152,1838,t3_calmveil|t3_thornmail
standard,121,r1,red,top,坦克,tieshixin,standard,0,4,1,2,14755,25443,12338,510.9,9.27,12.99,17.76,4,1,2,3,4,643,155,424,687,3593,6985,9854,6253,696,1710,95,870,,228,,t3_calmveil|t3_thornmail
standard,121,r2,red,jungle,戰士,jingci,standard,0,0,0,5,12892,16374,11708,484.8,8.13,15.19,21.96,3,1,1,2,3,512,1899,909,677,4312,7379,9509,6253,440,,807,158,1621,228,,t3_finalstring|t3_shieldbreaker
standard,121,r3,red,mid,法師,gambler,standard,0,3,2,2,25065,15239,11676,483.5,10.98,18.03,23.13,3,0,1,2,3,1485,234,138,1126,3745,6434,8888,6253,886,570,237,712,,228,,t3_psyward
standard,121,r4,red,adc,射手,liangzicz,standard,0,7,4,0,22388,12746,13049,540.3,10.52,18.52,21.63,4,0,1,2,4,1457,382,1021,148,3617,6182,9121,6253,728,1710,,158,42,228,,t3_shieldbreaker|t3_rendspear
standard,121,r5,red,sup,坦克,tiemu,standard,0,1,0,1,6624,17931,12681,525.1,7.31,12.21,18.33,4,1,2,3,4,654,719,1034,501,4554,7499,11014,6253,174,570,285,950,,228,2553,t3_calmveil|t3_thornmail
standard,122,b1,blue,top,坦克,bingshouweis,standard,0,0,3,1,5756,26903,11565,472.9,9.08,17.58,21.76,4,1,1,2,4,852,212,156,235,3802,5512,7786,6253,886,,,475,,171,,t3_calmveil|t3_thornmail
standard,122,b2,blue,jungle,戰士,greymantle,standard,0,0,1,0,9454,15674,9562,391,9.13,18.35,,2,1,1,2,2,759,398,146,1382,3859,5828,7846,6253,240,,,,1181,171,,t3_shieldbreaker|t3_finalstring
standard,122,b3,blue,mid,法師,leiming,standard,0,2,6,0,16522,15808,10517,430,11.03,16.86,21.78,3,0,1,2,3,1371,603,243,367,3631,5503,7973,6253,1073,570,,,,76,,t3_psyward
standard,122,b4,blue,adc,射手,xingchen,standard,0,8,7,0,21653,15628,14011,572.8,10.21,17.24,20.68,4,0,1,2,4,1598,344,857,1410,3758,5544,8977,6253,886,1140,,475,51,171,,t3_shieldbreaker|t3_rendspear
standard,122,b5,blue,sup,輔助,shengguang,standard,0,0,2,0,4117,16469,10615,434,5.78,12.18,17.9,4,1,2,3,4,844,375,637,215,4544,6855,9097,6253,332,,,475,,171,1865,t3_calmveil
standard,122,r1,red,top,坦克,bingshouweis,standard,1,3,0,0,9777,23325,13434,549.3,6.62,11.91,18.52,4,1,2,3,4,336,434,641,1283,4486,7184,10091,6253,1083,1710,,665,,380,,t3_calmveil|t3_thornmail
standard,122,r2,red,jungle,戰士,greymantle,standard,1,3,0,2,11612,13882,12975,530.5,9.12,15.53,19.7,4,1,1,3,4,420,1454,325,225,4650,6884,10355,6253,475,1140,427,190,1488,380,,t3_shieldbreaker|t3_finalstring
standard,122,r3,red,mid,法師,leiming,standard,1,4,4,3,17876,16685,12921,528.3,9.44,16.22,22.08,3,1,1,2,3,617,979,691,840,4467,7479,10091,6253,1178,1140,712,427,,380,,t3_psyward
standard,122,r4,red,adc,射手,xingchen,standard,1,8,5,0,26468,11050,14051,574.5,9.94,17.59,21.78,4,1,1,2,4,167,170,2002,1151,3517,5550,9322,6253,551,1710,,427,,380,,t3_shieldbreaker|t3_rendspear
standard,122,r5,red,sup,輔助,shengguang,standard,1,1,1,0,6117,15004,11766,481,5.75,11.73,16.53,4,1,2,3,4,282,756,1136,965,4582,7786,9886,6253,285,570,,665,,380,1732,t3_calmveil
standard,123,b1,blue,top,坦克,tiebi,standard,1,0,3,1,13849,36544,13763,448.7,8.96,15.36,22.32,4,1,1,2,4,881,951,807,1612,3831,6251,8037,6253,959,,,570,26,228,,t3_calmveil|t3_thornmail
standard,123,b2,blue,jungle,戰士,chichuan,standard,1,1,2,0,15147,28355,12487,407.1,8.96,16.6,23.66,3,1,1,2,3,786,621,468,1136,3886,6051,8418,6253,253,570,,95,1018,228,,t3_shieldbreaker|t3_finalstring
standard,123,b3,blue,mid,法師,haixiao,standard,1,8,10,0,25508,23906,15975,520.8,10.23,18.27,23.88,4,0,1,2,4,1599,750,385,1575,3859,6500,8235,6253,1089,570,,95,,228,,t3_psyward
standard,123,b4,blue,adc,射手,dujian,standard,1,14,11,0,56811,18271,19560,637.7,8.82,16.21,21.59,5,1,1,2,5,490,1172,925,3960,3840,6852,9825,6253,826,1710,,807,,228,,t3_shieldbreaker|t3_rendspear
standard,123,b5,blue,sup,輔助,mingyunyindao,standard,1,0,6,2,14371,29579,13056,425.6,6.15,12.08,17.05,4,1,2,3,4,330,437,665,1676,4630,7467,9325,6253,253,,285,332,,228,1973,t3_calmveil
standard,123,r1,red,top,坦克,tiebi,standard,0,5,0,0,22274,35789,15190,495.2,9.41,14.94,21.83,5,1,2,2,5,1169,74,1170,1640,4119,5924,8400,6253,677,570,,633,,266,,t3_calmveil|t3_thornmail
standard,123,r2,red,jungle,戰士,chichuan,standard,0,3,2,0,19040,25034,14415,469.9,8.75,18.18,23.08,4,1,1,2,4,141,490,74,1014,3891,5920,8624,6253,446,570,,,1088,266,,t3_shieldbreaker|t3_finalstring
standard,123,r3,red,mid,法師,haixiao,standard,0,12,9,0,30835,22586,18711,610,11.07,19.04,22.63,5,0,1,2,5,1504,391,366,2561,3764,5721,8216,6253,1159,570,,158,,76,,t3_psyward
standard,123,r4,red,adc,射手,dujian,standard,0,12,12,1,50258,16501,18164,592.1,9.66,20.48,23.88,5,1,1,1,5,129,212,2150,2563,3479,5892,7830,6253,741,570,,,,266,,t3_shieldbreaker|t3_rendspear
standard,123,r5,red,sup,輔助,mingyunyindao,standard,0,0,0,3,20266,22337,14801,482.5,6.65,11.98,17.73,5,1,2,3,5,222,375,273,1601,4522,6855,9503,6253,433,,,633,,266,1916,t3_calmveil
standard,124,b1,blue,top,坦克,shengdun,standard,0,0,1,1,9969,19322,8642,431.2,7.31,16.32,18.97,3,1,1,3,3,285,457,378,391,3935,5607,8628,6253,988,,285,950,,152,,t3_calmveil|t3_thornmail
standard,124,b2,blue,jungle,戰士,leimingcf,standard,0,0,4,1,4170,14088,8260,412.1,7.83,17.59,,2,1,1,2,2,838,873,446,459,3938,6103,8246,6253,304,,285,,1251,152,,t3_finalstring|t3_shieldbreaker
standard,124,b3,blue,mid,法師,leiming,standard,0,3,2,0,12959,14980,9573,477.7,9.57,16.88,,2,1,1,2,2,503,686,279,292,4353,6766,9559,6253,969,1710,,475,,152,,t3_psyward
standard,124,b4,blue,adc,射手,tianfa,standard,0,0,4,0,9240,9395,8186,408.4,8.65,18.45,,2,1,1,2,2,490,432,322,335,3840,5512,8172,6253,817,,,950,,152,,t3_shieldbreaker|t3_rendspear
standard,124,b5,blue,sup,坦克,shiqiang,standard,0,0,0,0,3316,19810,9766,487.3,6.3,12.81,17.05,3,1,2,3,3,553,484,172,185,4753,7584,9752,6253,456,,,475,,152,2415,t3_calmveil|t3_thornmail
standard,124,r1,red,top,坦克,shengdun,standard,1,0,1,4,10797,18277,10111,504.5,7.31,11.91,18.23,3,1,2,3,3,122,347,547,560,4372,7057,10097,6253,1179,,783,1425,,456,,t3_calmveil|t3_thornmail
standard,124,r2,red,jungle,戰士,leimingcf,standard,1,1,0,1,6177,9649,9672,482.6,8.2,15.93,,2,1,1,2,2,848,902,1058,1071,3948,6382,9658,6253,240,570,71,475,1591,456,,t3_finalstring|t3_shieldbreaker
standard,124,r3,red,mid,法師,leiming,standard,1,3,0,3,17656,10573,11517,574.7,8.78,16.46,18.88,3,1,1,3,3,712,500,953,966,4562,7000,11503,6253,1255,1710,641,1187,,456,,t3_psyward
standard,124,r4,red,adc,射手,tianfa,standard,1,4,2,3,18626,8456,11813,589.4,8.41,16.49,19.72,3,1,1,3,3,661,774,649,663,4011,6574,11799,6253,1123,2280,498,1187,,456,,t3_shieldbreaker|t3_rendspear
standard,124,r5,red,sup,坦克,shiqiang,standard,1,3,0,0,3852,14352,11526,575.1,6.78,11.98,15.38,3,1,2,3,3,343,1751,1533,1546,5143,8991,11513,6253,380,1710,,475,,456,2237,t3_calmveil|t3_thornmail
standard,125,b1,blue,top,坦克,shiqiang,standard,0,1,6,0,12419,43183,13701,430.3,8.71,13.48,20.73,5,1,2,2,5,195,227,1056,150,3745,6557,8286,6253,760,570,,285,,418,,t3_calmveil|t3_thornmail
standard,125,b2,blue,jungle,戰士,fengbao,standard,0,1,4,0,17233,29822,13572,426.2,9.12,16.23,23.49,4,1,1,2,4,685,930,1025,642,3785,6360,8375,6253,399,,,285,1020,418,,t3_shieldbreaker|t3_finalstring
standard,125,b3,blue,mid,法師,haixiao,standard,0,8,11,0,28289,24655,17273,542.5,10.5,17.78,24.92,5,0,1,2,5,1561,114,235,1122,3821,6614,8685,6253,1159,570,,285,,418,,t3_psyward
standard,125,b4,blue,adc,射手,mirrorshot,standard,0,20,10,1,75779,16182,23351,733.3,9.86,15.58,21.29,5,1,1,2,5,386,1160,1140,7750,3736,6840,9690,6253,864,1710,142,285,17,418,,t3_shieldbreaker|t3_rendspear
standard,125,b5,blue,sup,輔助,tianshi,standard,0,0,6,3,13635,27291,15120,474.8,5.98,11.73,16.65,5,1,2,3,5,639,376,366,1919,4639,7406,9116,6253,275,,142,285,,228,1932,t3_calmveil
standard,125,r1,red,top,坦克,shiqiang,standard,1,2,3,0,16885,35603,16174,507.9,8.2,15.38,19.52,5,1,1,3,5,114,478,584,2623,3964,5778,10034,6253,1159,,,2470,,152,,t3_calmveil|t3_thornmail
standard,125,r2,red,jungle,戰士,fengbao,standard,1,10,4,0,20389,30731,19170,602,9.82,14.95,17.87,5,1,2,3,5,178,244,548,3919,4228,7294,11478,6253,247,2850,,95,1881,152,,t3_shieldbreaker|t3_finalstring
standard,125,r3,red,mid,法師,haixiao,standard,1,11,9,1,38177,24593,19040,597.9,10.7,17.51,21.88,5,0,1,2,5,1485,296,239,2889,3745,6196,8989,6253,1159,570,285,570,,152,,t3_psyward
standard,125,r4,red,adc,射手,mirrorshot,standard,1,13,11,1,49823,15908,19366,608.2,10.49,20.2,24.08,5,0,1,1,5,1329,514,2160,3765,3489,5294,7840,6253,769,570,,95,,152,,t3_shieldbreaker|t3_rendspear
standard,125,r5,red,sup,輔助,tianshi,standard,1,1,3,5,16612,25686,16598,521.3,6.99,12.31,15.48,5,1,2,3,5,506,534,937,3398,4506,7564,10167,6253,427,570,285,570,,152,1909,t3_calmveil
standard,126,b1,blue,top,坦克,tiemu,standard,0,0,4,0,16388,41984,11040,363.9,7.77,15.83,22.97,3,1,1,2,3,919,241,420,1109,3869,5541,7650,6253,826,,,475,,95,,t3_calmveil|t3_thornmail
standard,126,b2,blue,jungle,戰士,anliuyouXia,standard,0,2,5,0,10186,30033,12373,407.8,10.46,16.68,24.58,3,0,1,2,3,1768,513,488,1022,3768,5643,8138,6253,209,570,,,1011,95,,t3_shieldbreaker|t3_finalstring
standard,126,b3,blue,mid,法師,leiming,standard,0,2,10,0,22921,21713,12417,409.3,10.49,20.94,28.35,3,0,1,1,3,1441,77,811,337,3701,5677,7311,6253,962,,,,,95,,t3_psyward
standard,126,b4,blue,adc,射手,hanbing,standard,0,14,13,2,50136,17711,19020,626.9,7.81,16.44,21.73,5,1,1,2,5,211,773,574,3419,4211,6453,9474,6253,655,2280,285,,,0,,t3_shieldbreaker|t3_rendspear
standard,126,b5,blue,sup,輔助,linghun,standard,0,0,5,0,10788,27409,15084,497.1,7.14,11.77,16.03,5,1,2,3,5,589,266,417,1883,4589,6996,9647,6253,196,,,475,51,95,2576,t3_calmveil
standard,126,r1,red,top,坦克,tiemu,standard,1,2,2,2,20947,37541,14305,471.5,8.75,14.69,21.18,4,1,2,2,4,586,308,1037,2154,3536,6158,8267,6253,779,,285,475,,475,,t3_calmveil|t3_thornmail
standard,126,r2,red,jungle,戰士,anliuyouXia,standard,1,11,2,1,24578,21982,20058,661.1,9.42,16.65,19.13,5,1,1,3,5,398,1838,914,4808,4448,7268,10944,6253,57,2280,,475,1403,475,,t3_shieldbreaker|t3_finalstring
standard,126,r3,red,mid,法師,leiming,standard,1,8,2,3,44119,19795,18988,625.8,10.49,17.73,21.46,5,0,1,2,5,1523,87,64,2838,3783,5987,9464,6253,1121,570,95,950,,475,,t3_psyward
standard,126,r4,red,adc,射手,hanbing,standard,1,14,11,2,51169,16636,19758,651.2,9.98,19.83,20.42,5,1,1,2,5,348,393,488,4157,3698,6073,9388,6253,902,1140,237,475,,380,,t3_shieldbreaker|t3_rendspear
standard,126,r5,red,sup,輔助,linghun,standard,1,2,1,6,12740,17721,16904,557.1,7.56,11.43,15.05,5,1,2,3,5,391,1073,2577,3703,4991,7803,11327,6253,66,1140,237,475,,475,2680,t3_calmveil
standard,127,b1,blue,top,戰士,xueyue,standard,1,0,1,3,15363,25166,11420,479.3,9.37,16.43,20.86,3,1,1,2,3,551,1021,428,570,3701,6551,9078,6253,1057,,855,380,,532,,t3_shieldbreaker|t3_finalstring
standard,127,b2,blue,jungle,戰士,embercoil,standard,1,2,0,0,13332,15504,11384,477.8,7.79,14.91,21.39,3,1,2,2,3,720,183,1228,404,4520,7583,9828,6253,427,1140,,380,1095,532,,t3_shieldbreaker|t3_finalstring
standard,127,b3,blue,mid,法師,haixiao,standard,1,7,6,0,18658,14059,13779,578.4,10.8,16.38,20.69,4,0,1,2,4,1536,849,1439,129,3796,7349,10069,6253,1193,1710,,380,,532,,t3_psyward
standard,127,b4,blue,adc,射手,xuanfeng,standard,1,11,2,2,29841,10348,16403,688.5,9.04,16.18,18.82,4,1,1,3,4,450,1103,1290,2552,3800,6783,11590,6253,655,2850,427,855,17,532,,t3_shieldbreaker|t3_rendspear
standard,127,b5,blue,sup,坦克,shengdun,standard,1,2,1,1,7717,21187,13582,570.1,6.72,12.62,15.43,4,1,2,3,4,582,1638,1297,1381,5382,8878,11277,6253,427,1140,142,380,17,532,2384,t3_calmveil|t3_thornmail
standard,127,r1,red,top,戰士,xueyue,standard,0,2,5,1,13103,27330,11091,465.5,10.23,17.73,20.74,3,0,1,2,3,1480,873,1089,240,3530,5803,8539,6253,671,1140,,475,,0,,t3_shieldbreaker|t3_finalstring
standard,127,r2,red,jungle,戰士,embercoil,standard,0,1,1,1,12740,15753,10979,460.8,7.69,14.91,23.21,3,1,2,2,3,317,57,931,478,4117,6857,9161,6253,598,570,285,,1454,0,,t3_shieldbreaker|t3_finalstring
standard,127,r3,red,mid,法師,haixiao,standard,0,1,8,0,13712,14634,9920,416.4,12.08,20.02,,2,0,1,1,2,1308,447,1478,619,3568,5297,7558,6253,779,,,475,51,0,,t3_psyward
standard,127,r4,red,adc,射手,xuanfeng,standard,0,4,8,1,17186,12052,11037,463.3,9.13,19.72,22.82,3,1,1,2,3,395,989,159,1017,3745,5769,7479,6253,940,,285,,,0,,t3_shieldbreaker|t3_rendspear
standard,127,r5,red,sup,坦克,shengdun,standard,0,2,0,0,8374,23752,11452,480.7,6.6,13.15,17.22,4,1,2,3,4,401,164,605,92,4601,6944,9585,6253,316,570,,475,,0,1969,t3_calmveil|t3_thornmail
standard,128,b1,blue,top,戰士,langwang,standard,0,0,2,0,13021,31662,10143,388,9.71,18.8,24.74,3,1,1,2,3,510,315,187,492,3660,5845,7517,6253,826,,,285,,152,,t3_shieldbreaker|t3_finalstring
standard,128,b2,blue,jungle,戰士,longyi,standard,0,0,5,1,6258,21565,10600,405.5,9.04,16.45,23.99,3,1,1,2,3,743,978,543,699,3843,6458,8293,6253,171,,285,285,1146,152,,t3_shieldbreaker|t3_finalstring
standard,128,b3,blue,mid,法師,bingshuang,standard,0,5,5,0,23363,17370,13040,498.8,11.27,19.46,22.88,3,0,1,2,3,1485,330,930,840,3745,5930,8780,6253,950,1140,,285,,152,,t3_psyward
standard,128,b4,blue,adc,射手,phantom,standard,0,9,8,0,27341,12398,14503,554.8,10.15,18.65,22.33,4,0,1,2,4,1329,592,226,1323,3489,6272,8476,6253,646,1140,,285,,152,,t3_shieldbreaker|t3_rendspear
standard,128,b5,blue,sup,坦克,dadi,standard,0,0,4,0,6497,24869,11744,449.2,7.53,12.75,19.67,4,1,2,3,4,849,259,233,143,4449,7199,8833,6253,180,,,285,,152,1961,t3_calmveil|t3_thornmail
standard,128,r1,red,top,戰士,langwang,standard,1,4,0,0,15862,26134,14748,564.2,8.63,15.17,20.54,4,1,1,2,4,821,1681,974,1248,3971,7211,9624,6253,1244,1140,,570,17,399,,t3_shieldbreaker|t3_finalstring
standard,128,r2,red,jungle,戰士,longyi,standard,1,4,1,4,17230,19365,14104,539.5,8.68,14.43,18.79,3,1,2,3,3,912,341,619,2703,4012,7441,10219,6253,228,1710,237,95,1296,399,,t3_shieldbreaker|t3_finalstring
standard,128,r3,red,mid,法師,bingshuang,standard,1,7,4,0,27790,17017,14617,559.1,10.72,16.89,23.32,4,0,1,2,4,1580,372,102,967,3840,6272,9502,6253,1140,1710,,95,,304,,t3_psyward
standard,128,r4,red,adc,射手,phantom,standard,1,9,7,4,37382,12421,16090,615.5,7.78,17.6,21.29,4,1,1,2,4,353,1153,924,2239,4353,6833,9474,6253,921,1140,665,95,,399,,t3_shieldbreaker|t3_rendspear
standard,128,r5,red,sup,坦克,dadi,standard,1,0,2,6,9474,25112,14352,549,7.25,12.59,17.68,5,1,2,3,5,382,297,853,752,4582,7537,10833,6253,266,,807,570,,399,2537,t3_calmveil|t3_thornmail
standard,129,b1,blue,top,戰士,kuangfeng,standard,1,3,1,0,14116,25287,10909,497.6,8.14,15.77,19.08,3,1,1,3,3,1355,1172,428,708,4505,6652,10028,6253,1114,1710,,570,,380,,t3_shieldbreaker|t3_finalstring
standard,129,b2,blue,jungle,戰士,ravager,standard,1,1,1,0,8148,13900,9572,436.6,8.18,18.36,,2,1,1,2,2,761,650,312,1021,3861,6080,8562,6253,152,570,,95,1111,380,,t3_shieldbreaker|t3_finalstring
standard,129,b3,blue,mid,法師,mingyun2,standard,1,5,3,2,13421,13530,12666,577.7,10.43,16.67,20.57,3,0,1,2,3,1697,41,1891,586,3957,6541,11291,6253,937,2280,237,1203,,380,,t3_psyward
standard,129,b4,blue,adc,射手,huanying,standard,1,4,5,3,15783,9057,12403,565.7,8.89,17.33,20.13,3,1,1,2,3,557,716,1558,603,3907,6396,10458,6253,722,1140,522,1440,,380,,t3_shieldbreaker|t3_rendspear
standard,129,b5,blue,sup,輔助,mantra,standard,1,1,2,3,4795,15158,11164,509.2,6.5,11.43,15.77,4,1,2,3,4,290,489,1609,364,5140,7519,10359,6253,303,570,665,490,,380,1696,t3_calmveil
standard,129,r1,red,top,戰士,kuangfeng,standard,0,1,3,0,7962,22875,9943,453.5,8.55,18.35,21.77,3,1,1,2,3,538,363,965,342,3688,5363,8365,6253,782,570,,570,,190,,t3_shieldbreaker|t3_finalstring
standard,129,r2,red,jungle,戰士,ravager,standard,0,1,1,1,10958,15695,10107,461,8.33,16.58,21.37,3,1,1,2,3,135,1150,640,256,3885,6280,9190,6253,221,570,285,95,1575,190,,t3_shieldbreaker|t3_finalstring
standard,129,r3,red,mid,法師,mingyun2,standard,0,1,2,2,12693,12418,9617,438.6,11.06,19.36,,2,0,1,2,2,1352,56,1152,536,3612,5506,9002,6253,1038,570,380,570,,190,,t3_psyward
standard,129,r4,red,adc,射手,huanying,standard,0,8,5,2,23988,10313,12986,592.3,9.31,15.1,18.47,4,1,1,3,4,376,1495,674,286,3726,7175,10994,6253,845,3420,380,95,,0,,t3_shieldbreaker|t3_rendspear
standard,129,r5,red,sup,輔助,mantra,standard,0,1,3,1,5272,14213,10045,458.1,7.04,11.85,17.85,3,1,2,3,3,1076,174,430,814,5076,7204,9180,6253,190,570,95,95,,190,1786,t3_calmveil
standard,130,b1,blue,top,戰士,greymantle,standard,0,0,1,0,9604,25970,9695,391.7,8.43,17.89,,2,1,1,2,2,614,444,378,1415,3764,5974,8178,6253,836,,,665,,424,,t3_shieldbreaker|t3_finalstring
standard,130,b2,blue,jungle,刺客,yingsi,standard,0,0,7,0,5578,11717,9622,388.8,9.56,17.93,24.71,3,1,1,2,3,387,1486,673,121,3587,5866,7853,6253,95,,,190,890,424,,t3_finalstring
standard,130,b3,blue,mid,法師,bingshuang,standard,0,5,7,0,21222,15754,12700,513.1,10.98,17.42,22.57,3,0,1,2,3,1533,278,485,920,3793,6478,8815,6253,902,570,,665,,424,,t3_psyward
standard,130,b4,blue,adc,射手,guangsu,standard,0,9,8,0,19596,10391,13844,559.3,11.81,16.27,20.19,4,0,1,2,4,1484,396,1440,243,3644,6076,9990,6253,620,2850,,190,,76,,t3_shieldbreaker|t3_rendspear
standard,130,b5,blue,sup,坦克,tiebi,standard,0,1,6,1,8959,25507,12046,486.7,6.59,11.75,18.23,4,1,2,3,4,1734,255,374,665,4634,7495,10174,6253,205,570,,1140,17,171,1817,t3_calmveil|t3_thornmail
standard,130,r1,red,top,戰士,greymantle,standard,1,4,1,0,13396,25949,12504,505.2,8.79,16.97,20.86,3,1,1,2,3,519,419,1156,1054,3669,5949,9806,6253,665,1710,,950,,228,,t3_shieldbreaker|t3_finalstring
standard,130,r2,red,jungle,刺客,yingsi,standard,1,3,3,4,9995,12596,12364,499.6,8.92,16.27,21.19,3,1,1,2,3,644,1309,1016,1234,3844,6939,9396,6253,285,570,855,,1204,228,,t3_finalstring
standard,130,r3,red,mid,法師,bingshuang,standard,1,11,3,1,26436,14682,16779,677.9,9.82,15.58,19.13,5,1,1,3,5,351,428,291,629,4201,6928,12191,6253,1102,3990,142,475,,228,,t3_psyward
standard,130,r4,red,adc,射手,guangsu,standard,1,9,8,1,19478,11762,14448,583.8,10.78,16.31,20.19,4,0,1,2,4,1205,864,1163,1228,3365,6244,10063,6253,541,2280,285,475,,228,,t3_shieldbreaker|t3_rendspear
standard,130,r5,red,sup,坦克,tiebi,standard,1,2,0,4,8008,20133,14458,584.2,7.58,13.33,16.33,5,1,2,3,5,344,1068,1685,857,4544,8008,11665,6253,294,1140,427,1425,,228,1896,t3_calmveil|t3_thornmail
standard,131,b1,blue,top,戰士,ravager,standard,0,1,1,1,9938,32054,10338,410.6,9.28,18.15,23.17,3,1,1,2,3,462,582,502,207,3612,5512,8552,6253,817,570,285,475,,152,,t3_shieldbreaker|t3_finalstring
standard,131,b2,blue,jungle,刺客,shanying,standard,0,3,6,0,6361,12719,12109,481,8.86,15.07,20.04,3,1,1,2,3,675,1195,1419,1409,4575,6825,9549,6253,703,1140,,,1300,152,,t3_finalstring
standard,131,b3,blue,mid,法師,mingyun2,standard,0,2,6,0,14389,16715,11041,438.6,10.44,19.37,,2,0,1,2,2,1542,296,223,1640,3802,5626,7773,6253,893,,,475,,152,,t3_psyward
standard,131,b4,blue,adc,射手,maestro,standard,0,7,8,2,31794,12075,13587,539.7,9.31,17.07,20.57,4,1,1,2,4,481,512,1191,366,3831,5892,10091,6253,836,2280,570,,,152,,t3_shieldbreaker|t3_rendspear
standard,131,b5,blue,sup,坦克,longji,standard,0,1,2,1,6166,22320,13819,548.9,7.42,12.6,16.07,4,1,2,3,4,601,994,382,1619,4801,7774,10362,6253,437,570,,475,,152,2474,t3_calmveil|t3_thornmail
standard,131,r1,red,top,戰士,ravager,standard,1,6,0,1,13503,28524,15430,612.9,9.71,15.18,19.42,4,1,1,3,4,108,1616,198,1929,4258,7146,10148,6253,1121,2280,,190,,304,,t3_shieldbreaker|t3_finalstring
standard,131,r2,red,jungle,刺客,shanying,standard,1,1,3,2,6814,11707,11665,463.4,8.71,16.67,22.85,3,1,1,2,3,614,524,1045,1184,3814,6154,8945,6253,133,570,,190,1494,304,,t3_finalstring
standard,131,r3,red,mid,法師,mingyun2,standard,1,9,4,3,27129,16405,16313,648,10.4,15.09,20.57,5,0,1,2,5,1675,475,1727,163,3935,6975,11127,6253,1007,1710,712,1140,,304,,t3_psyward
standard,131,r4,red,adc,射手,maestro,standard,1,6,6,0,19681,11073,12931,513.6,10.53,17.52,22.1,3,0,1,2,3,2051,697,403,1131,4211,6377,9303,6253,845,1710,,190,,304,,t3_shieldbreaker|t3_rendspear
standard,131,r5,red,sup,坦克,longji,standard,1,1,1,1,6337,22482,13239,525.9,7.32,12.36,17.11,4,1,2,3,4,411,639,429,1039,4611,7879,10409,6253,313,570,142,190,,304,2635,t3_calmveil|t3_thornmail
standard,132,b1,blue,top,戰士,dadi2,standard,0,3,3,2,15571,32550,11679,474.4,8.34,16.33,21.53,3,1,1,2,3,595,450,370,279,3745,5930,8970,6253,703,1140,380,190,,304,,t3_shieldbreaker|t3_finalstring
standard,132,b2,blue,jungle,刺客,dianguang,standard,0,2,4,0,6413,14411,11397,463,8.85,14.68,22.95,3,1,2,2,3,425,403,746,797,4275,7053,9076,6253,190,1140,,190,872,430,,t3_finalstring
standard,132,b3,blue,mid,法師,bingshuang,standard,0,7,8,0,22173,17962,14504,589.2,10.4,17.04,21.5,4,0,1,2,4,1656,471,1067,853,3916,6671,10047,6253,1083,1140,,1140,,430,,t3_psyward
standard,132,b4,blue,adc,射手,liuxing,standard,0,9,8,1,19265,12008,14079,571.9,7.86,15.75,19.47,4,1,1,3,4,226,731,325,229,4226,6411,10325,6253,598,2850,95,190,34,304,,t3_shieldbreaker|t3_rendspear
standard,132,b5,blue,sup,輔助,hexweave,standard,0,0,2,5,5991,17015,11625,472.2,6.83,12.36,17.33,4,1,2,3,4,1150,406,712,745,4550,7136,9752,6253,123,,950,190,34,430,1770,t3_calmveil
standard,132,r1,red,top,戰士,dadi2,standard,1,5,2,2,16956,30629,14472,587.9,8.79,16.11,19.83,4,1,1,3,4,173,811,72,1492,3973,6291,10452,6253,1064,1710,570,665,,190,,t3_shieldbreaker|t3_finalstring
standard,132,r2,red,jungle,刺客,dianguang,standard,1,1,3,0,7176,13158,10993,446.6,9.39,16.53,22.49,3,1,1,2,3,805,432,570,743,4005,6012,8900,6253,351,570,,190,1345,190,,t3_finalstring
standard,132,r3,red,mid,法師,bingshuang,standard,1,3,5,2,18120,13984,12401,503.8,11.44,19.01,23.12,3,0,1,2,3,1428,558,1614,501,3688,6158,9464,6253,1121,1140,570,190,,190,,t3_psyward
standard,132,r4,red,adc,射手,liuxing,standard,1,16,9,1,42142,14524,19213,780.5,8.61,15.74,18.47,5,1,1,3,5,258,925,885,3612,4258,6605,12685,6253,874,4560,142,665,,190,,t3_shieldbreaker|t3_rendspear
standard,132,r5,red,sup,輔助,hexweave,standard,1,0,2,1,7513,15231,11014,447.4,6.08,11.57,18.43,4,1,2,3,4,535,419,158,614,4535,6899,9198,6253,313,,142,665,,0,1824,t3_calmveil
standard,133,b1,blue,top,戰士,ronggang,standard,0,1,2,0,7434,25385,9327,413,9.49,17.56,,2,1,1,2,2,747,640,1026,1097,3897,6120,8426,6253,1038,570,,190,51,323,,t3_shieldbreaker|t3_finalstring
standard,133,b2,blue,jungle,刺客,leisuhunter,standard,0,0,5,0,4899,11859,9111,403.5,8.93,16.41,,2,1,1,2,2,654,660,1199,1031,3854,6240,8149,6253,380,,,190,1003,323,,t3_finalstring
standard,133,b3,blue,mid,法師,lieyan,standard,0,2,3,0,12765,13626,10558,467.5,8.96,17.58,,2,1,1,2,2,503,504,563,1478,4353,7004,9163,6253,877,570,,1140,,323,,t3_psyward
standard,133,b4,blue,adc,射手,shensheng,standard,0,3,5,0,15359,10374,9985,442.2,8.93,17.37,22.37,3,1,1,2,3,433,341,302,285,3783,5721,8552,6253,741,1140,,190,,228,,t3_shieldbreaker|t3_rendspear
standard,133,b5,blue,sup,輔助,shengming,standard,0,1,4,0,5052,15988,11530,510.6,7.31,12.15,16.38,4,1,2,3,4,514,577,240,650,5114,7607,9280,6253,155,570,,190,26,323,1762,t3_calmveil
standard,133,r1,red,top,戰士,ronggang,standard,1,3,2,1,10399,23576,12750,564.6,9.73,16.03,20.23,3,1,1,2,3,158,944,2200,1769,4258,6424,10500,6253,931,570,285,2137,,323,,t3_shieldbreaker|t3_finalstring
standard,133,r2,red,jungle,刺客,leisuhunter,standard,1,3,1,0,8262,11530,11657,516.2,7.9,16.47,21.09,3,1,1,2,3,295,869,767,577,4145,6449,9097,6253,335,570,,,1615,323,,t3_finalstring
standard,133,r3,red,mid,法師,lieyan,standard,1,4,4,0,14438,14883,11185,495.3,9.51,17.63,22.37,3,1,1,2,3,402,355,449,335,4252,6855,9499,6253,1070,1710,,237,,228,,t3_psyward
standard,133,r4,red,adc,射手,shensheng,standard,1,9,0,1,24836,8394,15274,676.3,10.57,16.09,19.55,4,0,1,3,4,1433,1036,303,2373,3593,5816,11203,6253,826,2850,,950,,323,,t3_shieldbreaker|t3_rendspear
standard,133,r5,red,sup,輔助,shengming,standard,1,0,0,5,5176,13851,11932,528.4,6.13,12.28,16.45,4,1,2,3,4,557,164,1339,1532,4557,6894,10379,6253,218,,1140,,,323,2444,t3_calmveil
standard,134,b1,blue,top,戰士,anliuyouXia,standard,0,1,4,0,6754,20289,11255,491.7,8.57,18,21.02,3,1,1,2,3,684,679,1324,405,3834,6209,8774,6253,905,570,,950,,95,,t3_shieldbreaker|t3_finalstring
standard,134,b2,blue,jungle,刺客,duskblade,standard,0,0,4,0,5364,10864,9013,393.7,8.7,17.33,,2,1,1,2,2,560,1061,207,883,3760,5911,7987,6253,221,,,237,1179,95,,t3_finalstring
standard,134,b3,blue,mid,法師,shikong,standard,0,1,5,1,12592,15305,9827,429.3,10.04,18.07,,2,0,1,2,2,1694,72,846,947,3954,5702,8676,6253,1235,570,142,475,,0,,t3_psyward
standard,134,b4,blue,adc,射手,liangzicz,standard,0,1,7,0,6910,11200,9716,424.4,10.38,17.55,21.57,3,0,1,2,3,1177,348,233,766,3337,5078,8033,6253,402,570,,712,,95,,t3_shieldbreaker|t3_rendspear
standard,134,b5,blue,sup,坦克,tiemu,standard,0,1,5,2,7400,24885,10862,474.5,6.86,13.27,18.54,3,1,2,3,3,666,243,231,1282,4566,7043,9331,6253,465,,427,,,95,2089,t3_calmveil|t3_thornmail
standard,134,r1,red,top,戰士,anliuyouXia,standard,1,2,0,1,9187,20350,11442,499.8,9.03,15.93,21.17,3,1,1,2,3,538,1103,529,412,3688,6633,9179,6253,665,1140,285,380,,456,,t3_shieldbreaker|t3_finalstring
standard,134,r2,red,jungle,刺客,duskblade,standard,1,3,1,1,6716,9228,12132,530,8.57,13.87,20.18,3,1,2,2,3,362,549,1952,1952,4742,7729,10332,6253,278,1140,285,380,1539,456,,t3_finalstring
standard,134,r3,red,mid,法師,shikong,standard,1,10,2,1,19920,14652,16344,714,8.85,15.18,18.54,4,1,1,3,4,1235,903,1431,1944,5085,7403,13331,6253,1206,4560,,855,,456,,t3_psyward
standard,134,r4,red,adc,射手,liangzicz,standard,1,7,1,1,24530,8438,14085,615.3,10.33,17.96,19.8,3,0,1,3,3,2109,1306,107,2284,4269,6986,10587,6253,837,2280,142,617,,456,,t3_shieldbreaker|t3_rendspear
standard,134,r5,red,sup,坦克,tiemu,standard,1,3,0,3,7951,15764,13657,596.6,6.5,12.31,17.96,4,1,2,4,4,182,767,350,1456,4682,8007,11650,6253,356,1140,427,617,,456,2399,t3_calmveil|t3_thornmail
standard,135,b1,blue,top,戰士,tielian,standard,0,0,4,0,7141,32317,9091,366,8.99,17.84,,2,1,1,2,2,443,556,407,861,3593,5436,7507,6253,779,,,475,,0,,t3_shieldbreaker|t3_finalstring
standard,135,b2,blue,jungle,刺客,miwu,standard,0,0,7,0,5794,12678,9423,379.3,9.2,17.71,,2,1,1,2,2,583,1066,170,1342,3783,5696,7600,6253,456,,,,890,0,,t3_finalstring
standard,135,b3,blue,mid,法師,lieyan,standard,0,1,8,0,14116,15834,10177,409.7,11.08,19.94,,2,0,1,2,2,1371,251,193,1297,3631,5401,8023,6253,820,,,950,,0,,t3_psyward
standard,135,b4,blue,adc,射手,xingchen,standard,0,5,6,0,18803,11050,11742,472.7,8.12,19.35,22.94,3,1,1,2,3,937,374,520,1091,4287,6054,7840,6253,1016,570,,,,0,,t3_shieldbreaker|t3_rendspear
standard,135,b5,blue,sup,輔助,shengguang,standard,0,1,2,1,4864,19475,12403,499.3,6.34,11.73,14.96,4,1,3,3,4,1143,136,1456,952,5143,7836,10496,6253,462,570,,1425,51,0,1733,t3_calmveil
standard,135,r1,red,top,戰士,tielian,standard,1,5,0,0,11689,27142,14520,584.5,7.78,14.8,18.27,3,1,2,3,3,193,117,879,3119,3993,7217,10779,6253,1098,2280,,665,26,456,,t3_shieldbreaker|t3_finalstring
standard,135,r2,red,jungle,刺客,miwu,standard,1,4,1,0,10132,13502,13582,546.7,7.38,15.08,19.51,3,1,1,3,3,509,2333,208,2501,4359,6963,10808,6253,424,1710,,190,1774,456,,t3_finalstring
standard,135,r3,red,mid,法師,lieyan,standard,1,2,3,0,16041,14243,11536,464.4,10.34,20.05,,2,0,1,1,2,1631,449,1599,2135,3891,6199,8099,6253,1200,,,190,,456,,t3_psyward
standard,135,r4,red,adc,射手,xingchen,standard,1,16,2,1,51567,12705,19750,795,9.68,16.76,20.9,5,1,1,2,5,300,1267,1731,4150,3650,6947,10281,6253,722,2280,142,427,,456,,t3_shieldbreaker|t3_rendspear
standard,135,r5,red,sup,輔助,shengguang,standard,1,0,1,2,3677,14444,13242,533,5.8,11.99,16.59,4,1,2,3,4,339,857,1981,1791,4639,7407,10561,6253,316,,427,427,,456,2680,t3_calmveil
standard,136,b1,blue,top,戰士,hunpo,standard,1,3,1,0,12949,21179,12668,519.2,9.98,15.23,22.17,3,1,1,2,3,275,1038,82,1387,4125,7488,9312,6253,1197,1140,,190,,532,,t3_psyward
standard,136,b2,blue,jungle,刺客,jueying,standard,1,2,1,2,7623,10414,11895,487.5,8.53,16.18,21.75,3,1,1,2,3,233,1969,1161,1765,4083,6899,9491,6253,332,570,570,190,1043,532,,t3_finalstring
standard,136,b3,blue,mid,法師,shikong,standard,1,7,2,1,20576,15306,15423,632.1,11.04,16.92,20.93,4,0,1,2,4,1612,477,431,1072,3872,6627,9781,6253,1000,570,285,1140,,532,,t3_psyward
standard,136,b4,blue,adc,射手,dujian,standard,1,12,4,0,35265,12295,16379,671.3,9.54,16.09,20.88,5,1,1,2,5,543,379,2033,778,3893,6059,10933,6253,836,2850,,427,34,532,,t3_shieldbreaker|t3_rendspear
standard,136,b5,blue,sup,輔助,mingyunyindao,standard,1,0,0,2,5836,18488,13011,533.2,6.52,11.96,17.71,4,1,2,3,4,427,317,331,2311,4727,7347,9371,6253,243,,,427,34,532,1879,t3_calmveil
standard,136,r1,red,top,戰士,hunpo,standard,0,1,4,0,10982,24476,10077,413,10.98,20.88,,2,0,1,1,2,1517,169,684,826,3777,5449,7114,6253,741,,,,119,0,,t3_psyward
standard,136,r2,red,jungle,刺客,jueying,standard,0,1,6,1,5681,11950,10177,417.1,8.63,18.18,,2,1,1,2,2,719,611,571,2097,3919,5891,7821,6253,243,,,,1323,0,,t3_finalstring
standard,136,r3,red,mid,法師,shikong,standard,0,3,5,0,20133,16436,11012,451.3,10.26,18.02,22.56,3,0,1,2,3,1580,274,482,231,3840,6424,9512,6253,1311,1710,,237,,0,,t3_psyward
standard,136,r4,red,adc,射手,dujian,standard,0,3,7,1,17778,13565,10628,435.6,9.69,18.61,23.93,3,1,1,2,3,110,394,255,728,3460,5294,7475,6253,699,,285,237,,0,,t3_shieldbreaker|t3_rendspear
standard,136,r5,red,sup,輔助,mingyunyindao,standard,0,0,2,1,6275,19081,10962,449.3,5.78,12,16.48,4,1,2,3,4,311,315,241,561,4611,7045,9281,6253,462,,,475,68,0,2022,t3_calmveil
standard,137,b1,blue,top,戰士,dushe,standard,0,2,0,0,7545,19573,9050,417.7,7.58,17.99,,2,1,1,2,2,456,752,159,399,4306,6282,7909,6253,668,570,,190,,228,,t3_shieldbreaker|t3_finalstring
standard,137,b2,blue,jungle,刺客,anye,standard,0,0,2,0,5425,9338,8867,409.2,10.43,17.46,,2,0,1,2,2,1995,1131,597,486,3925,6281,8197,6253,174,,,190,1352,228,,t3_finalstring
standard,137,b3,blue,mid,法師,lieyan,standard,0,3,3,2,14653,14384,11184,516.2,10.48,16.46,20.96,3,0,1,2,3,1561,494,1252,334,3821,6994,10652,6253,988,1710,570,902,,228,,t3_psyward
standard,137,b4,blue,adc,射手,tianfa,standard,0,7,4,0,14605,10808,12448,574.5,9.14,16.77,19.36,3,1,1,3,3,557,674,865,647,3907,6054,11345,6253,1016,3420,,427,,228,,t3_shieldbreaker|t3_rendspear
standard,137,b5,blue,sup,坦克,xukong,standard,0,0,2,2,7136,17991,11434,527.7,6.85,11.83,16.83,3,1,2,3,3,427,316,598,1453,4877,7556,10578,6253,231,,285,1140,,228,2440,t3_calmveil|t3_thornmail
standard,137,r1,red,top,戰士,dushe,standard,1,4,0,0,10492,20797,11732,541.5,8.7,18.16,20.44,3,1,1,2,3,728,58,1519,1781,3878,5588,9869,6253,912,1140,,1140,,424,,t3_shieldbreaker|t3_finalstring
standard,137,r2,red,jungle,刺客,anye,standard,1,0,2,0,6743,9561,9435,435.4,10.12,16.26,,2,0,1,2,2,2402,735,230,1054,4332,6365,8610,6253,237,,,190,1757,171,,t3_finalstring
standard,137,r3,red,mid,法師,lieyan,standard,1,2,3,2,12227,13118,10614,489.9,8.8,16.52,,2,1,1,2,2,617,608,699,1214,4467,7108,9749,6253,1330,1140,285,665,,76,,t3_psyward
standard,137,r4,red,adc,射手,tianfa,standard,1,5,6,0,16752,9600,11646,537.5,9.57,17.21,20.45,3,1,1,2,3,205,811,1454,266,3555,6491,10354,6253,731,2280,,665,,424,,t3_shieldbreaker|t3_rendspear
standard,137,r5,red,sup,坦克,xukong,standard,1,0,1,2,4541,19259,10411,480.5,8.71,13.47,18.23,3,1,2,3,3,335,316,646,430,4535,6976,9546,6253,323,,285,190,,424,2070,t3_calmveil|t3_thornmail
standard,138,b1,blue,top,戰士,fengbao,standard,0,1,0,0,10458,18436,8990,434.8,7.67,16.98,,2,1,1,2,2,330,926,724,339,4480,6456,8774,6253,1247,570,,475,,228,,t3_shieldbreaker|t3_finalstring
standard,138,b2,blue,jungle,刺客,wuxing,standard,0,1,3,1,5865,8982,8794,425.3,9.1,16.32,,2,1,1,2,2,987,1054,346,664,4187,6684,8476,6253,478,570,142,,803,228,,t3_finalstring
standard,138,b3,blue,mid,法師,shikong,standard,0,1,0,1,11659,12022,8163,394.8,10.57,19.92,,2,0,1,2,2,1488,392,59,313,3748,6142,7909,6253,715,570,142,,,228,,t3_psyward
standard,138,b4,blue,adc,射手,mirrorshot,standard,0,3,3,0,12203,8718,9260,447.9,10.5,18.42,,2,0,1,2,2,1500,265,224,1010,3660,5645,8474,6253,598,1140,,237,17,228,,t3_shieldbreaker|t3_rendspear
standard,138,b5,blue,sup,坦克,tixue,standard,0,0,3,0,5333,15907,9832,475.6,7.68,13.38,17.83,3,1,2,3,3,515,247,936,1152,4715,7347,9616,6253,342,,,712,,228,2080,t3_calmveil|t3_thornmail
standard,138,r1,red,top,戰士,fengbao,standard,1,5,1,0,10221,21432,12695,614,8.57,13.48,17.93,3,1,2,3,3,161,731,839,1244,4011,7881,12289,6253,1314,2850,,1567,,304,,t3_shieldbreaker|t3_finalstring
standard,138,r2,red,jungle,刺客,wuxing,standard,1,0,1,1,5986,9201,9627,465.6,8.63,15.79,,2,1,1,2,2,877,1072,993,1246,4077,6702,9073,6253,297,,142,380,1695,304,,t3_finalstring
standard,138,r3,red,mid,法師,shikong,standard,1,2,1,2,11713,11512,10063,486.7,10.73,17.09,,2,0,1,2,2,1419,93,607,663,3679,6323,9657,6253,915,1140,427,617,,304,,t3_psyward
standard,138,r4,red,adc,射手,mirrorshot,standard,1,2,3,0,6818,8243,9091,439.7,11.25,18.09,,2,0,1,2,2,1300,284,165,1141,3460,5664,8115,6253,607,570,,380,,304,,t3_shieldbreaker|t3_rendspear
standard,138,r5,red,sup,坦克,tixue,standard,1,0,0,1,5956,16401,10412,503.6,7.23,12.88,17.78,3,1,2,3,3,616,88,26,432,4516,7328,10006,6253,285,,285,380,,304,2498,t3_calmveil|t3_thornmail
standard,139,b1,blue,top,戰士,rongyan,standard,0,1,3,0,14581,29334,10379,415.7,8.93,18.02,23.67,3,1,1,2,3,177,526,400,178,4277,6006,8280,6253,810,570,,475,,171,,t3_shieldbreaker|t3_finalstring
standard,139,b2,blue,jungle,刺客,razorwing,standard,0,0,6,0,5397,12295,10111,405,8.27,16.58,24.03,3,1,1,2,3,689,573,484,361,3889,6153,8214,6253,642,,,,1146,171,,t3_finalstring
standard,139,b3,blue,mid,法師,xingjie,standard,0,8,7,0,14382,17643,14071,563.6,9.5,15.29,20.13,4,1,1,2,4,240,1292,1261,721,4790,7792,10661,6253,912,2850,,475,,171,,t3_psyward
standard,139,b4,blue,adc,射手,hanbing,standard,0,7,6,0,19208,12035,13362,535.2,9.55,16.59,22.64,3,1,1,2,3,243,934,125,1761,3593,6614,8375,6253,810,1140,,,,171,,t3_shieldbreaker|t3_rendspear
standard,139,b5,blue,sup,輔助,linghun,standard,0,0,4,2,6448,22650,11330,453.8,6.8,12.27,15.75,4,1,2,3,4,334,434,381,629,4634,7464,9421,6253,433,,285,475,51,76,1846,t3_calmveil
standard,139,r1,red,top,戰士,rongyan,standard,1,7,2,0,22918,28009,15271,611.7,8.99,15.87,18.92,4,1,1,3,4,97,1267,247,1821,3897,6747,10747,6253,1140,2280,,617,,456,,t3_shieldbreaker|t3_finalstring
standard,139,r2,red,jungle,刺客,razorwing,standard,1,2,0,0,7294,12209,12479,499.8,8.35,15.58,21.27,3,1,1,2,3,387,1134,1251,1399,4237,6714,9581,6253,171,570,,380,1751,456,,t3_finalstring
standard,139,r3,red,mid,法師,xingjie,standard,1,8,5,1,23375,15999,15449,618.8,10.98,14.94,22.81,3,0,2,2,3,2084,119,568,2968,4344,7669,9968,6253,978,1140,285,855,,456,,t3_psyward
standard,139,r4,red,adc,射手,hanbing,standard,1,7,8,2,17712,11065,14730,590,9.27,16.69,19.49,4,1,1,3,4,870,991,186,879,4220,6671,10186,6253,817,1710,570,380,,456,,t3_shieldbreaker|t3_rendspear
standard,139,r5,red,sup,輔助,linghun,standard,1,2,1,3,5994,15646,13886,556.2,7.13,11.45,17.03,4,1,2,3,4,1405,644,1493,2436,5105,7674,10533,6253,199,1140,,617,,456,1867,t3_calmveil
standard,140,b1,blue,top,戰士,embercoil,standard,0,1,2,0,12700,25500,8906,402.1,9.14,16.13,,2,1,1,2,2,994,422,188,676,4144,5902,8068,6253,674,570,,475,,95,,t3_shieldbreaker|t3_finalstring
standard,140,b2,blue,jungle,戰士,hunpo,standard,0,0,5,0,5344,12458,8384,378.5,11.28,20.09,,2,0,1,1,2,1617,436,1247,403,3827,5716,7697,6253,338,,,,1010,95,,t3_psyward
standard,140,b3,blue,mid,法師,auralith,standard,0,3,6,0,15710,14377,10224,461.6,11.78,17.63,,2,0,1,2,2,1583,223,529,1343,3843,5553,8929,6253,1060,1140,,475,,0,,t3_psyward
standard,140,b4,blue,adc,射手,xuanfeng,standard,0,3,4,1,11547,10412,9695,437.7,10.45,18.64,,2,0,1,2,2,1319,409,833,1144,3479,5189,8153,6253,665,1140,,,,95,,t3_shieldbreaker|t3_rendspear
standard,140,b5,blue,sup,坦克,shengdun,standard,0,0,3,0,5234,20384,10174,459.3,7.05,12.82,16.63,3,1,2,3,3,514,374,608,694,4614,7074,9488,6253,566,,,475,,95,2097,t3_calmveil|t3_thornmail
standard,140,r1,red,top,戰士,embercoil,standard,1,3,1,0,14541,23772,11462,517.5,8.18,15.08,19.47,3,1,1,3,3,633,1609,320,661,3783,7089,9920,6253,817,1140,,1330,,380,,t3_shieldbreaker|t3_finalstring
standard,140,r2,red,jungle,戰士,hunpo,standard,1,7,1,1,14041,11097,14438,651.8,8.8,17.53,19.46,4,1,1,3,4,893,978,491,658,4693,7428,11471,6253,361,2280,285,380,1532,380,,t3_psyward
standard,140,r3,red,mid,法師,auralith,standard,1,1,4,3,15130,12379,10316,465.7,11.45,20.62,,2,0,1,1,2,1479,250,2293,1035,3739,6000,8793,6253,924,,855,380,,380,,t3_psyward
standard,140,r4,red,adc,射手,xuanfeng,standard,1,8,1,0,17487,9159,14011,632.6,9.38,16.53,20.01,4,1,1,2,4,436,348,3493,791,3786,6028,12393,6253,915,3990,,855,,380,,t3_shieldbreaker|t3_rendspear
standard,140,r5,red,sup,坦克,shengdun,standard,1,1,0,3,6873,16849,12163,549.1,7.23,13.62,17.16,4,1,2,3,4,561,716,988,682,4661,7416,10868,6253,250,570,570,380,,380,2464,t3_calmveil|t3_thornmail
standard,141,b1,blue,top,戰士,greymantle,standard,1,0,7,1,16688,30998,9511,380.9,8.48,20.13,,2,1,1,1,2,671,263,1559,1461,3821,5493,7089,6253,760,,,,,76,,t3_shieldbreaker|t3_finalstring
standard,141,b2,blue,jungle,戰士,leimingcf,standard,1,1,4,1,8109,18927,11262,451.1,9.35,16.99,22.11,3,1,1,2,3,795,729,500,762,3895,5909,8730,6253,468,570,285,,1077,76,,t3_shieldbreaker|t3_finalstring
standard,141,b3,blue,mid,法師,xingjie,standard,1,2,8,0,19037,16485,10898,436.5,10.21,18.69,23.72,3,0,1,2,3,1542,182,237,68,3802,6082,8837,6253,893,1140,,475,,76,,t3_psyward
standard,141,b4,blue,adc,射手,phantom,standard,1,10,8,0,22607,11777,14974,599.7,10.89,18.66,21.71,4,0,1,2,4,1576,328,1410,1373,3736,5408,9360,6253,750,2280,,,,76,,t3_shieldbreaker|t3_rendspear
standard,141,b5,blue,sup,坦克,dadi,standard,1,1,6,1,6428,25029,13651,546.8,7.43,11.35,16.61,4,1,2,3,4,539,201,2409,1870,5339,7581,11989,6253,509,570,285,2375,,76,1919,t3_calmveil|t3_thornmail
standard,141,r1,red,top,戰士,greymantle,standard,0,9,0,3,28578,25170,16050,642.9,9.53,14.26,18.38,5,1,2,3,5,519,530,138,700,3669,8280,11168,6253,943,2280,427,807,,456,,t3_shieldbreaker|t3_finalstring
standard,141,r2,red,jungle,戰士,leimingcf,standard,0,6,2,5,15909,18247,15515,621.4,8.76,14.04,18.98,4,1,2,3,4,922,508,471,2064,4022,7908,11271,6253,506,1710,570,570,1204,456,,t3_shieldbreaker|t3_finalstring
standard,141,r3,red,mid,法師,xingjie,standard,0,9,5,3,27800,17563,15959,639.2,9.01,16.15,19.64,4,1,1,3,4,389,653,740,1558,4239,7153,11770,6253,1019,2850,570,570,51,456,,t3_psyward
standard,141,r4,red,adc,射手,phantom,standard,0,7,5,2,17747,10603,13910,557.1,9.96,15.66,19.25,4,1,1,3,4,68,1438,1032,689,4068,7118,11032,6253,475,2850,427,570,,456,,t3_shieldbreaker|t3_rendspear
standard,141,r5,red,sup,坦克,dadi,standard,0,2,2,6,5642,18081,14743,590.5,7.31,13.26,16.48,5,1,2,4,5,587,1000,121,1143,4487,8240,12321,6253,171,1140,570,1282,,456,2448,t3_calmveil|t3_thornmail
standard,142,b1,blue,top,戰士,ravager,standard,0,1,2,0,18937,29040,10301,435.9,9.33,17.18,,2,1,1,2,2,462,697,396,1701,3612,6177,8096,6253,551,,,760,,532,,t3_shieldbreaker|t3_finalstring
standard,142,b2,blue,jungle,戰士,xueyue,standard,0,5,1,0,11473,13823,13035,551.5,7.58,16.08,18.66,4,1,1,3,4,282,2965,724,284,4032,7615,11054,6253,456,2280,,285,1248,532,,t3_shieldbreaker|t3_finalstring
standard,142,b3,blue,mid,法師,auralith,standard,0,8,2,2,19865,13759,14215,601.5,10.99,16.82,20.86,4,0,1,2,4,1580,106,986,865,3840,6006,10386,6253,893,2280,142,285,,532,,t3_psyward
standard,142,b4,blue,adc,射手,huanying,standard,0,7,5,1,20041,10163,13797,583.8,9.84,18.52,20.93,4,1,1,2,4,243,531,773,897,3593,5911,9673,6253,703,1140,285,760,,532,,t3_shieldbreaker|t3_rendspear
standard,142,b5,blue,sup,輔助,luminary,standard,0,0,1,7,6896,15173,12227,517.4,7.3,12.69,16.38,4,1,2,3,4,1425,512,1295,1446,4525,7242,10525,6253,133,,1282,285,,532,2039,t3_calmveil
standard,142,r1,red,top,戰士,ravager,standard,1,2,2,1,17151,30196,11460,484.9,9.03,16.68,22.1,3,1,1,2,3,785,754,1130,1560,3935,6234,9360,6253,1111,570,,1425,,0,,t3_shieldbreaker|t3_finalstring
standard,142,r2,red,jungle,戰士,xueyue,standard,1,2,2,1,13566,18540,10448,442.1,8.63,17.79,22.53,3,1,1,2,3,337,868,933,898,4387,6298,8283,6253,152,570,,,1307,0,,t3_shieldbreaker|t3_finalstring
standard,142,r3,red,mid,法師,auralith,standard,1,3,6,1,14719,15451,10742,454.5,10.57,18.88,,2,0,1,2,2,1571,325,385,1341,3831,5655,7935,6253,969,570,142,,,0,,t3_psyward
standard,142,r4,red,adc,射手,huanying,standard,1,2,7,2,15813,9956,10295,435.6,9.87,20.86,,2,1,1,1,2,272,271,1305,1395,3622,5351,6985,6253,731,,,,,0,,t3_shieldbreaker|t3_rendspear
standard,142,r5,red,sup,輔助,luminary,standard,1,2,4,3,5511,17417,13369,565.7,7.23,10.82,14.77,4,1,3,3,4,1228,321,1398,2408,5228,8021,10628,6253,304,570,142,950,,0,2408,t3_calmveil
standard,143,b1,blue,top,戰士,dadi2,standard,1,4,2,0,17249,35715,13783,469.7,9.11,14.99,21.53,4,1,2,2,4,405,213,275,802,3555,7013,8875,6253,969,1140,,285,,228,,t3_shieldbreaker|t3_finalstring
standard,143,b2,blue,jungle,戰士,anliuyouXia,standard,1,4,1,0,23741,28053,14533,495.3,8.79,17.99,22.2,4,1,1,2,4,669,590,380,1132,3769,6020,8630,6253,247,570,,285,1046,228,,t3_shieldbreaker|t3_finalstring
standard,143,b3,blue,mid,法師,xingjie,standard,1,7,9,1,22298,20246,15145,516.1,9.07,17.48,24.78,4,1,1,2,4,465,171,351,1314,4315,6671,8381,6253,760,570,285,285,,228,,t3_psyward
standard,143,b4,blue,adc,射手,guangsu,standard,1,12,7,3,40550,14647,19971,680.6,9.8,15.23,18.39,5,1,1,3,5,291,1869,249,4371,3641,7549,11149,6253,769,2850,712,285,51,228,,t3_shieldbreaker|t3_rendspear
standard,143,b5,blue,sup,輔助,xuemai,standard,1,1,2,2,9672,25391,14253,485.8,7.42,11.33,15.72,5,1,2,3,5,429,565,217,1053,5029,7595,9447,6253,218,570,142,285,,228,1749,t3_calmveil
standard,143,r1,red,top,戰士,dadi2,standard,0,2,2,0,21506,36206,12880,439,8.36,15.79,21.77,4,1,1,2,4,1083,1185,1019,480,4233,6665,9249,6253,810,1140,,950,,95,,t3_shieldbreaker|t3_finalstring
standard,143,r2,red,jungle,戰士,anliuyouXia,standard,0,3,2,0,19664,24048,13825,471.2,8.78,15.97,21.58,4,1,1,2,4,710,837,773,575,3810,6267,8953,6253,311,1140,,,1152,95,,t3_shieldbreaker|t3_finalstring
standard,143,r3,red,mid,法師,xingjie,standard,0,5,8,0,27155,20258,13634,464.7,11.13,19.77,25.68,3,0,1,2,3,1428,471,256,2084,3688,5921,8286,6253,798,1140,,,,95,,t3_psyward
standard,143,r4,red,adc,射手,guangsu,standard,0,11,13,2,33813,14722,16680,568.5,9.81,20.52,22.59,5,1,1,1,5,101,359,1659,1080,3451,5439,7339,6253,516,,570,,,0,,t3_shieldbreaker|t3_rendspear
standard,143,r5,red,sup,輔助,xuemai,standard,0,0,3,0,13165,18033,13726,467.8,5.93,11.96,17.13,5,1,2,3,5,279,687,437,525,4579,6937,9477,6253,223,,,475,,95,2430,t3_calmveil
standard,144,b1,blue,top,戰士,ronggang,standard,0,0,1,1,8591,22111,8970,399.2,10.33,18.26,,2,0,1,2,2,1505,373,514,689,3555,5303,8144,6253,722,,142,950,,76,,t3_shieldbreaker|t3_finalstring
standard,144,b2,blue,jungle,戰士,kuangfeng,standard,0,0,1,0,12642,18537,8808,392,8.89,17.5,,2,1,1,2,2,968,592,387,577,4068,6072,7967,6253,782,,,,856,76,,t3_shieldbreaker|t3_finalstring
standard,144,b3,blue,mid,法師,auralith,standard,0,2,5,0,13485,14247,9049,402.8,10.73,19.83,,2,0,1,2,2,1485,87,103,898,3745,5417,7653,6253,753,570,,,,76,,t3_psyward
standard,144,b4,blue,adc,射手,maestro,standard,0,4,4,1,22020,10930,10791,480.3,9.93,17.22,21.22,3,1,1,2,3,405,404,346,140,3755,5484,9196,6253,820,1710,285,,51,76,,t3_shieldbreaker|t3_rendspear
standard,144,b5,blue,sup,坦克,longji,standard,0,0,2,1,3654,18321,10825,481.8,7.39,13.63,17.54,3,1,2,3,3,392,275,819,1244,4592,7375,9799,6253,380,,142,475,,76,2472,t3_calmveil|t3_thornmail
standard,144,r1,red,top,戰士,ronggang,standard,1,3,0,1,12412,23988,12513,557,8.38,15.53,20.1,3,1,1,2,3,614,514,2619,1063,3764,6044,11269,6253,1121,1710,,1710,,475,,t3_shieldbreaker|t3_finalstring
standard,144,r2,red,jungle,戰士,kuangfeng,standard,1,3,0,0,7039,13413,11969,532.7,7.9,15.68,,2,1,1,2,2,203,1202,1140,3368,4303,6682,9140,6253,513,,,285,1614,475,,t3_shieldbreaker|t3_finalstring
standard,144,r3,red,mid,法師,auralith,standard,1,3,3,1,19893,13843,11953,532,11.12,17.56,21.13,3,0,1,2,3,1495,280,522,352,3755,6510,9322,6253,978,570,285,760,,475,,t3_psyward
standard,144,r4,red,adc,射手,maestro,standard,1,4,3,2,17571,9143,11373,506.2,9.98,18.59,21.42,3,1,1,2,3,224,246,514,1073,3574,5626,8134,6253,646,570,,285,,380,,t3_shieldbreaker|t3_rendspear
standard,144,r5,red,sup,坦克,longji,standard,1,0,0,0,7963,18901,11215,499.2,6.93,12.88,18.08,3,1,2,3,3,616,472,276,1234,4516,7252,10256,6253,199,,,760,,475,2568,t3_calmveil|t3_thornmail
standard,145,b1,blue,top,戰士,jingci,standard,1,2,4,0,13138,24949,10842,468.9,10.46,16.6,20.35,3,0,1,2,3,1505,868,978,642,3555,6348,9578,6253,722,1140,,1235,,228,,t3_shieldbreaker|t3_finalstring
standard,145,b2,blue,jungle,戰士,longyi,standard,1,0,1,0,7617,17157,9549,412.9,8.79,16.27,,2,1,1,2,2,760,940,358,998,3860,6370,8308,6253,361,,,285,1181,228,,t3_shieldbreaker|t3_finalstring
standard,145,b3,blue,mid,法師,ronghuo,standard,1,3,5,0,14994,14423,10804,467.2,10.7,17.74,,2,0,1,2,2,1523,182,108,1724,3783,6082,8438,6253,1102,570,,285,,228,,t3_psyward
standard,145,b4,blue,adc,射手,liuxing,standard,1,3,3,0,14912,9996,10798,466.9,10.6,18.88,,2,0,1,2,2,1465,354,1432,1897,3625,5734,8432,6253,620,570,,760,,228,,t3_shieldbreaker|t3_rendspear
standard,145,b5,blue,sup,輔助,hexweave,standard,1,3,2,0,6435,15785,11761,508.6,6.92,11.59,13.33,4,1,3,3,4,2592,298,1343,800,5092,8958,10573,6253,196,1710,,285,,228,1900,t3_calmveil
standard,145,r1,red,top,戰士,jingci,standard,0,4,0,1,14719,23753,11968,517.5,8.96,14.87,18.52,3,1,2,3,3,600,142,166,568,3750,6942,10666,6253,791,2280,285,665,68,323,,t3_shieldbreaker|t3_finalstring
standard,145,r2,red,jungle,戰士,longyi,standard,0,4,0,2,15242,18056,13686,591.8,8.92,14.46,16.82,4,1,2,3,4,575,220,1681,285,4325,7870,11711,6253,443,1710,570,665,1746,323,,t3_shieldbreaker|t3_finalstring
standard,145,r3,red,mid,法師,ronghuo,standard,0,2,4,0,13183,12048,10294,445.2,10.75,19.8,,2,0,1,2,2,1441,198,302,1014,3701,5648,7852,6253,1086,,,190,,323,,t3_psyward
standard,145,r4,red,adc,射手,liuxing,standard,0,5,5,0,16947,10697,12153,525.5,9.27,18.2,22.32,3,1,1,2,3,395,394,241,953,3745,5474,9141,6253,855,1140,,665,,228,,t3_shieldbreaker|t3_rendspear
standard,145,r5,red,sup,輔助,hexweave,standard,0,0,2,3,7996,16778,11005,475.9,6.15,11.47,17.79,4,1,2,3,4,308,389,264,205,4608,7119,9494,6253,395,,570,190,,323,1762,t3_calmveil
standard,146,b1,blue,top,戰士,longyi,standard,1,3,0,1,12780,24920,10544,485.1,8.8,18.48,,2,1,1,2,2,709,522,617,1943,3859,5702,9217,6253,1083,1140,285,95,,361,,t3_shieldbreaker|t3_finalstring
standard,146,b2,blue,jungle,戰士,cinderfist,standard,1,0,0,3,7961,14074,9767,449.4,9.24,17.6,,2,1,1,2,2,626,732,815,1216,3726,6162,8765,6253,304,,285,570,991,361,,t3_shieldbreaker|t3_finalstring
standard,146,b3,blue,mid,法師,gambler,standard,1,2,2,0,8700,13022,9666,444.8,10.73,18.31,,2,0,1,2,2,1466,201,673,366,3726,5531,8923,6253,931,1140,,332,,266,,t3_psyward
standard,146,b4,blue,adc,射手,shensheng,standard,1,8,4,1,20022,11901,13134,604.3,9.49,17.27,19.79,3,1,1,3,3,215,841,122,2613,3565,5921,10642,6253,750,2850,285,332,,171,,t3_shieldbreaker|t3_rendspear
standard,146,b5,blue,sup,輔助,shengming,standard,1,0,0,3,7348,14129,11642,535.7,6.28,12.08,16.64,4,1,2,4,4,573,350,205,1141,4573,7380,10705,6253,427,,285,1520,,361,1858,t3_calmveil
standard,146,r1,red,top,戰士,longyi,standard,0,0,2,0,10863,23452,8745,402.4,8.6,17.42,,2,1,1,2,2,154,564,415,444,3954,6044,8115,6253,969,,,665,,228,,t3_shieldbreaker|t3_finalstring
standard,146,r2,red,jungle,戰士,cinderfist,standard,0,0,2,0,9898,14354,9382,431.7,9.32,15.42,,2,1,1,2,2,226,1285,339,831,4276,6715,8589,6253,126,,,190,1790,228,,t3_shieldbreaker|t3_finalstring
standard,146,r3,red,mid,法師,gambler,standard,0,2,4,0,8376,13272,10217,470.1,10.5,16.27,,2,0,1,2,2,1685,808,308,817,3945,7308,9588,6253,1301,1140,,665,,228,,t3_psyward
standard,146,r4,red,adc,射手,shensheng,standard,0,4,3,0,18043,8666,10911,502,10.72,18.31,21.08,3,0,1,2,3,1718,793,412,910,3878,5873,9312,6253,931,1710,,190,,228,,t3_shieldbreaker|t3_rendspear
standard,146,r5,red,sup,輔助,shengming,standard,0,0,2,0,6366,15896,9379,431.6,5.72,11.37,18.03,3,1,2,3,3,55,367,308,629,4655,7097,8788,6253,319,,,190,,228,1796,t3_calmveil
standard,147,b1,blue,top,戰士,chichuan,standard,0,1,3,0,14527,24894,11164,483.5,9.17,16.68,20.78,3,1,1,2,3,899,453,2509,314,4049,5683,10139,6253,1102,570,,2137,,76,,t3_shieldbreaker|t3_finalstring
standard,147,b2,blue,jungle,戰士,xueyue,standard,0,1,3,0,6338,13676,9779,423.5,9.52,16.58,,2,1,1,2,2,913,782,803,1549,4013,5962,8553,6253,437,570,,,1216,76,,t3_shieldbreaker|t3_finalstring
standard,147,b3,blue,mid,法師,ronghuo,standard,0,1,4,0,14672,14870,10281,445.2,9.96,18.03,,2,1,1,2,2,218,444,1263,1200,4068,6044,9293,6253,1444,570,,950,,76,,t3_psyward
standard,147,b4,blue,adc,射手,liangzicz,standard,0,8,7,1,21315,11956,13207,571.9,9.86,17.82,19.43,3,1,1,3,3,509,478,239,1606,3859,6158,9939,6253,1045,2280,285,,,76,,t3_shieldbreaker|t3_rendspear
standard,147,b5,blue,sup,坦克,shiqiang,standard,0,1,5,0,6491,23240,11756,509.1,7.38,12.23,18.02,4,1,2,3,4,215,651,313,556,4715,7891,10693,6253,304,570,,1662,,76,1827,t3_calmveil|t3_thornmail
standard,147,r1,red,top,戰士,chichuan,standard,1,4,0,1,14782,21972,12634,547.1,8.72,15.96,19.08,3,1,1,3,3,675,1044,572,1783,3825,6574,10222,6253,1029,1710,285,380,51,513,,t3_shieldbreaker|t3_finalstring
standard,147,r2,red,jungle,戰士,xueyue,standard,1,6,1,3,13631,14952,14413,624.2,8.04,16.24,18.72,4,1,1,3,4,917,1751,1903,1612,4017,6931,11803,6253,471,2280,570,380,1334,513,,t3_shieldbreaker|t3_finalstring
standard,147,r3,red,mid,法師,ronghuo,standard,1,3,6,2,12188,14607,11174,483.9,11.78,17.36,,2,0,1,2,2,1409,192,83,1773,3669,6092,8533,6253,959,570,142,380,,228,,t3_psyward
standard,147,r4,red,adc,射手,liangzicz,standard,1,8,3,1,21797,9350,14812,641.4,9.09,16.68,21.28,4,1,1,2,4,452,820,1334,1592,3802,6500,10234,6253,902,1710,,855,,513,,t3_shieldbreaker|t3_rendspear
standard,147,r5,red,sup,坦克,shiqiang,standard,1,1,2,5,7149,16118,13249,573.8,6.58,12.84,15.54,4,1,2,3,4,406,981,1142,1049,5206,8221,11122,6253,360,570,712,380,,513,2332,t3_calmveil|t3_thornmail
standard,148,b1,blue,top,戰士,xueyue,standard,1,0,6,1,10329,31593,9118,382.7,9.09,18.38,,2,1,1,2,2,519,149,338,838,3669,5379,7488,6253,684,,,475,,76,,t3_shieldbreaker|t3_finalstring
standard,148,b2,blue,jungle,戰士,jufeng,standard,1,0,4,1,9881,21170,9941,417.2,9.03,16.17,,2,1,1,2,2,358,914,368,1710,4458,6394,8248,6253,294,,285,,1339,76,,t3_shieldbreaker|t3_finalstring
standard,148,b3,blue,mid,法師,gambler,standard,1,1,3,0,18272,15346,10458,438.9,11.16,19.52,,2,0,1,2,2,1428,214,299,1057,3688,5664,7849,6253,1045,,,475,,76,,t3_psyward
standard,148,b4,blue,adc,射手,xingchen,standard,1,8,7,0,25491,10550,13935,584.9,10.13,18.18,21.19,3,0,1,2,3,1680,440,944,2334,3840,6120,8894,6253,950,1140,,475,,76,,t3_shieldbreaker|t3_rendspear
standard,148,b5,blue,sup,坦克,suishan,standard,1,1,5,2,5603,25454,12907,541.7,6.58,11.99,18.36,4,1,2,3,4,324,386,479,1527,5124,7626,10859,6253,294,570,,950,51,76,2664,t3_calmveil|t3_thornmail
standard,148,r1,red,top,戰士,xueyue,standard,0,7,0,0,17426,24985,13787,578.7,8.32,14.79,17.13,4,1,2,3,4,707,351,662,757,3857,7201,11692,6253,1119,3420,,443,,456,,t3_shieldbreaker|t3_finalstring
standard,148,r2,red,jungle,戰士,jufeng,standard,0,2,2,1,11524,17464,11653,489.1,9.41,16.92,21.85,3,1,1,2,3,412,1059,1671,252,4212,6539,9371,6253,374,570,142,285,1289,456,,t3_shieldbreaker|t3_finalstring
standard,148,r3,red,mid,法師,gambler,standard,0,3,3,3,14114,14789,13566,569.4,10.04,16.17,19.88,4,0,1,3,4,2105,696,51,216,4365,7196,10901,6253,961,1140,855,1235,,456,,t3_psyward
standard,148,r4,red,adc,射手,xingchen,standard,0,13,3,2,42194,10761,17460,732.9,9.26,16.45,19.02,5,1,1,3,5,365,786,995,1860,3715,6166,10995,6253,1134,2280,427,443,,456,,t3_shieldbreaker|t3_rendspear
standard,148,r5,red,sup,坦克,suishan,standard,0,0,2,5,7412,19246,12064,506.4,6.58,12.65,18.51,4,1,2,3,4,405,299,323,463,4605,7239,9703,6253,323,,285,443,,456,1941,t3_calmveil|t3_thornmail
standard,149,b1,blue,top,戰士,fengbao,standard,1,2,3,0,11493,25771,10850,501.3,8.95,18.33,20.57,3,1,1,2,3,443,412,2102,350,3593,5892,9502,6253,608,570,,1900,,171,,t3_shieldbreaker|t3_finalstring
standard,149,b2,blue,jungle,戰士,rongyan,standard,1,0,1,0,3986,11498,8726,403.2,8.02,17.53,,2,1,1,2,2,210,913,354,475,3960,6043,8004,6253,519,,,,1060,171,,t3_shieldbreaker|t3_finalstring
standard,149,b3,blue,mid,法師,ronghuo,standard,1,2,0,2,14061,13401,10758,497.1,11.16,17.44,,2,0,1,2,2,1612,172,902,1358,3872,5772,9952,6253,1152,1140,285,950,,171,,t3_psyward
standard,149,b4,blue,adc,射手,dujian,standard,1,4,6,0,9644,9364,10329,477.3,9.34,18.58,,2,1,1,2,2,393,696,19,1428,3743,5776,8569,6253,845,1140,,237,17,76,,t3_shieldbreaker|t3_rendspear
standard,149,b5,blue,sup,輔助,linghun,standard,1,0,0,1,7290,14617,10839,500.8,5.53,11.91,15.93,4,1,2,3,4,620,749,746,338,4620,7299,9976,6253,332,,,1187,,171,2031,t3_calmveil
standard,149,r1,red,top,戰士,fengbao,standard,0,3,0,0,14210,22308,10354,478.4,8.95,14.83,19.75,3,1,2,3,3,443,177,211,154,3593,7277,9811,6253,684,1710,,665,17,481,,t3_shieldbreaker|t3_finalstring
standard,149,r2,red,jungle,戰士,rongyan,standard,0,0,0,1,7363,10261,9601,443.6,7.95,15.98,,2,1,1,2,2,873,1175,274,1050,3973,6605,8824,6253,304,,285,190,1311,481,,t3_shieldbreaker|t3_finalstring
standard,149,r3,red,mid,法師,ronghuo,standard,0,1,3,0,12167,12716,10024,463.2,10.43,18.96,,2,0,1,2,2,1428,553,99,623,3688,6453,9499,6253,1054,570,,1140,,481,,t3_psyward
standard,149,r4,red,adc,射手,dujian,standard,0,6,3,0,12354,8520,11100,512.9,10.93,16.5,20.95,3,0,1,2,3,1158,887,316,800,3318,6567,8866,6253,484,1710,,190,,228,,t3_shieldbreaker|t3_rendspear
standard,149,r5,red,sup,輔助,linghun,standard,0,0,2,0,4589,10100,9967,460.5,7.58,13.7,18.68,3,1,2,3,3,740,379,1205,736,4440,7109,9385,6253,171,,,665,,228,2067,t3_calmveil
standard,150,b1,blue,top,坦克,suishan,standard,1,0,1,1,5320,18937,8813,421,8.16,15.84,,2,1,1,2,2,776,397,559,1522,3726,5797,7849,6253,874,,285,190,,247,,t3_calmveil|t3_thornmail
standard,150,b2,blue,jungle,戰士,jingci,standard,1,2,1,1,7433,15775,11424,545.7,8.96,15.87,19.23,3,1,1,3,3,106,1998,465,1043,3906,7478,10365,6253,627,570,285,1140,1147,342,,t3_finalstring|t3_shieldbreaker
standard,150,b3,blue,mid,法師,gambler,standard,1,1,3,0,12638,11634,9232,441,11.19,19.63,,2,0,1,2,2,1449,207,206,732,3709,6407,8706,6253,970,570,,665,,247,,t3_psyward
standard,150,b4,blue,adc,射手,shengyan,standard,1,4,3,0,14841,10067,11102,530.4,7.62,16.54,,2,1,1,2,2,832,567,1464,2522,4182,6367,10044,6253,836,1710,,902,,342,,t3_shieldbreaker|t3_rendspear
standard,150,b5,blue,sup,坦克,xukong,standard,1,2,1,1,6322,18698,11791,563.3,7.23,11.55,16.09,4,1,2,3,4,1283,964,1323,491,5183,8204,11303,6253,454,1140,285,427,51,342,2349,t3_calmveil|t3_thornmail
standard,150,r1,red,top,坦克,suishan,standard,0,0,0,0,9023,17046,10345,494.2,7.68,15.76,20.68,3,1,1,2,3,884,622,857,315,3834,5772,8147,6253,1076,,,475,,342,,t3_calmveil|t3_thornmail
standard,150,r2,red,jungle,戰士,jingci,standard,0,1,1,1,8072,15361,9682,462.5,8.69,14.58,,2,1,2,2,2,218,146,692,1081,4018,6946,9292,6253,345,570,285,,1496,342,,t3_finalstring|t3_shieldbreaker
standard,150,r3,red,mid,法師,gambler,standard,0,4,2,0,16986,14892,10877,519.6,10.05,16.73,,2,0,1,2,2,1732,851,440,1477,3992,7051,9420,6253,1209,1140,,475,,342,,t3_psyward
standard,150,r4,red,adc,射手,shengyan,standard,0,3,3,0,12259,9535,10697,511,9.81,17.31,,2,1,1,2,2,268,672,773,2116,4268,6472,9353,6253,668,1140,,950,,342,,t3_shieldbreaker|t3_rendspear
standard,150,r5,red,sup,坦克,xukong,standard,0,1,3,0,4649,16837,9511,454.3,6.94,13.25,19.4,3,1,2,3,3,91,585,312,130,4541,6945,9212,6253,196,570,,,,152,2040,t3_calmveil|t3_thornmail
standard,151,b1,blue,top,坦克,stoneguard,standard,0,0,3,1,6770,24036,9111,407.2,8.51,15.94,19.77,3,1,1,3,3,643,378,103,401,3593,5778,8353,6253,560,,285,950,,304,,t3_calmveil|t3_thornmail
standard,151,b2,blue,jungle,刺客,voidrift,standard,0,2,1,0,4880,11322,10192,455.5,8.26,16.37,21.46,3,1,1,2,3,834,1252,900,691,4034,6582,9330,6253,437,1140,,237,958,304,,t3_finalstring
standard,151,b3,blue,mid,法師,leiming,standard,0,0,4,0,15580,13164,9023,403.2,10.91,19.56,,2,0,1,2,2,1498,526,234,422,3758,6126,8264,6253,994,,,712,,304,,t3_psyward
standard,151,b4,blue,adc,射手,mirrorshot,standard,0,3,5,0,15027,11517,9942,444.3,9.4,18.93,,2,1,1,2,2,386,373,1105,1361,3736,5573,8005,6253,826,570,,,51,304,,t3_shieldbreaker|t3_rendspear
standard,151,b5,blue,sup,坦克,dadi,standard,0,0,0,0,4091,21235,12488,558.1,7.2,12.83,17.46,4,1,2,3,4,493,290,291,687,4693,7530,9791,6253,297,,,475,,304,2461,t3_calmveil|t3_thornmail
standard,151,r1,red,top,坦克,stoneguard,standard,1,4,0,1,10287,22026,13185,589.3,9.28,12.77,16.95,4,1,2,4,4,1455,896,161,935,4405,7426,11511,6253,1154,1710,,2090,,304,,t3_calmveil|t3_thornmail
standard,151,r2,red,jungle,刺客,voidrift,standard,1,0,2,0,2759,8315,9583,428.3,8.83,15.81,,2,1,1,2,2,878,1202,937,1152,4078,6532,8417,6253,199,,,190,1470,304,,t3_finalstring
standard,151,r3,red,mid,法師,leiming,standard,1,5,1,2,23741,13770,13456,601.4,10.31,15.53,20.18,3,0,1,2,3,1906,877,1492,1555,4166,7377,10892,6253,1105,2280,285,665,,304,,t3_psyward
standard,151,r4,red,adc,射手,mirrorshot,standard,1,4,2,1,16590,10260,10875,486,9.63,19.02,22.15,3,1,1,2,3,218,591,385,355,3568,5791,8365,6253,905,570,142,190,,304,,t3_shieldbreaker|t3_rendspear
standard,151,r5,red,sup,坦克,dadi,standard,1,0,0,1,4436,16312,10263,458.7,6.95,12.79,18.53,3,1,2,3,3,286,176,582,282,4486,7116,9482,6253,131,,142,665,,304,1985,t3_calmveil|t3_thornmail
standard,152,b1,blue,top,坦克,thornwall,standard,1,0,1,2,7261,18694,8682,425.1,8.06,15.57,,2,1,1,2,2,227,662,936,1451,3777,5962,8166,6253,810,,285,285,,532,,t3_calmveil|t3_thornmail
standard,152,b2,blue,jungle,刺客,miwu,standard,1,0,1,0,3929,9520,8718,426.8,8.84,17.52,,2,1,1,2,2,683,1048,757,387,3883,6328,8487,6253,237,,,522,941,532,,t3_finalstring
standard,152,b3,blue,mid,法師,haixiao,standard,1,2,2,0,11867,10194,10303,504.4,10.13,17.38,,2,0,1,2,2,2017,603,672,903,4277,6833,10072,6253,912,1140,,1235,,532,,t3_psyward
standard,152,b4,blue,adc,射手,hanbing,standard,1,13,2,0,21938,8966,16310,798.6,10.06,13.02,17.05,5,0,2,4,5,2263,330,2229,710,4423,8280,16079,6253,886,7410,,997,,532,,t3_shieldbreaker|t3_rendspear
standard,152,b5,blue,sup,輔助,mantra,standard,1,1,1,2,5024,14556,11138,545.3,7.02,11.58,17.52,3,1,2,3,3,323,343,1297,2098,4623,7373,10337,6253,269,,570,760,,532,1952,t3_calmveil
standard,152,r1,red,top,坦克,thornwall,standard,0,3,1,0,6638,19087,9980,488.6,8.78,14.23,19.27,3,1,2,3,3,890,270,1294,50,3840,6120,9844,6253,931,1710,,950,,0,,t3_calmveil|t3_thornmail
standard,152,r2,red,jungle,刺客,miwu,standard,0,0,3,1,5846,10615,8237,403.3,8.77,16.27,,2,1,1,2,2,753,686,671,807,3953,6266,8101,6253,171,,142,,1534,0,,t3_finalstring
standard,152,r3,red,mid,法師,haixiao,standard,0,1,4,0,8805,11280,8137,398.4,11.11,20.08,,2,0,1,1,2,1276,124,1521,307,3536,5854,8001,6253,703,570,,475,,0,,t3_psyward
standard,152,r4,red,adc,射手,hanbing,standard,0,2,5,0,13742,9657,8549,418.6,9.28,18.05,,2,1,1,2,2,832,491,1093,298,4182,6171,8413,6253,782,1140,,237,,0,,t3_shieldbreaker|t3_rendspear
standard,152,r5,red,sup,輔助,mantra,standard,0,1,3,1,5865,12632,9877,483.6,6.23,12.39,16.82,3,1,2,3,3,1995,602,701,836,5095,7632,9741,6253,224,570,142,712,,0,1837,t3_calmveil
standard,153,b1,blue,top,坦克,tieshixin,standard,1,0,1,0,6510,23258,10086,398.7,8.13,15.16,22.16,3,1,1,2,3,719,804,367,556,3669,5854,7697,6253,570,,,570,,304,,t3_calmveil|t3_thornmail
standard,153,b2,blue,jungle,刺客,guihuo,standard,1,1,6,0,8597,14301,10683,422.3,8.02,16.97,22.66,3,1,1,2,3,745,443,406,753,3945,6023,8006,6253,361,,,95,992,304,,t3_finalstring
standard,153,b3,blue,mid,法師,leiming,standard,1,4,6,0,17963,17685,11707,462.7,10.83,18.52,23.38,3,0,1,2,3,1466,139,380,207,3726,5569,8210,6253,988,570,,95,,304,,t3_psyward
standard,153,b4,blue,adc,射手,xuanfeng,standard,1,8,3,0,29640,12986,14747,582.9,9.52,17.67,20.37,4,1,1,2,4,367,415,2678,1197,3717,6215,10528,6253,1121,2280,,570,,304,,t3_shieldbreaker|t3_rendspear
standard,153,b5,blue,sup,輔助,huanjing,standard,1,0,2,0,5222,19673,12409,490.5,7.08,12.08,16.98,4,1,2,3,4,292,445,534,959,4592,6995,8994,6253,190,,,95,,304,2152,t3_calmveil
standard,153,r1,red,top,坦克,tieshixin,standard,0,5,0,0,13183,29782,14377,568.3,7.95,11.8,17.82,5,1,2,3,5,306,653,809,826,5056,7403,10139,6253,1168,2280,,285,,152,,t3_calmveil|t3_thornmail
standard,153,r2,red,jungle,刺客,guihuo,standard,0,4,1,0,7459,11856,12928,511,8.71,15.85,21.09,4,1,1,2,4,175,1241,1150,177,4025,6521,9480,6253,294,1140,,285,1355,152,,t3_finalstring
standard,153,r3,red,mid,法師,leiming,standard,0,2,4,0,15368,15276,10736,424.3,10.94,17.83,,2,0,1,2,2,1542,207,491,1335,3802,6707,8341,6253,1029,570,,285,51,152,,t3_psyward
standard,153,r4,red,adc,射手,xuanfeng,standard,0,7,4,1,24509,12244,13527,534.7,10.74,16.97,22.27,4,0,1,2,4,1300,355,920,306,3460,5735,8870,6253,755,1140,285,285,,152,,t3_shieldbreaker|t3_rendspear
standard,153,r5,red,sup,輔助,huanjing,standard,0,0,4,2,5823,17347,11739,464,6.63,13.56,16.43,4,1,2,3,4,487,713,190,289,4487,7263,9230,6253,248,,285,285,,152,2006,t3_calmveil
standard,154,b1,blue,top,坦克,bingshouweis,standard,1,0,0,0,6585,25228,10710,469.7,8.18,15.35,21.62,3,1,1,2,3,48,961,72,2459,3698,6111,7802,6253,902,,,475,,171,,t3_calmveil|t3_thornmail
standard,154,b2,blue,jungle,刺客,jiansheng,standard,1,1,7,0,7574,12606,9733,426.9,8.08,16.52,,2,1,1,2,2,185,746,572,1303,4085,6076,8702,6253,579,570,,,1128,171,,t3_finalstring
standard,154,b3,blue,mid,法師,haixiao,standard,1,1,6,1,15476,15812,9076,398.1,10.98,18.43,,2,0,1,2,2,1400,457,832,525,3660,6187,8182,6253,902,570,285,,,171,,t3_psyward
standard,154,b4,blue,adc,射手,phantom,standard,1,2,7,0,9152,11503,10501,460.6,9.7,18.27,20.41,3,1,1,2,3,471,389,1487,420,3821,5769,9607,6253,1092,1140,,950,,171,,t3_shieldbreaker|t3_rendspear
standard,154,b5,blue,sup,坦克,dadi,standard,1,0,3,0,4569,22243,10167,445.9,6.83,12.93,17.64,3,1,2,3,3,468,970,255,586,4668,7470,9235,6253,399,,,475,,76,2031,t3_calmveil|t3_thornmail
standard,154,r1,red,top,坦克,bingshouweis,standard,0,4,0,0,9684,18268,11826,518.7,7.59,11.68,17.82,4,1,2,3,4,297,746,496,176,4847,7576,10046,6253,874,1710,,760,68,380,,t3_calmveil|t3_thornmail
standard,154,r2,red,jungle,刺客,jiansheng,standard,0,0,0,2,7010,8112,10415,456.8,8.12,15.23,,2,1,1,2,2,952,1649,1608,1984,4152,6979,9258,6253,247,,570,285,1523,380,,t3_finalstring
standard,154,r3,red,mid,法師,haixiao,standard,0,10,1,1,23209,11534,15973,700.6,10.7,13.71,18.34,4,0,2,3,4,1390,123,1587,1572,3650,8153,13017,6253,1064,4560,,760,,380,,t3_psyward
standard,154,r4,red,adc,射手,phantom,standard,0,7,2,1,22138,10792,14143,620.3,7.57,15.52,19.29,4,1,1,3,4,91,1004,821,292,4391,6804,11041,6253,1083,2280,285,760,,380,,t3_shieldbreaker|t3_rendspear
standard,154,r5,red,sup,坦克,dadi,standard,0,2,1,6,7269,19570,13135,576.1,5.78,12.45,16.34,4,1,2,3,4,633,941,766,935,5133,8181,10746,6253,342,1140,570,285,,380,1776,t3_calmveil|t3_thornmail
standard,155,b1,blue,top,坦克,tiebi,standard,0,2,1,2,10176,28854,11849,461.5,8.09,14.38,21.05,4,1,2,2,4,814,211,997,249,3764,6111,8277,6253,969,,,902,,152,,t3_calmveil|t3_thornmail
standard,155,b2,blue,jungle,刺客,hundun,standard,0,1,4,1,7423,13572,10898,424.5,10.83,17.63,24.65,3,0,1,2,3,1683,1366,256,448,3893,6866,8656,6253,294,570,142,190,1053,152,,t3_psyward
standard,155,b3,blue,mid,法師,leiming,standard,0,5,5,0,14655,17708,12866,501.1,10.94,18.09,23.83,3,0,1,2,3,1609,553,140,1015,3869,6253,8590,6253,1187,570,,427,,152,,t3_psyward
standard,155,b4,blue,adc,射手,huanying,standard,0,11,5,3,33307,13105,16485,642.1,8.65,13.59,19.32,4,1,2,3,4,1469,244,813,2635,4819,7564,10813,6253,750,2850,142,665,,152,,t3_shieldbreaker|t3_rendspear
standard,155,b5,blue,sup,輔助,luminary,standard,0,1,3,1,5388,20154,11252,438.2,6.48,13.03,16.3,4,1,2,3,4,216,627,213,551,4516,7657,9253,6253,180,570,,190,26,152,1881,t3_calmveil
standard,155,r1,red,top,坦克,tiebi,standard,1,2,2,2,10568,28257,13173,513.1,8.78,14.23,19.17,4,1,2,3,4,107,386,431,972,3707,6586,9331,6253,893,1140,427,237,,380,,t3_calmveil|t3_thornmail
standard,155,r2,red,jungle,刺客,hundun,standard,1,4,2,1,10260,12058,13889,540.9,9.05,16.66,20.4,4,1,1,2,4,424,700,858,638,4224,7100,10158,6253,437,1140,285,,1663,380,,t3_psyward
standard,155,r3,red,mid,法師,leiming,standard,1,4,4,2,24992,17486,14522,565.6,10.48,16.76,23.57,3,0,1,2,3,1656,379,219,2091,3916,6529,9569,6253,1320,1140,,475,,380,,t3_psyward
standard,155,r4,red,adc,射手,huanying,standard,1,7,9,3,24059,12256,14162,551.6,9.68,18.57,21.58,4,1,1,2,4,383,320,874,941,3733,5700,9424,6253,817,1140,570,237,26,380,,t3_shieldbreaker|t3_rendspear
standard,155,r5,red,sup,輔助,luminary,standard,1,1,3,2,8449,17410,13149,512.1,6.21,11.22,15.71,4,1,2,3,4,1152,472,1379,2269,5152,7502,10419,6253,180,570,142,950,,380,1942,t3_calmveil
standard,156,b1,blue,top,坦克,shengdun,standard,0,0,0,1,7589,25120,9775,421.8,7.88,15.39,20.68,3,1,1,2,3,157,763,1322,325,3707,6063,8552,6253,855,,285,855,,304,,t3_calmveil|t3_thornmail
standard,156,b2,blue,jungle,刺客,razorwing,standard,0,4,1,0,4060,10851,12315,531.4,8.59,14.04,17.38,3,1,2,3,3,121,557,904,1234,3971,8107,10854,6253,370,2280,,380,1266,304,,t3_finalstring
standard,156,b3,blue,mid,法師,mingyun2,standard,0,3,5,0,13705,15174,10573,456.2,10.74,20.13,,2,0,1,1,2,1485,524,1862,1173,3745,5854,8362,6253,855,570,,380,,304,,t3_psyward
standard,156,b4,blue,adc,射手,siwang,standard,0,5,3,1,19440,9396,13174,568.5,9.46,18.29,21.99,3,1,1,2,3,289,273,1583,1974,3639,5653,9833,6253,693,1710,,855,17,304,,t3_shieldbreaker|t3_rendspear
standard,156,b5,blue,sup,輔助,xuemai,standard,0,0,2,0,3485,16341,10487,452.5,6.83,11.73,17.3,3,1,2,3,3,282,201,728,1446,4582,7231,9188,6253,266,,,380,,304,1984,t3_calmveil
standard,156,r1,red,top,坦克,shengdun,standard,1,0,1,1,8906,23759,10545,455,7.92,16.73,19.98,3,1,1,3,3,833,193,135,614,3783,5493,8685,6253,779,,,1425,,228,,t3_calmveil|t3_thornmail
standard,156,r2,red,jungle,刺客,razorwing,standard,1,0,6,0,4228,11931,9966,430,8.77,16.23,,2,1,1,2,2,273,911,296,1636,4123,6491,8626,6253,354,,,,1789,228,,t3_finalstring
standard,156,r3,red,mid,法師,mingyun2,standard,1,4,2,0,15635,12242,11511,496.7,11.48,19.09,22.78,3,0,1,2,3,1580,328,947,481,3840,5778,8797,6253,1124,1140,,,51,228,,t3_psyward
standard,156,r4,red,adc,射手,siwang,standard,1,7,3,1,25771,9584,12939,558.3,9.24,17.06,20.65,3,1,1,2,3,937,431,1361,1558,4287,6111,9911,6253,864,2280,285,,,228,,t3_shieldbreaker|t3_rendspear
standard,156,r5,red,sup,輔助,xuemai,standard,1,0,0,1,3021,14707,11842,511,5.93,12.5,15.19,4,1,2,4,4,406,902,86,392,4706,7632,10486,6253,373,,285,950,,228,2396,t3_calmveil
standard,157,b1,blue,top,坦克,xukong,standard,0,0,0,0,4915,19862,8557,385.9,8.73,15.99,,2,1,1,2,2,95,419,132,826,3745,5569,7862,6253,1133,,,475,,0,,t3_calmveil|t3_thornmail
standard,157,b2,blue,jungle,刺客,yeiren,standard,0,1,4,0,4899,10345,8759,395,9.04,17.53,,2,1,1,2,2,452,484,584,628,3652,6114,8064,6253,266,570,,,974,0,,t3_finalstring
standard,157,b3,blue,mid,法師,bingshuang,standard,0,0,3,1,14619,13463,8367,377.3,11.31,19.29,,2,0,1,2,2,1504,215,322,116,3764,5645,7672,6253,1133,,285,,,0,,t3_psyward
standard,157,b4,blue,adc,射手,maestro,standard,0,3,5,0,12124,12302,10381,468.1,10.9,18.73,,2,0,1,2,2,1452,322,320,1630,3612,5702,8470,6253,696,570,,950,,0,,t3_shieldbreaker|t3_rendspear
standard,157,b5,blue,sup,坦克,longji,standard,0,2,3,0,6267,22730,10167,458.5,6.54,11.2,18.62,3,1,2,3,3,666,522,158,366,5166,7762,9358,6253,190,1140,,,51,0,1723,t3_calmveil|t3_thornmail
standard,157,r1,red,top,坦克,xukong,standard,1,3,0,0,8150,19544,12015,541.8,8.73,15.28,19.47,3,1,1,3,3,903,562,649,1984,3853,5962,10199,6253,848,1140,,1425,,532,,t3_calmveil|t3_thornmail
standard,157,r2,red,jungle,刺客,yeiren,standard,1,3,3,2,7464,9960,12589,567.7,8.65,14.22,18.33,3,1,2,3,3,137,1183,1018,2609,4037,7883,10998,6253,247,1710,142,475,1638,532,,t3_finalstring
standard,157,r3,red,mid,法師,bingshuang,standard,1,3,2,0,16302,13001,10919,492.4,10.64,17.42,,2,0,1,2,2,1466,239,89,1518,3726,6139,9369,6253,969,1140,,475,,532,,t3_psyward
standard,157,r4,red,adc,射手,maestro,standard,1,2,1,0,11365,8542,10377,468,9.31,17.88,,2,1,1,2,2,319,121,958,1797,3669,5921,8638,6253,807,570,,475,,532,,t3_shieldbreaker|t3_rendspear
standard,157,r5,red,sup,坦克,longji,standard,1,4,0,3,10054,19416,13723,618.9,7.65,11.21,14.34,4,1,3,4,4,689,542,239,1523,4589,9922,12439,6253,281,2280,712,475,,532,1904,t3_calmveil|t3_thornmail
standard,158,b1,blue,top,坦克,tiemu,standard,1,0,5,1,14535,29524,12153,451.4,9.58,14.96,19.69,4,1,2,3,4,751,88,148,743,3701,6038,8878,6253,829,,142,1425,,228,,t3_calmveil|t3_thornmail
standard,158,b2,blue,jungle,刺客,sting,standard,1,0,6,1,5644,14286,11330,420.8,8.68,17.26,23.93,3,1,1,2,3,458,738,170,450,3658,6068,8120,6253,376,,285,,976,228,,t3_finalstring
standard,158,b3,blue,mid,法師,mingyun2,standard,1,8,5,0,36659,17080,15716,583.7,9.61,16.23,20.24,4,1,1,2,4,212,793,1473,1885,4062,7273,10503,6253,1361,1710,,950,,228,,t3_psyward
standard,158,b4,blue,adc,射手,liuxing,standard,1,10,10,1,26876,15907,17011,631.8,10.03,17.2,19.68,4,0,1,3,4,1525,366,58,3510,3685,5566,10278,6253,756,2280,285,475,,228,,t3_shieldbreaker|t3_rendspear
standard,158,b5,blue,sup,坦克,stoneguard,standard,1,1,5,1,4043,29010,12184,452.5,7.07,12.83,17.27,4,1,2,3,4,758,252,355,403,4658,7052,9935,6253,246,570,142,,,228,2494,t3_calmveil|t3_thornmail
standard,158,r1,red,top,坦克,tiemu,standard,0,6,0,2,14203,33035,15323,569.1,8.66,14.58,19.15,5,1,2,3,5,57,145,764,1673,3707,6975,10794,6253,874,1710,285,1235,,437,,t3_calmveil|t3_thornmail
standard,158,r2,red,jungle,刺客,sting,standard,0,4,4,1,5899,15133,14082,523,8.43,15.96,20.24,4,1,1,2,4,777,1855,3156,681,4677,7185,10636,6253,332,1710,95,285,1523,437,,t3_finalstring
standard,158,r3,red,mid,法師,mingyun2,standard,0,4,7,4,21174,18023,13670,507.7,10.86,17.02,23.15,4,0,1,2,4,1485,258,568,320,3745,6158,9018,6253,950,570,522,285,,437,,t3_psyward
standard,158,r4,red,adc,射手,liuxing,standard,0,16,6,4,52655,15378,20653,767,6.69,13.77,18.58,5,1,2,3,5,500,136,581,5052,4980,7336,12381,6253,1273,3990,427,285,,152,,t3_shieldbreaker|t3_rendspear
standard,158,r5,red,sup,坦克,stoneguard,standard,0,1,2,5,7784,29955,15950,592.4,7.24,12.93,17,5,1,2,3,5,449,1209,1223,2350,4649,8449,11203,6253,408,570,380,760,,437,2394,t3_calmveil|t3_thornmail
standard,159,b1,blue,top,坦克,longji,standard,1,2,1,2,23771,43847,16159,447.5,9.03,14.74,23.14,5,1,2,2,5,662,167,383,2608,3612,6017,7613,6253,601,,,427,26,304,,t3_calmveil|t3_thornmail
standard,159,b2,blue,jungle,刺客,yingsi,standard,1,8,4,0,21649,21874,19454,538.8,8.67,17.77,19.43,5,1,1,3,5,862,1432,287,4204,4062,7012,9937,6253,392,1710,,190,1087,304,,t3_finalstring
standard,159,b3,blue,mid,法師,bingshuang,standard,1,15,15,1,45312,30034,22913,634.6,10.99,18.98,21.98,5,0,1,2,5,1561,261,316,6762,3821,6161,9296,6253,886,1140,285,427,,304,,t3_psyward
standard,159,b4,blue,adc,射手,shensheng,standard,1,26,15,0,113007,22869,28397,786.4,10.6,16.38,21.03,5,0,1,2,5,1683,975,491,12797,3843,6655,9391,6253,934,1710,,190,,304,,t3_shieldbreaker|t3_rendspear
standard,159,b5,blue,sup,輔助,mingyunyindao,standard,1,0,4,5,17903,30773,17933,496.6,5.79,11.98,16.54,5,1,2,3,5,974,349,296,4732,4674,7379,9336,6253,376,,285,190,,304,1926,t3_calmveil
standard,159,r1,red,top,坦克,longji,standard,0,2,5,0,20544,53349,15133,419.1,6.69,14.7,19.77,5,1,2,3,5,351,156,116,1582,4201,6006,8666,6253,893,570,,950,,0,,t3_calmveil|t3_thornmail
standard,159,r2,red,jungle,刺客,yingsi,standard,0,2,7,2,18370,24743,17293,478.9,8.55,17.14,21.31,5,1,1,2,5,613,844,861,2042,4463,6424,9191,6253,342,,285,475,1835,0,,t3_finalstring
standard,159,r3,red,mid,法師,bingshuang,standard,0,11,17,2,36136,30008,20148,558,10.67,19.01,25.18,5,0,1,2,5,1447,87,474,3998,3707,5987,8324,6253,931,570,570,,,0,,t3_psyward
standard,159,r4,red,adc,射手,shensheng,standard,0,24,17,0,81920,22059,26456,732.7,10.5,16.03,19.98,5,0,1,3,5,1272,1276,295,10856,3432,6956,10775,6253,627,3420,,475,,0,,t3_shieldbreaker|t3_rendspear
standard,159,r5,red,sup,輔助,mingyunyindao,standard,0,0,5,2,17848,31197,15666,433.9,7.44,12.99,18.58,5,1,2,3,5,216,371,572,2466,4516,6851,8732,6253,285,,285,,,0,1908,t3_calmveil
standard,160,b1,blue,top,坦克,tixue,standard,1,0,0,0,11543,21395,9806,418.9,8.89,16.64,22.4,3,1,1,2,3,643,340,477,375,3593,5740,7767,6253,779,,,190,51,494,,t3_calmveil|t3_thornmail
standard,160,b2,blue,jungle,刺客,youming,standard,1,4,1,0,7224,10511,11822,505.1,9.73,15.39,20.45,3,1,1,2,3,453,1169,1194,1542,3653,6499,9624,6253,310,1710,,190,666,494,,t3_finalstring
standard,160,b3,blue,mid,法師,mingyun2,standard,1,8,2,0,17536,14259,14783,631.5,10.72,16.2,19.95,4,0,1,3,4,1621,355,52,953,3881,6855,10902,6253,972,2280,,902,,494,,t3_psyward
standard,160,b4,blue,adc,射手,liangzicz,standard,1,5,3,1,16502,10438,13034,556.8,9.23,16.65,22.69,3,1,1,2,3,574,835,981,1233,3924,6635,9561,6253,913,1140,285,665,,304,,t3_shieldbreaker|t3_rendspear
standard,160,b5,blue,sup,坦克,shiqiang,standard,1,0,1,1,7361,18227,11887,507.8,7.28,12.13,17.75,4,1,2,3,4,779,438,744,586,4679,7678,10124,6253,292,,285,427,,494,2371,t3_calmveil|t3_thornmail
standard,160,r1,red,top,坦克,tixue,standard,0,2,2,0,13173,22512,12206,521.4,8.02,12.81,20.78,4,1,2,2,4,966,293,3238,555,3916,6823,10528,6253,1140,1140,,1900,,95,,t3_calmveil|t3_thornmail
standard,160,r2,red,jungle,刺客,youming,standard,0,0,3,0,3754,8789,9528,407,8.82,16.9,,2,1,1,2,2,871,770,743,1098,4071,6100,7923,6253,190,,,,1479,0,,t3_finalstring
standard,160,r3,red,mid,法師,mingyun2,standard,0,2,6,0,17734,14544,10391,443.9,10.81,17.38,,2,0,1,2,2,1476,439,95,1311,3736,5769,8695,6253,1301,570,,475,,95,,t3_psyward
standard,160,r4,red,adc,射手,liangzicz,standard,0,3,5,0,13637,12299,11009,470.3,10.02,16.76,22.9,3,0,1,2,3,1433,297,303,928,3593,5797,8153,6253,760,570,,475,,95,,t3_shieldbreaker|t3_rendspear
standard,160,r5,red,sup,坦克,shiqiang,standard,0,0,1,1,7793,20821,10748,459.2,7.24,12.92,18.88,3,1,2,3,3,992,231,76,368,4592,6891,8976,6253,256,,285,,,95,2086,t3_calmveil|t3_thornmail
standard,161,b1,blue,top,坦克,suishan,standard,0,3,2,0,17608,31655,13483,487.3,8.78,13.93,19.13,4,1,2,3,4,719,136,343,1232,3669,6386,9293,6253,855,570,,1140,,475,,t3_calmveil|t3_thornmail
standard,161,b2,blue,jungle,戰士,rongyan,standard,0,0,2,3,13745,19924,11946,431.8,8.65,17.05,24.84,3,1,1,2,3,782,760,565,915,3882,6240,8265,6253,304,,,190,1043,475,,t3_finalstring|t3_shieldbreaker
standard,161,b3,blue,mid,法師,bingshuang,standard,0,5,6,0,24357,18729,13619,492.2,11.12,20.15,25.2,3,0,1,1,3,1533,378,1207,1538,3793,5978,7707,6253,883,,,190,,380,,t3_psyward
standard,161,b4,blue,adc,射手,xingchen,standard,0,12,7,0,43919,16692,17659,638.3,9.03,17.48,22.03,5,1,1,2,5,823,520,339,2059,4173,6320,8619,6253,655,570,,665,,475,,t3_shieldbreaker|t3_rendspear
standard,161,b5,blue,sup,坦克,tixue,standard,0,0,4,4,8577,25392,12913,466.7,7.22,13.46,19.12,4,1,2,3,4,430,359,347,713,4630,7299,9427,6253,304,,285,190,,475,1919,t3_calmveil|t3_thornmail
standard,161,r1,red,top,坦克,suishan,standard,1,3,2,1,15764,31012,12780,461.9,7.32,14.83,19.5,4,1,2,3,4,399,164,827,530,4049,6114,9477,6253,551,1710,285,475,51,152,,t3_calmveil|t3_thornmail
standard,161,r2,red,jungle,戰士,rongyan,standard,1,4,3,1,11689,18962,13900,502.4,8.55,19.1,23.43,3,1,1,2,3,894,855,672,2869,3994,6035,8372,6253,253,,142,118,1452,152,,t3_finalstring|t3_shieldbreaker
standard,161,r3,red,mid,法師,bingshuang,standard,1,2,7,2,25430,16835,12366,447,10.81,19.75,,2,0,1,2,2,1393,346,150,2966,3653,5496,8000,6253,1000,,,593,,152,,t3_psyward
standard,161,r4,red,adc,射手,xingchen,standard,1,11,6,1,39140,15931,17192,621.4,7.68,15.86,20.74,4,1,1,2,4,280,874,826,3342,4280,6674,9406,6253,1029,1710,142,118,,152,,t3_shieldbreaker|t3_rendspear
standard,161,r5,red,sup,坦克,tixue,standard,1,1,2,2,8693,29270,14490,523.7,7.12,12.63,18.35,5,1,2,3,5,158,1174,619,890,4658,7534,10599,6253,433,570,,593,,152,2595,t3_calmveil|t3_thornmail
standard,162,b1,blue,top,坦克,stoneguard,standard,0,1,2,0,6782,22185,10269,459.6,8.78,14.03,,2,1,2,2,2,681,179,752,3039,3631,6329,7982,6253,817,570,,190,,152,,t3_calmveil|t3_thornmail
standard,162,b2,blue,jungle,戰士,tielian,standard,0,1,3,0,5363,14325,9412,421.3,8.79,15.91,,2,1,1,2,2,626,1182,336,1232,3726,6612,8516,6253,85,570,,190,1265,152,,t3_shieldbreaker|t3_finalstring
standard,162,b3,blue,mid,法師,lieyan,standard,0,2,6,0,11106,12858,9490,424.8,11.21,18.82,,2,0,1,2,2,1257,106,142,410,3517,6006,8742,6253,532,1140,,665,,152,,t3_psyward
standard,162,b4,blue,adc,射手,liangzi,standard,0,5,4,0,17562,10982,11191,500.9,9.53,19.02,21.18,3,1,1,2,3,595,279,2303,710,3945,5959,9303,6253,997,1710,,190,,152,,t3_shieldbreaker|t3_rendspear
standard,162,b5,blue,sup,輔助,linghun,standard,0,0,3,0,5946,15974,9874,442,6.23,12.25,18.98,3,1,2,3,3,449,230,966,834,4449,6960,9126,6253,190,,,665,,152,1866,t3_calmveil
standard,162,r1,red,top,坦克,stoneguard,standard,1,2,0,0,8411,17379,11377,509.2,9.57,12.48,19.77,3,1,2,3,3,385,231,191,1447,3935,6861,9641,6253,1045,1140,,823,,380,,t3_calmveil|t3_thornmail
standard,162,r2,red,jungle,戰士,tielian,standard,1,3,0,0,6898,14228,11515,515.4,8.96,15.73,20.61,3,1,1,2,3,798,1109,1070,1485,3898,6539,9620,6253,285,1140,,190,1371,380,,t3_shieldbreaker|t3_finalstring
standard,162,r3,red,mid,法師,lieyan,standard,1,6,2,2,18012,13722,13889,621.6,9.92,16.8,20.1,3,1,1,2,3,57,561,1537,1808,3907,7061,10937,6253,1263,2280,570,190,,380,,t3_psyward
standard,162,r4,red,adc,射手,liangzi,standard,1,7,6,2,21515,10338,13410,600.2,9.32,17.74,19.76,3,1,1,3,3,300,309,104,1610,3650,5389,11484,6253,655,2850,285,1060,,380,,t3_shieldbreaker|t3_rendspear
standard,162,r5,red,sup,輔助,linghun,standard,1,0,1,6,7145,13520,11826,529.3,6.12,12.6,17.74,4,1,2,4,4,611,764,80,866,4611,7014,11040,6253,285,,1425,585,,380,2111,t3_calmveil
standard,163,b1,blue,top,坦克,ironclad,standard,1,1,0,0,9875,23016,10503,472.8,8.5,13.99,19.02,3,1,2,3,3,450,149,537,573,4000,6299,9567,6253,1204,570,,1235,,304,,t3_calmveil|t3_thornmail
standard,163,b2,blue,jungle,戰士,cinderfist,standard,1,0,1,0,7371,13883,9430,424.5,9.43,16.77,,2,1,1,2,2,411,1062,792,880,4161,6492,8442,6253,367,,,285,1232,304,,t3_shieldbreaker|t3_finalstring
standard,163,b3,blue,mid,法師,shikong,standard,1,1,1,0,13442,13796,9336,420.2,10.69,19.56,,2,0,1,2,2,1485,292,280,536,3745,5892,7830,6253,988,,,285,,304,,t3_psyward
standard,163,b4,blue,adc,射手,shengyan,standard,1,7,6,2,21275,10863,13073,588.4,9.61,16.27,19.86,3,1,1,3,3,332,719,180,1272,3682,6399,10180,6253,772,2280,285,285,,304,,t3_shieldbreaker|t3_rendspear
standard,163,b5,blue,sup,輔助,shiguang,standard,1,1,3,0,5726,17072,11213,504.7,6.12,11.23,15.58,4,1,2,3,4,1444,663,1085,412,5144,7693,10315,6253,125,570,,1235,51,304,1776,t3_calmveil
standard,163,r1,red,top,坦克,ironclad,standard,0,0,0,0,14050,21918,9571,430.8,8.49,15.97,19.6,3,1,1,3,3,360,491,167,240,3910,5791,8717,6253,1152,,,1045,,266,,t3_calmveil|t3_thornmail
standard,163,r2,red,jungle,戰士,cinderfist,standard,0,5,0,0,11291,15513,13207,594.5,8.1,13.87,17.51,4,1,2,3,4,398,884,694,457,4928,7934,11624,6253,579,2280,,95,2150,266,,t3_shieldbreaker|t3_finalstring
standard,163,r3,red,mid,法師,shikong,standard,0,1,3,1,12899,13451,9127,410.8,10.33,19.63,,2,0,1,2,2,1533,66,389,677,3793,5816,8419,6253,1140,570,285,95,,76,,t3_psyward
standard,163,r4,red,adc,射手,shengyan,standard,0,4,6,1,19808,10008,11562,520.4,9.47,18.76,21.68,3,1,1,2,3,357,117,650,782,3707,5797,9550,6253,798,1140,285,807,,266,,t3_shieldbreaker|t3_rendspear
standard,163,r5,red,sup,輔助,shiguang,standard,0,1,1,0,3992,16513,10610,477.6,5.83,10.64,15.55,3,1,2,3,3,601,507,653,1380,4551,7537,9883,6253,509,570,,332,,266,1951,t3_calmveil
standard,164,b1,blue,top,坦克,tieshixin,standard,1,1,2,0,13456,29694,12534,489.3,7.93,13.55,21.07,4,1,2,2,4,390,206,483,683,4040,6456,8213,6253,1238,570,,,,152,,t3_calmveil|t3_thornmail
standard,164,b2,blue,jungle,戰士,chichuan,standard,1,0,4,1,11160,21485,10250,400.1,9.01,16.83,24.33,3,1,1,2,3,885,727,223,649,3985,6207,8103,6253,335,,285,,1077,152,,t3_finalstring|t3_shieldbreaker
standard,164,b3,blue,mid,法師,lieyan,standard,1,2,7,1,15235,17854,11923,465.4,11.07,19.77,23.98,3,0,1,2,3,1523,201,290,322,3783,5531,7640,6253,760,,,475,,152,,t3_psyward
standard,164,b4,blue,adc,射手,mirrorshot,standard,1,4,7,0,20955,13141,11869,463.3,10.55,18.13,23.1,3,0,1,2,3,1522,612,807,1488,3682,5392,8327,6253,639,570,,712,,152,,t3_shieldbreaker|t3_rendspear
standard,164,b5,blue,sup,坦克,tixue,standard,1,0,3,0,5801,24315,11881,463.8,7.63,13.25,17.98,4,1,2,3,4,670,157,1298,520,4570,6957,9978,6253,180,,,712,,152,2680,t3_calmveil|t3_thornmail
standard,164,r1,red,top,坦克,tieshixin,standard,0,2,1,1,10760,23983,11848,462.5,7.45,13.82,20.44,4,1,2,2,4,563,287,2486,198,4213,6537,9776,6253,937,1140,142,855,68,380,,t3_calmveil|t3_thornmail
standard,164,r2,red,jungle,戰士,chichuan,standard,0,6,0,0,15760,17057,14894,581.4,8.94,13.23,17.58,4,1,2,3,4,1066,804,665,2193,4166,8204,11045,6253,519,2280,,380,1232,380,,t3_finalstring|t3_shieldbreaker
standard,164,r3,red,mid,法師,lieyan,standard,0,9,1,3,34272,15281,16767,654.6,9.23,15.93,20.97,5,1,1,2,5,617,1032,450,617,4467,7532,9850,6253,1412,1140,285,380,,380,,t3_psyward
standard,164,r4,red,adc,射手,mirrorshot,standard,0,4,3,6,26199,10319,13816,539.3,9.82,15.36,21.43,4,1,1,2,4,205,1071,1125,916,3555,6871,9705,6253,839,1140,712,380,,380,,t3_shieldbreaker|t3_rendspear
standard,164,r5,red,sup,坦克,tixue,standard,0,2,2,2,7067,22377,13607,531.2,7.34,12.96,19.19,4,1,2,3,4,294,598,339,1407,4494,7258,10319,6253,167,570,,380,,380,2568,t3_calmveil|t3_thornmail
standard,165,b1,blue,top,坦克,tiankong,standard,0,0,3,1,8446,21343,9411,404.3,9.13,17.77,22.23,3,1,1,2,3,119,597,223,961,3669,5297,7273,6253,829,,,190,,0,,t3_calmveil|t3_thornmail
standard,165,b2,blue,jungle,戰士,dadi2,standard,0,0,2,2,7962,17204,10045,431.6,9.26,17.08,22.65,3,1,1,2,3,780,967,437,494,3880,5797,8617,6253,269,,285,427,1128,253,,t3_shieldbreaker|t3_finalstring
standard,165,b3,blue,mid,法師,shikong,standard,0,1,4,0,18554,15295,9180,394.4,11.09,19.48,,2,0,1,2,2,1352,419,4,200,3612,5449,8134,6253,867,570,,190,,253,,t3_psyward
standard,165,b4,blue,adc,射手,hanbing,standard,0,8,6,1,18771,10316,13982,600.7,9.58,17.1,19.02,3,1,1,3,3,272,828,956,2381,3622,6508,10656,6253,807,2280,142,902,17,253,,t3_shieldbreaker|t3_rendspear
standard,165,b5,blue,sup,輔助,mantra,standard,0,0,3,2,4280,18488,10743,461.6,6.5,12.38,17.83,4,1,2,3,4,478,593,182,342,4478,6843,9222,6253,190,,427,190,,0,2161,t3_calmveil
standard,165,r1,red,top,坦克,tiankong,standard,1,3,0,1,12709,18829,12223,525.2,9.01,13.38,20.48,3,1,2,2,3,716,89,2744,2293,3666,6839,9974,6253,680,1140,,1520,,380,,t3_calmveil|t3_thornmail
standard,165,r2,red,jungle,戰士,dadi2,standard,1,4,2,3,10662,16021,12339,530.1,8.98,15.5,18.26,3,1,1,3,3,788,1604,674,988,3888,6254,10704,6253,247,2280,427,95,1021,380,,t3_shieldbreaker|t3_finalstring
standard,165,r3,red,mid,法師,shikong,standard,1,4,3,0,16173,14300,12017,516.3,10.8,18.13,21.89,3,0,1,2,3,1542,425,995,687,3802,6025,9445,6253,1102,1140,,570,,380,,t3_psyward
standard,165,r4,red,adc,射手,hanbing,standard,1,5,4,2,20321,11057,12312,529,10.42,18.39,21.16,3,0,1,2,3,1468,803,1135,1111,3628,6003,9385,6253,709,1140,570,332,,380,,t3_shieldbreaker|t3_rendspear
standard,165,r5,red,sup,輔助,mantra,standard,1,2,0,2,7712,16292,13096,562.7,7.36,12.42,14.59,4,1,3,4,4,301,297,252,1716,4601,7997,10752,6253,338,570,142,1282,,380,1785,t3_calmveil
standard,166,b1,blue,top,坦克,tiebi,standard,0,0,3,0,6362,22124,7920,374.6,8.61,17.1,,2,1,1,2,2,205,658,505,289,3755,5408,7555,6253,826,,,475,,0,,t3_calmveil|t3_thornmail
standard,166,b2,blue,jungle,戰士,langwang,standard,0,0,3,1,5910,15417,8329,394,9.36,17.24,,2,1,1,2,2,670,293,434,799,3770,5723,7964,6253,484,,285,,941,0,,t3_shieldbreaker|t3_finalstring
standard,166,b3,blue,mid,法師,lieyan,standard,0,2,6,1,11834,13767,9022,426.7,9.49,18.08,,2,1,1,2,2,237,273,631,491,4087,5873,8581,6253,665,1140,285,237,,0,,t3_psyward
standard,166,b4,blue,adc,射手,xuanfeng,standard,0,2,7,0,10965,12368,9129,431.8,10.16,18.9,,2,0,1,2,2,1484,92,674,979,3644,5772,8194,6253,658,570,,712,,0,,t3_shieldbreaker|t3_rendspear
standard,166,b5,blue,sup,輔助,huanjing,standard,0,1,4,1,3509,18579,10943,517.6,6.06,11,16.75,4,1,2,3,4,1151,504,1253,543,4551,7234,10293,6253,329,570,,1425,,0,1715,t3_calmveil
standard,166,r1,red,top,坦克,tiebi,standard,1,3,1,2,10860,18048,11944,565,7.7,13.86,17.23,4,1,2,3,4,357,249,1269,694,3907,7479,11199,6253,1130,1710,427,1108,,570,,t3_calmveil|t3_thornmail
standard,166,r2,red,jungle,戰士,langwang,standard,1,3,0,2,8188,11563,11590,548.2,9.13,13.28,18.85,3,1,2,3,3,159,865,995,839,3909,7615,10845,6253,297,1710,427,633,953,570,,t3_shieldbreaker|t3_finalstring
standard,166,r3,red,mid,法師,lieyan,standard,1,3,2,3,17050,12242,11574,547.4,10.38,16.15,,2,0,1,2,2,1504,1266,213,2173,3764,7466,9613,6253,1032,570,712,475,,570,,t3_psyward
standard,166,r4,red,adc,射手,xuanfeng,standard,1,11,2,3,27086,9156,15691,742.2,7.78,15.35,16.8,4,1,1,4,4,344,1590,1308,2470,4344,7270,14528,6253,864,6270,285,475,,380,,t3_shieldbreaker|t3_rendspear
standard,166,r5,red,sup,輔助,huanjing,standard,1,3,0,3,7131,11794,13821,653.7,6.45,13.01,13.01,4,1,3,4,4,301,595,1546,2861,4601,8775,12506,6253,398,1140,712,1108,,570,2323,t3_calmveil
standard,167,b1,blue,top,坦克,shengdun,standard,0,0,1,0,14051,25350,10004,417.7,8.18,15.67,20.72,3,1,1,2,3,247,549,404,413,3897,5949,8134,6253,1235,,,475,,171,,t3_calmveil|t3_thornmail
standard,167,b2,blue,jungle,戰士,jingci,standard,0,0,4,0,9956,17182,9805,409.4,9.7,18.51,,2,1,1,2,2,123,399,755,1574,3923,5879,7855,6253,430,,,,1095,76,,t3_finalstring|t3_shieldbreaker
standard,167,b3,blue,mid,法師,shikong,standard,0,3,7,0,17035,15515,10878,454.2,11.34,17.55,22.6,3,0,1,2,3,1618,59,570,247,3878,6139,8970,6253,931,1140,,475,,171,,t3_psyward
standard,167,b4,blue,adc,射手,phantom,standard,0,4,5,1,17858,12249,11973,499.9,9.13,18.1,22.17,3,1,1,2,3,332,306,1098,1173,3682,5506,8318,6253,753,1140,,,,171,,t3_shieldbreaker|t3_rendspear
standard,167,b5,blue,sup,坦克,dadi,standard,0,0,6,0,9319,23103,10843,452.7,7.32,12.97,17.39,3,1,2,3,3,76,170,405,1262,4576,6970,9505,6253,183,,,475,,171,2422,t3_calmveil|t3_thornmail
standard,167,r1,red,top,坦克,shengdun,standard,1,1,0,2,14590,21695,12607,526.4,8.18,15.34,19.08,4,1,1,3,4,285,1366,353,356,3935,6766,9483,6253,1140,570,285,855,,380,,t3_calmveil|t3_thornmail
standard,167,r2,red,jungle,戰士,jingci,standard,1,5,0,4,18371,17951,14115,589.4,8.98,14.95,20.34,4,1,2,2,4,652,45,2622,815,3752,7145,11222,6253,399,1710,855,380,1244,380,,t3_finalstring|t3_shieldbreaker
standard,167,r3,red,mid,法師,shikong,standard,1,7,3,1,19192,15672,13889,579.9,10.72,16.72,20.11,4,0,1,2,4,1561,722,1280,239,3821,7222,10680,6253,1102,2280,285,380,,380,,t3_psyward
standard,167,r4,red,adc,射手,phantom,standard,1,5,4,1,16948,11966,13158,549.4,9.03,17.1,20.22,4,1,1,2,4,443,558,3139,257,3793,6358,10519,6253,1035,1710,285,855,,380,,t3_shieldbreaker|t3_rendspear
standard,167,r5,red,sup,坦克,dadi,standard,1,5,0,3,10162,21093,14439,602.9,7.41,11.73,15.03,5,1,2,4,5,362,1513,542,838,5162,8753,12142,6253,313,2280,285,380,,380,2250,t3_calmveil|t3_thornmail
standard,168,b1,blue,top,坦克,shiqiang,standard,1,1,1,0,3862,21864,9495,438.7,8.57,16.82,20.14,3,1,1,2,3,757,188,1490,544,3707,5588,8780,6253,722,570,,855,,380,,t3_calmveil|t3_thornmail
standard,168,b2,blue,jungle,戰士,embercoil,standard,1,0,2,0,7938,13957,9275,428.6,8.78,18.58,,2,1,1,2,2,205,862,561,675,4005,6342,8561,6253,418,,,380,1129,380,,t3_finalstring|t3_shieldbreaker
standard,168,b3,blue,mid,法師,xingjie,standard,1,0,4,1,13398,13129,9039,417.7,11.1,19.03,,2,0,1,2,2,1504,311,294,588,3764,5911,8324,6253,1026,,285,380,,380,,t3_psyward
standard,168,b4,blue,adc,射手,yanfeng,standard,1,4,1,0,12292,11033,11034,509.8,9.03,16.71,20.33,3,1,1,2,3,1079,586,1169,513,4429,6386,9749,6253,1026,1710,,380,,380,,t3_shieldbreaker|t3_rendspear
standard,168,b5,blue,sup,坦克,thornwall,standard,1,0,2,0,7004,17536,11374,525.6,7.18,12,16.73,3,1,2,3,3,515,458,680,1394,4715,7698,10660,6253,266,,,1330,,380,2430,t3_calmveil|t3_thornmail
standard,168,r1,red,top,坦克,shiqiang,standard,0,2,0,1,9060,20322,10258,474,9.53,14.85,18.35,3,1,2,3,3,327,168,183,707,4277,6118,9733,6253,817,1140,285,1068,17,152,,t3_calmveil|t3_thornmail
standard,168,r2,red,jungle,戰士,embercoil,standard,0,1,0,1,7507,10521,9631,445,9.39,16.77,,2,1,1,2,2,709,1037,1870,1031,3809,6517,8970,6253,221,570,285,118,1369,152,,t3_finalstring|t3_shieldbreaker
standard,168,r3,red,mid,法師,xingjie,standard,0,3,2,1,14792,12493,10700,494.4,9.91,16.73,,2,1,1,2,2,161,338,775,1299,4011,6538,10175,6253,1181,1710,285,593,,152,,t3_psyward
standard,168,r4,red,adc,射手,yanfeng,standard,0,3,3,2,21484,9413,10329,477.3,10.03,18.49,21.41,3,0,1,2,3,1367,675,909,109,3527,5275,8589,6253,592,570,427,593,,152,,t3_shieldbreaker|t3_rendspear
standard,168,r5,red,sup,坦克,thornwall,standard,0,1,0,1,4809,15924,10971,506.9,7.35,13.65,18.1,3,1,2,3,3,692,316,466,990,4592,7556,10446,6253,228,570,142,475,,152,2625,t3_calmveil|t3_thornmail
standard,169,b1,blue,top,坦克,tiemu,standard,1,0,1,0,9355,23991,9490,401.3,8.93,16.69,20.88,3,1,1,2,3,922,643,378,509,3872,5993,8058,6253,893,,,570,,342,,t3_calmveil|t3_thornmail
standard,169,b2,blue,jungle,戰士,hunpo,standard,1,0,6,0,4890,11031,9670,408.9,10.04,18,,2,0,1,2,2,1761,715,79,889,3971,5945,8109,6253,307,,,95,1111,342,,t3_psyward
standard,169,b3,blue,mid,法師,auralith,standard,1,2,3,0,13198,14720,10956,463.3,10.53,18.53,23.02,3,0,1,2,3,1580,70,80,655,3840,5750,9030,6253,1295,570,,570,,342,,t3_psyward
standard,169,b4,blue,adc,射手,siwang,standard,1,7,6,0,19157,11467,13214,558.7,9.34,17.58,20.09,3,1,1,2,3,452,79,1260,1613,3802,5759,10110,6253,1140,2280,,95,,342,,t3_shieldbreaker|t3_rendspear
standard,169,b5,blue,sup,輔助,shengming,standard,1,0,3,3,7349,21495,12389,523.8,7.33,12.82,17.11,4,1,2,3,4,750,431,1993,938,4750,7461,11033,6253,392,,855,1520,,152,1860,t3_calmveil
standard,169,r1,red,top,坦克,tiemu,standard,0,5,1,1,13112,21776,13199,558.1,8.19,12.73,19.02,4,1,2,3,4,938,299,742,1018,3888,6979,10722,6253,1054,2280,285,570,51,228,,t3_calmveil|t3_thornmail
standard,169,r2,red,jungle,戰士,hunpo,standard,0,2,0,4,11294,11946,12392,524,9.84,16.42,21.13,3,1,1,2,3,541,728,823,892,4341,7128,10123,6253,399,570,855,95,1722,228,,t3_psyward
standard,169,r3,red,mid,法師,auralith,standard,0,1,3,0,12645,14443,10259,433.8,10.39,20.54,,2,0,1,1,2,1485,137,1447,1859,3745,5987,7897,6253,1083,,,332,,228,,t3_psyward
standard,169,r4,red,adc,射手,siwang,standard,0,8,5,2,23381,11008,13819,584.3,9.38,18.04,21.13,3,1,1,2,3,265,205,1549,2018,3615,5585,9499,6253,642,1710,570,95,,228,,t3_shieldbreaker|t3_rendspear
standard,169,r5,red,sup,輔助,shengming,standard,0,3,0,2,6278,15733,13436,568.1,6.83,12.64,13.9,5,1,3,4,5,194,443,488,235,4494,8603,11938,6253,506,1710,285,1282,,228,1672,t3_calmveil
standard,170,b1,blue,top,坦克,dadi,standard,1,3,1,0,17236,32629,14166,491,8.27,14.32,21.72,5,1,2,2,5,657,412,915,515,3607,6362,8205,6253,660,570,,190,,532,,t3_calmveil|t3_thornmail
standard,170,b2,blue,jungle,戰士,leimingcf,standard,1,2,1,0,12056,14486,13210,457.9,8.82,15.61,20.77,3,1,1,2,3,660,1845,781,2179,4460,7325,9381,6253,408,1140,,190,857,532,,t3_finalstring|t3_shieldbreaker
standard,170,b3,blue,mid,法師,xingjie,standard,1,9,1,2,38178,18382,19212,665.9,10.75,16.69,20.27,4,0,1,2,4,1713,585,1077,4981,3973,6785,10477,6253,1317,1140,95,1140,,532,,t3_psyward
standard,170,b4,blue,adc,射手,maestro,standard,1,16,6,5,63824,15662,21349,740,9.44,17.28,18.83,5,1,1,3,5,737,833,515,5749,4087,6633,11665,6253,557,2850,807,665,,532,,t3_shieldbreaker|t3_rendspear
standard,170,b5,blue,sup,坦克,shiqiang,standard,1,1,0,3,10387,28149,14919,517.1,6.77,11.2,17.15,5,1,2,3,5,850,910,1221,1319,5300,8150,11201,6253,552,570,237,665,,532,2390,t3_calmveil|t3_thornmail
standard,170,r1,red,top,坦克,dadi,standard,0,0,2,2,14451,40029,12423,430.6,8.99,16.63,20.76,4,1,1,2,4,76,438,328,572,3726,5588,8058,6253,1045,,285,475,,0,,t3_calmveil|t3_thornmail
standard,170,r2,red,jungle,戰士,leimingcf,standard,0,1,5,0,10203,24978,11905,412.7,9.17,17.53,22.99,3,1,1,2,3,68,543,1232,505,4168,6023,8512,6253,285,570,,,1403,0,,t3_finalstring|t3_shieldbreaker
standard,170,r3,red,mid,法師,xingjie,standard,0,1,9,0,25378,18396,12024,416.8,10.78,20.86,25.68,3,0,1,1,3,1314,586,1104,473,3574,5436,7184,6253,931,,,,,0,,t3_psyward
standard,170,r4,red,adc,射手,maestro,standard,0,7,11,1,30621,16920,16061,556.7,8.38,17.33,21.94,4,1,1,2,4,813,548,132,2511,4163,6348,7982,6253,684,570,,475,,0,,t3_shieldbreaker|t3_rendspear
standard,170,r5,red,sup,坦克,shiqiang,standard,0,0,4,1,6756,32289,11877,411.7,6.66,13.45,19.2,4,1,2,3,4,439,476,276,516,4639,6976,8776,6253,361,,,,,0,2161,t3_calmveil|t3_thornmail
standard,171,b1,blue,top,坦克,tixue,standard,0,0,3,0,10512,27810,9732,391.4,8.38,16.83,21.34,3,1,1,2,3,710,220,564,141,3660,5370,7114,6253,750,,,,34,76,,t3_calmveil|t3_thornmail
standard,171,b2,blue,jungle,刺客,jiansheng,standard,0,0,7,0,5046,11730,9406,378.3,8.72,18.12,,2,1,1,2,2,571,505,309,1276,3771,5835,7609,6253,373,,,,906,76,,t3_finalstring
standard,171,b3,blue,mid,法師,auralith,standard,0,2,7,0,16354,16222,11066,445,11.33,16.3,20.72,3,0,1,2,3,1514,521,1256,135,3774,6301,9436,6253,1016,1140,,950,,76,,t3_psyward
standard,171,b4,blue,adc,射手,liuxing,standard,0,6,9,0,25837,14305,12560,505.1,10.83,18.38,22.92,3,0,1,2,3,1417,125,306,1580,3577,5325,8156,6253,782,570,,475,,76,,t3_shieldbreaker|t3_rendspear
standard,171,b5,blue,sup,坦克,stoneguard,standard,0,0,2,0,4955,22293,12333,496,7.7,12.94,18.25,4,1,2,3,4,756,231,478,973,4656,7031,9278,6253,345,,,,51,76,2552,t3_calmveil|t3_thornmail
standard,171,r1,red,top,坦克,tixue,standard,1,3,0,1,11424,21637,12662,509.2,10.45,14.01,19.03,4,0,2,3,4,2590,89,1075,411,4220,6339,10025,6253,864,1710,285,380,,532,,t3_calmveil|t3_thornmail
standard,171,r2,red,jungle,刺客,jiansheng,standard,1,3,2,1,9204,11520,12928,519.9,8.6,15.83,20.49,3,1,1,2,3,352,1385,1207,2047,4252,6715,9637,6253,275,570,285,380,1341,532,,t3_finalstring
standard,171,r3,red,mid,法師,auralith,standard,1,10,2,0,23844,15881,16908,680,10.76,17.31,19.91,5,0,1,3,5,1637,76,134,758,3897,6576,10984,6253,1064,2280,,855,,532,,t3_psyward
standard,171,r4,red,adc,射手,liuxing,standard,1,11,4,1,31481,13246,16506,663.8,7.53,13.01,18.37,4,1,2,3,4,78,986,648,2655,4378,8786,11798,6253,927,3420,285,380,,532,,t3_shieldbreaker|t3_rendspear
standard,171,r5,red,sup,坦克,stoneguard,standard,1,1,0,4,7252,23345,14388,578.6,7.24,11.56,15.79,5,1,2,3,5,228,794,1258,787,4728,8034,11238,6253,478,570,570,380,,532,2454,t3_calmveil|t3_thornmail
standard,172,b1,blue,top,坦克,suishan,standard,0,2,4,0,6120,27126,9866,423.4,9.25,16.88,19.74,3,1,1,3,3,770,399,92,335,3720,5449,8242,6253,943,570,,475,,0,,t3_calmveil|t3_thornmail
standard,172,b2,blue,jungle,刺客,youming,standard,0,0,5,0,3033,10276,9236,396.4,9.38,17.69,,2,1,1,2,2,697,178,483,1155,3897,5758,7733,6253,228,,,,1251,0,,t3_finalstring
standard,172,b3,blue,mid,法師,xingjie,standard,0,0,7,1,12013,15220,8979,385.4,11.57,21.83,,2,0,1,1,2,1390,362,685,729,3650,5512,7165,6253,912,,,,,0,,t3_psyward
standard,172,b4,blue,adc,射手,shensheng,standard,0,5,3,1,16179,11396,11611,498.3,9.57,18.77,21.88,3,1,1,2,3,300,360,1494,630,3650,5560,8714,6253,798,1140,285,237,,0,,t3_shieldbreaker|t3_rendspear
standard,172,b5,blue,sup,輔助,mingyunyindao,standard,0,0,4,2,5459,18798,10335,443.6,6.44,12.24,18.08,3,1,2,3,3,192,464,441,1295,4492,6944,8901,6253,234,,285,237,17,0,1874,t3_calmveil
standard,172,r1,red,top,坦克,suishan,standard,1,4,0,1,11408,19324,12622,541.7,7.89,15,18.25,4,1,2,3,4,376,270,403,1372,3926,6120,10333,6253,1092,1710,285,403,,589,,t3_calmveil|t3_thornmail
standard,172,r2,red,jungle,刺客,youming,standard,1,2,2,2,9349,10094,11960,513.3,8.81,15.09,19.74,3,1,1,3,3,641,1379,256,879,3841,6959,9906,6253,231,570,570,403,1289,589,,t3_finalstring
standard,172,r3,red,mid,法師,xingjie,standard,1,3,3,0,17297,14909,11772,505.2,9.83,16.75,22.81,3,1,1,2,3,85,171,351,342,3935,6671,9331,6253,1159,570,,760,,589,,t3_psyward
standard,172,r4,red,adc,射手,shensheng,standard,1,14,1,0,30557,9576,17154,736.2,8.44,16.27,19.4,5,1,1,3,5,87,1029,1480,1553,4087,6709,12860,6253,484,5130,,403,,589,,t3_shieldbreaker|t3_rendspear
standard,172,r5,red,sup,輔助,mingyunyindao,standard,1,0,1,2,3775,13075,12226,524.7,5.83,12.46,16.27,4,1,2,3,4,1217,509,1234,776,4617,7539,9814,6253,376,,570,403,,304,1906,t3_calmveil
standard,173,b1,blue,top,戰士,greymantle,standard,0,3,2,0,11902,23019,10147,438.3,9.53,16.71,,2,1,1,2,2,443,184,301,1547,3593,5664,8001,6253,627,570,,285,,266,,t3_shieldbreaker|t3_finalstring
standard,173,b2,blue,jungle,刺客,yueying,standard,0,1,2,0,8066,11467,10245,442.5,8.84,15.36,22.23,3,1,1,2,3,833,1687,790,594,4033,6617,8520,6253,345,,,285,1181,456,,t3_finalstring
standard,173,b3,blue,mid,法師,gambler,standard,0,5,5,1,16913,13470,12779,552,10.21,17.58,21.45,3,0,1,2,3,1659,390,1772,298,3919,6320,10272,6253,1092,1710,,760,,456,,t3_psyward
standard,173,b4,blue,adc,射手,liangzicz,standard,0,9,7,0,22247,11697,14055,607.1,8.95,16.32,20.91,3,1,1,2,3,446,1080,1831,2255,3796,6760,10731,6253,931,2850,,285,51,361,,t3_shieldbreaker|t3_rendspear
standard,173,b5,blue,sup,輔助,mingyun,standard,0,0,2,3,6952,17104,11921,515,7.35,12.82,15.98,4,1,2,3,4,409,351,1847,1041,4709,7381,10307,6253,310,,285,1235,,361,1862,t3_calmveil
standard,173,r1,red,top,戰士,greymantle,standard,1,6,1,0,16137,28805,13352,576.8,8.68,14.75,19.77,3,1,2,3,3,570,245,347,1951,3720,7045,10427,6253,848,1710,,1425,,190,,t3_shieldbreaker|t3_finalstring
standard,173,r2,red,jungle,刺客,yueying,standard,1,0,3,2,8526,12075,10176,439.6,8.86,15.71,22.78,3,1,1,2,3,769,1154,506,526,3969,6734,8836,6253,370,,570,158,1293,190,,t3_finalstring
standard,173,r3,red,mid,法師,gambler,standard,1,3,4,1,12927,14315,10448,451.3,10.58,19.09,,2,0,1,2,2,1485,501,214,1047,3745,5651,8064,6253,893,570,,158,,190,,t3_psyward
standard,173,r4,red,adc,射手,liangzicz,standard,1,9,9,0,16216,11960,13548,585.2,9.19,16.31,20.4,3,1,1,2,3,927,1086,1818,1748,4277,6766,10718,6253,886,3420,,158,,0,,t3_shieldbreaker|t3_rendspear
standard,173,r5,red,sup,輔助,mingyun,standard,1,0,1,4,4952,19201,12989,561.1,5.86,12.6,16.45,4,1,2,4,4,241,269,228,1538,4541,7299,10928,6253,345,,285,1900,,190,1955,t3_calmveil
standard,174,b1,blue,top,戰士,ravager,standard,0,3,0,2,16781,23979,11555,508.8,9.32,16.74,20.66,3,1,1,2,3,443,923,507,104,3593,6453,9157,6253,779,570,285,965,,304,,t3_shieldbreaker|t3_finalstring
standard,174,b2,blue,jungle,刺客,yeiren,standard,0,0,2,3,8844,11340,9569,421.4,8.57,16.08,,2,1,1,2,2,620,808,322,1188,3820,6438,8402,6253,174,,427,95,1147,304,,t3_finalstring
standard,174,b3,blue,mid,法師,ronghuo,standard,0,5,2,0,17179,13506,11853,522,10.68,17.34,20.91,3,0,1,2,3,1403,342,952,1302,3663,6542,9702,6253,893,1710,,490,51,304,,t3_psyward
standard,174,b4,blue,adc,射手,xingchen,standard,0,10,5,0,21024,10662,14766,650.2,10.16,16.07,18.97,4,0,1,3,4,1405,944,1141,915,3565,6624,11621,6253,598,3420,,1045,,304,,t3_shieldbreaker|t3_rendspear
standard,174,b5,blue,sup,坦克,tixue,standard,0,1,1,2,5240,15137,11389,501.5,6.57,13.7,16.96,3,1,2,3,3,1020,740,1036,1409,4620,7980,10236,6253,329,570,142,253,,304,2383,t3_calmveil|t3_thornmail
standard,174,r1,red,top,戰士,ravager,standard,1,0,1,1,11629,21697,9949,438.1,8.98,19.27,22.63,3,1,1,2,3,405,468,806,299,3555,5398,8856,6253,665,,285,1425,,228,,t3_shieldbreaker|t3_finalstring
standard,174,r2,red,jungle,刺客,yeiren,standard,1,2,3,1,9067,13571,11007,484.7,9.02,14.77,21.17,3,1,2,2,3,788,328,1383,1007,3988,7028,9763,6253,316,1140,285,,1540,228,,t3_finalstring
standard,174,r3,red,mid,法師,ronghuo,standard,1,1,5,1,15195,13267,10025,441.5,11.67,19.33,,2,0,1,2,2,1523,252,907,625,3783,5702,8457,6253,1026,570,142,237,,228,,t3_psyward
standard,174,r4,red,adc,射手,xingchen,standard,1,6,8,0,13150,10796,12239,539,10.38,17.74,21.19,3,0,1,2,3,1937,716,924,1288,4097,6396,9474,6253,807,1710,,475,,228,,t3_shieldbreaker|t3_rendspear
standard,174,r5,red,sup,坦克,tixue,standard,1,1,2,1,7661,22877,11295,497.4,7.16,13.41,17.65,4,1,2,3,4,180,1095,440,395,4630,7575,10240,6253,224,570,142,237,51,228,2533,t3_calmveil|t3_thornmail
standard,175,b1,blue,top,戰士,dadi2,standard,1,7,0,0,9332,28631,15133,615.6,8.66,15.58,18.42,4,1,1,3,4,519,1229,452,1682,3669,6709,10952,6253,874,2850,,570,,405,,t3_shieldbreaker|t3_finalstring
standard,175,b2,blue,jungle,刺客,duskblade,standard,1,1,5,2,7194,13517,11142,453.2,9.51,17.01,22.04,3,1,1,2,3,833,423,324,711,4033,6003,8654,6253,247,570,142,95,1194,152,,t3_finalstring
standard,175,b3,blue,mid,法師,gambler,standard,1,4,2,3,18562,13552,13028,529.9,11.08,18.48,23.13,3,0,1,2,3,1428,286,300,547,3688,5886,8800,6253,855,570,570,95,51,405,,t3_psyward
standard,175,b4,blue,adc,射手,liangzi,standard,1,3,8,1,21913,11656,11924,485,9.63,18.88,22.1,3,1,1,2,3,308,368,225,1143,3658,5748,8775,6253,959,570,,570,17,405,,t3_shieldbreaker|t3_rendspear
standard,175,b5,blue,sup,輔助,linghun,standard,1,1,2,2,5074,16679,13496,549,6.63,11.26,15.45,4,1,2,3,4,1219,524,513,2046,5219,7554,9553,6253,370,570,142,95,51,152,1918,t3_calmveil
standard,175,r1,red,top,戰士,dadi2,standard,0,9,1,0,15404,26855,15108,614.5,8.64,13.72,17.15,4,1,2,3,4,9,577,1304,1657,5009,8277,12704,6253,1035,4560,,665,,190,,t3_shieldbreaker|t3_finalstring
standard,175,r2,red,jungle,刺客,duskblade,standard,0,2,5,1,7067,12967,11124,452.5,8.65,16.46,22.37,3,1,1,2,3,889,578,970,44,4089,6158,9300,6253,145,1140,285,190,1285,0,,t3_finalstring
standard,175,r3,red,mid,法師,gambler,standard,0,1,3,1,14141,13575,11213,456.1,10.43,19.11,,2,0,1,2,2,1457,382,361,1812,3717,6282,8391,6253,997,,285,665,,190,,t3_psyward
standard,175,r4,red,adc,射手,liangzi,standard,0,4,5,0,19794,10245,10871,442.2,9.09,18.47,23.86,3,1,1,2,3,604,326,320,870,3954,6006,7640,6253,437,570,,190,,190,,t3_shieldbreaker|t3_rendspear
standard,175,r5,red,sup,輔助,linghun,standard,0,1,2,2,5495,18498,12112,492.7,6.23,11.54,15.25,4,1,2,3,4,525,351,868,662,4525,7381,9908,6253,234,570,570,190,,190,1900,t3_calmveil
standard,176,b1,blue,top,戰士,ronggang,standard,0,0,3,0,5091,31322,10525,432.7,9.5,18.83,21.58,3,1,1,2,3,595,380,2294,145,3745,5560,9094,6253,788,,,1900,,152,,t3_shieldbreaker|t3_finalstring
standard,176,b2,blue,jungle,刺客,binghe,standard,0,1,7,0,8303,13282,9917,407.7,9.13,16.63,24.23,3,1,1,2,3,627,434,616,167,3827,5714,8046,6253,351,570,,,719,152,,t3_finalstring
standard,176,b3,blue,mid,法師,ronghuo,standard,0,3,1,2,16706,13765,11409,469,10.11,17.58,22.98,3,0,1,2,3,1849,88,250,278,4109,5838,8850,6253,1114,570,285,475,,152,,t3_psyward
standard,176,b4,blue,adc,射手,shengyan,standard,0,7,5,1,18771,10748,14491,595.7,9.07,14.84,20.84,4,1,2,2,4,817,169,948,1590,4167,7169,9848,6253,1064,1710,142,475,51,152,,t3_shieldbreaker|t3_rendspear
standard,176,b5,blue,sup,輔助,shiguang,standard,0,1,2,1,7659,18714,10912,448.6,5.93,11.28,16.83,3,1,2,3,3,404,465,964,1872,5254,7495,9424,6253,443,570,142,,,152,1862,t3_calmveil
standard,176,r1,red,top,戰士,ronggang,standard,1,6,0,0,15632,25997,13752,565.4,9.45,14.9,18.63,3,1,2,3,3,595,198,617,2352,3745,7298,11117,6253,1045,2850,,475,,494,,t3_shieldbreaker|t3_finalstring
standard,176,r2,red,jungle,刺客,binghe,standard,1,3,4,2,6200,13204,12796,526,7.87,14.84,18.98,4,1,2,3,4,865,105,1176,45,4065,7235,11126,6253,171,1710,570,475,1547,399,,t3_finalstring
standard,176,r3,red,mid,法師,ronghuo,standard,1,2,3,0,18354,13951,11254,462.6,11.71,19.83,,2,0,1,2,2,1371,638,423,1853,3631,5968,7973,6253,845,,,475,,399,,t3_psyward
standard,176,r4,red,adc,射手,shengyan,standard,1,6,5,1,23523,10854,13714,563.8,10.88,19.02,21.63,3,0,1,2,3,1338,307,1027,1914,3498,5987,8647,6253,665,,285,950,,494,,t3_shieldbreaker|t3_rendspear
standard,176,r5,red,sup,輔助,shiguang,standard,1,1,0,2,5165,14216,14016,576.2,6.52,12.01,15.31,4,1,2,3,4,202,1087,1695,2566,4502,7637,10735,6253,199,570,285,475,14,494,2444,t3_calmveil
standard,177,b1,blue,top,戰士,jingci,standard,0,2,1,0,9172,22057,9454,463.8,6.92,15.98,,2,1,1,2,2,274,1217,1051,1174,4904,6747,9331,6253,817,1140,,950,,171,,t3_shieldbreaker|t3_finalstring
standard,177,b2,blue,jungle,刺客,shanying,standard,0,1,4,0,4107,11664,8655,424.6,8.46,16.06,,2,1,1,2,2,691,849,368,525,3891,6479,8498,6253,563,570,,,940,171,,t3_finalstring
standard,177,b3,blue,mid,法師,gambler,standard,0,0,1,0,9523,11785,7896,387.4,10.48,19.95,,2,0,1,2,2,1561,311,223,346,3821,5911,7773,6253,1349,,,,,171,,t3_psyward
standard,177,b4,blue,adc,射手,mirrorshot,standard,0,0,4,0,8384,7905,7744,379.9,8.91,19.36,,2,1,1,2,2,652,537,301,424,4002,5617,7621,6253,1054,,,237,,76,,t3_shieldbreaker|t3_rendspear
standard,177,b5,blue,sup,坦克,dadi,standard,0,0,0,0,2773,16808,10900,534.7,6.35,12.94,17.93,3,1,2,3,3,455,265,397,519,4655,7505,10777,6253,243,,,1662,51,171,2395,t3_calmveil|t3_thornmail
standard,177,r1,red,top,戰士,jingci,standard,1,1,0,0,9682,20780,10230,501.9,8.4,17.08,,2,1,1,2,2,659,417,1849,2180,3809,5947,9899,6253,934,570,,1710,51,380,,t3_shieldbreaker|t3_finalstring
standard,177,r2,red,jungle,刺客,shanying,standard,1,0,0,2,2796,6927,9033,443.2,9.03,16.68,,2,1,1,2,2,577,263,2013,2333,3777,5893,8713,6253,250,,427,285,1117,380,,t3_finalstring
standard,177,r3,red,mid,法師,gambler,standard,1,1,1,0,13519,9626,9745,478.1,10.43,18.52,,2,0,1,2,2,1517,397,127,345,3777,6297,9527,6253,1089,570,,1235,,380,,t3_psyward
standard,177,r4,red,adc,射手,mirrorshot,standard,1,5,1,1,11809,6746,11500,564.2,11.91,14.13,18.46,3,0,2,3,3,2032,377,382,599,4192,7377,11282,6253,896,2850,142,760,,380,,t3_shieldbreaker|t3_rendspear
standard,177,r5,red,sup,坦克,dadi,standard,1,3,1,2,4643,16986,11249,551.9,6.93,12.33,15.79,3,1,2,3,3,85,1017,1051,1269,4585,8257,11031,6253,326,1710,285,285,,380,1792,t3_calmveil|t3_thornmail
standard,178,b1,blue,top,戰士,longyi,standard,1,3,0,0,12798,28263,11541,467.3,7.18,13.54,22.73,3,1,2,2,3,440,313,485,511,4290,7463,9135,6253,810,1140,,665,,266,,t3_shieldbreaker|t3_finalstring
standard,178,b2,blue,jungle,刺客,dianguang,standard,1,0,3,1,6406,13919,10028,406,8.57,17.38,24.46,3,1,1,2,3,636,1015,121,327,3836,6165,8201,6253,316,,285,190,890,266,,t3_finalstring
standard,178,b3,blue,mid,法師,ronghuo,standard,1,3,5,1,16091,15665,11009,445.7,11.15,19.89,24.08,3,0,1,2,3,1498,208,312,459,3758,5658,7862,6253,772,570,,190,,76,,t3_psyward
standard,178,b4,blue,adc,射手,hanbing,standard,1,6,7,0,24521,10892,12555,508.3,10.44,19.45,22.75,3,0,1,2,3,1509,483,317,1174,3669,5683,7317,6253,608,,,190,,266,,t3_shieldbreaker|t3_rendspear
standard,178,b5,blue,sup,坦克,ironclad,standard,1,2,3,0,7740,23211,12922,523.2,6.65,12.38,16.21,4,1,2,3,4,747,438,464,721,5247,7678,9844,6253,228,1140,,190,,266,1767,t3_calmveil|t3_thornmail
standard,178,r1,red,top,戰士,longyi,standard,0,3,1,0,14489,25170,11915,482.4,9.45,16.39,21.44,3,1,1,2,3,576,742,320,464,3726,6272,8970,6253,1026,1140,,475,,76,,t3_shieldbreaker|t3_finalstring
standard,178,r2,red,jungle,刺客,dianguang,standard,0,7,5,0,10403,14388,14069,569.6,8.75,15.92,18.77,4,1,1,3,4,9,1185,512,1568,4209,6815,10512,6253,209,2280,,,1694,76,,t3_finalstring
standard,178,r3,red,mid,法師,ronghuo,standard,0,2,2,3,22042,14023,11924,482.8,11.25,16.77,22.89,3,0,1,2,3,1409,177,537,494,3669,6377,9037,6253,950,570,712,475,,76,,t3_psyward
standard,178,r4,red,adc,射手,hanbing,standard,0,6,5,1,16795,9993,12684,513.5,10.11,18.61,22.58,3,0,1,2,3,1272,936,327,884,3432,6016,8277,6253,522,1140,285,,,76,,t3_shieldbreaker|t3_rendspear
standard,178,r5,red,sup,坦克,ironclad,standard,0,0,1,4,8059,23437,12447,503.9,7.08,13.05,17.33,4,1,2,3,4,335,344,168,866,4535,7584,10148,6253,294,,427,475,,76,2622,t3_calmveil|t3_thornmail
standard,179,b1,blue,top,戰士,chichuan,standard,0,0,1,0,9428,23339,8795,405.6,8.84,17.45,,2,1,1,2,2,69,1054,470,565,3869,6054,8220,6253,921,,,950,,95,,t3_shieldbreaker|t3_finalstring
standard,179,b2,blue,jungle,刺客,wuxing,standard,0,2,4,0,5134,11392,9625,443.9,8.46,16.75,,2,1,1,2,2,709,1388,829,1545,3909,6318,8909,6253,171,1140,,,1249,95,,t3_finalstring
standard,179,b3,blue,mid,法師,haixiao,standard,0,3,7,0,7694,12692,9736,449,10.15,18.3,,2,0,1,2,2,1827,347,598,655,4087,5797,8628,6253,760,1140,,475,,0,,t3_psyward
standard,179,b4,blue,adc,射手,xuanfeng,standard,0,1,9,1,10062,9891,8748,403.4,10.01,19.61,,2,0,1,2,2,1737,227,244,1127,3897,5607,7564,6253,931,,285,,,95,,t3_shieldbreaker|t3_rendspear
standard,179,b5,blue,sup,輔助,xuemai,standard,0,0,2,1,5146,16094,11229,517.8,6.32,12.52,16.88,3,1,2,3,3,311,317,521,2188,4611,7347,8981,6253,218,,,475,,95,1939,t3_calmveil
standard,179,r1,red,top,戰士,chichuan,standard,1,5,0,0,13287,20915,12827,591.5,8.5,15.36,19.43,4,1,1,3,4,538,1527,1138,326,3688,7007,12118,6253,924,2850,,1615,,475,,t3_shieldbreaker|t3_finalstring
standard,179,r2,red,jungle,刺客,wuxing,standard,1,1,0,4,8882,10022,11353,523.6,8.25,13.5,19.63,3,1,2,3,3,432,760,338,1222,4282,7410,10468,6253,190,570,1140,190,1649,475,,t3_finalstring
standard,179,r3,red,mid,法師,haixiao,standard,1,8,2,0,15946,13393,13849,638.7,8.53,15.31,19.71,3,1,1,3,3,598,1159,177,1949,4448,7659,11507,6253,1121,2850,,902,,380,,t3_psyward
standard,179,r4,red,adc,射手,xuanfeng,standard,1,6,4,0,9955,7837,12111,558.5,8.06,15.16,19.73,3,1,1,3,3,813,1324,300,1210,4163,7004,10300,6253,864,2280,,427,,475,,t3_shieldbreaker|t3_rendspear
standard,179,r5,red,sup,輔助,xuemai,standard,1,3,0,0,4880,12058,12600,581.1,7.08,12.5,14.34,4,1,3,4,4,544,436,184,1150,4544,8436,10884,6253,319,1140,,665,,475,2031,t3_calmveil
standard,180,b1,blue,top,戰士,dushe,standard,1,3,3,1,18548,31119,12223,484.9,8.46,17.95,22.17,3,1,1,2,3,690,546,760,1372,3840,6076,9040,6253,848,1140,,285,,513,,t3_shieldbreaker|t3_finalstring
standard,180,b2,blue,jungle,刺客,voidrift,standard,1,1,5,1,11795,11984,11284,447.6,9.38,17.49,21.73,3,1,1,2,3,731,1435,507,404,3931,6285,8637,6253,497,,285,285,803,513,,t3_finalstring
standard,180,b3,blue,mid,法師,leiming,standard,1,3,4,0,24258,15330,12090,479.6,10.63,18.39,23.58,3,0,1,2,3,1400,584,510,489,3660,6484,8840,6253,744,1140,,285,,418,,t3_psyward
standard,180,b4,blue,adc,射手,phantom,standard,1,7,9,1,18263,12275,13559,537.9,9.07,17.84,21.21,3,1,1,2,3,319,155,906,1959,3669,5835,8856,6253,570,1140,285,285,,323,,t3_shieldbreaker|t3_rendspear
standard,180,b5,blue,sup,坦克,longji,standard,1,1,3,1,7139,26335,13608,539.8,6.73,12.83,16.34,4,1,2,3,4,447,819,764,1808,5247,8059,10264,6253,228,570,,285,,513,2414,t3_calmveil|t3_thornmail
standard,180,r1,red,top,戰士,dushe,standard,0,6,1,0,18933,30319,13924,552.4,8.53,15.54,20.52,4,1,1,2,4,199,926,1084,423,4049,6456,9734,6253,1244,1710,,475,51,0,,t3_shieldbreaker|t3_finalstring
standard,180,r2,red,jungle,刺客,voidrift,standard,0,1,1,1,10618,13624,11397,452.1,8.48,16.13,23.68,3,1,1,2,3,464,1388,134,747,4364,6368,8214,6253,266,,,,1695,0,,t3_finalstring
standard,180,r3,red,mid,法師,leiming,standard,0,5,2,2,26562,15547,13569,538.3,9.96,16.92,22.14,3,1,1,2,3,114,319,480,1088,3964,6519,8980,6253,1444,570,,712,,0,,t3_psyward
standard,180,r4,red,adc,射手,phantom,standard,0,11,8,1,24422,13399,15912,631.2,9.77,16.77,20.17,4,1,1,2,4,414,269,1609,2061,3764,5949,10509,6253,931,2850,,475,,0,,t3_shieldbreaker|t3_rendspear
standard,180,r5,red,sup,坦克,longji,standard,0,1,3,5,8521,25680,13163,522.2,7.93,13.33,18.73,4,1,2,3,4,352,219,274,963,4552,6879,9654,6253,256,,285,237,17,0,2604,t3_calmveil|t3_thornmail
standard,181,b1,blue,top,戰士,fengbao,standard,0,0,2,0,9336,24665,9552,422,8.31,18.65,,2,1,1,2,2,576,602,341,1321,3726,6082,8571,6253,969,,,1045,,304,,t3_shieldbreaker|t3_finalstring
standard,181,b2,blue,jungle,戰士,hunpo,standard,0,1,5,1,5522,9823,9995,441.6,10.13,20.45,,2,0,1,1,2,1715,817,2299,645,3925,6097,8749,6253,380,570,,95,1146,304,,t3_psyward
standard,181,b3,blue,mid,法師,haixiao,standard,0,1,5,0,12989,14148,9286,410.3,10.57,19.89,,2,0,1,2,2,1580,411,309,285,3840,5721,7659,6253,1007,,,95,,304,,t3_psyward
standard,181,b4,blue,adc,射手,yanfeng,standard,0,5,5,0,11504,8947,11728,518.2,10.13,16.67,21.24,3,0,1,2,3,1474,457,802,1077,3634,6137,9652,6253,763,1710,,570,51,304,,t3_shieldbreaker|t3_rendspear
standard,181,b5,blue,sup,坦克,thornwall,standard,0,1,0,0,5231,20892,12153,536.9,6.88,12.86,18.34,4,1,2,3,4,306,520,253,452,4706,7100,10533,6253,262,,,1045,51,304,2616,t3_calmveil|t3_thornmail
standard,181,r1,red,top,戰士,fengbao,standard,1,4,1,0,8069,19905,12053,532.5,9.4,16.98,18.98,3,1,1,3,3,472,897,590,1253,3622,6377,10490,6253,921,1710,,1377,,228,,t3_shieldbreaker|t3_finalstring
standard,181,r2,red,jungle,戰士,hunpo,standard,1,1,1,1,8487,10761,10757,475.3,10.15,17.34,,2,0,1,2,2,1820,356,1159,1407,4030,6806,9139,6253,313,,285,427,1631,228,,t3_psyward
standard,181,r3,red,mid,法師,haixiao,standard,1,1,3,0,16284,13550,9203,406.6,10.2,19.31,,2,0,1,2,2,1580,600,379,223,3840,6500,8229,6253,988,570,,190,,228,,t3_psyward
standard,181,r4,red,adc,射手,yanfeng,standard,1,9,2,2,21241,6953,14764,652.3,9.72,14.58,18.89,4,1,2,3,4,303,263,1731,1543,3653,7263,12631,6253,924,3990,570,665,,228,,t3_shieldbreaker|t3_rendspear
standard,181,r5,red,sup,坦克,thornwall,standard,1,2,1,1,5818,16185,13304,587.8,7.14,11.32,17.39,4,1,2,3,4,113,1104,2152,1204,4513,8284,12032,6253,196,1140,,1615,51,228,2547,t3_calmveil|t3_thornmail
standard,182,b1,blue,top,戰士,rongyan,standard,0,0,3,0,9177,24416,9208,397.2,9.46,19.44,,2,1,1,2,2,557,275,398,977,3707,5455,7678,6253,874,,,475,,76,,t3_shieldbreaker|t3_finalstring
standard,182,b2,blue,jungle,戰士,leimingcf,standard,0,0,3,0,7939,17997,9177,395.8,8.71,16.99,,2,1,1,2,2,1002,1158,490,996,4102,6108,8020,6253,630,,,,1060,76,,t3_shieldbreaker|t3_finalstring
standard,182,b3,blue,mid,法師,leiming,standard,0,2,4,1,18008,15302,9816,423.4,10.72,18.13,,2,0,1,2,2,1561,201,304,535,3821,5531,8134,6253,950,570,285,,,76,,t3_psyward
standard,182,b4,blue,adc,射手,siwang,standard,0,7,9,0,16038,11064,12108,522.3,7.83,17.46,21.48,3,1,1,2,3,826,449,1075,1158,4176,5829,9325,6253,715,2280,,,,76,,t3_shieldbreaker|t3_rendspear
standard,182,b5,blue,sup,輔助,shengming,standard,0,0,6,2,6440,18904,11477,495.1,6.99,12.58,16.13,4,1,2,3,4,1223,315,836,597,4623,7345,9416,6253,212,,,950,,76,1924,t3_calmveil
standard,182,r1,red,top,戰士,rongyan,standard,1,10,0,0,13592,21716,16808,725,8.51,14.49,17.48,4,1,2,3,4,177,175,2586,3357,4277,6975,13986,6253,950,4560,,1710,,513,,t3_shieldbreaker|t3_finalstring
standard,182,r2,red,jungle,戰士,leimingcf,standard,1,4,0,2,18675,15938,13275,572.6,8.81,15.24,18.65,4,1,1,3,4,415,2014,839,524,4165,7444,10689,6253,484,1140,427,285,1585,513,,t3_shieldbreaker|t3_finalstring
standard,182,r3,red,mid,法師,leiming,standard,1,1,2,0,16459,14763,10538,454.5,9.98,18.59,,2,1,1,2,2,47,471,235,1137,3897,6671,8685,6253,1159,,,760,,513,,t3_psyward
standard,182,r4,red,adc,射手,siwang,standard,1,8,6,1,21260,10402,13245,571.3,10.35,17.67,20.39,3,0,1,2,3,1414,445,1049,1445,3574,5645,9949,6253,570,2280,142,285,,418,,t3_shieldbreaker|t3_rendspear
standard,182,r5,red,sup,輔助,shengming,standard,1,2,1,5,6617,16263,12975,559.7,7.65,12.49,14.73,4,1,3,4,4,201,249,113,1595,4801,7949,10913,6253,370,570,855,760,,323,1781,t3_calmveil
standard,183,b1,blue,top,戰士,embercoil,standard,1,3,3,1,21379,35970,12036,456.8,9.02,16.39,22.93,3,1,1,2,3,633,849,261,1056,3783,6329,8261,6253,829,570,,285,,323,,t3_shieldbreaker|t3_finalstring
standard,183,b2,blue,jungle,戰士,fengbao,standard,1,1,3,0,12600,20893,11706,444.2,8.22,16.58,22.96,3,1,1,2,3,882,923,114,775,3982,6353,8664,6253,193,,,443,1260,513,,t3_shieldbreaker|t3_finalstring
standard,183,b3,blue,mid,法師,haixiao,standard,1,3,6,0,19289,17046,12891,489.2,10.07,17.93,24.46,3,0,1,2,3,1609,418,590,1291,3869,6918,9040,6253,1260,570,,443,,513,,t3_psyward
standard,183,b4,blue,adc,射手,maestro,standard,1,12,2,0,38633,13349,19310,732.8,9.91,15.17,18.92,5,1,1,3,5,186,1438,438,3710,4486,7118,10918,6253,1048,1710,,1393,,513,,t3_shieldbreaker|t3_rendspear
standard,183,b5,blue,sup,輔助,fengshen,standard,1,1,5,5,8191,19767,13392,508.2,6.78,12.37,17.16,4,1,2,3,4,2082,290,829,2432,4582,7020,9579,6253,278,,570,285,,418,1773,t3_calmveil
standard,183,r1,red,top,戰士,embercoil,standard,0,0,3,1,13158,29533,11895,451.4,9.22,17.83,24.21,3,1,1,2,3,519,237,65,1095,3669,5417,7645,6253,722,,,593,,76,,t3_shieldbreaker|t3_finalstring
standard,183,r2,red,jungle,戰士,fengbao,standard,0,9,3,0,20227,24392,15959,605.6,8.2,17.23,18.63,5,1,1,3,5,866,545,67,708,3966,5975,10517,6253,266,2280,,118,1523,76,,t3_shieldbreaker|t3_finalstring
standard,183,r3,red,mid,法師,haixiao,standard,0,4,6,0,24064,18955,12689,481.5,10.12,18.25,24.12,3,0,1,2,3,1808,273,61,1188,4068,5873,8191,6253,1292,570,,,,76,,t3_psyward
standard,183,r4,red,adc,射手,maestro,standard,0,6,6,3,27703,13968,14403,546.6,10.71,18.27,22.73,3,0,1,2,3,1433,970,680,3423,3593,5750,8500,6253,579,570,427,593,,76,,t3_shieldbreaker|t3_rendspear
standard,183,r5,red,sup,輔助,fengshen,standard,0,0,2,5,8734,21707,12300,466.8,6.19,12.64,18.18,4,1,2,3,4,601,711,656,850,4601,6891,9116,6253,180,,427,118,,76,2059,t3_calmveil
standard,184,b1,blue,top,戰士,cinderfist,standard,0,5,0,1,10906,27113,14175,576,7.8,14.94,20.48,4,1,2,2,4,956,144,1175,675,4106,6994,9825,6253,836,1710,,950,,76,,t3_shieldbreaker|t3_finalstring
standard,184,b2,blue,jungle,戰士,anliuyouXia,standard,0,2,2,2,8716,19511,11177,454.2,9.43,16.37,23.03,3,1,1,2,3,795,1033,375,1096,3895,5913,8375,6253,357,570,142,,975,76,,t3_shieldbreaker|t3_finalstring
standard,184,b3,blue,mid,法師,leiming,standard,0,4,3,0,17670,14472,12177,494.8,10.27,20.25,23.79,3,0,1,1,3,1567,406,1317,846,3827,5556,7817,6253,1013,,,475,,76,,t3_psyward
standard,184,b4,blue,adc,射手,liuxing,standard,0,4,4,2,25886,10882,11388,462.8,10.04,20.02,23.05,3,0,1,1,3,1458,286,2213,488,3618,5366,7893,6253,709,570,285,,,76,,t3_shieldbreaker|t3_rendspear
standard,184,b5,blue,sup,坦克,suishan,standard,0,0,2,5,7763,25699,12456,506.2,7.39,12.56,19.35,4,1,2,3,4,500,537,756,856,4700,7197,10256,6253,275,,427,475,68,76,2680,t3_calmveil|t3_thornmail
standard,184,r1,red,top,戰士,cinderfist,standard,1,3,2,0,13746,28210,11766,478.1,8.85,17.16,23.03,3,1,1,2,3,684,641,724,315,3834,6171,8774,6253,1235,570,,285,51,380,,t3_shieldbreaker|t3_finalstring
standard,184,r2,red,jungle,戰士,anliuyouXia,standard,1,3,0,1,11084,17519,13105,532.6,8.83,15.23,19.86,4,1,1,3,4,985,1287,306,605,4085,6767,9906,6253,228,1140,,285,1619,380,,t3_shieldbreaker|t3_finalstring
standard,184,r3,red,mid,法師,leiming,standard,1,0,4,1,21066,14240,10746,436.7,11.29,18.89,,2,0,1,2,2,1495,465,508,1345,3755,6215,8058,6253,1140,,,285,,380,,t3_psyward
standard,184,r4,red,adc,射手,liuxing,standard,1,3,6,1,23529,11147,12148,493.7,9.09,18.37,22.13,3,1,1,2,3,528,421,1014,1548,3878,6101,8334,6253,1130,,285,285,,380,,t3_shieldbreaker|t3_rendspear
standard,184,r5,red,sup,坦克,suishan,standard,1,2,3,0,7759,22943,13319,541.2,7.05,12.08,17.47,4,1,2,3,4,267,648,759,1118,5067,7888,10739,6253,218,1140,,285,,380,2462,t3_calmveil|t3_thornmail
standard,185,b1,blue,top,戰士,leimingcf,standard,1,2,2,0,11492,28674,11230,456.4,9.01,16.87,22.12,3,1,1,2,3,652,769,408,730,3802,5949,9008,6253,665,1140,,570,,380,,t3_shieldbreaker|t3_finalstring
standard,185,b2,blue,jungle,戰士,embercoil,standard,1,2,1,0,8712,18234,10885,442.3,8.3,17.02,22.3,3,1,1,2,3,863,473,719,135,3963,5903,8669,6253,351,570,,95,1019,380,,t3_shieldbreaker|t3_finalstring
standard,185,b3,blue,mid,法師,mingyun2,standard,1,7,2,2,23727,17106,14645,595.1,10.58,17.43,22.12,3,0,1,2,3,1561,192,213,2565,3821,5792,9193,6253,1135,570,285,570,,380,,t3_psyward
standard,185,b4,blue,adc,射手,shensheng,standard,1,8,4,3,25276,12260,15345,623.6,8.77,16.91,20.06,4,1,1,2,4,436,557,1743,1494,3786,6237,10643,6253,896,2280,712,95,26,380,,t3_shieldbreaker|t3_rendspear
standard,185,b5,blue,sup,輔助,mingyunyindao,standard,1,1,1,2,8879,21058,13177,535.5,5.73,12.51,14.33,4,1,3,3,4,868,370,1487,1796,5168,8070,10717,6253,372,570,427,570,,380,2144,t3_calmveil
standard,185,r1,red,top,戰士,leimingcf,standard,0,1,4,0,10489,29463,10385,422,9.23,17.01,22.32,3,1,1,2,3,519,716,132,184,3669,6196,8362,6253,1102,570,,285,,152,,t3_shieldbreaker|t3_finalstring
standard,185,r2,red,jungle,戰士,embercoil,standard,0,2,1,0,14598,19654,11947,485.5,7.46,14.7,20.98,3,1,2,2,3,180,288,1056,596,4230,7038,9606,6253,503,570,,285,1842,152,,t3_shieldbreaker|t3_finalstring
standard,185,r3,red,mid,法師,mingyun2,standard,0,1,7,0,17372,15720,9967,405,10.53,18.38,,2,0,1,2,2,1438,348,370,566,3698,6548,8220,6253,959,570,,285,,152,,t3_psyward
standard,185,r4,red,adc,射手,shensheng,standard,0,5,7,0,17563,11320,12418,504.6,9.71,18.26,22.12,3,1,1,2,3,414,250,1308,1037,3764,5930,8628,6253,893,570,,760,,152,,t3_shieldbreaker|t3_rendspear
standard,185,r5,red,sup,輔助,mingyunyindao,standard,0,1,1,0,9686,17495,11104,451.2,7.39,11.31,15.41,4,1,2,3,4,1319,636,569,144,5019,7666,9319,6253,266,570,,285,,152,1793,t3_calmveil
standard,186,b1,blue,top,戰士,jufeng,standard,0,7,9,0,29673,67592,20269,498.8,8.46,17.73,21.46,5,1,1,2,5,538,564,608,4968,3688,6044,9208,6253,855,570,,1187,,342,,t3_shieldbreaker|t3_finalstring
standard,186,b2,blue,jungle,戰士,hunpo,standard,0,5,16,1,23202,25721,19089,469.8,10.18,18.63,25.66,5,0,1,2,5,1572,749,726,3039,3782,5679,7976,6253,304,,,237,839,342,,t3_psyward
standard,186,b3,blue,mid,法師,bingshuang,standard,0,13,18,0,56254,32998,22443,552.3,10.86,19.7,26.02,5,0,1,2,5,1504,114,264,6342,3764,5664,7564,6253,1064,,,,,247,,t3_psyward
standard,186,b4,blue,adc,射手,liangzicz,standard,0,41,19,1,208227,28027,38976,959.2,7.53,14.29,17.77,5,1,2,3,5,2115,251,2172,23375,5465,7251,13122,6253,826,5700,,,,342,,t3_shieldbreaker|t3_rendspear
standard,186,b5,blue,sup,輔助,mingyun,standard,0,0,10,10,15637,39804,20370,501.3,6.77,11.96,16.05,5,1,2,3,5,516,295,1002,7170,4516,7325,10042,6253,332,,285,950,,247,1974,t3_calmveil
standard,186,r1,red,top,戰士,jufeng,standard,1,18,12,0,38821,72178,26417,650.1,8.65,12.75,18.96,5,1,2,3,5,327,160,406,11116,4427,7860,10786,6253,1152,2850,,285,17,228,,t3_shieldbreaker|t3_finalstring
standard,186,r2,red,jungle,戰士,hunpo,standard,1,3,13,0,17057,27281,18372,452.1,10.38,20.01,26.51,5,0,1,1,5,1690,1020,1795,2321,3900,6250,8195,6253,259,,,285,1169,228,,t3_psyward
standard,186,r3,red,mid,法師,bingshuang,standard,1,22,15,2,59273,35506,28914,711.6,10.06,14.85,20.48,5,0,2,2,5,1628,188,1007,12813,3888,7688,10357,6253,1121,1710,285,760,,228,,t3_psyward
standard,186,r4,red,adc,射手,liangzicz,standard,1,29,19,2,128536,26315,32657,803.7,10.18,16.25,20.04,5,0,1,2,5,1462,1023,1717,17056,3622,6703,10617,6253,573,2850,427,285,,228,,t3_shieldbreaker|t3_rendspear
standard,186,r5,red,sup,輔助,mingyun,standard,1,0,7,14,21733,42465,21448,527.8,5.68,12.49,16.06,5,1,2,3,5,263,873,780,8248,4563,7423,9820,6253,123,,142,760,,228,2313,t3_calmveil
standard,187,b1,blue,top,戰士,ronggang,standard,0,1,2,2,13130,32231,10302,437.2,9.09,16.02,22.31,3,1,1,2,3,902,1049,171,172,4052,6579,8821,6253,1038,570,142,665,,152,,t3_shieldbreaker|t3_finalstring
standard,187,b2,blue,jungle,戰士,ravager,standard,0,0,4,2,10036,16330,9654,409.6,8.84,15.84,23.47,3,1,1,2,3,1076,1006,532,53,4176,6486,8412,6253,275,,427,190,1113,152,,t3_shieldbreaker|t3_finalstring
standard,187,b3,blue,mid,法師,mingyun2,standard,0,1,4,0,12081,13074,9691,411.2,11.05,17.93,,2,0,1,2,2,1523,353,389,611,3783,6253,8419,6253,779,570,,665,,152,,t3_psyward
standard,187,b4,blue,adc,射手,leiting,standard,0,4,8,0,10766,9233,10689,453.5,9.86,19.06,,2,1,1,2,2,443,499,1014,1838,3793,5579,8334,6253,598,1140,,190,,152,,t3_shieldbreaker|t3_rendspear
standard,187,b5,blue,sup,坦克,tixue,standard,0,2,1,0,7132,22305,10934,464,7.42,12.53,18.81,3,1,2,3,3,1354,275,249,553,5254,7515,9149,6253,196,570,,190,,152,1787,t3_calmveil|t3_thornmail
standard,187,r1,red,top,戰士,ronggang,standard,1,2,1,1,12008,21412,12387,525.6,7.92,16.74,21.35,3,1,1,2,3,182,740,299,937,4332,6270,8949,6253,950,570,285,475,17,399,,t3_shieldbreaker|t3_finalstring
standard,187,r2,red,jungle,戰士,ravager,standard,1,3,2,0,14611,15201,11825,501.8,9.25,15.02,19.38,3,1,1,3,3,857,1429,349,845,3957,6909,10249,6253,604,1710,,,1282,399,,t3_shieldbreaker|t3_finalstring
standard,187,r3,red,mid,法師,mingyun2,standard,1,3,1,0,20983,14497,12642,536.5,11.13,17.92,22.31,3,0,1,2,3,1453,302,309,1312,3713,5632,9109,6253,937,570,,950,,399,,t3_psyward
standard,187,r4,red,adc,射手,leiting,standard,1,9,4,0,28605,11657,13858,588.1,9.81,17.45,21.08,3,1,1,2,3,363,514,1167,2058,3713,5594,9717,6253,880,2280,,,,304,,t3_shieldbreaker|t3_rendspear
standard,187,r5,red,sup,坦克,tixue,standard,1,2,0,1,6375,18046,13101,555.9,7.73,12.35,14.98,4,1,3,4,4,449,77,225,900,4649,8677,11525,6253,389,1140,,950,,399,2392,t3_calmveil|t3_thornmail
standard,188,b1,blue,top,戰士,jingci,standard,0,3,2,0,19331,34189,12171,487.5,7.14,15.43,21.13,3,1,1,2,3,336,1236,939,721,4486,6766,8989,6253,969,1140,,475,,152,,t3_shieldbreaker|t3_finalstring
standard,188,b2,blue,jungle,戰士,xueyue,standard,0,0,4,0,12005,18364,9662,387,8.88,18.64,,2,1,1,2,2,825,275,442,1431,3925,5755,7722,6253,408,,,,908,152,,t3_shieldbreaker|t3_finalstring
standard,188,b3,blue,mid,法師,bingshuang,standard,0,0,3,1,22989,15590,9226,369.5,11.27,21.32,,2,0,1,1,2,1618,505,969,246,3878,5835,7469,6253,921,,142,,,152,,t3_psyward
standard,188,b4,blue,adc,射手,liangzi,standard,0,6,8,1,16932,12525,13274,531.7,9.95,17.06,20.2,4,1,1,2,4,240,441,1052,273,3590,6121,9902,6253,642,1710,142,950,51,152,,t3_shieldbreaker|t3_rendspear
standard,188,b5,blue,sup,坦克,tieshixin,standard,0,0,0,1,5196,24310,10614,425.1,7.08,13.06,20.13,3,1,2,2,3,1714,36,1446,633,4614,6976,8686,6253,288,,,,,152,1992,t3_calmveil|t3_thornmail
standard,188,r1,red,top,戰士,jingci,standard,1,5,0,1,21725,29598,14448,578.7,8.82,16.27,18.41,4,1,1,3,4,209,619,178,948,4059,6149,10728,6253,1193,2280,285,285,51,380,,t3_shieldbreaker|t3_finalstring
standard,188,r2,red,jungle,戰士,xueyue,standard,1,1,0,1,7302,14308,12162,487.1,8.99,16.98,22.22,3,1,1,2,3,860,1220,945,1181,3960,6400,9245,6253,41,570,,285,1715,380,,t3_shieldbreaker|t3_finalstring
standard,188,r3,red,mid,法師,bingshuang,standard,1,2,2,1,26340,15006,11604,464.8,10.6,18.83,23.79,3,0,1,2,3,1450,337,168,574,3710,6237,8498,6253,820,,285,760,,380,,t3_psyward
standard,188,r4,red,adc,射手,liangzi,standard,1,7,6,1,24428,10599,14111,565.2,8.38,16.4,21.42,4,1,1,2,4,308,670,1182,311,4308,6350,9732,6253,788,1710,285,285,30,380,,t3_shieldbreaker|t3_rendspear
standard,188,r5,red,sup,坦克,tieshixin,standard,1,2,1,1,12360,25970,14653,586.9,7.19,12.69,18.13,5,1,2,3,5,455,123,730,1052,4655,7363,10710,6253,462,,285,760,,380,2569,t3_calmveil|t3_thornmail
standard,189,b1,blue,top,戰士,longyi,standard,1,0,1,1,11369,24522,9527,425.9,9.07,17.86,,2,1,1,2,2,728,821,771,926,3878,6301,8771,6253,1206,,285,570,,456,,t3_shieldbreaker|t3_finalstring
standard,189,b2,blue,jungle,戰士,jufeng,standard,1,1,0,1,8632,14608,10279,459.6,9.07,16.41,21.08,3,1,1,2,3,46,1304,852,729,4276,6734,9402,6253,223,570,285,570,1044,456,,t3_shieldbreaker|t3_finalstring
standard,189,b3,blue,mid,法師,mingyun2,standard,1,3,2,0,12456,12415,11417,510.5,10.54,17,21.44,3,0,1,2,3,1704,467,1111,387,3964,6367,10091,6253,1197,1140,,1045,,456,,t3_psyward
standard,189,b4,blue,adc,射手,shengyan,standard,1,8,5,0,19364,10132,13125,586.8,10.57,17.77,20.66,3,0,1,2,3,1393,244,1189,1325,3553,5624,10089,6253,513,2280,,570,17,456,,t3_shieldbreaker|t3_rendspear
standard,189,b5,blue,sup,輔助,huanjing,standard,1,1,1,1,8016,14614,13053,583.6,8.13,13.23,15.28,4,1,2,3,4,911,1505,1623,1673,4611,8055,10853,6253,318,570,285,570,,456,2400,t3_calmveil
standard,189,r1,red,top,戰士,longyi,standard,0,2,2,0,12413,22221,10214,456.7,9.21,17.77,22.09,3,1,1,2,3,700,216,538,314,3850,5696,7938,6253,988,570,,,51,76,,t3_shieldbreaker|t3_finalstring
standard,189,r2,red,jungle,戰士,jufeng,standard,0,1,2,1,8931,14908,9948,444.8,8.82,16.72,21.98,3,1,1,2,3,1033,874,570,397,4133,6304,9120,6253,361,570,285,,1574,76,,t3_shieldbreaker|t3_finalstring
standard,189,r3,red,mid,法師,mingyun2,standard,0,2,3,0,15410,12375,9555,427.2,10.83,18.95,,2,0,1,2,2,1333,305,622,505,3593,5455,8172,6253,798,570,,475,,76,,t3_psyward
standard,189,r4,red,adc,射手,shengyan,standard,0,3,6,1,15876,10007,9888,442.1,10.18,19.33,,2,0,1,2,2,1395,546,422,987,3555,5446,7422,6253,807,,285,,,76,,t3_shieldbreaker|t3_rendspear
standard,189,r5,red,sup,輔助,huanjing,standard,0,1,0,0,6732,13544,11161,499,6.33,11.28,16.47,4,1,2,3,4,543,525,1598,360,5143,7555,10348,6253,541,570,,950,,76,1957,t3_calmveil
standard,190,b1,blue,top,戰士,chichuan,standard,0,1,1,0,12630,26694,9130,410.8,8.23,16.67,,2,1,1,2,2,203,1122,331,479,4353,6652,8381,6253,912,570,,475,,171,,t3_shieldbreaker|t3_finalstring
standard,190,b2,blue,jungle,戰士,kuangfeng,standard,0,2,1,0,8721,15119,9704,436.6,8.63,15.88,21.96,3,1,1,2,3,865,986,359,103,3965,6466,8959,6253,462,1140,,,1027,76,,t3_shieldbreaker|t3_finalstring
standard,190,b3,blue,mid,法師,bingshuang,standard,0,1,4,0,11573,12671,9567,430.5,10.54,16.88,,2,0,1,2,2,1580,338,142,486,3840,6538,8742,6253,1273,570,,475,,171,,t3_psyward
standard,190,b4,blue,adc,射手,mirrorshot,standard,0,3,5,0,16218,9620,10384,467.2,10.47,18.05,21.86,3,0,1,2,3,1699,284,245,363,3859,5664,8495,6253,1026,570,,475,,171,,t3_shieldbreaker|t3_rendspear
standard,190,b5,blue,sup,坦克,dadi,standard,0,0,5,2,5315,18838,11454,515.4,7.32,12.33,18.72,4,1,2,3,4,750,650,1068,554,4650,7310,10268,6253,278,,570,475,17,171,2503,t3_calmveil|t3_thornmail
standard,190,r1,red,top,戰士,chichuan,standard,1,3,0,0,15435,20885,12170,547.6,9.7,15,19.98,3,1,2,3,3,481,49,282,1139,3631,6899,10832,6253,741,1140,,2280,,418,,t3_shieldbreaker|t3_finalstring
standard,190,r2,red,jungle,戰士,kuangfeng,standard,1,7,0,1,14740,14945,14053,632.3,8.09,14.6,17.66,4,1,2,3,4,815,254,886,603,3915,7654,11866,6253,212,2850,285,380,1467,418,,t3_shieldbreaker|t3_finalstring
standard,190,r3,red,mid,法師,bingshuang,standard,1,0,3,2,8570,11866,9405,423.2,10.54,18.85,,2,0,1,2,2,1447,106,665,655,3707,6006,8695,6253,931,,427,855,,228,,t3_psyward
standard,190,r4,red,adc,射手,mirrorshot,standard,1,6,4,1,22816,9939,12236,550.6,9.15,16.97,19.48,3,1,1,3,3,348,393,386,436,3698,6073,10386,6253,769,2280,285,380,,418,,t3_shieldbreaker|t3_rendspear
standard,190,r5,red,sup,坦克,dadi,standard,1,0,0,1,3209,16607,11097,499.3,7.73,12.97,18.81,3,1,2,3,3,660,151,684,1117,4560,7391,10184,6253,310,,142,380,,418,2680,t3_calmveil|t3_thornmail
standard,191,b1,blue,top,戰士,xueyue,standard,0,1,2,0,14375,30321,9704,402.9,9.31,16.87,,2,1,1,2,2,595,225,179,1054,3745,5455,8229,6253,684,570,,475,,247,,t3_shieldbreaker|t3_finalstring
standard,191,b2,blue,jungle,戰士,tielian,standard,0,0,2,1,7173,20334,10039,416.8,8.53,17.32,23.17,3,1,1,2,3,160,585,23,438,3960,6065,8323,6253,604,,285,,932,247,,t3_shieldbreaker|t3_finalstring
standard,191,b3,blue,mid,法師,lieyan,standard,0,1,4,0,17458,15402,10249,425.6,10.7,19.33,,2,0,1,2,2,1593,322,350,848,3853,5772,7900,6253,1019,,,475,,152,,t3_psyward
standard,191,b4,blue,adc,射手,hanbing,standard,0,7,5,0,25416,12619,13362,554.8,9,17.52,21.78,4,1,1,2,4,94,764,1158,142,4394,6444,9408,6253,908,1710,,237,51,247,,t3_shieldbreaker|t3_rendspear
standard,191,b5,blue,sup,坦克,ironclad,standard,0,1,2,1,8691,20204,13254,550.3,7.43,12.64,16.63,4,1,2,3,4,174,716,2532,1054,4674,7956,11912,6253,354,570,285,1662,26,247,2513,t3_calmveil|t3_thornmail
standard,191,r1,red,top,戰士,xueyue,standard,1,4,1,0,11760,26672,13441,558.1,9.42,15.33,20.16,4,1,1,2,4,595,1572,1606,411,3745,7102,10256,6253,893,2280,,475,51,304,,t3_shieldbreaker|t3_finalstring
standard,191,r2,red,jungle,戰士,tielian,standard,1,3,0,1,13122,14439,13442,558.1,8.92,15.82,20.83,3,1,1,2,3,235,1939,1242,2641,4515,7419,9842,6253,460,,285,475,2064,304,,t3_shieldbreaker|t3_finalstring
standard,191,r3,red,mid,法師,lieyan,standard,1,0,5,0,15128,15558,9538,396,10.71,19.16,,2,0,1,2,2,1499,73,589,487,3759,5973,8139,6253,1106,,,475,,304,,t3_psyward
standard,191,r4,red,adc,射手,hanbing,standard,1,6,4,2,30889,8853,13457,558.7,10.38,18.35,22.05,3,0,1,2,3,1405,564,270,2556,3565,6244,9170,6253,712,1140,285,475,,304,,t3_shieldbreaker|t3_rendspear
standard,191,r5,red,sup,坦克,ironclad,standard,1,2,0,2,10507,22211,13006,540,7.63,12.83,17.19,4,1,2,3,4,368,648,772,805,4568,7888,10752,6253,285,1140,,475,,304,2294,t3_calmveil|t3_thornmail
standard,192,b1,blue,top,戰士,langwang,standard,0,3,2,0,18179,34316,11730,443.8,8.12,17.09,24.63,3,1,1,2,3,747,570,103,930,3897,5750,8403,6253,953,570,,475,,152,,t3_shieldbreaker|t3_finalstring
standard,192,b2,blue,jungle,刺客,duskblade,standard,0,0,3,1,8547,13880,10923,413.2,8.3,17.05,24.55,3,1,1,2,3,927,675,83,492,4127,6255,8113,6253,190,,,,1517,152,,t3_finalstring
standard,192,b3,blue,mid,法師,shikong,standard,0,6,6,2,16500,18940,14514,549.1,10.29,19.48,22.11,4,0,1,2,4,1571,186,350,113,3831,6386,8850,6253,1209,570,427,237,,152,,t3_psyward
standard,192,b4,blue,adc,射手,xuanfeng,standard,0,12,6,0,30024,14255,17247,652.5,9.66,17.43,19.72,5,1,1,3,5,386,431,60,1646,3736,6111,11260,6253,959,3420,,475,,152,,t3_shieldbreaker|t3_rendspear
standard,192,b5,blue,sup,輔助,xuemai,standard,0,0,4,2,5568,18418,11361,429.8,6.23,13.15,20.09,4,1,2,2,4,601,458,2239,660,4601,6938,9269,6253,335,,427,237,,152,1862,t3_calmveil
standard,192,r1,red,top,戰士,langwang,standard,1,2,1,0,19717,28691,12867,486.8,9.05,17.18,23.07,4,1,1,2,4,367,484,423,367,3517,5664,8723,6253,703,1140,,285,,342,,t3_shieldbreaker|t3_finalstring
standard,192,r2,red,jungle,刺客,duskblade,standard,1,6,4,0,10003,14182,14592,552,8.38,13.58,19.52,4,1,2,3,4,693,633,376,1242,3893,7283,10806,6253,323,2280,,285,1322,342,,t3_finalstring
standard,192,r3,red,mid,法師,shikong,standard,1,3,8,0,16471,18110,12813,484.7,11.09,17.2,25.18,3,0,1,2,3,1466,440,481,333,3726,6370,8631,6253,991,,,1235,,152,,t3_psyward
standard,192,r4,red,adc,射手,xuanfeng,standard,1,10,6,0,22595,12849,15689,593.5,10.17,17.27,20.91,4,0,1,2,4,1376,379,840,1838,3536,5579,9740,6253,579,2280,,285,,342,,t3_shieldbreaker|t3_rendspear
standard,192,r5,red,sup,輔助,xuemai,standard,1,0,2,3,8476,16087,12517,473.5,6.82,13.91,16.07,4,1,2,3,4,206,785,958,1817,4506,7515,9418,6253,253,,285,285,,342,1999,t3_calmveil
standard,193,b1,blue,top,戰士,kuangfeng,standard,0,0,2,0,10240,29636,10166,429.6,8.24,18.18,23.19,3,1,1,2,3,719,156,349,266,3869,5636,8049,6253,1168,,,475,,152,,t3_shieldbreaker|t3_finalstring
standard,193,b2,blue,jungle,刺客,binghe,standard,0,1,4,0,5336,13987,10562,446.3,8.63,15.97,22.75,3,1,1,2,3,1097,792,425,611,4297,6372,8275,6253,945,,,,924,152,,t3_finalstring
standard,193,b3,blue,mid,法師,lieyan,standard,0,0,4,1,16253,16648,9353,395.2,9.53,19.63,,2,1,1,2,2,161,292,356,302,4011,5892,7906,6253,1216,,285,,,152,,t3_psyward
standard,193,b4,blue,adc,射手,dawnstrike,standard,0,10,6,0,22483,12848,14394,608.2,7.63,16.18,19.63,4,1,1,3,4,386,982,799,1173,4866,6662,11279,6253,883,3990,,,,152,,t3_shieldbreaker|t3_rendspear
standard,193,b5,blue,sup,輔助,zhanchang,standard,0,1,1,1,4222,18143,12545,530.1,5.87,12.26,15.71,4,1,2,3,4,450,487,1413,1094,5300,7517,9873,6253,232,570,285,475,,152,1904,t3_calmveil
standard,193,r1,red,top,戰士,kuangfeng,standard,1,4,1,0,15139,28123,13941,589.1,9.19,15,20.42,3,1,2,2,3,1165,71,598,2541,4315,6871,9198,6253,997,570,,902,,475,,t3_shieldbreaker|t3_finalstring
standard,193,r2,red,jungle,刺客,binghe,standard,1,1,1,2,6432,9562,11286,476.9,8.7,16.27,22.75,3,1,1,2,3,238,1153,1519,1156,4088,6433,8649,6253,171,,,190,1559,475,,t3_finalstring
standard,193,r3,red,mid,法師,lieyan,standard,1,4,2,1,22689,14339,12583,531.7,10.18,18.77,21.29,3,0,1,2,3,1751,389,232,1152,4011,6139,8562,6253,1121,,285,427,,475,,t3_psyward
standard,193,r4,red,adc,射手,dawnstrike,standard,1,6,7,2,22019,11156,13514,571,9.82,17.85,21.64,4,1,1,2,4,272,374,764,613,3622,6054,9664,6253,655,1710,,665,,380,,t3_shieldbreaker|t3_rendspear
standard,193,r5,red,sup,輔助,zhanchang,standard,1,2,1,3,7356,12418,13642,576.4,6.13,11.83,14.14,4,1,3,3,4,767,587,2787,2761,5067,8287,10947,6253,209,1140,,190,,475,2680,t3_calmveil
standard,194,b1,blue,top,戰士,greymantle,standard,0,0,3,1,10585,26209,9094,401.2,8.88,17.54,,2,1,1,2,2,785,390,357,1013,3935,5740,7957,6253,1076,,,475,,152,,t3_shieldbreaker|t3_finalstring
standard,194,b2,blue,jungle,刺客,jueying,standard,0,1,4,1,6268,10737,9905,437,8.25,14.73,,2,1,2,2,2,776,187,748,1774,3976,6887,8878,6253,522,570,285,,1095,152,,t3_finalstring
standard,194,b3,blue,mid,法師,shikong,standard,0,6,5,0,20846,16002,11668,514.8,10.87,17.27,19.83,3,0,1,3,3,1476,99,188,168,3736,5579,9638,6253,953,2280,,,,152,,t3_psyward
standard,194,b4,blue,adc,射手,yanfeng,standard,0,1,4,1,12848,12795,9122,402.4,10.24,18.54,,2,0,1,2,2,1547,550,180,372,3707,5750,7700,6253,772,,285,237,,152,,t3_shieldbreaker|t3_rendspear
standard,194,b5,blue,sup,坦克,stoneguard,standard,0,1,2,1,5474,23995,12120,534.7,7.34,11.78,16.18,4,1,2,4,4,768,450,69,920,4668,7830,11269,6253,399,570,285,1662,17,152,1930,t3_calmveil|t3_thornmail
standard,194,r1,red,top,戰士,greymantle,standard,1,4,0,1,12684,22641,13058,576.1,8.59,12.53,19.02,3,1,2,3,3,194,251,1429,1608,4524,8001,11079,6253,1007,1710,285,1330,,494,,t3_shieldbreaker|t3_finalstring
standard,194,r2,red,jungle,刺客,jueying,standard,1,2,3,4,8054,11705,12357,545.2,8.6,14.76,20.33,3,1,2,2,3,248,169,1833,1227,4448,7169,10213,6253,218,570,855,380,1442,494,,t3_finalstring
standard,194,r3,red,mid,法師,shikong,standard,1,2,4,1,18069,13884,10857,479,11.51,16.68,,2,0,1,2,2,1438,466,131,1457,3698,6966,9531,6253,978,1140,,855,,304,,t3_psyward
standard,194,r4,red,adc,射手,yanfeng,standard,1,10,2,0,26232,10064,14702,648.6,8.19,15.61,18.39,4,1,1,3,4,394,760,1050,851,4394,6440,11950,6253,832,3990,,380,,494,,t3_shieldbreaker|t3_rendspear
standard,194,r5,red,sup,坦克,stoneguard,standard,1,0,0,1,4627,18017,11408,503.3,6.53,12.93,17.8,3,1,2,3,3,512,157,470,1427,4712,7397,9970,6253,383,,,380,,494,2460,t3_calmveil|t3_thornmail
standard,195,b1,blue,top,戰士,cinderfist,standard,0,0,5,0,9153,30559,9724,379.5,9.25,18.03,25.28,3,1,1,2,3,462,265,441,324,3612,5265,7821,6253,617,,,950,,0,,t3_shieldbreaker|t3_finalstring
standard,195,b2,blue,jungle,刺客,anye,standard,0,0,8,0,4013,13251,9923,387.2,9.02,17.07,25.27,3,1,1,2,3,147,382,81,172,3997,5962,7811,6253,308,,,,1249,0,,t3_finalstring
standard,195,b3,blue,mid,法師,lieyan,standard,0,3,6,0,22269,18510,11401,444.9,10.19,16.75,24.22,3,0,1,2,3,1642,179,984,771,3902,5659,8414,6253,1116,570,,475,,0,,t3_psyward
standard,195,b4,blue,adc,射手,siwang,standard,0,5,9,2,19399,15074,13195,514.9,9.79,19.13,22.26,4,1,1,2,4,189,11,461,274,3539,5211,7681,6253,668,,285,475,,0,,t3_shieldbreaker|t3_rendspear
standard,195,b5,blue,sup,輔助,shengming,standard,0,0,4,0,6052,21517,10661,416,6.96,12.54,17.05,4,1,2,3,4,846,238,291,260,4546,6968,8751,6253,329,,,,,0,2168,t3_calmveil
standard,195,r1,red,top,戰士,cinderfist,standard,1,6,0,0,17889,25096,15225,594.1,9.1,16.33,18.18,4,1,1,3,4,1165,748,91,2244,4315,6228,11491,6253,1190,2850,,665,,532,,t3_shieldbreaker|t3_finalstring
standard,195,r2,red,jungle,刺客,anye,standard,1,2,1,2,8296,12126,13236,516.5,7.83,13.68,17.93,3,1,2,3,3,525,207,451,2155,4675,8057,10581,6253,465,1140,427,427,1334,532,,t3_finalstring
standard,195,r3,red,mid,法師,lieyan,standard,1,5,3,1,20114,16007,14322,558.9,8.17,15.49,23.25,4,1,1,2,4,807,830,390,492,4657,7330,9790,6253,1247,570,285,902,,532,,t3_psyward
standard,195,r4,red,adc,射手,siwang,standard,1,18,4,0,56273,13225,20621,804.7,7.41,17.13,19.64,5,1,1,3,5,1174,757,365,5020,4524,6437,10845,6253,1019,2850,,190,,532,,t3_shieldbreaker|t3_rendspear
standard,195,r5,red,sup,輔助,shengming,standard,1,1,0,3,5880,16467,13069,510,6.88,11.93,16.49,4,1,2,3,4,1420,661,1207,1618,4820,7691,10247,6253,370,570,142,665,,532,1713,t3_calmveil
standard,196,b1,blue,top,坦克,tieshixin,standard,0,0,1,0,6033,23323,8331,372.9,9.13,15.39,,2,1,1,2,2,662,253,196,701,3612,5303,7526,6253,798,,,475,,0,,t3_calmveil|t3_thornmail
standard,196,b2,blue,jungle,刺客,wuxing,standard,0,0,4,0,4582,10057,8955,400.8,9.58,17.3,,2,1,1,2,2,875,1432,375,875,4075,6062,8105,6253,351,,,,1500,0,,t3_finalstring
standard,196,b3,blue,mid,法師,auralith,standard,0,1,3,0,11659,14753,9205,412,9.48,17.74,,2,1,1,2,2,456,258,569,125,4306,6158,8419,6253,1121,570,,475,,0,,t3_psyward
standard,196,b4,blue,adc,射手,maestro,standard,0,4,6,0,12958,10349,10317,461.8,9.12,17.41,,2,1,1,2,2,766,370,274,1466,4116,5750,8524,6253,560,1710,,,,0,,t3_shieldbreaker|t3_rendspear
standard,196,b5,blue,sup,輔助,mingyun,standard,0,1,4,1,5418,17611,10461,468.2,5.99,11.76,15.95,3,1,2,3,3,448,291,759,1421,5048,7321,9219,6253,133,570,285,,17,0,1960,t3_calmveil
standard,196,r1,red,top,坦克,tieshixin,standard,1,3,0,1,12194,18535,12433,556.5,8.86,14.59,18.43,4,1,2,3,4,907,173,1068,283,3857,6023,9918,6253,893,1140,285,760,17,570,,t3_calmveil|t3_thornmail
standard,196,r2,red,jungle,刺客,wuxing,standard,1,3,0,0,10084,10027,11773,526.9,7.36,15.2,19.89,3,1,1,3,3,614,1938,318,692,4764,7218,9968,6253,223,1140,,285,1496,570,,t3_finalstring
standard,196,r3,red,mid,法師,auralith,standard,1,1,0,1,13402,11372,10521,470.9,11.03,18.23,,2,0,1,2,2,1661,466,211,1120,3921,6666,8661,6253,793,,285,760,,570,,t3_psyward
standard,196,r4,red,adc,射手,maestro,standard,1,9,6,1,18609,10681,13860,620.4,9.62,16.21,19.46,3,1,1,3,3,319,573,1425,2480,3669,6253,11725,6253,532,3990,285,285,,380,,t3_shieldbreaker|t3_rendspear
standard,196,r5,red,sup,輔助,mingyun,standard,1,2,0,2,4729,12873,12519,560.3,6.94,10.88,15.99,4,1,2,4,4,1228,552,469,1639,5228,7582,10869,6253,256,1140,285,760,,570,1603,t3_calmveil
standard,197,b1,blue,top,坦克,bingshouweis,standard,0,0,1,0,12890,33751,10743,386.8,8.79,16.5,20.25,3,1,1,2,3,95,150,493,1153,3745,5550,8223,6253,943,,,950,,76,,t3_calmveil|t3_thornmail
standard,197,b2,blue,jungle,刺客,razorwing,standard,0,1,8,0,5812,16605,11107,399.9,8.78,16.13,23.65,3,1,1,2,3,662,1024,152,226,3862,6354,8282,6253,338,570,,,1044,76,,t3_finalstring
standard,197,b3,blue,mid,法師,xingjie,standard,0,4,7,0,23301,21897,13457,484.5,10.52,19.02,23.72,4,0,1,2,4,1580,408,484,106,3840,6158,8514,6253,1140,570,,475,,76,,t3_psyward
standard,197,b4,blue,adc,射手,liuxing,standard,0,4,7,1,24743,15627,13099,471.6,9.78,19.48,24.83,4,1,1,2,4,227,549,290,499,3577,5629,7510,6253,658,,285,237,,76,,t3_shieldbreaker|t3_rendspear
standard,197,b5,blue,sup,坦克,suishan,standard,0,0,7,0,8160,32015,11988,431.6,7.31,12.33,19.7,4,1,2,3,4,712,255,116,608,4612,7195,9316,6253,338,,,712,17,76,1918,t3_calmveil|t3_thornmail
standard,197,r1,red,top,坦克,bingshouweis,standard,1,1,0,1,14563,30449,12852,462.7,7.87,15.68,19.19,4,1,1,3,4,241,562,151,602,3891,5962,9401,6253,1171,570,285,665,,456,,t3_calmveil|t3_thornmail
standard,197,r2,red,jungle,刺客,razorwing,standard,1,1,1,1,8849,11651,12814,461.3,8.65,15.56,21.99,4,1,1,2,4,84,1380,575,313,4284,6710,9005,6253,286,,142,190,1676,456,,t3_finalstring
standard,197,r3,red,mid,法師,xingjie,standard,1,9,3,1,30977,19694,17741,638.8,10.07,15.92,19.67,5,0,1,3,5,1932,732,230,1591,4192,7232,11260,6253,1415,1710,285,1140,,456,,t3_psyward
standard,197,r4,red,adc,射手,liuxing,standard,1,16,5,2,54597,14376,20785,748.3,9.78,16.64,20.6,5,1,1,2,5,398,544,517,5184,3748,5924,9097,6253,915,1140,142,190,,456,,t3_shieldbreaker|t3_rendspear
standard,197,r5,red,sup,坦克,suishan,standard,1,3,0,1,12379,25694,15617,562.3,6.98,12.19,14.98,5,1,3,3,5,208,306,1577,2016,5258,8906,11557,6253,315,1710,,665,,456,2158,t3_calmveil|t3_thornmail
standard,198,b1,blue,top,坦克,tiebi,standard,0,1,4,0,10898,26226,11098,465,8.68,15.93,19.82,4,1,1,3,4,251,663,81,147,4201,6063,9711,6253,836,570,,1900,,152,,t3_calmveil|t3_thornmail
standard,198,b2,blue,jungle,刺客,jingxiang,standard,0,1,7,0,4559,12430,9905,415,9.04,16.89,23.01,3,1,1,2,3,691,282,290,405,3891,5912,8420,6253,237,570,,,1207,152,,t3_finalstring
standard,198,b3,blue,mid,法師,auralith,standard,0,2,6,1,13486,14845,10009,419.4,11.45,18.77,,2,0,1,2,2,1447,215,1107,708,3707,5645,8457,6253,912,1140,,,,152,,t3_psyward
standard,198,b4,blue,adc,射手,shensheng,standard,0,3,8,1,10966,12273,10567,442.7,11.56,18.4,21.61,3,0,1,2,3,1386,312,823,186,3546,5512,8673,6253,579,1140,285,237,26,152,,t3_shieldbreaker|t3_rendspear
standard,198,b5,blue,sup,坦克,bingshouweis,standard,0,0,3,0,6778,23316,10711,448.8,6.72,12.84,17.67,3,1,2,3,3,401,752,306,1130,4601,7252,9406,6253,247,,,712,,152,2041,t3_calmveil|t3_thornmail
standard,198,r1,red,top,坦克,tiebi,standard,1,10,0,1,19048,20189,15639,655.3,9.56,14.1,16.76,5,1,2,4,5,833,1040,539,1988,3783,7450,12789,6253,836,5130,95,95,,380,,t3_calmveil|t3_thornmail
standard,198,r2,red,jungle,刺客,jingxiang,standard,1,2,1,4,7319,10566,12020,503.6,8.42,15.57,20.31,3,1,1,2,3,668,1235,1192,1139,3868,6565,9622,6253,180,570,807,95,1336,380,,t3_finalstring
standard,198,r3,red,mid,法師,auralith,standard,1,8,3,2,19792,13665,14708,616.3,9.81,17.51,20.51,4,1,1,2,4,351,262,1738,877,4201,6462,10718,6253,1045,2280,190,570,,380,,t3_psyward
standard,198,r4,red,adc,射手,shensheng,standard,1,7,3,2,16996,9577,13995,586.4,10.38,14.68,19.48,3,0,2,3,3,1956,384,926,2195,4116,7764,11146,6253,902,2850,190,570,,380,,t3_shieldbreaker|t3_rendspear
standard,198,r5,red,sup,坦克,bingshouweis,standard,1,1,0,5,7750,16539,14005,586.8,6.79,12.24,16.62,5,1,2,4,5,297,306,695,404,4497,7546,12295,6253,190,570,1282,1045,,380,2574,t3_calmveil|t3_thornmail
standard,199,b1,blue,top,坦克,shengdun,standard,1,3,0,0,12776,25980,11875,501.1,7.73,15.3,19.4,4,1,1,3,4,271,744,433,325,3821,6044,8983,6253,741,1140,,570,51,228,,t3_calmveil|t3_thornmail
standard,199,b2,blue,jungle,刺客,guihuo,standard,1,1,2,0,6618,11767,9711,409.8,9.51,18.18,,2,1,1,2,2,594,383,117,1381,3794,5663,7667,6253,114,,,95,976,228,,t3_finalstring
standard,199,b3,blue,mid,法師,xingjie,standard,1,6,5,0,15234,16584,12878,543.4,10.99,16.53,21.94,3,0,1,2,3,1580,162,247,1148,3840,6662,9227,6253,1035,1140,,570,,228,,t3_psyward
standard,199,b4,blue,adc,射手,mori,standard,1,11,3,2,28486,11836,15814,667.2,8.94,15.73,18.95,4,1,1,3,4,490,535,293,2913,3840,6215,11193,6253,912,3420,285,95,,228,,t3_shieldbreaker|t3_rendspear
standard,199,b5,blue,sup,輔助,shiguang,standard,1,1,0,2,4088,14064,12173,513.6,5.71,12.04,16.1,4,1,2,3,4,1490,712,1733,1472,5190,7742,10193,6253,351,570,,1045,,228,1745,t3_calmveil
standard,199,r1,red,top,坦克,shengdun,standard,0,2,2,1,14342,24920,11143,470.2,7.8,15.28,19.71,3,1,1,3,3,890,877,169,1212,3840,6177,9619,6253,1111,1140,,760,,354,,t3_calmveil|t3_thornmail
standard,199,r2,red,jungle,刺客,guihuo,standard,0,0,4,0,6589,11772,10137,427.7,8.81,15.29,23,3,1,1,2,3,761,1030,682,487,3961,6610,8712,6253,228,,,285,1591,354,,t3_finalstring
standard,199,r3,red,mid,法師,xingjie,standard,0,0,7,1,13243,14884,9765,412,10.63,18.1,,2,0,1,2,2,1723,360,254,365,3983,6560,8584,6253,1295,,285,522,,228,,t3_psyward
standard,199,r4,red,adc,射手,mori,standard,0,5,8,0,18942,10799,11833,499.3,9.65,16.91,21.94,3,1,1,2,3,338,212,84,933,3688,5892,8334,6253,760,570,,522,,228,,t3_shieldbreaker|t3_rendspear
standard,199,r5,red,sup,輔助,shiguang,standard,0,3,1,0,8640,14990,12923,545.3,6.73,12.88,13.79,4,1,3,4,4,2016,540,120,1473,4516,9120,11570,6253,291,1710,,760,,354,2201,t3_calmveil
standard,200,b1,blue,top,坦克,shiqiang,standard,0,1,2,0,9277,23885,10330,442.1,8.25,14.97,21.56,3,1,2,2,3,795,132,996,300,3745,6082,8286,6253,836,570,,475,,152,,t3_calmveil|t3_thornmail
standard,200,b2,blue,jungle,刺客,jiansheng,standard,0,0,7,0,5882,12128,9186,393.1,8.33,17.22,,2,1,1,2,2,764,697,511,755,3964,6027,7991,6253,456,,,,1129,152,,t3_finalstring
standard,200,b3,blue,mid,法師,auralith,standard,0,2,4,0,16387,16227,9824,420.4,10.07,18.49,,2,0,1,2,2,1653,369,272,943,3913,6269,8102,6253,889,570,,237,,152,,t3_psyward
standard,200,b4,blue,adc,射手,leiting,standard,0,1,7,1,12491,12524,9768,418,9.43,16.93,,2,1,1,2,2,205,493,750,1017,3555,5873,8600,6253,626,570,285,712,,152,,t3_shieldbreaker|t3_rendspear
standard,200,b5,blue,sup,坦克,tixue,standard,0,0,4,0,4696,22683,10524,450.4,6.49,13.39,18.44,3,1,2,3,3,161,574,216,943,4661,7074,9316,6253,307,,,475,,152,2128,t3_calmveil|t3_thornmail
standard,200,r1,red,top,坦克,shiqiang,standard,1,5,0,0,6366,20650,12515,535.6,8.68,14.98,19.26,4,1,2,3,4,795,60,434,265,3745,6310,9084,6253,1026,1140,,285,,380,,t3_calmveil|t3_thornmail
standard,200,r2,red,jungle,刺客,jiansheng,standard,1,2,0,3,10905,12094,12078,516.9,8.23,15.23,19.32,3,1,1,3,3,478,1366,629,1198,4378,6696,10129,6253,392,1140,142,285,1535,380,,t3_finalstring
standard,200,r3,red,mid,法師,auralith,standard,1,6,2,2,18379,14474,14425,617.3,10.08,16.3,21.11,3,0,1,2,3,1846,304,1339,1944,4106,6804,10139,6253,1320,1140,285,760,,380,,t3_psyward
standard,200,r4,red,adc,射手,leiting,standard,1,8,2,2,20679,11805,15156,648.6,10.63,18.86,20.62,4,0,1,2,4,1452,499,2505,2256,3612,5579,10785,6253,826,2280,285,760,,380,,t3_shieldbreaker|t3_rendspear
standard,200,r5,red,sup,坦克,tixue,standard,1,3,0,6,8228,19943,14588,624.3,7.08,12.35,15.98,4,1,2,3,4,378,1120,1737,2387,5178,8360,11717,6253,272,1140,712,760,,380,2199,t3_calmveil|t3_thornmail
