config,seed,pid,side,role,arch,heroId,strategy,won,k,d,a,dmg,taken_approx,gold,goldPerMin,t3_1_min,t3_2_min,t3_3_min,t3Count,completed10,completed15,completed20,completedEnd,unspent10,unspent15,unspent20,unspentEnd,earned10,earned15,earned20,earned20_passive,earned20_minion,earned20_kill,earned20_assist,earned20_tower,earned20_camp,earned20_objective,earned20_tithe,counterPlanned
standard,1,b1,blue,top,戰士,embercoil,standard,0,1,5,0,7432,25604,9762,417.3,8.59,15.8,,2,1,1,2,2,612,512,302,1482,3762,6042,8582,6582,800,600,,600,,0,,t3_shieldbreaker|t3_finalstring
standard,1,b2,blue,jungle,戰士,cinderfist,standard,0,1,4,0,8050,17284,10288,439.8,8.09,15.67,,2,1,1,2,2,950,1154,666,2057,4050,6634,8896,6582,280,600,,100,1066,266,,t3_shieldbreaker|t3_finalstring
standard,1,b3,blue,mid,法師,auralith,standard,0,1,5,1,21087,16136,11372,486.2,10.18,17.48,21.92,3,0,1,2,3,1532,292,492,722,3792,6492,9092,6582,743,600,300,600,,266,,t3_psyward
standard,1,b4,blue,adc,射手,liangzicz,standard,0,0,5,1,17431,9671,9692,414.4,9.22,19.31,,2,1,1,2,2,352,362,532,792,3702,5442,7532,6582,700,,150,100,,0,,t3_shieldbreaker|t3_rendspear
standard,1,b5,blue,sup,坦克,tixue,standard,0,0,3,1,5402,21946,10699,457.4,7.34,12.66,17.58,3,1,2,3,3,494,334,459,1119,4694,7134,9559,6582,236,,150,100,27,266,2196,t3_calmveil|t3_thornmail
standard,1,r1,red,top,戰士,embercoil,standard,1,3,0,2,11973,24753,13326,569.7,7.31,14.86,19.94,4,1,2,3,4,952,339,129,475,4102,7189,10559,6582,920,1200,450,900,,506,,t3_shieldbreaker|t3_finalstring
standard,1,r2,red,jungle,戰士,cinderfist,standard,1,6,0,1,16971,17098,14953,639.3,7.88,14.79,17.57,4,1,2,3,4,508,279,701,1503,4308,8279,11681,6582,373,2400,150,400,1268,506,,t3_shieldbreaker|t3_finalstring
standard,1,r3,red,mid,法師,auralith,standard,1,3,2,6,23630,12006,13426,574,9.83,17.45,20.99,3,1,1,2,3,146,896,386,1825,3996,6496,9436,6582,1013,600,600,400,,240,,t3_psyward
standard,1,r4,red,adc,射手,liangzicz,standard,1,9,0,0,28078,9009,15929,681,9.46,17.08,20.11,5,1,1,2,5,612,869,2509,329,3962,6549,11409,6582,920,3000,,400,,506,,t3_shieldbreaker|t3_rendspear
standard,1,r5,red,sup,坦克,tixue,standard,1,1,1,3,5436,20425,13293,568.3,6.5,12.48,15.6,4,1,2,3,4,337,497,1326,1692,4837,7737,11306,6582,173,600,300,900,,240,2510,t3_calmveil|t3_thornmail
standard,2,b1,blue,top,戰士,cinderfist,standard,0,0,4,0,7111,17072,7236,382.7,9.15,18.37,,2,1,1,,2,552,122,,36,3702,5422,,,,,,,,,,t3_shieldbreaker|t3_finalstring
standard,2,b2,blue,jungle,戰士,chichuan,standard,0,0,1,0,3492,14066,7643,404.2,8.62,16.5,,2,1,1,,2,284,447,,312,4034,5997,,,,,,,,,,t3_shieldbreaker|t3_finalstring
standard,2,b3,blue,mid,法師,ronghuo,standard,0,1,5,0,9913,12641,8066,426.6,11.24,16.5,,2,0,1,,2,1402,732,,66,3662,6112,,,,,,,,,,t3_psyward
standard,2,b4,blue,adc,射手,leiting,standard,0,0,1,0,9625,8979,7093,375.1,11.02,16.8,,2,0,1,,2,1522,589,,842,3682,5739,,,,,,,,,,t3_shieldbreaker|t3_rendspear
standard,2,b5,blue,sup,輔助,linghun,standard,0,0,1,0,3314,13197,9096,481.1,6.58,12.15,15.73,3,1,2,,3,364,193,,636,4664,7223,,,,,,,,,,t3_calmveil
standard,2,r1,red,top,戰士,cinderfist,standard,1,5,0,0,13094,18437,11129,588.6,8.13,11.8,17.37,3,1,2,,3,1316,336,,329,5116,8036,,,,,,,,,,t3_shieldbreaker|t3_finalstring
standard,2,r2,red,jungle,戰士,chichuan,standard,1,4,0,3,8390,10376,11788,623.4,7.19,13.72,16.52,3,1,2,,3,300,1240,,1338,5430,9490,,,,,,,,,,t3_shieldbreaker|t3_finalstring
standard,2,r3,red,mid,法師,ronghuo,standard,1,1,0,1,8984,9495,9249,489.2,11.63,17.27,,2,0,1,,2,1602,316,,199,3862,6816,,,,,,,,,,t3_psyward
standard,2,r4,red,adc,射手,leiting,standard,1,2,0,2,15043,6790,9599,507.7,11.01,16.87,,2,0,1,,2,1622,746,,699,3782,6426,,,,,,,,,,t3_shieldbreaker|t3_rendspear
standard,2,r5,red,sup,輔助,linghun,standard,1,0,1,1,2932,7795,10452,552.8,6.93,11.64,18.19,3,1,2,,3,850,1068,,1221,4850,8098,,,,,,,,,,t3_calmveil
standard,3,b1,blue,top,戰士,leimingcf,standard,0,4,4,0,11899,32261,11288,477.8,8.57,16.63,22.3,3,1,1,2,3,572,462,250,308,3722,5942,8850,6582,580,1200,,300,27,160,,t3_shieldbreaker|t3_finalstring
standard,3,b2,blue,jungle,戰士,jufeng,standard,0,0,3,1,5947,18872,10563,447.1,8.45,15.43,22.08,3,1,1,2,3,896,1275,379,413,3996,6705,8929,6582,330,,300,466,1089,160,,t3_shieldbreaker|t3_finalstring
standard,3,b3,blue,mid,法師,gambler,standard,0,0,5,0,15841,14015,9165,387.9,10.54,19.53,,2,0,1,2,2,1676,326,396,114,3936,6226,7946,6582,850,,,300,54,160,,t3_psyward
standard,3,b4,blue,adc,射手,liangzi,standard,0,8,8,3,27825,10661,14327,606.5,10.77,16.84,19.88,4,0,1,3,4,1462,929,69,727,3622,6609,10389,6582,480,2400,300,466,,160,,t3_shieldbreaker|t3_rendspear
standard,3,b5,blue,sup,輔助,shiguang,standard,0,0,4,4,5202,18454,13023,551.2,6.07,12.94,14.99,4,1,3,3,4,714,50,695,1643,4664,8050,9925,6582,120,,300,466,,160,2295,t3_calmveil
standard,3,r1,red,top,戰士,leimingcf,standard,1,5,1,1,15059,27601,13921,589.2,8.68,15.28,18.53,4,1,1,3,4,672,1402,1742,1120,3822,6882,12122,6582,720,3000,,1500,,320,,t3_shieldbreaker|t3_finalstring
standard,3,r2,red,jungle,戰士,jufeng,standard,1,2,1,1,11060,17549,11730,496.5,9.69,15.28,19.18,3,1,1,3,3,304,1244,496,800,4054,6674,10046,6582,360,1200,300,,1284,320,,t3_shieldbreaker|t3_finalstring
standard,3,r3,red,mid,法師,gambler,standard,1,4,1,1,23411,13927,13431,568.5,9.93,20.23,22.03,3,1,1,1,3,302,252,2412,1830,4152,6152,8912,6582,1210,,300,500,,320,,t3_psyward
standard,3,r4,red,adc,射手,liangzi,standard,1,13,6,0,36265,11566,17611,745.4,9.48,16.86,19.88,5,1,1,3,5,602,612,232,2010,3952,5812,10712,6582,910,2400,,500,,320,,t3_shieldbreaker|t3_rendspear
standard,3,r5,red,sup,輔助,shiguang,standard,1,0,3,5,8797,16766,14140,598.5,7.08,11.67,16.18,5,1,2,3,5,1724,774,1851,939,4824,7324,11081,6582,200,,900,500,,320,2578,t3_calmveil
standard,4,b1,blue,top,戰士,dadi2,standard,0,0,3,0,5596,17720,7270,392.3,9.08,16.91,,2,1,1,,2,612,172,,320,3762,5522,,,,,,,,,,t3_shieldbreaker|t3_finalstring
standard,4,b2,blue,jungle,戰士,langwang,standard,0,0,6,0,4904,16316,7232,390.2,8.26,17.48,,2,1,1,,2,782,168,,152,3882,5768,,,,,,,,,,t3_shieldbreaker|t3_finalstring
standard,4,b3,blue,mid,法師,ronghuo,standard,0,1,5,0,10904,12296,7620,411.2,10.15,16.03,,2,0,1,,2,2272,972,,90,4532,6352,,,,,,,,,,t3_psyward
standard,4,b4,blue,adc,射手,shengyan,standard,0,0,7,0,10305,9532,7280,392.8,9.93,17.96,,2,1,1,,2,442,812,,380,3792,5592,,,,,,,,,,t3_shieldbreaker|t3_rendspear
standard,4,b5,blue,sup,坦克,dadi,standard,0,0,5,0,4432,16812,9364,505.3,6.78,12.85,17.08,3,1,2,,3,584,122,,384,4784,7222,,,,,,,,,,t3_calmveil|t3_thornmail
standard,4,r1,red,top,戰士,dadi2,standard,1,12,0,0,14549,15014,16180,873,7.76,11.71,14.13,4,1,3,,4,292,352,,3150,5522,10002,,,,,,,,,,t3_shieldbreaker|t3_finalstring
standard,4,r2,red,jungle,戰士,langwang,standard,1,6,0,3,9133,10482,13284,716.7,7.46,12.97,14.76,3,1,3,,3,192,357,,2483,4892,10437,,,,,,,,,,t3_shieldbreaker|t3_finalstring
standard,4,r3,red,mid,法師,ronghuo,standard,1,1,1,4,13866,8442,9647,520.5,10.41,16.61,,2,0,1,,2,1499,939,,366,3759,6839,,,,,,,,,,t3_psyward
standard,4,r4,red,adc,射手,shengyan,standard,1,6,0,5,17966,8389,13421,724.1,8.72,14.75,17.02,3,1,2,,3,869,199,,1620,4219,7819,,,,,,,,,,t3_shieldbreaker|t3_rendspear
standard,4,r5,red,sup,坦克,dadi,standard,1,1,0,9,6594,12326,11837,638.7,7.48,11.61,14.56,4,1,3,,4,250,179,,537,5600,9559,,,,,,,,,,t3_calmveil|t3_thornmail
standard,5,b1,blue,top,戰士,ronggang,standard,0,3,0,0,11675,22555,10146,483.3,7.77,14.92,20.91,3,1,2,2,3,462,272,572,66,5162,7372,9172,6582,730,1200,,500,,160,,t3_shieldbreaker|t3_finalstring
standard,5,b2,blue,jungle,戰士,tielian,standard,0,0,2,0,6342,14534,8216,391.4,9.43,17.69,,2,1,1,2,2,704,410,652,986,3804,5840,7882,6582,420,,,,720,160,,t3_shieldbreaker|t3_finalstring
standard,5,b3,blue,mid,法師,gambler,standard,0,0,1,1,14118,11844,8536,406.6,10.93,18.67,,2,0,1,2,2,1662,472,332,206,3922,5802,8182,6582,840,,100,500,,160,,t3_psyward
standard,5,b4,blue,adc,射手,mirrorshot,standard,0,4,2,1,16741,8373,10794,514.2,9.77,17.67,,2,1,1,2,2,416,486,940,1894,3766,6166,9840,6582,590,1800,100,500,108,160,,t3_shieldbreaker|t3_rendspear
standard,5,b5,blue,sup,輔助,mantra,standard,0,0,1,2,5521,15509,10267,489.1,6.69,12.35,17.18,3,1,2,3,3,934,344,594,1227,4934,7374,9634,6582,220,,100,500,,160,2071,t3_calmveil
standard,5,r1,red,top,戰士,ronggang,standard,1,1,0,0,13407,22312,10349,493,8.18,16.73,19.38,3,1,1,3,3,712,762,216,269,3862,6242,9816,6582,933,600,,1300,,400,,t3_shieldbreaker|t3_finalstring
standard,5,r2,red,jungle,戰士,tielian,standard,1,3,0,0,8694,13743,11472,546.5,6.96,14.29,19.79,3,1,2,3,3,276,615,344,1021,4806,7965,10794,6582,413,1800,,300,1298,400,,t3_shieldbreaker|t3_finalstring
standard,5,r3,red,mid,法師,gambler,standard,1,1,2,1,19468,12023,10109,481.6,10.71,16.93,,2,0,1,2,2,1362,832,176,709,3622,7032,9576,6582,543,600,150,1300,,400,,t3_psyward
standard,5,r4,red,adc,射手,mirrorshot,standard,1,1,3,0,13711,7209,9156,436.2,10.74,20.02,,2,0,1,1,2,1262,602,2342,1206,3422,5682,8022,6582,240,,,800,,400,,t3_shieldbreaker|t3_rendspear
standard,5,r5,red,sup,輔助,mantra,standard,1,0,2,2,5484,11905,10413,496,6.99,12.83,15.66,3,1,2,3,3,364,519,649,1182,4664,7549,9879,6582,150,,450,300,,400,1996,t3_calmveil
standard,6,b1,blue,top,戰士,jingci,standard,0,0,3,1,16338,31404,10441,432.3,8.57,17.49,,2,1,1,2,2,732,302,202,2210,3882,5782,8432,6582,920,,150,500,,280,,t3_shieldbreaker|t3_finalstring
standard,6,b2,blue,jungle,戰士,greymantle,standard,0,0,5,0,9358,19930,9682,400.9,8.7,17.5,23.96,3,1,1,2,3,300,626,350,132,4050,6056,8180,6582,290,,,,1027,280,,t3_shieldbreaker|t3_finalstring
standard,6,b3,blue,mid,法師,ronghuo,standard,0,1,6,0,14043,16699,10681,442.3,10.33,18.54,23.93,3,0,1,2,3,1682,242,302,330,3942,5842,8152,6582,1040,,,250,,280,,t3_psyward
standard,6,b4,blue,adc,射手,hanbing,standard,0,8,7,0,30185,11484,13987,579.2,9.58,17.26,19.65,4,1,1,3,4,562,532,152,1067,3912,5912,10152,6582,840,2400,,250,,80,,t3_shieldbreaker|t3_rendspear
standard,6,b5,blue,sup,輔助,xuemai,standard,0,0,5,2,4601,19632,13239,548.2,6.84,11.66,15.35,4,1,2,3,4,214,834,1451,1788,4814,7564,10491,6582,270,,150,500,,280,2708,t3_calmveil
standard,6,r1,red,top,戰士,jingci,standard,1,2,0,2,18851,26105,12211,505.6,9.62,15.77,21.09,3,1,1,2,3,532,1182,796,1710,3682,6662,9096,6582,673,600,600,300,,340,,t3_shieldbreaker|t3_finalstring
standard,6,r2,red,jungle,戰士,greymantle,standard,1,7,1,2,16456,16770,15780,653.4,8.57,13.36,17.66,3,1,2,3,3,766,431,1224,4430,3866,8381,12574,6582,286,3600,150,300,1315,340,,t3_shieldbreaker|t3_finalstring
standard,6,r3,red,mid,法師,ronghuo,standard,1,6,4,1,17414,15645,13881,574.8,10.3,16.76,21.66,3,0,1,2,3,1562,172,772,1800,3822,6672,10172,6582,700,1800,300,550,,240,,t3_psyward
standard,6,r4,red,adc,射手,hanbing,standard,1,11,3,1,36609,10956,17831,738.3,10.36,16.92,20.11,5,0,1,2,5,1526,896,2396,2230,3686,6576,11296,6582,623,2400,300,1050,,340,,t3_shieldbreaker|t3_rendspear
standard,6,r5,red,sup,輔助,xuemai,standard,1,0,1,3,4214,13590,12912,534.7,5.53,13.41,14.88,4,1,3,3,4,770,117,1494,1531,4720,7817,10724,6582,316,,450,300,,340,2734,t3_calmveil
standard,7,b1,blue,top,戰士,longyi,standard,0,0,2,0,10613,18524,7728,387.8,9.72,18.16,,2,1,1,,2,472,422,,97,3622,5472,,,,,,,,,,t3_shieldbreaker|t3_finalstring
standard,7,b2,blue,jungle,刺客,jingxiang,standard,0,0,4,0,5893,8226,8168,409.9,8.86,16.34,,2,1,1,,2,1005,594,,388,4205,6224,,,,,,,,,,t3_finalstring
standard,7,b3,blue,mid,法師,haixiao,standard,0,0,3,0,10280,11400,8092,406.1,9.81,19.28,,2,1,1,,2,92,412,,541,3942,5742,,,,,,,,,,t3_psyward
standard,7,b4,blue,adc,射手,xuanfeng,standard,0,2,4,0,10865,8039,8548,429,9.84,19.29,,2,1,1,,2,212,322,,927,3562,5402,,,,,,,,,,t3_shieldbreaker|t3_rendspear
standard,7,b5,blue,sup,坦克,longji,standard,0,0,1,0,3799,12842,10311,517.5,7.18,12.53,,2,1,2,,2,315,1345,,2631,4815,7245,,,,,,,,,,t3_calmveil|t3_thornmail
standard,7,r1,red,top,戰士,longyi,standard,1,1,0,1,10635,20051,10048,504.3,9.42,16.29,,2,1,1,,2,872,1102,,1397,4022,6632,,,,,,,,,,t3_shieldbreaker|t3_finalstring
standard,7,r2,red,jungle,刺客,jingxiang,standard,1,4,1,2,7568,9161,12268,615.7,7.42,14.66,17.65,3,1,2,,3,269,961,,2088,4169,8141,,,,,,,,,,t3_finalstring
standard,7,r3,red,mid,法師,haixiao,standard,1,0,0,0,6907,10280,8874,445.4,10.94,19.39,,2,0,1,,2,1572,692,,424,3832,6592,,,,,,,,,,t3_psyward
standard,7,r4,red,adc,射手,xuanfeng,standard,1,5,1,3,13069,6776,13184,661.7,10.68,15.48,16.46,3,0,1,,3,1762,3352,,1384,3922,9032,,,,,,,,,,t3_shieldbreaker|t3_rendspear
standard,7,r5,red,sup,坦克,longji,standard,1,4,0,1,6025,16219,13069,655.9,6.56,12.55,15.18,4,1,2,,4,890,1710,,869,4790,8950,,,,,,,,,,t3_calmveil|t3_thornmail
standard,8,b1,blue,top,戰士,chichuan,standard,1,0,4,0,9608,25516,10567,445.1,9.28,16.78,23.58,3,1,1,2,3,672,432,299,336,3822,6082,8029,6582,706,,,500,,240,,t3_shieldbreaker|t3_finalstring
standard,8,b2,blue,jungle,刺客,guihuo,standard,1,1,5,0,5777,10844,10364,436.5,8.82,18.23,22.43,3,1,1,2,3,700,562,1096,384,3900,5892,8576,6582,360,600,,,793,240,,t3_finalstring
standard,8,b3,blue,mid,法師,leiming,standard,1,5,3,0,24405,15249,12977,546.6,10.28,17.27,21.73,3,0,1,2,3,1732,602,939,876,3992,5932,9819,6582,1196,1800,,,,240,,t3_psyward
standard,8,b4,blue,adc,射手,dawnstrike,standard,1,6,4,0,18240,14202,12916,544,10.39,16.26,20.92,3,0,1,2,3,1661,151,308,2115,3821,5951,9058,6582,731,1200,,250,54,240,,t3_shieldbreaker|t3_rendspear
standard,8,b5,blue,sup,坦克,thornwall,standard,1,0,3,0,6710,22153,12393,522,9.03,12.68,17.73,4,1,2,3,4,569,319,1295,1032,4769,7419,10875,6582,165,,,1250,,240,2637,t3_calmveil|t3_thornmail
standard,8,r1,red,top,戰士,chichuan,standard,0,5,1,2,13093,27380,13370,563.1,8.47,14.83,18.96,4,1,2,3,4,72,222,422,340,4222,7372,10072,6582,570,1200,600,800,,320,,t3_shieldbreaker|t3_finalstring
standard,8,r2,red,jungle,刺客,guihuo,standard,0,4,1,0,9804,12288,13270,558.9,8.97,14.93,18.48,4,1,2,3,4,440,60,944,470,4340,7540,10944,6582,310,1800,,300,1632,320,,t3_finalstring
standard,8,r3,red,mid,法師,leiming,standard,0,3,2,2,20671,13372,12000,505.4,10.71,14.93,,2,0,2,2,2,1712,62,742,2600,3972,7612,9792,6582,1090,1200,300,300,,320,,t3_psyward
standard,8,r4,red,adc,射手,dawnstrike,standard,0,6,6,0,18028,10594,12590,530.3,10.05,17.73,21.93,3,0,1,2,3,1512,852,942,1210,3672,6532,9492,6582,490,1800,,300,,320,,t3_shieldbreaker|t3_rendspear
standard,8,r5,red,sup,坦克,thornwall,standard,0,1,2,3,6848,18069,12591,530.3,6.83,12.59,17.77,4,1,2,3,4,284,243,1183,390,4734,7483,10083,6582,180,,300,800,,320,1900,t3_calmveil|t3_thornmail
standard,9,b1,blue,top,戰士,xueyue,standard,0,1,3,0,11518,29381,11387,448.3,9.07,15.15,23.39,3,1,1,2,3,732,1272,272,407,3882,6752,8572,6582,850,600,,300,,240,,t3_shieldbreaker|t3_finalstring
standard,9,b2,blue,jungle,刺客,jiansheng,standard,0,2,4,0,6139,15008,11830,465.7,8.56,17.9,21.59,3,1,1,2,3,764,755,793,749,3964,6335,9123,6582,180,600,,300,1220,240,,t3_finalstring
standard,9,b3,blue,mid,法師,haixiao,standard,0,6,7,0,17938,16757,13377,526.7,10.26,18.88,22.68,3,0,1,2,3,1622,332,52,897,3882,6082,8502,6582,780,600,,300,,240,,t3_psyward
standard,9,b4,blue,adc,射手,yanfeng,standard,0,13,4,1,49480,12685,18247,718.4,10.27,16.51,19.77,5,0,1,3,5,1642,982,362,2647,3802,6662,10842,6582,820,2400,,800,,240,,t3_shieldbreaker|t3_rendspear
standard,9,b5,blue,sup,輔助,shengming,standard,0,0,5,4,5894,22605,12732,501.2,6.89,11.49,15.92,4,1,2,3,4,744,457,1107,1281,4744,7487,10147,6582,170,,300,800,,240,2054,t3_calmveil
standard,9,r1,red,top,戰士,xueyue,standard,1,5,4,0,16311,32282,14205,559.2,8.89,17.02,21.23,4,1,1,2,4,722,232,1206,1224,3872,5712,9206,6582,890,600,,1000,54,80,,t3_shieldbreaker|t3_finalstring
standard,9,r2,red,jungle,刺客,jiansheng,standard,1,3,3,0,9514,13441,12808,504.2,8.67,15.51,22.21,4,1,1,2,4,102,1900,1184,57,4432,7480,9514,6582,200,1200,,,1452,80,,t3_finalstring
standard,9,r3,red,mid,法師,haixiao,standard,1,3,5,1,19731,15728,13001,511.8,11.12,18.9,23.45,3,0,1,2,3,1482,382,452,520,3742,5982,8302,6582,840,,300,500,,80,,t3_psyward
standard,9,r4,red,adc,射手,yanfeng,standard,1,12,6,1,49245,12495,18261,718.9,9.59,17.33,20.78,5,1,1,2,5,382,232,792,2660,3732,5612,9692,6582,830,1200,,1000,,80,,t3_shieldbreaker|t3_rendspear
standard,9,r5,red,sup,輔助,shengming,standard,1,0,4,1,4227,17557,11749,462.6,6.53,11.55,16.51,4,1,2,3,4,1044,974,61,868,4744,7224,9101,6582,240,,,,,80,2198,t3_calmveil
standard,10,b1,blue,top,戰士,langwang,standard,1,2,1,2,14331,27499,12108,492,8.67,17.18,21.84,3,1,1,2,3,592,522,682,657,3742,6052,9332,6582,520,600,450,700,,480,,t3_shieldbreaker|t3_finalstring
standard,10,b2,blue,jungle,刺客,youming,standard,1,2,2,3,9640,11004,12651,514.1,8.38,15.77,20.09,3,1,1,2,3,103,1436,1610,1521,4003,7066,9990,6582,220,600,750,200,1158,480,,t3_finalstring
standard,10,b3,blue,mid,法師,leiming,standard,1,7,2,1,21562,14741,15441,627.5,10.52,16.48,21.26,4,0,1,2,4,1676,436,746,1041,3936,6936,10146,6582,1033,1200,150,700,,480,,t3_psyward
standard,10,b4,blue,adc,射手,siwang,standard,1,10,2,1,34717,9359,15991,649.8,10.94,15.5,18.99,5,0,1,3,5,1602,922,382,391,3762,6602,11282,6582,620,3000,150,450,,480,,t3_shieldbreaker|t3_rendspear
standard,10,b5,blue,sup,坦克,tiemu,standard,1,0,1,1,7411,22849,14369,583.9,7.2,12.66,15.78,4,1,2,3,4,924,964,879,2168,4824,8204,10859,6582,206,,,950,54,480,2586,t3_calmveil|t3_thornmail
standard,10,r1,red,top,戰士,langwang,standard,0,0,3,0,7322,27265,9931,403.6,9.19,19.09,,2,1,1,2,2,512,512,462,1651,3662,6042,8262,6582,680,,,1000,,0,,t3_shieldbreaker|t3_finalstring
standard,10,r2,red,jungle,刺客,youming,standard,0,1,6,2,9509,15413,11414,463.8,7.99,16.18,20.26,3,1,1,2,3,512,995,1327,533,4412,6625,9457,6582,233,600,450,,1591,0,,t3_finalstring
standard,10,r3,red,mid,法師,leiming,standard,0,1,3,1,18864,15715,10731,436.1,10.78,17.49,23.98,3,0,1,2,3,1622,242,492,381,3882,6442,9002,6582,1020,600,300,500,,0,,t3_psyward
standard,10,r4,red,adc,射手,siwang,standard,0,3,8,0,17295,10418,10821,439.7,10.78,21.77,24.54,3,0,1,1,3,1332,452,1232,41,3492,5232,6912,6582,330,,,,,0,,t3_shieldbreaker|t3_rendspear
standard,10,r5,red,sup,坦克,tiemu,standard,0,3,1,1,8714,29456,13246,538.3,6.78,11.78,15.7,4,1,2,4,4,520,1190,117,1865,5320,8430,11017,6582,256,1200,150,500,,0,2328,t3_calmveil|t3_thornmail
standard,11,b1,blue,top,戰士,rongyan,standard,0,0,2,0,7910,21953,8742,409.1,9.95,16.99,,2,1,1,2,2,632,452,202,662,3782,6102,8282,6582,620,,,1000,,80,,t3_shieldbreaker|t3_finalstring
standard,11,b2,blue,jungle,刺客,yueying,standard,0,0,7,0,5190,11300,8541,399.7,9.02,16.95,,2,1,1,2,2,816,706,248,891,4016,6036,7898,6582,280,,,,955,80,,t3_finalstring
standard,11,b3,blue,mid,法師,haixiao,standard,0,2,3,0,20021,14473,9956,466,10.07,15.73,,2,0,1,2,2,1722,1252,616,1076,3982,6982,9496,6582,1080,1200,,500,54,80,,t3_psyward
standard,11,b4,blue,adc,射手,maestro,standard,0,2,4,0,11586,11380,9542,446.6,9.36,19.06,,2,1,1,2,2,382,292,962,1092,3732,5492,8482,6582,720,600,,500,,80,,t3_shieldbreaker|t3_rendspear
standard,11,b5,blue,sup,坦克,suishan,standard,0,1,1,0,5234,19518,10933,511.7,6.93,13.08,15,3,1,3,3,3,194,94,893,1352,4694,8294,10473,6582,300,600,,500,,80,2410,t3_calmveil|t3_thornmail
standard,11,r1,red,top,戰士,rongyan,standard,1,3,0,0,8984,21547,11595,542.7,9.2,14.49,18.67,3,1,2,3,3,712,232,352,565,3862,7082,10902,6582,740,1800,,1300,,480,,t3_shieldbreaker|t3_finalstring
standard,11,r2,red,jungle,刺客,yueying,standard,1,5,0,0,10231,10326,13135,614.7,7.47,12.57,17.29,4,1,2,3,4,450,405,1940,335,5130,8305,12420,6582,300,3000,,466,1591,480,,t3_finalstring
standard,11,r3,red,mid,法師,haixiao,standard,1,1,1,3,12843,11342,10505,491.7,9.99,15.88,,2,1,1,2,2,262,692,432,1105,4112,7192,9832,6582,970,600,900,300,,480,,t3_psyward
standard,11,r4,red,adc,射手,maestro,standard,1,5,4,0,23347,9139,12619,590.6,10.24,17.17,20.6,3,0,1,2,3,1732,599,1859,1718,3892,6279,10759,6582,930,1800,,966,,480,,t3_shieldbreaker|t3_rendspear
standard,11,r5,red,sup,坦克,suishan,standard,1,3,0,3,6972,16414,13460,630,7.81,11.65,14.54,4,1,3,4,4,1244,370,567,1260,5444,9270,12767,6582,220,1800,900,466,,480,2318,t3_calmveil|t3_thornmail
standard,12,b1,blue,top,戰士,embercoil,standard,0,1,1,0,11951,25069,10038,448.6,9.03,17.27,21.78,3,1,1,2,3,562,100,237,138,3712,5580,8467,6582,696,,,1000,27,160,,t3_shieldbreaker|t3_finalstring
standard,12,b2,blue,jungle,刺客,yeiren,standard,0,0,5,0,4921,11161,8884,397.1,8.68,17.28,,2,1,1,2,2,897,556,336,804,4097,6136,8066,6582,33,,,,1290,160,,t3_finalstring
standard,12,b3,blue,mid,法師,leiming,standard,0,1,4,1,16133,12645,9296,415.5,11.09,19.22,,2,0,1,2,2,1577,137,254,695,3837,6337,8104,6582,761,600,,,,160,,t3_psyward
standard,12,b4,blue,adc,射手,liuxing,standard,0,9,4,1,27816,11777,14624,653.6,8.68,16.92,18.6,4,1,1,3,4,582,1012,1006,1024,3932,6692,11326,6582,783,3000,300,500,,160,,t3_shieldbreaker|t3_rendspear
standard,12,b5,blue,sup,輔助,mingyunyindao,standard,0,0,0,1,4383,12699,10666,476.7,7.42,13.38,17.83,3,1,2,3,3,449,164,974,1625,4749,7194,9554,6582,244,,,500,,160,2066,t3_calmveil
standard,12,r1,red,top,戰士,embercoil,standard,1,5,0,0,13168,25342,12981,580.1,10.04,15.68,18.73,4,0,1,3,4,1832,1322,302,180,3882,6802,10682,6582,1000,1800,,900,,400,,t3_shieldbreaker|t3_finalstring
standard,12,r2,red,jungle,刺客,yeiren,standard,1,1,2,1,9974,11416,11272,503.8,8.02,14.83,19.02,3,1,2,3,3,303,91,479,191,4153,7221,10129,6582,180,600,300,400,1666,400,,t3_finalstring
standard,12,r3,red,mid,法師,leiming,standard,1,2,4,0,15561,14091,10451,467.1,10.17,18.95,,2,0,1,2,2,1592,302,402,1400,3852,6232,8852,6582,870,600,,400,,400,,t3_psyward
standard,12,r4,red,adc,射手,liuxing,standard,1,5,4,1,12849,8188,12381,553.3,10.14,16.92,20.47,3,0,1,2,3,1642,262,1882,580,3802,5942,10782,6582,700,2400,300,400,,400,,t3_shieldbreaker|t3_rendspear
standard,12,r5,red,sup,輔助,mingyunyindao,standard,1,1,1,2,6596,14593,12709,568,6.68,12.18,15.23,4,1,2,4,4,1034,961,651,1259,4734,7991,11051,6582,170,600,,1400,,400,1898,t3_calmveil
standard,13,b1,blue,top,坦克,ironclad,standard,0,1,4,1,8513,19591,9315,434.8,9.66,16.38,20.32,3,1,1,2,3,172,452,1126,384,3722,5502,8756,6582,773,600,300,500,,0,,t3_calmveil|t3_thornmail
standard,13,b2,blue,jungle,刺客,sting,standard,0,1,8,0,4398,11906,8936,417.1,8.94,15.87,,2,1,1,2,2,762,940,268,855,3962,6520,8348,6582,320,600,,,846,0,,t3_finalstring
standard,13,b3,blue,mid,法師,mingyun2,standard,0,0,3,1,8267,12154,8652,403.8,10.91,18.11,,2,0,1,2,2,1522,372,302,251,3782,5702,8132,6582,1000,,300,250,,0,,t3_psyward
standard,13,b4,blue,adc,射手,shensheng,standard,0,3,3,1,14694,11631,10139,473.2,9.46,17.32,20.36,3,1,1,2,3,252,1176,1210,238,3602,5956,9660,6582,573,1800,150,500,54,0,,t3_shieldbreaker|t3_rendspear
standard,13,b5,blue,sup,輔助,mingyun,standard,0,0,4,1,4454,17157,10105,471.6,6.57,11.73,15.92,3,1,2,3,3,424,462,585,1064,4724,7492,9625,6582,213,,150,750,,0,1929,t3_calmveil
standard,13,r1,red,top,坦克,ironclad,standard,1,7,1,0,14922,21479,13728,640.8,8.12,13.95,15.91,4,1,2,4,4,192,632,899,1578,4342,7862,13049,6582,640,4200,,1066,,560,,t3_calmveil|t3_thornmail
standard,13,r2,red,jungle,刺客,sting,standard,1,2,0,3,5781,9251,11903,555.6,8.73,14.23,18.29,3,1,2,3,3,999,274,1574,823,4199,7404,11224,6582,280,1200,450,900,1251,560,,t3_finalstring
standard,13,r3,red,mid,法師,mingyun2,standard,1,2,4,2,12148,11990,11198,522.7,11.65,15.01,20.57,3,0,1,2,3,1742,1352,1119,648,4002,7852,10519,6582,1160,1200,450,566,,560,,t3_psyward
standard,13,r4,red,adc,射手,shensheng,standard,1,10,0,2,25662,8567,15612,728.7,9.84,16.46,18.11,3,1,1,3,3,572,962,2532,3811,3922,6642,14332,6582,940,5400,450,400,,560,,t3_shieldbreaker|t3_rendspear
standard,13,r5,red,sup,輔助,mingyun,standard,1,1,0,3,4419,10960,12773,596.2,9.66,12.18,15.3,4,1,2,4,4,264,1007,643,1322,4864,8037,12093,6582,340,600,750,1566,,560,1694,t3_calmveil
standard,14,b1,blue,top,坦克,tieshixin,standard,0,2,2,0,7388,19841,9512,465.5,8.71,15.44,20.04,3,1,1,2,3,592,586,1616,801,3542,5986,8766,6582,503,600,,1000,,80,,t3_calmveil|t3_thornmail
standard,14,b2,blue,jungle,刺客,binghe,standard,0,0,4,1,5898,11309,8249,403.7,8.87,17.16,,2,1,1,2,2,586,482,803,118,3786,5812,8103,6582,113,,300,,1027,80,,t3_finalstring
standard,14,b3,blue,mid,法師,bingshuang,standard,0,2,2,0,12991,11872,8775,429.4,11.28,16.21,,2,0,1,2,2,1522,476,449,595,3782,5676,8629,6582,766,1200,,,,80,,t3_psyward
standard,14,b4,blue,adc,射手,mori,standard,0,0,2,0,9944,10284,8452,413.6,8.83,19.45,,2,1,1,2,2,532,402,336,301,3882,5782,7556,6582,893,,,,,80,,t3_shieldbreaker|t3_rendspear
standard,14,b5,blue,sup,坦克,tixue,standard,0,1,3,0,3939,15442,10895,533.2,7.26,15.3,17.13,3,1,1,3,3,524,1884,918,1314,4724,7234,10498,6582,163,600,,500,,80,2572,t3_calmveil|t3_thornmail
standard,14,r1,red,top,坦克,tieshixin,standard,1,2,2,2,10231,16969,11022,539.4,8.31,12.92,17.13,3,1,2,3,3,1052,612,1526,2372,4002,7322,10176,6582,940,1200,600,300,54,500,,t3_calmveil|t3_thornmail
standard,14,r2,red,jungle,刺客,binghe,standard,1,4,1,0,7074,8480,11618,568.6,8.84,12.92,18.89,3,1,2,3,3,423,1126,572,918,4623,8306,11272,6582,233,2400,,300,1256,500,,t3_finalstring
standard,14,r3,red,mid,法師,bingshuang,standard,1,4,2,1,14588,11539,11778,576.4,10.68,13.25,19.37,3,0,2,3,3,2552,182,882,348,4812,8212,11432,6582,1100,2400,150,800,,400,,t3_psyward
standard,14,r4,red,adc,射手,mori,standard,1,3,0,3,16532,8018,11638,569.6,10.17,15.46,18.95,3,0,1,3,3,1982,1062,142,488,4142,6862,11292,6582,860,1800,750,800,,500,,t3_shieldbreaker|t3_rendspear
standard,14,r5,red,sup,坦克,tixue,standard,1,0,0,2,5628,14246,12099,592.1,7.34,13.58,17.62,4,1,2,4,4,420,500,390,798,4920,7740,11690,6582,186,,300,1300,,500,2821,t3_calmveil|t3_thornmail
standard,15,b1,blue,top,坦克,bingshouweis,standard,0,1,5,0,13511,26900,10337,427,7.96,14.43,21.78,3,1,2,2,3,1152,292,592,1186,4102,6142,7822,6582,880,,,200,,160,,t3_calmveil|t3_thornmail
standard,15,b2,blue,jungle,刺客,shanying,standard,0,0,4,0,3316,11494,9620,397.4,9.46,16.29,,2,1,1,2,2,706,622,188,1540,3906,6202,7918,6582,200,,,200,775,160,,t3_finalstring
standard,15,b3,blue,mid,法師,mingyun2,standard,0,3,8,0,14691,16545,11007,454.7,11.03,18.71,22.89,3,0,1,2,3,1512,132,352,176,3772,6632,8952,6582,810,1200,,200,,160,,t3_psyward
standard,15,b4,blue,adc,射手,leiting,standard,0,4,5,1,21919,11312,12177,503,9.47,17.97,22.03,3,1,1,2,3,212,402,312,576,3562,6082,8262,6582,520,,300,700,,160,,t3_shieldbreaker|t3_rendspear
standard,15,b5,blue,sup,輔助,linghun,standard,0,0,7,3,5441,20183,12851,530.8,6.26,13.03,14.2,4,1,3,3,4,374,434,1316,1400,4674,8434,10356,6582,110,,,1200,,160,2304,t3_calmveil
standard,15,r1,red,top,坦克,bingshouweis,standard,1,7,0,2,14188,26880,15797,652.5,6.61,12.7,16.68,5,1,2,4,5,772,212,352,2246,4622,7442,11902,6582,900,3000,600,500,,320,,t3_calmveil|t3_thornmail
standard,15,r2,red,jungle,刺客,shanying,standard,1,3,2,1,13217,14348,12214,504.5,8.25,15.23,21.22,3,1,1,2,3,1406,1234,882,1784,4606,6814,9212,6582,340,600,150,,1219,320,,t3_finalstring
standard,15,r3,red,mid,法師,mingyun2,standard,1,5,3,2,16488,14551,14180,585.8,10.34,17.13,20.94,4,0,1,2,4,1576,276,886,350,3836,6776,10286,6582,633,1800,450,500,,320,,t3_psyward
standard,15,r4,red,adc,射手,leiting,standard,1,13,3,2,41310,12798,19427,802.5,9.28,16.89,18.53,5,1,1,3,5,532,412,472,3826,3882,6092,12272,6582,770,3000,600,1000,,320,,t3_shieldbreaker|t3_rendspear
standard,15,r5,red,sup,輔助,linghun,standard,1,1,0,4,7630,15203,12450,514.3,6.14,11.25,15.51,4,1,2,3,4,1450,646,1576,1750,4850,7676,10156,6582,356,600,600,,,320,1696,t3_calmveil
standard,16,b1,blue,top,坦克,tiebi,standard,0,0,0,0,7215,21077,9106,432.8,8.21,15.23,19.83,3,1,1,3,3,352,766,106,176,3902,5816,8736,6582,940,,,1000,,213,,t3_calmveil|t3_thornmail
standard,16,b2,blue,jungle,刺客,dianguang,standard,0,0,7,0,3314,10829,8423,400.3,8.73,17.63,,2,1,1,2,2,608,633,364,822,3808,5913,7964,6582,140,,,,1028,213,,t3_finalstring
standard,16,b3,blue,mid,法師,bingshuang,standard,0,0,5,1,9997,11068,8473,402.7,10.8,19.16,,2,0,1,2,2,1382,352,472,822,3642,5782,8122,6582,660,,300,500,,80,,t3_psyward
standard,16,b4,blue,adc,射手,liangzi,standard,0,7,4,0,21859,10445,12283,583.7,9.61,17.06,19.63,3,1,1,3,3,372,562,732,782,3722,6242,11332,6582,820,3600,,250,,80,,t3_shieldbreaker|t3_rendspear
standard,16,b5,blue,sup,輔助,huanjing,standard,0,0,0,1,3938,13731,10791,512.8,7.7,11.96,16.31,4,1,2,3,4,738,280,1340,390,4738,7310,10380,6582,400,,300,750,54,213,2080,t3_calmveil
standard,16,r1,red,top,坦克,tiebi,standard,1,3,0,0,7534,20249,11698,555.9,9.95,13.55,17.56,3,1,2,3,3,92,617,1097,1767,3942,6767,10547,6582,1025,1200,,1300,,440,,t3_calmveil|t3_thornmail
standard,16,r2,red,jungle,刺客,dianguang,standard,1,1,2,2,5255,11115,10242,486.8,8.99,16.04,,2,1,1,2,2,894,927,1254,1912,4094,6507,9584,6582,230,600,450,300,981,440,,t3_finalstring
standard,16,r3,red,mid,法師,bingshuang,standard,1,8,3,1,19891,11311,14338,681.4,9.97,14.67,18.48,3,1,2,3,3,172,357,1857,1857,4022,7907,12887,6582,1065,4200,,800,,240,,t3_psyward
standard,16,r4,red,adc,射手,liangzi,standard,1,2,1,1,13253,8000,10536,500.7,10.01,19.86,20.53,3,0,1,2,3,1596,426,486,536,3756,6106,9386,6582,813,600,150,800,,440,,t3_shieldbreaker|t3_rendspear
standard,16,r5,red,sup,輔助,huanjing,standard,1,2,1,2,6088,12428,12176,578.7,9.63,13.18,13.18,4,1,3,4,4,180,566,746,726,4780,9606,11626,6582,306,1200,300,800,,440,1996,t3_calmveil
standard,17,b1,blue,top,坦克,shengdun,standard,0,1,5,1,10690,26630,11790,473.4,9.34,14.79,20.02,3,1,2,2,3,712,111,1091,2200,3662,6361,8521,6582,560,,300,600,18,460,,t3_calmveil|t3_thornmail
standard,17,b2,blue,jungle,戰士,tielian,standard,0,0,4,1,5367,19154,10930,438.8,9.32,15.99,22.59,3,1,1,2,3,878,929,743,729,3978,6409,8973,6582,540,,300,100,990,460,,t3_finalstring|t3_shieldbreaker
standard,17,b3,blue,mid,法師,mingyun2,standard,0,3,8,0,24059,17585,12192,489.5,10.76,15.28,24.28,3,0,1,2,3,1522,502,42,862,3782,7002,9322,6582,580,600,,1100,,460,,t3_psyward
standard,17,b4,blue,adc,射手,shengyan,standard,0,6,5,1,25960,12456,13835,555.5,9.86,17.77,20.72,4,1,1,2,4,446,116,1326,615,3796,5796,9906,6582,763,1800,,600,,160,,t3_shieldbreaker|t3_rendspear
standard,17,b5,blue,sup,坦克,dadi,standard,0,1,4,0,9726,22509,12729,511,6.59,12.33,17.77,4,1,2,3,4,370,449,839,528,4870,7689,10819,6582,276,600,,100,18,460,2781,t3_calmveil|t3_thornmail
standard,17,r1,red,top,坦克,shengdun,standard,1,9,1,2,17228,24766,16942,680.2,8.17,13.63,17.63,5,1,2,3,5,272,652,602,3292,4222,7942,10632,6582,740,2400,,750,,160,,t3_calmveil|t3_thornmail
standard,17,r2,red,jungle,戰士,tielian,standard,1,3,1,5,15042,20796,13983,561.4,8.97,15.63,20.05,4,1,1,2,4,1005,1910,2315,683,4105,7390,10915,6582,266,1800,600,250,1256,160,,t3_finalstring|t3_shieldbreaker
standard,17,r3,red,mid,法師,mingyun2,standard,1,3,5,1,15693,15806,12560,504.2,11.08,17.71,22.52,3,0,1,2,3,1662,80,80,480,3922,6580,9060,6582,900,600,300,500,18,160,,t3_psyward
standard,17,r4,red,adc,射手,shengyan,standard,1,10,3,2,35834,12244,17585,706,9.98,14.42,21.33,5,1,2,2,5,626,316,1496,1985,3976,7516,10076,6582,1033,1800,,500,,160,,t3_shieldbreaker|t3_rendspear
standard,17,r5,red,sup,坦克,dadi,standard,1,1,1,1,6150,20609,12521,502.7,7.12,10.8,17.03,4,1,2,3,4,603,591,371,920,5103,7831,9751,6582,339,600,300,,,160,1768,t3_calmveil|t3_thornmail
standard,18,b1,blue,top,坦克,shiqiang,standard,1,0,2,1,7956,17294,9752,435.2,8.87,15.33,20.34,3,1,1,2,3,712,522,1152,622,3662,5922,8442,6582,480,,,900,,480,,t3_calmveil|t3_thornmail
standard,18,b2,blue,jungle,戰士,greymantle,standard,1,2,1,1,7844,13119,11955,533.5,10.43,15.31,20.47,3,0,1,2,3,1964,1773,1101,1404,3964,6953,9701,6582,373,600,300,400,865,580,,t3_finalstring|t3_shieldbreaker
standard,18,b3,blue,mid,法師,bingshuang,standard,1,2,0,1,17654,13947,10712,478,10.91,16.29,,2,0,1,2,2,1582,382,302,1312,3842,6282,9702,6582,640,1200,300,400,,580,,t3_psyward
standard,18,b4,blue,adc,射手,mirrorshot,standard,1,4,2,1,19584,10961,13192,588.7,10.13,14.86,18.81,4,0,2,3,4,1782,222,862,292,3942,7422,11082,6582,920,1800,300,900,,580,,t3_shieldbreaker|t3_rendspear
standard,18,b5,blue,sup,坦克,ironclad,standard,1,2,0,2,5251,16343,12935,577.3,6.23,11,15.33,4,1,2,4,4,1270,1328,286,735,5470,8568,11886,6582,226,1200,600,400,18,580,2278,t3_calmveil|t3_thornmail
standard,18,r1,red,top,坦克,shiqiang,standard,0,2,1,1,6091,19854,11415,509.4,9.55,13.75,18.02,4,1,2,3,4,792,452,1002,465,3742,6682,9552,6582,720,1200,300,750,,0,,t3_calmveil|t3_thornmail
standard,18,r2,red,jungle,戰士,greymantle,standard,0,1,2,0,6520,13456,9536,425.5,9.53,16.83,22.06,3,1,1,2,3,790,861,347,135,3890,6091,7847,6582,230,,,,1034,0,,t3_finalstring|t3_shieldbreaker
standard,18,r3,red,mid,法師,bingshuang,standard,0,0,3,0,11653,13654,9005,401.9,10.76,19.64,,2,0,1,2,2,1442,262,352,305,3702,5592,8182,6582,850,,,750,,0,,t3_psyward
standard,18,r4,red,adc,射手,mirrorshot,standard,0,1,3,1,17873,12016,9165,409,10.07,19.15,,2,0,1,2,2,1566,196,236,415,3726,5696,7456,6582,873,,,,,0,,t3_shieldbreaker|t3_rendspear
standard,18,r5,red,sup,坦克,ironclad,standard,0,1,1,1,5691,19199,11114,496,7.35,13.4,17.27,3,1,2,3,3,210,251,711,1533,4710,7631,10291,6582,246,600,300,500,,0,2061,t3_calmveil|t3_thornmail
standard,19,b1,blue,top,坦克,tiemu,standard,0,0,2,0,5557,18380,8503,426.4,9.11,15.83,19.14,3,1,1,,3,832,712,,353,3782,5762,,,,,,,,,,t3_calmveil|t3_thornmail
standard,19,b2,blue,jungle,戰士,chichuan,standard,0,1,1,0,3433,11930,8453,423.9,8.71,15.99,,2,1,1,,2,148,986,,473,3898,6536,,,,,,,,,,t3_shieldbreaker|t3_finalstring
standard,19,b3,blue,mid,法師,lieyan,standard,0,2,2,0,14683,12184,9333,468,10.64,16.83,,2,0,1,,2,1592,1032,,753,3852,6412,,,,,,,,,,t3_psyward
standard,19,b4,blue,adc,射手,hanbing,standard,0,0,3,0,9355,10224,7303,366.2,9.78,18.93,,2,1,1,,2,332,402,,83,3682,5602,,,,,,,,,,t3_shieldbreaker|t3_rendspear
standard,19,b5,blue,sup,輔助,xuemai,standard,0,0,1,0,4534,13979,9464,474.6,6.14,11.48,16.29,3,1,2,,3,414,694,,424,4714,7724,,,,,,,,,,t3_calmveil
standard,19,r1,red,top,坦克,tiemu,standard,1,2,0,0,8287,18093,9847,493.8,8.48,14.01,18.26,3,1,2,,3,972,36,,396,3922,6186,,,,,,,,,,t3_calmveil|t3_thornmail
standard,19,r2,red,jungle,戰士,chichuan,standard,1,4,0,1,9010,11547,12419,622.8,6.8,11.54,17.08,3,1,2,,3,392,320,,2569,5522,8270,,,,,,,,,,t3_shieldbreaker|t3_finalstring
standard,19,r3,red,mid,法師,lieyan,standard,1,3,2,1,15455,10474,11143,558.8,10.56,15.21,18.93,3,0,1,,3,2042,1142,,593,4302,7642,,,,,,,,,,t3_psyward
standard,19,r4,red,adc,射手,hanbing,standard,1,0,0,1,12882,7821,9377,470.2,9.75,17.13,,2,1,1,,2,432,836,,476,3782,6516,,,,,,,,,,t3_shieldbreaker|t3_rendspear
standard,19,r5,red,sup,輔助,xuemai,standard,1,0,1,3,3795,10410,11882,595.8,6.62,12.59,17.47,4,1,2,,4,784,977,,501,4784,7707,,,,,,,,,,t3_calmveil
standard,20,b1,blue,top,坦克,longji,standard,1,1,2,0,12671,23226,11182,452.7,8.78,13.79,21.3,3,1,2,2,3,272,132,1012,1152,4222,6542,8302,6582,560,600,,400,,160,,t3_calmveil|t3_thornmail
standard,20,b2,blue,jungle,戰士,dadi2,standard,1,2,2,0,11230,17881,11669,472.4,8.34,16.51,21.25,3,1,1,2,3,779,2103,861,638,3879,7583,9461,6582,143,1200,,400,775,360,,t3_finalstring|t3_shieldbreaker
standard,20,b3,blue,mid,法師,shikong,standard,1,3,5,2,20575,14182,12822,519.1,9.73,18.2,23.13,3,1,1,2,3,152,302,412,1222,4002,6802,8562,6582,920,,300,400,,360,,t3_psyward
standard,20,b4,blue,adc,射手,tianfa,standard,1,4,6,0,26536,12752,12325,499,8.88,16.83,22.47,3,1,1,2,3,516,626,726,525,3866,6426,8106,6582,763,,,400,,360,,t3_shieldbreaker|t3_rendspear
standard,20,b5,blue,sup,坦克,tiemu,standard,1,0,0,2,8506,20113,13489,546.1,8.49,13.8,15.54,4,1,2,3,4,977,1117,590,1289,4877,8357,10570,6582,293,,300,400,,360,2634,t3_calmveil|t3_thornmail
standard,20,r1,red,top,坦克,longji,standard,0,3,0,1,11683,26306,12902,522.3,8.66,12.5,19.29,4,1,2,3,4,872,92,372,652,3822,7382,9322,6582,880,1200,,500,,160,,t3_calmveil|t3_thornmail
standard,20,r2,red,jungle,戰士,dadi2,standard,0,1,0,2,14676,21301,11690,473.3,7.74,16.07,20.53,3,1,1,2,3,280,1124,1202,890,4080,6604,9432,6582,480,600,150,,1459,160,,t3_finalstring|t3_shieldbreaker
standard,20,r3,red,mid,法師,shikong,standard,0,4,4,2,21721,14916,13572,549.5,11.65,19.46,21.29,4,0,1,2,4,1402,72,282,222,3662,5672,8612,6582,820,600,450,,,160,,t3_psyward
standard,20,r4,red,adc,射手,tianfa,standard,0,7,5,0,23467,12969,14232,576.2,9.8,18.93,21.35,4,1,1,2,4,222,12,452,1012,3572,5512,9032,6582,690,600,,1000,,160,,t3_shieldbreaker|t3_rendspear
standard,20,r5,red,sup,坦克,tiemu,standard,0,0,1,1,5873,21860,11671,472.5,6.71,12.9,18.65,4,1,2,3,4,524,414,592,371,4724,7194,9972,6582,210,,300,,,160,2719,t3_calmveil|t3_thornmail
standard,21,b1,blue,top,坦克,tixue,standard,0,0,4,0,9594,26628,8735,358,8.41,17.12,23.48,3,1,1,2,3,792,312,306,204,3742,5462,7156,6582,573,,,,,0,,t3_calmveil|t3_thornmail
standard,21,b2,blue,jungle,戰士,fengbao,standard,0,1,6,1,12059,25922,10064,412.5,9.07,17.26,23.54,3,1,1,2,3,998,541,247,464,4098,6021,8477,6582,403,600,150,,741,0,,t3_finalstring|t3_shieldbreaker
standard,21,b3,blue,mid,法師,lieyan,standard,0,1,6,0,19936,16353,10131,415.2,10.53,19.42,,2,0,1,2,2,1542,512,252,851,3802,5542,8652,6582,720,600,,750,,0,,t3_psyward
standard,21,b4,blue,adc,射手,dawnstrike,standard,0,6,8,0,20180,14367,12391,507.8,10.04,18.18,21.57,3,0,1,2,3,2022,162,942,1591,4182,5962,9092,6582,460,1800,,250,,0,,t3_shieldbreaker|t3_rendspear
standard,21,b5,blue,sup,坦克,stoneguard,standard,0,0,4,1,7375,24385,12069,494.6,7.72,12.39,16.61,4,1,2,3,4,744,436,430,708,4944,7816,10010,6582,243,,150,1000,,0,2034,t3_calmveil|t3_thornmail
standard,21,r1,red,top,坦克,tixue,standard,1,3,0,3,15048,24274,13000,532.8,9.14,12.78,17.08,4,1,2,3,4,1791,161,467,1349,4741,7451,10497,6582,1018,1200,450,666,,580,,t3_calmveil|t3_thornmail
standard,21,r2,red,jungle,戰士,fengbao,standard,1,11,0,3,27545,18896,18179,745,9.07,12.75,15.83,5,1,2,4,5,1325,541,436,2878,4425,8541,13316,6582,215,3600,900,500,938,580,,t3_finalstring|t3_shieldbreaker
standard,21,r3,red,mid,法師,lieyan,standard,1,3,5,1,23967,12258,12821,525.5,10.02,15.62,,2,0,1,2,2,1722,952,572,3421,3982,7452,9552,6582,640,1200,150,500,,480,,t3_psyward
standard,21,r4,red,adc,射手,dawnstrike,standard,1,10,3,2,32770,11941,18460,756.5,8.71,16.29,18.97,5,1,1,3,5,827,1771,1487,2859,4177,7571,12337,6582,1008,2400,600,1166,,580,,t3_shieldbreaker|t3_rendspear
standard,21,r5,red,sup,坦克,stoneguard,standard,1,1,0,10,9234,22169,15622,640.2,6.59,12.74,16.16,5,1,2,4,5,275,1222,239,2021,5075,8462,11839,6582,278,600,600,666,,580,2532,t3_calmveil|t3_thornmail
standard,22,b1,blue,top,坦克,suishan,standard,1,0,0,0,5103,14973,7756,408.9,9.06,16.27,,2,1,1,,2,872,502,,1005,3822,5802,,,,,,,,,,t3_calmveil|t3_thornmail
standard,22,b2,blue,jungle,戰士,anliuyouXia,standard,1,0,0,0,5339,9633,8751,461.4,8.94,17.73,,2,1,1,,2,770,1140,,800,3870,6270,,,,,,,,,,t3_shieldbreaker|t3_finalstring
standard,22,b3,blue,mid,法師,shikong,standard,1,3,2,0,11379,10524,10582,557.9,10.04,14.5,,2,0,2,,2,1662,359,,1532,3922,7909,,,,,,,,,,t3_psyward
standard,22,b4,blue,adc,射手,yanfeng,standard,1,2,0,1,13490,8483,9712,512.1,8.99,17.8,,2,1,1,,2,472,709,,812,3822,6389,,,,,,,,,,t3_shieldbreaker|t3_rendspear
standard,22,b5,blue,sup,輔助,shengming,standard,1,0,0,0,3403,11097,10665,562.3,7.67,11.39,14.88,3,1,3,,3,264,62,,1435,4864,8542,,,,,,,,,,t3_calmveil
standard,22,r1,red,top,坦克,suishan,standard,0,1,0,1,6359,14082,8709,459.2,6.89,14.68,18.74,3,1,2,,3,1292,136,,158,4242,6286,,,,,,,,,,t3_calmveil|t3_thornmail
standard,22,r2,red,jungle,戰士,anliuyouXia,standard,0,1,1,0,5102,13708,8082,426.1,8.07,15.21,,2,1,1,,2,878,1264,,432,3978,6694,,,,,,,,,,t3_shieldbreaker|t3_finalstring
standard,22,r3,red,mid,法師,shikong,standard,0,0,1,1,10798,9902,8249,434.9,9.88,17.6,,2,1,1,,2,112,366,,218,3962,6566,,,,,,,,,,t3_psyward
standard,22,r4,red,adc,射手,yanfeng,standard,0,0,2,0,7918,7695,6936,365.7,10.13,,,1,0,1,,1,1422,442,,1255,3582,5522,,,,,,,,,,t3_shieldbreaker|t3_rendspear
standard,22,r5,red,sup,輔助,shengming,standard,0,0,1,0,3215,11662,10277,541.8,7.38,12.58,15.28,3,1,2,,3,404,564,,1046,4704,7294,,,,,,,,,,t3_calmveil
standard,23,b1,blue,top,坦克,thornwall,standard,0,0,2,0,6787,24764,9000,393.7,8.07,14.63,21.76,3,1,2,2,3,372,42,809,449,3922,6192,8039,6582,776,,,500,,180,,t3_calmveil|t3_thornmail
standard,23,b2,blue,jungle,戰士,embercoil,standard,0,1,4,0,9477,20046,9750,426.5,9.23,16.17,,2,1,1,2,2,893,1215,353,1569,3993,6645,8533,6582,323,600,,,847,180,,t3_shieldbreaker|t3_finalstring
standard,23,b3,blue,mid,法師,lieyan,standard,0,0,5,0,12782,14249,9483,414.9,10.43,19.05,,2,0,1,2,2,1482,212,132,883,3742,5662,7982,6582,720,,,500,,180,,t3_psyward
standard,23,b4,blue,adc,射手,siwang,standard,0,4,5,1,20118,11276,11820,517.1,9.14,17.96,20.63,3,1,1,2,3,332,452,869,869,3682,6132,9719,6582,606,1800,150,500,,80,,t3_shieldbreaker|t3_rendspear
standard,23,b5,blue,sup,輔助,mingyun,standard,0,0,3,2,5928,16070,10484,458.6,5.51,11.45,16.6,3,1,2,3,3,240,346,1023,1443,4840,7376,9483,6582,253,,450,,,180,2017,t3_calmveil
standard,23,r1,red,top,坦克,thornwall,standard,1,2,0,1,11240,26461,11290,493.9,8.83,14.08,18.52,3,1,2,3,3,746,366,306,1359,3696,6696,9636,6582,553,1200,,900,,400,,t3_calmveil|t3_thornmail
standard,23,r2,red,jungle,戰士,embercoil,standard,1,4,0,0,10392,13345,12857,562.4,8.91,16.16,21.48,4,1,1,2,4,954,1308,1552,406,4054,6738,10102,6582,283,1200,,400,1236,400,,t3_shieldbreaker|t3_finalstring
standard,23,r3,red,mid,法師,lieyan,standard,1,6,2,2,18390,13689,14380,629.1,9.88,17.66,19.7,3,1,1,3,3,146,56,246,2299,3996,6556,11096,6582,1013,2400,300,400,,400,,t3_psyward
standard,23,r4,red,adc,射手,siwang,standard,1,7,2,1,29223,8372,13973,611.3,9.03,17.47,20.63,3,1,1,2,3,442,592,1652,2593,3792,6272,10552,6582,770,2400,,400,,400,,t3_shieldbreaker|t3_rendspear
standard,23,r5,red,sup,輔助,mingyun,standard,1,0,1,2,6289,12254,11954,523,5.52,12.71,15.52,3,1,2,3,3,764,680,1200,2724,4764,7710,10430,6582,300,,300,900,,400,1947,t3_calmveil
standard,24,b1,blue,top,坦克,ironclad,standard,0,1,4,1,8382,30460,11828,466.4,9.98,16.25,18.28,4,1,1,3,4,127,817,417,578,3677,6117,9447,6582,775,600,,1250,,240,,t3_calmveil|t3_thornmail
standard,24,b2,blue,jungle,戰士,hunpo,standard,0,3,6,1,6976,12433,12447,490.8,10.21,15.73,23.98,3,0,1,2,3,1905,439,220,716,4115,6019,9470,6582,283,1200,100,,1064,240,,t3_psyward
standard,24,b3,blue,mid,法師,shikong,standard,0,7,5,1,20161,16608,15083,594.8,10.72,17.05,22.51,4,0,1,2,4,1572,122,2172,1253,3832,5752,9822,6582,850,1800,100,250,,240,,t3_psyward
standard,24,b4,blue,adc,射手,maestro,standard,0,13,3,7,57295,13567,19237,758.6,10.01,16.07,20.73,5,0,1,2,5,1686,666,2656,3636,3846,6466,11236,6582,713,2400,1050,250,,240,,t3_shieldbreaker|t3_rendspear
standard,24,b5,blue,sup,坦克,tixue,standard,0,0,3,5,7745,28363,12704,501,6.47,11.95,15.93,4,1,2,3,4,212,453,1143,1424,4912,7733,10623,6582,258,,850,750,,240,1942,t3_calmveil|t3_thornmail
standard,24,r1,red,top,坦克,ironclad,standard,1,1,3,1,7838,29454,11946,471.1,8.86,15.68,21.23,4,1,1,2,4,222,792,1215,695,3772,6092,8445,6582,586,,,900,36,340,,t3_calmveil|t3_thornmail
standard,24,r2,red,jungle,戰士,hunpo,standard,1,6,4,2,16147,14095,15811,623.5,8.82,15.74,19.8,4,1,1,3,4,93,1663,221,1460,5373,8113,11021,6582,276,1800,150,400,1472,340,,t3_psyward
standard,24,r3,red,mid,法師,shikong,standard,1,3,9,0,15216,14318,12597,496.7,10.63,19.02,24.03,3,0,1,2,3,1422,272,152,1166,3682,6202,8002,6582,780,,,400,,240,,t3_psyward
standard,24,r4,red,adc,射手,maestro,standard,1,8,6,2,37445,13624,15930,628.2,9.98,17.23,20.73,4,1,1,2,4,496,556,349,2709,3846,6356,8929,6582,856,600,150,400,,340,,t3_shieldbreaker|t3_rendspear
standard,24,r5,red,sup,坦克,tixue,standard,1,3,2,6,9954,26071,16207,639.1,7.09,10.87,14.23,5,1,3,4,5,1596,546,162,2706,5696,9346,12262,6582,179,1200,600,900,36,340,2424,t3_calmveil|t3_thornmail
standard,25,b1,blue,top,坦克,tieshixin,standard,0,0,11,0,15344,50284,14426,413.9,8.69,15.73,20.58,5,1,1,2,5,252,342,332,875,3802,5642,7962,6582,800,,,500,,80,,t3_calmveil|t3_thornmail
standard,25,b2,blue,jungle,戰士,ravager,standard,0,0,14,0,9178,37177,13930,399.7,8.11,16.83,24.39,4,1,1,2,4,144,721,427,680,3894,6151,8127,6582,310,,,,1154,80,,t3_shieldbreaker|t3_finalstring
standard,25,b3,blue,mid,法師,xingjie,standard,0,11,11,0,47280,27133,21159,607.1,11.09,16.77,23.04,5,0,1,2,5,1442,602,332,5009,3702,6202,8762,6582,1000,600,,500,,80,,t3_psyward
standard,25,b4,blue,adc,射手,liuxing,standard,0,18,13,2,98243,19409,24642,707.1,8.4,17.97,21.73,5,1,1,2,5,712,472,282,9042,4062,6152,8532,6582,1020,600,,250,,80,,t3_shieldbreaker|t3_rendspear
standard,25,b5,blue,sup,輔助,mingyunyindao,standard,0,0,10,4,11063,37275,16789,481.8,7.14,11.81,16.76,5,1,2,3,5,384,422,712,3589,4684,7452,9752,6582,270,,,750,,80,2070,t3_calmveil
standard,25,r1,red,top,坦克,tieshixin,standard,1,5,2,0,21736,47968,18482,530.3,8.93,13.14,16.98,5,1,2,3,5,166,356,1716,4932,3716,7586,11646,6582,833,3000,,750,,480,,t3_calmveil|t3_thornmail
standard,25,r2,red,jungle,戰士,ravager,standard,1,18,2,2,46059,28934,28630,821.5,9.45,15.34,16.41,5,1,1,4,5,522,2536,554,13380,4752,7966,13954,6582,440,3600,600,750,1501,480,,t3_shieldbreaker|t3_finalstring
standard,25,r3,red,mid,法師,xingjie,standard,1,12,12,3,45920,25326,21856,627.1,9.75,17.61,21.73,5,1,1,2,5,172,492,206,5705,4022,6422,9606,6582,993,600,450,500,,480,,t3_psyward
standard,25,r4,red,adc,射手,liuxing,standard,1,23,10,4,115152,21174,29256,839.5,9.39,15.69,18.92,5,1,1,3,5,392,1442,176,13655,3742,7122,11556,6582,693,2400,900,500,,480,,t3_shieldbreaker|t3_rendspear
standard,25,r5,red,sup,輔助,mingyunyindao,standard,1,1,3,6,11367,25901,18565,532.7,5.78,10.97,14.58,5,1,3,3,5,600,275,1568,5365,5450,8455,10798,6582,319,600,450,500,,480,1866,t3_calmveil
standard,26,b1,blue,top,坦克,tiankong,standard,0,0,7,0,7640,25018,8868,395.6,8.48,17.16,20.69,3,1,1,2,3,612,232,426,418,3562,5282,8056,6582,473,,,1000,,0,,t3_calmveil|t3_thornmail
standard,26,b2,blue,jungle,戰士,xueyue,standard,0,0,3,0,7539,19986,8858,395.2,8.82,17.03,,2,1,1,2,2,887,421,88,678,3987,5851,7918,6582,306,,,,1029,0,,t3_shieldbreaker|t3_finalstring
standard,26,b3,blue,mid,法師,auralith,standard,0,1,6,0,15035,14586,9115,406.6,11.36,17.29,,2,0,1,2,2,1382,1772,472,414,3642,6622,8302,6582,620,600,,500,,0,,t3_psyward
standard,26,b4,blue,adc,射手,guangsu,standard,0,3,3,1,17215,11895,10818,482.6,9.28,18.4,,2,1,1,2,2,362,572,236,2068,3712,5772,8686,6582,703,600,300,500,,0,,t3_shieldbreaker|t3_rendspear
standard,26,b5,blue,sup,輔助,shiguang,standard,0,0,3,0,4314,18099,10118,451.4,6.6,11.57,16.15,3,1,2,3,3,727,465,246,1078,4727,7495,9286,6582,256,,,500,17,0,1929,t3_calmveil
standard,26,r1,red,top,坦克,tiankong,standard,1,5,0,1,11568,20241,13491,601.8,8.29,14.92,19.22,4,1,2,3,4,222,202,282,1341,3772,6532,9132,6582,590,1200,,200,,560,,t3_calmveil|t3_thornmail
standard,26,r2,red,jungle,戰士,xueyue,standard,1,5,0,2,12412,14225,13343,595.2,8.48,15.94,18.29,3,1,1,3,3,328,2032,426,1992,4558,7462,11776,6582,120,3000,450,200,864,560,,t3_shieldbreaker|t3_finalstring
standard,26,r3,red,mid,法師,auralith,standard,1,1,2,1,19082,12464,10868,484.8,11.15,16.79,,2,0,1,2,2,1702,276,1146,1468,3962,6776,9176,6582,1033,,300,700,,560,,t3_psyward
standard,26,r4,red,adc,射手,guangsu,standard,1,11,2,4,44918,9838,17991,802.6,9.91,15.03,18.33,5,1,1,3,5,372,1462,402,2391,3722,7142,11782,6582,740,2400,300,1200,,560,,t3_shieldbreaker|t3_rendspear
standard,26,r5,red,sup,輔助,shiguang,standard,1,0,0,4,5068,14506,11808,526.8,5.68,11.38,16.84,4,1,2,3,4,734,649,879,428,4734,7679,10109,6582,156,,750,200,,560,1860,t3_calmveil
standard,27,b1,blue,top,坦克,tiebi,standard,1,2,1,0,21674,34129,13630,472.6,7.6,14.2,20.78,4,1,2,2,4,256,376,1369,1380,4506,6326,8659,6582,896,600,,500,,80,,t3_calmveil|t3_thornmail
standard,27,b2,blue,jungle,戰士,ronggang,standard,1,0,3,0,18397,25728,12095,419.4,7.88,16.93,24.03,3,1,1,2,3,355,807,676,1064,4155,6287,8376,6582,670,,,,1044,80,,t3_finalstring|t3_shieldbreaker
standard,27,b3,blue,mid,法師,xingjie,standard,1,5,8,1,25632,21711,15887,550.8,11.33,17.55,23.25,4,0,1,2,4,1576,396,436,1656,3836,6296,9236,6582,973,600,,1000,,80,,t3_psyward
standard,27,b4,blue,adc,射手,mori,standard,1,10,7,0,43284,17590,18214,631.5,9.36,18.02,22.18,5,1,1,2,5,609,229,922,2613,3959,6029,9502,6582,890,1200,,750,,80,,t3_shieldbreaker|t3_rendspear
standard,27,b5,blue,sup,坦克,tixue,standard,1,0,5,1,8204,32241,13654,473.4,6.18,12.72,17.33,4,1,2,3,4,353,923,223,1454,4853,7563,10203,6582,249,,300,250,,80,2740,t3_calmveil|t3_thornmail
standard,27,r1,red,top,坦克,tiebi,standard,0,2,0,4,24077,34375,14620,506.9,9.23,15.09,20.23,5,1,1,2,5,926,869,1499,970,3876,6269,8789,6582,806,,,1000,,400,,t3_calmveil|t3_thornmail
standard,27,r2,red,jungle,戰士,ronggang,standard,0,3,0,2,16489,20610,15619,541.6,7.67,15.06,19.96,4,1,1,3,4,296,2069,141,2319,4096,6949,9741,6582,253,600,,500,1405,400,,t3_finalstring|t3_shieldbreaker
standard,27,r3,red,mid,法師,xingjie,standard,0,9,7,0,28753,19205,17020,590.1,9.57,16.74,21.13,5,1,1,2,5,186,669,309,870,4036,7169,9709,6582,1026,1200,,500,,400,,t3_psyward
standard,27,r4,red,adc,射手,mori,standard,0,9,8,3,43134,17484,17257,598.3,9.57,17.14,22.65,5,1,1,2,5,336,586,346,1656,3686,6086,8446,6582,663,,300,500,,400,,t3_shieldbreaker|t3_rendspear
standard,27,r5,red,sup,坦克,tixue,standard,0,1,2,1,12849,29894,13688,474.6,6.99,12.49,17.33,4,1,2,3,4,954,417,517,1488,4854,7657,9897,6582,250,,300,500,,400,1864,t3_calmveil|t3_thornmail
standard,28,b1,blue,top,坦克,xukong,standard,0,0,2,0,7680,22870,9554,437.3,9.24,16.94,20.09,3,1,1,2,3,722,252,2082,544,3672,5652,8932,6582,850,,,1500,,0,,t3_calmveil|t3_thornmail
standard,28,b2,blue,jungle,刺客,yueying,standard,0,0,5,1,5468,11746,8903,407.5,8.65,17.48,,2,1,1,2,2,674,476,43,472,3874,5806,8173,6582,100,,300,,1190,0,,t3_finalstring
standard,28,b3,blue,mid,法師,auralith,standard,0,0,3,1,12104,14570,9424,431.3,10.54,18.76,,2,0,1,2,2,1502,62,322,544,3762,5962,8722,6582,840,,300,1000,,0,,t3_psyward
standard,28,b4,blue,adc,射手,leiting,standard,0,5,2,0,17802,11821,11862,542.9,8.7,15.5,19.08,3,1,1,3,3,710,1340,90,362,4060,7140,10640,6582,1050,2400,,500,108,0,,t3_shieldbreaker|t3_rendspear
standard,28,b5,blue,sup,坦克,ironclad,standard,0,1,2,1,3953,23289,11342,519.1,7.1,13.12,15.11,4,1,2,3,4,544,1144,1100,142,4744,8244,10680,6582,240,600,300,500,,0,2457,t3_calmveil|t3_thornmail
standard,28,r1,red,top,坦克,xukong,standard,1,3,0,1,14335,20909,12864,588.8,8.13,15.26,16.87,4,1,1,3,4,852,1422,1212,614,3802,6822,11242,6582,1050,1200,300,1550,,560,,t3_calmveil|t3_thornmail
standard,28,r2,red,jungle,刺客,yueying,standard,1,2,4,1,7682,9112,12508,572.4,10.3,15.43,17.61,3,0,1,3,3,2536,2314,642,1807,4466,7644,11342,6582,173,1200,100,800,1926,560,,t3_finalstring
standard,28,r3,red,mid,法師,auralith,standard,1,1,0,1,19053,9442,10254,469.3,10.41,19.07,,2,0,1,2,2,1522,372,782,1454,3782,6122,8632,6582,840,,100,550,,560,,t3_psyward
standard,28,r4,red,adc,射手,leiting,standard,1,6,1,2,20202,9880,12728,582.5,9.65,15.75,19.44,3,1,1,3,3,402,752,486,927,3752,6552,10706,6582,663,2400,200,300,,560,,t3_shieldbreaker|t3_rendspear
standard,28,r5,red,sup,坦克,ironclad,standard,1,2,1,2,5104,14295,13214,604.7,6.31,12.2,17.23,4,1,2,4,4,880,1080,892,1013,4780,8320,12192,6582,233,1200,200,800,,560,2616,t3_calmveil|t3_thornmail
standard,29,b1,blue,top,坦克,shiqiang,standard,0,1,2,0,7414,22174,9296,434.2,7.97,15.21,18.43,3,1,1,3,3,272,842,372,366,4422,6142,8822,6582,560,600,,1000,,80,,t3_calmveil|t3_thornmail
standard,29,b2,blue,jungle,刺客,leisuhunter,standard,0,0,2,0,5928,10067,8495,396.8,8.73,17.08,,2,1,1,2,2,132,434,236,415,3982,6014,7966,6582,260,,,,1044,80,,t3_finalstring
standard,29,b3,blue,mid,法師,xingjie,standard,0,4,6,0,11932,14461,11536,538.9,10.65,16.51,20.87,3,0,1,2,3,1762,232,982,906,4022,5862,9862,6582,1000,1200,,1000,,80,,t3_psyward
standard,29,b4,blue,adc,射手,liangzi,standard,0,4,3,1,19865,12002,11943,557.9,8.29,15.71,19.83,3,1,1,3,3,629,1039,109,442,3979,6239,10029,6582,816,1800,,750,,80,,t3_shieldbreaker|t3_rendspear
standard,29,b5,blue,sup,輔助,huanjing,standard,0,0,3,2,4964,17353,10725,501,6.5,12.27,15.92,3,1,2,3,3,827,557,911,1684,4827,7287,9951,6582,323,,300,250,,80,2415,t3_calmveil
standard,29,r1,red,top,坦克,shiqiang,standard,1,7,0,0,11933,21364,14289,667.5,8.84,11.61,15.07,4,1,2,4,4,1932,1632,946,2159,4882,8862,12476,6582,553,4200,,600,,540,,t3_calmveil|t3_thornmail
standard,29,r2,red,jungle,刺客,leisuhunter,standard,1,4,1,2,9514,10475,12755,595.8,7.84,12.59,17.42,3,1,2,3,3,430,142,902,1675,4280,8172,11982,6582,160,2400,450,600,1249,540,,t3_finalstring
standard,29,r3,red,mid,法師,xingjie,standard,1,0,4,4,12370,12238,10343,483.1,10.72,16.04,,2,0,1,2,2,1826,1046,169,942,4086,7246,9569,6582,846,,1050,850,,240,,t3_psyward
standard,29,r4,red,adc,射手,liangzi,standard,1,5,4,0,17315,9708,11916,556.6,10.24,17.57,20.87,3,0,1,2,3,1522,222,642,1616,3682,5902,9542,6582,620,1200,,600,,540,,t3_shieldbreaker|t3_rendspear
standard,29,r5,red,sup,輔助,huanjing,standard,1,0,0,1,6941,9677,11685,545.8,7.06,11.13,16.5,3,1,2,3,3,1030,458,1871,2645,4730,7488,10911,6582,139,,300,1350,,540,1999,t3_calmveil
standard,30,b1,blue,top,坦克,tiemu,standard,1,0,1,0,14142,26024,11464,445.1,8.94,15.1,20.09,4,1,1,2,4,1026,1086,566,514,3976,6236,8296,6582,853,,,500,,360,,t3_calmveil|t3_thornmail
standard,30,b2,blue,jungle,刺客,duskblade,standard,1,2,6,0,10290,16224,12583,488.5,8.93,16.48,20.33,3,1,1,2,3,811,1224,1096,1702,4011,6554,9526,6582,373,1200,,,1010,360,,t3_finalstring
standard,30,b3,blue,mid,法師,gambler,standard,1,8,4,1,24385,17174,15891,616.9,8.57,15.38,20.54,4,1,1,2,4,686,976,1556,1660,4536,7476,10636,6582,793,1800,300,1000,,160,,t3_psyward
standard,30,b4,blue,adc,射手,shengyan,standard,1,9,4,1,33385,16576,16231,630.1,8.36,15.98,19.9,5,1,1,3,5,606,356,336,630,3956,6156,10416,6582,873,1800,300,500,,360,,t3_shieldbreaker|t3_rendspear
standard,30,b5,blue,sup,坦克,dadi,standard,1,0,4,1,7665,22759,12323,478.4,6.58,13.98,19.59,4,1,2,3,4,310,450,235,943,4810,7250,9775,6582,186,,,500,,360,2145,t3_calmveil|t3_thornmail
standard,30,r1,red,top,坦克,tiemu,standard,0,5,0,1,16215,25663,14384,558.4,7.74,14.77,16.27,5,1,2,3,5,872,992,1032,734,3822,8282,11062,6582,920,2400,,900,,260,,t3_calmveil|t3_thornmail
standard,30,r2,red,jungle,刺客,duskblade,standard,0,6,3,1,16917,16680,15162,588.6,7.08,13.42,17.25,4,1,2,3,4,650,514,384,1762,5150,7994,11264,6582,180,2400,,400,1441,260,,t3_finalstring
standard,30,r3,red,mid,法師,gambler,standard,0,0,6,0,16123,14659,10028,389.3,10.27,19.71,,2,0,1,2,2,1566,326,176,627,3826,6226,8026,6582,783,,,400,,260,,t3_psyward
standard,30,r4,red,adc,射手,shengyan,standard,0,6,8,1,28478,13572,14121,548.2,9.39,16.8,21.93,4,1,1,2,4,472,592,392,1220,3822,6392,8072,6582,680,,150,400,,260,,t3_shieldbreaker|t3_rendspear
standard,30,r5,red,sup,坦克,dadi,standard,0,2,2,4,8749,24213,14129,548.5,7.46,11.31,14.74,5,1,3,3,5,240,170,1323,528,4740,8770,11303,6582,156,1200,450,400,,160,2354,t3_calmveil|t3_thornmail
standard,31,b1,blue,top,坦克,dadi,standard,0,1,2,0,7650,22474,9989,456.5,9.74,15,20.52,3,1,2,2,3,732,132,626,398,3682,6082,8356,6582,593,600,,500,,80,,t3_calmveil|t3_thornmail
standard,31,b2,blue,jungle,刺客,binghe,standard,0,0,5,1,4135,11182,9487,433.5,8.18,16.65,,2,1,1,2,2,872,1092,580,1056,4072,6422,8710,6582,293,,300,500,954,80,,t3_finalstring
standard,31,b3,blue,mid,法師,ronghuo,standard,0,1,4,0,10083,14076,9142,417.8,10.81,17.17,,2,0,1,2,2,1462,256,339,742,3722,6156,8469,6582,706,600,,500,,80,,t3_psyward
standard,31,b4,blue,adc,射手,mirrorshot,standard,0,2,3,0,15310,10817,9189,419.9,9.04,19.23,,2,1,1,2,2,432,316,1056,608,3782,5516,7956,6582,693,600,,,,80,,t3_shieldbreaker|t3_rendspear
standard,31,b5,blue,sup,坦克,thornwall,standard,0,0,2,0,5509,20466,11545,527.5,7.03,12.77,15.76,4,1,2,3,4,704,244,331,344,4904,7344,9911,6582,273,,,500,,80,2475,t3_calmveil|t3_thornmail
standard,31,r1,red,top,坦克,dadi,standard,1,8,1,1,13664,20593,15729,718.8,7.1,12.58,14.29,5,1,3,5,5,562,426,106,2078,4812,9976,13756,6582,1443,4200,150,900,,480,,t3_calmveil|t3_thornmail
standard,31,r2,red,jungle,刺客,binghe,standard,1,2,1,1,7748,10979,11526,526.7,7.44,13.43,18.73,3,1,2,3,3,362,722,749,1126,4262,7722,10549,6582,373,1200,300,400,1213,480,,t3_finalstring
standard,31,r3,red,mid,法師,ronghuo,standard,1,2,0,1,18733,9708,11300,516.4,11.29,17.39,,2,0,1,2,2,1536,966,1436,1899,3796,6566,9286,6582,1020,600,150,400,54,480,,t3_psyward
standard,31,r4,red,adc,射手,mirrorshot,standard,1,4,2,0,13464,9036,12156,555.5,9.38,15.83,20.15,3,1,1,2,3,462,972,2142,355,3812,6772,10722,6582,710,1800,,1150,,480,,t3_shieldbreaker|t3_rendspear
standard,31,r5,red,sup,坦克,thornwall,standard,1,0,0,2,6744,15960,11181,510.9,8.79,12.4,16.82,3,1,2,3,3,210,637,367,1200,4710,7877,10347,6582,213,,600,650,,480,1821,t3_calmveil|t3_thornmail
standard,32,b1,blue,top,坦克,tixue,standard,1,1,3,1,15694,33080,12467,468.5,8.34,15.09,19.23,4,1,1,3,4,52,832,482,716,3902,6132,8632,6582,940,600,,250,,260,,t3_calmveil|t3_thornmail
standard,32,b2,blue,jungle,刺客,jueying,standard,1,1,2,0,6795,14758,11432,429.6,9.63,18.37,23.46,3,1,1,2,3,592,456,490,831,3792,5736,8340,6582,213,600,,,684,260,,t3_finalstring
standard,32,b3,blue,mid,法師,gambler,standard,1,4,6,0,18705,16470,13963,524.8,10.68,18.23,23,4,0,1,2,4,1542,412,272,813,3802,5742,8102,6582,760,600,,,,160,,t3_psyward
standard,32,b4,blue,adc,射手,hanbing,standard,1,12,3,0,38651,14646,17757,667.3,10.14,17.08,19.68,5,0,1,3,5,1602,202,302,2156,3762,5582,10302,6582,560,2400,,500,,260,,t3_shieldbreaker|t3_rendspear
standard,32,b5,blue,sup,輔助,xuemai,standard,1,0,2,2,6645,20521,13516,507.9,6.72,12.06,15.96,4,1,2,3,4,450,770,741,2065,4750,7500,9781,6582,286,,300,250,,260,2102,t3_calmveil
standard,32,r1,red,top,坦克,tixue,standard,0,3,1,0,17614,32242,13490,507,8.71,13.33,17.34,4,1,2,3,4,1112,272,999,1339,4062,7202,10929,6582,920,1800,,1200,,426,,t3_calmveil|t3_thornmail
standard,32,r2,red,jungle,刺客,jueying,standard,0,2,2,0,10439,14028,12765,479.7,8,15.74,20.6,4,1,1,2,4,404,1827,871,314,4254,6757,9201,6582,300,600,,200,1358,160,,t3_finalstring
standard,32,r3,red,mid,法師,gambler,standard,0,1,7,1,21739,15783,11670,438.6,10.76,17.52,25.24,3,0,1,2,3,1702,152,1259,239,3962,6052,8809,6582,850,600,150,200,,426,,t3_psyward
standard,32,r4,red,adc,射手,hanbing,standard,0,10,5,0,32619,11564,16827,632.4,9.92,18.16,20.32,5,1,1,2,5,472,346,1146,1227,3822,6026,10046,6582,750,1800,,700,54,160,,t3_shieldbreaker|t3_rendspear
standard,32,r5,red,sup,輔助,xuemai,standard,0,0,3,3,7219,16630,13188,495.6,5.83,14.08,15.08,4,1,2,3,4,364,800,1267,1737,4664,7830,10307,6582,180,,450,700,,426,1968,t3_calmveil
standard,33,b1,blue,top,坦克,stoneguard,standard,0,0,1,0,9324,23286,9605,416.1,8.29,16.41,19.52,3,1,1,3,3,192,282,306,75,3742,5582,8456,6582,713,,,1000,,160,,t3_calmveil|t3_thornmail
standard,33,b2,blue,jungle,刺客,anye,standard,0,1,5,0,7521,12556,9857,427,8.07,15.11,,2,1,1,2,2,226,1080,370,1527,4076,6660,8700,6582,420,600,,,937,160,,t3_finalstring
standard,33,b3,blue,mid,法師,ronghuo,standard,0,3,2,0,16932,15409,10859,470.4,11.07,16.65,21.92,3,0,1,2,3,1622,1002,72,508,3882,6902,8622,6582,780,600,,500,,160,,t3_psyward
standard,33,b4,blue,adc,射手,tianfa,standard,0,6,2,1,16173,11811,12815,555.2,10.13,18.9,20.04,3,0,1,2,3,1762,512,1326,1015,3922,5892,9906,6582,713,1800,150,500,,160,,t3_shieldbreaker|t3_rendspear
standard,33,b5,blue,sup,輔助,fengshen,standard,0,0,3,3,9715,20553,11523,499.2,7.25,11.59,16.21,4,1,2,3,4,264,843,1326,642,4864,7873,10366,6582,413,,750,500,,160,1960,t3_calmveil
standard,33,r1,red,top,坦克,stoneguard,standard,1,1,0,1,13488,21493,11459,496.4,8.28,15.14,20.22,4,1,1,2,4,222,1062,1692,208,4072,6362,8922,6582,900,,100,900,,440,,t3_calmveil|t3_thornmail
standard,33,r2,red,jungle,刺客,anye,standard,1,7,1,0,14643,14736,14422,624.8,8.82,13.3,17.11,4,1,2,3,4,234,408,454,1072,4564,8738,11534,6582,270,3000,,400,841,440,,t3_finalstring
standard,33,r3,red,mid,法師,ronghuo,standard,1,1,3,1,15517,12718,10828,469.1,10.15,18.43,22.88,3,0,1,2,3,1576,331,261,277,3836,6231,8291,6582,715,,100,400,54,440,,t3_psyward
standard,33,r4,red,adc,射手,tianfa,standard,1,4,5,0,16692,9869,12059,522.4,10.4,17.65,21.93,3,0,1,2,3,1522,342,472,258,3682,6022,9022,6582,700,600,,900,,240,,t3_shieldbreaker|t3_rendspear
standard,33,r5,red,sup,輔助,fengshen,standard,1,0,1,5,6540,15368,12835,556,5.62,12.08,15.1,4,1,2,3,4,1454,1169,2059,1385,4854,8199,11099,6582,295,,1000,900,,440,1881,t3_calmveil
standard,34,b1,blue,top,坦克,thornwall,standard,0,0,2,1,6587,20588,8858,422.5,8.67,16.7,19.51,3,1,1,3,3,712,612,262,147,3662,5762,8512,6582,550,,300,1000,,80,,t3_calmveil|t3_thornmail
standard,34,b2,blue,jungle,刺客,wuxing,standard,0,0,5,0,5450,13473,8631,411.6,9.18,16.52,,2,1,1,2,2,1040,694,218,650,4240,6274,8198,6582,310,,,,1225,80,,t3_finalstring
standard,34,b3,blue,mid,法師,gambler,standard,0,2,4,0,13363,12394,9088,433.4,10.35,17.95,,2,0,1,2,2,1542,482,412,487,3802,6982,8742,6582,880,1200,,,,80,,t3_psyward
standard,34,b4,blue,adc,射手,dawnstrike,standard,0,3,3,0,14935,11507,9772,466.1,9.07,16.87,20.9,3,1,1,2,3,576,326,396,171,3926,5826,8246,6582,930,600,,,54,80,,t3_shieldbreaker|t3_rendspear
standard,34,b5,blue,sup,坦克,suishan,standard,0,0,1,0,4711,16627,10272,489.9,8.02,12.94,18.63,3,1,2,3,3,313,563,313,471,4813,7343,9813,6582,329,,,,,80,2821,t3_calmveil|t3_thornmail
standard,34,r1,red,top,坦克,thornwall,standard,1,3,0,1,10279,21600,11488,547.9,9,13.69,17.66,3,1,2,3,3,1132,492,332,1457,4082,7322,10362,6582,930,1200,300,950,,400,,t3_calmveil|t3_thornmail
standard,34,r2,red,jungle,刺客,wuxing,standard,1,2,2,0,7206,8975,10394,495.7,8.32,14.42,20.7,3,1,2,2,3,1352,404,1438,413,4552,7584,9868,6582,220,1200,,200,1266,400,,t3_finalstring
standard,34,r3,red,mid,法師,gambler,standard,1,4,2,1,19440,10998,12348,588.9,10.13,16.57,20.9,3,0,1,2,3,2072,862,1942,447,4332,7362,11222,6582,1440,1800,300,700,,400,,t3_psyward
standard,34,r4,red,adc,射手,dawnstrike,standard,1,5,0,1,19325,10582,12915,616,9.19,16.2,18.85,3,1,1,3,3,372,810,640,1114,3722,6610,11790,6582,853,2400,300,1200,54,400,,t3_shieldbreaker|t3_rendspear
standard,34,r5,red,sup,坦克,suishan,standard,1,1,1,3,5162,15243,12046,574.5,6.86,12.23,15.8,4,1,2,3,4,244,1550,1541,446,5344,8790,11521,6582,236,600,900,450,,400,2352,t3_calmveil|t3_thornmail
standard,35,b1,blue,top,戰士,ravager,standard,0,1,5,0,6933,22989,8226,422.4,8.81,15.89,,2,1,1,,2,232,1112,,646,3682,5942,,,,,,,,,,t3_shieldbreaker|t3_finalstring
standard,35,b2,blue,jungle,刺客,voidrift,standard,0,0,4,0,2548,9557,7752,398,9.49,17.06,,2,1,1,,2,538,542,,501,3738,5772,,,,,,,,,,t3_finalstring
standard,35,b3,blue,mid,法師,ronghuo,standard,0,0,2,0,7856,9573,7706,395.7,12.38,16.64,,2,0,1,,2,1562,382,,276,3822,5582,,,,,,,,,,t3_psyward
standard,35,b4,blue,adc,射手,yanfeng,standard,0,0,3,0,8662,9451,8046,413.2,9.54,18.29,,2,1,1,,2,292,622,,526,3642,5402,,,,,,,,,,t3_shieldbreaker|t3_rendspear
standard,35,b5,blue,sup,輔助,shengming,standard,0,0,2,1,4626,15942,9008,462.5,5.8,11.85,16.33,3,1,2,,3,464,374,,548,4764,7104,,,,,,,,,,t3_calmveil
standard,35,r1,red,top,戰士,ravager,standard,1,5,0,0,12197,17617,11532,592.1,8.6,14.91,17.55,3,1,2,,3,140,228,,1152,4420,7328,,,,,,,,,,t3_shieldbreaker|t3_finalstring
standard,35,r2,red,jungle,刺客,voidrift,standard,1,3,0,3,5852,7770,11635,597.4,7.38,16.13,17.76,3,1,1,,3,437,2969,,554,5067,8549,,,,,,,,,,t3_finalstring
standard,35,r3,red,mid,法師,ronghuo,standard,1,3,0,1,13720,9847,10710,549.9,8.18,15.26,,2,1,1,,2,726,1056,,1309,4576,7556,,,,,,,,,,t3_psyward
standard,35,r4,red,adc,射手,yanfeng,standard,1,5,1,1,19676,7201,12210,626.9,10.01,15.89,18.6,3,0,1,,3,2016,1256,,1309,4176,6936,,,,,,,,,,t3_shieldbreaker|t3_rendspear
standard,35,r5,red,sup,輔助,shengming,standard,1,0,0,5,2589,8684,11672,599.3,8.45,12.08,,2,1,2,,2,790,638,,4642,4790,7668,,,,,,,,,,t3_calmveil
standard,36,b1,blue,top,戰士,dadi2,standard,0,1,4,0,10558,27288,9379,420.1,9,17.13,,2,1,1,2,2,592,622,820,1148,3742,6102,8570,6582,808,600,,500,,80,,t3_shieldbreaker|t3_finalstring
standard,36,b2,blue,jungle,刺客,jingxiang,standard,0,0,4,0,3469,11830,8724,390.8,8.83,17.46,,2,1,1,2,2,704,740,404,643,3904,6020,7834,6582,288,,,,883,80,,t3_finalstring
standard,36,b3,blue,mid,法師,haixiao,standard,0,1,5,0,10240,13604,9912,444,10.04,18.71,,2,0,1,2,2,1582,272,230,1032,3842,5702,8630,6582,868,600,,500,,80,,t3_psyward
standard,36,b4,blue,adc,射手,siwang,standard,0,3,3,1,15323,13226,11087,496.6,9.61,17.36,21.63,3,1,1,2,3,452,202,89,1007,3802,6002,8539,6582,608,600,150,500,18,80,,t3_shieldbreaker|t3_rendspear
standard,36,b5,blue,sup,輔助,mingyun,standard,0,0,4,3,6253,18638,10476,469.3,6.93,12.08,17.13,3,1,2,3,3,838,182,608,1436,4838,7212,9068,6582,148,,150,,72,80,2035,t3_calmveil
standard,36,r1,red,top,戰士,dadi2,standard,1,8,0,0,18468,23206,15525,695.4,8.45,13.59,18.75,4,1,2,4,4,892,242,1076,2074,4042,7642,13576,6582,1000,4200,,1300,54,440,,t3_shieldbreaker|t3_finalstring
standard,36,r2,red,jungle,刺客,jingxiang,standard,1,2,0,4,8245,9423,12972,581,8.88,13.82,18.52,4,1,2,3,4,1118,812,260,221,4318,7462,11340,6582,140,1200,900,300,1777,440,,t3_finalstring
standard,36,r3,red,mid,法師,haixiao,standard,1,1,2,1,18682,11583,10774,482.6,9.88,15.33,,2,1,1,2,2,86,276,466,1374,3936,6776,9446,6582,1073,600,150,800,,240,,t3_psyward
standard,36,r4,red,adc,射手,siwang,standard,1,8,3,0,21920,10204,14434,646.5,9.12,17.47,19.73,3,1,1,3,3,342,812,252,2634,3692,6492,10252,6582,630,1800,,800,,440,,t3_shieldbreaker|t3_rendspear
standard,36,r5,red,sup,輔助,mingyun,standard,1,1,0,4,4543,10199,12499,559.9,5.96,12.78,17.18,4,1,2,3,4,160,681,1941,1049,4760,7711,10981,6582,316,600,750,300,,440,1992,t3_calmveil
standard,37,b1,blue,top,戰士,ronggang,standard,0,1,2,0,8040,22211,9342,436,9.38,17.25,,2,1,1,2,2,592,352,782,1261,3742,6002,8862,6582,520,600,,1000,,160,,t3_shieldbreaker|t3_finalstring
standard,37,b2,blue,jungle,刺客,guihuo,standard,0,0,6,0,5724,10281,8730,407.4,9.53,16.52,,2,1,1,2,2,814,1178,734,599,4014,6158,8214,6582,320,,,,1152,160,,t3_finalstring
standard,37,b3,blue,mid,法師,leiming,standard,0,1,6,1,13063,15000,9535,445,10.68,18.35,,2,0,1,2,2,1556,226,656,654,3816,5836,9056,6582,913,600,300,500,,160,,t3_psyward
standard,37,b4,blue,adc,射手,maestro,standard,0,6,2,0,17991,10154,12422,579.8,9.75,17.16,18.84,3,1,1,3,3,602,992,142,1521,3952,6672,10742,6582,850,2400,,750,,160,,t3_shieldbreaker|t3_rendspear
standard,37,b5,blue,sup,坦克,suishan,standard,0,0,2,0,4962,18554,10305,481,7.24,11.88,17.77,3,1,2,3,3,580,420,246,725,4780,7520,9826,6582,156,,,250,,160,2677,t3_calmveil|t3_thornmail
standard,37,r1,red,top,戰士,ronggang,standard,1,1,0,0,7936,20229,10222,477.1,8.83,15.11,20.95,3,1,1,2,3,1072,1532,892,571,4222,7062,9542,6582,640,600,,1300,,420,,t3_shieldbreaker|t3_finalstring
standard,37,r2,red,jungle,刺客,guihuo,standard,1,4,3,1,5183,11245,12253,571.9,7.7,12.2,17.16,3,1,2,3,3,586,1590,986,1122,4786,9190,11466,6582,100,2400,150,300,1513,420,,t3_finalstring
standard,37,r3,red,mid,法師,leiming,standard,1,4,3,2,16674,10832,11612,542,9.75,18.11,,2,1,1,2,2,532,462,462,2211,4382,6962,9442,6582,740,1200,300,300,,320,,t3_psyward
standard,37,r4,red,adc,射手,maestro,standard,1,8,2,2,23480,8696,14115,658.8,9.72,16.77,19.19,4,1,1,3,4,562,426,736,894,3912,6106,12536,6582,483,4200,300,550,,420,,t3_shieldbreaker|t3_rendspear
standard,37,r5,red,sup,坦克,suishan,standard,1,1,0,6,6564,15321,13700,639.4,6.69,11.83,18.27,4,1,2,4,4,324,750,271,1499,4824,7990,12471,6582,196,600,1050,1050,,420,2571,t3_calmveil|t3_thornmail
standard,38,b1,blue,top,戰士,jingci,standard,0,1,1,0,7192,22163,8603,431.4,10.2,14.35,,2,0,2,,2,1492,112,,1223,3542,6362,,,,,,,,,,t3_shieldbreaker|t3_finalstring
standard,38,b2,blue,jungle,戰士,fengbao,standard,0,2,6,0,5491,15365,8896,446.1,8.99,16.6,,2,1,1,,2,722,724,,866,3822,6324,,,,,,,,,,t3_shieldbreaker|t3_finalstring
standard,38,b3,blue,mid,法師,haixiao,standard,0,0,4,0,14986,13851,8043,403.3,10.38,16.33,,2,0,1,,2,1622,382,,513,3882,5762,,,,,,,,,,t3_psyward
standard,38,b4,blue,adc,射手,liuxing,standard,0,2,5,0,14241,11735,9313,467,9.41,17.33,,2,1,1,,2,512,122,,1163,3862,5622,,,,,,,,,,t3_shieldbreaker|t3_rendspear
standard,38,b5,blue,sup,坦克,tieshixin,standard,0,0,2,1,4228,17479,9380,470.4,6.86,13.21,17.33,3,1,2,,3,254,69,,399,4704,7449,,,,,,,,,,t3_calmveil|t3_thornmail
standard,38,r1,red,top,戰士,jingci,standard,1,2,1,0,11572,18686,10003,501.6,7.9,16.33,,2,1,1,,2,172,1572,,1353,4502,7102,,,,,,,,,,t3_shieldbreaker|t3_finalstring
standard,38,r2,red,jungle,戰士,fengbao,standard,1,4,0,2,9041,9735,12034,603.4,7.72,16.17,17.12,3,1,1,,3,378,1968,,633,4958,7448,,,,,,,,,,t3_shieldbreaker|t3_finalstring
standard,38,r3,red,mid,法師,haixiao,standard,1,4,0,1,17259,9397,12533,628.5,10.03,13.04,18.83,3,0,2,,3,1852,352,,1203,4112,8802,,,,,,,,,,t3_psyward
standard,38,r4,red,adc,射手,liuxing,standard,1,4,4,2,19594,7282,11453,574.3,9.19,15.57,19,3,1,1,,3,522,1222,,1153,4522,6902,,,,,,,,,,t3_shieldbreaker|t3_rendspear
standard,38,r5,red,sup,坦克,tieshixin,standard,1,4,0,8,9405,16821,15261,765.3,6.64,11.48,13.18,5,1,3,,5,290,480,,1660,5390,9860,,,,,,,,,,t3_calmveil|t3_thornmail
standard,39,b1,blue,top,戰士,longyi,standard,0,1,3,0,12266,20794,7369,390.8,8.8,16.83,,2,1,1,,2,582,452,,289,3732,6052,,,,,,,,,,t3_shieldbreaker|t3_finalstring
standard,39,b2,blue,jungle,戰士,ronggang,standard,0,0,3,0,6553,13091,7479,396.6,8.81,17.34,,2,1,1,,2,156,616,,248,3906,6046,,,,,,,,,,t3_shieldbreaker|t3_finalstring
standard,39,b3,blue,mid,法師,leiming,standard,0,0,3,0,9827,11181,7087,375.8,10.32,,,1,0,1,,1,1622,332,,1006,3882,5662,,,,,,,,,,t3_psyward
standard,39,b4,blue,adc,射手,guangsu,standard,0,0,2,0,8421,8711,7549,400.3,9.03,,,1,1,1,,1,522,472,,1749,3872,5672,,,,,,,,,,t3_shieldbreaker|t3_rendspear
standard,39,b5,blue,sup,輔助,shiguang,standard,0,0,2,0,4677,12922,8643,458.3,8.45,11.41,16.26,3,1,2,,3,844,514,,182,4844,7244,,,,,,,,,,t3_calmveil
standard,39,r1,red,top,戰士,longyi,standard,1,4,1,3,13422,16209,10719,568.4,9.77,16.46,18.08,3,1,1,,3,662,1152,,639,3812,6632,,,,,,,,,,t3_shieldbreaker|t3_finalstring
standard,39,r2,red,jungle,戰士,ronggang,standard,1,4,0,2,14675,12430,11735,622.3,8.78,14.71,17.31,3,1,2,,3,686,346,,2185,5336,7996,,,,,,,,,,t3_shieldbreaker|t3_finalstring
standard,39,r3,red,mid,法師,leiming,standard,1,1,0,3,11236,8941,9363,496.5,11.72,16.52,,2,0,1,,2,2036,376,,1332,4296,6576,,,,,,,,,,t3_psyward
standard,39,r4,red,adc,射手,guangsu,standard,1,4,0,1,13209,7090,10526,558.2,9.24,16.15,,2,1,1,,2,1206,1129,,1625,4556,6809,,,,,,,,,,t3_shieldbreaker|t3_rendspear
standard,39,r5,red,sup,輔助,shiguang,standard,1,0,0,3,2469,9646,10345,548.5,5.69,12.03,14.34,3,1,3,,3,40,318,,1594,4890,8018,,,,,,,,,,t3_calmveil
standard,40,b1,blue,top,戰士,chichuan,standard,1,2,1,0,10898,29566,11669,469.3,8.98,15.98,21.38,3,1,1,2,3,566,1106,656,638,3716,6636,9306,6582,703,1200,,500,,320,,t3_shieldbreaker|t3_finalstring
standard,40,b2,blue,jungle,戰士,kuangfeng,standard,1,1,5,3,7851,20350,11157,448.7,9.09,15.72,21.88,3,1,1,2,3,944,1072,836,976,4044,6672,8866,6582,320,600,250,,793,320,,t3_shieldbreaker|t3_finalstring
standard,40,b3,blue,mid,法師,haixiao,standard,1,3,5,1,17329,18079,12638,508.2,9.81,18.07,23.04,3,1,1,2,3,132,302,102,1508,3982,5902,9102,6582,1000,600,100,500,,320,,t3_psyward
standard,40,b4,blue,adc,射手,mori,standard,1,5,4,0,36483,11757,13988,562.5,9.16,18.72,20.56,3,1,1,2,3,482,742,452,2188,3832,6422,9352,6582,1000,1200,,250,,320,,t3_shieldbreaker|t3_rendspear
standard,40,b5,blue,sup,坦克,tixue,standard,1,0,2,2,9102,23675,12760,513.1,6.48,12.15,16.33,4,1,2,3,4,950,644,825,960,4850,7744,10365,6582,336,,250,250,54,320,2571,t3_calmveil|t3_thornmail
standard,40,r1,red,top,戰士,chichuan,standard,0,2,0,3,13843,31970,11701,470.6,9.32,15.5,21.53,3,1,1,2,3,412,1092,812,251,3562,6622,9462,6582,480,1200,100,800,,300,,t3_shieldbreaker|t3_finalstring
standard,40,r2,red,jungle,戰士,kuangfeng,standard,0,3,3,2,11500,21088,13168,529.5,6.06,15.22,21.96,4,1,1,2,4,444,2507,1355,667,4724,7987,9955,6582,150,600,400,300,1622,300,,t3_shieldbreaker|t3_finalstring
standard,40,r3,red,mid,法師,haixiao,standard,0,3,3,2,24720,12415,12735,512.1,10.41,15.62,23.91,3,0,1,2,3,2222,962,92,1134,4482,7462,9492,6582,910,600,300,800,,300,,t3_psyward
standard,40,r4,red,adc,射手,mori,standard,0,8,5,1,28631,10644,15315,615.9,10.88,17.88,20.7,4,0,1,2,4,1472,332,272,1514,3632,5712,9172,6582,490,1200,100,800,,0,,t3_shieldbreaker|t3_rendspear
standard,40,r5,red,sup,坦克,tixue,standard,0,1,0,2,5891,21830,13031,524,6.38,12.37,15.96,4,1,2,3,4,904,1164,774,831,4804,8404,10754,6582,290,600,,300,,300,2682,t3_calmveil|t3_thornmail
standard,41,b1,blue,top,戰士,xueyue,standard,0,1,1,1,16569,26800,11346,466.4,9.68,14.75,20.71,3,1,2,2,3,592,142,822,316,3742,6992,9472,6582,840,600,,1050,,400,,t3_shieldbreaker|t3_finalstring
standard,41,b2,blue,jungle,戰士,longyi,standard,0,1,3,0,15341,18580,10951,450.2,9.44,15.82,21.72,3,1,1,2,3,360,1702,902,451,4160,7182,9202,6582,310,600,,300,1009,400,,t3_shieldbreaker|t3_finalstring
standard,41,b3,blue,mid,法師,leiming,standard,0,7,6,1,23780,19020,14639,601.8,10.51,15.39,20.66,4,0,1,2,4,1836,446,746,809,4096,6946,10146,6582,1113,1200,300,550,,400,,t3_psyward
standard,41,b4,blue,adc,射手,leiting,standard,0,6,7,1,22765,11513,13376,549.9,9.63,17.91,21.21,3,1,1,2,3,532,402,972,1576,3882,6082,9522,6582,740,1200,300,300,,400,,t3_shieldbreaker|t3_rendspear
standard,41,b5,blue,sup,坦克,ironclad,standard,0,0,3,1,7603,21839,12225,502.6,7.93,12.83,16.99,4,1,2,3,4,1190,1140,791,624,4790,8380,10771,6582,156,,300,800,,400,2532,t3_calmveil|t3_thornmail
standard,41,r1,red,top,戰士,xueyue,standard,1,5,1,0,19965,31401,13399,550.8,8.59,15.53,20.58,3,1,1,2,3,1312,1512,736,1949,4462,7042,9386,6582,790,1200,,600,,213,,t3_shieldbreaker|t3_finalstring
standard,41,r2,red,jungle,戰士,longyi,standard,1,2,0,3,12856,17076,12841,527.9,8.28,13.65,19.43,3,1,2,3,3,600,309,405,1440,4700,8009,10785,6582,100,1200,600,100,1989,213,,t3_shieldbreaker|t3_finalstring
standard,41,r3,red,mid,法師,leiming,standard,1,5,7,1,20283,17217,13826,568.4,9.91,17.13,21.21,3,1,1,2,3,192,542,1062,1746,4042,7042,9562,6582,1200,600,,1100,,80,,t3_psyward
standard,41,r4,red,adc,射手,leiting,standard,1,6,6,1,24107,12171,13586,558.5,10.27,19.14,21.73,3,0,1,2,3,1552,372,992,1786,3712,5752,8612,6582,750,600,,600,,80,,t3_shieldbreaker|t3_rendspear
standard,41,r5,red,sup,坦克,ironclad,standard,1,2,1,0,9788,23599,13909,571.8,6.26,11.8,15.62,4,1,2,3,4,1134,1214,1535,1708,4734,8454,11515,6582,360,600,,1100,,213,2659,t3_calmveil|t3_thornmail
standard,42,b1,blue,top,戰士,fengbao,standard,1,1,0,0,15284,21880,10550,470.6,8.99,14.92,21.28,3,1,2,2,3,672,97,717,649,3822,6897,9317,6582,675,600,,900,,560,,t3_shieldbreaker|t3_finalstring
standard,42,b2,blue,jungle,戰士,ravager,standard,1,1,0,0,4686,12643,11101,495.2,7.84,15.92,,2,1,1,2,2,325,1329,1179,2551,4075,6759,9729,6582,395,600,,400,1191,560,,t3_shieldbreaker|t3_finalstring
standard,42,b3,blue,mid,法師,mingyun2,standard,1,2,3,3,16215,14136,11505,513.2,9.81,17.03,,2,1,1,2,2,232,352,272,2104,4082,6552,9672,6582,780,600,750,400,,560,,t3_psyward
standard,42,b4,blue,adc,射手,liangzi,standard,1,6,1,0,20415,10041,13223,589.9,10.02,16.44,20.02,4,0,1,2,4,1771,671,1931,323,3931,6351,10831,6582,888,2400,,400,,560,,t3_shieldbreaker|t3_rendspear
standard,42,b5,blue,sup,輔助,huanjing,standard,1,1,2,1,8694,14525,12688,566,7.91,11.94,14.97,4,1,3,3,4,505,156,1766,1308,4805,7856,10996,6582,261,600,150,900,,560,1941,t3_calmveil
standard,42,r1,red,top,戰士,fengbao,standard,0,0,1,0,10330,24541,9339,416.6,8.34,17.08,,2,1,1,2,2,622,686,546,1108,3772,6166,7946,6582,810,,,500,54,0,,t3_shieldbreaker|t3_finalstring
standard,42,r2,red,jungle,戰士,ravager,standard,0,2,0,0,8475,15613,10957,488.8,8.71,13.56,19.88,3,1,2,3,3,1122,700,66,506,4222,7450,9616,6582,430,1200,,,1404,0,,t3_shieldbreaker|t3_finalstring
standard,42,r3,red,mid,法師,mingyun2,standard,0,2,4,1,14625,15292,10612,473.4,10.75,18.06,,2,0,1,2,2,1602,372,720,1532,3862,6272,9800,6582,940,1200,300,750,27,0,,t3_psyward
standard,42,r4,red,adc,射手,liangzi,standard,0,2,5,0,12341,10681,9268,413.4,9.46,20.54,,2,1,1,1,2,326,376,1496,1018,3676,5456,7176,6582,593,,,,,0,,t3_shieldbreaker|t3_rendspear
standard,42,r5,red,sup,輔助,huanjing,standard,0,0,1,0,8190,15140,10957,488.8,5.49,13.58,15.33,4,1,2,3,4,740,710,915,177,4740,7440,10145,6582,226,,,750,,0,2586,t3_calmveil
standard,43,b1,blue,top,戰士,rongyan,standard,0,0,2,0,7728,23193,8303,379.4,8.77,17.77,,2,1,1,2,2,420,330,590,273,3570,5930,7670,6582,480,,,500,27,80,,t3_shieldbreaker|t3_finalstring
standard,43,b2,blue,jungle,戰士,dushe,standard,0,0,3,0,5187,15982,8844,404.2,8.48,17.05,,2,1,1,2,2,814,501,837,664,3914,5931,8067,6582,440,,,,964,80,,t3_shieldbreaker|t3_finalstring
standard,43,b3,blue,mid,法師,bingshuang,standard,0,1,3,0,14984,14112,9006,411.5,10.28,18.08,,2,0,1,2,2,1622,402,462,405,3882,6302,8312,6582,800,600,,250,,80,,t3_psyward
standard,43,b4,blue,adc,射手,shengyan,standard,0,2,4,0,18993,11990,9290,424.5,10.84,18.94,,2,0,1,2,2,1392,796,496,1009,3552,5696,7396,6582,430,,,250,54,80,,t3_shieldbreaker|t3_rendspear
standard,43,b5,blue,sup,輔助,zhanchang,standard,0,0,2,0,4279,16327,10486,479.2,6.93,11.93,15.98,4,1,2,3,4,694,392,812,85,4694,7422,9852,6582,90,,,1000,,80,2100,t3_calmveil
standard,43,r1,red,top,戰士,rongyan,standard,1,7,0,2,12551,24932,14012,640.3,9.6,13.83,18.07,4,1,2,4,4,652,646,79,562,3802,7746,12579,6582,1116,3600,400,400,,480,,t3_shieldbreaker|t3_finalstring
standard,43,r2,red,jungle,戰士,dushe,standard,1,3,0,1,8178,12332,12590,575.3,9.57,16.09,18.08,3,1,1,3,3,66,1877,1543,1239,4116,7307,11573,6582,175,1800,300,650,1585,480,,t3_shieldbreaker|t3_finalstring
standard,43,r3,red,mid,法師,bingshuang,standard,1,0,1,3,19284,11202,10141,463.4,9.98,17.52,,2,1,1,2,2,72,367,277,740,3922,6867,9077,6582,865,,250,900,,480,,t3_psyward
standard,43,r4,red,adc,射手,shengyan,standard,1,4,2,3,24006,9237,12639,577.6,9.38,18.13,19.87,3,1,1,3,3,362,692,306,1258,3712,5892,11206,6582,543,1800,900,900,,480,,t3_shieldbreaker|t3_rendspear
standard,43,r5,red,sup,輔助,zhanchang,standard,1,0,0,4,6487,12024,12003,548.5,5.85,12.03,14.76,4,1,3,3,4,1434,247,1710,623,4834,7947,10940,6582,259,,550,1150,,480,1917,t3_calmveil
standard,44,b1,blue,top,戰士,embercoil,standard,1,1,4,0,8916,23887,11137,500,9.16,13.64,,2,1,2,2,2,1362,242,522,2487,4512,7392,9172,6582,910,600,,800,,280,,t3_shieldbreaker|t3_finalstring
standard,44,b2,blue,jungle,戰士,jufeng,standard,1,1,3,0,9112,15896,10066,451.9,7.73,15.79,21.83,3,1,1,2,3,1006,1126,394,466,4106,6606,8994,6582,420,600,,300,811,280,,t3_shieldbreaker|t3_finalstring
standard,44,b3,blue,mid,法師,mingyun2,standard,1,1,4,0,14234,12639,9751,437.7,10.48,19.52,,2,0,1,2,2,1496,456,936,670,3756,5906,8786,6582,723,600,,800,,80,,t3_psyward
standard,44,b4,blue,adc,射手,mirrorshot,standard,1,5,4,1,23896,11336,12747,572.3,9.37,14.67,20.86,3,1,2,2,3,832,202,1082,1367,4182,7202,9982,6582,820,1200,300,800,,280,,t3_shieldbreaker|t3_rendspear
standard,44,b5,blue,sup,坦克,thornwall,standard,1,0,3,1,5852,23455,11253,505.2,7.06,11.87,17.08,4,1,2,3,4,700,630,488,353,4900,7870,10288,6582,286,,300,300,,280,2539,t3_calmveil|t3_thornmail
standard,44,r1,red,top,戰士,embercoil,standard,0,5,0,0,12839,21188,13161,590.9,9.68,13.4,17.83,4,1,2,3,4,212,386,486,131,4362,7536,11336,6582,860,3000,,500,54,340,,t3_shieldbreaker|t3_finalstring
standard,44,r2,red,jungle,戰士,jufeng,standard,0,4,1,4,15499,18554,13169,591.2,7.88,14.38,16.39,4,1,2,3,4,370,325,748,188,5550,8625,11728,6582,543,1800,1050,,1412,340,,t3_shieldbreaker|t3_finalstring
standard,44,r3,red,mid,法師,mingyun2,standard,0,6,1,0,22864,13292,13587,610,10.74,16.83,20.67,3,0,1,2,3,1622,162,1062,1507,3882,6662,10462,6582,1240,1800,,500,,340,,t3_psyward
standard,44,r4,red,adc,射手,mirrorshot,standard,0,3,5,0,18724,9773,10742,482.3,10.33,18.11,,2,0,1,2,2,1577,757,167,1842,3737,6137,8717,6582,795,600,,500,,240,,t3_shieldbreaker|t3_rendspear
standard,44,r5,red,sup,坦克,thornwall,standard,0,0,1,1,4082,17679,10690,479.9,6.73,13.09,18.71,3,1,2,3,3,825,385,485,709,4725,7325,9865,6582,241,,150,500,,340,2050,t3_calmveil|t3_thornmail
standard,45,b1,blue,top,戰士,cinderfist,standard,1,0,2,0,6850,24371,9518,439.8,8.71,18.18,,2,1,1,2,2,662,606,66,917,3812,5786,8666,6582,683,,,1200,,200,,t3_shieldbreaker|t3_finalstring
standard,45,b2,blue,jungle,戰士,langwang,standard,1,1,2,0,12980,18061,10831,500.5,8.29,12.99,19.63,3,1,2,3,3,436,277,301,800,4186,7627,9851,6582,433,600,,700,1135,400,,t3_shieldbreaker|t3_finalstring
standard,45,b3,blue,mid,法師,bingshuang,standard,1,0,3,1,14925,11977,8881,410.4,10.18,19.41,,2,0,1,2,2,1582,129,159,731,3842,6329,8009,6582,726,,300,200,,200,,t3_psyward
standard,45,b4,blue,adc,射手,dujian,standard,1,6,2,0,18970,10349,13848,639.9,10.15,16.1,19.43,4,0,1,3,4,1582,736,896,627,3742,6416,11196,6582,713,1800,,1700,,400,,t3_shieldbreaker|t3_rendspear
standard,45,b5,blue,sup,輔助,xuemai,standard,1,0,2,0,5080,14457,10249,473.6,7.35,11.94,16.83,3,1,2,3,3,814,326,566,1018,4814,7356,9316,6582,323,,,200,,400,1810,t3_calmveil
standard,45,r1,red,top,戰士,cinderfist,standard,0,4,0,0,15231,24217,12294,568.1,7.83,16.8,20.17,3,1,1,2,3,812,902,1142,894,3962,6382,9442,6582,1020,600,,1000,,240,,t3_shieldbreaker|t3_finalstring
standard,45,r2,red,jungle,戰士,langwang,standard,0,2,1,1,8213,14782,10340,477.8,8.97,15.07,20.41,3,1,1,2,3,430,1768,1224,189,4480,7198,9774,6582,300,1200,300,,1152,240,,t3_shieldbreaker|t3_finalstring
standard,45,r3,red,mid,法師,bingshuang,standard,0,0,3,1,12918,13389,9371,433,10.39,18.89,,2,0,1,2,2,1702,52,69,321,3962,5952,8519,6582,1030,,,666,,240,,t3_psyward
standard,45,r4,red,adc,射手,dujian,standard,0,5,3,0,20561,9211,11974,553.3,9.28,17.61,20.51,3,1,1,2,3,462,262,1309,174,3812,5942,10209,6582,670,1800,,916,,240,,t3_shieldbreaker|t3_rendspear
standard,45,r5,red,sup,輔助,xuemai,standard,0,0,0,3,6273,12099,10858,501.7,6.26,12.33,16.57,4,1,2,3,4,524,596,1613,58,4824,7626,9613,6582,220,,300,416,,240,1854,t3_calmveil
standard,46,b1,blue,top,戰士,leimingcf,standard,0,0,4,0,9061,26343,8486,396.4,9.81,15.85,,2,1,1,2,2,202,1222,392,906,3832,6052,7972,6582,790,,,500,,100,,t3_shieldbreaker|t3_finalstring
standard,46,b2,blue,jungle,戰士,tielian,standard,0,1,2,0,6114,16544,8946,417.9,8.98,15.52,,2,1,1,2,2,114,366,492,966,3864,5916,8472,6582,300,600,,,990,0,,t3_shieldbreaker|t3_finalstring
standard,46,b3,blue,mid,法師,mingyun2,standard,0,1,5,0,15786,16051,8789,410.6,10.16,17.93,,2,0,1,2,2,1682,282,196,209,3942,5662,8196,6582,913,600,,,,100,,t3_psyward
standard,46,b4,blue,adc,射手,tianfa,standard,0,0,2,1,11687,11692,8809,411.5,10.38,16.7,,2,0,1,2,2,1592,352,156,709,3752,5502,8256,6582,773,,300,500,,100,,t3_shieldbreaker|t3_rendspear
standard,46,b5,blue,sup,輔助,fengshen,standard,0,0,5,0,7394,17045,10027,468.4,6.05,13.04,16.67,3,1,2,3,3,144,510,393,986,4744,7540,9433,6582,303,,,500,,100,1947,t3_calmveil
standard,46,r1,red,top,戰士,leimingcf,standard,1,6,0,0,15139,23211,13036,608.9,8.78,12.6,17.42,4,1,2,3,4,302,542,962,536,5482,9142,12362,6582,800,3600,,900,,480,,t3_shieldbreaker|t3_finalstring
standard,46,r2,red,jungle,戰士,tielian,standard,1,3,0,3,18369,15116,12612,589.1,9.68,12.7,16.5,3,1,2,3,3,220,660,1008,1261,5170,8610,11938,6582,260,1800,900,400,1515,480,,t3_shieldbreaker|t3_finalstring
standard,46,r3,red,mid,法師,mingyun2,standard,1,1,0,0,13636,12433,9656,451,11.02,17.34,,2,0,1,2,2,1732,542,192,606,3992,7042,8942,6582,880,600,,400,,480,,t3_psyward
standard,46,r4,red,adc,射手,tianfa,standard,1,8,2,1,24561,9090,14696,686.5,7.72,15.93,19.82,4,1,1,3,4,1002,1992,422,1796,4352,7672,12222,6582,710,3000,300,1150,,480,,t3_shieldbreaker|t3_rendspear
standard,46,r5,red,sup,輔助,fengshen,standard,1,0,0,0,6007,11836,10743,501.8,6.6,11.69,18.54,3,1,2,3,3,544,629,759,1512,4844,7659,9989,6582,430,,,650,,480,1846,t3_calmveil
standard,47,b1,blue,top,戰士,jufeng,standard,0,1,4,1,8148,22452,9727,445,9.34,18.74,21.58,3,1,1,2,3,432,332,1142,277,3582,5382,8742,6582,560,600,,1000,,0,,t3_shieldbreaker|t3_finalstring
standard,47,b2,blue,jungle,戰士,greymantle,standard,0,1,3,0,10686,18614,9304,425.7,8.24,16.4,,2,1,1,2,2,156,1020,322,1074,4436,6500,8552,6582,270,600,,,1099,0,,t3_shieldbreaker|t3_finalstring
standard,47,b3,blue,mid,法師,bingshuang,standard,0,0,3,3,13768,14350,9247,423.1,10.18,19.2,,2,0,1,2,2,1552,242,222,267,3812,5572,8622,6582,790,,750,500,,0,,t3_psyward
standard,47,b4,blue,adc,射手,dawnstrike,standard,0,7,4,1,18384,12170,12777,584.5,8.51,18.04,19.79,4,1,1,3,4,622,552,352,177,3972,5752,10272,6582,890,2400,150,250,,0,,t3_shieldbreaker|t3_rendspear
standard,47,b5,blue,sup,坦克,stoneguard,standard,0,0,0,0,4707,18467,10578,483.9,8.26,12.27,17.58,3,1,2,3,3,594,174,333,998,4794,7274,9913,6582,410,,,750,,0,2170,t3_calmveil|t3_thornmail
standard,47,r1,red,top,戰士,jufeng,standard,1,3,3,0,11811,21883,11807,540.2,10.03,16.27,18.91,3,0,1,3,3,1652,1092,432,357,3702,6622,10382,6582,640,1200,,1400,,560,,t3_shieldbreaker|t3_finalstring
standard,47,r2,red,jungle,戰士,greymantle,standard,1,2,0,1,8307,11053,10901,498.7,9.13,15.23,19.19,3,1,1,3,3,446,1530,332,520,4546,7010,9932,6582,103,1200,150,400,936,560,,t3_shieldbreaker|t3_finalstring
standard,47,r3,red,mid,法師,bingshuang,standard,1,2,3,3,20010,11039,10887,498.1,10.87,18.98,21.72,3,0,1,2,3,1572,552,362,337,3832,6752,9162,6582,570,600,450,400,,560,,t3_psyward
standard,47,r4,red,adc,射手,dawnstrike,standard,1,6,3,1,25403,8957,13057,597.4,9.5,15.47,19.33,3,1,1,3,3,622,1352,472,1257,3972,7032,10952,6582,860,2400,150,400,,560,,t3_shieldbreaker|t3_rendspear
standard,47,r5,red,sup,坦克,stoneguard,standard,1,1,0,2,8507,16013,13341,610.4,7.5,11.62,15.48,4,1,2,4,4,460,780,877,1141,4960,8020,12477,6582,186,600,450,1400,,560,2697,t3_calmveil|t3_thornmail
standard,48,b1,blue,top,戰士,anliuyouXia,standard,0,0,4,0,9952,23017,9318,416.6,8.82,17.81,,2,1,1,2,2,692,772,202,1038,3842,5702,8002,6582,740,,,500,,180,,t3_shieldbreaker|t3_finalstring
standard,48,b2,blue,jungle,刺客,miwu,standard,0,0,6,0,6491,9218,8909,398.3,9.18,17.25,,2,1,1,2,2,818,460,789,778,4018,6090,7969,6582,333,,,,973,80,,t3_finalstring
standard,48,b3,blue,mid,法師,lieyan,standard,0,2,5,0,17114,16367,10446,467,10.32,16.99,22.14,3,0,1,2,3,1571,261,271,296,3831,5691,9151,6582,688,1200,,500,,180,,t3_psyward
standard,48,b4,blue,adc,射手,yanfeng,standard,0,6,4,0,17326,11702,11951,534.3,8.57,16.5,20.34,3,1,1,2,3,566,656,1186,971,3916,6456,9936,6582,773,2400,,,,180,,t3_shieldbreaker|t3_rendspear
standard,48,b5,blue,sup,坦克,bingshouweis,standard,0,0,1,1,5873,20790,11552,516.5,8.72,12.22,16.38,4,1,2,3,4,349,396,776,351,4849,7776,9756,6582,185,,300,500,,180,2008,t3_calmveil|t3_thornmail
standard,48,r1,red,top,戰士,anliuyouXia,standard,1,4,0,0,10937,21432,11407,510,9.84,16.4,20.88,3,1,1,2,3,126,1002,562,557,4276,6532,9212,6582,573,1200,,400,36,420,,t3_shieldbreaker|t3_finalstring
standard,48,r2,red,jungle,刺客,miwu,standard,1,5,1,3,9171,12056,14098,630.3,8.16,14.53,17.13,4,1,2,3,4,1281,859,1072,1297,4481,8459,12202,6582,320,2400,600,400,1479,420,,t3_finalstring
standard,48,r3,red,mid,法師,lieyan,standard,1,3,2,0,15544,13197,12218,546.3,10.32,15.8,20.96,3,0,1,2,3,1582,362,432,318,3842,6862,9482,6582,980,600,,900,,420,,t3_psyward
standard,48,r4,red,adc,射手,yanfeng,standard,1,8,5,1,22352,9602,14268,637.9,11.27,17.68,20.34,3,0,1,2,3,1432,652,1972,2468,3592,5732,10872,6582,370,2400,300,900,,320,,t3_shieldbreaker|t3_rendspear
standard,48,r5,red,sup,坦克,bingshouweis,standard,1,0,0,4,6267,16718,11811,528.1,6.82,12.22,17.89,4,1,2,3,4,330,435,635,511,4830,7675,10015,6582,156,,600,400,,420,1856,t3_calmveil|t3_thornmail
standard,49,b1,blue,top,戰士,tielian,standard,1,0,7,0,9767,24152,8758,399,9.83,18.27,,2,1,1,2,2,552,442,502,1008,3702,5622,7902,6582,520,,,800,,0,,t3_shieldbreaker|t3_finalstring
standard,49,b2,blue,jungle,刺客,jueying,standard,1,0,6,0,3924,9034,9684,441.2,8.65,18.34,,2,1,1,2,2,620,1464,297,1104,3820,6214,8577,6582,410,,,300,884,400,,t3_finalstring
standard,49,b3,blue,mid,法師,shikong,standard,1,2,3,0,13235,11874,11136,507.3,9.08,14.68,20.56,3,1,2,2,3,572,110,1200,786,4422,7660,10280,6582,780,1200,,1300,18,400,,t3_psyward
standard,49,b4,blue,adc,射手,siwang,standard,1,10,1,0,29861,9569,16088,732.9,8.06,14.08,17.48,4,1,2,3,4,742,352,2182,2488,4092,7352,13432,6582,950,4200,,1300,,400,,t3_shieldbreaker|t3_rendspear
standard,49,b5,blue,sup,輔助,mingyun,standard,1,0,3,2,4010,15664,10820,493,6.58,11.85,16.2,3,1,2,3,3,104,355,325,1780,4704,7385,9365,6582,100,,,300,,400,1982,t3_calmveil
standard,49,r1,red,top,戰士,tielian,standard,0,11,0,0,20599,26880,15431,703,9.68,13.39,16.29,4,1,2,4,4,692,755,175,1981,3842,9355,12975,6582,815,4800,,500,18,260,,t3_shieldbreaker|t3_finalstring
standard,49,r2,red,jungle,刺客,jueying,standard,0,3,4,0,8270,11378,10886,495.9,9.02,15.51,19.08,3,1,1,3,3,502,1238,396,935,4832,6818,10046,6582,423,1800,,,980,260,,t3_finalstring
standard,49,r3,red,mid,法師,shikong,standard,0,2,5,2,9392,13979,10901,496.6,10.2,17.41,,2,0,1,2,2,1682,226,956,1501,3942,6726,9706,6582,813,1200,600,250,,260,,t3_psyward
standard,49,r4,red,adc,射手,siwang,standard,0,4,1,0,15493,8536,11058,503.8,10.66,18.77,20.24,3,0,1,2,3,1592,842,862,278,3752,6222,9762,6582,720,1800,,500,,160,,t3_shieldbreaker|t3_rendspear
standard,49,r5,red,sup,輔助,mingyun,standard,0,0,2,2,2653,14953,11745,535.1,5.97,12.02,16.01,4,1,2,3,4,530,799,969,865,4830,7829,10009,6582,308,,600,250,,260,2008,t3_calmveil
standard,50,b1,blue,top,戰士,longyi,standard,1,0,1,0,9262,19041,8189,414.8,9.01,19.18,,2,1,1,,2,426,286,,259,3576,5816,,,,,,,,,,t3_shieldbreaker|t3_finalstring
standard,50,b2,blue,jungle,刺客,anye,standard,1,1,4,0,4755,9746,9423,477.3,9,14.35,,2,1,2,,2,683,435,,1042,3883,7135,,,,,,,,,,t3_finalstring
standard,50,b3,blue,mid,法師,lieyan,standard,1,0,4,0,11860,11641,8169,413.8,10.09,19.33,,2,0,1,,2,1576,396,,619,3836,6296,,,,,,,,,,t3_psyward
standard,50,b4,blue,adc,射手,maestro,standard,1,3,1,0,12769,7761,10256,519.5,8.57,16.4,,2,1,1,,2,542,652,,1356,3892,6332,,,,,,,,,,t3_shieldbreaker|t3_rendspear
standard,50,b5,blue,sup,坦克,suishan,standard,1,0,1,1,5817,16808,10393,526.4,6.78,12.73,16.4,3,1,2,,3,514,529,,412,4714,7769,,,,,,,,,,t3_calmveil|t3_thornmail
standard,50,r1,red,top,戰士,longyi,standard,0,2,0,0,12663,18030,9176,464.8,8.57,15.39,,2,1,1,,2,592,752,,526,3742,6282,,,,,,,,,,t3_shieldbreaker|t3_finalstring
standard,50,r2,red,jungle,刺客,anye,standard,0,2,2,0,5481,9604,10249,519.2,8.98,14.46,18.83,3,1,2,,3,205,323,,548,5355,7503,,,,,,,,,,t3_finalstring
standard,50,r3,red,mid,法師,lieyan,standard,0,1,1,0,8722,10952,9219,467,11.14,17.33,,2,0,1,,2,1616,416,,1189,3876,5746,,,,,,,,,,t3_psyward
standard,50,r4,red,adc,射手,maestro,standard,0,5,1,0,16251,7793,11408,577.9,10.66,16.03,18.97,3,0,1,,3,1725,315,,1108,3885,5995,,,,,,,,,,t3_shieldbreaker|t3_rendspear
standard,50,r5,red,sup,坦克,suishan,standard,0,1,0,0,6221,14939,10543,534,7.69,12.58,17.27,3,1,2,,3,627,427,,562,4827,7667,,,,,,,,,,t3_calmveil|t3_thornmail
standard,51,b1,blue,top,戰士,chichuan,standard,0,1,6,0,14793,33182,10479,431.7,9.37,16.42,22.02,3,1,1,2,3,632,322,952,479,3782,5622,8982,6582,720,600,,1000,,80,,t3_shieldbreaker|t3_finalstring
standard,51,b2,blue,jungle,刺客,hundun,standard,0,1,7,1,6797,13223,11060,455.6,10.87,15.96,22.12,3,0,1,2,3,1767,335,825,480,3977,6065,8955,6582,303,600,300,,1089,80,,t3_psyward
standard,51,b3,blue,mid,法師,shikong,standard,0,2,7,0,16777,17403,11816,486.8,10.22,17.68,21.62,3,0,1,2,3,1716,99,519,885,3976,6579,8919,6582,1023,600,,500,,213,,t3_psyward
standard,51,b4,blue,adc,射手,huanying,standard,0,6,2,1,25566,10977,13123,540.6,9.34,16.8,20.63,4,1,1,2,4,462,826,1516,522,3812,5726,9666,6582,770,1800,300,,,213,,t3_shieldbreaker|t3_rendspear
standard,51,b5,blue,sup,坦克,tieshixin,standard,0,1,5,1,5443,27057,13145,541.5,9.31,12.38,15.74,4,1,2,3,4,424,610,1488,1865,4824,7890,10488,6582,263,600,300,500,45,213,1983,t3_calmveil|t3_thornmail
standard,51,r1,red,top,戰士,chichuan,standard,1,4,1,1,16645,26160,12899,531.4,6.87,14.54,17.37,4,1,2,3,4,472,362,202,399,4272,7462,11182,6582,680,2400,300,800,,420,,t3_shieldbreaker|t3_finalstring
standard,51,r2,red,jungle,刺客,hundun,standard,1,5,2,3,12333,13335,14621,602.3,8.68,14.33,17.47,4,1,2,3,4,414,431,646,1320,4914,8881,12496,6582,193,3000,750,300,1250,420,,t3_psyward
standard,51,r3,red,mid,法師,shikong,standard,1,1,2,4,22247,14309,11886,489.6,10.48,15.97,22.48,3,0,1,2,3,1542,372,292,555,3802,6572,9342,6582,990,,900,550,,320,,t3_psyward
standard,51,r4,red,adc,射手,huanying,standard,1,16,4,0,45400,11281,20379,839.5,11.08,13.36,16.63,5,0,2,4,5,2326,866,1106,4779,4486,8486,14006,6582,803,5400,,800,,420,,t3_shieldbreaker|t3_rendspear
standard,51,r5,red,sup,坦克,tieshixin,standard,1,1,2,4,6226,21399,13898,572.5,6.39,11.73,15.98,5,1,2,3,5,310,1307,1224,397,4710,8487,11104,6582,133,600,450,550,,420,2368,t3_calmveil|t3_thornmail
standard,52,b1,blue,top,戰士,xueyue,standard,0,1,4,0,8917,26375,9435,420.9,8.81,16.48,,2,1,1,2,2,672,542,592,1404,3822,6142,8622,6582,840,600,,500,,100,,t3_shieldbreaker|t3_finalstring
standard,52,b2,blue,jungle,刺客,razorwing,standard,0,1,5,1,6370,11162,9542,425.6,8.1,16.93,,2,1,1,2,2,149,441,604,1461,3999,6021,8034,6582,280,,150,,921,100,,t3_finalstring
standard,52,b3,blue,mid,法師,lieyan,standard,0,0,7,0,11357,14349,9205,410.6,10.53,19.15,,2,0,1,2,2,1432,462,262,324,3692,5612,8392,6582,810,,,1000,,0,,t3_psyward
standard,52,b4,blue,adc,射手,guangsu,standard,0,5,4,0,16791,10369,11995,535.1,10.05,18.34,21.16,3,0,1,2,3,1782,722,1652,1044,3942,6402,9902,6582,920,1800,,500,,100,,t3_shieldbreaker|t3_rendspear
standard,52,b5,blue,sup,輔助,shiguang,standard,0,0,2,2,5113,16826,10820,482.7,6.26,12.17,15.83,4,1,2,3,4,794,768,668,120,4794,7798,9708,6582,350,,150,500,54,100,1971,t3_calmveil
standard,52,r1,red,top,戰士,xueyue,standard,1,9,1,0,11687,22145,15961,712,9.23,13.24,14.57,5,1,3,3,5,402,369,2549,661,4502,9969,13949,6582,1066,5400,,400,,500,,t3_shieldbreaker|t3_finalstring
standard,52,r2,red,jungle,刺客,razorwing,standard,1,1,3,2,7258,12540,11289,503.6,7.94,14.33,20.49,3,1,2,2,3,127,155,1203,1639,4457,7405,9533,6582,266,,450,400,1434,400,,t3_finalstring
standard,52,r3,red,mid,法師,lieyan,standard,1,1,1,3,17378,11604,11298,504,9.98,17.56,,2,1,1,2,2,72,596,346,2798,3922,6826,8846,6582,913,,450,400,,500,,t3_psyward
standard,52,r4,red,adc,射手,guangsu,standard,1,11,2,0,28882,9631,16545,738.1,9.78,15.83,19,5,1,1,3,5,552,1292,512,944,3902,6972,11292,6582,910,2400,,900,,500,,t3_shieldbreaker|t3_rendspear
standard,52,r5,red,sup,輔助,shiguang,standard,1,0,0,2,6965,15534,11665,520.4,7.64,11.51,14.89,4,1,3,4,4,564,212,252,784,4864,7912,10652,6582,243,,600,900,,500,1826,t3_calmveil
standard,53,b1,blue,top,戰士,langwang,standard,0,2,2,0,14425,24635,10893,480.4,8.06,15.81,20.05,3,1,1,2,3,730,1340,1114,692,3880,6820,9714,6582,753,1200,,1000,18,160,,t3_shieldbreaker|t3_finalstring
standard,53,b2,blue,jungle,刺客,jingxiang,standard,0,0,6,0,6031,11218,9230,407.1,9.41,16.65,,2,1,1,2,2,750,758,1233,900,3950,6038,8183,6582,413,,,,1027,160,,t3_finalstring
standard,53,b3,blue,mid,法師,auralith,standard,0,1,3,1,17804,14128,10109,445.8,10.38,19.83,,2,0,1,2,2,1666,396,240,1128,3926,5996,7790,6582,843,,150,,54,160,,t3_psyward
standard,53,b4,blue,adc,射手,mori,standard,0,6,5,0,18067,10221,12492,550.9,8.82,16.48,20.33,3,1,1,2,3,512,1232,992,1111,3862,6912,9892,6582,750,2400,,,,160,,t3_shieldbreaker|t3_rendspear
standard,53,b5,blue,sup,輔助,fuwenbianzhi,standard,0,0,3,3,8591,18876,11018,485.9,7.08,11.67,15.82,4,1,2,3,4,134,649,779,618,4734,7679,9819,6582,240,,450,500,,160,1886,t3_calmveil
standard,53,r1,red,top,戰士,langwang,standard,1,4,1,0,14034,25913,11522,508.1,9.05,16.38,20.81,3,1,1,2,3,512,1002,802,721,3662,6482,9402,6582,560,1800,,300,,160,,t3_shieldbreaker|t3_finalstring
standard,53,r2,red,jungle,刺客,jingxiang,standard,1,7,3,0,12219,14019,14210,626.7,8.16,13.04,17.19,4,1,2,3,4,1390,968,480,1759,4590,7618,10910,6582,340,2400,,300,1128,160,,t3_finalstring
standard,53,r3,red,mid,法師,auralith,standard,1,2,2,0,12421,12544,10962,483.4,10.78,17.15,,2,0,1,2,2,1402,302,932,1561,3662,6502,9382,6582,640,1200,,800,,160,,t3_psyward
standard,53,r4,red,adc,射手,mori,standard,1,5,3,1,19933,9169,12232,539.4,9.74,19.04,21.22,3,1,1,2,3,342,152,1512,2231,3692,5832,9132,6582,590,1200,300,300,,160,,t3_shieldbreaker|t3_rendspear
standard,53,r5,red,sup,輔助,fuwenbianzhi,standard,1,1,0,1,5895,15794,12868,567.5,8.73,12.65,15.96,4,1,2,4,4,754,539,189,1418,4754,7569,10589,6582,190,,300,1300,,160,2056,t3_calmveil
standard,54,b1,blue,top,戰士,kuangfeng,standard,0,2,1,1,13610,25952,9768,443.8,8.82,16.23,21.8,3,1,1,2,3,692,662,732,117,3842,6192,9012,6582,550,1200,100,500,,80,,t3_shieldbreaker|t3_finalstring
standard,54,b2,blue,jungle,刺客,sting,standard,0,0,8,1,8191,11723,8830,401.2,9.3,17.51,,2,1,1,2,2,819,681,727,700,4019,6011,8027,6582,300,,100,,964,80,,t3_finalstring
standard,54,b3,blue,mid,法師,xingjie,standard,0,1,5,0,14565,12147,9305,422.8,9.37,18.15,,2,1,1,2,2,620,410,280,705,4470,6310,8610,6582,820,600,,500,27,80,,t3_psyward
standard,54,b4,blue,adc,射手,leiting,standard,0,5,6,0,13814,10338,10998,499.7,9.82,17.77,21.03,3,1,1,2,3,412,182,1132,47,3762,5562,9682,6582,620,2400,,,,80,,t3_shieldbreaker|t3_rendspear
standard,54,b5,blue,sup,坦克,ironclad,standard,0,0,2,2,8019,20485,11707,531.9,6.52,11.95,17.36,4,1,2,3,4,498,528,492,506,4998,7768,9992,6582,270,,400,,54,80,2605,t3_calmveil|t3_thornmail
standard,54,r1,red,top,戰士,kuangfeng,standard,1,3,1,1,14453,22258,11544,524.5,8.78,16.27,20.56,3,1,1,2,3,452,1232,1239,514,3602,6762,9889,6582,740,1200,300,666,,400,,t3_shieldbreaker|t3_finalstring
standard,54,r2,red,jungle,刺客,sting,standard,1,7,1,2,16510,12687,15163,689,6.18,14.03,17.06,4,1,2,4,4,358,1176,264,1762,4738,8176,12764,6582,510,3000,600,500,1171,400,,t3_finalstring
standard,54,r3,red,mid,法師,xingjie,standard,1,5,2,1,15951,11013,12625,573.7,10.53,18.24,20.78,3,0,1,2,3,1552,1340,720,725,3812,6940,9520,6582,660,1200,150,500,27,400,,t3_psyward
standard,54,r4,red,adc,射手,leiting,standard,1,4,4,1,18322,8551,11894,540.4,10.13,18.86,20.62,3,0,1,2,3,1392,652,1389,94,3552,6332,9639,6582,490,1200,300,666,,400,,t3_shieldbreaker|t3_rendspear
standard,54,r5,red,sup,坦克,ironclad,standard,1,3,0,1,7400,16506,13354,606.8,7.11,12.74,15,4,1,3,4,4,324,54,449,1153,4824,9134,12049,6582,160,1800,150,666,,400,2289,t3_calmveil|t3_thornmail
standard,55,b1,blue,top,戰士,greymantle,standard,0,0,2,0,11086,22129,7911,387.8,8.24,18.63,,2,1,1,2,2,752,402,176,330,3902,5582,7756,6582,873,,,166,,133,,t3_shieldbreaker|t3_finalstring
standard,55,b2,blue,jungle,刺客,yingsi,standard,0,1,3,0,2394,10251,8741,428.5,8.17,17.32,,2,1,1,2,2,670,522,876,661,3870,5802,8606,6582,160,600,,416,847,0,,t3_finalstring
standard,55,b3,blue,mid,法師,auralith,standard,0,1,5,1,12734,12550,8967,439.6,10.91,17.83,,2,0,1,2,2,1682,52,432,567,3942,6532,8832,6582,1083,600,150,416,,0,,t3_psyward
standard,55,b4,blue,adc,射手,liangzi,standard,0,3,4,0,10919,10560,10111,495.6,9.65,17.71,19.82,3,1,1,3,3,442,602,356,510,3792,5802,9956,6582,690,1800,,750,,133,,t3_shieldbreaker|t3_rendspear
standard,55,b5,blue,sup,輔助,huanjing,standard,0,0,2,1,4159,15016,9562,468.7,5.62,12.25,17.56,3,1,2,3,3,194,750,387,521,4794,7230,9427,6582,433,,150,250,,133,1878,t3_calmveil
standard,55,r1,red,top,戰士,greymantle,standard,1,4,0,0,15503,19037,11011,539.7,9.25,14.65,18.56,3,1,2,3,3,362,276,296,630,4462,7376,10676,6582,813,2400,,400,,480,,t3_shieldbreaker|t3_finalstring
standard,55,r2,red,jungle,刺客,yingsi,standard,1,4,1,2,7353,10146,12324,604.1,8.69,12.2,16.68,3,1,2,3,3,202,956,1859,2193,4352,8686,11989,6582,13,2400,600,400,1513,480,,t3_finalstring
standard,55,r3,red,mid,法師,auralith,standard,1,2,2,1,14861,10059,11581,567.7,11.38,15.63,20.34,3,0,1,2,3,1802,1266,1846,150,4062,7766,11246,6582,1433,1200,150,1400,,480,,t3_psyward
standard,55,r4,red,adc,射手,liangzi,standard,1,6,2,2,18607,7466,13091,641.7,9.54,14.75,18.3,3,1,2,3,3,572,276,356,1290,3922,7276,12156,6582,893,3000,300,900,,480,,t3_shieldbreaker|t3_rendspear
standard,55,r5,red,sup,輔助,huanjing,standard,1,0,0,3,2736,9235,11047,541.5,8.73,12.87,14.66,3,1,3,3,3,744,192,1672,2006,4744,8192,10712,6582,206,,750,900,,480,1792,t3_calmveil
standard,56,b1,blue,top,戰士,ravager,standard,1,1,2,0,14054,24312,9967,454.8,8.76,18.76,21.91,3,1,1,2,3,552,482,422,66,3702,5962,8422,6582,620,,,700,,520,,t3_shieldbreaker|t3_finalstring
standard,56,b2,blue,jungle,刺客,youming,standard,1,2,1,0,4586,10734,11107,506.8,8.41,15.29,19.64,3,1,1,3,3,774,1876,350,677,3974,6676,10000,6582,300,1200,,450,847,620,,t3_finalstring
standard,56,b3,blue,mid,法師,xingjie,standard,1,4,3,0,17831,13097,12417,566.5,10.49,16.38,20.1,3,0,1,2,3,1542,532,1472,516,3802,7032,10872,6582,1120,1800,,950,,420,,t3_psyward
standard,56,b4,blue,adc,射手,shengyan,standard,1,7,3,2,20058,10546,14367,655.5,9.24,15.58,19.22,4,1,1,3,4,632,712,1742,1146,3982,6392,12222,6582,970,3000,600,450,,620,,t3_shieldbreaker|t3_rendspear
standard,56,b5,blue,sup,輔助,zhanchang,standard,1,0,1,3,4523,12472,12108,552.5,6.57,11.69,15.28,4,1,2,3,4,504,484,1324,1228,4804,7514,10364,6582,190,,600,450,,620,1921,t3_calmveil
standard,56,r1,red,top,戰士,ravager,standard,0,4,0,0,16837,27543,12067,550.6,7.38,16.02,19.68,3,1,1,3,3,912,1402,262,666,4062,6882,10762,6582,880,1800,,1500,,0,,t3_shieldbreaker|t3_finalstring
standard,56,r2,red,jungle,刺客,youming,standard,0,0,4,0,3977,11284,9081,414.4,8.18,16.98,,2,1,1,2,2,358,732,599,1001,4208,6312,8329,6582,443,,,,1303,0,,t3_finalstring
standard,56,r3,red,mid,法師,xingjie,standard,0,1,3,1,13778,13684,8830,402.9,10.38,21.35,,2,0,1,1,2,1562,332,936,330,3822,5662,7436,6582,853,,,,,0,,t3_psyward
standard,56,r4,red,adc,射手,shengyan,standard,0,5,5,1,17634,10479,11050,504.2,9.52,18.43,21.38,3,1,1,2,3,292,292,936,1030,3642,5372,8886,6582,503,1800,,,,0,,t3_shieldbreaker|t3_rendspear
standard,56,r5,red,sup,輔助,zhanchang,standard,0,0,2,2,4948,15932,11520,525.6,6.09,11.98,16.77,4,1,2,3,4,1074,596,1686,820,4774,7626,10726,6582,360,,300,1500,,0,1983,t3_calmveil
standard,57,b1,blue,top,戰士,leimingcf,standard,0,0,6,0,10162,25259,8634,394.7,9.82,16.69,,2,1,1,2,2,592,473,193,553,3742,6123,7923,6582,813,,,500,27,0,,t3_shieldbreaker|t3_finalstring
standard,57,b2,blue,jungle,刺客,yueying,standard,0,1,5,0,8383,12631,9268,423.7,8.99,15.61,,2,1,1,2,2,661,324,400,1138,3861,5954,8530,6582,273,600,,,1074,0,,t3_finalstring
standard,57,b3,blue,mid,法師,auralith,standard,0,0,7,0,12134,12984,8606,393.4,10.52,19.16,,2,0,1,2,2,1542,346,326,206,3802,5676,7976,6582,893,,,500,,0,,t3_psyward
standard,57,b4,blue,adc,射手,xingchen,standard,0,6,5,0,14948,12053,11943,546,9.35,18.21,20.01,3,1,1,2,3,382,252,1362,962,3732,5452,10112,6582,630,2400,,500,,0,,t3_shieldbreaker|t3_rendspear
standard,57,b5,blue,sup,坦克,thornwall,standard,0,0,3,0,6455,21138,10114,462.4,7.03,12.43,17.4,3,1,2,3,3,534,304,464,534,4734,7684,9444,6582,350,,,500,,0,2011,t3_calmveil|t3_thornmail
standard,57,r1,red,top,戰士,leimingcf,standard,1,7,1,1,15823,22085,14520,663.8,7.68,15.09,17.73,4,1,1,3,4,1486,1520,1240,1020,4636,7050,11790,6582,1033,2400,300,900,54,520,,t3_shieldbreaker|t3_finalstring
standard,57,r2,red,jungle,刺客,yueying,standard,1,8,0,2,17226,11560,15424,705.1,6.17,14.64,16.46,4,1,2,4,4,270,882,1094,2024,5420,9262,14494,6582,253,4800,600,400,1338,520,,t3_finalstring
standard,57,r3,red,mid,法師,auralith,standard,1,2,4,3,14115,11881,11913,544.6,11.56,16.02,20.53,3,0,1,2,3,1672,1122,1082,482,3932,7622,10482,6582,830,600,550,1400,,520,,t3_psyward
standard,57,r4,red,adc,射手,xingchen,standard,1,7,2,3,22639,9551,13719,627.2,9.11,17.17,18.67,4,1,1,3,4,356,929,209,499,3706,6609,11589,6582,736,3000,550,400,,320,,t3_shieldbreaker|t3_rendspear
standard,57,r5,red,sup,坦克,thornwall,standard,1,2,0,4,6581,16514,13451,614.9,6.66,12.55,14.93,4,1,3,3,4,164,170,1640,1250,4964,8770,11620,6582,186,600,400,900,,520,2431,t3_calmveil|t3_thornmail
standard,58,b1,blue,top,坦克,tiankong,standard,0,0,1,0,6939,18866,8791,430.9,7.48,14.99,19.58,3,1,2,3,3,246,6,106,240,3896,6256,8656,6582,793,,,1100,,180,,t3_calmveil|t3_thornmail
standard,58,b2,blue,jungle,戰士,tielian,standard,0,0,3,0,7499,16868,8304,407,8.83,17.54,,2,1,1,2,2,756,510,419,553,3856,5990,8169,6582,530,,,100,776,180,,t3_finalstring|t3_shieldbreaker
standard,58,b3,blue,mid,法師,xingjie,standard,0,0,4,0,13618,12596,8417,412.6,10.3,18.77,,2,0,1,2,2,1722,342,132,767,3982,5942,7782,6582,920,,,100,,180,,t3_psyward
standard,58,b4,blue,adc,射手,dujian,standard,0,3,4,0,9961,10246,10027,491.5,9.45,16.73,,2,1,1,2,2,542,132,1142,1277,3892,5632,9892,6582,830,1800,,600,,80,,t3_shieldbreaker|t3_rendspear
standard,58,b5,blue,sup,坦克,tiebi,standard,0,0,2,0,7786,15581,9479,464.7,7.93,12.36,18.24,3,1,2,3,3,54,684,364,499,4854,7484,9344,6582,326,,,100,54,180,2101,t3_calmveil|t3_thornmail
standard,58,r1,red,top,坦克,tiankong,standard,1,2,0,1,10186,18343,10537,516.5,8.09,13.97,19.31,3,1,2,3,3,132,352,272,1107,4382,6602,9702,6582,820,1200,300,400,,400,,t3_calmveil|t3_thornmail
standard,58,r2,red,jungle,戰士,tielian,standard,1,4,0,1,11464,12602,12575,616.4,8.91,13.37,19.16,3,1,2,3,3,167,353,1210,1545,4867,8053,12240,6582,290,2400,300,900,1368,400,,t3_finalstring|t3_shieldbreaker
standard,58,r3,red,mid,法師,xingjie,standard,1,5,2,0,19105,10895,12617,618.5,11.41,14.07,18.72,3,0,2,3,3,1402,242,1432,1767,3662,8092,12282,6582,650,3000,,1650,,400,,t3_psyward
standard,58,r4,red,adc,射手,dujian,standard,1,2,1,2,14804,8263,10177,498.9,10.9,16.07,,2,0,1,2,2,1562,1762,1262,1597,3722,6662,9842,6582,810,1200,450,400,,400,,t3_shieldbreaker|t3_rendspear
standard,58,r5,red,sup,坦克,tiebi,standard,1,1,0,5,6120,13918,12628,619,6.43,12.98,17.09,3,1,2,3,3,794,764,2314,2648,4994,8004,12294,6582,310,600,1350,650,,400,2401,t3_calmveil|t3_thornmail
standard,59,b1,blue,top,坦克,tiebi,standard,0,0,6,0,5039,20160,7995,382.5,9.53,16.45,,2,1,1,2,2,692,552,322,365,3642,5852,7652,6582,570,,,500,,0,,t3_calmveil|t3_thornmail
standard,59,b2,blue,jungle,戰士,cinderfist,standard,0,0,1,0,5888,12878,8206,392.6,9.28,17.33,,2,1,1,2,2,871,255,403,225,3971,5805,7903,6582,130,,,,1190,0,,t3_shieldbreaker|t3_finalstring
standard,59,b3,blue,mid,法師,gambler,standard,0,0,6,1,12361,14511,8184,391.6,11.15,17.58,,2,0,1,2,2,1602,401,451,453,3862,5781,7881,6582,998,,300,,,0,,t3_psyward
standard,59,b4,blue,adc,射手,tianfa,standard,0,5,3,0,16922,12839,10975,525.1,9.37,16.48,20.22,3,1,1,2,3,412,632,682,895,3762,5832,9432,6582,800,1800,,250,,0,,t3_shieldbreaker|t3_rendspear
standard,59,b5,blue,sup,輔助,fengshen,standard,0,0,1,0,4276,14766,9794,468.6,6.63,11.56,17.49,3,1,2,3,3,84,711,451,754,4684,7191,9491,6582,261,,,750,,0,1897,t3_calmveil
standard,59,r1,red,top,坦克,tiebi,standard,1,6,0,2,12432,17837,13525,647.1,8.44,11.74,16.33,4,1,2,3,4,792,1122,2392,1375,4342,7752,12322,6582,600,3000,300,1000,,840,,t3_calmveil|t3_thornmail
standard,59,r2,red,jungle,戰士,cinderfist,standard,1,1,1,0,9123,14867,11207,536.2,9.11,15.94,18.73,3,1,1,3,3,482,2490,154,756,4532,7920,10604,6582,500,600,,500,1581,840,,t3_shieldbreaker|t3_finalstring
standard,59,r3,red,mid,法師,gambler,standard,1,1,3,1,15692,10919,10225,489.2,10.43,18.18,,2,0,1,2,2,1782,592,642,825,4042,6342,9622,6582,1000,600,300,500,,640,,t3_psyward
standard,59,r4,red,adc,射手,tianfa,standard,1,9,1,1,18006,9075,14835,709.8,9.57,12.63,17.48,4,1,2,4,4,282,552,132,985,5182,8172,13032,6582,760,4200,150,500,,840,,t3_shieldbreaker|t3_rendspear
standard,59,r5,red,sup,輔助,fengshen,standard,1,0,0,3,5434,11061,11248,538.2,6.98,12.9,15.95,3,1,2,3,3,604,965,1415,2018,4904,7995,10645,6582,300,,450,500,,840,1972,t3_calmveil
standard,60,b1,blue,top,坦克,shengdun,standard,0,0,5,0,8824,22881,8014,383,8.87,16.7,,2,1,1,2,2,692,62,272,283,3642,5462,7702,6582,620,,,500,,0,,t3_calmveil|t3_thornmail
standard,60,b2,blue,jungle,戰士,dushe,standard,0,0,3,0,5093,17760,8401,401.5,8.74,17.26,,2,1,1,2,2,181,538,101,520,3981,6018,7981,6582,333,,,,1065,0,,t3_finalstring|t3_shieldbreaker
standard,60,b3,blue,mid,法師,ronghuo,standard,0,0,5,1,12731,15305,8597,410.8,10.57,18.34,,2,0,1,2,2,1606,336,316,666,3866,5666,8246,6582,863,,300,500,,0,,t3_psyward
standard,60,b4,blue,adc,射手,dawnstrike,standard,0,2,4,0,11996,12120,9721,464.6,9.49,17.3,20.66,3,1,1,2,3,476,170,60,120,3826,5970,8810,6582,823,600,,750,54,0,,t3_shieldbreaker|t3_rendspear
standard,60,b5,blue,sup,坦克,stoneguard,standard,0,0,2,0,4762,19512,10094,482.4,7.97,12.6,16.83,3,1,2,3,3,484,574,203,514,4984,7674,9783,6582,440,,,250,,0,2510,t3_calmveil|t3_thornmail
standard,60,r1,red,top,坦克,shengdun,standard,1,2,0,0,11428,16046,10374,495.8,7.9,14.93,19.33,3,1,2,3,3,752,92,232,1243,3702,6042,9362,6582,520,1200,,400,,660,,t3_calmveil|t3_thornmail
standard,60,r2,red,jungle,戰士,dushe,standard,1,5,0,3,11523,13124,14305,683.6,8.94,12.69,15.48,4,1,2,4,4,1378,1869,170,1424,6078,9869,13050,6582,453,2400,900,650,1404,660,,t3_finalstring|t3_shieldbreaker
standard,60,r3,red,mid,法師,ronghuo,standard,1,4,1,3,22698,10548,12960,619.4,10.03,14.87,19.98,3,0,2,3,3,2132,92,39,1450,4392,7642,11549,6582,1106,1800,600,900,,560,,t3_psyward
standard,60,r4,red,adc,射手,dawnstrike,standard,1,6,1,1,23364,10098,13344,637.7,11.38,15.38,19.25,4,0,1,3,4,1722,582,1712,443,3882,6382,12232,6582,1040,3000,300,650,,660,,t3_shieldbreaker|t3_rendspear
standard,60,r5,red,sup,坦克,stoneguard,standard,1,2,0,1,5361,14552,13514,645.8,6.34,12.13,15.48,4,1,2,4,4,414,1197,803,1314,4914,8437,13003,6582,359,1200,300,1400,,660,2500,t3_calmveil|t3_thornmail
standard,61,b1,blue,top,坦克,shiqiang,standard,0,0,3,0,9273,20744,8373,390.2,8.49,16.22,21.11,3,1,1,2,3,912,302,152,122,3862,5702,7882,6582,640,,,500,,160,,t3_calmveil|t3_thornmail
standard,61,b2,blue,jungle,戰士,jufeng,standard,0,0,3,0,9450,14185,8565,399.1,8.78,18.82,,2,1,1,2,2,826,734,350,334,3926,5914,7930,6582,270,,,,918,160,,t3_finalstring|t3_shieldbreaker
standard,61,b3,blue,mid,法師,gambler,standard,0,0,6,1,14447,11178,8653,403.2,10.54,19.25,,2,0,1,2,2,1402,152,612,322,3662,5602,8162,6582,620,,300,500,,160,,t3_psyward
standard,61,b4,blue,adc,射手,yanfeng,standard,0,3,3,0,13197,13095,9833,458.2,10.02,19.48,,2,0,1,2,2,1682,162,212,1082,3842,5662,8062,6582,720,600,,,,160,,t3_shieldbreaker|t3_rendspear
standard,61,b5,blue,sup,坦克,bingshouweis,standard,0,1,2,0,7583,18512,10511,489.8,7.19,12.66,16.68,3,1,2,3,3,304,440,220,130,4754,7680,10020,6582,270,600,,500,,160,1908,t3_calmveil|t3_thornmail
standard,61,r1,red,top,坦克,shiqiang,standard,1,1,0,2,11738,19647,10073,469.4,9.07,14.98,20.32,3,1,2,2,3,792,132,1292,522,3742,6382,8582,6582,600,600,,400,,400,,t3_calmveil|t3_thornmail
standard,61,r2,red,jungle,戰士,jufeng,standard,1,2,0,3,10226,13329,11739,547.1,8.78,15.82,18.66,3,1,1,3,3,318,1318,884,709,4118,6798,10784,6582,220,1200,750,400,1231,400,,t3_finalstring|t3_shieldbreaker
standard,61,r3,red,mid,法師,gambler,standard,1,7,2,2,22161,11059,14003,652.6,9.84,16.22,18.98,3,1,1,3,3,512,372,1262,1922,4362,6872,12112,6582,880,3000,600,650,,400,,t3_psyward
standard,61,r4,red,adc,射手,yanfeng,standard,1,3,2,2,15320,9271,12153,566.3,9.22,16.85,19.77,3,1,1,3,3,462,862,212,352,3812,6662,10112,6582,730,600,150,1650,,400,,t3_shieldbreaker|t3_rendspear
standard,61,r5,red,sup,坦克,bingshouweis,standard,1,4,0,3,7308,18014,14342,668.3,6.63,12.83,17.93,5,1,2,4,5,234,254,701,741,4734,7494,12901,6582,130,1800,300,900,,400,2788,t3_calmveil|t3_thornmail
standard,62,b1,blue,top,坦克,tiemu,standard,1,0,3,0,10244,20514,8820,407.6,9.29,15.59,,2,1,1,2,2,635,608,558,1590,3585,5908,7788,6582,510,,,200,42,453,,t3_calmveil|t3_thornmail
standard,62,b2,blue,jungle,戰士,langwang,standard,1,0,1,0,8816,13392,9714,448.8,8.89,16.63,,2,1,1,2,2,335,1100,584,1163,4085,6530,8534,6582,253,,,200,1044,453,,t3_shieldbreaker|t3_finalstring
standard,62,b3,blue,mid,法師,ronghuo,standard,1,1,2,0,16546,12882,10525,486.3,9.95,17.24,,2,1,1,2,2,173,353,783,1245,4023,6853,8813,6582,1183,,,700,27,320,,t3_psyward
standard,62,b4,blue,adc,射手,siwang,standard,1,9,1,0,24120,8899,15851,732.4,9.74,15.42,19.59,5,1,1,3,5,296,819,1039,251,3646,6499,12419,6582,683,3000,,1700,,453,,t3_shieldbreaker|t3_rendspear
standard,62,b5,blue,sup,輔助,mingyun,standard,1,0,1,0,2363,13232,10313,476.5,7.33,11.98,15.95,3,1,2,3,3,394,411,531,1562,4694,7441,9281,6582,130,,,200,,320,2048,t3_calmveil
standard,62,r1,red,top,坦克,tiemu,standard,0,2,1,0,8957,20013,10442,482.5,8.02,14.12,20.54,3,1,2,2,3,732,226,1660,511,3682,7156,8890,6582,473,1200,,500,54,80,,t3_calmveil|t3_thornmail
standard,62,r2,red,jungle,戰士,langwang,standard,0,3,2,1,15094,20740,10805,499.3,7.53,16.03,19.02,3,1,1,3,3,369,1464,255,654,4119,6894,10105,6582,380,1800,150,,1112,80,,t3_shieldbreaker|t3_finalstring
standard,62,r3,red,mid,法師,ronghuo,standard,0,2,4,1,11609,12946,9641,445.5,9.89,17.83,,2,1,1,2,2,42,786,379,241,3892,6536,9009,6582,996,1200,150,,,80,,t3_psyward
standard,62,r4,red,adc,射手,siwang,standard,0,1,2,2,12545,9123,9744,450.3,9.63,17.24,,2,1,1,2,2,392,692,772,844,3742,6372,8092,6582,580,,600,250,,80,,t3_shieldbreaker|t3_rendspear
standard,62,r5,red,sup,輔助,mingyun,standard,0,0,1,0,4184,13745,9856,455.4,6.4,12.38,16.42,3,1,2,3,3,560,421,74,626,4860,7451,9304,6582,369,,,250,,80,2022,t3_calmveil
standard,63,b1,blue,top,坦克,dadi,standard,0,1,2,0,5931,19620,8812,415.3,8.88,15.33,20.07,3,1,1,2,3,192,562,772,181,3742,5862,8402,6582,700,600,,200,,320,,t3_calmveil|t3_thornmail
standard,63,b2,blue,jungle,戰士,jingci,standard,0,0,3,0,3399,10441,8760,412.9,8.84,17.08,,2,1,1,2,2,108,1500,614,579,3858,6150,8314,6582,150,,,200,1062,320,,t3_shieldbreaker|t3_finalstring
standard,63,b3,blue,mid,法師,gambler,standard,0,2,5,0,13135,12182,10542,496.9,10.66,16.87,20.97,3,0,1,2,3,1612,652,432,191,3872,7152,9032,6582,830,600,,700,,320,,t3_psyward
standard,63,b4,blue,adc,射手,phantom,standard,0,6,2,0,17255,10498,11857,558.8,10.98,16.87,19.02,3,0,1,3,3,1537,907,67,356,3697,5987,10247,6582,745,2400,,200,,320,,t3_shieldbreaker|t3_rendspear
standard,63,b5,blue,sup,輔助,tianshi,standard,0,0,4,1,3721,16775,10299,485.4,7,11.57,16.43,3,1,2,3,3,469,559,849,1258,4769,7289,9889,6582,175,,300,700,,320,1812,t3_calmveil
standard,63,r1,red,top,坦克,dadi,standard,1,1,1,2,8015,21063,10666,502.7,8.38,12.65,17.81,3,1,2,3,3,22,632,726,735,4422,6962,10056,6582,700,600,200,1600,54,320,,t3_calmveil|t3_thornmail
standard,63,r2,red,jungle,戰士,jingci,standard,1,8,1,1,11463,11772,14491,683,9.72,12.93,15,4,1,3,3,4,251,238,1752,1091,4301,9788,12682,6582,240,3600,300,100,1539,320,,t3_shieldbreaker|t3_finalstring
standard,63,r3,red,mid,法師,gambler,standard,1,2,4,4,12973,13448,11282,531.7,10.24,16.2,21.02,3,0,1,2,3,2502,532,672,431,4762,7032,10072,6582,1020,1200,600,350,,320,,t3_psyward
standard,63,r4,red,adc,射手,phantom,standard,1,5,2,4,21148,7964,12662,596.8,10.28,17.78,19.06,3,0,1,3,3,1402,852,552,2361,3562,6232,10852,6582,500,1800,800,850,,320,,t3_shieldbreaker|t3_rendspear
standard,63,r5,red,sup,輔助,tianshi,standard,1,0,1,3,4295,11482,11506,542.3,8.82,11.81,17.4,4,1,2,3,4,704,974,1667,706,4704,7704,10897,6582,220,,500,600,,320,2674,t3_calmveil
standard,64,b1,blue,top,坦克,tixue,standard,0,0,1,0,7055,18353,7802,411.4,7.67,14.65,,2,1,2,,2,1099,399,,72,4049,6349,,,,,,,,,,t3_calmveil|t3_thornmail
standard,64,b2,blue,jungle,戰士,greymantle,standard,0,1,4,0,6671,15151,8388,442.3,9.8,13.93,,2,1,2,,2,186,614,,858,4066,6714,,,,,,,,,,t3_finalstring|t3_shieldbreaker
standard,64,b3,blue,mid,法師,ronghuo,standard,0,1,3,0,11202,10891,8169,430.7,10.58,18.94,,2,0,1,,2,1442,102,,38,3702,6182,,,,,,,,,,t3_psyward
standard,64,b4,blue,adc,射手,huanying,standard,0,0,2,1,8422,9231,8152,429.8,10.06,17.13,,2,0,1,,2,1566,506,,1252,3726,5706,,,,,,,,,,t3_shieldbreaker|t3_rendspear
standard,64,b5,blue,sup,坦克,tieshixin,standard,0,0,3,0,3262,12837,9618,507.1,6.28,13.18,16.93,3,1,2,,3,273,593,,517,4773,7693,,,,,,,,,,t3_calmveil|t3_thornmail
standard,64,r1,red,top,坦克,tixue,standard,1,5,0,0,8857,15625,11516,607.1,7.48,13.83,16.87,3,1,2,,3,492,1032,,1485,4442,7442,,,,,,,,,,t3_calmveil|t3_thornmail
standard,64,r2,red,jungle,戰士,greymantle,standard,1,4,0,1,9480,11845,11489,605.7,7.58,12.12,16.52,3,1,2,,3,1180,1688,,458,5460,9688,,,,,,,,,,t3_finalstring|t3_shieldbreaker
standard,64,r3,red,mid,法師,ronghuo,standard,1,2,0,1,11928,9168,9912,522.6,10.5,16.22,,2,0,1,,2,1616,1199,,932,3876,7099,,,,,,,,,,t3_psyward
standard,64,r4,red,adc,射手,huanying,standard,1,1,2,0,12297,7102,8479,447,9.57,18.1,,2,1,1,,2,476,366,,1098,3826,6166,,,,,,,,,,t3_shieldbreaker|t3_rendspear
standard,64,r5,red,sup,坦克,tieshixin,standard,1,1,0,2,4305,11724,11435,602.9,6.99,12.68,15.89,3,1,2,,3,494,1270,,1455,4694,8510,,,,,,,,,,t3_calmveil|t3_thornmail
standard,65,b1,blue,top,坦克,suishan,standard,0,0,1,0,8291,25415,8260,395.5,8.87,15.83,,2,1,1,2,2,772,712,682,979,3722,6062,7962,6582,720,,,500,,160,,t3_calmveil|t3_thornmail
standard,65,b2,blue,jungle,戰士,hunpo,standard,0,1,3,0,1762,8591,9028,432.3,10.2,17.51,,2,0,1,2,2,1848,741,501,48,4058,6241,8731,6582,250,600,,,1138,160,,t3_psyward
standard,65,b3,blue,mid,法師,haixiao,standard,0,0,6,0,10899,12730,8550,409.4,10.22,18.41,,2,0,1,2,2,1642,232,272,269,3902,5932,8252,6582,1010,,,500,,160,,t3_psyward
standard,65,b4,blue,adc,射手,guangsu,standard,0,4,5,0,16676,9206,10030,480.3,9.68,18.06,20.87,3,1,1,2,3,502,432,282,9,3852,5632,9132,6582,590,1800,,,,160,,t3_shieldbreaker|t3_rendspear
standard,65,b5,blue,sup,輔助,huanjing,standard,0,0,1,1,3637,14418,10162,486.6,9.43,12.17,15.38,3,1,2,3,3,464,574,444,1121,4764,7604,9484,6582,310,,,500,,160,1932,t3_calmveil
standard,65,r1,red,top,坦克,suishan,standard,1,2,1,0,10034,18225,10850,519.5,8.57,16.08,19.03,3,1,1,3,3,122,512,972,869,3722,5862,10352,6582,660,1200,,1450,,460,,t3_calmveil|t3_thornmail
standard,65,r2,red,jungle,戰士,hunpo,standard,1,2,0,0,6582,8868,11263,539.3,8.86,16.52,19.78,3,1,1,3,3,694,593,81,813,4494,6993,10531,6582,300,1200,,450,1538,460,,t3_psyward
standard,65,r3,red,mid,法師,haixiao,standard,1,4,1,2,15148,12575,13060,625.4,10.57,14.71,19.77,3,0,2,3,3,1582,352,332,629,3842,7852,11882,6582,1340,1800,600,1200,,360,,t3_psyward
standard,65,r4,red,adc,射手,guangsu,standard,1,8,2,0,24496,8489,14030,671.8,9.41,15.87,18.98,4,1,1,3,4,552,692,1852,179,3902,6372,12332,6582,940,3600,,950,,260,,t3_shieldbreaker|t3_rendspear
standard,65,r5,red,sup,輔助,huanjing,standard,1,0,1,2,3166,11524,10850,519.6,5.76,11.86,16.53,4,1,2,3,4,704,453,1733,450,4704,7483,10313,6582,160,,600,450,,460,2060,t3_calmveil
standard,66,b1,blue,top,坦克,thornwall,standard,0,0,4,0,7943,22993,8468,414.4,8.37,15.18,,2,1,1,2,2,672,702,1092,1238,3622,6002,8322,6582,660,,,1000,,80,,t3_calmveil|t3_thornmail
standard,66,b2,blue,jungle,戰士,leimingcf,standard,0,3,0,0,8828,13986,10235,500.9,8.19,14.34,19.89,3,1,2,3,3,326,382,301,685,4556,7132,9851,6582,160,1800,,,1228,80,,t3_shieldbreaker|t3_finalstring
standard,66,b3,blue,mid,法師,leiming,standard,0,1,4,1,12870,12707,9176,449.1,10.22,18.57,,2,0,1,2,2,1680,330,430,576,3940,6080,9030,6582,940,600,300,500,27,80,,t3_psyward
standard,66,b4,blue,adc,射手,mori,standard,0,0,0,0,8882,9049,7448,364.5,9.18,19.35,,2,1,1,2,2,402,482,302,448,3752,5562,7302,6582,640,,,,,80,,t3_shieldbreaker|t3_rendspear
standard,66,b5,blue,sup,輔助,fuwenbianzhi,standard,0,0,0,1,3704,13884,11314,553.7,5.59,11.53,15.75,3,1,2,3,3,104,484,1938,2083,4704,7214,11168,6582,160,,300,1500,,80,2545,t3_calmveil
standard,66,r1,red,top,坦克,thornwall,standard,1,4,2,0,9381,21157,11662,570.7,9.19,13.48,17.73,4,1,2,4,4,152,446,266,411,3702,7196,11516,6582,633,2400,,1400,,500,,t3_calmveil|t3_thornmail
standard,66,r2,red,jungle,戰士,leimingcf,standard,1,0,1,1,8953,11212,9380,459.1,8.18,15.18,,2,1,1,2,2,336,1548,612,830,4086,6978,9162,6582,213,,300,400,1166,500,,t3_shieldbreaker|t3_finalstring
standard,66,r3,red,mid,法師,leiming,standard,1,1,0,2,15046,9438,9298,455.1,10.03,18.97,,2,0,1,2,2,1592,312,172,318,3852,6212,9152,6582,770,600,300,400,,500,,t3_psyward
standard,66,r4,red,adc,射手,mori,standard,1,3,1,0,14020,9151,12025,588.5,8.47,16.62,,2,1,1,2,2,646,839,1379,3125,3996,6519,10279,6582,946,1200,,1150,,400,,t3_shieldbreaker|t3_rendspear
standard,66,r5,red,sup,輔助,fuwenbianzhi,standard,1,0,0,2,6472,12344,11369,556.4,6.64,12.35,15.19,4,1,2,4,4,780,1400,263,409,4780,7950,11223,6582,236,,300,1150,,500,2454,t3_calmveil
standard,67,b1,blue,top,坦克,ironclad,standard,,1,18,4,40721,102519,25123,418.7,8.25,14.73,22.43,5,1,2,2,5,852,152,532,11472,3802,6102,7822,6582,660,,,300,,280,,t3_calmveil|t3_thornmail
standard,67,b2,blue,jungle,戰士,fengbao,standard,,12,22,2,64846,69191,32634,543.9,8.27,16.83,23.23,5,1,1,2,5,890,1514,592,17333,3990,6394,8592,6582,140,,300,300,990,280,,t3_finalstring|t3_shieldbreaker
standard,67,b3,blue,mid,法師,haixiao,standard,,59,31,1,236517,65578,59183,986.4,10.68,13.71,19.31,5,0,2,3,5,1682,932,992,43032,3942,8782,12022,6582,1060,3000,300,800,,280,,t3_psyward
standard,67,b4,blue,adc,射手,leiting,standard,,52,35,2,472762,46547,54476,907.9,9.02,18.39,23.13,5,1,1,2,5,502,472,262,38876,3852,5852,8112,6582,650,,,800,,80,,t3_shieldbreaker|t3_rendspear
standard,67,b5,blue,sup,坦克,thornwall,standard,,1,23,15,19577,96948,30078,501.3,6.7,12.69,17.67,5,1,2,3,5,988,568,701,16477,4888,7808,10681,6582,210,600,,300,54,280,2654,t3_calmveil|t3_thornmail
standard,67,r1,red,top,坦克,ironclad,standard,,5,19,3,45363,114164,28484,474.7,9.78,14.38,18.52,5,1,2,3,5,306,406,1136,14834,3956,6656,11166,6582,920,1800,300,1250,54,260,,t3_calmveil|t3_thornmail
standard,67,r2,red,jungle,戰士,fengbao,standard,,22,15,3,80937,72771,40463,674.4,9.45,13.78,18.55,5,1,2,3,5,856,771,592,25163,4656,7571,10972,6582,280,1800,600,,1449,260,,t3_finalstring|t3_shieldbreaker
standard,67,r3,red,mid,法師,haixiao,standard,,42,36,3,177022,56245,49183,819.7,10.82,20.59,23.93,5,0,1,1,5,1612,422,1462,33032,3872,5752,7962,6582,820,,150,250,,160,,t3_psyward
standard,67,r4,red,adc,射手,leiting,standard,,56,31,1,470640,43836,56476,941.3,11.03,17.19,20.68,5,0,1,2,5,1402,262,602,40876,3562,6062,9182,6582,540,1800,,,,260,,t3_shieldbreaker|t3_rendspear
standard,67,r5,red,sup,坦克,thornwall,standard,,4,24,20,26378,101067,33133,552.2,7.01,12.72,16.69,5,1,2,3,5,954,614,1329,19532,4854,7854,11309,6582,160,600,750,500,,260,2456,t3_calmveil|t3_thornmail
standard,68,b1,blue,top,坦克,bingshouweis,standard,1,1,4,0,12470,27248,11287,458.5,8.5,13.58,20.78,3,1,2,2,3,892,232,1152,1257,3842,6642,8442,6582,800,600,,200,,260,,t3_calmveil|t3_thornmail
standard,68,b2,blue,jungle,戰士,anliuyouXia,standard,1,0,1,0,14693,19620,10836,440.2,8.68,14.81,22.33,3,1,2,2,3,166,82,514,456,3966,6882,8814,6582,300,,,700,972,260,,t3_finalstring|t3_shieldbreaker
standard,68,b3,blue,mid,法師,leiming,standard,1,1,8,0,14859,14367,10607,430.9,10.93,19.02,,2,0,1,2,2,1462,522,372,1207,3722,6422,8222,6582,680,,,700,,260,,t3_psyward
standard,68,b4,blue,adc,射手,liangzi,standard,1,6,6,0,25151,13639,13494,548.2,9.51,18.17,21.99,3,1,1,2,3,462,332,342,1694,3812,6012,8622,6582,830,600,,450,,160,,t3_shieldbreaker|t3_rendspear
standard,68,b5,blue,sup,坦克,shengdun,standard,1,1,2,1,5397,22496,12797,519.9,8.07,12.41,16.8,4,1,2,3,4,394,754,1538,597,4894,7994,10918,6582,230,600,300,450,,260,2496,t3_calmveil|t3_thornmail
standard,68,r1,red,top,坦克,bingshouweis,standard,0,3,0,1,13193,23401,13029,529.3,8.27,15.33,19.52,4,1,1,3,4,672,782,330,1378,3622,6182,9280,6582,640,1200,,500,18,340,,t3_calmveil|t3_thornmail
standard,68,r2,red,jungle,戰士,anliuyouXia,standard,0,3,0,1,16589,17897,12661,514.3,6.95,14.03,18.38,3,1,2,3,3,457,328,260,1630,4737,7428,10340,6582,443,1800,,,1174,340,,t3_finalstring|t3_shieldbreaker
standard,68,r3,red,mid,法師,leiming,standard,0,7,4,0,21294,15902,14702,597.2,10.05,17.88,20.83,4,0,1,2,4,1872,310,1430,1051,4132,6210,9930,6582,1280,1200,,500,27,340,,t3_psyward
standard,68,r4,red,adc,射手,liangzi,standard,0,8,5,3,30131,11938,14714,597.7,10.83,17.84,20.92,4,0,1,2,4,1392,232,762,864,3552,6032,9342,6582,570,1200,750,,,240,,t3_shieldbreaker|t3_rendspear
standard,68,r5,red,sup,坦克,shengdun,standard,0,0,0,5,6589,19538,13107,532.4,7.73,13.21,18.53,4,1,2,3,4,520,479,529,906,4720,7419,10509,6582,146,,450,1000,,340,1989,t3_calmveil|t3_thornmail
standard,69,b1,blue,top,坦克,tiankong,standard,1,1,3,1,13547,28100,11782,467.2,8.91,14.26,20.05,4,1,2,2,4,262,272,1352,532,3812,6902,8582,6582,720,600,300,300,,80,,t3_calmveil|t3_thornmail
standard,69,b2,blue,jungle,刺客,yueying,standard,1,2,1,0,8948,14573,12730,504.8,8.57,12.25,19.41,3,1,2,3,3,306,288,299,1649,4156,8318,10249,6582,420,1200,,550,1216,280,,t3_finalstring
standard,69,b3,blue,mid,法師,haixiao,standard,1,3,4,0,20528,16430,12172,482.7,10.51,18.83,23.79,3,0,1,2,3,1542,212,62,442,3802,6412,8212,6582,800,,,550,,280,,t3_psyward
standard,69,b4,blue,adc,射手,shengyan,standard,1,7,3,0,22975,10626,15196,602.6,9.69,16.18,20.86,4,1,1,2,4,252,502,722,1345,3602,6182,9622,6582,860,600,,1300,,280,,t3_shieldbreaker|t3_rendspear
standard,69,b5,blue,sup,輔助,zhanchang,standard,1,1,3,1,6620,18199,12402,491.8,6.42,12.03,15.76,4,1,2,3,4,1274,524,222,1521,4674,7554,9262,6582,80,,,300,27,280,1992,t3_calmveil
standard,69,r1,red,top,坦克,tiankong,standard,0,4,1,1,17748,28983,13246,525.3,8.74,13.82,19.44,4,1,2,3,4,122,222,582,1095,3972,6852,10512,6582,810,1800,,1000,,320,,t3_calmveil|t3_thornmail
standard,69,r2,red,jungle,刺客,yueying,standard,0,2,2,3,10176,13357,12574,498.6,8.27,14.23,19.11,3,1,2,3,3,419,454,490,1493,4269,7104,10440,6582,100,1200,900,,1338,320,,t3_finalstring
standard,69,r3,red,mid,法師,haixiao,standard,0,3,4,0,19535,15785,12672,502.5,10.76,18,22.53,3,0,1,2,3,1612,342,432,192,3872,5672,9232,6582,730,600,,1000,,320,,t3_psyward
standard,69,r4,red,adc,射手,shengyan,standard,0,5,5,1,20817,11652,13402,531.5,10.36,19.77,22.9,4,0,1,2,4,1732,312,372,182,3892,5692,8922,6582,870,600,300,250,,320,,t3_shieldbreaker|t3_rendspear
standard,69,r5,red,sup,輔助,zhanchang,standard,0,0,2,0,8606,17940,12579,498.8,5.63,12.46,17.54,4,1,2,3,4,1154,629,2199,1128,4854,7109,10479,6582,410,,,1250,,320,1916,t3_calmveil
standard,70,b1,blue,top,坦克,tiebi,standard,0,0,0,1,9375,24368,8754,409.2,7.93,14.89,20.5,3,1,2,2,3,286,166,476,503,3936,6116,7906,6582,743,,,500,,80,,t3_calmveil|t3_thornmail
standard,70,b2,blue,jungle,刺客,yeiren,standard,0,0,6,0,4496,11538,9117,426.2,9.73,16.32,,2,1,1,2,2,785,1207,411,687,3985,6537,8541,6582,226,,,500,1152,80,,t3_finalstring
standard,70,b3,blue,mid,法師,bingshuang,standard,0,2,5,0,12558,13298,9870,461.4,10.29,17.94,,2,0,1,2,2,1702,352,402,990,3962,5982,8802,6582,1040,600,,500,,80,,t3_psyward
standard,70,b4,blue,adc,射手,xingchen,standard,0,0,4,1,13180,11740,8628,403.3,10.31,17.83,,2,0,1,2,2,1580,180,310,177,3740,5560,8160,6582,643,,300,500,54,80,,t3_shieldbreaker|t3_rendspear
standard,70,b5,blue,sup,坦克,thornwall,standard,0,0,3,0,6184,19026,9941,464.7,9.49,12.78,17.75,3,1,2,3,3,320,180,493,361,4820,7260,9473,6582,186,,,,,80,2624,t3_calmveil|t3_thornmail
standard,70,r1,red,top,坦克,tiebi,standard,1,2,0,0,10988,20367,11510,538.1,9.13,13.68,17.51,3,1,2,3,3,1032,412,812,1480,3982,7242,10842,6582,880,1200,,1700,,480,,t3_calmveil|t3_thornmail
standard,70,r2,red,jungle,刺客,yeiren,standard,1,2,0,0,7212,9680,11272,526.9,7.56,14.45,18.98,3,1,2,3,3,472,328,276,1291,4852,7328,10256,6582,160,1200,,200,1633,480,,t3_finalstring
standard,70,r3,red,mid,法師,bingshuang,standard,1,9,0,1,22267,12531,15710,734.4,10.08,15.13,18.47,4,0,1,4,4,1602,1822,552,1880,3862,8322,14382,6582,1020,4800,300,1200,,480,,t3_psyward
standard,70,r4,red,adc,射手,xingchen,standard,1,3,2,1,18015,9715,11300,528.3,9.38,16.93,21.09,3,1,1,2,3,382,212,1452,450,3732,5892,10032,6582,420,1200,150,1200,,480,,t3_shieldbreaker|t3_rendspear
standard,70,r5,red,sup,坦克,thornwall,standard,1,2,0,5,6935,16214,13079,611.4,6.71,12.22,14.52,4,1,3,4,4,934,294,791,879,4834,8894,12391,6582,120,1200,1350,200,,480,2458,t3_calmveil|t3_thornmail
standard,71,b1,blue,top,坦克,xukong,standard,0,0,5,1,7977,19105,8240,403.4,8.57,16.01,,2,1,1,2,2,826,386,366,509,3776,5536,8096,6582,580,,300,500,54,80,,t3_calmveil|t3_thornmail
standard,71,b2,blue,jungle,刺客,sting,standard,0,2,1,0,6601,9396,9207,450.8,8.84,15.95,,2,1,1,2,2,618,1150,486,776,3818,6480,8916,6582,323,1200,,,630,180,,t3_finalstring
standard,71,b3,blue,mid,法師,mingyun2,standard,0,2,3,1,16665,12356,10426,510.4,10.62,17.54,20.43,3,0,1,2,3,1782,402,202,75,4042,6302,9282,6582,1020,1200,300,,,180,,t3_psyward
standard,71,b4,blue,adc,射手,dujian,standard,0,0,1,0,13274,10174,8146,398.8,10.58,17.05,,2,0,1,2,2,1702,262,482,625,3862,5762,8002,6582,740,,,500,,180,,t3_shieldbreaker|t3_rendspear
standard,71,b5,blue,sup,坦克,tiankong,standard,0,0,3,1,2775,16611,10821,529.8,6.77,13,15.94,3,1,2,3,3,590,140,1098,1241,4790,7820,10678,6582,256,,300,1000,,180,2359,t3_calmveil|t3_thornmail
standard,71,r1,red,top,坦克,xukong,standard,1,0,1,1,7679,17693,8649,423.4,9.81,14.88,,2,1,2,2,2,112,216,1016,1358,3762,6166,8306,6582,733,,150,400,,440,,t3_calmveil|t3_thornmail
standard,71,r2,red,jungle,刺客,sting,standard,1,7,2,0,7294,10784,13385,655.3,9.22,11.88,14.04,4,1,3,3,4,930,434,2234,584,5310,10234,12934,6582,400,4200,,400,1111,240,,t3_finalstring
standard,71,r3,red,mid,法師,mingyun2,standard,1,2,1,2,12564,12715,11386,557.4,9.88,15.72,18.9,3,1,1,3,3,192,782,192,535,4042,7282,11042,6582,820,1200,600,1400,,440,,t3_psyward
standard,71,r4,red,adc,射手,dujian,standard,1,3,0,2,12883,9425,10736,525.6,9.14,16.02,18.87,3,1,1,3,3,502,922,172,515,3852,6722,10392,6582,570,1800,600,400,,440,,t3_shieldbreaker|t3_rendspear
standard,71,r5,red,sup,坦克,tiankong,standard,1,1,0,3,6054,14774,12283,601.4,6.85,11.83,15.15,4,1,2,4,4,174,1420,339,682,5274,8660,11939,6582,156,600,750,900,,440,2510,t3_calmveil|t3_thornmail
standard,72,b1,blue,top,坦克,shiqiang,standard,1,0,2,1,7655,19637,9652,450.5,8.86,14.06,19.92,3,1,2,3,3,966,536,322,321,3916,6386,8872,6582,753,,150,800,,586,,t3_calmveil|t3_thornmail
standard,72,b2,blue,jungle,刺客,yingsi,standard,1,1,3,0,5208,10504,10073,470.1,8.86,15.18,,2,1,1,2,2,692,1760,856,1742,3892,7040,9186,6582,413,600,,300,703,586,,t3_finalstring
standard,72,b3,blue,mid,法師,bingshuang,standard,1,0,2,2,15244,11669,9175,428.2,10.6,19.07,,2,0,1,2,2,1716,116,366,724,3976,6616,8396,6582,893,,300,300,,320,,t3_psyward
standard,72,b4,blue,adc,射手,tianfa,standard,1,8,4,0,21972,10155,14202,662.9,9.95,15.73,19.29,3,1,1,3,3,622,1102,1142,2401,3972,6782,11622,6582,920,3000,,800,,320,,t3_shieldbreaker|t3_rendspear
standard,72,b5,blue,sup,輔助,fengshen,standard,1,1,0,1,4666,12578,11799,550.7,6.88,11.76,14.87,4,1,3,4,4,214,93,320,1099,4814,8553,11020,6582,220,600,150,800,,586,2080,t3_calmveil
standard,72,r1,red,top,坦克,shiqiang,standard,0,2,0,0,6831,20597,10629,496.1,8.78,16.68,19.72,3,1,1,3,3,192,290,120,1099,3742,5590,9050,6582,740,1200,,500,27,0,,t3_calmveil|t3_thornmail
standard,72,r2,red,jungle,刺客,yingsi,standard,0,0,2,2,5994,10088,9490,443,8.09,16.01,,2,1,1,2,2,308,697,687,1410,4158,6277,8767,6582,560,,450,,1174,0,,t3_finalstring
standard,72,r3,red,mid,法師,bingshuang,standard,0,3,2,1,17542,12716,10712,500,10.5,16.9,20.74,3,0,1,2,3,1662,692,1492,61,3922,6442,10092,6582,1060,1800,150,500,,0,,t3_psyward
standard,72,r4,red,adc,射手,tianfa,standard,0,6,5,0,15361,10607,12045,562.2,9.29,18.2,20.66,3,1,1,2,3,456,466,916,1724,3806,6146,9766,6582,883,1800,,500,,0,,t3_shieldbreaker|t3_rendspear
standard,72,r5,red,sup,輔助,fengshen,standard,0,0,1,0,5629,14219,10288,480.2,7.08,11.44,16.58,3,1,2,3,3,440,550,669,1248,4740,7280,9709,6582,436,,,500,,0,2190,t3_calmveil
standard,73,b1,blue,top,坦克,longji,standard,0,0,1,0,6331,17774,8028,426.5,8.55,16.02,,2,1,1,,2,292,362,,398,3842,5662,,,,,,,,,,t3_calmveil|t3_thornmail
standard,73,b2,blue,jungle,刺客,shanying,standard,0,0,4,0,3728,7795,7575,402.4,9.68,16.43,,2,1,1,,2,202,426,,445,4052,6006,,,,,,,,,,t3_finalstring
standard,73,b3,blue,mid,法師,mingyun2,standard,0,1,2,0,9539,11547,8458,449.3,10.72,,,1,0,1,,1,1622,802,,1978,3882,6432,,,,,,,,,,t3_psyward
standard,73,b4,blue,adc,射手,dawnstrike,standard,0,2,3,0,8833,9345,8772,466,8.81,16.3,,2,1,1,,2,592,406,,322,3942,6206,,,,,,,,,,t3_shieldbreaker|t3_rendspear
standard,73,b5,blue,sup,輔助,shengguang,standard,0,0,3,1,5824,14022,9349,496.6,7.8,13.28,16.4,3,1,2,,3,1184,593,,888,4884,7623,,,,,,,,,,t3_calmveil
standard,73,r1,red,top,坦克,longji,standard,1,1,0,1,8643,16400,9301,494.1,7.57,13.74,18.19,3,1,2,,3,186,186,,751,4036,6516,,,,,,,,,,t3_calmveil|t3_thornmail
standard,73,r2,red,jungle,刺客,shanying,standard,1,5,1,1,7900,9638,12558,667.1,9.13,13,14.58,3,1,3,,3,420,155,,1478,4570,10585,,,,,,,,,,t3_finalstring
standard,73,r3,red,mid,法師,mingyun2,standard,1,1,0,0,7960,9779,9298,493.9,9.87,16.87,,2,1,1,,2,122,412,,548,4672,6912,,,,,,,,,,t3_psyward
standard,73,r4,red,adc,射手,dawnstrike,standard,1,6,1,0,15558,7003,11728,623,8.57,14.58,18.04,3,1,2,,3,1072,282,,1428,4422,7602,,,,,,,,,,t3_shieldbreaker|t3_rendspear
standard,73,r5,red,sup,輔助,shengguang,standard,1,0,1,1,4349,11119,9251,491.4,6.53,12.14,14.97,3,1,3,,3,840,65,,791,4840,7765,,,,,,,,,,t3_calmveil
standard,74,b1,blue,top,坦克,dadi,standard,1,0,0,0,12272,24485,9722,427,7.85,14.58,21.17,3,1,2,2,3,272,222,1262,172,3922,6172,8552,6582,910,,,700,,360,,t3_calmveil|t3_thornmail
standard,74,b2,blue,jungle,刺客,dianguang,standard,1,0,4,0,7762,11866,9565,420.1,8.88,17.49,,2,1,1,2,2,786,934,467,1134,3986,6264,8247,6582,220,,,200,884,360,,t3_finalstring
standard,74,b3,blue,mid,法師,bingshuang,standard,1,1,2,0,14094,14295,10682,469.2,10.93,16.4,22.72,3,0,1,2,3,1662,492,32,132,3922,6992,9432,6582,940,600,,950,,360,,t3_psyward
standard,74,b4,blue,adc,射手,yanfeng,standard,1,6,3,0,17898,11452,12322,541.2,10.02,15.89,20.68,3,0,1,2,3,1462,1262,812,522,3622,5742,9392,6582,550,1800,,200,,260,,t3_shieldbreaker|t3_rendspear
standard,74,b5,blue,sup,坦克,bingshouweis,standard,1,1,3,1,5223,20604,12026,528.2,6.99,10.93,15.24,4,1,2,3,4,364,1318,916,425,5464,8558,10896,6582,260,600,300,450,54,260,2389,t3_calmveil|t3_thornmail
standard,74,r1,red,top,坦克,dadi,standard,0,2,1,0,12247,24254,10656,468,8.04,15.55,19.59,3,1,1,3,3,116,466,276,625,4066,5866,9406,6582,1123,1200,,500,,0,,t3_calmveil|t3_thornmail
standard,74,r2,red,jungle,刺客,dianguang,standard,0,3,0,2,12667,12122,11762,516.6,8.77,14.09,17.34,3,1,2,3,3,1061,114,312,882,4261,8544,10592,6582,220,1800,600,,1389,0,,t3_finalstring
standard,74,r3,red,mid,法師,bingshuang,standard,0,0,3,1,16185,12544,9919,435.7,9.73,19.93,,2,1,1,2,2,172,269,249,519,4022,5869,8749,6582,866,,300,1000,,0,,t3_psyward
standard,74,r4,red,adc,射手,yanfeng,standard,0,5,3,0,19803,11628,11402,500.8,9.77,18.13,21.93,3,1,1,2,3,132,172,392,252,4132,5972,7772,6582,590,600,,,,0,,t3_shieldbreaker|t3_rendspear
standard,74,r5,red,sup,坦克,bingshouweis,standard,0,2,1,1,6468,17090,13017,571.8,7.9,11.87,15.96,4,1,2,3,4,530,1963,1147,817,5330,9203,11127,6582,199,1200,300,500,,0,2344,t3_calmveil|t3_thornmail
standard,75,b1,blue,top,坦克,tixue,standard,1,2,0,0,14406,28556,13354,492.5,8.53,14.58,17.96,4,1,2,3,4,852,152,326,1204,3802,6002,9656,6582,760,1200,,500,,613,,t3_calmveil|t3_thornmail
standard,75,b2,blue,jungle,刺客,leisuhunter,standard,1,1,4,2,10912,14289,12692,468,9.28,17.66,23.91,4,1,1,2,4,615,969,710,241,3815,6199,8740,6582,240,,100,500,704,613,,t3_finalstring
standard,75,b3,blue,mid,法師,mingyun2,standard,1,5,6,0,25749,17855,14624,539.3,10.67,18.38,23.42,4,0,1,2,4,1586,536,286,974,3846,6466,9266,6582,603,600,,1000,,480,,t3_psyward
standard,75,b4,blue,adc,射手,siwang,standard,1,11,10,2,42960,14562,18181,670.5,8.45,17.6,19.08,5,1,1,3,5,666,456,990,2581,4016,6136,11290,6582,740,2400,400,500,54,613,,t3_shieldbreaker|t3_rendspear
standard,75,b5,blue,sup,輔助,shiguang,standard,1,0,3,1,9638,20150,13502,497.9,8.88,11.2,16.47,5,1,2,3,5,840,594,924,302,4840,7624,9964,6582,256,,100,500,,480,2044,t3_calmveil
standard,75,r1,red,top,坦克,tixue,standard,0,4,1,0,13543,28817,12584,464.1,8.73,16.45,19.23,4,1,1,3,4,662,392,302,434,3612,5392,8852,6582,570,1200,,500,,0,,t3_calmveil|t3_thornmail
standard,75,r2,red,jungle,刺客,leisuhunter,standard,0,5,2,1,20183,19737,14402,531.1,9.48,15.38,19.17,4,1,1,3,4,347,1250,293,1052,4677,6830,10243,6582,290,1800,300,,1270,0,,t3_finalstring
standard,75,r3,red,mid,法師,mingyun2,standard,0,2,4,2,22965,15282,13054,481.4,10.51,20.1,25.24,3,0,1,1,3,1392,272,1172,1154,3652,5872,7672,6582,790,,300,,,0,,t3_psyward
standard,75,r4,red,adc,射手,siwang,standard,0,12,11,1,30222,15028,17154,632.6,10.55,17.6,20.14,5,0,1,2,5,1412,232,1362,1554,3572,5912,10262,6582,530,3000,150,,,0,,t3_shieldbreaker|t3_rendspear
standard,75,r5,red,sup,輔助,shiguang,standard,0,0,1,4,8272,17886,14176,522.8,6.65,12.16,17.63,4,1,2,3,4,2174,374,1054,2726,4674,7104,10094,6582,300,,450,500,,0,2262,t3_calmveil
standard,76,b1,blue,top,坦克,stoneguard,standard,1,1,2,0,8518,23110,9697,426.8,7.16,13.48,20.57,3,1,2,2,3,472,126,1286,546,4022,6756,8516,6582,973,600,,200,,160,,t3_calmveil|t3_thornmail
standard,76,b2,blue,jungle,刺客,voidrift,standard,1,0,4,0,3270,11392,9240,406.7,9,17.02,,2,1,1,2,2,128,995,333,909,3978,6275,8063,6582,273,,,200,847,160,,t3_finalstring
standard,76,b3,blue,mid,法師,shikong,standard,1,2,5,0,16249,13298,10042,442.1,11.79,18.18,,2,0,1,2,2,1482,356,219,642,3742,5956,8249,6582,706,600,,200,,160,,t3_psyward
standard,76,b4,blue,adc,射手,phantom,standard,1,3,3,1,14619,9842,12082,531.9,9.89,16.27,20.23,3,1,1,2,3,322,1086,1739,702,3672,6766,9989,6582,596,1200,,1450,,160,,t3_shieldbreaker|t3_rendspear
standard,76,b5,blue,sup,輔助,tianshi,standard,1,0,1,2,5601,15882,11975,527.2,5.69,11.95,14.73,4,1,3,3,4,794,400,1822,525,4794,8100,10862,6582,249,,600,950,,160,2319,t3_calmveil
standard,76,r1,red,top,坦克,stoneguard,standard,0,1,2,1,10376,23809,10336,455,9.8,14.4,20.15,3,1,2,2,3,312,352,1672,405,3862,6202,8902,6582,720,600,,600,,400,,t3_calmveil|t3_thornmail
standard,76,r2,red,jungle,刺客,voidrift,standard,0,1,1,1,7746,11244,10620,467.5,8.04,15.71,21.13,3,1,1,2,3,408,1274,1156,670,4738,6854,9486,6582,320,600,300,100,1183,400,,t3_finalstring
standard,76,r3,red,mid,法師,shikong,standard,0,4,1,0,17928,12649,11622,511.6,10.49,16.95,21.81,3,0,1,2,3,1696,276,556,1072,3956,6476,9956,6582,1073,1800,,100,,400,,t3_psyward
standard,76,r4,red,adc,射手,phantom,standard,0,9,2,3,25932,10462,15822,696.5,9.55,15.66,18.68,5,1,1,3,5,652,882,829,222,4002,6562,11309,6582,776,1800,900,850,,400,,t3_shieldbreaker|t3_rendspear
standard,76,r5,red,sup,輔助,tianshi,standard,0,0,0,3,6391,14110,11735,516.6,6.53,11.27,16.79,4,1,2,3,4,210,485,908,284,4810,7515,9948,6582,269,,300,350,,400,2046,t3_calmveil
standard,77,b1,blue,top,坦克,thornwall,standard,0,0,3,0,10795,25510,9186,415.8,8.33,15.77,20.87,3,1,1,2,3,172,362,252,935,3822,5762,7982,6582,900,,,500,,0,,t3_calmveil|t3_thornmail
standard,77,b2,blue,jungle,刺客,miwu,standard,0,1,8,0,7511,11868,9285,420.3,8.38,18.08,,2,1,1,2,2,636,248,657,1154,3836,5878,8437,6582,153,600,,,1101,0,,t3_finalstring
standard,77,b3,blue,mid,法師,lieyan,standard,0,1,6,0,10744,14713,10036,454.3,10.42,17.33,21.44,3,0,1,2,3,1602,232,882,585,3862,5742,9062,6582,880,600,,1000,,0,,t3_psyward
standard,77,b4,blue,adc,射手,huanying,standard,0,0,5,0,13149,12514,8386,379.6,10.6,17.49,,2,0,1,2,2,1542,332,162,285,3702,5482,7662,6582,580,,,500,,0,,t3_shieldbreaker|t3_rendspear
standard,77,b5,blue,sup,坦克,tieshixin,standard,0,0,2,1,3555,19116,11269,510.1,6.46,13.02,17.88,4,1,2,3,4,530,690,795,368,4730,7170,9775,6582,206,,300,500,,0,2186,t3_calmveil|t3_thornmail
standard,77,r1,red,top,坦克,thornwall,standard,1,4,0,2,13446,19703,13206,597.8,7.2,11.41,17.57,4,1,2,3,4,402,432,772,955,4352,7722,10802,6582,710,1200,450,1300,,560,,t3_calmveil|t3_thornmail
standard,77,r2,red,jungle,刺客,miwu,standard,1,7,2,1,10350,10759,14447,654,8.49,12.09,18.08,3,1,2,3,3,94,1565,1904,3567,5424,8265,12784,6582,395,3600,150,300,1196,560,,t3_finalstring
standard,77,r3,red,mid,法師,lieyan,standard,1,4,0,0,16846,11691,12426,562.5,11.1,15.68,19.9,3,0,1,3,3,1722,292,292,825,3982,6492,11322,6582,1230,2400,,550,,560,,t3_psyward
standard,77,r4,red,adc,射手,huanying,standard,1,8,0,3,23736,11036,15426,698.3,8.87,14.54,17.04,4,1,2,3,4,622,322,452,1575,3972,7522,11602,6582,560,2400,450,1050,,560,,t3_shieldbreaker|t3_rendspear
standard,77,r5,red,sup,坦克,tieshixin,standard,1,1,0,6,8738,16334,13340,603.9,6.7,10.85,15.41,4,1,2,4,4,584,1429,377,1140,4784,8669,11977,6582,265,600,1350,300,,560,2319,t3_calmveil|t3_thornmail
standard,78,b1,blue,top,坦克,tieshixin,standard,1,0,3,1,12016,22645,10185,454.3,8.68,14.84,20.78,3,1,2,2,3,132,252,1722,754,3782,6202,9012,6582,740,,300,1150,,240,,t3_calmveil|t3_thornmail
standard,78,b2,blue,jungle,刺客,jueying,standard,1,1,4,0,5160,8633,10299,459.4,9.38,16.47,,2,1,1,2,2,222,1316,712,1868,4122,6646,9142,6582,240,600,,400,1080,240,,t3_finalstring
standard,78,b3,blue,mid,法師,shikong,standard,1,4,3,1,20759,13985,12008,535.7,10.68,15.29,20.53,3,0,1,2,3,1682,1082,942,278,3942,6982,10342,6582,920,1800,150,650,,240,,t3_psyward
standard,78,b4,blue,adc,射手,guangsu,standard,1,3,2,0,19424,12374,11228,500.9,9.48,17.58,21.74,3,1,1,2,3,302,342,382,1328,3652,6142,8962,6582,640,600,,900,,240,,t3_shieldbreaker|t3_rendspear
standard,78,b5,blue,sup,坦克,xukong,standard,1,0,0,1,6308,17292,10615,473.5,7.71,11.73,17.57,3,1,2,3,3,594,699,309,634,4794,7639,9509,6582,260,,150,400,,240,1876,t3_calmveil|t3_thornmail
standard,78,r1,red,top,坦克,tieshixin,standard,0,3,2,0,11438,23733,11675,520.8,7.92,13.41,18.88,4,1,2,3,4,892,432,132,324,3842,6682,9262,6582,640,1200,,500,,340,,t3_calmveil|t3_thornmail
standard,78,r2,red,jungle,刺客,jueying,standard,0,2,1,1,9220,10285,10978,489.7,8.93,15.49,19.83,3,1,1,3,3,986,1636,254,578,4186,6966,9754,6582,460,1200,100,,1071,340,,t3_finalstring
standard,78,r3,red,mid,法師,shikong,standard,0,4,3,2,14888,14960,11808,526.8,10.04,17.77,21.74,3,0,1,2,3,1616,356,516,958,3876,5956,9796,6582,873,1200,400,500,,240,,t3_psyward
standard,78,r4,red,adc,射手,guangsu,standard,0,2,0,0,15351,10170,10835,483.3,11.02,19.11,21.12,3,0,1,2,3,1542,362,1082,314,3702,5562,8882,6582,860,600,,500,,340,,t3_shieldbreaker|t3_rendspear
standard,78,r5,red,sup,坦克,xukong,standard,0,1,2,2,8659,20980,10742,479.2,6.68,11.56,17.28,3,1,2,3,3,390,649,549,761,4890,7889,9929,6582,246,600,400,,,340,1760,t3_calmveil|t3_thornmail
standard,79,b1,blue,top,坦克,bingshouweis,standard,1,0,5,0,11900,24891,10171,434.3,8.7,14.43,19.36,3,1,2,3,3,772,212,272,840,3722,6362,8822,6582,740,,,1200,,300,,t3_calmveil|t3_thornmail
standard,79,b2,blue,jungle,戰士,langwang,standard,1,0,0,0,4597,17378,10177,434.6,8.5,15.53,,2,1,1,2,2,136,1140,471,1627,3886,6570,8721,6582,200,,,700,938,300,,t3_shieldbreaker|t3_finalstring
standard,79,b3,blue,mid,法師,lieyan,standard,1,1,3,0,17670,13200,10291,439.5,10.07,17.98,,2,0,1,2,2,1602,162,132,890,3862,6362,8282,6582,800,600,,200,,100,,t3_psyward
standard,79,b4,blue,adc,射手,mori,standard,1,7,4,0,26446,10046,13401,572.3,9.24,16.12,19.89,4,1,1,3,4,602,892,252,500,3952,6572,10252,6582,770,2400,,200,,300,,t3_shieldbreaker|t3_rendspear
standard,79,b5,blue,sup,輔助,fuwenbianzhi,standard,1,0,4,2,5554,16446,11866,506.7,6.9,11.77,16.5,4,1,2,3,4,734,1594,867,905,4734,7474,10097,6582,210,,300,700,,200,2104,t3_calmveil
standard,79,r1,red,top,坦克,bingshouweis,standard,0,4,0,2,10211,25373,13591,580.4,7.97,13.68,17.59,4,1,2,3,4,292,272,1392,1440,3842,7202,11322,6582,960,2400,600,500,,280,,t3_calmveil|t3_thornmail
standard,79,r2,red,jungle,戰士,langwang,standard,0,6,1,3,18090,21686,14339,612.4,10.05,13.69,20.12,4,0,2,2,4,2034,240,1947,939,4034,7290,10497,6582,380,1200,900,,1154,280,,t3_shieldbreaker|t3_finalstring
standard,79,r3,red,mid,法師,lieyan,standard,0,3,3,2,18224,14156,11861,506.5,10.03,17.24,22.16,3,0,1,2,3,2242,362,442,260,4502,6862,9422,6582,860,1200,,500,,280,,t3_psyward
standard,79,r4,red,adc,射手,mori,standard,0,3,4,1,17039,10316,11734,501.1,9.58,17.33,22.15,3,1,1,2,3,496,276,326,354,3846,5656,8876,6582,713,1200,300,,,80,,t3_shieldbreaker|t3_rendspear
standard,79,r5,red,sup,輔助,fuwenbianzhi,standard,0,0,0,2,8244,14551,11705,499.9,6.23,11.81,16.24,4,1,2,3,4,220,257,897,325,4820,7287,10127,6582,406,,300,500,,280,2058,t3_calmveil
standard,80,b1,blue,top,坦克,tiankong,standard,0,2,5,0,12527,26164,10633,436.4,9.78,14.37,19.6,3,1,2,3,3,752,442,296,1003,3702,6692,9026,6582,563,1200,,500,,180,,t3_calmveil|t3_thornmail
standard,80,b2,blue,jungle,戰士,anliuyouXia,standard,0,0,4,1,9280,18968,10810,443.6,9.2,16.83,22.1,3,1,1,2,3,991,837,820,609,4091,6317,9050,6582,363,,150,500,1274,180,,t3_finalstring|t3_shieldbreaker
standard,80,b3,blue,mid,法師,shikong,standard,0,1,2,1,20071,15951,10320,423.5,10.34,17.79,,2,0,1,2,2,1502,1062,1062,1040,3762,6392,8692,6582,680,600,150,500,,180,,t3_psyward
standard,80,b4,blue,adc,射手,leiting,standard,0,7,2,1,30504,14733,14420,591.8,8.97,15.72,19.18,4,1,1,3,4,552,782,282,1500,3902,6582,10802,6582,840,2400,300,500,,180,,t3_shieldbreaker|t3_rendspear
standard,80,b5,blue,sup,坦克,thornwall,standard,0,0,6,0,7548,23474,11813,484.8,6.73,13.06,17.85,4,1,2,3,4,394,504,615,612,4894,7304,9595,6582,273,,,,,80,2659,t3_calmveil|t3_thornmail
standard,80,r1,red,top,坦克,tiankong,standard,1,4,0,1,12927,23114,13038,535.1,8.72,13.33,18.8,4,1,2,3,4,1412,230,560,788,4362,6640,9690,6582,800,1200,150,500,18,440,,t3_calmveil|t3_thornmail
standard,80,r2,red,jungle,戰士,anliuyouXia,standard,1,10,1,2,16885,18847,17606,722.5,8.93,13.43,16.59,5,1,2,4,5,1224,870,702,2306,4324,7670,13102,6582,120,3600,600,500,1260,440,,t3_finalstring|t3_shieldbreaker
standard,80,r3,red,mid,法師,shikong,standard,1,2,5,3,20744,14402,12240,502.3,9.97,17.12,,2,1,1,2,2,52,342,382,2840,3902,6842,9182,6582,960,600,300,500,,240,,t3_psyward
standard,80,r4,red,adc,射手,leiting,standard,1,3,4,0,16943,11738,13013,534.1,9.07,16.13,22.08,3,1,1,2,3,1006,806,786,1863,4356,6606,9366,6582,743,600,,1000,,440,,t3_shieldbreaker|t3_rendspear
standard,80,r5,red,sup,坦克,thornwall,standard,1,0,0,7,9785,23647,14069,577.4,7.58,11.62,16.58,5,1,2,3,5,290,420,1271,469,4790,7660,11251,6582,216,,1050,500,,440,2462,t3_calmveil|t3_thornmail
standard,81,b1,blue,top,戰士,jingci,standard,0,0,3,0,11687,20790,7966,400.1,9.22,18.34,,2,1,1,,2,732,266,,166,3882,5796,,,,,,,,,,t3_shieldbreaker|t3_finalstring
standard,81,b2,blue,jungle,戰士,embercoil,standard,0,1,2,0,4468,15136,8475,425.7,9.17,15.41,,2,1,1,,2,970,1198,,245,4070,6678,,,,,,,,,,t3_shieldbreaker|t3_finalstring
standard,81,b3,blue,mid,法師,lieyan,standard,0,1,4,0,15105,12234,8607,432.3,10.1,18.29,,2,0,1,,2,1702,207,,207,3962,5717,,,,,,,,,,t3_psyward
standard,81,b4,blue,adc,射手,liangzi,standard,0,0,5,0,11064,10325,8232,413.5,9.05,17.95,,2,1,1,,2,362,382,,82,3712,5582,,,,,,,,,,t3_shieldbreaker|t3_rendspear
standard,81,b5,blue,sup,坦克,tiebi,standard,0,0,4,0,4155,16120,9096,456.9,7.23,12.43,18.2,3,1,2,,3,594,279,,116,4794,7359,,,,,,,,,,t3_calmveil|t3_thornmail
standard,81,r1,red,top,戰士,jingci,standard,1,7,0,2,15036,20145,13405,673.4,9.85,14.17,17.48,3,1,2,,3,666,416,,1955,3816,7866,,,,,,,,,,t3_shieldbreaker|t3_finalstring
standard,81,r2,red,jungle,戰士,embercoil,standard,1,3,1,2,7080,11056,11178,561.5,8.04,16.35,19.18,3,1,1,,3,447,999,,678,4247,6479,,,,,,,,,,t3_shieldbreaker|t3_finalstring
standard,81,r3,red,mid,法師,lieyan,standard,1,5,0,3,15470,9517,13372,671.7,10.31,14.93,18.29,3,0,2,,3,1676,176,,1291,3936,8026,,,,,,,,,,t3_psyward
standard,81,r4,red,adc,射手,liangzi,standard,1,1,1,1,13313,6417,9392,471.8,10.06,18.05,,2,0,1,,2,1482,482,,492,3642,6162,,,,,,,,,,t3_shieldbreaker|t3_rendspear
standard,81,r5,red,sup,坦克,tiebi,standard,1,2,0,8,8126,14832,13190,662.5,7.19,11.57,14.6,4,1,3,,4,784,384,,989,4684,8984,,,,,,,,,,t3_calmveil|t3_thornmail
standard,82,b1,blue,top,戰士,longyi,standard,0,0,5,0,7459,23089,7827,391.7,8.6,17.1,,2,1,1,,2,152,762,,727,3782,5592,,,,,,,,,,t3_shieldbreaker|t3_finalstring
standard,82,b2,blue,jungle,戰士,hunpo,standard,0,0,3,0,3026,10735,7937,397.2,10,16.85,,2,1,1,,2,34,401,,556,3834,5861,,,,,,,,,,t3_psyward
standard,82,b3,blue,mid,法師,auralith,standard,0,1,4,0,11076,13149,8687,434.7,8.77,16.85,,2,1,1,,2,792,312,,337,4642,6442,,,,,,,,,,t3_psyward
standard,82,b4,blue,adc,射手,liangzicz,standard,0,2,3,0,10562,10298,8764,438.6,10.11,17.23,,2,0,1,,2,1892,606,,663,4052,5756,,,,,,,,,,t3_shieldbreaker|t3_rendspear
standard,82,b5,blue,sup,輔助,zhanchang,standard,0,1,1,0,5038,13346,10103,505.6,6.82,12.19,15.28,3,1,2,,3,854,1635,,1062,4854,8365,,,,,,,,,,t3_calmveil
standard,82,r1,red,top,戰士,longyi,standard,1,10,0,0,16709,20437,15265,763.9,7.41,10.1,15.36,4,1,2,,4,1750,790,,1814,6930,9390,,,,,,,,,,t3_shieldbreaker|t3_finalstring
standard,82,r2,red,jungle,戰士,hunpo,standard,1,0,1,2,3252,8237,9485,474.6,9.28,16.99,,2,1,1,,2,1027,591,,835,4827,6991,,,,,,,,,,t3_psyward
standard,82,r3,red,mid,法師,auralith,standard,1,3,1,4,16973,9398,11821,591.5,10.06,17.28,18.87,3,0,1,,3,2196,346,,1020,4456,6496,,,,,,,,,,t3_psyward
standard,82,r4,red,adc,射手,liangzicz,standard,1,2,1,3,14122,7879,10527,526.8,11.14,16.63,19.6,3,0,1,,3,1622,422,,527,3782,6102,,,,,,,,,,t3_shieldbreaker|t3_rendspear
standard,82,r5,red,sup,輔助,zhanchang,standard,1,1,1,3,6171,10037,11729,587,5.56,11.38,17.27,4,1,2,,4,2690,845,,1329,5190,7875,,,,,,,,,,t3_calmveil
standard,83,b1,blue,top,戰士,chichuan,standard,1,0,4,1,12388,29467,11537,436.3,9.03,17.13,24.21,3,1,1,2,3,592,732,372,737,3742,6212,8672,6582,560,,150,900,,480,,t3_shieldbreaker|t3_finalstring
standard,83,b2,blue,jungle,戰士,leimingcf,standard,1,4,1,0,16412,24377,14381,543.9,8.38,15.49,19.31,4,1,1,3,4,486,2050,66,1931,4236,7480,10816,6582,420,1800,,400,1134,480,,t3_shieldbreaker|t3_finalstring
standard,83,b3,blue,mid,法師,xingjie,standard,1,9,5,0,28095,19815,16647,629.6,10.92,17.54,21.09,4,0,1,2,4,1682,522,862,2247,3942,7022,10142,6582,880,1800,,400,,480,,t3_psyward
standard,83,b4,blue,adc,射手,xingchen,standard,1,9,6,1,37525,12384,16607,628.1,9.38,17.43,21.51,4,1,1,2,4,412,402,292,2757,3762,6082,8842,6582,580,,300,900,,480,,t3_shieldbreaker|t3_rendspear
standard,83,b5,blue,sup,輔助,hexweave,standard,1,1,2,3,9502,18537,13660,516.6,6.43,12.08,15.41,4,1,2,3,4,1004,785,545,2700,4704,7815,9775,6582,160,,150,400,,480,2002,t3_calmveil
standard,83,r1,red,top,戰士,chichuan,standard,0,6,5,0,20771,35292,14447,546.4,9.19,14.21,19.43,4,1,2,3,4,1132,382,142,997,4282,7182,10042,6582,580,1800,,1000,,80,,t3_shieldbreaker|t3_finalstring
standard,83,r2,red,jungle,戰士,leimingcf,standard,0,3,1,2,11909,19518,13752,520.1,8.38,15.46,19.76,4,1,1,3,4,530,1638,274,821,4580,7068,10304,6582,520,1200,600,,1321,80,,t3_shieldbreaker|t3_finalstring
standard,83,r3,red,mid,法師,xingjie,standard,0,2,7,1,26805,18198,11997,453.7,10.43,18.93,24.06,3,0,1,2,3,1462,512,212,1147,3722,5662,8242,6582,780,,300,500,,80,,t3_psyward
standard,83,r4,red,adc,射手,xingchen,standard,0,7,8,1,30092,13193,14897,563.4,10.07,19.01,22.42,4,0,1,2,4,1572,272,1192,1047,3732,5652,8512,6582,750,600,,500,,80,,t3_shieldbreaker|t3_rendspear
standard,83,r5,red,sup,輔助,hexweave,standard,0,0,2,0,7444,21920,12213,461.9,6.63,12.38,15.68,4,1,2,3,4,454,588,648,1252,4754,7618,9398,6582,210,,,500,,80,2025,t3_calmveil
standard,84,b1,blue,top,戰士,xueyue,standard,0,1,3,0,6844,18207,9159,448.4,8.76,16.13,,2,1,1,2,2,712,512,936,1078,3862,6162,9016,6582,833,600,,1000,,0,,t3_shieldbreaker|t3_finalstring
standard,84,b2,blue,jungle,戰士,fengbao,standard,0,0,2,0,5664,13063,8016,392.5,8.75,17.08,,2,1,1,2,2,784,594,193,336,3884,5894,7873,6582,246,,,,1044,0,,t3_shieldbreaker|t3_finalstring
standard,84,b3,blue,mid,法師,auralith,standard,0,1,4,1,13468,12635,9016,441.4,10.23,17.26,,2,0,1,2,2,1522,312,292,435,3782,5692,8872,6582,890,600,300,500,,0,,t3_psyward
standard,84,b4,blue,adc,射手,dujian,standard,0,1,4,0,15199,11249,8957,438.5,9.17,18.48,,2,1,1,2,2,352,560,64,806,3702,5940,8214,6582,613,,,1000,18,0,,t3_shieldbreaker|t3_rendspear
standard,84,b5,blue,sup,坦克,tiankong,standard,0,0,4,0,5345,20227,9180,449.5,6.8,12.4,18.13,3,1,2,3,3,244,414,537,200,4744,7214,9037,6582,216,,,,,0,2238,t3_calmveil|t3_thornmail
standard,84,r1,red,top,戰士,xueyue,standard,1,5,0,1,12447,18909,12956,634.3,8.68,12.98,16.84,3,1,2,3,3,712,312,1162,1505,3862,8962,12612,6582,880,3000,150,1400,,600,,t3_shieldbreaker|t3_finalstring
standard,84,r2,red,jungle,戰士,fengbao,standard,1,7,0,1,11265,12136,14145,692.5,7.6,11.98,16.02,3,1,2,3,3,2538,462,2822,3164,5638,9062,13802,6582,380,4200,150,400,1489,600,,t3_shieldbreaker|t3_finalstring
standard,84,r3,red,mid,法師,auralith,standard,1,2,1,0,13188,10626,10426,510.4,9.98,17.2,,2,1,1,2,2,692,282,682,1025,4542,6782,10082,6582,800,1200,,900,,600,,t3_psyward
standard,84,r4,red,adc,射手,dujian,standard,1,2,2,4,14855,7442,10876,532.5,10.3,17.18,,2,0,1,2,2,1572,592,1032,1975,3732,6272,9932,6582,550,600,900,900,,400,,t3_shieldbreaker|t3_rendspear
standard,84,r5,red,sup,坦克,tiankong,standard,1,1,0,4,6252,13148,11908,583,7.32,12.46,14.85,4,1,3,4,4,1364,104,265,608,5264,8704,11565,6582,150,600,900,400,,600,2332,t3_calmveil|t3_thornmail
standard,85,b1,blue,top,戰士,langwang,standard,0,0,5,1,8025,23970,9811,419.1,8.81,16.98,22.84,3,1,1,2,3,552,82,262,211,3702,5562,8492,6582,680,,150,1000,,80,,t3_shieldbreaker|t3_finalstring
standard,85,b2,blue,jungle,戰士,ronggang,standard,0,0,7,0,7406,20929,9799,418.6,9.32,16.85,,2,1,1,2,2,846,620,326,1619,3946,6050,8506,6582,280,,,500,1063,80,,t3_shieldbreaker|t3_finalstring
standard,85,b3,blue,mid,法師,xingjie,standard,0,1,7,2,14319,15891,9751,416.6,11.18,19.95,,2,0,1,2,2,1382,272,182,451,3642,5602,7532,6582,720,,150,,,80,,t3_psyward
standard,85,b4,blue,adc,射手,tianfa,standard,0,7,5,0,22600,10206,12808,547.2,9.13,17.1,21.4,4,1,1,2,4,512,482,1012,108,3862,5682,9262,6582,800,1800,,,,80,,t3_shieldbreaker|t3_rendspear
standard,85,b5,blue,sup,輔助,mingyun,standard,0,0,1,0,4062,17962,11493,491,5.97,11.68,15.47,4,1,2,3,4,124,514,674,792,4724,7244,9714,6582,240,,,500,,80,2311,t3_calmveil
standard,85,r1,red,top,戰士,langwang,standard,1,9,1,1,18684,24133,16010,684,8.71,13.82,16.58,5,1,2,3,5,692,501,851,710,3842,7601,12251,6582,875,3000,300,1200,54,240,,t3_shieldbreaker|t3_finalstring
standard,85,r2,red,jungle,戰士,ronggang,standard,1,4,2,2,12511,17427,13923,594.8,8.44,17.04,19.8,4,1,1,3,4,668,1866,196,993,4718,7296,11126,6582,160,1800,300,450,1393,440,,t3_shieldbreaker|t3_finalstring
standard,85,r3,red,mid,法師,xingjie,standard,1,6,3,0,15449,14150,13688,584.7,10.98,16.25,21.4,4,0,1,2,4,1582,692,1412,38,3842,7192,9862,6582,940,1200,,700,,440,,t3_psyward
standard,85,r4,red,adc,射手,tianfa,standard,1,6,1,0,21391,8878,13375,571.4,10.66,16.86,23.31,4,0,1,2,4,1662,876,176,474,3822,5956,9076,6582,653,1200,,200,,440,,t3_shieldbreaker|t3_rendspear
standard,85,r5,red,sup,輔助,mingyun,standard,1,0,1,6,6994,13850,13354,570.5,6.88,13.08,15.44,4,1,2,4,4,464,1045,75,2394,4764,7595,11035,6582,171,,600,450,,440,2791,t3_calmveil
standard,86,b1,blue,top,戰士,kuangfeng,standard,1,0,6,0,13228,31287,12318,442.4,10.22,18.53,23.27,3,0,1,2,3,1732,1172,302,917,3782,5572,8052,6582,810,,,500,,160,,t3_shieldbreaker|t3_finalstring
standard,86,b2,blue,jungle,戰士,rongyan,standard,1,0,2,0,8619,20143,11698,420.2,9.19,17.35,24.08,3,1,1,2,3,850,607,695,948,3950,6037,8045,6582,400,,,,902,160,,t3_shieldbreaker|t3_finalstring
standard,86,b3,blue,mid,法師,auralith,standard,1,4,5,1,26739,20494,13758,494.1,10.33,18.67,23.31,3,0,1,2,3,1782,282,42,1657,4042,5882,8272,6582,880,,150,500,,160,,t3_psyward
standard,86,b4,blue,adc,射手,dawnstrike,standard,1,13,5,0,49108,15768,19458,698.9,10.07,16.54,19.65,5,0,1,3,5,1682,762,342,3857,3842,6262,10262,6582,720,1800,,1000,,160,,t3_shieldbreaker|t3_rendspear
standard,86,b5,blue,sup,輔助,shengguang,standard,1,0,6,4,9884,21785,14024,503.7,6.49,11.63,16.93,4,1,2,3,4,504,258,698,2573,4804,7288,9738,6582,470,,450,,,160,2076,t3_calmveil
standard,86,r1,red,top,戰士,kuangfeng,standard,0,0,2,1,11346,33711,12061,433.2,8.97,17.34,21.65,3,1,1,2,3,572,422,476,660,3722,5902,9076,6582,740,,,1300,,453,,t3_shieldbreaker|t3_finalstring
standard,86,r2,red,jungle,戰士,rongyan,standard,0,8,4,0,17088,23841,17095,614,8.27,16.68,19.16,5,1,1,3,5,1880,2054,470,1844,4980,7484,10320,6582,200,1200,,300,1717,320,,t3_shieldbreaker|t3_finalstring
standard,86,r3,red,mid,法師,auralith,standard,0,5,7,4,22905,22606,15758,566,9.53,15.88,21.37,4,1,1,2,4,772,952,742,1527,4622,7452,9792,6582,1190,600,300,800,,320,,t3_psyward
standard,86,r4,red,adc,射手,dawnstrike,standard,0,10,4,0,39701,13550,17141,615.7,10.38,15.89,21.93,5,0,1,2,5,2012,732,726,1540,4172,6412,9626,6582,490,1800,,300,,453,,t3_shieldbreaker|t3_rendspear
standard,86,r5,red,sup,輔助,shengguang,standard,0,1,0,3,10951,19684,14283,513,5.63,12.15,16.52,5,1,2,3,5,454,464,537,1082,4754,7494,9767,6582,220,,300,300,,453,1911,t3_calmveil
standard,87,b1,blue,top,戰士,greymantle,standard,1,0,1,0,12017,20987,9769,430,9.13,18.77,,2,1,1,2,2,726,666,406,1118,3876,6196,8156,6582,873,,,300,,400,,t3_shieldbreaker|t3_finalstring
standard,87,b2,blue,jungle,戰士,tielian,standard,1,0,2,0,7462,12199,9473,417,9.62,17.41,,2,1,1,2,2,884,1020,1200,873,3984,6500,8300,6582,223,,,300,794,400,,t3_shieldbreaker|t3_finalstring
standard,87,b3,blue,mid,法師,xingjie,standard,1,9,4,1,24224,15106,15429,679.2,9.62,16.01,19.33,4,1,1,3,4,286,1096,1006,1198,4836,7596,11856,6582,773,3000,300,800,,400,,t3_psyward
standard,87,b4,blue,adc,射手,yanfeng,standard,1,10,4,0,33063,10632,16186,712.5,8.68,13.7,17.8,5,1,2,3,5,762,152,1892,585,4112,7772,13272,6582,1290,4200,,800,,400,,t3_shieldbreaker|t3_rendspear
standard,87,b5,blue,sup,坦克,bingshouweis,standard,1,1,1,1,7200,18914,12664,557.5,6.58,11.52,14.88,4,1,3,4,4,1663,263,171,464,5563,8863,11471,6582,359,600,300,800,,400,2428,t3_calmveil|t3_thornmail
standard,87,r1,red,top,戰士,greymantle,standard,0,1,2,0,11215,24533,10434,459.3,9.32,16.83,21.72,3,1,1,2,3,11,1051,1181,483,4341,6581,9461,6582,618,600,,1500,,160,,t3_shieldbreaker|t3_finalstring
standard,87,r2,red,jungle,戰士,tielian,standard,0,3,4,0,11662,19425,11792,519.1,8.06,15.77,19.33,3,1,1,3,3,543,1431,1203,391,4343,6911,10803,6582,465,1800,,,1795,160,,t3_shieldbreaker|t3_finalstring
standard,87,r3,red,mid,法師,xingjie,standard,0,0,6,2,12629,17209,10416,458.5,10.31,16.8,22.26,3,0,1,2,3,2022,662,522,265,4282,6742,9502,6582,1160,,600,1000,,160,,t3_psyward
standard,87,r4,red,adc,射手,yanfeng,standard,0,8,6,0,18907,9018,13246,583.1,9.43,17.3,20.38,4,1,1,2,4,372,192,1042,65,3722,5572,9892,6582,750,2400,,,,160,,t3_shieldbreaker|t3_rendspear
standard,87,r5,red,sup,坦克,bingshouweis,standard,0,0,2,2,8094,22338,11853,521.8,6.61,12.28,17.3,4,1,2,3,4,40,450,1079,472,4840,7250,10619,6582,366,,300,1000,,160,2210,t3_calmveil|t3_thornmail
standard,88,b1,blue,top,戰士,cinderfist,standard,1,2,4,1,17518,29035,12750,516.5,9.12,16.09,20.99,3,1,1,2,3,812,812,1056,1299,3962,6342,9336,6582,940,600,300,500,,413,,t3_shieldbreaker|t3_finalstring
standard,88,b2,blue,jungle,戰士,greymantle,standard,1,0,3,0,8433,19970,10338,418.8,7.63,19.21,23.55,3,1,1,2,3,964,664,720,737,4064,6144,8420,6582,363,,,,1060,413,,t3_shieldbreaker|t3_finalstring
standard,88,b3,blue,mid,法師,gambler,standard,1,8,6,1,18139,17587,15036,609.2,10.15,16.99,20.92,4,0,1,2,4,1782,302,842,636,4042,6502,9922,6582,960,1800,,500,,80,,t3_psyward
standard,88,b4,blue,adc,射手,xuanfeng,standard,1,10,1,0,41421,13859,16290,659.9,9.31,17.34,21.08,4,1,1,2,4,442,602,1056,2439,3792,5682,9636,6582,940,1200,,500,,413,,t3_shieldbreaker|t3_rendspear
standard,88,b5,blue,sup,坦克,xukong,standard,1,0,4,3,8304,22411,12967,525.3,7.17,12.89,18.11,4,1,2,3,4,630,353,1093,1186,4830,7133,9593,6582,476,,300,,,280,1953,t3_calmveil|t3_thornmail
standard,88,r1,red,top,戰士,cinderfist,standard,0,3,3,1,14549,29275,12144,492,8.69,15.75,20.8,3,1,1,2,3,622,1200,940,694,3772,6730,9590,6582,750,1200,,800,18,240,,t3_shieldbreaker|t3_finalstring
standard,88,r2,red,jungle,戰士,greymantle,standard,0,3,3,1,12858,20169,12832,519.9,8.17,16.14,20.23,4,1,1,2,4,456,1294,2010,332,4256,6774,10610,6582,320,1800,,300,1368,240,,t3_shieldbreaker|t3_finalstring
standard,88,r3,red,mid,法師,gambler,standard,0,0,7,0,18155,15901,9664,391.5,10.21,19.45,,2,0,1,2,2,1662,362,500,264,3922,6262,8050,6582,900,,,300,27,240,,t3_psyward
standard,88,r4,red,adc,射手,xuanfeng,standard,0,11,5,1,38329,11584,16786,680.1,9.46,17.72,19.86,4,1,1,3,4,422,692,92,2936,3772,6072,10392,6582,670,1800,300,800,,240,,t3_shieldbreaker|t3_rendspear
standard,88,r5,red,sup,坦克,xukong,standard,0,1,2,5,9483,25496,13924,564.1,7.26,11.32,14.75,5,1,3,4,5,234,214,150,324,4734,8814,11750,6582,200,600,900,800,,240,2427,t3_calmveil|t3_thornmail
standard,89,b1,blue,top,戰士,leimingcf,standard,1,3,1,0,13568,27849,11056,486.7,8.8,15.12,19.71,3,1,1,3,3,632,1302,282,555,3782,6782,9882,6582,760,1800,,500,,240,,t3_shieldbreaker|t3_finalstring
standard,89,b2,blue,jungle,刺客,binghe,standard,1,1,2,1,7232,13069,10185,448.3,8.37,16.64,21.76,3,1,1,2,3,802,466,634,234,4002,6046,8964,6582,310,600,150,,1081,240,,t3_finalstring
standard,89,b3,blue,mid,法師,ronghuo,standard,1,2,1,2,15540,15306,11256,495.5,10.66,17.82,22.53,3,0,1,2,3,1742,672,312,405,4002,6122,8762,6582,840,,600,500,,240,,t3_psyward
standard,89,b4,blue,adc,射手,phantom,standard,1,4,4,1,21088,10867,13034,573.7,9.05,18.28,20.26,4,1,1,2,4,572,500,1520,133,3922,5880,10420,6582,880,1200,,1500,18,240,,t3_shieldbreaker|t3_rendspear
standard,89,b5,blue,sup,輔助,tianshi,standard,1,0,0,1,6658,16615,10817,476.2,6.43,11.72,17.01,3,1,2,3,3,1084,504,544,1777,4784,7534,9584,6582,170,,150,500,,240,1941,t3_calmveil
standard,89,r1,red,top,戰士,leimingcf,standard,0,1,2,0,12483,23515,9336,411,9.32,18.62,,2,1,1,2,2,512,582,382,735,3662,6062,7782,6582,560,,,400,,240,,t3_shieldbreaker|t3_finalstring
standard,89,r2,red,jungle,刺客,binghe,standard,0,2,1,1,11173,12730,11298,497.3,8.54,16.18,19.6,3,1,1,3,3,310,1739,361,868,4160,7319,10011,6582,340,1200,,400,1148,340,,t3_finalstring
standard,89,r3,red,mid,法師,ronghuo,standard,0,0,2,0,17462,12158,9276,408.3,9.93,18.53,,2,1,1,2,2,72,422,392,645,3922,6322,8242,6582,920,,,400,,340,,t3_psyward
standard,89,r4,red,adc,射手,phantom,standard,0,4,4,0,18636,9426,11236,494.6,9.3,18.08,21.62,3,1,1,2,3,272,302,1802,35,3622,5982,9122,6582,600,1200,,400,,340,,t3_shieldbreaker|t3_rendspear
standard,89,r5,red,sup,輔助,tianshi,standard,0,1,1,2,6563,14711,12064,531.1,7.22,12.5,17.51,4,1,2,4,4,1644,851,481,614,4744,7881,10881,6582,300,600,300,900,,340,1858,t3_calmveil
standard,90,b1,blue,top,戰士,jufeng,standard,0,0,2,0,9240,22800,8222,383.7,10.68,17.58,,2,0,1,2,2,1492,472,452,141,3542,5822,7702,6582,540,,,500,,80,,t3_shieldbreaker|t3_finalstring
standard,90,b2,blue,jungle,刺客,shanying,standard,0,0,5,0,4994,9735,8534,398.3,9.2,17.88,,2,1,1,2,2,643,520,364,883,3843,5850,8014,6582,140,,,,1212,80,,t3_finalstring
standard,90,b3,blue,mid,法師,gambler,standard,0,3,3,0,16543,13318,10279,479.8,10.28,16.98,,2,0,1,2,2,1610,830,1400,1399,3870,6260,9800,6582,810,1800,,500,27,80,,t3_psyward
standard,90,b4,blue,adc,射手,huanying,standard,0,1,6,0,15388,12175,8792,410.3,9.31,18.54,,2,1,1,2,2,362,252,492,41,3712,5452,7712,6582,550,,,500,,80,,t3_shieldbreaker|t3_rendspear
standard,90,b5,blue,sup,坦克,ironclad,standard,0,0,4,0,3933,17168,10117,472.2,6.1,12.27,17.48,3,1,2,3,3,694,544,658,537,4894,7344,9638,6582,360,,,500,,80,2115,t3_calmveil|t3_thornmail
standard,90,r1,red,top,戰士,jufeng,standard,1,2,0,2,11399,20734,10908,509.1,10.17,15.66,20.08,3,0,1,2,3,1662,1692,1579,778,3712,7222,10229,6582,730,1200,450,766,,500,,t3_shieldbreaker|t3_finalstring
standard,90,r2,red,jungle,刺客,shanying,standard,1,4,1,0,6194,10089,12551,585.8,9.28,14.23,17.68,3,1,2,3,3,380,440,742,1420,4280,7620,11872,6582,210,2400,,600,1579,500,,t3_finalstring
standard,90,r3,red,mid,法師,gambler,standard,1,5,1,2,15277,10713,12738,594.6,11.09,16.44,,2,0,1,2,2,1322,1962,1459,3338,3582,7292,10859,6582,610,2400,,766,,500,,t3_psyward
standard,90,r4,red,adc,射手,huanying,standard,1,5,2,4,19704,7489,13658,637.5,9.3,17.32,19.1,4,1,1,3,4,422,1072,399,438,3772,6752,11779,6582,1030,1800,1200,766,,400,,t3_shieldbreaker|t3_rendspear
standard,90,r5,red,sup,坦克,ironclad,standard,1,4,0,5,8560,18851,14908,695.8,6.75,11.41,14.83,4,1,3,4,4,574,294,528,2707,4774,8894,12728,6582,300,1200,1050,600,,500,2496,t3_calmveil|t3_thornmail
standard,91,b1,blue,top,戰士,anliuyouXia,standard,0,0,5,0,8020,24966,9173,396.7,9.72,17.04,,2,1,1,2,2,532,492,172,892,3682,6022,8102,6582,640,,,400,,480,,t3_shieldbreaker|t3_finalstring
standard,91,b2,blue,jungle,刺客,anye,standard,0,0,5,0,8505,11660,9688,418.9,8.74,17.78,22.82,3,1,1,2,3,762,568,750,188,3962,6198,8530,6582,240,,,400,1027,280,,t3_finalstring
standard,91,b3,blue,mid,法師,ronghuo,standard,0,3,4,0,18959,17578,12523,541.5,9.71,15.75,21.08,3,1,1,2,3,182,1032,872,1192,4032,7532,10272,6582,1210,600,,1400,,480,,t3_psyward
standard,91,b4,blue,adc,射手,guangsu,standard,0,5,7,0,15565,10737,12256,530,9.56,17.39,20.48,3,1,1,2,3,436,406,1156,656,3786,6086,10006,6582,743,1800,,400,,480,,t3_shieldbreaker|t3_rendspear
standard,91,b5,blue,sup,坦克,shengdun,standard,0,0,5,0,6733,22001,11107,480.3,7.42,12.43,17.69,3,1,2,3,3,890,470,197,727,4790,7710,9997,6582,246,,,400,,280,2487,t3_calmveil|t3_thornmail
standard,91,r1,red,top,戰士,anliuyouXia,standard,1,5,0,3,13359,25157,14503,627.1,8.57,14.93,17.64,4,1,2,3,4,922,302,642,1472,4072,7152,12092,6582,850,2400,600,1500,,160,,t3_shieldbreaker|t3_finalstring
standard,91,r2,red,jungle,刺客,anye,standard,1,8,0,1,13439,10984,15554,672.6,7.9,12.06,17.31,4,1,2,3,4,108,1046,1334,2754,5438,8226,12464,6582,260,3600,150,,1711,160,,t3_finalstring
standard,91,r3,red,mid,法師,ronghuo,standard,1,5,2,2,19554,14399,13403,579.6,10.52,16.83,20.48,3,0,1,2,3,1562,422,1892,922,3822,6322,11292,6582,900,2400,250,1000,,160,,t3_psyward
standard,91,r4,red,adc,射手,guangsu,standard,1,6,5,3,20880,11267,13458,582,9.13,17.67,21.08,3,1,1,2,3,497,217,937,1657,3847,5897,9487,6582,745,1200,550,250,,160,,t3_shieldbreaker|t3_rendspear
standard,91,r5,red,sup,坦克,shengdun,standard,1,2,1,5,8805,18015,14245,616,6.73,11.48,15.75,5,1,2,4,5,1009,719,195,645,5209,7959,11795,6582,365,600,850,750,,160,2487,t3_calmveil|t3_thornmail
standard,92,b1,blue,top,戰士,tielian,standard,0,2,1,0,10205,26315,10665,432.7,9.98,15.76,21.98,3,1,1,2,3,612,1202,62,165,3762,6682,8362,6582,540,600,,400,,240,,t3_shieldbreaker|t3_finalstring
standard,92,b2,blue,jungle,刺客,wuxing,standard,0,1,3,0,6987,13918,11037,447.7,8.32,16.18,22.03,3,1,1,2,3,228,1070,1207,436,4078,6650,9237,6582,260,600,,400,1154,240,,t3_finalstring
standard,92,b3,blue,mid,法師,gambler,standard,0,3,4,0,19609,14591,11715,475.3,10.15,19.38,23.57,3,0,1,2,3,1802,212,322,285,4062,6412,8172,6582,950,,,400,,240,,t3_psyward
standard,92,b4,blue,adc,射手,mori,standard,0,9,1,1,36008,10557,16422,666.2,9.37,16.47,19.13,5,1,1,3,5,436,546,626,821,3786,6226,10626,6582,803,1800,300,900,,240,,t3_shieldbreaker|t3_rendspear
standard,92,b5,blue,sup,輔助,fuwenbianzhi,standard,0,0,2,1,9095,20180,11559,468.9,6.78,11.19,14.76,4,1,3,3,4,124,143,483,109,4974,7843,9523,6582,326,,,400,54,240,1920,t3_calmveil
standard,92,r1,red,top,戰士,tielian,standard,1,3,2,0,15583,30623,12339,500.5,9,16.15,21.24,3,1,1,2,3,392,1096,636,938,3542,6576,8936,6582,573,1200,,500,,80,,t3_shieldbreaker|t3_finalstring
standard,92,r2,red,jungle,刺客,wuxing,standard,1,1,2,0,6917,12583,11903,482.9,8.5,15.92,21.74,3,1,1,2,3,1025,718,1119,822,4225,6298,9449,6582,413,600,,166,1406,280,,t3_finalstring
standard,92,r3,red,mid,法師,gambler,standard,1,0,4,0,13509,13735,10035,407.1,11.49,20.4,,2,0,1,1,2,1442,496,1252,635,3702,5646,7752,6582,723,,,166,,280,,t3_psyward
standard,92,r4,red,adc,射手,mori,standard,1,7,5,1,28744,11522,13905,564.1,9.48,18.6,23.57,4,1,1,2,4,312,302,292,685,3662,5682,8542,6582,780,600,300,,,280,,t3_shieldbreaker|t3_rendspear
standard,92,r5,red,sup,輔助,fuwenbianzhi,standard,1,0,2,1,9670,20145,12444,504.8,6.56,12.2,14.8,4,1,3,3,4,774,115,1541,994,4724,7815,10581,6582,390,,300,1166,,280,1862,t3_calmveil
standard,93,b1,blue,top,戰士,hunpo,standard,0,0,1,1,8598,17225,7676,404.7,10.06,17.93,,2,0,1,,2,1582,152,,375,3842,6282,,,,,,,,,,t3_psyward
standard,93,b2,blue,jungle,刺客,voidrift,standard,0,2,2,0,3788,9152,8938,471.2,7.31,13.99,,2,1,2,,2,432,620,,607,5232,7270,,,,,,,,,,t3_finalstring
standard,93,b3,blue,mid,法師,leiming,standard,0,2,3,0,9131,11208,8866,467.4,11.12,17.22,,2,0,1,,2,1482,162,,315,3742,6312,,,,,,,,,,t3_psyward
standard,93,b4,blue,adc,射手,leiting,standard,0,0,3,0,7645,8392,6896,363.6,12.87,17.32,,2,0,1,,2,1522,412,,325,3682,5562,,,,,,,,,,t3_shieldbreaker|t3_rendspear
standard,93,b5,blue,sup,輔助,luminary,standard,0,0,1,0,2337,11737,9875,520.7,6.58,12.23,14.92,3,1,3,,3,374,58,,835,4674,7758,,,,,,,,,,t3_calmveil
standard,93,r1,red,top,戰士,hunpo,standard,1,1,1,0,7226,14611,8533,449.9,11.53,18.14,,2,0,1,,2,1432,282,,553,3692,5832,,,,,,,,,,t3_psyward
standard,93,r2,red,jungle,刺客,voidrift,standard,1,2,1,1,3958,7695,10233,539.5,8.55,13.53,,2,1,2,,2,341,807,,1902,4191,7757,,,,,,,,,,t3_finalstring
standard,93,r3,red,mid,法師,leiming,standard,1,2,2,0,13087,9213,10736,566,11.34,17.94,,2,0,1,,2,1682,812,,1385,3942,7262,,,,,,,,,,t3_psyward
standard,93,r4,red,adc,射手,leiting,standard,1,5,0,2,17222,7859,11536,608.2,8.95,16.87,18.16,3,1,1,,3,492,382,,1235,3842,6062,,,,,,,,,,t3_shieldbreaker|t3_rendspear
standard,93,r5,red,sup,輔助,luminary,standard,1,0,0,3,3390,12078,10167,536,6.35,12.45,15.46,3,1,2,,3,537,624,,1126,4837,7654,,,,,,,,,,t3_calmveil
standard,94,b1,blue,top,戰士,dushe,standard,0,0,3,0,6857,21288,8579,400.6,8.93,17.78,,2,1,1,2,2,472,152,452,498,3622,5802,7582,6582,500,,,500,,0,,t3_shieldbreaker|t3_finalstring
standard,94,b2,blue,jungle,刺客,miwu,standard,0,0,3,1,6383,10781,8948,417.8,8.06,16.59,,2,1,1,2,2,272,783,636,817,4172,6113,8416,6582,270,,300,,1263,0,,t3_finalstring
standard,94,b3,blue,mid,法師,haixiao,standard,0,1,5,0,11099,14430,9379,437.9,9.71,17.54,,2,1,1,2,2,192,232,272,498,4042,5962,8882,6582,1200,600,,500,,0,,t3_psyward
standard,94,b4,blue,adc,射手,shensheng,standard,0,0,3,0,8896,10970,8581,400.7,9.76,18.38,,2,1,1,2,2,482,270,194,430,3832,5770,8044,6582,890,,,500,72,0,,t3_shieldbreaker|t3_rendspear
standard,94,b5,blue,sup,坦克,tiebi,standard,0,1,2,0,7795,21423,10888,508.4,6.49,11.2,15.54,3,1,2,3,3,694,754,812,1308,5494,8434,10392,6582,380,600,,500,,0,2329,t3_calmveil|t3_thornmail
standard,94,r1,red,top,戰士,dushe,standard,1,4,0,2,8427,19176,12770,596.3,8.87,12.59,18.23,3,1,2,3,3,426,426,626,1320,4756,8476,12076,6582,733,2400,600,1200,,560,,t3_shieldbreaker|t3_finalstring
standard,94,r2,red,jungle,刺客,miwu,standard,1,1,0,1,8371,10341,10187,475.6,8.05,14.84,21.11,3,1,2,2,3,362,140,1112,486,4262,7320,9492,6582,246,600,300,200,1003,560,,t3_finalstring
standard,94,r3,red,mid,法師,haixiao,standard,1,4,0,2,21194,11778,13515,631.1,8.05,13.98,19.48,3,1,2,3,3,826,169,359,1035,4676,8669,11389,6582,896,1200,450,1700,,560,,t3_psyward
standard,94,r4,red,adc,射手,shensheng,standard,1,7,1,0,22388,8803,13402,625.8,10.25,16.23,19.36,4,0,1,3,4,1696,556,976,502,3856,6236,11276,6582,933,3000,,200,,560,,t3_shieldbreaker|t3_rendspear
standard,94,r5,red,sup,坦克,tiebi,standard,1,0,1,2,7403,15886,10714,500.3,6.71,12.57,18.65,3,1,2,3,3,804,537,657,733,5004,7777,10037,6582,389,,450,200,,560,1855,t3_calmveil|t3_thornmail
standard,95,b1,blue,top,戰士,fengbao,standard,0,1,2,0,6926,23209,8620,408.9,9.23,17.02,,2,1,1,2,2,552,596,506,390,3702,6076,8256,6582,573,600,,500,,0,,t3_shieldbreaker|t3_finalstring
standard,95,b2,blue,jungle,刺客,guihuo,standard,0,1,3,0,3581,9039,9087,431,10.13,15.78,,2,0,1,2,2,1936,1762,643,1007,3866,6092,8723,6582,380,600,,,1027,133,,t3_finalstring
standard,95,b3,blue,mid,法師,leiming,standard,0,0,4,0,10942,12949,8860,420.2,10.85,18.89,,2,0,1,2,2,1502,306,606,1030,3762,5736,7956,6582,740,,,500,,133,,t3_psyward
standard,95,b4,blue,adc,射手,liangzicz,standard,0,4,6,1,13811,9252,10367,491.7,9.14,18.75,20.78,3,1,1,2,3,372,602,252,346,3722,5802,8802,6582,720,1200,300,,,0,,t3_shieldbreaker|t3_rendspear
standard,95,b5,blue,sup,輔助,fengshen,standard,0,0,3,1,4621,16051,10630,504.2,7.53,12.58,15.69,3,1,2,3,3,1304,675,1225,1589,4704,7705,10265,6582,186,,300,1000,,133,2062,t3_calmveil
standard,95,r1,red,top,戰士,fengbao,standard,1,3,1,0,10276,18508,11094,526.2,8.01,14.3,20.68,3,1,2,2,3,672,362,1930,594,3822,7162,10530,6582,600,1800,,1000,27,520,,t3_shieldbreaker|t3_finalstring
standard,95,r2,red,jungle,刺客,guihuo,standard,1,5,1,3,10236,9350,13959,662.1,6.43,11.15,15.75,4,1,2,3,4,1082,366,1448,609,5412,8696,12528,6582,130,2400,700,500,1695,520,,t3_finalstring
standard,95,r3,red,mid,法師,leiming,standard,1,4,0,1,15061,11531,12533,594.5,10.3,15.68,19.7,3,0,1,3,3,2182,822,252,1983,4442,7322,10802,6582,900,1800,,1000,,520,,t3_psyward
standard,95,r4,red,adc,射手,liangzicz,standard,1,6,3,1,16337,8781,13027,617.9,9.98,16.11,18.75,3,1,1,3,3,432,442,482,1226,3782,6122,11862,6582,660,3000,100,1000,,520,,t3_shieldbreaker|t3_rendspear
standard,95,r5,red,sup,輔助,fengshen,standard,1,0,1,1,5305,11105,10633,504.3,6.89,11.12,16.11,3,1,2,3,3,1754,692,762,1593,4854,7722,9802,6582,310,,100,500,,320,1989,t3_calmveil
standard,96,b1,blue,top,戰士,langwang,standard,0,0,3,0,8054,24197,8928,405.6,9.11,16.74,,2,1,1,2,2,632,692,702,897,3782,6292,8252,6582,1010,,,500,,160,,t3_shieldbreaker|t3_finalstring
standard,96,b2,blue,jungle,刺客,jiansheng,standard,0,0,8,0,5871,12867,8695,395.1,9.32,17.92,,2,1,1,2,2,826,536,290,614,4026,6116,8020,6582,250,,,,1027,160,,t3_finalstring
standard,96,b3,blue,mid,法師,haixiao,standard,0,0,8,2,11074,13755,9131,414.9,10.54,18.76,,2,0,1,2,2,1442,246,506,250,3702,5976,8156,6582,613,,300,500,,160,,t3_psyward
standard,96,b4,blue,adc,射手,xingchen,standard,0,4,3,0,12811,11830,11566,525.5,9.03,15.41,19.84,3,1,1,3,3,562,1030,90,585,3912,6830,9690,6582,730,1200,,1000,18,160,,t3_shieldbreaker|t3_rendspear
standard,96,b5,blue,sup,輔助,hexweave,standard,0,0,5,0,6835,20102,9695,440.5,6.9,11.61,17.01,3,1,2,3,3,484,230,520,655,4784,7260,8980,6582,156,,,,,160,2080,t3_calmveil
standard,96,r1,red,top,戰士,langwang,standard,1,9,0,0,19340,21169,16582,753.4,9.35,14.05,16.68,5,1,2,4,5,849,403,133,1281,4649,7803,13583,6582,986,4200,,1200,54,560,,t3_shieldbreaker|t3_finalstring
standard,96,r2,red,jungle,刺客,jiansheng,standard,1,1,1,2,5036,10394,11535,524.1,7.74,13.86,21.16,3,1,2,2,3,740,602,1530,934,4590,7252,9860,6582,320,,600,200,1597,560,,t3_finalstring
standard,96,r3,red,mid,法師,haixiao,standard,1,7,1,3,20945,11175,15298,695.1,10.1,17.43,19.25,4,0,1,3,4,1562,702,2192,897,3822,7202,13222,6582,980,3000,900,1200,,560,,t3_psyward
standard,96,r4,red,adc,射手,xingchen,standard,1,10,2,1,28374,9233,15941,724.3,8.52,15.97,18.89,4,1,1,3,4,92,1492,1172,2720,4572,7172,12552,6582,810,3600,300,700,,560,,t3_shieldbreaker|t3_rendspear
standard,96,r5,red,sup,輔助,hexweave,standard,1,0,0,1,3680,12117,11619,527.9,6.54,11.57,16.58,4,1,2,4,4,1067,817,40,739,4767,7547,10440,6582,183,,300,200,,560,2614,t3_calmveil
standard,97,b1,blue,top,戰士,kuangfeng,standard,1,4,0,0,11007,19981,10993,545.6,8.58,14.75,18.19,3,1,2,3,3,592,222,362,613,3742,7922,10742,6582,640,2400,,800,,320,,t3_shieldbreaker|t3_finalstring
standard,97,b2,blue,jungle,刺客,hundun,standard,1,1,0,0,7703,8919,9786,485.7,10.37,17.42,,2,0,1,2,2,2066,1340,186,436,4276,6740,9536,6582,280,600,,300,1453,320,,t3_psyward
standard,97,b3,blue,mid,法師,leiming,standard,1,0,0,0,9977,10641,8403,417,10.53,18.63,,2,0,1,2,2,1712,1022,302,253,3972,6352,8152,6582,950,,,300,,320,,t3_psyward
standard,97,b4,blue,adc,射手,dujian,standard,1,4,2,1,13400,8207,10813,536.6,9.52,16.79,19.82,3,1,1,3,3,412,1362,82,333,3762,6142,10562,6582,660,2400,300,300,,320,,t3_shieldbreaker|t3_rendspear
standard,97,b5,blue,sup,坦克,tiankong,standard,1,0,1,3,4858,14943,12002,595.6,7.13,12.33,16.66,4,1,2,4,4,174,1614,251,502,4874,8194,11751,6582,310,,900,1300,,320,2338,t3_calmveil|t3_thornmail
standard,97,r1,red,top,戰士,kuangfeng,standard,0,2,1,0,9517,21169,8931,443.2,8.9,14.42,,2,1,2,2,2,1150,360,280,331,4300,7160,8880,6582,580,1200,,500,18,0,,t3_shieldbreaker|t3_finalstring
standard,97,r2,red,jungle,刺客,hundun,standard,0,0,3,1,6787,10034,8670,430.3,8.94,17.79,,2,1,1,2,2,588,41,339,389,4388,6491,8619,6582,223,,150,,1663,0,,t3_psyward
standard,97,r3,red,mid,法師,leiming,standard,0,0,1,1,11548,11207,8333,413.6,10.71,18.01,,2,0,1,2,2,1832,172,252,303,4092,5922,8282,6582,1050,,150,500,,0,,t3_psyward
standard,97,r4,red,adc,射手,dujian,standard,0,1,2,1,12364,8359,8843,438.9,9.89,17.24,,2,1,1,2,2,322,252,242,293,3672,5932,8792,6582,810,600,300,500,,0,,t3_shieldbreaker|t3_rendspear
standard,97,r5,red,sup,坦克,tiankong,standard,0,0,2,0,4838,16173,9954,494,10.71,12.34,17.8,3,0,2,3,3,3170,580,203,254,4710,7160,9903,6582,256,,,500,,0,2564,t3_calmveil|t3_thornmail
standard,98,b1,blue,top,戰士,greymantle,standard,0,0,3,1,8848,26983,9743,414.9,9.46,17.99,,2,1,1,2,2,712,592,472,1463,3862,6122,8402,6582,740,,,1000,,80,,t3_shieldbreaker|t3_finalstring
standard,98,b2,blue,jungle,刺客,yueying,standard,0,0,7,0,6738,12023,9362,398.7,9.03,17.5,,2,1,1,2,2,750,268,760,1232,3950,5898,7940,6582,400,,,,877,80,,t3_finalstring
standard,98,b3,blue,mid,法師,haixiao,standard,0,0,9,0,14696,15729,9193,391.5,9.66,18.24,,2,1,1,2,2,232,442,372,313,4082,6342,8022,6582,860,,,500,,80,,t3_psyward
standard,98,b4,blue,adc,射手,tianfa,standard,0,6,7,0,23541,11187,12613,537.1,9.35,17.77,21.98,3,1,1,2,3,412,182,152,1013,3762,5562,8402,6582,640,600,,500,,80,,t3_shieldbreaker|t3_rendspear
standard,98,b5,blue,sup,坦克,shiqiang,standard,0,0,3,1,7708,22438,10965,466.9,7.34,12.53,16.63,3,1,2,3,3,984,324,604,1385,4884,7704,9584,6582,400,,,500,,80,2022,t3_calmveil|t3_thornmail
standard,98,r1,red,top,戰士,greymantle,standard,1,11,1,1,22968,25881,17683,753,8.02,13.57,17.68,5,1,2,3,5,72,222,2302,2333,4702,7672,12732,6582,1220,3600,150,700,,480,,t3_shieldbreaker|t3_finalstring
standard,98,r2,red,jungle,刺客,yueying,standard,1,3,1,3,9702,11343,12934,550.8,8.25,15.17,18.51,3,1,1,3,3,204,2046,784,1804,4404,7676,10784,6582,310,1200,600,200,1411,480,,t3_finalstring
standard,98,r3,red,mid,法師,haixiao,standard,1,7,1,0,23648,14213,15593,664,10.62,16.15,20.12,4,0,1,2,4,1602,942,1842,1193,3862,7442,11242,6582,1180,1800,,1200,,480,,t3_psyward
standard,98,r4,red,adc,射手,tianfa,standard,1,7,3,2,21237,9102,14403,613.3,10.63,14.73,19.74,4,0,2,3,4,1612,112,332,553,3772,7112,11232,6582,970,2400,600,200,,480,,t3_shieldbreaker|t3_rendspear
standard,98,r5,red,sup,坦克,shiqiang,standard,1,1,0,4,5910,19939,13537,576.5,8.27,13.01,15.17,4,1,2,3,4,124,1494,1806,1337,4924,8734,11786,6582,280,600,750,700,,480,2394,t3_calmveil|t3_thornmail
standard,99,b1,blue,top,戰士,ravager,standard,0,0,6,0,9042,24246,8730,388,9.6,17.98,,2,1,1,2,2,512,336,396,700,3662,5936,7776,6582,640,,,500,54,0,,t3_shieldbreaker|t3_finalstring
standard,99,b2,blue,jungle,戰士,longyi,standard,0,0,6,0,4240,15890,8799,391.1,9.17,15.88,,2,1,1,2,2,422,1036,314,1269,3822,5816,7844,6582,180,,,,1081,0,,t3_shieldbreaker|t3_finalstring
standard,99,b3,blue,mid,法師,bingshuang,standard,0,0,7,0,13585,16648,8923,396.6,10.58,17.41,,2,0,1,2,2,1592,272,1132,342,3852,5652,8082,6582,750,,,750,,0,,t3_psyward
standard,99,b4,blue,adc,射手,dawnstrike,standard,0,6,4,0,23550,13982,12356,549.2,9.87,16.13,20.56,3,1,1,2,3,372,842,852,1376,3722,6642,9602,6582,720,1800,,500,,0,,t3_shieldbreaker|t3_rendspear
standard,99,b5,blue,sup,輔助,shengguang,standard,0,0,3,2,4972,19255,11578,514.6,6.82,11.69,17,4,1,2,3,4,704,324,664,698,4654,7354,9704,6582,190,,600,250,,0,2082,t3_calmveil
standard,99,r1,red,top,戰士,ravager,standard,1,11,0,1,20679,25340,16401,728.9,8.41,14.92,17.23,5,1,2,4,5,1440,40,1060,1100,4590,6840,13560,6582,648,4800,150,800,,580,,t3_shieldbreaker|t3_finalstring
standard,99,r2,red,jungle,戰士,longyi,standard,1,6,0,2,16033,15513,14260,633.8,6.92,14.79,17.51,4,1,2,3,4,626,249,761,1329,4856,7899,11691,6582,98,2400,400,300,1330,580,,t3_shieldbreaker|t3_finalstring
standard,99,r3,red,mid,法師,bingshuang,standard,1,3,3,5,19390,14373,12796,568.7,10.46,15.72,21.36,3,0,1,2,3,2045,875,655,1195,4305,7375,10055,6582,743,600,1100,550,,480,,t3_psyward
standard,99,r4,red,adc,射手,dawnstrike,standard,1,6,3,3,18600,10630,14245,633.1,8.68,16.17,18.83,4,1,1,3,4,834,1304,1104,1024,4184,6984,12004,6582,842,2400,550,1050,,580,,t3_shieldbreaker|t3_rendspear
standard,99,r5,red,sup,輔助,shengguang,standard,1,0,0,3,3518,11478,11595,515.4,11.02,11.02,15.58,4,0,2,3,4,2933,585,1005,635,4913,7615,9755,6582,109,,200,300,27,580,1956,t3_calmveil
standard,100,b1,blue,top,戰士,dadi2,standard,1,0,1,1,10760,20723,9035,436.7,9.82,18.83,,2,1,1,2,2,492,472,552,385,3642,6002,8602,6582,780,,300,700,,240,,t3_shieldbreaker|t3_finalstring
standard,100,b2,blue,jungle,戰士,ravager,standard,1,1,3,0,10042,14092,9887,477.8,8.35,16.98,,2,1,1,2,2,803,1218,710,1286,3903,6698,9310,6582,393,600,,700,794,240,,t3_shieldbreaker|t3_finalstring
standard,100,b3,blue,mid,法師,mingyun2,standard,1,2,2,0,11788,10510,10055,486,9.82,16.11,,2,1,1,2,2,132,422,222,655,3982,6622,9622,6582,900,1200,,700,,240,,t3_psyward
standard,100,b4,blue,adc,射手,hanbing,standard,1,4,2,0,15628,9056,11365,549.3,9.33,17.42,20.11,3,1,1,2,3,262,312,1782,465,3612,5692,10332,6582,510,1800,,1200,,240,,t3_shieldbreaker|t3_rendspear
standard,100,b5,blue,sup,坦克,tieshixin,standard,1,1,1,1,5601,16962,11283,545.3,6.73,11.3,15.77,3,1,2,3,3,820,940,870,1303,5320,8180,10850,6582,256,600,300,200,,240,2671,t3_calmveil|t3_thornmail
standard,100,r1,red,top,戰士,dadi2,standard,0,3,0,2,12804,22877,11115,537.2,8.3,15.79,19,3,1,1,3,3,872,972,472,865,4022,6502,10722,6582,660,1800,600,1000,,80,,t3_shieldbreaker|t3_finalstring
standard,100,r2,red,jungle,戰士,ravager,standard,0,2,0,0,9324,12824,10320,498.8,6.5,18.09,19.9,3,1,1,3,3,342,1378,219,240,4622,6858,9819,6582,500,1200,,,1456,80,,t3_shieldbreaker|t3_finalstring
standard,100,r3,red,mid,法師,mingyun2,standard,0,0,3,0,10644,10783,8625,416.8,10.26,18.38,,2,0,1,2,2,1612,62,162,595,3872,6262,8192,6582,780,,,750,,80,,t3_psyward
standard,100,r4,red,adc,射手,hanbing,standard,0,2,4,0,14248,7420,9405,454.5,9.21,17.82,,2,1,1,2,2,402,562,1062,505,3752,5762,9012,6582,650,1200,,500,,80,,t3_shieldbreaker|t3_rendspear
standard,100,r5,red,sup,坦克,tieshixin,standard,0,2,1,0,8377,16409,11883,574.3,8.52,11.13,17.1,3,1,2,3,3,324,931,910,1903,5424,8171,10890,6582,250,600,,750,27,80,2600,t3_calmveil|t3_thornmail
standard,101,b1,blue,top,戰士,ronggang,standard,0,3,1,0,15277,21105,9651,485.4,7.29,15.8,,2,1,1,,2,132,1552,,1001,4282,6782,,,,,,,,,,t3_shieldbreaker|t3_finalstring
standard,101,b2,blue,jungle,戰士,xueyue,standard,0,1,2,1,5016,12376,9095,457.4,9.28,15.78,,2,1,1,,2,311,950,,794,4111,6430,,,,,,,,,,t3_shieldbreaker|t3_finalstring
standard,101,b3,blue,mid,法師,bingshuang,standard,0,0,1,2,6675,11335,8904,447.8,10.48,18.18,,2,0,1,,2,1562,102,,103,3822,6002,,,,,,,,,,t3_psyward
standard,101,b4,blue,adc,射手,xuanfeng,standard,0,2,2,0,13214,8526,9508,478.2,9.14,16.7,,2,1,1,,2,912,596,,607,4262,6276,,,,,,,,,,t3_shieldbreaker|t3_rendspear
standard,101,b5,blue,sup,坦克,xukong,standard,0,1,0,1,4793,14939,11142,560.4,7.3,12.04,15.52,3,1,2,,3,494,1424,,1162,4994,7784,,,,,,,,,,t3_calmveil|t3_thornmail
standard,101,r1,red,top,戰士,ronggang,standard,1,0,1,0,9531,16928,8764,440.8,8.46,19.1,,2,1,1,,2,612,612,,713,3762,6142,,,,,,,,,,t3_shieldbreaker|t3_finalstring
standard,101,r2,red,jungle,戰士,xueyue,standard,1,1,1,1,11850,13916,10110,508.5,7.49,15.79,,2,1,1,,2,417,2301,,1510,4217,7781,,,,,,,,,,t3_shieldbreaker|t3_finalstring
standard,101,r3,red,mid,法師,bingshuang,standard,1,3,3,1,8811,10942,11094,557.9,7.89,15.81,19.88,3,1,1,,3,262,932,,63,4812,7432,,,,,,,,,,t3_psyward
standard,101,r4,red,adc,射手,xuanfeng,standard,1,1,2,1,12795,9059,9430,474.3,10.15,17.19,,2,0,1,,2,1639,689,,1480,3799,6369,,,,,,,,,,t3_shieldbreaker|t3_rendspear
standard,101,r5,red,sup,坦克,xukong,standard,1,1,0,0,4323,14844,11320,569.3,5.19,12,15.73,3,1,2,,3,297,1227,,1340,5397,8467,,,,,,,,,,t3_calmveil|t3_thornmail
standard,102,b1,blue,top,戰士,jingci,standard,1,2,2,0,13678,23182,12314,538.9,8.84,15.6,19.58,3,1,1,3,3,632,1382,162,1513,3782,6862,9762,6582,680,600,,1500,,400,,t3_shieldbreaker|t3_finalstring
standard,102,b2,blue,jungle,戰士,jufeng,standard,1,0,2,1,7659,14264,9864,431.7,9.67,16.99,,2,1,1,2,2,154,726,1008,1314,3904,6156,8358,6582,200,,150,,1026,400,,t3_shieldbreaker|t3_finalstring
standard,102,b3,blue,mid,法師,mingyun2,standard,1,6,7,0,17783,14864,12780,559.3,10.58,17.46,22.07,3,0,1,2,3,1722,122,162,1180,3982,6622,9142,6582,960,1200,,,,400,,t3_psyward
standard,102,b4,blue,adc,射手,phantom,standard,1,7,1,0,22107,10220,14384,629.5,10.1,17,20.28,4,0,1,2,4,1772,792,2832,533,3932,6472,11732,6582,750,3000,,1000,,400,,t3_shieldbreaker|t3_rendspear
standard,102,b5,blue,sup,輔助,tianshi,standard,1,0,1,6,4812,15703,12560,549.7,8.93,11.41,17.14,4,1,2,3,4,774,169,1359,1600,4774,7199,10589,6582,170,,1050,500,,400,1886,t3_calmveil
standard,102,r1,red,top,戰士,jingci,standard,0,1,2,1,8147,26229,10804,472.8,8.52,15.09,21.82,3,1,1,2,3,212,1406,166,303,4012,6886,8766,6582,773,600,150,500,,160,,t3_shieldbreaker|t3_finalstring
standard,102,r2,red,jungle,戰士,jufeng,standard,0,2,1,0,12414,16881,10810,473.1,9.03,16.45,20.1,3,1,1,2,3,502,870,1038,480,4252,6300,9588,6582,320,1200,,,1326,160,,t3_shieldbreaker|t3_finalstring
standard,102,r3,red,mid,法師,mingyun2,standard,0,4,4,1,17257,14736,11200,490.2,10.04,17.21,21.34,3,0,1,2,3,2712,482,922,650,4972,6982,10202,6582,710,2400,100,250,,160,,t3_psyward
standard,102,r4,red,adc,射手,phantom,standard,0,6,7,2,16995,10099,12384,542,10.39,17.44,20.97,3,0,1,2,3,1622,686,686,1003,3782,5766,9586,6582,393,1800,400,250,,160,,t3_shieldbreaker|t3_rendspear
standard,102,r5,red,sup,輔助,tianshi,standard,0,0,1,3,4941,15985,11393,498.6,7.87,12.52,15.29,4,1,2,3,4,1444,644,704,432,4844,7674,9934,6582,163,,550,500,,160,1978,t3_calmveil
standard,103,b1,blue,top,戰士,tielian,standard,1,0,1,0,10239,22059,9102,435.7,9.42,16.6,,2,1,1,2,2,472,762,372,872,3622,6242,8602,6582,560,,,900,,560,,t3_shieldbreaker|t3_finalstring
standard,103,b2,blue,jungle,戰士,rongyan,standard,1,0,1,0,6444,14551,9268,443.6,8.69,16.69,,2,1,1,2,2,142,1986,218,717,3892,6216,8768,6582,80,,,400,1045,660,,t3_shieldbreaker|t3_finalstring
standard,103,b3,blue,mid,法師,bingshuang,standard,1,0,2,0,13886,12258,9542,456.8,11.18,18.37,,2,0,1,2,2,1602,482,442,462,3862,6082,9042,6582,800,,,1400,,260,,t3_psyward
standard,103,b4,blue,adc,射手,huanying,standard,1,1,3,0,12250,8764,9236,442.1,8.28,18.23,,2,1,1,2,2,636,536,186,1285,3986,6216,8136,6582,893,,,400,,260,,t3_shieldbreaker|t3_rendspear
standard,103,b5,blue,sup,輔助,mantra,standard,1,0,1,1,6247,15069,10211,488.7,7.34,11.84,16.43,3,1,2,3,3,680,421,181,980,4680,7451,9411,6582,226,,,400,,260,1941,t3_calmveil
standard,103,r1,red,top,戰士,tielian,standard,0,2,0,0,12656,21819,9896,473.7,8.72,17.18,20.71,3,1,1,2,3,96,656,996,295,3896,6136,9596,6582,653,1200,,1000,,160,,t3_shieldbreaker|t3_finalstring
standard,103,r2,red,jungle,戰士,rongyan,standard,0,2,0,1,10341,15667,10770,515.5,9.29,14.98,19.13,3,1,2,3,3,444,38,735,319,4194,7088,10285,6582,510,1200,150,,1682,160,,t3_shieldbreaker|t3_finalstring
standard,103,r3,red,mid,法師,bingshuang,standard,0,4,1,0,18634,13719,10736,513.9,9.65,15.91,,2,1,1,2,2,136,316,436,1335,3986,6546,9836,6582,1043,1800,,250,,160,,t3_psyward
standard,103,r4,red,adc,射手,huanying,standard,0,0,0,0,11565,7978,8626,412.9,10,18.37,,2,1,1,2,2,396,346,206,75,3746,6026,7826,6582,583,,,500,,160,,t3_shieldbreaker|t3_rendspear
standard,103,r5,red,sup,輔助,mantra,standard,0,0,0,1,6566,11919,10565,505.7,6.76,13.11,15.64,3,1,2,3,3,1163,603,995,1334,4863,7333,10225,6582,289,,150,250,,160,2792,t3_calmveil
standard,104,b1,blue,top,坦克,shiqiang,standard,0,2,0,1,8461,16338,9154,472.7,8.62,12.95,19.37,3,1,2,,3,812,476,,204,3762,7186,,,,,,,,,,t3_calmveil|t3_thornmail
standard,104,b2,blue,jungle,戰士,tielian,standard,0,1,1,1,8286,12821,8497,438.8,8.87,15.31,,2,1,1,,2,724,1306,,797,3824,6786,,,,,,,,,,t3_finalstring|t3_shieldbreaker
standard,104,b3,blue,mid,法師,mingyun2,standard,0,0,3,0,8001,10496,7730,399.1,10.98,,,1,0,1,,1,1542,412,,1230,3802,5562,,,,,,,,,,t3_psyward
standard,104,b4,blue,adc,射手,guangsu,standard,0,0,2,0,12761,9485,7350,379.5,9.45,18.66,,2,1,1,,2,402,232,,450,3752,5732,,,,,,,,,,t3_shieldbreaker|t3_rendspear
standard,104,b5,blue,sup,坦克,tiebi,standard,0,0,1,1,5398,16218,10071,520,6.6,12.27,16.5,3,1,2,,3,354,934,,691,4804,8174,,,,,,,,,,t3_calmveil|t3_thornmail
standard,104,r1,red,top,坦克,shiqiang,standard,1,2,0,0,11233,15180,10100,521.5,8.45,14.3,,2,1,2,,2,1092,322,,2810,4042,7612,,,,,,,,,,t3_calmveil|t3_thornmail
standard,104,r2,red,jungle,戰士,tielian,standard,1,1,1,1,7277,11770,10079,520.4,7.2,15.82,19.18,3,1,1,,3,368,1955,,479,4948,7435,,,,,,,,,,t3_finalstring|t3_shieldbreaker
standard,104,r3,red,mid,法師,mingyun2,standard,1,0,0,0,10595,9121,8723,450.4,10.91,17.51,,2,0,1,,2,1616,336,,1173,3876,6236,,,,,,,,,,t3_psyward
standard,104,r4,red,adc,射手,guangsu,standard,1,0,1,2,12482,8991,9990,515.8,9.07,17.54,,2,1,1,,2,412,722,,1410,3762,6522,,,,,,,,,,t3_shieldbreaker|t3_rendspear
standard,104,r5,red,sup,坦克,tiebi,standard,1,4,1,0,6721,15504,12241,632.1,8.02,11.57,16.28,4,1,2,,4,240,1010,,641,5340,8250,,,,,,,,,,t3_calmveil|t3_thornmail
standard,105,b1,blue,top,坦克,longji,standard,0,1,3,0,11205,27944,10726,423.8,8.95,16.32,21.46,3,1,1,2,3,752,1242,992,796,3702,6542,8222,6582,600,,,800,,240,,t3_calmveil|t3_thornmail
standard,105,b2,blue,jungle,戰士,cinderfist,standard,0,0,4,0,15018,21177,10991,434.3,8.13,16.51,23.42,3,1,1,2,3,502,1230,809,240,4252,6660,8759,6582,500,,,300,1136,240,,t3_shieldbreaker|t3_finalstring
standard,105,b3,blue,mid,法師,shikong,standard,0,3,8,0,15922,16068,11876,469.3,9.6,16.85,23.74,3,1,1,2,3,722,352,832,366,4572,6852,9332,6582,1010,1200,,300,,240,,t3_psyward
standard,105,b4,blue,adc,射手,mori,standard,0,8,9,1,34227,13934,15106,596.9,9.85,17.63,21.83,4,1,1,2,4,352,762,412,1256,3702,6442,8662,6582,440,600,,800,,240,,t3_shieldbreaker|t3_rendspear
standard,105,b5,blue,sup,輔助,zhanchang,standard,0,1,2,4,9132,21831,12727,502.9,7.63,12.43,14.19,4,1,3,3,4,1694,283,1113,1766,5094,8283,10343,6582,290,600,600,300,,240,1730,t3_calmveil
standard,105,r1,red,top,坦克,longji,standard,1,1,2,4,16799,26803,12250,484,8.3,16.58,19.17,4,1,1,3,4,246,296,676,699,3796,5596,9226,6582,733,600,1050,,,260,,t3_calmveil|t3_thornmail
standard,105,r2,red,jungle,戰士,cinderfist,standard,1,9,1,1,22726,19962,16758,662.1,9.13,14.23,18.42,5,1,2,3,5,1067,549,2412,1507,5117,7299,11962,6582,423,3000,300,166,1129,360,,t3_shieldbreaker|t3_finalstring
standard,105,r3,red,mid,法師,shikong,standard,1,6,4,0,25960,17762,14446,570.8,10.18,17.68,21.83,4,0,1,2,4,1756,136,382,616,4016,6636,8882,6582,1173,600,,166,,360,,t3_psyward
standard,105,r4,red,adc,射手,mori,standard,1,10,5,0,33515,13879,16056,634.4,9.19,16.51,19.19,4,1,1,3,4,542,242,1052,2206,3892,5922,11052,6582,960,3000,,250,,260,,t3_shieldbreaker|t3_rendspear
standard,105,r5,red,sup,輔助,zhanchang,standard,1,0,1,3,8170,15931,13551,535.5,6.72,11.98,15.55,5,1,2,3,5,174,271,1757,351,4774,7301,10507,6582,350,,750,416,,360,2048,t3_calmveil
standard,106,b1,blue,top,坦克,dadi,standard,0,2,2,1,10849,22100,10638,476.9,9.51,12.63,18.11,3,1,2,3,3,372,592,372,708,4522,7222,9822,6582,600,1200,300,800,,340,,t3_calmveil|t3_thornmail
standard,106,b2,blue,jungle,戰士,chichuan,standard,0,0,1,1,5580,16166,9714,435.4,9.49,15.98,,2,1,1,2,2,454,1146,332,1163,4204,6576,8882,6582,140,,100,550,1170,340,,t3_shieldbreaker|t3_finalstring
standard,106,b3,blue,mid,法師,lieyan,standard,0,2,5,1,15390,13814,10632,476.6,10.35,18.9,22.23,3,0,1,2,3,1762,62,156,81,4022,6262,8656,6582,933,,100,800,,240,,t3_psyward
standard,106,b4,blue,adc,射手,leiting,standard,0,7,2,0,24851,10645,12882,577.4,9.76,16.38,19.68,3,1,1,3,3,422,932,126,1081,3772,6612,11506,6582,683,3600,,300,,340,,t3_shieldbreaker|t3_rendspear
standard,106,b5,blue,sup,輔助,luminary,standard,0,0,2,4,3674,16869,11390,510.6,6.42,10.42,16.64,4,1,2,3,4,1274,501,744,430,4974,7531,9974,6582,323,,400,550,,340,1778,t3_calmveil
standard,106,r1,red,top,坦克,dadi,standard,1,3,0,0,10863,24138,12158,545,8.49,14.53,17.26,4,1,2,3,4,832,372,1612,908,4382,6702,10942,6582,680,1800,,1600,,280,,t3_calmveil|t3_thornmail
standard,106,r2,red,jungle,戰士,chichuan,standard,1,3,1,1,10625,15961,11984,537.2,7.5,15.07,20.72,3,1,1,2,3,96,2434,2218,1054,4326,7864,10768,6582,260,1800,150,100,1596,280,,t3_shieldbreaker|t3_finalstring
standard,106,r3,red,mid,法師,lieyan,standard,1,0,4,2,14435,12832,10118,453.6,10.6,18.18,,2,0,1,2,2,1762,382,992,718,4022,5982,9142,6582,930,,450,1100,,80,,t3_psyward
standard,106,r4,red,adc,射手,leiting,standard,1,6,4,1,21343,10074,13818,619.4,8.87,17.26,19.68,3,1,1,3,3,572,712,262,2018,3922,5792,10262,6582,850,1800,150,600,,280,,t3_shieldbreaker|t3_rendspear
standard,106,r5,red,sup,輔助,luminary,standard,1,0,2,2,6476,16867,11814,529.6,6.6,11.68,15.95,4,1,2,4,4,184,1154,138,853,4784,7884,10638,6582,240,,450,600,,280,2485,t3_calmveil
standard,107,b1,blue,top,坦克,tixue,standard,0,0,3,0,7527,24123,9443,413.1,8.88,14.89,20.27,3,1,2,2,3,912,232,652,613,3862,6182,8382,6582,720,,,1000,,80,,t3_calmveil|t3_thornmail
standard,107,b2,blue,jungle,戰士,dadi2,standard,0,0,4,0,11867,18967,9506,415.9,7.88,17.33,,2,1,1,2,2,984,676,382,1276,4084,6156,8262,6582,500,,,,1099,80,,t3_finalstring|t3_shieldbreaker
standard,107,b3,blue,mid,法師,shikong,standard,0,1,4,0,16013,14910,10503,459.5,9.63,17.14,,2,1,1,2,2,132,342,442,1223,3982,5942,9422,6582,1160,600,,1000,,80,,t3_psyward
standard,107,b4,blue,adc,射手,shensheng,standard,0,4,4,0,15490,11217,12197,533.6,8.75,16.94,19.26,3,1,1,3,3,646,716,296,1216,3996,6516,9896,6582,1033,1200,,1000,,80,,t3_shieldbreaker|t3_rendspear
standard,107,b5,blue,sup,坦克,tiankong,standard,0,0,6,0,7145,22041,10783,471.7,7.28,12.33,17.41,3,1,2,3,3,1950,210,782,1203,4850,7310,9762,6582,426,,,500,18,80,2155,t3_calmveil|t3_thornmail
standard,107,r1,red,top,坦克,tixue,standard,1,4,0,0,11297,21999,12650,553.4,7.85,12.42,16.19,4,1,2,3,4,132,839,1259,999,4382,8129,11289,6582,926,2400,,900,,480,,t3_calmveil|t3_thornmail
standard,107,r2,red,jungle,戰士,dadi2,standard,1,10,0,4,16334,15442,18068,790.5,7.06,12.03,15.05,5,1,2,4,5,358,3570,900,2768,4758,10370,14200,6582,400,3600,1200,400,1537,480,,t3_finalstring|t3_shieldbreaker
standard,107,r3,red,mid,法師,shikong,standard,1,2,1,2,17088,12700,11873,519.4,10.38,18.35,22.12,3,0,1,2,3,1562,132,392,363,3822,6632,9372,6582,1059,600,250,400,,480,,t3_psyward
standard,107,r4,red,adc,射手,shensheng,standard,1,3,3,5,19267,9009,13293,581.5,9.58,18.15,20.44,3,1,1,2,3,322,652,1392,1493,3672,6452,9972,6582,710,600,700,900,,480,,t3_shieldbreaker|t3_rendspear
standard,107,r5,red,sup,坦克,tiankong,standard,1,2,1,5,9797,16627,13537,592.2,5.48,12.03,15.03,4,1,2,4,4,594,1977,576,1936,5394,9217,11876,6582,383,1200,550,400,,480,2280,t3_calmveil|t3_thornmail
standard,108,b1,blue,top,坦克,stoneguard,standard,0,1,2,0,5710,19495,9386,434.2,9.36,15.13,19.93,3,1,1,3,3,722,762,92,1136,3672,6162,8342,6582,660,600,,500,,0,,t3_calmveil|t3_thornmail
standard,108,b2,blue,jungle,戰士,langwang,standard,0,0,6,1,11375,20303,8785,406.4,7.83,17.56,,2,1,1,2,2,236,690,451,554,4036,6170,8201,6582,483,,150,,985,0,,t3_finalstring|t3_shieldbreaker
standard,108,b3,blue,mid,法師,lieyan,standard,0,0,4,0,19007,15399,8959,414.5,10.34,17.67,,2,0,1,2,2,1682,336,206,529,3942,5936,8336,6582,1253,,,500,,0,,t3_psyward
standard,108,b4,blue,adc,射手,liangzicz,standard,0,1,6,0,9697,12090,9246,427.7,10.09,18.62,,2,0,1,2,2,1482,202,832,496,3642,5402,8682,6582,500,600,,1000,,0,,t3_shieldbreaker|t3_rendspear
standard,108,b5,blue,sup,坦克,tiemu,standard,0,0,2,1,6022,17650,9735,450.3,6.86,13.13,18.13,3,1,2,3,3,844,571,191,154,4744,7371,9171,6582,263,,150,,54,0,2121,t3_calmveil|t3_thornmail
standard,108,r1,red,top,坦克,stoneguard,standard,1,6,0,1,15064,19840,13887,642.4,7.18,13.8,17.79,4,1,2,3,4,1593,413,1393,2236,4543,7123,11423,6582,753,2400,,1100,27,560,,t3_calmveil|t3_thornmail
standard,108,r2,red,jungle,戰士,langwang,standard,1,2,0,4,12534,13538,12214,565,9.1,15.08,19.89,3,1,1,3,3,1290,2263,222,2133,4390,7743,10302,6582,406,600,600,100,1453,560,,t3_finalstring|t3_shieldbreaker
standard,108,r3,red,mid,法師,lieyan,standard,1,5,0,1,23699,11356,12819,593,9.76,15.28,19.92,3,1,1,3,3,172,1036,286,739,4022,7536,11316,6582,873,2400,300,600,,560,,t3_psyward
standard,108,r4,red,adc,射手,liangzicz,standard,1,4,2,0,15345,10591,12569,581.5,10.52,14.78,19.13,3,0,2,3,3,1756,176,1166,769,3916,7076,11066,6582,773,1800,,1350,,560,,t3_shieldbreaker|t3_rendspear
standard,108,r5,red,sup,坦克,tiemu,standard,1,3,0,3,7568,15520,13377,618.8,6.47,11.74,15.86,4,1,2,4,4,324,1537,213,1176,4824,8777,11513,6582,153,1200,300,350,,560,2367,t3_calmveil|t3_thornmail
standard,109,b1,blue,top,坦克,thornwall,standard,0,0,2,0,8180,23484,9270,423.9,9.04,15.06,19.57,3,1,1,3,3,832,992,412,340,3782,6042,8562,6582,720,,,1000,,260,,t3_calmveil|t3_thornmail
standard,109,b2,blue,jungle,戰士,anliuyouXia,standard,0,0,3,0,5962,14476,8808,402.8,9.24,16.86,,2,1,1,2,2,892,517,372,628,3992,5947,8072,6582,193,,,,1036,260,,t3_shieldbreaker|t3_finalstring
standard,109,b3,blue,mid,法師,shikong,standard,0,3,1,0,15675,14698,10333,472.6,10.73,17.85,21.59,3,0,1,2,3,1712,312,1776,183,3972,6392,9606,6582,963,1800,,,,260,,t3_psyward
standard,109,b4,blue,adc,射手,xingchen,standard,0,4,4,2,17641,12305,11731,536.5,9.65,17.81,19.86,3,1,1,3,3,342,650,303,750,3692,5850,9903,6582,583,1200,600,750,27,160,,t3_shieldbreaker|t3_rendspear
standard,109,b5,blue,sup,輔助,hexweave,standard,0,0,3,1,4804,19901,10674,488.1,6.77,11.44,15.3,4,1,2,3,4,784,864,946,273,4784,7594,9986,6582,220,,300,250,,260,2373,t3_calmveil
standard,109,r1,red,top,坦克,thornwall,standard,1,3,0,1,9550,20492,10864,496.8,8.6,13.4,18.57,3,1,2,3,3,652,372,106,934,3602,7122,10036,6582,580,1800,300,400,54,320,,t3_calmveil|t3_thornmail
standard,109,r2,red,jungle,戰士,anliuyouXia,standard,1,4,0,0,11209,12303,12488,571.1,9,12.77,17.55,3,1,2,3,3,1037,228,550,1558,4137,7878,11480,6582,333,2400,,566,1278,320,,t3_shieldbreaker|t3_finalstring
standard,109,r3,red,mid,法師,shikong,standard,1,2,2,1,17222,12019,11120,508.5,10.55,18.88,21.77,3,0,1,2,3,1652,372,1602,90,3912,6272,9152,6582,783,600,300,566,,320,,t3_psyward
standard,109,r4,red,adc,射手,xingchen,standard,1,4,4,0,19263,8151,11753,537.5,10.47,17.07,21.45,3,0,1,2,3,1472,266,1136,373,3632,5946,9686,6582,683,1200,,900,,320,,t3_shieldbreaker|t3_rendspear
standard,109,r5,red,sup,輔助,hexweave,standard,1,0,1,2,8138,13879,12567,574.7,8.34,11.3,14.12,4,1,3,4,4,534,532,439,1607,4784,8232,11399,6582,260,,300,1066,81,320,2788,t3_calmveil
standard,110,b1,blue,top,坦克,tieshixin,standard,0,0,1,0,7880,20168,8671,421.6,7.9,16.29,19.65,3,1,1,3,3,212,360,190,120,3862,5760,8440,6582,750,,,1000,27,80,,t3_calmveil|t3_thornmail
standard,110,b2,blue,jungle,刺客,razorwing,standard,0,0,5,0,6953,10276,8017,389.8,9.18,17.33,,2,1,1,2,2,28,564,238,236,3928,5894,7718,6582,380,,,,675,80,,t3_finalstring
standard,110,b3,blue,mid,法師,xingjie,standard,0,0,2,0,10177,11426,8837,429.7,10.42,19.25,,2,0,1,2,2,1496,476,796,986,3756,5806,8646,6582,983,,,1000,,80,,t3_psyward
standard,110,b4,blue,adc,射手,dujian,standard,0,2,3,0,8905,9263,8983,436.8,9.61,18.8,,2,1,1,2,2,332,282,942,233,3682,5482,8792,6582,680,1200,,250,,80,,t3_shieldbreaker|t3_rendspear
standard,110,b5,blue,sup,坦克,tiankong,standard,0,0,2,0,6032,18324,9349,454.6,7.05,12.22,18.91,3,1,2,3,3,620,268,258,149,4820,7208,9158,6582,246,,,250,,80,1999,t3_calmveil|t3_thornmail
standard,110,r1,red,top,坦克,tieshixin,standard,1,3,0,2,11873,16539,11267,547.8,8.59,14.31,19.08,3,1,2,3,3,106,246,726,1236,3756,6936,10756,6582,783,1800,250,900,,440,,t3_calmveil|t3_thornmail
standard,110,r2,red,jungle,刺客,razorwing,standard,1,4,0,1,9127,9580,11997,583.3,8.91,14.33,18.32,3,1,2,3,3,1585,368,1206,1116,4785,7368,11606,6582,203,2400,150,400,1430,440,,t3_finalstring
standard,110,r3,red,mid,法師,xingjie,standard,1,2,1,2,12851,10500,10053,488.8,9.39,17.58,,2,1,1,2,2,412,262,682,653,4262,6762,9662,6582,640,1200,400,400,,440,,t3_psyward
standard,110,r4,red,adc,射手,dujian,standard,1,4,1,3,14793,8913,11433,555.9,9.96,15.66,20.24,3,1,1,2,3,382,1012,2462,583,3732,6812,11042,6582,670,2400,500,650,,240,,t3_shieldbreaker|t3_rendspear
standard,110,r5,red,sup,坦克,tiankong,standard,1,0,0,6,5734,13251,12413,603.6,6.2,13.1,16.47,4,1,2,4,4,717,777,442,833,4917,8017,12022,6582,303,,1100,1150,,440,2446,t3_calmveil|t3_thornmail
standard,111,b1,blue,top,坦克,bingshouweis,standard,0,0,2,1,9348,19667,10065,481.4,7.59,14.43,19,3,1,2,3,3,1052,299,209,1514,4002,6249,8759,6582,886,,300,750,,240,,t3_calmveil|t3_thornmail
standard,111,b2,blue,jungle,刺客,jingxiang,standard,0,1,5,1,7350,13426,9495,454.1,9.73,17.99,,2,1,1,2,2,856,538,539,864,4056,6118,9169,6582,393,600,300,,1053,240,,t3_finalstring
standard,111,b3,blue,mid,法師,auralith,standard,0,0,5,1,13997,13412,8806,421.2,10.5,18.15,,2,0,1,2,2,1602,92,350,405,3862,5822,8480,6582,980,,150,500,27,240,,t3_psyward
standard,111,b4,blue,adc,射手,tianfa,standard,0,3,5,0,11694,10904,10545,504.4,9.12,18.43,20.75,3,1,1,2,3,496,300,890,165,3846,6100,9640,6582,563,1200,,1000,54,240,,t3_shieldbreaker|t3_rendspear
standard,111,b5,blue,sup,坦克,shiqiang,standard,0,0,2,1,4373,18889,10382,496.5,7.51,12.82,18.14,3,1,2,3,3,574,420,496,801,4774,7220,10076,6582,176,,150,250,,240,2677,t3_calmveil|t3_thornmail
standard,111,r1,red,top,坦克,bingshouweis,standard,1,5,0,0,12766,20377,11943,571.2,9.05,12.58,17.26,4,1,2,3,4,872,1067,807,293,3822,8357,10837,6582,635,2400,,800,,420,,t3_calmveil|t3_thornmail
standard,111,r2,red,jungle,刺客,jingxiang,standard,1,1,0,1,5374,7967,10576,505.8,8.29,15.75,20.83,3,1,1,2,3,1022,2338,1340,296,4222,7018,9770,6582,260,600,,300,1608,420,,t3_finalstring
standard,111,r3,red,mid,法師,auralith,standard,1,3,0,4,13699,11238,12068,577.2,10.02,15.1,20.21,3,0,1,2,3,1912,1122,1562,1038,4172,7622,10962,6582,1093,1200,700,966,,420,,t3_psyward
standard,111,r4,red,adc,射手,tianfa,standard,1,8,2,4,23736,9046,14505,693.7,9.84,13.04,17.61,4,1,2,3,4,162,469,999,1284,4162,7849,12799,6582,630,3600,700,966,,320,,t3_shieldbreaker|t3_rendspear
standard,111,r5,red,sup,坦克,shiqiang,standard,1,2,2,3,6307,15425,12275,587.1,8.34,12.65,15.06,4,1,2,3,4,1214,1422,1789,674,4814,8662,11769,6582,141,1200,400,466,,420,2558,t3_calmveil|t3_thornmail
standard,112,b1,blue,top,坦克,tiankong,standard,1,0,1,0,8297,13702,7633,422.5,9.11,14.38,,2,1,2,,2,412,212,,403,3962,6362,,,,,,,,,,t3_calmveil|t3_thornmail
standard,112,b2,blue,jungle,刺客,guihuo,standard,1,0,1,0,4268,6282,7826,433.2,9.15,16.07,,2,1,1,,2,828,960,,395,4028,6540,,,,,,,,,,t3_finalstring
standard,112,b3,blue,mid,法師,xingjie,standard,1,1,2,0,9521,9834,8413,465.7,11.04,16.12,,2,0,1,,2,1402,382,,863,3662,6582,,,,,,,,,,t3_psyward
standard,112,b4,blue,adc,射手,dawnstrike,standard,1,0,2,0,8191,7430,7293,403.7,9.51,,,1,1,1,,1,412,682,,1613,3762,6062,,,,,,,,,,t3_shieldbreaker|t3_rendspear
standard,112,b5,blue,sup,輔助,tianshi,standard,1,0,0,0,4668,10676,9956,551.1,6.33,12.21,14.47,3,1,3,,3,544,266,,916,4844,8726,,,,,,,,,,t3_calmveil
standard,112,r1,red,top,坦克,tiankong,standard,0,0,0,1,6140,15395,7023,388.7,8.07,16.33,,2,1,1,,2,792,532,,273,3742,5582,,,,,,,,,,t3_calmveil|t3_thornmail
standard,112,r2,red,jungle,刺客,guihuo,standard,0,2,0,0,7254,9075,8512,471.1,6.52,15.27,,2,1,1,,2,412,1176,,181,4562,6756,,,,,,,,,,t3_finalstring
standard,112,r3,red,mid,法師,xingjie,standard,0,2,1,2,7892,10535,9513,526.6,10.79,16.33,,2,0,1,,2,2182,162,,233,4442,6662,,,,,,,,,,t3_psyward
standard,112,r4,red,adc,射手,dawnstrike,standard,0,2,0,0,7550,6541,7833,433.6,10,17.59,,2,1,1,,2,362,812,,213,3712,6192,,,,,,,,,,t3_shieldbreaker|t3_rendspear
standard,112,r5,red,sup,輔助,tianshi,standard,0,0,0,0,3062,9347,8584,475.1,8.13,11.76,15.88,3,1,2,,3,1014,513,,423,4714,7543,,,,,,,,,,t3_calmveil
standard,113,b1,blue,top,坦克,shengdun,standard,0,0,2,0,7240,21157,9150,413.4,9.07,14.5,20.59,3,1,2,2,3,502,402,1202,119,4052,6252,8432,6582,790,,,900,,160,,t3_calmveil|t3_thornmail
standard,113,b2,blue,jungle,刺客,yingsi,standard,0,0,4,0,5530,12152,9506,429.5,8.24,16.09,,2,1,1,2,2,214,1052,458,1175,4064,6632,8788,6582,420,,,400,1026,360,,t3_finalstring
standard,113,b3,blue,mid,法師,auralith,standard,0,1,5,0,13027,13013,9530,430.6,10.74,18.28,,2,0,1,2,2,1502,602,362,449,3762,6352,8212,6582,870,,,400,,360,,t3_psyward
standard,113,b4,blue,adc,射手,hanbing,standard,0,6,3,0,19722,9784,12398,560.1,9.85,17.48,19.98,3,1,1,3,3,400,470,300,1797,3750,6150,10480,6582,470,2400,,650,18,360,,t3_shieldbreaker|t3_rendspear
standard,113,b5,blue,sup,輔助,linghun,standard,0,0,0,1,4108,15460,10969,495.6,7.33,13.4,15.93,4,1,2,3,4,204,732,792,569,4804,7762,9832,6582,370,,,650,,360,1869,t3_calmveil
standard,113,r1,red,top,坦克,shengdun,standard,1,2,0,0,8602,21224,11501,519.6,8.93,14.27,17.43,3,1,2,3,3,426,540,614,1570,3976,6390,10544,6582,773,1200,,1500,108,380,,t3_calmveil|t3_thornmail
standard,113,r2,red,jungle,刺客,yingsi,standard,1,5,0,0,11620,12480,13009,587.8,8.07,14.08,18.3,4,1,2,3,4,90,610,1466,258,4240,7560,11416,6582,483,2400,,250,1320,380,,t3_finalstring
standard,113,r3,red,mid,法師,auralith,standard,1,0,3,2,17232,12254,10053,454.2,9.93,18.1,,2,1,1,2,2,92,282,246,1072,3942,5882,8576,6582,1013,,450,250,,280,,t3_psyward
standard,113,r4,red,adc,射手,hanbing,standard,1,7,3,0,16002,10554,12630,570.6,9.26,16.65,19.66,3,1,1,3,3,352,182,732,1249,3702,5562,11032,6582,670,3600,,,,180,,t3_shieldbreaker|t3_rendspear
standard,113,r5,red,sup,輔助,linghun,standard,1,0,1,2,5235,13269,12215,551.9,6.36,11.72,17.68,4,1,2,4,4,544,624,238,764,4844,7354,10938,6582,340,,150,1000,,380,2485,t3_calmveil
standard,114,b1,blue,top,坦克,xukong,standard,0,2,4,0,8457,21686,9296,454.9,9.14,15.05,19.37,3,1,1,3,3,826,1236,420,565,3776,6636,9150,6582,813,1200,,500,54,0,,t3_calmveil|t3_thornmail
standard,114,b2,blue,jungle,刺客,youming,standard,0,1,4,1,5342,9529,9532,466.5,8.33,15.48,,2,1,1,2,2,776,1336,1256,1402,3976,6966,9386,6582,420,600,150,500,1134,0,,t3_finalstring
standard,114,b3,blue,mid,法師,xingjie,standard,0,1,5,1,13225,14617,9512,465.5,10.44,17.82,,2,0,1,2,2,1782,112,486,631,4042,6012,9366,6582,1183,600,300,500,,200,,t3_psyward
standard,114,b4,blue,adc,射手,xuanfeng,standard,0,5,4,2,15372,11815,11912,583,9.45,16.44,19.55,3,1,1,3,3,562,12,346,411,3912,5692,10566,6582,883,1800,600,500,,200,,t3_shieldbreaker|t3_rendspear
standard,114,b5,blue,sup,坦克,shengdun,standard,0,0,3,2,4985,17339,9930,486,7.91,12.72,17.27,3,1,2,3,3,214,404,384,350,4714,7784,9484,6582,260,,150,500,,0,1992,t3_calmveil|t3_thornmail
standard,114,r1,red,top,坦克,xukong,standard,1,8,0,2,12132,18028,14612,715.1,7.57,11.51,15.82,5,1,2,5,5,52,1752,616,961,4602,9042,14266,6582,903,4800,300,1200,,480,,t3_calmveil|t3_thornmail
standard,114,r2,red,jungle,刺客,youming,standard,1,2,3,4,8762,10418,11415,558.6,8.25,14.58,18.59,3,1,2,3,3,236,218,189,534,4616,7218,11069,6582,303,1200,750,450,1303,480,,t3_finalstring
standard,114,r3,red,mid,法師,xingjie,standard,1,2,4,5,14808,11086,11176,546.9,10.03,17.55,20.07,3,0,1,2,3,1612,286,1430,345,3872,6786,10830,6582,863,1200,1200,450,54,480,,t3_psyward
standard,114,r4,red,adc,射手,xuanfeng,standard,1,5,2,2,17103,9727,12382,606,10.18,14.13,18.11,3,0,2,3,3,1666,496,286,581,3826,7876,11436,6582,823,2400,450,700,,480,,t3_shieldbreaker|t3_rendspear
standard,114,r5,red,sup,坦克,shengdun,standard,1,3,0,1,6760,15213,12818,627.3,7.33,11.8,16.3,4,1,2,4,4,300,1220,272,617,4800,8460,12472,6582,186,1800,300,700,,480,2422,t3_calmveil|t3_thornmail
standard,115,b1,blue,top,坦克,tiemu,standard,0,0,4,0,8704,26499,10389,426.1,8.65,15.38,19.81,3,1,1,3,3,772,802,226,858,3722,6102,8376,6582,713,,,1000,,80,,t3_calmveil|t3_thornmail
standard,115,b2,blue,jungle,刺客,yueying,standard,0,1,7,0,7113,12752,10413,427,7.92,17.12,23.07,3,1,1,2,3,983,1318,659,182,4183,6248,8739,6582,286,600,,,1190,80,,t3_finalstring
standard,115,b3,blue,mid,法師,auralith,standard,0,1,6,0,12809,16008,10909,447.4,11.03,19.69,24.09,3,0,1,2,3,1642,192,386,258,3902,5822,7736,6582,1073,,,,,80,,t3_psyward
standard,115,b4,blue,adc,射手,phantom,standard,0,7,8,1,24850,11445,13253,543.5,9.68,18.51,21.44,3,1,1,2,3,416,166,830,1652,3766,5546,8780,6582,563,1200,300,,54,80,,t3_shieldbreaker|t3_rendspear
standard,115,b5,blue,sup,輔助,fuwenbianzhi,standard,0,0,4,0,5874,17777,11734,481.2,6.44,11.68,16.81,4,1,2,3,4,260,577,681,854,4860,7307,9721,6582,403,,,500,,80,2155,t3_calmveil
standard,115,r1,red,top,坦克,tiemu,standard,1,0,0,2,12892,21246,11469,470.4,9.07,15.14,20.56,3,1,1,2,3,832,2152,1352,1538,3782,6002,8582,6582,600,,300,600,,500,,t3_calmveil|t3_thornmail
standard,115,r2,red,jungle,刺客,yueying,standard,1,4,1,0,8767,10647,14117,579,8.93,14.68,18.92,4,1,2,3,4,804,146,666,766,4004,7576,10796,6582,280,1200,,600,1633,500,,t3_finalstring
standard,115,r3,red,mid,法師,auralith,standard,1,10,6,2,16563,16202,16889,692.6,10.99,17.01,19.33,4,0,1,3,4,1502,322,846,2488,3762,6822,11876,6582,793,3000,400,600,,500,,t3_psyward
standard,115,r4,red,adc,射手,phantom,standard,1,15,1,3,44324,10662,20082,823.6,10.57,15.95,18.46,5,0,1,4,5,1632,1032,456,4482,3792,6712,13676,6582,743,4800,550,600,,400,,t3_shieldbreaker|t3_rendspear
standard,115,r5,red,sup,輔助,fuwenbianzhi,standard,1,0,1,4,4653,14854,13318,546.2,5.85,12.32,18.02,4,1,2,3,4,134,658,1112,1868,4734,7688,10152,6582,263,,250,600,,500,1956,t3_calmveil
standard,116,b1,blue,top,坦克,longji,standard,0,0,2,0,6341,21039,8824,385.3,8.86,17.01,21.35,3,1,1,2,3,632,582,219,373,3582,5882,7849,6582,600,,,666,,0,,t3_calmveil|t3_thornmail
standard,116,b2,blue,jungle,刺客,yeiren,standard,0,1,3,0,8339,12618,10096,440.9,9.3,17.65,22.88,3,1,1,2,3,710,378,541,165,3910,5958,8621,6582,300,600,,166,972,0,,t3_finalstring
standard,116,b3,blue,mid,法師,ronghuo,standard,0,1,5,1,13251,14379,9304,406.3,11.51,16.77,,2,0,1,2,2,1462,82,629,1123,3722,5562,8329,6582,680,600,300,166,,0,,t3_psyward
standard,116,b4,blue,adc,射手,huanying,standard,0,2,5,0,15082,12558,9537,416.5,9.94,19.95,,2,1,1,2,2,412,362,22,787,3762,5562,7242,6582,660,,,,,0,,t3_shieldbreaker|t3_rendspear
standard,116,b5,blue,sup,輔助,mantra,standard,0,0,4,0,6879,17929,11219,489.9,6.88,12.45,16.43,4,1,2,3,4,104,554,164,339,4704,7104,9204,6582,120,,,,,0,2502,t3_calmveil
standard,116,r1,red,top,坦克,longji,standard,1,1,1,1,12513,20155,10956,478.4,9.23,15.14,18.43,3,1,1,3,3,792,622,831,1025,3742,5922,9381,6582,580,600,300,900,18,400,,t3_calmveil|t3_thornmail
standard,116,r2,red,jungle,刺客,yeiren,standard,1,7,0,0,13659,13374,15347,670.2,8.03,14.29,17.79,4,1,2,4,4,484,482,610,1996,4814,8812,13060,6582,440,3600,,400,1370,666,,t3_finalstring
standard,116,r3,red,mid,法師,ronghuo,standard,1,2,2,0,14397,13561,11286,492.8,11.48,18.48,22.9,3,0,1,2,3,1542,302,221,255,3802,6502,9201,6582,700,600,,900,18,400,,t3_psyward
standard,116,r4,red,adc,射手,huanying,standard,1,8,1,0,19939,10106,14764,644.7,9.84,16.04,18.26,4,1,1,3,4,612,682,209,913,3962,6362,11589,6582,940,3000,,400,,666,,t3_shieldbreaker|t3_rendspear
standard,116,r5,red,sup,輔助,mantra,standard,1,1,0,5,6371,13195,14199,620,6.14,11.21,18.53,5,1,2,4,5,504,457,714,998,4804,7487,11594,6582,220,600,1200,400,,666,1924,t3_calmveil
standard,117,b1,blue,top,坦克,dadi,standard,1,3,1,0,13441,24422,11752,513.8,7.95,14.01,18.07,4,1,2,3,4,752,1266,306,402,3702,7216,9736,6582,473,1800,,400,,480,,t3_calmveil|t3_thornmail
standard,117,b2,blue,jungle,刺客,duskblade,standard,1,3,1,1,6889,8596,11933,521.7,9.48,13.8,17.9,3,1,2,3,3,805,589,897,1533,4005,7769,10397,6582,280,1800,150,400,704,480,,t3_finalstring
standard,117,b3,blue,mid,法師,gambler,standard,1,4,1,2,19283,13462,12962,566.7,9.68,17.2,22.16,3,1,1,2,3,656,526,846,1062,4506,7026,10246,6582,983,1200,600,400,,480,,t3_psyward
standard,117,b4,blue,adc,射手,guangsu,standard,1,5,2,1,23598,13025,13739,600.6,10.43,16.52,20.62,3,0,1,2,3,1952,632,952,1938,4112,6432,9532,6582,670,600,300,900,,480,,t3_shieldbreaker|t3_rendspear
standard,117,b5,blue,sup,坦克,tiebi,standard,1,2,1,2,11499,20319,13125,573.8,6.93,11.74,16.27,4,1,2,4,4,310,1081,519,925,4810,8321,11819,6582,233,1200,450,400,54,480,2419,t3_calmveil|t3_thornmail
standard,117,r1,red,top,坦克,dadi,standard,0,2,3,1,15615,25844,10583,462.6,8.92,13.41,18.73,3,1,2,3,3,152,812,526,552,3802,6762,9176,6582,840,1200,,500,54,0,,t3_calmveil|t3_thornmail
standard,117,r2,red,jungle,刺客,duskblade,standard,0,1,3,2,8324,11332,10313,450.9,8.74,14.69,21.33,3,1,2,2,3,305,273,573,513,4205,6973,9003,6582,180,600,300,,1340,0,,t3_finalstring
standard,117,r3,red,mid,法師,gambler,standard,0,1,6,1,13869,13947,10189,445.4,9.54,17.53,,2,1,1,2,2,412,382,292,1108,4262,6882,8622,6582,640,600,300,500,,0,,t3_psyward
standard,117,r4,red,adc,射手,guangsu,standard,0,2,3,0,18877,11398,9959,435.4,9.69,17.66,,2,1,1,2,2,362,312,192,1208,3712,5992,7712,6582,630,,,500,,0,,t3_shieldbreaker|t3_rendspear
standard,117,r5,red,sup,坦克,tiebi,standard,0,0,2,3,7958,19247,10380,453.8,7.06,12.76,19.3,3,1,2,3,3,214,294,394,580,5014,7534,9294,6582,190,,600,,,0,1921,t3_calmveil|t3_thornmail
standard,118,b1,blue,top,坦克,suishan,standard,1,0,0,0,7489,21906,9372,427.3,8.57,14.78,21.49,3,1,2,2,3,72,332,732,422,4022,6282,8022,6582,880,,,300,,260,,t3_calmveil|t3_thornmail
standard,118,b2,blue,jungle,刺客,binghe,standard,1,0,2,0,4290,9664,9529,434.4,9.32,17.62,,2,1,1,2,2,778,1225,405,1098,3978,6555,8535,6582,490,,,300,902,260,,t3_finalstring
standard,118,b3,blue,mid,法師,ronghuo,standard,1,0,1,2,17029,13516,10342,471.5,10.21,18.21,,2,0,1,2,2,1642,242,782,942,3902,6742,9282,6582,840,,300,1300,,260,,t3_psyward
standard,118,b4,blue,adc,射手,mori,standard,1,4,4,0,14535,11628,10962,499.8,9.26,18.42,21.41,3,1,1,2,3,252,72,892,1062,3602,5872,8272,6582,630,600,,300,,160,,t3_shieldbreaker|t3_rendspear
standard,118,b5,blue,sup,坦克,tiemu,standard,1,0,1,1,8520,20495,11678,532.4,6.26,12.29,17.08,4,1,2,3,4,144,644,598,378,4944,7884,10578,6582,320,,,800,,260,2616,t3_calmveil|t3_thornmail
standard,118,r1,red,top,坦克,suishan,standard,0,0,0,0,10520,18500,9372,427.3,7.73,15.88,20.83,3,1,1,2,3,892,762,932,122,3842,6162,8222,6582,820,,,500,,320,,t3_calmveil|t3_thornmail
standard,118,r2,red,jungle,刺客,binghe,standard,0,3,0,0,6550,10976,11209,511.1,8.68,16.32,18.49,3,1,1,3,3,684,1374,875,329,3884,6704,10375,6582,336,1800,,250,1086,320,,t3_finalstring
standard,118,r3,red,mid,法師,ronghuo,standard,0,2,1,2,23615,13252,10614,483.9,10.46,17.37,,2,0,1,2,2,1582,710,464,1213,3842,6040,9864,6582,893,1200,600,250,18,320,,t3_psyward
standard,118,r4,red,adc,射手,mori,standard,0,3,2,1,15833,9560,11432,521.2,7.99,15.43,21.41,3,1,1,2,3,382,982,2202,912,4382,6782,9582,6582,780,600,300,1000,,320,,t3_shieldbreaker|t3_rendspear
standard,118,r5,red,sup,坦克,tiemu,standard,0,0,1,0,4771,16948,9858,449.4,7.32,13.7,19.13,3,1,2,3,3,230,174,547,477,4730,7114,9147,6582,209,,,,,320,2035,t3_calmveil|t3_thornmail
standard,119,b1,blue,top,坦克,stoneguard,standard,0,0,0,0,9539,28564,9368,413.9,7.93,13.49,20.92,3,1,2,2,3,252,192,1152,217,4102,6522,8382,6582,1200,,,500,,100,,t3_calmveil|t3_thornmail
standard,119,b2,blue,jungle,刺客,shanying,standard,0,0,5,0,6167,11869,9053,400,8.83,17.48,,2,1,1,2,2,870,878,442,972,4070,6158,8042,6582,260,,,,1099,100,,t3_finalstring
standard,119,b3,blue,mid,法師,gambler,standard,0,0,4,0,15913,14732,9154,404.5,10.12,19.37,,2,0,1,2,2,1609,179,339,554,3869,5929,8189,6582,1006,,,500,,100,,t3_psyward
standard,119,b4,blue,adc,射手,liuxing,standard,0,6,5,0,19176,10959,11948,527.9,9.81,18.28,21.15,3,1,1,2,3,462,582,352,347,3812,5662,9202,6582,720,1800,,,,100,,t3_shieldbreaker|t3_rendspear
standard,119,b5,blue,sup,輔助,luminary,standard,0,0,5,0,2978,17552,11068,489,6.86,12.57,15.16,4,1,2,3,4,687,907,1124,367,4687,7637,10164,6582,213,,,1000,,0,2368,t3_calmveil
standard,119,r1,red,top,坦克,stoneguard,standard,1,3,0,0,15460,22302,12261,541.7,8.27,12.83,17.98,4,1,2,3,4,232,606,426,710,4082,6756,10356,6582,993,1200,,1100,,480,,t3_calmveil|t3_thornmail
standard,119,r2,red,jungle,刺客,shanying,standard,1,4,1,0,5184,11218,12782,564.7,8.6,14.81,21.08,3,1,2,2,3,1078,232,2572,1702,4278,7782,10902,6582,253,1800,,100,1686,480,,t3_finalstring
standard,119,r3,red,mid,法師,gambler,standard,1,3,4,4,19285,13769,12628,557.9,10.14,16.21,21.15,3,0,1,2,3,1642,802,342,1027,3902,7302,9742,6582,780,,1050,850,,480,,t3_psyward
standard,119,r4,red,adc,射手,liuxing,standard,1,9,1,1,33104,9462,14961,661,9.2,17.13,19.63,4,1,1,3,4,456,726,156,1110,3806,6406,11056,6582,643,3000,,350,,480,,t3_shieldbreaker|t3_rendspear
standard,119,r5,red,sup,輔助,luminary,standard,1,0,0,3,5358,13602,12502,552.4,8.13,11.95,16.46,4,1,2,3,4,1140,817,1537,1621,4840,7847,10577,6582,329,,150,1100,,480,1934,t3_calmveil
standard,120,b1,blue,top,坦克,ironclad,standard,0,0,5,0,9140,20220,9635,453.6,8.98,17.18,20.04,3,1,1,2,3,252,302,1477,505,3902,5702,9207,6582,680,,,1625,,320,,t3_calmveil|t3_thornmail
standard,120,b2,blue,jungle,戰士,langwang,standard,0,1,4,0,7130,15430,9180,432.2,8.53,18.66,,2,1,1,2,2,944,792,415,950,4044,5972,8645,6582,230,600,,125,787,320,,t3_finalstring|t3_shieldbreaker
standard,120,b3,blue,mid,法師,ronghuo,standard,0,1,0,1,16014,13752,9895,465.8,10.11,16.84,,2,0,1,2,2,1722,382,187,615,3982,5982,9467,6582,1040,600,300,625,,320,,t3_psyward
standard,120,b4,blue,adc,射手,shensheng,standard,0,2,2,0,12428,11072,9700,456.6,9.27,18.57,,2,1,1,2,2,492,782,832,1250,3842,6162,8682,6582,680,600,,500,,320,,t3_shieldbreaker|t3_rendspear
standard,120,b5,blue,sup,坦克,tiankong,standard,0,0,1,0,5261,17185,10601,499,6.38,12.61,17.61,3,1,2,3,3,574,194,553,1020,4774,7294,10133,6582,130,,,625,,320,2475,t3_calmveil|t3_thornmail
standard,120,r1,red,top,坦克,ironclad,standard,1,5,0,1,10419,21130,12820,603.5,8.36,13.85,16.43,4,1,2,4,4,772,872,552,570,3722,8162,12202,6582,760,3000,300,1300,,260,,t3_calmveil|t3_thornmail
standard,120,r2,red,jungle,戰士,langwang,standard,1,5,0,2,10132,13688,13554,638.1,6.38,12.83,17.23,4,1,2,4,4,372,1940,392,673,5552,9040,12792,6582,350,3000,600,300,1699,260,,t3_finalstring|t3_shieldbreaker
standard,120,r3,red,mid,法師,ronghuo,standard,1,0,2,0,14581,12376,9320,438.8,10.41,17.29,,2,0,1,2,2,1602,382,552,520,3862,6882,8702,6582,1060,,,800,,260,,t3_psyward
standard,120,r4,red,adc,射手,shensheng,standard,1,1,2,3,17698,10317,10227,481.5,9.96,17.91,,2,1,1,2,2,322,712,430,1647,3672,6212,9010,6582,550,,900,800,17,160,,t3_shieldbreaker|t3_rendspear
standard,120,r5,red,sup,坦克,tiankong,standard,1,1,0,1,5251,14671,11890,559.7,6.09,11.53,15.9,4,1,2,3,4,824,1284,1292,590,5024,8524,11272,6582,360,600,300,800,,260,2370,t3_calmveil|t3_thornmail
standard,121,b1,blue,top,坦克,tieshixin,standard,0,1,0,0,6162,21899,10390,465,9.73,14.92,19.6,3,1,2,3,3,752,92,372,759,3702,6042,9522,6582,840,600,,1500,,0,,t3_calmveil|t3_thornmail
standard,121,b2,blue,jungle,戰士,jingci,standard,0,0,3,1,7030,14799,9211,412.3,8.38,16.19,,2,1,1,2,2,888,632,640,980,3988,6112,8220,6582,220,,300,,1117,0,,t3_finalstring|t3_shieldbreaker
standard,121,b3,blue,mid,法師,gambler,standard,0,2,5,0,18319,15434,10110,452.5,10.61,16.73,,2,0,1,2,2,1662,962,282,829,3922,7042,9262,6582,980,1200,,500,,0,,t3_psyward
standard,121,b4,blue,adc,射手,liangzicz,standard,0,3,2,0,17948,11213,10500,470,9.56,18.13,21.9,3,1,1,2,3,362,92,862,419,3712,5472,9012,6582,730,1200,,500,,0,,t3_shieldbreaker|t3_rendspear
standard,121,b5,blue,sup,坦克,tiemu,standard,0,0,3,1,5089,23927,10460,468.2,7.2,11.93,16.21,3,1,2,3,3,234,493,633,880,4734,7873,9613,6582,270,,300,500,,0,1960,t3_calmveil|t3_thornmail
standard,121,r1,red,top,坦克,tieshixin,standard,1,1,1,1,9266,20438,11070,495.5,8.28,16.12,18.9,3,1,1,3,3,832,762,432,1039,3782,6162,9982,6582,520,600,300,1400,,580,,t3_calmveil|t3_thornmail
standard,121,r2,red,jungle,戰士,jingci,standard,1,3,0,2,9795,13472,12763,571.3,8.31,15.19,17.28,3,1,1,3,3,1170,2344,1018,1732,4270,7824,11568,6582,80,1800,450,400,1675,580,,t3_finalstring|t3_shieldbreaker
standard,121,r3,red,mid,法師,gambler,standard,1,4,3,1,18762,11489,11900,532.6,10,17,20.23,3,1,1,2,3,72,552,1532,569,3922,7052,10812,6582,800,2400,150,400,,480,,t3_psyward
standard,121,r4,red,adc,射手,liangzicz,standard,1,2,2,4,20464,10285,12170,544.7,8.95,15.89,19.34,3,1,1,3,3,362,1092,822,1019,3712,6892,11042,6582,730,1200,1050,900,,580,,t3_shieldbreaker|t3_rendspear
standard,121,r5,red,sup,坦克,tiemu,standard,1,3,0,2,7841,18833,13981,625.8,6.82,11.62,14.9,4,1,3,4,4,914,194,654,1780,4814,8794,12854,6582,230,1800,450,900,,580,2311,t3_calmveil|t3_thornmail
standard,122,b1,blue,top,坦克,bingshouweis,standard,0,1,1,0,8811,20493,10011,438.3,8.16,14.93,20.58,3,1,2,2,3,772,112,1192,680,3722,5962,8422,6582,700,600,,300,,240,,t3_calmveil|t3_thornmail
standard,122,b2,blue,jungle,戰士,greymantle,standard,0,0,2,0,4446,12816,9133,399.8,8.93,17.93,,2,1,1,2,2,104,1508,404,1152,3854,6158,8034,6582,100,,,300,811,240,,t3_shieldbreaker|t3_finalstring
standard,122,b3,blue,mid,法師,leiming,standard,0,0,6,0,13145,13020,9011,394.5,10.63,20.68,,2,0,1,1,2,1562,342,1422,560,3822,5942,7922,6582,800,,,300,,240,,t3_psyward
standard,122,b4,blue,adc,射手,xingchen,standard,0,9,5,0,25334,9985,15251,667.7,9.83,15.52,18.18,4,1,1,3,4,152,1162,1342,1650,3502,6842,11642,6582,520,3000,,1300,,240,,t3_shieldbreaker|t3_rendspear
standard,122,b5,blue,sup,輔助,shengguang,standard,0,0,4,0,5316,17909,10768,471.4,7.52,12.23,15.84,4,1,2,3,4,344,754,523,268,4644,7484,9273,6582,40,,,300,,240,2110,t3_calmveil
standard,122,r1,red,top,坦克,bingshouweis,standard,1,0,0,1,9530,20222,9808,429.4,8.58,14.74,22,3,1,2,2,3,862,42,1002,777,3812,6192,8232,6582,910,,,500,,240,,t3_calmveil|t3_thornmail
standard,122,r2,red,jungle,戰士,greymantle,standard,1,5,0,1,11411,16430,13309,582.7,9.11,13.43,17.99,4,1,2,3,4,184,1425,360,379,4714,8475,11710,6582,293,3000,,500,1094,240,,t3_shieldbreaker|t3_finalstring
standard,122,r3,red,mid,法師,leiming,standard,1,3,5,0,10969,14030,11918,521.7,11.24,18.64,21.32,3,0,1,2,3,1682,322,732,407,3942,6522,9062,6582,1140,600,,500,,240,,t3_psyward
standard,122,r4,red,adc,射手,xingchen,standard,1,10,2,1,23725,10774,16081,704,9.48,15.26,18.54,5,1,1,3,5,432,1386,286,480,3782,7066,10766,6582,743,2400,300,500,,240,,t3_shieldbreaker|t3_rendspear
standard,122,r5,red,sup,輔助,shengguang,standard,1,0,3,0,6460,15242,11077,484.9,6.83,12.28,16.97,4,1,2,3,4,1734,547,1901,576,4834,7277,9901,6582,433,,,500,,240,2145,t3_calmveil
standard,123,b1,blue,top,坦克,tiebi,standard,0,0,1,1,10660,25591,10404,440.2,8.44,14.66,19.13,3,1,2,3,3,242,122,92,473,3792,6452,9122,6582,690,,150,1300,,400,,t3_calmveil|t3_thornmail
standard,123,b2,blue,jungle,戰士,chichuan,standard,0,1,0,1,11304,15079,11160,472.2,8.88,15.83,21.03,3,1,1,2,3,456,1566,861,230,4206,6996,9111,6582,410,,300,300,1118,400,,t3_shieldbreaker|t3_finalstring
standard,123,b3,blue,mid,法師,haixiao,standard,0,2,3,0,13935,15433,11174,472.8,10.97,17.97,22.85,3,0,1,2,3,1582,232,122,323,3842,6732,8752,6582,970,,,800,,400,,t3_psyward
standard,123,b4,blue,adc,射手,dujian,standard,0,10,4,0,30930,11453,15134,640.3,8.74,16.81,20.18,4,1,1,2,4,482,812,2012,1283,3832,6492,10912,6582,630,3000,,300,,400,,t3_shieldbreaker|t3_rendspear
standard,123,b5,blue,sup,輔助,mingyunyindao,standard,0,0,4,2,8029,18572,11185,473.3,6.07,11.55,15.96,4,1,2,3,4,424,404,374,224,4724,7434,9604,6582,220,,150,300,,400,1951,t3_calmveil
standard,123,r1,red,top,坦克,tiebi,standard,1,4,0,0,17013,25170,12847,543.6,8.48,13.88,17.43,4,1,2,3,4,272,1132,852,696,3822,7462,10782,6582,720,1800,,1500,,180,,t3_calmveil|t3_thornmail
standard,123,r2,red,jungle,戰士,chichuan,standard,1,2,1,1,15597,19925,12390,524.3,8.87,15.83,21.41,3,1,1,2,3,236,1299,1155,1040,4286,6729,9705,6582,600,600,300,,1442,180,,t3_shieldbreaker|t3_finalstring
standard,123,r3,red,mid,法師,haixiao,standard,1,0,3,1,17149,13705,9927,420,10.78,18.43,,2,0,1,2,2,1442,182,252,526,3702,5782,8102,6582,840,,,500,,180,,t3_psyward
standard,123,r4,red,adc,射手,dujian,standard,1,6,6,0,17988,11605,12824,542.6,8.58,18.98,22.18,3,1,1,2,3,582,492,972,1443,3932,5692,8892,6582,780,1200,,250,,80,,t3_shieldbreaker|t3_rendspear
standard,123,r5,red,sup,輔助,mingyunyindao,standard,1,0,3,0,6903,17566,11837,500.8,6.95,11.71,15.6,4,1,2,3,4,194,584,602,876,4794,7314,9832,6582,140,,,250,,180,2679,t3_calmveil
standard,124,b1,blue,top,坦克,shengdun,standard,0,1,4,0,5822,20568,9815,437.8,8.54,14.82,20.09,3,1,2,2,3,832,212,632,1104,3782,6162,8362,6582,620,,,1000,,160,,t3_calmveil|t3_thornmail
standard,124,b2,blue,jungle,戰士,leimingcf,standard,0,0,3,1,7906,15281,9428,420.6,9.36,17.26,,2,1,1,2,2,940,576,438,1198,4040,6056,8318,6582,360,,,,1215,160,,t3_finalstring|t3_shieldbreaker
standard,124,b3,blue,mid,法師,leiming,standard,0,0,6,0,17140,14617,9165,408.8,10.7,18.44,,2,0,1,2,2,1642,322,462,564,3902,5922,8312,6582,1070,,,500,,160,,t3_psyward
standard,124,b4,blue,adc,射手,tianfa,standard,0,5,3,0,14700,11751,12046,537.4,8.6,16.95,19.38,3,1,1,3,3,606,204,354,546,3956,5884,10574,6582,850,2400,,500,81,160,,t3_shieldbreaker|t3_rendspear
standard,124,b5,blue,sup,坦克,shiqiang,standard,0,0,2,2,8027,18750,11060,493.4,6.46,12.56,16.99,3,1,2,3,3,388,308,497,1479,4888,7408,10077,6582,300,,300,,54,160,2680,t3_calmveil|t3_thornmail
standard,124,r1,red,top,坦克,shengdun,standard,1,3,0,1,8621,16953,12248,546.4,9.21,13.95,20.42,4,1,2,2,4,912,666,3046,598,3862,6616,10336,6582,1093,1200,300,900,,260,,t3_calmveil|t3_thornmail
standard,124,r2,red,jungle,戰士,leimingcf,standard,1,2,0,3,11885,13783,12309,549.1,8.05,16.6,19.73,3,1,1,3,3,366,2037,292,1278,4166,7517,10192,6582,203,600,600,400,1546,260,,t3_finalstring|t3_shieldbreaker
standard,124,r3,red,mid,法師,leiming,standard,1,3,3,0,10639,12080,11715,522.6,10.7,17.4,,2,0,1,2,2,1622,322,382,2914,3882,6822,9182,6582,840,1200,,400,,160,,t3_psyward
standard,124,r4,red,adc,射手,tianfa,standard,1,10,1,3,32005,11496,16916,754.6,9.79,15.06,19.38,5,1,1,3,5,502,1086,843,1315,3852,6886,11693,6582,823,3600,,400,27,260,,t3_shieldbreaker|t3_rendspear
standard,124,r5,red,sup,坦克,shiqiang,standard,1,0,2,5,6205,17787,12540,559.4,6.56,13.55,16.15,4,1,2,3,4,328,918,537,939,4828,8158,10517,6582,240,,300,400,54,260,2680,t3_calmveil|t3_thornmail
standard,125,b1,blue,top,坦克,shiqiang,standard,0,0,4,0,8257,24442,9649,412.3,8.69,17.47,20.12,3,1,1,2,3,736,716,1136,598,3686,5466,8466,6582,443,,,1000,,440,,t3_calmveil|t3_thornmail
standard,125,b2,blue,jungle,戰士,fengbao,standard,0,0,3,0,6232,18088,9861,421.4,8.54,16.04,23.04,3,1,1,2,3,372,744,535,210,4122,6294,8515,6582,500,,,,992,440,,t3_shieldbreaker|t3_finalstring
standard,125,b3,blue,mid,法師,haixiao,standard,0,4,6,0,18944,17114,11884,507.8,10.58,18.37,22.93,3,0,1,2,3,1601,221,371,833,3861,5821,8901,6582,778,600,,500,,440,,t3_psyward
standard,125,b4,blue,adc,射手,mirrorshot,standard,0,4,4,0,20365,12567,12299,525.6,9.27,18.01,21.53,3,1,1,2,3,606,296,766,1318,3956,5676,8916,6582,893,1200,,,,240,,t3_shieldbreaker|t3_rendspear
standard,125,b5,blue,sup,輔助,tianshi,standard,0,0,3,2,7020,18668,11706,500.2,7.03,12.24,16.55,4,1,2,3,4,229,735,1223,1005,4829,7765,10263,6582,385,,300,500,18,440,2037,t3_calmveil
standard,125,r1,red,top,坦克,shiqiang,standard,1,5,0,0,9216,23357,13213,564.6,8.56,12.88,17.58,4,1,2,3,4,740,140,1280,1062,4890,7070,11210,6582,640,3000,,800,27,160,,t3_calmveil|t3_thornmail
standard,125,r2,red,jungle,戰士,fengbao,standard,1,5,3,0,16337,20558,13675,584.4,8.73,11.9,16.04,4,1,2,3,4,316,649,858,745,4846,9199,11308,6582,325,2400,,300,1540,160,,t3_shieldbreaker|t3_finalstring
standard,125,r3,red,mid,法師,haixiao,standard,1,1,3,3,16229,12669,11695,499.8,11.22,16.42,22.03,3,0,1,2,3,1622,382,502,365,3882,6882,9902,6582,1010,600,750,800,,160,,t3_psyward
standard,125,r4,red,adc,射手,mirrorshot,standard,1,8,2,2,23028,10971,14600,623.9,9.82,17.23,20.33,4,1,1,2,4,332,537,2397,1380,3682,6217,11297,6582,805,3000,450,300,,160,,t3_shieldbreaker|t3_rendspear
standard,125,r5,red,sup,輔助,tianshi,standard,1,1,0,0,7245,13664,12826,548.1,5.84,11.13,15.43,4,1,2,3,4,1004,423,1303,1445,4704,7453,10533,6582,420,600,,800,,160,1970,t3_calmveil
standard,126,b1,blue,top,坦克,tiemu,standard,1,0,4,0,15466,33321,10851,412.2,9.68,14.43,20.86,3,1,2,2,3,222,222,1082,921,3772,6072,8312,6582,770,,,800,,160,,t3_calmveil|t3_thornmail
standard,126,b2,blue,jungle,戰士,anliuyouXia,standard,1,0,1,0,7830,23183,11184,424.8,7.95,16.38,23.94,3,1,1,2,3,312,1128,863,433,4062,6558,8513,6582,280,,,300,1190,160,,t3_shieldbreaker|t3_finalstring
standard,126,b3,blue,mid,法師,leiming,standard,1,2,10,1,15563,19560,12248,465.3,11.22,17.58,24.03,3,0,1,2,3,1622,322,72,1398,3882,6222,8522,6582,880,600,,300,,160,,t3_psyward
standard,126,b4,blue,adc,射手,hanbing,standard,1,13,6,0,45075,13830,18531,703.9,9.3,16.54,20.16,5,1,1,2,5,442,946,1266,2931,3792,6626,10166,6582,823,1800,,800,,160,,t3_shieldbreaker|t3_rendspear
standard,126,b5,blue,sup,輔助,linghun,standard,1,0,3,3,7723,21067,13064,496.3,6.43,11.43,15.68,4,1,2,3,4,124,515,855,1684,4724,7545,10085,6582,206,,300,800,,160,2036,t3_calmveil
standard,126,r1,red,top,坦克,tiemu,standard,0,4,2,0,17520,32445,13819,524.9,8.17,13.79,18.18,4,1,2,3,4,1572,1040,1043,1668,4522,6890,10193,6582,896,1200,,1000,54,460,,t3_calmveil|t3_thornmail
standard,126,r2,red,jungle,戰士,anliuyouXia,standard,0,4,1,0,13406,16667,14109,535.9,8.64,16.02,22.02,4,1,1,2,4,1014,853,721,1178,4114,6283,9271,6582,266,600,,,1362,460,,t3_shieldbreaker|t3_finalstring
standard,126,r3,red,mid,法師,leiming,standard,0,8,4,0,34245,18648,16358,621.4,9.93,17.54,21.06,4,1,1,2,4,152,132,292,1958,4002,6032,9692,6582,1050,600,,1000,,460,,t3_psyward
standard,126,r4,red,adc,射手,hanbing,standard,0,8,6,0,30421,13793,15141,575.2,10.65,19.02,21.2,4,0,1,2,4,1522,196,326,2241,3682,5576,8576,6582,633,1200,,,,160,,t3_shieldbreaker|t3_rendspear
standard,126,r5,red,sup,輔助,linghun,standard,0,0,2,6,13217,17646,14827,563.2,7.16,11.84,14.95,5,1,3,4,5,1424,180,462,1627,4824,7880,10962,6582,353,,600,500,,460,2466,t3_calmveil
standard,127,b1,blue,top,戰士,xueyue,standard,1,4,0,0,17007,20935,12440,580.6,8.92,14.62,18.57,3,1,2,3,3,1352,132,311,990,4502,7582,10861,6582,1060,1800,,800,18,600,,t3_shieldbreaker|t3_finalstring
standard,127,b2,blue,jungle,戰士,embercoil,standard,1,1,0,1,10260,17206,10490,489.6,8.14,14.52,20.11,3,1,2,2,3,393,481,1067,410,4193,7281,9667,6582,400,600,300,300,884,600,,t3_shieldbreaker|t3_finalstring
standard,127,b3,blue,mid,法師,haixiao,standard,1,2,0,0,15508,10416,10805,504.3,9.82,17.58,,2,1,1,2,2,76,606,646,1404,3926,6806,10046,6582,863,1200,,800,,600,,t3_psyward
standard,127,b4,blue,adc,射手,xuanfeng,standard,1,11,1,3,32544,9910,16610,775.3,10.2,13.73,18.1,5,0,2,3,5,1752,412,2451,1010,3912,7732,14251,6582,750,5400,600,300,18,600,,t3_shieldbreaker|t3_rendspear
standard,127,b5,blue,sup,坦克,shengdun,standard,1,0,1,0,4176,17564,11258,525.5,7.72,14.07,16.14,3,1,2,3,3,50,630,419,1278,4850,7870,10399,6582,246,,,800,,400,2370,t3_calmveil|t3_thornmail
standard,127,r1,red,top,戰士,xueyue,standard,0,1,3,0,11993,23584,9172,428.1,9.13,16.84,,2,1,1,2,2,862,782,392,891,4012,6312,8672,6582,990,600,,500,,0,,t3_shieldbreaker|t3_finalstring
standard,127,r2,red,jungle,戰士,embercoil,standard,0,1,3,1,10786,17054,9327,435.3,8.23,15.64,,2,1,1,2,2,218,590,510,1096,4018,6070,8740,6582,260,600,150,,1147,0,,t3_shieldbreaker|t3_finalstring
standard,127,r3,red,mid,法師,haixiao,standard,0,0,6,1,12878,14289,8682,405.2,9.99,19.46,,2,1,1,2,2,22,212,372,271,3872,6292,8202,6582,970,,150,500,,0,,t3_psyward
standard,127,r4,red,adc,射手,xuanfeng,standard,0,0,5,0,13563,10511,7812,364.6,9.88,19.98,,2,1,1,2,2,362,332,112,291,3712,5532,7332,6582,750,,,,,0,,t3_shieldbreaker|t3_rendspear
standard,127,r5,red,sup,坦克,shengdun,standard,0,0,1,0,6167,19470,9886,461.4,7.69,12.66,16.73,3,1,2,3,3,194,266,246,305,4694,7646,9346,6582,230,,,500,,0,2034,t3_calmveil|t3_thornmail
standard,128,b1,blue,top,戰士,langwang,standard,0,0,1,0,9748,18988,8221,393.2,10.4,18.73,,2,0,1,2,2,1552,212,186,291,3602,5442,7816,6582,733,,,500,,0,,t3_shieldbreaker|t3_finalstring
standard,128,b2,blue,jungle,戰士,longyi,standard,0,0,1,0,6451,16902,8210,392.7,9.37,17.25,,2,1,1,2,2,273,529,624,329,4073,6009,7904,6582,203,,,,1118,0,,t3_shieldbreaker|t3_finalstring
standard,128,b3,blue,mid,法師,bingshuang,standard,0,2,3,1,14376,11857,10256,490.5,10.83,18.53,,2,0,1,2,2,1520,910,650,1176,3780,6510,9250,6582,750,600,300,1000,18,0,,t3_psyward
standard,128,b4,blue,adc,射手,phantom,standard,0,3,5,0,10863,9183,9898,473.4,9.35,17.48,,2,1,1,2,2,362,392,942,1048,3712,5472,9492,6582,610,1800,,500,,0,,t3_shieldbreaker|t3_rendspear
standard,128,b5,blue,sup,坦克,dadi,standard,0,1,1,0,5048,15914,9736,465.6,7.07,11.9,18.85,3,1,2,3,3,264,343,430,235,4764,7583,9330,6582,183,600,,,54,0,1910,t3_calmveil|t3_thornmail
standard,128,r1,red,top,戰士,langwang,standard,1,1,0,0,11349,18913,10658,509.7,9.55,16.27,20.07,3,1,1,2,3,612,982,1502,528,3762,6512,10152,6582,650,600,,1800,,520,,t3_shieldbreaker|t3_finalstring
standard,128,r2,red,jungle,戰士,longyi,standard,1,4,1,0,12472,14924,11948,571.4,8.91,14.34,18.88,3,1,2,3,3,311,519,762,1147,4111,7319,10842,6582,310,1800,,300,1329,520,,t3_shieldbreaker|t3_finalstring
standard,128,r3,red,mid,法師,bingshuang,standard,1,3,1,1,18638,10608,11288,539.9,9.73,16.54,20.84,3,1,1,2,3,172,482,782,258,4022,6382,10182,6582,1030,1200,300,550,,520,,t3_psyward
standard,128,r4,red,adc,射手,phantom,standard,1,3,3,1,12917,7359,11048,528.4,10.2,17.48,20.58,3,0,1,2,3,1512,1242,1642,148,3672,6022,10542,6582,740,1800,300,800,,320,,t3_shieldbreaker|t3_rendspear
standard,128,r5,red,sup,坦克,dadi,standard,1,0,1,0,4611,14790,11206,536,6.73,12.33,17.33,3,1,2,3,3,284,1064,720,1226,4784,7724,10700,6582,270,,,550,,520,2778,t3_calmveil|t3_thornmail
standard,129,b1,blue,top,戰士,kuangfeng,standard,0,0,3,0,13155,30833,10546,437.3,10.57,16.63,22.79,3,0,1,2,3,1572,592,782,246,3622,5542,8162,6582,680,,,600,,300,,t3_shieldbreaker|t3_finalstring
standard,129,b2,blue,jungle,戰士,ravager,standard,0,0,6,0,5182,20793,9984,414,9,16.62,23.83,3,1,1,2,3,270,421,185,334,4020,5971,8165,6582,280,,,100,902,300,,t3_shieldbreaker|t3_finalstring
standard,129,b3,blue,mid,法師,mingyun2,standard,0,1,5,1,14493,16151,10196,422.8,10.35,18.23,,2,0,1,2,2,1662,392,382,916,3922,5722,8512,6582,880,600,,350,,100,,t3_psyward
standard,129,b4,blue,adc,射手,huanying,standard,0,5,5,0,19376,12463,12640,524.1,8.94,17.92,20.3,3,1,1,2,3,372,302,546,1660,3722,5502,9296,6582,660,1200,,600,54,200,,t3_shieldbreaker|t3_rendspear
standard,129,b5,blue,sup,輔助,mantra,standard,0,0,6,2,6171,24152,11761,487.7,6.6,12.86,16.14,4,1,2,3,4,444,434,1298,311,4744,7164,10338,6582,380,,600,350,,300,2125,t3_calmveil
standard,129,r1,red,top,戰士,kuangfeng,standard,1,8,0,0,15607,24678,15784,654.5,8.66,13.79,16.88,5,1,2,3,5,532,202,622,484,3682,7902,11422,6582,620,3000,,900,,320,,t3_shieldbreaker|t3_finalstring
standard,129,r2,red,jungle,戰士,ravager,standard,1,2,0,3,15141,17237,13515,560.4,9.34,12.71,17.45,4,1,2,3,4,260,429,337,585,4310,8679,11267,6582,200,1200,600,400,1964,320,,t3_shieldbreaker|t3_finalstring
standard,129,r3,red,mid,法師,mingyun2,standard,1,4,4,3,21761,12917,12606,522.7,10.43,16.68,23.49,3,0,1,2,3,1502,282,202,1096,3762,6482,9482,6582,580,1200,400,400,,320,,t3_psyward
standard,129,r4,red,adc,射手,huanying,standard,1,11,2,3,44533,12095,18054,748.6,11.34,14.12,19.88,5,0,2,3,5,1712,602,92,2454,3872,7922,10992,6582,790,2400,250,650,,320,,t3_shieldbreaker|t3_rendspear
standard,129,r5,red,sup,輔助,mantra,standard,1,0,0,5,5136,15147,12606,522.7,6.08,12.08,14.98,4,1,3,3,4,234,94,1234,1225,4834,8274,10464,6582,210,,850,650,,320,1851,t3_calmveil
standard,130,b1,blue,top,戰士,greymantle,standard,0,2,3,0,13708,23766,9246,452.7,8.8,16.19,,2,1,1,2,2,712,1072,1072,1215,3862,6122,9102,6582,660,1200,,500,,160,,t3_shieldbreaker|t3_finalstring
standard,130,b2,blue,jungle,刺客,yingsi,standard,0,0,2,1,7727,8590,8566,419.4,9.63,17.12,,2,1,1,2,2,236,810,292,435,4136,6140,8422,6582,300,,300,,1080,160,,t3_finalstring
standard,130,b3,blue,mid,法師,bingshuang,standard,0,3,3,1,8304,12816,11046,540.8,10.08,16.01,20.33,3,0,1,2,3,1822,482,1002,195,4082,6682,10402,6582,1060,1800,300,500,,160,,t3_psyward
standard,130,b4,blue,adc,射手,guangsu,standard,0,1,4,0,10615,8295,8036,393.4,10.39,20.08,,2,0,1,1,2,1612,192,2212,415,3772,5572,7892,6582,550,600,,,,160,,t3_shieldbreaker|t3_rendspear
standard,130,b5,blue,sup,坦克,tiebi,standard,0,0,2,0,5312,15593,11132,545,6.38,13.08,16.91,3,1,2,3,3,364,654,1428,1632,4814,7894,10928,6582,310,,,1000,54,160,2821,t3_calmveil|t3_thornmail
standard,130,r1,red,top,戰士,greymantle,standard,1,3,1,2,13927,19436,10967,536.9,9.49,15.31,,2,1,1,2,2,1286,926,1294,2316,4436,6456,9944,6582,693,1200,600,400,108,360,,t3_shieldbreaker|t3_finalstring
standard,130,r2,red,jungle,刺客,yingsi,standard,1,1,2,1,6146,8863,9964,487.8,9.13,16.43,,2,1,1,2,2,137,947,2061,1584,4037,6577,9541,6582,73,600,300,400,1225,360,,t3_finalstring
standard,130,r3,red,mid,法師,bingshuang,standard,1,3,0,2,15935,10665,11899,582.6,11.77,16.98,18.9,3,0,1,3,3,1576,156,346,1068,3836,6356,11176,6582,733,1800,300,1400,,360,,t3_psyward
standard,130,r4,red,adc,射手,guangsu,standard,1,4,3,0,9959,7353,10876,532.5,9.83,16.33,20.08,3,1,1,2,3,162,912,1552,575,3512,6592,10452,6582,410,2400,,900,,160,,t3_shieldbreaker|t3_rendspear
standard,130,r5,red,sup,坦克,tiebi,standard,1,3,0,3,7110,15687,12356,605,6.65,11.75,15.86,4,1,2,4,4,834,1313,633,1056,5034,8553,11933,6582,170,1800,900,400,,360,1720,t3_calmveil|t3_thornmail
standard,131,b1,blue,top,戰士,ravager,standard,0,1,0,0,9155,17331,7630,410.4,9.21,16.83,,2,1,1,,2,1172,592,,179,4322,6122,,,,,,,,,,t3_shieldbreaker|t3_finalstring
standard,131,b2,blue,jungle,刺客,shanying,standard,0,0,2,1,4505,8618,7878,423.7,8.58,17.43,,2,1,1,,2,684,652,,697,3884,6282,,,,,,,,,,t3_finalstring
standard,131,b3,blue,mid,法師,mingyun2,standard,0,0,1,0,9413,9620,7460,401.2,10.38,,,1,0,1,,1,1702,322,,959,3962,6072,,,,,,,,,,t3_psyward
standard,131,b4,blue,adc,射手,maestro,standard,0,1,1,0,5641,7328,7810,420.1,9.75,17.52,,2,1,1,,2,572,742,,489,3922,6422,,,,,,,,,,t3_shieldbreaker|t3_rendspear
standard,131,b5,blue,sup,坦克,longji,standard,0,0,2,0,6449,12248,9570,514.7,6.93,12.53,18.06,3,1,2,,3,644,464,,370,4844,7704,,,,,,,,,,t3_calmveil|t3_thornmail
standard,131,r1,red,top,戰士,ravager,standard,1,1,0,0,6085,14745,10090,542.7,9.1,14.92,18.41,3,1,2,,3,812,232,,439,3962,7082,,,,,,,,,,t3_shieldbreaker|t3_finalstring
standard,131,r2,red,jungle,刺客,shanying,standard,1,2,0,1,7348,7810,9256,497.9,8.56,14.31,,2,1,2,,2,910,350,,876,4110,7050,,,,,,,,,,t3_finalstring
standard,131,r3,red,mid,法師,mingyun2,standard,1,1,0,2,11866,9377,9330,501.8,9.66,16.02,,2,1,1,,2,212,242,,529,4062,6742,,,,,,,,,,t3_psyward
standard,131,r4,red,adc,射手,maestro,standard,1,0,1,0,7399,5637,7690,413.6,10.07,18,,2,0,1,,2,1422,322,,689,3582,5702,,,,,,,,,,t3_shieldbreaker|t3_rendspear
standard,131,r5,red,sup,坦克,longji,standard,1,2,1,1,7411,14549,10609,570.6,7,11.57,16.02,3,1,2,,3,1084,1404,,628,4684,8644,,,,,,,,,,t3_calmveil|t3_thornmail
standard,132,b1,blue,top,戰士,dadi2,standard,0,1,4,1,15504,29927,10925,461.3,8.92,15.51,21.32,3,1,1,2,3,82,757,617,425,3882,6237,8847,6582,835,600,,750,,80,,t3_shieldbreaker|t3_finalstring
standard,132,b2,blue,jungle,刺客,dianguang,standard,0,2,3,1,8658,13630,10952,462.4,9.31,14.61,21.75,3,1,2,2,3,842,206,944,302,4042,6856,9024,6582,573,600,100,,955,213,,t3_finalstring
standard,132,b3,blue,mid,法師,bingshuang,standard,0,3,4,1,16074,15486,11974,505.6,9.73,17.12,21.56,3,1,1,2,3,172,286,976,193,4022,6186,10056,6582,1210,1200,100,750,,213,,t3_psyward
standard,132,b4,blue,adc,射手,liuxing,standard,0,5,5,0,18694,10737,11684,493.3,9.8,18.94,21.69,3,1,1,2,3,402,186,66,1033,3752,5566,7966,6582,570,600,,,,213,,t3_shieldbreaker|t3_rendspear
standard,132,b5,blue,sup,輔助,hexweave,standard,0,0,4,2,7060,17031,11788,497.7,7.59,11.51,17.01,4,1,2,3,4,552,306,756,337,4852,7336,9336,6582,211,,400,,18,80,2043,t3_calmveil
standard,132,r1,red,top,戰士,dadi2,standard,1,4,0,1,19127,25595,13494,569.8,8.68,14.64,18.9,4,1,2,3,4,672,396,216,993,3822,7196,10416,6582,733,1800,,900,,400,,t3_shieldbreaker|t3_finalstring
standard,132,r2,red,jungle,刺客,dianguang,standard,1,2,1,1,10916,13702,12155,513.2,7.87,16.43,20.88,3,1,1,2,3,336,878,1327,1074,4186,6458,9657,6582,60,600,300,400,1514,200,,t3_finalstring
standard,132,r3,red,mid,法師,bingshuang,standard,1,3,6,3,18944,13797,12370,522.3,10.04,16.51,21.69,3,0,1,2,3,1622,172,452,640,3882,6672,9732,6582,1050,600,900,400,,200,,t3_psyward
standard,132,r4,red,adc,射手,liuxing,standard,1,11,3,1,28499,11241,17210,726.7,9.06,15.82,19.93,5,1,1,3,5,442,1312,872,1610,3792,6992,12672,6582,890,3600,300,900,,400,,t3_shieldbreaker|t3_rendspear
standard,132,r5,red,sup,輔助,hexweave,standard,1,0,1,3,6599,14273,11983,506,5.81,12.99,16.38,4,1,2,3,4,1274,475,1085,1102,4674,7505,10125,6582,146,,600,400,,400,1995,t3_calmveil
standard,133,b1,blue,top,戰士,ronggang,standard,1,0,1,1,11748,25433,10912,447.4,8.87,16.77,21.79,3,1,1,2,3,626,696,276,531,3776,6176,8576,6582,693,,300,400,,600,,t3_shieldbreaker|t3_finalstring
standard,133,b2,blue,jungle,刺客,leisuhunter,standard,1,2,4,0,8838,13659,12030,493.2,8.8,16.17,21.27,3,1,1,2,3,678,1540,946,950,3878,6470,9276,6582,280,600,,400,813,600,,t3_finalstring
standard,133,b3,blue,mid,法師,lieyan,standard,1,5,3,2,16650,16533,14308,586.6,9.9,18.62,22.72,4,1,1,2,4,162,342,522,478,4012,6272,8972,6582,790,,600,400,,600,,t3_psyward
standard,133,b4,blue,adc,射手,shensheng,standard,1,11,6,0,29915,11402,16768,687.5,10.1,13.63,19.03,4,0,2,3,4,1842,32,1212,2918,4002,7652,12592,6582,1010,4200,,400,,400,,t3_shieldbreaker|t3_rendspear
standard,133,b5,blue,sup,輔助,shengming,standard,1,0,1,0,7866,17659,12500,512.5,6.23,12.24,16.73,4,1,2,3,4,2320,634,684,1050,4820,7664,9724,6582,226,,,400,,600,1915,t3_calmveil
standard,133,r1,red,top,戰士,ronggang,standard,0,5,1,0,16128,27904,13388,548.9,9.68,16.85,20.4,4,1,1,2,4,592,702,982,408,3742,6182,9582,6582,700,1800,,500,,0,,t3_shieldbreaker|t3_finalstring
standard,133,r2,red,jungle,刺客,leisuhunter,standard,0,0,5,2,9553,12623,11458,469.7,8.72,14.73,20.68,3,1,2,2,3,200,248,1140,627,4350,6898,9220,6582,540,,150,500,1447,0,,t3_finalstring
standard,133,r3,red,mid,法師,lieyan,standard,0,3,5,0,17377,15006,11248,461.2,10.65,17.79,,2,0,1,2,2,1382,422,332,1948,3642,6322,9032,6582,1000,1200,,250,,0,,t3_psyward
standard,133,r4,red,adc,射手,shensheng,standard,0,7,5,1,22432,11684,13828,566.9,10.1,18.04,20.73,3,0,1,2,3,1422,432,1052,2028,3582,5332,9302,6582,470,1200,300,750,,0,,t3_shieldbreaker|t3_rendspear
standard,133,r5,red,sup,輔助,shengming,standard,0,0,2,2,5478,15281,12046,493.8,6.45,12.91,15.65,4,1,2,3,4,384,444,1120,595,4684,7174,10160,6582,250,,150,500,,0,2677,t3_calmveil
standard,134,b1,blue,top,戰士,anliuyouXia,standard,0,0,2,0,11293,24916,9847,422.3,8.57,17.82,,2,1,1,2,2,742,882,282,1197,3892,6412,8632,6582,890,,,1000,,160,,t3_shieldbreaker|t3_finalstring
standard,134,b2,blue,jungle,刺客,duskblade,standard,0,0,2,0,7811,12709,9255,396.9,8.76,17.4,,2,1,1,2,2,724,378,324,874,3924,6008,8104,6582,380,,,,981,160,,t3_finalstring
standard,134,b3,blue,mid,法師,shikong,standard,0,2,4,1,16329,14951,11327,485.8,10.38,17.56,22.19,3,0,1,2,3,1642,382,1132,497,3902,5812,9532,6582,890,600,300,1000,,160,,t3_psyward
standard,134,b4,blue,adc,射手,liangzicz,standard,0,6,5,1,20036,13001,12757,547.1,9.98,16.76,20.84,3,1,1,2,3,289,132,662,957,3639,5512,9242,6582,749,1200,300,250,,160,,t3_shieldbreaker|t3_rendspear
standard,134,b5,blue,sup,坦克,tiemu,standard,0,1,5,0,8307,24617,12007,514.9,6.83,10.95,14.62,4,1,3,3,4,917,301,1252,626,4817,8501,10792,6582,289,600,,750,27,160,2382,t3_calmveil|t3_thornmail
standard,134,r1,red,top,戰士,anliuyouXia,standard,1,1,0,1,11040,21993,10677,457.9,9.39,18.57,22.21,3,1,1,2,3,532,332,112,727,3682,5862,8462,6582,580,,,900,,400,,t3_shieldbreaker|t3_finalstring
standard,134,r2,red,jungle,刺客,duskblade,standard,1,9,1,0,15970,13975,16073,689.3,7.38,11.98,16.72,4,1,2,4,4,434,367,238,2672,4634,8747,12738,6582,330,3600,,400,1425,400,,t3_finalstring
standard,134,r3,red,mid,法師,shikong,standard,1,4,2,1,19142,11995,12807,549.3,10.06,17.55,20.81,3,0,1,2,3,1662,562,212,1377,3922,6762,9612,6582,980,600,150,900,,400,,t3_psyward
standard,134,r4,red,adc,射手,liangzicz,standard,1,3,5,1,18894,9696,10957,469.9,10.76,19.99,23.17,3,0,1,2,3,1312,252,72,477,3472,5632,7692,6582,310,,,400,,400,,t3_shieldbreaker|t3_rendspear
standard,134,r5,red,sup,坦克,tiemu,standard,1,1,1,6,7327,20004,14286,612.7,7.24,12.32,16.08,5,1,2,4,5,234,1024,321,686,4734,8264,12521,6582,200,600,1050,900,,400,2788,t3_calmveil|t3_thornmail
standard,135,b1,blue,top,戰士,tielian,standard,0,4,7,0,15450,39597,13246,468.3,8.84,17.11,20.39,4,1,1,2,4,512,442,1012,546,3662,6042,9042,6582,680,1200,,500,,80,,t3_shieldbreaker|t3_finalstring
standard,135,b2,blue,jungle,刺客,miwu,standard,0,2,10,0,11748,20070,12868,455,8.63,15.69,21.75,3,1,1,2,3,620,1098,794,2038,3820,6678,8874,6582,420,600,,,991,280,,t3_finalstring
standard,135,b3,blue,mid,法師,lieyan,standard,0,3,8,0,23898,18345,13406,474,10.05,17.39,23.94,3,0,1,2,3,2002,212,292,1306,4262,6122,8422,6582,660,600,,500,,80,,t3_psyward
standard,135,b4,blue,adc,射手,xingchen,standard,0,12,9,1,44131,17505,18366,649.4,9.93,17.58,21.18,5,1,1,2,5,312,922,392,2766,3662,6122,9142,6582,580,1200,,500,,280,,t3_shieldbreaker|t3_rendspear
standard,135,b5,blue,sup,輔助,shengguang,standard,0,0,9,4,9838,28360,13475,476.4,6.52,11.49,16.68,5,1,2,3,5,94,402,1232,275,4694,7432,10272,6582,180,,900,500,,80,2029,t3_calmveil
standard,135,r1,red,top,戰士,tielian,standard,1,19,2,2,40938,38967,24036,849.8,10.41,12.78,18.66,5,0,2,4,5,2372,162,292,8736,4422,7562,13742,6582,760,4800,600,600,,400,,t3_shieldbreaker|t3_finalstring
standard,135,r2,red,jungle,刺客,miwu,standard,1,8,2,2,13993,17251,18235,644.7,7.69,11.21,15.36,5,1,2,3,5,192,1240,1470,2984,4992,9570,12550,6582,120,3000,150,600,1698,400,,t3_finalstring
standard,135,r3,red,mid,法師,lieyan,standard,1,4,6,3,25296,18874,15116,534.4,10.67,18.26,25.33,4,0,1,2,4,1522,272,552,1286,3782,6022,8582,6582,700,,300,600,,400,,t3_psyward
standard,135,r4,red,adc,射手,xingchen,standard,1,11,7,2,50480,13938,18389,650.2,8.86,18.4,21.18,5,1,1,2,5,422,532,1102,2789,3772,5912,9352,6582,570,1200,,600,,400,,t3_shieldbreaker|t3_rendspear
standard,135,r5,red,sup,輔助,shengguang,standard,1,1,4,6,10777,17479,15650,553.3,6.23,12.5,17.23,5,1,2,3,5,434,889,1039,2449,4734,7919,10079,6582,130,,450,600,,400,1916,t3_calmveil
standard,136,b1,blue,top,戰士,hunpo,standard,0,0,8,0,7590,21351,8963,384.3,10.81,18.79,,2,0,1,2,2,1562,232,492,313,3822,6082,7792,6582,630,,,500,,80,,t3_psyward
standard,136,b2,blue,jungle,刺客,jueying,standard,0,0,6,0,2530,11413,9625,412.7,9.07,18.99,,2,1,1,2,2,22,356,630,1545,3872,5936,8060,6582,130,,,,1134,213,,t3_finalstring
standard,136,b3,blue,mid,法師,shikong,standard,0,1,5,0,11713,16788,10013,429.3,10.1,19.06,,2,0,1,2,2,1622,122,576,1183,3882,5702,8356,6582,960,600,,,,213,,t3_psyward
standard,136,b4,blue,adc,射手,dujian,standard,0,4,3,0,18084,12500,11107,476.2,9.6,18.54,23.16,3,1,1,2,3,446,296,276,127,3796,5676,7496,6582,780,,,,54,80,,t3_shieldbreaker|t3_rendspear
standard,136,b5,blue,sup,輔助,mingyunyindao,standard,0,0,2,2,6399,15447,12373,530.5,7.79,12.03,15.46,4,1,2,3,4,494,1224,1562,923,4794,7774,10602,6582,300,,,1000,18,213,2488,t3_calmveil
standard,136,r1,red,top,戰士,hunpo,standard,1,4,1,1,10882,19626,13167,564.5,9.91,15.1,20.92,3,1,1,2,3,82,1312,1132,736,4882,7762,10482,6582,600,1800,300,800,,400,,t3_psyward
standard,136,r2,red,jungle,刺客,jueying,standard,1,2,1,0,5160,10119,12169,521.7,8.68,16.18,21.84,3,1,1,2,3,244,2190,1971,1569,4094,7470,10301,6582,233,1200,,300,1585,400,,t3_finalstring
standard,136,r3,red,mid,法師,shikong,standard,1,5,1,0,17411,13878,14027,601.4,10.14,15.77,20.97,4,0,1,2,4,1562,652,1272,426,3822,6802,10622,6582,1040,1800,,800,,400,,t3_psyward
standard,136,r4,red,adc,射手,dujian,standard,1,13,2,3,42463,10841,19050,816.7,9.59,16.61,19.06,5,1,1,4,5,482,512,916,3450,3832,6192,14766,6582,983,5400,600,800,,400,,t3_shieldbreaker|t3_rendspear
standard,136,r5,red,sup,輔助,mingyunyindao,standard,1,0,0,3,4449,13249,12315,528,7.48,12.68,17.21,4,1,2,4,4,734,561,64,865,4734,7591,10464,6582,303,,900,300,,400,1978,t3_calmveil
standard,137,b1,blue,top,戰士,dushe,standard,0,0,3,0,11767,30316,8170,381.9,9.51,17.71,,2,1,1,2,2,512,952,252,370,3662,6002,7702,6582,620,,,500,,0,,t3_shieldbreaker|t3_finalstring
standard,137,b2,blue,jungle,刺客,anye,standard,0,0,7,0,5065,12007,8188,382.8,8.94,17.8,,2,1,1,2,2,566,398,392,708,3766,5728,7572,6582,180,,,,810,0,,t3_finalstring
standard,137,b3,blue,mid,法師,lieyan,standard,0,0,5,0,10238,13377,8540,399.2,10.83,18.14,,2,0,1,2,2,1672,212,422,410,3932,5812,8072,6582,990,,,500,,0,,t3_psyward
standard,137,b4,blue,adc,射手,tianfa,standard,0,3,7,0,10416,12282,9994,467.2,9.51,19.18,,2,1,1,2,2,302,286,1106,1244,3652,5486,8326,6582,590,600,,500,54,0,,t3_shieldbreaker|t3_rendspear
standard,137,b5,blue,sup,坦克,xukong,standard,0,0,1,0,4408,20222,9918,463.6,6.5,13.23,16.71,3,1,2,3,3,844,350,470,337,4744,7130,9450,6582,380,,,500,,0,1987,t3_calmveil|t3_thornmail
standard,137,r1,red,top,戰士,dushe,standard,1,5,0,0,16609,20791,13104,612.6,8.68,13.98,17.7,4,1,2,3,4,572,796,1456,553,3722,8246,11886,6582,773,3000,,950,,580,,t3_shieldbreaker|t3_finalstring
standard,137,r2,red,jungle,刺客,anye,standard,1,1,0,3,6472,9508,10946,511.7,9.38,14.33,,2,1,2,2,2,767,518,1798,2566,3967,7218,10178,6582,306,600,750,200,1159,580,,t3_finalstring
standard,137,r3,red,mid,法師,lieyan,standard,1,8,1,0,27474,12494,15474,723.4,11.5,14.83,20.07,3,0,2,2,3,1762,76,2806,3573,4022,7926,12206,6582,1093,3000,,950,,580,,t3_psyward
standard,137,r4,red,adc,射手,tianfa,standard,1,8,2,3,22460,8059,14680,686.3,9.42,15.06,17.71,4,1,1,3,4,482,2762,3132,830,3832,7542,13612,6582,650,4200,750,950,,480,,t3_shieldbreaker|t3_rendspear
standard,137,r5,red,sup,坦克,xukong,standard,1,1,0,2,6854,14124,11862,554.5,7.63,12.67,15.11,4,1,2,3,4,300,1820,1084,261,4800,8600,11064,6582,176,600,300,450,,580,2374,t3_calmveil|t3_thornmail
standard,138,b1,blue,top,戰士,fengbao,standard,0,2,7,1,20732,44258,13642,465.1,10.45,17.77,23.74,4,0,1,2,4,1749,469,319,292,3799,5999,8599,6582,896,600,,200,,320,,t3_shieldbreaker|t3_finalstring
standard,138,b2,blue,jungle,刺客,wuxing,standard,0,4,6,0,11074,19764,14939,509.3,8.15,15,19.27,4,1,2,3,4,276,248,520,1538,4656,6948,10220,6582,236,1800,,200,1081,320,,t3_finalstring
standard,138,b3,blue,mid,法師,shikong,standard,0,9,9,1,30319,23199,18465,629.5,9.01,17.22,22.56,5,1,1,2,5,399,329,119,2315,4249,6829,8629,6582,726,,300,700,,320,,t3_psyward
standard,138,b4,blue,adc,射手,mirrorshot,standard,0,11,6,1,45541,14137,18225,621.3,9.96,16.83,21.13,5,1,1,2,5,412,722,332,2625,3762,6402,9182,6582,580,1200,300,200,,320,,t3_shieldbreaker|t3_rendspear
standard,138,b5,blue,sup,坦克,tixue,standard,0,0,7,1,11227,34107,13970,476.3,6.46,11.94,18.33,5,1,2,3,5,681,554,454,370,4881,7494,9654,6582,279,,300,200,18,320,1953,t3_calmveil|t3_thornmail
standard,138,r1,red,top,戰士,fengbao,standard,1,8,4,2,27488,40251,17891,609.9,9.93,15.73,19.27,5,1,1,3,5,550,930,370,2540,3700,6460,10800,6582,600,2400,300,600,18,300,,t3_shieldbreaker|t3_finalstring
standard,138,r2,red,jungle,刺客,wuxing,standard,1,6,6,3,20976,21665,16637,567.2,8.19,12.75,17.77,5,1,2,3,5,222,493,707,1337,4422,8393,10707,6582,243,1800,450,100,1231,300,,t3_finalstring
standard,138,r3,red,mid,法師,shikong,standard,1,7,7,1,32877,15809,16415,559.6,10.02,18.33,22.87,4,0,1,2,4,1602,216,356,2015,3862,6716,9156,6582,873,1200,300,100,,100,,t3_psyward
standard,138,r4,red,adc,射手,mirrorshot,standard,1,12,8,1,49544,13715,19192,654.3,9.23,18.83,21.13,5,1,1,2,5,302,472,672,3592,3652,5672,8622,6582,590,600,300,350,,200,,t3_shieldbreaker|t3_rendspear
standard,138,r5,red,sup,坦克,tixue,standard,1,2,1,3,9989,27485,15687,534.8,6.78,11.94,17.83,5,1,2,3,5,1094,787,1007,2087,5294,8027,10987,6582,413,600,450,850,,300,1791,t3_calmveil|t3_thornmail
standard,139,b1,blue,top,戰士,rongyan,standard,0,0,1,0,6072,24417,9129,407.6,8.89,18.76,,2,1,1,2,2,492,482,982,529,3642,5482,7782,6582,700,,,500,,0,,t3_shieldbreaker|t3_finalstring
standard,139,b2,blue,jungle,刺客,razorwing,standard,0,1,6,0,5908,11826,9298,415.1,9.21,18.18,,2,1,1,2,2,54,512,183,1217,3904,5792,7783,6582,280,,,,920,0,,t3_finalstring
standard,139,b3,blue,mid,法師,xingjie,standard,0,1,2,0,12683,14131,9503,424.2,11.15,18.9,,2,0,1,2,2,1536,166,246,1102,3796,5596,8076,6582,993,,,500,,0,,t3_psyward
standard,139,b4,blue,adc,射手,hanbing,standard,0,3,4,0,19942,13764,10679,476.8,9.57,19.45,,2,1,1,2,2,292,132,452,1929,3642,5632,7972,6582,640,,,750,,0,,t3_shieldbreaker|t3_rendspear
standard,139,b5,blue,sup,輔助,linghun,standard,0,0,4,0,4213,16441,9851,439.8,7.31,11.83,17.11,3,1,2,3,3,130,235,425,811,4730,7265,9005,6582,266,,,250,,0,1905,t3_calmveil
standard,139,r1,red,top,戰士,rongyan,standard,1,4,0,0,14417,22588,12423,554.6,9.8,15.58,19.48,3,1,1,3,3,472,1202,182,1022,3622,6682,10682,6582,740,1800,,1000,,560,,t3_shieldbreaker|t3_finalstring
standard,139,r2,red,jungle,刺客,razorwing,standard,1,7,1,2,10830,11912,15553,694.3,9.29,11.63,15.8,4,1,2,4,4,544,938,218,2202,4394,9268,12968,6582,190,3000,450,500,1686,560,,t3_finalstring
standard,139,r3,red,mid,法師,xingjie,standard,1,1,1,3,19942,13593,11189,499.5,10.16,16.9,,2,0,1,2,2,1622,542,352,1789,3882,7042,9102,6582,860,,600,500,,560,,t3_psyward
standard,139,r4,red,adc,射手,hanbing,standard,1,5,2,0,18218,9385,12909,576.3,9.16,17.77,21.08,3,1,1,2,3,552,642,1202,1529,3902,6322,10102,6582,760,1200,,1000,,560,,t3_shieldbreaker|t3_rendspear
standard,139,r5,red,sup,輔助,linghun,standard,1,0,1,3,5661,10988,12325,550.2,8.55,12.81,17.03,4,1,2,3,4,754,795,2045,875,4754,7825,11085,6582,250,,750,1000,,560,1942,t3_calmveil
standard,140,b1,blue,top,戰士,embercoil,standard,0,1,1,2,12426,28503,10215,474.6,8.99,16.04,20.41,3,1,1,2,3,592,962,1042,615,3742,6442,9642,6582,780,600,600,1000,,80,,t3_shieldbreaker|t3_finalstring
standard,140,b2,blue,jungle,戰士,hunpo,standard,0,0,6,0,8027,9452,8674,403,10.03,19.23,,2,0,1,2,2,1800,600,554,694,4010,6150,8054,6582,220,,,,1171,80,,t3_psyward
standard,140,b3,blue,mid,法師,auralith,standard,0,0,3,0,12532,12584,8682,403.3,9.88,18.8,,2,1,1,2,2,176,479,119,171,4026,5929,8149,6582,986,,,500,,80,,t3_psyward
standard,140,b4,blue,adc,射手,xuanfeng,standard,0,1,3,0,11879,9589,8805,409.1,9.56,19.68,,2,1,1,2,2,322,432,972,255,3672,5512,8292,6582,530,600,,500,,80,,t3_shieldbreaker|t3_rendspear
standard,140,b5,blue,sup,坦克,shengdun,standard,0,2,2,0,5253,21326,11573,537.7,8.07,12.28,15.94,4,1,2,3,4,350,1207,1140,373,4750,8387,11020,6582,283,1200,,500,,80,2374,t3_calmveil|t3_thornmail
standard,140,r1,red,top,戰士,embercoil,standard,1,6,0,0,16243,23592,13011,604.5,8.83,14.08,18.74,3,1,2,3,3,490,438,118,2030,4590,7238,11098,6582,908,2400,,700,27,480,,t3_shieldbreaker|t3_finalstring
standard,140,r2,red,jungle,戰士,hunpo,standard,1,1,1,1,6945,9350,10624,493.6,8.93,16.89,,2,1,1,2,2,930,1395,353,1274,4730,7245,9703,6582,152,600,,450,1438,480,,t3_psyward
standard,140,r3,red,mid,法師,auralith,standard,1,5,2,3,22067,11123,13063,606.9,10.58,16.09,20.62,3,0,1,2,3,1620,180,2550,1163,3880,6680,11950,6582,788,3000,150,950,,480,,t3_psyward
standard,140,r4,red,adc,射手,xuanfeng,standard,1,3,1,0,14585,8156,11313,525.6,9.88,17.71,20.12,3,1,1,2,3,350,80,1100,533,3700,5760,10000,6582,538,1200,,1200,,480,,t3_shieldbreaker|t3_rendspear
standard,140,r5,red,sup,坦克,shengdun,standard,1,0,0,3,6317,16258,10644,494.5,7.49,11.66,18.28,3,1,2,3,3,568,351,551,763,4968,7531,9831,6582,214,,450,200,,480,1904,t3_calmveil|t3_thornmail
standard,141,b1,blue,top,戰士,greymantle,standard,0,0,4,3,11548,34114,11093,429.6,8.65,17.88,23.59,3,1,1,2,3,872,392,552,543,4022,5922,8302,6582,680,,300,500,,240,,t3_shieldbreaker|t3_finalstring
standard,141,b2,blue,jungle,戰士,leimingcf,standard,0,1,3,0,11585,20868,11296,437.4,9.21,15.43,22.51,3,1,1,2,3,908,572,776,795,4008,6052,8776,6582,290,600,,,1063,240,,t3_shieldbreaker|t3_finalstring
standard,141,b3,blue,mid,法師,xingjie,standard,0,4,7,0,22145,17710,12963,502,10.39,18.94,24.01,3,0,1,2,3,1482,332,82,1363,3742,5782,8412,6582,840,,,750,,240,,t3_psyward
standard,141,b4,blue,adc,射手,phantom,standard,0,14,4,0,45879,13827,19517,755.7,9.08,15.09,19.67,5,1,1,3,5,922,1492,292,3916,4272,7172,11192,6582,470,2400,,1500,,240,,t3_shieldbreaker|t3_rendspear
standard,141,b5,blue,sup,坦克,dadi,standard,0,1,3,0,9258,24174,13085,506.7,6.63,13.42,17.06,4,1,2,3,4,884,1544,1154,885,4784,7904,10654,6582,160,600,,250,,240,2821,t3_calmveil|t3_thornmail
standard,141,r1,red,top,戰士,greymantle,standard,1,2,3,1,15448,31372,11833,458.2,9.47,16.26,22.58,3,1,1,2,3,526,506,346,383,3676,6036,8696,6582,693,600,,500,,320,,t3_shieldbreaker|t3_finalstring
standard,141,r2,red,jungle,戰士,leimingcf,standard,1,10,2,2,20924,24694,18233,706,7.05,13.83,18.54,5,1,2,3,5,583,675,1231,2933,5283,8075,12631,6582,165,3600,,500,1464,320,,t3_shieldbreaker|t3_finalstring
standard,141,r3,red,mid,法師,xingjie,standard,1,1,6,2,19863,15698,12080,467.8,10.76,17.73,24.5,3,0,1,2,3,1582,492,282,480,3842,6242,8782,6582,780,,600,500,,320,,t3_psyward
standard,141,r4,red,adc,射手,phantom,standard,1,7,7,2,37679,11264,15905,615.9,10.14,18.59,22.31,4,0,1,2,4,1307,527,127,2055,3467,5907,9027,6582,525,600,,1000,,320,,t3_shieldbreaker|t3_rendspear
standard,141,r5,red,sup,坦克,dadi,standard,1,1,2,1,5962,21238,12693,491.5,7.63,12.63,17.98,4,1,2,3,4,180,535,295,492,4680,7475,9495,6582,196,,,500,,320,1896,t3_calmveil|t3_thornmail
standard,142,b1,blue,top,戰士,ravager,standard,0,3,5,0,11601,30149,12568,526.2,8.62,15.59,20.59,4,1,1,2,4,712,1022,882,67,3862,6502,9482,6582,960,1200,,500,,240,,t3_shieldbreaker|t3_finalstring
standard,142,b2,blue,jungle,戰士,xueyue,standard,0,0,3,0,6743,18974,10149,424.9,7.98,15.74,23.17,3,1,1,2,3,460,1099,528,598,4210,6529,8708,6582,713,,,,1172,240,,t3_shieldbreaker|t3_finalstring
standard,142,b3,blue,mid,法師,auralith,standard,0,0,6,0,11739,15149,9988,418.2,11,20.56,,2,0,1,1,2,1682,242,1142,1537,3942,5842,7642,6582,820,,,,,240,,t3_psyward
standard,142,b4,blue,adc,射手,huanying,standard,0,5,6,1,25695,11457,12322,515.9,10.37,19.31,23.4,3,0,1,2,3,1622,396,936,2001,3782,5776,8256,6582,780,600,,,54,240,,t3_shieldbreaker|t3_rendspear
standard,142,b5,blue,sup,輔助,luminary,standard,0,0,3,0,5422,21492,11487,481,7.83,12.81,15.22,4,1,2,3,4,464,605,1075,787,4764,7635,10115,6582,326,,,1000,,240,1965,t3_calmveil
standard,142,r1,red,top,戰士,ravager,standard,1,4,1,0,12467,25510,12921,541,10.38,15.68,20.83,3,0,1,2,3,1712,642,622,1520,3762,6122,9222,6582,1020,600,,700,,320,,t3_shieldbreaker|t3_finalstring
standard,142,r2,red,jungle,戰士,xueyue,standard,1,2,1,1,9352,14511,12050,504.5,10.14,12.99,20.58,3,0,2,2,3,2025,527,1315,1120,4025,7577,9865,6582,240,1200,,200,1322,320,,t3_shieldbreaker|t3_finalstring
standard,142,r3,red,mid,法師,auralith,standard,1,7,4,2,24493,14791,14941,625.6,11.75,16.43,21.03,4,0,1,2,4,1552,362,1212,1110,3812,6592,10012,6582,910,1200,300,700,,320,,t3_psyward
standard,142,r4,red,adc,射手,huanying,standard,1,9,1,1,36955,10390,17098,715.9,9.52,15.95,19.36,4,1,1,3,4,472,932,872,3247,3822,6612,11652,6582,850,2400,300,1200,,320,,t3_shieldbreaker|t3_rendspear
standard,142,r5,red,sup,輔助,luminary,standard,1,1,1,3,6047,14456,12576,526.5,5.9,13.37,17.08,3,1,2,3,3,184,577,1427,3345,4734,7607,9607,6582,340,,300,200,,320,1864,t3_calmveil
standard,143,b1,blue,top,戰士,dadi2,standard,1,1,2,1,15133,36882,12431,472.1,9.22,16.7,23.96,3,1,1,2,3,692,462,202,1030,3842,5942,8802,6582,740,600,300,500,,80,,t3_shieldbreaker|t3_finalstring
standard,143,b2,blue,jungle,戰士,anliuyouXia,standard,1,0,2,1,11939,24618,11774,447.1,8.62,16.12,23.89,3,1,1,2,3,927,850,224,1023,4027,6280,8474,6582,340,,,250,1221,80,,t3_shieldbreaker|t3_finalstring
standard,143,b3,blue,mid,法師,xingjie,standard,1,6,8,1,18379,19663,15431,586,11.28,16.49,21.61,4,0,1,2,4,1522,252,362,1200,3782,6332,9362,6582,950,1200,300,250,,80,,t3_psyward
standard,143,b4,blue,adc,射手,guangsu,standard,1,15,4,0,47807,14355,20051,761.4,8.9,17.17,18.3,5,1,1,3,5,542,462,542,4450,3892,6142,11442,6582,1030,3000,,750,,80,,t3_shieldbreaker|t3_rendspear
standard,143,b5,blue,sup,輔助,xuemai,standard,1,0,4,1,6075,22754,12449,472.7,6.28,11.29,16.79,4,1,2,3,4,474,290,290,1488,4774,7320,9040,6582,220,,,250,,80,1908,t3_calmveil
standard,143,r1,red,top,戰士,dadi2,standard,0,1,2,0,16162,28341,12191,462.9,9.3,16.7,21.33,3,1,1,2,3,632,902,342,790,3782,6382,8942,6582,820,600,,400,,540,,t3_shieldbreaker|t3_finalstring
standard,143,r2,red,jungle,戰士,anliuyouXia,standard,0,8,3,1,20079,21551,16531,627.8,7.93,12.35,17.42,5,1,2,3,5,466,1751,1421,1281,5116,8501,12771,6582,213,3600,150,400,1285,540,,t3_shieldbreaker|t3_finalstring
standard,143,r3,red,mid,法師,xingjie,standard,0,2,8,1,22817,17486,11651,442.4,10.4,17.17,23.49,3,0,1,2,3,1702,462,432,320,3962,6962,9482,6582,760,1200,300,400,,240,,t3_psyward
standard,143,r4,red,adc,射手,guangsu,standard,0,9,6,0,34418,13408,15761,598.5,10.15,18.78,22.18,4,0,1,2,4,1652,472,462,1910,3812,6152,8712,6582,590,600,,400,,540,,t3_shieldbreaker|t3_rendspear
standard,143,r5,red,sup,輔助,xuemai,standard,0,0,3,4,11965,16836,14028,532.7,5.93,12.05,15.31,5,1,2,3,5,440,660,2270,828,4740,7690,11020,6582,256,,750,900,,540,1990,t3_calmveil
standard,144,b1,blue,top,戰士,ronggang,standard,0,2,1,0,12279,25532,10757,460.2,9.43,17.84,21.2,3,1,1,2,3,612,652,842,206,3762,6182,9122,6582,580,1200,,500,,260,,t3_shieldbreaker|t3_finalstring
standard,144,b2,blue,jungle,戰士,kuangfeng,standard,0,0,2,1,12647,19794,9821,420.2,9.14,16.63,23.24,3,1,1,2,3,956,776,639,221,4056,6256,8519,6582,420,,300,,956,260,,t3_shieldbreaker|t3_finalstring
standard,144,b3,blue,mid,法師,auralith,standard,0,0,7,0,17097,15109,9237,395.2,10.92,19.17,,2,0,1,2,2,1482,252,392,256,3742,5582,7942,6582,700,,,500,,160,,t3_psyward
standard,144,b4,blue,adc,射手,maestro,standard,0,6,4,0,19903,11114,13281,568.2,9.73,16.61,20.72,4,1,1,2,4,556,526,896,280,3906,6206,9746,6582,650,1200,,1000,54,260,,t3_shieldbreaker|t3_rendspear
standard,144,b5,blue,sup,坦克,longji,standard,0,1,2,1,8907,24445,11203,479.3,6.72,11.39,17.68,4,1,2,3,4,894,529,469,303,5394,7769,9669,6582,370,600,,,,260,1856,t3_calmveil|t3_thornmail
standard,144,r1,red,top,戰士,ronggang,standard,1,6,1,0,23644,24538,14427,617.2,8.73,13.38,17.73,4,1,2,3,4,912,522,962,926,4062,7972,11512,6582,1210,2400,,1000,,320,,t3_shieldbreaker|t3_finalstring
standard,144,r2,red,jungle,戰士,kuangfeng,standard,1,1,1,0,9962,16776,11192,478.8,10.42,15.64,21.28,3,0,1,2,3,2001,760,782,692,4001,6240,9382,6582,230,600,,500,1149,320,,t3_shieldbreaker|t3_finalstring
standard,144,r3,red,mid,法師,auralith,standard,1,1,1,1,18140,12914,10897,466.2,10.53,16.22,,2,0,1,2,2,1502,462,172,1496,3762,6362,9222,6582,920,600,300,500,,320,,t3_psyward
standard,144,r4,red,adc,射手,maestro,standard,1,7,5,1,20919,9140,13897,594.5,9.83,17.05,20.72,4,1,1,2,4,302,352,1002,676,3652,5732,9902,6582,550,1800,150,500,,320,,t3_shieldbreaker|t3_rendspear
standard,144,r5,red,sup,坦克,longji,standard,1,1,1,4,11347,19833,13317,569.7,7.62,11.61,15.79,4,1,2,4,4,2454,924,342,1116,5354,8164,11642,6582,250,600,1050,500,,320,2340,t3_calmveil|t3_thornmail
standard,145,b1,blue,top,戰士,jingci,standard,0,0,5,0,11318,23010,8459,395,8.66,18.65,,2,1,1,2,2,732,302,402,428,3882,5602,7482,6582,800,,,,,100,,t3_shieldbreaker|t3_finalstring
standard,145,b2,blue,jungle,戰士,longyi,standard,0,3,3,0,8255,16375,10194,476,9.13,16.38,20.38,3,1,1,2,3,866,1020,1738,364,3966,6570,9718,6582,460,1800,,,775,100,,t3_shieldbreaker|t3_finalstring
standard,145,b3,blue,mid,法師,ronghuo,standard,0,2,3,2,15303,14457,10899,508.9,10.18,15.75,20.14,3,0,1,2,3,1662,562,742,268,3922,5942,9322,6582,940,600,600,500,,100,,t3_psyward
standard,145,b4,blue,adc,射手,liuxing,standard,0,2,3,0,9495,11153,9339,436.1,9.34,18.5,,2,1,1,2,2,292,202,1142,588,3642,5402,8362,6582,580,1200,,,,0,,t3_shieldbreaker|t3_rendspear
standard,145,b5,blue,sup,輔助,hexweave,standard,0,0,4,1,5903,15108,10148,473.8,8.84,11.8,16.36,3,1,2,3,3,704,374,1212,1108,4704,7104,9672,6582,180,,300,,,100,2509,t3_calmveil
standard,145,r1,red,top,戰士,jingci,standard,1,6,1,0,14338,22112,13539,632.2,9.18,13.76,17.51,4,1,2,3,4,362,122,1782,558,4462,8122,12762,6582,780,3600,,1300,,500,,t3_shieldbreaker|t3_finalstring
standard,145,r2,red,jungle,戰士,longyi,standard,1,6,0,1,17096,16495,13923,650.1,8.68,12.47,16.02,4,1,2,3,4,457,1484,1124,992,5587,9134,12474,6582,380,3000,300,300,1411,500,,t3_shieldbreaker|t3_finalstring
standard,145,r3,red,mid,法師,ronghuo,standard,1,0,2,0,11761,10545,9676,451.8,10.61,19.92,,2,0,1,2,2,1680,680,240,396,3940,6280,8740,6582,840,,,800,17,500,,t3_psyward
standard,145,r4,red,adc,射手,liuxing,standard,1,6,3,0,18260,9284,12929,603.7,9.69,17.41,20.27,3,1,1,2,3,462,432,1452,1128,3812,6112,10352,6582,770,1800,,800,,400,,t3_shieldbreaker|t3_rendspear
standard,145,r5,red,sup,輔助,hexweave,standard,1,0,1,5,7497,12035,12736,594.7,6.92,11.26,14.88,4,1,3,4,4,1134,274,960,1356,5134,8454,11460,6582,270,,1500,300,,500,2307,t3_calmveil
standard,146,b1,blue,top,戰士,longyi,standard,0,0,2,0,9079,26099,9413,400.8,9.77,16.84,,2,1,1,2,2,492,362,302,1383,3642,5962,7682,6582,520,,,500,,80,,t3_shieldbreaker|t3_finalstring
standard,146,b2,blue,jungle,戰士,cinderfist,standard,0,0,1,1,6696,19980,9894,421.3,9.47,17.22,22.81,3,1,1,2,3,274,1022,275,343,4024,6152,8455,6582,500,,300,,992,80,,t3_shieldbreaker|t3_finalstring
standard,146,b3,blue,mid,法師,gambler,standard,0,7,7,0,21755,16826,13413,571.2,10.37,17.55,21.57,3,0,1,2,3,1482,222,522,1313,3742,5822,9802,6582,840,1800,,500,,80,,t3_psyward
standard,146,b4,blue,adc,射手,shensheng,standard,0,2,6,0,18069,12438,10771,458.6,10.14,17.68,21.58,3,0,1,2,3,1476,1000,270,390,3636,5600,8420,6582,603,600,,500,54,80,,t3_shieldbreaker|t3_rendspear
standard,146,b5,blue,sup,輔助,shengming,standard,0,0,4,1,5299,18908,11056,470.8,6.17,12.02,16.83,4,1,2,3,4,124,1220,605,656,4724,7220,9065,6582,216,,,,,80,2186,t3_calmveil
standard,146,r1,red,top,戰士,longyi,standard,1,9,0,0,19581,29844,16577,705.9,9.54,12.9,16.53,5,1,2,4,5,202,172,1486,1276,4482,8772,14466,6582,883,4800,,1600,,600,,t3_shieldbreaker|t3_finalstring
standard,146,r2,red,jungle,戰士,cinderfist,standard,1,6,1,0,13968,16404,14148,602.5,9.18,14.15,19.1,4,1,2,3,4,446,398,1247,747,4496,7448,11277,6582,413,2400,,100,1381,400,,t3_shieldbreaker|t3_finalstring
standard,146,r3,red,mid,法師,gambler,standard,1,1,3,0,17687,12351,10733,457.1,10.75,19.53,,2,0,1,2,2,1552,272,272,1333,3812,6472,9072,6582,690,600,,600,,600,,t3_psyward
standard,146,r4,red,adc,射手,shensheng,standard,1,4,5,0,23513,10168,12173,518.4,9.54,18.37,21.57,3,1,1,2,3,452,642,452,1273,3802,5842,9002,6582,620,600,,600,,600,,t3_shieldbreaker|t3_rendspear
standard,146,r5,red,sup,輔助,shengming,standard,1,0,0,3,7932,12457,12153,517.5,5.93,12.23,18.73,4,1,2,3,4,194,409,902,1193,4794,7439,10132,6582,313,,600,100,,600,1936,t3_calmveil
standard,147,b1,blue,top,戰士,chichuan,standard,0,0,5,0,9624,21780,8431,395.2,9.3,17.82,,2,1,1,2,2,472,612,252,350,3622,5962,7982,6582,520,,,600,,280,,t3_shieldbreaker|t3_finalstring
standard,147,b2,blue,jungle,戰士,xueyue,standard,0,0,6,0,5190,16027,8819,413.4,10.12,17.57,,2,0,1,2,2,2004,636,233,789,4004,5936,8263,6582,200,,,100,1100,280,,t3_shieldbreaker|t3_finalstring
standard,147,b3,blue,mid,法師,ronghuo,standard,0,0,4,0,11944,14923,9311,436.4,10.85,18.78,,2,0,1,2,2,1722,182,152,300,3982,5782,7802,6582,840,,,100,,280,,t3_psyward
standard,147,b4,blue,adc,射手,liangzicz,standard,0,1,4,0,12879,11449,9211,431.8,9.32,18.42,,2,1,1,2,2,722,442,912,460,4072,5822,8762,6582,900,600,,600,,80,,t3_shieldbreaker|t3_rendspear
standard,147,b5,blue,sup,坦克,shiqiang,standard,0,0,3,0,6361,22599,10744,503.6,6.59,12.57,16.52,3,1,2,3,3,114,724,696,1164,4914,7824,10276,6582,260,,,600,,280,2553,t3_calmveil|t3_thornmail
standard,147,r1,red,top,戰士,chichuan,standard,1,5,0,1,11356,19673,12761,598.2,9.05,14.86,20.15,3,1,2,2,3,672,292,1952,2210,3822,7142,10602,6582,620,1800,,1200,,400,,t3_shieldbreaker|t3_finalstring
standard,147,r2,red,jungle,戰士,xueyue,standard,1,6,0,2,10280,9828,13906,651.9,9.05,14.01,16.35,3,1,2,3,3,2272,1136,1798,3406,5372,8536,12298,6582,473,3000,,450,1392,400,,t3_shieldbreaker|t3_finalstring
standard,147,r3,red,mid,法師,ronghuo,standard,1,1,0,4,14209,12837,11101,520.4,11.08,16.66,,2,0,1,2,2,1782,362,692,1700,4042,6862,10092,6582,960,600,600,950,,400,,t3_psyward
standard,147,r4,red,adc,射手,liangzicz,standard,1,10,1,1,29651,9572,15731,737.4,8.31,15.41,18.68,4,1,1,4,4,122,662,1072,1880,4122,6342,14922,6582,940,6000,300,700,,400,,t3_shieldbreaker|t3_rendspear
standard,147,r5,red,sup,坦克,shiqiang,standard,1,0,0,6,7059,16587,12933,606.2,6.56,11.74,14.79,4,1,3,4,4,1310,290,474,1332,5210,9370,11774,6582,446,,900,1200,,400,2245,t3_calmveil|t3_thornmail
standard,148,b1,blue,top,戰士,xueyue,standard,0,0,3,0,9887,23588,9734,429,8.59,17.67,22.63,3,1,1,2,3,572,472,279,83,3722,6002,8329,6582,606,,,800,,340,,t3_shieldbreaker|t3_finalstring
standard,148,b2,blue,jungle,戰士,jufeng,standard,0,1,1,0,6426,14603,10362,456.7,8.45,16.78,,2,1,1,2,2,906,1194,440,2132,4006,6674,8670,6582,420,,,300,1027,340,,t3_shieldbreaker|t3_finalstring
standard,148,b3,blue,mid,法師,gambler,standard,0,2,3,0,16045,12695,10707,471.9,10.12,17.56,,2,0,1,2,2,1622,342,232,1627,3882,6242,8562,6582,840,,,800,,340,,t3_psyward
standard,148,b4,blue,adc,射手,xingchen,standard,0,3,4,1,16092,9965,11311,498.4,10.08,18.41,22.33,3,0,1,2,3,1552,172,296,530,3712,5852,8846,6582,523,1200,,300,,240,,t3_shieldbreaker|t3_rendspear
standard,148,b5,blue,sup,坦克,suishan,standard,0,0,3,0,5934,21397,11392,502,6.58,13.24,17.3,3,1,2,3,3,774,394,507,1411,4674,7634,10487,6582,169,,,800,,340,2594,t3_calmveil|t3_thornmail
standard,148,r1,red,top,戰士,xueyue,standard,1,3,0,0,12786,24733,12261,540.3,9.27,16.5,18.89,3,1,1,3,3,622,1080,120,1831,3772,6610,10250,6582,610,1200,,1600,17,240,,t3_shieldbreaker|t3_finalstring
standard,148,r2,red,jungle,戰士,jufeng,standard,1,4,0,1,10926,13124,13308,586.5,6.93,13.24,17.55,3,1,2,3,3,172,1033,545,1908,5352,8133,11345,6582,300,2400,,100,1722,240,,t3_shieldbreaker|t3_finalstring
standard,148,r3,red,mid,法師,gambler,standard,1,3,1,3,20489,12912,11567,509.8,9.18,18.16,22.33,3,1,1,2,3,282,372,1362,537,4132,5972,9862,6582,1140,1200,600,100,,240,,t3_psyward
standard,148,r4,red,adc,射手,xingchen,standard,1,3,4,1,18966,10009,10747,473.6,9.45,18.76,,2,1,1,2,2,412,102,372,1847,3762,5482,8322,6582,500,600,300,100,,240,,t3_shieldbreaker|t3_rendspear
standard,148,r5,red,sup,坦克,suishan,standard,1,1,1,4,5705,18552,12945,570.5,7.96,12.76,18.14,4,1,2,3,4,154,723,1593,1344,4954,7963,11573,6582,250,600,900,1100,,240,1900,t3_calmveil|t3_thornmail
standard,149,b1,blue,top,戰士,fengbao,standard,0,1,4,0,12903,26996,8954,427.9,9.63,16.5,,2,1,1,2,2,532,742,412,723,3682,6222,8642,6582,720,600,,500,,240,,t3_shieldbreaker|t3_finalstring
standard,149,b2,blue,jungle,戰士,rongyan,standard,0,0,2,0,7846,15580,8440,403.4,9.62,17.23,,2,1,1,2,2,312,607,223,610,4062,6037,8053,6582,230,,,,1000,240,,t3_shieldbreaker|t3_finalstring
standard,149,b3,blue,mid,法師,ronghuo,standard,0,6,3,0,14646,12495,12399,592.5,9.66,16.68,19.73,3,1,1,3,3,257,247,237,198,4107,6747,10887,6582,1165,2400,,500,,240,,t3_psyward
standard,149,b4,blue,adc,射手,dujian,standard,0,4,0,1,14592,7781,11194,534.9,9.91,17.3,19.58,3,1,1,3,3,442,442,262,243,3792,5822,10282,6582,610,1800,300,750,,240,,t3_shieldbreaker|t3_rendspear
standard,149,b5,blue,sup,輔助,linghun,standard,0,0,3,1,3714,13484,10365,495.4,9.43,11.96,15.72,3,1,2,3,3,519,464,1894,1325,4819,7494,10054,6582,155,,300,750,27,240,1999,t3_calmveil
standard,149,r1,red,top,戰士,fengbao,standard,1,6,0,1,19369,22987,12434,594.2,9.62,14.32,18.32,3,1,2,3,3,512,292,222,1033,3662,7392,10722,6582,640,2400,150,550,,400,,t3_shieldbreaker|t3_finalstring
standard,149,r2,red,jungle,戰士,rongyan,standard,1,2,2,2,9861,15000,11441,546.8,9.17,15.16,19,3,1,1,3,3,334,1622,1380,510,4084,7052,10930,6582,250,1200,450,300,1747,400,,t3_shieldbreaker|t3_finalstring
standard,149,r3,red,mid,法師,ronghuo,standard,1,2,3,0,13283,11048,10134,484.3,11.03,16.94,,2,0,1,2,2,1462,82,1292,733,3722,6582,9622,6582,840,1200,,800,,200,,t3_psyward
standard,149,r4,red,adc,射手,dujian,standard,1,2,5,2,9715,8098,10190,487,10.83,17.67,,2,0,1,2,2,1469,129,529,1290,3629,5509,9079,6582,446,600,450,800,,200,,t3_shieldbreaker|t3_rendspear
standard,149,r5,red,sup,輔助,linghun,standard,1,0,1,6,7704,11138,12181,582.1,6.17,12.05,15.42,4,1,2,4,4,2307,1429,569,1680,4807,8459,11069,6582,423,,750,1050,,400,1863,t3_calmveil
standard,150,b1,blue,top,坦克,suishan,standard,0,0,5,0,8798,22339,8922,416.4,8.5,16.01,20.48,3,1,1,2,3,672,602,592,371,3622,6002,8322,6582,740,,,1000,,0,,t3_calmveil|t3_thornmail
standard,150,b2,blue,jungle,戰士,jingci,standard,0,0,2,0,7940,18934,8043,375.4,9.05,18.27,,2,1,1,2,2,634,875,164,293,3734,5575,7564,6582,206,,,,775,0,,t3_finalstring|t3_shieldbreaker
standard,150,b3,blue,mid,法師,gambler,standard,0,0,3,0,10558,14700,9445,440.8,10.03,19.47,,2,0,1,2,2,1632,382,236,164,3892,5712,8466,6582,883,,,1000,,0,,t3_psyward
standard,150,b4,blue,adc,射手,shengyan,standard,0,2,2,0,9332,11305,10365,483.8,9.9,17.96,21.3,3,1,1,2,3,412,392,796,284,3762,5892,9246,6582,813,600,,1250,,0,,t3_shieldbreaker|t3_rendspear
standard,150,b5,blue,sup,坦克,xukong,standard,0,0,1,0,5795,23696,9726,453.9,7.93,12.73,17.14,3,1,2,3,3,1094,87,447,145,4694,7467,9247,6582,316,,,250,,0,2097,t3_calmveil|t3_thornmail
standard,150,r1,red,top,坦克,suishan,standard,1,1,0,1,11194,20167,10952,511.2,10.13,13.83,17.75,3,0,2,3,3,2492,572,692,921,4122,6522,10122,6582,780,600,300,1300,,560,,t3_calmveil|t3_thornmail
standard,150,r2,red,jungle,戰士,jingci,standard,1,6,0,0,13675,11762,13559,632.9,9.19,12.48,18.02,3,1,2,3,3,614,1374,1116,2529,4894,8174,12146,6582,260,3000,,300,1443,560,,t3_finalstring|t3_shieldbreaker
standard,150,r3,red,mid,法師,gambler,standard,1,2,1,0,18778,11168,10912,509.3,10.14,17.36,,2,0,1,2,2,1732,932,812,1511,3992,7432,10212,6582,1070,1200,,800,,560,,t3_psyward
standard,150,r4,red,adc,射手,shengyan,standard,1,4,1,0,20443,9130,12752,595.2,8.53,17.77,20.36,3,1,1,2,3,602,492,1992,2231,3952,6292,10572,6582,830,1800,,800,,560,,t3_shieldbreaker|t3_rendspear
standard,150,r5,red,sup,坦克,xukong,standard,1,0,0,3,6866,13902,12140,566.6,7.53,12.08,15.78,4,1,2,3,4,1864,824,1331,540,4764,8064,11311,6582,260,,900,300,,560,2708,t3_calmveil|t3_thornmail
standard,151,b1,blue,top,坦克,stoneguard,standard,0,0,2,1,7821,20875,8729,435,8.11,14.91,,2,1,2,2,2,272,62,976,998,3922,6312,8706,6582,813,,150,1000,,160,,t3_calmveil|t3_thornmail
standard,151,b2,blue,jungle,刺客,voidrift,standard,0,4,4,0,7074,10663,10518,524.1,8.16,14.2,19.33,3,1,2,3,3,118,441,395,417,4018,7141,10495,6582,540,2400,,,812,160,,t3_finalstring
standard,151,b3,blue,mid,法師,leiming,standard,0,0,4,0,13032,12036,7589,378.2,10.4,19.72,,2,0,1,2,2,1502,212,216,238,3762,5542,7566,6582,573,,,250,,160,,t3_psyward
standard,151,b4,blue,adc,射手,mirrorshot,standard,0,1,2,1,11796,11235,9633,480.1,9.32,17.17,,2,1,1,2,2,512,362,1460,1483,3862,6162,9610,6582,700,600,300,1250,18,160,,t3_shieldbreaker|t3_rendspear
standard,151,b5,blue,sup,坦克,dadi,standard,0,0,1,1,5219,17265,9886,492.7,6.26,12.53,17.59,3,1,2,3,3,404,110,283,306,4904,7490,9863,6582,373,,150,500,,160,2097,t3_calmveil|t3_thornmail
standard,151,r1,red,top,坦克,stoneguard,standard,1,4,1,1,11490,21549,11865,591.3,6.88,13.61,16.39,4,1,2,4,4,472,862,492,515,4422,8152,11842,6582,940,2400,150,1350,,420,,t3_calmveil|t3_thornmail
standard,151,r2,red,jungle,刺客,voidrift,standard,1,1,1,1,6330,7997,9696,483.2,8.78,16.27,,2,1,1,2,2,834,1166,1244,1266,4034,6496,9674,6582,310,600,150,600,1111,320,,t3_finalstring
standard,151,r3,red,mid,法師,leiming,standard,1,4,1,1,17973,9914,11885,592.3,10.53,15.03,19.33,3,0,1,3,3,1582,1242,1032,1055,3842,7742,11862,6582,1060,2400,300,1100,,420,,t3_psyward
standard,151,r4,red,adc,射手,mirrorshot,standard,1,4,2,2,13828,8115,11915,593.8,9.18,16.68,19.3,3,1,1,3,3,422,1002,1042,1065,3772,6802,11892,6582,690,2400,450,1350,,420,,t3_shieldbreaker|t3_rendspear
standard,151,r5,red,sup,坦克,dadi,standard,1,0,0,3,6112,15073,11653,580.7,7.77,11.63,16.06,3,1,2,3,3,574,1744,1650,1673,5074,8104,11630,6582,240,,750,1100,,420,2538,t3_calmveil|t3_thornmail
standard,152,b1,blue,top,坦克,thornwall,standard,0,0,2,0,7089,20191,7743,388.3,8.98,15.13,,2,1,1,,2,192,372,,113,3742,5422,,,,,,,,,,t3_calmveil|t3_thornmail
standard,152,b2,blue,jungle,刺客,miwu,standard,0,1,6,0,3967,10589,8386,420.5,8.7,16.01,,2,1,1,,2,1292,946,,306,4492,6526,,,,,,,,,,t3_finalstring
standard,152,b3,blue,mid,法師,haixiao,standard,0,2,4,0,9707,11654,8923,447.5,9.58,18.01,,2,1,1,,2,372,412,,1273,4222,6042,,,,,,,,,,t3_psyward
standard,152,b4,blue,adc,射手,hanbing,standard,0,0,5,2,11656,11189,7878,395.1,8.61,18.52,,2,1,1,,2,716,417,,58,4066,5917,,,,,,,,,,t3_shieldbreaker|t3_rendspear
standard,152,b5,blue,sup,輔助,mantra,standard,0,0,5,1,4551,13995,9220,462.3,9.07,11.58,16.77,3,1,2,,3,627,712,,179,4927,7442,,,,,,,,,,t3_calmveil
standard,152,r1,red,top,坦克,thornwall,standard,1,3,1,1,11494,15594,11400,571.7,8.14,14.12,17.34,3,1,2,,3,252,432,,1469,3802,7062,,,,,,,,,,t3_calmveil|t3_thornmail
standard,152,r2,red,jungle,刺客,miwu,standard,1,6,1,3,10788,11188,13750,689.5,7.52,11.8,15.81,4,1,2,,4,60,1256,,1300,4390,9586,,,,,,,,,,t3_finalstring
standard,152,r3,red,mid,法師,haixiao,standard,1,5,0,3,19773,10108,12713,637.5,10.31,16.5,18.98,3,0,1,,3,1782,1262,,1863,4042,7762,,,,,,,,,,t3_psyward
standard,152,r4,red,adc,射手,hanbing,standard,1,7,1,4,16566,8456,13870,695.5,9.32,14.13,16.71,4,1,2,,4,672,212,,649,4022,8462,,,,,,,,,,t3_shieldbreaker|t3_rendspear
standard,152,r5,red,sup,輔助,mantra,standard,1,1,0,4,3673,8546,11912,597.3,6.73,11.63,14.87,3,1,3,,3,1164,124,,2871,4864,8124,,,,,,,,,,t3_calmveil
standard,153,b1,blue,top,坦克,tieshixin,standard,0,1,1,0,13587,32232,12639,457.8,9.38,14.49,20.62,4,1,2,2,4,152,272,1132,489,4002,6422,8362,6582,1120,,,400,,260,,t3_calmveil|t3_thornmail
standard,153,b2,blue,jungle,刺客,guihuo,standard,0,0,5,1,6175,15847,12128,439.3,8.33,15.24,23.18,3,1,1,2,3,282,2134,877,1047,4132,6764,8907,6582,420,,,400,1244,260,,t3_finalstring
standard,153,b3,blue,mid,法師,leiming,standard,0,1,9,0,20002,18194,11799,427.4,10.97,19.7,25.14,3,0,1,2,3,1582,362,192,969,3842,6262,8042,6582,800,,,400,,260,,t3_psyward
standard,153,b4,blue,adc,射手,xuanfeng,standard,0,14,10,1,55115,14354,19449,704.5,9.07,16.79,20.2,5,1,1,2,5,442,732,1042,3849,3792,6412,9892,6582,700,1800,,650,,160,,t3_shieldbreaker|t3_rendspear
standard,153,b5,blue,sup,輔助,huanjing,standard,0,0,4,1,7141,23526,13271,480.7,6.05,11.03,14.49,4,1,3,3,4,734,294,1474,1821,4734,7994,10514,6582,280,,300,650,,260,2442,t3_calmveil
standard,153,r1,red,top,坦克,tieshixin,standard,1,8,1,1,19909,32990,17533,635,9.27,13.78,16.46,5,1,2,3,5,412,452,992,3982,3962,6302,10922,6582,820,2400,300,500,,320,,t3_calmveil|t3_thornmail
standard,153,r2,red,jungle,刺客,guihuo,standard,1,2,2,0,9613,15046,13172,477.1,8.3,15.33,22.02,4,1,1,2,4,1071,1014,1091,721,4271,6594,9421,6582,260,600,,,1658,320,,t3_finalstring
standard,153,r3,red,mid,法師,leiming,standard,1,8,1,1,28650,19709,17813,645.2,10.19,16.97,22.24,5,0,1,2,5,1762,642,462,1662,4022,6242,9442,6582,1140,600,300,500,,320,,t3_psyward
standard,153,r4,red,adc,射手,xuanfeng,standard,1,10,10,5,41587,15577,18079,654.8,8.76,16.98,20.2,5,1,1,2,5,572,402,1722,2479,3922,5782,10622,6582,720,1800,1200,,,320,,t3_shieldbreaker|t3_rendspear
standard,153,r5,red,sup,輔助,huanjing,standard,1,1,2,3,11696,19058,15821,573,5.92,11.87,15.48,5,1,2,4,5,1684,1694,577,2620,4784,8424,11277,6582,300,600,,1000,,320,2474,t3_calmveil
standard,154,b1,blue,top,坦克,bingshouweis,standard,0,0,4,0,10034,29159,10332,408,8.28,14.28,20.68,3,1,2,2,3,992,392,1232,302,3942,6342,8522,6582,720,,,900,,320,,t3_calmveil|t3_thornmail
standard,154,b2,blue,jungle,刺客,jiansheng,standard,0,1,4,0,6072,11939,11232,443.5,8.59,16.1,21.56,3,1,1,2,3,818,1678,760,951,4018,6658,9190,6582,180,600,,400,1107,320,,t3_finalstring
standard,154,b3,blue,mid,法師,haixiao,standard,0,3,6,0,23399,15481,11892,469.6,9.49,19.82,23.42,3,1,1,2,3,212,222,222,1062,4062,6422,8822,6582,920,600,,400,,320,,t3_psyward
standard,154,b4,blue,adc,射手,phantom,standard,0,8,9,0,29012,15266,14662,579,8.99,16.29,20.53,4,1,1,2,4,572,592,992,1442,3922,6392,9272,6582,770,1200,,400,,320,,t3_shieldbreaker|t3_rendspear
standard,154,b5,blue,sup,坦克,dadi,standard,0,1,3,0,5736,24863,13088,516.8,8.16,13.23,15.73,4,1,2,3,4,1244,721,1179,888,4844,7961,11159,6582,210,600,,900,27,320,2518,t3_calmveil|t3_thornmail
standard,154,r1,red,top,坦克,bingshouweis,standard,1,4,1,0,13760,23296,13889,548.4,6.86,12.98,18.57,5,1,2,3,5,556,116,316,238,4506,7406,9866,6582,823,1800,,500,,160,,t3_calmveil|t3_thornmail
standard,154,r2,red,jungle,刺客,jiansheng,standard,1,5,2,3,10215,14096,14988,591.8,8.57,15.33,18.38,4,1,1,3,4,118,1640,109,2187,4798,6970,10809,6582,320,1800,600,,1346,160,,t3_finalstring
standard,154,r3,red,mid,法師,haixiao,standard,1,6,6,1,24242,17457,15232,601.5,10.42,19.74,22.67,3,0,1,2,3,1582,62,402,2752,3842,5662,9802,6582,860,1200,,1000,,160,,t3_psyward
standard,154,r4,red,adc,射手,phantom,standard,1,9,4,2,35676,13398,15782,623.2,9.27,17.75,20.03,4,1,1,2,4,362,352,1372,1932,3712,6152,9952,6582,810,1800,600,,,160,,t3_shieldbreaker|t3_rendspear
standard,154,r5,red,sup,坦克,dadi,standard,1,2,0,3,5842,21372,15146,598.1,5.78,11.83,16.08,5,1,2,4,5,630,1430,483,1546,5430,8670,12683,6582,426,1200,900,1000,,160,2414,t3_calmveil|t3_thornmail
standard,155,b1,blue,top,坦克,tiebi,standard,1,0,0,0,6065,28120,11317,463.5,8.28,14.66,19.73,3,1,2,3,3,892,292,252,1336,3842,6192,8852,6582,710,,,900,,660,,t3_calmveil|t3_thornmail
standard,155,b2,blue,jungle,刺客,hundun,standard,1,2,4,1,5450,12166,12603,516.2,9.63,17.31,21.9,3,1,1,2,3,306,1480,214,802,4106,6830,9514,6582,280,600,300,400,792,560,,t3_psyward
standard,155,b3,blue,mid,法師,leiming,standard,1,3,5,0,14112,14530,12167,498.3,11.05,18.62,23.75,3,0,1,2,3,1602,332,442,316,3862,6182,8422,6582,780,,,400,,660,,t3_psyward
standard,155,b4,blue,adc,射手,huanying,standard,1,13,4,0,38142,12145,18077,740.3,9.11,16.15,17.92,5,1,1,3,5,442,1012,312,2476,3792,6692,11212,6582,570,3000,,400,,660,,t3_shieldbreaker|t3_rendspear
standard,155,b5,blue,sup,輔助,luminary,standard,1,1,0,0,4383,15954,13896,569.1,5.48,13.21,14.46,5,1,3,3,5,2454,864,2832,696,4954,8564,11872,6582,300,600,,1400,,660,2329,t3_calmveil
standard,155,r1,red,top,坦克,tiebi,standard,0,1,2,0,7965,21714,11261,461.2,7.31,15.86,21.47,3,1,1,2,3,102,352,1336,1280,4002,5702,8616,6582,880,600,,500,54,0,,t3_calmveil|t3_thornmail
standard,155,r2,red,jungle,刺客,hundun,standard,0,2,6,0,5093,12087,11619,475.9,9.98,17.27,22.72,3,1,1,2,3,106,1271,431,589,4856,7071,9611,6582,260,1200,,166,1401,0,,t3_psyward
standard,155,r3,red,mid,法師,leiming,standard,0,2,6,0,13364,14280,10711,438.7,10.63,18.39,23.8,3,0,1,2,3,1582,199,827,211,3842,5749,8627,6582,760,600,,666,18,0,,t3_psyward
standard,155,r4,red,adc,射手,huanying,standard,0,8,2,2,33578,11534,15603,639,9.68,16.58,19.83,4,1,1,3,4,472,669,299,1753,3822,6349,11679,6582,680,2400,600,1416,,0,,t3_shieldbreaker|t3_rendspear
standard,155,r5,red,sup,輔助,luminary,standard,0,0,3,3,5818,18079,11385,466.3,6.74,11.67,16.25,4,1,2,3,4,1084,850,860,684,4784,7330,9900,6582,260,,900,250,,0,1908,t3_calmveil
standard,156,b1,blue,top,坦克,shengdun,standard,1,0,3,0,9188,20349,9219,431.6,8.59,13.98,20.93,3,1,2,2,3,332,112,1332,369,3882,6442,8562,6582,720,,,900,,360,,t3_calmveil|t3_thornmail
standard,156,b2,blue,jungle,刺客,razorwing,standard,1,0,3,0,3249,9896,9359,438.2,9.27,16.71,,2,1,1,2,2,718,746,528,1029,3918,6326,8558,6582,280,,,400,936,360,,t3_finalstring
standard,156,b3,blue,mid,法師,mingyun2,standard,1,1,4,0,10242,11313,9339,437.3,10.3,17.7,,2,0,1,2,2,1582,552,232,289,3842,6002,8682,6582,740,600,,400,,360,,t3_psyward
standard,156,b4,blue,adc,射手,siwang,standard,1,8,1,0,19033,9628,14769,691.5,10.68,15.08,17.84,4,0,1,3,4,1932,2092,1112,1549,4092,7292,12912,6582,970,3600,,1400,,360,,t3_shieldbreaker|t3_rendspear
standard,156,b5,blue,sup,輔助,xuemai,standard,1,0,3,2,4479,14706,10412,487.5,7.62,11.98,16.87,3,1,2,3,3,924,586,716,1372,4874,7616,9756,6582,170,,600,400,,160,1843,t3_calmveil
standard,156,r1,red,top,坦克,shengdun,standard,0,2,0,0,10316,19988,10919,511.2,9.07,14.23,18.25,3,1,2,3,3,932,112,1012,989,3882,6262,10462,6582,940,1200,,1500,,240,,t3_calmveil|t3_thornmail
standard,156,r2,red,jungle,刺客,razorwing,standard,0,1,1,1,7924,11689,9576,448.4,8.77,14.75,,2,1,2,2,2,212,200,524,1246,4542,6850,8854,6582,200,600,,,1231,240,,t3_finalstring
standard,156,r3,red,mid,法師,mingyun2,standard,0,2,5,2,9648,12047,10059,471,11.03,17.23,,2,0,1,2,2,1552,512,202,659,3812,5962,9602,6582,730,1200,600,250,,240,,t3_psyward
standard,156,r4,red,adc,射手,siwang,standard,0,9,1,0,20892,8870,14579,682.6,9.05,16.24,19.06,4,1,1,3,4,692,1202,482,729,4042,6882,11682,6582,1110,3000,,750,,240,,t3_shieldbreaker|t3_rendspear
standard,156,r5,red,sup,輔助,xuemai,standard,0,0,2,3,4645,13203,10380,486,5.69,11.6,17.22,3,1,2,3,3,254,304,734,1340,4854,7334,9774,6582,340,,600,,,240,2011,t3_calmveil
standard,157,b1,blue,top,坦克,xukong,standard,0,0,1,0,5658,26403,8469,393.4,8.18,15.44,21.21,3,1,1,2,3,752,636,486,218,3702,6036,7916,6582,833,,,500,,0,,t3_calmveil|t3_thornmail
standard,157,b2,blue,jungle,刺客,yeiren,standard,0,0,6,0,5914,12153,8236,382.6,9.42,18.47,,2,1,1,2,2,566,418,683,286,3766,5748,7683,6582,353,,,,747,0,,t3_finalstring
standard,157,b3,blue,mid,法師,bingshuang,standard,0,0,5,0,12241,13482,7925,368.2,10.45,20.1,,2,0,1,1,2,1562,182,932,275,3822,5612,7412,6582,830,,,,,0,,t3_psyward
standard,157,b4,blue,adc,射手,maestro,standard,0,1,4,0,14714,11691,8930,414.9,9.11,18.88,,2,1,1,2,2,392,136,297,779,3742,5516,7817,6582,626,,,500,108,0,,t3_shieldbreaker|t3_rendspear
standard,157,b5,blue,sup,坦克,longji,standard,0,1,2,0,6710,18770,10642,494.4,7.06,12.5,16.11,3,1,2,3,3,1124,1028,549,1061,4724,7828,10129,6582,276,600,,,27,0,2642,t3_calmveil|t3_thornmail
standard,157,r1,red,top,坦克,xukong,standard,1,3,0,1,14134,19403,11875,551.7,9.28,14.92,19.49,3,1,2,3,3,832,32,312,1845,3782,5982,9442,6582,600,600,300,800,,560,,t3_calmveil|t3_thornmail
standard,157,r2,red,jungle,刺客,yeiren,standard,1,1,0,1,4509,8827,10608,492.8,8.9,13.32,20.65,3,1,2,2,3,294,320,1618,628,4194,7500,9748,6582,210,600,300,300,1195,560,,t3_finalstring
standard,157,r3,red,mid,法師,bingshuang,standard,1,4,0,0,19728,11807,12145,564.2,11.38,16.38,19.77,3,0,1,3,3,1622,742,282,545,3882,7242,10832,6582,840,1800,,1050,,560,,t3_psyward
standard,157,r4,red,adc,射手,maestro,standard,1,9,1,1,29507,8852,15765,732.4,9.45,14.27,18.86,3,1,2,3,3,372,302,892,3965,3722,7682,12692,6582,600,3600,300,1050,,560,,t3_shieldbreaker|t3_rendspear
standard,157,r5,red,sup,坦克,longji,standard,1,1,1,3,7286,15994,12413,576.7,6.55,12.08,17.27,4,1,2,3,4,624,774,1120,813,4824,8014,11100,6582,190,600,300,300,,560,2568,t3_calmveil|t3_thornmail
standard,158,b1,blue,top,坦克,tiemu,standard,1,0,3,0,10530,30457,11082,436.7,8.66,16.43,20.95,3,1,1,2,3,852,622,246,1492,3802,5772,7976,6582,763,,,250,,380,,t3_calmveil|t3_thornmail
standard,158,b2,blue,jungle,刺客,sting,standard,1,0,5,1,7345,13011,10733,423,8.57,17.48,23.02,3,1,1,2,3,662,866,504,752,3862,6196,8454,6582,60,,300,250,882,380,,t3_finalstring
standard,158,b3,blue,mid,法師,mingyun2,standard,1,6,9,1,19709,17282,14852,585.3,10.48,17.27,22.19,4,0,1,2,4,1742,672,566,1022,4002,6422,9966,6582,853,1800,150,500,,80,,t3_psyward
standard,158,b4,blue,adc,射手,liuxing,standard,1,7,7,2,23848,15484,14882,586.5,8.48,18.24,22.16,4,1,1,2,4,582,232,796,1332,3932,5732,9546,6582,783,1200,600,,,380,,t3_shieldbreaker|t3_rendspear
standard,158,b5,blue,sup,坦克,stoneguard,standard,1,1,1,3,9567,23500,14448,569.4,6.73,12.28,15.56,5,1,2,4,5,414,1658,331,847,4914,8898,11231,6582,260,600,450,500,54,380,2404,t3_calmveil|t3_thornmail
standard,158,r1,red,top,坦克,tiemu,standard,0,3,0,1,15255,20822,12999,512.3,6.8,15,17.89,4,1,2,3,4,652,52,1522,748,4302,6462,10652,6582,560,1800,150,1300,,260,,t3_calmveil|t3_thornmail
standard,158,r2,red,jungle,刺客,sting,standard,0,2,4,2,8421,13524,12306,485,8.57,15.9,22.16,3,1,1,2,3,124,1100,342,1426,4024,6430,8772,6582,200,,450,300,979,260,,t3_finalstring
standard,158,r3,red,mid,法師,mingyun2,standard,0,2,5,2,16641,14471,11889,468.5,10.34,17.5,23.31,3,0,1,2,3,1642,602,942,158,3902,6802,9272,6582,880,600,150,800,,260,,t3_psyward
standard,158,r4,red,adc,射手,liuxing,standard,0,14,4,1,45908,13702,19789,779.9,8.44,14.36,19.77,5,1,2,3,5,622,282,642,4188,3972,7482,12442,6582,1050,3600,150,800,,260,,t3_shieldbreaker|t3_rendspear
standard,158,r5,red,sup,坦克,stoneguard,standard,0,4,1,6,7775,24068,15845,624.4,7.63,12.1,16.45,5,1,2,4,5,584,1314,468,2244,4784,8554,12068,6582,190,1800,600,300,18,160,2418,t3_calmveil|t3_thornmail
standard,159,b1,blue,top,坦克,longji,standard,0,0,1,1,6482,25117,9571,423.8,7.84,14.49,19.15,3,1,2,3,3,312,312,252,520,3862,6162,8702,6582,940,,300,600,,280,,t3_calmveil|t3_thornmail
standard,159,b2,blue,jungle,刺客,yingsi,standard,0,1,4,0,3862,11313,10390,460.1,8.64,16.37,19.91,3,1,1,3,3,202,558,72,640,4052,6138,9522,6582,360,600,,600,1099,280,,t3_finalstring
standard,159,b3,blue,mid,法師,bingshuang,standard,0,1,4,0,15246,13863,9991,442.4,10.68,19.17,,2,0,1,2,2,1662,132,412,1110,3922,5862,8542,6582,980,600,,100,,280,,t3_psyward
standard,159,b4,blue,adc,射手,shensheng,standard,0,2,3,0,13147,10747,9861,436.6,10.07,18.52,21.86,3,0,1,2,3,1452,212,372,260,3612,5292,7892,6582,530,600,,100,,80,,t3_shieldbreaker|t3_rendspear
standard,159,b5,blue,sup,輔助,mingyunyindao,standard,0,0,3,0,5326,18258,10659,472,6.13,11.38,17.95,4,1,2,3,4,474,320,630,258,4774,7050,9670,6582,270,,,600,54,280,1884,t3_calmveil
standard,159,r1,red,top,坦克,longji,standard,1,1,1,2,8408,22163,11424,505.9,7.99,14.15,20.3,3,1,2,2,3,792,472,2452,1494,3742,6322,9682,6582,630,600,150,1400,,320,,t3_calmveil|t3_thornmail
standard,159,r2,red,jungle,刺客,yingsi,standard,1,2,2,1,8665,11565,11850,524.7,7.14,13.32,19.67,3,1,2,3,3,504,1060,236,770,4834,8190,10666,6582,260,1200,300,400,1603,320,,t3_finalstring
standard,159,r3,red,mid,法師,bingshuang,standard,1,3,0,1,21561,11823,11741,519.9,10.38,17.45,,2,0,1,2,2,1712,292,442,2340,3972,6792,9192,6582,990,600,300,400,,320,,t3_psyward
standard,159,r4,red,adc,射手,shensheng,standard,1,8,0,0,24182,9229,14704,651.1,10.74,15.75,20,4,0,1,3,4,1472,1142,102,854,3632,6822,10882,6582,680,2400,,900,,320,,t3_shieldbreaker|t3_rendspear
standard,159,r5,red,sup,輔助,mingyunyindao,standard,1,1,1,1,4649,10501,12102,535.9,7.19,11.47,15.22,4,1,2,4,4,1604,750,320,1702,4704,7780,10720,6582,320,600,150,900,,320,1848,t3_calmveil
standard,160,b1,blue,top,坦克,tixue,standard,1,2,1,1,11801,17842,11090,518.4,7.82,13.88,19.93,3,1,2,3,3,192,772,312,1060,4142,7602,10342,6582,1140,1200,300,600,,520,,t3_calmveil|t3_thornmail
standard,160,b2,blue,jungle,刺客,youming,standard,1,2,3,0,6042,8987,10980,513.3,8.26,15.89,21.13,3,1,1,2,3,800,1994,1282,580,4000,7324,9712,6582,330,600,,600,1080,520,,t3_finalstring
standard,160,b3,blue,mid,法師,mingyun2,standard,1,0,3,1,12816,13318,9600,448.8,9.93,18.98,,2,1,1,2,2,52,232,142,550,3902,6432,8892,6582,890,,300,600,,520,,t3_psyward
standard,160,b4,blue,adc,射手,liangzicz,standard,1,4,2,1,19138,10361,13060,610.5,8.53,14.3,19.31,3,1,2,3,3,582,272,102,1260,3932,7472,11252,6582,950,1800,300,1100,,520,,t3_shieldbreaker|t3_rendspear
standard,160,b5,blue,sup,坦克,shiqiang,standard,1,0,3,1,7527,18267,11562,540.5,7.69,13.29,16.86,4,1,2,3,4,364,734,1374,262,4864,7974,10874,6582,250,,300,600,,320,2821,t3_calmveil|t3_thornmail
standard,160,r1,red,top,坦克,tixue,standard,0,6,1,1,12436,21398,13260,619.9,8.54,14.11,17.69,4,1,2,3,4,1652,572,1002,1830,4602,6822,10592,6582,860,2400,150,500,,100,,t3_calmveil|t3_thornmail
standard,160,r2,red,jungle,刺客,youming,standard,0,0,3,0,5438,9498,8737,408.4,8.13,18.14,,2,1,1,2,2,774,838,341,306,3974,6168,8121,6582,480,,,,1058,0,,t3_finalstring
standard,160,r3,red,mid,法師,mingyun2,standard,0,3,3,4,18569,14132,11767,550.1,9.92,16.83,20.24,3,1,1,2,3,32,322,1299,917,3882,6222,10699,6582,1100,1800,450,666,,100,,t3_psyward
standard,160,r4,red,adc,射手,liangzicz,standard,0,2,1,1,10310,9978,10440,488.1,9.44,16.08,21.13,3,1,1,2,3,282,326,292,220,3632,6126,8872,6582,623,600,300,666,,100,,t3_shieldbreaker|t3_rendspear
standard,160,r5,red,sup,坦克,shiqiang,standard,0,1,0,5,8238,20031,12101,565.7,7.71,12.16,16.86,4,1,2,4,4,294,390,333,500,5094,7630,11633,6582,336,600,1200,166,,100,2647,t3_calmveil|t3_thornmail
standard,161,b1,blue,top,坦克,suishan,standard,0,0,3,0,7747,20082,8518,416.9,9.5,17.52,20.1,3,1,1,2,3,712,252,1842,268,3662,5402,8372,6582,540,,,1250,,0,,t3_calmveil|t3_thornmail
standard,161,b2,blue,jungle,戰士,rongyan,standard,0,0,3,0,5541,13107,7632,373.5,9.55,18.47,,2,1,1,2,2,648,340,286,431,3748,5570,7486,6582,93,,,,810,0,,t3_finalstring|t3_shieldbreaker
standard,161,b3,blue,mid,法師,bingshuang,standard,0,0,5,1,10554,10979,8148,398.8,11.27,19.37,,2,0,1,2,2,1532,282,652,318,3792,5612,8002,6582,870,,300,250,,0,,t3_psyward
standard,161,b4,blue,adc,射手,xingchen,standard,0,2,2,0,12530,11714,9128,446.7,9.7,17.53,,2,1,1,2,2,372,382,232,378,3722,5582,8982,6582,700,1200,,500,,0,,t3_shieldbreaker|t3_rendspear
standard,161,b5,blue,sup,坦克,tixue,standard,0,0,2,0,4061,17333,9196,450,6.92,13.24,17.96,3,1,2,3,3,244,320,70,215,4694,7120,9050,6582,236,,,,,0,2230,t3_calmveil|t3_thornmail
standard,161,r1,red,top,坦克,suishan,standard,1,1,0,1,9812,13739,9708,475.1,8.55,16.13,19.85,3,1,1,3,3,912,1112,232,578,3862,6262,9362,6582,920,600,300,400,,560,,t3_calmveil|t3_thornmail
standard,161,r2,red,jungle,戰士,rongyan,standard,1,6,0,0,8301,12084,13517,661.5,8.98,16.5,17.3,4,1,1,4,4,524,2739,291,636,4324,8219,13171,6582,293,3600,,566,1568,560,,t3_finalstring|t3_shieldbreaker
standard,161,r3,red,mid,法師,bingshuang,standard,1,3,2,0,17382,10871,11558,565.7,9.74,14.18,,2,1,2,2,2,102,382,1812,2158,3952,7932,11212,6582,870,1800,,1400,,560,,t3_psyward
standard,161,r4,red,adc,射手,xingchen,standard,1,4,0,4,17683,7971,12498,611.7,9.57,14.92,18.17,3,1,2,3,3,492,312,402,1348,3842,7212,11552,6582,993,1800,1050,566,,560,,t3_shieldbreaker|t3_rendspear
standard,161,r5,red,sup,坦克,tixue,standard,1,1,0,2,7630,14630,11722,573.7,7.08,12.73,15.66,4,1,2,3,4,320,535,1955,121,4820,7775,11335,6582,203,600,450,1066,,560,1873,t3_calmveil|t3_thornmail
standard,162,b1,blue,top,坦克,stoneguard,standard,0,0,0,0,6321,23018,8406,402.3,7.7,14.53,,2,1,2,2,2,319,299,856,1175,3869,6149,8086,6582,843,,,500,,160,,t3_calmveil|t3_thornmail
standard,162,b2,blue,jungle,戰士,tielian,standard,0,2,1,0,5546,12665,9716,465,9.21,14.98,20.75,3,1,2,2,3,138,22,718,165,3888,7072,9268,6582,280,1200,,,1045,160,,t3_shieldbreaker|t3_finalstring
standard,162,b3,blue,mid,法師,lieyan,standard,0,0,2,0,13899,11511,8046,385.1,10.16,19.83,,2,0,1,2,2,1709,519,176,495,3969,5669,7726,6582,983,,,,,160,,t3_psyward
standard,162,b4,blue,adc,射手,liangzi,standard,0,5,4,1,15383,10213,11344,543,11.27,18.24,20.43,3,0,1,2,3,1702,272,1594,1023,3862,5952,10444,6582,733,2400,300,250,18,160,,t3_shieldbreaker|t3_rendspear
standard,162,b5,blue,sup,輔助,linghun,standard,0,1,2,0,3157,13350,10863,520,5.63,13.17,14.88,3,1,3,3,3,490,120,793,1633,4790,7820,10023,6582,199,600,,250,,160,2230,t3_calmveil
standard,162,r1,red,top,坦克,stoneguard,standard,1,1,1,0,6939,18008,10839,518.8,9,14.78,18.25,3,1,2,3,3,886,166,506,1389,3836,6316,9956,6582,933,600,,1400,,440,,t3_calmveil|t3_thornmail
standard,162,r2,red,jungle,戰士,tielian,standard,1,0,0,0,6498,11432,9706,464.6,9.27,16.84,,2,1,1,2,2,845,1331,415,1156,3945,6761,8965,6582,233,,,400,1309,440,,t3_shieldbreaker|t3_finalstring
standard,162,r3,red,mid,法師,lieyan,standard,1,4,3,0,17992,11972,11622,556.3,10.6,14.83,,2,0,2,2,2,1722,72,722,2222,3982,7622,10122,6582,1000,1200,,900,,440,,t3_psyward
standard,162,r4,red,adc,射手,liangzi,standard,1,4,3,1,15403,8257,10736,513.9,10.43,17.18,20.43,3,0,1,2,3,1496,676,1536,255,3656,6356,10436,6582,513,2400,300,400,,240,,t3_shieldbreaker|t3_rendspear
standard,162,r5,red,sup,輔助,linghun,standard,1,0,1,1,3519,10811,11370,544.2,7.69,12.28,15.53,3,1,2,3,3,364,657,917,2140,4664,7687,10147,6582,200,,,900,,440,2024,t3_calmveil
standard,163,b1,blue,top,坦克,ironclad,standard,0,0,2,0,5956,16966,7748,419.5,8.18,15.59,,2,1,1,,2,792,662,,997,3742,5962,,,,,,,,,,t3_calmveil|t3_thornmail
standard,163,b2,blue,jungle,戰士,cinderfist,standard,0,0,2,0,3041,10528,7441,402.9,9.51,17.08,,2,1,1,,2,376,686,,690,4126,6116,,,,,,,,,,t3_shieldbreaker|t3_finalstring
standard,163,b3,blue,mid,法師,shikong,standard,0,0,5,1,8338,11225,7608,412,10.41,18.13,,2,0,1,,2,1402,272,,257,3662,5602,,,,,,,,,,t3_psyward
standard,163,b4,blue,adc,射手,shengyan,standard,0,2,2,0,8591,7662,8448,457.5,9.82,17.27,,2,1,1,,2,332,282,,297,3682,5482,,,,,,,,,,t3_shieldbreaker|t3_rendspear
standard,163,b5,blue,sup,輔助,shiguang,standard,0,0,3,0,4031,11580,9292,503.2,7.09,11.86,16.23,3,1,2,,3,438,438,,832,4738,7168,,,,,,,,,,t3_calmveil
standard,163,r1,red,top,坦克,ironclad,standard,1,2,0,1,8906,13438,9544,516.8,9.02,14.74,17.77,3,1,2,,3,892,352,,694,3842,6202,,,,,,,,,,t3_calmveil|t3_thornmail
standard,163,r2,red,jungle,戰士,cinderfist,standard,1,8,0,0,11947,10832,13987,757.4,8.69,11.96,15.55,4,1,2,,4,2020,1748,,1056,6250,10298,,,,,,,,,,t3_shieldbreaker|t3_finalstring
standard,163,r3,red,mid,法師,shikong,standard,1,0,0,2,8796,10212,9014,488.1,10.64,17.07,,2,0,1,,2,1642,262,,564,3902,6462,,,,,,,,,,t3_psyward
standard,163,r4,red,adc,射手,shengyan,standard,1,4,2,0,10688,6881,10684,578.6,10.46,16.27,18.2,3,0,1,,3,1702,672,,384,3862,6352,,,,,,,,,,t3_shieldbreaker|t3_rendspear
standard,163,r5,red,sup,輔助,shiguang,standard,1,0,0,2,4013,9372,11068,599.4,6.8,12.66,14.85,4,1,3,,4,184,194,,568,4784,7894,,,,,,,,,,t3_calmveil
standard,164,b1,blue,top,坦克,tieshixin,standard,0,2,3,0,9185,20217,10950,478,9.53,14.27,18.54,3,1,2,3,3,732,252,302,1320,3682,6502,9332,6582,570,600,,1500,,80,,t3_calmveil|t3_thornmail
standard,164,b2,blue,jungle,戰士,chichuan,standard,0,0,4,0,7673,18338,8939,390.2,8.26,18.32,,2,1,1,2,2,946,490,378,709,4046,5970,7778,6582,60,,,,955,180,,t3_finalstring|t3_shieldbreaker
standard,164,b3,blue,mid,法師,lieyan,standard,0,3,2,1,15210,14907,11440,499.4,9.92,17.36,21.58,3,1,1,2,3,32,222,432,240,3882,5732,9712,6582,750,1200,,1000,,180,,t3_psyward
standard,164,b4,blue,adc,射手,mirrorshot,standard,0,3,5,3,24065,12468,11353,495.6,8.57,17.24,21.62,3,1,1,2,3,552,422,1176,373,3902,6222,9026,6582,713,600,450,500,,180,,t3_shieldbreaker|t3_rendspear
standard,164,b5,blue,sup,坦克,tixue,standard,0,0,3,3,5356,22348,11810,515.5,7.12,12.64,16.73,4,1,2,3,4,864,334,153,430,4764,7574,10533,6582,146,,450,500,,180,2673,t3_calmveil|t3_thornmail
standard,164,r1,red,top,坦克,tieshixin,standard,1,4,0,1,12198,21654,12700,554.4,8.89,12.31,16.3,4,1,2,3,4,832,952,1832,450,3782,8242,11262,6582,720,2400,300,900,,360,,t3_calmveil|t3_thornmail
standard,164,r2,red,jungle,戰士,chichuan,standard,1,2,0,1,10708,15196,11494,501.7,7.52,15.57,21.09,3,1,1,2,3,198,1908,792,1114,3998,7388,9392,6582,280,600,150,400,1020,360,,t3_finalstring|t3_shieldbreaker
standard,164,r3,red,mid,法師,lieyan,standard,1,1,4,0,18864,14278,10680,466.2,11.18,19.3,,2,0,1,2,2,1542,742,372,1280,3802,6342,8222,6582,880,,,400,,360,,t3_psyward
standard,164,r4,red,adc,射手,mirrorshot,standard,1,10,2,0,24652,12639,15530,677.9,8.98,14.18,18.42,4,1,2,3,4,462,1132,1552,1680,3812,8032,11772,6582,830,3600,,400,,360,,t3_shieldbreaker|t3_rendspear
standard,164,r5,red,sup,坦克,tixue,standard,1,0,2,4,6230,19252,12400,541.3,9.83,12.49,17.69,4,1,2,3,4,174,404,1122,799,4674,7644,10322,6582,170,,450,400,,160,2559,t3_calmveil|t3_thornmail
standard,165,b1,blue,top,坦克,tiankong,standard,0,0,3,1,4748,19167,8983,441.3,9.03,15.73,18.58,3,1,1,3,3,772,382,232,53,3722,5682,8862,6582,800,,300,1000,,180,,t3_calmveil|t3_thornmail
standard,165,b2,blue,jungle,戰士,dadi2,standard,0,0,2,0,6507,13150,8379,411.6,8.96,17.96,,2,1,1,2,2,886,988,320,549,3986,6118,8150,6582,380,,,,1008,180,,t3_shieldbreaker|t3_finalstring
standard,165,b3,blue,mid,法師,shikong,standard,0,1,2,0,9057,11874,9413,462.4,10.29,17.52,,2,0,1,2,2,1732,292,962,333,3992,6492,9292,6582,930,600,,1000,,180,,t3_psyward
standard,165,b4,blue,adc,射手,hanbing,standard,0,1,1,0,9617,9534,8773,430.9,9.83,17.59,,2,1,1,2,2,502,112,432,823,3852,5792,8052,6582,790,,,500,,180,,t3_shieldbreaker|t3_rendspear
standard,165,b5,blue,sup,輔助,mantra,standard,0,1,4,0,5573,14645,9810,481.8,6.12,11.39,17.13,3,1,2,3,3,504,474,649,769,4804,7204,9689,6582,180,600,,,,80,2246,t3_calmveil
standard,165,r1,red,top,坦克,tiankong,standard,1,4,0,0,6000,16671,12113,595,9.97,13.52,16.7,3,1,2,3,3,142,882,1982,2183,3692,7632,11912,6582,610,2400,,2000,,320,,t3_calmveil|t3_thornmail
standard,165,r2,red,jungle,戰士,dadi2,standard,1,5,0,2,13302,12704,12691,623.4,9.52,14.28,18.17,3,1,2,3,3,403,645,1140,1340,4153,8295,12490,6582,260,3000,450,500,1377,320,,t3_shieldbreaker|t3_finalstring
standard,165,r3,red,mid,法師,shikong,standard,1,0,3,0,8090,10969,9033,443.7,10.42,19.06,,2,0,1,2,2,1552,312,802,1003,3812,6212,8832,6582,930,,,1000,,320,,t3_psyward
standard,165,r4,red,adc,射手,hanbing,standard,1,3,0,0,16471,7959,10753,528.2,9.53,17.58,19.75,3,1,1,3,3,352,452,552,753,3702,6132,10552,6582,850,1800,,1000,,320,,t3_shieldbreaker|t3_rendspear
standard,165,r5,red,sup,輔助,mantra,standard,1,0,0,3,4384,10087,11015,541.1,7.75,11.48,15.37,3,1,2,3,3,104,604,1584,1785,4704,7634,10814,6582,230,,750,1000,,320,1932,t3_calmveil
standard,166,b1,blue,top,坦克,tiebi,standard,1,0,9,1,23999,64312,18059,416.7,8.48,14.49,20.06,5,1,2,2,5,832,272,1352,4508,3782,6122,8582,6582,620,,300,500,,580,,t3_calmveil|t3_thornmail
standard,166,b2,blue,jungle,戰士,langwang,standard,1,7,8,0,27927,40448,23145,534,6.65,16.61,21.42,5,1,1,2,5,206,1521,1556,7895,4436,6951,10106,6582,143,1200,,500,1100,580,,t3_shieldbreaker|t3_finalstring
standard,166,b3,blue,mid,法師,lieyan,standard,1,23,19,0,81488,38884,31036,716.1,11.03,17.58,22.61,5,0,1,2,5,1632,362,1022,14885,3892,6112,8872,6582,610,600,,500,,580,,t3_psyward
standard,166,b4,blue,adc,射手,xuanfeng,standard,1,35,19,3,224304,29462,38746,894,8.37,16.68,19.83,5,1,1,3,5,592,1122,82,23145,3942,6802,10982,6582,720,2400,300,500,,480,,t3_shieldbreaker|t3_rendspear
standard,166,b5,blue,sup,輔助,huanjing,standard,1,1,5,6,20363,39699,22249,513.3,5.66,13.68,15.87,5,1,2,4,5,224,562,472,9048,4824,7592,11432,6582,106,600,600,1000,54,580,1909,t3_calmveil
standard,166,r1,red,top,坦克,tiebi,standard,0,2,11,1,22984,67910,18866,435.3,9.17,15.27,20.06,5,1,1,2,5,712,372,1412,5315,3662,5422,8642,6582,560,,,1500,,0,,t3_calmveil|t3_thornmail
standard,166,r2,red,jungle,戰士,langwang,standard,0,10,7,0,37962,42847,24627,568.2,8.1,17.02,23.05,5,1,1,2,5,328,886,195,9377,4078,6316,8445,6582,386,,,,1476,0,,t3_shieldbreaker|t3_finalstring
standard,166,r3,red,mid,法師,lieyan,standard,0,18,19,5,78958,36628,29512,680.9,10.13,18.27,23.53,5,0,1,2,5,1622,162,716,13362,3882,5762,8746,6582,913,600,150,500,,0,,t3_psyward
standard,166,r4,red,adc,射手,xuanfeng,standard,0,30,24,1,159076,26758,34039,785.4,12.53,17.58,20.86,5,0,1,2,5,1622,262,72,18438,3782,5642,8922,6582,840,1200,300,,,0,,t3_shieldbreaker|t3_rendspear
standard,166,r5,red,sup,輔助,huanjing,standard,0,0,5,7,18210,37594,20664,476.8,5.95,11.58,16.32,5,1,2,3,5,664,397,240,7463,4664,7427,9470,6582,299,,150,500,,0,1938,t3_calmveil
standard,167,b1,blue,top,坦克,shengdun,standard,0,0,3,0,9130,23165,8050,391.6,7.89,15.15,,2,1,1,2,2,92,562,392,320,3742,5962,7822,6582,740,,,500,,0,,t3_calmveil|t3_thornmail
standard,167,b2,blue,jungle,戰士,jingci,standard,0,0,2,0,3860,13347,8089,393.5,8.99,17.45,,2,1,1,2,2,731,595,593,288,3831,5825,7793,6582,280,,,,830,100,,t3_finalstring|t3_shieldbreaker
standard,167,b3,blue,mid,法師,shikong,standard,0,0,8,0,10762,13115,8084,393.2,11.37,18.62,,2,0,1,2,2,1502,676,166,353,3762,5576,7896,6582,713,,,500,,100,,t3_psyward
standard,167,b4,blue,adc,射手,phantom,standard,0,1,2,0,11997,10546,8158,396.8,10.04,19.26,,2,0,1,2,2,1562,250,1070,358,3722,5450,7970,6582,660,600,,,27,100,,t3_shieldbreaker|t3_rendspear
standard,167,b5,blue,sup,坦克,dadi,standard,0,0,2,0,5762,16085,9621,468,7.61,12.83,17.75,3,1,2,3,3,541,233,333,520,4741,7613,9433,6582,206,,,500,27,100,2016,t3_calmveil|t3_thornmail
standard,167,r1,red,top,坦克,shengdun,standard,1,1,0,2,8588,18465,10790,524.9,8.84,14.13,18.4,3,1,2,3,3,872,412,372,760,3822,6362,10402,6582,740,600,600,1400,,480,,t3_calmveil|t3_thornmail
standard,167,r2,red,jungle,戰士,jingci,standard,1,5,0,0,11109,11978,12144,590.7,7.3,12.97,18.41,3,1,2,3,3,564,1268,1676,2063,4364,8368,11756,6582,110,3000,,400,1183,480,,t3_finalstring|t3_shieldbreaker
standard,167,r3,red,mid,法師,shikong,standard,1,6,0,2,18703,10675,13380,650.9,9.33,15.08,19.02,3,1,1,3,3,432,1572,542,1780,4282,8072,12142,6582,1080,3000,600,400,,480,,t3_psyward
standard,167,r4,red,adc,射手,phantom,standard,1,5,1,2,15440,9643,12650,615.3,10.1,17.09,18.65,3,0,1,3,3,2362,1122,2362,850,4522,6922,12262,6582,700,3000,600,900,,480,,t3_shieldbreaker|t3_rendspear
standard,167,r5,red,sup,坦克,dadi,standard,1,0,0,2,7143,15422,11252,547.3,6.77,12.01,16.06,3,1,2,3,3,254,1184,634,1271,4754,8424,10614,6582,210,,600,400,,480,2341,t3_calmveil|t3_thornmail
standard,168,b1,blue,top,坦克,shiqiang,standard,0,0,4,1,11628,28601,10466,420.5,9.48,15.63,20.1,3,1,1,2,3,252,402,992,876,3902,5802,8722,6582,820,,,1000,,320,,t3_calmveil|t3_thornmail
standard,168,b2,blue,jungle,戰士,embercoil,standard,0,0,4,1,8208,19373,10601,425.9,8.26,16.09,22.54,3,1,1,2,3,780,1044,814,701,3880,6524,8694,6582,246,,,500,1045,320,,t3_finalstring|t3_shieldbreaker
standard,168,b3,blue,mid,法師,xingjie,standard,0,3,4,0,23569,17701,11463,460.5,10.91,18.49,21.93,3,0,1,2,3,1542,662,79,113,3802,6262,8209,6582,706,600,,,,320,,t3_psyward
standard,168,b4,blue,adc,射手,yanfeng,standard,0,2,3,3,24912,13871,11801,474.1,9.98,17.83,20.83,3,1,1,2,3,570,360,847,1001,3920,5860,8647,6582,926,,300,500,18,320,,t3_shieldbreaker|t3_rendspear
standard,168,b5,blue,sup,坦克,thornwall,standard,0,1,2,1,6019,27383,13037,523.8,7.01,12.97,17.27,4,1,2,3,4,624,413,1353,1257,4824,7793,10933,6582,380,600,,1000,,320,2050,t3_calmveil|t3_thornmail
standard,168,r1,red,top,坦克,shiqiang,standard,1,4,0,2,13416,28486,13442,540,8.56,13.75,18.21,4,1,2,3,4,108,748,548,1192,3758,7578,10578,6582,620,2400,,700,36,240,,t3_calmveil|t3_thornmail
standard,168,r2,red,jungle,戰士,embercoil,standard,1,3,0,2,12778,17569,14058,564.8,8.64,16.52,19.09,4,1,1,3,4,154,2414,1146,1658,4434,7894,10746,6582,400,1200,600,200,1524,240,,t3_finalstring|t3_shieldbreaker
standard,168,r3,red,mid,法師,xingjie,standard,1,2,2,3,20960,13724,12016,482.7,10.63,18.17,23.78,3,0,1,2,3,1442,402,1082,686,3702,6602,8932,6582,860,600,450,200,,240,,t3_psyward
standard,168,r4,red,adc,射手,yanfeng,standard,1,5,3,3,32137,12753,14506,582.8,9.31,16.68,20.95,4,1,1,2,4,422,702,972,656,3772,6502,9552,6582,730,600,450,950,,240,,t3_shieldbreaker|t3_rendspear
standard,168,r5,red,sup,坦克,thornwall,standard,1,3,1,2,9325,21695,14655,588.8,7.68,11.2,15.57,4,1,2,3,4,494,1164,821,2455,5294,8404,10801,6582,230,600,300,450,,240,2398,t3_calmveil|t3_thornmail
standard,169,b1,blue,top,坦克,tiemu,standard,0,0,3,0,10910,28684,10718,410.4,9.11,14.7,21.25,3,1,2,2,3,952,282,1162,738,3902,6182,8442,6582,700,,,800,,360,,t3_calmveil|t3_thornmail
standard,169,b2,blue,jungle,戰士,hunpo,standard,0,0,6,0,4696,13274,11288,432.2,10.41,17.7,25.49,3,0,1,2,3,1848,258,250,538,4058,6658,8650,6582,200,,,300,1207,360,,t3_psyward
standard,169,b3,blue,mid,法師,auralith,standard,0,2,7,0,24908,17998,11931,456.8,11.03,15.93,22.46,3,0,1,2,3,1602,1546,206,651,3862,7396,9136,6582,793,600,,800,,360,,t3_psyward
standard,169,b4,blue,adc,射手,siwang,standard,0,10,6,1,35256,13581,16498,631.7,8.56,15.61,19.46,5,1,1,3,5,572,1422,962,898,3922,7102,11262,6582,720,3000,300,300,,360,,t3_shieldbreaker|t3_rendspear
standard,169,b5,blue,sup,輔助,shengming,standard,0,0,2,0,7275,17008,12017,460.1,6.37,12.13,17.52,4,1,2,3,4,784,412,702,1137,4784,7442,9742,6582,226,,,800,,160,1972,t3_calmveil
standard,169,r1,red,top,坦克,tiemu,standard,1,4,0,3,14447,29403,14945,572.2,8.03,13.75,19.05,5,1,2,3,5,346,466,1026,1344,4846,7266,11006,6582,913,1800,450,1000,,260,,t3_calmveil|t3_thornmail
standard,169,r2,red,jungle,戰士,hunpo,standard,1,6,3,1,12120,15153,15585,596.7,8.4,15.48,20.98,4,1,1,2,4,466,1276,648,1284,4916,7676,9948,6582,460,1200,,,1446,260,,t3_psyward
standard,169,r3,red,mid,法師,auralith,standard,1,7,2,1,24714,16983,15048,576.2,9.33,15.43,22.48,4,1,1,2,4,722,1042,322,697,4572,7492,9552,6582,859,1200,150,500,,260,,t3_psyward
standard,169,r4,red,adc,射手,siwang,standard,1,7,6,1,24590,12959,14815,567.2,9.62,18.63,22.55,4,1,1,2,4,332,182,452,964,3682,5862,8402,6582,760,600,300,,,160,,t3_shieldbreaker|t3_rendspear
standard,169,r5,red,sup,輔助,shengming,standard,1,0,1,3,6128,21762,13760,526.9,6.21,12.13,17.02,5,1,2,3,5,390,88,918,560,4690,7118,9958,6582,246,,300,500,,260,2068,t3_calmveil
standard,170,b1,blue,top,坦克,dadi,standard,0,0,2,0,9934,24510,8255,385.5,8.79,16.16,,2,1,1,2,2,712,289,289,525,3662,5439,7719,6582,636,,,500,,0,,t3_calmveil|t3_thornmail
standard,170,b2,blue,jungle,戰士,leimingcf,standard,0,0,3,0,7882,15270,8469,395.4,8.99,17.3,,2,1,1,2,2,714,834,713,239,3814,6014,7993,6582,400,,,,1010,0,,t3_finalstring|t3_shieldbreaker
standard,170,b3,blue,mid,法師,xingjie,standard,0,0,4,0,13592,13982,8059,376.3,11.58,19.83,,2,0,1,2,2,1502,432,192,228,3762,5762,7542,6582,960,,,,,0,,t3_psyward
standard,170,b4,blue,adc,射手,maestro,standard,0,1,4,0,14173,10675,8819,411.8,9.73,18.4,,2,1,1,2,2,332,312,192,368,3682,5512,8342,6582,660,600,,500,,0,,t3_shieldbreaker|t3_rendspear
standard,170,b5,blue,sup,坦克,shiqiang,standard,0,0,2,0,5266,19193,9591,447.8,6.57,13.37,18.16,3,1,2,3,3,284,457,114,610,4784,7257,9094,6582,343,,,,,0,2168,t3_calmveil|t3_thornmail
standard,170,r1,red,top,坦克,dadi,standard,1,4,0,0,13585,20412,12029,561.7,8,12.38,18.73,4,1,2,3,4,422,382,322,678,4372,7672,10352,6582,710,2400,,100,,560,,t3_calmveil|t3_thornmail
standard,170,r2,red,jungle,戰士,leimingcf,standard,1,3,1,4,10694,13887,12219,570.5,7.87,13.18,18.02,3,1,2,3,3,337,923,369,1189,4137,7723,11399,6582,75,1800,1050,100,1231,560,,t3_finalstring|t3_shieldbreaker
standard,170,r3,red,mid,法師,xingjie,standard,1,2,0,0,19044,10896,11669,544.8,10.12,16.51,19.83,3,0,1,3,3,1592,452,322,158,3852,6652,10872,6582,930,1200,,1600,,560,,t3_psyward
standard,170,r4,red,adc,射手,maestro,standard,1,6,0,2,23955,9869,13819,645.2,9.73,15.78,19.52,3,1,1,3,3,392,882,792,2668,3742,6682,11942,6582,850,2400,450,1100,,560,,t3_shieldbreaker|t3_rendspear
standard,170,r5,red,sup,坦克,shiqiang,standard,1,0,0,2,6790,14519,11139,520.1,6.47,12.74,17.32,3,1,2,3,3,549,463,483,1159,4749,7403,10463,6582,155,,600,600,,560,1965,t3_calmveil|t3_thornmail
standard,171,b1,blue,top,坦克,tixue,standard,0,0,2,0,13296,26378,9603,418.1,8.29,15.23,20.33,3,1,1,2,3,732,326,1316,472,3682,5476,8466,6582,553,,,1250,,80,,t3_calmveil|t3_thornmail
standard,171,b2,blue,jungle,刺客,jiansheng,standard,0,0,6,0,6007,11718,9442,411.1,7.83,17.12,,2,1,1,2,2,936,778,520,1011,4136,6108,8300,6582,250,,,,1188,280,,t3_finalstring
standard,171,b3,blue,mid,法師,auralith,standard,0,1,3,1,14926,13030,10403,453,10.52,18.3,,2,0,1,2,2,1562,326,666,1322,3822,5656,9266,6582,753,600,300,750,,280,,t3_psyward
standard,171,b4,blue,adc,射手,liuxing,standard,0,4,4,0,14673,12169,12853,559.6,9.66,17.25,21.03,3,1,1,2,3,482,566,806,1872,3832,6366,9556,6582,993,1200,,500,,280,,t3_shieldbreaker|t3_rendspear
standard,171,b5,blue,sup,坦克,stoneguard,standard,0,0,3,0,5836,18803,10698,465.8,6.53,12.62,17.77,3,1,2,3,3,374,144,500,1117,4824,7244,9600,6582,170,,,,,280,2568,t3_calmveil|t3_thornmail
standard,171,r1,red,top,坦克,tixue,standard,1,4,0,2,13991,21250,13009,566.4,9.33,14.68,16.83,4,1,2,3,4,868,281,1861,758,3818,7111,11891,6582,773,2400,450,1400,45,240,,t3_calmveil|t3_thornmail
standard,171,r2,red,jungle,刺客,jiansheng,standard,1,6,1,0,8773,10655,14990,652.7,8.51,17.23,17.23,4,1,1,3,4,426,3522,1933,1590,4326,8852,12813,6582,363,3600,,400,1627,240,,t3_finalstring
standard,171,r3,red,mid,法師,auralith,standard,1,3,3,2,15890,11716,12156,529.3,9.9,17.84,21.9,3,1,1,2,3,112,392,312,256,3962,6592,9292,6582,1020,600,450,400,,240,,t3_psyward
standard,171,r4,red,adc,射手,liuxing,standard,1,5,1,2,17842,10853,13213,575.3,10.42,16.32,21.65,3,0,1,2,3,1559,609,1069,1412,3719,6409,9649,6582,876,600,450,900,,240,,t3_shieldbreaker|t3_rendspear
standard,171,r5,red,sup,坦克,stoneguard,standard,1,0,0,6,9412,20135,12559,546.9,6.97,12.09,15.81,4,1,2,3,4,1167,1440,1035,359,4767,8680,11015,6582,286,,1050,400,,240,2456,t3_calmveil|t3_thornmail
standard,172,b1,blue,top,坦克,suishan,standard,1,2,0,0,9752,20868,10589,472.7,8.97,14.79,18.34,3,1,2,3,3,932,312,312,1139,3882,6162,9462,6582,740,1200,,500,,440,,t3_calmveil|t3_thornmail
standard,172,b2,blue,jungle,刺客,youming,standard,1,1,3,1,9522,12897,11068,494.1,9.26,15.75,21.2,3,1,1,2,3,658,790,828,937,3858,6370,9158,6582,160,600,300,500,775,240,,t3_finalstring
standard,172,b3,blue,mid,法師,xingjie,standard,1,9,6,2,16703,15360,15449,689.7,10.61,16.52,19.7,4,0,1,3,4,1642,312,332,1049,3902,6542,11362,6582,1040,2400,400,500,,440,,t3_psyward
standard,172,b4,blue,adc,射手,shensheng,standard,1,3,0,1,12256,9673,11569,516.5,10.05,16.64,20.71,3,0,1,2,3,1482,742,922,789,3642,6422,9822,6582,500,1200,100,1000,,440,,t3_shieldbreaker|t3_rendspear
standard,172,b5,blue,sup,輔助,mingyunyindao,standard,1,0,1,2,5711,14644,11272,503.2,6.13,12.17,16.92,4,1,2,3,4,464,675,1125,871,4764,7705,10165,6582,200,,400,500,,440,2042,t3_calmveil
standard,172,r1,red,top,坦克,suishan,standard,0,2,0,0,11544,21316,10063,449.2,9.05,15.74,18.64,3,1,1,3,3,912,442,306,532,3862,5742,9236,6582,873,1200,,500,,80,,t3_calmveil|t3_thornmail
standard,172,r2,red,jungle,刺客,youming,standard,0,1,3,1,7106,10881,9872,440.7,8.92,15.75,22.08,3,1,1,2,3,100,594,857,121,4250,6174,8937,6582,160,600,300,,1214,80,,t3_finalstring
standard,172,r3,red,mid,法師,xingjie,standard,0,0,5,3,12856,12094,9783,436.7,10.09,19.43,,2,0,1,2,2,1562,292,766,382,3822,5742,8316,6582,853,,300,500,,80,,t3_psyward
standard,172,r4,red,adc,射手,shensheng,standard,0,7,5,1,18629,10573,12509,558.4,10.47,17.02,20.74,3,0,1,2,3,1372,222,982,1129,3532,5422,9882,6582,520,2400,300,,,80,,t3_shieldbreaker|t3_rendspear
standard,172,r5,red,sup,輔助,mingyunyindao,standard,0,0,2,2,5513,14390,10863,485,5.86,12.72,16.09,3,1,2,3,3,394,613,976,1822,4694,7643,10016,6582,193,,600,500,,80,2060,t3_calmveil
standard,173,b1,blue,top,戰士,greymantle,standard,0,0,2,0,8944,19625,7450,362.4,8.74,18.98,,2,1,1,2,2,552,362,462,650,3702,5542,7262,6582,600,,,,,80,,t3_shieldbreaker|t3_finalstring
standard,173,b2,blue,jungle,刺客,yueying,standard,0,0,6,0,4825,11037,8986,437.1,8.03,16.79,,2,1,1,2,2,308,626,658,905,4158,6206,8738,6582,350,,,500,1225,80,,t3_finalstring
standard,173,b3,blue,mid,法師,gambler,standard,0,0,2,1,10908,12560,8394,408.3,10.18,18.95,,2,0,1,2,2,1682,442,402,743,3942,5872,8052,6582,1090,,300,,,80,,t3_psyward
standard,173,b4,blue,adc,射手,liangzicz,standard,0,9,2,0,17345,9913,14468,703.7,9.5,16.07,17.81,4,1,1,4,4,466,1056,946,917,3816,6736,13546,6582,780,4800,,1250,54,80,,t3_shieldbreaker|t3_rendspear
standard,173,b5,blue,sup,輔助,mingyun,standard,0,0,2,0,3833,12020,9669,470.3,9.03,12.45,16.28,3,1,2,3,3,614,348,308,628,4914,7378,9348,6582,340,,,250,,80,2095,t3_calmveil
standard,173,r1,red,top,戰士,greymantle,standard,1,3,0,2,12495,18869,11698,569,9.68,14.28,19.53,3,1,2,3,3,180,180,210,298,3980,7880,10710,6582,820,1200,600,1050,18,440,,t3_shieldbreaker|t3_finalstring
standard,173,r2,red,jungle,刺客,yueying,standard,1,3,2,0,6030,8971,11584,563.5,9.03,12.69,18.18,3,1,2,3,3,136,1478,368,983,4766,8128,10968,6582,200,1800,,300,1645,440,,t3_finalstring
standard,173,r3,red,mid,法師,gambler,standard,1,2,5,1,12979,12475,10200,496.2,10.62,17.26,,2,0,1,2,2,1562,332,412,800,3822,6832,9812,6582,640,1200,150,800,,440,,t3_psyward
standard,173,r4,red,adc,射手,liangzicz,standard,1,6,1,0,13857,8690,12570,611.5,9.8,16.59,19.74,3,1,1,3,3,372,1082,202,1790,3722,6762,10982,6582,760,2400,,800,,440,,t3_shieldbreaker|t3_rendspear
standard,173,r5,red,sup,輔助,mingyun,standard,1,0,1,1,5264,9874,10560,513.7,6.6,11.48,15.79,3,1,2,3,3,1364,652,632,1520,4764,7682,9672,6582,260,,150,550,,240,1890,t3_calmveil
standard,174,b1,blue,top,戰士,ravager,standard,0,0,1,0,6340,19274,8055,424.3,8.84,16.54,,2,1,1,,2,552,446,,454,3702,6096,,,,,,,,,,t3_shieldbreaker|t3_finalstring
standard,174,b2,blue,jungle,刺客,yeiren,standard,0,0,3,0,5693,9186,7579,399.2,9.54,17.83,,2,1,1,,2,662,327,,398,3862,5957,,,,,,,,,,t3_finalstring
standard,174,b3,blue,mid,法師,ronghuo,standard,0,1,1,0,13988,10823,8595,452.7,9.84,17.52,,2,1,1,,2,112,476,,284,3962,6076,,,,,,,,,,t3_psyward
standard,174,b4,blue,adc,射手,xingchen,standard,0,0,1,0,6199,7504,7781,409.9,9.23,18.44,,2,1,1,,2,672,182,,461,4022,5862,,,,,,,,,,t3_shieldbreaker|t3_rendspear
standard,174,b5,blue,sup,坦克,tixue,standard,0,0,2,0,3249,13468,9156,482.3,7.52,12.6,16.97,3,1,2,,3,504,317,,955,4704,7697,,,,,,,,,,t3_calmveil|t3_thornmail
standard,174,r1,red,top,戰士,ravager,standard,1,3,0,0,8269,17814,10945,576.5,8.66,13.5,18.02,3,1,2,,3,606,266,,814,4456,8016,,,,,,,,,,t3_shieldbreaker|t3_finalstring
standard,174,r2,red,jungle,刺客,yeiren,standard,1,4,0,1,7661,7447,11803,621.8,8.6,14.67,,2,1,2,,2,669,174,,3423,4569,8254,,,,,,,,,,t3_finalstring
standard,174,r3,red,mid,法師,ronghuo,standard,1,0,1,0,11703,8809,8345,439.6,10.53,17.63,,2,0,1,,2,1526,446,,494,3786,6046,,,,,,,,,,t3_psyward
standard,174,r4,red,adc,射手,xingchen,standard,1,0,0,0,9142,6888,8678,457.1,9.98,17.93,,2,1,1,,2,429,759,,427,3779,5959,,,,,,,,,,t3_shieldbreaker|t3_rendspear
standard,174,r5,red,sup,坦克,tixue,standard,1,1,0,1,4545,12886,10740,565.8,7.48,12.75,16.74,3,1,2,,3,687,527,,760,4887,7767,,,,,,,,,,t3_calmveil|t3_thornmail
standard,175,b1,blue,top,戰士,dadi2,standard,0,1,3,0,8567,22646,9196,420.2,9.3,17.63,,2,1,1,2,2,732,982,382,965,3882,6162,7962,6582,720,,,500,,160,,t3_shieldbreaker|t3_finalstring
standard,175,b2,blue,jungle,刺客,duskblade,standard,0,1,4,0,5823,11396,10034,458.5,8.98,16.46,21.35,3,1,1,2,3,270,724,780,283,4120,6304,8860,6582,240,600,,,1278,160,,t3_finalstring
standard,175,b3,blue,mid,法師,gambler,standard,0,0,4,1,15593,13528,8916,407.4,11.15,19.73,,2,0,1,2,2,1482,312,392,465,3742,5642,7942,6582,700,,,500,,160,,t3_psyward
standard,175,b4,blue,adc,射手,liangzi,standard,0,6,5,0,17286,9851,11606,530.3,8.98,18.44,20.93,3,1,1,2,3,462,532,842,655,3812,5612,9692,6582,550,2400,,,,160,,t3_shieldbreaker|t3_rendspear
standard,175,b5,blue,sup,輔助,linghun,standard,0,0,2,0,6944,17459,10782,492.7,5.5,11.58,16.47,4,1,2,3,4,274,798,608,381,4874,7828,9648,6582,390,,,500,,160,2016,t3_calmveil
standard,175,r1,red,top,戰士,dadi2,standard,1,7,2,0,14700,25501,13256,605.7,8.2,15.14,17.64,4,1,1,3,4,692,1142,842,455,3842,6622,11822,6582,740,3600,,500,,400,,t3_shieldbreaker|t3_finalstring
standard,175,r2,red,jungle,刺客,duskblade,standard,1,1,0,0,7004,10263,10251,468.4,9.07,16.83,20.82,3,1,1,2,3,684,1219,644,601,3884,6499,8674,6582,,,,500,1191,400,,t3_finalstring
standard,175,r3,red,mid,法師,gambler,standard,1,2,2,0,15041,12099,11256,514.3,11.12,18.69,21.85,3,0,1,2,3,1512,232,1192,225,3772,6732,9222,6582,990,,,1250,,400,,t3_psyward
standard,175,r4,red,adc,射手,liangzi,standard,1,8,4,0,22470,8322,13926,636.4,10.07,17.19,20.93,4,0,1,2,4,1542,202,942,705,3702,5882,9842,6582,560,1800,,500,,400,,t3_shieldbreaker|t3_rendspear
standard,175,r5,red,sup,輔助,linghun,standard,1,0,0,2,3386,14884,11747,536.8,7.53,12.66,16.75,4,1,2,3,4,714,844,1544,866,4714,7574,10584,6582,150,,600,750,,400,2101,t3_calmveil
standard,176,b1,blue,top,戰士,ronggang,standard,0,0,1,0,7784,22117,8983,426.9,9.01,16.77,,2,1,1,2,2,592,1012,362,752,3742,6192,8592,6582,910,,,1000,,100,,t3_shieldbreaker|t3_finalstring
standard,176,b2,blue,jungle,刺客,binghe,standard,0,0,3,0,5568,10921,8442,401.2,9.24,17.58,,2,1,1,2,2,534,197,698,362,3734,5777,7948,6582,380,,,,885,100,,t3_finalstring
standard,176,b3,blue,mid,法師,ronghuo,standard,0,1,3,0,12006,12021,9513,452.1,10.56,18.58,,2,0,1,2,2,1662,252,332,1182,3922,5702,8662,6582,880,600,,500,,100,,t3_psyward
standard,176,b4,blue,adc,射手,shengyan,standard,0,2,6,0,13667,10074,8813,418.8,10.05,19.47,,2,0,1,2,2,1482,22,822,892,3642,5402,7822,6582,540,600,,,,100,,t3_shieldbreaker|t3_rendspear
standard,176,b5,blue,sup,輔助,shiguang,standard,0,1,4,0,4802,16789,10410,494.7,7.62,12.26,15.47,3,1,2,3,3,444,1544,1020,1370,4744,8274,10060,6582,210,600,,500,,0,2167,t3_calmveil
standard,176,r1,red,top,戰士,ronggang,standard,1,5,0,1,13199,19791,12343,586.6,7.97,15.59,18.38,3,1,1,3,3,222,1582,732,942,4322,7062,11712,6582,780,3000,150,800,,400,,t3_shieldbreaker|t3_finalstring
standard,176,r2,red,jungle,刺客,binghe,standard,1,5,1,1,10105,11225,12545,596.2,9.54,13.17,18.58,3,1,2,3,3,308,1352,726,1464,4938,8482,11806,6582,390,3000,150,300,984,400,,t3_finalstring
standard,176,r3,red,mid,法師,ronghuo,standard,1,2,1,2,15070,10538,11176,531.1,8.57,16.57,,2,1,1,2,2,766,676,546,1776,4616,7176,9946,6582,1113,600,450,800,,400,,t3_psyward
standard,176,r4,red,adc,射手,shengyan,standard,1,4,2,1,13970,8164,11603,551.4,10.03,17.26,20.38,3,0,1,2,3,1832,372,1472,402,3992,6052,10372,6582,640,1800,150,800,,400,,t3_shieldbreaker|t3_rendspear
standard,176,r5,red,sup,輔助,shiguang,standard,1,1,0,2,5657,10749,11947,567.8,5.98,11.93,14.88,4,1,3,3,4,260,56,2276,496,4860,8036,11316,6582,436,600,600,800,,400,1897,t3_calmveil
standard,177,b1,blue,top,戰士,jingci,standard,0,0,3,2,7811,24858,10178,462.4,8.8,16.85,21.33,3,1,1,2,3,832,632,142,527,3982,5862,8422,6582,740,,600,500,,0,,t3_shieldbreaker|t3_finalstring
standard,177,b2,blue,jungle,刺客,shanying,standard,0,2,5,0,7468,11239,10760,488.9,8.82,15.09,19.37,3,1,1,3,3,1584,1835,477,480,4784,7465,9977,6582,686,1200,,500,1008,0,,t3_finalstring
standard,177,b3,blue,mid,法師,gambler,standard,0,1,4,1,13376,14358,9731,442.1,10.28,18.68,,2,0,1,2,2,1622,502,406,650,3882,6402,8256,6582,1073,600,,,,0,,t3_psyward
standard,177,b4,blue,adc,射手,mirrorshot,standard,0,6,4,1,23183,10161,12664,575.4,7.11,16.05,18.93,4,1,1,3,4,1086,1046,189,64,4436,6726,10789,6582,756,2400,300,750,,0,,t3_shieldbreaker|t3_rendspear
standard,177,b5,blue,sup,坦克,dadi,standard,0,1,5,1,7035,20451,10863,493.6,7.31,12.04,17.7,3,1,2,3,3,597,733,608,1282,5097,7533,10188,6582,343,600,300,250,,0,2112,t3_calmveil|t3_thornmail
standard,177,r1,red,top,戰士,jingci,standard,1,1,0,0,8402,17998,10331,469.4,9.44,17.63,21.35,3,1,1,2,3,672,1026,466,680,3822,6556,8516,6582,733,,,700,,500,,t3_shieldbreaker|t3_finalstring
standard,177,r2,red,jungle,刺客,shanying,standard,1,8,3,1,14343,12091,15614,709.5,9.35,14.31,16.08,5,1,2,4,5,900,786,644,314,4800,8866,13444,6582,533,4200,150,200,1278,500,,t3_finalstring
standard,177,r3,red,mid,法師,gambler,standard,1,4,5,1,18089,13767,12664,575.4,11.11,15.09,20.82,3,0,1,2,3,1536,1229,389,184,3796,7729,9789,6582,1106,600,300,700,,500,,t3_psyward
standard,177,r4,red,adc,射手,mirrorshot,standard,1,6,0,1,19987,9151,13498,613.3,9.77,17.39,21.18,3,1,1,2,3,482,662,1122,1697,3832,6342,10022,6582,790,1800,150,200,,500,,t3_shieldbreaker|t3_rendspear
standard,177,r5,red,sup,坦克,dadi,standard,1,2,2,4,6914,19914,14043,638.1,6.37,12.38,15.7,5,1,2,4,5,290,1040,668,443,4790,8280,12268,6582,236,1200,600,700,54,400,2494,t3_calmveil|t3_thornmail
standard,178,b1,blue,top,戰士,longyi,standard,0,1,0,0,8313,23324,10020,450.7,10.34,18.08,,2,0,1,2,2,1652,392,489,1939,3702,5442,8569,6582,620,,,1000,,366,,t3_shieldbreaker|t3_finalstring
standard,178,b2,blue,jungle,刺客,dianguang,standard,0,1,6,0,6669,12982,9584,431.1,8.38,15.87,,2,1,1,2,2,732,881,595,1454,3932,6511,8725,6582,220,600,,,956,366,,t3_finalstring
standard,178,b3,blue,mid,法師,ronghuo,standard,0,1,8,0,16714,14679,9293,418,11.48,18.86,,2,0,1,2,2,1382,412,492,1113,3642,5442,7922,6582,740,,,500,,100,,t3_psyward
standard,178,b4,blue,adc,射手,hanbing,standard,0,5,2,0,15223,12766,13160,591.9,9.71,18.38,19.78,4,1,1,3,4,262,502,269,259,3612,5582,10489,6582,840,1200,,1500,,366,,t3_shieldbreaker|t3_rendspear
standard,178,b5,blue,sup,坦克,ironclad,standard,0,0,1,0,5453,18445,10313,463.9,7.01,12.58,18.05,3,1,2,3,3,274,144,582,733,4774,7244,9562,6582,340,,,,,0,2640,t3_calmveil|t3_thornmail
standard,178,r1,red,top,戰士,longyi,standard,1,6,1,0,13351,24466,13027,585.9,7.22,13.64,18.01,4,1,2,3,4,646,606,326,476,4496,7456,10876,6582,873,2400,,700,,320,,t3_shieldbreaker|t3_finalstring
standard,178,r2,red,jungle,刺客,dianguang,standard,1,1,2,1,9180,10134,11141,501.1,8.83,15.03,21.25,3,1,1,2,3,938,1608,2225,660,4138,7238,10005,6582,313,600,150,700,1339,320,,t3_finalstring
standard,178,r3,red,mid,法師,ronghuo,standard,1,5,3,0,18103,12310,13443,604.6,10.89,14.47,20.66,3,0,2,2,3,1552,182,2452,963,3812,7732,11852,6582,850,2400,,1700,,320,,t3_psyward
standard,178,r4,red,adc,射手,hanbing,standard,1,5,2,1,18245,8132,12267,551.7,9.3,17.13,,2,1,1,2,2,466,976,616,3366,3816,6656,9516,6582,563,1200,150,700,,320,,t3_shieldbreaker|t3_rendspear
standard,178,r5,red,sup,坦克,ironclad,standard,1,0,0,4,8015,15939,12585,566,7.74,12.94,16.76,4,1,2,3,4,264,744,1354,984,4764,7984,11334,6582,200,,900,700,,320,2631,t3_calmveil|t3_thornmail
standard,179,b1,blue,top,戰士,chichuan,standard,0,1,1,0,9281,20980,8532,439.1,9.07,15.64,,2,1,1,,2,832,722,,502,3982,6322,,,,,,,,,,t3_shieldbreaker|t3_finalstring
standard,179,b2,blue,jungle,刺客,wuxing,standard,0,1,5,0,2876,9464,8449,434.8,9.18,17.38,,2,1,1,,2,626,904,,849,3826,6004,,,,,,,,,,t3_finalstring
standard,179,b3,blue,mid,法師,haixiao,standard,0,1,1,0,8748,12746,8705,447.9,10.6,17.41,,2,0,1,,2,1712,232,,525,3972,6012,,,,,,,,,,t3_psyward
standard,179,b4,blue,adc,射手,xuanfeng,standard,0,1,3,1,13371,9623,8236,423.8,10.33,16.79,,2,0,1,,2,1492,346,,1366,3652,5496,,,,,,,,,,t3_shieldbreaker|t3_rendspear
standard,179,b5,blue,sup,輔助,xuemai,standard,0,0,3,1,4330,13103,9839,506.3,6.52,11.99,16.03,3,1,2,,3,804,669,,799,4804,7699,,,,,,,,,,t3_calmveil
standard,179,r1,red,top,戰士,chichuan,standard,1,8,0,0,15274,16953,13909,715.7,7.5,11.63,14.25,4,1,3,,4,2839,439,,1109,6639,10039,,,,,,,,,,t3_shieldbreaker|t3_finalstring
standard,179,r2,red,jungle,刺客,wuxing,standard,1,1,0,4,5346,8609,10526,541.6,8.96,14.83,18.21,3,1,2,,3,650,298,,395,4800,7848,,,,,,,,,,t3_finalstring
standard,179,r3,red,mid,法師,haixiao,standard,1,0,0,2,11298,10007,10312,530.7,9.57,14.98,,2,1,2,,2,452,112,,912,4302,7662,,,,,,,,,,t3_psyward
standard,179,r4,red,adc,射手,xuanfeng,standard,1,4,2,3,13617,7132,12136,624.5,10,17.13,,2,1,1,,2,266,746,,3235,4266,6426,,,,,,,,,,t3_shieldbreaker|t3_rendspear
standard,179,r5,red,sup,輔助,xuemai,standard,1,0,2,2,5226,11622,9943,511.6,6.28,11.61,17.59,3,1,2,,3,1420,523,,902,4820,7553,,,,,,,,,,t3_calmveil
standard,180,b1,blue,top,戰士,dushe,standard,0,0,0,0,16337,23421,9039,413.1,8.43,18.52,,2,1,1,2,2,702,282,216,388,3852,5812,8266,6582,1023,,,500,,160,,t3_shieldbreaker|t3_finalstring
standard,180,b2,blue,jungle,刺客,voidrift,standard,0,2,1,2,6790,10302,10906,498.4,7.75,13.93,20.31,3,1,2,2,3,228,724,1513,256,4608,7424,9893,6582,263,1200,300,,1387,160,,t3_finalstring
standard,180,b3,blue,mid,法師,leiming,standard,0,5,2,0,13191,14128,12249,559.7,10.94,16.63,21.8,3,0,1,2,3,1642,482,436,348,3902,6382,9836,6582,793,1800,,500,,160,,t3_psyward
standard,180,b4,blue,adc,射手,phantom,standard,0,6,3,0,17525,11073,12670,579,8.85,15.48,20.38,3,1,1,2,3,476,1266,1836,869,3826,6946,10736,6582,790,2400,,750,54,160,,t3_shieldbreaker|t3_rendspear
standard,180,b5,blue,sup,坦克,longji,standard,0,0,1,2,5729,16242,10649,486.6,8.2,12.57,18.11,3,1,2,3,3,394,568,216,1269,4894,7508,9596,6582,410,,300,250,18,160,1875,t3_calmveil|t3_thornmail
standard,180,r1,red,top,戰士,dushe,standard,1,0,1,0,15112,22981,9976,455.9,9.35,18.56,,2,1,1,2,2,732,412,452,1325,3882,5942,9102,6582,920,,,1200,,400,,t3_shieldbreaker|t3_finalstring
standard,180,r2,red,jungle,刺客,voidrift,standard,1,0,1,0,5622,10584,9678,442.2,7.41,15.43,,2,1,1,2,2,224,934,656,1297,4124,6564,8736,6582,120,,,200,1434,400,,t3_finalstring
standard,180,r3,red,mid,法師,leiming,standard,1,1,4,0,11520,12836,10096,461.3,10.88,17.68,,2,0,1,2,2,1502,292,212,695,3762,6042,9262,6582,980,600,,700,,400,,t3_psyward
standard,180,r4,red,adc,射手,phantom,standard,1,5,5,1,20060,10052,12486,570.6,9.79,17.08,19.36,3,1,1,3,3,312,742,1052,685,3662,6422,11052,6582,670,2400,300,700,,400,,t3_shieldbreaker|t3_rendspear
standard,180,r5,red,sup,坦克,longji,standard,1,1,2,0,6567,15175,12036,550,6.86,12.68,18.03,4,1,2,3,4,224,1264,1183,736,4724,8044,11163,6582,190,600,,700,,400,2690,t3_calmveil|t3_thornmail
standard,181,b1,blue,top,戰士,fengbao,standard,1,0,7,0,12158,27776,10065,415.3,9.78,18.82,23.13,3,1,1,2,3,652,562,292,665,3802,5562,8322,6582,740,,,1000,,0,,t3_shieldbreaker|t3_finalstring
standard,181,b2,blue,jungle,戰士,hunpo,standard,1,0,3,0,8588,14650,9943,410.3,10.48,17.73,23.62,3,0,1,2,3,1796,322,411,543,4006,6052,8061,6582,326,,,,1152,0,,t3_psyward
standard,181,b3,blue,mid,法師,haixiao,standard,1,2,8,0,16733,18515,11559,477,10.34,17.17,21.51,3,0,1,2,3,1602,336,436,358,3862,5816,8616,6582,1033,,,1000,,0,,t3_psyward
standard,181,b4,blue,adc,射手,yanfeng,standard,1,4,7,0,19813,14889,12432,513,9.7,15.78,21.47,3,1,1,2,3,392,316,219,1451,3742,6116,8969,6582,786,600,,1000,,0,,t3_shieldbreaker|t3_rendspear
standard,181,b5,blue,sup,坦克,thornwall,standard,1,1,6,0,3411,25477,11792,486.6,6.49,12.82,17.36,4,1,2,3,4,664,184,69,512,4764,7184,9549,6582,273,,,500,,0,2193,t3_calmveil|t3_thornmail
standard,181,r1,red,top,戰士,fengbao,standard,0,12,0,1,23808,25652,17502,722.2,6.95,12.38,15.39,5,1,2,4,5,196,496,786,2201,5676,9096,13286,6582,733,4800,150,300,,720,,t3_shieldbreaker|t3_finalstring
standard,181,r2,red,jungle,戰士,hunpo,standard,0,1,1,3,9426,11161,12540,517.5,9.17,15.73,20.46,3,1,1,2,3,784,878,2516,1259,4584,7328,10496,6582,283,600,750,300,1260,720,,t3_psyward
standard,181,r3,red,mid,法師,haixiao,standard,0,2,3,3,19739,14041,13179,543.8,10.19,16.14,21.47,3,0,1,2,3,1906,696,656,1748,4166,7196,10056,6582,903,600,450,800,,720,,t3_psyward
standard,181,r4,red,adc,射手,yanfeng,standard,0,13,3,2,37816,11073,18835,777.2,10.19,13.75,16.91,5,0,2,4,5,1902,1132,512,3235,4062,8132,13732,6582,980,4200,450,800,,720,,t3_shieldbreaker|t3_rendspear
standard,181,r5,red,sup,坦克,thornwall,standard,0,3,0,0,7157,18355,14560,600.8,6.65,12.13,17.28,4,1,2,3,4,434,574,1724,2460,4834,7754,11604,6582,180,600,,800,,720,2721,t3_calmveil|t3_thornmail
standard,182,b1,blue,top,戰士,rongyan,standard,0,1,1,0,10045,24358,9618,449.6,10,16.54,,2,1,1,2,2,592,662,880,1388,3742,6142,9110,6582,720,600,,1000,27,180,,t3_shieldbreaker|t3_finalstring
standard,182,b2,blue,jungle,戰士,leimingcf,standard,0,0,3,0,4841,13510,8771,410,8.33,18.13,,2,1,1,2,2,334,874,289,941,4084,6004,8119,6582,330,,,,1126,80,,t3_shieldbreaker|t3_finalstring
standard,182,b3,blue,mid,法師,leiming,standard,0,2,3,0,13420,13525,10180,475.9,11.05,18.5,,2,0,1,2,2,1492,362,392,900,3752,5692,9672,6582,710,1200,,1000,,180,,t3_psyward
standard,182,b4,blue,adc,射手,siwang,standard,0,4,3,0,15439,9426,10574,494.3,9.13,18.4,21.36,3,1,1,2,3,492,296,956,254,3842,5676,9506,6582,640,1800,,250,54,180,,t3_shieldbreaker|t3_rendspear
standard,182,b5,blue,sup,輔助,shengming,standard,0,0,2,0,3668,13478,10712,500.8,6.76,12.28,16.74,4,1,2,3,4,1024,204,664,312,4724,7234,9244,6582,120,,,250,54,180,2058,t3_calmveil
standard,182,r1,red,top,戰士,rongyan,standard,1,3,0,0,11364,20856,11790,551.2,8.95,14.14,17.95,3,1,2,3,3,792,442,142,810,3942,7542,11122,6582,1000,1800,,1300,,440,,t3_shieldbreaker|t3_finalstring
standard,182,r2,red,jungle,戰士,leimingcf,standard,1,2,1,2,9044,13269,11486,537,8.32,13.14,19.69,3,1,2,3,3,64,1300,332,556,4714,8050,10782,6582,420,1200,400,300,1440,440,,t3_shieldbreaker|t3_finalstring
standard,182,r3,red,mid,法師,leiming,standard,1,1,3,0,15649,10295,10157,474.8,11.13,16.84,,2,0,1,2,2,1622,769,989,757,3882,7269,9489,6582,766,600,,1300,,240,,t3_psyward
standard,182,r4,red,adc,射手,siwang,standard,1,6,2,1,14876,9573,12810,598.9,9.91,16.53,20.24,3,1,1,2,3,472,422,2992,1010,3822,6102,11542,6582,620,3000,100,800,,440,,t3_shieldbreaker|t3_rendspear
standard,182,r5,red,sup,輔助,shengming,standard,1,0,1,2,5736,12416,10559,493.6,7.25,11.18,15.78,3,1,2,3,3,284,681,661,1329,4884,7711,9891,6582,233,,400,300,,440,1935,t3_calmveil
standard,183,b1,blue,top,戰士,embercoil,standard,0,0,5,0,15814,33928,10766,404.5,9.34,18.04,24.11,3,1,1,2,3,592,642,622,686,3742,6122,8322,6582,700,,,800,,240,,t3_shieldbreaker|t3_finalstring
standard,183,b2,blue,jungle,戰士,fengbao,standard,0,1,1,0,14737,23156,11841,444.9,7.63,14.77,22.87,3,1,2,2,3,386,281,504,490,4136,7031,9054,6582,230,600,,300,1101,240,,t3_shieldbreaker|t3_finalstring
standard,183,b3,blue,mid,法師,haixiao,standard,0,2,6,0,17711,16739,12416,466.5,9.97,16.55,23.33,3,1,1,2,3,102,212,102,336,3952,6412,8732,6582,1110,,,800,,240,,t3_psyward
standard,183,b4,blue,adc,射手,maestro,standard,0,12,6,1,46179,13516,17819,669.5,8.43,15.48,20.57,5,1,1,2,5,596,1366,1776,2219,3946,7046,10676,6582,853,2400,300,300,,240,,t3_shieldbreaker|t3_rendspear
standard,183,b5,blue,sup,輔助,fengshen,standard,0,0,2,1,9186,21302,13615,511.5,7,11.15,15.13,5,1,2,3,5,1720,1470,1441,414,4820,7720,10671,6582,186,,300,800,,240,2562,t3_calmveil
standard,183,r1,red,top,戰士,embercoil,standard,1,5,0,0,25772,32506,14926,560.8,8.57,14.48,20.55,4,1,2,2,4,122,242,822,1476,4402,7042,9422,6582,1060,1200,,500,,80,,t3_shieldbreaker|t3_finalstring
standard,183,r2,red,jungle,戰士,fengbao,standard,1,6,1,1,23379,25893,15777,592.7,8.69,15.53,19.82,4,1,1,3,4,579,1517,65,2376,4329,6947,10395,6582,486,1800,,,1446,80,,t3_shieldbreaker|t3_finalstring
standard,183,r3,red,mid,法師,haixiao,standard,1,2,6,0,19972,16958,12167,457.1,9.46,18.54,24.58,3,1,1,2,3,239,79,359,1616,4089,5829,8809,6582,1046,600,,500,,80,,t3_psyward
standard,183,r4,red,adc,射手,maestro,standard,1,7,8,0,24187,13762,14373,540,9.96,17.95,21.38,4,1,1,2,4,259,209,999,522,3609,5409,8949,6582,586,1200,,500,,80,,t3_shieldbreaker|t3_rendspear
standard,183,r5,red,sup,輔助,fengshen,standard,1,0,0,2,8943,18030,13119,492.9,5.66,12.61,17.32,4,1,2,3,4,1304,325,935,1738,4704,7055,9115,6582,180,,300,,54,80,1918,t3_calmveil
standard,184,b1,blue,top,戰士,cinderfist,standard,0,1,2,0,13780,26842,10520,459.2,8.78,20.11,21.51,3,1,1,1,3,672,752,2472,270,3822,5682,8002,6582,640,600,,,,180,,t3_shieldbreaker|t3_finalstring
standard,184,b2,blue,jungle,戰士,anliuyouXia,standard,0,1,3,1,8744,15519,10150,443.1,8.13,15.7,22.43,3,1,1,2,3,814,1391,609,250,3914,6871,8839,6582,490,600,,,986,180,,t3_shieldbreaker|t3_finalstring
standard,184,b3,blue,mid,法師,leiming,standard,0,3,2,2,15200,15083,12060,526.4,10.38,15.98,21.18,3,0,1,2,3,1482,512,1052,510,3742,7012,10132,6582,870,1200,300,1000,,180,,t3_psyward
standard,184,b4,blue,adc,射手,liuxing,standard,0,8,7,1,26488,11194,13330,581.9,10,17.18,20.09,3,1,1,2,3,242,332,1362,1730,3592,5712,9912,6582,550,2400,300,,,80,,t3_shieldbreaker|t3_rendspear
standard,184,b5,blue,sup,坦克,suishan,standard,0,0,3,1,8260,20149,11467,500.6,6.16,13.52,16.23,4,1,2,3,4,1218,298,789,286,4818,7378,10369,6582,210,,300,500,81,180,2515,t3_calmveil|t3_thornmail
standard,184,r1,red,top,戰士,cinderfist,standard,1,5,2,1,20037,26258,13890,606.3,6.98,13.76,16.8,4,1,2,3,4,692,532,1312,390,4542,7982,11862,6582,1020,2400,,1400,,460,,t3_shieldbreaker|t3_finalstring
standard,184,r2,red,jungle,戰士,anliuyouXia,standard,1,2,0,1,10642,14860,11387,497.1,8.38,15.61,21.03,3,1,1,2,3,354,1658,1366,407,4154,7138,9966,6582,273,1200,300,400,750,460,,t3_shieldbreaker|t3_finalstring
standard,184,r3,red,mid,法師,leiming,standard,1,2,6,0,14349,12854,10827,472.6,10.06,18.88,,2,0,1,2,2,1582,569,799,1426,3842,6169,8349,6582,906,,,400,,460,,t3_psyward
standard,184,r4,red,adc,射手,liuxing,standard,1,6,5,1,21124,8111,13193,575.9,8.69,16.23,20.11,3,1,1,2,3,562,816,1566,1393,3912,6496,10116,6582,873,1800,300,400,,160,,t3_shieldbreaker|t3_rendspear
standard,184,r5,red,sup,坦克,suishan,standard,1,2,0,4,9963,20525,13979,610.2,6.74,13.57,15.53,5,1,2,3,5,534,1044,1971,379,4734,8284,11951,6582,166,1200,300,900,54,460,2288,t3_calmveil|t3_thornmail
standard,185,b1,blue,top,戰士,leimingcf,standard,0,1,3,0,6380,21207,8548,418.4,8.77,18.14,,2,1,1,2,2,612,562,652,318,3762,6042,8402,6582,720,600,,500,,0,,t3_shieldbreaker|t3_finalstring
standard,185,b2,blue,jungle,戰士,embercoil,standard,0,0,2,0,6499,14258,8159,399.3,9.87,18.16,,2,1,1,2,2,166,584,555,458,3916,6014,7905,6582,313,,,,1009,0,,t3_shieldbreaker|t3_finalstring
standard,185,b3,blue,mid,法師,mingyun2,standard,0,0,5,1,11343,12144,8395,410.9,11.07,19.77,,2,0,1,2,2,1562,372,99,545,3822,5702,7949,6582,866,,,500,,0,,t3_psyward
standard,185,b4,blue,adc,射手,shensheng,standard,0,3,2,0,11374,9450,10356,506.8,10.33,18.33,,2,0,1,2,2,1562,436,1060,1506,3722,5636,9610,6582,720,1200,,1000,108,0,,t3_shieldbreaker|t3_rendspear
standard,185,b5,blue,sup,輔助,mingyunyindao,standard,0,0,3,0,5502,14750,9183,449.4,6.05,11.72,16.34,3,1,2,3,3,364,414,597,142,4664,7144,9037,6582,219,,,,,0,2234,t3_calmveil
standard,185,r1,red,top,戰士,leimingcf,standard,1,3,0,2,11113,19043,11302,553.1,8.77,14.59,19.11,3,1,2,3,3,652,332,1356,501,3802,7132,10956,6582,843,1800,250,900,,580,,t3_shieldbreaker|t3_finalstring
standard,185,r2,red,jungle,戰士,embercoil,standard,1,7,0,1,11850,12411,13569,664.1,7.58,13.84,19.34,4,1,2,4,4,603,516,437,819,4653,8766,13187,6582,266,4200,100,400,1058,580,,t3_shieldbreaker|t3_finalstring
standard,185,r3,red,mid,法師,mingyun2,standard,1,3,2,0,19262,10967,11088,542.7,10.53,16.25,,2,0,1,2,2,1566,516,142,1688,3826,6716,9542,6582,980,600,,900,,480,,t3_psyward
standard,185,r4,red,adc,射手,shensheng,standard,1,2,2,2,10965,7688,10480,512.9,9.21,18.85,20.06,3,1,1,2,3,511,721,1234,480,3861,6401,10134,6582,771,1200,600,400,,580,,t3_shieldbreaker|t3_rendspear
standard,185,r5,red,sup,輔助,mingyunyindao,standard,1,0,0,2,6389,10258,10862,531.6,6.63,11.4,15.76,3,1,2,3,3,759,402,1285,1631,4759,7432,10515,6582,218,,250,900,,580,1984,t3_calmveil
standard,186,b1,blue,top,戰士,jufeng,standard,0,0,5,1,7353,24000,8687,396.4,8.75,16.93,,2,1,1,2,2,932,762,162,456,4082,5762,8042,6582,560,,300,500,,100,,t3_shieldbreaker|t3_finalstring
standard,186,b2,blue,jungle,戰士,hunpo,standard,0,1,6,0,5535,12821,9266,422.8,9.15,17.3,,2,1,1,2,2,622,640,448,486,4422,6450,8478,6582,420,600,,,775,100,,t3_psyward
standard,186,b3,blue,mid,法師,bingshuang,standard,0,0,7,0,9879,15028,7887,359.9,10.67,20.26,,2,0,1,1,2,1462,202,812,286,3722,5482,7242,6582,660,,,,,0,,t3_psyward
standard,186,b4,blue,adc,射手,liangzicz,standard,0,3,3,0,17828,12776,10437,476.2,8.93,16.82,,2,1,1,2,2,422,372,382,1686,3772,6172,9132,6582,750,1200,,500,,100,,t3_shieldbreaker|t3_rendspear
standard,186,b5,blue,sup,輔助,mingyun,standard,0,0,3,0,5265,15565,10185,464.7,6.7,12.58,18.48,3,1,2,3,3,714,501,901,1145,4714,6981,9481,6582,370,,,500,,100,1928,t3_calmveil
standard,186,r1,red,top,戰士,jufeng,standard,1,10,0,1,17230,24362,15657,714.4,9.28,14.87,15.87,5,1,2,4,5,772,332,212,356,3922,8632,13012,6582,900,4200,150,700,,480,,t3_shieldbreaker|t3_finalstring
standard,186,r2,red,jungle,戰士,hunpo,standard,1,3,0,1,9266,9316,11079,505.5,9.58,15.83,,2,1,1,2,2,550,835,299,1779,4350,7235,9599,6582,283,1200,150,200,703,480,,t3_psyward
standard,186,r3,red,mid,法師,bingshuang,standard,1,0,1,3,14231,10052,10607,484,9.86,17.49,,2,1,1,2,2,362,902,682,1256,4212,7352,9432,6582,770,,900,700,,480,,t3_psyward
standard,186,r4,red,adc,射手,liangzicz,standard,1,11,1,0,29595,10248,16240,741,9.69,16.98,18.83,4,1,1,4,4,176,1156,376,2390,4656,6836,13596,6582,1033,4800,,700,,480,,t3_shieldbreaker|t3_rendspear
standard,186,r5,red,sup,輔助,mingyun,standard,1,0,2,4,4012,13116,12463,568.7,6.38,11.94,15.27,3,1,2,3,3,857,1499,1489,3423,5157,8529,10529,6582,293,,600,700,,480,1873,t3_calmveil
standard,187,b1,blue,top,戰士,ronggang,standard,0,0,3,0,8301,24487,9087,414.6,8.95,17.62,,2,1,1,2,2,632,592,562,806,3782,5642,8362,6582,780,,,1000,,0,,t3_shieldbreaker|t3_finalstring
standard,187,b2,blue,jungle,戰士,ravager,standard,0,0,1,0,8652,15330,8611,392.9,8.82,17.58,,2,1,1,2,2,618,488,139,581,3718,5788,7819,6582,340,,,,896,0,,t3_shieldbreaker|t3_finalstring
standard,187,b3,blue,mid,法師,mingyun2,standard,0,0,4,0,13309,14216,8980,409.7,11.53,18.5,,2,0,1,2,2,1422,556,366,400,3682,5456,7796,6582,713,,,500,,0,,t3_psyward
standard,187,b4,blue,adc,射手,leiting,standard,0,5,4,0,10720,12278,10897,497.2,9.28,17.84,21.48,3,1,1,2,3,402,252,302,816,3752,5452,9052,6582,670,1800,,,,0,,t3_shieldbreaker|t3_rendspear
standard,187,b5,blue,sup,坦克,tixue,standard,0,0,3,0,4072,17042,10667,486.7,6.57,12.73,16.9,3,1,2,3,3,514,222,302,1086,4714,7602,9402,6582,296,,,500,,0,2023,t3_calmveil|t3_thornmail
standard,187,r1,red,top,戰士,ronggang,standard,1,2,0,1,13517,20195,11467,523.2,9.43,16.22,19.57,3,1,1,3,3,1232,1152,392,616,4382,6682,10522,6582,560,1200,300,1300,,580,,t3_shieldbreaker|t3_finalstring
standard,187,r2,red,jungle,戰士,ravager,standard,1,1,0,0,4372,8240,10740,490,9.25,16.35,,2,1,1,2,2,444,2496,1496,2740,4244,6776,9496,6582,160,600,,300,1273,580,,t3_shieldbreaker|t3_finalstring
standard,187,r3,red,mid,法師,mingyun2,standard,1,3,1,0,18497,10927,11407,520.5,9.64,15.93,21.33,3,1,1,2,3,242,702,362,556,4092,7202,9762,6582,1200,1200,,300,,480,,t3_psyward
standard,187,r4,red,adc,射手,leiting,standard,1,9,4,0,28450,10110,15117,689.7,9.36,17.01,19.53,4,1,1,3,4,442,992,872,1896,3792,6672,11772,6582,810,3000,,800,,580,,t3_shieldbreaker|t3_rendspear
standard,187,r5,red,sup,坦克,tixue,standard,1,0,0,4,6581,15925,12101,552.1,6.23,11.91,17.04,4,1,2,3,4,302,556,1156,500,4802,7796,11136,6582,150,,1200,800,18,580,1806,t3_calmveil|t3_thornmail
standard,188,b1,blue,top,戰士,jingci,standard,1,0,4,1,14903,28817,11561,450.7,8.65,17.65,22.93,3,1,1,2,3,592,872,102,711,3742,6402,8382,6582,560,,300,700,,240,,t3_shieldbreaker|t3_finalstring
standard,188,b2,blue,jungle,戰士,xueyue,standard,1,0,6,0,9377,18891,11036,430.3,9.82,15.95,23.7,3,1,1,2,3,172,1122,698,536,3972,6602,8578,6582,350,,,450,955,240,,t3_shieldbreaker|t3_finalstring
standard,188,b3,blue,mid,法師,bingshuang,standard,1,9,6,0,28806,18785,15811,616.4,9.57,15.68,20.23,4,1,1,2,4,152,552,1212,1981,4002,7052,10612,6582,940,2400,,450,,240,,t3_psyward
standard,188,b4,blue,adc,射手,liangzi,standard,1,5,9,0,20524,12800,13661,532.6,9.13,19.37,22.54,4,1,1,2,4,412,422,1082,441,3762,5802,8082,6582,460,600,,200,,240,,t3_shieldbreaker|t3_rendspear
standard,188,b5,blue,sup,坦克,tieshixin,standard,1,0,6,0,7264,25437,12059,470.1,6.38,12.2,17.29,4,1,2,3,4,34,374,320,679,4834,7614,9820,6582,170,,,200,,240,2628,t3_calmveil|t3_thornmail
standard,188,r1,red,top,戰士,jingci,standard,0,3,0,4,16323,29861,14671,572,8.75,15.3,20.9,4,1,1,2,4,672,1372,632,1641,3822,6902,8982,6582,940,600,,500,,360,,t3_shieldbreaker|t3_finalstring
standard,188,r2,red,jungle,戰士,xueyue,standard,0,11,0,1,21604,19891,18758,731.3,9.06,14.39,17.43,5,1,2,3,5,428,612,1524,3457,4708,7712,12504,6582,430,3600,,,1531,360,,t3_shieldbreaker|t3_finalstring
standard,188,r3,red,mid,法師,bingshuang,standard,0,4,8,1,19736,16931,13331,519.7,10.43,19.6,22.93,3,0,1,2,3,1562,532,602,1251,3822,5862,8152,6582,960,,,250,,360,,t3_psyward
standard,188,r4,red,adc,射手,liangzi,standard,0,11,5,2,37561,12467,17581,685.4,10.32,15.95,20.23,5,0,1,2,5,1982,1322,1222,1981,4142,7002,10122,6582,880,1800,450,250,,160,,t3_shieldbreaker|t3_rendspear
standard,188,r5,red,sup,坦克,tieshixin,standard,0,2,1,7,11459,21570,15320,597.3,6.96,11.14,14.65,5,1,3,4,5,304,314,982,1720,5654,8914,12582,6582,230,1200,1350,500,,360,2359,t3_calmveil|t3_thornmail
standard,189,b1,blue,top,戰士,longyi,standard,0,2,3,0,15458,32420,12188,460.9,10.42,15.78,21.03,3,0,1,2,3,1552,1170,1430,787,3602,6650,9310,6582,773,1200,,500,54,200,,t3_shieldbreaker|t3_finalstring
standard,189,b2,blue,jungle,戰士,jufeng,standard,0,0,2,1,9302,22188,11403,431.2,8.63,17.83,23.27,3,1,1,2,3,358,963,506,652,4108,6393,8756,6582,583,,300,,1090,200,,t3_shieldbreaker|t3_finalstring
standard,189,b3,blue,mid,法師,mingyun2,standard,0,6,9,1,18678,18821,14517,549,10.53,18.63,24,3,0,1,2,3,1602,332,812,2437,3862,5932,9312,6582,1130,600,300,500,,200,,t3_psyward
standard,189,b4,blue,adc,射手,shengyan,standard,0,13,6,0,45262,14009,17771,672.1,9.25,17.33,21.06,5,1,1,2,5,352,193,593,2171,3702,5873,9493,6582,833,1800,,250,27,0,,t3_shieldbreaker|t3_rendspear
standard,189,b5,blue,sup,輔助,huanjing,standard,0,1,5,1,8436,23402,13692,517.8,6.95,11.8,17,5,1,2,4,5,724,358,568,492,4724,7388,11068,6582,400,600,,1250,,200,2035,t3_calmveil
standard,189,r1,red,top,戰士,longyi,standard,1,3,2,0,20471,33545,12887,487.4,9.9,15.78,22.88,4,1,1,2,4,552,982,422,387,3702,6462,8722,6582,520,600,,700,,320,,t3_shieldbreaker|t3_finalstring
standard,189,r2,red,jungle,戰士,jufeng,standard,1,4,3,1,14835,20180,14427,545.6,8.68,13.71,19.73,4,1,2,3,4,738,611,280,1676,4488,7661,9830,6582,210,600,150,200,1767,320,,t3_shieldbreaker|t3_finalstring
standard,189,r3,red,mid,法師,mingyun2,standard,1,7,8,2,23691,19254,16661,630.1,9.59,17.66,22.16,4,1,1,2,4,322,516,96,2260,4172,7016,9376,6582,1023,600,150,700,,320,,t3_psyward
standard,189,r4,red,adc,射手,shengyan,standard,1,11,6,0,42612,12161,18437,697.3,9.73,16.63,20.59,5,1,1,2,5,332,412,1692,2837,3682,6092,10592,6582,790,1200,,1700,,320,,t3_shieldbreaker|t3_rendspear
standard,189,r5,red,sup,輔助,huanjing,standard,1,0,3,2,7493,16861,12750,482.2,6.24,12.86,15.64,4,1,2,3,4,224,1440,935,1369,4824,7620,9685,6582,176,,,200,,320,2406,t3_calmveil
standard,190,b1,blue,top,戰士,chichuan,standard,1,1,1,0,11815,18973,9899,496,9.95,16.38,,2,1,1,,2,652,1142,,1248,3802,6672,,,,,,,,,,t3_shieldbreaker|t3_finalstring
standard,190,b2,blue,jungle,戰士,kuangfeng,standard,1,2,0,2,10098,11311,10365,519.3,9.42,16.43,,2,1,1,,2,872,820,,1765,3972,6300,,,,,,,,,,t3_shieldbreaker|t3_finalstring
standard,190,b3,blue,mid,法師,bingshuang,standard,1,5,2,0,16612,12186,12224,612.5,9.75,13.67,17.59,3,1,2,,3,687,207,,623,4537,8537,,,,,,,,,,t3_psyward
standard,190,b4,blue,adc,射手,mirrorshot,standard,1,4,3,0,12877,8355,10629,532.5,9.99,16.01,,2,1,1,,2,512,1082,,1728,3862,6762,,,,,,,,,,t3_shieldbreaker|t3_rendspear
standard,190,b5,blue,sup,坦克,dadi,standard,1,0,0,2,7040,16008,10857,544,6.88,12.9,15.99,3,1,2,,3,379,869,,1357,4879,8109,,,,,,,,,,t3_calmveil|t3_thornmail
standard,190,r1,red,top,戰士,chichuan,standard,0,0,2,0,12381,20707,7867,394.2,9.54,18.43,,2,1,1,,2,652,570,,236,3802,6100,,,,,,,,,,t3_shieldbreaker|t3_finalstring
standard,190,r2,red,jungle,戰士,kuangfeng,standard,0,0,2,0,8494,15423,8403,421,9.27,16.42,,2,1,1,,2,884,949,,173,3984,6429,,,,,,,,,,t3_shieldbreaker|t3_finalstring
standard,190,r3,red,mid,法師,bingshuang,standard,0,1,5,2,13147,12712,9589,480.4,11.33,17.72,,2,0,1,,2,1482,522,,888,3742,6122,,,,,,,,,,t3_psyward
standard,190,r4,red,adc,射手,mirrorshot,standard,0,4,3,1,11941,10446,10079,505,9.11,17.67,,2,1,1,,2,422,452,,1628,3772,6252,,,,,,,,,,t3_shieldbreaker|t3_rendspear
standard,190,r5,red,sup,坦克,dadi,standard,0,1,0,0,4354,16808,9991,500.6,6.38,12.78,16.36,3,1,2,,3,244,204,,410,4694,7584,,,,,,,,,,t3_calmveil|t3_thornmail
standard,191,b1,blue,top,戰士,xueyue,standard,0,1,1,0,7973,19878,9662,450.9,9.62,17.35,,2,1,1,2,2,592,1092,1102,1581,3742,6142,9182,6582,840,600,,1000,,160,,t3_shieldbreaker|t3_finalstring
standard,191,b2,blue,jungle,戰士,tielian,standard,0,1,1,0,8511,15543,9919,463,9.13,15.33,,2,1,1,2,2,858,950,1314,1888,3958,6550,9344,6582,350,600,,500,1152,160,,t3_shieldbreaker|t3_finalstring
standard,191,b3,blue,mid,法師,lieyan,standard,0,0,3,1,12342,12401,8742,408,10.42,18.97,,2,0,1,2,2,1462,712,912,191,3722,5562,8262,6582,720,,300,500,,160,,t3_psyward
standard,191,b4,blue,adc,射手,hanbing,standard,0,3,2,0,15956,12227,10252,478.5,9.06,17.19,,2,1,1,2,2,402,332,422,1501,3752,6132,8572,6582,730,600,,500,,160,,t3_shieldbreaker|t3_rendspear
standard,191,b5,blue,sup,坦克,ironclad,standard,0,0,2,0,3999,16556,10162,474.3,7.23,12.7,16.63,3,1,2,3,3,154,994,583,582,4654,7194,9683,6582,240,,,500,,160,2200,t3_calmveil|t3_thornmail
standard,191,r1,red,top,戰士,xueyue,standard,1,2,0,1,10378,21355,10729,500.8,7.91,16.89,20.68,3,1,1,2,3,352,1250,660,599,4682,6780,9310,6582,850,600,150,700,27,400,,t3_shieldbreaker|t3_finalstring
standard,191,r2,red,jungle,戰士,tielian,standard,1,4,0,0,11109,12206,12436,580.4,8.84,15.11,17.15,3,1,1,3,3,1090,1985,2057,1036,4890,7465,11657,6582,290,2400,,200,1784,400,,t3_shieldbreaker|t3_finalstring
standard,191,r3,red,mid,法師,lieyan,standard,1,0,2,1,15891,11817,9062,422.9,11.28,18.01,,2,0,1,2,2,1622,202,252,611,3882,6102,8282,6582,800,,300,200,,400,,t3_psyward
standard,191,r4,red,adc,射手,hanbing,standard,1,3,3,0,14337,7850,12427,580,9.95,16.03,19.86,3,1,1,3,3,462,1107,167,2126,3812,6787,10467,6582,835,1200,,1450,,400,,t3_shieldbreaker|t3_rendspear
standard,191,r5,red,sup,坦克,ironclad,standard,1,0,0,1,5474,13695,11344,529.5,6.59,11.76,18.15,3,1,2,3,3,314,619,585,1363,4814,7859,10565,6582,185,,150,450,,400,2797,t3_calmveil|t3_thornmail
standard,192,b1,blue,top,戰士,langwang,standard,0,1,6,0,9695,29131,10160,443.5,9.23,17.42,22.08,3,1,1,2,3,652,282,302,460,3802,5582,7982,6582,720,,,500,,180,,t3_shieldbreaker|t3_finalstring
standard,192,b2,blue,jungle,刺客,duskblade,standard,0,1,5,0,4259,11176,10240,447,7.8,16.29,21.79,3,1,1,2,3,438,644,891,790,4288,6224,8971,6582,500,600,,,1208,80,,t3_finalstring
standard,192,b3,blue,mid,法師,shikong,standard,0,2,5,0,13252,15423,10940,477.6,10.07,18.28,,2,0,1,2,2,1682,192,912,2060,3942,5922,8742,6582,980,,,1000,,180,,t3_psyward
standard,192,b4,blue,adc,射手,xuanfeng,standard,0,4,2,0,21798,10627,11920,520.3,10.31,18.32,19.95,3,0,1,3,3,1542,322,22,1120,3702,6122,9622,6582,660,1200,,1000,,180,,t3_shieldbreaker|t3_rendspear
standard,192,b5,blue,sup,輔助,xuemai,standard,0,0,4,2,4973,16596,11187,488.3,6.7,11.95,16.82,3,1,2,3,3,284,320,370,2147,4884,7350,9410,6582,300,,300,,,180,2047,t3_calmveil
standard,192,r1,red,top,戰士,langwang,standard,1,5,0,0,10102,25564,13563,592.1,9.17,13.2,18.23,4,1,2,3,4,652,352,952,763,4452,8352,11752,6582,830,3000,,900,,440,,t3_shieldbreaker|t3_finalstring
standard,192,r2,red,jungle,刺客,duskblade,standard,1,6,3,0,8966,12124,14385,627.9,7.79,12.43,16.52,4,1,2,4,4,672,1500,458,1034,5472,9830,12908,6582,83,3600,,400,1802,440,,t3_finalstring
standard,192,r3,red,mid,法師,shikong,standard,1,5,2,2,19523,13587,13130,573.2,9.98,14.25,20.08,3,1,2,2,3,112,62,1252,650,4662,7912,10652,6582,780,1800,600,650,,240,,t3_psyward
standard,192,r4,red,adc,射手,xuanfeng,standard,1,6,3,2,23611,11368,14158,618,9.63,17.08,20.51,4,1,1,2,4,327,927,1547,1258,3677,6607,10447,6582,975,1200,600,650,,440,,t3_shieldbreaker|t3_rendspear
standard,192,r5,red,sup,輔助,xuemai,standard,1,0,0,3,5830,12485,12296,536.8,8.63,11.53,15.58,4,1,2,3,4,715,675,1425,1596,4715,7705,10465,6582,131,,900,400,,440,2011,t3_calmveil
standard,193,b1,blue,top,戰士,kuangfeng,standard,1,0,1,1,15405,24990,9613,424.4,9.01,17.28,,2,1,1,2,2,22,802,362,1013,3822,6282,8362,6582,700,,300,300,,480,,t3_shieldbreaker|t3_finalstring
standard,193,b2,blue,jungle,刺客,binghe,standard,1,4,0,0,6734,10588,12491,551.5,8.23,15.04,18.58,3,1,1,3,3,224,1962,822,1410,4074,7542,10472,6582,330,1800,,300,846,613,,t3_finalstring
standard,193,b3,blue,mid,法師,lieyan,standard,1,5,2,1,14286,13341,13823,610.3,10.18,15.53,19.73,3,0,1,3,3,1652,1072,282,1343,3912,7572,10832,6582,870,1800,300,800,,480,,t3_psyward
standard,193,b4,blue,adc,射手,dawnstrike,standard,1,12,2,1,29979,10521,17547,774.7,9.23,15.08,17.97,5,1,1,4,5,442,2122,1256,1946,3792,7802,14476,6582,780,5400,300,800,,613,,t3_shieldbreaker|t3_rendspear
standard,193,b5,blue,sup,輔助,zhanchang,standard,1,0,0,0,4456,12493,11963,528.2,5.7,13.87,15.1,4,1,2,4,4,774,1029,232,1563,4774,8059,10632,6582,200,,,1300,,613,1936,t3_calmveil
standard,193,r1,red,top,戰士,kuangfeng,standard,0,0,2,0,12699,25335,9913,437.7,9.01,16.68,,2,1,1,2,2,672,142,732,1683,3822,5622,8482,6582,900,,,1000,,0,,t3_shieldbreaker|t3_finalstring
standard,193,r2,red,jungle,刺客,binghe,standard,0,0,4,0,6044,10185,9358,413.2,7.89,16.47,,2,1,1,2,2,270,592,590,1278,4120,6172,8320,6582,260,,,,1477,0,,t3_finalstring
standard,193,r3,red,mid,法師,lieyan,standard,0,1,5,0,11587,13636,9820,433.5,10.39,17.93,,2,0,1,2,2,1582,82,359,739,3842,5682,8389,6582,1040,600,,166,,0,,t3_psyward
standard,193,r4,red,adc,射手,dawnstrike,standard,0,4,6,1,15353,10688,11550,509.9,9.98,18.62,21.44,3,1,1,2,3,422,452,609,599,3772,5532,9459,6582,710,1200,300,666,,0,,t3_shieldbreaker|t3_rendspear
standard,193,r5,red,sup,輔助,zhanchang,standard,0,0,4,1,7141,17817,10815,477.5,5.82,12.34,16.08,4,1,2,3,4,2214,568,885,415,4714,7598,9925,6582,290,,300,666,,0,2085,t3_calmveil
standard,194,b1,blue,top,戰士,greymantle,standard,1,1,3,0,12396,24908,10133,442.2,9.03,15.93,,2,1,1,2,2,572,1422,222,1482,3722,6652,8872,6582,570,600,,800,,320,,t3_shieldbreaker|t3_finalstring
standard,194,b2,blue,jungle,刺客,jueying,standard,1,1,4,0,7516,11671,10778,470.3,7.92,18.07,,2,1,1,2,2,926,1010,430,2398,4126,6640,8810,6582,310,,,300,1297,320,,t3_finalstring
standard,194,b3,blue,mid,法師,shikong,standard,1,6,3,1,22557,12772,14113,615.8,10.97,15.6,20.46,4,0,1,2,4,1642,862,1662,462,3902,7362,10642,6582,840,1800,300,800,,320,,t3_psyward
standard,194,b4,blue,adc,射手,yanfeng,standard,1,4,2,1,16616,9842,13223,577,9.18,15.3,19.26,3,1,1,3,3,522,1432,272,1422,3872,7112,10572,6582,770,1800,300,800,,320,,t3_shieldbreaker|t3_rendspear
standard,194,b5,blue,sup,坦克,stoneguard,standard,1,1,4,2,7381,20817,12902,563,6.68,11.7,16.27,4,1,2,4,4,614,914,154,701,4814,8154,11454,6582,230,600,600,300,,320,2821,t3_calmveil|t3_thornmail
standard,194,r1,red,top,戰士,greymantle,standard,0,7,0,1,14015,25835,14627,638.3,7.5,13.82,18.77,4,1,2,3,4,112,116,836,1276,4262,7446,11686,6582,750,3600,,500,54,200,,t3_shieldbreaker|t3_finalstring
standard,194,r2,red,jungle,刺客,jueying,standard,0,2,4,0,7938,10905,10662,465.2,9.07,15.82,21.73,3,1,1,2,3,876,1038,638,681,4076,6668,8768,6582,303,600,,,1082,200,,t3_finalstring
standard,194,r3,red,mid,法師,shikong,standard,0,1,5,2,14483,13577,9911,432.5,11.03,19.09,,2,0,1,2,2,1416,206,316,511,3676,5536,7866,6582,733,,100,250,,200,,t3_psyward
standard,194,r4,red,adc,射手,yanfeng,standard,0,5,3,3,19856,9571,12548,547.5,9.43,17.41,21.17,3,1,1,2,3,302,512,1042,747,3652,5412,9942,6582,660,1800,400,500,,0,,t3_shieldbreaker|t3_rendspear
standard,194,r5,red,sup,坦克,stoneguard,standard,0,1,1,1,7925,21854,12500,545.5,6.76,12.33,17.28,4,1,2,3,4,594,594,714,299,4794,7254,10694,6582,273,,100,750,27,200,2761,t3_calmveil|t3_thornmail
standard,195,b1,blue,top,戰士,cinderfist,standard,1,1,0,1,8912,24798,11152,457.2,9.21,16.35,22.59,3,1,1,2,3,672,582,156,1251,3822,6062,8456,6582,693,,300,300,,580,,t3_shieldbreaker|t3_finalstring
standard,195,b2,blue,jungle,刺客,anye,standard,1,1,4,1,8293,11225,11708,480,8.07,15.4,21.77,3,1,1,2,3,808,2624,666,627,4008,6774,8996,6582,313,,,800,720,580,,t3_finalstring
standard,195,b3,blue,mid,法師,lieyan,standard,1,7,1,0,24837,15888,15954,654.1,10.39,15.67,19.17,4,0,1,3,4,1902,402,132,1554,4162,6902,11562,6582,1200,2400,,800,,580,,t3_psyward
standard,195,b4,blue,adc,射手,siwang,standard,1,14,7,0,36677,12922,18862,773.3,9.74,15.97,17.98,5,1,1,3,5,466,1526,986,3261,3816,7206,12786,6582,723,4200,,800,,480,,t3_shieldbreaker|t3_rendspear
standard,195,b5,blue,sup,輔助,shengming,standard,1,1,0,4,5326,16559,13772,564.6,6.38,11.28,15.92,5,1,2,4,5,510,637,380,571,4810,7667,10780,6582,469,,900,300,18,580,1929,t3_calmveil
standard,195,r1,red,top,戰士,cinderfist,standard,0,5,2,0,15409,30432,13432,550.7,8.97,13.79,21.92,4,1,2,2,4,532,136,1556,452,3682,7236,10156,6582,720,1800,,1000,54,0,,t3_shieldbreaker|t3_finalstring
standard,195,r2,red,jungle,刺客,anye,standard,0,0,6,0,2780,10850,10375,425.3,8.3,16.06,23.07,3,1,1,2,3,347,1011,1465,144,4197,6591,8715,6582,300,,,,1832,0,,t3_finalstring
standard,195,r3,red,mid,法師,lieyan,standard,0,0,5,2,17325,15476,11378,466.5,10.8,18.23,23.15,3,0,1,2,3,1642,342,512,548,3902,6242,8842,6582,1160,,600,500,,0,,t3_psyward
standard,195,r4,red,adc,射手,siwang,standard,0,7,8,0,23924,11764,13212,541.6,10.06,17.98,21.1,4,0,1,2,4,1616,256,1206,211,3776,5636,9156,6582,773,1800,,,,0,,t3_shieldbreaker|t3_rendspear
standard,195,r5,red,sup,輔助,shengming,standard,0,0,3,2,4505,19103,11917,488.6,6.78,12.06,17.34,4,1,2,3,4,670,1060,781,467,4670,7610,9821,6582,126,,,1000,,0,2112,t3_calmveil
standard,196,b1,blue,top,坦克,tieshixin,standard,0,0,4,0,4426,23351,8217,378.5,8.47,15.12,,2,1,1,2,2,672,812,312,586,3622,5862,7642,6582,560,,,500,,0,,t3_calmveil|t3_thornmail
standard,196,b2,blue,jungle,刺客,wuxing,standard,0,0,6,0,3402,11971,8691,400.4,8.39,17.59,,2,1,1,2,2,142,810,279,611,3992,6090,8009,6582,200,,,,1226,0,,t3_finalstring
standard,196,b3,blue,mid,法師,auralith,standard,0,0,4,0,9679,14726,9017,415.4,10.63,18.85,,2,0,1,2,2,1442,292,72,616,3702,5722,7902,6582,820,,,500,,0,,t3_psyward
standard,196,b4,blue,adc,射手,maestro,standard,0,3,4,0,13802,12261,10707,493.2,10.38,15.88,20.34,3,0,1,2,3,1812,352,782,1106,3972,6152,9532,6582,750,1200,,1000,,0,,t3_shieldbreaker|t3_rendspear
standard,196,b5,blue,sup,輔助,mingyun,standard,0,0,4,2,3591,19020,10401,479.1,5.58,11.5,15.63,3,1,2,3,3,434,422,786,1360,4734,7152,9826,6582,190,,600,,18,0,2436,t3_calmveil
standard,196,r1,red,top,坦克,tieshixin,standard,1,6,0,3,9713,18151,14477,666.9,9.35,12.1,15.68,5,1,2,4,5,712,732,952,926,3662,7962,13102,6582,760,3000,900,1300,,560,,t3_calmveil|t3_thornmail
standard,196,r2,red,jungle,刺客,wuxing,standard,1,6,1,1,9445,11239,13683,630.3,7.92,14.2,17.23,4,1,2,3,4,388,1768,979,333,4238,8418,12059,6582,300,3000,150,300,1166,560,,t3_finalstring
standard,196,r3,red,mid,法師,auralith,standard,1,1,1,2,14691,11797,10407,479.4,11.04,16.55,,2,0,1,2,2,1612,222,332,1006,3872,6422,9082,6582,890,600,150,300,,560,,t3_psyward
standard,196,r4,red,adc,射手,maestro,standard,1,8,1,2,29711,8421,14817,682.5,10.53,17.41,19.9,3,0,1,3,3,1722,362,1042,3016,3882,6042,12842,6582,700,3600,600,800,,560,,t3_shieldbreaker|t3_rendspear
standard,196,r5,red,sup,輔助,mingyun,standard,1,1,0,5,4107,9638,12900,594.2,6.68,11.05,14.03,4,1,3,4,4,2254,644,675,1449,4754,8344,12125,6582,110,600,1200,800,,560,2272,t3_calmveil
standard,197,b1,blue,top,坦克,bingshouweis,standard,0,0,1,0,6885,19010,8672,404.7,9.28,16.28,21.23,3,1,1,2,3,672,252,222,121,3622,5402,7652,6582,570,,,500,,0,,t3_calmveil|t3_thornmail
standard,197,b2,blue,jungle,刺客,razorwing,standard,0,1,6,0,7077,10059,9031,421.5,9.19,15.45,,2,1,1,2,2,1468,1290,314,600,4668,6620,8444,6582,270,600,,,991,0,,t3_finalstring
standard,197,b3,blue,mid,法師,xingjie,standard,0,0,3,0,8687,12547,7815,364.8,10.94,20.15,,2,0,1,1,2,1536,326,856,164,3796,5656,7336,6582,753,,,,,0,,t3_psyward
standard,197,b4,blue,adc,射手,liuxing,standard,0,2,3,0,14953,11539,9808,457.8,9.11,18.73,21.32,3,1,1,2,3,316,359,379,208,3666,5559,8229,6582,796,600,,250,,0,,t3_shieldbreaker|t3_rendspear
standard,197,b5,blue,sup,坦克,suishan,standard,0,0,1,0,5544,16295,9780,456.5,8.48,12.5,17.45,3,1,2,3,3,207,437,321,200,4707,7237,9301,6582,249,,,250,54,0,2164,t3_calmveil|t3_thornmail
standard,197,r1,red,top,坦克,bingshouweis,standard,1,4,1,1,10981,16125,12922,603.1,7.88,12.43,15.22,4,1,2,3,4,1032,1812,2712,671,3982,9102,12142,6582,980,2400,150,1550,,480,,t3_calmveil|t3_thornmail
standard,197,r2,red,jungle,刺客,razorwing,standard,1,3,0,1,9765,9571,11812,551.3,7.85,13.88,18.88,3,1,2,3,3,1042,938,98,932,4242,7638,10378,6582,160,1200,150,550,1255,480,,t3_finalstring
standard,197,r3,red,mid,法師,xingjie,standard,1,1,1,1,12417,12068,10555,492.6,9.96,16.42,,2,1,1,2,2,202,276,526,1154,4052,6476,9276,6582,1163,600,150,300,,480,,t3_psyward
standard,197,r4,red,adc,射手,liuxing,standard,1,5,1,1,17252,9178,12512,584,9.52,16.5,19.75,3,1,1,3,3,502,912,382,711,3852,6712,11232,6582,670,2400,300,800,,480,,t3_shieldbreaker|t3_rendspear
standard,197,r5,red,sup,坦克,suishan,standard,1,1,0,1,6850,15667,12343,576.1,8.01,12.66,17.18,4,1,2,3,4,584,600,484,743,4784,7840,10464,6582,186,,150,300,,480,2764,t3_calmveil|t3_thornmail
standard,198,b1,blue,top,坦克,tiebi,standard,,4,13,1,39468,108256,26143,435.7,8.57,14.61,21.58,5,1,2,2,5,692,212,1032,12492,3642,6462,8322,6582,420,600,,400,,320,,t3_calmveil|t3_thornmail
standard,198,b2,blue,jungle,刺客,jingxiang,standard,,8,23,3,46704,56046,30979,516.3,8.67,13.28,19.76,5,1,2,3,5,746,214,116,15678,3946,7864,9916,6582,230,1200,300,400,883,320,,t3_finalstring
standard,198,b3,blue,mid,法師,auralith,standard,,45,33,2,205276,60891,49583,826.4,11.95,18.91,22.83,5,0,1,2,5,1402,392,282,33432,3662,6322,8782,6582,580,600,300,400,,320,,t3_psyward
standard,198,b4,blue,adc,射手,shensheng,standard,,45,28,0,328174,40734,49436,823.9,9.39,16.36,20.83,5,1,1,2,5,406,516,796,33836,3756,6016,9076,6582,573,1200,,400,,320,,t3_shieldbreaker|t3_rendspear
standard,198,b5,blue,sup,坦克,bingshouweis,standard,,1,21,5,25122,97204,27745,462.4,8.59,11.73,16.76,5,1,2,3,5,330,697,337,14144,4830,7937,9717,6582,316,,300,400,,320,1797,t3_calmveil|t3_thornmail
standard,198,r1,red,top,坦克,tiebi,standard,,4,16,2,36518,101512,27109,451.8,7.59,13.95,20.42,5,1,2,2,5,972,152,1386,13459,3922,6402,8676,6582,993,600,,500,,0,,t3_calmveil|t3_thornmail
standard,198,r2,red,jungle,刺客,jingxiang,standard,,13,15,2,45787,57440,33427,557.1,9.59,14.95,17.98,5,1,2,3,5,1238,38,410,18126,4438,7218,11290,6582,380,3000,300,,1027,0,,t3_finalstring
standard,198,r3,red,mid,法師,auralith,standard,,41,24,5,198431,46885,49906,831.8,10.27,19.02,24.16,5,0,1,2,5,1982,312,206,33756,4242,6062,8056,6582,873,,600,,,0,,t3_psyward
standard,198,r4,red,adc,射手,shensheng,standard,,57,33,1,434836,41050,55726,928.8,10.77,17.02,20.83,5,0,1,2,5,1522,392,572,40126,3682,6192,9152,6582,620,1800,150,,,0,,t3_shieldbreaker|t3_rendspear
standard,198,r5,red,sup,坦克,bingshouweis,standard,,3,15,7,25054,89808,28967,482.8,7.16,13.7,17.98,5,1,2,3,5,524,363,76,15366,4724,7303,10056,6582,373,600,450,,,0,2050,t3_calmveil|t3_thornmail
standard,199,b1,blue,top,坦克,shengdun,standard,1,0,2,0,10857,23003,9200,430.1,6.99,13.94,20.98,3,1,2,2,3,362,422,1302,350,4212,6272,8532,6582,990,,,800,,160,,t3_calmveil|t3_thornmail
standard,199,b2,blue,jungle,刺客,guihuo,standard,1,2,2,0,2938,10335,10354,484,9.95,16.3,21.17,3,1,1,2,3,156,1550,1336,403,4006,7130,9666,6582,160,1200,,300,1063,360,,t3_finalstring
standard,199,b3,blue,mid,法師,xingjie,standard,1,0,3,0,11876,11280,9110,425.9,10.65,18.51,,2,0,1,2,2,1582,182,212,310,3842,6682,8362,6582,620,,,800,,360,,t3_psyward
standard,199,b4,blue,adc,射手,mori,standard,1,11,3,0,25732,9213,16290,761.5,9.29,14.22,16.3,5,1,2,3,5,282,72,2622,690,4582,8022,14422,6582,780,5400,,1300,,360,,t3_shieldbreaker|t3_rendspear
standard,199,b5,blue,sup,輔助,shiguang,standard,1,0,1,0,5661,13411,10069,470.7,7.03,11.64,17.12,3,1,2,3,3,274,591,341,1028,4874,7621,9381,6582,210,,,300,,360,1928,t3_calmveil
standard,199,r1,red,top,坦克,shengdun,standard,0,1,2,1,11822,21437,9440,441.3,8.23,14.48,19.11,3,1,2,3,3,1012,252,782,510,3962,6102,8932,6582,820,600,300,350,,280,,t3_calmveil|t3_thornmail
standard,199,r2,red,jungle,刺客,guihuo,standard,0,0,2,1,6763,10164,9542,446.1,7.52,15.72,21.27,3,1,1,2,3,932,1019,994,92,4132,6599,9074,6582,453,,150,100,1508,280,,t3_finalstring
standard,199,r3,red,mid,法師,xingjie,standard,0,3,5,0,12634,11614,10380,485.3,10.76,17.66,,2,0,1,2,2,1382,502,942,1400,3642,6702,9272,6582,560,1200,,850,,80,,t3_psyward
standard,199,r4,red,adc,射手,mori,standard,0,7,3,1,16735,10206,13064,610.7,9.76,18.41,19.13,4,1,1,3,4,192,182,1176,163,3542,5562,11696,6582,633,3600,,600,,280,,t3_shieldbreaker|t3_rendspear
standard,199,r5,red,sup,輔助,shiguang,standard,0,0,1,3,4016,14449,10583,494.7,5.93,11.58,16.81,3,1,2,3,3,404,514,995,1543,4704,7244,10035,6582,213,,750,100,,280,2109,t3_calmveil
standard,200,b1,blue,top,坦克,shiqiang,standard,1,1,2,1,5789,19604,8998,440.4,8.14,14.63,20.06,3,1,2,2,3,752,262,1362,348,3702,6672,8652,6582,600,600,150,400,,320,,t3_calmveil|t3_thornmail
standard,200,b2,blue,jungle,刺客,jiansheng,standard,1,0,1,1,4818,7774,9100,445.4,9.71,16.17,,2,1,1,2,2,644,1348,974,670,3844,6678,8754,6582,250,,300,400,801,420,,t3_finalstring
standard,200,b3,blue,mid,法師,auralith,standard,1,1,0,0,7603,11784,10428,510.4,11.19,15.34,,2,0,1,2,2,1482,1242,682,1028,3742,7442,10082,6582,1080,600,,1400,,420,,t3_psyward
standard,200,b4,blue,adc,射手,leiting,standard,1,9,1,1,24323,10200,14588,714,10.68,12.04,18.27,4,0,2,3,4,1692,362,2442,738,3852,8162,14242,6582,790,5400,150,900,,420,,t3_shieldbreaker|t3_rendspear
standard,200,b5,blue,sup,坦克,tixue,standard,1,1,0,2,7963,16895,11069,541.7,7.91,11.67,16.05,3,1,2,3,3,1144,496,743,1089,4744,7736,10723,6582,280,600,600,400,45,420,1795,t3_calmveil|t3_thornmail
standard,200,r1,red,top,坦克,shiqiang,standard,0,2,0,0,10051,18915,9322,456.2,8.91,12.75,19.23,3,1,2,3,3,1366,626,226,371,4316,7336,9176,6582,733,1200,,500,,160,,t3_calmveil|t3_thornmail
standard,200,r2,red,jungle,刺客,jiansheng,standard,0,1,2,1,7037,10375,9441,462,8.77,15.75,,2,1,1,2,2,1122,1080,829,1011,4322,6410,9259,6582,386,600,150,,1380,160,,t3_finalstring
standard,200,r3,red,mid,法師,auralith,standard,0,0,5,0,11064,11124,7835,383.4,10.47,20.24,,2,0,1,1,2,1656,196,1189,285,3916,5796,7689,6582,946,,,,,160,,t3_psyward
standard,200,r4,red,adc,射手,leiting,standard,0,0,2,0,14441,10484,8012,392.1,10.73,17.89,,2,0,1,2,2,1592,192,346,161,3752,5992,7866,6582,623,,,500,,160,,t3_shieldbreaker|t3_rendspear
standard,200,r5,red,sup,坦克,tixue,standard,0,1,3,1,6570,19530,10444,511.1,6.66,11.53,16.8,3,1,2,3,3,824,538,497,643,5024,7778,10297,6582,509,600,150,500,,160,1795,t3_calmveil|t3_thornmail
